p cnf 729 21933
1 2 3 4 5 6 7 8 9 10 11 12 13 14 15 16 17 18 19 20 21 22 23 24 25 26 27 0
28 29 30 31 32 33 34 35 36 37 38 39 40 41 42 43 44 45 46 47 48 49 50 51 52 53 54 0
55 56 57 58 59 60 61 62 63 64 65 66 67 68 69 70 71 72 73 74 75 76 77 78 79 80 81 0
82 83 84 85 86 87 88 89 90 91 92 93 94 95 96 97 98 99 100 101 102 103 104 105 106 107 108 0
109 110 111 112 113 114 115 116 117 118 119 120 121 122 123 124 125 126 127 128 129 130 131 132 133 134 135 0
136 137 138 139 140 141 142 143 144 145 146 147 148 149 150 151 152 153 154 155 156 157 158 159 160 161 162 0
163 164 165 166 167 168 169 170 171 172 173 174 175 176 177 178 179 180 181 182 183 184 185 186 187 188 189 0
190 191 192 193 194 195 196 197 198 199 200 201 202 203 204 205 206 207 208 209 210 211 212 213 214 215 216 0
217 218 219 220 221 222 223 224 225 226 227 228 229 230 231 232 233 234 235 236 237 238 239 240 241 242 243 0
244 245 246 247 248 249 250 251 252 253 254 255 256 257 258 259 260 261 262 263 264 265 266 267 268 269 270 0
271 272 273 274 275 276 277 278 279 280 281 282 283 284 285 286 287 288 289 290 291 292 293 294 295 296 297 0
298 299 300 301 302 303 304 305 306 307 308 309 310 311 312 313 314 315 316 317 318 319 320 321 322 323 324 0
325 326 327 328 329 330 331 332 333 334 335 336 337 338 339 340 341 342 343 344 345 346 347 348 349 350 351 0
352 353 354 355 356 357 358 359 360 361 362 363 364 365 366 367 368 369 370 371 372 373 374 375 376 377 378 0
379 380 381 382 383 384 385 386 387 388 389 390 391 392 393 394 395 396 397 398 399 400 401 402 403 404 405 0
406 407 408 409 410 411 412 413 414 415 416 417 418 419 420 421 422 423 424 425 426 427 428 429 430 431 432 0
433 434 435 436 437 438 439 440 441 442 443 444 445 446 447 448 449 450 451 452 453 454 455 456 457 458 459 0
460 461 462 463 464 465 466 467 468 469 470 471 472 473 474 475 476 477 478 479 480 481 482 483 484 485 486 0
487 488 489 490 491 492 493 494 495 496 497 498 499 500 501 502 503 504 505 506 507 508 509 510 511 512 513 0
514 515 516 517 518 519 520 521 522 523 524 525 526 527 528 529 530 531 532 533 534 535 536 537 538 539 540 0
541 542 543 544 545 546 547 548 549 550 551 552 553 554 555 556 557 558 559 560 561 562 563 564 565 566 567 0
568 569 570 571 572 573 574 575 576 577 578 579 580 581 582 583 584 585 586 587 588 589 590 591 592 593 594 0
595 596 597 598 599 600 601 602 603 604 605 606 607 608 609 610 611 612 613 614 615 616 617 618 619 620 621 0
622 623 624 625 626 627 628 629 630 631 632 633 634 635 636 637 638 639 640 641 642 643 644 645 646 647 648 0
649 650 651 652 653 654 655 656 657 658 659 660 661 662 663 664 665 666 667 668 669 670 671 672 673 674 675 0
676 677 678 679 680 681 682 683 684 685 686 687 688 689 690 691 692 693 694 695 696 697 698 699 700 701 702 0
703 704 705 706 707 708 709 710 711 712 713 714 715 716 717 718 719 720 721 722 723 724 725 726 727 728 729 0
-1 -2 0
-1 -3 0
-1 -4 0
-1 -5 0
-1 -6 0
-1 -7 0
-1 -8 0
-1 -9 0
-1 -10 0
-1 -11 0
-1 -12 0
-1 -13 0
-1 -14 0
-1 -15 0
-1 -16 0
-1 -17 0
-1 -18 0
-1 -19 0
-1 -20 0
-1 -21 0
-1 -22 0
-1 -23 0
-1 -24 0
-1 -25 0
-1 -26 0
-1 -27 0
-2 -3 0
-2 -4 0
-2 -5 0
-2 -6 0
-2 -7 0
-2 -8 0
-2 -9 0
-2 -10 0
-2 -11 0
-2 -12 0
-2 -13 0
-2 -14 0
-2 -15 0
-2 -16 0
-2 -17 0
-2 -18 0
-2 -19 0
-2 -20 0
-2 -21 0
-2 -22 0
-2 -23 0
-2 -24 0
-2 -25 0
-2 -26 0
-2 -27 0
-3 -4 0
-3 -5 0
-3 -6 0
-3 -7 0
-3 -8 0
-3 -9 0
-3 -10 0
-3 -11 0
-3 -12 0
-3 -13 0
-3 -14 0
-3 -15 0
-3 -16 0
-3 -17 0
-3 -18 0
-3 -19 0
-3 -20 0
-3 -21 0
-3 -22 0
-3 -23 0
-3 -24 0
-3 -25 0
-3 -26 0
-3 -27 0
-4 -5 0
-4 -6 0
-4 -7 0
-4 -8 0
-4 -9 0
-4 -10 0
-4 -11 0
-4 -12 0
-4 -13 0
-4 -14 0
-4 -15 0
-4 -16 0
-4 -17 0
-4 -18 0
-4 -19 0
-4 -20 0
-4 -21 0
-4 -22 0
-4 -23 0
-4 -24 0
-4 -25 0
-4 -26 0
-4 -27 0
-5 -6 0
-5 -7 0
-5 -8 0
-5 -9 0
-5 -10 0
-5 -11 0
-5 -12 0
-5 -13 0
-5 -14 0
-5 -15 0
-5 -16 0
-5 -17 0
-5 -18 0
-5 -19 0
-5 -20 0
-5 -21 0
-5 -22 0
-5 -23 0
-5 -24 0
-5 -25 0
-5 -26 0
-5 -27 0
-6 -7 0
-6 -8 0
-6 -9 0
-6 -10 0
-6 -11 0
-6 -12 0
-6 -13 0
-6 -14 0
-6 -15 0
-6 -16 0
-6 -17 0
-6 -18 0
-6 -19 0
-6 -20 0
-6 -21 0
-6 -22 0
-6 -23 0
-6 -24 0
-6 -25 0
-6 -26 0
-6 -27 0
-7 -8 0
-7 -9 0
-7 -10 0
-7 -11 0
-7 -12 0
-7 -13 0
-7 -14 0
-7 -15 0
-7 -16 0
-7 -17 0
-7 -18 0
-7 -19 0
-7 -20 0
-7 -21 0
-7 -22 0
-7 -23 0
-7 -24 0
-7 -25 0
-7 -26 0
-7 -27 0
-8 -9 0
-8 -10 0
-8 -11 0
-8 -12 0
-8 -13 0
-8 -14 0
-8 -15 0
-8 -16 0
-8 -17 0
-8 -18 0
-8 -19 0
-8 -20 0
-8 -21 0
-8 -22 0
-8 -23 0
-8 -24 0
-8 -25 0
-8 -26 0
-8 -27 0
-9 -10 0
-9 -11 0
-9 -12 0
-9 -13 0
-9 -14 0
-9 -15 0
-9 -16 0
-9 -17 0
-9 -18 0
-9 -19 0
-9 -20 0
-9 -21 0
-9 -22 0
-9 -23 0
-9 -24 0
-9 -25 0
-9 -26 0
-9 -27 0
-10 -11 0
-10 -12 0
-10 -13 0
-10 -14 0
-10 -15 0
-10 -16 0
-10 -17 0
-10 -18 0
-10 -19 0
-10 -20 0
-10 -21 0
-10 -22 0
-10 -23 0
-10 -24 0
-10 -25 0
-10 -26 0
-10 -27 0
-11 -12 0
-11 -13 0
-11 -14 0
-11 -15 0
-11 -16 0
-11 -17 0
-11 -18 0
-11 -19 0
-11 -20 0
-11 -21 0
-11 -22 0
-11 -23 0
-11 -24 0
-11 -25 0
-11 -26 0
-11 -27 0
-12 -13 0
-12 -14 0
-12 -15 0
-12 -16 0
-12 -17 0
-12 -18 0
-12 -19 0
-12 -20 0
-12 -21 0
-12 -22 0
-12 -23 0
-12 -24 0
-12 -25 0
-12 -26 0
-12 -27 0
-13 -14 0
-13 -15 0
-13 -16 0
-13 -17 0
-13 -18 0
-13 -19 0
-13 -20 0
-13 -21 0
-13 -22 0
-13 -23 0
-13 -24 0
-13 -25 0
-13 -26 0
-13 -27 0
-14 -15 0
-14 -16 0
-14 -17 0
-14 -18 0
-14 -19 0
-14 -20 0
-14 -21 0
-14 -22 0
-14 -23 0
-14 -24 0
-14 -25 0
-14 -26 0
-14 -27 0
-15 -16 0
-15 -17 0
-15 -18 0
-15 -19 0
-15 -20 0
-15 -21 0
-15 -22 0
-15 -23 0
-15 -24 0
-15 -25 0
-15 -26 0
-15 -27 0
-16 -17 0
-16 -18 0
-16 -19 0
-16 -20 0
-16 -21 0
-16 -22 0
-16 -23 0
-16 -24 0
-16 -25 0
-16 -26 0
-16 -27 0
-17 -18 0
-17 -19 0
-17 -20 0
-17 -21 0
-17 -22 0
-17 -23 0
-17 -24 0
-17 -25 0
-17 -26 0
-17 -27 0
-18 -19 0
-18 -20 0
-18 -21 0
-18 -22 0
-18 -23 0
-18 -24 0
-18 -25 0
-18 -26 0
-18 -27 0
-19 -20 0
-19 -21 0
-19 -22 0
-19 -23 0
-19 -24 0
-19 -25 0
-19 -26 0
-19 -27 0
-20 -21 0
-20 -22 0
-20 -23 0
-20 -24 0
-20 -25 0
-20 -26 0
-20 -27 0
-21 -22 0
-21 -23 0
-21 -24 0
-21 -25 0
-21 -26 0
-21 -27 0
-22 -23 0
-22 -24 0
-22 -25 0
-22 -26 0
-22 -27 0
-23 -24 0
-23 -25 0
-23 -26 0
-23 -27 0
-24 -25 0
-24 -26 0
-24 -27 0
-25 -26 0
-25 -27 0
-26 -27 0
-28 -29 0
-28 -30 0
-28 -31 0
-28 -32 0
-28 -33 0
-28 -34 0
-28 -35 0
-28 -36 0
-28 -37 0
-28 -38 0
-28 -39 0
-28 -40 0
-28 -41 0
-28 -42 0
-28 -43 0
-28 -44 0
-28 -45 0
-28 -46 0
-28 -47 0
-28 -48 0
-28 -49 0
-28 -50 0
-28 -51 0
-28 -52 0
-28 -53 0
-28 -54 0
-29 -30 0
-29 -31 0
-29 -32 0
-29 -33 0
-29 -34 0
-29 -35 0
-29 -36 0
-29 -37 0
-29 -38 0
-29 -39 0
-29 -40 0
-29 -41 0
-29 -42 0
-29 -43 0
-29 -44 0
-29 -45 0
-29 -46 0
-29 -47 0
-29 -48 0
-29 -49 0
-29 -50 0
-29 -51 0
-29 -52 0
-29 -53 0
-29 -54 0
-30 -31 0
-30 -32 0
-30 -33 0
-30 -34 0
-30 -35 0
-30 -36 0
-30 -37 0
-30 -38 0
-30 -39 0
-30 -40 0
-30 -41 0
-30 -42 0
-30 -43 0
-30 -44 0
-30 -45 0
-30 -46 0
-30 -47 0
-30 -48 0
-30 -49 0
-30 -50 0
-30 -51 0
-30 -52 0
-30 -53 0
-30 -54 0
-31 -32 0
-31 -33 0
-31 -34 0
-31 -35 0
-31 -36 0
-31 -37 0
-31 -38 0
-31 -39 0
-31 -40 0
-31 -41 0
-31 -42 0
-31 -43 0
-31 -44 0
-31 -45 0
-31 -46 0
-31 -47 0
-31 -48 0
-31 -49 0
-31 -50 0
-31 -51 0
-31 -52 0
-31 -53 0
-31 -54 0
-32 -33 0
-32 -34 0
-32 -35 0
-32 -36 0
-32 -37 0
-32 -38 0
-32 -39 0
-32 -40 0
-32 -41 0
-32 -42 0
-32 -43 0
-32 -44 0
-32 -45 0
-32 -46 0
-32 -47 0
-32 -48 0
-32 -49 0
-32 -50 0
-32 -51 0
-32 -52 0
-32 -53 0
-32 -54 0
-33 -34 0
-33 -35 0
-33 -36 0
-33 -37 0
-33 -38 0
-33 -39 0
-33 -40 0
-33 -41 0
-33 -42 0
-33 -43 0
-33 -44 0
-33 -45 0
-33 -46 0
-33 -47 0
-33 -48 0
-33 -49 0
-33 -50 0
-33 -51 0
-33 -52 0
-33 -53 0
-33 -54 0
-34 -35 0
-34 -36 0
-34 -37 0
-34 -38 0
-34 -39 0
-34 -40 0
-34 -41 0
-34 -42 0
-34 -43 0
-34 -44 0
-34 -45 0
-34 -46 0
-34 -47 0
-34 -48 0
-34 -49 0
-34 -50 0
-34 -51 0
-34 -52 0
-34 -53 0
-34 -54 0
-35 -36 0
-35 -37 0
-35 -38 0
-35 -39 0
-35 -40 0
-35 -41 0
-35 -42 0
-35 -43 0
-35 -44 0
-35 -45 0
-35 -46 0
-35 -47 0
-35 -48 0
-35 -49 0
-35 -50 0
-35 -51 0
-35 -52 0
-35 -53 0
-35 -54 0
-36 -37 0
-36 -38 0
-36 -39 0
-36 -40 0
-36 -41 0
-36 -42 0
-36 -43 0
-36 -44 0
-36 -45 0
-36 -46 0
-36 -47 0
-36 -48 0
-36 -49 0
-36 -50 0
-36 -51 0
-36 -52 0
-36 -53 0
-36 -54 0
-37 -38 0
-37 -39 0
-37 -40 0
-37 -41 0
-37 -42 0
-37 -43 0
-37 -44 0
-37 -45 0
-37 -46 0
-37 -47 0
-37 -48 0
-37 -49 0
-37 -50 0
-37 -51 0
-37 -52 0
-37 -53 0
-37 -54 0
-38 -39 0
-38 -40 0
-38 -41 0
-38 -42 0
-38 -43 0
-38 -44 0
-38 -45 0
-38 -46 0
-38 -47 0
-38 -48 0
-38 -49 0
-38 -50 0
-38 -51 0
-38 -52 0
-38 -53 0
-38 -54 0
-39 -40 0
-39 -41 0
-39 -42 0
-39 -43 0
-39 -44 0
-39 -45 0
-39 -46 0
-39 -47 0
-39 -48 0
-39 -49 0
-39 -50 0
-39 -51 0
-39 -52 0
-39 -53 0
-39 -54 0
-40 -41 0
-40 -42 0
-40 -43 0
-40 -44 0
-40 -45 0
-40 -46 0
-40 -47 0
-40 -48 0
-40 -49 0
-40 -50 0
-40 -51 0
-40 -52 0
-40 -53 0
-40 -54 0
-41 -42 0
-41 -43 0
-41 -44 0
-41 -45 0
-41 -46 0
-41 -47 0
-41 -48 0
-41 -49 0
-41 -50 0
-41 -51 0
-41 -52 0
-41 -53 0
-41 -54 0
-42 -43 0
-42 -44 0
-42 -45 0
-42 -46 0
-42 -47 0
-42 -48 0
-42 -49 0
-42 -50 0
-42 -51 0
-42 -52 0
-42 -53 0
-42 -54 0
-43 -44 0
-43 -45 0
-43 -46 0
-43 -47 0
-43 -48 0
-43 -49 0
-43 -50 0
-43 -51 0
-43 -52 0
-43 -53 0
-43 -54 0
-44 -45 0
-44 -46 0
-44 -47 0
-44 -48 0
-44 -49 0
-44 -50 0
-44 -51 0
-44 -52 0
-44 -53 0
-44 -54 0
-45 -46 0
-45 -47 0
-45 -48 0
-45 -49 0
-45 -50 0
-45 -51 0
-45 -52 0
-45 -53 0
-45 -54 0
-46 -47 0
-46 -48 0
-46 -49 0
-46 -50 0
-46 -51 0
-46 -52 0
-46 -53 0
-46 -54 0
-47 -48 0
-47 -49 0
-47 -50 0
-47 -51 0
-47 -52 0
-47 -53 0
-47 -54 0
-48 -49 0
-48 -50 0
-48 -51 0
-48 -52 0
-48 -53 0
-48 -54 0
-49 -50 0
-49 -51 0
-49 -52 0
-49 -53 0
-49 -54 0
-50 -51 0
-50 -52 0
-50 -53 0
-50 -54 0
-51 -52 0
-51 -53 0
-51 -54 0
-52 -53 0
-52 -54 0
-53 -54 0
-55 -56 0
-55 -57 0
-55 -58 0
-55 -59 0
-55 -60 0
-55 -61 0
-55 -62 0
-55 -63 0
-55 -64 0
-55 -65 0
-55 -66 0
-55 -67 0
-55 -68 0
-55 -69 0
-55 -70 0
-55 -71 0
-55 -72 0
-55 -73 0
-55 -74 0
-55 -75 0
-55 -76 0
-55 -77 0
-55 -78 0
-55 -79 0
-55 -80 0
-55 -81 0
-56 -57 0
-56 -58 0
-56 -59 0
-56 -60 0
-56 -61 0
-56 -62 0
-56 -63 0
-56 -64 0
-56 -65 0
-56 -66 0
-56 -67 0
-56 -68 0
-56 -69 0
-56 -70 0
-56 -71 0
-56 -72 0
-56 -73 0
-56 -74 0
-56 -75 0
-56 -76 0
-56 -77 0
-56 -78 0
-56 -79 0
-56 -80 0
-56 -81 0
-57 -58 0
-57 -59 0
-57 -60 0
-57 -61 0
-57 -62 0
-57 -63 0
-57 -64 0
-57 -65 0
-57 -66 0
-57 -67 0
-57 -68 0
-57 -69 0
-57 -70 0
-57 -71 0
-57 -72 0
-57 -73 0
-57 -74 0
-57 -75 0
-57 -76 0
-57 -77 0
-57 -78 0
-57 -79 0
-57 -80 0
-57 -81 0
-58 -59 0
-58 -60 0
-58 -61 0
-58 -62 0
-58 -63 0
-58 -64 0
-58 -65 0
-58 -66 0
-58 -67 0
-58 -68 0
-58 -69 0
-58 -70 0
-58 -71 0
-58 -72 0
-58 -73 0
-58 -74 0
-58 -75 0
-58 -76 0
-58 -77 0
-58 -78 0
-58 -79 0
-58 -80 0
-58 -81 0
-59 -60 0
-59 -61 0
-59 -62 0
-59 -63 0
-59 -64 0
-59 -65 0
-59 -66 0
-59 -67 0
-59 -68 0
-59 -69 0
-59 -70 0
-59 -71 0
-59 -72 0
-59 -73 0
-59 -74 0
-59 -75 0
-59 -76 0
-59 -77 0
-59 -78 0
-59 -79 0
-59 -80 0
-59 -81 0
-60 -61 0
-60 -62 0
-60 -63 0
-60 -64 0
-60 -65 0
-60 -66 0
-60 -67 0
-60 -68 0
-60 -69 0
-60 -70 0
-60 -71 0
-60 -72 0
-60 -73 0
-60 -74 0
-60 -75 0
-60 -76 0
-60 -77 0
-60 -78 0
-60 -79 0
-60 -80 0
-60 -81 0
-61 -62 0
-61 -63 0
-61 -64 0
-61 -65 0
-61 -66 0
-61 -67 0
-61 -68 0
-61 -69 0
-61 -70 0
-61 -71 0
-61 -72 0
-61 -73 0
-61 -74 0
-61 -75 0
-61 -76 0
-61 -77 0
-61 -78 0
-61 -79 0
-61 -80 0
-61 -81 0
-62 -63 0
-62 -64 0
-62 -65 0
-62 -66 0
-62 -67 0
-62 -68 0
-62 -69 0
-62 -70 0
-62 -71 0
-62 -72 0
-62 -73 0
-62 -74 0
-62 -75 0
-62 -76 0
-62 -77 0
-62 -78 0
-62 -79 0
-62 -80 0
-62 -81 0
-63 -64 0
-63 -65 0
-63 -66 0
-63 -67 0
-63 -68 0
-63 -69 0
-63 -70 0
-63 -71 0
-63 -72 0
-63 -73 0
-63 -74 0
-63 -75 0
-63 -76 0
-63 -77 0
-63 -78 0
-63 -79 0
-63 -80 0
-63 -81 0
-64 -65 0
-64 -66 0
-64 -67 0
-64 -68 0
-64 -69 0
-64 -70 0
-64 -71 0
-64 -72 0
-64 -73 0
-64 -74 0
-64 -75 0
-64 -76 0
-64 -77 0
-64 -78 0
-64 -79 0
-64 -80 0
-64 -81 0
-65 -66 0
-65 -67 0
-65 -68 0
-65 -69 0
-65 -70 0
-65 -71 0
-65 -72 0
-65 -73 0
-65 -74 0
-65 -75 0
-65 -76 0
-65 -77 0
-65 -78 0
-65 -79 0
-65 -80 0
-65 -81 0
-66 -67 0
-66 -68 0
-66 -69 0
-66 -70 0
-66 -71 0
-66 -72 0
-66 -73 0
-66 -74 0
-66 -75 0
-66 -76 0
-66 -77 0
-66 -78 0
-66 -79 0
-66 -80 0
-66 -81 0
-67 -68 0
-67 -69 0
-67 -70 0
-67 -71 0
-67 -72 0
-67 -73 0
-67 -74 0
-67 -75 0
-67 -76 0
-67 -77 0
-67 -78 0
-67 -79 0
-67 -80 0
-67 -81 0
-68 -69 0
-68 -70 0
-68 -71 0
-68 -72 0
-68 -73 0
-68 -74 0
-68 -75 0
-68 -76 0
-68 -77 0
-68 -78 0
-68 -79 0
-68 -80 0
-68 -81 0
-69 -70 0
-69 -71 0
-69 -72 0
-69 -73 0
-69 -74 0
-69 -75 0
-69 -76 0
-69 -77 0
-69 -78 0
-69 -79 0
-69 -80 0
-69 -81 0
-70 -71 0
-70 -72 0
-70 -73 0
-70 -74 0
-70 -75 0
-70 -76 0
-70 -77 0
-70 -78 0
-70 -79 0
-70 -80 0
-70 -81 0
-71 -72 0
-71 -73 0
-71 -74 0
-71 -75 0
-71 -76 0
-71 -77 0
-71 -78 0
-71 -79 0
-71 -80 0
-71 -81 0
-72 -73 0
-72 -74 0
-72 -75 0
-72 -76 0
-72 -77 0
-72 -78 0
-72 -79 0
-72 -80 0
-72 -81 0
-73 -74 0
-73 -75 0
-73 -76 0
-73 -77 0
-73 -78 0
-73 -79 0
-73 -80 0
-73 -81 0
-74 -75 0
-74 -76 0
-74 -77 0
-74 -78 0
-74 -79 0
-74 -80 0
-74 -81 0
-75 -76 0
-75 -77 0
-75 -78 0
-75 -79 0
-75 -80 0
-75 -81 0
-76 -77 0
-76 -78 0
-76 -79 0
-76 -80 0
-76 -81 0
-77 -78 0
-77 -79 0
-77 -80 0
-77 -81 0
-78 -79 0
-78 -80 0
-78 -81 0
-79 -80 0
-79 -81 0
-80 -81 0
-82 -83 0
-82 -84 0
-82 -85 0
-82 -86 0
-82 -87 0
-82 -88 0
-82 -89 0
-82 -90 0
-82 -91 0
-82 -92 0
-82 -93 0
-82 -94 0
-82 -95 0
-82 -96 0
-82 -97 0
-82 -98 0
-82 -99 0
-82 -100 0
-82 -101 0
-82 -102 0
-82 -103 0
-82 -104 0
-82 -105 0
-82 -106 0
-82 -107 0
-82 -108 0
-83 -84 0
-83 -85 0
-83 -86 0
-83 -87 0
-83 -88 0
-83 -89 0
-83 -90 0
-83 -91 0
-83 -92 0
-83 -93 0
-83 -94 0
-83 -95 0
-83 -96 0
-83 -97 0
-83 -98 0
-83 -99 0
-83 -100 0
-83 -101 0
-83 -102 0
-83 -103 0
-83 -104 0
-83 -105 0
-83 -106 0
-83 -107 0
-83 -108 0
-84 -85 0
-84 -86 0
-84 -87 0
-84 -88 0
-84 -89 0
-84 -90 0
-84 -91 0
-84 -92 0
-84 -93 0
-84 -94 0
-84 -95 0
-84 -96 0
-84 -97 0
-84 -98 0
-84 -99 0
-84 -100 0
-84 -101 0
-84 -102 0
-84 -103 0
-84 -104 0
-84 -105 0
-84 -106 0
-84 -107 0
-84 -108 0
-85 -86 0
-85 -87 0
-85 -88 0
-85 -89 0
-85 -90 0
-85 -91 0
-85 -92 0
-85 -93 0
-85 -94 0
-85 -95 0
-85 -96 0
-85 -97 0
-85 -98 0
-85 -99 0
-85 -100 0
-85 -101 0
-85 -102 0
-85 -103 0
-85 -104 0
-85 -105 0
-85 -106 0
-85 -107 0
-85 -108 0
-86 -87 0
-86 -88 0
-86 -89 0
-86 -90 0
-86 -91 0
-86 -92 0
-86 -93 0
-86 -94 0
-86 -95 0
-86 -96 0
-86 -97 0
-86 -98 0
-86 -99 0
-86 -100 0
-86 -101 0
-86 -102 0
-86 -103 0
-86 -104 0
-86 -105 0
-86 -106 0
-86 -107 0
-86 -108 0
-87 -88 0
-87 -89 0
-87 -90 0
-87 -91 0
-87 -92 0
-87 -93 0
-87 -94 0
-87 -95 0
-87 -96 0
-87 -97 0
-87 -98 0
-87 -99 0
-87 -100 0
-87 -101 0
-87 -102 0
-87 -103 0
-87 -104 0
-87 -105 0
-87 -106 0
-87 -107 0
-87 -108 0
-88 -89 0
-88 -90 0
-88 -91 0
-88 -92 0
-88 -93 0
-88 -94 0
-88 -95 0
-88 -96 0
-88 -97 0
-88 -98 0
-88 -99 0
-88 -100 0
-88 -101 0
-88 -102 0
-88 -103 0
-88 -104 0
-88 -105 0
-88 -106 0
-88 -107 0
-88 -108 0
-89 -90 0
-89 -91 0
-89 -92 0
-89 -93 0
-89 -94 0
-89 -95 0
-89 -96 0
-89 -97 0
-89 -98 0
-89 -99 0
-89 -100 0
-89 -101 0
-89 -102 0
-89 -103 0
-89 -104 0
-89 -105 0
-89 -106 0
-89 -107 0
-89 -108 0
-90 -91 0
-90 -92 0
-90 -93 0
-90 -94 0
-90 -95 0
-90 -96 0
-90 -97 0
-90 -98 0
-90 -99 0
-90 -100 0
-90 -101 0
-90 -102 0
-90 -103 0
-90 -104 0
-90 -105 0
-90 -106 0
-90 -107 0
-90 -108 0
-91 -92 0
-91 -93 0
-91 -94 0
-91 -95 0
-91 -96 0
-91 -97 0
-91 -98 0
-91 -99 0
-91 -100 0
-91 -101 0
-91 -102 0
-91 -103 0
-91 -104 0
-91 -105 0
-91 -106 0
-91 -107 0
-91 -108 0
-92 -93 0
-92 -94 0
-92 -95 0
-92 -96 0
-92 -97 0
-92 -98 0
-92 -99 0
-92 -100 0
-92 -101 0
-92 -102 0
-92 -103 0
-92 -104 0
-92 -105 0
-92 -106 0
-92 -107 0
-92 -108 0
-93 -94 0
-93 -95 0
-93 -96 0
-93 -97 0
-93 -98 0
-93 -99 0
-93 -100 0
-93 -101 0
-93 -102 0
-93 -103 0
-93 -104 0
-93 -105 0
-93 -106 0
-93 -107 0
-93 -108 0
-94 -95 0
-94 -96 0
-94 -97 0
-94 -98 0
-94 -99 0
-94 -100 0
-94 -101 0
-94 -102 0
-94 -103 0
-94 -104 0
-94 -105 0
-94 -106 0
-94 -107 0
-94 -108 0
-95 -96 0
-95 -97 0
-95 -98 0
-95 -99 0
-95 -100 0
-95 -101 0
-95 -102 0
-95 -103 0
-95 -104 0
-95 -105 0
-95 -106 0
-95 -107 0
-95 -108 0
-96 -97 0
-96 -98 0
-96 -99 0
-96 -100 0
-96 -101 0
-96 -102 0
-96 -103 0
-96 -104 0
-96 -105 0
-96 -106 0
-96 -107 0
-96 -108 0
-97 -98 0
-97 -99 0
-97 -100 0
-97 -101 0
-97 -102 0
-97 -103 0
-97 -104 0
-97 -105 0
-97 -106 0
-97 -107 0
-97 -108 0
-98 -99 0
-98 -100 0
-98 -101 0
-98 -102 0
-98 -103 0
-98 -104 0
-98 -105 0
-98 -106 0
-98 -107 0
-98 -108 0
-99 -100 0
-99 -101 0
-99 -102 0
-99 -103 0
-99 -104 0
-99 -105 0
-99 -106 0
-99 -107 0
-99 -108 0
-100 -101 0
-100 -102 0
-100 -103 0
-100 -104 0
-100 -105 0
-100 -106 0
-100 -107 0
-100 -108 0
-101 -102 0
-101 -103 0
-101 -104 0
-101 -105 0
-101 -106 0
-101 -107 0
-101 -108 0
-102 -103 0
-102 -104 0
-102 -105 0
-102 -106 0
-102 -107 0
-102 -108 0
-103 -104 0
-103 -105 0
-103 -106 0
-103 -107 0
-103 -108 0
-104 -105 0
-104 -106 0
-104 -107 0
-104 -108 0
-105 -106 0
-105 -107 0
-105 -108 0
-106 -107 0
-106 -108 0
-107 -108 0
-109 -110 0
-109 -111 0
-109 -112 0
-109 -113 0
-109 -114 0
-109 -115 0
-109 -116 0
-109 -117 0
-109 -118 0
-109 -119 0
-109 -120 0
-109 -121 0
-109 -122 0
-109 -123 0
-109 -124 0
-109 -125 0
-109 -126 0
-109 -127 0
-109 -128 0
-109 -129 0
-109 -130 0
-109 -131 0
-109 -132 0
-109 -133 0
-109 -134 0
-109 -135 0
-110 -111 0
-110 -112 0
-110 -113 0
-110 -114 0
-110 -115 0
-110 -116 0
-110 -117 0
-110 -118 0
-110 -119 0
-110 -120 0
-110 -121 0
-110 -122 0
-110 -123 0
-110 -124 0
-110 -125 0
-110 -126 0
-110 -127 0
-110 -128 0
-110 -129 0
-110 -130 0
-110 -131 0
-110 -132 0
-110 -133 0
-110 -134 0
-110 -135 0
-111 -112 0
-111 -113 0
-111 -114 0
-111 -115 0
-111 -116 0
-111 -117 0
-111 -118 0
-111 -119 0
-111 -120 0
-111 -121 0
-111 -122 0
-111 -123 0
-111 -124 0
-111 -125 0
-111 -126 0
-111 -127 0
-111 -128 0
-111 -129 0
-111 -130 0
-111 -131 0
-111 -132 0
-111 -133 0
-111 -134 0
-111 -135 0
-112 -113 0
-112 -114 0
-112 -115 0
-112 -116 0
-112 -117 0
-112 -118 0
-112 -119 0
-112 -120 0
-112 -121 0
-112 -122 0
-112 -123 0
-112 -124 0
-112 -125 0
-112 -126 0
-112 -127 0
-112 -128 0
-112 -129 0
-112 -130 0
-112 -131 0
-112 -132 0
-112 -133 0
-112 -134 0
-112 -135 0
-113 -114 0
-113 -115 0
-113 -116 0
-113 -117 0
-113 -118 0
-113 -119 0
-113 -120 0
-113 -121 0
-113 -122 0
-113 -123 0
-113 -124 0
-113 -125 0
-113 -126 0
-113 -127 0
-113 -128 0
-113 -129 0
-113 -130 0
-113 -131 0
-113 -132 0
-113 -133 0
-113 -134 0
-113 -135 0
-114 -115 0
-114 -116 0
-114 -117 0
-114 -118 0
-114 -119 0
-114 -120 0
-114 -121 0
-114 -122 0
-114 -123 0
-114 -124 0
-114 -125 0
-114 -126 0
-114 -127 0
-114 -128 0
-114 -129 0
-114 -130 0
-114 -131 0
-114 -132 0
-114 -133 0
-114 -134 0
-114 -135 0
-115 -116 0
-115 -117 0
-115 -118 0
-115 -119 0
-115 -120 0
-115 -121 0
-115 -122 0
-115 -123 0
-115 -124 0
-115 -125 0
-115 -126 0
-115 -127 0
-115 -128 0
-115 -129 0
-115 -130 0
-115 -131 0
-115 -132 0
-115 -133 0
-115 -134 0
-115 -135 0
-116 -117 0
-116 -118 0
-116 -119 0
-116 -120 0
-116 -121 0
-116 -122 0
-116 -123 0
-116 -124 0
-116 -125 0
-116 -126 0
-116 -127 0
-116 -128 0
-116 -129 0
-116 -130 0
-116 -131 0
-116 -132 0
-116 -133 0
-116 -134 0
-116 -135 0
-117 -118 0
-117 -119 0
-117 -120 0
-117 -121 0
-117 -122 0
-117 -123 0
-117 -124 0
-117 -125 0
-117 -126 0
-117 -127 0
-117 -128 0
-117 -129 0
-117 -130 0
-117 -131 0
-117 -132 0
-117 -133 0
-117 -134 0
-117 -135 0
-118 -119 0
-118 -120 0
-118 -121 0
-118 -122 0
-118 -123 0
-118 -124 0
-118 -125 0
-118 -126 0
-118 -127 0
-118 -128 0
-118 -129 0
-118 -130 0
-118 -131 0
-118 -132 0
-118 -133 0
-118 -134 0
-118 -135 0
-119 -120 0
-119 -121 0
-119 -122 0
-119 -123 0
-119 -124 0
-119 -125 0
-119 -126 0
-119 -127 0
-119 -128 0
-119 -129 0
-119 -130 0
-119 -131 0
-119 -132 0
-119 -133 0
-119 -134 0
-119 -135 0
-120 -121 0
-120 -122 0
-120 -123 0
-120 -124 0
-120 -125 0
-120 -126 0
-120 -127 0
-120 -128 0
-120 -129 0
-120 -130 0
-120 -131 0
-120 -132 0
-120 -133 0
-120 -134 0
-120 -135 0
-121 -122 0
-121 -123 0
-121 -124 0
-121 -125 0
-121 -126 0
-121 -127 0
-121 -128 0
-121 -129 0
-121 -130 0
-121 -131 0
-121 -132 0
-121 -133 0
-121 -134 0
-121 -135 0
-122 -123 0
-122 -124 0
-122 -125 0
-122 -126 0
-122 -127 0
-122 -128 0
-122 -129 0
-122 -130 0
-122 -131 0
-122 -132 0
-122 -133 0
-122 -134 0
-122 -135 0
-123 -124 0
-123 -125 0
-123 -126 0
-123 -127 0
-123 -128 0
-123 -129 0
-123 -130 0
-123 -131 0
-123 -132 0
-123 -133 0
-123 -134 0
-123 -135 0
-124 -125 0
-124 -126 0
-124 -127 0
-124 -128 0
-124 -129 0
-124 -130 0
-124 -131 0
-124 -132 0
-124 -133 0
-124 -134 0
-124 -135 0
-125 -126 0
-125 -127 0
-125 -128 0
-125 -129 0
-125 -130 0
-125 -131 0
-125 -132 0
-125 -133 0
-125 -134 0
-125 -135 0
-126 -127 0
-126 -128 0
-126 -129 0
-126 -130 0
-126 -131 0
-126 -132 0
-126 -133 0
-126 -134 0
-126 -135 0
-127 -128 0
-127 -129 0
-127 -130 0
-127 -131 0
-127 -132 0
-127 -133 0
-127 -134 0
-127 -135 0
-128 -129 0
-128 -130 0
-128 -131 0
-128 -132 0
-128 -133 0
-128 -134 0
-128 -135 0
-129 -130 0
-129 -131 0
-129 -132 0
-129 -133 0
-129 -134 0
-129 -135 0
-130 -131 0
-130 -132 0
-130 -133 0
-130 -134 0
-130 -135 0
-131 -132 0
-131 -133 0
-131 -134 0
-131 -135 0
-132 -133 0
-132 -134 0
-132 -135 0
-133 -134 0
-133 -135 0
-134 -135 0
-136 -137 0
-136 -138 0
-136 -139 0
-136 -140 0
-136 -141 0
-136 -142 0
-136 -143 0
-136 -144 0
-136 -145 0
-136 -146 0
-136 -147 0
-136 -148 0
-136 -149 0
-136 -150 0
-136 -151 0
-136 -152 0
-136 -153 0
-136 -154 0
-136 -155 0
-136 -156 0
-136 -157 0
-136 -158 0
-136 -159 0
-136 -160 0
-136 -161 0
-136 -162 0
-137 -138 0
-137 -139 0
-137 -140 0
-137 -141 0
-137 -142 0
-137 -143 0
-137 -144 0
-137 -145 0
-137 -146 0
-137 -147 0
-137 -148 0
-137 -149 0
-137 -150 0
-137 -151 0
-137 -152 0
-137 -153 0
-137 -154 0
-137 -155 0
-137 -156 0
-137 -157 0
-137 -158 0
-137 -159 0
-137 -160 0
-137 -161 0
-137 -162 0
-138 -139 0
-138 -140 0
-138 -141 0
-138 -142 0
-138 -143 0
-138 -144 0
-138 -145 0
-138 -146 0
-138 -147 0
-138 -148 0
-138 -149 0
-138 -150 0
-138 -151 0
-138 -152 0
-138 -153 0
-138 -154 0
-138 -155 0
-138 -156 0
-138 -157 0
-138 -158 0
-138 -159 0
-138 -160 0
-138 -161 0
-138 -162 0
-139 -140 0
-139 -141 0
-139 -142 0
-139 -143 0
-139 -144 0
-139 -145 0
-139 -146 0
-139 -147 0
-139 -148 0
-139 -149 0
-139 -150 0
-139 -151 0
-139 -152 0
-139 -153 0
-139 -154 0
-139 -155 0
-139 -156 0
-139 -157 0
-139 -158 0
-139 -159 0
-139 -160 0
-139 -161 0
-139 -162 0
-140 -141 0
-140 -142 0
-140 -143 0
-140 -144 0
-140 -145 0
-140 -146 0
-140 -147 0
-140 -148 0
-140 -149 0
-140 -150 0
-140 -151 0
-140 -152 0
-140 -153 0
-140 -154 0
-140 -155 0
-140 -156 0
-140 -157 0
-140 -158 0
-140 -159 0
-140 -160 0
-140 -161 0
-140 -162 0
-141 -142 0
-141 -143 0
-141 -144 0
-141 -145 0
-141 -146 0
-141 -147 0
-141 -148 0
-141 -149 0
-141 -150 0
-141 -151 0
-141 -152 0
-141 -153 0
-141 -154 0
-141 -155 0
-141 -156 0
-141 -157 0
-141 -158 0
-141 -159 0
-141 -160 0
-141 -161 0
-141 -162 0
-142 -143 0
-142 -144 0
-142 -145 0
-142 -146 0
-142 -147 0
-142 -148 0
-142 -149 0
-142 -150 0
-142 -151 0
-142 -152 0
-142 -153 0
-142 -154 0
-142 -155 0
-142 -156 0
-142 -157 0
-142 -158 0
-142 -159 0
-142 -160 0
-142 -161 0
-142 -162 0
-143 -144 0
-143 -145 0
-143 -146 0
-143 -147 0
-143 -148 0
-143 -149 0
-143 -150 0
-143 -151 0
-143 -152 0
-143 -153 0
-143 -154 0
-143 -155 0
-143 -156 0
-143 -157 0
-143 -158 0
-143 -159 0
-143 -160 0
-143 -161 0
-143 -162 0
-144 -145 0
-144 -146 0
-144 -147 0
-144 -148 0
-144 -149 0
-144 -150 0
-144 -151 0
-144 -152 0
-144 -153 0
-144 -154 0
-144 -155 0
-144 -156 0
-144 -157 0
-144 -158 0
-144 -159 0
-144 -160 0
-144 -161 0
-144 -162 0
-145 -146 0
-145 -147 0
-145 -148 0
-145 -149 0
-145 -150 0
-145 -151 0
-145 -152 0
-145 -153 0
-145 -154 0
-145 -155 0
-145 -156 0
-145 -157 0
-145 -158 0
-145 -159 0
-145 -160 0
-145 -161 0
-145 -162 0
-146 -147 0
-146 -148 0
-146 -149 0
-146 -150 0
-146 -151 0
-146 -152 0
-146 -153 0
-146 -154 0
-146 -155 0
-146 -156 0
-146 -157 0
-146 -158 0
-146 -159 0
-146 -160 0
-146 -161 0
-146 -162 0
-147 -148 0
-147 -149 0
-147 -150 0
-147 -151 0
-147 -152 0
-147 -153 0
-147 -154 0
-147 -155 0
-147 -156 0
-147 -157 0
-147 -158 0
-147 -159 0
-147 -160 0
-147 -161 0
-147 -162 0
-148 -149 0
-148 -150 0
-148 -151 0
-148 -152 0
-148 -153 0
-148 -154 0
-148 -155 0
-148 -156 0
-148 -157 0
-148 -158 0
-148 -159 0
-148 -160 0
-148 -161 0
-148 -162 0
-149 -150 0
-149 -151 0
-149 -152 0
-149 -153 0
-149 -154 0
-149 -155 0
-149 -156 0
-149 -157 0
-149 -158 0
-149 -159 0
-149 -160 0
-149 -161 0
-149 -162 0
-150 -151 0
-150 -152 0
-150 -153 0
-150 -154 0
-150 -155 0
-150 -156 0
-150 -157 0
-150 -158 0
-150 -159 0
-150 -160 0
-150 -161 0
-150 -162 0
-151 -152 0
-151 -153 0
-151 -154 0
-151 -155 0
-151 -156 0
-151 -157 0
-151 -158 0
-151 -159 0
-151 -160 0
-151 -161 0
-151 -162 0
-152 -153 0
-152 -154 0
-152 -155 0
-152 -156 0
-152 -157 0
-152 -158 0
-152 -159 0
-152 -160 0
-152 -161 0
-152 -162 0
-153 -154 0
-153 -155 0
-153 -156 0
-153 -157 0
-153 -158 0
-153 -159 0
-153 -160 0
-153 -161 0
-153 -162 0
-154 -155 0
-154 -156 0
-154 -157 0
-154 -158 0
-154 -159 0
-154 -160 0
-154 -161 0
-154 -162 0
-155 -156 0
-155 -157 0
-155 -158 0
-155 -159 0
-155 -160 0
-155 -161 0
-155 -162 0
-156 -157 0
-156 -158 0
-156 -159 0
-156 -160 0
-156 -161 0
-156 -162 0
-157 -158 0
-157 -159 0
-157 -160 0
-157 -161 0
-157 -162 0
-158 -159 0
-158 -160 0
-158 -161 0
-158 -162 0
-159 -160 0
-159 -161 0
-159 -162 0
-160 -161 0
-160 -162 0
-161 -162 0
-163 -164 0
-163 -165 0
-163 -166 0
-163 -167 0
-163 -168 0
-163 -169 0
-163 -170 0
-163 -171 0
-163 -172 0
-163 -173 0
-163 -174 0
-163 -175 0
-163 -176 0
-163 -177 0
-163 -178 0
-163 -179 0
-163 -180 0
-163 -181 0
-163 -182 0
-163 -183 0
-163 -184 0
-163 -185 0
-163 -186 0
-163 -187 0
-163 -188 0
-163 -189 0
-164 -165 0
-164 -166 0
-164 -167 0
-164 -168 0
-164 -169 0
-164 -170 0
-164 -171 0
-164 -172 0
-164 -173 0
-164 -174 0
-164 -175 0
-164 -176 0
-164 -177 0
-164 -178 0
-164 -179 0
-164 -180 0
-164 -181 0
-164 -182 0
-164 -183 0
-164 -184 0
-164 -185 0
-164 -186 0
-164 -187 0
-164 -188 0
-164 -189 0
-165 -166 0
-165 -167 0
-165 -168 0
-165 -169 0
-165 -170 0
-165 -171 0
-165 -172 0
-165 -173 0
-165 -174 0
-165 -175 0
-165 -176 0
-165 -177 0
-165 -178 0
-165 -179 0
-165 -180 0
-165 -181 0
-165 -182 0
-165 -183 0
-165 -184 0
-165 -185 0
-165 -186 0
-165 -187 0
-165 -188 0
-165 -189 0
-166 -167 0
-166 -168 0
-166 -169 0
-166 -170 0
-166 -171 0
-166 -172 0
-166 -173 0
-166 -174 0
-166 -175 0
-166 -176 0
-166 -177 0
-166 -178 0
-166 -179 0
-166 -180 0
-166 -181 0
-166 -182 0
-166 -183 0
-166 -184 0
-166 -185 0
-166 -186 0
-166 -187 0
-166 -188 0
-166 -189 0
-167 -168 0
-167 -169 0
-167 -170 0
-167 -171 0
-167 -172 0
-167 -173 0
-167 -174 0
-167 -175 0
-167 -176 0
-167 -177 0
-167 -178 0
-167 -179 0
-167 -180 0
-167 -181 0
-167 -182 0
-167 -183 0
-167 -184 0
-167 -185 0
-167 -186 0
-167 -187 0
-167 -188 0
-167 -189 0
-168 -169 0
-168 -170 0
-168 -171 0
-168 -172 0
-168 -173 0
-168 -174 0
-168 -175 0
-168 -176 0
-168 -177 0
-168 -178 0
-168 -179 0
-168 -180 0
-168 -181 0
-168 -182 0
-168 -183 0
-168 -184 0
-168 -185 0
-168 -186 0
-168 -187 0
-168 -188 0
-168 -189 0
-169 -170 0
-169 -171 0
-169 -172 0
-169 -173 0
-169 -174 0
-169 -175 0
-169 -176 0
-169 -177 0
-169 -178 0
-169 -179 0
-169 -180 0
-169 -181 0
-169 -182 0
-169 -183 0
-169 -184 0
-169 -185 0
-169 -186 0
-169 -187 0
-169 -188 0
-169 -189 0
-170 -171 0
-170 -172 0
-170 -173 0
-170 -174 0
-170 -175 0
-170 -176 0
-170 -177 0
-170 -178 0
-170 -179 0
-170 -180 0
-170 -181 0
-170 -182 0
-170 -183 0
-170 -184 0
-170 -185 0
-170 -186 0
-170 -187 0
-170 -188 0
-170 -189 0
-171 -172 0
-171 -173 0
-171 -174 0
-171 -175 0
-171 -176 0
-171 -177 0
-171 -178 0
-171 -179 0
-171 -180 0
-171 -181 0
-171 -182 0
-171 -183 0
-171 -184 0
-171 -185 0
-171 -186 0
-171 -187 0
-171 -188 0
-171 -189 0
-172 -173 0
-172 -174 0
-172 -175 0
-172 -176 0
-172 -177 0
-172 -178 0
-172 -179 0
-172 -180 0
-172 -181 0
-172 -182 0
-172 -183 0
-172 -184 0
-172 -185 0
-172 -186 0
-172 -187 0
-172 -188 0
-172 -189 0
-173 -174 0
-173 -175 0
-173 -176 0
-173 -177 0
-173 -178 0
-173 -179 0
-173 -180 0
-173 -181 0
-173 -182 0
-173 -183 0
-173 -184 0
-173 -185 0
-173 -186 0
-173 -187 0
-173 -188 0
-173 -189 0
-174 -175 0
-174 -176 0
-174 -177 0
-174 -178 0
-174 -179 0
-174 -180 0
-174 -181 0
-174 -182 0
-174 -183 0
-174 -184 0
-174 -185 0
-174 -186 0
-174 -187 0
-174 -188 0
-174 -189 0
-175 -176 0
-175 -177 0
-175 -178 0
-175 -179 0
-175 -180 0
-175 -181 0
-175 -182 0
-175 -183 0
-175 -184 0
-175 -185 0
-175 -186 0
-175 -187 0
-175 -188 0
-175 -189 0
-176 -177 0
-176 -178 0
-176 -179 0
-176 -180 0
-176 -181 0
-176 -182 0
-176 -183 0
-176 -184 0
-176 -185 0
-176 -186 0
-176 -187 0
-176 -188 0
-176 -189 0
-177 -178 0
-177 -179 0
-177 -180 0
-177 -181 0
-177 -182 0
-177 -183 0
-177 -184 0
-177 -185 0
-177 -186 0
-177 -187 0
-177 -188 0
-177 -189 0
-178 -179 0
-178 -180 0
-178 -181 0
-178 -182 0
-178 -183 0
-178 -184 0
-178 -185 0
-178 -186 0
-178 -187 0
-178 -188 0
-178 -189 0
-179 -180 0
-179 -181 0
-179 -182 0
-179 -183 0
-179 -184 0
-179 -185 0
-179 -186 0
-179 -187 0
-179 -188 0
-179 -189 0
-180 -181 0
-180 -182 0
-180 -183 0
-180 -184 0
-180 -185 0
-180 -186 0
-180 -187 0
-180 -188 0
-180 -189 0
-181 -182 0
-181 -183 0
-181 -184 0
-181 -185 0
-181 -186 0
-181 -187 0
-181 -188 0
-181 -189 0
-182 -183 0
-182 -184 0
-182 -185 0
-182 -186 0
-182 -187 0
-182 -188 0
-182 -189 0
-183 -184 0
-183 -185 0
-183 -186 0
-183 -187 0
-183 -188 0
-183 -189 0
-184 -185 0
-184 -186 0
-184 -187 0
-184 -188 0
-184 -189 0
-185 -186 0
-185 -187 0
-185 -188 0
-185 -189 0
-186 -187 0
-186 -188 0
-186 -189 0
-187 -188 0
-187 -189 0
-188 -189 0
-190 -191 0
-190 -192 0
-190 -193 0
-190 -194 0
-190 -195 0
-190 -196 0
-190 -197 0
-190 -198 0
-190 -199 0
-190 -200 0
-190 -201 0
-190 -202 0
-190 -203 0
-190 -204 0
-190 -205 0
-190 -206 0
-190 -207 0
-190 -208 0
-190 -209 0
-190 -210 0
-190 -211 0
-190 -212 0
-190 -213 0
-190 -214 0
-190 -215 0
-190 -216 0
-191 -192 0
-191 -193 0
-191 -194 0
-191 -195 0
-191 -196 0
-191 -197 0
-191 -198 0
-191 -199 0
-191 -200 0
-191 -201 0
-191 -202 0
-191 -203 0
-191 -204 0
-191 -205 0
-191 -206 0
-191 -207 0
-191 -208 0
-191 -209 0
-191 -210 0
-191 -211 0
-191 -212 0
-191 -213 0
-191 -214 0
-191 -215 0
-191 -216 0
-192 -193 0
-192 -194 0
-192 -195 0
-192 -196 0
-192 -197 0
-192 -198 0
-192 -199 0
-192 -200 0
-192 -201 0
-192 -202 0
-192 -203 0
-192 -204 0
-192 -205 0
-192 -206 0
-192 -207 0
-192 -208 0
-192 -209 0
-192 -210 0
-192 -211 0
-192 -212 0
-192 -213 0
-192 -214 0
-192 -215 0
-192 -216 0
-193 -194 0
-193 -195 0
-193 -196 0
-193 -197 0
-193 -198 0
-193 -199 0
-193 -200 0
-193 -201 0
-193 -202 0
-193 -203 0
-193 -204 0
-193 -205 0
-193 -206 0
-193 -207 0
-193 -208 0
-193 -209 0
-193 -210 0
-193 -211 0
-193 -212 0
-193 -213 0
-193 -214 0
-193 -215 0
-193 -216 0
-194 -195 0
-194 -196 0
-194 -197 0
-194 -198 0
-194 -199 0
-194 -200 0
-194 -201 0
-194 -202 0
-194 -203 0
-194 -204 0
-194 -205 0
-194 -206 0
-194 -207 0
-194 -208 0
-194 -209 0
-194 -210 0
-194 -211 0
-194 -212 0
-194 -213 0
-194 -214 0
-194 -215 0
-194 -216 0
-195 -196 0
-195 -197 0
-195 -198 0
-195 -199 0
-195 -200 0
-195 -201 0
-195 -202 0
-195 -203 0
-195 -204 0
-195 -205 0
-195 -206 0
-195 -207 0
-195 -208 0
-195 -209 0
-195 -210 0
-195 -211 0
-195 -212 0
-195 -213 0
-195 -214 0
-195 -215 0
-195 -216 0
-196 -197 0
-196 -198 0
-196 -199 0
-196 -200 0
-196 -201 0
-196 -202 0
-196 -203 0
-196 -204 0
-196 -205 0
-196 -206 0
-196 -207 0
-196 -208 0
-196 -209 0
-196 -210 0
-196 -211 0
-196 -212 0
-196 -213 0
-196 -214 0
-196 -215 0
-196 -216 0
-197 -198 0
-197 -199 0
-197 -200 0
-197 -201 0
-197 -202 0
-197 -203 0
-197 -204 0
-197 -205 0
-197 -206 0
-197 -207 0
-197 -208 0
-197 -209 0
-197 -210 0
-197 -211 0
-197 -212 0
-197 -213 0
-197 -214 0
-197 -215 0
-197 -216 0
-198 -199 0
-198 -200 0
-198 -201 0
-198 -202 0
-198 -203 0
-198 -204 0
-198 -205 0
-198 -206 0
-198 -207 0
-198 -208 0
-198 -209 0
-198 -210 0
-198 -211 0
-198 -212 0
-198 -213 0
-198 -214 0
-198 -215 0
-198 -216 0
-199 -200 0
-199 -201 0
-199 -202 0
-199 -203 0
-199 -204 0
-199 -205 0
-199 -206 0
-199 -207 0
-199 -208 0
-199 -209 0
-199 -210 0
-199 -211 0
-199 -212 0
-199 -213 0
-199 -214 0
-199 -215 0
-199 -216 0
-200 -201 0
-200 -202 0
-200 -203 0
-200 -204 0
-200 -205 0
-200 -206 0
-200 -207 0
-200 -208 0
-200 -209 0
-200 -210 0
-200 -211 0
-200 -212 0
-200 -213 0
-200 -214 0
-200 -215 0
-200 -216 0
-201 -202 0
-201 -203 0
-201 -204 0
-201 -205 0
-201 -206 0
-201 -207 0
-201 -208 0
-201 -209 0
-201 -210 0
-201 -211 0
-201 -212 0
-201 -213 0
-201 -214 0
-201 -215 0
-201 -216 0
-202 -203 0
-202 -204 0
-202 -205 0
-202 -206 0
-202 -207 0
-202 -208 0
-202 -209 0
-202 -210 0
-202 -211 0
-202 -212 0
-202 -213 0
-202 -214 0
-202 -215 0
-202 -216 0
-203 -204 0
-203 -205 0
-203 -206 0
-203 -207 0
-203 -208 0
-203 -209 0
-203 -210 0
-203 -211 0
-203 -212 0
-203 -213 0
-203 -214 0
-203 -215 0
-203 -216 0
-204 -205 0
-204 -206 0
-204 -207 0
-204 -208 0
-204 -209 0
-204 -210 0
-204 -211 0
-204 -212 0
-204 -213 0
-204 -214 0
-204 -215 0
-204 -216 0
-205 -206 0
-205 -207 0
-205 -208 0
-205 -209 0
-205 -210 0
-205 -211 0
-205 -212 0
-205 -213 0
-205 -214 0
-205 -215 0
-205 -216 0
-206 -207 0
-206 -208 0
-206 -209 0
-206 -210 0
-206 -211 0
-206 -212 0
-206 -213 0
-206 -214 0
-206 -215 0
-206 -216 0
-207 -208 0
-207 -209 0
-207 -210 0
-207 -211 0
-207 -212 0
-207 -213 0
-207 -214 0
-207 -215 0
-207 -216 0
-208 -209 0
-208 -210 0
-208 -211 0
-208 -212 0
-208 -213 0
-208 -214 0
-208 -215 0
-208 -216 0
-209 -210 0
-209 -211 0
-209 -212 0
-209 -213 0
-209 -214 0
-209 -215 0
-209 -216 0
-210 -211 0
-210 -212 0
-210 -213 0
-210 -214 0
-210 -215 0
-210 -216 0
-211 -212 0
-211 -213 0
-211 -214 0
-211 -215 0
-211 -216 0
-212 -213 0
-212 -214 0
-212 -215 0
-212 -216 0
-213 -214 0
-213 -215 0
-213 -216 0
-214 -215 0
-214 -216 0
-215 -216 0
-217 -218 0
-217 -219 0
-217 -220 0
-217 -221 0
-217 -222 0
-217 -223 0
-217 -224 0
-217 -225 0
-217 -226 0
-217 -227 0
-217 -228 0
-217 -229 0
-217 -230 0
-217 -231 0
-217 -232 0
-217 -233 0
-217 -234 0
-217 -235 0
-217 -236 0
-217 -237 0
-217 -238 0
-217 -239 0
-217 -240 0
-217 -241 0
-217 -242 0
-217 -243 0
-218 -219 0
-218 -220 0
-218 -221 0
-218 -222 0
-218 -223 0
-218 -224 0
-218 -225 0
-218 -226 0
-218 -227 0
-218 -228 0
-218 -229 0
-218 -230 0
-218 -231 0
-218 -232 0
-218 -233 0
-218 -234 0
-218 -235 0
-218 -236 0
-218 -237 0
-218 -238 0
-218 -239 0
-218 -240 0
-218 -241 0
-218 -242 0
-218 -243 0
-219 -220 0
-219 -221 0
-219 -222 0
-219 -223 0
-219 -224 0
-219 -225 0
-219 -226 0
-219 -227 0
-219 -228 0
-219 -229 0
-219 -230 0
-219 -231 0
-219 -232 0
-219 -233 0
-219 -234 0
-219 -235 0
-219 -236 0
-219 -237 0
-219 -238 0
-219 -239 0
-219 -240 0
-219 -241 0
-219 -242 0
-219 -243 0
-220 -221 0
-220 -222 0
-220 -223 0
-220 -224 0
-220 -225 0
-220 -226 0
-220 -227 0
-220 -228 0
-220 -229 0
-220 -230 0
-220 -231 0
-220 -232 0
-220 -233 0
-220 -234 0
-220 -235 0
-220 -236 0
-220 -237 0
-220 -238 0
-220 -239 0
-220 -240 0
-220 -241 0
-220 -242 0
-220 -243 0
-221 -222 0
-221 -223 0
-221 -224 0
-221 -225 0
-221 -226 0
-221 -227 0
-221 -228 0
-221 -229 0
-221 -230 0
-221 -231 0
-221 -232 0
-221 -233 0
-221 -234 0
-221 -235 0
-221 -236 0
-221 -237 0
-221 -238 0
-221 -239 0
-221 -240 0
-221 -241 0
-221 -242 0
-221 -243 0
-222 -223 0
-222 -224 0
-222 -225 0
-222 -226 0
-222 -227 0
-222 -228 0
-222 -229 0
-222 -230 0
-222 -231 0
-222 -232 0
-222 -233 0
-222 -234 0
-222 -235 0
-222 -236 0
-222 -237 0
-222 -238 0
-222 -239 0
-222 -240 0
-222 -241 0
-222 -242 0
-222 -243 0
-223 -224 0
-223 -225 0
-223 -226 0
-223 -227 0
-223 -228 0
-223 -229 0
-223 -230 0
-223 -231 0
-223 -232 0
-223 -233 0
-223 -234 0
-223 -235 0
-223 -236 0
-223 -237 0
-223 -238 0
-223 -239 0
-223 -240 0
-223 -241 0
-223 -242 0
-223 -243 0
-224 -225 0
-224 -226 0
-224 -227 0
-224 -228 0
-224 -229 0
-224 -230 0
-224 -231 0
-224 -232 0
-224 -233 0
-224 -234 0
-224 -235 0
-224 -236 0
-224 -237 0
-224 -238 0
-224 -239 0
-224 -240 0
-224 -241 0
-224 -242 0
-224 -243 0
-225 -226 0
-225 -227 0
-225 -228 0
-225 -229 0
-225 -230 0
-225 -231 0
-225 -232 0
-225 -233 0
-225 -234 0
-225 -235 0
-225 -236 0
-225 -237 0
-225 -238 0
-225 -239 0
-225 -240 0
-225 -241 0
-225 -242 0
-225 -243 0
-226 -227 0
-226 -228 0
-226 -229 0
-226 -230 0
-226 -231 0
-226 -232 0
-226 -233 0
-226 -234 0
-226 -235 0
-226 -236 0
-226 -237 0
-226 -238 0
-226 -239 0
-226 -240 0
-226 -241 0
-226 -242 0
-226 -243 0
-227 -228 0
-227 -229 0
-227 -230 0
-227 -231 0
-227 -232 0
-227 -233 0
-227 -234 0
-227 -235 0
-227 -236 0
-227 -237 0
-227 -238 0
-227 -239 0
-227 -240 0
-227 -241 0
-227 -242 0
-227 -243 0
-228 -229 0
-228 -230 0
-228 -231 0
-228 -232 0
-228 -233 0
-228 -234 0
-228 -235 0
-228 -236 0
-228 -237 0
-228 -238 0
-228 -239 0
-228 -240 0
-228 -241 0
-228 -242 0
-228 -243 0
-229 -230 0
-229 -231 0
-229 -232 0
-229 -233 0
-229 -234 0
-229 -235 0
-229 -236 0
-229 -237 0
-229 -238 0
-229 -239 0
-229 -240 0
-229 -241 0
-229 -242 0
-229 -243 0
-230 -231 0
-230 -232 0
-230 -233 0
-230 -234 0
-230 -235 0
-230 -236 0
-230 -237 0
-230 -238 0
-230 -239 0
-230 -240 0
-230 -241 0
-230 -242 0
-230 -243 0
-231 -232 0
-231 -233 0
-231 -234 0
-231 -235 0
-231 -236 0
-231 -237 0
-231 -238 0
-231 -239 0
-231 -240 0
-231 -241 0
-231 -242 0
-231 -243 0
-232 -233 0
-232 -234 0
-232 -235 0
-232 -236 0
-232 -237 0
-232 -238 0
-232 -239 0
-232 -240 0
-232 -241 0
-232 -242 0
-232 -243 0
-233 -234 0
-233 -235 0
-233 -236 0
-233 -237 0
-233 -238 0
-233 -239 0
-233 -240 0
-233 -241 0
-233 -242 0
-233 -243 0
-234 -235 0
-234 -236 0
-234 -237 0
-234 -238 0
-234 -239 0
-234 -240 0
-234 -241 0
-234 -242 0
-234 -243 0
-235 -236 0
-235 -237 0
-235 -238 0
-235 -239 0
-235 -240 0
-235 -241 0
-235 -242 0
-235 -243 0
-236 -237 0
-236 -238 0
-236 -239 0
-236 -240 0
-236 -241 0
-236 -242 0
-236 -243 0
-237 -238 0
-237 -239 0
-237 -240 0
-237 -241 0
-237 -242 0
-237 -243 0
-238 -239 0
-238 -240 0
-238 -241 0
-238 -242 0
-238 -243 0
-239 -240 0
-239 -241 0
-239 -242 0
-239 -243 0
-240 -241 0
-240 -242 0
-240 -243 0
-241 -242 0
-241 -243 0
-242 -243 0
-244 -245 0
-244 -246 0
-244 -247 0
-244 -248 0
-244 -249 0
-244 -250 0
-244 -251 0
-244 -252 0
-244 -253 0
-244 -254 0
-244 -255 0
-244 -256 0
-244 -257 0
-244 -258 0
-244 -259 0
-244 -260 0
-244 -261 0
-244 -262 0
-244 -263 0
-244 -264 0
-244 -265 0
-244 -266 0
-244 -267 0
-244 -268 0
-244 -269 0
-244 -270 0
-245 -246 0
-245 -247 0
-245 -248 0
-245 -249 0
-245 -250 0
-245 -251 0
-245 -252 0
-245 -253 0
-245 -254 0
-245 -255 0
-245 -256 0
-245 -257 0
-245 -258 0
-245 -259 0
-245 -260 0
-245 -261 0
-245 -262 0
-245 -263 0
-245 -264 0
-245 -265 0
-245 -266 0
-245 -267 0
-245 -268 0
-245 -269 0
-245 -270 0
-246 -247 0
-246 -248 0
-246 -249 0
-246 -250 0
-246 -251 0
-246 -252 0
-246 -253 0
-246 -254 0
-246 -255 0
-246 -256 0
-246 -257 0
-246 -258 0
-246 -259 0
-246 -260 0
-246 -261 0
-246 -262 0
-246 -263 0
-246 -264 0
-246 -265 0
-246 -266 0
-246 -267 0
-246 -268 0
-246 -269 0
-246 -270 0
-247 -248 0
-247 -249 0
-247 -250 0
-247 -251 0
-247 -252 0
-247 -253 0
-247 -254 0
-247 -255 0
-247 -256 0
-247 -257 0
-247 -258 0
-247 -259 0
-247 -260 0
-247 -261 0
-247 -262 0
-247 -263 0
-247 -264 0
-247 -265 0
-247 -266 0
-247 -267 0
-247 -268 0
-247 -269 0
-247 -270 0
-248 -249 0
-248 -250 0
-248 -251 0
-248 -252 0
-248 -253 0
-248 -254 0
-248 -255 0
-248 -256 0
-248 -257 0
-248 -258 0
-248 -259 0
-248 -260 0
-248 -261 0
-248 -262 0
-248 -263 0
-248 -264 0
-248 -265 0
-248 -266 0
-248 -267 0
-248 -268 0
-248 -269 0
-248 -270 0
-249 -250 0
-249 -251 0
-249 -252 0
-249 -253 0
-249 -254 0
-249 -255 0
-249 -256 0
-249 -257 0
-249 -258 0
-249 -259 0
-249 -260 0
-249 -261 0
-249 -262 0
-249 -263 0
-249 -264 0
-249 -265 0
-249 -266 0
-249 -267 0
-249 -268 0
-249 -269 0
-249 -270 0
-250 -251 0
-250 -252 0
-250 -253 0
-250 -254 0
-250 -255 0
-250 -256 0
-250 -257 0
-250 -258 0
-250 -259 0
-250 -260 0
-250 -261 0
-250 -262 0
-250 -263 0
-250 -264 0
-250 -265 0
-250 -266 0
-250 -267 0
-250 -268 0
-250 -269 0
-250 -270 0
-251 -252 0
-251 -253 0
-251 -254 0
-251 -255 0
-251 -256 0
-251 -257 0
-251 -258 0
-251 -259 0
-251 -260 0
-251 -261 0
-251 -262 0
-251 -263 0
-251 -264 0
-251 -265 0
-251 -266 0
-251 -267 0
-251 -268 0
-251 -269 0
-251 -270 0
-252 -253 0
-252 -254 0
-252 -255 0
-252 -256 0
-252 -257 0
-252 -258 0
-252 -259 0
-252 -260 0
-252 -261 0
-252 -262 0
-252 -263 0
-252 -264 0
-252 -265 0
-252 -266 0
-252 -267 0
-252 -268 0
-252 -269 0
-252 -270 0
-253 -254 0
-253 -255 0
-253 -256 0
-253 -257 0
-253 -258 0
-253 -259 0
-253 -260 0
-253 -261 0
-253 -262 0
-253 -263 0
-253 -264 0
-253 -265 0
-253 -266 0
-253 -267 0
-253 -268 0
-253 -269 0
-253 -270 0
-254 -255 0
-254 -256 0
-254 -257 0
-254 -258 0
-254 -259 0
-254 -260 0
-254 -261 0
-254 -262 0
-254 -263 0
-254 -264 0
-254 -265 0
-254 -266 0
-254 -267 0
-254 -268 0
-254 -269 0
-254 -270 0
-255 -256 0
-255 -257 0
-255 -258 0
-255 -259 0
-255 -260 0
-255 -261 0
-255 -262 0
-255 -263 0
-255 -264 0
-255 -265 0
-255 -266 0
-255 -267 0
-255 -268 0
-255 -269 0
-255 -270 0
-256 -257 0
-256 -258 0
-256 -259 0
-256 -260 0
-256 -261 0
-256 -262 0
-256 -263 0
-256 -264 0
-256 -265 0
-256 -266 0
-256 -267 0
-256 -268 0
-256 -269 0
-256 -270 0
-257 -258 0
-257 -259 0
-257 -260 0
-257 -261 0
-257 -262 0
-257 -263 0
-257 -264 0
-257 -265 0
-257 -266 0
-257 -267 0
-257 -268 0
-257 -269 0
-257 -270 0
-258 -259 0
-258 -260 0
-258 -261 0
-258 -262 0
-258 -263 0
-258 -264 0
-258 -265 0
-258 -266 0
-258 -267 0
-258 -268 0
-258 -269 0
-258 -270 0
-259 -260 0
-259 -261 0
-259 -262 0
-259 -263 0
-259 -264 0
-259 -265 0
-259 -266 0
-259 -267 0
-259 -268 0
-259 -269 0
-259 -270 0
-260 -261 0
-260 -262 0
-260 -263 0
-260 -264 0
-260 -265 0
-260 -266 0
-260 -267 0
-260 -268 0
-260 -269 0
-260 -270 0
-261 -262 0
-261 -263 0
-261 -264 0
-261 -265 0
-261 -266 0
-261 -267 0
-261 -268 0
-261 -269 0
-261 -270 0
-262 -263 0
-262 -264 0
-262 -265 0
-262 -266 0
-262 -267 0
-262 -268 0
-262 -269 0
-262 -270 0
-263 -264 0
-263 -265 0
-263 -266 0
-263 -267 0
-263 -268 0
-263 -269 0
-263 -270 0
-264 -265 0
-264 -266 0
-264 -267 0
-264 -268 0
-264 -269 0
-264 -270 0
-265 -266 0
-265 -267 0
-265 -268 0
-265 -269 0
-265 -270 0
-266 -267 0
-266 -268 0
-266 -269 0
-266 -270 0
-267 -268 0
-267 -269 0
-267 -270 0
-268 -269 0
-268 -270 0
-269 -270 0
-271 -272 0
-271 -273 0
-271 -274 0
-271 -275 0
-271 -276 0
-271 -277 0
-271 -278 0
-271 -279 0
-271 -280 0
-271 -281 0
-271 -282 0
-271 -283 0
-271 -284 0
-271 -285 0
-271 -286 0
-271 -287 0
-271 -288 0
-271 -289 0
-271 -290 0
-271 -291 0
-271 -292 0
-271 -293 0
-271 -294 0
-271 -295 0
-271 -296 0
-271 -297 0
-272 -273 0
-272 -274 0
-272 -275 0
-272 -276 0
-272 -277 0
-272 -278 0
-272 -279 0
-272 -280 0
-272 -281 0
-272 -282 0
-272 -283 0
-272 -284 0
-272 -285 0
-272 -286 0
-272 -287 0
-272 -288 0
-272 -289 0
-272 -290 0
-272 -291 0
-272 -292 0
-272 -293 0
-272 -294 0
-272 -295 0
-272 -296 0
-272 -297 0
-273 -274 0
-273 -275 0
-273 -276 0
-273 -277 0
-273 -278 0
-273 -279 0
-273 -280 0
-273 -281 0
-273 -282 0
-273 -283 0
-273 -284 0
-273 -285 0
-273 -286 0
-273 -287 0
-273 -288 0
-273 -289 0
-273 -290 0
-273 -291 0
-273 -292 0
-273 -293 0
-273 -294 0
-273 -295 0
-273 -296 0
-273 -297 0
-274 -275 0
-274 -276 0
-274 -277 0
-274 -278 0
-274 -279 0
-274 -280 0
-274 -281 0
-274 -282 0
-274 -283 0
-274 -284 0
-274 -285 0
-274 -286 0
-274 -287 0
-274 -288 0
-274 -289 0
-274 -290 0
-274 -291 0
-274 -292 0
-274 -293 0
-274 -294 0
-274 -295 0
-274 -296 0
-274 -297 0
-275 -276 0
-275 -277 0
-275 -278 0
-275 -279 0
-275 -280 0
-275 -281 0
-275 -282 0
-275 -283 0
-275 -284 0
-275 -285 0
-275 -286 0
-275 -287 0
-275 -288 0
-275 -289 0
-275 -290 0
-275 -291 0
-275 -292 0
-275 -293 0
-275 -294 0
-275 -295 0
-275 -296 0
-275 -297 0
-276 -277 0
-276 -278 0
-276 -279 0
-276 -280 0
-276 -281 0
-276 -282 0
-276 -283 0
-276 -284 0
-276 -285 0
-276 -286 0
-276 -287 0
-276 -288 0
-276 -289 0
-276 -290 0
-276 -291 0
-276 -292 0
-276 -293 0
-276 -294 0
-276 -295 0
-276 -296 0
-276 -297 0
-277 -278 0
-277 -279 0
-277 -280 0
-277 -281 0
-277 -282 0
-277 -283 0
-277 -284 0
-277 -285 0
-277 -286 0
-277 -287 0
-277 -288 0
-277 -289 0
-277 -290 0
-277 -291 0
-277 -292 0
-277 -293 0
-277 -294 0
-277 -295 0
-277 -296 0
-277 -297 0
-278 -279 0
-278 -280 0
-278 -281 0
-278 -282 0
-278 -283 0
-278 -284 0
-278 -285 0
-278 -286 0
-278 -287 0
-278 -288 0
-278 -289 0
-278 -290 0
-278 -291 0
-278 -292 0
-278 -293 0
-278 -294 0
-278 -295 0
-278 -296 0
-278 -297 0
-279 -280 0
-279 -281 0
-279 -282 0
-279 -283 0
-279 -284 0
-279 -285 0
-279 -286 0
-279 -287 0
-279 -288 0
-279 -289 0
-279 -290 0
-279 -291 0
-279 -292 0
-279 -293 0
-279 -294 0
-279 -295 0
-279 -296 0
-279 -297 0
-280 -281 0
-280 -282 0
-280 -283 0
-280 -284 0
-280 -285 0
-280 -286 0
-280 -287 0
-280 -288 0
-280 -289 0
-280 -290 0
-280 -291 0
-280 -292 0
-280 -293 0
-280 -294 0
-280 -295 0
-280 -296 0
-280 -297 0
-281 -282 0
-281 -283 0
-281 -284 0
-281 -285 0
-281 -286 0
-281 -287 0
-281 -288 0
-281 -289 0
-281 -290 0
-281 -291 0
-281 -292 0
-281 -293 0
-281 -294 0
-281 -295 0
-281 -296 0
-281 -297 0
-282 -283 0
-282 -284 0
-282 -285 0
-282 -286 0
-282 -287 0
-282 -288 0
-282 -289 0
-282 -290 0
-282 -291 0
-282 -292 0
-282 -293 0
-282 -294 0
-282 -295 0
-282 -296 0
-282 -297 0
-283 -284 0
-283 -285 0
-283 -286 0
-283 -287 0
-283 -288 0
-283 -289 0
-283 -290 0
-283 -291 0
-283 -292 0
-283 -293 0
-283 -294 0
-283 -295 0
-283 -296 0
-283 -297 0
-284 -285 0
-284 -286 0
-284 -287 0
-284 -288 0
-284 -289 0
-284 -290 0
-284 -291 0
-284 -292 0
-284 -293 0
-284 -294 0
-284 -295 0
-284 -296 0
-284 -297 0
-285 -286 0
-285 -287 0
-285 -288 0
-285 -289 0
-285 -290 0
-285 -291 0
-285 -292 0
-285 -293 0
-285 -294 0
-285 -295 0
-285 -296 0
-285 -297 0
-286 -287 0
-286 -288 0
-286 -289 0
-286 -290 0
-286 -291 0
-286 -292 0
-286 -293 0
-286 -294 0
-286 -295 0
-286 -296 0
-286 -297 0
-287 -288 0
-287 -289 0
-287 -290 0
-287 -291 0
-287 -292 0
-287 -293 0
-287 -294 0
-287 -295 0
-287 -296 0
-287 -297 0
-288 -289 0
-288 -290 0
-288 -291 0
-288 -292 0
-288 -293 0
-288 -294 0
-288 -295 0
-288 -296 0
-288 -297 0
-289 -290 0
-289 -291 0
-289 -292 0
-289 -293 0
-289 -294 0
-289 -295 0
-289 -296 0
-289 -297 0
-290 -291 0
-290 -292 0
-290 -293 0
-290 -294 0
-290 -295 0
-290 -296 0
-290 -297 0
-291 -292 0
-291 -293 0
-291 -294 0
-291 -295 0
-291 -296 0
-291 -297 0
-292 -293 0
-292 -294 0
-292 -295 0
-292 -296 0
-292 -297 0
-293 -294 0
-293 -295 0
-293 -296 0
-293 -297 0
-294 -295 0
-294 -296 0
-294 -297 0
-295 -296 0
-295 -297 0
-296 -297 0
-298 -299 0
-298 -300 0
-298 -301 0
-298 -302 0
-298 -303 0
-298 -304 0
-298 -305 0
-298 -306 0
-298 -307 0
-298 -308 0
-298 -309 0
-298 -310 0
-298 -311 0
-298 -312 0
-298 -313 0
-298 -314 0
-298 -315 0
-298 -316 0
-298 -317 0
-298 -318 0
-298 -319 0
-298 -320 0
-298 -321 0
-298 -322 0
-298 -323 0
-298 -324 0
-299 -300 0
-299 -301 0
-299 -302 0
-299 -303 0
-299 -304 0
-299 -305 0
-299 -306 0
-299 -307 0
-299 -308 0
-299 -309 0
-299 -310 0
-299 -311 0
-299 -312 0
-299 -313 0
-299 -314 0
-299 -315 0
-299 -316 0
-299 -317 0
-299 -318 0
-299 -319 0
-299 -320 0
-299 -321 0
-299 -322 0
-299 -323 0
-299 -324 0
-300 -301 0
-300 -302 0
-300 -303 0
-300 -304 0
-300 -305 0
-300 -306 0
-300 -307 0
-300 -308 0
-300 -309 0
-300 -310 0
-300 -311 0
-300 -312 0
-300 -313 0
-300 -314 0
-300 -315 0
-300 -316 0
-300 -317 0
-300 -318 0
-300 -319 0
-300 -320 0
-300 -321 0
-300 -322 0
-300 -323 0
-300 -324 0
-301 -302 0
-301 -303 0
-301 -304 0
-301 -305 0
-301 -306 0
-301 -307 0
-301 -308 0
-301 -309 0
-301 -310 0
-301 -311 0
-301 -312 0
-301 -313 0
-301 -314 0
-301 -315 0
-301 -316 0
-301 -317 0
-301 -318 0
-301 -319 0
-301 -320 0
-301 -321 0
-301 -322 0
-301 -323 0
-301 -324 0
-302 -303 0
-302 -304 0
-302 -305 0
-302 -306 0
-302 -307 0
-302 -308 0
-302 -309 0
-302 -310 0
-302 -311 0
-302 -312 0
-302 -313 0
-302 -314 0
-302 -315 0
-302 -316 0
-302 -317 0
-302 -318 0
-302 -319 0
-302 -320 0
-302 -321 0
-302 -322 0
-302 -323 0
-302 -324 0
-303 -304 0
-303 -305 0
-303 -306 0
-303 -307 0
-303 -308 0
-303 -309 0
-303 -310 0
-303 -311 0
-303 -312 0
-303 -313 0
-303 -314 0
-303 -315 0
-303 -316 0
-303 -317 0
-303 -318 0
-303 -319 0
-303 -320 0
-303 -321 0
-303 -322 0
-303 -323 0
-303 -324 0
-304 -305 0
-304 -306 0
-304 -307 0
-304 -308 0
-304 -309 0
-304 -310 0
-304 -311 0
-304 -312 0
-304 -313 0
-304 -314 0
-304 -315 0
-304 -316 0
-304 -317 0
-304 -318 0
-304 -319 0
-304 -320 0
-304 -321 0
-304 -322 0
-304 -323 0
-304 -324 0
-305 -306 0
-305 -307 0
-305 -308 0
-305 -309 0
-305 -310 0
-305 -311 0
-305 -312 0
-305 -313 0
-305 -314 0
-305 -315 0
-305 -316 0
-305 -317 0
-305 -318 0
-305 -319 0
-305 -320 0
-305 -321 0
-305 -322 0
-305 -323 0
-305 -324 0
-306 -307 0
-306 -308 0
-306 -309 0
-306 -310 0
-306 -311 0
-306 -312 0
-306 -313 0
-306 -314 0
-306 -315 0
-306 -316 0
-306 -317 0
-306 -318 0
-306 -319 0
-306 -320 0
-306 -321 0
-306 -322 0
-306 -323 0
-306 -324 0
-307 -308 0
-307 -309 0
-307 -310 0
-307 -311 0
-307 -312 0
-307 -313 0
-307 -314 0
-307 -315 0
-307 -316 0
-307 -317 0
-307 -318 0
-307 -319 0
-307 -320 0
-307 -321 0
-307 -322 0
-307 -323 0
-307 -324 0
-308 -309 0
-308 -310 0
-308 -311 0
-308 -312 0
-308 -313 0
-308 -314 0
-308 -315 0
-308 -316 0
-308 -317 0
-308 -318 0
-308 -319 0
-308 -320 0
-308 -321 0
-308 -322 0
-308 -323 0
-308 -324 0
-309 -310 0
-309 -311 0
-309 -312 0
-309 -313 0
-309 -314 0
-309 -315 0
-309 -316 0
-309 -317 0
-309 -318 0
-309 -319 0
-309 -320 0
-309 -321 0
-309 -322 0
-309 -323 0
-309 -324 0
-310 -311 0
-310 -312 0
-310 -313 0
-310 -314 0
-310 -315 0
-310 -316 0
-310 -317 0
-310 -318 0
-310 -319 0
-310 -320 0
-310 -321 0
-310 -322 0
-310 -323 0
-310 -324 0
-311 -312 0
-311 -313 0
-311 -314 0
-311 -315 0
-311 -316 0
-311 -317 0
-311 -318 0
-311 -319 0
-311 -320 0
-311 -321 0
-311 -322 0
-311 -323 0
-311 -324 0
-312 -313 0
-312 -314 0
-312 -315 0
-312 -316 0
-312 -317 0
-312 -318 0
-312 -319 0
-312 -320 0
-312 -321 0
-312 -322 0
-312 -323 0
-312 -324 0
-313 -314 0
-313 -315 0
-313 -316 0
-313 -317 0
-313 -318 0
-313 -319 0
-313 -320 0
-313 -321 0
-313 -322 0
-313 -323 0
-313 -324 0
-314 -315 0
-314 -316 0
-314 -317 0
-314 -318 0
-314 -319 0
-314 -320 0
-314 -321 0
-314 -322 0
-314 -323 0
-314 -324 0
-315 -316 0
-315 -317 0
-315 -318 0
-315 -319 0
-315 -320 0
-315 -321 0
-315 -322 0
-315 -323 0
-315 -324 0
-316 -317 0
-316 -318 0
-316 -319 0
-316 -320 0
-316 -321 0
-316 -322 0
-316 -323 0
-316 -324 0
-317 -318 0
-317 -319 0
-317 -320 0
-317 -321 0
-317 -322 0
-317 -323 0
-317 -324 0
-318 -319 0
-318 -320 0
-318 -321 0
-318 -322 0
-318 -323 0
-318 -324 0
-319 -320 0
-319 -321 0
-319 -322 0
-319 -323 0
-319 -324 0
-320 -321 0
-320 -322 0
-320 -323 0
-320 -324 0
-321 -322 0
-321 -323 0
-321 -324 0
-322 -323 0
-322 -324 0
-323 -324 0
-325 -326 0
-325 -327 0
-325 -328 0
-325 -329 0
-325 -330 0
-325 -331 0
-325 -332 0
-325 -333 0
-325 -334 0
-325 -335 0
-325 -336 0
-325 -337 0
-325 -338 0
-325 -339 0
-325 -340 0
-325 -341 0
-325 -342 0
-325 -343 0
-325 -344 0
-325 -345 0
-325 -346 0
-325 -347 0
-325 -348 0
-325 -349 0
-325 -350 0
-325 -351 0
-326 -327 0
-326 -328 0
-326 -329 0
-326 -330 0
-326 -331 0
-326 -332 0
-326 -333 0
-326 -334 0
-326 -335 0
-326 -336 0
-326 -337 0
-326 -338 0
-326 -339 0
-326 -340 0
-326 -341 0
-326 -342 0
-326 -343 0
-326 -344 0
-326 -345 0
-326 -346 0
-326 -347 0
-326 -348 0
-326 -349 0
-326 -350 0
-326 -351 0
-327 -328 0
-327 -329 0
-327 -330 0
-327 -331 0
-327 -332 0
-327 -333 0
-327 -334 0
-327 -335 0
-327 -336 0
-327 -337 0
-327 -338 0
-327 -339 0
-327 -340 0
-327 -341 0
-327 -342 0
-327 -343 0
-327 -344 0
-327 -345 0
-327 -346 0
-327 -347 0
-327 -348 0
-327 -349 0
-327 -350 0
-327 -351 0
-328 -329 0
-328 -330 0
-328 -331 0
-328 -332 0
-328 -333 0
-328 -334 0
-328 -335 0
-328 -336 0
-328 -337 0
-328 -338 0
-328 -339 0
-328 -340 0
-328 -341 0
-328 -342 0
-328 -343 0
-328 -344 0
-328 -345 0
-328 -346 0
-328 -347 0
-328 -348 0
-328 -349 0
-328 -350 0
-328 -351 0
-329 -330 0
-329 -331 0
-329 -332 0
-329 -333 0
-329 -334 0
-329 -335 0
-329 -336 0
-329 -337 0
-329 -338 0
-329 -339 0
-329 -340 0
-329 -341 0
-329 -342 0
-329 -343 0
-329 -344 0
-329 -345 0
-329 -346 0
-329 -347 0
-329 -348 0
-329 -349 0
-329 -350 0
-329 -351 0
-330 -331 0
-330 -332 0
-330 -333 0
-330 -334 0
-330 -335 0
-330 -336 0
-330 -337 0
-330 -338 0
-330 -339 0
-330 -340 0
-330 -341 0
-330 -342 0
-330 -343 0
-330 -344 0
-330 -345 0
-330 -346 0
-330 -347 0
-330 -348 0
-330 -349 0
-330 -350 0
-330 -351 0
-331 -332 0
-331 -333 0
-331 -334 0
-331 -335 0
-331 -336 0
-331 -337 0
-331 -338 0
-331 -339 0
-331 -340 0
-331 -341 0
-331 -342 0
-331 -343 0
-331 -344 0
-331 -345 0
-331 -346 0
-331 -347 0
-331 -348 0
-331 -349 0
-331 -350 0
-331 -351 0
-332 -333 0
-332 -334 0
-332 -335 0
-332 -336 0
-332 -337 0
-332 -338 0
-332 -339 0
-332 -340 0
-332 -341 0
-332 -342 0
-332 -343 0
-332 -344 0
-332 -345 0
-332 -346 0
-332 -347 0
-332 -348 0
-332 -349 0
-332 -350 0
-332 -351 0
-333 -334 0
-333 -335 0
-333 -336 0
-333 -337 0
-333 -338 0
-333 -339 0
-333 -340 0
-333 -341 0
-333 -342 0
-333 -343 0
-333 -344 0
-333 -345 0
-333 -346 0
-333 -347 0
-333 -348 0
-333 -349 0
-333 -350 0
-333 -351 0
-334 -335 0
-334 -336 0
-334 -337 0
-334 -338 0
-334 -339 0
-334 -340 0
-334 -341 0
-334 -342 0
-334 -343 0
-334 -344 0
-334 -345 0
-334 -346 0
-334 -347 0
-334 -348 0
-334 -349 0
-334 -350 0
-334 -351 0
-335 -336 0
-335 -337 0
-335 -338 0
-335 -339 0
-335 -340 0
-335 -341 0
-335 -342 0
-335 -343 0
-335 -344 0
-335 -345 0
-335 -346 0
-335 -347 0
-335 -348 0
-335 -349 0
-335 -350 0
-335 -351 0
-336 -337 0
-336 -338 0
-336 -339 0
-336 -340 0
-336 -341 0
-336 -342 0
-336 -343 0
-336 -344 0
-336 -345 0
-336 -346 0
-336 -347 0
-336 -348 0
-336 -349 0
-336 -350 0
-336 -351 0
-337 -338 0
-337 -339 0
-337 -340 0
-337 -341 0
-337 -342 0
-337 -343 0
-337 -344 0
-337 -345 0
-337 -346 0
-337 -347 0
-337 -348 0
-337 -349 0
-337 -350 0
-337 -351 0
-338 -339 0
-338 -340 0
-338 -341 0
-338 -342 0
-338 -343 0
-338 -344 0
-338 -345 0
-338 -346 0
-338 -347 0
-338 -348 0
-338 -349 0
-338 -350 0
-338 -351 0
-339 -340 0
-339 -341 0
-339 -342 0
-339 -343 0
-339 -344 0
-339 -345 0
-339 -346 0
-339 -347 0
-339 -348 0
-339 -349 0
-339 -350 0
-339 -351 0
-340 -341 0
-340 -342 0
-340 -343 0
-340 -344 0
-340 -345 0
-340 -346 0
-340 -347 0
-340 -348 0
-340 -349 0
-340 -350 0
-340 -351 0
-341 -342 0
-341 -343 0
-341 -344 0
-341 -345 0
-341 -346 0
-341 -347 0
-341 -348 0
-341 -349 0
-341 -350 0
-341 -351 0
-342 -343 0
-342 -344 0
-342 -345 0
-342 -346 0
-342 -347 0
-342 -348 0
-342 -349 0
-342 -350 0
-342 -351 0
-343 -344 0
-343 -345 0
-343 -346 0
-343 -347 0
-343 -348 0
-343 -349 0
-343 -350 0
-343 -351 0
-344 -345 0
-344 -346 0
-344 -347 0
-344 -348 0
-344 -349 0
-344 -350 0
-344 -351 0
-345 -346 0
-345 -347 0
-345 -348 0
-345 -349 0
-345 -350 0
-345 -351 0
-346 -347 0
-346 -348 0
-346 -349 0
-346 -350 0
-346 -351 0
-347 -348 0
-347 -349 0
-347 -350 0
-347 -351 0
-348 -349 0
-348 -350 0
-348 -351 0
-349 -350 0
-349 -351 0
-350 -351 0
-352 -353 0
-352 -354 0
-352 -355 0
-352 -356 0
-352 -357 0
-352 -358 0
-352 -359 0
-352 -360 0
-352 -361 0
-352 -362 0
-352 -363 0
-352 -364 0
-352 -365 0
-352 -366 0
-352 -367 0
-352 -368 0
-352 -369 0
-352 -370 0
-352 -371 0
-352 -372 0
-352 -373 0
-352 -374 0
-352 -375 0
-352 -376 0
-352 -377 0
-352 -378 0
-353 -354 0
-353 -355 0
-353 -356 0
-353 -357 0
-353 -358 0
-353 -359 0
-353 -360 0
-353 -361 0
-353 -362 0
-353 -363 0
-353 -364 0
-353 -365 0
-353 -366 0
-353 -367 0
-353 -368 0
-353 -369 0
-353 -370 0
-353 -371 0
-353 -372 0
-353 -373 0
-353 -374 0
-353 -375 0
-353 -376 0
-353 -377 0
-353 -378 0
-354 -355 0
-354 -356 0
-354 -357 0
-354 -358 0
-354 -359 0
-354 -360 0
-354 -361 0
-354 -362 0
-354 -363 0
-354 -364 0
-354 -365 0
-354 -366 0
-354 -367 0
-354 -368 0
-354 -369 0
-354 -370 0
-354 -371 0
-354 -372 0
-354 -373 0
-354 -374 0
-354 -375 0
-354 -376 0
-354 -377 0
-354 -378 0
-355 -356 0
-355 -357 0
-355 -358 0
-355 -359 0
-355 -360 0
-355 -361 0
-355 -362 0
-355 -363 0
-355 -364 0
-355 -365 0
-355 -366 0
-355 -367 0
-355 -368 0
-355 -369 0
-355 -370 0
-355 -371 0
-355 -372 0
-355 -373 0
-355 -374 0
-355 -375 0
-355 -376 0
-355 -377 0
-355 -378 0
-356 -357 0
-356 -358 0
-356 -359 0
-356 -360 0
-356 -361 0
-356 -362 0
-356 -363 0
-356 -364 0
-356 -365 0
-356 -366 0
-356 -367 0
-356 -368 0
-356 -369 0
-356 -370 0
-356 -371 0
-356 -372 0
-356 -373 0
-356 -374 0
-356 -375 0
-356 -376 0
-356 -377 0
-356 -378 0
-357 -358 0
-357 -359 0
-357 -360 0
-357 -361 0
-357 -362 0
-357 -363 0
-357 -364 0
-357 -365 0
-357 -366 0
-357 -367 0
-357 -368 0
-357 -369 0
-357 -370 0
-357 -371 0
-357 -372 0
-357 -373 0
-357 -374 0
-357 -375 0
-357 -376 0
-357 -377 0
-357 -378 0
-358 -359 0
-358 -360 0
-358 -361 0
-358 -362 0
-358 -363 0
-358 -364 0
-358 -365 0
-358 -366 0
-358 -367 0
-358 -368 0
-358 -369 0
-358 -370 0
-358 -371 0
-358 -372 0
-358 -373 0
-358 -374 0
-358 -375 0
-358 -376 0
-358 -377 0
-358 -378 0
-359 -360 0
-359 -361 0
-359 -362 0
-359 -363 0
-359 -364 0
-359 -365 0
-359 -366 0
-359 -367 0
-359 -368 0
-359 -369 0
-359 -370 0
-359 -371 0
-359 -372 0
-359 -373 0
-359 -374 0
-359 -375 0
-359 -376 0
-359 -377 0
-359 -378 0
-360 -361 0
-360 -362 0
-360 -363 0
-360 -364 0
-360 -365 0
-360 -366 0
-360 -367 0
-360 -368 0
-360 -369 0
-360 -370 0
-360 -371 0
-360 -372 0
-360 -373 0
-360 -374 0
-360 -375 0
-360 -376 0
-360 -377 0
-360 -378 0
-361 -362 0
-361 -363 0
-361 -364 0
-361 -365 0
-361 -366 0
-361 -367 0
-361 -368 0
-361 -369 0
-361 -370 0
-361 -371 0
-361 -372 0
-361 -373 0
-361 -374 0
-361 -375 0
-361 -376 0
-361 -377 0
-361 -378 0
-362 -363 0
-362 -364 0
-362 -365 0
-362 -366 0
-362 -367 0
-362 -368 0
-362 -369 0
-362 -370 0
-362 -371 0
-362 -372 0
-362 -373 0
-362 -374 0
-362 -375 0
-362 -376 0
-362 -377 0
-362 -378 0
-363 -364 0
-363 -365 0
-363 -366 0
-363 -367 0
-363 -368 0
-363 -369 0
-363 -370 0
-363 -371 0
-363 -372 0
-363 -373 0
-363 -374 0
-363 -375 0
-363 -376 0
-363 -377 0
-363 -378 0
-364 -365 0
-364 -366 0
-364 -367 0
-364 -368 0
-364 -369 0
-364 -370 0
-364 -371 0
-364 -372 0
-364 -373 0
-364 -374 0
-364 -375 0
-364 -376 0
-364 -377 0
-364 -378 0
-365 -366 0
-365 -367 0
-365 -368 0
-365 -369 0
-365 -370 0
-365 -371 0
-365 -372 0
-365 -373 0
-365 -374 0
-365 -375 0
-365 -376 0
-365 -377 0
-365 -378 0
-366 -367 0
-366 -368 0
-366 -369 0
-366 -370 0
-366 -371 0
-366 -372 0
-366 -373 0
-366 -374 0
-366 -375 0
-366 -376 0
-366 -377 0
-366 -378 0
-367 -368 0
-367 -369 0
-367 -370 0
-367 -371 0
-367 -372 0
-367 -373 0
-367 -374 0
-367 -375 0
-367 -376 0
-367 -377 0
-367 -378 0
-368 -369 0
-368 -370 0
-368 -371 0
-368 -372 0
-368 -373 0
-368 -374 0
-368 -375 0
-368 -376 0
-368 -377 0
-368 -378 0
-369 -370 0
-369 -371 0
-369 -372 0
-369 -373 0
-369 -374 0
-369 -375 0
-369 -376 0
-369 -377 0
-369 -378 0
-370 -371 0
-370 -372 0
-370 -373 0
-370 -374 0
-370 -375 0
-370 -376 0
-370 -377 0
-370 -378 0
-371 -372 0
-371 -373 0
-371 -374 0
-371 -375 0
-371 -376 0
-371 -377 0
-371 -378 0
-372 -373 0
-372 -374 0
-372 -375 0
-372 -376 0
-372 -377 0
-372 -378 0
-373 -374 0
-373 -375 0
-373 -376 0
-373 -377 0
-373 -378 0
-374 -375 0
-374 -376 0
-374 -377 0
-374 -378 0
-375 -376 0
-375 -377 0
-375 -378 0
-376 -377 0
-376 -378 0
-377 -378 0
-379 -380 0
-379 -381 0
-379 -382 0
-379 -383 0
-379 -384 0
-379 -385 0
-379 -386 0
-379 -387 0
-379 -388 0
-379 -389 0
-379 -390 0
-379 -391 0
-379 -392 0
-379 -393 0
-379 -394 0
-379 -395 0
-379 -396 0
-379 -397 0
-379 -398 0
-379 -399 0
-379 -400 0
-379 -401 0
-379 -402 0
-379 -403 0
-379 -404 0
-379 -405 0
-380 -381 0
-380 -382 0
-380 -383 0
-380 -384 0
-380 -385 0
-380 -386 0
-380 -387 0
-380 -388 0
-380 -389 0
-380 -390 0
-380 -391 0
-380 -392 0
-380 -393 0
-380 -394 0
-380 -395 0
-380 -396 0
-380 -397 0
-380 -398 0
-380 -399 0
-380 -400 0
-380 -401 0
-380 -402 0
-380 -403 0
-380 -404 0
-380 -405 0
-381 -382 0
-381 -383 0
-381 -384 0
-381 -385 0
-381 -386 0
-381 -387 0
-381 -388 0
-381 -389 0
-381 -390 0
-381 -391 0
-381 -392 0
-381 -393 0
-381 -394 0
-381 -395 0
-381 -396 0
-381 -397 0
-381 -398 0
-381 -399 0
-381 -400 0
-381 -401 0
-381 -402 0
-381 -403 0
-381 -404 0
-381 -405 0
-382 -383 0
-382 -384 0
-382 -385 0
-382 -386 0
-382 -387 0
-382 -388 0
-382 -389 0
-382 -390 0
-382 -391 0
-382 -392 0
-382 -393 0
-382 -394 0
-382 -395 0
-382 -396 0
-382 -397 0
-382 -398 0
-382 -399 0
-382 -400 0
-382 -401 0
-382 -402 0
-382 -403 0
-382 -404 0
-382 -405 0
-383 -384 0
-383 -385 0
-383 -386 0
-383 -387 0
-383 -388 0
-383 -389 0
-383 -390 0
-383 -391 0
-383 -392 0
-383 -393 0
-383 -394 0
-383 -395 0
-383 -396 0
-383 -397 0
-383 -398 0
-383 -399 0
-383 -400 0
-383 -401 0
-383 -402 0
-383 -403 0
-383 -404 0
-383 -405 0
-384 -385 0
-384 -386 0
-384 -387 0
-384 -388 0
-384 -389 0
-384 -390 0
-384 -391 0
-384 -392 0
-384 -393 0
-384 -394 0
-384 -395 0
-384 -396 0
-384 -397 0
-384 -398 0
-384 -399 0
-384 -400 0
-384 -401 0
-384 -402 0
-384 -403 0
-384 -404 0
-384 -405 0
-385 -386 0
-385 -387 0
-385 -388 0
-385 -389 0
-385 -390 0
-385 -391 0
-385 -392 0
-385 -393 0
-385 -394 0
-385 -395 0
-385 -396 0
-385 -397 0
-385 -398 0
-385 -399 0
-385 -400 0
-385 -401 0
-385 -402 0
-385 -403 0
-385 -404 0
-385 -405 0
-386 -387 0
-386 -388 0
-386 -389 0
-386 -390 0
-386 -391 0
-386 -392 0
-386 -393 0
-386 -394 0
-386 -395 0
-386 -396 0
-386 -397 0
-386 -398 0
-386 -399 0
-386 -400 0
-386 -401 0
-386 -402 0
-386 -403 0
-386 -404 0
-386 -405 0
-387 -388 0
-387 -389 0
-387 -390 0
-387 -391 0
-387 -392 0
-387 -393 0
-387 -394 0
-387 -395 0
-387 -396 0
-387 -397 0
-387 -398 0
-387 -399 0
-387 -400 0
-387 -401 0
-387 -402 0
-387 -403 0
-387 -404 0
-387 -405 0
-388 -389 0
-388 -390 0
-388 -391 0
-388 -392 0
-388 -393 0
-388 -394 0
-388 -395 0
-388 -396 0
-388 -397 0
-388 -398 0
-388 -399 0
-388 -400 0
-388 -401 0
-388 -402 0
-388 -403 0
-388 -404 0
-388 -405 0
-389 -390 0
-389 -391 0
-389 -392 0
-389 -393 0
-389 -394 0
-389 -395 0
-389 -396 0
-389 -397 0
-389 -398 0
-389 -399 0
-389 -400 0
-389 -401 0
-389 -402 0
-389 -403 0
-389 -404 0
-389 -405 0
-390 -391 0
-390 -392 0
-390 -393 0
-390 -394 0
-390 -395 0
-390 -396 0
-390 -397 0
-390 -398 0
-390 -399 0
-390 -400 0
-390 -401 0
-390 -402 0
-390 -403 0
-390 -404 0
-390 -405 0
-391 -392 0
-391 -393 0
-391 -394 0
-391 -395 0
-391 -396 0
-391 -397 0
-391 -398 0
-391 -399 0
-391 -400 0
-391 -401 0
-391 -402 0
-391 -403 0
-391 -404 0
-391 -405 0
-392 -393 0
-392 -394 0
-392 -395 0
-392 -396 0
-392 -397 0
-392 -398 0
-392 -399 0
-392 -400 0
-392 -401 0
-392 -402 0
-392 -403 0
-392 -404 0
-392 -405 0
-393 -394 0
-393 -395 0
-393 -396 0
-393 -397 0
-393 -398 0
-393 -399 0
-393 -400 0
-393 -401 0
-393 -402 0
-393 -403 0
-393 -404 0
-393 -405 0
-394 -395 0
-394 -396 0
-394 -397 0
-394 -398 0
-394 -399 0
-394 -400 0
-394 -401 0
-394 -402 0
-394 -403 0
-394 -404 0
-394 -405 0
-395 -396 0
-395 -397 0
-395 -398 0
-395 -399 0
-395 -400 0
-395 -401 0
-395 -402 0
-395 -403 0
-395 -404 0
-395 -405 0
-396 -397 0
-396 -398 0
-396 -399 0
-396 -400 0
-396 -401 0
-396 -402 0
-396 -403 0
-396 -404 0
-396 -405 0
-397 -398 0
-397 -399 0
-397 -400 0
-397 -401 0
-397 -402 0
-397 -403 0
-397 -404 0
-397 -405 0
-398 -399 0
-398 -400 0
-398 -401 0
-398 -402 0
-398 -403 0
-398 -404 0
-398 -405 0
-399 -400 0
-399 -401 0
-399 -402 0
-399 -403 0
-399 -404 0
-399 -405 0
-400 -401 0
-400 -402 0
-400 -403 0
-400 -404 0
-400 -405 0
-401 -402 0
-401 -403 0
-401 -404 0
-401 -405 0
-402 -403 0
-402 -404 0
-402 -405 0
-403 -404 0
-403 -405 0
-404 -405 0
-406 -407 0
-406 -408 0
-406 -409 0
-406 -410 0
-406 -411 0
-406 -412 0
-406 -413 0
-406 -414 0
-406 -415 0
-406 -416 0
-406 -417 0
-406 -418 0
-406 -419 0
-406 -420 0
-406 -421 0
-406 -422 0
-406 -423 0
-406 -424 0
-406 -425 0
-406 -426 0
-406 -427 0
-406 -428 0
-406 -429 0
-406 -430 0
-406 -431 0
-406 -432 0
-407 -408 0
-407 -409 0
-407 -410 0
-407 -411 0
-407 -412 0
-407 -413 0
-407 -414 0
-407 -415 0
-407 -416 0
-407 -417 0
-407 -418 0
-407 -419 0
-407 -420 0
-407 -421 0
-407 -422 0
-407 -423 0
-407 -424 0
-407 -425 0
-407 -426 0
-407 -427 0
-407 -428 0
-407 -429 0
-407 -430 0
-407 -431 0
-407 -432 0
-408 -409 0
-408 -410 0
-408 -411 0
-408 -412 0
-408 -413 0
-408 -414 0
-408 -415 0
-408 -416 0
-408 -417 0
-408 -418 0
-408 -419 0
-408 -420 0
-408 -421 0
-408 -422 0
-408 -423 0
-408 -424 0
-408 -425 0
-408 -426 0
-408 -427 0
-408 -428 0
-408 -429 0
-408 -430 0
-408 -431 0
-408 -432 0
-409 -410 0
-409 -411 0
-409 -412 0
-409 -413 0
-409 -414 0
-409 -415 0
-409 -416 0
-409 -417 0
-409 -418 0
-409 -419 0
-409 -420 0
-409 -421 0
-409 -422 0
-409 -423 0
-409 -424 0
-409 -425 0
-409 -426 0
-409 -427 0
-409 -428 0
-409 -429 0
-409 -430 0
-409 -431 0
-409 -432 0
-410 -411 0
-410 -412 0
-410 -413 0
-410 -414 0
-410 -415 0
-410 -416 0
-410 -417 0
-410 -418 0
-410 -419 0
-410 -420 0
-410 -421 0
-410 -422 0
-410 -423 0
-410 -424 0
-410 -425 0
-410 -426 0
-410 -427 0
-410 -428 0
-410 -429 0
-410 -430 0
-410 -431 0
-410 -432 0
-411 -412 0
-411 -413 0
-411 -414 0
-411 -415 0
-411 -416 0
-411 -417 0
-411 -418 0
-411 -419 0
-411 -420 0
-411 -421 0
-411 -422 0
-411 -423 0
-411 -424 0
-411 -425 0
-411 -426 0
-411 -427 0
-411 -428 0
-411 -429 0
-411 -430 0
-411 -431 0
-411 -432 0
-412 -413 0
-412 -414 0
-412 -415 0
-412 -416 0
-412 -417 0
-412 -418 0
-412 -419 0
-412 -420 0
-412 -421 0
-412 -422 0
-412 -423 0
-412 -424 0
-412 -425 0
-412 -426 0
-412 -427 0
-412 -428 0
-412 -429 0
-412 -430 0
-412 -431 0
-412 -432 0
-413 -414 0
-413 -415 0
-413 -416 0
-413 -417 0
-413 -418 0
-413 -419 0
-413 -420 0
-413 -421 0
-413 -422 0
-413 -423 0
-413 -424 0
-413 -425 0
-413 -426 0
-413 -427 0
-413 -428 0
-413 -429 0
-413 -430 0
-413 -431 0
-413 -432 0
-414 -415 0
-414 -416 0
-414 -417 0
-414 -418 0
-414 -419 0
-414 -420 0
-414 -421 0
-414 -422 0
-414 -423 0
-414 -424 0
-414 -425 0
-414 -426 0
-414 -427 0
-414 -428 0
-414 -429 0
-414 -430 0
-414 -431 0
-414 -432 0
-415 -416 0
-415 -417 0
-415 -418 0
-415 -419 0
-415 -420 0
-415 -421 0
-415 -422 0
-415 -423 0
-415 -424 0
-415 -425 0
-415 -426 0
-415 -427 0
-415 -428 0
-415 -429 0
-415 -430 0
-415 -431 0
-415 -432 0
-416 -417 0
-416 -418 0
-416 -419 0
-416 -420 0
-416 -421 0
-416 -422 0
-416 -423 0
-416 -424 0
-416 -425 0
-416 -426 0
-416 -427 0
-416 -428 0
-416 -429 0
-416 -430 0
-416 -431 0
-416 -432 0
-417 -418 0
-417 -419 0
-417 -420 0
-417 -421 0
-417 -422 0
-417 -423 0
-417 -424 0
-417 -425 0
-417 -426 0
-417 -427 0
-417 -428 0
-417 -429 0
-417 -430 0
-417 -431 0
-417 -432 0
-418 -419 0
-418 -420 0
-418 -421 0
-418 -422 0
-418 -423 0
-418 -424 0
-418 -425 0
-418 -426 0
-418 -427 0
-418 -428 0
-418 -429 0
-418 -430 0
-418 -431 0
-418 -432 0
-419 -420 0
-419 -421 0
-419 -422 0
-419 -423 0
-419 -424 0
-419 -425 0
-419 -426 0
-419 -427 0
-419 -428 0
-419 -429 0
-419 -430 0
-419 -431 0
-419 -432 0
-420 -421 0
-420 -422 0
-420 -423 0
-420 -424 0
-420 -425 0
-420 -426 0
-420 -427 0
-420 -428 0
-420 -429 0
-420 -430 0
-420 -431 0
-420 -432 0
-421 -422 0
-421 -423 0
-421 -424 0
-421 -425 0
-421 -426 0
-421 -427 0
-421 -428 0
-421 -429 0
-421 -430 0
-421 -431 0
-421 -432 0
-422 -423 0
-422 -424 0
-422 -425 0
-422 -426 0
-422 -427 0
-422 -428 0
-422 -429 0
-422 -430 0
-422 -431 0
-422 -432 0
-423 -424 0
-423 -425 0
-423 -426 0
-423 -427 0
-423 -428 0
-423 -429 0
-423 -430 0
-423 -431 0
-423 -432 0
-424 -425 0
-424 -426 0
-424 -427 0
-424 -428 0
-424 -429 0
-424 -430 0
-424 -431 0
-424 -432 0
-425 -426 0
-425 -427 0
-425 -428 0
-425 -429 0
-425 -430 0
-425 -431 0
-425 -432 0
-426 -427 0
-426 -428 0
-426 -429 0
-426 -430 0
-426 -431 0
-426 -432 0
-427 -428 0
-427 -429 0
-427 -430 0
-427 -431 0
-427 -432 0
-428 -429 0
-428 -430 0
-428 -431 0
-428 -432 0
-429 -430 0
-429 -431 0
-429 -432 0
-430 -431 0
-430 -432 0
-431 -432 0
-433 -434 0
-433 -435 0
-433 -436 0
-433 -437 0
-433 -438 0
-433 -439 0
-433 -440 0
-433 -441 0
-433 -442 0
-433 -443 0
-433 -444 0
-433 -445 0
-433 -446 0
-433 -447 0
-433 -448 0
-433 -449 0
-433 -450 0
-433 -451 0
-433 -452 0
-433 -453 0
-433 -454 0
-433 -455 0
-433 -456 0
-433 -457 0
-433 -458 0
-433 -459 0
-434 -435 0
-434 -436 0
-434 -437 0
-434 -438 0
-434 -439 0
-434 -440 0
-434 -441 0
-434 -442 0
-434 -443 0
-434 -444 0
-434 -445 0
-434 -446 0
-434 -447 0
-434 -448 0
-434 -449 0
-434 -450 0
-434 -451 0
-434 -452 0
-434 -453 0
-434 -454 0
-434 -455 0
-434 -456 0
-434 -457 0
-434 -458 0
-434 -459 0
-435 -436 0
-435 -437 0
-435 -438 0
-435 -439 0
-435 -440 0
-435 -441 0
-435 -442 0
-435 -443 0
-435 -444 0
-435 -445 0
-435 -446 0
-435 -447 0
-435 -448 0
-435 -449 0
-435 -450 0
-435 -451 0
-435 -452 0
-435 -453 0
-435 -454 0
-435 -455 0
-435 -456 0
-435 -457 0
-435 -458 0
-435 -459 0
-436 -437 0
-436 -438 0
-436 -439 0
-436 -440 0
-436 -441 0
-436 -442 0
-436 -443 0
-436 -444 0
-436 -445 0
-436 -446 0
-436 -447 0
-436 -448 0
-436 -449 0
-436 -450 0
-436 -451 0
-436 -452 0
-436 -453 0
-436 -454 0
-436 -455 0
-436 -456 0
-436 -457 0
-436 -458 0
-436 -459 0
-437 -438 0
-437 -439 0
-437 -440 0
-437 -441 0
-437 -442 0
-437 -443 0
-437 -444 0
-437 -445 0
-437 -446 0
-437 -447 0
-437 -448 0
-437 -449 0
-437 -450 0
-437 -451 0
-437 -452 0
-437 -453 0
-437 -454 0
-437 -455 0
-437 -456 0
-437 -457 0
-437 -458 0
-437 -459 0
-438 -439 0
-438 -440 0
-438 -441 0
-438 -442 0
-438 -443 0
-438 -444 0
-438 -445 0
-438 -446 0
-438 -447 0
-438 -448 0
-438 -449 0
-438 -450 0
-438 -451 0
-438 -452 0
-438 -453 0
-438 -454 0
-438 -455 0
-438 -456 0
-438 -457 0
-438 -458 0
-438 -459 0
-439 -440 0
-439 -441 0
-439 -442 0
-439 -443 0
-439 -444 0
-439 -445 0
-439 -446 0
-439 -447 0
-439 -448 0
-439 -449 0
-439 -450 0
-439 -451 0
-439 -452 0
-439 -453 0
-439 -454 0
-439 -455 0
-439 -456 0
-439 -457 0
-439 -458 0
-439 -459 0
-440 -441 0
-440 -442 0
-440 -443 0
-440 -444 0
-440 -445 0
-440 -446 0
-440 -447 0
-440 -448 0
-440 -449 0
-440 -450 0
-440 -451 0
-440 -452 0
-440 -453 0
-440 -454 0
-440 -455 0
-440 -456 0
-440 -457 0
-440 -458 0
-440 -459 0
-441 -442 0
-441 -443 0
-441 -444 0
-441 -445 0
-441 -446 0
-441 -447 0
-441 -448 0
-441 -449 0
-441 -450 0
-441 -451 0
-441 -452 0
-441 -453 0
-441 -454 0
-441 -455 0
-441 -456 0
-441 -457 0
-441 -458 0
-441 -459 0
-442 -443 0
-442 -444 0
-442 -445 0
-442 -446 0
-442 -447 0
-442 -448 0
-442 -449 0
-442 -450 0
-442 -451 0
-442 -452 0
-442 -453 0
-442 -454 0
-442 -455 0
-442 -456 0
-442 -457 0
-442 -458 0
-442 -459 0
-443 -444 0
-443 -445 0
-443 -446 0
-443 -447 0
-443 -448 0
-443 -449 0
-443 -450 0
-443 -451 0
-443 -452 0
-443 -453 0
-443 -454 0
-443 -455 0
-443 -456 0
-443 -457 0
-443 -458 0
-443 -459 0
-444 -445 0
-444 -446 0
-444 -447 0
-444 -448 0
-444 -449 0
-444 -450 0
-444 -451 0
-444 -452 0
-444 -453 0
-444 -454 0
-444 -455 0
-444 -456 0
-444 -457 0
-444 -458 0
-444 -459 0
-445 -446 0
-445 -447 0
-445 -448 0
-445 -449 0
-445 -450 0
-445 -451 0
-445 -452 0
-445 -453 0
-445 -454 0
-445 -455 0
-445 -456 0
-445 -457 0
-445 -458 0
-445 -459 0
-446 -447 0
-446 -448 0
-446 -449 0
-446 -450 0
-446 -451 0
-446 -452 0
-446 -453 0
-446 -454 0
-446 -455 0
-446 -456 0
-446 -457 0
-446 -458 0
-446 -459 0
-447 -448 0
-447 -449 0
-447 -450 0
-447 -451 0
-447 -452 0
-447 -453 0
-447 -454 0
-447 -455 0
-447 -456 0
-447 -457 0
-447 -458 0
-447 -459 0
-448 -449 0
-448 -450 0
-448 -451 0
-448 -452 0
-448 -453 0
-448 -454 0
-448 -455 0
-448 -456 0
-448 -457 0
-448 -458 0
-448 -459 0
-449 -450 0
-449 -451 0
-449 -452 0
-449 -453 0
-449 -454 0
-449 -455 0
-449 -456 0
-449 -457 0
-449 -458 0
-449 -459 0
-450 -451 0
-450 -452 0
-450 -453 0
-450 -454 0
-450 -455 0
-450 -456 0
-450 -457 0
-450 -458 0
-450 -459 0
-451 -452 0
-451 -453 0
-451 -454 0
-451 -455 0
-451 -456 0
-451 -457 0
-451 -458 0
-451 -459 0
-452 -453 0
-452 -454 0
-452 -455 0
-452 -456 0
-452 -457 0
-452 -458 0
-452 -459 0
-453 -454 0
-453 -455 0
-453 -456 0
-453 -457 0
-453 -458 0
-453 -459 0
-454 -455 0
-454 -456 0
-454 -457 0
-454 -458 0
-454 -459 0
-455 -456 0
-455 -457 0
-455 -458 0
-455 -459 0
-456 -457 0
-456 -458 0
-456 -459 0
-457 -458 0
-457 -459 0
-458 -459 0
-460 -461 0
-460 -462 0
-460 -463 0
-460 -464 0
-460 -465 0
-460 -466 0
-460 -467 0
-460 -468 0
-460 -469 0
-460 -470 0
-460 -471 0
-460 -472 0
-460 -473 0
-460 -474 0
-460 -475 0
-460 -476 0
-460 -477 0
-460 -478 0
-460 -479 0
-460 -480 0
-460 -481 0
-460 -482 0
-460 -483 0
-460 -484 0
-460 -485 0
-460 -486 0
-461 -462 0
-461 -463 0
-461 -464 0
-461 -465 0
-461 -466 0
-461 -467 0
-461 -468 0
-461 -469 0
-461 -470 0
-461 -471 0
-461 -472 0
-461 -473 0
-461 -474 0
-461 -475 0
-461 -476 0
-461 -477 0
-461 -478 0
-461 -479 0
-461 -480 0
-461 -481 0
-461 -482 0
-461 -483 0
-461 -484 0
-461 -485 0
-461 -486 0
-462 -463 0
-462 -464 0
-462 -465 0
-462 -466 0
-462 -467 0
-462 -468 0
-462 -469 0
-462 -470 0
-462 -471 0
-462 -472 0
-462 -473 0
-462 -474 0
-462 -475 0
-462 -476 0
-462 -477 0
-462 -478 0
-462 -479 0
-462 -480 0
-462 -481 0
-462 -482 0
-462 -483 0
-462 -484 0
-462 -485 0
-462 -486 0
-463 -464 0
-463 -465 0
-463 -466 0
-463 -467 0
-463 -468 0
-463 -469 0
-463 -470 0
-463 -471 0
-463 -472 0
-463 -473 0
-463 -474 0
-463 -475 0
-463 -476 0
-463 -477 0
-463 -478 0
-463 -479 0
-463 -480 0
-463 -481 0
-463 -482 0
-463 -483 0
-463 -484 0
-463 -485 0
-463 -486 0
-464 -465 0
-464 -466 0
-464 -467 0
-464 -468 0
-464 -469 0
-464 -470 0
-464 -471 0
-464 -472 0
-464 -473 0
-464 -474 0
-464 -475 0
-464 -476 0
-464 -477 0
-464 -478 0
-464 -479 0
-464 -480 0
-464 -481 0
-464 -482 0
-464 -483 0
-464 -484 0
-464 -485 0
-464 -486 0
-465 -466 0
-465 -467 0
-465 -468 0
-465 -469 0
-465 -470 0
-465 -471 0
-465 -472 0
-465 -473 0
-465 -474 0
-465 -475 0
-465 -476 0
-465 -477 0
-465 -478 0
-465 -479 0
-465 -480 0
-465 -481 0
-465 -482 0
-465 -483 0
-465 -484 0
-465 -485 0
-465 -486 0
-466 -467 0
-466 -468 0
-466 -469 0
-466 -470 0
-466 -471 0
-466 -472 0
-466 -473 0
-466 -474 0
-466 -475 0
-466 -476 0
-466 -477 0
-466 -478 0
-466 -479 0
-466 -480 0
-466 -481 0
-466 -482 0
-466 -483 0
-466 -484 0
-466 -485 0
-466 -486 0
-467 -468 0
-467 -469 0
-467 -470 0
-467 -471 0
-467 -472 0
-467 -473 0
-467 -474 0
-467 -475 0
-467 -476 0
-467 -477 0
-467 -478 0
-467 -479 0
-467 -480 0
-467 -481 0
-467 -482 0
-467 -483 0
-467 -484 0
-467 -485 0
-467 -486 0
-468 -469 0
-468 -470 0
-468 -471 0
-468 -472 0
-468 -473 0
-468 -474 0
-468 -475 0
-468 -476 0
-468 -477 0
-468 -478 0
-468 -479 0
-468 -480 0
-468 -481 0
-468 -482 0
-468 -483 0
-468 -484 0
-468 -485 0
-468 -486 0
-469 -470 0
-469 -471 0
-469 -472 0
-469 -473 0
-469 -474 0
-469 -475 0
-469 -476 0
-469 -477 0
-469 -478 0
-469 -479 0
-469 -480 0
-469 -481 0
-469 -482 0
-469 -483 0
-469 -484 0
-469 -485 0
-469 -486 0
-470 -471 0
-470 -472 0
-470 -473 0
-470 -474 0
-470 -475 0
-470 -476 0
-470 -477 0
-470 -478 0
-470 -479 0
-470 -480 0
-470 -481 0
-470 -482 0
-470 -483 0
-470 -484 0
-470 -485 0
-470 -486 0
-471 -472 0
-471 -473 0
-471 -474 0
-471 -475 0
-471 -476 0
-471 -477 0
-471 -478 0
-471 -479 0
-471 -480 0
-471 -481 0
-471 -482 0
-471 -483 0
-471 -484 0
-471 -485 0
-471 -486 0
-472 -473 0
-472 -474 0
-472 -475 0
-472 -476 0
-472 -477 0
-472 -478 0
-472 -479 0
-472 -480 0
-472 -481 0
-472 -482 0
-472 -483 0
-472 -484 0
-472 -485 0
-472 -486 0
-473 -474 0
-473 -475 0
-473 -476 0
-473 -477 0
-473 -478 0
-473 -479 0
-473 -480 0
-473 -481 0
-473 -482 0
-473 -483 0
-473 -484 0
-473 -485 0
-473 -486 0
-474 -475 0
-474 -476 0
-474 -477 0
-474 -478 0
-474 -479 0
-474 -480 0
-474 -481 0
-474 -482 0
-474 -483 0
-474 -484 0
-474 -485 0
-474 -486 0
-475 -476 0
-475 -477 0
-475 -478 0
-475 -479 0
-475 -480 0
-475 -481 0
-475 -482 0
-475 -483 0
-475 -484 0
-475 -485 0
-475 -486 0
-476 -477 0
-476 -478 0
-476 -479 0
-476 -480 0
-476 -481 0
-476 -482 0
-476 -483 0
-476 -484 0
-476 -485 0
-476 -486 0
-477 -478 0
-477 -479 0
-477 -480 0
-477 -481 0
-477 -482 0
-477 -483 0
-477 -484 0
-477 -485 0
-477 -486 0
-478 -479 0
-478 -480 0
-478 -481 0
-478 -482 0
-478 -483 0
-478 -484 0
-478 -485 0
-478 -486 0
-479 -480 0
-479 -481 0
-479 -482 0
-479 -483 0
-479 -484 0
-479 -485 0
-479 -486 0
-480 -481 0
-480 -482 0
-480 -483 0
-480 -484 0
-480 -485 0
-480 -486 0
-481 -482 0
-481 -483 0
-481 -484 0
-481 -485 0
-481 -486 0
-482 -483 0
-482 -484 0
-482 -485 0
-482 -486 0
-483 -484 0
-483 -485 0
-483 -486 0
-484 -485 0
-484 -486 0
-485 -486 0
-487 -488 0
-487 -489 0
-487 -490 0
-487 -491 0
-487 -492 0
-487 -493 0
-487 -494 0
-487 -495 0
-487 -496 0
-487 -497 0
-487 -498 0
-487 -499 0
-487 -500 0
-487 -501 0
-487 -502 0
-487 -503 0
-487 -504 0
-487 -505 0
-487 -506 0
-487 -507 0
-487 -508 0
-487 -509 0
-487 -510 0
-487 -511 0
-487 -512 0
-487 -513 0
-488 -489 0
-488 -490 0
-488 -491 0
-488 -492 0
-488 -493 0
-488 -494 0
-488 -495 0
-488 -496 0
-488 -497 0
-488 -498 0
-488 -499 0
-488 -500 0
-488 -501 0
-488 -502 0
-488 -503 0
-488 -504 0
-488 -505 0
-488 -506 0
-488 -507 0
-488 -508 0
-488 -509 0
-488 -510 0
-488 -511 0
-488 -512 0
-488 -513 0
-489 -490 0
-489 -491 0
-489 -492 0
-489 -493 0
-489 -494 0
-489 -495 0
-489 -496 0
-489 -497 0
-489 -498 0
-489 -499 0
-489 -500 0
-489 -501 0
-489 -502 0
-489 -503 0
-489 -504 0
-489 -505 0
-489 -506 0
-489 -507 0
-489 -508 0
-489 -509 0
-489 -510 0
-489 -511 0
-489 -512 0
-489 -513 0
-490 -491 0
-490 -492 0
-490 -493 0
-490 -494 0
-490 -495 0
-490 -496 0
-490 -497 0
-490 -498 0
-490 -499 0
-490 -500 0
-490 -501 0
-490 -502 0
-490 -503 0
-490 -504 0
-490 -505 0
-490 -506 0
-490 -507 0
-490 -508 0
-490 -509 0
-490 -510 0
-490 -511 0
-490 -512 0
-490 -513 0
-491 -492 0
-491 -493 0
-491 -494 0
-491 -495 0
-491 -496 0
-491 -497 0
-491 -498 0
-491 -499 0
-491 -500 0
-491 -501 0
-491 -502 0
-491 -503 0
-491 -504 0
-491 -505 0
-491 -506 0
-491 -507 0
-491 -508 0
-491 -509 0
-491 -510 0
-491 -511 0
-491 -512 0
-491 -513 0
-492 -493 0
-492 -494 0
-492 -495 0
-492 -496 0
-492 -497 0
-492 -498 0
-492 -499 0
-492 -500 0
-492 -501 0
-492 -502 0
-492 -503 0
-492 -504 0
-492 -505 0
-492 -506 0
-492 -507 0
-492 -508 0
-492 -509 0
-492 -510 0
-492 -511 0
-492 -512 0
-492 -513 0
-493 -494 0
-493 -495 0
-493 -496 0
-493 -497 0
-493 -498 0
-493 -499 0
-493 -500 0
-493 -501 0
-493 -502 0
-493 -503 0
-493 -504 0
-493 -505 0
-493 -506 0
-493 -507 0
-493 -508 0
-493 -509 0
-493 -510 0
-493 -511 0
-493 -512 0
-493 -513 0
-494 -495 0
-494 -496 0
-494 -497 0
-494 -498 0
-494 -499 0
-494 -500 0
-494 -501 0
-494 -502 0
-494 -503 0
-494 -504 0
-494 -505 0
-494 -506 0
-494 -507 0
-494 -508 0
-494 -509 0
-494 -510 0
-494 -511 0
-494 -512 0
-494 -513 0
-495 -496 0
-495 -497 0
-495 -498 0
-495 -499 0
-495 -500 0
-495 -501 0
-495 -502 0
-495 -503 0
-495 -504 0
-495 -505 0
-495 -506 0
-495 -507 0
-495 -508 0
-495 -509 0
-495 -510 0
-495 -511 0
-495 -512 0
-495 -513 0
-496 -497 0
-496 -498 0
-496 -499 0
-496 -500 0
-496 -501 0
-496 -502 0
-496 -503 0
-496 -504 0
-496 -505 0
-496 -506 0
-496 -507 0
-496 -508 0
-496 -509 0
-496 -510 0
-496 -511 0
-496 -512 0
-496 -513 0
-497 -498 0
-497 -499 0
-497 -500 0
-497 -501 0
-497 -502 0
-497 -503 0
-497 -504 0
-497 -505 0
-497 -506 0
-497 -507 0
-497 -508 0
-497 -509 0
-497 -510 0
-497 -511 0
-497 -512 0
-497 -513 0
-498 -499 0
-498 -500 0
-498 -501 0
-498 -502 0
-498 -503 0
-498 -504 0
-498 -505 0
-498 -506 0
-498 -507 0
-498 -508 0
-498 -509 0
-498 -510 0
-498 -511 0
-498 -512 0
-498 -513 0
-499 -500 0
-499 -501 0
-499 -502 0
-499 -503 0
-499 -504 0
-499 -505 0
-499 -506 0
-499 -507 0
-499 -508 0
-499 -509 0
-499 -510 0
-499 -511 0
-499 -512 0
-499 -513 0
-500 -501 0
-500 -502 0
-500 -503 0
-500 -504 0
-500 -505 0
-500 -506 0
-500 -507 0
-500 -508 0
-500 -509 0
-500 -510 0
-500 -511 0
-500 -512 0
-500 -513 0
-501 -502 0
-501 -503 0
-501 -504 0
-501 -505 0
-501 -506 0
-501 -507 0
-501 -508 0
-501 -509 0
-501 -510 0
-501 -511 0
-501 -512 0
-501 -513 0
-502 -503 0
-502 -504 0
-502 -505 0
-502 -506 0
-502 -507 0
-502 -508 0
-502 -509 0
-502 -510 0
-502 -511 0
-502 -512 0
-502 -513 0
-503 -504 0
-503 -505 0
-503 -506 0
-503 -507 0
-503 -508 0
-503 -509 0
-503 -510 0
-503 -511 0
-503 -512 0
-503 -513 0
-504 -505 0
-504 -506 0
-504 -507 0
-504 -508 0
-504 -509 0
-504 -510 0
-504 -511 0
-504 -512 0
-504 -513 0
-505 -506 0
-505 -507 0
-505 -508 0
-505 -509 0
-505 -510 0
-505 -511 0
-505 -512 0
-505 -513 0
-506 -507 0
-506 -508 0
-506 -509 0
-506 -510 0
-506 -511 0
-506 -512 0
-506 -513 0
-507 -508 0
-507 -509 0
-507 -510 0
-507 -511 0
-507 -512 0
-507 -513 0
-508 -509 0
-508 -510 0
-508 -511 0
-508 -512 0
-508 -513 0
-509 -510 0
-509 -511 0
-509 -512 0
-509 -513 0
-510 -511 0
-510 -512 0
-510 -513 0
-511 -512 0
-511 -513 0
-512 -513 0
-514 -515 0
-514 -516 0
-514 -517 0
-514 -518 0
-514 -519 0
-514 -520 0
-514 -521 0
-514 -522 0
-514 -523 0
-514 -524 0
-514 -525 0
-514 -526 0
-514 -527 0
-514 -528 0
-514 -529 0
-514 -530 0
-514 -531 0
-514 -532 0
-514 -533 0
-514 -534 0
-514 -535 0
-514 -536 0
-514 -537 0
-514 -538 0
-514 -539 0
-514 -540 0
-515 -516 0
-515 -517 0
-515 -518 0
-515 -519 0
-515 -520 0
-515 -521 0
-515 -522 0
-515 -523 0
-515 -524 0
-515 -525 0
-515 -526 0
-515 -527 0
-515 -528 0
-515 -529 0
-515 -530 0
-515 -531 0
-515 -532 0
-515 -533 0
-515 -534 0
-515 -535 0
-515 -536 0
-515 -537 0
-515 -538 0
-515 -539 0
-515 -540 0
-516 -517 0
-516 -518 0
-516 -519 0
-516 -520 0
-516 -521 0
-516 -522 0
-516 -523 0
-516 -524 0
-516 -525 0
-516 -526 0
-516 -527 0
-516 -528 0
-516 -529 0
-516 -530 0
-516 -531 0
-516 -532 0
-516 -533 0
-516 -534 0
-516 -535 0
-516 -536 0
-516 -537 0
-516 -538 0
-516 -539 0
-516 -540 0
-517 -518 0
-517 -519 0
-517 -520 0
-517 -521 0
-517 -522 0
-517 -523 0
-517 -524 0
-517 -525 0
-517 -526 0
-517 -527 0
-517 -528 0
-517 -529 0
-517 -530 0
-517 -531 0
-517 -532 0
-517 -533 0
-517 -534 0
-517 -535 0
-517 -536 0
-517 -537 0
-517 -538 0
-517 -539 0
-517 -540 0
-518 -519 0
-518 -520 0
-518 -521 0
-518 -522 0
-518 -523 0
-518 -524 0
-518 -525 0
-518 -526 0
-518 -527 0
-518 -528 0
-518 -529 0
-518 -530 0
-518 -531 0
-518 -532 0
-518 -533 0
-518 -534 0
-518 -535 0
-518 -536 0
-518 -537 0
-518 -538 0
-518 -539 0
-518 -540 0
-519 -520 0
-519 -521 0
-519 -522 0
-519 -523 0
-519 -524 0
-519 -525 0
-519 -526 0
-519 -527 0
-519 -528 0
-519 -529 0
-519 -530 0
-519 -531 0
-519 -532 0
-519 -533 0
-519 -534 0
-519 -535 0
-519 -536 0
-519 -537 0
-519 -538 0
-519 -539 0
-519 -540 0
-520 -521 0
-520 -522 0
-520 -523 0
-520 -524 0
-520 -525 0
-520 -526 0
-520 -527 0
-520 -528 0
-520 -529 0
-520 -530 0
-520 -531 0
-520 -532 0
-520 -533 0
-520 -534 0
-520 -535 0
-520 -536 0
-520 -537 0
-520 -538 0
-520 -539 0
-520 -540 0
-521 -522 0
-521 -523 0
-521 -524 0
-521 -525 0
-521 -526 0
-521 -527 0
-521 -528 0
-521 -529 0
-521 -530 0
-521 -531 0
-521 -532 0
-521 -533 0
-521 -534 0
-521 -535 0
-521 -536 0
-521 -537 0
-521 -538 0
-521 -539 0
-521 -540 0
-522 -523 0
-522 -524 0
-522 -525 0
-522 -526 0
-522 -527 0
-522 -528 0
-522 -529 0
-522 -530 0
-522 -531 0
-522 -532 0
-522 -533 0
-522 -534 0
-522 -535 0
-522 -536 0
-522 -537 0
-522 -538 0
-522 -539 0
-522 -540 0
-523 -524 0
-523 -525 0
-523 -526 0
-523 -527 0
-523 -528 0
-523 -529 0
-523 -530 0
-523 -531 0
-523 -532 0
-523 -533 0
-523 -534 0
-523 -535 0
-523 -536 0
-523 -537 0
-523 -538 0
-523 -539 0
-523 -540 0
-524 -525 0
-524 -526 0
-524 -527 0
-524 -528 0
-524 -529 0
-524 -530 0
-524 -531 0
-524 -532 0
-524 -533 0
-524 -534 0
-524 -535 0
-524 -536 0
-524 -537 0
-524 -538 0
-524 -539 0
-524 -540 0
-525 -526 0
-525 -527 0
-525 -528 0
-525 -529 0
-525 -530 0
-525 -531 0
-525 -532 0
-525 -533 0
-525 -534 0
-525 -535 0
-525 -536 0
-525 -537 0
-525 -538 0
-525 -539 0
-525 -540 0
-526 -527 0
-526 -528 0
-526 -529 0
-526 -530 0
-526 -531 0
-526 -532 0
-526 -533 0
-526 -534 0
-526 -535 0
-526 -536 0
-526 -537 0
-526 -538 0
-526 -539 0
-526 -540 0
-527 -528 0
-527 -529 0
-527 -530 0
-527 -531 0
-527 -532 0
-527 -533 0
-527 -534 0
-527 -535 0
-527 -536 0
-527 -537 0
-527 -538 0
-527 -539 0
-527 -540 0
-528 -529 0
-528 -530 0
-528 -531 0
-528 -532 0
-528 -533 0
-528 -534 0
-528 -535 0
-528 -536 0
-528 -537 0
-528 -538 0
-528 -539 0
-528 -540 0
-529 -530 0
-529 -531 0
-529 -532 0
-529 -533 0
-529 -534 0
-529 -535 0
-529 -536 0
-529 -537 0
-529 -538 0
-529 -539 0
-529 -540 0
-530 -531 0
-530 -532 0
-530 -533 0
-530 -534 0
-530 -535 0
-530 -536 0
-530 -537 0
-530 -538 0
-530 -539 0
-530 -540 0
-531 -532 0
-531 -533 0
-531 -534 0
-531 -535 0
-531 -536 0
-531 -537 0
-531 -538 0
-531 -539 0
-531 -540 0
-532 -533 0
-532 -534 0
-532 -535 0
-532 -536 0
-532 -537 0
-532 -538 0
-532 -539 0
-532 -540 0
-533 -534 0
-533 -535 0
-533 -536 0
-533 -537 0
-533 -538 0
-533 -539 0
-533 -540 0
-534 -535 0
-534 -536 0
-534 -537 0
-534 -538 0
-534 -539 0
-534 -540 0
-535 -536 0
-535 -537 0
-535 -538 0
-535 -539 0
-535 -540 0
-536 -537 0
-536 -538 0
-536 -539 0
-536 -540 0
-537 -538 0
-537 -539 0
-537 -540 0
-538 -539 0
-538 -540 0
-539 -540 0
-541 -542 0
-541 -543 0
-541 -544 0
-541 -545 0
-541 -546 0
-541 -547 0
-541 -548 0
-541 -549 0
-541 -550 0
-541 -551 0
-541 -552 0
-541 -553 0
-541 -554 0
-541 -555 0
-541 -556 0
-541 -557 0
-541 -558 0
-541 -559 0
-541 -560 0
-541 -561 0
-541 -562 0
-541 -563 0
-541 -564 0
-541 -565 0
-541 -566 0
-541 -567 0
-542 -543 0
-542 -544 0
-542 -545 0
-542 -546 0
-542 -547 0
-542 -548 0
-542 -549 0
-542 -550 0
-542 -551 0
-542 -552 0
-542 -553 0
-542 -554 0
-542 -555 0
-542 -556 0
-542 -557 0
-542 -558 0
-542 -559 0
-542 -560 0
-542 -561 0
-542 -562 0
-542 -563 0
-542 -564 0
-542 -565 0
-542 -566 0
-542 -567 0
-543 -544 0
-543 -545 0
-543 -546 0
-543 -547 0
-543 -548 0
-543 -549 0
-543 -550 0
-543 -551 0
-543 -552 0
-543 -553 0
-543 -554 0
-543 -555 0
-543 -556 0
-543 -557 0
-543 -558 0
-543 -559 0
-543 -560 0
-543 -561 0
-543 -562 0
-543 -563 0
-543 -564 0
-543 -565 0
-543 -566 0
-543 -567 0
-544 -545 0
-544 -546 0
-544 -547 0
-544 -548 0
-544 -549 0
-544 -550 0
-544 -551 0
-544 -552 0
-544 -553 0
-544 -554 0
-544 -555 0
-544 -556 0
-544 -557 0
-544 -558 0
-544 -559 0
-544 -560 0
-544 -561 0
-544 -562 0
-544 -563 0
-544 -564 0
-544 -565 0
-544 -566 0
-544 -567 0
-545 -546 0
-545 -547 0
-545 -548 0
-545 -549 0
-545 -550 0
-545 -551 0
-545 -552 0
-545 -553 0
-545 -554 0
-545 -555 0
-545 -556 0
-545 -557 0
-545 -558 0
-545 -559 0
-545 -560 0
-545 -561 0
-545 -562 0
-545 -563 0
-545 -564 0
-545 -565 0
-545 -566 0
-545 -567 0
-546 -547 0
-546 -548 0
-546 -549 0
-546 -550 0
-546 -551 0
-546 -552 0
-546 -553 0
-546 -554 0
-546 -555 0
-546 -556 0
-546 -557 0
-546 -558 0
-546 -559 0
-546 -560 0
-546 -561 0
-546 -562 0
-546 -563 0
-546 -564 0
-546 -565 0
-546 -566 0
-546 -567 0
-547 -548 0
-547 -549 0
-547 -550 0
-547 -551 0
-547 -552 0
-547 -553 0
-547 -554 0
-547 -555 0
-547 -556 0
-547 -557 0
-547 -558 0
-547 -559 0
-547 -560 0
-547 -561 0
-547 -562 0
-547 -563 0
-547 -564 0
-547 -565 0
-547 -566 0
-547 -567 0
-548 -549 0
-548 -550 0
-548 -551 0
-548 -552 0
-548 -553 0
-548 -554 0
-548 -555 0
-548 -556 0
-548 -557 0
-548 -558 0
-548 -559 0
-548 -560 0
-548 -561 0
-548 -562 0
-548 -563 0
-548 -564 0
-548 -565 0
-548 -566 0
-548 -567 0
-549 -550 0
-549 -551 0
-549 -552 0
-549 -553 0
-549 -554 0
-549 -555 0
-549 -556 0
-549 -557 0
-549 -558 0
-549 -559 0
-549 -560 0
-549 -561 0
-549 -562 0
-549 -563 0
-549 -564 0
-549 -565 0
-549 -566 0
-549 -567 0
-550 -551 0
-550 -552 0
-550 -553 0
-550 -554 0
-550 -555 0
-550 -556 0
-550 -557 0
-550 -558 0
-550 -559 0
-550 -560 0
-550 -561 0
-550 -562 0
-550 -563 0
-550 -564 0
-550 -565 0
-550 -566 0
-550 -567 0
-551 -552 0
-551 -553 0
-551 -554 0
-551 -555 0
-551 -556 0
-551 -557 0
-551 -558 0
-551 -559 0
-551 -560 0
-551 -561 0
-551 -562 0
-551 -563 0
-551 -564 0
-551 -565 0
-551 -566 0
-551 -567 0
-552 -553 0
-552 -554 0
-552 -555 0
-552 -556 0
-552 -557 0
-552 -558 0
-552 -559 0
-552 -560 0
-552 -561 0
-552 -562 0
-552 -563 0
-552 -564 0
-552 -565 0
-552 -566 0
-552 -567 0
-553 -554 0
-553 -555 0
-553 -556 0
-553 -557 0
-553 -558 0
-553 -559 0
-553 -560 0
-553 -561 0
-553 -562 0
-553 -563 0
-553 -564 0
-553 -565 0
-553 -566 0
-553 -567 0
-554 -555 0
-554 -556 0
-554 -557 0
-554 -558 0
-554 -559 0
-554 -560 0
-554 -561 0
-554 -562 0
-554 -563 0
-554 -564 0
-554 -565 0
-554 -566 0
-554 -567 0
-555 -556 0
-555 -557 0
-555 -558 0
-555 -559 0
-555 -560 0
-555 -561 0
-555 -562 0
-555 -563 0
-555 -564 0
-555 -565 0
-555 -566 0
-555 -567 0
-556 -557 0
-556 -558 0
-556 -559 0
-556 -560 0
-556 -561 0
-556 -562 0
-556 -563 0
-556 -564 0
-556 -565 0
-556 -566 0
-556 -567 0
-557 -558 0
-557 -559 0
-557 -560 0
-557 -561 0
-557 -562 0
-557 -563 0
-557 -564 0
-557 -565 0
-557 -566 0
-557 -567 0
-558 -559 0
-558 -560 0
-558 -561 0
-558 -562 0
-558 -563 0
-558 -564 0
-558 -565 0
-558 -566 0
-558 -567 0
-559 -560 0
-559 -561 0
-559 -562 0
-559 -563 0
-559 -564 0
-559 -565 0
-559 -566 0
-559 -567 0
-560 -561 0
-560 -562 0
-560 -563 0
-560 -564 0
-560 -565 0
-560 -566 0
-560 -567 0
-561 -562 0
-561 -563 0
-561 -564 0
-561 -565 0
-561 -566 0
-561 -567 0
-562 -563 0
-562 -564 0
-562 -565 0
-562 -566 0
-562 -567 0
-563 -564 0
-563 -565 0
-563 -566 0
-563 -567 0
-564 -565 0
-564 -566 0
-564 -567 0
-565 -566 0
-565 -567 0
-566 -567 0
-568 -569 0
-568 -570 0
-568 -571 0
-568 -572 0
-568 -573 0
-568 -574 0
-568 -575 0
-568 -576 0
-568 -577 0
-568 -578 0
-568 -579 0
-568 -580 0
-568 -581 0
-568 -582 0
-568 -583 0
-568 -584 0
-568 -585 0
-568 -586 0
-568 -587 0
-568 -588 0
-568 -589 0
-568 -590 0
-568 -591 0
-568 -592 0
-568 -593 0
-568 -594 0
-569 -570 0
-569 -571 0
-569 -572 0
-569 -573 0
-569 -574 0
-569 -575 0
-569 -576 0
-569 -577 0
-569 -578 0
-569 -579 0
-569 -580 0
-569 -581 0
-569 -582 0
-569 -583 0
-569 -584 0
-569 -585 0
-569 -586 0
-569 -587 0
-569 -588 0
-569 -589 0
-569 -590 0
-569 -591 0
-569 -592 0
-569 -593 0
-569 -594 0
-570 -571 0
-570 -572 0
-570 -573 0
-570 -574 0
-570 -575 0
-570 -576 0
-570 -577 0
-570 -578 0
-570 -579 0
-570 -580 0
-570 -581 0
-570 -582 0
-570 -583 0
-570 -584 0
-570 -585 0
-570 -586 0
-570 -587 0
-570 -588 0
-570 -589 0
-570 -590 0
-570 -591 0
-570 -592 0
-570 -593 0
-570 -594 0
-571 -572 0
-571 -573 0
-571 -574 0
-571 -575 0
-571 -576 0
-571 -577 0
-571 -578 0
-571 -579 0
-571 -580 0
-571 -581 0
-571 -582 0
-571 -583 0
-571 -584 0
-571 -585 0
-571 -586 0
-571 -587 0
-571 -588 0
-571 -589 0
-571 -590 0
-571 -591 0
-571 -592 0
-571 -593 0
-571 -594 0
-572 -573 0
-572 -574 0
-572 -575 0
-572 -576 0
-572 -577 0
-572 -578 0
-572 -579 0
-572 -580 0
-572 -581 0
-572 -582 0
-572 -583 0
-572 -584 0
-572 -585 0
-572 -586 0
-572 -587 0
-572 -588 0
-572 -589 0
-572 -590 0
-572 -591 0
-572 -592 0
-572 -593 0
-572 -594 0
-573 -574 0
-573 -575 0
-573 -576 0
-573 -577 0
-573 -578 0
-573 -579 0
-573 -580 0
-573 -581 0
-573 -582 0
-573 -583 0
-573 -584 0
-573 -585 0
-573 -586 0
-573 -587 0
-573 -588 0
-573 -589 0
-573 -590 0
-573 -591 0
-573 -592 0
-573 -593 0
-573 -594 0
-574 -575 0
-574 -576 0
-574 -577 0
-574 -578 0
-574 -579 0
-574 -580 0
-574 -581 0
-574 -582 0
-574 -583 0
-574 -584 0
-574 -585 0
-574 -586 0
-574 -587 0
-574 -588 0
-574 -589 0
-574 -590 0
-574 -591 0
-574 -592 0
-574 -593 0
-574 -594 0
-575 -576 0
-575 -577 0
-575 -578 0
-575 -579 0
-575 -580 0
-575 -581 0
-575 -582 0
-575 -583 0
-575 -584 0
-575 -585 0
-575 -586 0
-575 -587 0
-575 -588 0
-575 -589 0
-575 -590 0
-575 -591 0
-575 -592 0
-575 -593 0
-575 -594 0
-576 -577 0
-576 -578 0
-576 -579 0
-576 -580 0
-576 -581 0
-576 -582 0
-576 -583 0
-576 -584 0
-576 -585 0
-576 -586 0
-576 -587 0
-576 -588 0
-576 -589 0
-576 -590 0
-576 -591 0
-576 -592 0
-576 -593 0
-576 -594 0
-577 -578 0
-577 -579 0
-577 -580 0
-577 -581 0
-577 -582 0
-577 -583 0
-577 -584 0
-577 -585 0
-577 -586 0
-577 -587 0
-577 -588 0
-577 -589 0
-577 -590 0
-577 -591 0
-577 -592 0
-577 -593 0
-577 -594 0
-578 -579 0
-578 -580 0
-578 -581 0
-578 -582 0
-578 -583 0
-578 -584 0
-578 -585 0
-578 -586 0
-578 -587 0
-578 -588 0
-578 -589 0
-578 -590 0
-578 -591 0
-578 -592 0
-578 -593 0
-578 -594 0
-579 -580 0
-579 -581 0
-579 -582 0
-579 -583 0
-579 -584 0
-579 -585 0
-579 -586 0
-579 -587 0
-579 -588 0
-579 -589 0
-579 -590 0
-579 -591 0
-579 -592 0
-579 -593 0
-579 -594 0
-580 -581 0
-580 -582 0
-580 -583 0
-580 -584 0
-580 -585 0
-580 -586 0
-580 -587 0
-580 -588 0
-580 -589 0
-580 -590 0
-580 -591 0
-580 -592 0
-580 -593 0
-580 -594 0
-581 -582 0
-581 -583 0
-581 -584 0
-581 -585 0
-581 -586 0
-581 -587 0
-581 -588 0
-581 -589 0
-581 -590 0
-581 -591 0
-581 -592 0
-581 -593 0
-581 -594 0
-582 -583 0
-582 -584 0
-582 -585 0
-582 -586 0
-582 -587 0
-582 -588 0
-582 -589 0
-582 -590 0
-582 -591 0
-582 -592 0
-582 -593 0
-582 -594 0
-583 -584 0
-583 -585 0
-583 -586 0
-583 -587 0
-583 -588 0
-583 -589 0
-583 -590 0
-583 -591 0
-583 -592 0
-583 -593 0
-583 -594 0
-584 -585 0
-584 -586 0
-584 -587 0
-584 -588 0
-584 -589 0
-584 -590 0
-584 -591 0
-584 -592 0
-584 -593 0
-584 -594 0
-585 -586 0
-585 -587 0
-585 -588 0
-585 -589 0
-585 -590 0
-585 -591 0
-585 -592 0
-585 -593 0
-585 -594 0
-586 -587 0
-586 -588 0
-586 -589 0
-586 -590 0
-586 -591 0
-586 -592 0
-586 -593 0
-586 -594 0
-587 -588 0
-587 -589 0
-587 -590 0
-587 -591 0
-587 -592 0
-587 -593 0
-587 -594 0
-588 -589 0
-588 -590 0
-588 -591 0
-588 -592 0
-588 -593 0
-588 -594 0
-589 -590 0
-589 -591 0
-589 -592 0
-589 -593 0
-589 -594 0
-590 -591 0
-590 -592 0
-590 -593 0
-590 -594 0
-591 -592 0
-591 -593 0
-591 -594 0
-592 -593 0
-592 -594 0
-593 -594 0
-595 -596 0
-595 -597 0
-595 -598 0
-595 -599 0
-595 -600 0
-595 -601 0
-595 -602 0
-595 -603 0
-595 -604 0
-595 -605 0
-595 -606 0
-595 -607 0
-595 -608 0
-595 -609 0
-595 -610 0
-595 -611 0
-595 -612 0
-595 -613 0
-595 -614 0
-595 -615 0
-595 -616 0
-595 -617 0
-595 -618 0
-595 -619 0
-595 -620 0
-595 -621 0
-596 -597 0
-596 -598 0
-596 -599 0
-596 -600 0
-596 -601 0
-596 -602 0
-596 -603 0
-596 -604 0
-596 -605 0
-596 -606 0
-596 -607 0
-596 -608 0
-596 -609 0
-596 -610 0
-596 -611 0
-596 -612 0
-596 -613 0
-596 -614 0
-596 -615 0
-596 -616 0
-596 -617 0
-596 -618 0
-596 -619 0
-596 -620 0
-596 -621 0
-597 -598 0
-597 -599 0
-597 -600 0
-597 -601 0
-597 -602 0
-597 -603 0
-597 -604 0
-597 -605 0
-597 -606 0
-597 -607 0
-597 -608 0
-597 -609 0
-597 -610 0
-597 -611 0
-597 -612 0
-597 -613 0
-597 -614 0
-597 -615 0
-597 -616 0
-597 -617 0
-597 -618 0
-597 -619 0
-597 -620 0
-597 -621 0
-598 -599 0
-598 -600 0
-598 -601 0
-598 -602 0
-598 -603 0
-598 -604 0
-598 -605 0
-598 -606 0
-598 -607 0
-598 -608 0
-598 -609 0
-598 -610 0
-598 -611 0
-598 -612 0
-598 -613 0
-598 -614 0
-598 -615 0
-598 -616 0
-598 -617 0
-598 -618 0
-598 -619 0
-598 -620 0
-598 -621 0
-599 -600 0
-599 -601 0
-599 -602 0
-599 -603 0
-599 -604 0
-599 -605 0
-599 -606 0
-599 -607 0
-599 -608 0
-599 -609 0
-599 -610 0
-599 -611 0
-599 -612 0
-599 -613 0
-599 -614 0
-599 -615 0
-599 -616 0
-599 -617 0
-599 -618 0
-599 -619 0
-599 -620 0
-599 -621 0
-600 -601 0
-600 -602 0
-600 -603 0
-600 -604 0
-600 -605 0
-600 -606 0
-600 -607 0
-600 -608 0
-600 -609 0
-600 -610 0
-600 -611 0
-600 -612 0
-600 -613 0
-600 -614 0
-600 -615 0
-600 -616 0
-600 -617 0
-600 -618 0
-600 -619 0
-600 -620 0
-600 -621 0
-601 -602 0
-601 -603 0
-601 -604 0
-601 -605 0
-601 -606 0
-601 -607 0
-601 -608 0
-601 -609 0
-601 -610 0
-601 -611 0
-601 -612 0
-601 -613 0
-601 -614 0
-601 -615 0
-601 -616 0
-601 -617 0
-601 -618 0
-601 -619 0
-601 -620 0
-601 -621 0
-602 -603 0
-602 -604 0
-602 -605 0
-602 -606 0
-602 -607 0
-602 -608 0
-602 -609 0
-602 -610 0
-602 -611 0
-602 -612 0
-602 -613 0
-602 -614 0
-602 -615 0
-602 -616 0
-602 -617 0
-602 -618 0
-602 -619 0
-602 -620 0
-602 -621 0
-603 -604 0
-603 -605 0
-603 -606 0
-603 -607 0
-603 -608 0
-603 -609 0
-603 -610 0
-603 -611 0
-603 -612 0
-603 -613 0
-603 -614 0
-603 -615 0
-603 -616 0
-603 -617 0
-603 -618 0
-603 -619 0
-603 -620 0
-603 -621 0
-604 -605 0
-604 -606 0
-604 -607 0
-604 -608 0
-604 -609 0
-604 -610 0
-604 -611 0
-604 -612 0
-604 -613 0
-604 -614 0
-604 -615 0
-604 -616 0
-604 -617 0
-604 -618 0
-604 -619 0
-604 -620 0
-604 -621 0
-605 -606 0
-605 -607 0
-605 -608 0
-605 -609 0
-605 -610 0
-605 -611 0
-605 -612 0
-605 -613 0
-605 -614 0
-605 -615 0
-605 -616 0
-605 -617 0
-605 -618 0
-605 -619 0
-605 -620 0
-605 -621 0
-606 -607 0
-606 -608 0
-606 -609 0
-606 -610 0
-606 -611 0
-606 -612 0
-606 -613 0
-606 -614 0
-606 -615 0
-606 -616 0
-606 -617 0
-606 -618 0
-606 -619 0
-606 -620 0
-606 -621 0
-607 -608 0
-607 -609 0
-607 -610 0
-607 -611 0
-607 -612 0
-607 -613 0
-607 -614 0
-607 -615 0
-607 -616 0
-607 -617 0
-607 -618 0
-607 -619 0
-607 -620 0
-607 -621 0
-608 -609 0
-608 -610 0
-608 -611 0
-608 -612 0
-608 -613 0
-608 -614 0
-608 -615 0
-608 -616 0
-608 -617 0
-608 -618 0
-608 -619 0
-608 -620 0
-608 -621 0
-609 -610 0
-609 -611 0
-609 -612 0
-609 -613 0
-609 -614 0
-609 -615 0
-609 -616 0
-609 -617 0
-609 -618 0
-609 -619 0
-609 -620 0
-609 -621 0
-610 -611 0
-610 -612 0
-610 -613 0
-610 -614 0
-610 -615 0
-610 -616 0
-610 -617 0
-610 -618 0
-610 -619 0
-610 -620 0
-610 -621 0
-611 -612 0
-611 -613 0
-611 -614 0
-611 -615 0
-611 -616 0
-611 -617 0
-611 -618 0
-611 -619 0
-611 -620 0
-611 -621 0
-612 -613 0
-612 -614 0
-612 -615 0
-612 -616 0
-612 -617 0
-612 -618 0
-612 -619 0
-612 -620 0
-612 -621 0
-613 -614 0
-613 -615 0
-613 -616 0
-613 -617 0
-613 -618 0
-613 -619 0
-613 -620 0
-613 -621 0
-614 -615 0
-614 -616 0
-614 -617 0
-614 -618 0
-614 -619 0
-614 -620 0
-614 -621 0
-615 -616 0
-615 -617 0
-615 -618 0
-615 -619 0
-615 -620 0
-615 -621 0
-616 -617 0
-616 -618 0
-616 -619 0
-616 -620 0
-616 -621 0
-617 -618 0
-617 -619 0
-617 -620 0
-617 -621 0
-618 -619 0
-618 -620 0
-618 -621 0
-619 -620 0
-619 -621 0
-620 -621 0
-622 -623 0
-622 -624 0
-622 -625 0
-622 -626 0
-622 -627 0
-622 -628 0
-622 -629 0
-622 -630 0
-622 -631 0
-622 -632 0
-622 -633 0
-622 -634 0
-622 -635 0
-622 -636 0
-622 -637 0
-622 -638 0
-622 -639 0
-622 -640 0
-622 -641 0
-622 -642 0
-622 -643 0
-622 -644 0
-622 -645 0
-622 -646 0
-622 -647 0
-622 -648 0
-623 -624 0
-623 -625 0
-623 -626 0
-623 -627 0
-623 -628 0
-623 -629 0
-623 -630 0
-623 -631 0
-623 -632 0
-623 -633 0
-623 -634 0
-623 -635 0
-623 -636 0
-623 -637 0
-623 -638 0
-623 -639 0
-623 -640 0
-623 -641 0
-623 -642 0
-623 -643 0
-623 -644 0
-623 -645 0
-623 -646 0
-623 -647 0
-623 -648 0
-624 -625 0
-624 -626 0
-624 -627 0
-624 -628 0
-624 -629 0
-624 -630 0
-624 -631 0
-624 -632 0
-624 -633 0
-624 -634 0
-624 -635 0
-624 -636 0
-624 -637 0
-624 -638 0
-624 -639 0
-624 -640 0
-624 -641 0
-624 -642 0
-624 -643 0
-624 -644 0
-624 -645 0
-624 -646 0
-624 -647 0
-624 -648 0
-625 -626 0
-625 -627 0
-625 -628 0
-625 -629 0
-625 -630 0
-625 -631 0
-625 -632 0
-625 -633 0
-625 -634 0
-625 -635 0
-625 -636 0
-625 -637 0
-625 -638 0
-625 -639 0
-625 -640 0
-625 -641 0
-625 -642 0
-625 -643 0
-625 -644 0
-625 -645 0
-625 -646 0
-625 -647 0
-625 -648 0
-626 -627 0
-626 -628 0
-626 -629 0
-626 -630 0
-626 -631 0
-626 -632 0
-626 -633 0
-626 -634 0
-626 -635 0
-626 -636 0
-626 -637 0
-626 -638 0
-626 -639 0
-626 -640 0
-626 -641 0
-626 -642 0
-626 -643 0
-626 -644 0
-626 -645 0
-626 -646 0
-626 -647 0
-626 -648 0
-627 -628 0
-627 -629 0
-627 -630 0
-627 -631 0
-627 -632 0
-627 -633 0
-627 -634 0
-627 -635 0
-627 -636 0
-627 -637 0
-627 -638 0
-627 -639 0
-627 -640 0
-627 -641 0
-627 -642 0
-627 -643 0
-627 -644 0
-627 -645 0
-627 -646 0
-627 -647 0
-627 -648 0
-628 -629 0
-628 -630 0
-628 -631 0
-628 -632 0
-628 -633 0
-628 -634 0
-628 -635 0
-628 -636 0
-628 -637 0
-628 -638 0
-628 -639 0
-628 -640 0
-628 -641 0
-628 -642 0
-628 -643 0
-628 -644 0
-628 -645 0
-628 -646 0
-628 -647 0
-628 -648 0
-629 -630 0
-629 -631 0
-629 -632 0
-629 -633 0
-629 -634 0
-629 -635 0
-629 -636 0
-629 -637 0
-629 -638 0
-629 -639 0
-629 -640 0
-629 -641 0
-629 -642 0
-629 -643 0
-629 -644 0
-629 -645 0
-629 -646 0
-629 -647 0
-629 -648 0
-630 -631 0
-630 -632 0
-630 -633 0
-630 -634 0
-630 -635 0
-630 -636 0
-630 -637 0
-630 -638 0
-630 -639 0
-630 -640 0
-630 -641 0
-630 -642 0
-630 -643 0
-630 -644 0
-630 -645 0
-630 -646 0
-630 -647 0
-630 -648 0
-631 -632 0
-631 -633 0
-631 -634 0
-631 -635 0
-631 -636 0
-631 -637 0
-631 -638 0
-631 -639 0
-631 -640 0
-631 -641 0
-631 -642 0
-631 -643 0
-631 -644 0
-631 -645 0
-631 -646 0
-631 -647 0
-631 -648 0
-632 -633 0
-632 -634 0
-632 -635 0
-632 -636 0
-632 -637 0
-632 -638 0
-632 -639 0
-632 -640 0
-632 -641 0
-632 -642 0
-632 -643 0
-632 -644 0
-632 -645 0
-632 -646 0
-632 -647 0
-632 -648 0
-633 -634 0
-633 -635 0
-633 -636 0
-633 -637 0
-633 -638 0
-633 -639 0
-633 -640 0
-633 -641 0
-633 -642 0
-633 -643 0
-633 -644 0
-633 -645 0
-633 -646 0
-633 -647 0
-633 -648 0
-634 -635 0
-634 -636 0
-634 -637 0
-634 -638 0
-634 -639 0
-634 -640 0
-634 -641 0
-634 -642 0
-634 -643 0
-634 -644 0
-634 -645 0
-634 -646 0
-634 -647 0
-634 -648 0
-635 -636 0
-635 -637 0
-635 -638 0
-635 -639 0
-635 -640 0
-635 -641 0
-635 -642 0
-635 -643 0
-635 -644 0
-635 -645 0
-635 -646 0
-635 -647 0
-635 -648 0
-636 -637 0
-636 -638 0
-636 -639 0
-636 -640 0
-636 -641 0
-636 -642 0
-636 -643 0
-636 -644 0
-636 -645 0
-636 -646 0
-636 -647 0
-636 -648 0
-637 -638 0
-637 -639 0
-637 -640 0
-637 -641 0
-637 -642 0
-637 -643 0
-637 -644 0
-637 -645 0
-637 -646 0
-637 -647 0
-637 -648 0
-638 -639 0
-638 -640 0
-638 -641 0
-638 -642 0
-638 -643 0
-638 -644 0
-638 -645 0
-638 -646 0
-638 -647 0
-638 -648 0
-639 -640 0
-639 -641 0
-639 -642 0
-639 -643 0
-639 -644 0
-639 -645 0
-639 -646 0
-639 -647 0
-639 -648 0
-640 -641 0
-640 -642 0
-640 -643 0
-640 -644 0
-640 -645 0
-640 -646 0
-640 -647 0
-640 -648 0
-641 -642 0
-641 -643 0
-641 -644 0
-641 -645 0
-641 -646 0
-641 -647 0
-641 -648 0
-642 -643 0
-642 -644 0
-642 -645 0
-642 -646 0
-642 -647 0
-642 -648 0
-643 -644 0
-643 -645 0
-643 -646 0
-643 -647 0
-643 -648 0
-644 -645 0
-644 -646 0
-644 -647 0
-644 -648 0
-645 -646 0
-645 -647 0
-645 -648 0
-646 -647 0
-646 -648 0
-647 -648 0
-649 -650 0
-649 -651 0
-649 -652 0
-649 -653 0
-649 -654 0
-649 -655 0
-649 -656 0
-649 -657 0
-649 -658 0
-649 -659 0
-649 -660 0
-649 -661 0
-649 -662 0
-649 -663 0
-649 -664 0
-649 -665 0
-649 -666 0
-649 -667 0
-649 -668 0
-649 -669 0
-649 -670 0
-649 -671 0
-649 -672 0
-649 -673 0
-649 -674 0
-649 -675 0
-650 -651 0
-650 -652 0
-650 -653 0
-650 -654 0
-650 -655 0
-650 -656 0
-650 -657 0
-650 -658 0
-650 -659 0
-650 -660 0
-650 -661 0
-650 -662 0
-650 -663 0
-650 -664 0
-650 -665 0
-650 -666 0
-650 -667 0
-650 -668 0
-650 -669 0
-650 -670 0
-650 -671 0
-650 -672 0
-650 -673 0
-650 -674 0
-650 -675 0
-651 -652 0
-651 -653 0
-651 -654 0
-651 -655 0
-651 -656 0
-651 -657 0
-651 -658 0
-651 -659 0
-651 -660 0
-651 -661 0
-651 -662 0
-651 -663 0
-651 -664 0
-651 -665 0
-651 -666 0
-651 -667 0
-651 -668 0
-651 -669 0
-651 -670 0
-651 -671 0
-651 -672 0
-651 -673 0
-651 -674 0
-651 -675 0
-652 -653 0
-652 -654 0
-652 -655 0
-652 -656 0
-652 -657 0
-652 -658 0
-652 -659 0
-652 -660 0
-652 -661 0
-652 -662 0
-652 -663 0
-652 -664 0
-652 -665 0
-652 -666 0
-652 -667 0
-652 -668 0
-652 -669 0
-652 -670 0
-652 -671 0
-652 -672 0
-652 -673 0
-652 -674 0
-652 -675 0
-653 -654 0
-653 -655 0
-653 -656 0
-653 -657 0
-653 -658 0
-653 -659 0
-653 -660 0
-653 -661 0
-653 -662 0
-653 -663 0
-653 -664 0
-653 -665 0
-653 -666 0
-653 -667 0
-653 -668 0
-653 -669 0
-653 -670 0
-653 -671 0
-653 -672 0
-653 -673 0
-653 -674 0
-653 -675 0
-654 -655 0
-654 -656 0
-654 -657 0
-654 -658 0
-654 -659 0
-654 -660 0
-654 -661 0
-654 -662 0
-654 -663 0
-654 -664 0
-654 -665 0
-654 -666 0
-654 -667 0
-654 -668 0
-654 -669 0
-654 -670 0
-654 -671 0
-654 -672 0
-654 -673 0
-654 -674 0
-654 -675 0
-655 -656 0
-655 -657 0
-655 -658 0
-655 -659 0
-655 -660 0
-655 -661 0
-655 -662 0
-655 -663 0
-655 -664 0
-655 -665 0
-655 -666 0
-655 -667 0
-655 -668 0
-655 -669 0
-655 -670 0
-655 -671 0
-655 -672 0
-655 -673 0
-655 -674 0
-655 -675 0
-656 -657 0
-656 -658 0
-656 -659 0
-656 -660 0
-656 -661 0
-656 -662 0
-656 -663 0
-656 -664 0
-656 -665 0
-656 -666 0
-656 -667 0
-656 -668 0
-656 -669 0
-656 -670 0
-656 -671 0
-656 -672 0
-656 -673 0
-656 -674 0
-656 -675 0
-657 -658 0
-657 -659 0
-657 -660 0
-657 -661 0
-657 -662 0
-657 -663 0
-657 -664 0
-657 -665 0
-657 -666 0
-657 -667 0
-657 -668 0
-657 -669 0
-657 -670 0
-657 -671 0
-657 -672 0
-657 -673 0
-657 -674 0
-657 -675 0
-658 -659 0
-658 -660 0
-658 -661 0
-658 -662 0
-658 -663 0
-658 -664 0
-658 -665 0
-658 -666 0
-658 -667 0
-658 -668 0
-658 -669 0
-658 -670 0
-658 -671 0
-658 -672 0
-658 -673 0
-658 -674 0
-658 -675 0
-659 -660 0
-659 -661 0
-659 -662 0
-659 -663 0
-659 -664 0
-659 -665 0
-659 -666 0
-659 -667 0
-659 -668 0
-659 -669 0
-659 -670 0
-659 -671 0
-659 -672 0
-659 -673 0
-659 -674 0
-659 -675 0
-660 -661 0
-660 -662 0
-660 -663 0
-660 -664 0
-660 -665 0
-660 -666 0
-660 -667 0
-660 -668 0
-660 -669 0
-660 -670 0
-660 -671 0
-660 -672 0
-660 -673 0
-660 -674 0
-660 -675 0
-661 -662 0
-661 -663 0
-661 -664 0
-661 -665 0
-661 -666 0
-661 -667 0
-661 -668 0
-661 -669 0
-661 -670 0
-661 -671 0
-661 -672 0
-661 -673 0
-661 -674 0
-661 -675 0
-662 -663 0
-662 -664 0
-662 -665 0
-662 -666 0
-662 -667 0
-662 -668 0
-662 -669 0
-662 -670 0
-662 -671 0
-662 -672 0
-662 -673 0
-662 -674 0
-662 -675 0
-663 -664 0
-663 -665 0
-663 -666 0
-663 -667 0
-663 -668 0
-663 -669 0
-663 -670 0
-663 -671 0
-663 -672 0
-663 -673 0
-663 -674 0
-663 -675 0
-664 -665 0
-664 -666 0
-664 -667 0
-664 -668 0
-664 -669 0
-664 -670 0
-664 -671 0
-664 -672 0
-664 -673 0
-664 -674 0
-664 -675 0
-665 -666 0
-665 -667 0
-665 -668 0
-665 -669 0
-665 -670 0
-665 -671 0
-665 -672 0
-665 -673 0
-665 -674 0
-665 -675 0
-666 -667 0
-666 -668 0
-666 -669 0
-666 -670 0
-666 -671 0
-666 -672 0
-666 -673 0
-666 -674 0
-666 -675 0
-667 -668 0
-667 -669 0
-667 -670 0
-667 -671 0
-667 -672 0
-667 -673 0
-667 -674 0
-667 -675 0
-668 -669 0
-668 -670 0
-668 -671 0
-668 -672 0
-668 -673 0
-668 -674 0
-668 -675 0
-669 -670 0
-669 -671 0
-669 -672 0
-669 -673 0
-669 -674 0
-669 -675 0
-670 -671 0
-670 -672 0
-670 -673 0
-670 -674 0
-670 -675 0
-671 -672 0
-671 -673 0
-671 -674 0
-671 -675 0
-672 -673 0
-672 -674 0
-672 -675 0
-673 -674 0
-673 -675 0
-674 -675 0
-676 -677 0
-676 -678 0
-676 -679 0
-676 -680 0
-676 -681 0
-676 -682 0
-676 -683 0
-676 -684 0
-676 -685 0
-676 -686 0
-676 -687 0
-676 -688 0
-676 -689 0
-676 -690 0
-676 -691 0
-676 -692 0
-676 -693 0
-676 -694 0
-676 -695 0
-676 -696 0
-676 -697 0
-676 -698 0
-676 -699 0
-676 -700 0
-676 -701 0
-676 -702 0
-677 -678 0
-677 -679 0
-677 -680 0
-677 -681 0
-677 -682 0
-677 -683 0
-677 -684 0
-677 -685 0
-677 -686 0
-677 -687 0
-677 -688 0
-677 -689 0
-677 -690 0
-677 -691 0
-677 -692 0
-677 -693 0
-677 -694 0
-677 -695 0
-677 -696 0
-677 -697 0
-677 -698 0
-677 -699 0
-677 -700 0
-677 -701 0
-677 -702 0
-678 -679 0
-678 -680 0
-678 -681 0
-678 -682 0
-678 -683 0
-678 -684 0
-678 -685 0
-678 -686 0
-678 -687 0
-678 -688 0
-678 -689 0
-678 -690 0
-678 -691 0
-678 -692 0
-678 -693 0
-678 -694 0
-678 -695 0
-678 -696 0
-678 -697 0
-678 -698 0
-678 -699 0
-678 -700 0
-678 -701 0
-678 -702 0
-679 -680 0
-679 -681 0
-679 -682 0
-679 -683 0
-679 -684 0
-679 -685 0
-679 -686 0
-679 -687 0
-679 -688 0
-679 -689 0
-679 -690 0
-679 -691 0
-679 -692 0
-679 -693 0
-679 -694 0
-679 -695 0
-679 -696 0
-679 -697 0
-679 -698 0
-679 -699 0
-679 -700 0
-679 -701 0
-679 -702 0
-680 -681 0
-680 -682 0
-680 -683 0
-680 -684 0
-680 -685 0
-680 -686 0
-680 -687 0
-680 -688 0
-680 -689 0
-680 -690 0
-680 -691 0
-680 -692 0
-680 -693 0
-680 -694 0
-680 -695 0
-680 -696 0
-680 -697 0
-680 -698 0
-680 -699 0
-680 -700 0
-680 -701 0
-680 -702 0
-681 -682 0
-681 -683 0
-681 -684 0
-681 -685 0
-681 -686 0
-681 -687 0
-681 -688 0
-681 -689 0
-681 -690 0
-681 -691 0
-681 -692 0
-681 -693 0
-681 -694 0
-681 -695 0
-681 -696 0
-681 -697 0
-681 -698 0
-681 -699 0
-681 -700 0
-681 -701 0
-681 -702 0
-682 -683 0
-682 -684 0
-682 -685 0
-682 -686 0
-682 -687 0
-682 -688 0
-682 -689 0
-682 -690 0
-682 -691 0
-682 -692 0
-682 -693 0
-682 -694 0
-682 -695 0
-682 -696 0
-682 -697 0
-682 -698 0
-682 -699 0
-682 -700 0
-682 -701 0
-682 -702 0
-683 -684 0
-683 -685 0
-683 -686 0
-683 -687 0
-683 -688 0
-683 -689 0
-683 -690 0
-683 -691 0
-683 -692 0
-683 -693 0
-683 -694 0
-683 -695 0
-683 -696 0
-683 -697 0
-683 -698 0
-683 -699 0
-683 -700 0
-683 -701 0
-683 -702 0
-684 -685 0
-684 -686 0
-684 -687 0
-684 -688 0
-684 -689 0
-684 -690 0
-684 -691 0
-684 -692 0
-684 -693 0
-684 -694 0
-684 -695 0
-684 -696 0
-684 -697 0
-684 -698 0
-684 -699 0
-684 -700 0
-684 -701 0
-684 -702 0
-685 -686 0
-685 -687 0
-685 -688 0
-685 -689 0
-685 -690 0
-685 -691 0
-685 -692 0
-685 -693 0
-685 -694 0
-685 -695 0
-685 -696 0
-685 -697 0
-685 -698 0
-685 -699 0
-685 -700 0
-685 -701 0
-685 -702 0
-686 -687 0
-686 -688 0
-686 -689 0
-686 -690 0
-686 -691 0
-686 -692 0
-686 -693 0
-686 -694 0
-686 -695 0
-686 -696 0
-686 -697 0
-686 -698 0
-686 -699 0
-686 -700 0
-686 -701 0
-686 -702 0
-687 -688 0
-687 -689 0
-687 -690 0
-687 -691 0
-687 -692 0
-687 -693 0
-687 -694 0
-687 -695 0
-687 -696 0
-687 -697 0
-687 -698 0
-687 -699 0
-687 -700 0
-687 -701 0
-687 -702 0
-688 -689 0
-688 -690 0
-688 -691 0
-688 -692 0
-688 -693 0
-688 -694 0
-688 -695 0
-688 -696 0
-688 -697 0
-688 -698 0
-688 -699 0
-688 -700 0
-688 -701 0
-688 -702 0
-689 -690 0
-689 -691 0
-689 -692 0
-689 -693 0
-689 -694 0
-689 -695 0
-689 -696 0
-689 -697 0
-689 -698 0
-689 -699 0
-689 -700 0
-689 -701 0
-689 -702 0
-690 -691 0
-690 -692 0
-690 -693 0
-690 -694 0
-690 -695 0
-690 -696 0
-690 -697 0
-690 -698 0
-690 -699 0
-690 -700 0
-690 -701 0
-690 -702 0
-691 -692 0
-691 -693 0
-691 -694 0
-691 -695 0
-691 -696 0
-691 -697 0
-691 -698 0
-691 -699 0
-691 -700 0
-691 -701 0
-691 -702 0
-692 -693 0
-692 -694 0
-692 -695 0
-692 -696 0
-692 -697 0
-692 -698 0
-692 -699 0
-692 -700 0
-692 -701 0
-692 -702 0
-693 -694 0
-693 -695 0
-693 -696 0
-693 -697 0
-693 -698 0
-693 -699 0
-693 -700 0
-693 -701 0
-693 -702 0
-694 -695 0
-694 -696 0
-694 -697 0
-694 -698 0
-694 -699 0
-694 -700 0
-694 -701 0
-694 -702 0
-695 -696 0
-695 -697 0
-695 -698 0
-695 -699 0
-695 -700 0
-695 -701 0
-695 -702 0
-696 -697 0
-696 -698 0
-696 -699 0
-696 -700 0
-696 -701 0
-696 -702 0
-697 -698 0
-697 -699 0
-697 -700 0
-697 -701 0
-697 -702 0
-698 -699 0
-698 -700 0
-698 -701 0
-698 -702 0
-699 -700 0
-699 -701 0
-699 -702 0
-700 -701 0
-700 -702 0
-701 -702 0
-703 -704 0
-703 -705 0
-703 -706 0
-703 -707 0
-703 -708 0
-703 -709 0
-703 -710 0
-703 -711 0
-703 -712 0
-703 -713 0
-703 -714 0
-703 -715 0
-703 -716 0
-703 -717 0
-703 -718 0
-703 -719 0
-703 -720 0
-703 -721 0
-703 -722 0
-703 -723 0
-703 -724 0
-703 -725 0
-703 -726 0
-703 -727 0
-703 -728 0
-703 -729 0
-704 -705 0
-704 -706 0
-704 -707 0
-704 -708 0
-704 -709 0
-704 -710 0
-704 -711 0
-704 -712 0
-704 -713 0
-704 -714 0
-704 -715 0
-704 -716 0
-704 -717 0
-704 -718 0
-704 -719 0
-704 -720 0
-704 -721 0
-704 -722 0
-704 -723 0
-704 -724 0
-704 -725 0
-704 -726 0
-704 -727 0
-704 -728 0
-704 -729 0
-705 -706 0
-705 -707 0
-705 -708 0
-705 -709 0
-705 -710 0
-705 -711 0
-705 -712 0
-705 -713 0
-705 -714 0
-705 -715 0
-705 -716 0
-705 -717 0
-705 -718 0
-705 -719 0
-705 -720 0
-705 -721 0
-705 -722 0
-705 -723 0
-705 -724 0
-705 -725 0
-705 -726 0
-705 -727 0
-705 -728 0
-705 -729 0
-706 -707 0
-706 -708 0
-706 -709 0
-706 -710 0
-706 -711 0
-706 -712 0
-706 -713 0
-706 -714 0
-706 -715 0
-706 -716 0
-706 -717 0
-706 -718 0
-706 -719 0
-706 -720 0
-706 -721 0
-706 -722 0
-706 -723 0
-706 -724 0
-706 -725 0
-706 -726 0
-706 -727 0
-706 -728 0
-706 -729 0
-707 -708 0
-707 -709 0
-707 -710 0
-707 -711 0
-707 -712 0
-707 -713 0
-707 -714 0
-707 -715 0
-707 -716 0
-707 -717 0
-707 -718 0
-707 -719 0
-707 -720 0
-707 -721 0
-707 -722 0
-707 -723 0
-707 -724 0
-707 -725 0
-707 -726 0
-707 -727 0
-707 -728 0
-707 -729 0
-708 -709 0
-708 -710 0
-708 -711 0
-708 -712 0
-708 -713 0
-708 -714 0
-708 -715 0
-708 -716 0
-708 -717 0
-708 -718 0
-708 -719 0
-708 -720 0
-708 -721 0
-708 -722 0
-708 -723 0
-708 -724 0
-708 -725 0
-708 -726 0
-708 -727 0
-708 -728 0
-708 -729 0
-709 -710 0
-709 -711 0
-709 -712 0
-709 -713 0
-709 -714 0
-709 -715 0
-709 -716 0
-709 -717 0
-709 -718 0
-709 -719 0
-709 -720 0
-709 -721 0
-709 -722 0
-709 -723 0
-709 -724 0
-709 -725 0
-709 -726 0
-709 -727 0
-709 -728 0
-709 -729 0
-710 -711 0
-710 -712 0
-710 -713 0
-710 -714 0
-710 -715 0
-710 -716 0
-710 -717 0
-710 -718 0
-710 -719 0
-710 -720 0
-710 -721 0
-710 -722 0
-710 -723 0
-710 -724 0
-710 -725 0
-710 -726 0
-710 -727 0
-710 -728 0
-710 -729 0
-711 -712 0
-711 -713 0
-711 -714 0
-711 -715 0
-711 -716 0
-711 -717 0
-711 -718 0
-711 -719 0
-711 -720 0
-711 -721 0
-711 -722 0
-711 -723 0
-711 -724 0
-711 -725 0
-711 -726 0
-711 -727 0
-711 -728 0
-711 -729 0
-712 -713 0
-712 -714 0
-712 -715 0
-712 -716 0
-712 -717 0
-712 -718 0
-712 -719 0
-712 -720 0
-712 -721 0
-712 -722 0
-712 -723 0
-712 -724 0
-712 -725 0
-712 -726 0
-712 -727 0
-712 -728 0
-712 -729 0
-713 -714 0
-713 -715 0
-713 -716 0
-713 -717 0
-713 -718 0
-713 -719 0
-713 -720 0
-713 -721 0
-713 -722 0
-713 -723 0
-713 -724 0
-713 -725 0
-713 -726 0
-713 -727 0
-713 -728 0
-713 -729 0
-714 -715 0
-714 -716 0
-714 -717 0
-714 -718 0
-714 -719 0
-714 -720 0
-714 -721 0
-714 -722 0
-714 -723 0
-714 -724 0
-714 -725 0
-714 -726 0
-714 -727 0
-714 -728 0
-714 -729 0
-715 -716 0
-715 -717 0
-715 -718 0
-715 -719 0
-715 -720 0
-715 -721 0
-715 -722 0
-715 -723 0
-715 -724 0
-715 -725 0
-715 -726 0
-715 -727 0
-715 -728 0
-715 -729 0
-716 -717 0
-716 -718 0
-716 -719 0
-716 -720 0
-716 -721 0
-716 -722 0
-716 -723 0
-716 -724 0
-716 -725 0
-716 -726 0
-716 -727 0
-716 -728 0
-716 -729 0
-717 -718 0
-717 -719 0
-717 -720 0
-717 -721 0
-717 -722 0
-717 -723 0
-717 -724 0
-717 -725 0
-717 -726 0
-717 -727 0
-717 -728 0
-717 -729 0
-718 -719 0
-718 -720 0
-718 -721 0
-718 -722 0
-718 -723 0
-718 -724 0
-718 -725 0
-718 -726 0
-718 -727 0
-718 -728 0
-718 -729 0
-719 -720 0
-719 -721 0
-719 -722 0
-719 -723 0
-719 -724 0
-719 -725 0
-719 -726 0
-719 -727 0
-719 -728 0
-719 -729 0
-720 -721 0
-720 -722 0
-720 -723 0
-720 -724 0
-720 -725 0
-720 -726 0
-720 -727 0
-720 -728 0
-720 -729 0
-721 -722 0
-721 -723 0
-721 -724 0
-721 -725 0
-721 -726 0
-721 -727 0
-721 -728 0
-721 -729 0
-722 -723 0
-722 -724 0
-722 -725 0
-722 -726 0
-722 -727 0
-722 -728 0
-722 -729 0
-723 -724 0
-723 -725 0
-723 -726 0
-723 -727 0
-723 -728 0
-723 -729 0
-724 -725 0
-724 -726 0
-724 -727 0
-724 -728 0
-724 -729 0
-725 -726 0
-725 -727 0
-725 -728 0
-725 -729 0
-726 -727 0
-726 -728 0
-726 -729 0
-727 -728 0
-727 -729 0
-728 -729 0
1 28 55 82 109 136 163 190 217 244 271 298 325 352 379 406 433 460 487 514 541 568 595 622 649 676 703 0
2 29 56 83 110 137 164 191 218 245 272 299 326 353 380 407 434 461 488 515 542 569 596 623 650 677 704 0
3 30 57 84 111 138 165 192 219 246 273 300 327 354 381 408 435 462 489 516 543 570 597 624 651 678 705 0
4 31 58 85 112 139 166 193 220 247 274 301 328 355 382 409 436 463 490 517 544 571 598 625 652 679 706 0
5 32 59 86 113 140 167 194 221 248 275 302 329 356 383 410 437 464 491 518 545 572 599 626 653 680 707 0
6 33 60 87 114 141 168 195 222 249 276 303 330 357 384 411 438 465 492 519 546 573 600 627 654 681 708 0
7 34 61 88 115 142 169 196 223 250 277 304 331 358 385 412 439 466 493 520 547 574 601 628 655 682 709 0
8 35 62 89 116 143 170 197 224 251 278 305 332 359 386 413 440 467 494 521 548 575 602 629 656 683 710 0
9 36 63 90 117 144 171 198 225 252 279 306 333 360 387 414 441 468 495 522 549 576 603 630 657 684 711 0
10 37 64 91 118 145 172 199 226 253 280 307 334 361 388 415 442 469 496 523 550 577 604 631 658 685 712 0
11 38 65 92 119 146 173 200 227 254 281 308 335 362 389 416 443 470 497 524 551 578 605 632 659 686 713 0
12 39 66 93 120 147 174 201 228 255 282 309 336 363 390 417 444 471 498 525 552 579 606 633 660 687 714 0
13 40 67 94 121 148 175 202 229 256 283 310 337 364 391 418 445 472 499 526 553 580 607 634 661 688 715 0
14 41 68 95 122 149 176 203 230 257 284 311 338 365 392 419 446 473 500 527 554 581 608 635 662 689 716 0
15 42 69 96 123 150 177 204 231 258 285 312 339 366 393 420 447 474 501 528 555 582 609 636 663 690 717 0
16 43 70 97 124 151 178 205 232 259 286 313 340 367 394 421 448 475 502 529 556 583 610 637 664 691 718 0
17 44 71 98 125 152 179 206 233 260 287 314 341 368 395 422 449 476 503 530 557 584 611 638 665 692 719 0
18 45 72 99 126 153 180 207 234 261 288 315 342 369 396 423 450 477 504 531 558 585 612 639 666 693 720 0
19 46 73 100 127 154 181 208 235 262 289 316 343 370 397 424 451 478 505 532 559 586 613 640 667 694 721 0
20 47 74 101 128 155 182 209 236 263 290 317 344 371 398 425 452 479 506 533 560 587 614 641 668 695 722 0
21 48 75 102 129 156 183 210 237 264 291 318 345 372 399 426 453 480 507 534 561 588 615 642 669 696 723 0
22 49 76 103 130 157 184 211 238 265 292 319 346 373 400 427 454 481 508 535 562 589 616 643 670 697 724 0
23 50 77 104 131 158 185 212 239 266 293 320 347 374 401 428 455 482 509 536 563 590 617 644 671 698 725 0
24 51 78 105 132 159 186 213 240 267 294 321 348 375 402 429 456 483 510 537 564 591 618 645 672 699 726 0
25 52 79 106 133 160 187 214 241 268 295 322 349 376 403 430 457 484 511 538 565 592 619 646 673 700 727 0
26 53 80 107 134 161 188 215 242 269 296 323 350 377 404 431 458 485 512 539 566 593 620 647 674 701 728 0
27 54 81 108 135 162 189 216 243 270 297 324 351 378 405 432 459 486 513 540 567 594 621 648 675 702 729 0
-1 -29 0
-1 -57 0
-1 -85 0
-1 -113 0
-1 -141 0
-1 -169 0
-1 -197 0
-1 -225 0
-1 -253 0
-1 -281 0
-1 -309 0
-1 -337 0
-1 -365 0
-1 -393 0
-1 -421 0
-1 -449 0
-1 -477 0
-1 -505 0
-1 -533 0
-1 -561 0
-1 -589 0
-1 -617 0
-1 -645 0
-1 -673 0
-1 -701 0
-1 -729 0
-29 -57 0
-29 -85 0
-29 -113 0
-29 -141 0
-29 -169 0
-29 -197 0
-29 -225 0
-29 -253 0
-29 -281 0
-29 -309 0
-29 -337 0
-29 -365 0
-29 -393 0
-29 -421 0
-29 -449 0
-29 -477 0
-29 -505 0
-29 -533 0
-29 -561 0
-29 -589 0
-29 -617 0
-29 -645 0
-29 -673 0
-29 -701 0
-29 -729 0
-57 -85 0
-57 -113 0
-57 -141 0
-57 -169 0
-57 -197 0
-57 -225 0
-57 -253 0
-57 -281 0
-57 -309 0
-57 -337 0
-57 -365 0
-57 -393 0
-57 -421 0
-57 -449 0
-57 -477 0
-57 -505 0
-57 -533 0
-57 -561 0
-57 -589 0
-57 -617 0
-57 -645 0
-57 -673 0
-57 -701 0
-57 -729 0
-85 -113 0
-85 -141 0
-85 -169 0
-85 -197 0
-85 -225 0
-85 -253 0
-85 -281 0
-85 -309 0
-85 -337 0
-85 -365 0
-85 -393 0
-85 -421 0
-85 -449 0
-85 -477 0
-85 -505 0
-85 -533 0
-85 -561 0
-85 -589 0
-85 -617 0
-85 -645 0
-85 -673 0
-85 -701 0
-85 -729 0
-113 -141 0
-113 -169 0
-113 -197 0
-113 -225 0
-113 -253 0
-113 -281 0
-113 -309 0
-113 -337 0
-113 -365 0
-113 -393 0
-113 -421 0
-113 -449 0
-113 -477 0
-113 -505 0
-113 -533 0
-113 -561 0
-113 -589 0
-113 -617 0
-113 -645 0
-113 -673 0
-113 -701 0
-113 -729 0
-141 -169 0
-141 -197 0
-141 -225 0
-141 -253 0
-141 -281 0
-141 -309 0
-141 -337 0
-141 -365 0
-141 -393 0
-141 -421 0
-141 -449 0
-141 -477 0
-141 -505 0
-141 -533 0
-141 -561 0
-141 -589 0
-141 -617 0
-141 -645 0
-141 -673 0
-141 -701 0
-141 -729 0
-169 -197 0
-169 -225 0
-169 -253 0
-169 -281 0
-169 -309 0
-169 -337 0
-169 -365 0
-169 -393 0
-169 -421 0
-169 -449 0
-169 -477 0
-169 -505 0
-169 -533 0
-169 -561 0
-169 -589 0
-169 -617 0
-169 -645 0
-169 -673 0
-169 -701 0
-169 -729 0
-197 -225 0
-197 -253 0
-197 -281 0
-197 -309 0
-197 -337 0
-197 -365 0
-197 -393 0
-197 -421 0
-197 -449 0
-197 -477 0
-197 -505 0
-197 -533 0
-197 -561 0
-197 -589 0
-197 -617 0
-197 -645 0
-197 -673 0
-197 -701 0
-197 -729 0
-225 -253 0
-225 -281 0
-225 -309 0
-225 -337 0
-225 -365 0
-225 -393 0
-225 -421 0
-225 -449 0
-225 -477 0
-225 -505 0
-225 -533 0
-225 -561 0
-225 -589 0
-225 -617 0
-225 -645 0
-225 -673 0
-225 -701 0
-225 -729 0
-253 -281 0
-253 -309 0
-253 -337 0
-253 -365 0
-253 -393 0
-253 -421 0
-253 -449 0
-253 -477 0
-253 -505 0
-253 -533 0
-253 -561 0
-253 -589 0
-253 -617 0
-253 -645 0
-253 -673 0
-253 -701 0
-253 -729 0
-281 -309 0
-281 -337 0
-281 -365 0
-281 -393 0
-281 -421 0
-281 -449 0
-281 -477 0
-281 -505 0
-281 -533 0
-281 -561 0
-281 -589 0
-281 -617 0
-281 -645 0
-281 -673 0
-281 -701 0
-281 -729 0
-309 -337 0
-309 -365 0
-309 -393 0
-309 -421 0
-309 -449 0
-309 -477 0
-309 -505 0
-309 -533 0
-309 -561 0
-309 -589 0
-309 -617 0
-309 -645 0
-309 -673 0
-309 -701 0
-309 -729 0
-337 -365 0
-337 -393 0
-337 -421 0
-337 -449 0
-337 -477 0
-337 -505 0
-337 -533 0
-337 -561 0
-337 -589 0
-337 -617 0
-337 -645 0
-337 -673 0
-337 -701 0
-337 -729 0
-365 -393 0
-365 -421 0
-365 -449 0
-365 -477 0
-365 -505 0
-365 -533 0
-365 -561 0
-365 -589 0
-365 -617 0
-365 -645 0
-365 -673 0
-365 -701 0
-365 -729 0
-393 -421 0
-393 -449 0
-393 -477 0
-393 -505 0
-393 -533 0
-393 -561 0
-393 -589 0
-393 -617 0
-393 -645 0
-393 -673 0
-393 -701 0
-393 -729 0
-421 -449 0
-421 -477 0
-421 -505 0
-421 -533 0
-421 -561 0
-421 -589 0
-421 -617 0
-421 -645 0
-421 -673 0
-421 -701 0
-421 -729 0
-449 -477 0
-449 -505 0
-449 -533 0
-449 -561 0
-449 -589 0
-449 -617 0
-449 -645 0
-449 -673 0
-449 -701 0
-449 -729 0
-477 -505 0
-477 -533 0
-477 -561 0
-477 -589 0
-477 -617 0
-477 -645 0
-477 -673 0
-477 -701 0
-477 -729 0
-505 -533 0
-505 -561 0
-505 -589 0
-505 -617 0
-505 -645 0
-505 -673 0
-505 -701 0
-505 -729 0
-533 -561 0
-533 -589 0
-533 -617 0
-533 -645 0
-533 -673 0
-533 -701 0
-533 -729 0
-561 -589 0
-561 -617 0
-561 -645 0
-561 -673 0
-561 -701 0
-561 -729 0
-589 -617 0
-589 -645 0
-589 -673 0
-589 -701 0
-589 -729 0
-617 -645 0
-617 -673 0
-617 -701 0
-617 -729 0
-645 -673 0
-645 -701 0
-645 -729 0
-673 -701 0
-673 -729 0
-701 -729 0
-2 -30 0
-2 -58 0
-2 -86 0
-2 -114 0
-2 -142 0
-2 -170 0
-2 -198 0
-2 -226 0
-2 -254 0
-2 -282 0
-2 -310 0
-2 -338 0
-2 -366 0
-2 -394 0
-2 -422 0
-2 -450 0
-2 -478 0
-2 -506 0
-2 -534 0
-2 -562 0
-2 -590 0
-2 -618 0
-2 -646 0
-2 -674 0
-2 -702 0
-30 -58 0
-30 -86 0
-30 -114 0
-30 -142 0
-30 -170 0
-30 -198 0
-30 -226 0
-30 -254 0
-30 -282 0
-30 -310 0
-30 -338 0
-30 -366 0
-30 -394 0
-30 -422 0
-30 -450 0
-30 -478 0
-30 -506 0
-30 -534 0
-30 -562 0
-30 -590 0
-30 -618 0
-30 -646 0
-30 -674 0
-30 -702 0
-58 -86 0
-58 -114 0
-58 -142 0
-58 -170 0
-58 -198 0
-58 -226 0
-58 -254 0
-58 -282 0
-58 -310 0
-58 -338 0
-58 -366 0
-58 -394 0
-58 -422 0
-58 -450 0
-58 -478 0
-58 -506 0
-58 -534 0
-58 -562 0
-58 -590 0
-58 -618 0
-58 -646 0
-58 -674 0
-58 -702 0
-86 -114 0
-86 -142 0
-86 -170 0
-86 -198 0
-86 -226 0
-86 -254 0
-86 -282 0
-86 -310 0
-86 -338 0
-86 -366 0
-86 -394 0
-86 -422 0
-86 -450 0
-86 -478 0
-86 -506 0
-86 -534 0
-86 -562 0
-86 -590 0
-86 -618 0
-86 -646 0
-86 -674 0
-86 -702 0
-114 -142 0
-114 -170 0
-114 -198 0
-114 -226 0
-114 -254 0
-114 -282 0
-114 -310 0
-114 -338 0
-114 -366 0
-114 -394 0
-114 -422 0
-114 -450 0
-114 -478 0
-114 -506 0
-114 -534 0
-114 -562 0
-114 -590 0
-114 -618 0
-114 -646 0
-114 -674 0
-114 -702 0
-142 -170 0
-142 -198 0
-142 -226 0
-142 -254 0
-142 -282 0
-142 -310 0
-142 -338 0
-142 -366 0
-142 -394 0
-142 -422 0
-142 -450 0
-142 -478 0
-142 -506 0
-142 -534 0
-142 -562 0
-142 -590 0
-142 -618 0
-142 -646 0
-142 -674 0
-142 -702 0
-170 -198 0
-170 -226 0
-170 -254 0
-170 -282 0
-170 -310 0
-170 -338 0
-170 -366 0
-170 -394 0
-170 -422 0
-170 -450 0
-170 -478 0
-170 -506 0
-170 -534 0
-170 -562 0
-170 -590 0
-170 -618 0
-170 -646 0
-170 -674 0
-170 -702 0
-198 -226 0
-198 -254 0
-198 -282 0
-198 -310 0
-198 -338 0
-198 -366 0
-198 -394 0
-198 -422 0
-198 -450 0
-198 -478 0
-198 -506 0
-198 -534 0
-198 -562 0
-198 -590 0
-198 -618 0
-198 -646 0
-198 -674 0
-198 -702 0
-226 -254 0
-226 -282 0
-226 -310 0
-226 -338 0
-226 -366 0
-226 -394 0
-226 -422 0
-226 -450 0
-226 -478 0
-226 -506 0
-226 -534 0
-226 -562 0
-226 -590 0
-226 -618 0
-226 -646 0
-226 -674 0
-226 -702 0
-254 -282 0
-254 -310 0
-254 -338 0
-254 -366 0
-254 -394 0
-254 -422 0
-254 -450 0
-254 -478 0
-254 -506 0
-254 -534 0
-254 -562 0
-254 -590 0
-254 -618 0
-254 -646 0
-254 -674 0
-254 -702 0
-282 -310 0
-282 -338 0
-282 -366 0
-282 -394 0
-282 -422 0
-282 -450 0
-282 -478 0
-282 -506 0
-282 -534 0
-282 -562 0
-282 -590 0
-282 -618 0
-282 -646 0
-282 -674 0
-282 -702 0
-310 -338 0
-310 -366 0
-310 -394 0
-310 -422 0
-310 -450 0
-310 -478 0
-310 -506 0
-310 -534 0
-310 -562 0
-310 -590 0
-310 -618 0
-310 -646 0
-310 -674 0
-310 -702 0
-338 -366 0
-338 -394 0
-338 -422 0
-338 -450 0
-338 -478 0
-338 -506 0
-338 -534 0
-338 -562 0
-338 -590 0
-338 -618 0
-338 -646 0
-338 -674 0
-338 -702 0
-366 -394 0
-366 -422 0
-366 -450 0
-366 -478 0
-366 -506 0
-366 -534 0
-366 -562 0
-366 -590 0
-366 -618 0
-366 -646 0
-366 -674 0
-366 -702 0
-394 -422 0
-394 -450 0
-394 -478 0
-394 -506 0
-394 -534 0
-394 -562 0
-394 -590 0
-394 -618 0
-394 -646 0
-394 -674 0
-394 -702 0
-422 -450 0
-422 -478 0
-422 -506 0
-422 -534 0
-422 -562 0
-422 -590 0
-422 -618 0
-422 -646 0
-422 -674 0
-422 -702 0
-450 -478 0
-450 -506 0
-450 -534 0
-450 -562 0
-450 -590 0
-450 -618 0
-450 -646 0
-450 -674 0
-450 -702 0
-478 -506 0
-478 -534 0
-478 -562 0
-478 -590 0
-478 -618 0
-478 -646 0
-478 -674 0
-478 -702 0
-506 -534 0
-506 -562 0
-506 -590 0
-506 -618 0
-506 -646 0
-506 -674 0
-506 -702 0
-534 -562 0
-534 -590 0
-534 -618 0
-534 -646 0
-534 -674 0
-534 -702 0
-562 -590 0
-562 -618 0
-562 -646 0
-562 -674 0
-562 -702 0
-590 -618 0
-590 -646 0
-590 -674 0
-590 -702 0
-618 -646 0
-618 -674 0
-618 -702 0
-646 -674 0
-646 -702 0
-674 -702 0
-3 -31 0
-3 -59 0
-3 -87 0
-3 -115 0
-3 -143 0
-3 -171 0
-3 -199 0
-3 -227 0
-3 -255 0
-3 -283 0
-3 -311 0
-3 -339 0
-3 -367 0
-3 -395 0
-3 -423 0
-3 -451 0
-3 -479 0
-3 -507 0
-3 -535 0
-3 -563 0
-3 -591 0
-3 -619 0
-3 -647 0
-3 -675 0
-31 -59 0
-31 -87 0
-31 -115 0
-31 -143 0
-31 -171 0
-31 -199 0
-31 -227 0
-31 -255 0
-31 -283 0
-31 -311 0
-31 -339 0
-31 -367 0
-31 -395 0
-31 -423 0
-31 -451 0
-31 -479 0
-31 -507 0
-31 -535 0
-31 -563 0
-31 -591 0
-31 -619 0
-31 -647 0
-31 -675 0
-59 -87 0
-59 -115 0
-59 -143 0
-59 -171 0
-59 -199 0
-59 -227 0
-59 -255 0
-59 -283 0
-59 -311 0
-59 -339 0
-59 -367 0
-59 -395 0
-59 -423 0
-59 -451 0
-59 -479 0
-59 -507 0
-59 -535 0
-59 -563 0
-59 -591 0
-59 -619 0
-59 -647 0
-59 -675 0
-87 -115 0
-87 -143 0
-87 -171 0
-87 -199 0
-87 -227 0
-87 -255 0
-87 -283 0
-87 -311 0
-87 -339 0
-87 -367 0
-87 -395 0
-87 -423 0
-87 -451 0
-87 -479 0
-87 -507 0
-87 -535 0
-87 -563 0
-87 -591 0
-87 -619 0
-87 -647 0
-87 -675 0
-115 -143 0
-115 -171 0
-115 -199 0
-115 -227 0
-115 -255 0
-115 -283 0
-115 -311 0
-115 -339 0
-115 -367 0
-115 -395 0
-115 -423 0
-115 -451 0
-115 -479 0
-115 -507 0
-115 -535 0
-115 -563 0
-115 -591 0
-115 -619 0
-115 -647 0
-115 -675 0
-143 -171 0
-143 -199 0
-143 -227 0
-143 -255 0
-143 -283 0
-143 -311 0
-143 -339 0
-143 -367 0
-143 -395 0
-143 -423 0
-143 -451 0
-143 -479 0
-143 -507 0
-143 -535 0
-143 -563 0
-143 -591 0
-143 -619 0
-143 -647 0
-143 -675 0
-171 -199 0
-171 -227 0
-171 -255 0
-171 -283 0
-171 -311 0
-171 -339 0
-171 -367 0
-171 -395 0
-171 -423 0
-171 -451 0
-171 -479 0
-171 -507 0
-171 -535 0
-171 -563 0
-171 -591 0
-171 -619 0
-171 -647 0
-171 -675 0
-199 -227 0
-199 -255 0
-199 -283 0
-199 -311 0
-199 -339 0
-199 -367 0
-199 -395 0
-199 -423 0
-199 -451 0
-199 -479 0
-199 -507 0
-199 -535 0
-199 -563 0
-199 -591 0
-199 -619 0
-199 -647 0
-199 -675 0
-227 -255 0
-227 -283 0
-227 -311 0
-227 -339 0
-227 -367 0
-227 -395 0
-227 -423 0
-227 -451 0
-227 -479 0
-227 -507 0
-227 -535 0
-227 -563 0
-227 -591 0
-227 -619 0
-227 -647 0
-227 -675 0
-255 -283 0
-255 -311 0
-255 -339 0
-255 -367 0
-255 -395 0
-255 -423 0
-255 -451 0
-255 -479 0
-255 -507 0
-255 -535 0
-255 -563 0
-255 -591 0
-255 -619 0
-255 -647 0
-255 -675 0
-283 -311 0
-283 -339 0
-283 -367 0
-283 -395 0
-283 -423 0
-283 -451 0
-283 -479 0
-283 -507 0
-283 -535 0
-283 -563 0
-283 -591 0
-283 -619 0
-283 -647 0
-283 -675 0
-311 -339 0
-311 -367 0
-311 -395 0
-311 -423 0
-311 -451 0
-311 -479 0
-311 -507 0
-311 -535 0
-311 -563 0
-311 -591 0
-311 -619 0
-311 -647 0
-311 -675 0
-339 -367 0
-339 -395 0
-339 -423 0
-339 -451 0
-339 -479 0
-339 -507 0
-339 -535 0
-339 -563 0
-339 -591 0
-339 -619 0
-339 -647 0
-339 -675 0
-367 -395 0
-367 -423 0
-367 -451 0
-367 -479 0
-367 -507 0
-367 -535 0
-367 -563 0
-367 -591 0
-367 -619 0
-367 -647 0
-367 -675 0
-395 -423 0
-395 -451 0
-395 -479 0
-395 -507 0
-395 -535 0
-395 -563 0
-395 -591 0
-395 -619 0
-395 -647 0
-395 -675 0
-423 -451 0
-423 -479 0
-423 -507 0
-423 -535 0
-423 -563 0
-423 -591 0
-423 -619 0
-423 -647 0
-423 -675 0
-451 -479 0
-451 -507 0
-451 -535 0
-451 -563 0
-451 -591 0
-451 -619 0
-451 -647 0
-451 -675 0
-479 -507 0
-479 -535 0
-479 -563 0
-479 -591 0
-479 -619 0
-479 -647 0
-479 -675 0
-507 -535 0
-507 -563 0
-507 -591 0
-507 -619 0
-507 -647 0
-507 -675 0
-535 -563 0
-535 -591 0
-535 -619 0
-535 -647 0
-535 -675 0
-563 -591 0
-563 -619 0
-563 -647 0
-563 -675 0
-591 -619 0
-591 -647 0
-591 -675 0
-619 -647 0
-619 -675 0
-647 -675 0
-4 -32 0
-4 -60 0
-4 -88 0
-4 -116 0
-4 -144 0
-4 -172 0
-4 -200 0
-4 -228 0
-4 -256 0
-4 -284 0
-4 -312 0
-4 -340 0
-4 -368 0
-4 -396 0
-4 -424 0
-4 -452 0
-4 -480 0
-4 -508 0
-4 -536 0
-4 -564 0
-4 -592 0
-4 -620 0
-4 -648 0
-32 -60 0
-32 -88 0
-32 -116 0
-32 -144 0
-32 -172 0
-32 -200 0
-32 -228 0
-32 -256 0
-32 -284 0
-32 -312 0
-32 -340 0
-32 -368 0
-32 -396 0
-32 -424 0
-32 -452 0
-32 -480 0
-32 -508 0
-32 -536 0
-32 -564 0
-32 -592 0
-32 -620 0
-32 -648 0
-60 -88 0
-60 -116 0
-60 -144 0
-60 -172 0
-60 -200 0
-60 -228 0
-60 -256 0
-60 -284 0
-60 -312 0
-60 -340 0
-60 -368 0
-60 -396 0
-60 -424 0
-60 -452 0
-60 -480 0
-60 -508 0
-60 -536 0
-60 -564 0
-60 -592 0
-60 -620 0
-60 -648 0
-88 -116 0
-88 -144 0
-88 -172 0
-88 -200 0
-88 -228 0
-88 -256 0
-88 -284 0
-88 -312 0
-88 -340 0
-88 -368 0
-88 -396 0
-88 -424 0
-88 -452 0
-88 -480 0
-88 -508 0
-88 -536 0
-88 -564 0
-88 -592 0
-88 -620 0
-88 -648 0
-116 -144 0
-116 -172 0
-116 -200 0
-116 -228 0
-116 -256 0
-116 -284 0
-116 -312 0
-116 -340 0
-116 -368 0
-116 -396 0
-116 -424 0
-116 -452 0
-116 -480 0
-116 -508 0
-116 -536 0
-116 -564 0
-116 -592 0
-116 -620 0
-116 -648 0
-144 -172 0
-144 -200 0
-144 -228 0
-144 -256 0
-144 -284 0
-144 -312 0
-144 -340 0
-144 -368 0
-144 -396 0
-144 -424 0
-144 -452 0
-144 -480 0
-144 -508 0
-144 -536 0
-144 -564 0
-144 -592 0
-144 -620 0
-144 -648 0
-172 -200 0
-172 -228 0
-172 -256 0
-172 -284 0
-172 -312 0
-172 -340 0
-172 -368 0
-172 -396 0
-172 -424 0
-172 -452 0
-172 -480 0
-172 -508 0
-172 -536 0
-172 -564 0
-172 -592 0
-172 -620 0
-172 -648 0
-200 -228 0
-200 -256 0
-200 -284 0
-200 -312 0
-200 -340 0
-200 -368 0
-200 -396 0
-200 -424 0
-200 -452 0
-200 -480 0
-200 -508 0
-200 -536 0
-200 -564 0
-200 -592 0
-200 -620 0
-200 -648 0
-228 -256 0
-228 -284 0
-228 -312 0
-228 -340 0
-228 -368 0
-228 -396 0
-228 -424 0
-228 -452 0
-228 -480 0
-228 -508 0
-228 -536 0
-228 -564 0
-228 -592 0
-228 -620 0
-228 -648 0
-256 -284 0
-256 -312 0
-256 -340 0
-256 -368 0
-256 -396 0
-256 -424 0
-256 -452 0
-256 -480 0
-256 -508 0
-256 -536 0
-256 -564 0
-256 -592 0
-256 -620 0
-256 -648 0
-284 -312 0
-284 -340 0
-284 -368 0
-284 -396 0
-284 -424 0
-284 -452 0
-284 -480 0
-284 -508 0
-284 -536 0
-284 -564 0
-284 -592 0
-284 -620 0
-284 -648 0
-312 -340 0
-312 -368 0
-312 -396 0
-312 -424 0
-312 -452 0
-312 -480 0
-312 -508 0
-312 -536 0
-312 -564 0
-312 -592 0
-312 -620 0
-312 -648 0
-340 -368 0
-340 -396 0
-340 -424 0
-340 -452 0
-340 -480 0
-340 -508 0
-340 -536 0
-340 -564 0
-340 -592 0
-340 -620 0
-340 -648 0
-368 -396 0
-368 -424 0
-368 -452 0
-368 -480 0
-368 -508 0
-368 -536 0
-368 -564 0
-368 -592 0
-368 -620 0
-368 -648 0
-396 -424 0
-396 -452 0
-396 -480 0
-396 -508 0
-396 -536 0
-396 -564 0
-396 -592 0
-396 -620 0
-396 -648 0
-424 -452 0
-424 -480 0
-424 -508 0
-424 -536 0
-424 -564 0
-424 -592 0
-424 -620 0
-424 -648 0
-452 -480 0
-452 -508 0
-452 -536 0
-452 -564 0
-452 -592 0
-452 -620 0
-452 -648 0
-480 -508 0
-480 -536 0
-480 -564 0
-480 -592 0
-480 -620 0
-480 -648 0
-508 -536 0
-508 -564 0
-508 -592 0
-508 -620 0
-508 -648 0
-536 -564 0
-536 -592 0
-536 -620 0
-536 -648 0
-564 -592 0
-564 -620 0
-564 -648 0
-592 -620 0
-592 -648 0
-620 -648 0
-5 -33 0
-5 -61 0
-5 -89 0
-5 -117 0
-5 -145 0
-5 -173 0
-5 -201 0
-5 -229 0
-5 -257 0
-5 -285 0
-5 -313 0
-5 -341 0
-5 -369 0
-5 -397 0
-5 -425 0
-5 -453 0
-5 -481 0
-5 -509 0
-5 -537 0
-5 -565 0
-5 -593 0
-5 -621 0
-33 -61 0
-33 -89 0
-33 -117 0
-33 -145 0
-33 -173 0
-33 -201 0
-33 -229 0
-33 -257 0
-33 -285 0
-33 -313 0
-33 -341 0
-33 -369 0
-33 -397 0
-33 -425 0
-33 -453 0
-33 -481 0
-33 -509 0
-33 -537 0
-33 -565 0
-33 -593 0
-33 -621 0
-61 -89 0
-61 -117 0
-61 -145 0
-61 -173 0
-61 -201 0
-61 -229 0
-61 -257 0
-61 -285 0
-61 -313 0
-61 -341 0
-61 -369 0
-61 -397 0
-61 -425 0
-61 -453 0
-61 -481 0
-61 -509 0
-61 -537 0
-61 -565 0
-61 -593 0
-61 -621 0
-89 -117 0
-89 -145 0
-89 -173 0
-89 -201 0
-89 -229 0
-89 -257 0
-89 -285 0
-89 -313 0
-89 -341 0
-89 -369 0
-89 -397 0
-89 -425 0
-89 -453 0
-89 -481 0
-89 -509 0
-89 -537 0
-89 -565 0
-89 -593 0
-89 -621 0
-117 -145 0
-117 -173 0
-117 -201 0
-117 -229 0
-117 -257 0
-117 -285 0
-117 -313 0
-117 -341 0
-117 -369 0
-117 -397 0
-117 -425 0
-117 -453 0
-117 -481 0
-117 -509 0
-117 -537 0
-117 -565 0
-117 -593 0
-117 -621 0
-145 -173 0
-145 -201 0
-145 -229 0
-145 -257 0
-145 -285 0
-145 -313 0
-145 -341 0
-145 -369 0
-145 -397 0
-145 -425 0
-145 -453 0
-145 -481 0
-145 -509 0
-145 -537 0
-145 -565 0
-145 -593 0
-145 -621 0
-173 -201 0
-173 -229 0
-173 -257 0
-173 -285 0
-173 -313 0
-173 -341 0
-173 -369 0
-173 -397 0
-173 -425 0
-173 -453 0
-173 -481 0
-173 -509 0
-173 -537 0
-173 -565 0
-173 -593 0
-173 -621 0
-201 -229 0
-201 -257 0
-201 -285 0
-201 -313 0
-201 -341 0
-201 -369 0
-201 -397 0
-201 -425 0
-201 -453 0
-201 -481 0
-201 -509 0
-201 -537 0
-201 -565 0
-201 -593 0
-201 -621 0
-229 -257 0
-229 -285 0
-229 -313 0
-229 -341 0
-229 -369 0
-229 -397 0
-229 -425 0
-229 -453 0
-229 -481 0
-229 -509 0
-229 -537 0
-229 -565 0
-229 -593 0
-229 -621 0
-257 -285 0
-257 -313 0
-257 -341 0
-257 -369 0
-257 -397 0
-257 -425 0
-257 -453 0
-257 -481 0
-257 -509 0
-257 -537 0
-257 -565 0
-257 -593 0
-257 -621 0
-285 -313 0
-285 -341 0
-285 -369 0
-285 -397 0
-285 -425 0
-285 -453 0
-285 -481 0
-285 -509 0
-285 -537 0
-285 -565 0
-285 -593 0
-285 -621 0
-313 -341 0
-313 -369 0
-313 -397 0
-313 -425 0
-313 -453 0
-313 -481 0
-313 -509 0
-313 -537 0
-313 -565 0
-313 -593 0
-313 -621 0
-341 -369 0
-341 -397 0
-341 -425 0
-341 -453 0
-341 -481 0
-341 -509 0
-341 -537 0
-341 -565 0
-341 -593 0
-341 -621 0
-369 -397 0
-369 -425 0
-369 -453 0
-369 -481 0
-369 -509 0
-369 -537 0
-369 -565 0
-369 -593 0
-369 -621 0
-397 -425 0
-397 -453 0
-397 -481 0
-397 -509 0
-397 -537 0
-397 -565 0
-397 -593 0
-397 -621 0
-425 -453 0
-425 -481 0
-425 -509 0
-425 -537 0
-425 -565 0
-425 -593 0
-425 -621 0
-453 -481 0
-453 -509 0
-453 -537 0
-453 -565 0
-453 -593 0
-453 -621 0
-481 -509 0
-481 -537 0
-481 -565 0
-481 -593 0
-481 -621 0
-509 -537 0
-509 -565 0
-509 -593 0
-509 -621 0
-537 -565 0
-537 -593 0
-537 -621 0
-565 -593 0
-565 -621 0
-593 -621 0
-6 -34 0
-6 -62 0
-6 -90 0
-6 -118 0
-6 -146 0
-6 -174 0
-6 -202 0
-6 -230 0
-6 -258 0
-6 -286 0
-6 -314 0
-6 -342 0
-6 -370 0
-6 -398 0
-6 -426 0
-6 -454 0
-6 -482 0
-6 -510 0
-6 -538 0
-6 -566 0
-6 -594 0
-34 -62 0
-34 -90 0
-34 -118 0
-34 -146 0
-34 -174 0
-34 -202 0
-34 -230 0
-34 -258 0
-34 -286 0
-34 -314 0
-34 -342 0
-34 -370 0
-34 -398 0
-34 -426 0
-34 -454 0
-34 -482 0
-34 -510 0
-34 -538 0
-34 -566 0
-34 -594 0
-62 -90 0
-62 -118 0
-62 -146 0
-62 -174 0
-62 -202 0
-62 -230 0
-62 -258 0
-62 -286 0
-62 -314 0
-62 -342 0
-62 -370 0
-62 -398 0
-62 -426 0
-62 -454 0
-62 -482 0
-62 -510 0
-62 -538 0
-62 -566 0
-62 -594 0
-90 -118 0
-90 -146 0
-90 -174 0
-90 -202 0
-90 -230 0
-90 -258 0
-90 -286 0
-90 -314 0
-90 -342 0
-90 -370 0
-90 -398 0
-90 -426 0
-90 -454 0
-90 -482 0
-90 -510 0
-90 -538 0
-90 -566 0
-90 -594 0
-118 -146 0
-118 -174 0
-118 -202 0
-118 -230 0
-118 -258 0
-118 -286 0
-118 -314 0
-118 -342 0
-118 -370 0
-118 -398 0
-118 -426 0
-118 -454 0
-118 -482 0
-118 -510 0
-118 -538 0
-118 -566 0
-118 -594 0
-146 -174 0
-146 -202 0
-146 -230 0
-146 -258 0
-146 -286 0
-146 -314 0
-146 -342 0
-146 -370 0
-146 -398 0
-146 -426 0
-146 -454 0
-146 -482 0
-146 -510 0
-146 -538 0
-146 -566 0
-146 -594 0
-174 -202 0
-174 -230 0
-174 -258 0
-174 -286 0
-174 -314 0
-174 -342 0
-174 -370 0
-174 -398 0
-174 -426 0
-174 -454 0
-174 -482 0
-174 -510 0
-174 -538 0
-174 -566 0
-174 -594 0
-202 -230 0
-202 -258 0
-202 -286 0
-202 -314 0
-202 -342 0
-202 -370 0
-202 -398 0
-202 -426 0
-202 -454 0
-202 -482 0
-202 -510 0
-202 -538 0
-202 -566 0
-202 -594 0
-230 -258 0
-230 -286 0
-230 -314 0
-230 -342 0
-230 -370 0
-230 -398 0
-230 -426 0
-230 -454 0
-230 -482 0
-230 -510 0
-230 -538 0
-230 -566 0
-230 -594 0
-258 -286 0
-258 -314 0
-258 -342 0
-258 -370 0
-258 -398 0
-258 -426 0
-258 -454 0
-258 -482 0
-258 -510 0
-258 -538 0
-258 -566 0
-258 -594 0
-286 -314 0
-286 -342 0
-286 -370 0
-286 -398 0
-286 -426 0
-286 -454 0
-286 -482 0
-286 -510 0
-286 -538 0
-286 -566 0
-286 -594 0
-314 -342 0
-314 -370 0
-314 -398 0
-314 -426 0
-314 -454 0
-314 -482 0
-314 -510 0
-314 -538 0
-314 -566 0
-314 -594 0
-342 -370 0
-342 -398 0
-342 -426 0
-342 -454 0
-342 -482 0
-342 -510 0
-342 -538 0
-342 -566 0
-342 -594 0
-370 -398 0
-370 -426 0
-370 -454 0
-370 -482 0
-370 -510 0
-370 -538 0
-370 -566 0
-370 -594 0
-398 -426 0
-398 -454 0
-398 -482 0
-398 -510 0
-398 -538 0
-398 -566 0
-398 -594 0
-426 -454 0
-426 -482 0
-426 -510 0
-426 -538 0
-426 -566 0
-426 -594 0
-454 -482 0
-454 -510 0
-454 -538 0
-454 -566 0
-454 -594 0
-482 -510 0
-482 -538 0
-482 -566 0
-482 -594 0
-510 -538 0
-510 -566 0
-510 -594 0
-538 -566 0
-538 -594 0
-566 -594 0
-7 -35 0
-7 -63 0
-7 -91 0
-7 -119 0
-7 -147 0
-7 -175 0
-7 -203 0
-7 -231 0
-7 -259 0
-7 -287 0
-7 -315 0
-7 -343 0
-7 -371 0
-7 -399 0
-7 -427 0
-7 -455 0
-7 -483 0
-7 -511 0
-7 -539 0
-7 -567 0
-35 -63 0
-35 -91 0
-35 -119 0
-35 -147 0
-35 -175 0
-35 -203 0
-35 -231 0
-35 -259 0
-35 -287 0
-35 -315 0
-35 -343 0
-35 -371 0
-35 -399 0
-35 -427 0
-35 -455 0
-35 -483 0
-35 -511 0
-35 -539 0
-35 -567 0
-63 -91 0
-63 -119 0
-63 -147 0
-63 -175 0
-63 -203 0
-63 -231 0
-63 -259 0
-63 -287 0
-63 -315 0
-63 -343 0
-63 -371 0
-63 -399 0
-63 -427 0
-63 -455 0
-63 -483 0
-63 -511 0
-63 -539 0
-63 -567 0
-91 -119 0
-91 -147 0
-91 -175 0
-91 -203 0
-91 -231 0
-91 -259 0
-91 -287 0
-91 -315 0
-91 -343 0
-91 -371 0
-91 -399 0
-91 -427 0
-91 -455 0
-91 -483 0
-91 -511 0
-91 -539 0
-91 -567 0
-119 -147 0
-119 -175 0
-119 -203 0
-119 -231 0
-119 -259 0
-119 -287 0
-119 -315 0
-119 -343 0
-119 -371 0
-119 -399 0
-119 -427 0
-119 -455 0
-119 -483 0
-119 -511 0
-119 -539 0
-119 -567 0
-147 -175 0
-147 -203 0
-147 -231 0
-147 -259 0
-147 -287 0
-147 -315 0
-147 -343 0
-147 -371 0
-147 -399 0
-147 -427 0
-147 -455 0
-147 -483 0
-147 -511 0
-147 -539 0
-147 -567 0
-175 -203 0
-175 -231 0
-175 -259 0
-175 -287 0
-175 -315 0
-175 -343 0
-175 -371 0
-175 -399 0
-175 -427 0
-175 -455 0
-175 -483 0
-175 -511 0
-175 -539 0
-175 -567 0
-203 -231 0
-203 -259 0
-203 -287 0
-203 -315 0
-203 -343 0
-203 -371 0
-203 -399 0
-203 -427 0
-203 -455 0
-203 -483 0
-203 -511 0
-203 -539 0
-203 -567 0
-231 -259 0
-231 -287 0
-231 -315 0
-231 -343 0
-231 -371 0
-231 -399 0
-231 -427 0
-231 -455 0
-231 -483 0
-231 -511 0
-231 -539 0
-231 -567 0
-259 -287 0
-259 -315 0
-259 -343 0
-259 -371 0
-259 -399 0
-259 -427 0
-259 -455 0
-259 -483 0
-259 -511 0
-259 -539 0
-259 -567 0
-287 -315 0
-287 -343 0
-287 -371 0
-287 -399 0
-287 -427 0
-287 -455 0
-287 -483 0
-287 -511 0
-287 -539 0
-287 -567 0
-315 -343 0
-315 -371 0
-315 -399 0
-315 -427 0
-315 -455 0
-315 -483 0
-315 -511 0
-315 -539 0
-315 -567 0
-343 -371 0
-343 -399 0
-343 -427 0
-343 -455 0
-343 -483 0
-343 -511 0
-343 -539 0
-343 -567 0
-371 -399 0
-371 -427 0
-371 -455 0
-371 -483 0
-371 -511 0
-371 -539 0
-371 -567 0
-399 -427 0
-399 -455 0
-399 -483 0
-399 -511 0
-399 -539 0
-399 -567 0
-427 -455 0
-427 -483 0
-427 -511 0
-427 -539 0
-427 -567 0
-455 -483 0
-455 -511 0
-455 -539 0
-455 -567 0
-483 -511 0
-483 -539 0
-483 -567 0
-511 -539 0
-511 -567 0
-539 -567 0
-8 -36 0
-8 -64 0
-8 -92 0
-8 -120 0
-8 -148 0
-8 -176 0
-8 -204 0
-8 -232 0
-8 -260 0
-8 -288 0
-8 -316 0
-8 -344 0
-8 -372 0
-8 -400 0
-8 -428 0
-8 -456 0
-8 -484 0
-8 -512 0
-8 -540 0
-36 -64 0
-36 -92 0
-36 -120 0
-36 -148 0
-36 -176 0
-36 -204 0
-36 -232 0
-36 -260 0
-36 -288 0
-36 -316 0
-36 -344 0
-36 -372 0
-36 -400 0
-36 -428 0
-36 -456 0
-36 -484 0
-36 -512 0
-36 -540 0
-64 -92 0
-64 -120 0
-64 -148 0
-64 -176 0
-64 -204 0
-64 -232 0
-64 -260 0
-64 -288 0
-64 -316 0
-64 -344 0
-64 -372 0
-64 -400 0
-64 -428 0
-64 -456 0
-64 -484 0
-64 -512 0
-64 -540 0
-92 -120 0
-92 -148 0
-92 -176 0
-92 -204 0
-92 -232 0
-92 -260 0
-92 -288 0
-92 -316 0
-92 -344 0
-92 -372 0
-92 -400 0
-92 -428 0
-92 -456 0
-92 -484 0
-92 -512 0
-92 -540 0
-120 -148 0
-120 -176 0
-120 -204 0
-120 -232 0
-120 -260 0
-120 -288 0
-120 -316 0
-120 -344 0
-120 -372 0
-120 -400 0
-120 -428 0
-120 -456 0
-120 -484 0
-120 -512 0
-120 -540 0
-148 -176 0
-148 -204 0
-148 -232 0
-148 -260 0
-148 -288 0
-148 -316 0
-148 -344 0
-148 -372 0
-148 -400 0
-148 -428 0
-148 -456 0
-148 -484 0
-148 -512 0
-148 -540 0
-176 -204 0
-176 -232 0
-176 -260 0
-176 -288 0
-176 -316 0
-176 -344 0
-176 -372 0
-176 -400 0
-176 -428 0
-176 -456 0
-176 -484 0
-176 -512 0
-176 -540 0
-204 -232 0
-204 -260 0
-204 -288 0
-204 -316 0
-204 -344 0
-204 -372 0
-204 -400 0
-204 -428 0
-204 -456 0
-204 -484 0
-204 -512 0
-204 -540 0
-232 -260 0
-232 -288 0
-232 -316 0
-232 -344 0
-232 -372 0
-232 -400 0
-232 -428 0
-232 -456 0
-232 -484 0
-232 -512 0
-232 -540 0
-260 -288 0
-260 -316 0
-260 -344 0
-260 -372 0
-260 -400 0
-260 -428 0
-260 -456 0
-260 -484 0
-260 -512 0
-260 -540 0
-288 -316 0
-288 -344 0
-288 -372 0
-288 -400 0
-288 -428 0
-288 -456 0
-288 -484 0
-288 -512 0
-288 -540 0
-316 -344 0
-316 -372 0
-316 -400 0
-316 -428 0
-316 -456 0
-316 -484 0
-316 -512 0
-316 -540 0
-344 -372 0
-344 -400 0
-344 -428 0
-344 -456 0
-344 -484 0
-344 -512 0
-344 -540 0
-372 -400 0
-372 -428 0
-372 -456 0
-372 -484 0
-372 -512 0
-372 -540 0
-400 -428 0
-400 -456 0
-400 -484 0
-400 -512 0
-400 -540 0
-428 -456 0
-428 -484 0
-428 -512 0
-428 -540 0
-456 -484 0
-456 -512 0
-456 -540 0
-484 -512 0
-484 -540 0
-512 -540 0
-9 -37 0
-9 -65 0
-9 -93 0
-9 -121 0
-9 -149 0
-9 -177 0
-9 -205 0
-9 -233 0
-9 -261 0
-9 -289 0
-9 -317 0
-9 -345 0
-9 -373 0
-9 -401 0
-9 -429 0
-9 -457 0
-9 -485 0
-9 -513 0
-37 -65 0
-37 -93 0
-37 -121 0
-37 -149 0
-37 -177 0
-37 -205 0
-37 -233 0
-37 -261 0
-37 -289 0
-37 -317 0
-37 -345 0
-37 -373 0
-37 -401 0
-37 -429 0
-37 -457 0
-37 -485 0
-37 -513 0
-65 -93 0
-65 -121 0
-65 -149 0
-65 -177 0
-65 -205 0
-65 -233 0
-65 -261 0
-65 -289 0
-65 -317 0
-65 -345 0
-65 -373 0
-65 -401 0
-65 -429 0
-65 -457 0
-65 -485 0
-65 -513 0
-93 -121 0
-93 -149 0
-93 -177 0
-93 -205 0
-93 -233 0
-93 -261 0
-93 -289 0
-93 -317 0
-93 -345 0
-93 -373 0
-93 -401 0
-93 -429 0
-93 -457 0
-93 -485 0
-93 -513 0
-121 -149 0
-121 -177 0
-121 -205 0
-121 -233 0
-121 -261 0
-121 -289 0
-121 -317 0
-121 -345 0
-121 -373 0
-121 -401 0
-121 -429 0
-121 -457 0
-121 -485 0
-121 -513 0
-149 -177 0
-149 -205 0
-149 -233 0
-149 -261 0
-149 -289 0
-149 -317 0
-149 -345 0
-149 -373 0
-149 -401 0
-149 -429 0
-149 -457 0
-149 -485 0
-149 -513 0
-177 -205 0
-177 -233 0
-177 -261 0
-177 -289 0
-177 -317 0
-177 -345 0
-177 -373 0
-177 -401 0
-177 -429 0
-177 -457 0
-177 -485 0
-177 -513 0
-205 -233 0
-205 -261 0
-205 -289 0
-205 -317 0
-205 -345 0
-205 -373 0
-205 -401 0
-205 -429 0
-205 -457 0
-205 -485 0
-205 -513 0
-233 -261 0
-233 -289 0
-233 -317 0
-233 -345 0
-233 -373 0
-233 -401 0
-233 -429 0
-233 -457 0
-233 -485 0
-233 -513 0
-261 -289 0
-261 -317 0
-261 -345 0
-261 -373 0
-261 -401 0
-261 -429 0
-261 -457 0
-261 -485 0
-261 -513 0
-289 -317 0
-289 -345 0
-289 -373 0
-289 -401 0
-289 -429 0
-289 -457 0
-289 -485 0
-289 -513 0
-317 -345 0
-317 -373 0
-317 -401 0
-317 -429 0
-317 -457 0
-317 -485 0
-317 -513 0
-345 -373 0
-345 -401 0
-345 -429 0
-345 -457 0
-345 -485 0
-345 -513 0
-373 -401 0
-373 -429 0
-373 -457 0
-373 -485 0
-373 -513 0
-401 -429 0
-401 -457 0
-401 -485 0
-401 -513 0
-429 -457 0
-429 -485 0
-429 -513 0
-457 -485 0
-457 -513 0
-485 -513 0
-10 -38 0
-10 -66 0
-10 -94 0
-10 -122 0
-10 -150 0
-10 -178 0
-10 -206 0
-10 -234 0
-10 -262 0
-10 -290 0
-10 -318 0
-10 -346 0
-10 -374 0
-10 -402 0
-10 -430 0
-10 -458 0
-10 -486 0
-38 -66 0
-38 -94 0
-38 -122 0
-38 -150 0
-38 -178 0
-38 -206 0
-38 -234 0
-38 -262 0
-38 -290 0
-38 -318 0
-38 -346 0
-38 -374 0
-38 -402 0
-38 -430 0
-38 -458 0
-38 -486 0
-66 -94 0
-66 -122 0
-66 -150 0
-66 -178 0
-66 -206 0
-66 -234 0
-66 -262 0
-66 -290 0
-66 -318 0
-66 -346 0
-66 -374 0
-66 -402 0
-66 -430 0
-66 -458 0
-66 -486 0
-94 -122 0
-94 -150 0
-94 -178 0
-94 -206 0
-94 -234 0
-94 -262 0
-94 -290 0
-94 -318 0
-94 -346 0
-94 -374 0
-94 -402 0
-94 -430 0
-94 -458 0
-94 -486 0
-122 -150 0
-122 -178 0
-122 -206 0
-122 -234 0
-122 -262 0
-122 -290 0
-122 -318 0
-122 -346 0
-122 -374 0
-122 -402 0
-122 -430 0
-122 -458 0
-122 -486 0
-150 -178 0
-150 -206 0
-150 -234 0
-150 -262 0
-150 -290 0
-150 -318 0
-150 -346 0
-150 -374 0
-150 -402 0
-150 -430 0
-150 -458 0
-150 -486 0
-178 -206 0
-178 -234 0
-178 -262 0
-178 -290 0
-178 -318 0
-178 -346 0
-178 -374 0
-178 -402 0
-178 -430 0
-178 -458 0
-178 -486 0
-206 -234 0
-206 -262 0
-206 -290 0
-206 -318 0
-206 -346 0
-206 -374 0
-206 -402 0
-206 -430 0
-206 -458 0
-206 -486 0
-234 -262 0
-234 -290 0
-234 -318 0
-234 -346 0
-234 -374 0
-234 -402 0
-234 -430 0
-234 -458 0
-234 -486 0
-262 -290 0
-262 -318 0
-262 -346 0
-262 -374 0
-262 -402 0
-262 -430 0
-262 -458 0
-262 -486 0
-290 -318 0
-290 -346 0
-290 -374 0
-290 -402 0
-290 -430 0
-290 -458 0
-290 -486 0
-318 -346 0
-318 -374 0
-318 -402 0
-318 -430 0
-318 -458 0
-318 -486 0
-346 -374 0
-346 -402 0
-346 -430 0
-346 -458 0
-346 -486 0
-374 -402 0
-374 -430 0
-374 -458 0
-374 -486 0
-402 -430 0
-402 -458 0
-402 -486 0
-430 -458 0
-430 -486 0
-458 -486 0
-11 -39 0
-11 -67 0
-11 -95 0
-11 -123 0
-11 -151 0
-11 -179 0
-11 -207 0
-11 -235 0
-11 -263 0
-11 -291 0
-11 -319 0
-11 -347 0
-11 -375 0
-11 -403 0
-11 -431 0
-11 -459 0
-39 -67 0
-39 -95 0
-39 -123 0
-39 -151 0
-39 -179 0
-39 -207 0
-39 -235 0
-39 -263 0
-39 -291 0
-39 -319 0
-39 -347 0
-39 -375 0
-39 -403 0
-39 -431 0
-39 -459 0
-67 -95 0
-67 -123 0
-67 -151 0
-67 -179 0
-67 -207 0
-67 -235 0
-67 -263 0
-67 -291 0
-67 -319 0
-67 -347 0
-67 -375 0
-67 -403 0
-67 -431 0
-67 -459 0
-95 -123 0
-95 -151 0
-95 -179 0
-95 -207 0
-95 -235 0
-95 -263 0
-95 -291 0
-95 -319 0
-95 -347 0
-95 -375 0
-95 -403 0
-95 -431 0
-95 -459 0
-123 -151 0
-123 -179 0
-123 -207 0
-123 -235 0
-123 -263 0
-123 -291 0
-123 -319 0
-123 -347 0
-123 -375 0
-123 -403 0
-123 -431 0
-123 -459 0
-151 -179 0
-151 -207 0
-151 -235 0
-151 -263 0
-151 -291 0
-151 -319 0
-151 -347 0
-151 -375 0
-151 -403 0
-151 -431 0
-151 -459 0
-179 -207 0
-179 -235 0
-179 -263 0
-179 -291 0
-179 -319 0
-179 -347 0
-179 -375 0
-179 -403 0
-179 -431 0
-179 -459 0
-207 -235 0
-207 -263 0
-207 -291 0
-207 -319 0
-207 -347 0
-207 -375 0
-207 -403 0
-207 -431 0
-207 -459 0
-235 -263 0
-235 -291 0
-235 -319 0
-235 -347 0
-235 -375 0
-235 -403 0
-235 -431 0
-235 -459 0
-263 -291 0
-263 -319 0
-263 -347 0
-263 -375 0
-263 -403 0
-263 -431 0
-263 -459 0
-291 -319 0
-291 -347 0
-291 -375 0
-291 -403 0
-291 -431 0
-291 -459 0
-319 -347 0
-319 -375 0
-319 -403 0
-319 -431 0
-319 -459 0
-347 -375 0
-347 -403 0
-347 -431 0
-347 -459 0
-375 -403 0
-375 -431 0
-375 -459 0
-403 -431 0
-403 -459 0
-431 -459 0
-12 -40 0
-12 -68 0
-12 -96 0
-12 -124 0
-12 -152 0
-12 -180 0
-12 -208 0
-12 -236 0
-12 -264 0
-12 -292 0
-12 -320 0
-12 -348 0
-12 -376 0
-12 -404 0
-12 -432 0
-40 -68 0
-40 -96 0
-40 -124 0
-40 -152 0
-40 -180 0
-40 -208 0
-40 -236 0
-40 -264 0
-40 -292 0
-40 -320 0
-40 -348 0
-40 -376 0
-40 -404 0
-40 -432 0
-68 -96 0
-68 -124 0
-68 -152 0
-68 -180 0
-68 -208 0
-68 -236 0
-68 -264 0
-68 -292 0
-68 -320 0
-68 -348 0
-68 -376 0
-68 -404 0
-68 -432 0
-96 -124 0
-96 -152 0
-96 -180 0
-96 -208 0
-96 -236 0
-96 -264 0
-96 -292 0
-96 -320 0
-96 -348 0
-96 -376 0
-96 -404 0
-96 -432 0
-124 -152 0
-124 -180 0
-124 -208 0
-124 -236 0
-124 -264 0
-124 -292 0
-124 -320 0
-124 -348 0
-124 -376 0
-124 -404 0
-124 -432 0
-152 -180 0
-152 -208 0
-152 -236 0
-152 -264 0
-152 -292 0
-152 -320 0
-152 -348 0
-152 -376 0
-152 -404 0
-152 -432 0
-180 -208 0
-180 -236 0
-180 -264 0
-180 -292 0
-180 -320 0
-180 -348 0
-180 -376 0
-180 -404 0
-180 -432 0
-208 -236 0
-208 -264 0
-208 -292 0
-208 -320 0
-208 -348 0
-208 -376 0
-208 -404 0
-208 -432 0
-236 -264 0
-236 -292 0
-236 -320 0
-236 -348 0
-236 -376 0
-236 -404 0
-236 -432 0
-264 -292 0
-264 -320 0
-264 -348 0
-264 -376 0
-264 -404 0
-264 -432 0
-292 -320 0
-292 -348 0
-292 -376 0
-292 -404 0
-292 -432 0
-320 -348 0
-320 -376 0
-320 -404 0
-320 -432 0
-348 -376 0
-348 -404 0
-348 -432 0
-376 -404 0
-376 -432 0
-404 -432 0
-13 -41 0
-13 -69 0
-13 -97 0
-13 -125 0
-13 -153 0
-13 -181 0
-13 -209 0
-13 -237 0
-13 -265 0
-13 -293 0
-13 -321 0
-13 -349 0
-13 -377 0
-13 -405 0
-41 -69 0
-41 -97 0
-41 -125 0
-41 -153 0
-41 -181 0
-41 -209 0
-41 -237 0
-41 -265 0
-41 -293 0
-41 -321 0
-41 -349 0
-41 -377 0
-41 -405 0
-69 -97 0
-69 -125 0
-69 -153 0
-69 -181 0
-69 -209 0
-69 -237 0
-69 -265 0
-69 -293 0
-69 -321 0
-69 -349 0
-69 -377 0
-69 -405 0
-97 -125 0
-97 -153 0
-97 -181 0
-97 -209 0
-97 -237 0
-97 -265 0
-97 -293 0
-97 -321 0
-97 -349 0
-97 -377 0
-97 -405 0
-125 -153 0
-125 -181 0
-125 -209 0
-125 -237 0
-125 -265 0
-125 -293 0
-125 -321 0
-125 -349 0
-125 -377 0
-125 -405 0
-153 -181 0
-153 -209 0
-153 -237 0
-153 -265 0
-153 -293 0
-153 -321 0
-153 -349 0
-153 -377 0
-153 -405 0
-181 -209 0
-181 -237 0
-181 -265 0
-181 -293 0
-181 -321 0
-181 -349 0
-181 -377 0
-181 -405 0
-209 -237 0
-209 -265 0
-209 -293 0
-209 -321 0
-209 -349 0
-209 -377 0
-209 -405 0
-237 -265 0
-237 -293 0
-237 -321 0
-237 -349 0
-237 -377 0
-237 -405 0
-265 -293 0
-265 -321 0
-265 -349 0
-265 -377 0
-265 -405 0
-293 -321 0
-293 -349 0
-293 -377 0
-293 -405 0
-321 -349 0
-321 -377 0
-321 -405 0
-349 -377 0
-349 -405 0
-377 -405 0
-14 -42 0
-14 -70 0
-14 -98 0
-14 -126 0
-14 -154 0
-14 -182 0
-14 -210 0
-14 -238 0
-14 -266 0
-14 -294 0
-14 -322 0
-14 -350 0
-14 -378 0
-42 -70 0
-42 -98 0
-42 -126 0
-42 -154 0
-42 -182 0
-42 -210 0
-42 -238 0
-42 -266 0
-42 -294 0
-42 -322 0
-42 -350 0
-42 -378 0
-70 -98 0
-70 -126 0
-70 -154 0
-70 -182 0
-70 -210 0
-70 -238 0
-70 -266 0
-70 -294 0
-70 -322 0
-70 -350 0
-70 -378 0
-98 -126 0
-98 -154 0
-98 -182 0
-98 -210 0
-98 -238 0
-98 -266 0
-98 -294 0
-98 -322 0
-98 -350 0
-98 -378 0
-126 -154 0
-126 -182 0
-126 -210 0
-126 -238 0
-126 -266 0
-126 -294 0
-126 -322 0
-126 -350 0
-126 -378 0
-154 -182 0
-154 -210 0
-154 -238 0
-154 -266 0
-154 -294 0
-154 -322 0
-154 -350 0
-154 -378 0
-182 -210 0
-182 -238 0
-182 -266 0
-182 -294 0
-182 -322 0
-182 -350 0
-182 -378 0
-210 -238 0
-210 -266 0
-210 -294 0
-210 -322 0
-210 -350 0
-210 -378 0
-238 -266 0
-238 -294 0
-238 -322 0
-238 -350 0
-238 -378 0
-266 -294 0
-266 -322 0
-266 -350 0
-266 -378 0
-294 -322 0
-294 -350 0
-294 -378 0
-322 -350 0
-322 -378 0
-350 -378 0
-15 -43 0
-15 -71 0
-15 -99 0
-15 -127 0
-15 -155 0
-15 -183 0
-15 -211 0
-15 -239 0
-15 -267 0
-15 -295 0
-15 -323 0
-15 -351 0
-43 -71 0
-43 -99 0
-43 -127 0
-43 -155 0
-43 -183 0
-43 -211 0
-43 -239 0
-43 -267 0
-43 -295 0
-43 -323 0
-43 -351 0
-71 -99 0
-71 -127 0
-71 -155 0
-71 -183 0
-71 -211 0
-71 -239 0
-71 -267 0
-71 -295 0
-71 -323 0
-71 -351 0
-99 -127 0
-99 -155 0
-99 -183 0
-99 -211 0
-99 -239 0
-99 -267 0
-99 -295 0
-99 -323 0
-99 -351 0
-127 -155 0
-127 -183 0
-127 -211 0
-127 -239 0
-127 -267 0
-127 -295 0
-127 -323 0
-127 -351 0
-155 -183 0
-155 -211 0
-155 -239 0
-155 -267 0
-155 -295 0
-155 -323 0
-155 -351 0
-183 -211 0
-183 -239 0
-183 -267 0
-183 -295 0
-183 -323 0
-183 -351 0
-211 -239 0
-211 -267 0
-211 -295 0
-211 -323 0
-211 -351 0
-239 -267 0
-239 -295 0
-239 -323 0
-239 -351 0
-267 -295 0
-267 -323 0
-267 -351 0
-295 -323 0
-295 -351 0
-323 -351 0
-16 -44 0
-16 -72 0
-16 -100 0
-16 -128 0
-16 -156 0
-16 -184 0
-16 -212 0
-16 -240 0
-16 -268 0
-16 -296 0
-16 -324 0
-44 -72 0
-44 -100 0
-44 -128 0
-44 -156 0
-44 -184 0
-44 -212 0
-44 -240 0
-44 -268 0
-44 -296 0
-44 -324 0
-72 -100 0
-72 -128 0
-72 -156 0
-72 -184 0
-72 -212 0
-72 -240 0
-72 -268 0
-72 -296 0
-72 -324 0
-100 -128 0
-100 -156 0
-100 -184 0
-100 -212 0
-100 -240 0
-100 -268 0
-100 -296 0
-100 -324 0
-128 -156 0
-128 -184 0
-128 -212 0
-128 -240 0
-128 -268 0
-128 -296 0
-128 -324 0
-156 -184 0
-156 -212 0
-156 -240 0
-156 -268 0
-156 -296 0
-156 -324 0
-184 -212 0
-184 -240 0
-184 -268 0
-184 -296 0
-184 -324 0
-212 -240 0
-212 -268 0
-212 -296 0
-212 -324 0
-240 -268 0
-240 -296 0
-240 -324 0
-268 -296 0
-268 -324 0
-296 -324 0
-17 -45 0
-17 -73 0
-17 -101 0
-17 -129 0
-17 -157 0
-17 -185 0
-17 -213 0
-17 -241 0
-17 -269 0
-17 -297 0
-45 -73 0
-45 -101 0
-45 -129 0
-45 -157 0
-45 -185 0
-45 -213 0
-45 -241 0
-45 -269 0
-45 -297 0
-73 -101 0
-73 -129 0
-73 -157 0
-73 -185 0
-73 -213 0
-73 -241 0
-73 -269 0
-73 -297 0
-101 -129 0
-101 -157 0
-101 -185 0
-101 -213 0
-101 -241 0
-101 -269 0
-101 -297 0
-129 -157 0
-129 -185 0
-129 -213 0
-129 -241 0
-129 -269 0
-129 -297 0
-157 -185 0
-157 -213 0
-157 -241 0
-157 -269 0
-157 -297 0
-185 -213 0
-185 -241 0
-185 -269 0
-185 -297 0
-213 -241 0
-213 -269 0
-213 -297 0
-241 -269 0
-241 -297 0
-269 -297 0
-18 -46 0
-18 -74 0
-18 -102 0
-18 -130 0
-18 -158 0
-18 -186 0
-18 -214 0
-18 -242 0
-18 -270 0
-46 -74 0
-46 -102 0
-46 -130 0
-46 -158 0
-46 -186 0
-46 -214 0
-46 -242 0
-46 -270 0
-74 -102 0
-74 -130 0
-74 -158 0
-74 -186 0
-74 -214 0
-74 -242 0
-74 -270 0
-102 -130 0
-102 -158 0
-102 -186 0
-102 -214 0
-102 -242 0
-102 -270 0
-130 -158 0
-130 -186 0
-130 -214 0
-130 -242 0
-130 -270 0
-158 -186 0
-158 -214 0
-158 -242 0
-158 -270 0
-186 -214 0
-186 -242 0
-186 -270 0
-214 -242 0
-214 -270 0
-242 -270 0
-19 -47 0
-19 -75 0
-19 -103 0
-19 -131 0
-19 -159 0
-19 -187 0
-19 -215 0
-19 -243 0
-47 -75 0
-47 -103 0
-47 -131 0
-47 -159 0
-47 -187 0
-47 -215 0
-47 -243 0
-75 -103 0
-75 -131 0
-75 -159 0
-75 -187 0
-75 -215 0
-75 -243 0
-103 -131 0
-103 -159 0
-103 -187 0
-103 -215 0
-103 -243 0
-131 -159 0
-131 -187 0
-131 -215 0
-131 -243 0
-159 -187 0
-159 -215 0
-159 -243 0
-187 -215 0
-187 -243 0
-215 -243 0
-20 -48 0
-20 -76 0
-20 -104 0
-20 -132 0
-20 -160 0
-20 -188 0
-20 -216 0
-48 -76 0
-48 -104 0
-48 -132 0
-48 -160 0
-48 -188 0
-48 -216 0
-76 -104 0
-76 -132 0
-76 -160 0
-76 -188 0
-76 -216 0
-104 -132 0
-104 -160 0
-104 -188 0
-104 -216 0
-132 -160 0
-132 -188 0
-132 -216 0
-160 -188 0
-160 -216 0
-188 -216 0
-21 -49 0
-21 -77 0
-21 -105 0
-21 -133 0
-21 -161 0
-21 -189 0
-49 -77 0
-49 -105 0
-49 -133 0
-49 -161 0
-49 -189 0
-77 -105 0
-77 -133 0
-77 -161 0
-77 -189 0
-105 -133 0
-105 -161 0
-105 -189 0
-133 -161 0
-133 -189 0
-161 -189 0
-22 -50 0
-22 -78 0
-22 -106 0
-22 -134 0
-22 -162 0
-50 -78 0
-50 -106 0
-50 -134 0
-50 -162 0
-78 -106 0
-78 -134 0
-78 -162 0
-106 -134 0
-106 -162 0
-134 -162 0
-23 -51 0
-23 -79 0
-23 -107 0
-23 -135 0
-51 -79 0
-51 -107 0
-51 -135 0
-79 -107 0
-79 -135 0
-107 -135 0
-24 -52 0
-24 -80 0
-24 -108 0
-52 -80 0
-52 -108 0
-80 -108 0
-25 -53 0
-25 -81 0
-53 -81 0
-26 -54 0
-28 -56 0
-28 -84 0
-28 -112 0
-28 -140 0
-28 -168 0
-28 -196 0
-28 -224 0
-28 -252 0
-28 -280 0
-28 -308 0
-28 -336 0
-28 -364 0
-28 -392 0
-28 -420 0
-28 -448 0
-28 -476 0
-28 -504 0
-28 -532 0
-28 -560 0
-28 -588 0
-28 -616 0
-28 -644 0
-28 -672 0
-28 -700 0
-28 -728 0
-56 -84 0
-56 -112 0
-56 -140 0
-56 -168 0
-56 -196 0
-56 -224 0
-56 -252 0
-56 -280 0
-56 -308 0
-56 -336 0
-56 -364 0
-56 -392 0
-56 -420 0
-56 -448 0
-56 -476 0
-56 -504 0
-56 -532 0
-56 -560 0
-56 -588 0
-56 -616 0
-56 -644 0
-56 -672 0
-56 -700 0
-56 -728 0
-84 -112 0
-84 -140 0
-84 -168 0
-84 -196 0
-84 -224 0
-84 -252 0
-84 -280 0
-84 -308 0
-84 -336 0
-84 -364 0
-84 -392 0
-84 -420 0
-84 -448 0
-84 -476 0
-84 -504 0
-84 -532 0
-84 -560 0
-84 -588 0
-84 -616 0
-84 -644 0
-84 -672 0
-84 -700 0
-84 -728 0
-112 -140 0
-112 -168 0
-112 -196 0
-112 -224 0
-112 -252 0
-112 -280 0
-112 -308 0
-112 -336 0
-112 -364 0
-112 -392 0
-112 -420 0
-112 -448 0
-112 -476 0
-112 -504 0
-112 -532 0
-112 -560 0
-112 -588 0
-112 -616 0
-112 -644 0
-112 -672 0
-112 -700 0
-112 -728 0
-140 -168 0
-140 -196 0
-140 -224 0
-140 -252 0
-140 -280 0
-140 -308 0
-140 -336 0
-140 -364 0
-140 -392 0
-140 -420 0
-140 -448 0
-140 -476 0
-140 -504 0
-140 -532 0
-140 -560 0
-140 -588 0
-140 -616 0
-140 -644 0
-140 -672 0
-140 -700 0
-140 -728 0
-168 -196 0
-168 -224 0
-168 -252 0
-168 -280 0
-168 -308 0
-168 -336 0
-168 -364 0
-168 -392 0
-168 -420 0
-168 -448 0
-168 -476 0
-168 -504 0
-168 -532 0
-168 -560 0
-168 -588 0
-168 -616 0
-168 -644 0
-168 -672 0
-168 -700 0
-168 -728 0
-196 -224 0
-196 -252 0
-196 -280 0
-196 -308 0
-196 -336 0
-196 -364 0
-196 -392 0
-196 -420 0
-196 -448 0
-196 -476 0
-196 -504 0
-196 -532 0
-196 -560 0
-196 -588 0
-196 -616 0
-196 -644 0
-196 -672 0
-196 -700 0
-196 -728 0
-224 -252 0
-224 -280 0
-224 -308 0
-224 -336 0
-224 -364 0
-224 -392 0
-224 -420 0
-224 -448 0
-224 -476 0
-224 -504 0
-224 -532 0
-224 -560 0
-224 -588 0
-224 -616 0
-224 -644 0
-224 -672 0
-224 -700 0
-224 -728 0
-252 -280 0
-252 -308 0
-252 -336 0
-252 -364 0
-252 -392 0
-252 -420 0
-252 -448 0
-252 -476 0
-252 -504 0
-252 -532 0
-252 -560 0
-252 -588 0
-252 -616 0
-252 -644 0
-252 -672 0
-252 -700 0
-252 -728 0
-280 -308 0
-280 -336 0
-280 -364 0
-280 -392 0
-280 -420 0
-280 -448 0
-280 -476 0
-280 -504 0
-280 -532 0
-280 -560 0
-280 -588 0
-280 -616 0
-280 -644 0
-280 -672 0
-280 -700 0
-280 -728 0
-308 -336 0
-308 -364 0
-308 -392 0
-308 -420 0
-308 -448 0
-308 -476 0
-308 -504 0
-308 -532 0
-308 -560 0
-308 -588 0
-308 -616 0
-308 -644 0
-308 -672 0
-308 -700 0
-308 -728 0
-336 -364 0
-336 -392 0
-336 -420 0
-336 -448 0
-336 -476 0
-336 -504 0
-336 -532 0
-336 -560 0
-336 -588 0
-336 -616 0
-336 -644 0
-336 -672 0
-336 -700 0
-336 -728 0
-364 -392 0
-364 -420 0
-364 -448 0
-364 -476 0
-364 -504 0
-364 -532 0
-364 -560 0
-364 -588 0
-364 -616 0
-364 -644 0
-364 -672 0
-364 -700 0
-364 -728 0
-392 -420 0
-392 -448 0
-392 -476 0
-392 -504 0
-392 -532 0
-392 -560 0
-392 -588 0
-392 -616 0
-392 -644 0
-392 -672 0
-392 -700 0
-392 -728 0
-420 -448 0
-420 -476 0
-420 -504 0
-420 -532 0
-420 -560 0
-420 -588 0
-420 -616 0
-420 -644 0
-420 -672 0
-420 -700 0
-420 -728 0
-448 -476 0
-448 -504 0
-448 -532 0
-448 -560 0
-448 -588 0
-448 -616 0
-448 -644 0
-448 -672 0
-448 -700 0
-448 -728 0
-476 -504 0
-476 -532 0
-476 -560 0
-476 -588 0
-476 -616 0
-476 -644 0
-476 -672 0
-476 -700 0
-476 -728 0
-504 -532 0
-504 -560 0
-504 -588 0
-504 -616 0
-504 -644 0
-504 -672 0
-504 -700 0
-504 -728 0
-532 -560 0
-532 -588 0
-532 -616 0
-532 -644 0
-532 -672 0
-532 -700 0
-532 -728 0
-560 -588 0
-560 -616 0
-560 -644 0
-560 -672 0
-560 -700 0
-560 -728 0
-588 -616 0
-588 -644 0
-588 -672 0
-588 -700 0
-588 -728 0
-616 -644 0
-616 -672 0
-616 -700 0
-616 -728 0
-644 -672 0
-644 -700 0
-644 -728 0
-672 -700 0
-672 -728 0
-700 -728 0
-55 -83 0
-55 -111 0
-55 -139 0
-55 -167 0
-55 -195 0
-55 -223 0
-55 -251 0
-55 -279 0
-55 -307 0
-55 -335 0
-55 -363 0
-55 -391 0
-55 -419 0
-55 -447 0
-55 -475 0
-55 -503 0
-55 -531 0
-55 -559 0
-55 -587 0
-55 -615 0
-55 -643 0
-55 -671 0
-55 -699 0
-55 -727 0
-83 -111 0
-83 -139 0
-83 -167 0
-83 -195 0
-83 -223 0
-83 -251 0
-83 -279 0
-83 -307 0
-83 -335 0
-83 -363 0
-83 -391 0
-83 -419 0
-83 -447 0
-83 -475 0
-83 -503 0
-83 -531 0
-83 -559 0
-83 -587 0
-83 -615 0
-83 -643 0
-83 -671 0
-83 -699 0
-83 -727 0
-111 -139 0
-111 -167 0
-111 -195 0
-111 -223 0
-111 -251 0
-111 -279 0
-111 -307 0
-111 -335 0
-111 -363 0
-111 -391 0
-111 -419 0
-111 -447 0
-111 -475 0
-111 -503 0
-111 -531 0
-111 -559 0
-111 -587 0
-111 -615 0
-111 -643 0
-111 -671 0
-111 -699 0
-111 -727 0
-139 -167 0
-139 -195 0
-139 -223 0
-139 -251 0
-139 -279 0
-139 -307 0
-139 -335 0
-139 -363 0
-139 -391 0
-139 -419 0
-139 -447 0
-139 -475 0
-139 -503 0
-139 -531 0
-139 -559 0
-139 -587 0
-139 -615 0
-139 -643 0
-139 -671 0
-139 -699 0
-139 -727 0
-167 -195 0
-167 -223 0
-167 -251 0
-167 -279 0
-167 -307 0
-167 -335 0
-167 -363 0
-167 -391 0
-167 -419 0
-167 -447 0
-167 -475 0
-167 -503 0
-167 -531 0
-167 -559 0
-167 -587 0
-167 -615 0
-167 -643 0
-167 -671 0
-167 -699 0
-167 -727 0
-195 -223 0
-195 -251 0
-195 -279 0
-195 -307 0
-195 -335 0
-195 -363 0
-195 -391 0
-195 -419 0
-195 -447 0
-195 -475 0
-195 -503 0
-195 -531 0
-195 -559 0
-195 -587 0
-195 -615 0
-195 -643 0
-195 -671 0
-195 -699 0
-195 -727 0
-223 -251 0
-223 -279 0
-223 -307 0
-223 -335 0
-223 -363 0
-223 -391 0
-223 -419 0
-223 -447 0
-223 -475 0
-223 -503 0
-223 -531 0
-223 -559 0
-223 -587 0
-223 -615 0
-223 -643 0
-223 -671 0
-223 -699 0
-223 -727 0
-251 -279 0
-251 -307 0
-251 -335 0
-251 -363 0
-251 -391 0
-251 -419 0
-251 -447 0
-251 -475 0
-251 -503 0
-251 -531 0
-251 -559 0
-251 -587 0
-251 -615 0
-251 -643 0
-251 -671 0
-251 -699 0
-251 -727 0
-279 -307 0
-279 -335 0
-279 -363 0
-279 -391 0
-279 -419 0
-279 -447 0
-279 -475 0
-279 -503 0
-279 -531 0
-279 -559 0
-279 -587 0
-279 -615 0
-279 -643 0
-279 -671 0
-279 -699 0
-279 -727 0
-307 -335 0
-307 -363 0
-307 -391 0
-307 -419 0
-307 -447 0
-307 -475 0
-307 -503 0
-307 -531 0
-307 -559 0
-307 -587 0
-307 -615 0
-307 -643 0
-307 -671 0
-307 -699 0
-307 -727 0
-335 -363 0
-335 -391 0
-335 -419 0
-335 -447 0
-335 -475 0
-335 -503 0
-335 -531 0
-335 -559 0
-335 -587 0
-335 -615 0
-335 -643 0
-335 -671 0
-335 -699 0
-335 -727 0
-363 -391 0
-363 -419 0
-363 -447 0
-363 -475 0
-363 -503 0
-363 -531 0
-363 -559 0
-363 -587 0
-363 -615 0
-363 -643 0
-363 -671 0
-363 -699 0
-363 -727 0
-391 -419 0
-391 -447 0
-391 -475 0
-391 -503 0
-391 -531 0
-391 -559 0
-391 -587 0
-391 -615 0
-391 -643 0
-391 -671 0
-391 -699 0
-391 -727 0
-419 -447 0
-419 -475 0
-419 -503 0
-419 -531 0
-419 -559 0
-419 -587 0
-419 -615 0
-419 -643 0
-419 -671 0
-419 -699 0
-419 -727 0
-447 -475 0
-447 -503 0
-447 -531 0
-447 -559 0
-447 -587 0
-447 -615 0
-447 -643 0
-447 -671 0
-447 -699 0
-447 -727 0
-475 -503 0
-475 -531 0
-475 -559 0
-475 -587 0
-475 -615 0
-475 -643 0
-475 -671 0
-475 -699 0
-475 -727 0
-503 -531 0
-503 -559 0
-503 -587 0
-503 -615 0
-503 -643 0
-503 -671 0
-503 -699 0
-503 -727 0
-531 -559 0
-531 -587 0
-531 -615 0
-531 -643 0
-531 -671 0
-531 -699 0
-531 -727 0
-559 -587 0
-559 -615 0
-559 -643 0
-559 -671 0
-559 -699 0
-559 -727 0
-587 -615 0
-587 -643 0
-587 -671 0
-587 -699 0
-587 -727 0
-615 -643 0
-615 -671 0
-615 -699 0
-615 -727 0
-643 -671 0
-643 -699 0
-643 -727 0
-671 -699 0
-671 -727 0
-699 -727 0
-82 -110 0
-82 -138 0
-82 -166 0
-82 -194 0
-82 -222 0
-82 -250 0
-82 -278 0
-82 -306 0
-82 -334 0
-82 -362 0
-82 -390 0
-82 -418 0
-82 -446 0
-82 -474 0
-82 -502 0
-82 -530 0
-82 -558 0
-82 -586 0
-82 -614 0
-82 -642 0
-82 -670 0
-82 -698 0
-82 -726 0
-110 -138 0
-110 -166 0
-110 -194 0
-110 -222 0
-110 -250 0
-110 -278 0
-110 -306 0
-110 -334 0
-110 -362 0
-110 -390 0
-110 -418 0
-110 -446 0
-110 -474 0
-110 -502 0
-110 -530 0
-110 -558 0
-110 -586 0
-110 -614 0
-110 -642 0
-110 -670 0
-110 -698 0
-110 -726 0
-138 -166 0
-138 -194 0
-138 -222 0
-138 -250 0
-138 -278 0
-138 -306 0
-138 -334 0
-138 -362 0
-138 -390 0
-138 -418 0
-138 -446 0
-138 -474 0
-138 -502 0
-138 -530 0
-138 -558 0
-138 -586 0
-138 -614 0
-138 -642 0
-138 -670 0
-138 -698 0
-138 -726 0
-166 -194 0
-166 -222 0
-166 -250 0
-166 -278 0
-166 -306 0
-166 -334 0
-166 -362 0
-166 -390 0
-166 -418 0
-166 -446 0
-166 -474 0
-166 -502 0
-166 -530 0
-166 -558 0
-166 -586 0
-166 -614 0
-166 -642 0
-166 -670 0
-166 -698 0
-166 -726 0
-194 -222 0
-194 -250 0
-194 -278 0
-194 -306 0
-194 -334 0
-194 -362 0
-194 -390 0
-194 -418 0
-194 -446 0
-194 -474 0
-194 -502 0
-194 -530 0
-194 -558 0
-194 -586 0
-194 -614 0
-194 -642 0
-194 -670 0
-194 -698 0
-194 -726 0
-222 -250 0
-222 -278 0
-222 -306 0
-222 -334 0
-222 -362 0
-222 -390 0
-222 -418 0
-222 -446 0
-222 -474 0
-222 -502 0
-222 -530 0
-222 -558 0
-222 -586 0
-222 -614 0
-222 -642 0
-222 -670 0
-222 -698 0
-222 -726 0
-250 -278 0
-250 -306 0
-250 -334 0
-250 -362 0
-250 -390 0
-250 -418 0
-250 -446 0
-250 -474 0
-250 -502 0
-250 -530 0
-250 -558 0
-250 -586 0
-250 -614 0
-250 -642 0
-250 -670 0
-250 -698 0
-250 -726 0
-278 -306 0
-278 -334 0
-278 -362 0
-278 -390 0
-278 -418 0
-278 -446 0
-278 -474 0
-278 -502 0
-278 -530 0
-278 -558 0
-278 -586 0
-278 -614 0
-278 -642 0
-278 -670 0
-278 -698 0
-278 -726 0
-306 -334 0
-306 -362 0
-306 -390 0
-306 -418 0
-306 -446 0
-306 -474 0
-306 -502 0
-306 -530 0
-306 -558 0
-306 -586 0
-306 -614 0
-306 -642 0
-306 -670 0
-306 -698 0
-306 -726 0
-334 -362 0
-334 -390 0
-334 -418 0
-334 -446 0
-334 -474 0
-334 -502 0
-334 -530 0
-334 -558 0
-334 -586 0
-334 -614 0
-334 -642 0
-334 -670 0
-334 -698 0
-334 -726 0
-362 -390 0
-362 -418 0
-362 -446 0
-362 -474 0
-362 -502 0
-362 -530 0
-362 -558 0
-362 -586 0
-362 -614 0
-362 -642 0
-362 -670 0
-362 -698 0
-362 -726 0
-390 -418 0
-390 -446 0
-390 -474 0
-390 -502 0
-390 -530 0
-390 -558 0
-390 -586 0
-390 -614 0
-390 -642 0
-390 -670 0
-390 -698 0
-390 -726 0
-418 -446 0
-418 -474 0
-418 -502 0
-418 -530 0
-418 -558 0
-418 -586 0
-418 -614 0
-418 -642 0
-418 -670 0
-418 -698 0
-418 -726 0
-446 -474 0
-446 -502 0
-446 -530 0
-446 -558 0
-446 -586 0
-446 -614 0
-446 -642 0
-446 -670 0
-446 -698 0
-446 -726 0
-474 -502 0
-474 -530 0
-474 -558 0
-474 -586 0
-474 -614 0
-474 -642 0
-474 -670 0
-474 -698 0
-474 -726 0
-502 -530 0
-502 -558 0
-502 -586 0
-502 -614 0
-502 -642 0
-502 -670 0
-502 -698 0
-502 -726 0
-530 -558 0
-530 -586 0
-530 -614 0
-530 -642 0
-530 -670 0
-530 -698 0
-530 -726 0
-558 -586 0
-558 -614 0
-558 -642 0
-558 -670 0
-558 -698 0
-558 -726 0
-586 -614 0
-586 -642 0
-586 -670 0
-586 -698 0
-586 -726 0
-614 -642 0
-614 -670 0
-614 -698 0
-614 -726 0
-642 -670 0
-642 -698 0
-642 -726 0
-670 -698 0
-670 -726 0
-698 -726 0
-109 -137 0
-109 -165 0
-109 -193 0
-109 -221 0
-109 -249 0
-109 -277 0
-109 -305 0
-109 -333 0
-109 -361 0
-109 -389 0
-109 -417 0
-109 -445 0
-109 -473 0
-109 -501 0
-109 -529 0
-109 -557 0
-109 -585 0
-109 -613 0
-109 -641 0
-109 -669 0
-109 -697 0
-109 -725 0
-137 -165 0
-137 -193 0
-137 -221 0
-137 -249 0
-137 -277 0
-137 -305 0
-137 -333 0
-137 -361 0
-137 -389 0
-137 -417 0
-137 -445 0
-137 -473 0
-137 -501 0
-137 -529 0
-137 -557 0
-137 -585 0
-137 -613 0
-137 -641 0
-137 -669 0
-137 -697 0
-137 -725 0
-165 -193 0
-165 -221 0
-165 -249 0
-165 -277 0
-165 -305 0
-165 -333 0
-165 -361 0
-165 -389 0
-165 -417 0
-165 -445 0
-165 -473 0
-165 -501 0
-165 -529 0
-165 -557 0
-165 -585 0
-165 -613 0
-165 -641 0
-165 -669 0
-165 -697 0
-165 -725 0
-193 -221 0
-193 -249 0
-193 -277 0
-193 -305 0
-193 -333 0
-193 -361 0
-193 -389 0
-193 -417 0
-193 -445 0
-193 -473 0
-193 -501 0
-193 -529 0
-193 -557 0
-193 -585 0
-193 -613 0
-193 -641 0
-193 -669 0
-193 -697 0
-193 -725 0
-221 -249 0
-221 -277 0
-221 -305 0
-221 -333 0
-221 -361 0
-221 -389 0
-221 -417 0
-221 -445 0
-221 -473 0
-221 -501 0
-221 -529 0
-221 -557 0
-221 -585 0
-221 -613 0
-221 -641 0
-221 -669 0
-221 -697 0
-221 -725 0
-249 -277 0
-249 -305 0
-249 -333 0
-249 -361 0
-249 -389 0
-249 -417 0
-249 -445 0
-249 -473 0
-249 -501 0
-249 -529 0
-249 -557 0
-249 -585 0
-249 -613 0
-249 -641 0
-249 -669 0
-249 -697 0
-249 -725 0
-277 -305 0
-277 -333 0
-277 -361 0
-277 -389 0
-277 -417 0
-277 -445 0
-277 -473 0
-277 -501 0
-277 -529 0
-277 -557 0
-277 -585 0
-277 -613 0
-277 -641 0
-277 -669 0
-277 -697 0
-277 -725 0
-305 -333 0
-305 -361 0
-305 -389 0
-305 -417 0
-305 -445 0
-305 -473 0
-305 -501 0
-305 -529 0
-305 -557 0
-305 -585 0
-305 -613 0
-305 -641 0
-305 -669 0
-305 -697 0
-305 -725 0
-333 -361 0
-333 -389 0
-333 -417 0
-333 -445 0
-333 -473 0
-333 -501 0
-333 -529 0
-333 -557 0
-333 -585 0
-333 -613 0
-333 -641 0
-333 -669 0
-333 -697 0
-333 -725 0
-361 -389 0
-361 -417 0
-361 -445 0
-361 -473 0
-361 -501 0
-361 -529 0
-361 -557 0
-361 -585 0
-361 -613 0
-361 -641 0
-361 -669 0
-361 -697 0
-361 -725 0
-389 -417 0
-389 -445 0
-389 -473 0
-389 -501 0
-389 -529 0
-389 -557 0
-389 -585 0
-389 -613 0
-389 -641 0
-389 -669 0
-389 -697 0
-389 -725 0
-417 -445 0
-417 -473 0
-417 -501 0
-417 -529 0
-417 -557 0
-417 -585 0
-417 -613 0
-417 -641 0
-417 -669 0
-417 -697 0
-417 -725 0
-445 -473 0
-445 -501 0
-445 -529 0
-445 -557 0
-445 -585 0
-445 -613 0
-445 -641 0
-445 -669 0
-445 -697 0
-445 -725 0
-473 -501 0
-473 -529 0
-473 -557 0
-473 -585 0
-473 -613 0
-473 -641 0
-473 -669 0
-473 -697 0
-473 -725 0
-501 -529 0
-501 -557 0
-501 -585 0
-501 -613 0
-501 -641 0
-501 -669 0
-501 -697 0
-501 -725 0
-529 -557 0
-529 -585 0
-529 -613 0
-529 -641 0
-529 -669 0
-529 -697 0
-529 -725 0
-557 -585 0
-557 -613 0
-557 -641 0
-557 -669 0
-557 -697 0
-557 -725 0
-585 -613 0
-585 -641 0
-585 -669 0
-585 -697 0
-585 -725 0
-613 -641 0
-613 -669 0
-613 -697 0
-613 -725 0
-641 -669 0
-641 -697 0
-641 -725 0
-669 -697 0
-669 -725 0
-697 -725 0
-136 -164 0
-136 -192 0
-136 -220 0
-136 -248 0
-136 -276 0
-136 -304 0
-136 -332 0
-136 -360 0
-136 -388 0
-136 -416 0
-136 -444 0
-136 -472 0
-136 -500 0
-136 -528 0
-136 -556 0
-136 -584 0
-136 -612 0
-136 -640 0
-136 -668 0
-136 -696 0
-136 -724 0
-164 -192 0
-164 -220 0
-164 -248 0
-164 -276 0
-164 -304 0
-164 -332 0
-164 -360 0
-164 -388 0
-164 -416 0
-164 -444 0
-164 -472 0
-164 -500 0
-164 -528 0
-164 -556 0
-164 -584 0
-164 -612 0
-164 -640 0
-164 -668 0
-164 -696 0
-164 -724 0
-192 -220 0
-192 -248 0
-192 -276 0
-192 -304 0
-192 -332 0
-192 -360 0
-192 -388 0
-192 -416 0
-192 -444 0
-192 -472 0
-192 -500 0
-192 -528 0
-192 -556 0
-192 -584 0
-192 -612 0
-192 -640 0
-192 -668 0
-192 -696 0
-192 -724 0
-220 -248 0
-220 -276 0
-220 -304 0
-220 -332 0
-220 -360 0
-220 -388 0
-220 -416 0
-220 -444 0
-220 -472 0
-220 -500 0
-220 -528 0
-220 -556 0
-220 -584 0
-220 -612 0
-220 -640 0
-220 -668 0
-220 -696 0
-220 -724 0
-248 -276 0
-248 -304 0
-248 -332 0
-248 -360 0
-248 -388 0
-248 -416 0
-248 -444 0
-248 -472 0
-248 -500 0
-248 -528 0
-248 -556 0
-248 -584 0
-248 -612 0
-248 -640 0
-248 -668 0
-248 -696 0
-248 -724 0
-276 -304 0
-276 -332 0
-276 -360 0
-276 -388 0
-276 -416 0
-276 -444 0
-276 -472 0
-276 -500 0
-276 -528 0
-276 -556 0
-276 -584 0
-276 -612 0
-276 -640 0
-276 -668 0
-276 -696 0
-276 -724 0
-304 -332 0
-304 -360 0
-304 -388 0
-304 -416 0
-304 -444 0
-304 -472 0
-304 -500 0
-304 -528 0
-304 -556 0
-304 -584 0
-304 -612 0
-304 -640 0
-304 -668 0
-304 -696 0
-304 -724 0
-332 -360 0
-332 -388 0
-332 -416 0
-332 -444 0
-332 -472 0
-332 -500 0
-332 -528 0
-332 -556 0
-332 -584 0
-332 -612 0
-332 -640 0
-332 -668 0
-332 -696 0
-332 -724 0
-360 -388 0
-360 -416 0
-360 -444 0
-360 -472 0
-360 -500 0
-360 -528 0
-360 -556 0
-360 -584 0
-360 -612 0
-360 -640 0
-360 -668 0
-360 -696 0
-360 -724 0
-388 -416 0
-388 -444 0
-388 -472 0
-388 -500 0
-388 -528 0
-388 -556 0
-388 -584 0
-388 -612 0
-388 -640 0
-388 -668 0
-388 -696 0
-388 -724 0
-416 -444 0
-416 -472 0
-416 -500 0
-416 -528 0
-416 -556 0
-416 -584 0
-416 -612 0
-416 -640 0
-416 -668 0
-416 -696 0
-416 -724 0
-444 -472 0
-444 -500 0
-444 -528 0
-444 -556 0
-444 -584 0
-444 -612 0
-444 -640 0
-444 -668 0
-444 -696 0
-444 -724 0
-472 -500 0
-472 -528 0
-472 -556 0
-472 -584 0
-472 -612 0
-472 -640 0
-472 -668 0
-472 -696 0
-472 -724 0
-500 -528 0
-500 -556 0
-500 -584 0
-500 -612 0
-500 -640 0
-500 -668 0
-500 -696 0
-500 -724 0
-528 -556 0
-528 -584 0
-528 -612 0
-528 -640 0
-528 -668 0
-528 -696 0
-528 -724 0
-556 -584 0
-556 -612 0
-556 -640 0
-556 -668 0
-556 -696 0
-556 -724 0
-584 -612 0
-584 -640 0
-584 -668 0
-584 -696 0
-584 -724 0
-612 -640 0
-612 -668 0
-612 -696 0
-612 -724 0
-640 -668 0
-640 -696 0
-640 -724 0
-668 -696 0
-668 -724 0
-696 -724 0
-163 -191 0
-163 -219 0
-163 -247 0
-163 -275 0
-163 -303 0
-163 -331 0
-163 -359 0
-163 -387 0
-163 -415 0
-163 -443 0
-163 -471 0
-163 -499 0
-163 -527 0
-163 -555 0
-163 -583 0
-163 -611 0
-163 -639 0
-163 -667 0
-163 -695 0
-163 -723 0
-191 -219 0
-191 -247 0
-191 -275 0
-191 -303 0
-191 -331 0
-191 -359 0
-191 -387 0
-191 -415 0
-191 -443 0
-191 -471 0
-191 -499 0
-191 -527 0
-191 -555 0
-191 -583 0
-191 -611 0
-191 -639 0
-191 -667 0
-191 -695 0
-191 -723 0
-219 -247 0
-219 -275 0
-219 -303 0
-219 -331 0
-219 -359 0
-219 -387 0
-219 -415 0
-219 -443 0
-219 -471 0
-219 -499 0
-219 -527 0
-219 -555 0
-219 -583 0
-219 -611 0
-219 -639 0
-219 -667 0
-219 -695 0
-219 -723 0
-247 -275 0
-247 -303 0
-247 -331 0
-247 -359 0
-247 -387 0
-247 -415 0
-247 -443 0
-247 -471 0
-247 -499 0
-247 -527 0
-247 -555 0
-247 -583 0
-247 -611 0
-247 -639 0
-247 -667 0
-247 -695 0
-247 -723 0
-275 -303 0
-275 -331 0
-275 -359 0
-275 -387 0
-275 -415 0
-275 -443 0
-275 -471 0
-275 -499 0
-275 -527 0
-275 -555 0
-275 -583 0
-275 -611 0
-275 -639 0
-275 -667 0
-275 -695 0
-275 -723 0
-303 -331 0
-303 -359 0
-303 -387 0
-303 -415 0
-303 -443 0
-303 -471 0
-303 -499 0
-303 -527 0
-303 -555 0
-303 -583 0
-303 -611 0
-303 -639 0
-303 -667 0
-303 -695 0
-303 -723 0
-331 -359 0
-331 -387 0
-331 -415 0
-331 -443 0
-331 -471 0
-331 -499 0
-331 -527 0
-331 -555 0
-331 -583 0
-331 -611 0
-331 -639 0
-331 -667 0
-331 -695 0
-331 -723 0
-359 -387 0
-359 -415 0
-359 -443 0
-359 -471 0
-359 -499 0
-359 -527 0
-359 -555 0
-359 -583 0
-359 -611 0
-359 -639 0
-359 -667 0
-359 -695 0
-359 -723 0
-387 -415 0
-387 -443 0
-387 -471 0
-387 -499 0
-387 -527 0
-387 -555 0
-387 -583 0
-387 -611 0
-387 -639 0
-387 -667 0
-387 -695 0
-387 -723 0
-415 -443 0
-415 -471 0
-415 -499 0
-415 -527 0
-415 -555 0
-415 -583 0
-415 -611 0
-415 -639 0
-415 -667 0
-415 -695 0
-415 -723 0
-443 -471 0
-443 -499 0
-443 -527 0
-443 -555 0
-443 -583 0
-443 -611 0
-443 -639 0
-443 -667 0
-443 -695 0
-443 -723 0
-471 -499 0
-471 -527 0
-471 -555 0
-471 -583 0
-471 -611 0
-471 -639 0
-471 -667 0
-471 -695 0
-471 -723 0
-499 -527 0
-499 -555 0
-499 -583 0
-499 -611 0
-499 -639 0
-499 -667 0
-499 -695 0
-499 -723 0
-527 -555 0
-527 -583 0
-527 -611 0
-527 -639 0
-527 -667 0
-527 -695 0
-527 -723 0
-555 -583 0
-555 -611 0
-555 -639 0
-555 -667 0
-555 -695 0
-555 -723 0
-583 -611 0
-583 -639 0
-583 -667 0
-583 -695 0
-583 -723 0
-611 -639 0
-611 -667 0
-611 -695 0
-611 -723 0
-639 -667 0
-639 -695 0
-639 -723 0
-667 -695 0
-667 -723 0
-695 -723 0
-190 -218 0
-190 -246 0
-190 -274 0
-190 -302 0
-190 -330 0
-190 -358 0
-190 -386 0
-190 -414 0
-190 -442 0
-190 -470 0
-190 -498 0
-190 -526 0
-190 -554 0
-190 -582 0
-190 -610 0
-190 -638 0
-190 -666 0
-190 -694 0
-190 -722 0
-218 -246 0
-218 -274 0
-218 -302 0
-218 -330 0
-218 -358 0
-218 -386 0
-218 -414 0
-218 -442 0
-218 -470 0
-218 -498 0
-218 -526 0
-218 -554 0
-218 -582 0
-218 -610 0
-218 -638 0
-218 -666 0
-218 -694 0
-218 -722 0
-246 -274 0
-246 -302 0
-246 -330 0
-246 -358 0
-246 -386 0
-246 -414 0
-246 -442 0
-246 -470 0
-246 -498 0
-246 -526 0
-246 -554 0
-246 -582 0
-246 -610 0
-246 -638 0
-246 -666 0
-246 -694 0
-246 -722 0
-274 -302 0
-274 -330 0
-274 -358 0
-274 -386 0
-274 -414 0
-274 -442 0
-274 -470 0
-274 -498 0
-274 -526 0
-274 -554 0
-274 -582 0
-274 -610 0
-274 -638 0
-274 -666 0
-274 -694 0
-274 -722 0
-302 -330 0
-302 -358 0
-302 -386 0
-302 -414 0
-302 -442 0
-302 -470 0
-302 -498 0
-302 -526 0
-302 -554 0
-302 -582 0
-302 -610 0
-302 -638 0
-302 -666 0
-302 -694 0
-302 -722 0
-330 -358 0
-330 -386 0
-330 -414 0
-330 -442 0
-330 -470 0
-330 -498 0
-330 -526 0
-330 -554 0
-330 -582 0
-330 -610 0
-330 -638 0
-330 -666 0
-330 -694 0
-330 -722 0
-358 -386 0
-358 -414 0
-358 -442 0
-358 -470 0
-358 -498 0
-358 -526 0
-358 -554 0
-358 -582 0
-358 -610 0
-358 -638 0
-358 -666 0
-358 -694 0
-358 -722 0
-386 -414 0
-386 -442 0
-386 -470 0
-386 -498 0
-386 -526 0
-386 -554 0
-386 -582 0
-386 -610 0
-386 -638 0
-386 -666 0
-386 -694 0
-386 -722 0
-414 -442 0
-414 -470 0
-414 -498 0
-414 -526 0
-414 -554 0
-414 -582 0
-414 -610 0
-414 -638 0
-414 -666 0
-414 -694 0
-414 -722 0
-442 -470 0
-442 -498 0
-442 -526 0
-442 -554 0
-442 -582 0
-442 -610 0
-442 -638 0
-442 -666 0
-442 -694 0
-442 -722 0
-470 -498 0
-470 -526 0
-470 -554 0
-470 -582 0
-470 -610 0
-470 -638 0
-470 -666 0
-470 -694 0
-470 -722 0
-498 -526 0
-498 -554 0
-498 -582 0
-498 -610 0
-498 -638 0
-498 -666 0
-498 -694 0
-498 -722 0
-526 -554 0
-526 -582 0
-526 -610 0
-526 -638 0
-526 -666 0
-526 -694 0
-526 -722 0
-554 -582 0
-554 -610 0
-554 -638 0
-554 -666 0
-554 -694 0
-554 -722 0
-582 -610 0
-582 -638 0
-582 -666 0
-582 -694 0
-582 -722 0
-610 -638 0
-610 -666 0
-610 -694 0
-610 -722 0
-638 -666 0
-638 -694 0
-638 -722 0
-666 -694 0
-666 -722 0
-694 -722 0
-217 -245 0
-217 -273 0
-217 -301 0
-217 -329 0
-217 -357 0
-217 -385 0
-217 -413 0
-217 -441 0
-217 -469 0
-217 -497 0
-217 -525 0
-217 -553 0
-217 -581 0
-217 -609 0
-217 -637 0
-217 -665 0
-217 -693 0
-217 -721 0
-245 -273 0
-245 -301 0
-245 -329 0
-245 -357 0
-245 -385 0
-245 -413 0
-245 -441 0
-245 -469 0
-245 -497 0
-245 -525 0
-245 -553 0
-245 -581 0
-245 -609 0
-245 -637 0
-245 -665 0
-245 -693 0
-245 -721 0
-273 -301 0
-273 -329 0
-273 -357 0
-273 -385 0
-273 -413 0
-273 -441 0
-273 -469 0
-273 -497 0
-273 -525 0
-273 -553 0
-273 -581 0
-273 -609 0
-273 -637 0
-273 -665 0
-273 -693 0
-273 -721 0
-301 -329 0
-301 -357 0
-301 -385 0
-301 -413 0
-301 -441 0
-301 -469 0
-301 -497 0
-301 -525 0
-301 -553 0
-301 -581 0
-301 -609 0
-301 -637 0
-301 -665 0
-301 -693 0
-301 -721 0
-329 -357 0
-329 -385 0
-329 -413 0
-329 -441 0
-329 -469 0
-329 -497 0
-329 -525 0
-329 -553 0
-329 -581 0
-329 -609 0
-329 -637 0
-329 -665 0
-329 -693 0
-329 -721 0
-357 -385 0
-357 -413 0
-357 -441 0
-357 -469 0
-357 -497 0
-357 -525 0
-357 -553 0
-357 -581 0
-357 -609 0
-357 -637 0
-357 -665 0
-357 -693 0
-357 -721 0
-385 -413 0
-385 -441 0
-385 -469 0
-385 -497 0
-385 -525 0
-385 -553 0
-385 -581 0
-385 -609 0
-385 -637 0
-385 -665 0
-385 -693 0
-385 -721 0
-413 -441 0
-413 -469 0
-413 -497 0
-413 -525 0
-413 -553 0
-413 -581 0
-413 -609 0
-413 -637 0
-413 -665 0
-413 -693 0
-413 -721 0
-441 -469 0
-441 -497 0
-441 -525 0
-441 -553 0
-441 -581 0
-441 -609 0
-441 -637 0
-441 -665 0
-441 -693 0
-441 -721 0
-469 -497 0
-469 -525 0
-469 -553 0
-469 -581 0
-469 -609 0
-469 -637 0
-469 -665 0
-469 -693 0
-469 -721 0
-497 -525 0
-497 -553 0
-497 -581 0
-497 -609 0
-497 -637 0
-497 -665 0
-497 -693 0
-497 -721 0
-525 -553 0
-525 -581 0
-525 -609 0
-525 -637 0
-525 -665 0
-525 -693 0
-525 -721 0
-553 -581 0
-553 -609 0
-553 -637 0
-553 -665 0
-553 -693 0
-553 -721 0
-581 -609 0
-581 -637 0
-581 -665 0
-581 -693 0
-581 -721 0
-609 -637 0
-609 -665 0
-609 -693 0
-609 -721 0
-637 -665 0
-637 -693 0
-637 -721 0
-665 -693 0
-665 -721 0
-693 -721 0
-244 -272 0
-244 -300 0
-244 -328 0
-244 -356 0
-244 -384 0
-244 -412 0
-244 -440 0
-244 -468 0
-244 -496 0
-244 -524 0
-244 -552 0
-244 -580 0
-244 -608 0
-244 -636 0
-244 -664 0
-244 -692 0
-244 -720 0
-272 -300 0
-272 -328 0
-272 -356 0
-272 -384 0
-272 -412 0
-272 -440 0
-272 -468 0
-272 -496 0
-272 -524 0
-272 -552 0
-272 -580 0
-272 -608 0
-272 -636 0
-272 -664 0
-272 -692 0
-272 -720 0
-300 -328 0
-300 -356 0
-300 -384 0
-300 -412 0
-300 -440 0
-300 -468 0
-300 -496 0
-300 -524 0
-300 -552 0
-300 -580 0
-300 -608 0
-300 -636 0
-300 -664 0
-300 -692 0
-300 -720 0
-328 -356 0
-328 -384 0
-328 -412 0
-328 -440 0
-328 -468 0
-328 -496 0
-328 -524 0
-328 -552 0
-328 -580 0
-328 -608 0
-328 -636 0
-328 -664 0
-328 -692 0
-328 -720 0
-356 -384 0
-356 -412 0
-356 -440 0
-356 -468 0
-356 -496 0
-356 -524 0
-356 -552 0
-356 -580 0
-356 -608 0
-356 -636 0
-356 -664 0
-356 -692 0
-356 -720 0
-384 -412 0
-384 -440 0
-384 -468 0
-384 -496 0
-384 -524 0
-384 -552 0
-384 -580 0
-384 -608 0
-384 -636 0
-384 -664 0
-384 -692 0
-384 -720 0
-412 -440 0
-412 -468 0
-412 -496 0
-412 -524 0
-412 -552 0
-412 -580 0
-412 -608 0
-412 -636 0
-412 -664 0
-412 -692 0
-412 -720 0
-440 -468 0
-440 -496 0
-440 -524 0
-440 -552 0
-440 -580 0
-440 -608 0
-440 -636 0
-440 -664 0
-440 -692 0
-440 -720 0
-468 -496 0
-468 -524 0
-468 -552 0
-468 -580 0
-468 -608 0
-468 -636 0
-468 -664 0
-468 -692 0
-468 -720 0
-496 -524 0
-496 -552 0
-496 -580 0
-496 -608 0
-496 -636 0
-496 -664 0
-496 -692 0
-496 -720 0
-524 -552 0
-524 -580 0
-524 -608 0
-524 -636 0
-524 -664 0
-524 -692 0
-524 -720 0
-552 -580 0
-552 -608 0
-552 -636 0
-552 -664 0
-552 -692 0
-552 -720 0
-580 -608 0
-580 -636 0
-580 -664 0
-580 -692 0
-580 -720 0
-608 -636 0
-608 -664 0
-608 -692 0
-608 -720 0
-636 -664 0
-636 -692 0
-636 -720 0
-664 -692 0
-664 -720 0
-692 -720 0
-271 -299 0
-271 -327 0
-271 -355 0
-271 -383 0
-271 -411 0
-271 -439 0
-271 -467 0
-271 -495 0
-271 -523 0
-271 -551 0
-271 -579 0
-271 -607 0
-271 -635 0
-271 -663 0
-271 -691 0
-271 -719 0
-299 -327 0
-299 -355 0
-299 -383 0
-299 -411 0
-299 -439 0
-299 -467 0
-299 -495 0
-299 -523 0
-299 -551 0
-299 -579 0
-299 -607 0
-299 -635 0
-299 -663 0
-299 -691 0
-299 -719 0
-327 -355 0
-327 -383 0
-327 -411 0
-327 -439 0
-327 -467 0
-327 -495 0
-327 -523 0
-327 -551 0
-327 -579 0
-327 -607 0
-327 -635 0
-327 -663 0
-327 -691 0
-327 -719 0
-355 -383 0
-355 -411 0
-355 -439 0
-355 -467 0
-355 -495 0
-355 -523 0
-355 -551 0
-355 -579 0
-355 -607 0
-355 -635 0
-355 -663 0
-355 -691 0
-355 -719 0
-383 -411 0
-383 -439 0
-383 -467 0
-383 -495 0
-383 -523 0
-383 -551 0
-383 -579 0
-383 -607 0
-383 -635 0
-383 -663 0
-383 -691 0
-383 -719 0
-411 -439 0
-411 -467 0
-411 -495 0
-411 -523 0
-411 -551 0
-411 -579 0
-411 -607 0
-411 -635 0
-411 -663 0
-411 -691 0
-411 -719 0
-439 -467 0
-439 -495 0
-439 -523 0
-439 -551 0
-439 -579 0
-439 -607 0
-439 -635 0
-439 -663 0
-439 -691 0
-439 -719 0
-467 -495 0
-467 -523 0
-467 -551 0
-467 -579 0
-467 -607 0
-467 -635 0
-467 -663 0
-467 -691 0
-467 -719 0
-495 -523 0
-495 -551 0
-495 -579 0
-495 -607 0
-495 -635 0
-495 -663 0
-495 -691 0
-495 -719 0
-523 -551 0
-523 -579 0
-523 -607 0
-523 -635 0
-523 -663 0
-523 -691 0
-523 -719 0
-551 -579 0
-551 -607 0
-551 -635 0
-551 -663 0
-551 -691 0
-551 -719 0
-579 -607 0
-579 -635 0
-579 -663 0
-579 -691 0
-579 -719 0
-607 -635 0
-607 -663 0
-607 -691 0
-607 -719 0
-635 -663 0
-635 -691 0
-635 -719 0
-663 -691 0
-663 -719 0
-691 -719 0
-298 -326 0
-298 -354 0
-298 -382 0
-298 -410 0
-298 -438 0
-298 -466 0
-298 -494 0
-298 -522 0
-298 -550 0
-298 -578 0
-298 -606 0
-298 -634 0
-298 -662 0
-298 -690 0
-298 -718 0
-326 -354 0
-326 -382 0
-326 -410 0
-326 -438 0
-326 -466 0
-326 -494 0
-326 -522 0
-326 -550 0
-326 -578 0
-326 -606 0
-326 -634 0
-326 -662 0
-326 -690 0
-326 -718 0
-354 -382 0
-354 -410 0
-354 -438 0
-354 -466 0
-354 -494 0
-354 -522 0
-354 -550 0
-354 -578 0
-354 -606 0
-354 -634 0
-354 -662 0
-354 -690 0
-354 -718 0
-382 -410 0
-382 -438 0
-382 -466 0
-382 -494 0
-382 -522 0
-382 -550 0
-382 -578 0
-382 -606 0
-382 -634 0
-382 -662 0
-382 -690 0
-382 -718 0
-410 -438 0
-410 -466 0
-410 -494 0
-410 -522 0
-410 -550 0
-410 -578 0
-410 -606 0
-410 -634 0
-410 -662 0
-410 -690 0
-410 -718 0
-438 -466 0
-438 -494 0
-438 -522 0
-438 -550 0
-438 -578 0
-438 -606 0
-438 -634 0
-438 -662 0
-438 -690 0
-438 -718 0
-466 -494 0
-466 -522 0
-466 -550 0
-466 -578 0
-466 -606 0
-466 -634 0
-466 -662 0
-466 -690 0
-466 -718 0
-494 -522 0
-494 -550 0
-494 -578 0
-494 -606 0
-494 -634 0
-494 -662 0
-494 -690 0
-494 -718 0
-522 -550 0
-522 -578 0
-522 -606 0
-522 -634 0
-522 -662 0
-522 -690 0
-522 -718 0
-550 -578 0
-550 -606 0
-550 -634 0
-550 -662 0
-550 -690 0
-550 -718 0
-578 -606 0
-578 -634 0
-578 -662 0
-578 -690 0
-578 -718 0
-606 -634 0
-606 -662 0
-606 -690 0
-606 -718 0
-634 -662 0
-634 -690 0
-634 -718 0
-662 -690 0
-662 -718 0
-690 -718 0
-325 -353 0
-325 -381 0
-325 -409 0
-325 -437 0
-325 -465 0
-325 -493 0
-325 -521 0
-325 -549 0
-325 -577 0
-325 -605 0
-325 -633 0
-325 -661 0
-325 -689 0
-325 -717 0
-353 -381 0
-353 -409 0
-353 -437 0
-353 -465 0
-353 -493 0
-353 -521 0
-353 -549 0
-353 -577 0
-353 -605 0
-353 -633 0
-353 -661 0
-353 -689 0
-353 -717 0
-381 -409 0
-381 -437 0
-381 -465 0
-381 -493 0
-381 -521 0
-381 -549 0
-381 -577 0
-381 -605 0
-381 -633 0
-381 -661 0
-381 -689 0
-381 -717 0
-409 -437 0
-409 -465 0
-409 -493 0
-409 -521 0
-409 -549 0
-409 -577 0
-409 -605 0
-409 -633 0
-409 -661 0
-409 -689 0
-409 -717 0
-437 -465 0
-437 -493 0
-437 -521 0
-437 -549 0
-437 -577 0
-437 -605 0
-437 -633 0
-437 -661 0
-437 -689 0
-437 -717 0
-465 -493 0
-465 -521 0
-465 -549 0
-465 -577 0
-465 -605 0
-465 -633 0
-465 -661 0
-465 -689 0
-465 -717 0
-493 -521 0
-493 -549 0
-493 -577 0
-493 -605 0
-493 -633 0
-493 -661 0
-493 -689 0
-493 -717 0
-521 -549 0
-521 -577 0
-521 -605 0
-521 -633 0
-521 -661 0
-521 -689 0
-521 -717 0
-549 -577 0
-549 -605 0
-549 -633 0
-549 -661 0
-549 -689 0
-549 -717 0
-577 -605 0
-577 -633 0
-577 -661 0
-577 -689 0
-577 -717 0
-605 -633 0
-605 -661 0
-605 -689 0
-605 -717 0
-633 -661 0
-633 -689 0
-633 -717 0
-661 -689 0
-661 -717 0
-689 -717 0
-352 -380 0
-352 -408 0
-352 -436 0
-352 -464 0
-352 -492 0
-352 -520 0
-352 -548 0
-352 -576 0
-352 -604 0
-352 -632 0
-352 -660 0
-352 -688 0
-352 -716 0
-380 -408 0
-380 -436 0
-380 -464 0
-380 -492 0
-380 -520 0
-380 -548 0
-380 -576 0
-380 -604 0
-380 -632 0
-380 -660 0
-380 -688 0
-380 -716 0
-408 -436 0
-408 -464 0
-408 -492 0
-408 -520 0
-408 -548 0
-408 -576 0
-408 -604 0
-408 -632 0
-408 -660 0
-408 -688 0
-408 -716 0
-436 -464 0
-436 -492 0
-436 -520 0
-436 -548 0
-436 -576 0
-436 -604 0
-436 -632 0
-436 -660 0
-436 -688 0
-436 -716 0
-464 -492 0
-464 -520 0
-464 -548 0
-464 -576 0
-464 -604 0
-464 -632 0
-464 -660 0
-464 -688 0
-464 -716 0
-492 -520 0
-492 -548 0
-492 -576 0
-492 -604 0
-492 -632 0
-492 -660 0
-492 -688 0
-492 -716 0
-520 -548 0
-520 -576 0
-520 -604 0
-520 -632 0
-520 -660 0
-520 -688 0
-520 -716 0
-548 -576 0
-548 -604 0
-548 -632 0
-548 -660 0
-548 -688 0
-548 -716 0
-576 -604 0
-576 -632 0
-576 -660 0
-576 -688 0
-576 -716 0
-604 -632 0
-604 -660 0
-604 -688 0
-604 -716 0
-632 -660 0
-632 -688 0
-632 -716 0
-660 -688 0
-660 -716 0
-688 -716 0
-379 -407 0
-379 -435 0
-379 -463 0
-379 -491 0
-379 -519 0
-379 -547 0
-379 -575 0
-379 -603 0
-379 -631 0
-379 -659 0
-379 -687 0
-379 -715 0
-407 -435 0
-407 -463 0
-407 -491 0
-407 -519 0
-407 -547 0
-407 -575 0
-407 -603 0
-407 -631 0
-407 -659 0
-407 -687 0
-407 -715 0
-435 -463 0
-435 -491 0
-435 -519 0
-435 -547 0
-435 -575 0
-435 -603 0
-435 -631 0
-435 -659 0
-435 -687 0
-435 -715 0
-463 -491 0
-463 -519 0
-463 -547 0
-463 -575 0
-463 -603 0
-463 -631 0
-463 -659 0
-463 -687 0
-463 -715 0
-491 -519 0
-491 -547 0
-491 -575 0
-491 -603 0
-491 -631 0
-491 -659 0
-491 -687 0
-491 -715 0
-519 -547 0
-519 -575 0
-519 -603 0
-519 -631 0
-519 -659 0
-519 -687 0
-519 -715 0
-547 -575 0
-547 -603 0
-547 -631 0
-547 -659 0
-547 -687 0
-547 -715 0
-575 -603 0
-575 -631 0
-575 -659 0
-575 -687 0
-575 -715 0
-603 -631 0
-603 -659 0
-603 -687 0
-603 -715 0
-631 -659 0
-631 -687 0
-631 -715 0
-659 -687 0
-659 -715 0
-687 -715 0
-406 -434 0
-406 -462 0
-406 -490 0
-406 -518 0
-406 -546 0
-406 -574 0
-406 -602 0
-406 -630 0
-406 -658 0
-406 -686 0
-406 -714 0
-434 -462 0
-434 -490 0
-434 -518 0
-434 -546 0
-434 -574 0
-434 -602 0
-434 -630 0
-434 -658 0
-434 -686 0
-434 -714 0
-462 -490 0
-462 -518 0
-462 -546 0
-462 -574 0
-462 -602 0
-462 -630 0
-462 -658 0
-462 -686 0
-462 -714 0
-490 -518 0
-490 -546 0
-490 -574 0
-490 -602 0
-490 -630 0
-490 -658 0
-490 -686 0
-490 -714 0
-518 -546 0
-518 -574 0
-518 -602 0
-518 -630 0
-518 -658 0
-518 -686 0
-518 -714 0
-546 -574 0
-546 -602 0
-546 -630 0
-546 -658 0
-546 -686 0
-546 -714 0
-574 -602 0
-574 -630 0
-574 -658 0
-574 -686 0
-574 -714 0
-602 -630 0
-602 -658 0
-602 -686 0
-602 -714 0
-630 -658 0
-630 -686 0
-630 -714 0
-658 -686 0
-658 -714 0
-686 -714 0
-433 -461 0
-433 -489 0
-433 -517 0
-433 -545 0
-433 -573 0
-433 -601 0
-433 -629 0
-433 -657 0
-433 -685 0
-433 -713 0
-461 -489 0
-461 -517 0
-461 -545 0
-461 -573 0
-461 -601 0
-461 -629 0
-461 -657 0
-461 -685 0
-461 -713 0
-489 -517 0
-489 -545 0
-489 -573 0
-489 -601 0
-489 -629 0
-489 -657 0
-489 -685 0
-489 -713 0
-517 -545 0
-517 -573 0
-517 -601 0
-517 -629 0
-517 -657 0
-517 -685 0
-517 -713 0
-545 -573 0
-545 -601 0
-545 -629 0
-545 -657 0
-545 -685 0
-545 -713 0
-573 -601 0
-573 -629 0
-573 -657 0
-573 -685 0
-573 -713 0
-601 -629 0
-601 -657 0
-601 -685 0
-601 -713 0
-629 -657 0
-629 -685 0
-629 -713 0
-657 -685 0
-657 -713 0
-685 -713 0
-460 -488 0
-460 -516 0
-460 -544 0
-460 -572 0
-460 -600 0
-460 -628 0
-460 -656 0
-460 -684 0
-460 -712 0
-488 -516 0
-488 -544 0
-488 -572 0
-488 -600 0
-488 -628 0
-488 -656 0
-488 -684 0
-488 -712 0
-516 -544 0
-516 -572 0
-516 -600 0
-516 -628 0
-516 -656 0
-516 -684 0
-516 -712 0
-544 -572 0
-544 -600 0
-544 -628 0
-544 -656 0
-544 -684 0
-544 -712 0
-572 -600 0
-572 -628 0
-572 -656 0
-572 -684 0
-572 -712 0
-600 -628 0
-600 -656 0
-600 -684 0
-600 -712 0
-628 -656 0
-628 -684 0
-628 -712 0
-656 -684 0
-656 -712 0
-684 -712 0
-487 -515 0
-487 -543 0
-487 -571 0
-487 -599 0
-487 -627 0
-487 -655 0
-487 -683 0
-487 -711 0
-515 -543 0
-515 -571 0
-515 -599 0
-515 -627 0
-515 -655 0
-515 -683 0
-515 -711 0
-543 -571 0
-543 -599 0
-543 -627 0
-543 -655 0
-543 -683 0
-543 -711 0
-571 -599 0
-571 -627 0
-571 -655 0
-571 -683 0
-571 -711 0
-599 -627 0
-599 -655 0
-599 -683 0
-599 -711 0
-627 -655 0
-627 -683 0
-627 -711 0
-655 -683 0
-655 -711 0
-683 -711 0
-514 -542 0
-514 -570 0
-514 -598 0
-514 -626 0
-514 -654 0
-514 -682 0
-514 -710 0
-542 -570 0
-542 -598 0
-542 -626 0
-542 -654 0
-542 -682 0
-542 -710 0
-570 -598 0
-570 -626 0
-570 -654 0
-570 -682 0
-570 -710 0
-598 -626 0
-598 -654 0
-598 -682 0
-598 -710 0
-626 -654 0
-626 -682 0
-626 -710 0
-654 -682 0
-654 -710 0
-682 -710 0
-541 -569 0
-541 -597 0
-541 -625 0
-541 -653 0
-541 -681 0
-541 -709 0
-569 -597 0
-569 -625 0
-569 -653 0
-569 -681 0
-569 -709 0
-597 -625 0
-597 -653 0
-597 -681 0
-597 -709 0
-625 -653 0
-625 -681 0
-625 -709 0
-653 -681 0
-653 -709 0
-681 -709 0
-568 -596 0
-568 -624 0
-568 -652 0
-568 -680 0
-568 -708 0
-596 -624 0
-596 -652 0
-596 -680 0
-596 -708 0
-624 -652 0
-624 -680 0
-624 -708 0
-652 -680 0
-652 -708 0
-680 -708 0
-595 -623 0
-595 -651 0
-595 -679 0
-595 -707 0
-623 -651 0
-623 -679 0
-623 -707 0
-651 -679 0
-651 -707 0
-679 -707 0
-622 -650 0
-622 -678 0
-622 -706 0
-650 -678 0
-650 -706 0
-678 -706 0
-649 -677 0
-649 -705 0
-677 -705 0
-676 -704 0
-2 -28 0
-3 -29 0
-3 -55 0
-29 -55 0
-4 -30 0
-4 -56 0
-4 -82 0
-30 -56 0
-30 -82 0
-56 -82 0
-5 -31 0
-5 -57 0
-5 -83 0
-5 -109 0
-31 -57 0
-31 -83 0
-31 -109 0
-57 -83 0
-57 -109 0
-83 -109 0
-6 -32 0
-6 -58 0
-6 -84 0
-6 -110 0
-6 -136 0
-32 -58 0
-32 -84 0
-32 -110 0
-32 -136 0
-58 -84 0
-58 -110 0
-58 -136 0
-84 -110 0
-84 -136 0
-110 -136 0
-7 -33 0
-7 -59 0
-7 -85 0
-7 -111 0
-7 -137 0
-7 -163 0
-33 -59 0
-33 -85 0
-33 -111 0
-33 -137 0
-33 -163 0
-59 -85 0
-59 -111 0
-59 -137 0
-59 -163 0
-85 -111 0
-85 -137 0
-85 -163 0
-111 -137 0
-111 -163 0
-137 -163 0
-8 -34 0
-8 -60 0
-8 -86 0
-8 -112 0
-8 -138 0
-8 -164 0
-8 -190 0
-34 -60 0
-34 -86 0
-34 -112 0
-34 -138 0
-34 -164 0
-34 -190 0
-60 -86 0
-60 -112 0
-60 -138 0
-60 -164 0
-60 -190 0
-86 -112 0
-86 -138 0
-86 -164 0
-86 -190 0
-112 -138 0
-112 -164 0
-112 -190 0
-138 -164 0
-138 -190 0
-164 -190 0
-9 -35 0
-9 -61 0
-9 -87 0
-9 -113 0
-9 -139 0
-9 -165 0
-9 -191 0
-9 -217 0
-35 -61 0
-35 -87 0
-35 -113 0
-35 -139 0
-35 -165 0
-35 -191 0
-35 -217 0
-61 -87 0
-61 -113 0
-61 -139 0
-61 -165 0
-61 -191 0
-61 -217 0
-87 -113 0
-87 -139 0
-87 -165 0
-87 -191 0
-87 -217 0
-113 -139 0
-113 -165 0
-113 -191 0
-113 -217 0
-139 -165 0
-139 -191 0
-139 -217 0
-165 -191 0
-165 -217 0
-191 -217 0
-10 -36 0
-10 -62 0
-10 -88 0
-10 -114 0
-10 -140 0
-10 -166 0
-10 -192 0
-10 -218 0
-10 -244 0
-36 -62 0
-36 -88 0
-36 -114 0
-36 -140 0
-36 -166 0
-36 -192 0
-36 -218 0
-36 -244 0
-62 -88 0
-62 -114 0
-62 -140 0
-62 -166 0
-62 -192 0
-62 -218 0
-62 -244 0
-88 -114 0
-88 -140 0
-88 -166 0
-88 -192 0
-88 -218 0
-88 -244 0
-114 -140 0
-114 -166 0
-114 -192 0
-114 -218 0
-114 -244 0
-140 -166 0
-140 -192 0
-140 -218 0
-140 -244 0
-166 -192 0
-166 -218 0
-166 -244 0
-192 -218 0
-192 -244 0
-218 -244 0
-11 -37 0
-11 -63 0
-11 -89 0
-11 -115 0
-11 -141 0
-11 -167 0
-11 -193 0
-11 -219 0
-11 -245 0
-11 -271 0
-37 -63 0
-37 -89 0
-37 -115 0
-37 -141 0
-37 -167 0
-37 -193 0
-37 -219 0
-37 -245 0
-37 -271 0
-63 -89 0
-63 -115 0
-63 -141 0
-63 -167 0
-63 -193 0
-63 -219 0
-63 -245 0
-63 -271 0
-89 -115 0
-89 -141 0
-89 -167 0
-89 -193 0
-89 -219 0
-89 -245 0
-89 -271 0
-115 -141 0
-115 -167 0
-115 -193 0
-115 -219 0
-115 -245 0
-115 -271 0
-141 -167 0
-141 -193 0
-141 -219 0
-141 -245 0
-141 -271 0
-167 -193 0
-167 -219 0
-167 -245 0
-167 -271 0
-193 -219 0
-193 -245 0
-193 -271 0
-219 -245 0
-219 -271 0
-245 -271 0
-12 -38 0
-12 -64 0
-12 -90 0
-12 -116 0
-12 -142 0
-12 -168 0
-12 -194 0
-12 -220 0
-12 -246 0
-12 -272 0
-12 -298 0
-38 -64 0
-38 -90 0
-38 -116 0
-38 -142 0
-38 -168 0
-38 -194 0
-38 -220 0
-38 -246 0
-38 -272 0
-38 -298 0
-64 -90 0
-64 -116 0
-64 -142 0
-64 -168 0
-64 -194 0
-64 -220 0
-64 -246 0
-64 -272 0
-64 -298 0
-90 -116 0
-90 -142 0
-90 -168 0
-90 -194 0
-90 -220 0
-90 -246 0
-90 -272 0
-90 -298 0
-116 -142 0
-116 -168 0
-116 -194 0
-116 -220 0
-116 -246 0
-116 -272 0
-116 -298 0
-142 -168 0
-142 -194 0
-142 -220 0
-142 -246 0
-142 -272 0
-142 -298 0
-168 -194 0
-168 -220 0
-168 -246 0
-168 -272 0
-168 -298 0
-194 -220 0
-194 -246 0
-194 -272 0
-194 -298 0
-220 -246 0
-220 -272 0
-220 -298 0
-246 -272 0
-246 -298 0
-272 -298 0
-13 -39 0
-13 -65 0
-13 -91 0
-13 -117 0
-13 -143 0
-13 -169 0
-13 -195 0
-13 -221 0
-13 -247 0
-13 -273 0
-13 -299 0
-13 -325 0
-39 -65 0
-39 -91 0
-39 -117 0
-39 -143 0
-39 -169 0
-39 -195 0
-39 -221 0
-39 -247 0
-39 -273 0
-39 -299 0
-39 -325 0
-65 -91 0
-65 -117 0
-65 -143 0
-65 -169 0
-65 -195 0
-65 -221 0
-65 -247 0
-65 -273 0
-65 -299 0
-65 -325 0
-91 -117 0
-91 -143 0
-91 -169 0
-91 -195 0
-91 -221 0
-91 -247 0
-91 -273 0
-91 -299 0
-91 -325 0
-117 -143 0
-117 -169 0
-117 -195 0
-117 -221 0
-117 -247 0
-117 -273 0
-117 -299 0
-117 -325 0
-143 -169 0
-143 -195 0
-143 -221 0
-143 -247 0
-143 -273 0
-143 -299 0
-143 -325 0
-169 -195 0
-169 -221 0
-169 -247 0
-169 -273 0
-169 -299 0
-169 -325 0
-195 -221 0
-195 -247 0
-195 -273 0
-195 -299 0
-195 -325 0
-221 -247 0
-221 -273 0
-221 -299 0
-221 -325 0
-247 -273 0
-247 -299 0
-247 -325 0
-273 -299 0
-273 -325 0
-299 -325 0
-14 -40 0
-14 -66 0
-14 -92 0
-14 -118 0
-14 -144 0
-14 -170 0
-14 -196 0
-14 -222 0
-14 -248 0
-14 -274 0
-14 -300 0
-14 -326 0
-14 -352 0
-40 -66 0
-40 -92 0
-40 -118 0
-40 -144 0
-40 -170 0
-40 -196 0
-40 -222 0
-40 -248 0
-40 -274 0
-40 -300 0
-40 -326 0
-40 -352 0
-66 -92 0
-66 -118 0
-66 -144 0
-66 -170 0
-66 -196 0
-66 -222 0
-66 -248 0
-66 -274 0
-66 -300 0
-66 -326 0
-66 -352 0
-92 -118 0
-92 -144 0
-92 -170 0
-92 -196 0
-92 -222 0
-92 -248 0
-92 -274 0
-92 -300 0
-92 -326 0
-92 -352 0
-118 -144 0
-118 -170 0
-118 -196 0
-118 -222 0
-118 -248 0
-118 -274 0
-118 -300 0
-118 -326 0
-118 -352 0
-144 -170 0
-144 -196 0
-144 -222 0
-144 -248 0
-144 -274 0
-144 -300 0
-144 -326 0
-144 -352 0
-170 -196 0
-170 -222 0
-170 -248 0
-170 -274 0
-170 -300 0
-170 -326 0
-170 -352 0
-196 -222 0
-196 -248 0
-196 -274 0
-196 -300 0
-196 -326 0
-196 -352 0
-222 -248 0
-222 -274 0
-222 -300 0
-222 -326 0
-222 -352 0
-248 -274 0
-248 -300 0
-248 -326 0
-248 -352 0
-274 -300 0
-274 -326 0
-274 -352 0
-300 -326 0
-300 -352 0
-326 -352 0
-15 -41 0
-15 -67 0
-15 -93 0
-15 -119 0
-15 -145 0
-15 -171 0
-15 -197 0
-15 -223 0
-15 -249 0
-15 -275 0
-15 -301 0
-15 -327 0
-15 -353 0
-15 -379 0
-41 -67 0
-41 -93 0
-41 -119 0
-41 -145 0
-41 -171 0
-41 -197 0
-41 -223 0
-41 -249 0
-41 -275 0
-41 -301 0
-41 -327 0
-41 -353 0
-41 -379 0
-67 -93 0
-67 -119 0
-67 -145 0
-67 -171 0
-67 -197 0
-67 -223 0
-67 -249 0
-67 -275 0
-67 -301 0
-67 -327 0
-67 -353 0
-67 -379 0
-93 -119 0
-93 -145 0
-93 -171 0
-93 -197 0
-93 -223 0
-93 -249 0
-93 -275 0
-93 -301 0
-93 -327 0
-93 -353 0
-93 -379 0
-119 -145 0
-119 -171 0
-119 -197 0
-119 -223 0
-119 -249 0
-119 -275 0
-119 -301 0
-119 -327 0
-119 -353 0
-119 -379 0
-145 -171 0
-145 -197 0
-145 -223 0
-145 -249 0
-145 -275 0
-145 -301 0
-145 -327 0
-145 -353 0
-145 -379 0
-171 -197 0
-171 -223 0
-171 -249 0
-171 -275 0
-171 -301 0
-171 -327 0
-171 -353 0
-171 -379 0
-197 -223 0
-197 -249 0
-197 -275 0
-197 -301 0
-197 -327 0
-197 -353 0
-197 -379 0
-223 -249 0
-223 -275 0
-223 -301 0
-223 -327 0
-223 -353 0
-223 -379 0
-249 -275 0
-249 -301 0
-249 -327 0
-249 -353 0
-249 -379 0
-275 -301 0
-275 -327 0
-275 -353 0
-275 -379 0
-301 -327 0
-301 -353 0
-301 -379 0
-327 -353 0
-327 -379 0
-353 -379 0
-16 -42 0
-16 -68 0
-16 -94 0
-16 -120 0
-16 -146 0
-16 -172 0
-16 -198 0
-16 -224 0
-16 -250 0
-16 -276 0
-16 -302 0
-16 -328 0
-16 -354 0
-16 -380 0
-16 -406 0
-42 -68 0
-42 -94 0
-42 -120 0
-42 -146 0
-42 -172 0
-42 -198 0
-42 -224 0
-42 -250 0
-42 -276 0
-42 -302 0
-42 -328 0
-42 -354 0
-42 -380 0
-42 -406 0
-68 -94 0
-68 -120 0
-68 -146 0
-68 -172 0
-68 -198 0
-68 -224 0
-68 -250 0
-68 -276 0
-68 -302 0
-68 -328 0
-68 -354 0
-68 -380 0
-68 -406 0
-94 -120 0
-94 -146 0
-94 -172 0
-94 -198 0
-94 -224 0
-94 -250 0
-94 -276 0
-94 -302 0
-94 -328 0
-94 -354 0
-94 -380 0
-94 -406 0
-120 -146 0
-120 -172 0
-120 -198 0
-120 -224 0
-120 -250 0
-120 -276 0
-120 -302 0
-120 -328 0
-120 -354 0
-120 -380 0
-120 -406 0
-146 -172 0
-146 -198 0
-146 -224 0
-146 -250 0
-146 -276 0
-146 -302 0
-146 -328 0
-146 -354 0
-146 -380 0
-146 -406 0
-172 -198 0
-172 -224 0
-172 -250 0
-172 -276 0
-172 -302 0
-172 -328 0
-172 -354 0
-172 -380 0
-172 -406 0
-198 -224 0
-198 -250 0
-198 -276 0
-198 -302 0
-198 -328 0
-198 -354 0
-198 -380 0
-198 -406 0
-224 -250 0
-224 -276 0
-224 -302 0
-224 -328 0
-224 -354 0
-224 -380 0
-224 -406 0
-250 -276 0
-250 -302 0
-250 -328 0
-250 -354 0
-250 -380 0
-250 -406 0
-276 -302 0
-276 -328 0
-276 -354 0
-276 -380 0
-276 -406 0
-302 -328 0
-302 -354 0
-302 -380 0
-302 -406 0
-328 -354 0
-328 -380 0
-328 -406 0
-354 -380 0
-354 -406 0
-380 -406 0
-17 -43 0
-17 -69 0
-17 -95 0
-17 -121 0
-17 -147 0
-17 -173 0
-17 -199 0
-17 -225 0
-17 -251 0
-17 -277 0
-17 -303 0
-17 -329 0
-17 -355 0
-17 -381 0
-17 -407 0
-17 -433 0
-43 -69 0
-43 -95 0
-43 -121 0
-43 -147 0
-43 -173 0
-43 -199 0
-43 -225 0
-43 -251 0
-43 -277 0
-43 -303 0
-43 -329 0
-43 -355 0
-43 -381 0
-43 -407 0
-43 -433 0
-69 -95 0
-69 -121 0
-69 -147 0
-69 -173 0
-69 -199 0
-69 -225 0
-69 -251 0
-69 -277 0
-69 -303 0
-69 -329 0
-69 -355 0
-69 -381 0
-69 -407 0
-69 -433 0
-95 -121 0
-95 -147 0
-95 -173 0
-95 -199 0
-95 -225 0
-95 -251 0
-95 -277 0
-95 -303 0
-95 -329 0
-95 -355 0
-95 -381 0
-95 -407 0
-95 -433 0
-121 -147 0
-121 -173 0
-121 -199 0
-121 -225 0
-121 -251 0
-121 -277 0
-121 -303 0
-121 -329 0
-121 -355 0
-121 -381 0
-121 -407 0
-121 -433 0
-147 -173 0
-147 -199 0
-147 -225 0
-147 -251 0
-147 -277 0
-147 -303 0
-147 -329 0
-147 -355 0
-147 -381 0
-147 -407 0
-147 -433 0
-173 -199 0
-173 -225 0
-173 -251 0
-173 -277 0
-173 -303 0
-173 -329 0
-173 -355 0
-173 -381 0
-173 -407 0
-173 -433 0
-199 -225 0
-199 -251 0
-199 -277 0
-199 -303 0
-199 -329 0
-199 -355 0
-199 -381 0
-199 -407 0
-199 -433 0
-225 -251 0
-225 -277 0
-225 -303 0
-225 -329 0
-225 -355 0
-225 -381 0
-225 -407 0
-225 -433 0
-251 -277 0
-251 -303 0
-251 -329 0
-251 -355 0
-251 -381 0
-251 -407 0
-251 -433 0
-277 -303 0
-277 -329 0
-277 -355 0
-277 -381 0
-277 -407 0
-277 -433 0
-303 -329 0
-303 -355 0
-303 -381 0
-303 -407 0
-303 -433 0
-329 -355 0
-329 -381 0
-329 -407 0
-329 -433 0
-355 -381 0
-355 -407 0
-355 -433 0
-381 -407 0
-381 -433 0
-407 -433 0
-18 -44 0
-18 -70 0
-18 -96 0
-18 -122 0
-18 -148 0
-18 -174 0
-18 -200 0
-18 -226 0
-18 -252 0
-18 -278 0
-18 -304 0
-18 -330 0
-18 -356 0
-18 -382 0
-18 -408 0
-18 -434 0
-18 -460 0
-44 -70 0
-44 -96 0
-44 -122 0
-44 -148 0
-44 -174 0
-44 -200 0
-44 -226 0
-44 -252 0
-44 -278 0
-44 -304 0
-44 -330 0
-44 -356 0
-44 -382 0
-44 -408 0
-44 -434 0
-44 -460 0
-70 -96 0
-70 -122 0
-70 -148 0
-70 -174 0
-70 -200 0
-70 -226 0
-70 -252 0
-70 -278 0
-70 -304 0
-70 -330 0
-70 -356 0
-70 -382 0
-70 -408 0
-70 -434 0
-70 -460 0
-96 -122 0
-96 -148 0
-96 -174 0
-96 -200 0
-96 -226 0
-96 -252 0
-96 -278 0
-96 -304 0
-96 -330 0
-96 -356 0
-96 -382 0
-96 -408 0
-96 -434 0
-96 -460 0
-122 -148 0
-122 -174 0
-122 -200 0
-122 -226 0
-122 -252 0
-122 -278 0
-122 -304 0
-122 -330 0
-122 -356 0
-122 -382 0
-122 -408 0
-122 -434 0
-122 -460 0
-148 -174 0
-148 -200 0
-148 -226 0
-148 -252 0
-148 -278 0
-148 -304 0
-148 -330 0
-148 -356 0
-148 -382 0
-148 -408 0
-148 -434 0
-148 -460 0
-174 -200 0
-174 -226 0
-174 -252 0
-174 -278 0
-174 -304 0
-174 -330 0
-174 -356 0
-174 -382 0
-174 -408 0
-174 -434 0
-174 -460 0
-200 -226 0
-200 -252 0
-200 -278 0
-200 -304 0
-200 -330 0
-200 -356 0
-200 -382 0
-200 -408 0
-200 -434 0
-200 -460 0
-226 -252 0
-226 -278 0
-226 -304 0
-226 -330 0
-226 -356 0
-226 -382 0
-226 -408 0
-226 -434 0
-226 -460 0
-252 -278 0
-252 -304 0
-252 -330 0
-252 -356 0
-252 -382 0
-252 -408 0
-252 -434 0
-252 -460 0
-278 -304 0
-278 -330 0
-278 -356 0
-278 -382 0
-278 -408 0
-278 -434 0
-278 -460 0
-304 -330 0
-304 -356 0
-304 -382 0
-304 -408 0
-304 -434 0
-304 -460 0
-330 -356 0
-330 -382 0
-330 -408 0
-330 -434 0
-330 -460 0
-356 -382 0
-356 -408 0
-356 -434 0
-356 -460 0
-382 -408 0
-382 -434 0
-382 -460 0
-408 -434 0
-408 -460 0
-434 -460 0
-19 -45 0
-19 -71 0
-19 -97 0
-19 -123 0
-19 -149 0
-19 -175 0
-19 -201 0
-19 -227 0
-19 -253 0
-19 -279 0
-19 -305 0
-19 -331 0
-19 -357 0
-19 -383 0
-19 -409 0
-19 -435 0
-19 -461 0
-19 -487 0
-45 -71 0
-45 -97 0
-45 -123 0
-45 -149 0
-45 -175 0
-45 -201 0
-45 -227 0
-45 -253 0
-45 -279 0
-45 -305 0
-45 -331 0
-45 -357 0
-45 -383 0
-45 -409 0
-45 -435 0
-45 -461 0
-45 -487 0
-71 -97 0
-71 -123 0
-71 -149 0
-71 -175 0
-71 -201 0
-71 -227 0
-71 -253 0
-71 -279 0
-71 -305 0
-71 -331 0
-71 -357 0
-71 -383 0
-71 -409 0
-71 -435 0
-71 -461 0
-71 -487 0
-97 -123 0
-97 -149 0
-97 -175 0
-97 -201 0
-97 -227 0
-97 -253 0
-97 -279 0
-97 -305 0
-97 -331 0
-97 -357 0
-97 -383 0
-97 -409 0
-97 -435 0
-97 -461 0
-97 -487 0
-123 -149 0
-123 -175 0
-123 -201 0
-123 -227 0
-123 -253 0
-123 -279 0
-123 -305 0
-123 -331 0
-123 -357 0
-123 -383 0
-123 -409 0
-123 -435 0
-123 -461 0
-123 -487 0
-149 -175 0
-149 -201 0
-149 -227 0
-149 -253 0
-149 -279 0
-149 -305 0
-149 -331 0
-149 -357 0
-149 -383 0
-149 -409 0
-149 -435 0
-149 -461 0
-149 -487 0
-175 -201 0
-175 -227 0
-175 -253 0
-175 -279 0
-175 -305 0
-175 -331 0
-175 -357 0
-175 -383 0
-175 -409 0
-175 -435 0
-175 -461 0
-175 -487 0
-201 -227 0
-201 -253 0
-201 -279 0
-201 -305 0
-201 -331 0
-201 -357 0
-201 -383 0
-201 -409 0
-201 -435 0
-201 -461 0
-201 -487 0
-227 -253 0
-227 -279 0
-227 -305 0
-227 -331 0
-227 -357 0
-227 -383 0
-227 -409 0
-227 -435 0
-227 -461 0
-227 -487 0
-253 -279 0
-253 -305 0
-253 -331 0
-253 -357 0
-253 -383 0
-253 -409 0
-253 -435 0
-253 -461 0
-253 -487 0
-279 -305 0
-279 -331 0
-279 -357 0
-279 -383 0
-279 -409 0
-279 -435 0
-279 -461 0
-279 -487 0
-305 -331 0
-305 -357 0
-305 -383 0
-305 -409 0
-305 -435 0
-305 -461 0
-305 -487 0
-331 -357 0
-331 -383 0
-331 -409 0
-331 -435 0
-331 -461 0
-331 -487 0
-357 -383 0
-357 -409 0
-357 -435 0
-357 -461 0
-357 -487 0
-383 -409 0
-383 -435 0
-383 -461 0
-383 -487 0
-409 -435 0
-409 -461 0
-409 -487 0
-435 -461 0
-435 -487 0
-461 -487 0
-20 -46 0
-20 -72 0
-20 -98 0
-20 -124 0
-20 -150 0
-20 -176 0
-20 -202 0
-20 -228 0
-20 -254 0
-20 -280 0
-20 -306 0
-20 -332 0
-20 -358 0
-20 -384 0
-20 -410 0
-20 -436 0
-20 -462 0
-20 -488 0
-20 -514 0
-46 -72 0
-46 -98 0
-46 -124 0
-46 -150 0
-46 -176 0
-46 -202 0
-46 -228 0
-46 -254 0
-46 -280 0
-46 -306 0
-46 -332 0
-46 -358 0
-46 -384 0
-46 -410 0
-46 -436 0
-46 -462 0
-46 -488 0
-46 -514 0
-72 -98 0
-72 -124 0
-72 -150 0
-72 -176 0
-72 -202 0
-72 -228 0
-72 -254 0
-72 -280 0
-72 -306 0
-72 -332 0
-72 -358 0
-72 -384 0
-72 -410 0
-72 -436 0
-72 -462 0
-72 -488 0
-72 -514 0
-98 -124 0
-98 -150 0
-98 -176 0
-98 -202 0
-98 -228 0
-98 -254 0
-98 -280 0
-98 -306 0
-98 -332 0
-98 -358 0
-98 -384 0
-98 -410 0
-98 -436 0
-98 -462 0
-98 -488 0
-98 -514 0
-124 -150 0
-124 -176 0
-124 -202 0
-124 -228 0
-124 -254 0
-124 -280 0
-124 -306 0
-124 -332 0
-124 -358 0
-124 -384 0
-124 -410 0
-124 -436 0
-124 -462 0
-124 -488 0
-124 -514 0
-150 -176 0
-150 -202 0
-150 -228 0
-150 -254 0
-150 -280 0
-150 -306 0
-150 -332 0
-150 -358 0
-150 -384 0
-150 -410 0
-150 -436 0
-150 -462 0
-150 -488 0
-150 -514 0
-176 -202 0
-176 -228 0
-176 -254 0
-176 -280 0
-176 -306 0
-176 -332 0
-176 -358 0
-176 -384 0
-176 -410 0
-176 -436 0
-176 -462 0
-176 -488 0
-176 -514 0
-202 -228 0
-202 -254 0
-202 -280 0
-202 -306 0
-202 -332 0
-202 -358 0
-202 -384 0
-202 -410 0
-202 -436 0
-202 -462 0
-202 -488 0
-202 -514 0
-228 -254 0
-228 -280 0
-228 -306 0
-228 -332 0
-228 -358 0
-228 -384 0
-228 -410 0
-228 -436 0
-228 -462 0
-228 -488 0
-228 -514 0
-254 -280 0
-254 -306 0
-254 -332 0
-254 -358 0
-254 -384 0
-254 -410 0
-254 -436 0
-254 -462 0
-254 -488 0
-254 -514 0
-280 -306 0
-280 -332 0
-280 -358 0
-280 -384 0
-280 -410 0
-280 -436 0
-280 -462 0
-280 -488 0
-280 -514 0
-306 -332 0
-306 -358 0
-306 -384 0
-306 -410 0
-306 -436 0
-306 -462 0
-306 -488 0
-306 -514 0
-332 -358 0
-332 -384 0
-332 -410 0
-332 -436 0
-332 -462 0
-332 -488 0
-332 -514 0
-358 -384 0
-358 -410 0
-358 -436 0
-358 -462 0
-358 -488 0
-358 -514 0
-384 -410 0
-384 -436 0
-384 -462 0
-384 -488 0
-384 -514 0
-410 -436 0
-410 -462 0
-410 -488 0
-410 -514 0
-436 -462 0
-436 -488 0
-436 -514 0
-462 -488 0
-462 -514 0
-488 -514 0
-21 -47 0
-21 -73 0
-21 -99 0
-21 -125 0
-21 -151 0
-21 -177 0
-21 -203 0
-21 -229 0
-21 -255 0
-21 -281 0
-21 -307 0
-21 -333 0
-21 -359 0
-21 -385 0
-21 -411 0
-21 -437 0
-21 -463 0
-21 -489 0
-21 -515 0
-21 -541 0
-47 -73 0
-47 -99 0
-47 -125 0
-47 -151 0
-47 -177 0
-47 -203 0
-47 -229 0
-47 -255 0
-47 -281 0
-47 -307 0
-47 -333 0
-47 -359 0
-47 -385 0
-47 -411 0
-47 -437 0
-47 -463 0
-47 -489 0
-47 -515 0
-47 -541 0
-73 -99 0
-73 -125 0
-73 -151 0
-73 -177 0
-73 -203 0
-73 -229 0
-73 -255 0
-73 -281 0
-73 -307 0
-73 -333 0
-73 -359 0
-73 -385 0
-73 -411 0
-73 -437 0
-73 -463 0
-73 -489 0
-73 -515 0
-73 -541 0
-99 -125 0
-99 -151 0
-99 -177 0
-99 -203 0
-99 -229 0
-99 -255 0
-99 -281 0
-99 -307 0
-99 -333 0
-99 -359 0
-99 -385 0
-99 -411 0
-99 -437 0
-99 -463 0
-99 -489 0
-99 -515 0
-99 -541 0
-125 -151 0
-125 -177 0
-125 -203 0
-125 -229 0
-125 -255 0
-125 -281 0
-125 -307 0
-125 -333 0
-125 -359 0
-125 -385 0
-125 -411 0
-125 -437 0
-125 -463 0
-125 -489 0
-125 -515 0
-125 -541 0
-151 -177 0
-151 -203 0
-151 -229 0
-151 -255 0
-151 -281 0
-151 -307 0
-151 -333 0
-151 -359 0
-151 -385 0
-151 -411 0
-151 -437 0
-151 -463 0
-151 -489 0
-151 -515 0
-151 -541 0
-177 -203 0
-177 -229 0
-177 -255 0
-177 -281 0
-177 -307 0
-177 -333 0
-177 -359 0
-177 -385 0
-177 -411 0
-177 -437 0
-177 -463 0
-177 -489 0
-177 -515 0
-177 -541 0
-203 -229 0
-203 -255 0
-203 -281 0
-203 -307 0
-203 -333 0
-203 -359 0
-203 -385 0
-203 -411 0
-203 -437 0
-203 -463 0
-203 -489 0
-203 -515 0
-203 -541 0
-229 -255 0
-229 -281 0
-229 -307 0
-229 -333 0
-229 -359 0
-229 -385 0
-229 -411 0
-229 -437 0
-229 -463 0
-229 -489 0
-229 -515 0
-229 -541 0
-255 -281 0
-255 -307 0
-255 -333 0
-255 -359 0
-255 -385 0
-255 -411 0
-255 -437 0
-255 -463 0
-255 -489 0
-255 -515 0
-255 -541 0
-281 -307 0
-281 -333 0
-281 -359 0
-281 -385 0
-281 -411 0
-281 -437 0
-281 -463 0
-281 -489 0
-281 -515 0
-281 -541 0
-307 -333 0
-307 -359 0
-307 -385 0
-307 -411 0
-307 -437 0
-307 -463 0
-307 -489 0
-307 -515 0
-307 -541 0
-333 -359 0
-333 -385 0
-333 -411 0
-333 -437 0
-333 -463 0
-333 -489 0
-333 -515 0
-333 -541 0
-359 -385 0
-359 -411 0
-359 -437 0
-359 -463 0
-359 -489 0
-359 -515 0
-359 -541 0
-385 -411 0
-385 -437 0
-385 -463 0
-385 -489 0
-385 -515 0
-385 -541 0
-411 -437 0
-411 -463 0
-411 -489 0
-411 -515 0
-411 -541 0
-437 -463 0
-437 -489 0
-437 -515 0
-437 -541 0
-463 -489 0
-463 -515 0
-463 -541 0
-489 -515 0
-489 -541 0
-515 -541 0
-22 -48 0
-22 -74 0
-22 -100 0
-22 -126 0
-22 -152 0
-22 -178 0
-22 -204 0
-22 -230 0
-22 -256 0
-22 -282 0
-22 -308 0
-22 -334 0
-22 -360 0
-22 -386 0
-22 -412 0
-22 -438 0
-22 -464 0
-22 -490 0
-22 -516 0
-22 -542 0
-22 -568 0
-48 -74 0
-48 -100 0
-48 -126 0
-48 -152 0
-48 -178 0
-48 -204 0
-48 -230 0
-48 -256 0
-48 -282 0
-48 -308 0
-48 -334 0
-48 -360 0
-48 -386 0
-48 -412 0
-48 -438 0
-48 -464 0
-48 -490 0
-48 -516 0
-48 -542 0
-48 -568 0
-74 -100 0
-74 -126 0
-74 -152 0
-74 -178 0
-74 -204 0
-74 -230 0
-74 -256 0
-74 -282 0
-74 -308 0
-74 -334 0
-74 -360 0
-74 -386 0
-74 -412 0
-74 -438 0
-74 -464 0
-74 -490 0
-74 -516 0
-74 -542 0
-74 -568 0
-100 -126 0
-100 -152 0
-100 -178 0
-100 -204 0
-100 -230 0
-100 -256 0
-100 -282 0
-100 -308 0
-100 -334 0
-100 -360 0
-100 -386 0
-100 -412 0
-100 -438 0
-100 -464 0
-100 -490 0
-100 -516 0
-100 -542 0
-100 -568 0
-126 -152 0
-126 -178 0
-126 -204 0
-126 -230 0
-126 -256 0
-126 -282 0
-126 -308 0
-126 -334 0
-126 -360 0
-126 -386 0
-126 -412 0
-126 -438 0
-126 -464 0
-126 -490 0
-126 -516 0
-126 -542 0
-126 -568 0
-152 -178 0
-152 -204 0
-152 -230 0
-152 -256 0
-152 -282 0
-152 -308 0
-152 -334 0
-152 -360 0
-152 -386 0
-152 -412 0
-152 -438 0
-152 -464 0
-152 -490 0
-152 -516 0
-152 -542 0
-152 -568 0
-178 -204 0
-178 -230 0
-178 -256 0
-178 -282 0
-178 -308 0
-178 -334 0
-178 -360 0
-178 -386 0
-178 -412 0
-178 -438 0
-178 -464 0
-178 -490 0
-178 -516 0
-178 -542 0
-178 -568 0
-204 -230 0
-204 -256 0
-204 -282 0
-204 -308 0
-204 -334 0
-204 -360 0
-204 -386 0
-204 -412 0
-204 -438 0
-204 -464 0
-204 -490 0
-204 -516 0
-204 -542 0
-204 -568 0
-230 -256 0
-230 -282 0
-230 -308 0
-230 -334 0
-230 -360 0
-230 -386 0
-230 -412 0
-230 -438 0
-230 -464 0
-230 -490 0
-230 -516 0
-230 -542 0
-230 -568 0
-256 -282 0
-256 -308 0
-256 -334 0
-256 -360 0
-256 -386 0
-256 -412 0
-256 -438 0
-256 -464 0
-256 -490 0
-256 -516 0
-256 -542 0
-256 -568 0
-282 -308 0
-282 -334 0
-282 -360 0
-282 -386 0
-282 -412 0
-282 -438 0
-282 -464 0
-282 -490 0
-282 -516 0
-282 -542 0
-282 -568 0
-308 -334 0
-308 -360 0
-308 -386 0
-308 -412 0
-308 -438 0
-308 -464 0
-308 -490 0
-308 -516 0
-308 -542 0
-308 -568 0
-334 -360 0
-334 -386 0
-334 -412 0
-334 -438 0
-334 -464 0
-334 -490 0
-334 -516 0
-334 -542 0
-334 -568 0
-360 -386 0
-360 -412 0
-360 -438 0
-360 -464 0
-360 -490 0
-360 -516 0
-360 -542 0
-360 -568 0
-386 -412 0
-386 -438 0
-386 -464 0
-386 -490 0
-386 -516 0
-386 -542 0
-386 -568 0
-412 -438 0
-412 -464 0
-412 -490 0
-412 -516 0
-412 -542 0
-412 -568 0
-438 -464 0
-438 -490 0
-438 -516 0
-438 -542 0
-438 -568 0
-464 -490 0
-464 -516 0
-464 -542 0
-464 -568 0
-490 -516 0
-490 -542 0
-490 -568 0
-516 -542 0
-516 -568 0
-542 -568 0
-23 -49 0
-23 -75 0
-23 -101 0
-23 -127 0
-23 -153 0
-23 -179 0
-23 -205 0
-23 -231 0
-23 -257 0
-23 -283 0
-23 -309 0
-23 -335 0
-23 -361 0
-23 -387 0
-23 -413 0
-23 -439 0
-23 -465 0
-23 -491 0
-23 -517 0
-23 -543 0
-23 -569 0
-23 -595 0
-49 -75 0
-49 -101 0
-49 -127 0
-49 -153 0
-49 -179 0
-49 -205 0
-49 -231 0
-49 -257 0
-49 -283 0
-49 -309 0
-49 -335 0
-49 -361 0
-49 -387 0
-49 -413 0
-49 -439 0
-49 -465 0
-49 -491 0
-49 -517 0
-49 -543 0
-49 -569 0
-49 -595 0
-75 -101 0
-75 -127 0
-75 -153 0
-75 -179 0
-75 -205 0
-75 -231 0
-75 -257 0
-75 -283 0
-75 -309 0
-75 -335 0
-75 -361 0
-75 -387 0
-75 -413 0
-75 -439 0
-75 -465 0
-75 -491 0
-75 -517 0
-75 -543 0
-75 -569 0
-75 -595 0
-101 -127 0
-101 -153 0
-101 -179 0
-101 -205 0
-101 -231 0
-101 -257 0
-101 -283 0
-101 -309 0
-101 -335 0
-101 -361 0
-101 -387 0
-101 -413 0
-101 -439 0
-101 -465 0
-101 -491 0
-101 -517 0
-101 -543 0
-101 -569 0
-101 -595 0
-127 -153 0
-127 -179 0
-127 -205 0
-127 -231 0
-127 -257 0
-127 -283 0
-127 -309 0
-127 -335 0
-127 -361 0
-127 -387 0
-127 -413 0
-127 -439 0
-127 -465 0
-127 -491 0
-127 -517 0
-127 -543 0
-127 -569 0
-127 -595 0
-153 -179 0
-153 -205 0
-153 -231 0
-153 -257 0
-153 -283 0
-153 -309 0
-153 -335 0
-153 -361 0
-153 -387 0
-153 -413 0
-153 -439 0
-153 -465 0
-153 -491 0
-153 -517 0
-153 -543 0
-153 -569 0
-153 -595 0
-179 -205 0
-179 -231 0
-179 -257 0
-179 -283 0
-179 -309 0
-179 -335 0
-179 -361 0
-179 -387 0
-179 -413 0
-179 -439 0
-179 -465 0
-179 -491 0
-179 -517 0
-179 -543 0
-179 -569 0
-179 -595 0
-205 -231 0
-205 -257 0
-205 -283 0
-205 -309 0
-205 -335 0
-205 -361 0
-205 -387 0
-205 -413 0
-205 -439 0
-205 -465 0
-205 -491 0
-205 -517 0
-205 -543 0
-205 -569 0
-205 -595 0
-231 -257 0
-231 -283 0
-231 -309 0
-231 -335 0
-231 -361 0
-231 -387 0
-231 -413 0
-231 -439 0
-231 -465 0
-231 -491 0
-231 -517 0
-231 -543 0
-231 -569 0
-231 -595 0
-257 -283 0
-257 -309 0
-257 -335 0
-257 -361 0
-257 -387 0
-257 -413 0
-257 -439 0
-257 -465 0
-257 -491 0
-257 -517 0
-257 -543 0
-257 -569 0
-257 -595 0
-283 -309 0
-283 -335 0
-283 -361 0
-283 -387 0
-283 -413 0
-283 -439 0
-283 -465 0
-283 -491 0
-283 -517 0
-283 -543 0
-283 -569 0
-283 -595 0
-309 -335 0
-309 -361 0
-309 -387 0
-309 -413 0
-309 -439 0
-309 -465 0
-309 -491 0
-309 -517 0
-309 -543 0
-309 -569 0
-309 -595 0
-335 -361 0
-335 -387 0
-335 -413 0
-335 -439 0
-335 -465 0
-335 -491 0
-335 -517 0
-335 -543 0
-335 -569 0
-335 -595 0
-361 -387 0
-361 -413 0
-361 -439 0
-361 -465 0
-361 -491 0
-361 -517 0
-361 -543 0
-361 -569 0
-361 -595 0
-387 -413 0
-387 -439 0
-387 -465 0
-387 -491 0
-387 -517 0
-387 -543 0
-387 -569 0
-387 -595 0
-413 -439 0
-413 -465 0
-413 -491 0
-413 -517 0
-413 -543 0
-413 -569 0
-413 -595 0
-439 -465 0
-439 -491 0
-439 -517 0
-439 -543 0
-439 -569 0
-439 -595 0
-465 -491 0
-465 -517 0
-465 -543 0
-465 -569 0
-465 -595 0
-491 -517 0
-491 -543 0
-491 -569 0
-491 -595 0
-517 -543 0
-517 -569 0
-517 -595 0
-543 -569 0
-543 -595 0
-569 -595 0
-24 -50 0
-24 -76 0
-24 -102 0
-24 -128 0
-24 -154 0
-24 -180 0
-24 -206 0
-24 -232 0
-24 -258 0
-24 -284 0
-24 -310 0
-24 -336 0
-24 -362 0
-24 -388 0
-24 -414 0
-24 -440 0
-24 -466 0
-24 -492 0
-24 -518 0
-24 -544 0
-24 -570 0
-24 -596 0
-24 -622 0
-50 -76 0
-50 -102 0
-50 -128 0
-50 -154 0
-50 -180 0
-50 -206 0
-50 -232 0
-50 -258 0
-50 -284 0
-50 -310 0
-50 -336 0
-50 -362 0
-50 -388 0
-50 -414 0
-50 -440 0
-50 -466 0
-50 -492 0
-50 -518 0
-50 -544 0
-50 -570 0
-50 -596 0
-50 -622 0
-76 -102 0
-76 -128 0
-76 -154 0
-76 -180 0
-76 -206 0
-76 -232 0
-76 -258 0
-76 -284 0
-76 -310 0
-76 -336 0
-76 -362 0
-76 -388 0
-76 -414 0
-76 -440 0
-76 -466 0
-76 -492 0
-76 -518 0
-76 -544 0
-76 -570 0
-76 -596 0
-76 -622 0
-102 -128 0
-102 -154 0
-102 -180 0
-102 -206 0
-102 -232 0
-102 -258 0
-102 -284 0
-102 -310 0
-102 -336 0
-102 -362 0
-102 -388 0
-102 -414 0
-102 -440 0
-102 -466 0
-102 -492 0
-102 -518 0
-102 -544 0
-102 -570 0
-102 -596 0
-102 -622 0
-128 -154 0
-128 -180 0
-128 -206 0
-128 -232 0
-128 -258 0
-128 -284 0
-128 -310 0
-128 -336 0
-128 -362 0
-128 -388 0
-128 -414 0
-128 -440 0
-128 -466 0
-128 -492 0
-128 -518 0
-128 -544 0
-128 -570 0
-128 -596 0
-128 -622 0
-154 -180 0
-154 -206 0
-154 -232 0
-154 -258 0
-154 -284 0
-154 -310 0
-154 -336 0
-154 -362 0
-154 -388 0
-154 -414 0
-154 -440 0
-154 -466 0
-154 -492 0
-154 -518 0
-154 -544 0
-154 -570 0
-154 -596 0
-154 -622 0
-180 -206 0
-180 -232 0
-180 -258 0
-180 -284 0
-180 -310 0
-180 -336 0
-180 -362 0
-180 -388 0
-180 -414 0
-180 -440 0
-180 -466 0
-180 -492 0
-180 -518 0
-180 -544 0
-180 -570 0
-180 -596 0
-180 -622 0
-206 -232 0
-206 -258 0
-206 -284 0
-206 -310 0
-206 -336 0
-206 -362 0
-206 -388 0
-206 -414 0
-206 -440 0
-206 -466 0
-206 -492 0
-206 -518 0
-206 -544 0
-206 -570 0
-206 -596 0
-206 -622 0
-232 -258 0
-232 -284 0
-232 -310 0
-232 -336 0
-232 -362 0
-232 -388 0
-232 -414 0
-232 -440 0
-232 -466 0
-232 -492 0
-232 -518 0
-232 -544 0
-232 -570 0
-232 -596 0
-232 -622 0
-258 -284 0
-258 -310 0
-258 -336 0
-258 -362 0
-258 -388 0
-258 -414 0
-258 -440 0
-258 -466 0
-258 -492 0
-258 -518 0
-258 -544 0
-258 -570 0
-258 -596 0
-258 -622 0
-284 -310 0
-284 -336 0
-284 -362 0
-284 -388 0
-284 -414 0
-284 -440 0
-284 -466 0
-284 -492 0
-284 -518 0
-284 -544 0
-284 -570 0
-284 -596 0
-284 -622 0
-310 -336 0
-310 -362 0
-310 -388 0
-310 -414 0
-310 -440 0
-310 -466 0
-310 -492 0
-310 -518 0
-310 -544 0
-310 -570 0
-310 -596 0
-310 -622 0
-336 -362 0
-336 -388 0
-336 -414 0
-336 -440 0
-336 -466 0
-336 -492 0
-336 -518 0
-336 -544 0
-336 -570 0
-336 -596 0
-336 -622 0
-362 -388 0
-362 -414 0
-362 -440 0
-362 -466 0
-362 -492 0
-362 -518 0
-362 -544 0
-362 -570 0
-362 -596 0
-362 -622 0
-388 -414 0
-388 -440 0
-388 -466 0
-388 -492 0
-388 -518 0
-388 -544 0
-388 -570 0
-388 -596 0
-388 -622 0
-414 -440 0
-414 -466 0
-414 -492 0
-414 -518 0
-414 -544 0
-414 -570 0
-414 -596 0
-414 -622 0
-440 -466 0
-440 -492 0
-440 -518 0
-440 -544 0
-440 -570 0
-440 -596 0
-440 -622 0
-466 -492 0
-466 -518 0
-466 -544 0
-466 -570 0
-466 -596 0
-466 -622 0
-492 -518 0
-492 -544 0
-492 -570 0
-492 -596 0
-492 -622 0
-518 -544 0
-518 -570 0
-518 -596 0
-518 -622 0
-544 -570 0
-544 -596 0
-544 -622 0
-570 -596 0
-570 -622 0
-596 -622 0
-25 -51 0
-25 -77 0
-25 -103 0
-25 -129 0
-25 -155 0
-25 -181 0
-25 -207 0
-25 -233 0
-25 -259 0
-25 -285 0
-25 -311 0
-25 -337 0
-25 -363 0
-25 -389 0
-25 -415 0
-25 -441 0
-25 -467 0
-25 -493 0
-25 -519 0
-25 -545 0
-25 -571 0
-25 -597 0
-25 -623 0
-25 -649 0
-51 -77 0
-51 -103 0
-51 -129 0
-51 -155 0
-51 -181 0
-51 -207 0
-51 -233 0
-51 -259 0
-51 -285 0
-51 -311 0
-51 -337 0
-51 -363 0
-51 -389 0
-51 -415 0
-51 -441 0
-51 -467 0
-51 -493 0
-51 -519 0
-51 -545 0
-51 -571 0
-51 -597 0
-51 -623 0
-51 -649 0
-77 -103 0
-77 -129 0
-77 -155 0
-77 -181 0
-77 -207 0
-77 -233 0
-77 -259 0
-77 -285 0
-77 -311 0
-77 -337 0
-77 -363 0
-77 -389 0
-77 -415 0
-77 -441 0
-77 -467 0
-77 -493 0
-77 -519 0
-77 -545 0
-77 -571 0
-77 -597 0
-77 -623 0
-77 -649 0
-103 -129 0
-103 -155 0
-103 -181 0
-103 -207 0
-103 -233 0
-103 -259 0
-103 -285 0
-103 -311 0
-103 -337 0
-103 -363 0
-103 -389 0
-103 -415 0
-103 -441 0
-103 -467 0
-103 -493 0
-103 -519 0
-103 -545 0
-103 -571 0
-103 -597 0
-103 -623 0
-103 -649 0
-129 -155 0
-129 -181 0
-129 -207 0
-129 -233 0
-129 -259 0
-129 -285 0
-129 -311 0
-129 -337 0
-129 -363 0
-129 -389 0
-129 -415 0
-129 -441 0
-129 -467 0
-129 -493 0
-129 -519 0
-129 -545 0
-129 -571 0
-129 -597 0
-129 -623 0
-129 -649 0
-155 -181 0
-155 -207 0
-155 -233 0
-155 -259 0
-155 -285 0
-155 -311 0
-155 -337 0
-155 -363 0
-155 -389 0
-155 -415 0
-155 -441 0
-155 -467 0
-155 -493 0
-155 -519 0
-155 -545 0
-155 -571 0
-155 -597 0
-155 -623 0
-155 -649 0
-181 -207 0
-181 -233 0
-181 -259 0
-181 -285 0
-181 -311 0
-181 -337 0
-181 -363 0
-181 -389 0
-181 -415 0
-181 -441 0
-181 -467 0
-181 -493 0
-181 -519 0
-181 -545 0
-181 -571 0
-181 -597 0
-181 -623 0
-181 -649 0
-207 -233 0
-207 -259 0
-207 -285 0
-207 -311 0
-207 -337 0
-207 -363 0
-207 -389 0
-207 -415 0
-207 -441 0
-207 -467 0
-207 -493 0
-207 -519 0
-207 -545 0
-207 -571 0
-207 -597 0
-207 -623 0
-207 -649 0
-233 -259 0
-233 -285 0
-233 -311 0
-233 -337 0
-233 -363 0
-233 -389 0
-233 -415 0
-233 -441 0
-233 -467 0
-233 -493 0
-233 -519 0
-233 -545 0
-233 -571 0
-233 -597 0
-233 -623 0
-233 -649 0
-259 -285 0
-259 -311 0
-259 -337 0
-259 -363 0
-259 -389 0
-259 -415 0
-259 -441 0
-259 -467 0
-259 -493 0
-259 -519 0
-259 -545 0
-259 -571 0
-259 -597 0
-259 -623 0
-259 -649 0
-285 -311 0
-285 -337 0
-285 -363 0
-285 -389 0
-285 -415 0
-285 -441 0
-285 -467 0
-285 -493 0
-285 -519 0
-285 -545 0
-285 -571 0
-285 -597 0
-285 -623 0
-285 -649 0
-311 -337 0
-311 -363 0
-311 -389 0
-311 -415 0
-311 -441 0
-311 -467 0
-311 -493 0
-311 -519 0
-311 -545 0
-311 -571 0
-311 -597 0
-311 -623 0
-311 -649 0
-337 -363 0
-337 -389 0
-337 -415 0
-337 -441 0
-337 -467 0
-337 -493 0
-337 -519 0
-337 -545 0
-337 -571 0
-337 -597 0
-337 -623 0
-337 -649 0
-363 -389 0
-363 -415 0
-363 -441 0
-363 -467 0
-363 -493 0
-363 -519 0
-363 -545 0
-363 -571 0
-363 -597 0
-363 -623 0
-363 -649 0
-389 -415 0
-389 -441 0
-389 -467 0
-389 -493 0
-389 -519 0
-389 -545 0
-389 -571 0
-389 -597 0
-389 -623 0
-389 -649 0
-415 -441 0
-415 -467 0
-415 -493 0
-415 -519 0
-415 -545 0
-415 -571 0
-415 -597 0
-415 -623 0
-415 -649 0
-441 -467 0
-441 -493 0
-441 -519 0
-441 -545 0
-441 -571 0
-441 -597 0
-441 -623 0
-441 -649 0
-467 -493 0
-467 -519 0
-467 -545 0
-467 -571 0
-467 -597 0
-467 -623 0
-467 -649 0
-493 -519 0
-493 -545 0
-493 -571 0
-493 -597 0
-493 -623 0
-493 -649 0
-519 -545 0
-519 -571 0
-519 -597 0
-519 -623 0
-519 -649 0
-545 -571 0
-545 -597 0
-545 -623 0
-545 -649 0
-571 -597 0
-571 -623 0
-571 -649 0
-597 -623 0
-597 -649 0
-623 -649 0
-26 -52 0
-26 -78 0
-26 -104 0
-26 -130 0
-26 -156 0
-26 -182 0
-26 -208 0
-26 -234 0
-26 -260 0
-26 -286 0
-26 -312 0
-26 -338 0
-26 -364 0
-26 -390 0
-26 -416 0
-26 -442 0
-26 -468 0
-26 -494 0
-26 -520 0
-26 -546 0
-26 -572 0
-26 -598 0
-26 -624 0
-26 -650 0
-26 -676 0
-52 -78 0
-52 -104 0
-52 -130 0
-52 -156 0
-52 -182 0
-52 -208 0
-52 -234 0
-52 -260 0
-52 -286 0
-52 -312 0
-52 -338 0
-52 -364 0
-52 -390 0
-52 -416 0
-52 -442 0
-52 -468 0
-52 -494 0
-52 -520 0
-52 -546 0
-52 -572 0
-52 -598 0
-52 -624 0
-52 -650 0
-52 -676 0
-78 -104 0
-78 -130 0
-78 -156 0
-78 -182 0
-78 -208 0
-78 -234 0
-78 -260 0
-78 -286 0
-78 -312 0
-78 -338 0
-78 -364 0
-78 -390 0
-78 -416 0
-78 -442 0
-78 -468 0
-78 -494 0
-78 -520 0
-78 -546 0
-78 -572 0
-78 -598 0
-78 -624 0
-78 -650 0
-78 -676 0
-104 -130 0
-104 -156 0
-104 -182 0
-104 -208 0
-104 -234 0
-104 -260 0
-104 -286 0
-104 -312 0
-104 -338 0
-104 -364 0
-104 -390 0
-104 -416 0
-104 -442 0
-104 -468 0
-104 -494 0
-104 -520 0
-104 -546 0
-104 -572 0
-104 -598 0
-104 -624 0
-104 -650 0
-104 -676 0
-130 -156 0
-130 -182 0
-130 -208 0
-130 -234 0
-130 -260 0
-130 -286 0
-130 -312 0
-130 -338 0
-130 -364 0
-130 -390 0
-130 -416 0
-130 -442 0
-130 -468 0
-130 -494 0
-130 -520 0
-130 -546 0
-130 -572 0
-130 -598 0
-130 -624 0
-130 -650 0
-130 -676 0
-156 -182 0
-156 -208 0
-156 -234 0
-156 -260 0
-156 -286 0
-156 -312 0
-156 -338 0
-156 -364 0
-156 -390 0
-156 -416 0
-156 -442 0
-156 -468 0
-156 -494 0
-156 -520 0
-156 -546 0
-156 -572 0
-156 -598 0
-156 -624 0
-156 -650 0
-156 -676 0
-182 -208 0
-182 -234 0
-182 -260 0
-182 -286 0
-182 -312 0
-182 -338 0
-182 -364 0
-182 -390 0
-182 -416 0
-182 -442 0
-182 -468 0
-182 -494 0
-182 -520 0
-182 -546 0
-182 -572 0
-182 -598 0
-182 -624 0
-182 -650 0
-182 -676 0
-208 -234 0
-208 -260 0
-208 -286 0
-208 -312 0
-208 -338 0
-208 -364 0
-208 -390 0
-208 -416 0
-208 -442 0
-208 -468 0
-208 -494 0
-208 -520 0
-208 -546 0
-208 -572 0
-208 -598 0
-208 -624 0
-208 -650 0
-208 -676 0
-234 -260 0
-234 -286 0
-234 -312 0
-234 -338 0
-234 -364 0
-234 -390 0
-234 -416 0
-234 -442 0
-234 -468 0
-234 -494 0
-234 -520 0
-234 -546 0
-234 -572 0
-234 -598 0
-234 -624 0
-234 -650 0
-234 -676 0
-260 -286 0
-260 -312 0
-260 -338 0
-260 -364 0
-260 -390 0
-260 -416 0
-260 -442 0
-260 -468 0
-260 -494 0
-260 -520 0
-260 -546 0
-260 -572 0
-260 -598 0
-260 -624 0
-260 -650 0
-260 -676 0
-286 -312 0
-286 -338 0
-286 -364 0
-286 -390 0
-286 -416 0
-286 -442 0
-286 -468 0
-286 -494 0
-286 -520 0
-286 -546 0
-286 -572 0
-286 -598 0
-286 -624 0
-286 -650 0
-286 -676 0
-312 -338 0
-312 -364 0
-312 -390 0
-312 -416 0
-312 -442 0
-312 -468 0
-312 -494 0
-312 -520 0
-312 -546 0
-312 -572 0
-312 -598 0
-312 -624 0
-312 -650 0
-312 -676 0
-338 -364 0
-338 -390 0
-338 -416 0
-338 -442 0
-338 -468 0
-338 -494 0
-338 -520 0
-338 -546 0
-338 -572 0
-338 -598 0
-338 -624 0
-338 -650 0
-338 -676 0
-364 -390 0
-364 -416 0
-364 -442 0
-364 -468 0
-364 -494 0
-364 -520 0
-364 -546 0
-364 -572 0
-364 -598 0
-364 -624 0
-364 -650 0
-364 -676 0
-390 -416 0
-390 -442 0
-390 -468 0
-390 -494 0
-390 -520 0
-390 -546 0
-390 -572 0
-390 -598 0
-390 -624 0
-390 -650 0
-390 -676 0
-416 -442 0
-416 -468 0
-416 -494 0
-416 -520 0
-416 -546 0
-416 -572 0
-416 -598 0
-416 -624 0
-416 -650 0
-416 -676 0
-442 -468 0
-442 -494 0
-442 -520 0
-442 -546 0
-442 -572 0
-442 -598 0
-442 -624 0
-442 -650 0
-442 -676 0
-468 -494 0
-468 -520 0
-468 -546 0
-468 -572 0
-468 -598 0
-468 -624 0
-468 -650 0
-468 -676 0
-494 -520 0
-494 -546 0
-494 -572 0
-494 -598 0
-494 -624 0
-494 -650 0
-494 -676 0
-520 -546 0
-520 -572 0
-520 -598 0
-520 -624 0
-520 -650 0
-520 -676 0
-546 -572 0
-546 -598 0
-546 -624 0
-546 -650 0
-546 -676 0
-572 -598 0
-572 -624 0
-572 -650 0
-572 -676 0
-598 -624 0
-598 -650 0
-598 -676 0
-624 -650 0
-624 -676 0
-650 -676 0
-27 -53 0
-27 -79 0
-27 -105 0
-27 -131 0
-27 -157 0
-27 -183 0
-27 -209 0
-27 -235 0
-27 -261 0
-27 -287 0
-27 -313 0
-27 -339 0
-27 -365 0
-27 -391 0
-27 -417 0
-27 -443 0
-27 -469 0
-27 -495 0
-27 -521 0
-27 -547 0
-27 -573 0
-27 -599 0
-27 -625 0
-27 -651 0
-27 -677 0
-27 -703 0
-53 -79 0
-53 -105 0
-53 -131 0
-53 -157 0
-53 -183 0
-53 -209 0
-53 -235 0
-53 -261 0
-53 -287 0
-53 -313 0
-53 -339 0
-53 -365 0
-53 -391 0
-53 -417 0
-53 -443 0
-53 -469 0
-53 -495 0
-53 -521 0
-53 -547 0
-53 -573 0
-53 -599 0
-53 -625 0
-53 -651 0
-53 -677 0
-53 -703 0
-79 -105 0
-79 -131 0
-79 -157 0
-79 -183 0
-79 -209 0
-79 -235 0
-79 -261 0
-79 -287 0
-79 -313 0
-79 -339 0
-79 -365 0
-79 -391 0
-79 -417 0
-79 -443 0
-79 -469 0
-79 -495 0
-79 -521 0
-79 -547 0
-79 -573 0
-79 -599 0
-79 -625 0
-79 -651 0
-79 -677 0
-79 -703 0
-105 -131 0
-105 -157 0
-105 -183 0
-105 -209 0
-105 -235 0
-105 -261 0
-105 -287 0
-105 -313 0
-105 -339 0
-105 -365 0
-105 -391 0
-105 -417 0
-105 -443 0
-105 -469 0
-105 -495 0
-105 -521 0
-105 -547 0
-105 -573 0
-105 -599 0
-105 -625 0
-105 -651 0
-105 -677 0
-105 -703 0
-131 -157 0
-131 -183 0
-131 -209 0
-131 -235 0
-131 -261 0
-131 -287 0
-131 -313 0
-131 -339 0
-131 -365 0
-131 -391 0
-131 -417 0
-131 -443 0
-131 -469 0
-131 -495 0
-131 -521 0
-131 -547 0
-131 -573 0
-131 -599 0
-131 -625 0
-131 -651 0
-131 -677 0
-131 -703 0
-157 -183 0
-157 -209 0
-157 -235 0
-157 -261 0
-157 -287 0
-157 -313 0
-157 -339 0
-157 -365 0
-157 -391 0
-157 -417 0
-157 -443 0
-157 -469 0
-157 -495 0
-157 -521 0
-157 -547 0
-157 -573 0
-157 -599 0
-157 -625 0
-157 -651 0
-157 -677 0
-157 -703 0
-183 -209 0
-183 -235 0
-183 -261 0
-183 -287 0
-183 -313 0
-183 -339 0
-183 -365 0
-183 -391 0
-183 -417 0
-183 -443 0
-183 -469 0
-183 -495 0
-183 -521 0
-183 -547 0
-183 -573 0
-183 -599 0
-183 -625 0
-183 -651 0
-183 -677 0
-183 -703 0
-209 -235 0
-209 -261 0
-209 -287 0
-209 -313 0
-209 -339 0
-209 -365 0
-209 -391 0
-209 -417 0
-209 -443 0
-209 -469 0
-209 -495 0
-209 -521 0
-209 -547 0
-209 -573 0
-209 -599 0
-209 -625 0
-209 -651 0
-209 -677 0
-209 -703 0
-235 -261 0
-235 -287 0
-235 -313 0
-235 -339 0
-235 -365 0
-235 -391 0
-235 -417 0
-235 -443 0
-235 -469 0
-235 -495 0
-235 -521 0
-235 -547 0
-235 -573 0
-235 -599 0
-235 -625 0
-235 -651 0
-235 -677 0
-235 -703 0
-261 -287 0
-261 -313 0
-261 -339 0
-261 -365 0
-261 -391 0
-261 -417 0
-261 -443 0
-261 -469 0
-261 -495 0
-261 -521 0
-261 -547 0
-261 -573 0
-261 -599 0
-261 -625 0
-261 -651 0
-261 -677 0
-261 -703 0
-287 -313 0
-287 -339 0
-287 -365 0
-287 -391 0
-287 -417 0
-287 -443 0
-287 -469 0
-287 -495 0
-287 -521 0
-287 -547 0
-287 -573 0
-287 -599 0
-287 -625 0
-287 -651 0
-287 -677 0
-287 -703 0
-313 -339 0
-313 -365 0
-313 -391 0
-313 -417 0
-313 -443 0
-313 -469 0
-313 -495 0
-313 -521 0
-313 -547 0
-313 -573 0
-313 -599 0
-313 -625 0
-313 -651 0
-313 -677 0
-313 -703 0
-339 -365 0
-339 -391 0
-339 -417 0
-339 -443 0
-339 -469 0
-339 -495 0
-339 -521 0
-339 -547 0
-339 -573 0
-339 -599 0
-339 -625 0
-339 -651 0
-339 -677 0
-339 -703 0
-365 -391 0
-365 -417 0
-365 -443 0
-365 -469 0
-365 -495 0
-365 -521 0
-365 -547 0
-365 -573 0
-365 -599 0
-365 -625 0
-365 -651 0
-365 -677 0
-365 -703 0
-391 -417 0
-391 -443 0
-391 -469 0
-391 -495 0
-391 -521 0
-391 -547 0
-391 -573 0
-391 -599 0
-391 -625 0
-391 -651 0
-391 -677 0
-391 -703 0
-417 -443 0
-417 -469 0
-417 -495 0
-417 -521 0
-417 -547 0
-417 -573 0
-417 -599 0
-417 -625 0
-417 -651 0
-417 -677 0
-417 -703 0
-443 -469 0
-443 -495 0
-443 -521 0
-443 -547 0
-443 -573 0
-443 -599 0
-443 -625 0
-443 -651 0
-443 -677 0
-443 -703 0
-469 -495 0
-469 -521 0
-469 -547 0
-469 -573 0
-469 -599 0
-469 -625 0
-469 -651 0
-469 -677 0
-469 -703 0
-495 -521 0
-495 -547 0
-495 -573 0
-495 -599 0
-495 -625 0
-495 -651 0
-495 -677 0
-495 -703 0
-521 -547 0
-521 -573 0
-521 -599 0
-521 -625 0
-521 -651 0
-521 -677 0
-521 -703 0
-547 -573 0
-547 -599 0
-547 -625 0
-547 -651 0
-547 -677 0
-547 -703 0
-573 -599 0
-573 -625 0
-573 -651 0
-573 -677 0
-573 -703 0
-599 -625 0
-599 -651 0
-599 -677 0
-599 -703 0
-625 -651 0
-625 -677 0
-625 -703 0
-651 -677 0
-651 -703 0
-677 -703 0
-54 -80 0
-54 -106 0
-54 -132 0
-54 -158 0
-54 -184 0
-54 -210 0
-54 -236 0
-54 -262 0
-54 -288 0
-54 -314 0
-54 -340 0
-54 -366 0
-54 -392 0
-54 -418 0
-54 -444 0
-54 -470 0
-54 -496 0
-54 -522 0
-54 -548 0
-54 -574 0
-54 -600 0
-54 -626 0
-54 -652 0
-54 -678 0
-54 -704 0
-80 -106 0
-80 -132 0
-80 -158 0
-80 -184 0
-80 -210 0
-80 -236 0
-80 -262 0
-80 -288 0
-80 -314 0
-80 -340 0
-80 -366 0
-80 -392 0
-80 -418 0
-80 -444 0
-80 -470 0
-80 -496 0
-80 -522 0
-80 -548 0
-80 -574 0
-80 -600 0
-80 -626 0
-80 -652 0
-80 -678 0
-80 -704 0
-106 -132 0
-106 -158 0
-106 -184 0
-106 -210 0
-106 -236 0
-106 -262 0
-106 -288 0
-106 -314 0
-106 -340 0
-106 -366 0
-106 -392 0
-106 -418 0
-106 -444 0
-106 -470 0
-106 -496 0
-106 -522 0
-106 -548 0
-106 -574 0
-106 -600 0
-106 -626 0
-106 -652 0
-106 -678 0
-106 -704 0
-132 -158 0
-132 -184 0
-132 -210 0
-132 -236 0
-132 -262 0
-132 -288 0
-132 -314 0
-132 -340 0
-132 -366 0
-132 -392 0
-132 -418 0
-132 -444 0
-132 -470 0
-132 -496 0
-132 -522 0
-132 -548 0
-132 -574 0
-132 -600 0
-132 -626 0
-132 -652 0
-132 -678 0
-132 -704 0
-158 -184 0
-158 -210 0
-158 -236 0
-158 -262 0
-158 -288 0
-158 -314 0
-158 -340 0
-158 -366 0
-158 -392 0
-158 -418 0
-158 -444 0
-158 -470 0
-158 -496 0
-158 -522 0
-158 -548 0
-158 -574 0
-158 -600 0
-158 -626 0
-158 -652 0
-158 -678 0
-158 -704 0
-184 -210 0
-184 -236 0
-184 -262 0
-184 -288 0
-184 -314 0
-184 -340 0
-184 -366 0
-184 -392 0
-184 -418 0
-184 -444 0
-184 -470 0
-184 -496 0
-184 -522 0
-184 -548 0
-184 -574 0
-184 -600 0
-184 -626 0
-184 -652 0
-184 -678 0
-184 -704 0
-210 -236 0
-210 -262 0
-210 -288 0
-210 -314 0
-210 -340 0
-210 -366 0
-210 -392 0
-210 -418 0
-210 -444 0
-210 -470 0
-210 -496 0
-210 -522 0
-210 -548 0
-210 -574 0
-210 -600 0
-210 -626 0
-210 -652 0
-210 -678 0
-210 -704 0
-236 -262 0
-236 -288 0
-236 -314 0
-236 -340 0
-236 -366 0
-236 -392 0
-236 -418 0
-236 -444 0
-236 -470 0
-236 -496 0
-236 -522 0
-236 -548 0
-236 -574 0
-236 -600 0
-236 -626 0
-236 -652 0
-236 -678 0
-236 -704 0
-262 -288 0
-262 -314 0
-262 -340 0
-262 -366 0
-262 -392 0
-262 -418 0
-262 -444 0
-262 -470 0
-262 -496 0
-262 -522 0
-262 -548 0
-262 -574 0
-262 -600 0
-262 -626 0
-262 -652 0
-262 -678 0
-262 -704 0
-288 -314 0
-288 -340 0
-288 -366 0
-288 -392 0
-288 -418 0
-288 -444 0
-288 -470 0
-288 -496 0
-288 -522 0
-288 -548 0
-288 -574 0
-288 -600 0
-288 -626 0
-288 -652 0
-288 -678 0
-288 -704 0
-314 -340 0
-314 -366 0
-314 -392 0
-314 -418 0
-314 -444 0
-314 -470 0
-314 -496 0
-314 -522 0
-314 -548 0
-314 -574 0
-314 -600 0
-314 -626 0
-314 -652 0
-314 -678 0
-314 -704 0
-340 -366 0
-340 -392 0
-340 -418 0
-340 -444 0
-340 -470 0
-340 -496 0
-340 -522 0
-340 -548 0
-340 -574 0
-340 -600 0
-340 -626 0
-340 -652 0
-340 -678 0
-340 -704 0
-366 -392 0
-366 -418 0
-366 -444 0
-366 -470 0
-366 -496 0
-366 -522 0
-366 -548 0
-366 -574 0
-366 -600 0
-366 -626 0
-366 -652 0
-366 -678 0
-366 -704 0
-392 -418 0
-392 -444 0
-392 -470 0
-392 -496 0
-392 -522 0
-392 -548 0
-392 -574 0
-392 -600 0
-392 -626 0
-392 -652 0
-392 -678 0
-392 -704 0
-418 -444 0
-418 -470 0
-418 -496 0
-418 -522 0
-418 -548 0
-418 -574 0
-418 -600 0
-418 -626 0
-418 -652 0
-418 -678 0
-418 -704 0
-444 -470 0
-444 -496 0
-444 -522 0
-444 -548 0
-444 -574 0
-444 -600 0
-444 -626 0
-444 -652 0
-444 -678 0
-444 -704 0
-470 -496 0
-470 -522 0
-470 -548 0
-470 -574 0
-470 -600 0
-470 -626 0
-470 -652 0
-470 -678 0
-470 -704 0
-496 -522 0
-496 -548 0
-496 -574 0
-496 -600 0
-496 -626 0
-496 -652 0
-496 -678 0
-496 -704 0
-522 -548 0
-522 -574 0
-522 -600 0
-522 -626 0
-522 -652 0
-522 -678 0
-522 -704 0
-548 -574 0
-548 -600 0
-548 -626 0
-548 -652 0
-548 -678 0
-548 -704 0
-574 -600 0
-574 -626 0
-574 -652 0
-574 -678 0
-574 -704 0
-600 -626 0
-600 -652 0
-600 -678 0
-600 -704 0
-626 -652 0
-626 -678 0
-626 -704 0
-652 -678 0
-652 -704 0
-678 -704 0
-81 -107 0
-81 -133 0
-81 -159 0
-81 -185 0
-81 -211 0
-81 -237 0
-81 -263 0
-81 -289 0
-81 -315 0
-81 -341 0
-81 -367 0
-81 -393 0
-81 -419 0
-81 -445 0
-81 -471 0
-81 -497 0
-81 -523 0
-81 -549 0
-81 -575 0
-81 -601 0
-81 -627 0
-81 -653 0
-81 -679 0
-81 -705 0
-107 -133 0
-107 -159 0
-107 -185 0
-107 -211 0
-107 -237 0
-107 -263 0
-107 -289 0
-107 -315 0
-107 -341 0
-107 -367 0
-107 -393 0
-107 -419 0
-107 -445 0
-107 -471 0
-107 -497 0
-107 -523 0
-107 -549 0
-107 -575 0
-107 -601 0
-107 -627 0
-107 -653 0
-107 -679 0
-107 -705 0
-133 -159 0
-133 -185 0
-133 -211 0
-133 -237 0
-133 -263 0
-133 -289 0
-133 -315 0
-133 -341 0
-133 -367 0
-133 -393 0
-133 -419 0
-133 -445 0
-133 -471 0
-133 -497 0
-133 -523 0
-133 -549 0
-133 -575 0
-133 -601 0
-133 -627 0
-133 -653 0
-133 -679 0
-133 -705 0
-159 -185 0
-159 -211 0
-159 -237 0
-159 -263 0
-159 -289 0
-159 -315 0
-159 -341 0
-159 -367 0
-159 -393 0
-159 -419 0
-159 -445 0
-159 -471 0
-159 -497 0
-159 -523 0
-159 -549 0
-159 -575 0
-159 -601 0
-159 -627 0
-159 -653 0
-159 -679 0
-159 -705 0
-185 -211 0
-185 -237 0
-185 -263 0
-185 -289 0
-185 -315 0
-185 -341 0
-185 -367 0
-185 -393 0
-185 -419 0
-185 -445 0
-185 -471 0
-185 -497 0
-185 -523 0
-185 -549 0
-185 -575 0
-185 -601 0
-185 -627 0
-185 -653 0
-185 -679 0
-185 -705 0
-211 -237 0
-211 -263 0
-211 -289 0
-211 -315 0
-211 -341 0
-211 -367 0
-211 -393 0
-211 -419 0
-211 -445 0
-211 -471 0
-211 -497 0
-211 -523 0
-211 -549 0
-211 -575 0
-211 -601 0
-211 -627 0
-211 -653 0
-211 -679 0
-211 -705 0
-237 -263 0
-237 -289 0
-237 -315 0
-237 -341 0
-237 -367 0
-237 -393 0
-237 -419 0
-237 -445 0
-237 -471 0
-237 -497 0
-237 -523 0
-237 -549 0
-237 -575 0
-237 -601 0
-237 -627 0
-237 -653 0
-237 -679 0
-237 -705 0
-263 -289 0
-263 -315 0
-263 -341 0
-263 -367 0
-263 -393 0
-263 -419 0
-263 -445 0
-263 -471 0
-263 -497 0
-263 -523 0
-263 -549 0
-263 -575 0
-263 -601 0
-263 -627 0
-263 -653 0
-263 -679 0
-263 -705 0
-289 -315 0
-289 -341 0
-289 -367 0
-289 -393 0
-289 -419 0
-289 -445 0
-289 -471 0
-289 -497 0
-289 -523 0
-289 -549 0
-289 -575 0
-289 -601 0
-289 -627 0
-289 -653 0
-289 -679 0
-289 -705 0
-315 -341 0
-315 -367 0
-315 -393 0
-315 -419 0
-315 -445 0
-315 -471 0
-315 -497 0
-315 -523 0
-315 -549 0
-315 -575 0
-315 -601 0
-315 -627 0
-315 -653 0
-315 -679 0
-315 -705 0
-341 -367 0
-341 -393 0
-341 -419 0
-341 -445 0
-341 -471 0
-341 -497 0
-341 -523 0
-341 -549 0
-341 -575 0
-341 -601 0
-341 -627 0
-341 -653 0
-341 -679 0
-341 -705 0
-367 -393 0
-367 -419 0
-367 -445 0
-367 -471 0
-367 -497 0
-367 -523 0
-367 -549 0
-367 -575 0
-367 -601 0
-367 -627 0
-367 -653 0
-367 -679 0
-367 -705 0
-393 -419 0
-393 -445 0
-393 -471 0
-393 -497 0
-393 -523 0
-393 -549 0
-393 -575 0
-393 -601 0
-393 -627 0
-393 -653 0
-393 -679 0
-393 -705 0
-419 -445 0
-419 -471 0
-419 -497 0
-419 -523 0
-419 -549 0
-419 -575 0
-419 -601 0
-419 -627 0
-419 -653 0
-419 -679 0
-419 -705 0
-445 -471 0
-445 -497 0
-445 -523 0
-445 -549 0
-445 -575 0
-445 -601 0
-445 -627 0
-445 -653 0
-445 -679 0
-445 -705 0
-471 -497 0
-471 -523 0
-471 -549 0
-471 -575 0
-471 -601 0
-471 -627 0
-471 -653 0
-471 -679 0
-471 -705 0
-497 -523 0
-497 -549 0
-497 -575 0
-497 -601 0
-497 -627 0
-497 -653 0
-497 -679 0
-497 -705 0
-523 -549 0
-523 -575 0
-523 -601 0
-523 -627 0
-523 -653 0
-523 -679 0
-523 -705 0
-549 -575 0
-549 -601 0
-549 -627 0
-549 -653 0
-549 -679 0
-549 -705 0
-575 -601 0
-575 -627 0
-575 -653 0
-575 -679 0
-575 -705 0
-601 -627 0
-601 -653 0
-601 -679 0
-601 -705 0
-627 -653 0
-627 -679 0
-627 -705 0
-653 -679 0
-653 -705 0
-679 -705 0
-108 -134 0
-108 -160 0
-108 -186 0
-108 -212 0
-108 -238 0
-108 -264 0
-108 -290 0
-108 -316 0
-108 -342 0
-108 -368 0
-108 -394 0
-108 -420 0
-108 -446 0
-108 -472 0
-108 -498 0
-108 -524 0
-108 -550 0
-108 -576 0
-108 -602 0
-108 -628 0
-108 -654 0
-108 -680 0
-108 -706 0
-134 -160 0
-134 -186 0
-134 -212 0
-134 -238 0
-134 -264 0
-134 -290 0
-134 -316 0
-134 -342 0
-134 -368 0
-134 -394 0
-134 -420 0
-134 -446 0
-134 -472 0
-134 -498 0
-134 -524 0
-134 -550 0
-134 -576 0
-134 -602 0
-134 -628 0
-134 -654 0
-134 -680 0
-134 -706 0
-160 -186 0
-160 -212 0
-160 -238 0
-160 -264 0
-160 -290 0
-160 -316 0
-160 -342 0
-160 -368 0
-160 -394 0
-160 -420 0
-160 -446 0
-160 -472 0
-160 -498 0
-160 -524 0
-160 -550 0
-160 -576 0
-160 -602 0
-160 -628 0
-160 -654 0
-160 -680 0
-160 -706 0
-186 -212 0
-186 -238 0
-186 -264 0
-186 -290 0
-186 -316 0
-186 -342 0
-186 -368 0
-186 -394 0
-186 -420 0
-186 -446 0
-186 -472 0
-186 -498 0
-186 -524 0
-186 -550 0
-186 -576 0
-186 -602 0
-186 -628 0
-186 -654 0
-186 -680 0
-186 -706 0
-212 -238 0
-212 -264 0
-212 -290 0
-212 -316 0
-212 -342 0
-212 -368 0
-212 -394 0
-212 -420 0
-212 -446 0
-212 -472 0
-212 -498 0
-212 -524 0
-212 -550 0
-212 -576 0
-212 -602 0
-212 -628 0
-212 -654 0
-212 -680 0
-212 -706 0
-238 -264 0
-238 -290 0
-238 -316 0
-238 -342 0
-238 -368 0
-238 -394 0
-238 -420 0
-238 -446 0
-238 -472 0
-238 -498 0
-238 -524 0
-238 -550 0
-238 -576 0
-238 -602 0
-238 -628 0
-238 -654 0
-238 -680 0
-238 -706 0
-264 -290 0
-264 -316 0
-264 -342 0
-264 -368 0
-264 -394 0
-264 -420 0
-264 -446 0
-264 -472 0
-264 -498 0
-264 -524 0
-264 -550 0
-264 -576 0
-264 -602 0
-264 -628 0
-264 -654 0
-264 -680 0
-264 -706 0
-290 -316 0
-290 -342 0
-290 -368 0
-290 -394 0
-290 -420 0
-290 -446 0
-290 -472 0
-290 -498 0
-290 -524 0
-290 -550 0
-290 -576 0
-290 -602 0
-290 -628 0
-290 -654 0
-290 -680 0
-290 -706 0
-316 -342 0
-316 -368 0
-316 -394 0
-316 -420 0
-316 -446 0
-316 -472 0
-316 -498 0
-316 -524 0
-316 -550 0
-316 -576 0
-316 -602 0
-316 -628 0
-316 -654 0
-316 -680 0
-316 -706 0
-342 -368 0
-342 -394 0
-342 -420 0
-342 -446 0
-342 -472 0
-342 -498 0
-342 -524 0
-342 -550 0
-342 -576 0
-342 -602 0
-342 -628 0
-342 -654 0
-342 -680 0
-342 -706 0
-368 -394 0
-368 -420 0
-368 -446 0
-368 -472 0
-368 -498 0
-368 -524 0
-368 -550 0
-368 -576 0
-368 -602 0
-368 -628 0
-368 -654 0
-368 -680 0
-368 -706 0
-394 -420 0
-394 -446 0
-394 -472 0
-394 -498 0
-394 -524 0
-394 -550 0
-394 -576 0
-394 -602 0
-394 -628 0
-394 -654 0
-394 -680 0
-394 -706 0
-420 -446 0
-420 -472 0
-420 -498 0
-420 -524 0
-420 -550 0
-420 -576 0
-420 -602 0
-420 -628 0
-420 -654 0
-420 -680 0
-420 -706 0
-446 -472 0
-446 -498 0
-446 -524 0
-446 -550 0
-446 -576 0
-446 -602 0
-446 -628 0
-446 -654 0
-446 -680 0
-446 -706 0
-472 -498 0
-472 -524 0
-472 -550 0
-472 -576 0
-472 -602 0
-472 -628 0
-472 -654 0
-472 -680 0
-472 -706 0
-498 -524 0
-498 -550 0
-498 -576 0
-498 -602 0
-498 -628 0
-498 -654 0
-498 -680 0
-498 -706 0
-524 -550 0
-524 -576 0
-524 -602 0
-524 -628 0
-524 -654 0
-524 -680 0
-524 -706 0
-550 -576 0
-550 -602 0
-550 -628 0
-550 -654 0
-550 -680 0
-550 -706 0
-576 -602 0
-576 -628 0
-576 -654 0
-576 -680 0
-576 -706 0
-602 -628 0
-602 -654 0
-602 -680 0
-602 -706 0
-628 -654 0
-628 -680 0
-628 -706 0
-654 -680 0
-654 -706 0
-680 -706 0
-135 -161 0
-135 -187 0
-135 -213 0
-135 -239 0
-135 -265 0
-135 -291 0
-135 -317 0
-135 -343 0
-135 -369 0
-135 -395 0
-135 -421 0
-135 -447 0
-135 -473 0
-135 -499 0
-135 -525 0
-135 -551 0
-135 -577 0
-135 -603 0
-135 -629 0
-135 -655 0
-135 -681 0
-135 -707 0
-161 -187 0
-161 -213 0
-161 -239 0
-161 -265 0
-161 -291 0
-161 -317 0
-161 -343 0
-161 -369 0
-161 -395 0
-161 -421 0
-161 -447 0
-161 -473 0
-161 -499 0
-161 -525 0
-161 -551 0
-161 -577 0
-161 -603 0
-161 -629 0
-161 -655 0
-161 -681 0
-161 -707 0
-187 -213 0
-187 -239 0
-187 -265 0
-187 -291 0
-187 -317 0
-187 -343 0
-187 -369 0
-187 -395 0
-187 -421 0
-187 -447 0
-187 -473 0
-187 -499 0
-187 -525 0
-187 -551 0
-187 -577 0
-187 -603 0
-187 -629 0
-187 -655 0
-187 -681 0
-187 -707 0
-213 -239 0
-213 -265 0
-213 -291 0
-213 -317 0
-213 -343 0
-213 -369 0
-213 -395 0
-213 -421 0
-213 -447 0
-213 -473 0
-213 -499 0
-213 -525 0
-213 -551 0
-213 -577 0
-213 -603 0
-213 -629 0
-213 -655 0
-213 -681 0
-213 -707 0
-239 -265 0
-239 -291 0
-239 -317 0
-239 -343 0
-239 -369 0
-239 -395 0
-239 -421 0
-239 -447 0
-239 -473 0
-239 -499 0
-239 -525 0
-239 -551 0
-239 -577 0
-239 -603 0
-239 -629 0
-239 -655 0
-239 -681 0
-239 -707 0
-265 -291 0
-265 -317 0
-265 -343 0
-265 -369 0
-265 -395 0
-265 -421 0
-265 -447 0
-265 -473 0
-265 -499 0
-265 -525 0
-265 -551 0
-265 -577 0
-265 -603 0
-265 -629 0
-265 -655 0
-265 -681 0
-265 -707 0
-291 -317 0
-291 -343 0
-291 -369 0
-291 -395 0
-291 -421 0
-291 -447 0
-291 -473 0
-291 -499 0
-291 -525 0
-291 -551 0
-291 -577 0
-291 -603 0
-291 -629 0
-291 -655 0
-291 -681 0
-291 -707 0
-317 -343 0
-317 -369 0
-317 -395 0
-317 -421 0
-317 -447 0
-317 -473 0
-317 -499 0
-317 -525 0
-317 -551 0
-317 -577 0
-317 -603 0
-317 -629 0
-317 -655 0
-317 -681 0
-317 -707 0
-343 -369 0
-343 -395 0
-343 -421 0
-343 -447 0
-343 -473 0
-343 -499 0
-343 -525 0
-343 -551 0
-343 -577 0
-343 -603 0
-343 -629 0
-343 -655 0
-343 -681 0
-343 -707 0
-369 -395 0
-369 -421 0
-369 -447 0
-369 -473 0
-369 -499 0
-369 -525 0
-369 -551 0
-369 -577 0
-369 -603 0
-369 -629 0
-369 -655 0
-369 -681 0
-369 -707 0
-395 -421 0
-395 -447 0
-395 -473 0
-395 -499 0
-395 -525 0
-395 -551 0
-395 -577 0
-395 -603 0
-395 -629 0
-395 -655 0
-395 -681 0
-395 -707 0
-421 -447 0
-421 -473 0
-421 -499 0
-421 -525 0
-421 -551 0
-421 -577 0
-421 -603 0
-421 -629 0
-421 -655 0
-421 -681 0
-421 -707 0
-447 -473 0
-447 -499 0
-447 -525 0
-447 -551 0
-447 -577 0
-447 -603 0
-447 -629 0
-447 -655 0
-447 -681 0
-447 -707 0
-473 -499 0
-473 -525 0
-473 -551 0
-473 -577 0
-473 -603 0
-473 -629 0
-473 -655 0
-473 -681 0
-473 -707 0
-499 -525 0
-499 -551 0
-499 -577 0
-499 -603 0
-499 -629 0
-499 -655 0
-499 -681 0
-499 -707 0
-525 -551 0
-525 -577 0
-525 -603 0
-525 -629 0
-525 -655 0
-525 -681 0
-525 -707 0
-551 -577 0
-551 -603 0
-551 -629 0
-551 -655 0
-551 -681 0
-551 -707 0
-577 -603 0
-577 -629 0
-577 -655 0
-577 -681 0
-577 -707 0
-603 -629 0
-603 -655 0
-603 -681 0
-603 -707 0
-629 -655 0
-629 -681 0
-629 -707 0
-655 -681 0
-655 -707 0
-681 -707 0
-162 -188 0
-162 -214 0
-162 -240 0
-162 -266 0
-162 -292 0
-162 -318 0
-162 -344 0
-162 -370 0
-162 -396 0
-162 -422 0
-162 -448 0
-162 -474 0
-162 -500 0
-162 -526 0
-162 -552 0
-162 -578 0
-162 -604 0
-162 -630 0
-162 -656 0
-162 -682 0
-162 -708 0
-188 -214 0
-188 -240 0
-188 -266 0
-188 -292 0
-188 -318 0
-188 -344 0
-188 -370 0
-188 -396 0
-188 -422 0
-188 -448 0
-188 -474 0
-188 -500 0
-188 -526 0
-188 -552 0
-188 -578 0
-188 -604 0
-188 -630 0
-188 -656 0
-188 -682 0
-188 -708 0
-214 -240 0
-214 -266 0
-214 -292 0
-214 -318 0
-214 -344 0
-214 -370 0
-214 -396 0
-214 -422 0
-214 -448 0
-214 -474 0
-214 -500 0
-214 -526 0
-214 -552 0
-214 -578 0
-214 -604 0
-214 -630 0
-214 -656 0
-214 -682 0
-214 -708 0
-240 -266 0
-240 -292 0
-240 -318 0
-240 -344 0
-240 -370 0
-240 -396 0
-240 -422 0
-240 -448 0
-240 -474 0
-240 -500 0
-240 -526 0
-240 -552 0
-240 -578 0
-240 -604 0
-240 -630 0
-240 -656 0
-240 -682 0
-240 -708 0
-266 -292 0
-266 -318 0
-266 -344 0
-266 -370 0
-266 -396 0
-266 -422 0
-266 -448 0
-266 -474 0
-266 -500 0
-266 -526 0
-266 -552 0
-266 -578 0
-266 -604 0
-266 -630 0
-266 -656 0
-266 -682 0
-266 -708 0
-292 -318 0
-292 -344 0
-292 -370 0
-292 -396 0
-292 -422 0
-292 -448 0
-292 -474 0
-292 -500 0
-292 -526 0
-292 -552 0
-292 -578 0
-292 -604 0
-292 -630 0
-292 -656 0
-292 -682 0
-292 -708 0
-318 -344 0
-318 -370 0
-318 -396 0
-318 -422 0
-318 -448 0
-318 -474 0
-318 -500 0
-318 -526 0
-318 -552 0
-318 -578 0
-318 -604 0
-318 -630 0
-318 -656 0
-318 -682 0
-318 -708 0
-344 -370 0
-344 -396 0
-344 -422 0
-344 -448 0
-344 -474 0
-344 -500 0
-344 -526 0
-344 -552 0
-344 -578 0
-344 -604 0
-344 -630 0
-344 -656 0
-344 -682 0
-344 -708 0
-370 -396 0
-370 -422 0
-370 -448 0
-370 -474 0
-370 -500 0
-370 -526 0
-370 -552 0
-370 -578 0
-370 -604 0
-370 -630 0
-370 -656 0
-370 -682 0
-370 -708 0
-396 -422 0
-396 -448 0
-396 -474 0
-396 -500 0
-396 -526 0
-396 -552 0
-396 -578 0
-396 -604 0
-396 -630 0
-396 -656 0
-396 -682 0
-396 -708 0
-422 -448 0
-422 -474 0
-422 -500 0
-422 -526 0
-422 -552 0
-422 -578 0
-422 -604 0
-422 -630 0
-422 -656 0
-422 -682 0
-422 -708 0
-448 -474 0
-448 -500 0
-448 -526 0
-448 -552 0
-448 -578 0
-448 -604 0
-448 -630 0
-448 -656 0
-448 -682 0
-448 -708 0
-474 -500 0
-474 -526 0
-474 -552 0
-474 -578 0
-474 -604 0
-474 -630 0
-474 -656 0
-474 -682 0
-474 -708 0
-500 -526 0
-500 -552 0
-500 -578 0
-500 -604 0
-500 -630 0
-500 -656 0
-500 -682 0
-500 -708 0
-526 -552 0
-526 -578 0
-526 -604 0
-526 -630 0
-526 -656 0
-526 -682 0
-526 -708 0
-552 -578 0
-552 -604 0
-552 -630 0
-552 -656 0
-552 -682 0
-552 -708 0
-578 -604 0
-578 -630 0
-578 -656 0
-578 -682 0
-578 -708 0
-604 -630 0
-604 -656 0
-604 -682 0
-604 -708 0
-630 -656 0
-630 -682 0
-630 -708 0
-656 -682 0
-656 -708 0
-682 -708 0
-189 -215 0
-189 -241 0
-189 -267 0
-189 -293 0
-189 -319 0
-189 -345 0
-189 -371 0
-189 -397 0
-189 -423 0
-189 -449 0
-189 -475 0
-189 -501 0
-189 -527 0
-189 -553 0
-189 -579 0
-189 -605 0
-189 -631 0
-189 -657 0
-189 -683 0
-189 -709 0
-215 -241 0
-215 -267 0
-215 -293 0
-215 -319 0
-215 -345 0
-215 -371 0
-215 -397 0
-215 -423 0
-215 -449 0
-215 -475 0
-215 -501 0
-215 -527 0
-215 -553 0
-215 -579 0
-215 -605 0
-215 -631 0
-215 -657 0
-215 -683 0
-215 -709 0
-241 -267 0
-241 -293 0
-241 -319 0
-241 -345 0
-241 -371 0
-241 -397 0
-241 -423 0
-241 -449 0
-241 -475 0
-241 -501 0
-241 -527 0
-241 -553 0
-241 -579 0
-241 -605 0
-241 -631 0
-241 -657 0
-241 -683 0
-241 -709 0
-267 -293 0
-267 -319 0
-267 -345 0
-267 -371 0
-267 -397 0
-267 -423 0
-267 -449 0
-267 -475 0
-267 -501 0
-267 -527 0
-267 -553 0
-267 -579 0
-267 -605 0
-267 -631 0
-267 -657 0
-267 -683 0
-267 -709 0
-293 -319 0
-293 -345 0
-293 -371 0
-293 -397 0
-293 -423 0
-293 -449 0
-293 -475 0
-293 -501 0
-293 -527 0
-293 -553 0
-293 -579 0
-293 -605 0
-293 -631 0
-293 -657 0
-293 -683 0
-293 -709 0
-319 -345 0
-319 -371 0
-319 -397 0
-319 -423 0
-319 -449 0
-319 -475 0
-319 -501 0
-319 -527 0
-319 -553 0
-319 -579 0
-319 -605 0
-319 -631 0
-319 -657 0
-319 -683 0
-319 -709 0
-345 -371 0
-345 -397 0
-345 -423 0
-345 -449 0
-345 -475 0
-345 -501 0
-345 -527 0
-345 -553 0
-345 -579 0
-345 -605 0
-345 -631 0
-345 -657 0
-345 -683 0
-345 -709 0
-371 -397 0
-371 -423 0
-371 -449 0
-371 -475 0
-371 -501 0
-371 -527 0
-371 -553 0
-371 -579 0
-371 -605 0
-371 -631 0
-371 -657 0
-371 -683 0
-371 -709 0
-397 -423 0
-397 -449 0
-397 -475 0
-397 -501 0
-397 -527 0
-397 -553 0
-397 -579 0
-397 -605 0
-397 -631 0
-397 -657 0
-397 -683 0
-397 -709 0
-423 -449 0
-423 -475 0
-423 -501 0
-423 -527 0
-423 -553 0
-423 -579 0
-423 -605 0
-423 -631 0
-423 -657 0
-423 -683 0
-423 -709 0
-449 -475 0
-449 -501 0
-449 -527 0
-449 -553 0
-449 -579 0
-449 -605 0
-449 -631 0
-449 -657 0
-449 -683 0
-449 -709 0
-475 -501 0
-475 -527 0
-475 -553 0
-475 -579 0
-475 -605 0
-475 -631 0
-475 -657 0
-475 -683 0
-475 -709 0
-501 -527 0
-501 -553 0
-501 -579 0
-501 -605 0
-501 -631 0
-501 -657 0
-501 -683 0
-501 -709 0
-527 -553 0
-527 -579 0
-527 -605 0
-527 -631 0
-527 -657 0
-527 -683 0
-527 -709 0
-553 -579 0
-553 -605 0
-553 -631 0
-553 -657 0
-553 -683 0
-553 -709 0
-579 -605 0
-579 -631 0
-579 -657 0
-579 -683 0
-579 -709 0
-605 -631 0
-605 -657 0
-605 -683 0
-605 -709 0
-631 -657 0
-631 -683 0
-631 -709 0
-657 -683 0
-657 -709 0
-683 -709 0
-216 -242 0
-216 -268 0
-216 -294 0
-216 -320 0
-216 -346 0
-216 -372 0
-216 -398 0
-216 -424 0
-216 -450 0
-216 -476 0
-216 -502 0
-216 -528 0
-216 -554 0
-216 -580 0
-216 -606 0
-216 -632 0
-216 -658 0
-216 -684 0
-216 -710 0
-242 -268 0
-242 -294 0
-242 -320 0
-242 -346 0
-242 -372 0
-242 -398 0
-242 -424 0
-242 -450 0
-242 -476 0
-242 -502 0
-242 -528 0
-242 -554 0
-242 -580 0
-242 -606 0
-242 -632 0
-242 -658 0
-242 -684 0
-242 -710 0
-268 -294 0
-268 -320 0
-268 -346 0
-268 -372 0
-268 -398 0
-268 -424 0
-268 -450 0
-268 -476 0
-268 -502 0
-268 -528 0
-268 -554 0
-268 -580 0
-268 -606 0
-268 -632 0
-268 -658 0
-268 -684 0
-268 -710 0
-294 -320 0
-294 -346 0
-294 -372 0
-294 -398 0
-294 -424 0
-294 -450 0
-294 -476 0
-294 -502 0
-294 -528 0
-294 -554 0
-294 -580 0
-294 -606 0
-294 -632 0
-294 -658 0
-294 -684 0
-294 -710 0
-320 -346 0
-320 -372 0
-320 -398 0
-320 -424 0
-320 -450 0
-320 -476 0
-320 -502 0
-320 -528 0
-320 -554 0
-320 -580 0
-320 -606 0
-320 -632 0
-320 -658 0
-320 -684 0
-320 -710 0
-346 -372 0
-346 -398 0
-346 -424 0
-346 -450 0
-346 -476 0
-346 -502 0
-346 -528 0
-346 -554 0
-346 -580 0
-346 -606 0
-346 -632 0
-346 -658 0
-346 -684 0
-346 -710 0
-372 -398 0
-372 -424 0
-372 -450 0
-372 -476 0
-372 -502 0
-372 -528 0
-372 -554 0
-372 -580 0
-372 -606 0
-372 -632 0
-372 -658 0
-372 -684 0
-372 -710 0
-398 -424 0
-398 -450 0
-398 -476 0
-398 -502 0
-398 -528 0
-398 -554 0
-398 -580 0
-398 -606 0
-398 -632 0
-398 -658 0
-398 -684 0
-398 -710 0
-424 -450 0
-424 -476 0
-424 -502 0
-424 -528 0
-424 -554 0
-424 -580 0
-424 -606 0
-424 -632 0
-424 -658 0
-424 -684 0
-424 -710 0
-450 -476 0
-450 -502 0
-450 -528 0
-450 -554 0
-450 -580 0
-450 -606 0
-450 -632 0
-450 -658 0
-450 -684 0
-450 -710 0
-476 -502 0
-476 -528 0
-476 -554 0
-476 -580 0
-476 -606 0
-476 -632 0
-476 -658 0
-476 -684 0
-476 -710 0
-502 -528 0
-502 -554 0
-502 -580 0
-502 -606 0
-502 -632 0
-502 -658 0
-502 -684 0
-502 -710 0
-528 -554 0
-528 -580 0
-528 -606 0
-528 -632 0
-528 -658 0
-528 -684 0
-528 -710 0
-554 -580 0
-554 -606 0
-554 -632 0
-554 -658 0
-554 -684 0
-554 -710 0
-580 -606 0
-580 -632 0
-580 -658 0
-580 -684 0
-580 -710 0
-606 -632 0
-606 -658 0
-606 -684 0
-606 -710 0
-632 -658 0
-632 -684 0
-632 -710 0
-658 -684 0
-658 -710 0
-684 -710 0
-243 -269 0
-243 -295 0
-243 -321 0
-243 -347 0
-243 -373 0
-243 -399 0
-243 -425 0
-243 -451 0
-243 -477 0
-243 -503 0
-243 -529 0
-243 -555 0
-243 -581 0
-243 -607 0
-243 -633 0
-243 -659 0
-243 -685 0
-243 -711 0
-269 -295 0
-269 -321 0
-269 -347 0
-269 -373 0
-269 -399 0
-269 -425 0
-269 -451 0
-269 -477 0
-269 -503 0
-269 -529 0
-269 -555 0
-269 -581 0
-269 -607 0
-269 -633 0
-269 -659 0
-269 -685 0
-269 -711 0
-295 -321 0
-295 -347 0
-295 -373 0
-295 -399 0
-295 -425 0
-295 -451 0
-295 -477 0
-295 -503 0
-295 -529 0
-295 -555 0
-295 -581 0
-295 -607 0
-295 -633 0
-295 -659 0
-295 -685 0
-295 -711 0
-321 -347 0
-321 -373 0
-321 -399 0
-321 -425 0
-321 -451 0
-321 -477 0
-321 -503 0
-321 -529 0
-321 -555 0
-321 -581 0
-321 -607 0
-321 -633 0
-321 -659 0
-321 -685 0
-321 -711 0
-347 -373 0
-347 -399 0
-347 -425 0
-347 -451 0
-347 -477 0
-347 -503 0
-347 -529 0
-347 -555 0
-347 -581 0
-347 -607 0
-347 -633 0
-347 -659 0
-347 -685 0
-347 -711 0
-373 -399 0
-373 -425 0
-373 -451 0
-373 -477 0
-373 -503 0
-373 -529 0
-373 -555 0
-373 -581 0
-373 -607 0
-373 -633 0
-373 -659 0
-373 -685 0
-373 -711 0
-399 -425 0
-399 -451 0
-399 -477 0
-399 -503 0
-399 -529 0
-399 -555 0
-399 -581 0
-399 -607 0
-399 -633 0
-399 -659 0
-399 -685 0
-399 -711 0
-425 -451 0
-425 -477 0
-425 -503 0
-425 -529 0
-425 -555 0
-425 -581 0
-425 -607 0
-425 -633 0
-425 -659 0
-425 -685 0
-425 -711 0
-451 -477 0
-451 -503 0
-451 -529 0
-451 -555 0
-451 -581 0
-451 -607 0
-451 -633 0
-451 -659 0
-451 -685 0
-451 -711 0
-477 -503 0
-477 -529 0
-477 -555 0
-477 -581 0
-477 -607 0
-477 -633 0
-477 -659 0
-477 -685 0
-477 -711 0
-503 -529 0
-503 -555 0
-503 -581 0
-503 -607 0
-503 -633 0
-503 -659 0
-503 -685 0
-503 -711 0
-529 -555 0
-529 -581 0
-529 -607 0
-529 -633 0
-529 -659 0
-529 -685 0
-529 -711 0
-555 -581 0
-555 -607 0
-555 -633 0
-555 -659 0
-555 -685 0
-555 -711 0
-581 -607 0
-581 -633 0
-581 -659 0
-581 -685 0
-581 -711 0
-607 -633 0
-607 -659 0
-607 -685 0
-607 -711 0
-633 -659 0
-633 -685 0
-633 -711 0
-659 -685 0
-659 -711 0
-685 -711 0
-270 -296 0
-270 -322 0
-270 -348 0
-270 -374 0
-270 -400 0
-270 -426 0
-270 -452 0
-270 -478 0
-270 -504 0
-270 -530 0
-270 -556 0
-270 -582 0
-270 -608 0
-270 -634 0
-270 -660 0
-270 -686 0
-270 -712 0
-296 -322 0
-296 -348 0
-296 -374 0
-296 -400 0
-296 -426 0
-296 -452 0
-296 -478 0
-296 -504 0
-296 -530 0
-296 -556 0
-296 -582 0
-296 -608 0
-296 -634 0
-296 -660 0
-296 -686 0
-296 -712 0
-322 -348 0
-322 -374 0
-322 -400 0
-322 -426 0
-322 -452 0
-322 -478 0
-322 -504 0
-322 -530 0
-322 -556 0
-322 -582 0
-322 -608 0
-322 -634 0
-322 -660 0
-322 -686 0
-322 -712 0
-348 -374 0
-348 -400 0
-348 -426 0
-348 -452 0
-348 -478 0
-348 -504 0
-348 -530 0
-348 -556 0
-348 -582 0
-348 -608 0
-348 -634 0
-348 -660 0
-348 -686 0
-348 -712 0
-374 -400 0
-374 -426 0
-374 -452 0
-374 -478 0
-374 -504 0
-374 -530 0
-374 -556 0
-374 -582 0
-374 -608 0
-374 -634 0
-374 -660 0
-374 -686 0
-374 -712 0
-400 -426 0
-400 -452 0
-400 -478 0
-400 -504 0
-400 -530 0
-400 -556 0
-400 -582 0
-400 -608 0
-400 -634 0
-400 -660 0
-400 -686 0
-400 -712 0
-426 -452 0
-426 -478 0
-426 -504 0
-426 -530 0
-426 -556 0
-426 -582 0
-426 -608 0
-426 -634 0
-426 -660 0
-426 -686 0
-426 -712 0
-452 -478 0
-452 -504 0
-452 -530 0
-452 -556 0
-452 -582 0
-452 -608 0
-452 -634 0
-452 -660 0
-452 -686 0
-452 -712 0
-478 -504 0
-478 -530 0
-478 -556 0
-478 -582 0
-478 -608 0
-478 -634 0
-478 -660 0
-478 -686 0
-478 -712 0
-504 -530 0
-504 -556 0
-504 -582 0
-504 -608 0
-504 -634 0
-504 -660 0
-504 -686 0
-504 -712 0
-530 -556 0
-530 -582 0
-530 -608 0
-530 -634 0
-530 -660 0
-530 -686 0
-530 -712 0
-556 -582 0
-556 -608 0
-556 -634 0
-556 -660 0
-556 -686 0
-556 -712 0
-582 -608 0
-582 -634 0
-582 -660 0
-582 -686 0
-582 -712 0
-608 -634 0
-608 -660 0
-608 -686 0
-608 -712 0
-634 -660 0
-634 -686 0
-634 -712 0
-660 -686 0
-660 -712 0
-686 -712 0
-297 -323 0
-297 -349 0
-297 -375 0
-297 -401 0
-297 -427 0
-297 -453 0
-297 -479 0
-297 -505 0
-297 -531 0
-297 -557 0
-297 -583 0
-297 -609 0
-297 -635 0
-297 -661 0
-297 -687 0
-297 -713 0
-323 -349 0
-323 -375 0
-323 -401 0
-323 -427 0
-323 -453 0
-323 -479 0
-323 -505 0
-323 -531 0
-323 -557 0
-323 -583 0
-323 -609 0
-323 -635 0
-323 -661 0
-323 -687 0
-323 -713 0
-349 -375 0
-349 -401 0
-349 -427 0
-349 -453 0
-349 -479 0
-349 -505 0
-349 -531 0
-349 -557 0
-349 -583 0
-349 -609 0
-349 -635 0
-349 -661 0
-349 -687 0
-349 -713 0
-375 -401 0
-375 -427 0
-375 -453 0
-375 -479 0
-375 -505 0
-375 -531 0
-375 -557 0
-375 -583 0
-375 -609 0
-375 -635 0
-375 -661 0
-375 -687 0
-375 -713 0
-401 -427 0
-401 -453 0
-401 -479 0
-401 -505 0
-401 -531 0
-401 -557 0
-401 -583 0
-401 -609 0
-401 -635 0
-401 -661 0
-401 -687 0
-401 -713 0
-427 -453 0
-427 -479 0
-427 -505 0
-427 -531 0
-427 -557 0
-427 -583 0
-427 -609 0
-427 -635 0
-427 -661 0
-427 -687 0
-427 -713 0
-453 -479 0
-453 -505 0
-453 -531 0
-453 -557 0
-453 -583 0
-453 -609 0
-453 -635 0
-453 -661 0
-453 -687 0
-453 -713 0
-479 -505 0
-479 -531 0
-479 -557 0
-479 -583 0
-479 -609 0
-479 -635 0
-479 -661 0
-479 -687 0
-479 -713 0
-505 -531 0
-505 -557 0
-505 -583 0
-505 -609 0
-505 -635 0
-505 -661 0
-505 -687 0
-505 -713 0
-531 -557 0
-531 -583 0
-531 -609 0
-531 -635 0
-531 -661 0
-531 -687 0
-531 -713 0
-557 -583 0
-557 -609 0
-557 -635 0
-557 -661 0
-557 -687 0
-557 -713 0
-583 -609 0
-583 -635 0
-583 -661 0
-583 -687 0
-583 -713 0
-609 -635 0
-609 -661 0
-609 -687 0
-609 -713 0
-635 -661 0
-635 -687 0
-635 -713 0
-661 -687 0
-661 -713 0
-687 -713 0
-324 -350 0
-324 -376 0
-324 -402 0
-324 -428 0
-324 -454 0
-324 -480 0
-324 -506 0
-324 -532 0
-324 -558 0
-324 -584 0
-324 -610 0
-324 -636 0
-324 -662 0
-324 -688 0
-324 -714 0
-350 -376 0
-350 -402 0
-350 -428 0
-350 -454 0
-350 -480 0
-350 -506 0
-350 -532 0
-350 -558 0
-350 -584 0
-350 -610 0
-350 -636 0
-350 -662 0
-350 -688 0
-350 -714 0
-376 -402 0
-376 -428 0
-376 -454 0
-376 -480 0
-376 -506 0
-376 -532 0
-376 -558 0
-376 -584 0
-376 -610 0
-376 -636 0
-376 -662 0
-376 -688 0
-376 -714 0
-402 -428 0
-402 -454 0
-402 -480 0
-402 -506 0
-402 -532 0
-402 -558 0
-402 -584 0
-402 -610 0
-402 -636 0
-402 -662 0
-402 -688 0
-402 -714 0
-428 -454 0
-428 -480 0
-428 -506 0
-428 -532 0
-428 -558 0
-428 -584 0
-428 -610 0
-428 -636 0
-428 -662 0
-428 -688 0
-428 -714 0
-454 -480 0
-454 -506 0
-454 -532 0
-454 -558 0
-454 -584 0
-454 -610 0
-454 -636 0
-454 -662 0
-454 -688 0
-454 -714 0
-480 -506 0
-480 -532 0
-480 -558 0
-480 -584 0
-480 -610 0
-480 -636 0
-480 -662 0
-480 -688 0
-480 -714 0
-506 -532 0
-506 -558 0
-506 -584 0
-506 -610 0
-506 -636 0
-506 -662 0
-506 -688 0
-506 -714 0
-532 -558 0
-532 -584 0
-532 -610 0
-532 -636 0
-532 -662 0
-532 -688 0
-532 -714 0
-558 -584 0
-558 -610 0
-558 -636 0
-558 -662 0
-558 -688 0
-558 -714 0
-584 -610 0
-584 -636 0
-584 -662 0
-584 -688 0
-584 -714 0
-610 -636 0
-610 -662 0
-610 -688 0
-610 -714 0
-636 -662 0
-636 -688 0
-636 -714 0
-662 -688 0
-662 -714 0
-688 -714 0
-351 -377 0
-351 -403 0
-351 -429 0
-351 -455 0
-351 -481 0
-351 -507 0
-351 -533 0
-351 -559 0
-351 -585 0
-351 -611 0
-351 -637 0
-351 -663 0
-351 -689 0
-351 -715 0
-377 -403 0
-377 -429 0
-377 -455 0
-377 -481 0
-377 -507 0
-377 -533 0
-377 -559 0
-377 -585 0
-377 -611 0
-377 -637 0
-377 -663 0
-377 -689 0
-377 -715 0
-403 -429 0
-403 -455 0
-403 -481 0
-403 -507 0
-403 -533 0
-403 -559 0
-403 -585 0
-403 -611 0
-403 -637 0
-403 -663 0
-403 -689 0
-403 -715 0
-429 -455 0
-429 -481 0
-429 -507 0
-429 -533 0
-429 -559 0
-429 -585 0
-429 -611 0
-429 -637 0
-429 -663 0
-429 -689 0
-429 -715 0
-455 -481 0
-455 -507 0
-455 -533 0
-455 -559 0
-455 -585 0
-455 -611 0
-455 -637 0
-455 -663 0
-455 -689 0
-455 -715 0
-481 -507 0
-481 -533 0
-481 -559 0
-481 -585 0
-481 -611 0
-481 -637 0
-481 -663 0
-481 -689 0
-481 -715 0
-507 -533 0
-507 -559 0
-507 -585 0
-507 -611 0
-507 -637 0
-507 -663 0
-507 -689 0
-507 -715 0
-533 -559 0
-533 -585 0
-533 -611 0
-533 -637 0
-533 -663 0
-533 -689 0
-533 -715 0
-559 -585 0
-559 -611 0
-559 -637 0
-559 -663 0
-559 -689 0
-559 -715 0
-585 -611 0
-585 -637 0
-585 -663 0
-585 -689 0
-585 -715 0
-611 -637 0
-611 -663 0
-611 -689 0
-611 -715 0
-637 -663 0
-637 -689 0
-637 -715 0
-663 -689 0
-663 -715 0
-689 -715 0
-378 -404 0
-378 -430 0
-378 -456 0
-378 -482 0
-378 -508 0
-378 -534 0
-378 -560 0
-378 -586 0
-378 -612 0
-378 -638 0
-378 -664 0
-378 -690 0
-378 -716 0
-404 -430 0
-404 -456 0
-404 -482 0
-404 -508 0
-404 -534 0
-404 -560 0
-404 -586 0
-404 -612 0
-404 -638 0
-404 -664 0
-404 -690 0
-404 -716 0
-430 -456 0
-430 -482 0
-430 -508 0
-430 -534 0
-430 -560 0
-430 -586 0
-430 -612 0
-430 -638 0
-430 -664 0
-430 -690 0
-430 -716 0
-456 -482 0
-456 -508 0
-456 -534 0
-456 -560 0
-456 -586 0
-456 -612 0
-456 -638 0
-456 -664 0
-456 -690 0
-456 -716 0
-482 -508 0
-482 -534 0
-482 -560 0
-482 -586 0
-482 -612 0
-482 -638 0
-482 -664 0
-482 -690 0
-482 -716 0
-508 -534 0
-508 -560 0
-508 -586 0
-508 -612 0
-508 -638 0
-508 -664 0
-508 -690 0
-508 -716 0
-534 -560 0
-534 -586 0
-534 -612 0
-534 -638 0
-534 -664 0
-534 -690 0
-534 -716 0
-560 -586 0
-560 -612 0
-560 -638 0
-560 -664 0
-560 -690 0
-560 -716 0
-586 -612 0
-586 -638 0
-586 -664 0
-586 -690 0
-586 -716 0
-612 -638 0
-612 -664 0
-612 -690 0
-612 -716 0
-638 -664 0
-638 -690 0
-638 -716 0
-664 -690 0
-664 -716 0
-690 -716 0
-405 -431 0
-405 -457 0
-405 -483 0
-405 -509 0
-405 -535 0
-405 -561 0
-405 -587 0
-405 -613 0
-405 -639 0
-405 -665 0
-405 -691 0
-405 -717 0
-431 -457 0
-431 -483 0
-431 -509 0
-431 -535 0
-431 -561 0
-431 -587 0
-431 -613 0
-431 -639 0
-431 -665 0
-431 -691 0
-431 -717 0
-457 -483 0
-457 -509 0
-457 -535 0
-457 -561 0
-457 -587 0
-457 -613 0
-457 -639 0
-457 -665 0
-457 -691 0
-457 -717 0
-483 -509 0
-483 -535 0
-483 -561 0
-483 -587 0
-483 -613 0
-483 -639 0
-483 -665 0
-483 -691 0
-483 -717 0
-509 -535 0
-509 -561 0
-509 -587 0
-509 -613 0
-509 -639 0
-509 -665 0
-509 -691 0
-509 -717 0
-535 -561 0
-535 -587 0
-535 -613 0
-535 -639 0
-535 -665 0
-535 -691 0
-535 -717 0
-561 -587 0
-561 -613 0
-561 -639 0
-561 -665 0
-561 -691 0
-561 -717 0
-587 -613 0
-587 -639 0
-587 -665 0
-587 -691 0
-587 -717 0
-613 -639 0
-613 -665 0
-613 -691 0
-613 -717 0
-639 -665 0
-639 -691 0
-639 -717 0
-665 -691 0
-665 -717 0
-691 -717 0
-432 -458 0
-432 -484 0
-432 -510 0
-432 -536 0
-432 -562 0
-432 -588 0
-432 -614 0
-432 -640 0
-432 -666 0
-432 -692 0
-432 -718 0
-458 -484 0
-458 -510 0
-458 -536 0
-458 -562 0
-458 -588 0
-458 -614 0
-458 -640 0
-458 -666 0
-458 -692 0
-458 -718 0
-484 -510 0
-484 -536 0
-484 -562 0
-484 -588 0
-484 -614 0
-484 -640 0
-484 -666 0
-484 -692 0
-484 -718 0
-510 -536 0
-510 -562 0
-510 -588 0
-510 -614 0
-510 -640 0
-510 -666 0
-510 -692 0
-510 -718 0
-536 -562 0
-536 -588 0
-536 -614 0
-536 -640 0
-536 -666 0
-536 -692 0
-536 -718 0
-562 -588 0
-562 -614 0
-562 -640 0
-562 -666 0
-562 -692 0
-562 -718 0
-588 -614 0
-588 -640 0
-588 -666 0
-588 -692 0
-588 -718 0
-614 -640 0
-614 -666 0
-614 -692 0
-614 -718 0
-640 -666 0
-640 -692 0
-640 -718 0
-666 -692 0
-666 -718 0
-692 -718 0
-459 -485 0
-459 -511 0
-459 -537 0
-459 -563 0
-459 -589 0
-459 -615 0
-459 -641 0
-459 -667 0
-459 -693 0
-459 -719 0
-485 -511 0
-485 -537 0
-485 -563 0
-485 -589 0
-485 -615 0
-485 -641 0
-485 -667 0
-485 -693 0
-485 -719 0
-511 -537 0
-511 -563 0
-511 -589 0
-511 -615 0
-511 -641 0
-511 -667 0
-511 -693 0
-511 -719 0
-537 -563 0
-537 -589 0
-537 -615 0
-537 -641 0
-537 -667 0
-537 -693 0
-537 -719 0
-563 -589 0
-563 -615 0
-563 -641 0
-563 -667 0
-563 -693 0
-563 -719 0
-589 -615 0
-589 -641 0
-589 -667 0
-589 -693 0
-589 -719 0
-615 -641 0
-615 -667 0
-615 -693 0
-615 -719 0
-641 -667 0
-641 -693 0
-641 -719 0
-667 -693 0
-667 -719 0
-693 -719 0
-486 -512 0
-486 -538 0
-486 -564 0
-486 -590 0
-486 -616 0
-486 -642 0
-486 -668 0
-486 -694 0
-486 -720 0
-512 -538 0
-512 -564 0
-512 -590 0
-512 -616 0
-512 -642 0
-512 -668 0
-512 -694 0
-512 -720 0
-538 -564 0
-538 -590 0
-538 -616 0
-538 -642 0
-538 -668 0
-538 -694 0
-538 -720 0
-564 -590 0
-564 -616 0
-564 -642 0
-564 -668 0
-564 -694 0
-564 -720 0
-590 -616 0
-590 -642 0
-590 -668 0
-590 -694 0
-590 -720 0
-616 -642 0
-616 -668 0
-616 -694 0
-616 -720 0
-642 -668 0
-642 -694 0
-642 -720 0
-668 -694 0
-668 -720 0
-694 -720 0
-513 -539 0
-513 -565 0
-513 -591 0
-513 -617 0
-513 -643 0
-513 -669 0
-513 -695 0
-513 -721 0
-539 -565 0
-539 -591 0
-539 -617 0
-539 -643 0
-539 -669 0
-539 -695 0
-539 -721 0
-565 -591 0
-565 -617 0
-565 -643 0
-565 -669 0
-565 -695 0
-565 -721 0
-591 -617 0
-591 -643 0
-591 -669 0
-591 -695 0
-591 -721 0
-617 -643 0
-617 -669 0
-617 -695 0
-617 -721 0
-643 -669 0
-643 -695 0
-643 -721 0
-669 -695 0
-669 -721 0
-695 -721 0
-540 -566 0
-540 -592 0
-540 -618 0
-540 -644 0
-540 -670 0
-540 -696 0
-540 -722 0
-566 -592 0
-566 -618 0
-566 -644 0
-566 -670 0
-566 -696 0
-566 -722 0
-592 -618 0
-592 -644 0
-592 -670 0
-592 -696 0
-592 -722 0
-618 -644 0
-618 -670 0
-618 -696 0
-618 -722 0
-644 -670 0
-644 -696 0
-644 -722 0
-670 -696 0
-670 -722 0
-696 -722 0
-567 -593 0
-567 -619 0
-567 -645 0
-567 -671 0
-567 -697 0
-567 -723 0
-593 -619 0
-593 -645 0
-593 -671 0
-593 -697 0
-593 -723 0
-619 -645 0
-619 -671 0
-619 -697 0
-619 -723 0
-645 -671 0
-645 -697 0
-645 -723 0
-671 -697 0
-671 -723 0
-697 -723 0
-594 -620 0
-594 -646 0
-594 -672 0
-594 -698 0
-594 -724 0
-620 -646 0
-620 -672 0
-620 -698 0
-620 -724 0
-646 -672 0
-646 -698 0
-646 -724 0
-672 -698 0
-672 -724 0
-698 -724 0
-621 -647 0
-621 -673 0
-621 -699 0
-621 -725 0
-647 -673 0
-647 -699 0
-647 -725 0
-673 -699 0
-673 -725 0
-699 -725 0
-648 -674 0
-648 -700 0
-648 -726 0
-674 -700 0
-674 -726 0
-700 -726 0
-675 -701 0
-675 -727 0
-701 -727 0
-702 -728 0
