p cnf 1089 40370
1 2 3 4 5 6 7 8 9 10 11 12 13 14 15 16 17 18 19 20 21 22 23 24 25 26 27 28 29 30 31 32 33 0
34 35 36 37 38 39 40 41 42 43 44 45 46 47 48 49 50 51 52 53 54 55 56 57 58 59 60 61 62 63 64 65 66 0
67 68 69 70 71 72 73 74 75 76 77 78 79 80 81 82 83 84 85 86 87 88 89 90 91 92 93 94 95 96 97 98 99 0
100 101 102 103 104 105 106 107 108 109 110 111 112 113 114 115 116 117 118 119 120 121 122 123 124 125 126 127 128 129 130 131 132 0
133 134 135 136 137 138 139 140 141 142 143 144 145 146 147 148 149 150 151 152 153 154 155 156 157 158 159 160 161 162 163 164 165 0
166 167 168 169 170 171 172 173 174 175 176 177 178 179 180 181 182 183 184 185 186 187 188 189 190 191 192 193 194 195 196 197 198 0
199 200 201 202 203 204 205 206 207 208 209 210 211 212 213 214 215 216 217 218 219 220 221 222 223 224 225 226 227 228 229 230 231 0
232 233 234 235 236 237 238 239 240 241 242 243 244 245 246 247 248 249 250 251 252 253 254 255 256 257 258 259 260 261 262 263 264 0
265 266 267 268 269 270 271 272 273 274 275 276 277 278 279 280 281 282 283 284 285 286 287 288 289 290 291 292 293 294 295 296 297 0
298 299 300 301 302 303 304 305 306 307 308 309 310 311 312 313 314 315 316 317 318 319 320 321 322 323 324 325 326 327 328 329 330 0
331 332 333 334 335 336 337 338 339 340 341 342 343 344 345 346 347 348 349 350 351 352 353 354 355 356 357 358 359 360 361 362 363 0
364 365 366 367 368 369 370 371 372 373 374 375 376 377 378 379 380 381 382 383 384 385 386 387 388 389 390 391 392 393 394 395 396 0
397 398 399 400 401 402 403 404 405 406 407 408 409 410 411 412 413 414 415 416 417 418 419 420 421 422 423 424 425 426 427 428 429 0
430 431 432 433 434 435 436 437 438 439 440 441 442 443 444 445 446 447 448 449 450 451 452 453 454 455 456 457 458 459 460 461 462 0
463 464 465 466 467 468 469 470 471 472 473 474 475 476 477 478 479 480 481 482 483 484 485 486 487 488 489 490 491 492 493 494 495 0
496 497 498 499 500 501 502 503 504 505 506 507 508 509 510 511 512 513 514 515 516 517 518 519 520 521 522 523 524 525 526 527 528 0
529 530 531 532 533 534 535 536 537 538 539 540 541 542 543 544 545 546 547 548 549 550 551 552 553 554 555 556 557 558 559 560 561 0
562 563 564 565 566 567 568 569 570 571 572 573 574 575 576 577 578 579 580 581 582 583 584 585 586 587 588 589 590 591 592 593 594 0
595 596 597 598 599 600 601 602 603 604 605 606 607 608 609 610 611 612 613 614 615 616 617 618 619 620 621 622 623 624 625 626 627 0
628 629 630 631 632 633 634 635 636 637 638 639 640 641 642 643 644 645 646 647 648 649 650 651 652 653 654 655 656 657 658 659 660 0
661 662 663 664 665 666 667 668 669 670 671 672 673 674 675 676 677 678 679 680 681 682 683 684 685 686 687 688 689 690 691 692 693 0
694 695 696 697 698 699 700 701 702 703 704 705 706 707 708 709 710 711 712 713 714 715 716 717 718 719 720 721 722 723 724 725 726 0
727 728 729 730 731 732 733 734 735 736 737 738 739 740 741 742 743 744 745 746 747 748 749 750 751 752 753 754 755 756 757 758 759 0
760 761 762 763 764 765 766 767 768 769 770 771 772 773 774 775 776 777 778 779 780 781 782 783 784 785 786 787 788 789 790 791 792 0
793 794 795 796 797 798 799 800 801 802 803 804 805 806 807 808 809 810 811 812 813 814 815 816 817 818 819 820 821 822 823 824 825 0
826 827 828 829 830 831 832 833 834 835 836 837 838 839 840 841 842 843 844 845 846 847 848 849 850 851 852 853 854 855 856 857 858 0
859 860 861 862 863 864 865 866 867 868 869 870 871 872 873 874 875 876 877 878 879 880 881 882 883 884 885 886 887 888 889 890 891 0
892 893 894 895 896 897 898 899 900 901 902 903 904 905 906 907 908 909 910 911 912 913 914 915 916 917 918 919 920 921 922 923 924 0
925 926 927 928 929 930 931 932 933 934 935 936 937 938 939 940 941 942 943 944 945 946 947 948 949 950 951 952 953 954 955 956 957 0
958 959 960 961 962 963 964 965 966 967 968 969 970 971 972 973 974 975 976 977 978 979 980 981 982 983 984 985 986 987 988 989 990 0
991 992 993 994 995 996 997 998 999 1000 1001 1002 1003 1004 1005 1006 1007 1008 1009 1010 1011 1012 1013 1014 1015 1016 1017 1018 1019 1020 1021 1022 1023 0
1024 1025 1026 1027 1028 1029 1030 1031 1032 1033 1034 1035 1036 1037 1038 1039 1040 1041 1042 1043 1044 1045 1046 1047 1048 1049 1050 1051 1052 1053 1054 1055 1056 0
1057 1058 1059 1060 1061 1062 1063 1064 1065 1066 1067 1068 1069 1070 1071 1072 1073 1074 1075 1076 1077 1078 1079 1080 1081 1082 1083 1084 1085 1086 1087 1088 1089 0
-1 -2 0
-1 -3 0
-1 -4 0
-1 -5 0
-1 -6 0
-1 -7 0
-1 -8 0
-1 -9 0
-1 -10 0
-1 -11 0
-1 -12 0
-1 -13 0
-1 -14 0
-1 -15 0
-1 -16 0
-1 -17 0
-1 -18 0
-1 -19 0
-1 -20 0
-1 -21 0
-1 -22 0
-1 -23 0
-1 -24 0
-1 -25 0
-1 -26 0
-1 -27 0
-1 -28 0
-1 -29 0
-1 -30 0
-1 -31 0
-1 -32 0
-1 -33 0
-2 -3 0
-2 -4 0
-2 -5 0
-2 -6 0
-2 -7 0
-2 -8 0
-2 -9 0
-2 -10 0
-2 -11 0
-2 -12 0
-2 -13 0
-2 -14 0
-2 -15 0
-2 -16 0
-2 -17 0
-2 -18 0
-2 -19 0
-2 -20 0
-2 -21 0
-2 -22 0
-2 -23 0
-2 -24 0
-2 -25 0
-2 -26 0
-2 -27 0
-2 -28 0
-2 -29 0
-2 -30 0
-2 -31 0
-2 -32 0
-2 -33 0
-3 -4 0
-3 -5 0
-3 -6 0
-3 -7 0
-3 -8 0
-3 -9 0
-3 -10 0
-3 -11 0
-3 -12 0
-3 -13 0
-3 -14 0
-3 -15 0
-3 -16 0
-3 -17 0
-3 -18 0
-3 -19 0
-3 -20 0
-3 -21 0
-3 -22 0
-3 -23 0
-3 -24 0
-3 -25 0
-3 -26 0
-3 -27 0
-3 -28 0
-3 -29 0
-3 -30 0
-3 -31 0
-3 -32 0
-3 -33 0
-4 -5 0
-4 -6 0
-4 -7 0
-4 -8 0
-4 -9 0
-4 -10 0
-4 -11 0
-4 -12 0
-4 -13 0
-4 -14 0
-4 -15 0
-4 -16 0
-4 -17 0
-4 -18 0
-4 -19 0
-4 -20 0
-4 -21 0
-4 -22 0
-4 -23 0
-4 -24 0
-4 -25 0
-4 -26 0
-4 -27 0
-4 -28 0
-4 -29 0
-4 -30 0
-4 -31 0
-4 -32 0
-4 -33 0
-5 -6 0
-5 -7 0
-5 -8 0
-5 -9 0
-5 -10 0
-5 -11 0
-5 -12 0
-5 -13 0
-5 -14 0
-5 -15 0
-5 -16 0
-5 -17 0
-5 -18 0
-5 -19 0
-5 -20 0
-5 -21 0
-5 -22 0
-5 -23 0
-5 -24 0
-5 -25 0
-5 -26 0
-5 -27 0
-5 -28 0
-5 -29 0
-5 -30 0
-5 -31 0
-5 -32 0
-5 -33 0
-6 -7 0
-6 -8 0
-6 -9 0
-6 -10 0
-6 -11 0
-6 -12 0
-6 -13 0
-6 -14 0
-6 -15 0
-6 -16 0
-6 -17 0
-6 -18 0
-6 -19 0
-6 -20 0
-6 -21 0
-6 -22 0
-6 -23 0
-6 -24 0
-6 -25 0
-6 -26 0
-6 -27 0
-6 -28 0
-6 -29 0
-6 -30 0
-6 -31 0
-6 -32 0
-6 -33 0
-7 -8 0
-7 -9 0
-7 -10 0
-7 -11 0
-7 -12 0
-7 -13 0
-7 -14 0
-7 -15 0
-7 -16 0
-7 -17 0
-7 -18 0
-7 -19 0
-7 -20 0
-7 -21 0
-7 -22 0
-7 -23 0
-7 -24 0
-7 -25 0
-7 -26 0
-7 -27 0
-7 -28 0
-7 -29 0
-7 -30 0
-7 -31 0
-7 -32 0
-7 -33 0
-8 -9 0
-8 -10 0
-8 -11 0
-8 -12 0
-8 -13 0
-8 -14 0
-8 -15 0
-8 -16 0
-8 -17 0
-8 -18 0
-8 -19 0
-8 -20 0
-8 -21 0
-8 -22 0
-8 -23 0
-8 -24 0
-8 -25 0
-8 -26 0
-8 -27 0
-8 -28 0
-8 -29 0
-8 -30 0
-8 -31 0
-8 -32 0
-8 -33 0
-9 -10 0
-9 -11 0
-9 -12 0
-9 -13 0
-9 -14 0
-9 -15 0
-9 -16 0
-9 -17 0
-9 -18 0
-9 -19 0
-9 -20 0
-9 -21 0
-9 -22 0
-9 -23 0
-9 -24 0
-9 -25 0
-9 -26 0
-9 -27 0
-9 -28 0
-9 -29 0
-9 -30 0
-9 -31 0
-9 -32 0
-9 -33 0
-10 -11 0
-10 -12 0
-10 -13 0
-10 -14 0
-10 -15 0
-10 -16 0
-10 -17 0
-10 -18 0
-10 -19 0
-10 -20 0
-10 -21 0
-10 -22 0
-10 -23 0
-10 -24 0
-10 -25 0
-10 -26 0
-10 -27 0
-10 -28 0
-10 -29 0
-10 -30 0
-10 -31 0
-10 -32 0
-10 -33 0
-11 -12 0
-11 -13 0
-11 -14 0
-11 -15 0
-11 -16 0
-11 -17 0
-11 -18 0
-11 -19 0
-11 -20 0
-11 -21 0
-11 -22 0
-11 -23 0
-11 -24 0
-11 -25 0
-11 -26 0
-11 -27 0
-11 -28 0
-11 -29 0
-11 -30 0
-11 -31 0
-11 -32 0
-11 -33 0
-12 -13 0
-12 -14 0
-12 -15 0
-12 -16 0
-12 -17 0
-12 -18 0
-12 -19 0
-12 -20 0
-12 -21 0
-12 -22 0
-12 -23 0
-12 -24 0
-12 -25 0
-12 -26 0
-12 -27 0
-12 -28 0
-12 -29 0
-12 -30 0
-12 -31 0
-12 -32 0
-12 -33 0
-13 -14 0
-13 -15 0
-13 -16 0
-13 -17 0
-13 -18 0
-13 -19 0
-13 -20 0
-13 -21 0
-13 -22 0
-13 -23 0
-13 -24 0
-13 -25 0
-13 -26 0
-13 -27 0
-13 -28 0
-13 -29 0
-13 -30 0
-13 -31 0
-13 -32 0
-13 -33 0
-14 -15 0
-14 -16 0
-14 -17 0
-14 -18 0
-14 -19 0
-14 -20 0
-14 -21 0
-14 -22 0
-14 -23 0
-14 -24 0
-14 -25 0
-14 -26 0
-14 -27 0
-14 -28 0
-14 -29 0
-14 -30 0
-14 -31 0
-14 -32 0
-14 -33 0
-15 -16 0
-15 -17 0
-15 -18 0
-15 -19 0
-15 -20 0
-15 -21 0
-15 -22 0
-15 -23 0
-15 -24 0
-15 -25 0
-15 -26 0
-15 -27 0
-15 -28 0
-15 -29 0
-15 -30 0
-15 -31 0
-15 -32 0
-15 -33 0
-16 -17 0
-16 -18 0
-16 -19 0
-16 -20 0
-16 -21 0
-16 -22 0
-16 -23 0
-16 -24 0
-16 -25 0
-16 -26 0
-16 -27 0
-16 -28 0
-16 -29 0
-16 -30 0
-16 -31 0
-16 -32 0
-16 -33 0
-17 -18 0
-17 -19 0
-17 -20 0
-17 -21 0
-17 -22 0
-17 -23 0
-17 -24 0
-17 -25 0
-17 -26 0
-17 -27 0
-17 -28 0
-17 -29 0
-17 -30 0
-17 -31 0
-17 -32 0
-17 -33 0
-18 -19 0
-18 -20 0
-18 -21 0
-18 -22 0
-18 -23 0
-18 -24 0
-18 -25 0
-18 -26 0
-18 -27 0
-18 -28 0
-18 -29 0
-18 -30 0
-18 -31 0
-18 -32 0
-18 -33 0
-19 -20 0
-19 -21 0
-19 -22 0
-19 -23 0
-19 -24 0
-19 -25 0
-19 -26 0
-19 -27 0
-19 -28 0
-19 -29 0
-19 -30 0
-19 -31 0
-19 -32 0
-19 -33 0
-20 -21 0
-20 -22 0
-20 -23 0
-20 -24 0
-20 -25 0
-20 -26 0
-20 -27 0
-20 -28 0
-20 -29 0
-20 -30 0
-20 -31 0
-20 -32 0
-20 -33 0
-21 -22 0
-21 -23 0
-21 -24 0
-21 -25 0
-21 -26 0
-21 -27 0
-21 -28 0
-21 -29 0
-21 -30 0
-21 -31 0
-21 -32 0
-21 -33 0
-22 -23 0
-22 -24 0
-22 -25 0
-22 -26 0
-22 -27 0
-22 -28 0
-22 -29 0
-22 -30 0
-22 -31 0
-22 -32 0
-22 -33 0
-23 -24 0
-23 -25 0
-23 -26 0
-23 -27 0
-23 -28 0
-23 -29 0
-23 -30 0
-23 -31 0
-23 -32 0
-23 -33 0
-24 -25 0
-24 -26 0
-24 -27 0
-24 -28 0
-24 -29 0
-24 -30 0
-24 -31 0
-24 -32 0
-24 -33 0
-25 -26 0
-25 -27 0
-25 -28 0
-25 -29 0
-25 -30 0
-25 -31 0
-25 -32 0
-25 -33 0
-26 -27 0
-26 -28 0
-26 -29 0
-26 -30 0
-26 -31 0
-26 -32 0
-26 -33 0
-27 -28 0
-27 -29 0
-27 -30 0
-27 -31 0
-27 -32 0
-27 -33 0
-28 -29 0
-28 -30 0
-28 -31 0
-28 -32 0
-28 -33 0
-29 -30 0
-29 -31 0
-29 -32 0
-29 -33 0
-30 -31 0
-30 -32 0
-30 -33 0
-31 -32 0
-31 -33 0
-32 -33 0
-34 -35 0
-34 -36 0
-34 -37 0
-34 -38 0
-34 -39 0
-34 -40 0
-34 -41 0
-34 -42 0
-34 -43 0
-34 -44 0
-34 -45 0
-34 -46 0
-34 -47 0
-34 -48 0
-34 -49 0
-34 -50 0
-34 -51 0
-34 -52 0
-34 -53 0
-34 -54 0
-34 -55 0
-34 -56 0
-34 -57 0
-34 -58 0
-34 -59 0
-34 -60 0
-34 -61 0
-34 -62 0
-34 -63 0
-34 -64 0
-34 -65 0
-34 -66 0
-35 -36 0
-35 -37 0
-35 -38 0
-35 -39 0
-35 -40 0
-35 -41 0
-35 -42 0
-35 -43 0
-35 -44 0
-35 -45 0
-35 -46 0
-35 -47 0
-35 -48 0
-35 -49 0
-35 -50 0
-35 -51 0
-35 -52 0
-35 -53 0
-35 -54 0
-35 -55 0
-35 -56 0
-35 -57 0
-35 -58 0
-35 -59 0
-35 -60 0
-35 -61 0
-35 -62 0
-35 -63 0
-35 -64 0
-35 -65 0
-35 -66 0
-36 -37 0
-36 -38 0
-36 -39 0
-36 -40 0
-36 -41 0
-36 -42 0
-36 -43 0
-36 -44 0
-36 -45 0
-36 -46 0
-36 -47 0
-36 -48 0
-36 -49 0
-36 -50 0
-36 -51 0
-36 -52 0
-36 -53 0
-36 -54 0
-36 -55 0
-36 -56 0
-36 -57 0
-36 -58 0
-36 -59 0
-36 -60 0
-36 -61 0
-36 -62 0
-36 -63 0
-36 -64 0
-36 -65 0
-36 -66 0
-37 -38 0
-37 -39 0
-37 -40 0
-37 -41 0
-37 -42 0
-37 -43 0
-37 -44 0
-37 -45 0
-37 -46 0
-37 -47 0
-37 -48 0
-37 -49 0
-37 -50 0
-37 -51 0
-37 -52 0
-37 -53 0
-37 -54 0
-37 -55 0
-37 -56 0
-37 -57 0
-37 -58 0
-37 -59 0
-37 -60 0
-37 -61 0
-37 -62 0
-37 -63 0
-37 -64 0
-37 -65 0
-37 -66 0
-38 -39 0
-38 -40 0
-38 -41 0
-38 -42 0
-38 -43 0
-38 -44 0
-38 -45 0
-38 -46 0
-38 -47 0
-38 -48 0
-38 -49 0
-38 -50 0
-38 -51 0
-38 -52 0
-38 -53 0
-38 -54 0
-38 -55 0
-38 -56 0
-38 -57 0
-38 -58 0
-38 -59 0
-38 -60 0
-38 -61 0
-38 -62 0
-38 -63 0
-38 -64 0
-38 -65 0
-38 -66 0
-39 -40 0
-39 -41 0
-39 -42 0
-39 -43 0
-39 -44 0
-39 -45 0
-39 -46 0
-39 -47 0
-39 -48 0
-39 -49 0
-39 -50 0
-39 -51 0
-39 -52 0
-39 -53 0
-39 -54 0
-39 -55 0
-39 -56 0
-39 -57 0
-39 -58 0
-39 -59 0
-39 -60 0
-39 -61 0
-39 -62 0
-39 -63 0
-39 -64 0
-39 -65 0
-39 -66 0
-40 -41 0
-40 -42 0
-40 -43 0
-40 -44 0
-40 -45 0
-40 -46 0
-40 -47 0
-40 -48 0
-40 -49 0
-40 -50 0
-40 -51 0
-40 -52 0
-40 -53 0
-40 -54 0
-40 -55 0
-40 -56 0
-40 -57 0
-40 -58 0
-40 -59 0
-40 -60 0
-40 -61 0
-40 -62 0
-40 -63 0
-40 -64 0
-40 -65 0
-40 -66 0
-41 -42 0
-41 -43 0
-41 -44 0
-41 -45 0
-41 -46 0
-41 -47 0
-41 -48 0
-41 -49 0
-41 -50 0
-41 -51 0
-41 -52 0
-41 -53 0
-41 -54 0
-41 -55 0
-41 -56 0
-41 -57 0
-41 -58 0
-41 -59 0
-41 -60 0
-41 -61 0
-41 -62 0
-41 -63 0
-41 -64 0
-41 -65 0
-41 -66 0
-42 -43 0
-42 -44 0
-42 -45 0
-42 -46 0
-42 -47 0
-42 -48 0
-42 -49 0
-42 -50 0
-42 -51 0
-42 -52 0
-42 -53 0
-42 -54 0
-42 -55 0
-42 -56 0
-42 -57 0
-42 -58 0
-42 -59 0
-42 -60 0
-42 -61 0
-42 -62 0
-42 -63 0
-42 -64 0
-42 -65 0
-42 -66 0
-43 -44 0
-43 -45 0
-43 -46 0
-43 -47 0
-43 -48 0
-43 -49 0
-43 -50 0
-43 -51 0
-43 -52 0
-43 -53 0
-43 -54 0
-43 -55 0
-43 -56 0
-43 -57 0
-43 -58 0
-43 -59 0
-43 -60 0
-43 -61 0
-43 -62 0
-43 -63 0
-43 -64 0
-43 -65 0
-43 -66 0
-44 -45 0
-44 -46 0
-44 -47 0
-44 -48 0
-44 -49 0
-44 -50 0
-44 -51 0
-44 -52 0
-44 -53 0
-44 -54 0
-44 -55 0
-44 -56 0
-44 -57 0
-44 -58 0
-44 -59 0
-44 -60 0
-44 -61 0
-44 -62 0
-44 -63 0
-44 -64 0
-44 -65 0
-44 -66 0
-45 -46 0
-45 -47 0
-45 -48 0
-45 -49 0
-45 -50 0
-45 -51 0
-45 -52 0
-45 -53 0
-45 -54 0
-45 -55 0
-45 -56 0
-45 -57 0
-45 -58 0
-45 -59 0
-45 -60 0
-45 -61 0
-45 -62 0
-45 -63 0
-45 -64 0
-45 -65 0
-45 -66 0
-46 -47 0
-46 -48 0
-46 -49 0
-46 -50 0
-46 -51 0
-46 -52 0
-46 -53 0
-46 -54 0
-46 -55 0
-46 -56 0
-46 -57 0
-46 -58 0
-46 -59 0
-46 -60 0
-46 -61 0
-46 -62 0
-46 -63 0
-46 -64 0
-46 -65 0
-46 -66 0
-47 -48 0
-47 -49 0
-47 -50 0
-47 -51 0
-47 -52 0
-47 -53 0
-47 -54 0
-47 -55 0
-47 -56 0
-47 -57 0
-47 -58 0
-47 -59 0
-47 -60 0
-47 -61 0
-47 -62 0
-47 -63 0
-47 -64 0
-47 -65 0
-47 -66 0
-48 -49 0
-48 -50 0
-48 -51 0
-48 -52 0
-48 -53 0
-48 -54 0
-48 -55 0
-48 -56 0
-48 -57 0
-48 -58 0
-48 -59 0
-48 -60 0
-48 -61 0
-48 -62 0
-48 -63 0
-48 -64 0
-48 -65 0
-48 -66 0
-49 -50 0
-49 -51 0
-49 -52 0
-49 -53 0
-49 -54 0
-49 -55 0
-49 -56 0
-49 -57 0
-49 -58 0
-49 -59 0
-49 -60 0
-49 -61 0
-49 -62 0
-49 -63 0
-49 -64 0
-49 -65 0
-49 -66 0
-50 -51 0
-50 -52 0
-50 -53 0
-50 -54 0
-50 -55 0
-50 -56 0
-50 -57 0
-50 -58 0
-50 -59 0
-50 -60 0
-50 -61 0
-50 -62 0
-50 -63 0
-50 -64 0
-50 -65 0
-50 -66 0
-51 -52 0
-51 -53 0
-51 -54 0
-51 -55 0
-51 -56 0
-51 -57 0
-51 -58 0
-51 -59 0
-51 -60 0
-51 -61 0
-51 -62 0
-51 -63 0
-51 -64 0
-51 -65 0
-51 -66 0
-52 -53 0
-52 -54 0
-52 -55 0
-52 -56 0
-52 -57 0
-52 -58 0
-52 -59 0
-52 -60 0
-52 -61 0
-52 -62 0
-52 -63 0
-52 -64 0
-52 -65 0
-52 -66 0
-53 -54 0
-53 -55 0
-53 -56 0
-53 -57 0
-53 -58 0
-53 -59 0
-53 -60 0
-53 -61 0
-53 -62 0
-53 -63 0
-53 -64 0
-53 -65 0
-53 -66 0
-54 -55 0
-54 -56 0
-54 -57 0
-54 -58 0
-54 -59 0
-54 -60 0
-54 -61 0
-54 -62 0
-54 -63 0
-54 -64 0
-54 -65 0
-54 -66 0
-55 -56 0
-55 -57 0
-55 -58 0
-55 -59 0
-55 -60 0
-55 -61 0
-55 -62 0
-55 -63 0
-55 -64 0
-55 -65 0
-55 -66 0
-56 -57 0
-56 -58 0
-56 -59 0
-56 -60 0
-56 -61 0
-56 -62 0
-56 -63 0
-56 -64 0
-56 -65 0
-56 -66 0
-57 -58 0
-57 -59 0
-57 -60 0
-57 -61 0
-57 -62 0
-57 -63 0
-57 -64 0
-57 -65 0
-57 -66 0
-58 -59 0
-58 -60 0
-58 -61 0
-58 -62 0
-58 -63 0
-58 -64 0
-58 -65 0
-58 -66 0
-59 -60 0
-59 -61 0
-59 -62 0
-59 -63 0
-59 -64 0
-59 -65 0
-59 -66 0
-60 -61 0
-60 -62 0
-60 -63 0
-60 -64 0
-60 -65 0
-60 -66 0
-61 -62 0
-61 -63 0
-61 -64 0
-61 -65 0
-61 -66 0
-62 -63 0
-62 -64 0
-62 -65 0
-62 -66 0
-63 -64 0
-63 -65 0
-63 -66 0
-64 -65 0
-64 -66 0
-65 -66 0
-67 -68 0
-67 -69 0
-67 -70 0
-67 -71 0
-67 -72 0
-67 -73 0
-67 -74 0
-67 -75 0
-67 -76 0
-67 -77 0
-67 -78 0
-67 -79 0
-67 -80 0
-67 -81 0
-67 -82 0
-67 -83 0
-67 -84 0
-67 -85 0
-67 -86 0
-67 -87 0
-67 -88 0
-67 -89 0
-67 -90 0
-67 -91 0
-67 -92 0
-67 -93 0
-67 -94 0
-67 -95 0
-67 -96 0
-67 -97 0
-67 -98 0
-67 -99 0
-68 -69 0
-68 -70 0
-68 -71 0
-68 -72 0
-68 -73 0
-68 -74 0
-68 -75 0
-68 -76 0
-68 -77 0
-68 -78 0
-68 -79 0
-68 -80 0
-68 -81 0
-68 -82 0
-68 -83 0
-68 -84 0
-68 -85 0
-68 -86 0
-68 -87 0
-68 -88 0
-68 -89 0
-68 -90 0
-68 -91 0
-68 -92 0
-68 -93 0
-68 -94 0
-68 -95 0
-68 -96 0
-68 -97 0
-68 -98 0
-68 -99 0
-69 -70 0
-69 -71 0
-69 -72 0
-69 -73 0
-69 -74 0
-69 -75 0
-69 -76 0
-69 -77 0
-69 -78 0
-69 -79 0
-69 -80 0
-69 -81 0
-69 -82 0
-69 -83 0
-69 -84 0
-69 -85 0
-69 -86 0
-69 -87 0
-69 -88 0
-69 -89 0
-69 -90 0
-69 -91 0
-69 -92 0
-69 -93 0
-69 -94 0
-69 -95 0
-69 -96 0
-69 -97 0
-69 -98 0
-69 -99 0
-70 -71 0
-70 -72 0
-70 -73 0
-70 -74 0
-70 -75 0
-70 -76 0
-70 -77 0
-70 -78 0
-70 -79 0
-70 -80 0
-70 -81 0
-70 -82 0
-70 -83 0
-70 -84 0
-70 -85 0
-70 -86 0
-70 -87 0
-70 -88 0
-70 -89 0
-70 -90 0
-70 -91 0
-70 -92 0
-70 -93 0
-70 -94 0
-70 -95 0
-70 -96 0
-70 -97 0
-70 -98 0
-70 -99 0
-71 -72 0
-71 -73 0
-71 -74 0
-71 -75 0
-71 -76 0
-71 -77 0
-71 -78 0
-71 -79 0
-71 -80 0
-71 -81 0
-71 -82 0
-71 -83 0
-71 -84 0
-71 -85 0
-71 -86 0
-71 -87 0
-71 -88 0
-71 -89 0
-71 -90 0
-71 -91 0
-71 -92 0
-71 -93 0
-71 -94 0
-71 -95 0
-71 -96 0
-71 -97 0
-71 -98 0
-71 -99 0
-72 -73 0
-72 -74 0
-72 -75 0
-72 -76 0
-72 -77 0
-72 -78 0
-72 -79 0
-72 -80 0
-72 -81 0
-72 -82 0
-72 -83 0
-72 -84 0
-72 -85 0
-72 -86 0
-72 -87 0
-72 -88 0
-72 -89 0
-72 -90 0
-72 -91 0
-72 -92 0
-72 -93 0
-72 -94 0
-72 -95 0
-72 -96 0
-72 -97 0
-72 -98 0
-72 -99 0
-73 -74 0
-73 -75 0
-73 -76 0
-73 -77 0
-73 -78 0
-73 -79 0
-73 -80 0
-73 -81 0
-73 -82 0
-73 -83 0
-73 -84 0
-73 -85 0
-73 -86 0
-73 -87 0
-73 -88 0
-73 -89 0
-73 -90 0
-73 -91 0
-73 -92 0
-73 -93 0
-73 -94 0
-73 -95 0
-73 -96 0
-73 -97 0
-73 -98 0
-73 -99 0
-74 -75 0
-74 -76 0
-74 -77 0
-74 -78 0
-74 -79 0
-74 -80 0
-74 -81 0
-74 -82 0
-74 -83 0
-74 -84 0
-74 -85 0
-74 -86 0
-74 -87 0
-74 -88 0
-74 -89 0
-74 -90 0
-74 -91 0
-74 -92 0
-74 -93 0
-74 -94 0
-74 -95 0
-74 -96 0
-74 -97 0
-74 -98 0
-74 -99 0
-75 -76 0
-75 -77 0
-75 -78 0
-75 -79 0
-75 -80 0
-75 -81 0
-75 -82 0
-75 -83 0
-75 -84 0
-75 -85 0
-75 -86 0
-75 -87 0
-75 -88 0
-75 -89 0
-75 -90 0
-75 -91 0
-75 -92 0
-75 -93 0
-75 -94 0
-75 -95 0
-75 -96 0
-75 -97 0
-75 -98 0
-75 -99 0
-76 -77 0
-76 -78 0
-76 -79 0
-76 -80 0
-76 -81 0
-76 -82 0
-76 -83 0
-76 -84 0
-76 -85 0
-76 -86 0
-76 -87 0
-76 -88 0
-76 -89 0
-76 -90 0
-76 -91 0
-76 -92 0
-76 -93 0
-76 -94 0
-76 -95 0
-76 -96 0
-76 -97 0
-76 -98 0
-76 -99 0
-77 -78 0
-77 -79 0
-77 -80 0
-77 -81 0
-77 -82 0
-77 -83 0
-77 -84 0
-77 -85 0
-77 -86 0
-77 -87 0
-77 -88 0
-77 -89 0
-77 -90 0
-77 -91 0
-77 -92 0
-77 -93 0
-77 -94 0
-77 -95 0
-77 -96 0
-77 -97 0
-77 -98 0
-77 -99 0
-78 -79 0
-78 -80 0
-78 -81 0
-78 -82 0
-78 -83 0
-78 -84 0
-78 -85 0
-78 -86 0
-78 -87 0
-78 -88 0
-78 -89 0
-78 -90 0
-78 -91 0
-78 -92 0
-78 -93 0
-78 -94 0
-78 -95 0
-78 -96 0
-78 -97 0
-78 -98 0
-78 -99 0
-79 -80 0
-79 -81 0
-79 -82 0
-79 -83 0
-79 -84 0
-79 -85 0
-79 -86 0
-79 -87 0
-79 -88 0
-79 -89 0
-79 -90 0
-79 -91 0
-79 -92 0
-79 -93 0
-79 -94 0
-79 -95 0
-79 -96 0
-79 -97 0
-79 -98 0
-79 -99 0
-80 -81 0
-80 -82 0
-80 -83 0
-80 -84 0
-80 -85 0
-80 -86 0
-80 -87 0
-80 -88 0
-80 -89 0
-80 -90 0
-80 -91 0
-80 -92 0
-80 -93 0
-80 -94 0
-80 -95 0
-80 -96 0
-80 -97 0
-80 -98 0
-80 -99 0
-81 -82 0
-81 -83 0
-81 -84 0
-81 -85 0
-81 -86 0
-81 -87 0
-81 -88 0
-81 -89 0
-81 -90 0
-81 -91 0
-81 -92 0
-81 -93 0
-81 -94 0
-81 -95 0
-81 -96 0
-81 -97 0
-81 -98 0
-81 -99 0
-82 -83 0
-82 -84 0
-82 -85 0
-82 -86 0
-82 -87 0
-82 -88 0
-82 -89 0
-82 -90 0
-82 -91 0
-82 -92 0
-82 -93 0
-82 -94 0
-82 -95 0
-82 -96 0
-82 -97 0
-82 -98 0
-82 -99 0
-83 -84 0
-83 -85 0
-83 -86 0
-83 -87 0
-83 -88 0
-83 -89 0
-83 -90 0
-83 -91 0
-83 -92 0
-83 -93 0
-83 -94 0
-83 -95 0
-83 -96 0
-83 -97 0
-83 -98 0
-83 -99 0
-84 -85 0
-84 -86 0
-84 -87 0
-84 -88 0
-84 -89 0
-84 -90 0
-84 -91 0
-84 -92 0
-84 -93 0
-84 -94 0
-84 -95 0
-84 -96 0
-84 -97 0
-84 -98 0
-84 -99 0
-85 -86 0
-85 -87 0
-85 -88 0
-85 -89 0
-85 -90 0
-85 -91 0
-85 -92 0
-85 -93 0
-85 -94 0
-85 -95 0
-85 -96 0
-85 -97 0
-85 -98 0
-85 -99 0
-86 -87 0
-86 -88 0
-86 -89 0
-86 -90 0
-86 -91 0
-86 -92 0
-86 -93 0
-86 -94 0
-86 -95 0
-86 -96 0
-86 -97 0
-86 -98 0
-86 -99 0
-87 -88 0
-87 -89 0
-87 -90 0
-87 -91 0
-87 -92 0
-87 -93 0
-87 -94 0
-87 -95 0
-87 -96 0
-87 -97 0
-87 -98 0
-87 -99 0
-88 -89 0
-88 -90 0
-88 -91 0
-88 -92 0
-88 -93 0
-88 -94 0
-88 -95 0
-88 -96 0
-88 -97 0
-88 -98 0
-88 -99 0
-89 -90 0
-89 -91 0
-89 -92 0
-89 -93 0
-89 -94 0
-89 -95 0
-89 -96 0
-89 -97 0
-89 -98 0
-89 -99 0
-90 -91 0
-90 -92 0
-90 -93 0
-90 -94 0
-90 -95 0
-90 -96 0
-90 -97 0
-90 -98 0
-90 -99 0
-91 -92 0
-91 -93 0
-91 -94 0
-91 -95 0
-91 -96 0
-91 -97 0
-91 -98 0
-91 -99 0
-92 -93 0
-92 -94 0
-92 -95 0
-92 -96 0
-92 -97 0
-92 -98 0
-92 -99 0
-93 -94 0
-93 -95 0
-93 -96 0
-93 -97 0
-93 -98 0
-93 -99 0
-94 -95 0
-94 -96 0
-94 -97 0
-94 -98 0
-94 -99 0
-95 -96 0
-95 -97 0
-95 -98 0
-95 -99 0
-96 -97 0
-96 -98 0
-96 -99 0
-97 -98 0
-97 -99 0
-98 -99 0
-100 -101 0
-100 -102 0
-100 -103 0
-100 -104 0
-100 -105 0
-100 -106 0
-100 -107 0
-100 -108 0
-100 -109 0
-100 -110 0
-100 -111 0
-100 -112 0
-100 -113 0
-100 -114 0
-100 -115 0
-100 -116 0
-100 -117 0
-100 -118 0
-100 -119 0
-100 -120 0
-100 -121 0
-100 -122 0
-100 -123 0
-100 -124 0
-100 -125 0
-100 -126 0
-100 -127 0
-100 -128 0
-100 -129 0
-100 -130 0
-100 -131 0
-100 -132 0
-101 -102 0
-101 -103 0
-101 -104 0
-101 -105 0
-101 -106 0
-101 -107 0
-101 -108 0
-101 -109 0
-101 -110 0
-101 -111 0
-101 -112 0
-101 -113 0
-101 -114 0
-101 -115 0
-101 -116 0
-101 -117 0
-101 -118 0
-101 -119 0
-101 -120 0
-101 -121 0
-101 -122 0
-101 -123 0
-101 -124 0
-101 -125 0
-101 -126 0
-101 -127 0
-101 -128 0
-101 -129 0
-101 -130 0
-101 -131 0
-101 -132 0
-102 -103 0
-102 -104 0
-102 -105 0
-102 -106 0
-102 -107 0
-102 -108 0
-102 -109 0
-102 -110 0
-102 -111 0
-102 -112 0
-102 -113 0
-102 -114 0
-102 -115 0
-102 -116 0
-102 -117 0
-102 -118 0
-102 -119 0
-102 -120 0
-102 -121 0
-102 -122 0
-102 -123 0
-102 -124 0
-102 -125 0
-102 -126 0
-102 -127 0
-102 -128 0
-102 -129 0
-102 -130 0
-102 -131 0
-102 -132 0
-103 -104 0
-103 -105 0
-103 -106 0
-103 -107 0
-103 -108 0
-103 -109 0
-103 -110 0
-103 -111 0
-103 -112 0
-103 -113 0
-103 -114 0
-103 -115 0
-103 -116 0
-103 -117 0
-103 -118 0
-103 -119 0
-103 -120 0
-103 -121 0
-103 -122 0
-103 -123 0
-103 -124 0
-103 -125 0
-103 -126 0
-103 -127 0
-103 -128 0
-103 -129 0
-103 -130 0
-103 -131 0
-103 -132 0
-104 -105 0
-104 -106 0
-104 -107 0
-104 -108 0
-104 -109 0
-104 -110 0
-104 -111 0
-104 -112 0
-104 -113 0
-104 -114 0
-104 -115 0
-104 -116 0
-104 -117 0
-104 -118 0
-104 -119 0
-104 -120 0
-104 -121 0
-104 -122 0
-104 -123 0
-104 -124 0
-104 -125 0
-104 -126 0
-104 -127 0
-104 -128 0
-104 -129 0
-104 -130 0
-104 -131 0
-104 -132 0
-105 -106 0
-105 -107 0
-105 -108 0
-105 -109 0
-105 -110 0
-105 -111 0
-105 -112 0
-105 -113 0
-105 -114 0
-105 -115 0
-105 -116 0
-105 -117 0
-105 -118 0
-105 -119 0
-105 -120 0
-105 -121 0
-105 -122 0
-105 -123 0
-105 -124 0
-105 -125 0
-105 -126 0
-105 -127 0
-105 -128 0
-105 -129 0
-105 -130 0
-105 -131 0
-105 -132 0
-106 -107 0
-106 -108 0
-106 -109 0
-106 -110 0
-106 -111 0
-106 -112 0
-106 -113 0
-106 -114 0
-106 -115 0
-106 -116 0
-106 -117 0
-106 -118 0
-106 -119 0
-106 -120 0
-106 -121 0
-106 -122 0
-106 -123 0
-106 -124 0
-106 -125 0
-106 -126 0
-106 -127 0
-106 -128 0
-106 -129 0
-106 -130 0
-106 -131 0
-106 -132 0
-107 -108 0
-107 -109 0
-107 -110 0
-107 -111 0
-107 -112 0
-107 -113 0
-107 -114 0
-107 -115 0
-107 -116 0
-107 -117 0
-107 -118 0
-107 -119 0
-107 -120 0
-107 -121 0
-107 -122 0
-107 -123 0
-107 -124 0
-107 -125 0
-107 -126 0
-107 -127 0
-107 -128 0
-107 -129 0
-107 -130 0
-107 -131 0
-107 -132 0
-108 -109 0
-108 -110 0
-108 -111 0
-108 -112 0
-108 -113 0
-108 -114 0
-108 -115 0
-108 -116 0
-108 -117 0
-108 -118 0
-108 -119 0
-108 -120 0
-108 -121 0
-108 -122 0
-108 -123 0
-108 -124 0
-108 -125 0
-108 -126 0
-108 -127 0
-108 -128 0
-108 -129 0
-108 -130 0
-108 -131 0
-108 -132 0
-109 -110 0
-109 -111 0
-109 -112 0
-109 -113 0
-109 -114 0
-109 -115 0
-109 -116 0
-109 -117 0
-109 -118 0
-109 -119 0
-109 -120 0
-109 -121 0
-109 -122 0
-109 -123 0
-109 -124 0
-109 -125 0
-109 -126 0
-109 -127 0
-109 -128 0
-109 -129 0
-109 -130 0
-109 -131 0
-109 -132 0
-110 -111 0
-110 -112 0
-110 -113 0
-110 -114 0
-110 -115 0
-110 -116 0
-110 -117 0
-110 -118 0
-110 -119 0
-110 -120 0
-110 -121 0
-110 -122 0
-110 -123 0
-110 -124 0
-110 -125 0
-110 -126 0
-110 -127 0
-110 -128 0
-110 -129 0
-110 -130 0
-110 -131 0
-110 -132 0
-111 -112 0
-111 -113 0
-111 -114 0
-111 -115 0
-111 -116 0
-111 -117 0
-111 -118 0
-111 -119 0
-111 -120 0
-111 -121 0
-111 -122 0
-111 -123 0
-111 -124 0
-111 -125 0
-111 -126 0
-111 -127 0
-111 -128 0
-111 -129 0
-111 -130 0
-111 -131 0
-111 -132 0
-112 -113 0
-112 -114 0
-112 -115 0
-112 -116 0
-112 -117 0
-112 -118 0
-112 -119 0
-112 -120 0
-112 -121 0
-112 -122 0
-112 -123 0
-112 -124 0
-112 -125 0
-112 -126 0
-112 -127 0
-112 -128 0
-112 -129 0
-112 -130 0
-112 -131 0
-112 -132 0
-113 -114 0
-113 -115 0
-113 -116 0
-113 -117 0
-113 -118 0
-113 -119 0
-113 -120 0
-113 -121 0
-113 -122 0
-113 -123 0
-113 -124 0
-113 -125 0
-113 -126 0
-113 -127 0
-113 -128 0
-113 -129 0
-113 -130 0
-113 -131 0
-113 -132 0
-114 -115 0
-114 -116 0
-114 -117 0
-114 -118 0
-114 -119 0
-114 -120 0
-114 -121 0
-114 -122 0
-114 -123 0
-114 -124 0
-114 -125 0
-114 -126 0
-114 -127 0
-114 -128 0
-114 -129 0
-114 -130 0
-114 -131 0
-114 -132 0
-115 -116 0
-115 -117 0
-115 -118 0
-115 -119 0
-115 -120 0
-115 -121 0
-115 -122 0
-115 -123 0
-115 -124 0
-115 -125 0
-115 -126 0
-115 -127 0
-115 -128 0
-115 -129 0
-115 -130 0
-115 -131 0
-115 -132 0
-116 -117 0
-116 -118 0
-116 -119 0
-116 -120 0
-116 -121 0
-116 -122 0
-116 -123 0
-116 -124 0
-116 -125 0
-116 -126 0
-116 -127 0
-116 -128 0
-116 -129 0
-116 -130 0
-116 -131 0
-116 -132 0
-117 -118 0
-117 -119 0
-117 -120 0
-117 -121 0
-117 -122 0
-117 -123 0
-117 -124 0
-117 -125 0
-117 -126 0
-117 -127 0
-117 -128 0
-117 -129 0
-117 -130 0
-117 -131 0
-117 -132 0
-118 -119 0
-118 -120 0
-118 -121 0
-118 -122 0
-118 -123 0
-118 -124 0
-118 -125 0
-118 -126 0
-118 -127 0
-118 -128 0
-118 -129 0
-118 -130 0
-118 -131 0
-118 -132 0
-119 -120 0
-119 -121 0
-119 -122 0
-119 -123 0
-119 -124 0
-119 -125 0
-119 -126 0
-119 -127 0
-119 -128 0
-119 -129 0
-119 -130 0
-119 -131 0
-119 -132 0
-120 -121 0
-120 -122 0
-120 -123 0
-120 -124 0
-120 -125 0
-120 -126 0
-120 -127 0
-120 -128 0
-120 -129 0
-120 -130 0
-120 -131 0
-120 -132 0
-121 -122 0
-121 -123 0
-121 -124 0
-121 -125 0
-121 -126 0
-121 -127 0
-121 -128 0
-121 -129 0
-121 -130 0
-121 -131 0
-121 -132 0
-122 -123 0
-122 -124 0
-122 -125 0
-122 -126 0
-122 -127 0
-122 -128 0
-122 -129 0
-122 -130 0
-122 -131 0
-122 -132 0
-123 -124 0
-123 -125 0
-123 -126 0
-123 -127 0
-123 -128 0
-123 -129 0
-123 -130 0
-123 -131 0
-123 -132 0
-124 -125 0
-124 -126 0
-124 -127 0
-124 -128 0
-124 -129 0
-124 -130 0
-124 -131 0
-124 -132 0
-125 -126 0
-125 -127 0
-125 -128 0
-125 -129 0
-125 -130 0
-125 -131 0
-125 -132 0
-126 -127 0
-126 -128 0
-126 -129 0
-126 -130 0
-126 -131 0
-126 -132 0
-127 -128 0
-127 -129 0
-127 -130 0
-127 -131 0
-127 -132 0
-128 -129 0
-128 -130 0
-128 -131 0
-128 -132 0
-129 -130 0
-129 -131 0
-129 -132 0
-130 -131 0
-130 -132 0
-131 -132 0
-133 -134 0
-133 -135 0
-133 -136 0
-133 -137 0
-133 -138 0
-133 -139 0
-133 -140 0
-133 -141 0
-133 -142 0
-133 -143 0
-133 -144 0
-133 -145 0
-133 -146 0
-133 -147 0
-133 -148 0
-133 -149 0
-133 -150 0
-133 -151 0
-133 -152 0
-133 -153 0
-133 -154 0
-133 -155 0
-133 -156 0
-133 -157 0
-133 -158 0
-133 -159 0
-133 -160 0
-133 -161 0
-133 -162 0
-133 -163 0
-133 -164 0
-133 -165 0
-134 -135 0
-134 -136 0
-134 -137 0
-134 -138 0
-134 -139 0
-134 -140 0
-134 -141 0
-134 -142 0
-134 -143 0
-134 -144 0
-134 -145 0
-134 -146 0
-134 -147 0
-134 -148 0
-134 -149 0
-134 -150 0
-134 -151 0
-134 -152 0
-134 -153 0
-134 -154 0
-134 -155 0
-134 -156 0
-134 -157 0
-134 -158 0
-134 -159 0
-134 -160 0
-134 -161 0
-134 -162 0
-134 -163 0
-134 -164 0
-134 -165 0
-135 -136 0
-135 -137 0
-135 -138 0
-135 -139 0
-135 -140 0
-135 -141 0
-135 -142 0
-135 -143 0
-135 -144 0
-135 -145 0
-135 -146 0
-135 -147 0
-135 -148 0
-135 -149 0
-135 -150 0
-135 -151 0
-135 -152 0
-135 -153 0
-135 -154 0
-135 -155 0
-135 -156 0
-135 -157 0
-135 -158 0
-135 -159 0
-135 -160 0
-135 -161 0
-135 -162 0
-135 -163 0
-135 -164 0
-135 -165 0
-136 -137 0
-136 -138 0
-136 -139 0
-136 -140 0
-136 -141 0
-136 -142 0
-136 -143 0
-136 -144 0
-136 -145 0
-136 -146 0
-136 -147 0
-136 -148 0
-136 -149 0
-136 -150 0
-136 -151 0
-136 -152 0
-136 -153 0
-136 -154 0
-136 -155 0
-136 -156 0
-136 -157 0
-136 -158 0
-136 -159 0
-136 -160 0
-136 -161 0
-136 -162 0
-136 -163 0
-136 -164 0
-136 -165 0
-137 -138 0
-137 -139 0
-137 -140 0
-137 -141 0
-137 -142 0
-137 -143 0
-137 -144 0
-137 -145 0
-137 -146 0
-137 -147 0
-137 -148 0
-137 -149 0
-137 -150 0
-137 -151 0
-137 -152 0
-137 -153 0
-137 -154 0
-137 -155 0
-137 -156 0
-137 -157 0
-137 -158 0
-137 -159 0
-137 -160 0
-137 -161 0
-137 -162 0
-137 -163 0
-137 -164 0
-137 -165 0
-138 -139 0
-138 -140 0
-138 -141 0
-138 -142 0
-138 -143 0
-138 -144 0
-138 -145 0
-138 -146 0
-138 -147 0
-138 -148 0
-138 -149 0
-138 -150 0
-138 -151 0
-138 -152 0
-138 -153 0
-138 -154 0
-138 -155 0
-138 -156 0
-138 -157 0
-138 -158 0
-138 -159 0
-138 -160 0
-138 -161 0
-138 -162 0
-138 -163 0
-138 -164 0
-138 -165 0
-139 -140 0
-139 -141 0
-139 -142 0
-139 -143 0
-139 -144 0
-139 -145 0
-139 -146 0
-139 -147 0
-139 -148 0
-139 -149 0
-139 -150 0
-139 -151 0
-139 -152 0
-139 -153 0
-139 -154 0
-139 -155 0
-139 -156 0
-139 -157 0
-139 -158 0
-139 -159 0
-139 -160 0
-139 -161 0
-139 -162 0
-139 -163 0
-139 -164 0
-139 -165 0
-140 -141 0
-140 -142 0
-140 -143 0
-140 -144 0
-140 -145 0
-140 -146 0
-140 -147 0
-140 -148 0
-140 -149 0
-140 -150 0
-140 -151 0
-140 -152 0
-140 -153 0
-140 -154 0
-140 -155 0
-140 -156 0
-140 -157 0
-140 -158 0
-140 -159 0
-140 -160 0
-140 -161 0
-140 -162 0
-140 -163 0
-140 -164 0
-140 -165 0
-141 -142 0
-141 -143 0
-141 -144 0
-141 -145 0
-141 -146 0
-141 -147 0
-141 -148 0
-141 -149 0
-141 -150 0
-141 -151 0
-141 -152 0
-141 -153 0
-141 -154 0
-141 -155 0
-141 -156 0
-141 -157 0
-141 -158 0
-141 -159 0
-141 -160 0
-141 -161 0
-141 -162 0
-141 -163 0
-141 -164 0
-141 -165 0
-142 -143 0
-142 -144 0
-142 -145 0
-142 -146 0
-142 -147 0
-142 -148 0
-142 -149 0
-142 -150 0
-142 -151 0
-142 -152 0
-142 -153 0
-142 -154 0
-142 -155 0
-142 -156 0
-142 -157 0
-142 -158 0
-142 -159 0
-142 -160 0
-142 -161 0
-142 -162 0
-142 -163 0
-142 -164 0
-142 -165 0
-143 -144 0
-143 -145 0
-143 -146 0
-143 -147 0
-143 -148 0
-143 -149 0
-143 -150 0
-143 -151 0
-143 -152 0
-143 -153 0
-143 -154 0
-143 -155 0
-143 -156 0
-143 -157 0
-143 -158 0
-143 -159 0
-143 -160 0
-143 -161 0
-143 -162 0
-143 -163 0
-143 -164 0
-143 -165 0
-144 -145 0
-144 -146 0
-144 -147 0
-144 -148 0
-144 -149 0
-144 -150 0
-144 -151 0
-144 -152 0
-144 -153 0
-144 -154 0
-144 -155 0
-144 -156 0
-144 -157 0
-144 -158 0
-144 -159 0
-144 -160 0
-144 -161 0
-144 -162 0
-144 -163 0
-144 -164 0
-144 -165 0
-145 -146 0
-145 -147 0
-145 -148 0
-145 -149 0
-145 -150 0
-145 -151 0
-145 -152 0
-145 -153 0
-145 -154 0
-145 -155 0
-145 -156 0
-145 -157 0
-145 -158 0
-145 -159 0
-145 -160 0
-145 -161 0
-145 -162 0
-145 -163 0
-145 -164 0
-145 -165 0
-146 -147 0
-146 -148 0
-146 -149 0
-146 -150 0
-146 -151 0
-146 -152 0
-146 -153 0
-146 -154 0
-146 -155 0
-146 -156 0
-146 -157 0
-146 -158 0
-146 -159 0
-146 -160 0
-146 -161 0
-146 -162 0
-146 -163 0
-146 -164 0
-146 -165 0
-147 -148 0
-147 -149 0
-147 -150 0
-147 -151 0
-147 -152 0
-147 -153 0
-147 -154 0
-147 -155 0
-147 -156 0
-147 -157 0
-147 -158 0
-147 -159 0
-147 -160 0
-147 -161 0
-147 -162 0
-147 -163 0
-147 -164 0
-147 -165 0
-148 -149 0
-148 -150 0
-148 -151 0
-148 -152 0
-148 -153 0
-148 -154 0
-148 -155 0
-148 -156 0
-148 -157 0
-148 -158 0
-148 -159 0
-148 -160 0
-148 -161 0
-148 -162 0
-148 -163 0
-148 -164 0
-148 -165 0
-149 -150 0
-149 -151 0
-149 -152 0
-149 -153 0
-149 -154 0
-149 -155 0
-149 -156 0
-149 -157 0
-149 -158 0
-149 -159 0
-149 -160 0
-149 -161 0
-149 -162 0
-149 -163 0
-149 -164 0
-149 -165 0
-150 -151 0
-150 -152 0
-150 -153 0
-150 -154 0
-150 -155 0
-150 -156 0
-150 -157 0
-150 -158 0
-150 -159 0
-150 -160 0
-150 -161 0
-150 -162 0
-150 -163 0
-150 -164 0
-150 -165 0
-151 -152 0
-151 -153 0
-151 -154 0
-151 -155 0
-151 -156 0
-151 -157 0
-151 -158 0
-151 -159 0
-151 -160 0
-151 -161 0
-151 -162 0
-151 -163 0
-151 -164 0
-151 -165 0
-152 -153 0
-152 -154 0
-152 -155 0
-152 -156 0
-152 -157 0
-152 -158 0
-152 -159 0
-152 -160 0
-152 -161 0
-152 -162 0
-152 -163 0
-152 -164 0
-152 -165 0
-153 -154 0
-153 -155 0
-153 -156 0
-153 -157 0
-153 -158 0
-153 -159 0
-153 -160 0
-153 -161 0
-153 -162 0
-153 -163 0
-153 -164 0
-153 -165 0
-154 -155 0
-154 -156 0
-154 -157 0
-154 -158 0
-154 -159 0
-154 -160 0
-154 -161 0
-154 -162 0
-154 -163 0
-154 -164 0
-154 -165 0
-155 -156 0
-155 -157 0
-155 -158 0
-155 -159 0
-155 -160 0
-155 -161 0
-155 -162 0
-155 -163 0
-155 -164 0
-155 -165 0
-156 -157 0
-156 -158 0
-156 -159 0
-156 -160 0
-156 -161 0
-156 -162 0
-156 -163 0
-156 -164 0
-156 -165 0
-157 -158 0
-157 -159 0
-157 -160 0
-157 -161 0
-157 -162 0
-157 -163 0
-157 -164 0
-157 -165 0
-158 -159 0
-158 -160 0
-158 -161 0
-158 -162 0
-158 -163 0
-158 -164 0
-158 -165 0
-159 -160 0
-159 -161 0
-159 -162 0
-159 -163 0
-159 -164 0
-159 -165 0
-160 -161 0
-160 -162 0
-160 -163 0
-160 -164 0
-160 -165 0
-161 -162 0
-161 -163 0
-161 -164 0
-161 -165 0
-162 -163 0
-162 -164 0
-162 -165 0
-163 -164 0
-163 -165 0
-164 -165 0
-166 -167 0
-166 -168 0
-166 -169 0
-166 -170 0
-166 -171 0
-166 -172 0
-166 -173 0
-166 -174 0
-166 -175 0
-166 -176 0
-166 -177 0
-166 -178 0
-166 -179 0
-166 -180 0
-166 -181 0
-166 -182 0
-166 -183 0
-166 -184 0
-166 -185 0
-166 -186 0
-166 -187 0
-166 -188 0
-166 -189 0
-166 -190 0
-166 -191 0
-166 -192 0
-166 -193 0
-166 -194 0
-166 -195 0
-166 -196 0
-166 -197 0
-166 -198 0
-167 -168 0
-167 -169 0
-167 -170 0
-167 -171 0
-167 -172 0
-167 -173 0
-167 -174 0
-167 -175 0
-167 -176 0
-167 -177 0
-167 -178 0
-167 -179 0
-167 -180 0
-167 -181 0
-167 -182 0
-167 -183 0
-167 -184 0
-167 -185 0
-167 -186 0
-167 -187 0
-167 -188 0
-167 -189 0
-167 -190 0
-167 -191 0
-167 -192 0
-167 -193 0
-167 -194 0
-167 -195 0
-167 -196 0
-167 -197 0
-167 -198 0
-168 -169 0
-168 -170 0
-168 -171 0
-168 -172 0
-168 -173 0
-168 -174 0
-168 -175 0
-168 -176 0
-168 -177 0
-168 -178 0
-168 -179 0
-168 -180 0
-168 -181 0
-168 -182 0
-168 -183 0
-168 -184 0
-168 -185 0
-168 -186 0
-168 -187 0
-168 -188 0
-168 -189 0
-168 -190 0
-168 -191 0
-168 -192 0
-168 -193 0
-168 -194 0
-168 -195 0
-168 -196 0
-168 -197 0
-168 -198 0
-169 -170 0
-169 -171 0
-169 -172 0
-169 -173 0
-169 -174 0
-169 -175 0
-169 -176 0
-169 -177 0
-169 -178 0
-169 -179 0
-169 -180 0
-169 -181 0
-169 -182 0
-169 -183 0
-169 -184 0
-169 -185 0
-169 -186 0
-169 -187 0
-169 -188 0
-169 -189 0
-169 -190 0
-169 -191 0
-169 -192 0
-169 -193 0
-169 -194 0
-169 -195 0
-169 -196 0
-169 -197 0
-169 -198 0
-170 -171 0
-170 -172 0
-170 -173 0
-170 -174 0
-170 -175 0
-170 -176 0
-170 -177 0
-170 -178 0
-170 -179 0
-170 -180 0
-170 -181 0
-170 -182 0
-170 -183 0
-170 -184 0
-170 -185 0
-170 -186 0
-170 -187 0
-170 -188 0
-170 -189 0
-170 -190 0
-170 -191 0
-170 -192 0
-170 -193 0
-170 -194 0
-170 -195 0
-170 -196 0
-170 -197 0
-170 -198 0
-171 -172 0
-171 -173 0
-171 -174 0
-171 -175 0
-171 -176 0
-171 -177 0
-171 -178 0
-171 -179 0
-171 -180 0
-171 -181 0
-171 -182 0
-171 -183 0
-171 -184 0
-171 -185 0
-171 -186 0
-171 -187 0
-171 -188 0
-171 -189 0
-171 -190 0
-171 -191 0
-171 -192 0
-171 -193 0
-171 -194 0
-171 -195 0
-171 -196 0
-171 -197 0
-171 -198 0
-172 -173 0
-172 -174 0
-172 -175 0
-172 -176 0
-172 -177 0
-172 -178 0
-172 -179 0
-172 -180 0
-172 -181 0
-172 -182 0
-172 -183 0
-172 -184 0
-172 -185 0
-172 -186 0
-172 -187 0
-172 -188 0
-172 -189 0
-172 -190 0
-172 -191 0
-172 -192 0
-172 -193 0
-172 -194 0
-172 -195 0
-172 -196 0
-172 -197 0
-172 -198 0
-173 -174 0
-173 -175 0
-173 -176 0
-173 -177 0
-173 -178 0
-173 -179 0
-173 -180 0
-173 -181 0
-173 -182 0
-173 -183 0
-173 -184 0
-173 -185 0
-173 -186 0
-173 -187 0
-173 -188 0
-173 -189 0
-173 -190 0
-173 -191 0
-173 -192 0
-173 -193 0
-173 -194 0
-173 -195 0
-173 -196 0
-173 -197 0
-173 -198 0
-174 -175 0
-174 -176 0
-174 -177 0
-174 -178 0
-174 -179 0
-174 -180 0
-174 -181 0
-174 -182 0
-174 -183 0
-174 -184 0
-174 -185 0
-174 -186 0
-174 -187 0
-174 -188 0
-174 -189 0
-174 -190 0
-174 -191 0
-174 -192 0
-174 -193 0
-174 -194 0
-174 -195 0
-174 -196 0
-174 -197 0
-174 -198 0
-175 -176 0
-175 -177 0
-175 -178 0
-175 -179 0
-175 -180 0
-175 -181 0
-175 -182 0
-175 -183 0
-175 -184 0
-175 -185 0
-175 -186 0
-175 -187 0
-175 -188 0
-175 -189 0
-175 -190 0
-175 -191 0
-175 -192 0
-175 -193 0
-175 -194 0
-175 -195 0
-175 -196 0
-175 -197 0
-175 -198 0
-176 -177 0
-176 -178 0
-176 -179 0
-176 -180 0
-176 -181 0
-176 -182 0
-176 -183 0
-176 -184 0
-176 -185 0
-176 -186 0
-176 -187 0
-176 -188 0
-176 -189 0
-176 -190 0
-176 -191 0
-176 -192 0
-176 -193 0
-176 -194 0
-176 -195 0
-176 -196 0
-176 -197 0
-176 -198 0
-177 -178 0
-177 -179 0
-177 -180 0
-177 -181 0
-177 -182 0
-177 -183 0
-177 -184 0
-177 -185 0
-177 -186 0
-177 -187 0
-177 -188 0
-177 -189 0
-177 -190 0
-177 -191 0
-177 -192 0
-177 -193 0
-177 -194 0
-177 -195 0
-177 -196 0
-177 -197 0
-177 -198 0
-178 -179 0
-178 -180 0
-178 -181 0
-178 -182 0
-178 -183 0
-178 -184 0
-178 -185 0
-178 -186 0
-178 -187 0
-178 -188 0
-178 -189 0
-178 -190 0
-178 -191 0
-178 -192 0
-178 -193 0
-178 -194 0
-178 -195 0
-178 -196 0
-178 -197 0
-178 -198 0
-179 -180 0
-179 -181 0
-179 -182 0
-179 -183 0
-179 -184 0
-179 -185 0
-179 -186 0
-179 -187 0
-179 -188 0
-179 -189 0
-179 -190 0
-179 -191 0
-179 -192 0
-179 -193 0
-179 -194 0
-179 -195 0
-179 -196 0
-179 -197 0
-179 -198 0
-180 -181 0
-180 -182 0
-180 -183 0
-180 -184 0
-180 -185 0
-180 -186 0
-180 -187 0
-180 -188 0
-180 -189 0
-180 -190 0
-180 -191 0
-180 -192 0
-180 -193 0
-180 -194 0
-180 -195 0
-180 -196 0
-180 -197 0
-180 -198 0
-181 -182 0
-181 -183 0
-181 -184 0
-181 -185 0
-181 -186 0
-181 -187 0
-181 -188 0
-181 -189 0
-181 -190 0
-181 -191 0
-181 -192 0
-181 -193 0
-181 -194 0
-181 -195 0
-181 -196 0
-181 -197 0
-181 -198 0
-182 -183 0
-182 -184 0
-182 -185 0
-182 -186 0
-182 -187 0
-182 -188 0
-182 -189 0
-182 -190 0
-182 -191 0
-182 -192 0
-182 -193 0
-182 -194 0
-182 -195 0
-182 -196 0
-182 -197 0
-182 -198 0
-183 -184 0
-183 -185 0
-183 -186 0
-183 -187 0
-183 -188 0
-183 -189 0
-183 -190 0
-183 -191 0
-183 -192 0
-183 -193 0
-183 -194 0
-183 -195 0
-183 -196 0
-183 -197 0
-183 -198 0
-184 -185 0
-184 -186 0
-184 -187 0
-184 -188 0
-184 -189 0
-184 -190 0
-184 -191 0
-184 -192 0
-184 -193 0
-184 -194 0
-184 -195 0
-184 -196 0
-184 -197 0
-184 -198 0
-185 -186 0
-185 -187 0
-185 -188 0
-185 -189 0
-185 -190 0
-185 -191 0
-185 -192 0
-185 -193 0
-185 -194 0
-185 -195 0
-185 -196 0
-185 -197 0
-185 -198 0
-186 -187 0
-186 -188 0
-186 -189 0
-186 -190 0
-186 -191 0
-186 -192 0
-186 -193 0
-186 -194 0
-186 -195 0
-186 -196 0
-186 -197 0
-186 -198 0
-187 -188 0
-187 -189 0
-187 -190 0
-187 -191 0
-187 -192 0
-187 -193 0
-187 -194 0
-187 -195 0
-187 -196 0
-187 -197 0
-187 -198 0
-188 -189 0
-188 -190 0
-188 -191 0
-188 -192 0
-188 -193 0
-188 -194 0
-188 -195 0
-188 -196 0
-188 -197 0
-188 -198 0
-189 -190 0
-189 -191 0
-189 -192 0
-189 -193 0
-189 -194 0
-189 -195 0
-189 -196 0
-189 -197 0
-189 -198 0
-190 -191 0
-190 -192 0
-190 -193 0
-190 -194 0
-190 -195 0
-190 -196 0
-190 -197 0
-190 -198 0
-191 -192 0
-191 -193 0
-191 -194 0
-191 -195 0
-191 -196 0
-191 -197 0
-191 -198 0
-192 -193 0
-192 -194 0
-192 -195 0
-192 -196 0
-192 -197 0
-192 -198 0
-193 -194 0
-193 -195 0
-193 -196 0
-193 -197 0
-193 -198 0
-194 -195 0
-194 -196 0
-194 -197 0
-194 -198 0
-195 -196 0
-195 -197 0
-195 -198 0
-196 -197 0
-196 -198 0
-197 -198 0
-199 -200 0
-199 -201 0
-199 -202 0
-199 -203 0
-199 -204 0
-199 -205 0
-199 -206 0
-199 -207 0
-199 -208 0
-199 -209 0
-199 -210 0
-199 -211 0
-199 -212 0
-199 -213 0
-199 -214 0
-199 -215 0
-199 -216 0
-199 -217 0
-199 -218 0
-199 -219 0
-199 -220 0
-199 -221 0
-199 -222 0
-199 -223 0
-199 -224 0
-199 -225 0
-199 -226 0
-199 -227 0
-199 -228 0
-199 -229 0
-199 -230 0
-199 -231 0
-200 -201 0
-200 -202 0
-200 -203 0
-200 -204 0
-200 -205 0
-200 -206 0
-200 -207 0
-200 -208 0
-200 -209 0
-200 -210 0
-200 -211 0
-200 -212 0
-200 -213 0
-200 -214 0
-200 -215 0
-200 -216 0
-200 -217 0
-200 -218 0
-200 -219 0
-200 -220 0
-200 -221 0
-200 -222 0
-200 -223 0
-200 -224 0
-200 -225 0
-200 -226 0
-200 -227 0
-200 -228 0
-200 -229 0
-200 -230 0
-200 -231 0
-201 -202 0
-201 -203 0
-201 -204 0
-201 -205 0
-201 -206 0
-201 -207 0
-201 -208 0
-201 -209 0
-201 -210 0
-201 -211 0
-201 -212 0
-201 -213 0
-201 -214 0
-201 -215 0
-201 -216 0
-201 -217 0
-201 -218 0
-201 -219 0
-201 -220 0
-201 -221 0
-201 -222 0
-201 -223 0
-201 -224 0
-201 -225 0
-201 -226 0
-201 -227 0
-201 -228 0
-201 -229 0
-201 -230 0
-201 -231 0
-202 -203 0
-202 -204 0
-202 -205 0
-202 -206 0
-202 -207 0
-202 -208 0
-202 -209 0
-202 -210 0
-202 -211 0
-202 -212 0
-202 -213 0
-202 -214 0
-202 -215 0
-202 -216 0
-202 -217 0
-202 -218 0
-202 -219 0
-202 -220 0
-202 -221 0
-202 -222 0
-202 -223 0
-202 -224 0
-202 -225 0
-202 -226 0
-202 -227 0
-202 -228 0
-202 -229 0
-202 -230 0
-202 -231 0
-203 -204 0
-203 -205 0
-203 -206 0
-203 -207 0
-203 -208 0
-203 -209 0
-203 -210 0
-203 -211 0
-203 -212 0
-203 -213 0
-203 -214 0
-203 -215 0
-203 -216 0
-203 -217 0
-203 -218 0
-203 -219 0
-203 -220 0
-203 -221 0
-203 -222 0
-203 -223 0
-203 -224 0
-203 -225 0
-203 -226 0
-203 -227 0
-203 -228 0
-203 -229 0
-203 -230 0
-203 -231 0
-204 -205 0
-204 -206 0
-204 -207 0
-204 -208 0
-204 -209 0
-204 -210 0
-204 -211 0
-204 -212 0
-204 -213 0
-204 -214 0
-204 -215 0
-204 -216 0
-204 -217 0
-204 -218 0
-204 -219 0
-204 -220 0
-204 -221 0
-204 -222 0
-204 -223 0
-204 -224 0
-204 -225 0
-204 -226 0
-204 -227 0
-204 -228 0
-204 -229 0
-204 -230 0
-204 -231 0
-205 -206 0
-205 -207 0
-205 -208 0
-205 -209 0
-205 -210 0
-205 -211 0
-205 -212 0
-205 -213 0
-205 -214 0
-205 -215 0
-205 -216 0
-205 -217 0
-205 -218 0
-205 -219 0
-205 -220 0
-205 -221 0
-205 -222 0
-205 -223 0
-205 -224 0
-205 -225 0
-205 -226 0
-205 -227 0
-205 -228 0
-205 -229 0
-205 -230 0
-205 -231 0
-206 -207 0
-206 -208 0
-206 -209 0
-206 -210 0
-206 -211 0
-206 -212 0
-206 -213 0
-206 -214 0
-206 -215 0
-206 -216 0
-206 -217 0
-206 -218 0
-206 -219 0
-206 -220 0
-206 -221 0
-206 -222 0
-206 -223 0
-206 -224 0
-206 -225 0
-206 -226 0
-206 -227 0
-206 -228 0
-206 -229 0
-206 -230 0
-206 -231 0
-207 -208 0
-207 -209 0
-207 -210 0
-207 -211 0
-207 -212 0
-207 -213 0
-207 -214 0
-207 -215 0
-207 -216 0
-207 -217 0
-207 -218 0
-207 -219 0
-207 -220 0
-207 -221 0
-207 -222 0
-207 -223 0
-207 -224 0
-207 -225 0
-207 -226 0
-207 -227 0
-207 -228 0
-207 -229 0
-207 -230 0
-207 -231 0
-208 -209 0
-208 -210 0
-208 -211 0
-208 -212 0
-208 -213 0
-208 -214 0
-208 -215 0
-208 -216 0
-208 -217 0
-208 -218 0
-208 -219 0
-208 -220 0
-208 -221 0
-208 -222 0
-208 -223 0
-208 -224 0
-208 -225 0
-208 -226 0
-208 -227 0
-208 -228 0
-208 -229 0
-208 -230 0
-208 -231 0
-209 -210 0
-209 -211 0
-209 -212 0
-209 -213 0
-209 -214 0
-209 -215 0
-209 -216 0
-209 -217 0
-209 -218 0
-209 -219 0
-209 -220 0
-209 -221 0
-209 -222 0
-209 -223 0
-209 -224 0
-209 -225 0
-209 -226 0
-209 -227 0
-209 -228 0
-209 -229 0
-209 -230 0
-209 -231 0
-210 -211 0
-210 -212 0
-210 -213 0
-210 -214 0
-210 -215 0
-210 -216 0
-210 -217 0
-210 -218 0
-210 -219 0
-210 -220 0
-210 -221 0
-210 -222 0
-210 -223 0
-210 -224 0
-210 -225 0
-210 -226 0
-210 -227 0
-210 -228 0
-210 -229 0
-210 -230 0
-210 -231 0
-211 -212 0
-211 -213 0
-211 -214 0
-211 -215 0
-211 -216 0
-211 -217 0
-211 -218 0
-211 -219 0
-211 -220 0
-211 -221 0
-211 -222 0
-211 -223 0
-211 -224 0
-211 -225 0
-211 -226 0
-211 -227 0
-211 -228 0
-211 -229 0
-211 -230 0
-211 -231 0
-212 -213 0
-212 -214 0
-212 -215 0
-212 -216 0
-212 -217 0
-212 -218 0
-212 -219 0
-212 -220 0
-212 -221 0
-212 -222 0
-212 -223 0
-212 -224 0
-212 -225 0
-212 -226 0
-212 -227 0
-212 -228 0
-212 -229 0
-212 -230 0
-212 -231 0
-213 -214 0
-213 -215 0
-213 -216 0
-213 -217 0
-213 -218 0
-213 -219 0
-213 -220 0
-213 -221 0
-213 -222 0
-213 -223 0
-213 -224 0
-213 -225 0
-213 -226 0
-213 -227 0
-213 -228 0
-213 -229 0
-213 -230 0
-213 -231 0
-214 -215 0
-214 -216 0
-214 -217 0
-214 -218 0
-214 -219 0
-214 -220 0
-214 -221 0
-214 -222 0
-214 -223 0
-214 -224 0
-214 -225 0
-214 -226 0
-214 -227 0
-214 -228 0
-214 -229 0
-214 -230 0
-214 -231 0
-215 -216 0
-215 -217 0
-215 -218 0
-215 -219 0
-215 -220 0
-215 -221 0
-215 -222 0
-215 -223 0
-215 -224 0
-215 -225 0
-215 -226 0
-215 -227 0
-215 -228 0
-215 -229 0
-215 -230 0
-215 -231 0
-216 -217 0
-216 -218 0
-216 -219 0
-216 -220 0
-216 -221 0
-216 -222 0
-216 -223 0
-216 -224 0
-216 -225 0
-216 -226 0
-216 -227 0
-216 -228 0
-216 -229 0
-216 -230 0
-216 -231 0
-217 -218 0
-217 -219 0
-217 -220 0
-217 -221 0
-217 -222 0
-217 -223 0
-217 -224 0
-217 -225 0
-217 -226 0
-217 -227 0
-217 -228 0
-217 -229 0
-217 -230 0
-217 -231 0
-218 -219 0
-218 -220 0
-218 -221 0
-218 -222 0
-218 -223 0
-218 -224 0
-218 -225 0
-218 -226 0
-218 -227 0
-218 -228 0
-218 -229 0
-218 -230 0
-218 -231 0
-219 -220 0
-219 -221 0
-219 -222 0
-219 -223 0
-219 -224 0
-219 -225 0
-219 -226 0
-219 -227 0
-219 -228 0
-219 -229 0
-219 -230 0
-219 -231 0
-220 -221 0
-220 -222 0
-220 -223 0
-220 -224 0
-220 -225 0
-220 -226 0
-220 -227 0
-220 -228 0
-220 -229 0
-220 -230 0
-220 -231 0
-221 -222 0
-221 -223 0
-221 -224 0
-221 -225 0
-221 -226 0
-221 -227 0
-221 -228 0
-221 -229 0
-221 -230 0
-221 -231 0
-222 -223 0
-222 -224 0
-222 -225 0
-222 -226 0
-222 -227 0
-222 -228 0
-222 -229 0
-222 -230 0
-222 -231 0
-223 -224 0
-223 -225 0
-223 -226 0
-223 -227 0
-223 -228 0
-223 -229 0
-223 -230 0
-223 -231 0
-224 -225 0
-224 -226 0
-224 -227 0
-224 -228 0
-224 -229 0
-224 -230 0
-224 -231 0
-225 -226 0
-225 -227 0
-225 -228 0
-225 -229 0
-225 -230 0
-225 -231 0
-226 -227 0
-226 -228 0
-226 -229 0
-226 -230 0
-226 -231 0
-227 -228 0
-227 -229 0
-227 -230 0
-227 -231 0
-228 -229 0
-228 -230 0
-228 -231 0
-229 -230 0
-229 -231 0
-230 -231 0
-232 -233 0
-232 -234 0
-232 -235 0
-232 -236 0
-232 -237 0
-232 -238 0
-232 -239 0
-232 -240 0
-232 -241 0
-232 -242 0
-232 -243 0
-232 -244 0
-232 -245 0
-232 -246 0
-232 -247 0
-232 -248 0
-232 -249 0
-232 -250 0
-232 -251 0
-232 -252 0
-232 -253 0
-232 -254 0
-232 -255 0
-232 -256 0
-232 -257 0
-232 -258 0
-232 -259 0
-232 -260 0
-232 -261 0
-232 -262 0
-232 -263 0
-232 -264 0
-233 -234 0
-233 -235 0
-233 -236 0
-233 -237 0
-233 -238 0
-233 -239 0
-233 -240 0
-233 -241 0
-233 -242 0
-233 -243 0
-233 -244 0
-233 -245 0
-233 -246 0
-233 -247 0
-233 -248 0
-233 -249 0
-233 -250 0
-233 -251 0
-233 -252 0
-233 -253 0
-233 -254 0
-233 -255 0
-233 -256 0
-233 -257 0
-233 -258 0
-233 -259 0
-233 -260 0
-233 -261 0
-233 -262 0
-233 -263 0
-233 -264 0
-234 -235 0
-234 -236 0
-234 -237 0
-234 -238 0
-234 -239 0
-234 -240 0
-234 -241 0
-234 -242 0
-234 -243 0
-234 -244 0
-234 -245 0
-234 -246 0
-234 -247 0
-234 -248 0
-234 -249 0
-234 -250 0
-234 -251 0
-234 -252 0
-234 -253 0
-234 -254 0
-234 -255 0
-234 -256 0
-234 -257 0
-234 -258 0
-234 -259 0
-234 -260 0
-234 -261 0
-234 -262 0
-234 -263 0
-234 -264 0
-235 -236 0
-235 -237 0
-235 -238 0
-235 -239 0
-235 -240 0
-235 -241 0
-235 -242 0
-235 -243 0
-235 -244 0
-235 -245 0
-235 -246 0
-235 -247 0
-235 -248 0
-235 -249 0
-235 -250 0
-235 -251 0
-235 -252 0
-235 -253 0
-235 -254 0
-235 -255 0
-235 -256 0
-235 -257 0
-235 -258 0
-235 -259 0
-235 -260 0
-235 -261 0
-235 -262 0
-235 -263 0
-235 -264 0
-236 -237 0
-236 -238 0
-236 -239 0
-236 -240 0
-236 -241 0
-236 -242 0
-236 -243 0
-236 -244 0
-236 -245 0
-236 -246 0
-236 -247 0
-236 -248 0
-236 -249 0
-236 -250 0
-236 -251 0
-236 -252 0
-236 -253 0
-236 -254 0
-236 -255 0
-236 -256 0
-236 -257 0
-236 -258 0
-236 -259 0
-236 -260 0
-236 -261 0
-236 -262 0
-236 -263 0
-236 -264 0
-237 -238 0
-237 -239 0
-237 -240 0
-237 -241 0
-237 -242 0
-237 -243 0
-237 -244 0
-237 -245 0
-237 -246 0
-237 -247 0
-237 -248 0
-237 -249 0
-237 -250 0
-237 -251 0
-237 -252 0
-237 -253 0
-237 -254 0
-237 -255 0
-237 -256 0
-237 -257 0
-237 -258 0
-237 -259 0
-237 -260 0
-237 -261 0
-237 -262 0
-237 -263 0
-237 -264 0
-238 -239 0
-238 -240 0
-238 -241 0
-238 -242 0
-238 -243 0
-238 -244 0
-238 -245 0
-238 -246 0
-238 -247 0
-238 -248 0
-238 -249 0
-238 -250 0
-238 -251 0
-238 -252 0
-238 -253 0
-238 -254 0
-238 -255 0
-238 -256 0
-238 -257 0
-238 -258 0
-238 -259 0
-238 -260 0
-238 -261 0
-238 -262 0
-238 -263 0
-238 -264 0
-239 -240 0
-239 -241 0
-239 -242 0
-239 -243 0
-239 -244 0
-239 -245 0
-239 -246 0
-239 -247 0
-239 -248 0
-239 -249 0
-239 -250 0
-239 -251 0
-239 -252 0
-239 -253 0
-239 -254 0
-239 -255 0
-239 -256 0
-239 -257 0
-239 -258 0
-239 -259 0
-239 -260 0
-239 -261 0
-239 -262 0
-239 -263 0
-239 -264 0
-240 -241 0
-240 -242 0
-240 -243 0
-240 -244 0
-240 -245 0
-240 -246 0
-240 -247 0
-240 -248 0
-240 -249 0
-240 -250 0
-240 -251 0
-240 -252 0
-240 -253 0
-240 -254 0
-240 -255 0
-240 -256 0
-240 -257 0
-240 -258 0
-240 -259 0
-240 -260 0
-240 -261 0
-240 -262 0
-240 -263 0
-240 -264 0
-241 -242 0
-241 -243 0
-241 -244 0
-241 -245 0
-241 -246 0
-241 -247 0
-241 -248 0
-241 -249 0
-241 -250 0
-241 -251 0
-241 -252 0
-241 -253 0
-241 -254 0
-241 -255 0
-241 -256 0
-241 -257 0
-241 -258 0
-241 -259 0
-241 -260 0
-241 -261 0
-241 -262 0
-241 -263 0
-241 -264 0
-242 -243 0
-242 -244 0
-242 -245 0
-242 -246 0
-242 -247 0
-242 -248 0
-242 -249 0
-242 -250 0
-242 -251 0
-242 -252 0
-242 -253 0
-242 -254 0
-242 -255 0
-242 -256 0
-242 -257 0
-242 -258 0
-242 -259 0
-242 -260 0
-242 -261 0
-242 -262 0
-242 -263 0
-242 -264 0
-243 -244 0
-243 -245 0
-243 -246 0
-243 -247 0
-243 -248 0
-243 -249 0
-243 -250 0
-243 -251 0
-243 -252 0
-243 -253 0
-243 -254 0
-243 -255 0
-243 -256 0
-243 -257 0
-243 -258 0
-243 -259 0
-243 -260 0
-243 -261 0
-243 -262 0
-243 -263 0
-243 -264 0
-244 -245 0
-244 -246 0
-244 -247 0
-244 -248 0
-244 -249 0
-244 -250 0
-244 -251 0
-244 -252 0
-244 -253 0
-244 -254 0
-244 -255 0
-244 -256 0
-244 -257 0
-244 -258 0
-244 -259 0
-244 -260 0
-244 -261 0
-244 -262 0
-244 -263 0
-244 -264 0
-245 -246 0
-245 -247 0
-245 -248 0
-245 -249 0
-245 -250 0
-245 -251 0
-245 -252 0
-245 -253 0
-245 -254 0
-245 -255 0
-245 -256 0
-245 -257 0
-245 -258 0
-245 -259 0
-245 -260 0
-245 -261 0
-245 -262 0
-245 -263 0
-245 -264 0
-246 -247 0
-246 -248 0
-246 -249 0
-246 -250 0
-246 -251 0
-246 -252 0
-246 -253 0
-246 -254 0
-246 -255 0
-246 -256 0
-246 -257 0
-246 -258 0
-246 -259 0
-246 -260 0
-246 -261 0
-246 -262 0
-246 -263 0
-246 -264 0
-247 -248 0
-247 -249 0
-247 -250 0
-247 -251 0
-247 -252 0
-247 -253 0
-247 -254 0
-247 -255 0
-247 -256 0
-247 -257 0
-247 -258 0
-247 -259 0
-247 -260 0
-247 -261 0
-247 -262 0
-247 -263 0
-247 -264 0
-248 -249 0
-248 -250 0
-248 -251 0
-248 -252 0
-248 -253 0
-248 -254 0
-248 -255 0
-248 -256 0
-248 -257 0
-248 -258 0
-248 -259 0
-248 -260 0
-248 -261 0
-248 -262 0
-248 -263 0
-248 -264 0
-249 -250 0
-249 -251 0
-249 -252 0
-249 -253 0
-249 -254 0
-249 -255 0
-249 -256 0
-249 -257 0
-249 -258 0
-249 -259 0
-249 -260 0
-249 -261 0
-249 -262 0
-249 -263 0
-249 -264 0
-250 -251 0
-250 -252 0
-250 -253 0
-250 -254 0
-250 -255 0
-250 -256 0
-250 -257 0
-250 -258 0
-250 -259 0
-250 -260 0
-250 -261 0
-250 -262 0
-250 -263 0
-250 -264 0
-251 -252 0
-251 -253 0
-251 -254 0
-251 -255 0
-251 -256 0
-251 -257 0
-251 -258 0
-251 -259 0
-251 -260 0
-251 -261 0
-251 -262 0
-251 -263 0
-251 -264 0
-252 -253 0
-252 -254 0
-252 -255 0
-252 -256 0
-252 -257 0
-252 -258 0
-252 -259 0
-252 -260 0
-252 -261 0
-252 -262 0
-252 -263 0
-252 -264 0
-253 -254 0
-253 -255 0
-253 -256 0
-253 -257 0
-253 -258 0
-253 -259 0
-253 -260 0
-253 -261 0
-253 -262 0
-253 -263 0
-253 -264 0
-254 -255 0
-254 -256 0
-254 -257 0
-254 -258 0
-254 -259 0
-254 -260 0
-254 -261 0
-254 -262 0
-254 -263 0
-254 -264 0
-255 -256 0
-255 -257 0
-255 -258 0
-255 -259 0
-255 -260 0
-255 -261 0
-255 -262 0
-255 -263 0
-255 -264 0
-256 -257 0
-256 -258 0
-256 -259 0
-256 -260 0
-256 -261 0
-256 -262 0
-256 -263 0
-256 -264 0
-257 -258 0
-257 -259 0
-257 -260 0
-257 -261 0
-257 -262 0
-257 -263 0
-257 -264 0
-258 -259 0
-258 -260 0
-258 -261 0
-258 -262 0
-258 -263 0
-258 -264 0
-259 -260 0
-259 -261 0
-259 -262 0
-259 -263 0
-259 -264 0
-260 -261 0
-260 -262 0
-260 -263 0
-260 -264 0
-261 -262 0
-261 -263 0
-261 -264 0
-262 -263 0
-262 -264 0
-263 -264 0
-265 -266 0
-265 -267 0
-265 -268 0
-265 -269 0
-265 -270 0
-265 -271 0
-265 -272 0
-265 -273 0
-265 -274 0
-265 -275 0
-265 -276 0
-265 -277 0
-265 -278 0
-265 -279 0
-265 -280 0
-265 -281 0
-265 -282 0
-265 -283 0
-265 -284 0
-265 -285 0
-265 -286 0
-265 -287 0
-265 -288 0
-265 -289 0
-265 -290 0
-265 -291 0
-265 -292 0
-265 -293 0
-265 -294 0
-265 -295 0
-265 -296 0
-265 -297 0
-266 -267 0
-266 -268 0
-266 -269 0
-266 -270 0
-266 -271 0
-266 -272 0
-266 -273 0
-266 -274 0
-266 -275 0
-266 -276 0
-266 -277 0
-266 -278 0
-266 -279 0
-266 -280 0
-266 -281 0
-266 -282 0
-266 -283 0
-266 -284 0
-266 -285 0
-266 -286 0
-266 -287 0
-266 -288 0
-266 -289 0
-266 -290 0
-266 -291 0
-266 -292 0
-266 -293 0
-266 -294 0
-266 -295 0
-266 -296 0
-266 -297 0
-267 -268 0
-267 -269 0
-267 -270 0
-267 -271 0
-267 -272 0
-267 -273 0
-267 -274 0
-267 -275 0
-267 -276 0
-267 -277 0
-267 -278 0
-267 -279 0
-267 -280 0
-267 -281 0
-267 -282 0
-267 -283 0
-267 -284 0
-267 -285 0
-267 -286 0
-267 -287 0
-267 -288 0
-267 -289 0
-267 -290 0
-267 -291 0
-267 -292 0
-267 -293 0
-267 -294 0
-267 -295 0
-267 -296 0
-267 -297 0
-268 -269 0
-268 -270 0
-268 -271 0
-268 -272 0
-268 -273 0
-268 -274 0
-268 -275 0
-268 -276 0
-268 -277 0
-268 -278 0
-268 -279 0
-268 -280 0
-268 -281 0
-268 -282 0
-268 -283 0
-268 -284 0
-268 -285 0
-268 -286 0
-268 -287 0
-268 -288 0
-268 -289 0
-268 -290 0
-268 -291 0
-268 -292 0
-268 -293 0
-268 -294 0
-268 -295 0
-268 -296 0
-268 -297 0
-269 -270 0
-269 -271 0
-269 -272 0
-269 -273 0
-269 -274 0
-269 -275 0
-269 -276 0
-269 -277 0
-269 -278 0
-269 -279 0
-269 -280 0
-269 -281 0
-269 -282 0
-269 -283 0
-269 -284 0
-269 -285 0
-269 -286 0
-269 -287 0
-269 -288 0
-269 -289 0
-269 -290 0
-269 -291 0
-269 -292 0
-269 -293 0
-269 -294 0
-269 -295 0
-269 -296 0
-269 -297 0
-270 -271 0
-270 -272 0
-270 -273 0
-270 -274 0
-270 -275 0
-270 -276 0
-270 -277 0
-270 -278 0
-270 -279 0
-270 -280 0
-270 -281 0
-270 -282 0
-270 -283 0
-270 -284 0
-270 -285 0
-270 -286 0
-270 -287 0
-270 -288 0
-270 -289 0
-270 -290 0
-270 -291 0
-270 -292 0
-270 -293 0
-270 -294 0
-270 -295 0
-270 -296 0
-270 -297 0
-271 -272 0
-271 -273 0
-271 -274 0
-271 -275 0
-271 -276 0
-271 -277 0
-271 -278 0
-271 -279 0
-271 -280 0
-271 -281 0
-271 -282 0
-271 -283 0
-271 -284 0
-271 -285 0
-271 -286 0
-271 -287 0
-271 -288 0
-271 -289 0
-271 -290 0
-271 -291 0
-271 -292 0
-271 -293 0
-271 -294 0
-271 -295 0
-271 -296 0
-271 -297 0
-272 -273 0
-272 -274 0
-272 -275 0
-272 -276 0
-272 -277 0
-272 -278 0
-272 -279 0
-272 -280 0
-272 -281 0
-272 -282 0
-272 -283 0
-272 -284 0
-272 -285 0
-272 -286 0
-272 -287 0
-272 -288 0
-272 -289 0
-272 -290 0
-272 -291 0
-272 -292 0
-272 -293 0
-272 -294 0
-272 -295 0
-272 -296 0
-272 -297 0
-273 -274 0
-273 -275 0
-273 -276 0
-273 -277 0
-273 -278 0
-273 -279 0
-273 -280 0
-273 -281 0
-273 -282 0
-273 -283 0
-273 -284 0
-273 -285 0
-273 -286 0
-273 -287 0
-273 -288 0
-273 -289 0
-273 -290 0
-273 -291 0
-273 -292 0
-273 -293 0
-273 -294 0
-273 -295 0
-273 -296 0
-273 -297 0
-274 -275 0
-274 -276 0
-274 -277 0
-274 -278 0
-274 -279 0
-274 -280 0
-274 -281 0
-274 -282 0
-274 -283 0
-274 -284 0
-274 -285 0
-274 -286 0
-274 -287 0
-274 -288 0
-274 -289 0
-274 -290 0
-274 -291 0
-274 -292 0
-274 -293 0
-274 -294 0
-274 -295 0
-274 -296 0
-274 -297 0
-275 -276 0
-275 -277 0
-275 -278 0
-275 -279 0
-275 -280 0
-275 -281 0
-275 -282 0
-275 -283 0
-275 -284 0
-275 -285 0
-275 -286 0
-275 -287 0
-275 -288 0
-275 -289 0
-275 -290 0
-275 -291 0
-275 -292 0
-275 -293 0
-275 -294 0
-275 -295 0
-275 -296 0
-275 -297 0
-276 -277 0
-276 -278 0
-276 -279 0
-276 -280 0
-276 -281 0
-276 -282 0
-276 -283 0
-276 -284 0
-276 -285 0
-276 -286 0
-276 -287 0
-276 -288 0
-276 -289 0
-276 -290 0
-276 -291 0
-276 -292 0
-276 -293 0
-276 -294 0
-276 -295 0
-276 -296 0
-276 -297 0
-277 -278 0
-277 -279 0
-277 -280 0
-277 -281 0
-277 -282 0
-277 -283 0
-277 -284 0
-277 -285 0
-277 -286 0
-277 -287 0
-277 -288 0
-277 -289 0
-277 -290 0
-277 -291 0
-277 -292 0
-277 -293 0
-277 -294 0
-277 -295 0
-277 -296 0
-277 -297 0
-278 -279 0
-278 -280 0
-278 -281 0
-278 -282 0
-278 -283 0
-278 -284 0
-278 -285 0
-278 -286 0
-278 -287 0
-278 -288 0
-278 -289 0
-278 -290 0
-278 -291 0
-278 -292 0
-278 -293 0
-278 -294 0
-278 -295 0
-278 -296 0
-278 -297 0
-279 -280 0
-279 -281 0
-279 -282 0
-279 -283 0
-279 -284 0
-279 -285 0
-279 -286 0
-279 -287 0
-279 -288 0
-279 -289 0
-279 -290 0
-279 -291 0
-279 -292 0
-279 -293 0
-279 -294 0
-279 -295 0
-279 -296 0
-279 -297 0
-280 -281 0
-280 -282 0
-280 -283 0
-280 -284 0
-280 -285 0
-280 -286 0
-280 -287 0
-280 -288 0
-280 -289 0
-280 -290 0
-280 -291 0
-280 -292 0
-280 -293 0
-280 -294 0
-280 -295 0
-280 -296 0
-280 -297 0
-281 -282 0
-281 -283 0
-281 -284 0
-281 -285 0
-281 -286 0
-281 -287 0
-281 -288 0
-281 -289 0
-281 -290 0
-281 -291 0
-281 -292 0
-281 -293 0
-281 -294 0
-281 -295 0
-281 -296 0
-281 -297 0
-282 -283 0
-282 -284 0
-282 -285 0
-282 -286 0
-282 -287 0
-282 -288 0
-282 -289 0
-282 -290 0
-282 -291 0
-282 -292 0
-282 -293 0
-282 -294 0
-282 -295 0
-282 -296 0
-282 -297 0
-283 -284 0
-283 -285 0
-283 -286 0
-283 -287 0
-283 -288 0
-283 -289 0
-283 -290 0
-283 -291 0
-283 -292 0
-283 -293 0
-283 -294 0
-283 -295 0
-283 -296 0
-283 -297 0
-284 -285 0
-284 -286 0
-284 -287 0
-284 -288 0
-284 -289 0
-284 -290 0
-284 -291 0
-284 -292 0
-284 -293 0
-284 -294 0
-284 -295 0
-284 -296 0
-284 -297 0
-285 -286 0
-285 -287 0
-285 -288 0
-285 -289 0
-285 -290 0
-285 -291 0
-285 -292 0
-285 -293 0
-285 -294 0
-285 -295 0
-285 -296 0
-285 -297 0
-286 -287 0
-286 -288 0
-286 -289 0
-286 -290 0
-286 -291 0
-286 -292 0
-286 -293 0
-286 -294 0
-286 -295 0
-286 -296 0
-286 -297 0
-287 -288 0
-287 -289 0
-287 -290 0
-287 -291 0
-287 -292 0
-287 -293 0
-287 -294 0
-287 -295 0
-287 -296 0
-287 -297 0
-288 -289 0
-288 -290 0
-288 -291 0
-288 -292 0
-288 -293 0
-288 -294 0
-288 -295 0
-288 -296 0
-288 -297 0
-289 -290 0
-289 -291 0
-289 -292 0
-289 -293 0
-289 -294 0
-289 -295 0
-289 -296 0
-289 -297 0
-290 -291 0
-290 -292 0
-290 -293 0
-290 -294 0
-290 -295 0
-290 -296 0
-290 -297 0
-291 -292 0
-291 -293 0
-291 -294 0
-291 -295 0
-291 -296 0
-291 -297 0
-292 -293 0
-292 -294 0
-292 -295 0
-292 -296 0
-292 -297 0
-293 -294 0
-293 -295 0
-293 -296 0
-293 -297 0
-294 -295 0
-294 -296 0
-294 -297 0
-295 -296 0
-295 -297 0
-296 -297 0
-298 -299 0
-298 -300 0
-298 -301 0
-298 -302 0
-298 -303 0
-298 -304 0
-298 -305 0
-298 -306 0
-298 -307 0
-298 -308 0
-298 -309 0
-298 -310 0
-298 -311 0
-298 -312 0
-298 -313 0
-298 -314 0
-298 -315 0
-298 -316 0
-298 -317 0
-298 -318 0
-298 -319 0
-298 -320 0
-298 -321 0
-298 -322 0
-298 -323 0
-298 -324 0
-298 -325 0
-298 -326 0
-298 -327 0
-298 -328 0
-298 -329 0
-298 -330 0
-299 -300 0
-299 -301 0
-299 -302 0
-299 -303 0
-299 -304 0
-299 -305 0
-299 -306 0
-299 -307 0
-299 -308 0
-299 -309 0
-299 -310 0
-299 -311 0
-299 -312 0
-299 -313 0
-299 -314 0
-299 -315 0
-299 -316 0
-299 -317 0
-299 -318 0
-299 -319 0
-299 -320 0
-299 -321 0
-299 -322 0
-299 -323 0
-299 -324 0
-299 -325 0
-299 -326 0
-299 -327 0
-299 -328 0
-299 -329 0
-299 -330 0
-300 -301 0
-300 -302 0
-300 -303 0
-300 -304 0
-300 -305 0
-300 -306 0
-300 -307 0
-300 -308 0
-300 -309 0
-300 -310 0
-300 -311 0
-300 -312 0
-300 -313 0
-300 -314 0
-300 -315 0
-300 -316 0
-300 -317 0
-300 -318 0
-300 -319 0
-300 -320 0
-300 -321 0
-300 -322 0
-300 -323 0
-300 -324 0
-300 -325 0
-300 -326 0
-300 -327 0
-300 -328 0
-300 -329 0
-300 -330 0
-301 -302 0
-301 -303 0
-301 -304 0
-301 -305 0
-301 -306 0
-301 -307 0
-301 -308 0
-301 -309 0
-301 -310 0
-301 -311 0
-301 -312 0
-301 -313 0
-301 -314 0
-301 -315 0
-301 -316 0
-301 -317 0
-301 -318 0
-301 -319 0
-301 -320 0
-301 -321 0
-301 -322 0
-301 -323 0
-301 -324 0
-301 -325 0
-301 -326 0
-301 -327 0
-301 -328 0
-301 -329 0
-301 -330 0
-302 -303 0
-302 -304 0
-302 -305 0
-302 -306 0
-302 -307 0
-302 -308 0
-302 -309 0
-302 -310 0
-302 -311 0
-302 -312 0
-302 -313 0
-302 -314 0
-302 -315 0
-302 -316 0
-302 -317 0
-302 -318 0
-302 -319 0
-302 -320 0
-302 -321 0
-302 -322 0
-302 -323 0
-302 -324 0
-302 -325 0
-302 -326 0
-302 -327 0
-302 -328 0
-302 -329 0
-302 -330 0
-303 -304 0
-303 -305 0
-303 -306 0
-303 -307 0
-303 -308 0
-303 -309 0
-303 -310 0
-303 -311 0
-303 -312 0
-303 -313 0
-303 -314 0
-303 -315 0
-303 -316 0
-303 -317 0
-303 -318 0
-303 -319 0
-303 -320 0
-303 -321 0
-303 -322 0
-303 -323 0
-303 -324 0
-303 -325 0
-303 -326 0
-303 -327 0
-303 -328 0
-303 -329 0
-303 -330 0
-304 -305 0
-304 -306 0
-304 -307 0
-304 -308 0
-304 -309 0
-304 -310 0
-304 -311 0
-304 -312 0
-304 -313 0
-304 -314 0
-304 -315 0
-304 -316 0
-304 -317 0
-304 -318 0
-304 -319 0
-304 -320 0
-304 -321 0
-304 -322 0
-304 -323 0
-304 -324 0
-304 -325 0
-304 -326 0
-304 -327 0
-304 -328 0
-304 -329 0
-304 -330 0
-305 -306 0
-305 -307 0
-305 -308 0
-305 -309 0
-305 -310 0
-305 -311 0
-305 -312 0
-305 -313 0
-305 -314 0
-305 -315 0
-305 -316 0
-305 -317 0
-305 -318 0
-305 -319 0
-305 -320 0
-305 -321 0
-305 -322 0
-305 -323 0
-305 -324 0
-305 -325 0
-305 -326 0
-305 -327 0
-305 -328 0
-305 -329 0
-305 -330 0
-306 -307 0
-306 -308 0
-306 -309 0
-306 -310 0
-306 -311 0
-306 -312 0
-306 -313 0
-306 -314 0
-306 -315 0
-306 -316 0
-306 -317 0
-306 -318 0
-306 -319 0
-306 -320 0
-306 -321 0
-306 -322 0
-306 -323 0
-306 -324 0
-306 -325 0
-306 -326 0
-306 -327 0
-306 -328 0
-306 -329 0
-306 -330 0
-307 -308 0
-307 -309 0
-307 -310 0
-307 -311 0
-307 -312 0
-307 -313 0
-307 -314 0
-307 -315 0
-307 -316 0
-307 -317 0
-307 -318 0
-307 -319 0
-307 -320 0
-307 -321 0
-307 -322 0
-307 -323 0
-307 -324 0
-307 -325 0
-307 -326 0
-307 -327 0
-307 -328 0
-307 -329 0
-307 -330 0
-308 -309 0
-308 -310 0
-308 -311 0
-308 -312 0
-308 -313 0
-308 -314 0
-308 -315 0
-308 -316 0
-308 -317 0
-308 -318 0
-308 -319 0
-308 -320 0
-308 -321 0
-308 -322 0
-308 -323 0
-308 -324 0
-308 -325 0
-308 -326 0
-308 -327 0
-308 -328 0
-308 -329 0
-308 -330 0
-309 -310 0
-309 -311 0
-309 -312 0
-309 -313 0
-309 -314 0
-309 -315 0
-309 -316 0
-309 -317 0
-309 -318 0
-309 -319 0
-309 -320 0
-309 -321 0
-309 -322 0
-309 -323 0
-309 -324 0
-309 -325 0
-309 -326 0
-309 -327 0
-309 -328 0
-309 -329 0
-309 -330 0
-310 -311 0
-310 -312 0
-310 -313 0
-310 -314 0
-310 -315 0
-310 -316 0
-310 -317 0
-310 -318 0
-310 -319 0
-310 -320 0
-310 -321 0
-310 -322 0
-310 -323 0
-310 -324 0
-310 -325 0
-310 -326 0
-310 -327 0
-310 -328 0
-310 -329 0
-310 -330 0
-311 -312 0
-311 -313 0
-311 -314 0
-311 -315 0
-311 -316 0
-311 -317 0
-311 -318 0
-311 -319 0
-311 -320 0
-311 -321 0
-311 -322 0
-311 -323 0
-311 -324 0
-311 -325 0
-311 -326 0
-311 -327 0
-311 -328 0
-311 -329 0
-311 -330 0
-312 -313 0
-312 -314 0
-312 -315 0
-312 -316 0
-312 -317 0
-312 -318 0
-312 -319 0
-312 -320 0
-312 -321 0
-312 -322 0
-312 -323 0
-312 -324 0
-312 -325 0
-312 -326 0
-312 -327 0
-312 -328 0
-312 -329 0
-312 -330 0
-313 -314 0
-313 -315 0
-313 -316 0
-313 -317 0
-313 -318 0
-313 -319 0
-313 -320 0
-313 -321 0
-313 -322 0
-313 -323 0
-313 -324 0
-313 -325 0
-313 -326 0
-313 -327 0
-313 -328 0
-313 -329 0
-313 -330 0
-314 -315 0
-314 -316 0
-314 -317 0
-314 -318 0
-314 -319 0
-314 -320 0
-314 -321 0
-314 -322 0
-314 -323 0
-314 -324 0
-314 -325 0
-314 -326 0
-314 -327 0
-314 -328 0
-314 -329 0
-314 -330 0
-315 -316 0
-315 -317 0
-315 -318 0
-315 -319 0
-315 -320 0
-315 -321 0
-315 -322 0
-315 -323 0
-315 -324 0
-315 -325 0
-315 -326 0
-315 -327 0
-315 -328 0
-315 -329 0
-315 -330 0
-316 -317 0
-316 -318 0
-316 -319 0
-316 -320 0
-316 -321 0
-316 -322 0
-316 -323 0
-316 -324 0
-316 -325 0
-316 -326 0
-316 -327 0
-316 -328 0
-316 -329 0
-316 -330 0
-317 -318 0
-317 -319 0
-317 -320 0
-317 -321 0
-317 -322 0
-317 -323 0
-317 -324 0
-317 -325 0
-317 -326 0
-317 -327 0
-317 -328 0
-317 -329 0
-317 -330 0
-318 -319 0
-318 -320 0
-318 -321 0
-318 -322 0
-318 -323 0
-318 -324 0
-318 -325 0
-318 -326 0
-318 -327 0
-318 -328 0
-318 -329 0
-318 -330 0
-319 -320 0
-319 -321 0
-319 -322 0
-319 -323 0
-319 -324 0
-319 -325 0
-319 -326 0
-319 -327 0
-319 -328 0
-319 -329 0
-319 -330 0
-320 -321 0
-320 -322 0
-320 -323 0
-320 -324 0
-320 -325 0
-320 -326 0
-320 -327 0
-320 -328 0
-320 -329 0
-320 -330 0
-321 -322 0
-321 -323 0
-321 -324 0
-321 -325 0
-321 -326 0
-321 -327 0
-321 -328 0
-321 -329 0
-321 -330 0
-322 -323 0
-322 -324 0
-322 -325 0
-322 -326 0
-322 -327 0
-322 -328 0
-322 -329 0
-322 -330 0
-323 -324 0
-323 -325 0
-323 -326 0
-323 -327 0
-323 -328 0
-323 -329 0
-323 -330 0
-324 -325 0
-324 -326 0
-324 -327 0
-324 -328 0
-324 -329 0
-324 -330 0
-325 -326 0
-325 -327 0
-325 -328 0
-325 -329 0
-325 -330 0
-326 -327 0
-326 -328 0
-326 -329 0
-326 -330 0
-327 -328 0
-327 -329 0
-327 -330 0
-328 -329 0
-328 -330 0
-329 -330 0
-331 -332 0
-331 -333 0
-331 -334 0
-331 -335 0
-331 -336 0
-331 -337 0
-331 -338 0
-331 -339 0
-331 -340 0
-331 -341 0
-331 -342 0
-331 -343 0
-331 -344 0
-331 -345 0
-331 -346 0
-331 -347 0
-331 -348 0
-331 -349 0
-331 -350 0
-331 -351 0
-331 -352 0
-331 -353 0
-331 -354 0
-331 -355 0
-331 -356 0
-331 -357 0
-331 -358 0
-331 -359 0
-331 -360 0
-331 -361 0
-331 -362 0
-331 -363 0
-332 -333 0
-332 -334 0
-332 -335 0
-332 -336 0
-332 -337 0
-332 -338 0
-332 -339 0
-332 -340 0
-332 -341 0
-332 -342 0
-332 -343 0
-332 -344 0
-332 -345 0
-332 -346 0
-332 -347 0
-332 -348 0
-332 -349 0
-332 -350 0
-332 -351 0
-332 -352 0
-332 -353 0
-332 -354 0
-332 -355 0
-332 -356 0
-332 -357 0
-332 -358 0
-332 -359 0
-332 -360 0
-332 -361 0
-332 -362 0
-332 -363 0
-333 -334 0
-333 -335 0
-333 -336 0
-333 -337 0
-333 -338 0
-333 -339 0
-333 -340 0
-333 -341 0
-333 -342 0
-333 -343 0
-333 -344 0
-333 -345 0
-333 -346 0
-333 -347 0
-333 -348 0
-333 -349 0
-333 -350 0
-333 -351 0
-333 -352 0
-333 -353 0
-333 -354 0
-333 -355 0
-333 -356 0
-333 -357 0
-333 -358 0
-333 -359 0
-333 -360 0
-333 -361 0
-333 -362 0
-333 -363 0
-334 -335 0
-334 -336 0
-334 -337 0
-334 -338 0
-334 -339 0
-334 -340 0
-334 -341 0
-334 -342 0
-334 -343 0
-334 -344 0
-334 -345 0
-334 -346 0
-334 -347 0
-334 -348 0
-334 -349 0
-334 -350 0
-334 -351 0
-334 -352 0
-334 -353 0
-334 -354 0
-334 -355 0
-334 -356 0
-334 -357 0
-334 -358 0
-334 -359 0
-334 -360 0
-334 -361 0
-334 -362 0
-334 -363 0
-335 -336 0
-335 -337 0
-335 -338 0
-335 -339 0
-335 -340 0
-335 -341 0
-335 -342 0
-335 -343 0
-335 -344 0
-335 -345 0
-335 -346 0
-335 -347 0
-335 -348 0
-335 -349 0
-335 -350 0
-335 -351 0
-335 -352 0
-335 -353 0
-335 -354 0
-335 -355 0
-335 -356 0
-335 -357 0
-335 -358 0
-335 -359 0
-335 -360 0
-335 -361 0
-335 -362 0
-335 -363 0
-336 -337 0
-336 -338 0
-336 -339 0
-336 -340 0
-336 -341 0
-336 -342 0
-336 -343 0
-336 -344 0
-336 -345 0
-336 -346 0
-336 -347 0
-336 -348 0
-336 -349 0
-336 -350 0
-336 -351 0
-336 -352 0
-336 -353 0
-336 -354 0
-336 -355 0
-336 -356 0
-336 -357 0
-336 -358 0
-336 -359 0
-336 -360 0
-336 -361 0
-336 -362 0
-336 -363 0
-337 -338 0
-337 -339 0
-337 -340 0
-337 -341 0
-337 -342 0
-337 -343 0
-337 -344 0
-337 -345 0
-337 -346 0
-337 -347 0
-337 -348 0
-337 -349 0
-337 -350 0
-337 -351 0
-337 -352 0
-337 -353 0
-337 -354 0
-337 -355 0
-337 -356 0
-337 -357 0
-337 -358 0
-337 -359 0
-337 -360 0
-337 -361 0
-337 -362 0
-337 -363 0
-338 -339 0
-338 -340 0
-338 -341 0
-338 -342 0
-338 -343 0
-338 -344 0
-338 -345 0
-338 -346 0
-338 -347 0
-338 -348 0
-338 -349 0
-338 -350 0
-338 -351 0
-338 -352 0
-338 -353 0
-338 -354 0
-338 -355 0
-338 -356 0
-338 -357 0
-338 -358 0
-338 -359 0
-338 -360 0
-338 -361 0
-338 -362 0
-338 -363 0
-339 -340 0
-339 -341 0
-339 -342 0
-339 -343 0
-339 -344 0
-339 -345 0
-339 -346 0
-339 -347 0
-339 -348 0
-339 -349 0
-339 -350 0
-339 -351 0
-339 -352 0
-339 -353 0
-339 -354 0
-339 -355 0
-339 -356 0
-339 -357 0
-339 -358 0
-339 -359 0
-339 -360 0
-339 -361 0
-339 -362 0
-339 -363 0
-340 -341 0
-340 -342 0
-340 -343 0
-340 -344 0
-340 -345 0
-340 -346 0
-340 -347 0
-340 -348 0
-340 -349 0
-340 -350 0
-340 -351 0
-340 -352 0
-340 -353 0
-340 -354 0
-340 -355 0
-340 -356 0
-340 -357 0
-340 -358 0
-340 -359 0
-340 -360 0
-340 -361 0
-340 -362 0
-340 -363 0
-341 -342 0
-341 -343 0
-341 -344 0
-341 -345 0
-341 -346 0
-341 -347 0
-341 -348 0
-341 -349 0
-341 -350 0
-341 -351 0
-341 -352 0
-341 -353 0
-341 -354 0
-341 -355 0
-341 -356 0
-341 -357 0
-341 -358 0
-341 -359 0
-341 -360 0
-341 -361 0
-341 -362 0
-341 -363 0
-342 -343 0
-342 -344 0
-342 -345 0
-342 -346 0
-342 -347 0
-342 -348 0
-342 -349 0
-342 -350 0
-342 -351 0
-342 -352 0
-342 -353 0
-342 -354 0
-342 -355 0
-342 -356 0
-342 -357 0
-342 -358 0
-342 -359 0
-342 -360 0
-342 -361 0
-342 -362 0
-342 -363 0
-343 -344 0
-343 -345 0
-343 -346 0
-343 -347 0
-343 -348 0
-343 -349 0
-343 -350 0
-343 -351 0
-343 -352 0
-343 -353 0
-343 -354 0
-343 -355 0
-343 -356 0
-343 -357 0
-343 -358 0
-343 -359 0
-343 -360 0
-343 -361 0
-343 -362 0
-343 -363 0
-344 -345 0
-344 -346 0
-344 -347 0
-344 -348 0
-344 -349 0
-344 -350 0
-344 -351 0
-344 -352 0
-344 -353 0
-344 -354 0
-344 -355 0
-344 -356 0
-344 -357 0
-344 -358 0
-344 -359 0
-344 -360 0
-344 -361 0
-344 -362 0
-344 -363 0
-345 -346 0
-345 -347 0
-345 -348 0
-345 -349 0
-345 -350 0
-345 -351 0
-345 -352 0
-345 -353 0
-345 -354 0
-345 -355 0
-345 -356 0
-345 -357 0
-345 -358 0
-345 -359 0
-345 -360 0
-345 -361 0
-345 -362 0
-345 -363 0
-346 -347 0
-346 -348 0
-346 -349 0
-346 -350 0
-346 -351 0
-346 -352 0
-346 -353 0
-346 -354 0
-346 -355 0
-346 -356 0
-346 -357 0
-346 -358 0
-346 -359 0
-346 -360 0
-346 -361 0
-346 -362 0
-346 -363 0
-347 -348 0
-347 -349 0
-347 -350 0
-347 -351 0
-347 -352 0
-347 -353 0
-347 -354 0
-347 -355 0
-347 -356 0
-347 -357 0
-347 -358 0
-347 -359 0
-347 -360 0
-347 -361 0
-347 -362 0
-347 -363 0
-348 -349 0
-348 -350 0
-348 -351 0
-348 -352 0
-348 -353 0
-348 -354 0
-348 -355 0
-348 -356 0
-348 -357 0
-348 -358 0
-348 -359 0
-348 -360 0
-348 -361 0
-348 -362 0
-348 -363 0
-349 -350 0
-349 -351 0
-349 -352 0
-349 -353 0
-349 -354 0
-349 -355 0
-349 -356 0
-349 -357 0
-349 -358 0
-349 -359 0
-349 -360 0
-349 -361 0
-349 -362 0
-349 -363 0
-350 -351 0
-350 -352 0
-350 -353 0
-350 -354 0
-350 -355 0
-350 -356 0
-350 -357 0
-350 -358 0
-350 -359 0
-350 -360 0
-350 -361 0
-350 -362 0
-350 -363 0
-351 -352 0
-351 -353 0
-351 -354 0
-351 -355 0
-351 -356 0
-351 -357 0
-351 -358 0
-351 -359 0
-351 -360 0
-351 -361 0
-351 -362 0
-351 -363 0
-352 -353 0
-352 -354 0
-352 -355 0
-352 -356 0
-352 -357 0
-352 -358 0
-352 -359 0
-352 -360 0
-352 -361 0
-352 -362 0
-352 -363 0
-353 -354 0
-353 -355 0
-353 -356 0
-353 -357 0
-353 -358 0
-353 -359 0
-353 -360 0
-353 -361 0
-353 -362 0
-353 -363 0
-354 -355 0
-354 -356 0
-354 -357 0
-354 -358 0
-354 -359 0
-354 -360 0
-354 -361 0
-354 -362 0
-354 -363 0
-355 -356 0
-355 -357 0
-355 -358 0
-355 -359 0
-355 -360 0
-355 -361 0
-355 -362 0
-355 -363 0
-356 -357 0
-356 -358 0
-356 -359 0
-356 -360 0
-356 -361 0
-356 -362 0
-356 -363 0
-357 -358 0
-357 -359 0
-357 -360 0
-357 -361 0
-357 -362 0
-357 -363 0
-358 -359 0
-358 -360 0
-358 -361 0
-358 -362 0
-358 -363 0
-359 -360 0
-359 -361 0
-359 -362 0
-359 -363 0
-360 -361 0
-360 -362 0
-360 -363 0
-361 -362 0
-361 -363 0
-362 -363 0
-364 -365 0
-364 -366 0
-364 -367 0
-364 -368 0
-364 -369 0
-364 -370 0
-364 -371 0
-364 -372 0
-364 -373 0
-364 -374 0
-364 -375 0
-364 -376 0
-364 -377 0
-364 -378 0
-364 -379 0
-364 -380 0
-364 -381 0
-364 -382 0
-364 -383 0
-364 -384 0
-364 -385 0
-364 -386 0
-364 -387 0
-364 -388 0
-364 -389 0
-364 -390 0
-364 -391 0
-364 -392 0
-364 -393 0
-364 -394 0
-364 -395 0
-364 -396 0
-365 -366 0
-365 -367 0
-365 -368 0
-365 -369 0
-365 -370 0
-365 -371 0
-365 -372 0
-365 -373 0
-365 -374 0
-365 -375 0
-365 -376 0
-365 -377 0
-365 -378 0
-365 -379 0
-365 -380 0
-365 -381 0
-365 -382 0
-365 -383 0
-365 -384 0
-365 -385 0
-365 -386 0
-365 -387 0
-365 -388 0
-365 -389 0
-365 -390 0
-365 -391 0
-365 -392 0
-365 -393 0
-365 -394 0
-365 -395 0
-365 -396 0
-366 -367 0
-366 -368 0
-366 -369 0
-366 -370 0
-366 -371 0
-366 -372 0
-366 -373 0
-366 -374 0
-366 -375 0
-366 -376 0
-366 -377 0
-366 -378 0
-366 -379 0
-366 -380 0
-366 -381 0
-366 -382 0
-366 -383 0
-366 -384 0
-366 -385 0
-366 -386 0
-366 -387 0
-366 -388 0
-366 -389 0
-366 -390 0
-366 -391 0
-366 -392 0
-366 -393 0
-366 -394 0
-366 -395 0
-366 -396 0
-367 -368 0
-367 -369 0
-367 -370 0
-367 -371 0
-367 -372 0
-367 -373 0
-367 -374 0
-367 -375 0
-367 -376 0
-367 -377 0
-367 -378 0
-367 -379 0
-367 -380 0
-367 -381 0
-367 -382 0
-367 -383 0
-367 -384 0
-367 -385 0
-367 -386 0
-367 -387 0
-367 -388 0
-367 -389 0
-367 -390 0
-367 -391 0
-367 -392 0
-367 -393 0
-367 -394 0
-367 -395 0
-367 -396 0
-368 -369 0
-368 -370 0
-368 -371 0
-368 -372 0
-368 -373 0
-368 -374 0
-368 -375 0
-368 -376 0
-368 -377 0
-368 -378 0
-368 -379 0
-368 -380 0
-368 -381 0
-368 -382 0
-368 -383 0
-368 -384 0
-368 -385 0
-368 -386 0
-368 -387 0
-368 -388 0
-368 -389 0
-368 -390 0
-368 -391 0
-368 -392 0
-368 -393 0
-368 -394 0
-368 -395 0
-368 -396 0
-369 -370 0
-369 -371 0
-369 -372 0
-369 -373 0
-369 -374 0
-369 -375 0
-369 -376 0
-369 -377 0
-369 -378 0
-369 -379 0
-369 -380 0
-369 -381 0
-369 -382 0
-369 -383 0
-369 -384 0
-369 -385 0
-369 -386 0
-369 -387 0
-369 -388 0
-369 -389 0
-369 -390 0
-369 -391 0
-369 -392 0
-369 -393 0
-369 -394 0
-369 -395 0
-369 -396 0
-370 -371 0
-370 -372 0
-370 -373 0
-370 -374 0
-370 -375 0
-370 -376 0
-370 -377 0
-370 -378 0
-370 -379 0
-370 -380 0
-370 -381 0
-370 -382 0
-370 -383 0
-370 -384 0
-370 -385 0
-370 -386 0
-370 -387 0
-370 -388 0
-370 -389 0
-370 -390 0
-370 -391 0
-370 -392 0
-370 -393 0
-370 -394 0
-370 -395 0
-370 -396 0
-371 -372 0
-371 -373 0
-371 -374 0
-371 -375 0
-371 -376 0
-371 -377 0
-371 -378 0
-371 -379 0
-371 -380 0
-371 -381 0
-371 -382 0
-371 -383 0
-371 -384 0
-371 -385 0
-371 -386 0
-371 -387 0
-371 -388 0
-371 -389 0
-371 -390 0
-371 -391 0
-371 -392 0
-371 -393 0
-371 -394 0
-371 -395 0
-371 -396 0
-372 -373 0
-372 -374 0
-372 -375 0
-372 -376 0
-372 -377 0
-372 -378 0
-372 -379 0
-372 -380 0
-372 -381 0
-372 -382 0
-372 -383 0
-372 -384 0
-372 -385 0
-372 -386 0
-372 -387 0
-372 -388 0
-372 -389 0
-372 -390 0
-372 -391 0
-372 -392 0
-372 -393 0
-372 -394 0
-372 -395 0
-372 -396 0
-373 -374 0
-373 -375 0
-373 -376 0
-373 -377 0
-373 -378 0
-373 -379 0
-373 -380 0
-373 -381 0
-373 -382 0
-373 -383 0
-373 -384 0
-373 -385 0
-373 -386 0
-373 -387 0
-373 -388 0
-373 -389 0
-373 -390 0
-373 -391 0
-373 -392 0
-373 -393 0
-373 -394 0
-373 -395 0
-373 -396 0
-374 -375 0
-374 -376 0
-374 -377 0
-374 -378 0
-374 -379 0
-374 -380 0
-374 -381 0
-374 -382 0
-374 -383 0
-374 -384 0
-374 -385 0
-374 -386 0
-374 -387 0
-374 -388 0
-374 -389 0
-374 -390 0
-374 -391 0
-374 -392 0
-374 -393 0
-374 -394 0
-374 -395 0
-374 -396 0
-375 -376 0
-375 -377 0
-375 -378 0
-375 -379 0
-375 -380 0
-375 -381 0
-375 -382 0
-375 -383 0
-375 -384 0
-375 -385 0
-375 -386 0
-375 -387 0
-375 -388 0
-375 -389 0
-375 -390 0
-375 -391 0
-375 -392 0
-375 -393 0
-375 -394 0
-375 -395 0
-375 -396 0
-376 -377 0
-376 -378 0
-376 -379 0
-376 -380 0
-376 -381 0
-376 -382 0
-376 -383 0
-376 -384 0
-376 -385 0
-376 -386 0
-376 -387 0
-376 -388 0
-376 -389 0
-376 -390 0
-376 -391 0
-376 -392 0
-376 -393 0
-376 -394 0
-376 -395 0
-376 -396 0
-377 -378 0
-377 -379 0
-377 -380 0
-377 -381 0
-377 -382 0
-377 -383 0
-377 -384 0
-377 -385 0
-377 -386 0
-377 -387 0
-377 -388 0
-377 -389 0
-377 -390 0
-377 -391 0
-377 -392 0
-377 -393 0
-377 -394 0
-377 -395 0
-377 -396 0
-378 -379 0
-378 -380 0
-378 -381 0
-378 -382 0
-378 -383 0
-378 -384 0
-378 -385 0
-378 -386 0
-378 -387 0
-378 -388 0
-378 -389 0
-378 -390 0
-378 -391 0
-378 -392 0
-378 -393 0
-378 -394 0
-378 -395 0
-378 -396 0
-379 -380 0
-379 -381 0
-379 -382 0
-379 -383 0
-379 -384 0
-379 -385 0
-379 -386 0
-379 -387 0
-379 -388 0
-379 -389 0
-379 -390 0
-379 -391 0
-379 -392 0
-379 -393 0
-379 -394 0
-379 -395 0
-379 -396 0
-380 -381 0
-380 -382 0
-380 -383 0
-380 -384 0
-380 -385 0
-380 -386 0
-380 -387 0
-380 -388 0
-380 -389 0
-380 -390 0
-380 -391 0
-380 -392 0
-380 -393 0
-380 -394 0
-380 -395 0
-380 -396 0
-381 -382 0
-381 -383 0
-381 -384 0
-381 -385 0
-381 -386 0
-381 -387 0
-381 -388 0
-381 -389 0
-381 -390 0
-381 -391 0
-381 -392 0
-381 -393 0
-381 -394 0
-381 -395 0
-381 -396 0
-382 -383 0
-382 -384 0
-382 -385 0
-382 -386 0
-382 -387 0
-382 -388 0
-382 -389 0
-382 -390 0
-382 -391 0
-382 -392 0
-382 -393 0
-382 -394 0
-382 -395 0
-382 -396 0
-383 -384 0
-383 -385 0
-383 -386 0
-383 -387 0
-383 -388 0
-383 -389 0
-383 -390 0
-383 -391 0
-383 -392 0
-383 -393 0
-383 -394 0
-383 -395 0
-383 -396 0
-384 -385 0
-384 -386 0
-384 -387 0
-384 -388 0
-384 -389 0
-384 -390 0
-384 -391 0
-384 -392 0
-384 -393 0
-384 -394 0
-384 -395 0
-384 -396 0
-385 -386 0
-385 -387 0
-385 -388 0
-385 -389 0
-385 -390 0
-385 -391 0
-385 -392 0
-385 -393 0
-385 -394 0
-385 -395 0
-385 -396 0
-386 -387 0
-386 -388 0
-386 -389 0
-386 -390 0
-386 -391 0
-386 -392 0
-386 -393 0
-386 -394 0
-386 -395 0
-386 -396 0
-387 -388 0
-387 -389 0
-387 -390 0
-387 -391 0
-387 -392 0
-387 -393 0
-387 -394 0
-387 -395 0
-387 -396 0
-388 -389 0
-388 -390 0
-388 -391 0
-388 -392 0
-388 -393 0
-388 -394 0
-388 -395 0
-388 -396 0
-389 -390 0
-389 -391 0
-389 -392 0
-389 -393 0
-389 -394 0
-389 -395 0
-389 -396 0
-390 -391 0
-390 -392 0
-390 -393 0
-390 -394 0
-390 -395 0
-390 -396 0
-391 -392 0
-391 -393 0
-391 -394 0
-391 -395 0
-391 -396 0
-392 -393 0
-392 -394 0
-392 -395 0
-392 -396 0
-393 -394 0
-393 -395 0
-393 -396 0
-394 -395 0
-394 -396 0
-395 -396 0
-397 -398 0
-397 -399 0
-397 -400 0
-397 -401 0
-397 -402 0
-397 -403 0
-397 -404 0
-397 -405 0
-397 -406 0
-397 -407 0
-397 -408 0
-397 -409 0
-397 -410 0
-397 -411 0
-397 -412 0
-397 -413 0
-397 -414 0
-397 -415 0
-397 -416 0
-397 -417 0
-397 -418 0
-397 -419 0
-397 -420 0
-397 -421 0
-397 -422 0
-397 -423 0
-397 -424 0
-397 -425 0
-397 -426 0
-397 -427 0
-397 -428 0
-397 -429 0
-398 -399 0
-398 -400 0
-398 -401 0
-398 -402 0
-398 -403 0
-398 -404 0
-398 -405 0
-398 -406 0
-398 -407 0
-398 -408 0
-398 -409 0
-398 -410 0
-398 -411 0
-398 -412 0
-398 -413 0
-398 -414 0
-398 -415 0
-398 -416 0
-398 -417 0
-398 -418 0
-398 -419 0
-398 -420 0
-398 -421 0
-398 -422 0
-398 -423 0
-398 -424 0
-398 -425 0
-398 -426 0
-398 -427 0
-398 -428 0
-398 -429 0
-399 -400 0
-399 -401 0
-399 -402 0
-399 -403 0
-399 -404 0
-399 -405 0
-399 -406 0
-399 -407 0
-399 -408 0
-399 -409 0
-399 -410 0
-399 -411 0
-399 -412 0
-399 -413 0
-399 -414 0
-399 -415 0
-399 -416 0
-399 -417 0
-399 -418 0
-399 -419 0
-399 -420 0
-399 -421 0
-399 -422 0
-399 -423 0
-399 -424 0
-399 -425 0
-399 -426 0
-399 -427 0
-399 -428 0
-399 -429 0
-400 -401 0
-400 -402 0
-400 -403 0
-400 -404 0
-400 -405 0
-400 -406 0
-400 -407 0
-400 -408 0
-400 -409 0
-400 -410 0
-400 -411 0
-400 -412 0
-400 -413 0
-400 -414 0
-400 -415 0
-400 -416 0
-400 -417 0
-400 -418 0
-400 -419 0
-400 -420 0
-400 -421 0
-400 -422 0
-400 -423 0
-400 -424 0
-400 -425 0
-400 -426 0
-400 -427 0
-400 -428 0
-400 -429 0
-401 -402 0
-401 -403 0
-401 -404 0
-401 -405 0
-401 -406 0
-401 -407 0
-401 -408 0
-401 -409 0
-401 -410 0
-401 -411 0
-401 -412 0
-401 -413 0
-401 -414 0
-401 -415 0
-401 -416 0
-401 -417 0
-401 -418 0
-401 -419 0
-401 -420 0
-401 -421 0
-401 -422 0
-401 -423 0
-401 -424 0
-401 -425 0
-401 -426 0
-401 -427 0
-401 -428 0
-401 -429 0
-402 -403 0
-402 -404 0
-402 -405 0
-402 -406 0
-402 -407 0
-402 -408 0
-402 -409 0
-402 -410 0
-402 -411 0
-402 -412 0
-402 -413 0
-402 -414 0
-402 -415 0
-402 -416 0
-402 -417 0
-402 -418 0
-402 -419 0
-402 -420 0
-402 -421 0
-402 -422 0
-402 -423 0
-402 -424 0
-402 -425 0
-402 -426 0
-402 -427 0
-402 -428 0
-402 -429 0
-403 -404 0
-403 -405 0
-403 -406 0
-403 -407 0
-403 -408 0
-403 -409 0
-403 -410 0
-403 -411 0
-403 -412 0
-403 -413 0
-403 -414 0
-403 -415 0
-403 -416 0
-403 -417 0
-403 -418 0
-403 -419 0
-403 -420 0
-403 -421 0
-403 -422 0
-403 -423 0
-403 -424 0
-403 -425 0
-403 -426 0
-403 -427 0
-403 -428 0
-403 -429 0
-404 -405 0
-404 -406 0
-404 -407 0
-404 -408 0
-404 -409 0
-404 -410 0
-404 -411 0
-404 -412 0
-404 -413 0
-404 -414 0
-404 -415 0
-404 -416 0
-404 -417 0
-404 -418 0
-404 -419 0
-404 -420 0
-404 -421 0
-404 -422 0
-404 -423 0
-404 -424 0
-404 -425 0
-404 -426 0
-404 -427 0
-404 -428 0
-404 -429 0
-405 -406 0
-405 -407 0
-405 -408 0
-405 -409 0
-405 -410 0
-405 -411 0
-405 -412 0
-405 -413 0
-405 -414 0
-405 -415 0
-405 -416 0
-405 -417 0
-405 -418 0
-405 -419 0
-405 -420 0
-405 -421 0
-405 -422 0
-405 -423 0
-405 -424 0
-405 -425 0
-405 -426 0
-405 -427 0
-405 -428 0
-405 -429 0
-406 -407 0
-406 -408 0
-406 -409 0
-406 -410 0
-406 -411 0
-406 -412 0
-406 -413 0
-406 -414 0
-406 -415 0
-406 -416 0
-406 -417 0
-406 -418 0
-406 -419 0
-406 -420 0
-406 -421 0
-406 -422 0
-406 -423 0
-406 -424 0
-406 -425 0
-406 -426 0
-406 -427 0
-406 -428 0
-406 -429 0
-407 -408 0
-407 -409 0
-407 -410 0
-407 -411 0
-407 -412 0
-407 -413 0
-407 -414 0
-407 -415 0
-407 -416 0
-407 -417 0
-407 -418 0
-407 -419 0
-407 -420 0
-407 -421 0
-407 -422 0
-407 -423 0
-407 -424 0
-407 -425 0
-407 -426 0
-407 -427 0
-407 -428 0
-407 -429 0
-408 -409 0
-408 -410 0
-408 -411 0
-408 -412 0
-408 -413 0
-408 -414 0
-408 -415 0
-408 -416 0
-408 -417 0
-408 -418 0
-408 -419 0
-408 -420 0
-408 -421 0
-408 -422 0
-408 -423 0
-408 -424 0
-408 -425 0
-408 -426 0
-408 -427 0
-408 -428 0
-408 -429 0
-409 -410 0
-409 -411 0
-409 -412 0
-409 -413 0
-409 -414 0
-409 -415 0
-409 -416 0
-409 -417 0
-409 -418 0
-409 -419 0
-409 -420 0
-409 -421 0
-409 -422 0
-409 -423 0
-409 -424 0
-409 -425 0
-409 -426 0
-409 -427 0
-409 -428 0
-409 -429 0
-410 -411 0
-410 -412 0
-410 -413 0
-410 -414 0
-410 -415 0
-410 -416 0
-410 -417 0
-410 -418 0
-410 -419 0
-410 -420 0
-410 -421 0
-410 -422 0
-410 -423 0
-410 -424 0
-410 -425 0
-410 -426 0
-410 -427 0
-410 -428 0
-410 -429 0
-411 -412 0
-411 -413 0
-411 -414 0
-411 -415 0
-411 -416 0
-411 -417 0
-411 -418 0
-411 -419 0
-411 -420 0
-411 -421 0
-411 -422 0
-411 -423 0
-411 -424 0
-411 -425 0
-411 -426 0
-411 -427 0
-411 -428 0
-411 -429 0
-412 -413 0
-412 -414 0
-412 -415 0
-412 -416 0
-412 -417 0
-412 -418 0
-412 -419 0
-412 -420 0
-412 -421 0
-412 -422 0
-412 -423 0
-412 -424 0
-412 -425 0
-412 -426 0
-412 -427 0
-412 -428 0
-412 -429 0
-413 -414 0
-413 -415 0
-413 -416 0
-413 -417 0
-413 -418 0
-413 -419 0
-413 -420 0
-413 -421 0
-413 -422 0
-413 -423 0
-413 -424 0
-413 -425 0
-413 -426 0
-413 -427 0
-413 -428 0
-413 -429 0
-414 -415 0
-414 -416 0
-414 -417 0
-414 -418 0
-414 -419 0
-414 -420 0
-414 -421 0
-414 -422 0
-414 -423 0
-414 -424 0
-414 -425 0
-414 -426 0
-414 -427 0
-414 -428 0
-414 -429 0
-415 -416 0
-415 -417 0
-415 -418 0
-415 -419 0
-415 -420 0
-415 -421 0
-415 -422 0
-415 -423 0
-415 -424 0
-415 -425 0
-415 -426 0
-415 -427 0
-415 -428 0
-415 -429 0
-416 -417 0
-416 -418 0
-416 -419 0
-416 -420 0
-416 -421 0
-416 -422 0
-416 -423 0
-416 -424 0
-416 -425 0
-416 -426 0
-416 -427 0
-416 -428 0
-416 -429 0
-417 -418 0
-417 -419 0
-417 -420 0
-417 -421 0
-417 -422 0
-417 -423 0
-417 -424 0
-417 -425 0
-417 -426 0
-417 -427 0
-417 -428 0
-417 -429 0
-418 -419 0
-418 -420 0
-418 -421 0
-418 -422 0
-418 -423 0
-418 -424 0
-418 -425 0
-418 -426 0
-418 -427 0
-418 -428 0
-418 -429 0
-419 -420 0
-419 -421 0
-419 -422 0
-419 -423 0
-419 -424 0
-419 -425 0
-419 -426 0
-419 -427 0
-419 -428 0
-419 -429 0
-420 -421 0
-420 -422 0
-420 -423 0
-420 -424 0
-420 -425 0
-420 -426 0
-420 -427 0
-420 -428 0
-420 -429 0
-421 -422 0
-421 -423 0
-421 -424 0
-421 -425 0
-421 -426 0
-421 -427 0
-421 -428 0
-421 -429 0
-422 -423 0
-422 -424 0
-422 -425 0
-422 -426 0
-422 -427 0
-422 -428 0
-422 -429 0
-423 -424 0
-423 -425 0
-423 -426 0
-423 -427 0
-423 -428 0
-423 -429 0
-424 -425 0
-424 -426 0
-424 -427 0
-424 -428 0
-424 -429 0
-425 -426 0
-425 -427 0
-425 -428 0
-425 -429 0
-426 -427 0
-426 -428 0
-426 -429 0
-427 -428 0
-427 -429 0
-428 -429 0
-430 -431 0
-430 -432 0
-430 -433 0
-430 -434 0
-430 -435 0
-430 -436 0
-430 -437 0
-430 -438 0
-430 -439 0
-430 -440 0
-430 -441 0
-430 -442 0
-430 -443 0
-430 -444 0
-430 -445 0
-430 -446 0
-430 -447 0
-430 -448 0
-430 -449 0
-430 -450 0
-430 -451 0
-430 -452 0
-430 -453 0
-430 -454 0
-430 -455 0
-430 -456 0
-430 -457 0
-430 -458 0
-430 -459 0
-430 -460 0
-430 -461 0
-430 -462 0
-431 -432 0
-431 -433 0
-431 -434 0
-431 -435 0
-431 -436 0
-431 -437 0
-431 -438 0
-431 -439 0
-431 -440 0
-431 -441 0
-431 -442 0
-431 -443 0
-431 -444 0
-431 -445 0
-431 -446 0
-431 -447 0
-431 -448 0
-431 -449 0
-431 -450 0
-431 -451 0
-431 -452 0
-431 -453 0
-431 -454 0
-431 -455 0
-431 -456 0
-431 -457 0
-431 -458 0
-431 -459 0
-431 -460 0
-431 -461 0
-431 -462 0
-432 -433 0
-432 -434 0
-432 -435 0
-432 -436 0
-432 -437 0
-432 -438 0
-432 -439 0
-432 -440 0
-432 -441 0
-432 -442 0
-432 -443 0
-432 -444 0
-432 -445 0
-432 -446 0
-432 -447 0
-432 -448 0
-432 -449 0
-432 -450 0
-432 -451 0
-432 -452 0
-432 -453 0
-432 -454 0
-432 -455 0
-432 -456 0
-432 -457 0
-432 -458 0
-432 -459 0
-432 -460 0
-432 -461 0
-432 -462 0
-433 -434 0
-433 -435 0
-433 -436 0
-433 -437 0
-433 -438 0
-433 -439 0
-433 -440 0
-433 -441 0
-433 -442 0
-433 -443 0
-433 -444 0
-433 -445 0
-433 -446 0
-433 -447 0
-433 -448 0
-433 -449 0
-433 -450 0
-433 -451 0
-433 -452 0
-433 -453 0
-433 -454 0
-433 -455 0
-433 -456 0
-433 -457 0
-433 -458 0
-433 -459 0
-433 -460 0
-433 -461 0
-433 -462 0
-434 -435 0
-434 -436 0
-434 -437 0
-434 -438 0
-434 -439 0
-434 -440 0
-434 -441 0
-434 -442 0
-434 -443 0
-434 -444 0
-434 -445 0
-434 -446 0
-434 -447 0
-434 -448 0
-434 -449 0
-434 -450 0
-434 -451 0
-434 -452 0
-434 -453 0
-434 -454 0
-434 -455 0
-434 -456 0
-434 -457 0
-434 -458 0
-434 -459 0
-434 -460 0
-434 -461 0
-434 -462 0
-435 -436 0
-435 -437 0
-435 -438 0
-435 -439 0
-435 -440 0
-435 -441 0
-435 -442 0
-435 -443 0
-435 -444 0
-435 -445 0
-435 -446 0
-435 -447 0
-435 -448 0
-435 -449 0
-435 -450 0
-435 -451 0
-435 -452 0
-435 -453 0
-435 -454 0
-435 -455 0
-435 -456 0
-435 -457 0
-435 -458 0
-435 -459 0
-435 -460 0
-435 -461 0
-435 -462 0
-436 -437 0
-436 -438 0
-436 -439 0
-436 -440 0
-436 -441 0
-436 -442 0
-436 -443 0
-436 -444 0
-436 -445 0
-436 -446 0
-436 -447 0
-436 -448 0
-436 -449 0
-436 -450 0
-436 -451 0
-436 -452 0
-436 -453 0
-436 -454 0
-436 -455 0
-436 -456 0
-436 -457 0
-436 -458 0
-436 -459 0
-436 -460 0
-436 -461 0
-436 -462 0
-437 -438 0
-437 -439 0
-437 -440 0
-437 -441 0
-437 -442 0
-437 -443 0
-437 -444 0
-437 -445 0
-437 -446 0
-437 -447 0
-437 -448 0
-437 -449 0
-437 -450 0
-437 -451 0
-437 -452 0
-437 -453 0
-437 -454 0
-437 -455 0
-437 -456 0
-437 -457 0
-437 -458 0
-437 -459 0
-437 -460 0
-437 -461 0
-437 -462 0
-438 -439 0
-438 -440 0
-438 -441 0
-438 -442 0
-438 -443 0
-438 -444 0
-438 -445 0
-438 -446 0
-438 -447 0
-438 -448 0
-438 -449 0
-438 -450 0
-438 -451 0
-438 -452 0
-438 -453 0
-438 -454 0
-438 -455 0
-438 -456 0
-438 -457 0
-438 -458 0
-438 -459 0
-438 -460 0
-438 -461 0
-438 -462 0
-439 -440 0
-439 -441 0
-439 -442 0
-439 -443 0
-439 -444 0
-439 -445 0
-439 -446 0
-439 -447 0
-439 -448 0
-439 -449 0
-439 -450 0
-439 -451 0
-439 -452 0
-439 -453 0
-439 -454 0
-439 -455 0
-439 -456 0
-439 -457 0
-439 -458 0
-439 -459 0
-439 -460 0
-439 -461 0
-439 -462 0
-440 -441 0
-440 -442 0
-440 -443 0
-440 -444 0
-440 -445 0
-440 -446 0
-440 -447 0
-440 -448 0
-440 -449 0
-440 -450 0
-440 -451 0
-440 -452 0
-440 -453 0
-440 -454 0
-440 -455 0
-440 -456 0
-440 -457 0
-440 -458 0
-440 -459 0
-440 -460 0
-440 -461 0
-440 -462 0
-441 -442 0
-441 -443 0
-441 -444 0
-441 -445 0
-441 -446 0
-441 -447 0
-441 -448 0
-441 -449 0
-441 -450 0
-441 -451 0
-441 -452 0
-441 -453 0
-441 -454 0
-441 -455 0
-441 -456 0
-441 -457 0
-441 -458 0
-441 -459 0
-441 -460 0
-441 -461 0
-441 -462 0
-442 -443 0
-442 -444 0
-442 -445 0
-442 -446 0
-442 -447 0
-442 -448 0
-442 -449 0
-442 -450 0
-442 -451 0
-442 -452 0
-442 -453 0
-442 -454 0
-442 -455 0
-442 -456 0
-442 -457 0
-442 -458 0
-442 -459 0
-442 -460 0
-442 -461 0
-442 -462 0
-443 -444 0
-443 -445 0
-443 -446 0
-443 -447 0
-443 -448 0
-443 -449 0
-443 -450 0
-443 -451 0
-443 -452 0
-443 -453 0
-443 -454 0
-443 -455 0
-443 -456 0
-443 -457 0
-443 -458 0
-443 -459 0
-443 -460 0
-443 -461 0
-443 -462 0
-444 -445 0
-444 -446 0
-444 -447 0
-444 -448 0
-444 -449 0
-444 -450 0
-444 -451 0
-444 -452 0
-444 -453 0
-444 -454 0
-444 -455 0
-444 -456 0
-444 -457 0
-444 -458 0
-444 -459 0
-444 -460 0
-444 -461 0
-444 -462 0
-445 -446 0
-445 -447 0
-445 -448 0
-445 -449 0
-445 -450 0
-445 -451 0
-445 -452 0
-445 -453 0
-445 -454 0
-445 -455 0
-445 -456 0
-445 -457 0
-445 -458 0
-445 -459 0
-445 -460 0
-445 -461 0
-445 -462 0
-446 -447 0
-446 -448 0
-446 -449 0
-446 -450 0
-446 -451 0
-446 -452 0
-446 -453 0
-446 -454 0
-446 -455 0
-446 -456 0
-446 -457 0
-446 -458 0
-446 -459 0
-446 -460 0
-446 -461 0
-446 -462 0
-447 -448 0
-447 -449 0
-447 -450 0
-447 -451 0
-447 -452 0
-447 -453 0
-447 -454 0
-447 -455 0
-447 -456 0
-447 -457 0
-447 -458 0
-447 -459 0
-447 -460 0
-447 -461 0
-447 -462 0
-448 -449 0
-448 -450 0
-448 -451 0
-448 -452 0
-448 -453 0
-448 -454 0
-448 -455 0
-448 -456 0
-448 -457 0
-448 -458 0
-448 -459 0
-448 -460 0
-448 -461 0
-448 -462 0
-449 -450 0
-449 -451 0
-449 -452 0
-449 -453 0
-449 -454 0
-449 -455 0
-449 -456 0
-449 -457 0
-449 -458 0
-449 -459 0
-449 -460 0
-449 -461 0
-449 -462 0
-450 -451 0
-450 -452 0
-450 -453 0
-450 -454 0
-450 -455 0
-450 -456 0
-450 -457 0
-450 -458 0
-450 -459 0
-450 -460 0
-450 -461 0
-450 -462 0
-451 -452 0
-451 -453 0
-451 -454 0
-451 -455 0
-451 -456 0
-451 -457 0
-451 -458 0
-451 -459 0
-451 -460 0
-451 -461 0
-451 -462 0
-452 -453 0
-452 -454 0
-452 -455 0
-452 -456 0
-452 -457 0
-452 -458 0
-452 -459 0
-452 -460 0
-452 -461 0
-452 -462 0
-453 -454 0
-453 -455 0
-453 -456 0
-453 -457 0
-453 -458 0
-453 -459 0
-453 -460 0
-453 -461 0
-453 -462 0
-454 -455 0
-454 -456 0
-454 -457 0
-454 -458 0
-454 -459 0
-454 -460 0
-454 -461 0
-454 -462 0
-455 -456 0
-455 -457 0
-455 -458 0
-455 -459 0
-455 -460 0
-455 -461 0
-455 -462 0
-456 -457 0
-456 -458 0
-456 -459 0
-456 -460 0
-456 -461 0
-456 -462 0
-457 -458 0
-457 -459 0
-457 -460 0
-457 -461 0
-457 -462 0
-458 -459 0
-458 -460 0
-458 -461 0
-458 -462 0
-459 -460 0
-459 -461 0
-459 -462 0
-460 -461 0
-460 -462 0
-461 -462 0
-463 -464 0
-463 -465 0
-463 -466 0
-463 -467 0
-463 -468 0
-463 -469 0
-463 -470 0
-463 -471 0
-463 -472 0
-463 -473 0
-463 -474 0
-463 -475 0
-463 -476 0
-463 -477 0
-463 -478 0
-463 -479 0
-463 -480 0
-463 -481 0
-463 -482 0
-463 -483 0
-463 -484 0
-463 -485 0
-463 -486 0
-463 -487 0
-463 -488 0
-463 -489 0
-463 -490 0
-463 -491 0
-463 -492 0
-463 -493 0
-463 -494 0
-463 -495 0
-464 -465 0
-464 -466 0
-464 -467 0
-464 -468 0
-464 -469 0
-464 -470 0
-464 -471 0
-464 -472 0
-464 -473 0
-464 -474 0
-464 -475 0
-464 -476 0
-464 -477 0
-464 -478 0
-464 -479 0
-464 -480 0
-464 -481 0
-464 -482 0
-464 -483 0
-464 -484 0
-464 -485 0
-464 -486 0
-464 -487 0
-464 -488 0
-464 -489 0
-464 -490 0
-464 -491 0
-464 -492 0
-464 -493 0
-464 -494 0
-464 -495 0
-465 -466 0
-465 -467 0
-465 -468 0
-465 -469 0
-465 -470 0
-465 -471 0
-465 -472 0
-465 -473 0
-465 -474 0
-465 -475 0
-465 -476 0
-465 -477 0
-465 -478 0
-465 -479 0
-465 -480 0
-465 -481 0
-465 -482 0
-465 -483 0
-465 -484 0
-465 -485 0
-465 -486 0
-465 -487 0
-465 -488 0
-465 -489 0
-465 -490 0
-465 -491 0
-465 -492 0
-465 -493 0
-465 -494 0
-465 -495 0
-466 -467 0
-466 -468 0
-466 -469 0
-466 -470 0
-466 -471 0
-466 -472 0
-466 -473 0
-466 -474 0
-466 -475 0
-466 -476 0
-466 -477 0
-466 -478 0
-466 -479 0
-466 -480 0
-466 -481 0
-466 -482 0
-466 -483 0
-466 -484 0
-466 -485 0
-466 -486 0
-466 -487 0
-466 -488 0
-466 -489 0
-466 -490 0
-466 -491 0
-466 -492 0
-466 -493 0
-466 -494 0
-466 -495 0
-467 -468 0
-467 -469 0
-467 -470 0
-467 -471 0
-467 -472 0
-467 -473 0
-467 -474 0
-467 -475 0
-467 -476 0
-467 -477 0
-467 -478 0
-467 -479 0
-467 -480 0
-467 -481 0
-467 -482 0
-467 -483 0
-467 -484 0
-467 -485 0
-467 -486 0
-467 -487 0
-467 -488 0
-467 -489 0
-467 -490 0
-467 -491 0
-467 -492 0
-467 -493 0
-467 -494 0
-467 -495 0
-468 -469 0
-468 -470 0
-468 -471 0
-468 -472 0
-468 -473 0
-468 -474 0
-468 -475 0
-468 -476 0
-468 -477 0
-468 -478 0
-468 -479 0
-468 -480 0
-468 -481 0
-468 -482 0
-468 -483 0
-468 -484 0
-468 -485 0
-468 -486 0
-468 -487 0
-468 -488 0
-468 -489 0
-468 -490 0
-468 -491 0
-468 -492 0
-468 -493 0
-468 -494 0
-468 -495 0
-469 -470 0
-469 -471 0
-469 -472 0
-469 -473 0
-469 -474 0
-469 -475 0
-469 -476 0
-469 -477 0
-469 -478 0
-469 -479 0
-469 -480 0
-469 -481 0
-469 -482 0
-469 -483 0
-469 -484 0
-469 -485 0
-469 -486 0
-469 -487 0
-469 -488 0
-469 -489 0
-469 -490 0
-469 -491 0
-469 -492 0
-469 -493 0
-469 -494 0
-469 -495 0
-470 -471 0
-470 -472 0
-470 -473 0
-470 -474 0
-470 -475 0
-470 -476 0
-470 -477 0
-470 -478 0
-470 -479 0
-470 -480 0
-470 -481 0
-470 -482 0
-470 -483 0
-470 -484 0
-470 -485 0
-470 -486 0
-470 -487 0
-470 -488 0
-470 -489 0
-470 -490 0
-470 -491 0
-470 -492 0
-470 -493 0
-470 -494 0
-470 -495 0
-471 -472 0
-471 -473 0
-471 -474 0
-471 -475 0
-471 -476 0
-471 -477 0
-471 -478 0
-471 -479 0
-471 -480 0
-471 -481 0
-471 -482 0
-471 -483 0
-471 -484 0
-471 -485 0
-471 -486 0
-471 -487 0
-471 -488 0
-471 -489 0
-471 -490 0
-471 -491 0
-471 -492 0
-471 -493 0
-471 -494 0
-471 -495 0
-472 -473 0
-472 -474 0
-472 -475 0
-472 -476 0
-472 -477 0
-472 -478 0
-472 -479 0
-472 -480 0
-472 -481 0
-472 -482 0
-472 -483 0
-472 -484 0
-472 -485 0
-472 -486 0
-472 -487 0
-472 -488 0
-472 -489 0
-472 -490 0
-472 -491 0
-472 -492 0
-472 -493 0
-472 -494 0
-472 -495 0
-473 -474 0
-473 -475 0
-473 -476 0
-473 -477 0
-473 -478 0
-473 -479 0
-473 -480 0
-473 -481 0
-473 -482 0
-473 -483 0
-473 -484 0
-473 -485 0
-473 -486 0
-473 -487 0
-473 -488 0
-473 -489 0
-473 -490 0
-473 -491 0
-473 -492 0
-473 -493 0
-473 -494 0
-473 -495 0
-474 -475 0
-474 -476 0
-474 -477 0
-474 -478 0
-474 -479 0
-474 -480 0
-474 -481 0
-474 -482 0
-474 -483 0
-474 -484 0
-474 -485 0
-474 -486 0
-474 -487 0
-474 -488 0
-474 -489 0
-474 -490 0
-474 -491 0
-474 -492 0
-474 -493 0
-474 -494 0
-474 -495 0
-475 -476 0
-475 -477 0
-475 -478 0
-475 -479 0
-475 -480 0
-475 -481 0
-475 -482 0
-475 -483 0
-475 -484 0
-475 -485 0
-475 -486 0
-475 -487 0
-475 -488 0
-475 -489 0
-475 -490 0
-475 -491 0
-475 -492 0
-475 -493 0
-475 -494 0
-475 -495 0
-476 -477 0
-476 -478 0
-476 -479 0
-476 -480 0
-476 -481 0
-476 -482 0
-476 -483 0
-476 -484 0
-476 -485 0
-476 -486 0
-476 -487 0
-476 -488 0
-476 -489 0
-476 -490 0
-476 -491 0
-476 -492 0
-476 -493 0
-476 -494 0
-476 -495 0
-477 -478 0
-477 -479 0
-477 -480 0
-477 -481 0
-477 -482 0
-477 -483 0
-477 -484 0
-477 -485 0
-477 -486 0
-477 -487 0
-477 -488 0
-477 -489 0
-477 -490 0
-477 -491 0
-477 -492 0
-477 -493 0
-477 -494 0
-477 -495 0
-478 -479 0
-478 -480 0
-478 -481 0
-478 -482 0
-478 -483 0
-478 -484 0
-478 -485 0
-478 -486 0
-478 -487 0
-478 -488 0
-478 -489 0
-478 -490 0
-478 -491 0
-478 -492 0
-478 -493 0
-478 -494 0
-478 -495 0
-479 -480 0
-479 -481 0
-479 -482 0
-479 -483 0
-479 -484 0
-479 -485 0
-479 -486 0
-479 -487 0
-479 -488 0
-479 -489 0
-479 -490 0
-479 -491 0
-479 -492 0
-479 -493 0
-479 -494 0
-479 -495 0
-480 -481 0
-480 -482 0
-480 -483 0
-480 -484 0
-480 -485 0
-480 -486 0
-480 -487 0
-480 -488 0
-480 -489 0
-480 -490 0
-480 -491 0
-480 -492 0
-480 -493 0
-480 -494 0
-480 -495 0
-481 -482 0
-481 -483 0
-481 -484 0
-481 -485 0
-481 -486 0
-481 -487 0
-481 -488 0
-481 -489 0
-481 -490 0
-481 -491 0
-481 -492 0
-481 -493 0
-481 -494 0
-481 -495 0
-482 -483 0
-482 -484 0
-482 -485 0
-482 -486 0
-482 -487 0
-482 -488 0
-482 -489 0
-482 -490 0
-482 -491 0
-482 -492 0
-482 -493 0
-482 -494 0
-482 -495 0
-483 -484 0
-483 -485 0
-483 -486 0
-483 -487 0
-483 -488 0
-483 -489 0
-483 -490 0
-483 -491 0
-483 -492 0
-483 -493 0
-483 -494 0
-483 -495 0
-484 -485 0
-484 -486 0
-484 -487 0
-484 -488 0
-484 -489 0
-484 -490 0
-484 -491 0
-484 -492 0
-484 -493 0
-484 -494 0
-484 -495 0
-485 -486 0
-485 -487 0
-485 -488 0
-485 -489 0
-485 -490 0
-485 -491 0
-485 -492 0
-485 -493 0
-485 -494 0
-485 -495 0
-486 -487 0
-486 -488 0
-486 -489 0
-486 -490 0
-486 -491 0
-486 -492 0
-486 -493 0
-486 -494 0
-486 -495 0
-487 -488 0
-487 -489 0
-487 -490 0
-487 -491 0
-487 -492 0
-487 -493 0
-487 -494 0
-487 -495 0
-488 -489 0
-488 -490 0
-488 -491 0
-488 -492 0
-488 -493 0
-488 -494 0
-488 -495 0
-489 -490 0
-489 -491 0
-489 -492 0
-489 -493 0
-489 -494 0
-489 -495 0
-490 -491 0
-490 -492 0
-490 -493 0
-490 -494 0
-490 -495 0
-491 -492 0
-491 -493 0
-491 -494 0
-491 -495 0
-492 -493 0
-492 -494 0
-492 -495 0
-493 -494 0
-493 -495 0
-494 -495 0
-496 -497 0
-496 -498 0
-496 -499 0
-496 -500 0
-496 -501 0
-496 -502 0
-496 -503 0
-496 -504 0
-496 -505 0
-496 -506 0
-496 -507 0
-496 -508 0
-496 -509 0
-496 -510 0
-496 -511 0
-496 -512 0
-496 -513 0
-496 -514 0
-496 -515 0
-496 -516 0
-496 -517 0
-496 -518 0
-496 -519 0
-496 -520 0
-496 -521 0
-496 -522 0
-496 -523 0
-496 -524 0
-496 -525 0
-496 -526 0
-496 -527 0
-496 -528 0
-497 -498 0
-497 -499 0
-497 -500 0
-497 -501 0
-497 -502 0
-497 -503 0
-497 -504 0
-497 -505 0
-497 -506 0
-497 -507 0
-497 -508 0
-497 -509 0
-497 -510 0
-497 -511 0
-497 -512 0
-497 -513 0
-497 -514 0
-497 -515 0
-497 -516 0
-497 -517 0
-497 -518 0
-497 -519 0
-497 -520 0
-497 -521 0
-497 -522 0
-497 -523 0
-497 -524 0
-497 -525 0
-497 -526 0
-497 -527 0
-497 -528 0
-498 -499 0
-498 -500 0
-498 -501 0
-498 -502 0
-498 -503 0
-498 -504 0
-498 -505 0
-498 -506 0
-498 -507 0
-498 -508 0
-498 -509 0
-498 -510 0
-498 -511 0
-498 -512 0
-498 -513 0
-498 -514 0
-498 -515 0
-498 -516 0
-498 -517 0
-498 -518 0
-498 -519 0
-498 -520 0
-498 -521 0
-498 -522 0
-498 -523 0
-498 -524 0
-498 -525 0
-498 -526 0
-498 -527 0
-498 -528 0
-499 -500 0
-499 -501 0
-499 -502 0
-499 -503 0
-499 -504 0
-499 -505 0
-499 -506 0
-499 -507 0
-499 -508 0
-499 -509 0
-499 -510 0
-499 -511 0
-499 -512 0
-499 -513 0
-499 -514 0
-499 -515 0
-499 -516 0
-499 -517 0
-499 -518 0
-499 -519 0
-499 -520 0
-499 -521 0
-499 -522 0
-499 -523 0
-499 -524 0
-499 -525 0
-499 -526 0
-499 -527 0
-499 -528 0
-500 -501 0
-500 -502 0
-500 -503 0
-500 -504 0
-500 -505 0
-500 -506 0
-500 -507 0
-500 -508 0
-500 -509 0
-500 -510 0
-500 -511 0
-500 -512 0
-500 -513 0
-500 -514 0
-500 -515 0
-500 -516 0
-500 -517 0
-500 -518 0
-500 -519 0
-500 -520 0
-500 -521 0
-500 -522 0
-500 -523 0
-500 -524 0
-500 -525 0
-500 -526 0
-500 -527 0
-500 -528 0
-501 -502 0
-501 -503 0
-501 -504 0
-501 -505 0
-501 -506 0
-501 -507 0
-501 -508 0
-501 -509 0
-501 -510 0
-501 -511 0
-501 -512 0
-501 -513 0
-501 -514 0
-501 -515 0
-501 -516 0
-501 -517 0
-501 -518 0
-501 -519 0
-501 -520 0
-501 -521 0
-501 -522 0
-501 -523 0
-501 -524 0
-501 -525 0
-501 -526 0
-501 -527 0
-501 -528 0
-502 -503 0
-502 -504 0
-502 -505 0
-502 -506 0
-502 -507 0
-502 -508 0
-502 -509 0
-502 -510 0
-502 -511 0
-502 -512 0
-502 -513 0
-502 -514 0
-502 -515 0
-502 -516 0
-502 -517 0
-502 -518 0
-502 -519 0
-502 -520 0
-502 -521 0
-502 -522 0
-502 -523 0
-502 -524 0
-502 -525 0
-502 -526 0
-502 -527 0
-502 -528 0
-503 -504 0
-503 -505 0
-503 -506 0
-503 -507 0
-503 -508 0
-503 -509 0
-503 -510 0
-503 -511 0
-503 -512 0
-503 -513 0
-503 -514 0
-503 -515 0
-503 -516 0
-503 -517 0
-503 -518 0
-503 -519 0
-503 -520 0
-503 -521 0
-503 -522 0
-503 -523 0
-503 -524 0
-503 -525 0
-503 -526 0
-503 -527 0
-503 -528 0
-504 -505 0
-504 -506 0
-504 -507 0
-504 -508 0
-504 -509 0
-504 -510 0
-504 -511 0
-504 -512 0
-504 -513 0
-504 -514 0
-504 -515 0
-504 -516 0
-504 -517 0
-504 -518 0
-504 -519 0
-504 -520 0
-504 -521 0
-504 -522 0
-504 -523 0
-504 -524 0
-504 -525 0
-504 -526 0
-504 -527 0
-504 -528 0
-505 -506 0
-505 -507 0
-505 -508 0
-505 -509 0
-505 -510 0
-505 -511 0
-505 -512 0
-505 -513 0
-505 -514 0
-505 -515 0
-505 -516 0
-505 -517 0
-505 -518 0
-505 -519 0
-505 -520 0
-505 -521 0
-505 -522 0
-505 -523 0
-505 -524 0
-505 -525 0
-505 -526 0
-505 -527 0
-505 -528 0
-506 -507 0
-506 -508 0
-506 -509 0
-506 -510 0
-506 -511 0
-506 -512 0
-506 -513 0
-506 -514 0
-506 -515 0
-506 -516 0
-506 -517 0
-506 -518 0
-506 -519 0
-506 -520 0
-506 -521 0
-506 -522 0
-506 -523 0
-506 -524 0
-506 -525 0
-506 -526 0
-506 -527 0
-506 -528 0
-507 -508 0
-507 -509 0
-507 -510 0
-507 -511 0
-507 -512 0
-507 -513 0
-507 -514 0
-507 -515 0
-507 -516 0
-507 -517 0
-507 -518 0
-507 -519 0
-507 -520 0
-507 -521 0
-507 -522 0
-507 -523 0
-507 -524 0
-507 -525 0
-507 -526 0
-507 -527 0
-507 -528 0
-508 -509 0
-508 -510 0
-508 -511 0
-508 -512 0
-508 -513 0
-508 -514 0
-508 -515 0
-508 -516 0
-508 -517 0
-508 -518 0
-508 -519 0
-508 -520 0
-508 -521 0
-508 -522 0
-508 -523 0
-508 -524 0
-508 -525 0
-508 -526 0
-508 -527 0
-508 -528 0
-509 -510 0
-509 -511 0
-509 -512 0
-509 -513 0
-509 -514 0
-509 -515 0
-509 -516 0
-509 -517 0
-509 -518 0
-509 -519 0
-509 -520 0
-509 -521 0
-509 -522 0
-509 -523 0
-509 -524 0
-509 -525 0
-509 -526 0
-509 -527 0
-509 -528 0
-510 -511 0
-510 -512 0
-510 -513 0
-510 -514 0
-510 -515 0
-510 -516 0
-510 -517 0
-510 -518 0
-510 -519 0
-510 -520 0
-510 -521 0
-510 -522 0
-510 -523 0
-510 -524 0
-510 -525 0
-510 -526 0
-510 -527 0
-510 -528 0
-511 -512 0
-511 -513 0
-511 -514 0
-511 -515 0
-511 -516 0
-511 -517 0
-511 -518 0
-511 -519 0
-511 -520 0
-511 -521 0
-511 -522 0
-511 -523 0
-511 -524 0
-511 -525 0
-511 -526 0
-511 -527 0
-511 -528 0
-512 -513 0
-512 -514 0
-512 -515 0
-512 -516 0
-512 -517 0
-512 -518 0
-512 -519 0
-512 -520 0
-512 -521 0
-512 -522 0
-512 -523 0
-512 -524 0
-512 -525 0
-512 -526 0
-512 -527 0
-512 -528 0
-513 -514 0
-513 -515 0
-513 -516 0
-513 -517 0
-513 -518 0
-513 -519 0
-513 -520 0
-513 -521 0
-513 -522 0
-513 -523 0
-513 -524 0
-513 -525 0
-513 -526 0
-513 -527 0
-513 -528 0
-514 -515 0
-514 -516 0
-514 -517 0
-514 -518 0
-514 -519 0
-514 -520 0
-514 -521 0
-514 -522 0
-514 -523 0
-514 -524 0
-514 -525 0
-514 -526 0
-514 -527 0
-514 -528 0
-515 -516 0
-515 -517 0
-515 -518 0
-515 -519 0
-515 -520 0
-515 -521 0
-515 -522 0
-515 -523 0
-515 -524 0
-515 -525 0
-515 -526 0
-515 -527 0
-515 -528 0
-516 -517 0
-516 -518 0
-516 -519 0
-516 -520 0
-516 -521 0
-516 -522 0
-516 -523 0
-516 -524 0
-516 -525 0
-516 -526 0
-516 -527 0
-516 -528 0
-517 -518 0
-517 -519 0
-517 -520 0
-517 -521 0
-517 -522 0
-517 -523 0
-517 -524 0
-517 -525 0
-517 -526 0
-517 -527 0
-517 -528 0
-518 -519 0
-518 -520 0
-518 -521 0
-518 -522 0
-518 -523 0
-518 -524 0
-518 -525 0
-518 -526 0
-518 -527 0
-518 -528 0
-519 -520 0
-519 -521 0
-519 -522 0
-519 -523 0
-519 -524 0
-519 -525 0
-519 -526 0
-519 -527 0
-519 -528 0
-520 -521 0
-520 -522 0
-520 -523 0
-520 -524 0
-520 -525 0
-520 -526 0
-520 -527 0
-520 -528 0
-521 -522 0
-521 -523 0
-521 -524 0
-521 -525 0
-521 -526 0
-521 -527 0
-521 -528 0
-522 -523 0
-522 -524 0
-522 -525 0
-522 -526 0
-522 -527 0
-522 -528 0
-523 -524 0
-523 -525 0
-523 -526 0
-523 -527 0
-523 -528 0
-524 -525 0
-524 -526 0
-524 -527 0
-524 -528 0
-525 -526 0
-525 -527 0
-525 -528 0
-526 -527 0
-526 -528 0
-527 -528 0
-529 -530 0
-529 -531 0
-529 -532 0
-529 -533 0
-529 -534 0
-529 -535 0
-529 -536 0
-529 -537 0
-529 -538 0
-529 -539 0
-529 -540 0
-529 -541 0
-529 -542 0
-529 -543 0
-529 -544 0
-529 -545 0
-529 -546 0
-529 -547 0
-529 -548 0
-529 -549 0
-529 -550 0
-529 -551 0
-529 -552 0
-529 -553 0
-529 -554 0
-529 -555 0
-529 -556 0
-529 -557 0
-529 -558 0
-529 -559 0
-529 -560 0
-529 -561 0
-530 -531 0
-530 -532 0
-530 -533 0
-530 -534 0
-530 -535 0
-530 -536 0
-530 -537 0
-530 -538 0
-530 -539 0
-530 -540 0
-530 -541 0
-530 -542 0
-530 -543 0
-530 -544 0
-530 -545 0
-530 -546 0
-530 -547 0
-530 -548 0
-530 -549 0
-530 -550 0
-530 -551 0
-530 -552 0
-530 -553 0
-530 -554 0
-530 -555 0
-530 -556 0
-530 -557 0
-530 -558 0
-530 -559 0
-530 -560 0
-530 -561 0
-531 -532 0
-531 -533 0
-531 -534 0
-531 -535 0
-531 -536 0
-531 -537 0
-531 -538 0
-531 -539 0
-531 -540 0
-531 -541 0
-531 -542 0
-531 -543 0
-531 -544 0
-531 -545 0
-531 -546 0
-531 -547 0
-531 -548 0
-531 -549 0
-531 -550 0
-531 -551 0
-531 -552 0
-531 -553 0
-531 -554 0
-531 -555 0
-531 -556 0
-531 -557 0
-531 -558 0
-531 -559 0
-531 -560 0
-531 -561 0
-532 -533 0
-532 -534 0
-532 -535 0
-532 -536 0
-532 -537 0
-532 -538 0
-532 -539 0
-532 -540 0
-532 -541 0
-532 -542 0
-532 -543 0
-532 -544 0
-532 -545 0
-532 -546 0
-532 -547 0
-532 -548 0
-532 -549 0
-532 -550 0
-532 -551 0
-532 -552 0
-532 -553 0
-532 -554 0
-532 -555 0
-532 -556 0
-532 -557 0
-532 -558 0
-532 -559 0
-532 -560 0
-532 -561 0
-533 -534 0
-533 -535 0
-533 -536 0
-533 -537 0
-533 -538 0
-533 -539 0
-533 -540 0
-533 -541 0
-533 -542 0
-533 -543 0
-533 -544 0
-533 -545 0
-533 -546 0
-533 -547 0
-533 -548 0
-533 -549 0
-533 -550 0
-533 -551 0
-533 -552 0
-533 -553 0
-533 -554 0
-533 -555 0
-533 -556 0
-533 -557 0
-533 -558 0
-533 -559 0
-533 -560 0
-533 -561 0
-534 -535 0
-534 -536 0
-534 -537 0
-534 -538 0
-534 -539 0
-534 -540 0
-534 -541 0
-534 -542 0
-534 -543 0
-534 -544 0
-534 -545 0
-534 -546 0
-534 -547 0
-534 -548 0
-534 -549 0
-534 -550 0
-534 -551 0
-534 -552 0
-534 -553 0
-534 -554 0
-534 -555 0
-534 -556 0
-534 -557 0
-534 -558 0
-534 -559 0
-534 -560 0
-534 -561 0
-535 -536 0
-535 -537 0
-535 -538 0
-535 -539 0
-535 -540 0
-535 -541 0
-535 -542 0
-535 -543 0
-535 -544 0
-535 -545 0
-535 -546 0
-535 -547 0
-535 -548 0
-535 -549 0
-535 -550 0
-535 -551 0
-535 -552 0
-535 -553 0
-535 -554 0
-535 -555 0
-535 -556 0
-535 -557 0
-535 -558 0
-535 -559 0
-535 -560 0
-535 -561 0
-536 -537 0
-536 -538 0
-536 -539 0
-536 -540 0
-536 -541 0
-536 -542 0
-536 -543 0
-536 -544 0
-536 -545 0
-536 -546 0
-536 -547 0
-536 -548 0
-536 -549 0
-536 -550 0
-536 -551 0
-536 -552 0
-536 -553 0
-536 -554 0
-536 -555 0
-536 -556 0
-536 -557 0
-536 -558 0
-536 -559 0
-536 -560 0
-536 -561 0
-537 -538 0
-537 -539 0
-537 -540 0
-537 -541 0
-537 -542 0
-537 -543 0
-537 -544 0
-537 -545 0
-537 -546 0
-537 -547 0
-537 -548 0
-537 -549 0
-537 -550 0
-537 -551 0
-537 -552 0
-537 -553 0
-537 -554 0
-537 -555 0
-537 -556 0
-537 -557 0
-537 -558 0
-537 -559 0
-537 -560 0
-537 -561 0
-538 -539 0
-538 -540 0
-538 -541 0
-538 -542 0
-538 -543 0
-538 -544 0
-538 -545 0
-538 -546 0
-538 -547 0
-538 -548 0
-538 -549 0
-538 -550 0
-538 -551 0
-538 -552 0
-538 -553 0
-538 -554 0
-538 -555 0
-538 -556 0
-538 -557 0
-538 -558 0
-538 -559 0
-538 -560 0
-538 -561 0
-539 -540 0
-539 -541 0
-539 -542 0
-539 -543 0
-539 -544 0
-539 -545 0
-539 -546 0
-539 -547 0
-539 -548 0
-539 -549 0
-539 -550 0
-539 -551 0
-539 -552 0
-539 -553 0
-539 -554 0
-539 -555 0
-539 -556 0
-539 -557 0
-539 -558 0
-539 -559 0
-539 -560 0
-539 -561 0
-540 -541 0
-540 -542 0
-540 -543 0
-540 -544 0
-540 -545 0
-540 -546 0
-540 -547 0
-540 -548 0
-540 -549 0
-540 -550 0
-540 -551 0
-540 -552 0
-540 -553 0
-540 -554 0
-540 -555 0
-540 -556 0
-540 -557 0
-540 -558 0
-540 -559 0
-540 -560 0
-540 -561 0
-541 -542 0
-541 -543 0
-541 -544 0
-541 -545 0
-541 -546 0
-541 -547 0
-541 -548 0
-541 -549 0
-541 -550 0
-541 -551 0
-541 -552 0
-541 -553 0
-541 -554 0
-541 -555 0
-541 -556 0
-541 -557 0
-541 -558 0
-541 -559 0
-541 -560 0
-541 -561 0
-542 -543 0
-542 -544 0
-542 -545 0
-542 -546 0
-542 -547 0
-542 -548 0
-542 -549 0
-542 -550 0
-542 -551 0
-542 -552 0
-542 -553 0
-542 -554 0
-542 -555 0
-542 -556 0
-542 -557 0
-542 -558 0
-542 -559 0
-542 -560 0
-542 -561 0
-543 -544 0
-543 -545 0
-543 -546 0
-543 -547 0
-543 -548 0
-543 -549 0
-543 -550 0
-543 -551 0
-543 -552 0
-543 -553 0
-543 -554 0
-543 -555 0
-543 -556 0
-543 -557 0
-543 -558 0
-543 -559 0
-543 -560 0
-543 -561 0
-544 -545 0
-544 -546 0
-544 -547 0
-544 -548 0
-544 -549 0
-544 -550 0
-544 -551 0
-544 -552 0
-544 -553 0
-544 -554 0
-544 -555 0
-544 -556 0
-544 -557 0
-544 -558 0
-544 -559 0
-544 -560 0
-544 -561 0
-545 -546 0
-545 -547 0
-545 -548 0
-545 -549 0
-545 -550 0
-545 -551 0
-545 -552 0
-545 -553 0
-545 -554 0
-545 -555 0
-545 -556 0
-545 -557 0
-545 -558 0
-545 -559 0
-545 -560 0
-545 -561 0
-546 -547 0
-546 -548 0
-546 -549 0
-546 -550 0
-546 -551 0
-546 -552 0
-546 -553 0
-546 -554 0
-546 -555 0
-546 -556 0
-546 -557 0
-546 -558 0
-546 -559 0
-546 -560 0
-546 -561 0
-547 -548 0
-547 -549 0
-547 -550 0
-547 -551 0
-547 -552 0
-547 -553 0
-547 -554 0
-547 -555 0
-547 -556 0
-547 -557 0
-547 -558 0
-547 -559 0
-547 -560 0
-547 -561 0
-548 -549 0
-548 -550 0
-548 -551 0
-548 -552 0
-548 -553 0
-548 -554 0
-548 -555 0
-548 -556 0
-548 -557 0
-548 -558 0
-548 -559 0
-548 -560 0
-548 -561 0
-549 -550 0
-549 -551 0
-549 -552 0
-549 -553 0
-549 -554 0
-549 -555 0
-549 -556 0
-549 -557 0
-549 -558 0
-549 -559 0
-549 -560 0
-549 -561 0
-550 -551 0
-550 -552 0
-550 -553 0
-550 -554 0
-550 -555 0
-550 -556 0
-550 -557 0
-550 -558 0
-550 -559 0
-550 -560 0
-550 -561 0
-551 -552 0
-551 -553 0
-551 -554 0
-551 -555 0
-551 -556 0
-551 -557 0
-551 -558 0
-551 -559 0
-551 -560 0
-551 -561 0
-552 -553 0
-552 -554 0
-552 -555 0
-552 -556 0
-552 -557 0
-552 -558 0
-552 -559 0
-552 -560 0
-552 -561 0
-553 -554 0
-553 -555 0
-553 -556 0
-553 -557 0
-553 -558 0
-553 -559 0
-553 -560 0
-553 -561 0
-554 -555 0
-554 -556 0
-554 -557 0
-554 -558 0
-554 -559 0
-554 -560 0
-554 -561 0
-555 -556 0
-555 -557 0
-555 -558 0
-555 -559 0
-555 -560 0
-555 -561 0
-556 -557 0
-556 -558 0
-556 -559 0
-556 -560 0
-556 -561 0
-557 -558 0
-557 -559 0
-557 -560 0
-557 -561 0
-558 -559 0
-558 -560 0
-558 -561 0
-559 -560 0
-559 -561 0
-560 -561 0
-562 -563 0
-562 -564 0
-562 -565 0
-562 -566 0
-562 -567 0
-562 -568 0
-562 -569 0
-562 -570 0
-562 -571 0
-562 -572 0
-562 -573 0
-562 -574 0
-562 -575 0
-562 -576 0
-562 -577 0
-562 -578 0
-562 -579 0
-562 -580 0
-562 -581 0
-562 -582 0
-562 -583 0
-562 -584 0
-562 -585 0
-562 -586 0
-562 -587 0
-562 -588 0
-562 -589 0
-562 -590 0
-562 -591 0
-562 -592 0
-562 -593 0
-562 -594 0
-563 -564 0
-563 -565 0
-563 -566 0
-563 -567 0
-563 -568 0
-563 -569 0
-563 -570 0
-563 -571 0
-563 -572 0
-563 -573 0
-563 -574 0
-563 -575 0
-563 -576 0
-563 -577 0
-563 -578 0
-563 -579 0
-563 -580 0
-563 -581 0
-563 -582 0
-563 -583 0
-563 -584 0
-563 -585 0
-563 -586 0
-563 -587 0
-563 -588 0
-563 -589 0
-563 -590 0
-563 -591 0
-563 -592 0
-563 -593 0
-563 -594 0
-564 -565 0
-564 -566 0
-564 -567 0
-564 -568 0
-564 -569 0
-564 -570 0
-564 -571 0
-564 -572 0
-564 -573 0
-564 -574 0
-564 -575 0
-564 -576 0
-564 -577 0
-564 -578 0
-564 -579 0
-564 -580 0
-564 -581 0
-564 -582 0
-564 -583 0
-564 -584 0
-564 -585 0
-564 -586 0
-564 -587 0
-564 -588 0
-564 -589 0
-564 -590 0
-564 -591 0
-564 -592 0
-564 -593 0
-564 -594 0
-565 -566 0
-565 -567 0
-565 -568 0
-565 -569 0
-565 -570 0
-565 -571 0
-565 -572 0
-565 -573 0
-565 -574 0
-565 -575 0
-565 -576 0
-565 -577 0
-565 -578 0
-565 -579 0
-565 -580 0
-565 -581 0
-565 -582 0
-565 -583 0
-565 -584 0
-565 -585 0
-565 -586 0
-565 -587 0
-565 -588 0
-565 -589 0
-565 -590 0
-565 -591 0
-565 -592 0
-565 -593 0
-565 -594 0
-566 -567 0
-566 -568 0
-566 -569 0
-566 -570 0
-566 -571 0
-566 -572 0
-566 -573 0
-566 -574 0
-566 -575 0
-566 -576 0
-566 -577 0
-566 -578 0
-566 -579 0
-566 -580 0
-566 -581 0
-566 -582 0
-566 -583 0
-566 -584 0
-566 -585 0
-566 -586 0
-566 -587 0
-566 -588 0
-566 -589 0
-566 -590 0
-566 -591 0
-566 -592 0
-566 -593 0
-566 -594 0
-567 -568 0
-567 -569 0
-567 -570 0
-567 -571 0
-567 -572 0
-567 -573 0
-567 -574 0
-567 -575 0
-567 -576 0
-567 -577 0
-567 -578 0
-567 -579 0
-567 -580 0
-567 -581 0
-567 -582 0
-567 -583 0
-567 -584 0
-567 -585 0
-567 -586 0
-567 -587 0
-567 -588 0
-567 -589 0
-567 -590 0
-567 -591 0
-567 -592 0
-567 -593 0
-567 -594 0
-568 -569 0
-568 -570 0
-568 -571 0
-568 -572 0
-568 -573 0
-568 -574 0
-568 -575 0
-568 -576 0
-568 -577 0
-568 -578 0
-568 -579 0
-568 -580 0
-568 -581 0
-568 -582 0
-568 -583 0
-568 -584 0
-568 -585 0
-568 -586 0
-568 -587 0
-568 -588 0
-568 -589 0
-568 -590 0
-568 -591 0
-568 -592 0
-568 -593 0
-568 -594 0
-569 -570 0
-569 -571 0
-569 -572 0
-569 -573 0
-569 -574 0
-569 -575 0
-569 -576 0
-569 -577 0
-569 -578 0
-569 -579 0
-569 -580 0
-569 -581 0
-569 -582 0
-569 -583 0
-569 -584 0
-569 -585 0
-569 -586 0
-569 -587 0
-569 -588 0
-569 -589 0
-569 -590 0
-569 -591 0
-569 -592 0
-569 -593 0
-569 -594 0
-570 -571 0
-570 -572 0
-570 -573 0
-570 -574 0
-570 -575 0
-570 -576 0
-570 -577 0
-570 -578 0
-570 -579 0
-570 -580 0
-570 -581 0
-570 -582 0
-570 -583 0
-570 -584 0
-570 -585 0
-570 -586 0
-570 -587 0
-570 -588 0
-570 -589 0
-570 -590 0
-570 -591 0
-570 -592 0
-570 -593 0
-570 -594 0
-571 -572 0
-571 -573 0
-571 -574 0
-571 -575 0
-571 -576 0
-571 -577 0
-571 -578 0
-571 -579 0
-571 -580 0
-571 -581 0
-571 -582 0
-571 -583 0
-571 -584 0
-571 -585 0
-571 -586 0
-571 -587 0
-571 -588 0
-571 -589 0
-571 -590 0
-571 -591 0
-571 -592 0
-571 -593 0
-571 -594 0
-572 -573 0
-572 -574 0
-572 -575 0
-572 -576 0
-572 -577 0
-572 -578 0
-572 -579 0
-572 -580 0
-572 -581 0
-572 -582 0
-572 -583 0
-572 -584 0
-572 -585 0
-572 -586 0
-572 -587 0
-572 -588 0
-572 -589 0
-572 -590 0
-572 -591 0
-572 -592 0
-572 -593 0
-572 -594 0
-573 -574 0
-573 -575 0
-573 -576 0
-573 -577 0
-573 -578 0
-573 -579 0
-573 -580 0
-573 -581 0
-573 -582 0
-573 -583 0
-573 -584 0
-573 -585 0
-573 -586 0
-573 -587 0
-573 -588 0
-573 -589 0
-573 -590 0
-573 -591 0
-573 -592 0
-573 -593 0
-573 -594 0
-574 -575 0
-574 -576 0
-574 -577 0
-574 -578 0
-574 -579 0
-574 -580 0
-574 -581 0
-574 -582 0
-574 -583 0
-574 -584 0
-574 -585 0
-574 -586 0
-574 -587 0
-574 -588 0
-574 -589 0
-574 -590 0
-574 -591 0
-574 -592 0
-574 -593 0
-574 -594 0
-575 -576 0
-575 -577 0
-575 -578 0
-575 -579 0
-575 -580 0
-575 -581 0
-575 -582 0
-575 -583 0
-575 -584 0
-575 -585 0
-575 -586 0
-575 -587 0
-575 -588 0
-575 -589 0
-575 -590 0
-575 -591 0
-575 -592 0
-575 -593 0
-575 -594 0
-576 -577 0
-576 -578 0
-576 -579 0
-576 -580 0
-576 -581 0
-576 -582 0
-576 -583 0
-576 -584 0
-576 -585 0
-576 -586 0
-576 -587 0
-576 -588 0
-576 -589 0
-576 -590 0
-576 -591 0
-576 -592 0
-576 -593 0
-576 -594 0
-577 -578 0
-577 -579 0
-577 -580 0
-577 -581 0
-577 -582 0
-577 -583 0
-577 -584 0
-577 -585 0
-577 -586 0
-577 -587 0
-577 -588 0
-577 -589 0
-577 -590 0
-577 -591 0
-577 -592 0
-577 -593 0
-577 -594 0
-578 -579 0
-578 -580 0
-578 -581 0
-578 -582 0
-578 -583 0
-578 -584 0
-578 -585 0
-578 -586 0
-578 -587 0
-578 -588 0
-578 -589 0
-578 -590 0
-578 -591 0
-578 -592 0
-578 -593 0
-578 -594 0
-579 -580 0
-579 -581 0
-579 -582 0
-579 -583 0
-579 -584 0
-579 -585 0
-579 -586 0
-579 -587 0
-579 -588 0
-579 -589 0
-579 -590 0
-579 -591 0
-579 -592 0
-579 -593 0
-579 -594 0
-580 -581 0
-580 -582 0
-580 -583 0
-580 -584 0
-580 -585 0
-580 -586 0
-580 -587 0
-580 -588 0
-580 -589 0
-580 -590 0
-580 -591 0
-580 -592 0
-580 -593 0
-580 -594 0
-581 -582 0
-581 -583 0
-581 -584 0
-581 -585 0
-581 -586 0
-581 -587 0
-581 -588 0
-581 -589 0
-581 -590 0
-581 -591 0
-581 -592 0
-581 -593 0
-581 -594 0
-582 -583 0
-582 -584 0
-582 -585 0
-582 -586 0
-582 -587 0
-582 -588 0
-582 -589 0
-582 -590 0
-582 -591 0
-582 -592 0
-582 -593 0
-582 -594 0
-583 -584 0
-583 -585 0
-583 -586 0
-583 -587 0
-583 -588 0
-583 -589 0
-583 -590 0
-583 -591 0
-583 -592 0
-583 -593 0
-583 -594 0
-584 -585 0
-584 -586 0
-584 -587 0
-584 -588 0
-584 -589 0
-584 -590 0
-584 -591 0
-584 -592 0
-584 -593 0
-584 -594 0
-585 -586 0
-585 -587 0
-585 -588 0
-585 -589 0
-585 -590 0
-585 -591 0
-585 -592 0
-585 -593 0
-585 -594 0
-586 -587 0
-586 -588 0
-586 -589 0
-586 -590 0
-586 -591 0
-586 -592 0
-586 -593 0
-586 -594 0
-587 -588 0
-587 -589 0
-587 -590 0
-587 -591 0
-587 -592 0
-587 -593 0
-587 -594 0
-588 -589 0
-588 -590 0
-588 -591 0
-588 -592 0
-588 -593 0
-588 -594 0
-589 -590 0
-589 -591 0
-589 -592 0
-589 -593 0
-589 -594 0
-590 -591 0
-590 -592 0
-590 -593 0
-590 -594 0
-591 -592 0
-591 -593 0
-591 -594 0
-592 -593 0
-592 -594 0
-593 -594 0
-595 -596 0
-595 -597 0
-595 -598 0
-595 -599 0
-595 -600 0
-595 -601 0
-595 -602 0
-595 -603 0
-595 -604 0
-595 -605 0
-595 -606 0
-595 -607 0
-595 -608 0
-595 -609 0
-595 -610 0
-595 -611 0
-595 -612 0
-595 -613 0
-595 -614 0
-595 -615 0
-595 -616 0
-595 -617 0
-595 -618 0
-595 -619 0
-595 -620 0
-595 -621 0
-595 -622 0
-595 -623 0
-595 -624 0
-595 -625 0
-595 -626 0
-595 -627 0
-596 -597 0
-596 -598 0
-596 -599 0
-596 -600 0
-596 -601 0
-596 -602 0
-596 -603 0
-596 -604 0
-596 -605 0
-596 -606 0
-596 -607 0
-596 -608 0
-596 -609 0
-596 -610 0
-596 -611 0
-596 -612 0
-596 -613 0
-596 -614 0
-596 -615 0
-596 -616 0
-596 -617 0
-596 -618 0
-596 -619 0
-596 -620 0
-596 -621 0
-596 -622 0
-596 -623 0
-596 -624 0
-596 -625 0
-596 -626 0
-596 -627 0
-597 -598 0
-597 -599 0
-597 -600 0
-597 -601 0
-597 -602 0
-597 -603 0
-597 -604 0
-597 -605 0
-597 -606 0
-597 -607 0
-597 -608 0
-597 -609 0
-597 -610 0
-597 -611 0
-597 -612 0
-597 -613 0
-597 -614 0
-597 -615 0
-597 -616 0
-597 -617 0
-597 -618 0
-597 -619 0
-597 -620 0
-597 -621 0
-597 -622 0
-597 -623 0
-597 -624 0
-597 -625 0
-597 -626 0
-597 -627 0
-598 -599 0
-598 -600 0
-598 -601 0
-598 -602 0
-598 -603 0
-598 -604 0
-598 -605 0
-598 -606 0
-598 -607 0
-598 -608 0
-598 -609 0
-598 -610 0
-598 -611 0
-598 -612 0
-598 -613 0
-598 -614 0
-598 -615 0
-598 -616 0
-598 -617 0
-598 -618 0
-598 -619 0
-598 -620 0
-598 -621 0
-598 -622 0
-598 -623 0
-598 -624 0
-598 -625 0
-598 -626 0
-598 -627 0
-599 -600 0
-599 -601 0
-599 -602 0
-599 -603 0
-599 -604 0
-599 -605 0
-599 -606 0
-599 -607 0
-599 -608 0
-599 -609 0
-599 -610 0
-599 -611 0
-599 -612 0
-599 -613 0
-599 -614 0
-599 -615 0
-599 -616 0
-599 -617 0
-599 -618 0
-599 -619 0
-599 -620 0
-599 -621 0
-599 -622 0
-599 -623 0
-599 -624 0
-599 -625 0
-599 -626 0
-599 -627 0
-600 -601 0
-600 -602 0
-600 -603 0
-600 -604 0
-600 -605 0
-600 -606 0
-600 -607 0
-600 -608 0
-600 -609 0
-600 -610 0
-600 -611 0
-600 -612 0
-600 -613 0
-600 -614 0
-600 -615 0
-600 -616 0
-600 -617 0
-600 -618 0
-600 -619 0
-600 -620 0
-600 -621 0
-600 -622 0
-600 -623 0
-600 -624 0
-600 -625 0
-600 -626 0
-600 -627 0
-601 -602 0
-601 -603 0
-601 -604 0
-601 -605 0
-601 -606 0
-601 -607 0
-601 -608 0
-601 -609 0
-601 -610 0
-601 -611 0
-601 -612 0
-601 -613 0
-601 -614 0
-601 -615 0
-601 -616 0
-601 -617 0
-601 -618 0
-601 -619 0
-601 -620 0
-601 -621 0
-601 -622 0
-601 -623 0
-601 -624 0
-601 -625 0
-601 -626 0
-601 -627 0
-602 -603 0
-602 -604 0
-602 -605 0
-602 -606 0
-602 -607 0
-602 -608 0
-602 -609 0
-602 -610 0
-602 -611 0
-602 -612 0
-602 -613 0
-602 -614 0
-602 -615 0
-602 -616 0
-602 -617 0
-602 -618 0
-602 -619 0
-602 -620 0
-602 -621 0
-602 -622 0
-602 -623 0
-602 -624 0
-602 -625 0
-602 -626 0
-602 -627 0
-603 -604 0
-603 -605 0
-603 -606 0
-603 -607 0
-603 -608 0
-603 -609 0
-603 -610 0
-603 -611 0
-603 -612 0
-603 -613 0
-603 -614 0
-603 -615 0
-603 -616 0
-603 -617 0
-603 -618 0
-603 -619 0
-603 -620 0
-603 -621 0
-603 -622 0
-603 -623 0
-603 -624 0
-603 -625 0
-603 -626 0
-603 -627 0
-604 -605 0
-604 -606 0
-604 -607 0
-604 -608 0
-604 -609 0
-604 -610 0
-604 -611 0
-604 -612 0
-604 -613 0
-604 -614 0
-604 -615 0
-604 -616 0
-604 -617 0
-604 -618 0
-604 -619 0
-604 -620 0
-604 -621 0
-604 -622 0
-604 -623 0
-604 -624 0
-604 -625 0
-604 -626 0
-604 -627 0
-605 -606 0
-605 -607 0
-605 -608 0
-605 -609 0
-605 -610 0
-605 -611 0
-605 -612 0
-605 -613 0
-605 -614 0
-605 -615 0
-605 -616 0
-605 -617 0
-605 -618 0
-605 -619 0
-605 -620 0
-605 -621 0
-605 -622 0
-605 -623 0
-605 -624 0
-605 -625 0
-605 -626 0
-605 -627 0
-606 -607 0
-606 -608 0
-606 -609 0
-606 -610 0
-606 -611 0
-606 -612 0
-606 -613 0
-606 -614 0
-606 -615 0
-606 -616 0
-606 -617 0
-606 -618 0
-606 -619 0
-606 -620 0
-606 -621 0
-606 -622 0
-606 -623 0
-606 -624 0
-606 -625 0
-606 -626 0
-606 -627 0
-607 -608 0
-607 -609 0
-607 -610 0
-607 -611 0
-607 -612 0
-607 -613 0
-607 -614 0
-607 -615 0
-607 -616 0
-607 -617 0
-607 -618 0
-607 -619 0
-607 -620 0
-607 -621 0
-607 -622 0
-607 -623 0
-607 -624 0
-607 -625 0
-607 -626 0
-607 -627 0
-608 -609 0
-608 -610 0
-608 -611 0
-608 -612 0
-608 -613 0
-608 -614 0
-608 -615 0
-608 -616 0
-608 -617 0
-608 -618 0
-608 -619 0
-608 -620 0
-608 -621 0
-608 -622 0
-608 -623 0
-608 -624 0
-608 -625 0
-608 -626 0
-608 -627 0
-609 -610 0
-609 -611 0
-609 -612 0
-609 -613 0
-609 -614 0
-609 -615 0
-609 -616 0
-609 -617 0
-609 -618 0
-609 -619 0
-609 -620 0
-609 -621 0
-609 -622 0
-609 -623 0
-609 -624 0
-609 -625 0
-609 -626 0
-609 -627 0
-610 -611 0
-610 -612 0
-610 -613 0
-610 -614 0
-610 -615 0
-610 -616 0
-610 -617 0
-610 -618 0
-610 -619 0
-610 -620 0
-610 -621 0
-610 -622 0
-610 -623 0
-610 -624 0
-610 -625 0
-610 -626 0
-610 -627 0
-611 -612 0
-611 -613 0
-611 -614 0
-611 -615 0
-611 -616 0
-611 -617 0
-611 -618 0
-611 -619 0
-611 -620 0
-611 -621 0
-611 -622 0
-611 -623 0
-611 -624 0
-611 -625 0
-611 -626 0
-611 -627 0
-612 -613 0
-612 -614 0
-612 -615 0
-612 -616 0
-612 -617 0
-612 -618 0
-612 -619 0
-612 -620 0
-612 -621 0
-612 -622 0
-612 -623 0
-612 -624 0
-612 -625 0
-612 -626 0
-612 -627 0
-613 -614 0
-613 -615 0
-613 -616 0
-613 -617 0
-613 -618 0
-613 -619 0
-613 -620 0
-613 -621 0
-613 -622 0
-613 -623 0
-613 -624 0
-613 -625 0
-613 -626 0
-613 -627 0
-614 -615 0
-614 -616 0
-614 -617 0
-614 -618 0
-614 -619 0
-614 -620 0
-614 -621 0
-614 -622 0
-614 -623 0
-614 -624 0
-614 -625 0
-614 -626 0
-614 -627 0
-615 -616 0
-615 -617 0
-615 -618 0
-615 -619 0
-615 -620 0
-615 -621 0
-615 -622 0
-615 -623 0
-615 -624 0
-615 -625 0
-615 -626 0
-615 -627 0
-616 -617 0
-616 -618 0
-616 -619 0
-616 -620 0
-616 -621 0
-616 -622 0
-616 -623 0
-616 -624 0
-616 -625 0
-616 -626 0
-616 -627 0
-617 -618 0
-617 -619 0
-617 -620 0
-617 -621 0
-617 -622 0
-617 -623 0
-617 -624 0
-617 -625 0
-617 -626 0
-617 -627 0
-618 -619 0
-618 -620 0
-618 -621 0
-618 -622 0
-618 -623 0
-618 -624 0
-618 -625 0
-618 -626 0
-618 -627 0
-619 -620 0
-619 -621 0
-619 -622 0
-619 -623 0
-619 -624 0
-619 -625 0
-619 -626 0
-619 -627 0
-620 -621 0
-620 -622 0
-620 -623 0
-620 -624 0
-620 -625 0
-620 -626 0
-620 -627 0
-621 -622 0
-621 -623 0
-621 -624 0
-621 -625 0
-621 -626 0
-621 -627 0
-622 -623 0
-622 -624 0
-622 -625 0
-622 -626 0
-622 -627 0
-623 -624 0
-623 -625 0
-623 -626 0
-623 -627 0
-624 -625 0
-624 -626 0
-624 -627 0
-625 -626 0
-625 -627 0
-626 -627 0
-628 -629 0
-628 -630 0
-628 -631 0
-628 -632 0
-628 -633 0
-628 -634 0
-628 -635 0
-628 -636 0
-628 -637 0
-628 -638 0
-628 -639 0
-628 -640 0
-628 -641 0
-628 -642 0
-628 -643 0
-628 -644 0
-628 -645 0
-628 -646 0
-628 -647 0
-628 -648 0
-628 -649 0
-628 -650 0
-628 -651 0
-628 -652 0
-628 -653 0
-628 -654 0
-628 -655 0
-628 -656 0
-628 -657 0
-628 -658 0
-628 -659 0
-628 -660 0
-629 -630 0
-629 -631 0
-629 -632 0
-629 -633 0
-629 -634 0
-629 -635 0
-629 -636 0
-629 -637 0
-629 -638 0
-629 -639 0
-629 -640 0
-629 -641 0
-629 -642 0
-629 -643 0
-629 -644 0
-629 -645 0
-629 -646 0
-629 -647 0
-629 -648 0
-629 -649 0
-629 -650 0
-629 -651 0
-629 -652 0
-629 -653 0
-629 -654 0
-629 -655 0
-629 -656 0
-629 -657 0
-629 -658 0
-629 -659 0
-629 -660 0
-630 -631 0
-630 -632 0
-630 -633 0
-630 -634 0
-630 -635 0
-630 -636 0
-630 -637 0
-630 -638 0
-630 -639 0
-630 -640 0
-630 -641 0
-630 -642 0
-630 -643 0
-630 -644 0
-630 -645 0
-630 -646 0
-630 -647 0
-630 -648 0
-630 -649 0
-630 -650 0
-630 -651 0
-630 -652 0
-630 -653 0
-630 -654 0
-630 -655 0
-630 -656 0
-630 -657 0
-630 -658 0
-630 -659 0
-630 -660 0
-631 -632 0
-631 -633 0
-631 -634 0
-631 -635 0
-631 -636 0
-631 -637 0
-631 -638 0
-631 -639 0
-631 -640 0
-631 -641 0
-631 -642 0
-631 -643 0
-631 -644 0
-631 -645 0
-631 -646 0
-631 -647 0
-631 -648 0
-631 -649 0
-631 -650 0
-631 -651 0
-631 -652 0
-631 -653 0
-631 -654 0
-631 -655 0
-631 -656 0
-631 -657 0
-631 -658 0
-631 -659 0
-631 -660 0
-632 -633 0
-632 -634 0
-632 -635 0
-632 -636 0
-632 -637 0
-632 -638 0
-632 -639 0
-632 -640 0
-632 -641 0
-632 -642 0
-632 -643 0
-632 -644 0
-632 -645 0
-632 -646 0
-632 -647 0
-632 -648 0
-632 -649 0
-632 -650 0
-632 -651 0
-632 -652 0
-632 -653 0
-632 -654 0
-632 -655 0
-632 -656 0
-632 -657 0
-632 -658 0
-632 -659 0
-632 -660 0
-633 -634 0
-633 -635 0
-633 -636 0
-633 -637 0
-633 -638 0
-633 -639 0
-633 -640 0
-633 -641 0
-633 -642 0
-633 -643 0
-633 -644 0
-633 -645 0
-633 -646 0
-633 -647 0
-633 -648 0
-633 -649 0
-633 -650 0
-633 -651 0
-633 -652 0
-633 -653 0
-633 -654 0
-633 -655 0
-633 -656 0
-633 -657 0
-633 -658 0
-633 -659 0
-633 -660 0
-634 -635 0
-634 -636 0
-634 -637 0
-634 -638 0
-634 -639 0
-634 -640 0
-634 -641 0
-634 -642 0
-634 -643 0
-634 -644 0
-634 -645 0
-634 -646 0
-634 -647 0
-634 -648 0
-634 -649 0
-634 -650 0
-634 -651 0
-634 -652 0
-634 -653 0
-634 -654 0
-634 -655 0
-634 -656 0
-634 -657 0
-634 -658 0
-634 -659 0
-634 -660 0
-635 -636 0
-635 -637 0
-635 -638 0
-635 -639 0
-635 -640 0
-635 -641 0
-635 -642 0
-635 -643 0
-635 -644 0
-635 -645 0
-635 -646 0
-635 -647 0
-635 -648 0
-635 -649 0
-635 -650 0
-635 -651 0
-635 -652 0
-635 -653 0
-635 -654 0
-635 -655 0
-635 -656 0
-635 -657 0
-635 -658 0
-635 -659 0
-635 -660 0
-636 -637 0
-636 -638 0
-636 -639 0
-636 -640 0
-636 -641 0
-636 -642 0
-636 -643 0
-636 -644 0
-636 -645 0
-636 -646 0
-636 -647 0
-636 -648 0
-636 -649 0
-636 -650 0
-636 -651 0
-636 -652 0
-636 -653 0
-636 -654 0
-636 -655 0
-636 -656 0
-636 -657 0
-636 -658 0
-636 -659 0
-636 -660 0
-637 -638 0
-637 -639 0
-637 -640 0
-637 -641 0
-637 -642 0
-637 -643 0
-637 -644 0
-637 -645 0
-637 -646 0
-637 -647 0
-637 -648 0
-637 -649 0
-637 -650 0
-637 -651 0
-637 -652 0
-637 -653 0
-637 -654 0
-637 -655 0
-637 -656 0
-637 -657 0
-637 -658 0
-637 -659 0
-637 -660 0
-638 -639 0
-638 -640 0
-638 -641 0
-638 -642 0
-638 -643 0
-638 -644 0
-638 -645 0
-638 -646 0
-638 -647 0
-638 -648 0
-638 -649 0
-638 -650 0
-638 -651 0
-638 -652 0
-638 -653 0
-638 -654 0
-638 -655 0
-638 -656 0
-638 -657 0
-638 -658 0
-638 -659 0
-638 -660 0
-639 -640 0
-639 -641 0
-639 -642 0
-639 -643 0
-639 -644 0
-639 -645 0
-639 -646 0
-639 -647 0
-639 -648 0
-639 -649 0
-639 -650 0
-639 -651 0
-639 -652 0
-639 -653 0
-639 -654 0
-639 -655 0
-639 -656 0
-639 -657 0
-639 -658 0
-639 -659 0
-639 -660 0
-640 -641 0
-640 -642 0
-640 -643 0
-640 -644 0
-640 -645 0
-640 -646 0
-640 -647 0
-640 -648 0
-640 -649 0
-640 -650 0
-640 -651 0
-640 -652 0
-640 -653 0
-640 -654 0
-640 -655 0
-640 -656 0
-640 -657 0
-640 -658 0
-640 -659 0
-640 -660 0
-641 -642 0
-641 -643 0
-641 -644 0
-641 -645 0
-641 -646 0
-641 -647 0
-641 -648 0
-641 -649 0
-641 -650 0
-641 -651 0
-641 -652 0
-641 -653 0
-641 -654 0
-641 -655 0
-641 -656 0
-641 -657 0
-641 -658 0
-641 -659 0
-641 -660 0
-642 -643 0
-642 -644 0
-642 -645 0
-642 -646 0
-642 -647 0
-642 -648 0
-642 -649 0
-642 -650 0
-642 -651 0
-642 -652 0
-642 -653 0
-642 -654 0
-642 -655 0
-642 -656 0
-642 -657 0
-642 -658 0
-642 -659 0
-642 -660 0
-643 -644 0
-643 -645 0
-643 -646 0
-643 -647 0
-643 -648 0
-643 -649 0
-643 -650 0
-643 -651 0
-643 -652 0
-643 -653 0
-643 -654 0
-643 -655 0
-643 -656 0
-643 -657 0
-643 -658 0
-643 -659 0
-643 -660 0
-644 -645 0
-644 -646 0
-644 -647 0
-644 -648 0
-644 -649 0
-644 -650 0
-644 -651 0
-644 -652 0
-644 -653 0
-644 -654 0
-644 -655 0
-644 -656 0
-644 -657 0
-644 -658 0
-644 -659 0
-644 -660 0
-645 -646 0
-645 -647 0
-645 -648 0
-645 -649 0
-645 -650 0
-645 -651 0
-645 -652 0
-645 -653 0
-645 -654 0
-645 -655 0
-645 -656 0
-645 -657 0
-645 -658 0
-645 -659 0
-645 -660 0
-646 -647 0
-646 -648 0
-646 -649 0
-646 -650 0
-646 -651 0
-646 -652 0
-646 -653 0
-646 -654 0
-646 -655 0
-646 -656 0
-646 -657 0
-646 -658 0
-646 -659 0
-646 -660 0
-647 -648 0
-647 -649 0
-647 -650 0
-647 -651 0
-647 -652 0
-647 -653 0
-647 -654 0
-647 -655 0
-647 -656 0
-647 -657 0
-647 -658 0
-647 -659 0
-647 -660 0
-648 -649 0
-648 -650 0
-648 -651 0
-648 -652 0
-648 -653 0
-648 -654 0
-648 -655 0
-648 -656 0
-648 -657 0
-648 -658 0
-648 -659 0
-648 -660 0
-649 -650 0
-649 -651 0
-649 -652 0
-649 -653 0
-649 -654 0
-649 -655 0
-649 -656 0
-649 -657 0
-649 -658 0
-649 -659 0
-649 -660 0
-650 -651 0
-650 -652 0
-650 -653 0
-650 -654 0
-650 -655 0
-650 -656 0
-650 -657 0
-650 -658 0
-650 -659 0
-650 -660 0
-651 -652 0
-651 -653 0
-651 -654 0
-651 -655 0
-651 -656 0
-651 -657 0
-651 -658 0
-651 -659 0
-651 -660 0
-652 -653 0
-652 -654 0
-652 -655 0
-652 -656 0
-652 -657 0
-652 -658 0
-652 -659 0
-652 -660 0
-653 -654 0
-653 -655 0
-653 -656 0
-653 -657 0
-653 -658 0
-653 -659 0
-653 -660 0
-654 -655 0
-654 -656 0
-654 -657 0
-654 -658 0
-654 -659 0
-654 -660 0
-655 -656 0
-655 -657 0
-655 -658 0
-655 -659 0
-655 -660 0
-656 -657 0
-656 -658 0
-656 -659 0
-656 -660 0
-657 -658 0
-657 -659 0
-657 -660 0
-658 -659 0
-658 -660 0
-659 -660 0
-661 -662 0
-661 -663 0
-661 -664 0
-661 -665 0
-661 -666 0
-661 -667 0
-661 -668 0
-661 -669 0
-661 -670 0
-661 -671 0
-661 -672 0
-661 -673 0
-661 -674 0
-661 -675 0
-661 -676 0
-661 -677 0
-661 -678 0
-661 -679 0
-661 -680 0
-661 -681 0
-661 -682 0
-661 -683 0
-661 -684 0
-661 -685 0
-661 -686 0
-661 -687 0
-661 -688 0
-661 -689 0
-661 -690 0
-661 -691 0
-661 -692 0
-661 -693 0
-662 -663 0
-662 -664 0
-662 -665 0
-662 -666 0
-662 -667 0
-662 -668 0
-662 -669 0
-662 -670 0
-662 -671 0
-662 -672 0
-662 -673 0
-662 -674 0
-662 -675 0
-662 -676 0
-662 -677 0
-662 -678 0
-662 -679 0
-662 -680 0
-662 -681 0
-662 -682 0
-662 -683 0
-662 -684 0
-662 -685 0
-662 -686 0
-662 -687 0
-662 -688 0
-662 -689 0
-662 -690 0
-662 -691 0
-662 -692 0
-662 -693 0
-663 -664 0
-663 -665 0
-663 -666 0
-663 -667 0
-663 -668 0
-663 -669 0
-663 -670 0
-663 -671 0
-663 -672 0
-663 -673 0
-663 -674 0
-663 -675 0
-663 -676 0
-663 -677 0
-663 -678 0
-663 -679 0
-663 -680 0
-663 -681 0
-663 -682 0
-663 -683 0
-663 -684 0
-663 -685 0
-663 -686 0
-663 -687 0
-663 -688 0
-663 -689 0
-663 -690 0
-663 -691 0
-663 -692 0
-663 -693 0
-664 -665 0
-664 -666 0
-664 -667 0
-664 -668 0
-664 -669 0
-664 -670 0
-664 -671 0
-664 -672 0
-664 -673 0
-664 -674 0
-664 -675 0
-664 -676 0
-664 -677 0
-664 -678 0
-664 -679 0
-664 -680 0
-664 -681 0
-664 -682 0
-664 -683 0
-664 -684 0
-664 -685 0
-664 -686 0
-664 -687 0
-664 -688 0
-664 -689 0
-664 -690 0
-664 -691 0
-664 -692 0
-664 -693 0
-665 -666 0
-665 -667 0
-665 -668 0
-665 -669 0
-665 -670 0
-665 -671 0
-665 -672 0
-665 -673 0
-665 -674 0
-665 -675 0
-665 -676 0
-665 -677 0
-665 -678 0
-665 -679 0
-665 -680 0
-665 -681 0
-665 -682 0
-665 -683 0
-665 -684 0
-665 -685 0
-665 -686 0
-665 -687 0
-665 -688 0
-665 -689 0
-665 -690 0
-665 -691 0
-665 -692 0
-665 -693 0
-666 -667 0
-666 -668 0
-666 -669 0
-666 -670 0
-666 -671 0
-666 -672 0
-666 -673 0
-666 -674 0
-666 -675 0
-666 -676 0
-666 -677 0
-666 -678 0
-666 -679 0
-666 -680 0
-666 -681 0
-666 -682 0
-666 -683 0
-666 -684 0
-666 -685 0
-666 -686 0
-666 -687 0
-666 -688 0
-666 -689 0
-666 -690 0
-666 -691 0
-666 -692 0
-666 -693 0
-667 -668 0
-667 -669 0
-667 -670 0
-667 -671 0
-667 -672 0
-667 -673 0
-667 -674 0
-667 -675 0
-667 -676 0
-667 -677 0
-667 -678 0
-667 -679 0
-667 -680 0
-667 -681 0
-667 -682 0
-667 -683 0
-667 -684 0
-667 -685 0
-667 -686 0
-667 -687 0
-667 -688 0
-667 -689 0
-667 -690 0
-667 -691 0
-667 -692 0
-667 -693 0
-668 -669 0
-668 -670 0
-668 -671 0
-668 -672 0
-668 -673 0
-668 -674 0
-668 -675 0
-668 -676 0
-668 -677 0
-668 -678 0
-668 -679 0
-668 -680 0
-668 -681 0
-668 -682 0
-668 -683 0
-668 -684 0
-668 -685 0
-668 -686 0
-668 -687 0
-668 -688 0
-668 -689 0
-668 -690 0
-668 -691 0
-668 -692 0
-668 -693 0
-669 -670 0
-669 -671 0
-669 -672 0
-669 -673 0
-669 -674 0
-669 -675 0
-669 -676 0
-669 -677 0
-669 -678 0
-669 -679 0
-669 -680 0
-669 -681 0
-669 -682 0
-669 -683 0
-669 -684 0
-669 -685 0
-669 -686 0
-669 -687 0
-669 -688 0
-669 -689 0
-669 -690 0
-669 -691 0
-669 -692 0
-669 -693 0
-670 -671 0
-670 -672 0
-670 -673 0
-670 -674 0
-670 -675 0
-670 -676 0
-670 -677 0
-670 -678 0
-670 -679 0
-670 -680 0
-670 -681 0
-670 -682 0
-670 -683 0
-670 -684 0
-670 -685 0
-670 -686 0
-670 -687 0
-670 -688 0
-670 -689 0
-670 -690 0
-670 -691 0
-670 -692 0
-670 -693 0
-671 -672 0
-671 -673 0
-671 -674 0
-671 -675 0
-671 -676 0
-671 -677 0
-671 -678 0
-671 -679 0
-671 -680 0
-671 -681 0
-671 -682 0
-671 -683 0
-671 -684 0
-671 -685 0
-671 -686 0
-671 -687 0
-671 -688 0
-671 -689 0
-671 -690 0
-671 -691 0
-671 -692 0
-671 -693 0
-672 -673 0
-672 -674 0
-672 -675 0
-672 -676 0
-672 -677 0
-672 -678 0
-672 -679 0
-672 -680 0
-672 -681 0
-672 -682 0
-672 -683 0
-672 -684 0
-672 -685 0
-672 -686 0
-672 -687 0
-672 -688 0
-672 -689 0
-672 -690 0
-672 -691 0
-672 -692 0
-672 -693 0
-673 -674 0
-673 -675 0
-673 -676 0
-673 -677 0
-673 -678 0
-673 -679 0
-673 -680 0
-673 -681 0
-673 -682 0
-673 -683 0
-673 -684 0
-673 -685 0
-673 -686 0
-673 -687 0
-673 -688 0
-673 -689 0
-673 -690 0
-673 -691 0
-673 -692 0
-673 -693 0
-674 -675 0
-674 -676 0
-674 -677 0
-674 -678 0
-674 -679 0
-674 -680 0
-674 -681 0
-674 -682 0
-674 -683 0
-674 -684 0
-674 -685 0
-674 -686 0
-674 -687 0
-674 -688 0
-674 -689 0
-674 -690 0
-674 -691 0
-674 -692 0
-674 -693 0
-675 -676 0
-675 -677 0
-675 -678 0
-675 -679 0
-675 -680 0
-675 -681 0
-675 -682 0
-675 -683 0
-675 -684 0
-675 -685 0
-675 -686 0
-675 -687 0
-675 -688 0
-675 -689 0
-675 -690 0
-675 -691 0
-675 -692 0
-675 -693 0
-676 -677 0
-676 -678 0
-676 -679 0
-676 -680 0
-676 -681 0
-676 -682 0
-676 -683 0
-676 -684 0
-676 -685 0
-676 -686 0
-676 -687 0
-676 -688 0
-676 -689 0
-676 -690 0
-676 -691 0
-676 -692 0
-676 -693 0
-677 -678 0
-677 -679 0
-677 -680 0
-677 -681 0
-677 -682 0
-677 -683 0
-677 -684 0
-677 -685 0
-677 -686 0
-677 -687 0
-677 -688 0
-677 -689 0
-677 -690 0
-677 -691 0
-677 -692 0
-677 -693 0
-678 -679 0
-678 -680 0
-678 -681 0
-678 -682 0
-678 -683 0
-678 -684 0
-678 -685 0
-678 -686 0
-678 -687 0
-678 -688 0
-678 -689 0
-678 -690 0
-678 -691 0
-678 -692 0
-678 -693 0
-679 -680 0
-679 -681 0
-679 -682 0
-679 -683 0
-679 -684 0
-679 -685 0
-679 -686 0
-679 -687 0
-679 -688 0
-679 -689 0
-679 -690 0
-679 -691 0
-679 -692 0
-679 -693 0
-680 -681 0
-680 -682 0
-680 -683 0
-680 -684 0
-680 -685 0
-680 -686 0
-680 -687 0
-680 -688 0
-680 -689 0
-680 -690 0
-680 -691 0
-680 -692 0
-680 -693 0
-681 -682 0
-681 -683 0
-681 -684 0
-681 -685 0
-681 -686 0
-681 -687 0
-681 -688 0
-681 -689 0
-681 -690 0
-681 -691 0
-681 -692 0
-681 -693 0
-682 -683 0
-682 -684 0
-682 -685 0
-682 -686 0
-682 -687 0
-682 -688 0
-682 -689 0
-682 -690 0
-682 -691 0
-682 -692 0
-682 -693 0
-683 -684 0
-683 -685 0
-683 -686 0
-683 -687 0
-683 -688 0
-683 -689 0
-683 -690 0
-683 -691 0
-683 -692 0
-683 -693 0
-684 -685 0
-684 -686 0
-684 -687 0
-684 -688 0
-684 -689 0
-684 -690 0
-684 -691 0
-684 -692 0
-684 -693 0
-685 -686 0
-685 -687 0
-685 -688 0
-685 -689 0
-685 -690 0
-685 -691 0
-685 -692 0
-685 -693 0
-686 -687 0
-686 -688 0
-686 -689 0
-686 -690 0
-686 -691 0
-686 -692 0
-686 -693 0
-687 -688 0
-687 -689 0
-687 -690 0
-687 -691 0
-687 -692 0
-687 -693 0
-688 -689 0
-688 -690 0
-688 -691 0
-688 -692 0
-688 -693 0
-689 -690 0
-689 -691 0
-689 -692 0
-689 -693 0
-690 -691 0
-690 -692 0
-690 -693 0
-691 -692 0
-691 -693 0
-692 -693 0
-694 -695 0
-694 -696 0
-694 -697 0
-694 -698 0
-694 -699 0
-694 -700 0
-694 -701 0
-694 -702 0
-694 -703 0
-694 -704 0
-694 -705 0
-694 -706 0
-694 -707 0
-694 -708 0
-694 -709 0
-694 -710 0
-694 -711 0
-694 -712 0
-694 -713 0
-694 -714 0
-694 -715 0
-694 -716 0
-694 -717 0
-694 -718 0
-694 -719 0
-694 -720 0
-694 -721 0
-694 -722 0
-694 -723 0
-694 -724 0
-694 -725 0
-694 -726 0
-695 -696 0
-695 -697 0
-695 -698 0
-695 -699 0
-695 -700 0
-695 -701 0
-695 -702 0
-695 -703 0
-695 -704 0
-695 -705 0
-695 -706 0
-695 -707 0
-695 -708 0
-695 -709 0
-695 -710 0
-695 -711 0
-695 -712 0
-695 -713 0
-695 -714 0
-695 -715 0
-695 -716 0
-695 -717 0
-695 -718 0
-695 -719 0
-695 -720 0
-695 -721 0
-695 -722 0
-695 -723 0
-695 -724 0
-695 -725 0
-695 -726 0
-696 -697 0
-696 -698 0
-696 -699 0
-696 -700 0
-696 -701 0
-696 -702 0
-696 -703 0
-696 -704 0
-696 -705 0
-696 -706 0
-696 -707 0
-696 -708 0
-696 -709 0
-696 -710 0
-696 -711 0
-696 -712 0
-696 -713 0
-696 -714 0
-696 -715 0
-696 -716 0
-696 -717 0
-696 -718 0
-696 -719 0
-696 -720 0
-696 -721 0
-696 -722 0
-696 -723 0
-696 -724 0
-696 -725 0
-696 -726 0
-697 -698 0
-697 -699 0
-697 -700 0
-697 -701 0
-697 -702 0
-697 -703 0
-697 -704 0
-697 -705 0
-697 -706 0
-697 -707 0
-697 -708 0
-697 -709 0
-697 -710 0
-697 -711 0
-697 -712 0
-697 -713 0
-697 -714 0
-697 -715 0
-697 -716 0
-697 -717 0
-697 -718 0
-697 -719 0
-697 -720 0
-697 -721 0
-697 -722 0
-697 -723 0
-697 -724 0
-697 -725 0
-697 -726 0
-698 -699 0
-698 -700 0
-698 -701 0
-698 -702 0
-698 -703 0
-698 -704 0
-698 -705 0
-698 -706 0
-698 -707 0
-698 -708 0
-698 -709 0
-698 -710 0
-698 -711 0
-698 -712 0
-698 -713 0
-698 -714 0
-698 -715 0
-698 -716 0
-698 -717 0
-698 -718 0
-698 -719 0
-698 -720 0
-698 -721 0
-698 -722 0
-698 -723 0
-698 -724 0
-698 -725 0
-698 -726 0
-699 -700 0
-699 -701 0
-699 -702 0
-699 -703 0
-699 -704 0
-699 -705 0
-699 -706 0
-699 -707 0
-699 -708 0
-699 -709 0
-699 -710 0
-699 -711 0
-699 -712 0
-699 -713 0
-699 -714 0
-699 -715 0
-699 -716 0
-699 -717 0
-699 -718 0
-699 -719 0
-699 -720 0
-699 -721 0
-699 -722 0
-699 -723 0
-699 -724 0
-699 -725 0
-699 -726 0
-700 -701 0
-700 -702 0
-700 -703 0
-700 -704 0
-700 -705 0
-700 -706 0
-700 -707 0
-700 -708 0
-700 -709 0
-700 -710 0
-700 -711 0
-700 -712 0
-700 -713 0
-700 -714 0
-700 -715 0
-700 -716 0
-700 -717 0
-700 -718 0
-700 -719 0
-700 -720 0
-700 -721 0
-700 -722 0
-700 -723 0
-700 -724 0
-700 -725 0
-700 -726 0
-701 -702 0
-701 -703 0
-701 -704 0
-701 -705 0
-701 -706 0
-701 -707 0
-701 -708 0
-701 -709 0
-701 -710 0
-701 -711 0
-701 -712 0
-701 -713 0
-701 -714 0
-701 -715 0
-701 -716 0
-701 -717 0
-701 -718 0
-701 -719 0
-701 -720 0
-701 -721 0
-701 -722 0
-701 -723 0
-701 -724 0
-701 -725 0
-701 -726 0
-702 -703 0
-702 -704 0
-702 -705 0
-702 -706 0
-702 -707 0
-702 -708 0
-702 -709 0
-702 -710 0
-702 -711 0
-702 -712 0
-702 -713 0
-702 -714 0
-702 -715 0
-702 -716 0
-702 -717 0
-702 -718 0
-702 -719 0
-702 -720 0
-702 -721 0
-702 -722 0
-702 -723 0
-702 -724 0
-702 -725 0
-702 -726 0
-703 -704 0
-703 -705 0
-703 -706 0
-703 -707 0
-703 -708 0
-703 -709 0
-703 -710 0
-703 -711 0
-703 -712 0
-703 -713 0
-703 -714 0
-703 -715 0
-703 -716 0
-703 -717 0
-703 -718 0
-703 -719 0
-703 -720 0
-703 -721 0
-703 -722 0
-703 -723 0
-703 -724 0
-703 -725 0
-703 -726 0
-704 -705 0
-704 -706 0
-704 -707 0
-704 -708 0
-704 -709 0
-704 -710 0
-704 -711 0
-704 -712 0
-704 -713 0
-704 -714 0
-704 -715 0
-704 -716 0
-704 -717 0
-704 -718 0
-704 -719 0
-704 -720 0
-704 -721 0
-704 -722 0
-704 -723 0
-704 -724 0
-704 -725 0
-704 -726 0
-705 -706 0
-705 -707 0
-705 -708 0
-705 -709 0
-705 -710 0
-705 -711 0
-705 -712 0
-705 -713 0
-705 -714 0
-705 -715 0
-705 -716 0
-705 -717 0
-705 -718 0
-705 -719 0
-705 -720 0
-705 -721 0
-705 -722 0
-705 -723 0
-705 -724 0
-705 -725 0
-705 -726 0
-706 -707 0
-706 -708 0
-706 -709 0
-706 -710 0
-706 -711 0
-706 -712 0
-706 -713 0
-706 -714 0
-706 -715 0
-706 -716 0
-706 -717 0
-706 -718 0
-706 -719 0
-706 -720 0
-706 -721 0
-706 -722 0
-706 -723 0
-706 -724 0
-706 -725 0
-706 -726 0
-707 -708 0
-707 -709 0
-707 -710 0
-707 -711 0
-707 -712 0
-707 -713 0
-707 -714 0
-707 -715 0
-707 -716 0
-707 -717 0
-707 -718 0
-707 -719 0
-707 -720 0
-707 -721 0
-707 -722 0
-707 -723 0
-707 -724 0
-707 -725 0
-707 -726 0
-708 -709 0
-708 -710 0
-708 -711 0
-708 -712 0
-708 -713 0
-708 -714 0
-708 -715 0
-708 -716 0
-708 -717 0
-708 -718 0
-708 -719 0
-708 -720 0
-708 -721 0
-708 -722 0
-708 -723 0
-708 -724 0
-708 -725 0
-708 -726 0
-709 -710 0
-709 -711 0
-709 -712 0
-709 -713 0
-709 -714 0
-709 -715 0
-709 -716 0
-709 -717 0
-709 -718 0
-709 -719 0
-709 -720 0
-709 -721 0
-709 -722 0
-709 -723 0
-709 -724 0
-709 -725 0
-709 -726 0
-710 -711 0
-710 -712 0
-710 -713 0
-710 -714 0
-710 -715 0
-710 -716 0
-710 -717 0
-710 -718 0
-710 -719 0
-710 -720 0
-710 -721 0
-710 -722 0
-710 -723 0
-710 -724 0
-710 -725 0
-710 -726 0
-711 -712 0
-711 -713 0
-711 -714 0
-711 -715 0
-711 -716 0
-711 -717 0
-711 -718 0
-711 -719 0
-711 -720 0
-711 -721 0
-711 -722 0
-711 -723 0
-711 -724 0
-711 -725 0
-711 -726 0
-712 -713 0
-712 -714 0
-712 -715 0
-712 -716 0
-712 -717 0
-712 -718 0
-712 -719 0
-712 -720 0
-712 -721 0
-712 -722 0
-712 -723 0
-712 -724 0
-712 -725 0
-712 -726 0
-713 -714 0
-713 -715 0
-713 -716 0
-713 -717 0
-713 -718 0
-713 -719 0
-713 -720 0
-713 -721 0
-713 -722 0
-713 -723 0
-713 -724 0
-713 -725 0
-713 -726 0
-714 -715 0
-714 -716 0
-714 -717 0
-714 -718 0
-714 -719 0
-714 -720 0
-714 -721 0
-714 -722 0
-714 -723 0
-714 -724 0
-714 -725 0
-714 -726 0
-715 -716 0
-715 -717 0
-715 -718 0
-715 -719 0
-715 -720 0
-715 -721 0
-715 -722 0
-715 -723 0
-715 -724 0
-715 -725 0
-715 -726 0
-716 -717 0
-716 -718 0
-716 -719 0
-716 -720 0
-716 -721 0
-716 -722 0
-716 -723 0
-716 -724 0
-716 -725 0
-716 -726 0
-717 -718 0
-717 -719 0
-717 -720 0
-717 -721 0
-717 -722 0
-717 -723 0
-717 -724 0
-717 -725 0
-717 -726 0
-718 -719 0
-718 -720 0
-718 -721 0
-718 -722 0
-718 -723 0
-718 -724 0
-718 -725 0
-718 -726 0
-719 -720 0
-719 -721 0
-719 -722 0
-719 -723 0
-719 -724 0
-719 -725 0
-719 -726 0
-720 -721 0
-720 -722 0
-720 -723 0
-720 -724 0
-720 -725 0
-720 -726 0
-721 -722 0
-721 -723 0
-721 -724 0
-721 -725 0
-721 -726 0
-722 -723 0
-722 -724 0
-722 -725 0
-722 -726 0
-723 -724 0
-723 -725 0
-723 -726 0
-724 -725 0
-724 -726 0
-725 -726 0
-727 -728 0
-727 -729 0
-727 -730 0
-727 -731 0
-727 -732 0
-727 -733 0
-727 -734 0
-727 -735 0
-727 -736 0
-727 -737 0
-727 -738 0
-727 -739 0
-727 -740 0
-727 -741 0
-727 -742 0
-727 -743 0
-727 -744 0
-727 -745 0
-727 -746 0
-727 -747 0
-727 -748 0
-727 -749 0
-727 -750 0
-727 -751 0
-727 -752 0
-727 -753 0
-727 -754 0
-727 -755 0
-727 -756 0
-727 -757 0
-727 -758 0
-727 -759 0
-728 -729 0
-728 -730 0
-728 -731 0
-728 -732 0
-728 -733 0
-728 -734 0
-728 -735 0
-728 -736 0
-728 -737 0
-728 -738 0
-728 -739 0
-728 -740 0
-728 -741 0
-728 -742 0
-728 -743 0
-728 -744 0
-728 -745 0
-728 -746 0
-728 -747 0
-728 -748 0
-728 -749 0
-728 -750 0
-728 -751 0
-728 -752 0
-728 -753 0
-728 -754 0
-728 -755 0
-728 -756 0
-728 -757 0
-728 -758 0
-728 -759 0
-729 -730 0
-729 -731 0
-729 -732 0
-729 -733 0
-729 -734 0
-729 -735 0
-729 -736 0
-729 -737 0
-729 -738 0
-729 -739 0
-729 -740 0
-729 -741 0
-729 -742 0
-729 -743 0
-729 -744 0
-729 -745 0
-729 -746 0
-729 -747 0
-729 -748 0
-729 -749 0
-729 -750 0
-729 -751 0
-729 -752 0
-729 -753 0
-729 -754 0
-729 -755 0
-729 -756 0
-729 -757 0
-729 -758 0
-729 -759 0
-730 -731 0
-730 -732 0
-730 -733 0
-730 -734 0
-730 -735 0
-730 -736 0
-730 -737 0
-730 -738 0
-730 -739 0
-730 -740 0
-730 -741 0
-730 -742 0
-730 -743 0
-730 -744 0
-730 -745 0
-730 -746 0
-730 -747 0
-730 -748 0
-730 -749 0
-730 -750 0
-730 -751 0
-730 -752 0
-730 -753 0
-730 -754 0
-730 -755 0
-730 -756 0
-730 -757 0
-730 -758 0
-730 -759 0
-731 -732 0
-731 -733 0
-731 -734 0
-731 -735 0
-731 -736 0
-731 -737 0
-731 -738 0
-731 -739 0
-731 -740 0
-731 -741 0
-731 -742 0
-731 -743 0
-731 -744 0
-731 -745 0
-731 -746 0
-731 -747 0
-731 -748 0
-731 -749 0
-731 -750 0
-731 -751 0
-731 -752 0
-731 -753 0
-731 -754 0
-731 -755 0
-731 -756 0
-731 -757 0
-731 -758 0
-731 -759 0
-732 -733 0
-732 -734 0
-732 -735 0
-732 -736 0
-732 -737 0
-732 -738 0
-732 -739 0
-732 -740 0
-732 -741 0
-732 -742 0
-732 -743 0
-732 -744 0
-732 -745 0
-732 -746 0
-732 -747 0
-732 -748 0
-732 -749 0
-732 -750 0
-732 -751 0
-732 -752 0
-732 -753 0
-732 -754 0
-732 -755 0
-732 -756 0
-732 -757 0
-732 -758 0
-732 -759 0
-733 -734 0
-733 -735 0
-733 -736 0
-733 -737 0
-733 -738 0
-733 -739 0
-733 -740 0
-733 -741 0
-733 -742 0
-733 -743 0
-733 -744 0
-733 -745 0
-733 -746 0
-733 -747 0
-733 -748 0
-733 -749 0
-733 -750 0
-733 -751 0
-733 -752 0
-733 -753 0
-733 -754 0
-733 -755 0
-733 -756 0
-733 -757 0
-733 -758 0
-733 -759 0
-734 -735 0
-734 -736 0
-734 -737 0
-734 -738 0
-734 -739 0
-734 -740 0
-734 -741 0
-734 -742 0
-734 -743 0
-734 -744 0
-734 -745 0
-734 -746 0
-734 -747 0
-734 -748 0
-734 -749 0
-734 -750 0
-734 -751 0
-734 -752 0
-734 -753 0
-734 -754 0
-734 -755 0
-734 -756 0
-734 -757 0
-734 -758 0
-734 -759 0
-735 -736 0
-735 -737 0
-735 -738 0
-735 -739 0
-735 -740 0
-735 -741 0
-735 -742 0
-735 -743 0
-735 -744 0
-735 -745 0
-735 -746 0
-735 -747 0
-735 -748 0
-735 -749 0
-735 -750 0
-735 -751 0
-735 -752 0
-735 -753 0
-735 -754 0
-735 -755 0
-735 -756 0
-735 -757 0
-735 -758 0
-735 -759 0
-736 -737 0
-736 -738 0
-736 -739 0
-736 -740 0
-736 -741 0
-736 -742 0
-736 -743 0
-736 -744 0
-736 -745 0
-736 -746 0
-736 -747 0
-736 -748 0
-736 -749 0
-736 -750 0
-736 -751 0
-736 -752 0
-736 -753 0
-736 -754 0
-736 -755 0
-736 -756 0
-736 -757 0
-736 -758 0
-736 -759 0
-737 -738 0
-737 -739 0
-737 -740 0
-737 -741 0
-737 -742 0
-737 -743 0
-737 -744 0
-737 -745 0
-737 -746 0
-737 -747 0
-737 -748 0
-737 -749 0
-737 -750 0
-737 -751 0
-737 -752 0
-737 -753 0
-737 -754 0
-737 -755 0
-737 -756 0
-737 -757 0
-737 -758 0
-737 -759 0
-738 -739 0
-738 -740 0
-738 -741 0
-738 -742 0
-738 -743 0
-738 -744 0
-738 -745 0
-738 -746 0
-738 -747 0
-738 -748 0
-738 -749 0
-738 -750 0
-738 -751 0
-738 -752 0
-738 -753 0
-738 -754 0
-738 -755 0
-738 -756 0
-738 -757 0
-738 -758 0
-738 -759 0
-739 -740 0
-739 -741 0
-739 -742 0
-739 -743 0
-739 -744 0
-739 -745 0
-739 -746 0
-739 -747 0
-739 -748 0
-739 -749 0
-739 -750 0
-739 -751 0
-739 -752 0
-739 -753 0
-739 -754 0
-739 -755 0
-739 -756 0
-739 -757 0
-739 -758 0
-739 -759 0
-740 -741 0
-740 -742 0
-740 -743 0
-740 -744 0
-740 -745 0
-740 -746 0
-740 -747 0
-740 -748 0
-740 -749 0
-740 -750 0
-740 -751 0
-740 -752 0
-740 -753 0
-740 -754 0
-740 -755 0
-740 -756 0
-740 -757 0
-740 -758 0
-740 -759 0
-741 -742 0
-741 -743 0
-741 -744 0
-741 -745 0
-741 -746 0
-741 -747 0
-741 -748 0
-741 -749 0
-741 -750 0
-741 -751 0
-741 -752 0
-741 -753 0
-741 -754 0
-741 -755 0
-741 -756 0
-741 -757 0
-741 -758 0
-741 -759 0
-742 -743 0
-742 -744 0
-742 -745 0
-742 -746 0
-742 -747 0
-742 -748 0
-742 -749 0
-742 -750 0
-742 -751 0
-742 -752 0
-742 -753 0
-742 -754 0
-742 -755 0
-742 -756 0
-742 -757 0
-742 -758 0
-742 -759 0
-743 -744 0
-743 -745 0
-743 -746 0
-743 -747 0
-743 -748 0
-743 -749 0
-743 -750 0
-743 -751 0
-743 -752 0
-743 -753 0
-743 -754 0
-743 -755 0
-743 -756 0
-743 -757 0
-743 -758 0
-743 -759 0
-744 -745 0
-744 -746 0
-744 -747 0
-744 -748 0
-744 -749 0
-744 -750 0
-744 -751 0
-744 -752 0
-744 -753 0
-744 -754 0
-744 -755 0
-744 -756 0
-744 -757 0
-744 -758 0
-744 -759 0
-745 -746 0
-745 -747 0
-745 -748 0
-745 -749 0
-745 -750 0
-745 -751 0
-745 -752 0
-745 -753 0
-745 -754 0
-745 -755 0
-745 -756 0
-745 -757 0
-745 -758 0
-745 -759 0
-746 -747 0
-746 -748 0
-746 -749 0
-746 -750 0
-746 -751 0
-746 -752 0
-746 -753 0
-746 -754 0
-746 -755 0
-746 -756 0
-746 -757 0
-746 -758 0
-746 -759 0
-747 -748 0
-747 -749 0
-747 -750 0
-747 -751 0
-747 -752 0
-747 -753 0
-747 -754 0
-747 -755 0
-747 -756 0
-747 -757 0
-747 -758 0
-747 -759 0
-748 -749 0
-748 -750 0
-748 -751 0
-748 -752 0
-748 -753 0
-748 -754 0
-748 -755 0
-748 -756 0
-748 -757 0
-748 -758 0
-748 -759 0
-749 -750 0
-749 -751 0
-749 -752 0
-749 -753 0
-749 -754 0
-749 -755 0
-749 -756 0
-749 -757 0
-749 -758 0
-749 -759 0
-750 -751 0
-750 -752 0
-750 -753 0
-750 -754 0
-750 -755 0
-750 -756 0
-750 -757 0
-750 -758 0
-750 -759 0
-751 -752 0
-751 -753 0
-751 -754 0
-751 -755 0
-751 -756 0
-751 -757 0
-751 -758 0
-751 -759 0
-752 -753 0
-752 -754 0
-752 -755 0
-752 -756 0
-752 -757 0
-752 -758 0
-752 -759 0
-753 -754 0
-753 -755 0
-753 -756 0
-753 -757 0
-753 -758 0
-753 -759 0
-754 -755 0
-754 -756 0
-754 -757 0
-754 -758 0
-754 -759 0
-755 -756 0
-755 -757 0
-755 -758 0
-755 -759 0
-756 -757 0
-756 -758 0
-756 -759 0
-757 -758 0
-757 -759 0
-758 -759 0
-760 -761 0
-760 -762 0
-760 -763 0
-760 -764 0
-760 -765 0
-760 -766 0
-760 -767 0
-760 -768 0
-760 -769 0
-760 -770 0
-760 -771 0
-760 -772 0
-760 -773 0
-760 -774 0
-760 -775 0
-760 -776 0
-760 -777 0
-760 -778 0
-760 -779 0
-760 -780 0
-760 -781 0
-760 -782 0
-760 -783 0
-760 -784 0
-760 -785 0
-760 -786 0
-760 -787 0
-760 -788 0
-760 -789 0
-760 -790 0
-760 -791 0
-760 -792 0
-761 -762 0
-761 -763 0
-761 -764 0
-761 -765 0
-761 -766 0
-761 -767 0
-761 -768 0
-761 -769 0
-761 -770 0
-761 -771 0
-761 -772 0
-761 -773 0
-761 -774 0
-761 -775 0
-761 -776 0
-761 -777 0
-761 -778 0
-761 -779 0
-761 -780 0
-761 -781 0
-761 -782 0
-761 -783 0
-761 -784 0
-761 -785 0
-761 -786 0
-761 -787 0
-761 -788 0
-761 -789 0
-761 -790 0
-761 -791 0
-761 -792 0
-762 -763 0
-762 -764 0
-762 -765 0
-762 -766 0
-762 -767 0
-762 -768 0
-762 -769 0
-762 -770 0
-762 -771 0
-762 -772 0
-762 -773 0
-762 -774 0
-762 -775 0
-762 -776 0
-762 -777 0
-762 -778 0
-762 -779 0
-762 -780 0
-762 -781 0
-762 -782 0
-762 -783 0
-762 -784 0
-762 -785 0
-762 -786 0
-762 -787 0
-762 -788 0
-762 -789 0
-762 -790 0
-762 -791 0
-762 -792 0
-763 -764 0
-763 -765 0
-763 -766 0
-763 -767 0
-763 -768 0
-763 -769 0
-763 -770 0
-763 -771 0
-763 -772 0
-763 -773 0
-763 -774 0
-763 -775 0
-763 -776 0
-763 -777 0
-763 -778 0
-763 -779 0
-763 -780 0
-763 -781 0
-763 -782 0
-763 -783 0
-763 -784 0
-763 -785 0
-763 -786 0
-763 -787 0
-763 -788 0
-763 -789 0
-763 -790 0
-763 -791 0
-763 -792 0
-764 -765 0
-764 -766 0
-764 -767 0
-764 -768 0
-764 -769 0
-764 -770 0
-764 -771 0
-764 -772 0
-764 -773 0
-764 -774 0
-764 -775 0
-764 -776 0
-764 -777 0
-764 -778 0
-764 -779 0
-764 -780 0
-764 -781 0
-764 -782 0
-764 -783 0
-764 -784 0
-764 -785 0
-764 -786 0
-764 -787 0
-764 -788 0
-764 -789 0
-764 -790 0
-764 -791 0
-764 -792 0
-765 -766 0
-765 -767 0
-765 -768 0
-765 -769 0
-765 -770 0
-765 -771 0
-765 -772 0
-765 -773 0
-765 -774 0
-765 -775 0
-765 -776 0
-765 -777 0
-765 -778 0
-765 -779 0
-765 -780 0
-765 -781 0
-765 -782 0
-765 -783 0
-765 -784 0
-765 -785 0
-765 -786 0
-765 -787 0
-765 -788 0
-765 -789 0
-765 -790 0
-765 -791 0
-765 -792 0
-766 -767 0
-766 -768 0
-766 -769 0
-766 -770 0
-766 -771 0
-766 -772 0
-766 -773 0
-766 -774 0
-766 -775 0
-766 -776 0
-766 -777 0
-766 -778 0
-766 -779 0
-766 -780 0
-766 -781 0
-766 -782 0
-766 -783 0
-766 -784 0
-766 -785 0
-766 -786 0
-766 -787 0
-766 -788 0
-766 -789 0
-766 -790 0
-766 -791 0
-766 -792 0
-767 -768 0
-767 -769 0
-767 -770 0
-767 -771 0
-767 -772 0
-767 -773 0
-767 -774 0
-767 -775 0
-767 -776 0
-767 -777 0
-767 -778 0
-767 -779 0
-767 -780 0
-767 -781 0
-767 -782 0
-767 -783 0
-767 -784 0
-767 -785 0
-767 -786 0
-767 -787 0
-767 -788 0
-767 -789 0
-767 -790 0
-767 -791 0
-767 -792 0
-768 -769 0
-768 -770 0
-768 -771 0
-768 -772 0
-768 -773 0
-768 -774 0
-768 -775 0
-768 -776 0
-768 -777 0
-768 -778 0
-768 -779 0
-768 -780 0
-768 -781 0
-768 -782 0
-768 -783 0
-768 -784 0
-768 -785 0
-768 -786 0
-768 -787 0
-768 -788 0
-768 -789 0
-768 -790 0
-768 -791 0
-768 -792 0
-769 -770 0
-769 -771 0
-769 -772 0
-769 -773 0
-769 -774 0
-769 -775 0
-769 -776 0
-769 -777 0
-769 -778 0
-769 -779 0
-769 -780 0
-769 -781 0
-769 -782 0
-769 -783 0
-769 -784 0
-769 -785 0
-769 -786 0
-769 -787 0
-769 -788 0
-769 -789 0
-769 -790 0
-769 -791 0
-769 -792 0
-770 -771 0
-770 -772 0
-770 -773 0
-770 -774 0
-770 -775 0
-770 -776 0
-770 -777 0
-770 -778 0
-770 -779 0
-770 -780 0
-770 -781 0
-770 -782 0
-770 -783 0
-770 -784 0
-770 -785 0
-770 -786 0
-770 -787 0
-770 -788 0
-770 -789 0
-770 -790 0
-770 -791 0
-770 -792 0
-771 -772 0
-771 -773 0
-771 -774 0
-771 -775 0
-771 -776 0
-771 -777 0
-771 -778 0
-771 -779 0
-771 -780 0
-771 -781 0
-771 -782 0
-771 -783 0
-771 -784 0
-771 -785 0
-771 -786 0
-771 -787 0
-771 -788 0
-771 -789 0
-771 -790 0
-771 -791 0
-771 -792 0
-772 -773 0
-772 -774 0
-772 -775 0
-772 -776 0
-772 -777 0
-772 -778 0
-772 -779 0
-772 -780 0
-772 -781 0
-772 -782 0
-772 -783 0
-772 -784 0
-772 -785 0
-772 -786 0
-772 -787 0
-772 -788 0
-772 -789 0
-772 -790 0
-772 -791 0
-772 -792 0
-773 -774 0
-773 -775 0
-773 -776 0
-773 -777 0
-773 -778 0
-773 -779 0
-773 -780 0
-773 -781 0
-773 -782 0
-773 -783 0
-773 -784 0
-773 -785 0
-773 -786 0
-773 -787 0
-773 -788 0
-773 -789 0
-773 -790 0
-773 -791 0
-773 -792 0
-774 -775 0
-774 -776 0
-774 -777 0
-774 -778 0
-774 -779 0
-774 -780 0
-774 -781 0
-774 -782 0
-774 -783 0
-774 -784 0
-774 -785 0
-774 -786 0
-774 -787 0
-774 -788 0
-774 -789 0
-774 -790 0
-774 -791 0
-774 -792 0
-775 -776 0
-775 -777 0
-775 -778 0
-775 -779 0
-775 -780 0
-775 -781 0
-775 -782 0
-775 -783 0
-775 -784 0
-775 -785 0
-775 -786 0
-775 -787 0
-775 -788 0
-775 -789 0
-775 -790 0
-775 -791 0
-775 -792 0
-776 -777 0
-776 -778 0
-776 -779 0
-776 -780 0
-776 -781 0
-776 -782 0
-776 -783 0
-776 -784 0
-776 -785 0
-776 -786 0
-776 -787 0
-776 -788 0
-776 -789 0
-776 -790 0
-776 -791 0
-776 -792 0
-777 -778 0
-777 -779 0
-777 -780 0
-777 -781 0
-777 -782 0
-777 -783 0
-777 -784 0
-777 -785 0
-777 -786 0
-777 -787 0
-777 -788 0
-777 -789 0
-777 -790 0
-777 -791 0
-777 -792 0
-778 -779 0
-778 -780 0
-778 -781 0
-778 -782 0
-778 -783 0
-778 -784 0
-778 -785 0
-778 -786 0
-778 -787 0
-778 -788 0
-778 -789 0
-778 -790 0
-778 -791 0
-778 -792 0
-779 -780 0
-779 -781 0
-779 -782 0
-779 -783 0
-779 -784 0
-779 -785 0
-779 -786 0
-779 -787 0
-779 -788 0
-779 -789 0
-779 -790 0
-779 -791 0
-779 -792 0
-780 -781 0
-780 -782 0
-780 -783 0
-780 -784 0
-780 -785 0
-780 -786 0
-780 -787 0
-780 -788 0
-780 -789 0
-780 -790 0
-780 -791 0
-780 -792 0
-781 -782 0
-781 -783 0
-781 -784 0
-781 -785 0
-781 -786 0
-781 -787 0
-781 -788 0
-781 -789 0
-781 -790 0
-781 -791 0
-781 -792 0
-782 -783 0
-782 -784 0
-782 -785 0
-782 -786 0
-782 -787 0
-782 -788 0
-782 -789 0
-782 -790 0
-782 -791 0
-782 -792 0
-783 -784 0
-783 -785 0
-783 -786 0
-783 -787 0
-783 -788 0
-783 -789 0
-783 -790 0
-783 -791 0
-783 -792 0
-784 -785 0
-784 -786 0
-784 -787 0
-784 -788 0
-784 -789 0
-784 -790 0
-784 -791 0
-784 -792 0
-785 -786 0
-785 -787 0
-785 -788 0
-785 -789 0
-785 -790 0
-785 -791 0
-785 -792 0
-786 -787 0
-786 -788 0
-786 -789 0
-786 -790 0
-786 -791 0
-786 -792 0
-787 -788 0
-787 -789 0
-787 -790 0
-787 -791 0
-787 -792 0
-788 -789 0
-788 -790 0
-788 -791 0
-788 -792 0
-789 -790 0
-789 -791 0
-789 -792 0
-790 -791 0
-790 -792 0
-791 -792 0
-793 -794 0
-793 -795 0
-793 -796 0
-793 -797 0
-793 -798 0
-793 -799 0
-793 -800 0
-793 -801 0
-793 -802 0
-793 -803 0
-793 -804 0
-793 -805 0
-793 -806 0
-793 -807 0
-793 -808 0
-793 -809 0
-793 -810 0
-793 -811 0
-793 -812 0
-793 -813 0
-793 -814 0
-793 -815 0
-793 -816 0
-793 -817 0
-793 -818 0
-793 -819 0
-793 -820 0
-793 -821 0
-793 -822 0
-793 -823 0
-793 -824 0
-793 -825 0
-794 -795 0
-794 -796 0
-794 -797 0
-794 -798 0
-794 -799 0
-794 -800 0
-794 -801 0
-794 -802 0
-794 -803 0
-794 -804 0
-794 -805 0
-794 -806 0
-794 -807 0
-794 -808 0
-794 -809 0
-794 -810 0
-794 -811 0
-794 -812 0
-794 -813 0
-794 -814 0
-794 -815 0
-794 -816 0
-794 -817 0
-794 -818 0
-794 -819 0
-794 -820 0
-794 -821 0
-794 -822 0
-794 -823 0
-794 -824 0
-794 -825 0
-795 -796 0
-795 -797 0
-795 -798 0
-795 -799 0
-795 -800 0
-795 -801 0
-795 -802 0
-795 -803 0
-795 -804 0
-795 -805 0
-795 -806 0
-795 -807 0
-795 -808 0
-795 -809 0
-795 -810 0
-795 -811 0
-795 -812 0
-795 -813 0
-795 -814 0
-795 -815 0
-795 -816 0
-795 -817 0
-795 -818 0
-795 -819 0
-795 -820 0
-795 -821 0
-795 -822 0
-795 -823 0
-795 -824 0
-795 -825 0
-796 -797 0
-796 -798 0
-796 -799 0
-796 -800 0
-796 -801 0
-796 -802 0
-796 -803 0
-796 -804 0
-796 -805 0
-796 -806 0
-796 -807 0
-796 -808 0
-796 -809 0
-796 -810 0
-796 -811 0
-796 -812 0
-796 -813 0
-796 -814 0
-796 -815 0
-796 -816 0
-796 -817 0
-796 -818 0
-796 -819 0
-796 -820 0
-796 -821 0
-796 -822 0
-796 -823 0
-796 -824 0
-796 -825 0
-797 -798 0
-797 -799 0
-797 -800 0
-797 -801 0
-797 -802 0
-797 -803 0
-797 -804 0
-797 -805 0
-797 -806 0
-797 -807 0
-797 -808 0
-797 -809 0
-797 -810 0
-797 -811 0
-797 -812 0
-797 -813 0
-797 -814 0
-797 -815 0
-797 -816 0
-797 -817 0
-797 -818 0
-797 -819 0
-797 -820 0
-797 -821 0
-797 -822 0
-797 -823 0
-797 -824 0
-797 -825 0
-798 -799 0
-798 -800 0
-798 -801 0
-798 -802 0
-798 -803 0
-798 -804 0
-798 -805 0
-798 -806 0
-798 -807 0
-798 -808 0
-798 -809 0
-798 -810 0
-798 -811 0
-798 -812 0
-798 -813 0
-798 -814 0
-798 -815 0
-798 -816 0
-798 -817 0
-798 -818 0
-798 -819 0
-798 -820 0
-798 -821 0
-798 -822 0
-798 -823 0
-798 -824 0
-798 -825 0
-799 -800 0
-799 -801 0
-799 -802 0
-799 -803 0
-799 -804 0
-799 -805 0
-799 -806 0
-799 -807 0
-799 -808 0
-799 -809 0
-799 -810 0
-799 -811 0
-799 -812 0
-799 -813 0
-799 -814 0
-799 -815 0
-799 -816 0
-799 -817 0
-799 -818 0
-799 -819 0
-799 -820 0
-799 -821 0
-799 -822 0
-799 -823 0
-799 -824 0
-799 -825 0
-800 -801 0
-800 -802 0
-800 -803 0
-800 -804 0
-800 -805 0
-800 -806 0
-800 -807 0
-800 -808 0
-800 -809 0
-800 -810 0
-800 -811 0
-800 -812 0
-800 -813 0
-800 -814 0
-800 -815 0
-800 -816 0
-800 -817 0
-800 -818 0
-800 -819 0
-800 -820 0
-800 -821 0
-800 -822 0
-800 -823 0
-800 -824 0
-800 -825 0
-801 -802 0
-801 -803 0
-801 -804 0
-801 -805 0
-801 -806 0
-801 -807 0
-801 -808 0
-801 -809 0
-801 -810 0
-801 -811 0
-801 -812 0
-801 -813 0
-801 -814 0
-801 -815 0
-801 -816 0
-801 -817 0
-801 -818 0
-801 -819 0
-801 -820 0
-801 -821 0
-801 -822 0
-801 -823 0
-801 -824 0
-801 -825 0
-802 -803 0
-802 -804 0
-802 -805 0
-802 -806 0
-802 -807 0
-802 -808 0
-802 -809 0
-802 -810 0
-802 -811 0
-802 -812 0
-802 -813 0
-802 -814 0
-802 -815 0
-802 -816 0
-802 -817 0
-802 -818 0
-802 -819 0
-802 -820 0
-802 -821 0
-802 -822 0
-802 -823 0
-802 -824 0
-802 -825 0
-803 -804 0
-803 -805 0
-803 -806 0
-803 -807 0
-803 -808 0
-803 -809 0
-803 -810 0
-803 -811 0
-803 -812 0
-803 -813 0
-803 -814 0
-803 -815 0
-803 -816 0
-803 -817 0
-803 -818 0
-803 -819 0
-803 -820 0
-803 -821 0
-803 -822 0
-803 -823 0
-803 -824 0
-803 -825 0
-804 -805 0
-804 -806 0
-804 -807 0
-804 -808 0
-804 -809 0
-804 -810 0
-804 -811 0
-804 -812 0
-804 -813 0
-804 -814 0
-804 -815 0
-804 -816 0
-804 -817 0
-804 -818 0
-804 -819 0
-804 -820 0
-804 -821 0
-804 -822 0
-804 -823 0
-804 -824 0
-804 -825 0
-805 -806 0
-805 -807 0
-805 -808 0
-805 -809 0
-805 -810 0
-805 -811 0
-805 -812 0
-805 -813 0
-805 -814 0
-805 -815 0
-805 -816 0
-805 -817 0
-805 -818 0
-805 -819 0
-805 -820 0
-805 -821 0
-805 -822 0
-805 -823 0
-805 -824 0
-805 -825 0
-806 -807 0
-806 -808 0
-806 -809 0
-806 -810 0
-806 -811 0
-806 -812 0
-806 -813 0
-806 -814 0
-806 -815 0
-806 -816 0
-806 -817 0
-806 -818 0
-806 -819 0
-806 -820 0
-806 -821 0
-806 -822 0
-806 -823 0
-806 -824 0
-806 -825 0
-807 -808 0
-807 -809 0
-807 -810 0
-807 -811 0
-807 -812 0
-807 -813 0
-807 -814 0
-807 -815 0
-807 -816 0
-807 -817 0
-807 -818 0
-807 -819 0
-807 -820 0
-807 -821 0
-807 -822 0
-807 -823 0
-807 -824 0
-807 -825 0
-808 -809 0
-808 -810 0
-808 -811 0
-808 -812 0
-808 -813 0
-808 -814 0
-808 -815 0
-808 -816 0
-808 -817 0
-808 -818 0
-808 -819 0
-808 -820 0
-808 -821 0
-808 -822 0
-808 -823 0
-808 -824 0
-808 -825 0
-809 -810 0
-809 -811 0
-809 -812 0
-809 -813 0
-809 -814 0
-809 -815 0
-809 -816 0
-809 -817 0
-809 -818 0
-809 -819 0
-809 -820 0
-809 -821 0
-809 -822 0
-809 -823 0
-809 -824 0
-809 -825 0
-810 -811 0
-810 -812 0
-810 -813 0
-810 -814 0
-810 -815 0
-810 -816 0
-810 -817 0
-810 -818 0
-810 -819 0
-810 -820 0
-810 -821 0
-810 -822 0
-810 -823 0
-810 -824 0
-810 -825 0
-811 -812 0
-811 -813 0
-811 -814 0
-811 -815 0
-811 -816 0
-811 -817 0
-811 -818 0
-811 -819 0
-811 -820 0
-811 -821 0
-811 -822 0
-811 -823 0
-811 -824 0
-811 -825 0
-812 -813 0
-812 -814 0
-812 -815 0
-812 -816 0
-812 -817 0
-812 -818 0
-812 -819 0
-812 -820 0
-812 -821 0
-812 -822 0
-812 -823 0
-812 -824 0
-812 -825 0
-813 -814 0
-813 -815 0
-813 -816 0
-813 -817 0
-813 -818 0
-813 -819 0
-813 -820 0
-813 -821 0
-813 -822 0
-813 -823 0
-813 -824 0
-813 -825 0
-814 -815 0
-814 -816 0
-814 -817 0
-814 -818 0
-814 -819 0
-814 -820 0
-814 -821 0
-814 -822 0
-814 -823 0
-814 -824 0
-814 -825 0
-815 -816 0
-815 -817 0
-815 -818 0
-815 -819 0
-815 -820 0
-815 -821 0
-815 -822 0
-815 -823 0
-815 -824 0
-815 -825 0
-816 -817 0
-816 -818 0
-816 -819 0
-816 -820 0
-816 -821 0
-816 -822 0
-816 -823 0
-816 -824 0
-816 -825 0
-817 -818 0
-817 -819 0
-817 -820 0
-817 -821 0
-817 -822 0
-817 -823 0
-817 -824 0
-817 -825 0
-818 -819 0
-818 -820 0
-818 -821 0
-818 -822 0
-818 -823 0
-818 -824 0
-818 -825 0
-819 -820 0
-819 -821 0
-819 -822 0
-819 -823 0
-819 -824 0
-819 -825 0
-820 -821 0
-820 -822 0
-820 -823 0
-820 -824 0
-820 -825 0
-821 -822 0
-821 -823 0
-821 -824 0
-821 -825 0
-822 -823 0
-822 -824 0
-822 -825 0
-823 -824 0
-823 -825 0
-824 -825 0
-826 -827 0
-826 -828 0
-826 -829 0
-826 -830 0
-826 -831 0
-826 -832 0
-826 -833 0
-826 -834 0
-826 -835 0
-826 -836 0
-826 -837 0
-826 -838 0
-826 -839 0
-826 -840 0
-826 -841 0
-826 -842 0
-826 -843 0
-826 -844 0
-826 -845 0
-826 -846 0
-826 -847 0
-826 -848 0
-826 -849 0
-826 -850 0
-826 -851 0
-826 -852 0
-826 -853 0
-826 -854 0
-826 -855 0
-826 -856 0
-826 -857 0
-826 -858 0
-827 -828 0
-827 -829 0
-827 -830 0
-827 -831 0
-827 -832 0
-827 -833 0
-827 -834 0
-827 -835 0
-827 -836 0
-827 -837 0
-827 -838 0
-827 -839 0
-827 -840 0
-827 -841 0
-827 -842 0
-827 -843 0
-827 -844 0
-827 -845 0
-827 -846 0
-827 -847 0
-827 -848 0
-827 -849 0
-827 -850 0
-827 -851 0
-827 -852 0
-827 -853 0
-827 -854 0
-827 -855 0
-827 -856 0
-827 -857 0
-827 -858 0
-828 -829 0
-828 -830 0
-828 -831 0
-828 -832 0
-828 -833 0
-828 -834 0
-828 -835 0
-828 -836 0
-828 -837 0
-828 -838 0
-828 -839 0
-828 -840 0
-828 -841 0
-828 -842 0
-828 -843 0
-828 -844 0
-828 -845 0
-828 -846 0
-828 -847 0
-828 -848 0
-828 -849 0
-828 -850 0
-828 -851 0
-828 -852 0
-828 -853 0
-828 -854 0
-828 -855 0
-828 -856 0
-828 -857 0
-828 -858 0
-829 -830 0
-829 -831 0
-829 -832 0
-829 -833 0
-829 -834 0
-829 -835 0
-829 -836 0
-829 -837 0
-829 -838 0
-829 -839 0
-829 -840 0
-829 -841 0
-829 -842 0
-829 -843 0
-829 -844 0
-829 -845 0
-829 -846 0
-829 -847 0
-829 -848 0
-829 -849 0
-829 -850 0
-829 -851 0
-829 -852 0
-829 -853 0
-829 -854 0
-829 -855 0
-829 -856 0
-829 -857 0
-829 -858 0
-830 -831 0
-830 -832 0
-830 -833 0
-830 -834 0
-830 -835 0
-830 -836 0
-830 -837 0
-830 -838 0
-830 -839 0
-830 -840 0
-830 -841 0
-830 -842 0
-830 -843 0
-830 -844 0
-830 -845 0
-830 -846 0
-830 -847 0
-830 -848 0
-830 -849 0
-830 -850 0
-830 -851 0
-830 -852 0
-830 -853 0
-830 -854 0
-830 -855 0
-830 -856 0
-830 -857 0
-830 -858 0
-831 -832 0
-831 -833 0
-831 -834 0
-831 -835 0
-831 -836 0
-831 -837 0
-831 -838 0
-831 -839 0
-831 -840 0
-831 -841 0
-831 -842 0
-831 -843 0
-831 -844 0
-831 -845 0
-831 -846 0
-831 -847 0
-831 -848 0
-831 -849 0
-831 -850 0
-831 -851 0
-831 -852 0
-831 -853 0
-831 -854 0
-831 -855 0
-831 -856 0
-831 -857 0
-831 -858 0
-832 -833 0
-832 -834 0
-832 -835 0
-832 -836 0
-832 -837 0
-832 -838 0
-832 -839 0
-832 -840 0
-832 -841 0
-832 -842 0
-832 -843 0
-832 -844 0
-832 -845 0
-832 -846 0
-832 -847 0
-832 -848 0
-832 -849 0
-832 -850 0
-832 -851 0
-832 -852 0
-832 -853 0
-832 -854 0
-832 -855 0
-832 -856 0
-832 -857 0
-832 -858 0
-833 -834 0
-833 -835 0
-833 -836 0
-833 -837 0
-833 -838 0
-833 -839 0
-833 -840 0
-833 -841 0
-833 -842 0
-833 -843 0
-833 -844 0
-833 -845 0
-833 -846 0
-833 -847 0
-833 -848 0
-833 -849 0
-833 -850 0
-833 -851 0
-833 -852 0
-833 -853 0
-833 -854 0
-833 -855 0
-833 -856 0
-833 -857 0
-833 -858 0
-834 -835 0
-834 -836 0
-834 -837 0
-834 -838 0
-834 -839 0
-834 -840 0
-834 -841 0
-834 -842 0
-834 -843 0
-834 -844 0
-834 -845 0
-834 -846 0
-834 -847 0
-834 -848 0
-834 -849 0
-834 -850 0
-834 -851 0
-834 -852 0
-834 -853 0
-834 -854 0
-834 -855 0
-834 -856 0
-834 -857 0
-834 -858 0
-835 -836 0
-835 -837 0
-835 -838 0
-835 -839 0
-835 -840 0
-835 -841 0
-835 -842 0
-835 -843 0
-835 -844 0
-835 -845 0
-835 -846 0
-835 -847 0
-835 -848 0
-835 -849 0
-835 -850 0
-835 -851 0
-835 -852 0
-835 -853 0
-835 -854 0
-835 -855 0
-835 -856 0
-835 -857 0
-835 -858 0
-836 -837 0
-836 -838 0
-836 -839 0
-836 -840 0
-836 -841 0
-836 -842 0
-836 -843 0
-836 -844 0
-836 -845 0
-836 -846 0
-836 -847 0
-836 -848 0
-836 -849 0
-836 -850 0
-836 -851 0
-836 -852 0
-836 -853 0
-836 -854 0
-836 -855 0
-836 -856 0
-836 -857 0
-836 -858 0
-837 -838 0
-837 -839 0
-837 -840 0
-837 -841 0
-837 -842 0
-837 -843 0
-837 -844 0
-837 -845 0
-837 -846 0
-837 -847 0
-837 -848 0
-837 -849 0
-837 -850 0
-837 -851 0
-837 -852 0
-837 -853 0
-837 -854 0
-837 -855 0
-837 -856 0
-837 -857 0
-837 -858 0
-838 -839 0
-838 -840 0
-838 -841 0
-838 -842 0
-838 -843 0
-838 -844 0
-838 -845 0
-838 -846 0
-838 -847 0
-838 -848 0
-838 -849 0
-838 -850 0
-838 -851 0
-838 -852 0
-838 -853 0
-838 -854 0
-838 -855 0
-838 -856 0
-838 -857 0
-838 -858 0
-839 -840 0
-839 -841 0
-839 -842 0
-839 -843 0
-839 -844 0
-839 -845 0
-839 -846 0
-839 -847 0
-839 -848 0
-839 -849 0
-839 -850 0
-839 -851 0
-839 -852 0
-839 -853 0
-839 -854 0
-839 -855 0
-839 -856 0
-839 -857 0
-839 -858 0
-840 -841 0
-840 -842 0
-840 -843 0
-840 -844 0
-840 -845 0
-840 -846 0
-840 -847 0
-840 -848 0
-840 -849 0
-840 -850 0
-840 -851 0
-840 -852 0
-840 -853 0
-840 -854 0
-840 -855 0
-840 -856 0
-840 -857 0
-840 -858 0
-841 -842 0
-841 -843 0
-841 -844 0
-841 -845 0
-841 -846 0
-841 -847 0
-841 -848 0
-841 -849 0
-841 -850 0
-841 -851 0
-841 -852 0
-841 -853 0
-841 -854 0
-841 -855 0
-841 -856 0
-841 -857 0
-841 -858 0
-842 -843 0
-842 -844 0
-842 -845 0
-842 -846 0
-842 -847 0
-842 -848 0
-842 -849 0
-842 -850 0
-842 -851 0
-842 -852 0
-842 -853 0
-842 -854 0
-842 -855 0
-842 -856 0
-842 -857 0
-842 -858 0
-843 -844 0
-843 -845 0
-843 -846 0
-843 -847 0
-843 -848 0
-843 -849 0
-843 -850 0
-843 -851 0
-843 -852 0
-843 -853 0
-843 -854 0
-843 -855 0
-843 -856 0
-843 -857 0
-843 -858 0
-844 -845 0
-844 -846 0
-844 -847 0
-844 -848 0
-844 -849 0
-844 -850 0
-844 -851 0
-844 -852 0
-844 -853 0
-844 -854 0
-844 -855 0
-844 -856 0
-844 -857 0
-844 -858 0
-845 -846 0
-845 -847 0
-845 -848 0
-845 -849 0
-845 -850 0
-845 -851 0
-845 -852 0
-845 -853 0
-845 -854 0
-845 -855 0
-845 -856 0
-845 -857 0
-845 -858 0
-846 -847 0
-846 -848 0
-846 -849 0
-846 -850 0
-846 -851 0
-846 -852 0
-846 -853 0
-846 -854 0
-846 -855 0
-846 -856 0
-846 -857 0
-846 -858 0
-847 -848 0
-847 -849 0
-847 -850 0
-847 -851 0
-847 -852 0
-847 -853 0
-847 -854 0
-847 -855 0
-847 -856 0
-847 -857 0
-847 -858 0
-848 -849 0
-848 -850 0
-848 -851 0
-848 -852 0
-848 -853 0
-848 -854 0
-848 -855 0
-848 -856 0
-848 -857 0
-848 -858 0
-849 -850 0
-849 -851 0
-849 -852 0
-849 -853 0
-849 -854 0
-849 -855 0
-849 -856 0
-849 -857 0
-849 -858 0
-850 -851 0
-850 -852 0
-850 -853 0
-850 -854 0
-850 -855 0
-850 -856 0
-850 -857 0
-850 -858 0
-851 -852 0
-851 -853 0
-851 -854 0
-851 -855 0
-851 -856 0
-851 -857 0
-851 -858 0
-852 -853 0
-852 -854 0
-852 -855 0
-852 -856 0
-852 -857 0
-852 -858 0
-853 -854 0
-853 -855 0
-853 -856 0
-853 -857 0
-853 -858 0
-854 -855 0
-854 -856 0
-854 -857 0
-854 -858 0
-855 -856 0
-855 -857 0
-855 -858 0
-856 -857 0
-856 -858 0
-857 -858 0
-859 -860 0
-859 -861 0
-859 -862 0
-859 -863 0
-859 -864 0
-859 -865 0
-859 -866 0
-859 -867 0
-859 -868 0
-859 -869 0
-859 -870 0
-859 -871 0
-859 -872 0
-859 -873 0
-859 -874 0
-859 -875 0
-859 -876 0
-859 -877 0
-859 -878 0
-859 -879 0
-859 -880 0
-859 -881 0
-859 -882 0
-859 -883 0
-859 -884 0
-859 -885 0
-859 -886 0
-859 -887 0
-859 -888 0
-859 -889 0
-859 -890 0
-859 -891 0
-860 -861 0
-860 -862 0
-860 -863 0
-860 -864 0
-860 -865 0
-860 -866 0
-860 -867 0
-860 -868 0
-860 -869 0
-860 -870 0
-860 -871 0
-860 -872 0
-860 -873 0
-860 -874 0
-860 -875 0
-860 -876 0
-860 -877 0
-860 -878 0
-860 -879 0
-860 -880 0
-860 -881 0
-860 -882 0
-860 -883 0
-860 -884 0
-860 -885 0
-860 -886 0
-860 -887 0
-860 -888 0
-860 -889 0
-860 -890 0
-860 -891 0
-861 -862 0
-861 -863 0
-861 -864 0
-861 -865 0
-861 -866 0
-861 -867 0
-861 -868 0
-861 -869 0
-861 -870 0
-861 -871 0
-861 -872 0
-861 -873 0
-861 -874 0
-861 -875 0
-861 -876 0
-861 -877 0
-861 -878 0
-861 -879 0
-861 -880 0
-861 -881 0
-861 -882 0
-861 -883 0
-861 -884 0
-861 -885 0
-861 -886 0
-861 -887 0
-861 -888 0
-861 -889 0
-861 -890 0
-861 -891 0
-862 -863 0
-862 -864 0
-862 -865 0
-862 -866 0
-862 -867 0
-862 -868 0
-862 -869 0
-862 -870 0
-862 -871 0
-862 -872 0
-862 -873 0
-862 -874 0
-862 -875 0
-862 -876 0
-862 -877 0
-862 -878 0
-862 -879 0
-862 -880 0
-862 -881 0
-862 -882 0
-862 -883 0
-862 -884 0
-862 -885 0
-862 -886 0
-862 -887 0
-862 -888 0
-862 -889 0
-862 -890 0
-862 -891 0
-863 -864 0
-863 -865 0
-863 -866 0
-863 -867 0
-863 -868 0
-863 -869 0
-863 -870 0
-863 -871 0
-863 -872 0
-863 -873 0
-863 -874 0
-863 -875 0
-863 -876 0
-863 -877 0
-863 -878 0
-863 -879 0
-863 -880 0
-863 -881 0
-863 -882 0
-863 -883 0
-863 -884 0
-863 -885 0
-863 -886 0
-863 -887 0
-863 -888 0
-863 -889 0
-863 -890 0
-863 -891 0
-864 -865 0
-864 -866 0
-864 -867 0
-864 -868 0
-864 -869 0
-864 -870 0
-864 -871 0
-864 -872 0
-864 -873 0
-864 -874 0
-864 -875 0
-864 -876 0
-864 -877 0
-864 -878 0
-864 -879 0
-864 -880 0
-864 -881 0
-864 -882 0
-864 -883 0
-864 -884 0
-864 -885 0
-864 -886 0
-864 -887 0
-864 -888 0
-864 -889 0
-864 -890 0
-864 -891 0
-865 -866 0
-865 -867 0
-865 -868 0
-865 -869 0
-865 -870 0
-865 -871 0
-865 -872 0
-865 -873 0
-865 -874 0
-865 -875 0
-865 -876 0
-865 -877 0
-865 -878 0
-865 -879 0
-865 -880 0
-865 -881 0
-865 -882 0
-865 -883 0
-865 -884 0
-865 -885 0
-865 -886 0
-865 -887 0
-865 -888 0
-865 -889 0
-865 -890 0
-865 -891 0
-866 -867 0
-866 -868 0
-866 -869 0
-866 -870 0
-866 -871 0
-866 -872 0
-866 -873 0
-866 -874 0
-866 -875 0
-866 -876 0
-866 -877 0
-866 -878 0
-866 -879 0
-866 -880 0
-866 -881 0
-866 -882 0
-866 -883 0
-866 -884 0
-866 -885 0
-866 -886 0
-866 -887 0
-866 -888 0
-866 -889 0
-866 -890 0
-866 -891 0
-867 -868 0
-867 -869 0
-867 -870 0
-867 -871 0
-867 -872 0
-867 -873 0
-867 -874 0
-867 -875 0
-867 -876 0
-867 -877 0
-867 -878 0
-867 -879 0
-867 -880 0
-867 -881 0
-867 -882 0
-867 -883 0
-867 -884 0
-867 -885 0
-867 -886 0
-867 -887 0
-867 -888 0
-867 -889 0
-867 -890 0
-867 -891 0
-868 -869 0
-868 -870 0
-868 -871 0
-868 -872 0
-868 -873 0
-868 -874 0
-868 -875 0
-868 -876 0
-868 -877 0
-868 -878 0
-868 -879 0
-868 -880 0
-868 -881 0
-868 -882 0
-868 -883 0
-868 -884 0
-868 -885 0
-868 -886 0
-868 -887 0
-868 -888 0
-868 -889 0
-868 -890 0
-868 -891 0
-869 -870 0
-869 -871 0
-869 -872 0
-869 -873 0
-869 -874 0
-869 -875 0
-869 -876 0
-869 -877 0
-869 -878 0
-869 -879 0
-869 -880 0
-869 -881 0
-869 -882 0
-869 -883 0
-869 -884 0
-869 -885 0
-869 -886 0
-869 -887 0
-869 -888 0
-869 -889 0
-869 -890 0
-869 -891 0
-870 -871 0
-870 -872 0
-870 -873 0
-870 -874 0
-870 -875 0
-870 -876 0
-870 -877 0
-870 -878 0
-870 -879 0
-870 -880 0
-870 -881 0
-870 -882 0
-870 -883 0
-870 -884 0
-870 -885 0
-870 -886 0
-870 -887 0
-870 -888 0
-870 -889 0
-870 -890 0
-870 -891 0
-871 -872 0
-871 -873 0
-871 -874 0
-871 -875 0
-871 -876 0
-871 -877 0
-871 -878 0
-871 -879 0
-871 -880 0
-871 -881 0
-871 -882 0
-871 -883 0
-871 -884 0
-871 -885 0
-871 -886 0
-871 -887 0
-871 -888 0
-871 -889 0
-871 -890 0
-871 -891 0
-872 -873 0
-872 -874 0
-872 -875 0
-872 -876 0
-872 -877 0
-872 -878 0
-872 -879 0
-872 -880 0
-872 -881 0
-872 -882 0
-872 -883 0
-872 -884 0
-872 -885 0
-872 -886 0
-872 -887 0
-872 -888 0
-872 -889 0
-872 -890 0
-872 -891 0
-873 -874 0
-873 -875 0
-873 -876 0
-873 -877 0
-873 -878 0
-873 -879 0
-873 -880 0
-873 -881 0
-873 -882 0
-873 -883 0
-873 -884 0
-873 -885 0
-873 -886 0
-873 -887 0
-873 -888 0
-873 -889 0
-873 -890 0
-873 -891 0
-874 -875 0
-874 -876 0
-874 -877 0
-874 -878 0
-874 -879 0
-874 -880 0
-874 -881 0
-874 -882 0
-874 -883 0
-874 -884 0
-874 -885 0
-874 -886 0
-874 -887 0
-874 -888 0
-874 -889 0
-874 -890 0
-874 -891 0
-875 -876 0
-875 -877 0
-875 -878 0
-875 -879 0
-875 -880 0
-875 -881 0
-875 -882 0
-875 -883 0
-875 -884 0
-875 -885 0
-875 -886 0
-875 -887 0
-875 -888 0
-875 -889 0
-875 -890 0
-875 -891 0
-876 -877 0
-876 -878 0
-876 -879 0
-876 -880 0
-876 -881 0
-876 -882 0
-876 -883 0
-876 -884 0
-876 -885 0
-876 -886 0
-876 -887 0
-876 -888 0
-876 -889 0
-876 -890 0
-876 -891 0
-877 -878 0
-877 -879 0
-877 -880 0
-877 -881 0
-877 -882 0
-877 -883 0
-877 -884 0
-877 -885 0
-877 -886 0
-877 -887 0
-877 -888 0
-877 -889 0
-877 -890 0
-877 -891 0
-878 -879 0
-878 -880 0
-878 -881 0
-878 -882 0
-878 -883 0
-878 -884 0
-878 -885 0
-878 -886 0
-878 -887 0
-878 -888 0
-878 -889 0
-878 -890 0
-878 -891 0
-879 -880 0
-879 -881 0
-879 -882 0
-879 -883 0
-879 -884 0
-879 -885 0
-879 -886 0
-879 -887 0
-879 -888 0
-879 -889 0
-879 -890 0
-879 -891 0
-880 -881 0
-880 -882 0
-880 -883 0
-880 -884 0
-880 -885 0
-880 -886 0
-880 -887 0
-880 -888 0
-880 -889 0
-880 -890 0
-880 -891 0
-881 -882 0
-881 -883 0
-881 -884 0
-881 -885 0
-881 -886 0
-881 -887 0
-881 -888 0
-881 -889 0
-881 -890 0
-881 -891 0
-882 -883 0
-882 -884 0
-882 -885 0
-882 -886 0
-882 -887 0
-882 -888 0
-882 -889 0
-882 -890 0
-882 -891 0
-883 -884 0
-883 -885 0
-883 -886 0
-883 -887 0
-883 -888 0
-883 -889 0
-883 -890 0
-883 -891 0
-884 -885 0
-884 -886 0
-884 -887 0
-884 -888 0
-884 -889 0
-884 -890 0
-884 -891 0
-885 -886 0
-885 -887 0
-885 -888 0
-885 -889 0
-885 -890 0
-885 -891 0
-886 -887 0
-886 -888 0
-886 -889 0
-886 -890 0
-886 -891 0
-887 -888 0
-887 -889 0
-887 -890 0
-887 -891 0
-888 -889 0
-888 -890 0
-888 -891 0
-889 -890 0
-889 -891 0
-890 -891 0
-892 -893 0
-892 -894 0
-892 -895 0
-892 -896 0
-892 -897 0
-892 -898 0
-892 -899 0
-892 -900 0
-892 -901 0
-892 -902 0
-892 -903 0
-892 -904 0
-892 -905 0
-892 -906 0
-892 -907 0
-892 -908 0
-892 -909 0
-892 -910 0
-892 -911 0
-892 -912 0
-892 -913 0
-892 -914 0
-892 -915 0
-892 -916 0
-892 -917 0
-892 -918 0
-892 -919 0
-892 -920 0
-892 -921 0
-892 -922 0
-892 -923 0
-892 -924 0
-893 -894 0
-893 -895 0
-893 -896 0
-893 -897 0
-893 -898 0
-893 -899 0
-893 -900 0
-893 -901 0
-893 -902 0
-893 -903 0
-893 -904 0
-893 -905 0
-893 -906 0
-893 -907 0
-893 -908 0
-893 -909 0
-893 -910 0
-893 -911 0
-893 -912 0
-893 -913 0
-893 -914 0
-893 -915 0
-893 -916 0
-893 -917 0
-893 -918 0
-893 -919 0
-893 -920 0
-893 -921 0
-893 -922 0
-893 -923 0
-893 -924 0
-894 -895 0
-894 -896 0
-894 -897 0
-894 -898 0
-894 -899 0
-894 -900 0
-894 -901 0
-894 -902 0
-894 -903 0
-894 -904 0
-894 -905 0
-894 -906 0
-894 -907 0
-894 -908 0
-894 -909 0
-894 -910 0
-894 -911 0
-894 -912 0
-894 -913 0
-894 -914 0
-894 -915 0
-894 -916 0
-894 -917 0
-894 -918 0
-894 -919 0
-894 -920 0
-894 -921 0
-894 -922 0
-894 -923 0
-894 -924 0
-895 -896 0
-895 -897 0
-895 -898 0
-895 -899 0
-895 -900 0
-895 -901 0
-895 -902 0
-895 -903 0
-895 -904 0
-895 -905 0
-895 -906 0
-895 -907 0
-895 -908 0
-895 -909 0
-895 -910 0
-895 -911 0
-895 -912 0
-895 -913 0
-895 -914 0
-895 -915 0
-895 -916 0
-895 -917 0
-895 -918 0
-895 -919 0
-895 -920 0
-895 -921 0
-895 -922 0
-895 -923 0
-895 -924 0
-896 -897 0
-896 -898 0
-896 -899 0
-896 -900 0
-896 -901 0
-896 -902 0
-896 -903 0
-896 -904 0
-896 -905 0
-896 -906 0
-896 -907 0
-896 -908 0
-896 -909 0
-896 -910 0
-896 -911 0
-896 -912 0
-896 -913 0
-896 -914 0
-896 -915 0
-896 -916 0
-896 -917 0
-896 -918 0
-896 -919 0
-896 -920 0
-896 -921 0
-896 -922 0
-896 -923 0
-896 -924 0
-897 -898 0
-897 -899 0
-897 -900 0
-897 -901 0
-897 -902 0
-897 -903 0
-897 -904 0
-897 -905 0
-897 -906 0
-897 -907 0
-897 -908 0
-897 -909 0
-897 -910 0
-897 -911 0
-897 -912 0
-897 -913 0
-897 -914 0
-897 -915 0
-897 -916 0
-897 -917 0
-897 -918 0
-897 -919 0
-897 -920 0
-897 -921 0
-897 -922 0
-897 -923 0
-897 -924 0
-898 -899 0
-898 -900 0
-898 -901 0
-898 -902 0
-898 -903 0
-898 -904 0
-898 -905 0
-898 -906 0
-898 -907 0
-898 -908 0
-898 -909 0
-898 -910 0
-898 -911 0
-898 -912 0
-898 -913 0
-898 -914 0
-898 -915 0
-898 -916 0
-898 -917 0
-898 -918 0
-898 -919 0
-898 -920 0
-898 -921 0
-898 -922 0
-898 -923 0
-898 -924 0
-899 -900 0
-899 -901 0
-899 -902 0
-899 -903 0
-899 -904 0
-899 -905 0
-899 -906 0
-899 -907 0
-899 -908 0
-899 -909 0
-899 -910 0
-899 -911 0
-899 -912 0
-899 -913 0
-899 -914 0
-899 -915 0
-899 -916 0
-899 -917 0
-899 -918 0
-899 -919 0
-899 -920 0
-899 -921 0
-899 -922 0
-899 -923 0
-899 -924 0
-900 -901 0
-900 -902 0
-900 -903 0
-900 -904 0
-900 -905 0
-900 -906 0
-900 -907 0
-900 -908 0
-900 -909 0
-900 -910 0
-900 -911 0
-900 -912 0
-900 -913 0
-900 -914 0
-900 -915 0
-900 -916 0
-900 -917 0
-900 -918 0
-900 -919 0
-900 -920 0
-900 -921 0
-900 -922 0
-900 -923 0
-900 -924 0
-901 -902 0
-901 -903 0
-901 -904 0
-901 -905 0
-901 -906 0
-901 -907 0
-901 -908 0
-901 -909 0
-901 -910 0
-901 -911 0
-901 -912 0
-901 -913 0
-901 -914 0
-901 -915 0
-901 -916 0
-901 -917 0
-901 -918 0
-901 -919 0
-901 -920 0
-901 -921 0
-901 -922 0
-901 -923 0
-901 -924 0
-902 -903 0
-902 -904 0
-902 -905 0
-902 -906 0
-902 -907 0
-902 -908 0
-902 -909 0
-902 -910 0
-902 -911 0
-902 -912 0
-902 -913 0
-902 -914 0
-902 -915 0
-902 -916 0
-902 -917 0
-902 -918 0
-902 -919 0
-902 -920 0
-902 -921 0
-902 -922 0
-902 -923 0
-902 -924 0
-903 -904 0
-903 -905 0
-903 -906 0
-903 -907 0
-903 -908 0
-903 -909 0
-903 -910 0
-903 -911 0
-903 -912 0
-903 -913 0
-903 -914 0
-903 -915 0
-903 -916 0
-903 -917 0
-903 -918 0
-903 -919 0
-903 -920 0
-903 -921 0
-903 -922 0
-903 -923 0
-903 -924 0
-904 -905 0
-904 -906 0
-904 -907 0
-904 -908 0
-904 -909 0
-904 -910 0
-904 -911 0
-904 -912 0
-904 -913 0
-904 -914 0
-904 -915 0
-904 -916 0
-904 -917 0
-904 -918 0
-904 -919 0
-904 -920 0
-904 -921 0
-904 -922 0
-904 -923 0
-904 -924 0
-905 -906 0
-905 -907 0
-905 -908 0
-905 -909 0
-905 -910 0
-905 -911 0
-905 -912 0
-905 -913 0
-905 -914 0
-905 -915 0
-905 -916 0
-905 -917 0
-905 -918 0
-905 -919 0
-905 -920 0
-905 -921 0
-905 -922 0
-905 -923 0
-905 -924 0
-906 -907 0
-906 -908 0
-906 -909 0
-906 -910 0
-906 -911 0
-906 -912 0
-906 -913 0
-906 -914 0
-906 -915 0
-906 -916 0
-906 -917 0
-906 -918 0
-906 -919 0
-906 -920 0
-906 -921 0
-906 -922 0
-906 -923 0
-906 -924 0
-907 -908 0
-907 -909 0
-907 -910 0
-907 -911 0
-907 -912 0
-907 -913 0
-907 -914 0
-907 -915 0
-907 -916 0
-907 -917 0
-907 -918 0
-907 -919 0
-907 -920 0
-907 -921 0
-907 -922 0
-907 -923 0
-907 -924 0
-908 -909 0
-908 -910 0
-908 -911 0
-908 -912 0
-908 -913 0
-908 -914 0
-908 -915 0
-908 -916 0
-908 -917 0
-908 -918 0
-908 -919 0
-908 -920 0
-908 -921 0
-908 -922 0
-908 -923 0
-908 -924 0
-909 -910 0
-909 -911 0
-909 -912 0
-909 -913 0
-909 -914 0
-909 -915 0
-909 -916 0
-909 -917 0
-909 -918 0
-909 -919 0
-909 -920 0
-909 -921 0
-909 -922 0
-909 -923 0
-909 -924 0
-910 -911 0
-910 -912 0
-910 -913 0
-910 -914 0
-910 -915 0
-910 -916 0
-910 -917 0
-910 -918 0
-910 -919 0
-910 -920 0
-910 -921 0
-910 -922 0
-910 -923 0
-910 -924 0
-911 -912 0
-911 -913 0
-911 -914 0
-911 -915 0
-911 -916 0
-911 -917 0
-911 -918 0
-911 -919 0
-911 -920 0
-911 -921 0
-911 -922 0
-911 -923 0
-911 -924 0
-912 -913 0
-912 -914 0
-912 -915 0
-912 -916 0
-912 -917 0
-912 -918 0
-912 -919 0
-912 -920 0
-912 -921 0
-912 -922 0
-912 -923 0
-912 -924 0
-913 -914 0
-913 -915 0
-913 -916 0
-913 -917 0
-913 -918 0
-913 -919 0
-913 -920 0
-913 -921 0
-913 -922 0
-913 -923 0
-913 -924 0
-914 -915 0
-914 -916 0
-914 -917 0
-914 -918 0
-914 -919 0
-914 -920 0
-914 -921 0
-914 -922 0
-914 -923 0
-914 -924 0
-915 -916 0
-915 -917 0
-915 -918 0
-915 -919 0
-915 -920 0
-915 -921 0
-915 -922 0
-915 -923 0
-915 -924 0
-916 -917 0
-916 -918 0
-916 -919 0
-916 -920 0
-916 -921 0
-916 -922 0
-916 -923 0
-916 -924 0
-917 -918 0
-917 -919 0
-917 -920 0
-917 -921 0
-917 -922 0
-917 -923 0
-917 -924 0
-918 -919 0
-918 -920 0
-918 -921 0
-918 -922 0
-918 -923 0
-918 -924 0
-919 -920 0
-919 -921 0
-919 -922 0
-919 -923 0
-919 -924 0
-920 -921 0
-920 -922 0
-920 -923 0
-920 -924 0
-921 -922 0
-921 -923 0
-921 -924 0
-922 -923 0
-922 -924 0
-923 -924 0
-925 -926 0
-925 -927 0
-925 -928 0
-925 -929 0
-925 -930 0
-925 -931 0
-925 -932 0
-925 -933 0
-925 -934 0
-925 -935 0
-925 -936 0
-925 -937 0
-925 -938 0
-925 -939 0
-925 -940 0
-925 -941 0
-925 -942 0
-925 -943 0
-925 -944 0
-925 -945 0
-925 -946 0
-925 -947 0
-925 -948 0
-925 -949 0
-925 -950 0
-925 -951 0
-925 -952 0
-925 -953 0
-925 -954 0
-925 -955 0
-925 -956 0
-925 -957 0
-926 -927 0
-926 -928 0
-926 -929 0
-926 -930 0
-926 -931 0
-926 -932 0
-926 -933 0
-926 -934 0
-926 -935 0
-926 -936 0
-926 -937 0
-926 -938 0
-926 -939 0
-926 -940 0
-926 -941 0
-926 -942 0
-926 -943 0
-926 -944 0
-926 -945 0
-926 -946 0
-926 -947 0
-926 -948 0
-926 -949 0
-926 -950 0
-926 -951 0
-926 -952 0
-926 -953 0
-926 -954 0
-926 -955 0
-926 -956 0
-926 -957 0
-927 -928 0
-927 -929 0
-927 -930 0
-927 -931 0
-927 -932 0
-927 -933 0
-927 -934 0
-927 -935 0
-927 -936 0
-927 -937 0
-927 -938 0
-927 -939 0
-927 -940 0
-927 -941 0
-927 -942 0
-927 -943 0
-927 -944 0
-927 -945 0
-927 -946 0
-927 -947 0
-927 -948 0
-927 -949 0
-927 -950 0
-927 -951 0
-927 -952 0
-927 -953 0
-927 -954 0
-927 -955 0
-927 -956 0
-927 -957 0
-928 -929 0
-928 -930 0
-928 -931 0
-928 -932 0
-928 -933 0
-928 -934 0
-928 -935 0
-928 -936 0
-928 -937 0
-928 -938 0
-928 -939 0
-928 -940 0
-928 -941 0
-928 -942 0
-928 -943 0
-928 -944 0
-928 -945 0
-928 -946 0
-928 -947 0
-928 -948 0
-928 -949 0
-928 -950 0
-928 -951 0
-928 -952 0
-928 -953 0
-928 -954 0
-928 -955 0
-928 -956 0
-928 -957 0
-929 -930 0
-929 -931 0
-929 -932 0
-929 -933 0
-929 -934 0
-929 -935 0
-929 -936 0
-929 -937 0
-929 -938 0
-929 -939 0
-929 -940 0
-929 -941 0
-929 -942 0
-929 -943 0
-929 -944 0
-929 -945 0
-929 -946 0
-929 -947 0
-929 -948 0
-929 -949 0
-929 -950 0
-929 -951 0
-929 -952 0
-929 -953 0
-929 -954 0
-929 -955 0
-929 -956 0
-929 -957 0
-930 -931 0
-930 -932 0
-930 -933 0
-930 -934 0
-930 -935 0
-930 -936 0
-930 -937 0
-930 -938 0
-930 -939 0
-930 -940 0
-930 -941 0
-930 -942 0
-930 -943 0
-930 -944 0
-930 -945 0
-930 -946 0
-930 -947 0
-930 -948 0
-930 -949 0
-930 -950 0
-930 -951 0
-930 -952 0
-930 -953 0
-930 -954 0
-930 -955 0
-930 -956 0
-930 -957 0
-931 -932 0
-931 -933 0
-931 -934 0
-931 -935 0
-931 -936 0
-931 -937 0
-931 -938 0
-931 -939 0
-931 -940 0
-931 -941 0
-931 -942 0
-931 -943 0
-931 -944 0
-931 -945 0
-931 -946 0
-931 -947 0
-931 -948 0
-931 -949 0
-931 -950 0
-931 -951 0
-931 -952 0
-931 -953 0
-931 -954 0
-931 -955 0
-931 -956 0
-931 -957 0
-932 -933 0
-932 -934 0
-932 -935 0
-932 -936 0
-932 -937 0
-932 -938 0
-932 -939 0
-932 -940 0
-932 -941 0
-932 -942 0
-932 -943 0
-932 -944 0
-932 -945 0
-932 -946 0
-932 -947 0
-932 -948 0
-932 -949 0
-932 -950 0
-932 -951 0
-932 -952 0
-932 -953 0
-932 -954 0
-932 -955 0
-932 -956 0
-932 -957 0
-933 -934 0
-933 -935 0
-933 -936 0
-933 -937 0
-933 -938 0
-933 -939 0
-933 -940 0
-933 -941 0
-933 -942 0
-933 -943 0
-933 -944 0
-933 -945 0
-933 -946 0
-933 -947 0
-933 -948 0
-933 -949 0
-933 -950 0
-933 -951 0
-933 -952 0
-933 -953 0
-933 -954 0
-933 -955 0
-933 -956 0
-933 -957 0
-934 -935 0
-934 -936 0
-934 -937 0
-934 -938 0
-934 -939 0
-934 -940 0
-934 -941 0
-934 -942 0
-934 -943 0
-934 -944 0
-934 -945 0
-934 -946 0
-934 -947 0
-934 -948 0
-934 -949 0
-934 -950 0
-934 -951 0
-934 -952 0
-934 -953 0
-934 -954 0
-934 -955 0
-934 -956 0
-934 -957 0
-935 -936 0
-935 -937 0
-935 -938 0
-935 -939 0
-935 -940 0
-935 -941 0
-935 -942 0
-935 -943 0
-935 -944 0
-935 -945 0
-935 -946 0
-935 -947 0
-935 -948 0
-935 -949 0
-935 -950 0
-935 -951 0
-935 -952 0
-935 -953 0
-935 -954 0
-935 -955 0
-935 -956 0
-935 -957 0
-936 -937 0
-936 -938 0
-936 -939 0
-936 -940 0
-936 -941 0
-936 -942 0
-936 -943 0
-936 -944 0
-936 -945 0
-936 -946 0
-936 -947 0
-936 -948 0
-936 -949 0
-936 -950 0
-936 -951 0
-936 -952 0
-936 -953 0
-936 -954 0
-936 -955 0
-936 -956 0
-936 -957 0
-937 -938 0
-937 -939 0
-937 -940 0
-937 -941 0
-937 -942 0
-937 -943 0
-937 -944 0
-937 -945 0
-937 -946 0
-937 -947 0
-937 -948 0
-937 -949 0
-937 -950 0
-937 -951 0
-937 -952 0
-937 -953 0
-937 -954 0
-937 -955 0
-937 -956 0
-937 -957 0
-938 -939 0
-938 -940 0
-938 -941 0
-938 -942 0
-938 -943 0
-938 -944 0
-938 -945 0
-938 -946 0
-938 -947 0
-938 -948 0
-938 -949 0
-938 -950 0
-938 -951 0
-938 -952 0
-938 -953 0
-938 -954 0
-938 -955 0
-938 -956 0
-938 -957 0
-939 -940 0
-939 -941 0
-939 -942 0
-939 -943 0
-939 -944 0
-939 -945 0
-939 -946 0
-939 -947 0
-939 -948 0
-939 -949 0
-939 -950 0
-939 -951 0
-939 -952 0
-939 -953 0
-939 -954 0
-939 -955 0
-939 -956 0
-939 -957 0
-940 -941 0
-940 -942 0
-940 -943 0
-940 -944 0
-940 -945 0
-940 -946 0
-940 -947 0
-940 -948 0
-940 -949 0
-940 -950 0
-940 -951 0
-940 -952 0
-940 -953 0
-940 -954 0
-940 -955 0
-940 -956 0
-940 -957 0
-941 -942 0
-941 -943 0
-941 -944 0
-941 -945 0
-941 -946 0
-941 -947 0
-941 -948 0
-941 -949 0
-941 -950 0
-941 -951 0
-941 -952 0
-941 -953 0
-941 -954 0
-941 -955 0
-941 -956 0
-941 -957 0
-942 -943 0
-942 -944 0
-942 -945 0
-942 -946 0
-942 -947 0
-942 -948 0
-942 -949 0
-942 -950 0
-942 -951 0
-942 -952 0
-942 -953 0
-942 -954 0
-942 -955 0
-942 -956 0
-942 -957 0
-943 -944 0
-943 -945 0
-943 -946 0
-943 -947 0
-943 -948 0
-943 -949 0
-943 -950 0
-943 -951 0
-943 -952 0
-943 -953 0
-943 -954 0
-943 -955 0
-943 -956 0
-943 -957 0
-944 -945 0
-944 -946 0
-944 -947 0
-944 -948 0
-944 -949 0
-944 -950 0
-944 -951 0
-944 -952 0
-944 -953 0
-944 -954 0
-944 -955 0
-944 -956 0
-944 -957 0
-945 -946 0
-945 -947 0
-945 -948 0
-945 -949 0
-945 -950 0
-945 -951 0
-945 -952 0
-945 -953 0
-945 -954 0
-945 -955 0
-945 -956 0
-945 -957 0
-946 -947 0
-946 -948 0
-946 -949 0
-946 -950 0
-946 -951 0
-946 -952 0
-946 -953 0
-946 -954 0
-946 -955 0
-946 -956 0
-946 -957 0
-947 -948 0
-947 -949 0
-947 -950 0
-947 -951 0
-947 -952 0
-947 -953 0
-947 -954 0
-947 -955 0
-947 -956 0
-947 -957 0
-948 -949 0
-948 -950 0
-948 -951 0
-948 -952 0
-948 -953 0
-948 -954 0
-948 -955 0
-948 -956 0
-948 -957 0
-949 -950 0
-949 -951 0
-949 -952 0
-949 -953 0
-949 -954 0
-949 -955 0
-949 -956 0
-949 -957 0
-950 -951 0
-950 -952 0
-950 -953 0
-950 -954 0
-950 -955 0
-950 -956 0
-950 -957 0
-951 -952 0
-951 -953 0
-951 -954 0
-951 -955 0
-951 -956 0
-951 -957 0
-952 -953 0
-952 -954 0
-952 -955 0
-952 -956 0
-952 -957 0
-953 -954 0
-953 -955 0
-953 -956 0
-953 -957 0
-954 -955 0
-954 -956 0
-954 -957 0
-955 -956 0
-955 -957 0
-956 -957 0
-958 -959 0
-958 -960 0
-958 -961 0
-958 -962 0
-958 -963 0
-958 -964 0
-958 -965 0
-958 -966 0
-958 -967 0
-958 -968 0
-958 -969 0
-958 -970 0
-958 -971 0
-958 -972 0
-958 -973 0
-958 -974 0
-958 -975 0
-958 -976 0
-958 -977 0
-958 -978 0
-958 -979 0
-958 -980 0
-958 -981 0
-958 -982 0
-958 -983 0
-958 -984 0
-958 -985 0
-958 -986 0
-958 -987 0
-958 -988 0
-958 -989 0
-958 -990 0
-959 -960 0
-959 -961 0
-959 -962 0
-959 -963 0
-959 -964 0
-959 -965 0
-959 -966 0
-959 -967 0
-959 -968 0
-959 -969 0
-959 -970 0
-959 -971 0
-959 -972 0
-959 -973 0
-959 -974 0
-959 -975 0
-959 -976 0
-959 -977 0
-959 -978 0
-959 -979 0
-959 -980 0
-959 -981 0
-959 -982 0
-959 -983 0
-959 -984 0
-959 -985 0
-959 -986 0
-959 -987 0
-959 -988 0
-959 -989 0
-959 -990 0
-960 -961 0
-960 -962 0
-960 -963 0
-960 -964 0
-960 -965 0
-960 -966 0
-960 -967 0
-960 -968 0
-960 -969 0
-960 -970 0
-960 -971 0
-960 -972 0
-960 -973 0
-960 -974 0
-960 -975 0
-960 -976 0
-960 -977 0
-960 -978 0
-960 -979 0
-960 -980 0
-960 -981 0
-960 -982 0
-960 -983 0
-960 -984 0
-960 -985 0
-960 -986 0
-960 -987 0
-960 -988 0
-960 -989 0
-960 -990 0
-961 -962 0
-961 -963 0
-961 -964 0
-961 -965 0
-961 -966 0
-961 -967 0
-961 -968 0
-961 -969 0
-961 -970 0
-961 -971 0
-961 -972 0
-961 -973 0
-961 -974 0
-961 -975 0
-961 -976 0
-961 -977 0
-961 -978 0
-961 -979 0
-961 -980 0
-961 -981 0
-961 -982 0
-961 -983 0
-961 -984 0
-961 -985 0
-961 -986 0
-961 -987 0
-961 -988 0
-961 -989 0
-961 -990 0
-962 -963 0
-962 -964 0
-962 -965 0
-962 -966 0
-962 -967 0
-962 -968 0
-962 -969 0
-962 -970 0
-962 -971 0
-962 -972 0
-962 -973 0
-962 -974 0
-962 -975 0
-962 -976 0
-962 -977 0
-962 -978 0
-962 -979 0
-962 -980 0
-962 -981 0
-962 -982 0
-962 -983 0
-962 -984 0
-962 -985 0
-962 -986 0
-962 -987 0
-962 -988 0
-962 -989 0
-962 -990 0
-963 -964 0
-963 -965 0
-963 -966 0
-963 -967 0
-963 -968 0
-963 -969 0
-963 -970 0
-963 -971 0
-963 -972 0
-963 -973 0
-963 -974 0
-963 -975 0
-963 -976 0
-963 -977 0
-963 -978 0
-963 -979 0
-963 -980 0
-963 -981 0
-963 -982 0
-963 -983 0
-963 -984 0
-963 -985 0
-963 -986 0
-963 -987 0
-963 -988 0
-963 -989 0
-963 -990 0
-964 -965 0
-964 -966 0
-964 -967 0
-964 -968 0
-964 -969 0
-964 -970 0
-964 -971 0
-964 -972 0
-964 -973 0
-964 -974 0
-964 -975 0
-964 -976 0
-964 -977 0
-964 -978 0
-964 -979 0
-964 -980 0
-964 -981 0
-964 -982 0
-964 -983 0
-964 -984 0
-964 -985 0
-964 -986 0
-964 -987 0
-964 -988 0
-964 -989 0
-964 -990 0
-965 -966 0
-965 -967 0
-965 -968 0
-965 -969 0
-965 -970 0
-965 -971 0
-965 -972 0
-965 -973 0
-965 -974 0
-965 -975 0
-965 -976 0
-965 -977 0
-965 -978 0
-965 -979 0
-965 -980 0
-965 -981 0
-965 -982 0
-965 -983 0
-965 -984 0
-965 -985 0
-965 -986 0
-965 -987 0
-965 -988 0
-965 -989 0
-965 -990 0
-966 -967 0
-966 -968 0
-966 -969 0
-966 -970 0
-966 -971 0
-966 -972 0
-966 -973 0
-966 -974 0
-966 -975 0
-966 -976 0
-966 -977 0
-966 -978 0
-966 -979 0
-966 -980 0
-966 -981 0
-966 -982 0
-966 -983 0
-966 -984 0
-966 -985 0
-966 -986 0
-966 -987 0
-966 -988 0
-966 -989 0
-966 -990 0
-967 -968 0
-967 -969 0
-967 -970 0
-967 -971 0
-967 -972 0
-967 -973 0
-967 -974 0
-967 -975 0
-967 -976 0
-967 -977 0
-967 -978 0
-967 -979 0
-967 -980 0
-967 -981 0
-967 -982 0
-967 -983 0
-967 -984 0
-967 -985 0
-967 -986 0
-967 -987 0
-967 -988 0
-967 -989 0
-967 -990 0
-968 -969 0
-968 -970 0
-968 -971 0
-968 -972 0
-968 -973 0
-968 -974 0
-968 -975 0
-968 -976 0
-968 -977 0
-968 -978 0
-968 -979 0
-968 -980 0
-968 -981 0
-968 -982 0
-968 -983 0
-968 -984 0
-968 -985 0
-968 -986 0
-968 -987 0
-968 -988 0
-968 -989 0
-968 -990 0
-969 -970 0
-969 -971 0
-969 -972 0
-969 -973 0
-969 -974 0
-969 -975 0
-969 -976 0
-969 -977 0
-969 -978 0
-969 -979 0
-969 -980 0
-969 -981 0
-969 -982 0
-969 -983 0
-969 -984 0
-969 -985 0
-969 -986 0
-969 -987 0
-969 -988 0
-969 -989 0
-969 -990 0
-970 -971 0
-970 -972 0
-970 -973 0
-970 -974 0
-970 -975 0
-970 -976 0
-970 -977 0
-970 -978 0
-970 -979 0
-970 -980 0
-970 -981 0
-970 -982 0
-970 -983 0
-970 -984 0
-970 -985 0
-970 -986 0
-970 -987 0
-970 -988 0
-970 -989 0
-970 -990 0
-971 -972 0
-971 -973 0
-971 -974 0
-971 -975 0
-971 -976 0
-971 -977 0
-971 -978 0
-971 -979 0
-971 -980 0
-971 -981 0
-971 -982 0
-971 -983 0
-971 -984 0
-971 -985 0
-971 -986 0
-971 -987 0
-971 -988 0
-971 -989 0
-971 -990 0
-972 -973 0
-972 -974 0
-972 -975 0
-972 -976 0
-972 -977 0
-972 -978 0
-972 -979 0
-972 -980 0
-972 -981 0
-972 -982 0
-972 -983 0
-972 -984 0
-972 -985 0
-972 -986 0
-972 -987 0
-972 -988 0
-972 -989 0
-972 -990 0
-973 -974 0
-973 -975 0
-973 -976 0
-973 -977 0
-973 -978 0
-973 -979 0
-973 -980 0
-973 -981 0
-973 -982 0
-973 -983 0
-973 -984 0
-973 -985 0
-973 -986 0
-973 -987 0
-973 -988 0
-973 -989 0
-973 -990 0
-974 -975 0
-974 -976 0
-974 -977 0
-974 -978 0
-974 -979 0
-974 -980 0
-974 -981 0
-974 -982 0
-974 -983 0
-974 -984 0
-974 -985 0
-974 -986 0
-974 -987 0
-974 -988 0
-974 -989 0
-974 -990 0
-975 -976 0
-975 -977 0
-975 -978 0
-975 -979 0
-975 -980 0
-975 -981 0
-975 -982 0
-975 -983 0
-975 -984 0
-975 -985 0
-975 -986 0
-975 -987 0
-975 -988 0
-975 -989 0
-975 -990 0
-976 -977 0
-976 -978 0
-976 -979 0
-976 -980 0
-976 -981 0
-976 -982 0
-976 -983 0
-976 -984 0
-976 -985 0
-976 -986 0
-976 -987 0
-976 -988 0
-976 -989 0
-976 -990 0
-977 -978 0
-977 -979 0
-977 -980 0
-977 -981 0
-977 -982 0
-977 -983 0
-977 -984 0
-977 -985 0
-977 -986 0
-977 -987 0
-977 -988 0
-977 -989 0
-977 -990 0
-978 -979 0
-978 -980 0
-978 -981 0
-978 -982 0
-978 -983 0
-978 -984 0
-978 -985 0
-978 -986 0
-978 -987 0
-978 -988 0
-978 -989 0
-978 -990 0
-979 -980 0
-979 -981 0
-979 -982 0
-979 -983 0
-979 -984 0
-979 -985 0
-979 -986 0
-979 -987 0
-979 -988 0
-979 -989 0
-979 -990 0
-980 -981 0
-980 -982 0
-980 -983 0
-980 -984 0
-980 -985 0
-980 -986 0
-980 -987 0
-980 -988 0
-980 -989 0
-980 -990 0
-981 -982 0
-981 -983 0
-981 -984 0
-981 -985 0
-981 -986 0
-981 -987 0
-981 -988 0
-981 -989 0
-981 -990 0
-982 -983 0
-982 -984 0
-982 -985 0
-982 -986 0
-982 -987 0
-982 -988 0
-982 -989 0
-982 -990 0
-983 -984 0
-983 -985 0
-983 -986 0
-983 -987 0
-983 -988 0
-983 -989 0
-983 -990 0
-984 -985 0
-984 -986 0
-984 -987 0
-984 -988 0
-984 -989 0
-984 -990 0
-985 -986 0
-985 -987 0
-985 -988 0
-985 -989 0
-985 -990 0
-986 -987 0
-986 -988 0
-986 -989 0
-986 -990 0
-987 -988 0
-987 -989 0
-987 -990 0
-988 -989 0
-988 -990 0
-989 -990 0
-991 -992 0
-991 -993 0
-991 -994 0
-991 -995 0
-991 -996 0
-991 -997 0
-991 -998 0
-991 -999 0
-991 -1000 0
-991 -1001 0
-991 -1002 0
-991 -1003 0
-991 -1004 0
-991 -1005 0
-991 -1006 0
-991 -1007 0
-991 -1008 0
-991 -1009 0
-991 -1010 0
-991 -1011 0
-991 -1012 0
-991 -1013 0
-991 -1014 0
-991 -1015 0
-991 -1016 0
-991 -1017 0
-991 -1018 0
-991 -1019 0
-991 -1020 0
-991 -1021 0
-991 -1022 0
-991 -1023 0
-992 -993 0
-992 -994 0
-992 -995 0
-992 -996 0
-992 -997 0
-992 -998 0
-992 -999 0
-992 -1000 0
-992 -1001 0
-992 -1002 0
-992 -1003 0
-992 -1004 0
-992 -1005 0
-992 -1006 0
-992 -1007 0
-992 -1008 0
-992 -1009 0
-992 -1010 0
-992 -1011 0
-992 -1012 0
-992 -1013 0
-992 -1014 0
-992 -1015 0
-992 -1016 0
-992 -1017 0
-992 -1018 0
-992 -1019 0
-992 -1020 0
-992 -1021 0
-992 -1022 0
-992 -1023 0
-993 -994 0
-993 -995 0
-993 -996 0
-993 -997 0
-993 -998 0
-993 -999 0
-993 -1000 0
-993 -1001 0
-993 -1002 0
-993 -1003 0
-993 -1004 0
-993 -1005 0
-993 -1006 0
-993 -1007 0
-993 -1008 0
-993 -1009 0
-993 -1010 0
-993 -1011 0
-993 -1012 0
-993 -1013 0
-993 -1014 0
-993 -1015 0
-993 -1016 0
-993 -1017 0
-993 -1018 0
-993 -1019 0
-993 -1020 0
-993 -1021 0
-993 -1022 0
-993 -1023 0
-994 -995 0
-994 -996 0
-994 -997 0
-994 -998 0
-994 -999 0
-994 -1000 0
-994 -1001 0
-994 -1002 0
-994 -1003 0
-994 -1004 0
-994 -1005 0
-994 -1006 0
-994 -1007 0
-994 -1008 0
-994 -1009 0
-994 -1010 0
-994 -1011 0
-994 -1012 0
-994 -1013 0
-994 -1014 0
-994 -1015 0
-994 -1016 0
-994 -1017 0
-994 -1018 0
-994 -1019 0
-994 -1020 0
-994 -1021 0
-994 -1022 0
-994 -1023 0
-995 -996 0
-995 -997 0
-995 -998 0
-995 -999 0
-995 -1000 0
-995 -1001 0
-995 -1002 0
-995 -1003 0
-995 -1004 0
-995 -1005 0
-995 -1006 0
-995 -1007 0
-995 -1008 0
-995 -1009 0
-995 -1010 0
-995 -1011 0
-995 -1012 0
-995 -1013 0
-995 -1014 0
-995 -1015 0
-995 -1016 0
-995 -1017 0
-995 -1018 0
-995 -1019 0
-995 -1020 0
-995 -1021 0
-995 -1022 0
-995 -1023 0
-996 -997 0
-996 -998 0
-996 -999 0
-996 -1000 0
-996 -1001 0
-996 -1002 0
-996 -1003 0
-996 -1004 0
-996 -1005 0
-996 -1006 0
-996 -1007 0
-996 -1008 0
-996 -1009 0
-996 -1010 0
-996 -1011 0
-996 -1012 0
-996 -1013 0
-996 -1014 0
-996 -1015 0
-996 -1016 0
-996 -1017 0
-996 -1018 0
-996 -1019 0
-996 -1020 0
-996 -1021 0
-996 -1022 0
-996 -1023 0
-997 -998 0
-997 -999 0
-997 -1000 0
-997 -1001 0
-997 -1002 0
-997 -1003 0
-997 -1004 0
-997 -1005 0
-997 -1006 0
-997 -1007 0
-997 -1008 0
-997 -1009 0
-997 -1010 0
-997 -1011 0
-997 -1012 0
-997 -1013 0
-997 -1014 0
-997 -1015 0
-997 -1016 0
-997 -1017 0
-997 -1018 0
-997 -1019 0
-997 -1020 0
-997 -1021 0
-997 -1022 0
-997 -1023 0
-998 -999 0
-998 -1000 0
-998 -1001 0
-998 -1002 0
-998 -1003 0
-998 -1004 0
-998 -1005 0
-998 -1006 0
-998 -1007 0
-998 -1008 0
-998 -1009 0
-998 -1010 0
-998 -1011 0
-998 -1012 0
-998 -1013 0
-998 -1014 0
-998 -1015 0
-998 -1016 0
-998 -1017 0
-998 -1018 0
-998 -1019 0
-998 -1020 0
-998 -1021 0
-998 -1022 0
-998 -1023 0
-999 -1000 0
-999 -1001 0
-999 -1002 0
-999 -1003 0
-999 -1004 0
-999 -1005 0
-999 -1006 0
-999 -1007 0
-999 -1008 0
-999 -1009 0
-999 -1010 0
-999 -1011 0
-999 -1012 0
-999 -1013 0
-999 -1014 0
-999 -1015 0
-999 -1016 0
-999 -1017 0
-999 -1018 0
-999 -1019 0
-999 -1020 0
-999 -1021 0
-999 -1022 0
-999 -1023 0
-1000 -1001 0
-1000 -1002 0
-1000 -1003 0
-1000 -1004 0
-1000 -1005 0
-1000 -1006 0
-1000 -1007 0
-1000 -1008 0
-1000 -1009 0
-1000 -1010 0
-1000 -1011 0
-1000 -1012 0
-1000 -1013 0
-1000 -1014 0
-1000 -1015 0
-1000 -1016 0
-1000 -1017 0
-1000 -1018 0
-1000 -1019 0
-1000 -1020 0
-1000 -1021 0
-1000 -1022 0
-1000 -1023 0
-1001 -1002 0
-1001 -1003 0
-1001 -1004 0
-1001 -1005 0
-1001 -1006 0
-1001 -1007 0
-1001 -1008 0
-1001 -1009 0
-1001 -1010 0
-1001 -1011 0
-1001 -1012 0
-1001 -1013 0
-1001 -1014 0
-1001 -1015 0
-1001 -1016 0
-1001 -1017 0
-1001 -1018 0
-1001 -1019 0
-1001 -1020 0
-1001 -1021 0
-1001 -1022 0
-1001 -1023 0
-1002 -1003 0
-1002 -1004 0
-1002 -1005 0
-1002 -1006 0
-1002 -1007 0
-1002 -1008 0
-1002 -1009 0
-1002 -1010 0
-1002 -1011 0
-1002 -1012 0
-1002 -1013 0
-1002 -1014 0
-1002 -1015 0
-1002 -1016 0
-1002 -1017 0
-1002 -1018 0
-1002 -1019 0
-1002 -1020 0
-1002 -1021 0
-1002 -1022 0
-1002 -1023 0
-1003 -1004 0
-1003 -1005 0
-1003 -1006 0
-1003 -1007 0
-1003 -1008 0
-1003 -1009 0
-1003 -1010 0
-1003 -1011 0
-1003 -1012 0
-1003 -1013 0
-1003 -1014 0
-1003 -1015 0
-1003 -1016 0
-1003 -1017 0
-1003 -1018 0
-1003 -1019 0
-1003 -1020 0
-1003 -1021 0
-1003 -1022 0
-1003 -1023 0
-1004 -1005 0
-1004 -1006 0
-1004 -1007 0
-1004 -1008 0
-1004 -1009 0
-1004 -1010 0
-1004 -1011 0
-1004 -1012 0
-1004 -1013 0
-1004 -1014 0
-1004 -1015 0
-1004 -1016 0
-1004 -1017 0
-1004 -1018 0
-1004 -1019 0
-1004 -1020 0
-1004 -1021 0
-1004 -1022 0
-1004 -1023 0
-1005 -1006 0
-1005 -1007 0
-1005 -1008 0
-1005 -1009 0
-1005 -1010 0
-1005 -1011 0
-1005 -1012 0
-1005 -1013 0
-1005 -1014 0
-1005 -1015 0
-1005 -1016 0
-1005 -1017 0
-1005 -1018 0
-1005 -1019 0
-1005 -1020 0
-1005 -1021 0
-1005 -1022 0
-1005 -1023 0
-1006 -1007 0
-1006 -1008 0
-1006 -1009 0
-1006 -1010 0
-1006 -1011 0
-1006 -1012 0
-1006 -1013 0
-1006 -1014 0
-1006 -1015 0
-1006 -1016 0
-1006 -1017 0
-1006 -1018 0
-1006 -1019 0
-1006 -1020 0
-1006 -1021 0
-1006 -1022 0
-1006 -1023 0
-1007 -1008 0
-1007 -1009 0
-1007 -1010 0
-1007 -1011 0
-1007 -1012 0
-1007 -1013 0
-1007 -1014 0
-1007 -1015 0
-1007 -1016 0
-1007 -1017 0
-1007 -1018 0
-1007 -1019 0
-1007 -1020 0
-1007 -1021 0
-1007 -1022 0
-1007 -1023 0
-1008 -1009 0
-1008 -1010 0
-1008 -1011 0
-1008 -1012 0
-1008 -1013 0
-1008 -1014 0
-1008 -1015 0
-1008 -1016 0
-1008 -1017 0
-1008 -1018 0
-1008 -1019 0
-1008 -1020 0
-1008 -1021 0
-1008 -1022 0
-1008 -1023 0
-1009 -1010 0
-1009 -1011 0
-1009 -1012 0
-1009 -1013 0
-1009 -1014 0
-1009 -1015 0
-1009 -1016 0
-1009 -1017 0
-1009 -1018 0
-1009 -1019 0
-1009 -1020 0
-1009 -1021 0
-1009 -1022 0
-1009 -1023 0
-1010 -1011 0
-1010 -1012 0
-1010 -1013 0
-1010 -1014 0
-1010 -1015 0
-1010 -1016 0
-1010 -1017 0
-1010 -1018 0
-1010 -1019 0
-1010 -1020 0
-1010 -1021 0
-1010 -1022 0
-1010 -1023 0
-1011 -1012 0
-1011 -1013 0
-1011 -1014 0
-1011 -1015 0
-1011 -1016 0
-1011 -1017 0
-1011 -1018 0
-1011 -1019 0
-1011 -1020 0
-1011 -1021 0
-1011 -1022 0
-1011 -1023 0
-1012 -1013 0
-1012 -1014 0
-1012 -1015 0
-1012 -1016 0
-1012 -1017 0
-1012 -1018 0
-1012 -1019 0
-1012 -1020 0
-1012 -1021 0
-1012 -1022 0
-1012 -1023 0
-1013 -1014 0
-1013 -1015 0
-1013 -1016 0
-1013 -1017 0
-1013 -1018 0
-1013 -1019 0
-1013 -1020 0
-1013 -1021 0
-1013 -1022 0
-1013 -1023 0
-1014 -1015 0
-1014 -1016 0
-1014 -1017 0
-1014 -1018 0
-1014 -1019 0
-1014 -1020 0
-1014 -1021 0
-1014 -1022 0
-1014 -1023 0
-1015 -1016 0
-1015 -1017 0
-1015 -1018 0
-1015 -1019 0
-1015 -1020 0
-1015 -1021 0
-1015 -1022 0
-1015 -1023 0
-1016 -1017 0
-1016 -1018 0
-1016 -1019 0
-1016 -1020 0
-1016 -1021 0
-1016 -1022 0
-1016 -1023 0
-1017 -1018 0
-1017 -1019 0
-1017 -1020 0
-1017 -1021 0
-1017 -1022 0
-1017 -1023 0
-1018 -1019 0
-1018 -1020 0
-1018 -1021 0
-1018 -1022 0
-1018 -1023 0
-1019 -1020 0
-1019 -1021 0
-1019 -1022 0
-1019 -1023 0
-1020 -1021 0
-1020 -1022 0
-1020 -1023 0
-1021 -1022 0
-1021 -1023 0
-1022 -1023 0
-1024 -1025 0
-1024 -1026 0
-1024 -1027 0
-1024 -1028 0
-1024 -1029 0
-1024 -1030 0
-1024 -1031 0
-1024 -1032 0
-1024 -1033 0
-1024 -1034 0
-1024 -1035 0
-1024 -1036 0
-1024 -1037 0
-1024 -1038 0
-1024 -1039 0
-1024 -1040 0
-1024 -1041 0
-1024 -1042 0
-1024 -1043 0
-1024 -1044 0
-1024 -1045 0
-1024 -1046 0
-1024 -1047 0
-1024 -1048 0
-1024 -1049 0
-1024 -1050 0
-1024 -1051 0
-1024 -1052 0
-1024 -1053 0
-1024 -1054 0
-1024 -1055 0
-1024 -1056 0
-1025 -1026 0
-1025 -1027 0
-1025 -1028 0
-1025 -1029 0
-1025 -1030 0
-1025 -1031 0
-1025 -1032 0
-1025 -1033 0
-1025 -1034 0
-1025 -1035 0
-1025 -1036 0
-1025 -1037 0
-1025 -1038 0
-1025 -1039 0
-1025 -1040 0
-1025 -1041 0
-1025 -1042 0
-1025 -1043 0
-1025 -1044 0
-1025 -1045 0
-1025 -1046 0
-1025 -1047 0
-1025 -1048 0
-1025 -1049 0
-1025 -1050 0
-1025 -1051 0
-1025 -1052 0
-1025 -1053 0
-1025 -1054 0
-1025 -1055 0
-1025 -1056 0
-1026 -1027 0
-1026 -1028 0
-1026 -1029 0
-1026 -1030 0
-1026 -1031 0
-1026 -1032 0
-1026 -1033 0
-1026 -1034 0
-1026 -1035 0
-1026 -1036 0
-1026 -1037 0
-1026 -1038 0
-1026 -1039 0
-1026 -1040 0
-1026 -1041 0
-1026 -1042 0
-1026 -1043 0
-1026 -1044 0
-1026 -1045 0
-1026 -1046 0
-1026 -1047 0
-1026 -1048 0
-1026 -1049 0
-1026 -1050 0
-1026 -1051 0
-1026 -1052 0
-1026 -1053 0
-1026 -1054 0
-1026 -1055 0
-1026 -1056 0
-1027 -1028 0
-1027 -1029 0
-1027 -1030 0
-1027 -1031 0
-1027 -1032 0
-1027 -1033 0
-1027 -1034 0
-1027 -1035 0
-1027 -1036 0
-1027 -1037 0
-1027 -1038 0
-1027 -1039 0
-1027 -1040 0
-1027 -1041 0
-1027 -1042 0
-1027 -1043 0
-1027 -1044 0
-1027 -1045 0
-1027 -1046 0
-1027 -1047 0
-1027 -1048 0
-1027 -1049 0
-1027 -1050 0
-1027 -1051 0
-1027 -1052 0
-1027 -1053 0
-1027 -1054 0
-1027 -1055 0
-1027 -1056 0
-1028 -1029 0
-1028 -1030 0
-1028 -1031 0
-1028 -1032 0
-1028 -1033 0
-1028 -1034 0
-1028 -1035 0
-1028 -1036 0
-1028 -1037 0
-1028 -1038 0
-1028 -1039 0
-1028 -1040 0
-1028 -1041 0
-1028 -1042 0
-1028 -1043 0
-1028 -1044 0
-1028 -1045 0
-1028 -1046 0
-1028 -1047 0
-1028 -1048 0
-1028 -1049 0
-1028 -1050 0
-1028 -1051 0
-1028 -1052 0
-1028 -1053 0
-1028 -1054 0
-1028 -1055 0
-1028 -1056 0
-1029 -1030 0
-1029 -1031 0
-1029 -1032 0
-1029 -1033 0
-1029 -1034 0
-1029 -1035 0
-1029 -1036 0
-1029 -1037 0
-1029 -1038 0
-1029 -1039 0
-1029 -1040 0
-1029 -1041 0
-1029 -1042 0
-1029 -1043 0
-1029 -1044 0
-1029 -1045 0
-1029 -1046 0
-1029 -1047 0
-1029 -1048 0
-1029 -1049 0
-1029 -1050 0
-1029 -1051 0
-1029 -1052 0
-1029 -1053 0
-1029 -1054 0
-1029 -1055 0
-1029 -1056 0
-1030 -1031 0
-1030 -1032 0
-1030 -1033 0
-1030 -1034 0
-1030 -1035 0
-1030 -1036 0
-1030 -1037 0
-1030 -1038 0
-1030 -1039 0
-1030 -1040 0
-1030 -1041 0
-1030 -1042 0
-1030 -1043 0
-1030 -1044 0
-1030 -1045 0
-1030 -1046 0
-1030 -1047 0
-1030 -1048 0
-1030 -1049 0
-1030 -1050 0
-1030 -1051 0
-1030 -1052 0
-1030 -1053 0
-1030 -1054 0
-1030 -1055 0
-1030 -1056 0
-1031 -1032 0
-1031 -1033 0
-1031 -1034 0
-1031 -1035 0
-1031 -1036 0
-1031 -1037 0
-1031 -1038 0
-1031 -1039 0
-1031 -1040 0
-1031 -1041 0
-1031 -1042 0
-1031 -1043 0
-1031 -1044 0
-1031 -1045 0
-1031 -1046 0
-1031 -1047 0
-1031 -1048 0
-1031 -1049 0
-1031 -1050 0
-1031 -1051 0
-1031 -1052 0
-1031 -1053 0
-1031 -1054 0
-1031 -1055 0
-1031 -1056 0
-1032 -1033 0
-1032 -1034 0
-1032 -1035 0
-1032 -1036 0
-1032 -1037 0
-1032 -1038 0
-1032 -1039 0
-1032 -1040 0
-1032 -1041 0
-1032 -1042 0
-1032 -1043 0
-1032 -1044 0
-1032 -1045 0
-1032 -1046 0
-1032 -1047 0
-1032 -1048 0
-1032 -1049 0
-1032 -1050 0
-1032 -1051 0
-1032 -1052 0
-1032 -1053 0
-1032 -1054 0
-1032 -1055 0
-1032 -1056 0
-1033 -1034 0
-1033 -1035 0
-1033 -1036 0
-1033 -1037 0
-1033 -1038 0
-1033 -1039 0
-1033 -1040 0
-1033 -1041 0
-1033 -1042 0
-1033 -1043 0
-1033 -1044 0
-1033 -1045 0
-1033 -1046 0
-1033 -1047 0
-1033 -1048 0
-1033 -1049 0
-1033 -1050 0
-1033 -1051 0
-1033 -1052 0
-1033 -1053 0
-1033 -1054 0
-1033 -1055 0
-1033 -1056 0
-1034 -1035 0
-1034 -1036 0
-1034 -1037 0
-1034 -1038 0
-1034 -1039 0
-1034 -1040 0
-1034 -1041 0
-1034 -1042 0
-1034 -1043 0
-1034 -1044 0
-1034 -1045 0
-1034 -1046 0
-1034 -1047 0
-1034 -1048 0
-1034 -1049 0
-1034 -1050 0
-1034 -1051 0
-1034 -1052 0
-1034 -1053 0
-1034 -1054 0
-1034 -1055 0
-1034 -1056 0
-1035 -1036 0
-1035 -1037 0
-1035 -1038 0
-1035 -1039 0
-1035 -1040 0
-1035 -1041 0
-1035 -1042 0
-1035 -1043 0
-1035 -1044 0
-1035 -1045 0
-1035 -1046 0
-1035 -1047 0
-1035 -1048 0
-1035 -1049 0
-1035 -1050 0
-1035 -1051 0
-1035 -1052 0
-1035 -1053 0
-1035 -1054 0
-1035 -1055 0
-1035 -1056 0
-1036 -1037 0
-1036 -1038 0
-1036 -1039 0
-1036 -1040 0
-1036 -1041 0
-1036 -1042 0
-1036 -1043 0
-1036 -1044 0
-1036 -1045 0
-1036 -1046 0
-1036 -1047 0
-1036 -1048 0
-1036 -1049 0
-1036 -1050 0
-1036 -1051 0
-1036 -1052 0
-1036 -1053 0
-1036 -1054 0
-1036 -1055 0
-1036 -1056 0
-1037 -1038 0
-1037 -1039 0
-1037 -1040 0
-1037 -1041 0
-1037 -1042 0
-1037 -1043 0
-1037 -1044 0
-1037 -1045 0
-1037 -1046 0
-1037 -1047 0
-1037 -1048 0
-1037 -1049 0
-1037 -1050 0
-1037 -1051 0
-1037 -1052 0
-1037 -1053 0
-1037 -1054 0
-1037 -1055 0
-1037 -1056 0
-1038 -1039 0
-1038 -1040 0
-1038 -1041 0
-1038 -1042 0
-1038 -1043 0
-1038 -1044 0
-1038 -1045 0
-1038 -1046 0
-1038 -1047 0
-1038 -1048 0
-1038 -1049 0
-1038 -1050 0
-1038 -1051 0
-1038 -1052 0
-1038 -1053 0
-1038 -1054 0
-1038 -1055 0
-1038 -1056 0
-1039 -1040 0
-1039 -1041 0
-1039 -1042 0
-1039 -1043 0
-1039 -1044 0
-1039 -1045 0
-1039 -1046 0
-1039 -1047 0
-1039 -1048 0
-1039 -1049 0
-1039 -1050 0
-1039 -1051 0
-1039 -1052 0
-1039 -1053 0
-1039 -1054 0
-1039 -1055 0
-1039 -1056 0
-1040 -1041 0
-1040 -1042 0
-1040 -1043 0
-1040 -1044 0
-1040 -1045 0
-1040 -1046 0
-1040 -1047 0
-1040 -1048 0
-1040 -1049 0
-1040 -1050 0
-1040 -1051 0
-1040 -1052 0
-1040 -1053 0
-1040 -1054 0
-1040 -1055 0
-1040 -1056 0
-1041 -1042 0
-1041 -1043 0
-1041 -1044 0
-1041 -1045 0
-1041 -1046 0
-1041 -1047 0
-1041 -1048 0
-1041 -1049 0
-1041 -1050 0
-1041 -1051 0
-1041 -1052 0
-1041 -1053 0
-1041 -1054 0
-1041 -1055 0
-1041 -1056 0
-1042 -1043 0
-1042 -1044 0
-1042 -1045 0
-1042 -1046 0
-1042 -1047 0
-1042 -1048 0
-1042 -1049 0
-1042 -1050 0
-1042 -1051 0
-1042 -1052 0
-1042 -1053 0
-1042 -1054 0
-1042 -1055 0
-1042 -1056 0
-1043 -1044 0
-1043 -1045 0
-1043 -1046 0
-1043 -1047 0
-1043 -1048 0
-1043 -1049 0
-1043 -1050 0
-1043 -1051 0
-1043 -1052 0
-1043 -1053 0
-1043 -1054 0
-1043 -1055 0
-1043 -1056 0
-1044 -1045 0
-1044 -1046 0
-1044 -1047 0
-1044 -1048 0
-1044 -1049 0
-1044 -1050 0
-1044 -1051 0
-1044 -1052 0
-1044 -1053 0
-1044 -1054 0
-1044 -1055 0
-1044 -1056 0
-1045 -1046 0
-1045 -1047 0
-1045 -1048 0
-1045 -1049 0
-1045 -1050 0
-1045 -1051 0
-1045 -1052 0
-1045 -1053 0
-1045 -1054 0
-1045 -1055 0
-1045 -1056 0
-1046 -1047 0
-1046 -1048 0
-1046 -1049 0
-1046 -1050 0
-1046 -1051 0
-1046 -1052 0
-1046 -1053 0
-1046 -1054 0
-1046 -1055 0
-1046 -1056 0
-1047 -1048 0
-1047 -1049 0
-1047 -1050 0
-1047 -1051 0
-1047 -1052 0
-1047 -1053 0
-1047 -1054 0
-1047 -1055 0
-1047 -1056 0
-1048 -1049 0
-1048 -1050 0
-1048 -1051 0
-1048 -1052 0
-1048 -1053 0
-1048 -1054 0
-1048 -1055 0
-1048 -1056 0
-1049 -1050 0
-1049 -1051 0
-1049 -1052 0
-1049 -1053 0
-1049 -1054 0
-1049 -1055 0
-1049 -1056 0
-1050 -1051 0
-1050 -1052 0
-1050 -1053 0
-1050 -1054 0
-1050 -1055 0
-1050 -1056 0
-1051 -1052 0
-1051 -1053 0
-1051 -1054 0
-1051 -1055 0
-1051 -1056 0
-1052 -1053 0
-1052 -1054 0
-1052 -1055 0
-1052 -1056 0
-1053 -1054 0
-1053 -1055 0
-1053 -1056 0
-1054 -1055 0
-1054 -1056 0
-1055 -1056 0
-1057 -1058 0
-1057 -1059 0
-1057 -1060 0
-1057 -1061 0
-1057 -1062 0
-1057 -1063 0
-1057 -1064 0
-1057 -1065 0
-1057 -1066 0
-1057 -1067 0
-1057 -1068 0
-1057 -1069 0
-1057 -1070 0
-1057 -1071 0
-1057 -1072 0
-1057 -1073 0
-1057 -1074 0
-1057 -1075 0
-1057 -1076 0
-1057 -1077 0
-1057 -1078 0
-1057 -1079 0
-1057 -1080 0
-1057 -1081 0
-1057 -1082 0
-1057 -1083 0
-1057 -1084 0
-1057 -1085 0
-1057 -1086 0
-1057 -1087 0
-1057 -1088 0
-1057 -1089 0
-1058 -1059 0
-1058 -1060 0
-1058 -1061 0
-1058 -1062 0
-1058 -1063 0
-1058 -1064 0
-1058 -1065 0
-1058 -1066 0
-1058 -1067 0
-1058 -1068 0
-1058 -1069 0
-1058 -1070 0
-1058 -1071 0
-1058 -1072 0
-1058 -1073 0
-1058 -1074 0
-1058 -1075 0
-1058 -1076 0
-1058 -1077 0
-1058 -1078 0
-1058 -1079 0
-1058 -1080 0
-1058 -1081 0
-1058 -1082 0
-1058 -1083 0
-1058 -1084 0
-1058 -1085 0
-1058 -1086 0
-1058 -1087 0
-1058 -1088 0
-1058 -1089 0
-1059 -1060 0
-1059 -1061 0
-1059 -1062 0
-1059 -1063 0
-1059 -1064 0
-1059 -1065 0
-1059 -1066 0
-1059 -1067 0
-1059 -1068 0
-1059 -1069 0
-1059 -1070 0
-1059 -1071 0
-1059 -1072 0
-1059 -1073 0
-1059 -1074 0
-1059 -1075 0
-1059 -1076 0
-1059 -1077 0
-1059 -1078 0
-1059 -1079 0
-1059 -1080 0
-1059 -1081 0
-1059 -1082 0
-1059 -1083 0
-1059 -1084 0
-1059 -1085 0
-1059 -1086 0
-1059 -1087 0
-1059 -1088 0
-1059 -1089 0
-1060 -1061 0
-1060 -1062 0
-1060 -1063 0
-1060 -1064 0
-1060 -1065 0
-1060 -1066 0
-1060 -1067 0
-1060 -1068 0
-1060 -1069 0
-1060 -1070 0
-1060 -1071 0
-1060 -1072 0
-1060 -1073 0
-1060 -1074 0
-1060 -1075 0
-1060 -1076 0
-1060 -1077 0
-1060 -1078 0
-1060 -1079 0
-1060 -1080 0
-1060 -1081 0
-1060 -1082 0
-1060 -1083 0
-1060 -1084 0
-1060 -1085 0
-1060 -1086 0
-1060 -1087 0
-1060 -1088 0
-1060 -1089 0
-1061 -1062 0
-1061 -1063 0
-1061 -1064 0
-1061 -1065 0
-1061 -1066 0
-1061 -1067 0
-1061 -1068 0
-1061 -1069 0
-1061 -1070 0
-1061 -1071 0
-1061 -1072 0
-1061 -1073 0
-1061 -1074 0
-1061 -1075 0
-1061 -1076 0
-1061 -1077 0
-1061 -1078 0
-1061 -1079 0
-1061 -1080 0
-1061 -1081 0
-1061 -1082 0
-1061 -1083 0
-1061 -1084 0
-1061 -1085 0
-1061 -1086 0
-1061 -1087 0
-1061 -1088 0
-1061 -1089 0
-1062 -1063 0
-1062 -1064 0
-1062 -1065 0
-1062 -1066 0
-1062 -1067 0
-1062 -1068 0
-1062 -1069 0
-1062 -1070 0
-1062 -1071 0
-1062 -1072 0
-1062 -1073 0
-1062 -1074 0
-1062 -1075 0
-1062 -1076 0
-1062 -1077 0
-1062 -1078 0
-1062 -1079 0
-1062 -1080 0
-1062 -1081 0
-1062 -1082 0
-1062 -1083 0
-1062 -1084 0
-1062 -1085 0
-1062 -1086 0
-1062 -1087 0
-1062 -1088 0
-1062 -1089 0
-1063 -1064 0
-1063 -1065 0
-1063 -1066 0
-1063 -1067 0
-1063 -1068 0
-1063 -1069 0
-1063 -1070 0
-1063 -1071 0
-1063 -1072 0
-1063 -1073 0
-1063 -1074 0
-1063 -1075 0
-1063 -1076 0
-1063 -1077 0
-1063 -1078 0
-1063 -1079 0
-1063 -1080 0
-1063 -1081 0
-1063 -1082 0
-1063 -1083 0
-1063 -1084 0
-1063 -1085 0
-1063 -1086 0
-1063 -1087 0
-1063 -1088 0
-1063 -1089 0
-1064 -1065 0
-1064 -1066 0
-1064 -1067 0
-1064 -1068 0
-1064 -1069 0
-1064 -1070 0
-1064 -1071 0
-1064 -1072 0
-1064 -1073 0
-1064 -1074 0
-1064 -1075 0
-1064 -1076 0
-1064 -1077 0
-1064 -1078 0
-1064 -1079 0
-1064 -1080 0
-1064 -1081 0
-1064 -1082 0
-1064 -1083 0
-1064 -1084 0
-1064 -1085 0
-1064 -1086 0
-1064 -1087 0
-1064 -1088 0
-1064 -1089 0
-1065 -1066 0
-1065 -1067 0
-1065 -1068 0
-1065 -1069 0
-1065 -1070 0
-1065 -1071 0
-1065 -1072 0
-1065 -1073 0
-1065 -1074 0
-1065 -1075 0
-1065 -1076 0
-1065 -1077 0
-1065 -1078 0
-1065 -1079 0
-1065 -1080 0
-1065 -1081 0
-1065 -1082 0
-1065 -1083 0
-1065 -1084 0
-1065 -1085 0
-1065 -1086 0
-1065 -1087 0
-1065 -1088 0
-1065 -1089 0
-1066 -1067 0
-1066 -1068 0
-1066 -1069 0
-1066 -1070 0
-1066 -1071 0
-1066 -1072 0
-1066 -1073 0
-1066 -1074 0
-1066 -1075 0
-1066 -1076 0
-1066 -1077 0
-1066 -1078 0
-1066 -1079 0
-1066 -1080 0
-1066 -1081 0
-1066 -1082 0
-1066 -1083 0
-1066 -1084 0
-1066 -1085 0
-1066 -1086 0
-1066 -1087 0
-1066 -1088 0
-1066 -1089 0
-1067 -1068 0
-1067 -1069 0
-1067 -1070 0
-1067 -1071 0
-1067 -1072 0
-1067 -1073 0
-1067 -1074 0
-1067 -1075 0
-1067 -1076 0
-1067 -1077 0
-1067 -1078 0
-1067 -1079 0
-1067 -1080 0
-1067 -1081 0
-1067 -1082 0
-1067 -1083 0
-1067 -1084 0
-1067 -1085 0
-1067 -1086 0
-1067 -1087 0
-1067 -1088 0
-1067 -1089 0
-1068 -1069 0
-1068 -1070 0
-1068 -1071 0
-1068 -1072 0
-1068 -1073 0
-1068 -1074 0
-1068 -1075 0
-1068 -1076 0
-1068 -1077 0
-1068 -1078 0
-1068 -1079 0
-1068 -1080 0
-1068 -1081 0
-1068 -1082 0
-1068 -1083 0
-1068 -1084 0
-1068 -1085 0
-1068 -1086 0
-1068 -1087 0
-1068 -1088 0
-1068 -1089 0
-1069 -1070 0
-1069 -1071 0
-1069 -1072 0
-1069 -1073 0
-1069 -1074 0
-1069 -1075 0
-1069 -1076 0
-1069 -1077 0
-1069 -1078 0
-1069 -1079 0
-1069 -1080 0
-1069 -1081 0
-1069 -1082 0
-1069 -1083 0
-1069 -1084 0
-1069 -1085 0
-1069 -1086 0
-1069 -1087 0
-1069 -1088 0
-1069 -1089 0
-1070 -1071 0
-1070 -1072 0
-1070 -1073 0
-1070 -1074 0
-1070 -1075 0
-1070 -1076 0
-1070 -1077 0
-1070 -1078 0
-1070 -1079 0
-1070 -1080 0
-1070 -1081 0
-1070 -1082 0
-1070 -1083 0
-1070 -1084 0
-1070 -1085 0
-1070 -1086 0
-1070 -1087 0
-1070 -1088 0
-1070 -1089 0
-1071 -1072 0
-1071 -1073 0
-1071 -1074 0
-1071 -1075 0
-1071 -1076 0
-1071 -1077 0
-1071 -1078 0
-1071 -1079 0
-1071 -1080 0
-1071 -1081 0
-1071 -1082 0
-1071 -1083 0
-1071 -1084 0
-1071 -1085 0
-1071 -1086 0
-1071 -1087 0
-1071 -1088 0
-1071 -1089 0
-1072 -1073 0
-1072 -1074 0
-1072 -1075 0
-1072 -1076 0
-1072 -1077 0
-1072 -1078 0
-1072 -1079 0
-1072 -1080 0
-1072 -1081 0
-1072 -1082 0
-1072 -1083 0
-1072 -1084 0
-1072 -1085 0
-1072 -1086 0
-1072 -1087 0
-1072 -1088 0
-1072 -1089 0
-1073 -1074 0
-1073 -1075 0
-1073 -1076 0
-1073 -1077 0
-1073 -1078 0
-1073 -1079 0
-1073 -1080 0
-1073 -1081 0
-1073 -1082 0
-1073 -1083 0
-1073 -1084 0
-1073 -1085 0
-1073 -1086 0
-1073 -1087 0
-1073 -1088 0
-1073 -1089 0
-1074 -1075 0
-1074 -1076 0
-1074 -1077 0
-1074 -1078 0
-1074 -1079 0
-1074 -1080 0
-1074 -1081 0
-1074 -1082 0
-1074 -1083 0
-1074 -1084 0
-1074 -1085 0
-1074 -1086 0
-1074 -1087 0
-1074 -1088 0
-1074 -1089 0
-1075 -1076 0
-1075 -1077 0
-1075 -1078 0
-1075 -1079 0
-1075 -1080 0
-1075 -1081 0
-1075 -1082 0
-1075 -1083 0
-1075 -1084 0
-1075 -1085 0
-1075 -1086 0
-1075 -1087 0
-1075 -1088 0
-1075 -1089 0
-1076 -1077 0
-1076 -1078 0
-1076 -1079 0
-1076 -1080 0
-1076 -1081 0
-1076 -1082 0
-1076 -1083 0
-1076 -1084 0
-1076 -1085 0
-1076 -1086 0
-1076 -1087 0
-1076 -1088 0
-1076 -1089 0
-1077 -1078 0
-1077 -1079 0
-1077 -1080 0
-1077 -1081 0
-1077 -1082 0
-1077 -1083 0
-1077 -1084 0
-1077 -1085 0
-1077 -1086 0
-1077 -1087 0
-1077 -1088 0
-1077 -1089 0
-1078 -1079 0
-1078 -1080 0
-1078 -1081 0
-1078 -1082 0
-1078 -1083 0
-1078 -1084 0
-1078 -1085 0
-1078 -1086 0
-1078 -1087 0
-1078 -1088 0
-1078 -1089 0
-1079 -1080 0
-1079 -1081 0
-1079 -1082 0
-1079 -1083 0
-1079 -1084 0
-1079 -1085 0
-1079 -1086 0
-1079 -1087 0
-1079 -1088 0
-1079 -1089 0
-1080 -1081 0
-1080 -1082 0
-1080 -1083 0
-1080 -1084 0
-1080 -1085 0
-1080 -1086 0
-1080 -1087 0
-1080 -1088 0
-1080 -1089 0
-1081 -1082 0
-1081 -1083 0
-1081 -1084 0
-1081 -1085 0
-1081 -1086 0
-1081 -1087 0
-1081 -1088 0
-1081 -1089 0
-1082 -1083 0
-1082 -1084 0
-1082 -1085 0
-1082 -1086 0
-1082 -1087 0
-1082 -1088 0
-1082 -1089 0
-1083 -1084 0
-1083 -1085 0
-1083 -1086 0
-1083 -1087 0
-1083 -1088 0
-1083 -1089 0
-1084 -1085 0
-1084 -1086 0
-1084 -1087 0
-1084 -1088 0
-1084 -1089 0
-1085 -1086 0
-1085 -1087 0
-1085 -1088 0
-1085 -1089 0
-1086 -1087 0
-1086 -1088 0
-1086 -1089 0
-1087 -1088 0
-1087 -1089 0
-1088 -1089 0
1 34 67 100 133 166 199 232 265 298 331 364 397 430 463 496 529 562 595 628 661 694 727 760 793 826 859 892 925 958 991 1024 1057 0
2 35 68 101 134 167 200 233 266 299 332 365 398 431 464 497 530 563 596 629 662 695 728 761 794 827 860 893 926 959 992 1025 1058 0
3 36 69 102 135 168 201 234 267 300 333 366 399 432 465 498 531 564 597 630 663 696 729 762 795 828 861 894 927 960 993 1026 1059 0
4 37 70 103 136 169 202 235 268 301 334 367 400 433 466 499 532 565 598 631 664 697 730 763 796 829 862 895 928 961 994 1027 1060 0
5 38 71 104 137 170 203 236 269 302 335 368 401 434 467 500 533 566 599 632 665 698 731 764 797 830 863 896 929 962 995 1028 1061 0
6 39 72 105 138 171 204 237 270 303 336 369 402 435 468 501 534 567 600 633 666 699 732 765 798 831 864 897 930 963 996 1029 1062 0
7 40 73 106 139 172 205 238 271 304 337 370 403 436 469 502 535 568 601 634 667 700 733 766 799 832 865 898 931 964 997 1030 1063 0
8 41 74 107 140 173 206 239 272 305 338 371 404 437 470 503 536 569 602 635 668 701 734 767 800 833 866 899 932 965 998 1031 1064 0
9 42 75 108 141 174 207 240 273 306 339 372 405 438 471 504 537 570 603 636 669 702 735 768 801 834 867 900 933 966 999 1032 1065 0
10 43 76 109 142 175 208 241 274 307 340 373 406 439 472 505 538 571 604 637 670 703 736 769 802 835 868 901 934 967 1000 1033 1066 0
11 44 77 110 143 176 209 242 275 308 341 374 407 440 473 506 539 572 605 638 671 704 737 770 803 836 869 902 935 968 1001 1034 1067 0
12 45 78 111 144 177 210 243 276 309 342 375 408 441 474 507 540 573 606 639 672 705 738 771 804 837 870 903 936 969 1002 1035 1068 0
13 46 79 112 145 178 211 244 277 310 343 376 409 442 475 508 541 574 607 640 673 706 739 772 805 838 871 904 937 970 1003 1036 1069 0
14 47 80 113 146 179 212 245 278 311 344 377 410 443 476 509 542 575 608 641 674 707 740 773 806 839 872 905 938 971 1004 1037 1070 0
15 48 81 114 147 180 213 246 279 312 345 378 411 444 477 510 543 576 609 642 675 708 741 774 807 840 873 906 939 972 1005 1038 1071 0
16 49 82 115 148 181 214 247 280 313 346 379 412 445 478 511 544 577 610 643 676 709 742 775 808 841 874 907 940 973 1006 1039 1072 0
17 50 83 116 149 182 215 248 281 314 347 380 413 446 479 512 545 578 611 644 677 710 743 776 809 842 875 908 941 974 1007 1040 1073 0
18 51 84 117 150 183 216 249 282 315 348 381 414 447 480 513 546 579 612 645 678 711 744 777 810 843 876 909 942 975 1008 1041 1074 0
19 52 85 118 151 184 217 250 283 316 349 382 415 448 481 514 547 580 613 646 679 712 745 778 811 844 877 910 943 976 1009 1042 1075 0
20 53 86 119 152 185 218 251 284 317 350 383 416 449 482 515 548 581 614 647 680 713 746 779 812 845 878 911 944 977 1010 1043 1076 0
21 54 87 120 153 186 219 252 285 318 351 384 417 450 483 516 549 582 615 648 681 714 747 780 813 846 879 912 945 978 1011 1044 1077 0
22 55 88 121 154 187 220 253 286 319 352 385 418 451 484 517 550 583 616 649 682 715 748 781 814 847 880 913 946 979 1012 1045 1078 0
23 56 89 122 155 188 221 254 287 320 353 386 419 452 485 518 551 584 617 650 683 716 749 782 815 848 881 914 947 980 1013 1046 1079 0
24 57 90 123 156 189 222 255 288 321 354 387 420 453 486 519 552 585 618 651 684 717 750 783 816 849 882 915 948 981 1014 1047 1080 0
25 58 91 124 157 190 223 256 289 322 355 388 421 454 487 520 553 586 619 652 685 718 751 784 817 850 883 916 949 982 1015 1048 1081 0
26 59 92 125 158 191 224 257 290 323 356 389 422 455 488 521 554 587 620 653 686 719 752 785 818 851 884 917 950 983 1016 1049 1082 0
27 60 93 126 159 192 225 258 291 324 357 390 423 456 489 522 555 588 621 654 687 720 753 786 819 852 885 918 951 984 1017 1050 1083 0
28 61 94 127 160 193 226 259 292 325 358 391 424 457 490 523 556 589 622 655 688 721 754 787 820 853 886 919 952 985 1018 1051 1084 0
29 62 95 128 161 194 227 260 293 326 359 392 425 458 491 524 557 590 623 656 689 722 755 788 821 854 887 920 953 986 1019 1052 1085 0
30 63 96 129 162 195 228 261 294 327 360 393 426 459 492 525 558 591 624 657 690 723 756 789 822 855 888 921 954 987 1020 1053 1086 0
31 64 97 130 163 196 229 262 295 328 361 394 427 460 493 526 559 592 625 658 691 724 757 790 823 856 889 922 955 988 1021 1054 1087 0
32 65 98 131 164 197 230 263 296 329 362 395 428 461 494 527 560 593 626 659 692 725 758 791 824 857 890 923 956 989 1022 1055 1088 0
33 66 99 132 165 198 231 264 297 330 363 396 429 462 495 528 561 594 627 660 693 726 759 792 825 858 891 924 957 990 1023 1056 1089 0
-1 -35 0
-1 -69 0
-1 -103 0
-1 -137 0
-1 -171 0
-1 -205 0
-1 -239 0
-1 -273 0
-1 -307 0
-1 -341 0
-1 -375 0
-1 -409 0
-1 -443 0
-1 -477 0
-1 -511 0
-1 -545 0
-1 -579 0
-1 -613 0
-1 -647 0
-1 -681 0
-1 -715 0
-1 -749 0
-1 -783 0
-1 -817 0
-1 -851 0
-1 -885 0
-1 -919 0
-1 -953 0
-1 -987 0
-1 -1021 0
-1 -1055 0
-1 -1089 0
-35 -69 0
-35 -103 0
-35 -137 0
-35 -171 0
-35 -205 0
-35 -239 0
-35 -273 0
-35 -307 0
-35 -341 0
-35 -375 0
-35 -409 0
-35 -443 0
-35 -477 0
-35 -511 0
-35 -545 0
-35 -579 0
-35 -613 0
-35 -647 0
-35 -681 0
-35 -715 0
-35 -749 0
-35 -783 0
-35 -817 0
-35 -851 0
-35 -885 0
-35 -919 0
-35 -953 0
-35 -987 0
-35 -1021 0
-35 -1055 0
-35 -1089 0
-69 -103 0
-69 -137 0
-69 -171 0
-69 -205 0
-69 -239 0
-69 -273 0
-69 -307 0
-69 -341 0
-69 -375 0
-69 -409 0
-69 -443 0
-69 -477 0
-69 -511 0
-69 -545 0
-69 -579 0
-69 -613 0
-69 -647 0
-69 -681 0
-69 -715 0
-69 -749 0
-69 -783 0
-69 -817 0
-69 -851 0
-69 -885 0
-69 -919 0
-69 -953 0
-69 -987 0
-69 -1021 0
-69 -1055 0
-69 -1089 0
-103 -137 0
-103 -171 0
-103 -205 0
-103 -239 0
-103 -273 0
-103 -307 0
-103 -341 0
-103 -375 0
-103 -409 0
-103 -443 0
-103 -477 0
-103 -511 0
-103 -545 0
-103 -579 0
-103 -613 0
-103 -647 0
-103 -681 0
-103 -715 0
-103 -749 0
-103 -783 0
-103 -817 0
-103 -851 0
-103 -885 0
-103 -919 0
-103 -953 0
-103 -987 0
-103 -1021 0
-103 -1055 0
-103 -1089 0
-137 -171 0
-137 -205 0
-137 -239 0
-137 -273 0
-137 -307 0
-137 -341 0
-137 -375 0
-137 -409 0
-137 -443 0
-137 -477 0
-137 -511 0
-137 -545 0
-137 -579 0
-137 -613 0
-137 -647 0
-137 -681 0
-137 -715 0
-137 -749 0
-137 -783 0
-137 -817 0
-137 -851 0
-137 -885 0
-137 -919 0
-137 -953 0
-137 -987 0
-137 -1021 0
-137 -1055 0
-137 -1089 0
-171 -205 0
-171 -239 0
-171 -273 0
-171 -307 0
-171 -341 0
-171 -375 0
-171 -409 0
-171 -443 0
-171 -477 0
-171 -511 0
-171 -545 0
-171 -579 0
-171 -613 0
-171 -647 0
-171 -681 0
-171 -715 0
-171 -749 0
-171 -783 0
-171 -817 0
-171 -851 0
-171 -885 0
-171 -919 0
-171 -953 0
-171 -987 0
-171 -1021 0
-171 -1055 0
-171 -1089 0
-205 -239 0
-205 -273 0
-205 -307 0
-205 -341 0
-205 -375 0
-205 -409 0
-205 -443 0
-205 -477 0
-205 -511 0
-205 -545 0
-205 -579 0
-205 -613 0
-205 -647 0
-205 -681 0
-205 -715 0
-205 -749 0
-205 -783 0
-205 -817 0
-205 -851 0
-205 -885 0
-205 -919 0
-205 -953 0
-205 -987 0
-205 -1021 0
-205 -1055 0
-205 -1089 0
-239 -273 0
-239 -307 0
-239 -341 0
-239 -375 0
-239 -409 0
-239 -443 0
-239 -477 0
-239 -511 0
-239 -545 0
-239 -579 0
-239 -613 0
-239 -647 0
-239 -681 0
-239 -715 0
-239 -749 0
-239 -783 0
-239 -817 0
-239 -851 0
-239 -885 0
-239 -919 0
-239 -953 0
-239 -987 0
-239 -1021 0
-239 -1055 0
-239 -1089 0
-273 -307 0
-273 -341 0
-273 -375 0
-273 -409 0
-273 -443 0
-273 -477 0
-273 -511 0
-273 -545 0
-273 -579 0
-273 -613 0
-273 -647 0
-273 -681 0
-273 -715 0
-273 -749 0
-273 -783 0
-273 -817 0
-273 -851 0
-273 -885 0
-273 -919 0
-273 -953 0
-273 -987 0
-273 -1021 0
-273 -1055 0
-273 -1089 0
-307 -341 0
-307 -375 0
-307 -409 0
-307 -443 0
-307 -477 0
-307 -511 0
-307 -545 0
-307 -579 0
-307 -613 0
-307 -647 0
-307 -681 0
-307 -715 0
-307 -749 0
-307 -783 0
-307 -817 0
-307 -851 0
-307 -885 0
-307 -919 0
-307 -953 0
-307 -987 0
-307 -1021 0
-307 -1055 0
-307 -1089 0
-341 -375 0
-341 -409 0
-341 -443 0
-341 -477 0
-341 -511 0
-341 -545 0
-341 -579 0
-341 -613 0
-341 -647 0
-341 -681 0
-341 -715 0
-341 -749 0
-341 -783 0
-341 -817 0
-341 -851 0
-341 -885 0
-341 -919 0
-341 -953 0
-341 -987 0
-341 -1021 0
-341 -1055 0
-341 -1089 0
-375 -409 0
-375 -443 0
-375 -477 0
-375 -511 0
-375 -545 0
-375 -579 0
-375 -613 0
-375 -647 0
-375 -681 0
-375 -715 0
-375 -749 0
-375 -783 0
-375 -817 0
-375 -851 0
-375 -885 0
-375 -919 0
-375 -953 0
-375 -987 0
-375 -1021 0
-375 -1055 0
-375 -1089 0
-409 -443 0
-409 -477 0
-409 -511 0
-409 -545 0
-409 -579 0
-409 -613 0
-409 -647 0
-409 -681 0
-409 -715 0
-409 -749 0
-409 -783 0
-409 -817 0
-409 -851 0
-409 -885 0
-409 -919 0
-409 -953 0
-409 -987 0
-409 -1021 0
-409 -1055 0
-409 -1089 0
-443 -477 0
-443 -511 0
-443 -545 0
-443 -579 0
-443 -613 0
-443 -647 0
-443 -681 0
-443 -715 0
-443 -749 0
-443 -783 0
-443 -817 0
-443 -851 0
-443 -885 0
-443 -919 0
-443 -953 0
-443 -987 0
-443 -1021 0
-443 -1055 0
-443 -1089 0
-477 -511 0
-477 -545 0
-477 -579 0
-477 -613 0
-477 -647 0
-477 -681 0
-477 -715 0
-477 -749 0
-477 -783 0
-477 -817 0
-477 -851 0
-477 -885 0
-477 -919 0
-477 -953 0
-477 -987 0
-477 -1021 0
-477 -1055 0
-477 -1089 0
-511 -545 0
-511 -579 0
-511 -613 0
-511 -647 0
-511 -681 0
-511 -715 0
-511 -749 0
-511 -783 0
-511 -817 0
-511 -851 0
-511 -885 0
-511 -919 0
-511 -953 0
-511 -987 0
-511 -1021 0
-511 -1055 0
-511 -1089 0
-545 -579 0
-545 -613 0
-545 -647 0
-545 -681 0
-545 -715 0
-545 -749 0
-545 -783 0
-545 -817 0
-545 -851 0
-545 -885 0
-545 -919 0
-545 -953 0
-545 -987 0
-545 -1021 0
-545 -1055 0
-545 -1089 0
-579 -613 0
-579 -647 0
-579 -681 0
-579 -715 0
-579 -749 0
-579 -783 0
-579 -817 0
-579 -851 0
-579 -885 0
-579 -919 0
-579 -953 0
-579 -987 0
-579 -1021 0
-579 -1055 0
-579 -1089 0
-613 -647 0
-613 -681 0
-613 -715 0
-613 -749 0
-613 -783 0
-613 -817 0
-613 -851 0
-613 -885 0
-613 -919 0
-613 -953 0
-613 -987 0
-613 -1021 0
-613 -1055 0
-613 -1089 0
-647 -681 0
-647 -715 0
-647 -749 0
-647 -783 0
-647 -817 0
-647 -851 0
-647 -885 0
-647 -919 0
-647 -953 0
-647 -987 0
-647 -1021 0
-647 -1055 0
-647 -1089 0
-681 -715 0
-681 -749 0
-681 -783 0
-681 -817 0
-681 -851 0
-681 -885 0
-681 -919 0
-681 -953 0
-681 -987 0
-681 -1021 0
-681 -1055 0
-681 -1089 0
-715 -749 0
-715 -783 0
-715 -817 0
-715 -851 0
-715 -885 0
-715 -919 0
-715 -953 0
-715 -987 0
-715 -1021 0
-715 -1055 0
-715 -1089 0
-749 -783 0
-749 -817 0
-749 -851 0
-749 -885 0
-749 -919 0
-749 -953 0
-749 -987 0
-749 -1021 0
-749 -1055 0
-749 -1089 0
-783 -817 0
-783 -851 0
-783 -885 0
-783 -919 0
-783 -953 0
-783 -987 0
-783 -1021 0
-783 -1055 0
-783 -1089 0
-817 -851 0
-817 -885 0
-817 -919 0
-817 -953 0
-817 -987 0
-817 -1021 0
-817 -1055 0
-817 -1089 0
-851 -885 0
-851 -919 0
-851 -953 0
-851 -987 0
-851 -1021 0
-851 -1055 0
-851 -1089 0
-885 -919 0
-885 -953 0
-885 -987 0
-885 -1021 0
-885 -1055 0
-885 -1089 0
-919 -953 0
-919 -987 0
-919 -1021 0
-919 -1055 0
-919 -1089 0
-953 -987 0
-953 -1021 0
-953 -1055 0
-953 -1089 0
-987 -1021 0
-987 -1055 0
-987 -1089 0
-1021 -1055 0
-1021 -1089 0
-1055 -1089 0
-2 -36 0
-2 -70 0
-2 -104 0
-2 -138 0
-2 -172 0
-2 -206 0
-2 -240 0
-2 -274 0
-2 -308 0
-2 -342 0
-2 -376 0
-2 -410 0
-2 -444 0
-2 -478 0
-2 -512 0
-2 -546 0
-2 -580 0
-2 -614 0
-2 -648 0
-2 -682 0
-2 -716 0
-2 -750 0
-2 -784 0
-2 -818 0
-2 -852 0
-2 -886 0
-2 -920 0
-2 -954 0
-2 -988 0
-2 -1022 0
-2 -1056 0
-36 -70 0
-36 -104 0
-36 -138 0
-36 -172 0
-36 -206 0
-36 -240 0
-36 -274 0
-36 -308 0
-36 -342 0
-36 -376 0
-36 -410 0
-36 -444 0
-36 -478 0
-36 -512 0
-36 -546 0
-36 -580 0
-36 -614 0
-36 -648 0
-36 -682 0
-36 -716 0
-36 -750 0
-36 -784 0
-36 -818 0
-36 -852 0
-36 -886 0
-36 -920 0
-36 -954 0
-36 -988 0
-36 -1022 0
-36 -1056 0
-70 -104 0
-70 -138 0
-70 -172 0
-70 -206 0
-70 -240 0
-70 -274 0
-70 -308 0
-70 -342 0
-70 -376 0
-70 -410 0
-70 -444 0
-70 -478 0
-70 -512 0
-70 -546 0
-70 -580 0
-70 -614 0
-70 -648 0
-70 -682 0
-70 -716 0
-70 -750 0
-70 -784 0
-70 -818 0
-70 -852 0
-70 -886 0
-70 -920 0
-70 -954 0
-70 -988 0
-70 -1022 0
-70 -1056 0
-104 -138 0
-104 -172 0
-104 -206 0
-104 -240 0
-104 -274 0
-104 -308 0
-104 -342 0
-104 -376 0
-104 -410 0
-104 -444 0
-104 -478 0
-104 -512 0
-104 -546 0
-104 -580 0
-104 -614 0
-104 -648 0
-104 -682 0
-104 -716 0
-104 -750 0
-104 -784 0
-104 -818 0
-104 -852 0
-104 -886 0
-104 -920 0
-104 -954 0
-104 -988 0
-104 -1022 0
-104 -1056 0
-138 -172 0
-138 -206 0
-138 -240 0
-138 -274 0
-138 -308 0
-138 -342 0
-138 -376 0
-138 -410 0
-138 -444 0
-138 -478 0
-138 -512 0
-138 -546 0
-138 -580 0
-138 -614 0
-138 -648 0
-138 -682 0
-138 -716 0
-138 -750 0
-138 -784 0
-138 -818 0
-138 -852 0
-138 -886 0
-138 -920 0
-138 -954 0
-138 -988 0
-138 -1022 0
-138 -1056 0
-172 -206 0
-172 -240 0
-172 -274 0
-172 -308 0
-172 -342 0
-172 -376 0
-172 -410 0
-172 -444 0
-172 -478 0
-172 -512 0
-172 -546 0
-172 -580 0
-172 -614 0
-172 -648 0
-172 -682 0
-172 -716 0
-172 -750 0
-172 -784 0
-172 -818 0
-172 -852 0
-172 -886 0
-172 -920 0
-172 -954 0
-172 -988 0
-172 -1022 0
-172 -1056 0
-206 -240 0
-206 -274 0
-206 -308 0
-206 -342 0
-206 -376 0
-206 -410 0
-206 -444 0
-206 -478 0
-206 -512 0
-206 -546 0
-206 -580 0
-206 -614 0
-206 -648 0
-206 -682 0
-206 -716 0
-206 -750 0
-206 -784 0
-206 -818 0
-206 -852 0
-206 -886 0
-206 -920 0
-206 -954 0
-206 -988 0
-206 -1022 0
-206 -1056 0
-240 -274 0
-240 -308 0
-240 -342 0
-240 -376 0
-240 -410 0
-240 -444 0
-240 -478 0
-240 -512 0
-240 -546 0
-240 -580 0
-240 -614 0
-240 -648 0
-240 -682 0
-240 -716 0
-240 -750 0
-240 -784 0
-240 -818 0
-240 -852 0
-240 -886 0
-240 -920 0
-240 -954 0
-240 -988 0
-240 -1022 0
-240 -1056 0
-274 -308 0
-274 -342 0
-274 -376 0
-274 -410 0
-274 -444 0
-274 -478 0
-274 -512 0
-274 -546 0
-274 -580 0
-274 -614 0
-274 -648 0
-274 -682 0
-274 -716 0
-274 -750 0
-274 -784 0
-274 -818 0
-274 -852 0
-274 -886 0
-274 -920 0
-274 -954 0
-274 -988 0
-274 -1022 0
-274 -1056 0
-308 -342 0
-308 -376 0
-308 -410 0
-308 -444 0
-308 -478 0
-308 -512 0
-308 -546 0
-308 -580 0
-308 -614 0
-308 -648 0
-308 -682 0
-308 -716 0
-308 -750 0
-308 -784 0
-308 -818 0
-308 -852 0
-308 -886 0
-308 -920 0
-308 -954 0
-308 -988 0
-308 -1022 0
-308 -1056 0
-342 -376 0
-342 -410 0
-342 -444 0
-342 -478 0
-342 -512 0
-342 -546 0
-342 -580 0
-342 -614 0
-342 -648 0
-342 -682 0
-342 -716 0
-342 -750 0
-342 -784 0
-342 -818 0
-342 -852 0
-342 -886 0
-342 -920 0
-342 -954 0
-342 -988 0
-342 -1022 0
-342 -1056 0
-376 -410 0
-376 -444 0
-376 -478 0
-376 -512 0
-376 -546 0
-376 -580 0
-376 -614 0
-376 -648 0
-376 -682 0
-376 -716 0
-376 -750 0
-376 -784 0
-376 -818 0
-376 -852 0
-376 -886 0
-376 -920 0
-376 -954 0
-376 -988 0
-376 -1022 0
-376 -1056 0
-410 -444 0
-410 -478 0
-410 -512 0
-410 -546 0
-410 -580 0
-410 -614 0
-410 -648 0
-410 -682 0
-410 -716 0
-410 -750 0
-410 -784 0
-410 -818 0
-410 -852 0
-410 -886 0
-410 -920 0
-410 -954 0
-410 -988 0
-410 -1022 0
-410 -1056 0
-444 -478 0
-444 -512 0
-444 -546 0
-444 -580 0
-444 -614 0
-444 -648 0
-444 -682 0
-444 -716 0
-444 -750 0
-444 -784 0
-444 -818 0
-444 -852 0
-444 -886 0
-444 -920 0
-444 -954 0
-444 -988 0
-444 -1022 0
-444 -1056 0
-478 -512 0
-478 -546 0
-478 -580 0
-478 -614 0
-478 -648 0
-478 -682 0
-478 -716 0
-478 -750 0
-478 -784 0
-478 -818 0
-478 -852 0
-478 -886 0
-478 -920 0
-478 -954 0
-478 -988 0
-478 -1022 0
-478 -1056 0
-512 -546 0
-512 -580 0
-512 -614 0
-512 -648 0
-512 -682 0
-512 -716 0
-512 -750 0
-512 -784 0
-512 -818 0
-512 -852 0
-512 -886 0
-512 -920 0
-512 -954 0
-512 -988 0
-512 -1022 0
-512 -1056 0
-546 -580 0
-546 -614 0
-546 -648 0
-546 -682 0
-546 -716 0
-546 -750 0
-546 -784 0
-546 -818 0
-546 -852 0
-546 -886 0
-546 -920 0
-546 -954 0
-546 -988 0
-546 -1022 0
-546 -1056 0
-580 -614 0
-580 -648 0
-580 -682 0
-580 -716 0
-580 -750 0
-580 -784 0
-580 -818 0
-580 -852 0
-580 -886 0
-580 -920 0
-580 -954 0
-580 -988 0
-580 -1022 0
-580 -1056 0
-614 -648 0
-614 -682 0
-614 -716 0
-614 -750 0
-614 -784 0
-614 -818 0
-614 -852 0
-614 -886 0
-614 -920 0
-614 -954 0
-614 -988 0
-614 -1022 0
-614 -1056 0
-648 -682 0
-648 -716 0
-648 -750 0
-648 -784 0
-648 -818 0
-648 -852 0
-648 -886 0
-648 -920 0
-648 -954 0
-648 -988 0
-648 -1022 0
-648 -1056 0
-682 -716 0
-682 -750 0
-682 -784 0
-682 -818 0
-682 -852 0
-682 -886 0
-682 -920 0
-682 -954 0
-682 -988 0
-682 -1022 0
-682 -1056 0
-716 -750 0
-716 -784 0
-716 -818 0
-716 -852 0
-716 -886 0
-716 -920 0
-716 -954 0
-716 -988 0
-716 -1022 0
-716 -1056 0
-750 -784 0
-750 -818 0
-750 -852 0
-750 -886 0
-750 -920 0
-750 -954 0
-750 -988 0
-750 -1022 0
-750 -1056 0
-784 -818 0
-784 -852 0
-784 -886 0
-784 -920 0
-784 -954 0
-784 -988 0
-784 -1022 0
-784 -1056 0
-818 -852 0
-818 -886 0
-818 -920 0
-818 -954 0
-818 -988 0
-818 -1022 0
-818 -1056 0
-852 -886 0
-852 -920 0
-852 -954 0
-852 -988 0
-852 -1022 0
-852 -1056 0
-886 -920 0
-886 -954 0
-886 -988 0
-886 -1022 0
-886 -1056 0
-920 -954 0
-920 -988 0
-920 -1022 0
-920 -1056 0
-954 -988 0
-954 -1022 0
-954 -1056 0
-988 -1022 0
-988 -1056 0
-1022 -1056 0
-3 -37 0
-3 -71 0
-3 -105 0
-3 -139 0
-3 -173 0
-3 -207 0
-3 -241 0
-3 -275 0
-3 -309 0
-3 -343 0
-3 -377 0
-3 -411 0
-3 -445 0
-3 -479 0
-3 -513 0
-3 -547 0
-3 -581 0
-3 -615 0
-3 -649 0
-3 -683 0
-3 -717 0
-3 -751 0
-3 -785 0
-3 -819 0
-3 -853 0
-3 -887 0
-3 -921 0
-3 -955 0
-3 -989 0
-3 -1023 0
-37 -71 0
-37 -105 0
-37 -139 0
-37 -173 0
-37 -207 0
-37 -241 0
-37 -275 0
-37 -309 0
-37 -343 0
-37 -377 0
-37 -411 0
-37 -445 0
-37 -479 0
-37 -513 0
-37 -547 0
-37 -581 0
-37 -615 0
-37 -649 0
-37 -683 0
-37 -717 0
-37 -751 0
-37 -785 0
-37 -819 0
-37 -853 0
-37 -887 0
-37 -921 0
-37 -955 0
-37 -989 0
-37 -1023 0
-71 -105 0
-71 -139 0
-71 -173 0
-71 -207 0
-71 -241 0
-71 -275 0
-71 -309 0
-71 -343 0
-71 -377 0
-71 -411 0
-71 -445 0
-71 -479 0
-71 -513 0
-71 -547 0
-71 -581 0
-71 -615 0
-71 -649 0
-71 -683 0
-71 -717 0
-71 -751 0
-71 -785 0
-71 -819 0
-71 -853 0
-71 -887 0
-71 -921 0
-71 -955 0
-71 -989 0
-71 -1023 0
-105 -139 0
-105 -173 0
-105 -207 0
-105 -241 0
-105 -275 0
-105 -309 0
-105 -343 0
-105 -377 0
-105 -411 0
-105 -445 0
-105 -479 0
-105 -513 0
-105 -547 0
-105 -581 0
-105 -615 0
-105 -649 0
-105 -683 0
-105 -717 0
-105 -751 0
-105 -785 0
-105 -819 0
-105 -853 0
-105 -887 0
-105 -921 0
-105 -955 0
-105 -989 0
-105 -1023 0
-139 -173 0
-139 -207 0
-139 -241 0
-139 -275 0
-139 -309 0
-139 -343 0
-139 -377 0
-139 -411 0
-139 -445 0
-139 -479 0
-139 -513 0
-139 -547 0
-139 -581 0
-139 -615 0
-139 -649 0
-139 -683 0
-139 -717 0
-139 -751 0
-139 -785 0
-139 -819 0
-139 -853 0
-139 -887 0
-139 -921 0
-139 -955 0
-139 -989 0
-139 -1023 0
-173 -207 0
-173 -241 0
-173 -275 0
-173 -309 0
-173 -343 0
-173 -377 0
-173 -411 0
-173 -445 0
-173 -479 0
-173 -513 0
-173 -547 0
-173 -581 0
-173 -615 0
-173 -649 0
-173 -683 0
-173 -717 0
-173 -751 0
-173 -785 0
-173 -819 0
-173 -853 0
-173 -887 0
-173 -921 0
-173 -955 0
-173 -989 0
-173 -1023 0
-207 -241 0
-207 -275 0
-207 -309 0
-207 -343 0
-207 -377 0
-207 -411 0
-207 -445 0
-207 -479 0
-207 -513 0
-207 -547 0
-207 -581 0
-207 -615 0
-207 -649 0
-207 -683 0
-207 -717 0
-207 -751 0
-207 -785 0
-207 -819 0
-207 -853 0
-207 -887 0
-207 -921 0
-207 -955 0
-207 -989 0
-207 -1023 0
-241 -275 0
-241 -309 0
-241 -343 0
-241 -377 0
-241 -411 0
-241 -445 0
-241 -479 0
-241 -513 0
-241 -547 0
-241 -581 0
-241 -615 0
-241 -649 0
-241 -683 0
-241 -717 0
-241 -751 0
-241 -785 0
-241 -819 0
-241 -853 0
-241 -887 0
-241 -921 0
-241 -955 0
-241 -989 0
-241 -1023 0
-275 -309 0
-275 -343 0
-275 -377 0
-275 -411 0
-275 -445 0
-275 -479 0
-275 -513 0
-275 -547 0
-275 -581 0
-275 -615 0
-275 -649 0
-275 -683 0
-275 -717 0
-275 -751 0
-275 -785 0
-275 -819 0
-275 -853 0
-275 -887 0
-275 -921 0
-275 -955 0
-275 -989 0
-275 -1023 0
-309 -343 0
-309 -377 0
-309 -411 0
-309 -445 0
-309 -479 0
-309 -513 0
-309 -547 0
-309 -581 0
-309 -615 0
-309 -649 0
-309 -683 0
-309 -717 0
-309 -751 0
-309 -785 0
-309 -819 0
-309 -853 0
-309 -887 0
-309 -921 0
-309 -955 0
-309 -989 0
-309 -1023 0
-343 -377 0
-343 -411 0
-343 -445 0
-343 -479 0
-343 -513 0
-343 -547 0
-343 -581 0
-343 -615 0
-343 -649 0
-343 -683 0
-343 -717 0
-343 -751 0
-343 -785 0
-343 -819 0
-343 -853 0
-343 -887 0
-343 -921 0
-343 -955 0
-343 -989 0
-343 -1023 0
-377 -411 0
-377 -445 0
-377 -479 0
-377 -513 0
-377 -547 0
-377 -581 0
-377 -615 0
-377 -649 0
-377 -683 0
-377 -717 0
-377 -751 0
-377 -785 0
-377 -819 0
-377 -853 0
-377 -887 0
-377 -921 0
-377 -955 0
-377 -989 0
-377 -1023 0
-411 -445 0
-411 -479 0
-411 -513 0
-411 -547 0
-411 -581 0
-411 -615 0
-411 -649 0
-411 -683 0
-411 -717 0
-411 -751 0
-411 -785 0
-411 -819 0
-411 -853 0
-411 -887 0
-411 -921 0
-411 -955 0
-411 -989 0
-411 -1023 0
-445 -479 0
-445 -513 0
-445 -547 0
-445 -581 0
-445 -615 0
-445 -649 0
-445 -683 0
-445 -717 0
-445 -751 0
-445 -785 0
-445 -819 0
-445 -853 0
-445 -887 0
-445 -921 0
-445 -955 0
-445 -989 0
-445 -1023 0
-479 -513 0
-479 -547 0
-479 -581 0
-479 -615 0
-479 -649 0
-479 -683 0
-479 -717 0
-479 -751 0
-479 -785 0
-479 -819 0
-479 -853 0
-479 -887 0
-479 -921 0
-479 -955 0
-479 -989 0
-479 -1023 0
-513 -547 0
-513 -581 0
-513 -615 0
-513 -649 0
-513 -683 0
-513 -717 0
-513 -751 0
-513 -785 0
-513 -819 0
-513 -853 0
-513 -887 0
-513 -921 0
-513 -955 0
-513 -989 0
-513 -1023 0
-547 -581 0
-547 -615 0
-547 -649 0
-547 -683 0
-547 -717 0
-547 -751 0
-547 -785 0
-547 -819 0
-547 -853 0
-547 -887 0
-547 -921 0
-547 -955 0
-547 -989 0
-547 -1023 0
-581 -615 0
-581 -649 0
-581 -683 0
-581 -717 0
-581 -751 0
-581 -785 0
-581 -819 0
-581 -853 0
-581 -887 0
-581 -921 0
-581 -955 0
-581 -989 0
-581 -1023 0
-615 -649 0
-615 -683 0
-615 -717 0
-615 -751 0
-615 -785 0
-615 -819 0
-615 -853 0
-615 -887 0
-615 -921 0
-615 -955 0
-615 -989 0
-615 -1023 0
-649 -683 0
-649 -717 0
-649 -751 0
-649 -785 0
-649 -819 0
-649 -853 0
-649 -887 0
-649 -921 0
-649 -955 0
-649 -989 0
-649 -1023 0
-683 -717 0
-683 -751 0
-683 -785 0
-683 -819 0
-683 -853 0
-683 -887 0
-683 -921 0
-683 -955 0
-683 -989 0
-683 -1023 0
-717 -751 0
-717 -785 0
-717 -819 0
-717 -853 0
-717 -887 0
-717 -921 0
-717 -955 0
-717 -989 0
-717 -1023 0
-751 -785 0
-751 -819 0
-751 -853 0
-751 -887 0
-751 -921 0
-751 -955 0
-751 -989 0
-751 -1023 0
-785 -819 0
-785 -853 0
-785 -887 0
-785 -921 0
-785 -955 0
-785 -989 0
-785 -1023 0
-819 -853 0
-819 -887 0
-819 -921 0
-819 -955 0
-819 -989 0
-819 -1023 0
-853 -887 0
-853 -921 0
-853 -955 0
-853 -989 0
-853 -1023 0
-887 -921 0
-887 -955 0
-887 -989 0
-887 -1023 0
-921 -955 0
-921 -989 0
-921 -1023 0
-955 -989 0
-955 -1023 0
-989 -1023 0
-4 -38 0
-4 -72 0
-4 -106 0
-4 -140 0
-4 -174 0
-4 -208 0
-4 -242 0
-4 -276 0
-4 -310 0
-4 -344 0
-4 -378 0
-4 -412 0
-4 -446 0
-4 -480 0
-4 -514 0
-4 -548 0
-4 -582 0
-4 -616 0
-4 -650 0
-4 -684 0
-4 -718 0
-4 -752 0
-4 -786 0
-4 -820 0
-4 -854 0
-4 -888 0
-4 -922 0
-4 -956 0
-4 -990 0
-38 -72 0
-38 -106 0
-38 -140 0
-38 -174 0
-38 -208 0
-38 -242 0
-38 -276 0
-38 -310 0
-38 -344 0
-38 -378 0
-38 -412 0
-38 -446 0
-38 -480 0
-38 -514 0
-38 -548 0
-38 -582 0
-38 -616 0
-38 -650 0
-38 -684 0
-38 -718 0
-38 -752 0
-38 -786 0
-38 -820 0
-38 -854 0
-38 -888 0
-38 -922 0
-38 -956 0
-38 -990 0
-72 -106 0
-72 -140 0
-72 -174 0
-72 -208 0
-72 -242 0
-72 -276 0
-72 -310 0
-72 -344 0
-72 -378 0
-72 -412 0
-72 -446 0
-72 -480 0
-72 -514 0
-72 -548 0
-72 -582 0
-72 -616 0
-72 -650 0
-72 -684 0
-72 -718 0
-72 -752 0
-72 -786 0
-72 -820 0
-72 -854 0
-72 -888 0
-72 -922 0
-72 -956 0
-72 -990 0
-106 -140 0
-106 -174 0
-106 -208 0
-106 -242 0
-106 -276 0
-106 -310 0
-106 -344 0
-106 -378 0
-106 -412 0
-106 -446 0
-106 -480 0
-106 -514 0
-106 -548 0
-106 -582 0
-106 -616 0
-106 -650 0
-106 -684 0
-106 -718 0
-106 -752 0
-106 -786 0
-106 -820 0
-106 -854 0
-106 -888 0
-106 -922 0
-106 -956 0
-106 -990 0
-140 -174 0
-140 -208 0
-140 -242 0
-140 -276 0
-140 -310 0
-140 -344 0
-140 -378 0
-140 -412 0
-140 -446 0
-140 -480 0
-140 -514 0
-140 -548 0
-140 -582 0
-140 -616 0
-140 -650 0
-140 -684 0
-140 -718 0
-140 -752 0
-140 -786 0
-140 -820 0
-140 -854 0
-140 -888 0
-140 -922 0
-140 -956 0
-140 -990 0
-174 -208 0
-174 -242 0
-174 -276 0
-174 -310 0
-174 -344 0
-174 -378 0
-174 -412 0
-174 -446 0
-174 -480 0
-174 -514 0
-174 -548 0
-174 -582 0
-174 -616 0
-174 -650 0
-174 -684 0
-174 -718 0
-174 -752 0
-174 -786 0
-174 -820 0
-174 -854 0
-174 -888 0
-174 -922 0
-174 -956 0
-174 -990 0
-208 -242 0
-208 -276 0
-208 -310 0
-208 -344 0
-208 -378 0
-208 -412 0
-208 -446 0
-208 -480 0
-208 -514 0
-208 -548 0
-208 -582 0
-208 -616 0
-208 -650 0
-208 -684 0
-208 -718 0
-208 -752 0
-208 -786 0
-208 -820 0
-208 -854 0
-208 -888 0
-208 -922 0
-208 -956 0
-208 -990 0
-242 -276 0
-242 -310 0
-242 -344 0
-242 -378 0
-242 -412 0
-242 -446 0
-242 -480 0
-242 -514 0
-242 -548 0
-242 -582 0
-242 -616 0
-242 -650 0
-242 -684 0
-242 -718 0
-242 -752 0
-242 -786 0
-242 -820 0
-242 -854 0
-242 -888 0
-242 -922 0
-242 -956 0
-242 -990 0
-276 -310 0
-276 -344 0
-276 -378 0
-276 -412 0
-276 -446 0
-276 -480 0
-276 -514 0
-276 -548 0
-276 -582 0
-276 -616 0
-276 -650 0
-276 -684 0
-276 -718 0
-276 -752 0
-276 -786 0
-276 -820 0
-276 -854 0
-276 -888 0
-276 -922 0
-276 -956 0
-276 -990 0
-310 -344 0
-310 -378 0
-310 -412 0
-310 -446 0
-310 -480 0
-310 -514 0
-310 -548 0
-310 -582 0
-310 -616 0
-310 -650 0
-310 -684 0
-310 -718 0
-310 -752 0
-310 -786 0
-310 -820 0
-310 -854 0
-310 -888 0
-310 -922 0
-310 -956 0
-310 -990 0
-344 -378 0
-344 -412 0
-344 -446 0
-344 -480 0
-344 -514 0
-344 -548 0
-344 -582 0
-344 -616 0
-344 -650 0
-344 -684 0
-344 -718 0
-344 -752 0
-344 -786 0
-344 -820 0
-344 -854 0
-344 -888 0
-344 -922 0
-344 -956 0
-344 -990 0
-378 -412 0
-378 -446 0
-378 -480 0
-378 -514 0
-378 -548 0
-378 -582 0
-378 -616 0
-378 -650 0
-378 -684 0
-378 -718 0
-378 -752 0
-378 -786 0
-378 -820 0
-378 -854 0
-378 -888 0
-378 -922 0
-378 -956 0
-378 -990 0
-412 -446 0
-412 -480 0
-412 -514 0
-412 -548 0
-412 -582 0
-412 -616 0
-412 -650 0
-412 -684 0
-412 -718 0
-412 -752 0
-412 -786 0
-412 -820 0
-412 -854 0
-412 -888 0
-412 -922 0
-412 -956 0
-412 -990 0
-446 -480 0
-446 -514 0
-446 -548 0
-446 -582 0
-446 -616 0
-446 -650 0
-446 -684 0
-446 -718 0
-446 -752 0
-446 -786 0
-446 -820 0
-446 -854 0
-446 -888 0
-446 -922 0
-446 -956 0
-446 -990 0
-480 -514 0
-480 -548 0
-480 -582 0
-480 -616 0
-480 -650 0
-480 -684 0
-480 -718 0
-480 -752 0
-480 -786 0
-480 -820 0
-480 -854 0
-480 -888 0
-480 -922 0
-480 -956 0
-480 -990 0
-514 -548 0
-514 -582 0
-514 -616 0
-514 -650 0
-514 -684 0
-514 -718 0
-514 -752 0
-514 -786 0
-514 -820 0
-514 -854 0
-514 -888 0
-514 -922 0
-514 -956 0
-514 -990 0
-548 -582 0
-548 -616 0
-548 -650 0
-548 -684 0
-548 -718 0
-548 -752 0
-548 -786 0
-548 -820 0
-548 -854 0
-548 -888 0
-548 -922 0
-548 -956 0
-548 -990 0
-582 -616 0
-582 -650 0
-582 -684 0
-582 -718 0
-582 -752 0
-582 -786 0
-582 -820 0
-582 -854 0
-582 -888 0
-582 -922 0
-582 -956 0
-582 -990 0
-616 -650 0
-616 -684 0
-616 -718 0
-616 -752 0
-616 -786 0
-616 -820 0
-616 -854 0
-616 -888 0
-616 -922 0
-616 -956 0
-616 -990 0
-650 -684 0
-650 -718 0
-650 -752 0
-650 -786 0
-650 -820 0
-650 -854 0
-650 -888 0
-650 -922 0
-650 -956 0
-650 -990 0
-684 -718 0
-684 -752 0
-684 -786 0
-684 -820 0
-684 -854 0
-684 -888 0
-684 -922 0
-684 -956 0
-684 -990 0
-718 -752 0
-718 -786 0
-718 -820 0
-718 -854 0
-718 -888 0
-718 -922 0
-718 -956 0
-718 -990 0
-752 -786 0
-752 -820 0
-752 -854 0
-752 -888 0
-752 -922 0
-752 -956 0
-752 -990 0
-786 -820 0
-786 -854 0
-786 -888 0
-786 -922 0
-786 -956 0
-786 -990 0
-820 -854 0
-820 -888 0
-820 -922 0
-820 -956 0
-820 -990 0
-854 -888 0
-854 -922 0
-854 -956 0
-854 -990 0
-888 -922 0
-888 -956 0
-888 -990 0
-922 -956 0
-922 -990 0
-956 -990 0
-5 -39 0
-5 -73 0
-5 -107 0
-5 -141 0
-5 -175 0
-5 -209 0
-5 -243 0
-5 -277 0
-5 -311 0
-5 -345 0
-5 -379 0
-5 -413 0
-5 -447 0
-5 -481 0
-5 -515 0
-5 -549 0
-5 -583 0
-5 -617 0
-5 -651 0
-5 -685 0
-5 -719 0
-5 -753 0
-5 -787 0
-5 -821 0
-5 -855 0
-5 -889 0
-5 -923 0
-5 -957 0
-39 -73 0
-39 -107 0
-39 -141 0
-39 -175 0
-39 -209 0
-39 -243 0
-39 -277 0
-39 -311 0
-39 -345 0
-39 -379 0
-39 -413 0
-39 -447 0
-39 -481 0
-39 -515 0
-39 -549 0
-39 -583 0
-39 -617 0
-39 -651 0
-39 -685 0
-39 -719 0
-39 -753 0
-39 -787 0
-39 -821 0
-39 -855 0
-39 -889 0
-39 -923 0
-39 -957 0
-73 -107 0
-73 -141 0
-73 -175 0
-73 -209 0
-73 -243 0
-73 -277 0
-73 -311 0
-73 -345 0
-73 -379 0
-73 -413 0
-73 -447 0
-73 -481 0
-73 -515 0
-73 -549 0
-73 -583 0
-73 -617 0
-73 -651 0
-73 -685 0
-73 -719 0
-73 -753 0
-73 -787 0
-73 -821 0
-73 -855 0
-73 -889 0
-73 -923 0
-73 -957 0
-107 -141 0
-107 -175 0
-107 -209 0
-107 -243 0
-107 -277 0
-107 -311 0
-107 -345 0
-107 -379 0
-107 -413 0
-107 -447 0
-107 -481 0
-107 -515 0
-107 -549 0
-107 -583 0
-107 -617 0
-107 -651 0
-107 -685 0
-107 -719 0
-107 -753 0
-107 -787 0
-107 -821 0
-107 -855 0
-107 -889 0
-107 -923 0
-107 -957 0
-141 -175 0
-141 -209 0
-141 -243 0
-141 -277 0
-141 -311 0
-141 -345 0
-141 -379 0
-141 -413 0
-141 -447 0
-141 -481 0
-141 -515 0
-141 -549 0
-141 -583 0
-141 -617 0
-141 -651 0
-141 -685 0
-141 -719 0
-141 -753 0
-141 -787 0
-141 -821 0
-141 -855 0
-141 -889 0
-141 -923 0
-141 -957 0
-175 -209 0
-175 -243 0
-175 -277 0
-175 -311 0
-175 -345 0
-175 -379 0
-175 -413 0
-175 -447 0
-175 -481 0
-175 -515 0
-175 -549 0
-175 -583 0
-175 -617 0
-175 -651 0
-175 -685 0
-175 -719 0
-175 -753 0
-175 -787 0
-175 -821 0
-175 -855 0
-175 -889 0
-175 -923 0
-175 -957 0
-209 -243 0
-209 -277 0
-209 -311 0
-209 -345 0
-209 -379 0
-209 -413 0
-209 -447 0
-209 -481 0
-209 -515 0
-209 -549 0
-209 -583 0
-209 -617 0
-209 -651 0
-209 -685 0
-209 -719 0
-209 -753 0
-209 -787 0
-209 -821 0
-209 -855 0
-209 -889 0
-209 -923 0
-209 -957 0
-243 -277 0
-243 -311 0
-243 -345 0
-243 -379 0
-243 -413 0
-243 -447 0
-243 -481 0
-243 -515 0
-243 -549 0
-243 -583 0
-243 -617 0
-243 -651 0
-243 -685 0
-243 -719 0
-243 -753 0
-243 -787 0
-243 -821 0
-243 -855 0
-243 -889 0
-243 -923 0
-243 -957 0
-277 -311 0
-277 -345 0
-277 -379 0
-277 -413 0
-277 -447 0
-277 -481 0
-277 -515 0
-277 -549 0
-277 -583 0
-277 -617 0
-277 -651 0
-277 -685 0
-277 -719 0
-277 -753 0
-277 -787 0
-277 -821 0
-277 -855 0
-277 -889 0
-277 -923 0
-277 -957 0
-311 -345 0
-311 -379 0
-311 -413 0
-311 -447 0
-311 -481 0
-311 -515 0
-311 -549 0
-311 -583 0
-311 -617 0
-311 -651 0
-311 -685 0
-311 -719 0
-311 -753 0
-311 -787 0
-311 -821 0
-311 -855 0
-311 -889 0
-311 -923 0
-311 -957 0
-345 -379 0
-345 -413 0
-345 -447 0
-345 -481 0
-345 -515 0
-345 -549 0
-345 -583 0
-345 -617 0
-345 -651 0
-345 -685 0
-345 -719 0
-345 -753 0
-345 -787 0
-345 -821 0
-345 -855 0
-345 -889 0
-345 -923 0
-345 -957 0
-379 -413 0
-379 -447 0
-379 -481 0
-379 -515 0
-379 -549 0
-379 -583 0
-379 -617 0
-379 -651 0
-379 -685 0
-379 -719 0
-379 -753 0
-379 -787 0
-379 -821 0
-379 -855 0
-379 -889 0
-379 -923 0
-379 -957 0
-413 -447 0
-413 -481 0
-413 -515 0
-413 -549 0
-413 -583 0
-413 -617 0
-413 -651 0
-413 -685 0
-413 -719 0
-413 -753 0
-413 -787 0
-413 -821 0
-413 -855 0
-413 -889 0
-413 -923 0
-413 -957 0
-447 -481 0
-447 -515 0
-447 -549 0
-447 -583 0
-447 -617 0
-447 -651 0
-447 -685 0
-447 -719 0
-447 -753 0
-447 -787 0
-447 -821 0
-447 -855 0
-447 -889 0
-447 -923 0
-447 -957 0
-481 -515 0
-481 -549 0
-481 -583 0
-481 -617 0
-481 -651 0
-481 -685 0
-481 -719 0
-481 -753 0
-481 -787 0
-481 -821 0
-481 -855 0
-481 -889 0
-481 -923 0
-481 -957 0
-515 -549 0
-515 -583 0
-515 -617 0
-515 -651 0
-515 -685 0
-515 -719 0
-515 -753 0
-515 -787 0
-515 -821 0
-515 -855 0
-515 -889 0
-515 -923 0
-515 -957 0
-549 -583 0
-549 -617 0
-549 -651 0
-549 -685 0
-549 -719 0
-549 -753 0
-549 -787 0
-549 -821 0
-549 -855 0
-549 -889 0
-549 -923 0
-549 -957 0
-583 -617 0
-583 -651 0
-583 -685 0
-583 -719 0
-583 -753 0
-583 -787 0
-583 -821 0
-583 -855 0
-583 -889 0
-583 -923 0
-583 -957 0
-617 -651 0
-617 -685 0
-617 -719 0
-617 -753 0
-617 -787 0
-617 -821 0
-617 -855 0
-617 -889 0
-617 -923 0
-617 -957 0
-651 -685 0
-651 -719 0
-651 -753 0
-651 -787 0
-651 -821 0
-651 -855 0
-651 -889 0
-651 -923 0
-651 -957 0
-685 -719 0
-685 -753 0
-685 -787 0
-685 -821 0
-685 -855 0
-685 -889 0
-685 -923 0
-685 -957 0
-719 -753 0
-719 -787 0
-719 -821 0
-719 -855 0
-719 -889 0
-719 -923 0
-719 -957 0
-753 -787 0
-753 -821 0
-753 -855 0
-753 -889 0
-753 -923 0
-753 -957 0
-787 -821 0
-787 -855 0
-787 -889 0
-787 -923 0
-787 -957 0
-821 -855 0
-821 -889 0
-821 -923 0
-821 -957 0
-855 -889 0
-855 -923 0
-855 -957 0
-889 -923 0
-889 -957 0
-923 -957 0
-6 -40 0
-6 -74 0
-6 -108 0
-6 -142 0
-6 -176 0
-6 -210 0
-6 -244 0
-6 -278 0
-6 -312 0
-6 -346 0
-6 -380 0
-6 -414 0
-6 -448 0
-6 -482 0
-6 -516 0
-6 -550 0
-6 -584 0
-6 -618 0
-6 -652 0
-6 -686 0
-6 -720 0
-6 -754 0
-6 -788 0
-6 -822 0
-6 -856 0
-6 -890 0
-6 -924 0
-40 -74 0
-40 -108 0
-40 -142 0
-40 -176 0
-40 -210 0
-40 -244 0
-40 -278 0
-40 -312 0
-40 -346 0
-40 -380 0
-40 -414 0
-40 -448 0
-40 -482 0
-40 -516 0
-40 -550 0
-40 -584 0
-40 -618 0
-40 -652 0
-40 -686 0
-40 -720 0
-40 -754 0
-40 -788 0
-40 -822 0
-40 -856 0
-40 -890 0
-40 -924 0
-74 -108 0
-74 -142 0
-74 -176 0
-74 -210 0
-74 -244 0
-74 -278 0
-74 -312 0
-74 -346 0
-74 -380 0
-74 -414 0
-74 -448 0
-74 -482 0
-74 -516 0
-74 -550 0
-74 -584 0
-74 -618 0
-74 -652 0
-74 -686 0
-74 -720 0
-74 -754 0
-74 -788 0
-74 -822 0
-74 -856 0
-74 -890 0
-74 -924 0
-108 -142 0
-108 -176 0
-108 -210 0
-108 -244 0
-108 -278 0
-108 -312 0
-108 -346 0
-108 -380 0
-108 -414 0
-108 -448 0
-108 -482 0
-108 -516 0
-108 -550 0
-108 -584 0
-108 -618 0
-108 -652 0
-108 -686 0
-108 -720 0
-108 -754 0
-108 -788 0
-108 -822 0
-108 -856 0
-108 -890 0
-108 -924 0
-142 -176 0
-142 -210 0
-142 -244 0
-142 -278 0
-142 -312 0
-142 -346 0
-142 -380 0
-142 -414 0
-142 -448 0
-142 -482 0
-142 -516 0
-142 -550 0
-142 -584 0
-142 -618 0
-142 -652 0
-142 -686 0
-142 -720 0
-142 -754 0
-142 -788 0
-142 -822 0
-142 -856 0
-142 -890 0
-142 -924 0
-176 -210 0
-176 -244 0
-176 -278 0
-176 -312 0
-176 -346 0
-176 -380 0
-176 -414 0
-176 -448 0
-176 -482 0
-176 -516 0
-176 -550 0
-176 -584 0
-176 -618 0
-176 -652 0
-176 -686 0
-176 -720 0
-176 -754 0
-176 -788 0
-176 -822 0
-176 -856 0
-176 -890 0
-176 -924 0
-210 -244 0
-210 -278 0
-210 -312 0
-210 -346 0
-210 -380 0
-210 -414 0
-210 -448 0
-210 -482 0
-210 -516 0
-210 -550 0
-210 -584 0
-210 -618 0
-210 -652 0
-210 -686 0
-210 -720 0
-210 -754 0
-210 -788 0
-210 -822 0
-210 -856 0
-210 -890 0
-210 -924 0
-244 -278 0
-244 -312 0
-244 -346 0
-244 -380 0
-244 -414 0
-244 -448 0
-244 -482 0
-244 -516 0
-244 -550 0
-244 -584 0
-244 -618 0
-244 -652 0
-244 -686 0
-244 -720 0
-244 -754 0
-244 -788 0
-244 -822 0
-244 -856 0
-244 -890 0
-244 -924 0
-278 -312 0
-278 -346 0
-278 -380 0
-278 -414 0
-278 -448 0
-278 -482 0
-278 -516 0
-278 -550 0
-278 -584 0
-278 -618 0
-278 -652 0
-278 -686 0
-278 -720 0
-278 -754 0
-278 -788 0
-278 -822 0
-278 -856 0
-278 -890 0
-278 -924 0
-312 -346 0
-312 -380 0
-312 -414 0
-312 -448 0
-312 -482 0
-312 -516 0
-312 -550 0
-312 -584 0
-312 -618 0
-312 -652 0
-312 -686 0
-312 -720 0
-312 -754 0
-312 -788 0
-312 -822 0
-312 -856 0
-312 -890 0
-312 -924 0
-346 -380 0
-346 -414 0
-346 -448 0
-346 -482 0
-346 -516 0
-346 -550 0
-346 -584 0
-346 -618 0
-346 -652 0
-346 -686 0
-346 -720 0
-346 -754 0
-346 -788 0
-346 -822 0
-346 -856 0
-346 -890 0
-346 -924 0
-380 -414 0
-380 -448 0
-380 -482 0
-380 -516 0
-380 -550 0
-380 -584 0
-380 -618 0
-380 -652 0
-380 -686 0
-380 -720 0
-380 -754 0
-380 -788 0
-380 -822 0
-380 -856 0
-380 -890 0
-380 -924 0
-414 -448 0
-414 -482 0
-414 -516 0
-414 -550 0
-414 -584 0
-414 -618 0
-414 -652 0
-414 -686 0
-414 -720 0
-414 -754 0
-414 -788 0
-414 -822 0
-414 -856 0
-414 -890 0
-414 -924 0
-448 -482 0
-448 -516 0
-448 -550 0
-448 -584 0
-448 -618 0
-448 -652 0
-448 -686 0
-448 -720 0
-448 -754 0
-448 -788 0
-448 -822 0
-448 -856 0
-448 -890 0
-448 -924 0
-482 -516 0
-482 -550 0
-482 -584 0
-482 -618 0
-482 -652 0
-482 -686 0
-482 -720 0
-482 -754 0
-482 -788 0
-482 -822 0
-482 -856 0
-482 -890 0
-482 -924 0
-516 -550 0
-516 -584 0
-516 -618 0
-516 -652 0
-516 -686 0
-516 -720 0
-516 -754 0
-516 -788 0
-516 -822 0
-516 -856 0
-516 -890 0
-516 -924 0
-550 -584 0
-550 -618 0
-550 -652 0
-550 -686 0
-550 -720 0
-550 -754 0
-550 -788 0
-550 -822 0
-550 -856 0
-550 -890 0
-550 -924 0
-584 -618 0
-584 -652 0
-584 -686 0
-584 -720 0
-584 -754 0
-584 -788 0
-584 -822 0
-584 -856 0
-584 -890 0
-584 -924 0
-618 -652 0
-618 -686 0
-618 -720 0
-618 -754 0
-618 -788 0
-618 -822 0
-618 -856 0
-618 -890 0
-618 -924 0
-652 -686 0
-652 -720 0
-652 -754 0
-652 -788 0
-652 -822 0
-652 -856 0
-652 -890 0
-652 -924 0
-686 -720 0
-686 -754 0
-686 -788 0
-686 -822 0
-686 -856 0
-686 -890 0
-686 -924 0
-720 -754 0
-720 -788 0
-720 -822 0
-720 -856 0
-720 -890 0
-720 -924 0
-754 -788 0
-754 -822 0
-754 -856 0
-754 -890 0
-754 -924 0
-788 -822 0
-788 -856 0
-788 -890 0
-788 -924 0
-822 -856 0
-822 -890 0
-822 -924 0
-856 -890 0
-856 -924 0
-890 -924 0
-7 -41 0
-7 -75 0
-7 -109 0
-7 -143 0
-7 -177 0
-7 -211 0
-7 -245 0
-7 -279 0
-7 -313 0
-7 -347 0
-7 -381 0
-7 -415 0
-7 -449 0
-7 -483 0
-7 -517 0
-7 -551 0
-7 -585 0
-7 -619 0
-7 -653 0
-7 -687 0
-7 -721 0
-7 -755 0
-7 -789 0
-7 -823 0
-7 -857 0
-7 -891 0
-41 -75 0
-41 -109 0
-41 -143 0
-41 -177 0
-41 -211 0
-41 -245 0
-41 -279 0
-41 -313 0
-41 -347 0
-41 -381 0
-41 -415 0
-41 -449 0
-41 -483 0
-41 -517 0
-41 -551 0
-41 -585 0
-41 -619 0
-41 -653 0
-41 -687 0
-41 -721 0
-41 -755 0
-41 -789 0
-41 -823 0
-41 -857 0
-41 -891 0
-75 -109 0
-75 -143 0
-75 -177 0
-75 -211 0
-75 -245 0
-75 -279 0
-75 -313 0
-75 -347 0
-75 -381 0
-75 -415 0
-75 -449 0
-75 -483 0
-75 -517 0
-75 -551 0
-75 -585 0
-75 -619 0
-75 -653 0
-75 -687 0
-75 -721 0
-75 -755 0
-75 -789 0
-75 -823 0
-75 -857 0
-75 -891 0
-109 -143 0
-109 -177 0
-109 -211 0
-109 -245 0
-109 -279 0
-109 -313 0
-109 -347 0
-109 -381 0
-109 -415 0
-109 -449 0
-109 -483 0
-109 -517 0
-109 -551 0
-109 -585 0
-109 -619 0
-109 -653 0
-109 -687 0
-109 -721 0
-109 -755 0
-109 -789 0
-109 -823 0
-109 -857 0
-109 -891 0
-143 -177 0
-143 -211 0
-143 -245 0
-143 -279 0
-143 -313 0
-143 -347 0
-143 -381 0
-143 -415 0
-143 -449 0
-143 -483 0
-143 -517 0
-143 -551 0
-143 -585 0
-143 -619 0
-143 -653 0
-143 -687 0
-143 -721 0
-143 -755 0
-143 -789 0
-143 -823 0
-143 -857 0
-143 -891 0
-177 -211 0
-177 -245 0
-177 -279 0
-177 -313 0
-177 -347 0
-177 -381 0
-177 -415 0
-177 -449 0
-177 -483 0
-177 -517 0
-177 -551 0
-177 -585 0
-177 -619 0
-177 -653 0
-177 -687 0
-177 -721 0
-177 -755 0
-177 -789 0
-177 -823 0
-177 -857 0
-177 -891 0
-211 -245 0
-211 -279 0
-211 -313 0
-211 -347 0
-211 -381 0
-211 -415 0
-211 -449 0
-211 -483 0
-211 -517 0
-211 -551 0
-211 -585 0
-211 -619 0
-211 -653 0
-211 -687 0
-211 -721 0
-211 -755 0
-211 -789 0
-211 -823 0
-211 -857 0
-211 -891 0
-245 -279 0
-245 -313 0
-245 -347 0
-245 -381 0
-245 -415 0
-245 -449 0
-245 -483 0
-245 -517 0
-245 -551 0
-245 -585 0
-245 -619 0
-245 -653 0
-245 -687 0
-245 -721 0
-245 -755 0
-245 -789 0
-245 -823 0
-245 -857 0
-245 -891 0
-279 -313 0
-279 -347 0
-279 -381 0
-279 -415 0
-279 -449 0
-279 -483 0
-279 -517 0
-279 -551 0
-279 -585 0
-279 -619 0
-279 -653 0
-279 -687 0
-279 -721 0
-279 -755 0
-279 -789 0
-279 -823 0
-279 -857 0
-279 -891 0
-313 -347 0
-313 -381 0
-313 -415 0
-313 -449 0
-313 -483 0
-313 -517 0
-313 -551 0
-313 -585 0
-313 -619 0
-313 -653 0
-313 -687 0
-313 -721 0
-313 -755 0
-313 -789 0
-313 -823 0
-313 -857 0
-313 -891 0
-347 -381 0
-347 -415 0
-347 -449 0
-347 -483 0
-347 -517 0
-347 -551 0
-347 -585 0
-347 -619 0
-347 -653 0
-347 -687 0
-347 -721 0
-347 -755 0
-347 -789 0
-347 -823 0
-347 -857 0
-347 -891 0
-381 -415 0
-381 -449 0
-381 -483 0
-381 -517 0
-381 -551 0
-381 -585 0
-381 -619 0
-381 -653 0
-381 -687 0
-381 -721 0
-381 -755 0
-381 -789 0
-381 -823 0
-381 -857 0
-381 -891 0
-415 -449 0
-415 -483 0
-415 -517 0
-415 -551 0
-415 -585 0
-415 -619 0
-415 -653 0
-415 -687 0
-415 -721 0
-415 -755 0
-415 -789 0
-415 -823 0
-415 -857 0
-415 -891 0
-449 -483 0
-449 -517 0
-449 -551 0
-449 -585 0
-449 -619 0
-449 -653 0
-449 -687 0
-449 -721 0
-449 -755 0
-449 -789 0
-449 -823 0
-449 -857 0
-449 -891 0
-483 -517 0
-483 -551 0
-483 -585 0
-483 -619 0
-483 -653 0
-483 -687 0
-483 -721 0
-483 -755 0
-483 -789 0
-483 -823 0
-483 -857 0
-483 -891 0
-517 -551 0
-517 -585 0
-517 -619 0
-517 -653 0
-517 -687 0
-517 -721 0
-517 -755 0
-517 -789 0
-517 -823 0
-517 -857 0
-517 -891 0
-551 -585 0
-551 -619 0
-551 -653 0
-551 -687 0
-551 -721 0
-551 -755 0
-551 -789 0
-551 -823 0
-551 -857 0
-551 -891 0
-585 -619 0
-585 -653 0
-585 -687 0
-585 -721 0
-585 -755 0
-585 -789 0
-585 -823 0
-585 -857 0
-585 -891 0
-619 -653 0
-619 -687 0
-619 -721 0
-619 -755 0
-619 -789 0
-619 -823 0
-619 -857 0
-619 -891 0
-653 -687 0
-653 -721 0
-653 -755 0
-653 -789 0
-653 -823 0
-653 -857 0
-653 -891 0
-687 -721 0
-687 -755 0
-687 -789 0
-687 -823 0
-687 -857 0
-687 -891 0
-721 -755 0
-721 -789 0
-721 -823 0
-721 -857 0
-721 -891 0
-755 -789 0
-755 -823 0
-755 -857 0
-755 -891 0
-789 -823 0
-789 -857 0
-789 -891 0
-823 -857 0
-823 -891 0
-857 -891 0
-8 -42 0
-8 -76 0
-8 -110 0
-8 -144 0
-8 -178 0
-8 -212 0
-8 -246 0
-8 -280 0
-8 -314 0
-8 -348 0
-8 -382 0
-8 -416 0
-8 -450 0
-8 -484 0
-8 -518 0
-8 -552 0
-8 -586 0
-8 -620 0
-8 -654 0
-8 -688 0
-8 -722 0
-8 -756 0
-8 -790 0
-8 -824 0
-8 -858 0
-42 -76 0
-42 -110 0
-42 -144 0
-42 -178 0
-42 -212 0
-42 -246 0
-42 -280 0
-42 -314 0
-42 -348 0
-42 -382 0
-42 -416 0
-42 -450 0
-42 -484 0
-42 -518 0
-42 -552 0
-42 -586 0
-42 -620 0
-42 -654 0
-42 -688 0
-42 -722 0
-42 -756 0
-42 -790 0
-42 -824 0
-42 -858 0
-76 -110 0
-76 -144 0
-76 -178 0
-76 -212 0
-76 -246 0
-76 -280 0
-76 -314 0
-76 -348 0
-76 -382 0
-76 -416 0
-76 -450 0
-76 -484 0
-76 -518 0
-76 -552 0
-76 -586 0
-76 -620 0
-76 -654 0
-76 -688 0
-76 -722 0
-76 -756 0
-76 -790 0
-76 -824 0
-76 -858 0
-110 -144 0
-110 -178 0
-110 -212 0
-110 -246 0
-110 -280 0
-110 -314 0
-110 -348 0
-110 -382 0
-110 -416 0
-110 -450 0
-110 -484 0
-110 -518 0
-110 -552 0
-110 -586 0
-110 -620 0
-110 -654 0
-110 -688 0
-110 -722 0
-110 -756 0
-110 -790 0
-110 -824 0
-110 -858 0
-144 -178 0
-144 -212 0
-144 -246 0
-144 -280 0
-144 -314 0
-144 -348 0
-144 -382 0
-144 -416 0
-144 -450 0
-144 -484 0
-144 -518 0
-144 -552 0
-144 -586 0
-144 -620 0
-144 -654 0
-144 -688 0
-144 -722 0
-144 -756 0
-144 -790 0
-144 -824 0
-144 -858 0
-178 -212 0
-178 -246 0
-178 -280 0
-178 -314 0
-178 -348 0
-178 -382 0
-178 -416 0
-178 -450 0
-178 -484 0
-178 -518 0
-178 -552 0
-178 -586 0
-178 -620 0
-178 -654 0
-178 -688 0
-178 -722 0
-178 -756 0
-178 -790 0
-178 -824 0
-178 -858 0
-212 -246 0
-212 -280 0
-212 -314 0
-212 -348 0
-212 -382 0
-212 -416 0
-212 -450 0
-212 -484 0
-212 -518 0
-212 -552 0
-212 -586 0
-212 -620 0
-212 -654 0
-212 -688 0
-212 -722 0
-212 -756 0
-212 -790 0
-212 -824 0
-212 -858 0
-246 -280 0
-246 -314 0
-246 -348 0
-246 -382 0
-246 -416 0
-246 -450 0
-246 -484 0
-246 -518 0
-246 -552 0
-246 -586 0
-246 -620 0
-246 -654 0
-246 -688 0
-246 -722 0
-246 -756 0
-246 -790 0
-246 -824 0
-246 -858 0
-280 -314 0
-280 -348 0
-280 -382 0
-280 -416 0
-280 -450 0
-280 -484 0
-280 -518 0
-280 -552 0
-280 -586 0
-280 -620 0
-280 -654 0
-280 -688 0
-280 -722 0
-280 -756 0
-280 -790 0
-280 -824 0
-280 -858 0
-314 -348 0
-314 -382 0
-314 -416 0
-314 -450 0
-314 -484 0
-314 -518 0
-314 -552 0
-314 -586 0
-314 -620 0
-314 -654 0
-314 -688 0
-314 -722 0
-314 -756 0
-314 -790 0
-314 -824 0
-314 -858 0
-348 -382 0
-348 -416 0
-348 -450 0
-348 -484 0
-348 -518 0
-348 -552 0
-348 -586 0
-348 -620 0
-348 -654 0
-348 -688 0
-348 -722 0
-348 -756 0
-348 -790 0
-348 -824 0
-348 -858 0
-382 -416 0
-382 -450 0
-382 -484 0
-382 -518 0
-382 -552 0
-382 -586 0
-382 -620 0
-382 -654 0
-382 -688 0
-382 -722 0
-382 -756 0
-382 -790 0
-382 -824 0
-382 -858 0
-416 -450 0
-416 -484 0
-416 -518 0
-416 -552 0
-416 -586 0
-416 -620 0
-416 -654 0
-416 -688 0
-416 -722 0
-416 -756 0
-416 -790 0
-416 -824 0
-416 -858 0
-450 -484 0
-450 -518 0
-450 -552 0
-450 -586 0
-450 -620 0
-450 -654 0
-450 -688 0
-450 -722 0
-450 -756 0
-450 -790 0
-450 -824 0
-450 -858 0
-484 -518 0
-484 -552 0
-484 -586 0
-484 -620 0
-484 -654 0
-484 -688 0
-484 -722 0
-484 -756 0
-484 -790 0
-484 -824 0
-484 -858 0
-518 -552 0
-518 -586 0
-518 -620 0
-518 -654 0
-518 -688 0
-518 -722 0
-518 -756 0
-518 -790 0
-518 -824 0
-518 -858 0
-552 -586 0
-552 -620 0
-552 -654 0
-552 -688 0
-552 -722 0
-552 -756 0
-552 -790 0
-552 -824 0
-552 -858 0
-586 -620 0
-586 -654 0
-586 -688 0
-586 -722 0
-586 -756 0
-586 -790 0
-586 -824 0
-586 -858 0
-620 -654 0
-620 -688 0
-620 -722 0
-620 -756 0
-620 -790 0
-620 -824 0
-620 -858 0
-654 -688 0
-654 -722 0
-654 -756 0
-654 -790 0
-654 -824 0
-654 -858 0
-688 -722 0
-688 -756 0
-688 -790 0
-688 -824 0
-688 -858 0
-722 -756 0
-722 -790 0
-722 -824 0
-722 -858 0
-756 -790 0
-756 -824 0
-756 -858 0
-790 -824 0
-790 -858 0
-824 -858 0
-9 -43 0
-9 -77 0
-9 -111 0
-9 -145 0
-9 -179 0
-9 -213 0
-9 -247 0
-9 -281 0
-9 -315 0
-9 -349 0
-9 -383 0
-9 -417 0
-9 -451 0
-9 -485 0
-9 -519 0
-9 -553 0
-9 -587 0
-9 -621 0
-9 -655 0
-9 -689 0
-9 -723 0
-9 -757 0
-9 -791 0
-9 -825 0
-43 -77 0
-43 -111 0
-43 -145 0
-43 -179 0
-43 -213 0
-43 -247 0
-43 -281 0
-43 -315 0
-43 -349 0
-43 -383 0
-43 -417 0
-43 -451 0
-43 -485 0
-43 -519 0
-43 -553 0
-43 -587 0
-43 -621 0
-43 -655 0
-43 -689 0
-43 -723 0
-43 -757 0
-43 -791 0
-43 -825 0
-77 -111 0
-77 -145 0
-77 -179 0
-77 -213 0
-77 -247 0
-77 -281 0
-77 -315 0
-77 -349 0
-77 -383 0
-77 -417 0
-77 -451 0
-77 -485 0
-77 -519 0
-77 -553 0
-77 -587 0
-77 -621 0
-77 -655 0
-77 -689 0
-77 -723 0
-77 -757 0
-77 -791 0
-77 -825 0
-111 -145 0
-111 -179 0
-111 -213 0
-111 -247 0
-111 -281 0
-111 -315 0
-111 -349 0
-111 -383 0
-111 -417 0
-111 -451 0
-111 -485 0
-111 -519 0
-111 -553 0
-111 -587 0
-111 -621 0
-111 -655 0
-111 -689 0
-111 -723 0
-111 -757 0
-111 -791 0
-111 -825 0
-145 -179 0
-145 -213 0
-145 -247 0
-145 -281 0
-145 -315 0
-145 -349 0
-145 -383 0
-145 -417 0
-145 -451 0
-145 -485 0
-145 -519 0
-145 -553 0
-145 -587 0
-145 -621 0
-145 -655 0
-145 -689 0
-145 -723 0
-145 -757 0
-145 -791 0
-145 -825 0
-179 -213 0
-179 -247 0
-179 -281 0
-179 -315 0
-179 -349 0
-179 -383 0
-179 -417 0
-179 -451 0
-179 -485 0
-179 -519 0
-179 -553 0
-179 -587 0
-179 -621 0
-179 -655 0
-179 -689 0
-179 -723 0
-179 -757 0
-179 -791 0
-179 -825 0
-213 -247 0
-213 -281 0
-213 -315 0
-213 -349 0
-213 -383 0
-213 -417 0
-213 -451 0
-213 -485 0
-213 -519 0
-213 -553 0
-213 -587 0
-213 -621 0
-213 -655 0
-213 -689 0
-213 -723 0
-213 -757 0
-213 -791 0
-213 -825 0
-247 -281 0
-247 -315 0
-247 -349 0
-247 -383 0
-247 -417 0
-247 -451 0
-247 -485 0
-247 -519 0
-247 -553 0
-247 -587 0
-247 -621 0
-247 -655 0
-247 -689 0
-247 -723 0
-247 -757 0
-247 -791 0
-247 -825 0
-281 -315 0
-281 -349 0
-281 -383 0
-281 -417 0
-281 -451 0
-281 -485 0
-281 -519 0
-281 -553 0
-281 -587 0
-281 -621 0
-281 -655 0
-281 -689 0
-281 -723 0
-281 -757 0
-281 -791 0
-281 -825 0
-315 -349 0
-315 -383 0
-315 -417 0
-315 -451 0
-315 -485 0
-315 -519 0
-315 -553 0
-315 -587 0
-315 -621 0
-315 -655 0
-315 -689 0
-315 -723 0
-315 -757 0
-315 -791 0
-315 -825 0
-349 -383 0
-349 -417 0
-349 -451 0
-349 -485 0
-349 -519 0
-349 -553 0
-349 -587 0
-349 -621 0
-349 -655 0
-349 -689 0
-349 -723 0
-349 -757 0
-349 -791 0
-349 -825 0
-383 -417 0
-383 -451 0
-383 -485 0
-383 -519 0
-383 -553 0
-383 -587 0
-383 -621 0
-383 -655 0
-383 -689 0
-383 -723 0
-383 -757 0
-383 -791 0
-383 -825 0
-417 -451 0
-417 -485 0
-417 -519 0
-417 -553 0
-417 -587 0
-417 -621 0
-417 -655 0
-417 -689 0
-417 -723 0
-417 -757 0
-417 -791 0
-417 -825 0
-451 -485 0
-451 -519 0
-451 -553 0
-451 -587 0
-451 -621 0
-451 -655 0
-451 -689 0
-451 -723 0
-451 -757 0
-451 -791 0
-451 -825 0
-485 -519 0
-485 -553 0
-485 -587 0
-485 -621 0
-485 -655 0
-485 -689 0
-485 -723 0
-485 -757 0
-485 -791 0
-485 -825 0
-519 -553 0
-519 -587 0
-519 -621 0
-519 -655 0
-519 -689 0
-519 -723 0
-519 -757 0
-519 -791 0
-519 -825 0
-553 -587 0
-553 -621 0
-553 -655 0
-553 -689 0
-553 -723 0
-553 -757 0
-553 -791 0
-553 -825 0
-587 -621 0
-587 -655 0
-587 -689 0
-587 -723 0
-587 -757 0
-587 -791 0
-587 -825 0
-621 -655 0
-621 -689 0
-621 -723 0
-621 -757 0
-621 -791 0
-621 -825 0
-655 -689 0
-655 -723 0
-655 -757 0
-655 -791 0
-655 -825 0
-689 -723 0
-689 -757 0
-689 -791 0
-689 -825 0
-723 -757 0
-723 -791 0
-723 -825 0
-757 -791 0
-757 -825 0
-791 -825 0
-10 -44 0
-10 -78 0
-10 -112 0
-10 -146 0
-10 -180 0
-10 -214 0
-10 -248 0
-10 -282 0
-10 -316 0
-10 -350 0
-10 -384 0
-10 -418 0
-10 -452 0
-10 -486 0
-10 -520 0
-10 -554 0
-10 -588 0
-10 -622 0
-10 -656 0
-10 -690 0
-10 -724 0
-10 -758 0
-10 -792 0
-44 -78 0
-44 -112 0
-44 -146 0
-44 -180 0
-44 -214 0
-44 -248 0
-44 -282 0
-44 -316 0
-44 -350 0
-44 -384 0
-44 -418 0
-44 -452 0
-44 -486 0
-44 -520 0
-44 -554 0
-44 -588 0
-44 -622 0
-44 -656 0
-44 -690 0
-44 -724 0
-44 -758 0
-44 -792 0
-78 -112 0
-78 -146 0
-78 -180 0
-78 -214 0
-78 -248 0
-78 -282 0
-78 -316 0
-78 -350 0
-78 -384 0
-78 -418 0
-78 -452 0
-78 -486 0
-78 -520 0
-78 -554 0
-78 -588 0
-78 -622 0
-78 -656 0
-78 -690 0
-78 -724 0
-78 -758 0
-78 -792 0
-112 -146 0
-112 -180 0
-112 -214 0
-112 -248 0
-112 -282 0
-112 -316 0
-112 -350 0
-112 -384 0
-112 -418 0
-112 -452 0
-112 -486 0
-112 -520 0
-112 -554 0
-112 -588 0
-112 -622 0
-112 -656 0
-112 -690 0
-112 -724 0
-112 -758 0
-112 -792 0
-146 -180 0
-146 -214 0
-146 -248 0
-146 -282 0
-146 -316 0
-146 -350 0
-146 -384 0
-146 -418 0
-146 -452 0
-146 -486 0
-146 -520 0
-146 -554 0
-146 -588 0
-146 -622 0
-146 -656 0
-146 -690 0
-146 -724 0
-146 -758 0
-146 -792 0
-180 -214 0
-180 -248 0
-180 -282 0
-180 -316 0
-180 -350 0
-180 -384 0
-180 -418 0
-180 -452 0
-180 -486 0
-180 -520 0
-180 -554 0
-180 -588 0
-180 -622 0
-180 -656 0
-180 -690 0
-180 -724 0
-180 -758 0
-180 -792 0
-214 -248 0
-214 -282 0
-214 -316 0
-214 -350 0
-214 -384 0
-214 -418 0
-214 -452 0
-214 -486 0
-214 -520 0
-214 -554 0
-214 -588 0
-214 -622 0
-214 -656 0
-214 -690 0
-214 -724 0
-214 -758 0
-214 -792 0
-248 -282 0
-248 -316 0
-248 -350 0
-248 -384 0
-248 -418 0
-248 -452 0
-248 -486 0
-248 -520 0
-248 -554 0
-248 -588 0
-248 -622 0
-248 -656 0
-248 -690 0
-248 -724 0
-248 -758 0
-248 -792 0
-282 -316 0
-282 -350 0
-282 -384 0
-282 -418 0
-282 -452 0
-282 -486 0
-282 -520 0
-282 -554 0
-282 -588 0
-282 -622 0
-282 -656 0
-282 -690 0
-282 -724 0
-282 -758 0
-282 -792 0
-316 -350 0
-316 -384 0
-316 -418 0
-316 -452 0
-316 -486 0
-316 -520 0
-316 -554 0
-316 -588 0
-316 -622 0
-316 -656 0
-316 -690 0
-316 -724 0
-316 -758 0
-316 -792 0
-350 -384 0
-350 -418 0
-350 -452 0
-350 -486 0
-350 -520 0
-350 -554 0
-350 -588 0
-350 -622 0
-350 -656 0
-350 -690 0
-350 -724 0
-350 -758 0
-350 -792 0
-384 -418 0
-384 -452 0
-384 -486 0
-384 -520 0
-384 -554 0
-384 -588 0
-384 -622 0
-384 -656 0
-384 -690 0
-384 -724 0
-384 -758 0
-384 -792 0
-418 -452 0
-418 -486 0
-418 -520 0
-418 -554 0
-418 -588 0
-418 -622 0
-418 -656 0
-418 -690 0
-418 -724 0
-418 -758 0
-418 -792 0
-452 -486 0
-452 -520 0
-452 -554 0
-452 -588 0
-452 -622 0
-452 -656 0
-452 -690 0
-452 -724 0
-452 -758 0
-452 -792 0
-486 -520 0
-486 -554 0
-486 -588 0
-486 -622 0
-486 -656 0
-486 -690 0
-486 -724 0
-486 -758 0
-486 -792 0
-520 -554 0
-520 -588 0
-520 -622 0
-520 -656 0
-520 -690 0
-520 -724 0
-520 -758 0
-520 -792 0
-554 -588 0
-554 -622 0
-554 -656 0
-554 -690 0
-554 -724 0
-554 -758 0
-554 -792 0
-588 -622 0
-588 -656 0
-588 -690 0
-588 -724 0
-588 -758 0
-588 -792 0
-622 -656 0
-622 -690 0
-622 -724 0
-622 -758 0
-622 -792 0
-656 -690 0
-656 -724 0
-656 -758 0
-656 -792 0
-690 -724 0
-690 -758 0
-690 -792 0
-724 -758 0
-724 -792 0
-758 -792 0
-11 -45 0
-11 -79 0
-11 -113 0
-11 -147 0
-11 -181 0
-11 -215 0
-11 -249 0
-11 -283 0
-11 -317 0
-11 -351 0
-11 -385 0
-11 -419 0
-11 -453 0
-11 -487 0
-11 -521 0
-11 -555 0
-11 -589 0
-11 -623 0
-11 -657 0
-11 -691 0
-11 -725 0
-11 -759 0
-45 -79 0
-45 -113 0
-45 -147 0
-45 -181 0
-45 -215 0
-45 -249 0
-45 -283 0
-45 -317 0
-45 -351 0
-45 -385 0
-45 -419 0
-45 -453 0
-45 -487 0
-45 -521 0
-45 -555 0
-45 -589 0
-45 -623 0
-45 -657 0
-45 -691 0
-45 -725 0
-45 -759 0
-79 -113 0
-79 -147 0
-79 -181 0
-79 -215 0
-79 -249 0
-79 -283 0
-79 -317 0
-79 -351 0
-79 -385 0
-79 -419 0
-79 -453 0
-79 -487 0
-79 -521 0
-79 -555 0
-79 -589 0
-79 -623 0
-79 -657 0
-79 -691 0
-79 -725 0
-79 -759 0
-113 -147 0
-113 -181 0
-113 -215 0
-113 -249 0
-113 -283 0
-113 -317 0
-113 -351 0
-113 -385 0
-113 -419 0
-113 -453 0
-113 -487 0
-113 -521 0
-113 -555 0
-113 -589 0
-113 -623 0
-113 -657 0
-113 -691 0
-113 -725 0
-113 -759 0
-147 -181 0
-147 -215 0
-147 -249 0
-147 -283 0
-147 -317 0
-147 -351 0
-147 -385 0
-147 -419 0
-147 -453 0
-147 -487 0
-147 -521 0
-147 -555 0
-147 -589 0
-147 -623 0
-147 -657 0
-147 -691 0
-147 -725 0
-147 -759 0
-181 -215 0
-181 -249 0
-181 -283 0
-181 -317 0
-181 -351 0
-181 -385 0
-181 -419 0
-181 -453 0
-181 -487 0
-181 -521 0
-181 -555 0
-181 -589 0
-181 -623 0
-181 -657 0
-181 -691 0
-181 -725 0
-181 -759 0
-215 -249 0
-215 -283 0
-215 -317 0
-215 -351 0
-215 -385 0
-215 -419 0
-215 -453 0
-215 -487 0
-215 -521 0
-215 -555 0
-215 -589 0
-215 -623 0
-215 -657 0
-215 -691 0
-215 -725 0
-215 -759 0
-249 -283 0
-249 -317 0
-249 -351 0
-249 -385 0
-249 -419 0
-249 -453 0
-249 -487 0
-249 -521 0
-249 -555 0
-249 -589 0
-249 -623 0
-249 -657 0
-249 -691 0
-249 -725 0
-249 -759 0
-283 -317 0
-283 -351 0
-283 -385 0
-283 -419 0
-283 -453 0
-283 -487 0
-283 -521 0
-283 -555 0
-283 -589 0
-283 -623 0
-283 -657 0
-283 -691 0
-283 -725 0
-283 -759 0
-317 -351 0
-317 -385 0
-317 -419 0
-317 -453 0
-317 -487 0
-317 -521 0
-317 -555 0
-317 -589 0
-317 -623 0
-317 -657 0
-317 -691 0
-317 -725 0
-317 -759 0
-351 -385 0
-351 -419 0
-351 -453 0
-351 -487 0
-351 -521 0
-351 -555 0
-351 -589 0
-351 -623 0
-351 -657 0
-351 -691 0
-351 -725 0
-351 -759 0
-385 -419 0
-385 -453 0
-385 -487 0
-385 -521 0
-385 -555 0
-385 -589 0
-385 -623 0
-385 -657 0
-385 -691 0
-385 -725 0
-385 -759 0
-419 -453 0
-419 -487 0
-419 -521 0
-419 -555 0
-419 -589 0
-419 -623 0
-419 -657 0
-419 -691 0
-419 -725 0
-419 -759 0
-453 -487 0
-453 -521 0
-453 -555 0
-453 -589 0
-453 -623 0
-453 -657 0
-453 -691 0
-453 -725 0
-453 -759 0
-487 -521 0
-487 -555 0
-487 -589 0
-487 -623 0
-487 -657 0
-487 -691 0
-487 -725 0
-487 -759 0
-521 -555 0
-521 -589 0
-521 -623 0
-521 -657 0
-521 -691 0
-521 -725 0
-521 -759 0
-555 -589 0
-555 -623 0
-555 -657 0
-555 -691 0
-555 -725 0
-555 -759 0
-589 -623 0
-589 -657 0
-589 -691 0
-589 -725 0
-589 -759 0
-623 -657 0
-623 -691 0
-623 -725 0
-623 -759 0
-657 -691 0
-657 -725 0
-657 -759 0
-691 -725 0
-691 -759 0
-725 -759 0
-12 -46 0
-12 -80 0
-12 -114 0
-12 -148 0
-12 -182 0
-12 -216 0
-12 -250 0
-12 -284 0
-12 -318 0
-12 -352 0
-12 -386 0
-12 -420 0
-12 -454 0
-12 -488 0
-12 -522 0
-12 -556 0
-12 -590 0
-12 -624 0
-12 -658 0
-12 -692 0
-12 -726 0
-46 -80 0
-46 -114 0
-46 -148 0
-46 -182 0
-46 -216 0
-46 -250 0
-46 -284 0
-46 -318 0
-46 -352 0
-46 -386 0
-46 -420 0
-46 -454 0
-46 -488 0
-46 -522 0
-46 -556 0
-46 -590 0
-46 -624 0
-46 -658 0
-46 -692 0
-46 -726 0
-80 -114 0
-80 -148 0
-80 -182 0
-80 -216 0
-80 -250 0
-80 -284 0
-80 -318 0
-80 -352 0
-80 -386 0
-80 -420 0
-80 -454 0
-80 -488 0
-80 -522 0
-80 -556 0
-80 -590 0
-80 -624 0
-80 -658 0
-80 -692 0
-80 -726 0
-114 -148 0
-114 -182 0
-114 -216 0
-114 -250 0
-114 -284 0
-114 -318 0
-114 -352 0
-114 -386 0
-114 -420 0
-114 -454 0
-114 -488 0
-114 -522 0
-114 -556 0
-114 -590 0
-114 -624 0
-114 -658 0
-114 -692 0
-114 -726 0
-148 -182 0
-148 -216 0
-148 -250 0
-148 -284 0
-148 -318 0
-148 -352 0
-148 -386 0
-148 -420 0
-148 -454 0
-148 -488 0
-148 -522 0
-148 -556 0
-148 -590 0
-148 -624 0
-148 -658 0
-148 -692 0
-148 -726 0
-182 -216 0
-182 -250 0
-182 -284 0
-182 -318 0
-182 -352 0
-182 -386 0
-182 -420 0
-182 -454 0
-182 -488 0
-182 -522 0
-182 -556 0
-182 -590 0
-182 -624 0
-182 -658 0
-182 -692 0
-182 -726 0
-216 -250 0
-216 -284 0
-216 -318 0
-216 -352 0
-216 -386 0
-216 -420 0
-216 -454 0
-216 -488 0
-216 -522 0
-216 -556 0
-216 -590 0
-216 -624 0
-216 -658 0
-216 -692 0
-216 -726 0
-250 -284 0
-250 -318 0
-250 -352 0
-250 -386 0
-250 -420 0
-250 -454 0
-250 -488 0
-250 -522 0
-250 -556 0
-250 -590 0
-250 -624 0
-250 -658 0
-250 -692 0
-250 -726 0
-284 -318 0
-284 -352 0
-284 -386 0
-284 -420 0
-284 -454 0
-284 -488 0
-284 -522 0
-284 -556 0
-284 -590 0
-284 -624 0
-284 -658 0
-284 -692 0
-284 -726 0
-318 -352 0
-318 -386 0
-318 -420 0
-318 -454 0
-318 -488 0
-318 -522 0
-318 -556 0
-318 -590 0
-318 -624 0
-318 -658 0
-318 -692 0
-318 -726 0
-352 -386 0
-352 -420 0
-352 -454 0
-352 -488 0
-352 -522 0
-352 -556 0
-352 -590 0
-352 -624 0
-352 -658 0
-352 -692 0
-352 -726 0
-386 -420 0
-386 -454 0
-386 -488 0
-386 -522 0
-386 -556 0
-386 -590 0
-386 -624 0
-386 -658 0
-386 -692 0
-386 -726 0
-420 -454 0
-420 -488 0
-420 -522 0
-420 -556 0
-420 -590 0
-420 -624 0
-420 -658 0
-420 -692 0
-420 -726 0
-454 -488 0
-454 -522 0
-454 -556 0
-454 -590 0
-454 -624 0
-454 -658 0
-454 -692 0
-454 -726 0
-488 -522 0
-488 -556 0
-488 -590 0
-488 -624 0
-488 -658 0
-488 -692 0
-488 -726 0
-522 -556 0
-522 -590 0
-522 -624 0
-522 -658 0
-522 -692 0
-522 -726 0
-556 -590 0
-556 -624 0
-556 -658 0
-556 -692 0
-556 -726 0
-590 -624 0
-590 -658 0
-590 -692 0
-590 -726 0
-624 -658 0
-624 -692 0
-624 -726 0
-658 -692 0
-658 -726 0
-692 -726 0
-13 -47 0
-13 -81 0
-13 -115 0
-13 -149 0
-13 -183 0
-13 -217 0
-13 -251 0
-13 -285 0
-13 -319 0
-13 -353 0
-13 -387 0
-13 -421 0
-13 -455 0
-13 -489 0
-13 -523 0
-13 -557 0
-13 -591 0
-13 -625 0
-13 -659 0
-13 -693 0
-47 -81 0
-47 -115 0
-47 -149 0
-47 -183 0
-47 -217 0
-47 -251 0
-47 -285 0
-47 -319 0
-47 -353 0
-47 -387 0
-47 -421 0
-47 -455 0
-47 -489 0
-47 -523 0
-47 -557 0
-47 -591 0
-47 -625 0
-47 -659 0
-47 -693 0
-81 -115 0
-81 -149 0
-81 -183 0
-81 -217 0
-81 -251 0
-81 -285 0
-81 -319 0
-81 -353 0
-81 -387 0
-81 -421 0
-81 -455 0
-81 -489 0
-81 -523 0
-81 -557 0
-81 -591 0
-81 -625 0
-81 -659 0
-81 -693 0
-115 -149 0
-115 -183 0
-115 -217 0
-115 -251 0
-115 -285 0
-115 -319 0
-115 -353 0
-115 -387 0
-115 -421 0
-115 -455 0
-115 -489 0
-115 -523 0
-115 -557 0
-115 -591 0
-115 -625 0
-115 -659 0
-115 -693 0
-149 -183 0
-149 -217 0
-149 -251 0
-149 -285 0
-149 -319 0
-149 -353 0
-149 -387 0
-149 -421 0
-149 -455 0
-149 -489 0
-149 -523 0
-149 -557 0
-149 -591 0
-149 -625 0
-149 -659 0
-149 -693 0
-183 -217 0
-183 -251 0
-183 -285 0
-183 -319 0
-183 -353 0
-183 -387 0
-183 -421 0
-183 -455 0
-183 -489 0
-183 -523 0
-183 -557 0
-183 -591 0
-183 -625 0
-183 -659 0
-183 -693 0
-217 -251 0
-217 -285 0
-217 -319 0
-217 -353 0
-217 -387 0
-217 -421 0
-217 -455 0
-217 -489 0
-217 -523 0
-217 -557 0
-217 -591 0
-217 -625 0
-217 -659 0
-217 -693 0
-251 -285 0
-251 -319 0
-251 -353 0
-251 -387 0
-251 -421 0
-251 -455 0
-251 -489 0
-251 -523 0
-251 -557 0
-251 -591 0
-251 -625 0
-251 -659 0
-251 -693 0
-285 -319 0
-285 -353 0
-285 -387 0
-285 -421 0
-285 -455 0
-285 -489 0
-285 -523 0
-285 -557 0
-285 -591 0
-285 -625 0
-285 -659 0
-285 -693 0
-319 -353 0
-319 -387 0
-319 -421 0
-319 -455 0
-319 -489 0
-319 -523 0
-319 -557 0
-319 -591 0
-319 -625 0
-319 -659 0
-319 -693 0
-353 -387 0
-353 -421 0
-353 -455 0
-353 -489 0
-353 -523 0
-353 -557 0
-353 -591 0
-353 -625 0
-353 -659 0
-353 -693 0
-387 -421 0
-387 -455 0
-387 -489 0
-387 -523 0
-387 -557 0
-387 -591 0
-387 -625 0
-387 -659 0
-387 -693 0
-421 -455 0
-421 -489 0
-421 -523 0
-421 -557 0
-421 -591 0
-421 -625 0
-421 -659 0
-421 -693 0
-455 -489 0
-455 -523 0
-455 -557 0
-455 -591 0
-455 -625 0
-455 -659 0
-455 -693 0
-489 -523 0
-489 -557 0
-489 -591 0
-489 -625 0
-489 -659 0
-489 -693 0
-523 -557 0
-523 -591 0
-523 -625 0
-523 -659 0
-523 -693 0
-557 -591 0
-557 -625 0
-557 -659 0
-557 -693 0
-591 -625 0
-591 -659 0
-591 -693 0
-625 -659 0
-625 -693 0
-659 -693 0
-14 -48 0
-14 -82 0
-14 -116 0
-14 -150 0
-14 -184 0
-14 -218 0
-14 -252 0
-14 -286 0
-14 -320 0
-14 -354 0
-14 -388 0
-14 -422 0
-14 -456 0
-14 -490 0
-14 -524 0
-14 -558 0
-14 -592 0
-14 -626 0
-14 -660 0
-48 -82 0
-48 -116 0
-48 -150 0
-48 -184 0
-48 -218 0
-48 -252 0
-48 -286 0
-48 -320 0
-48 -354 0
-48 -388 0
-48 -422 0
-48 -456 0
-48 -490 0
-48 -524 0
-48 -558 0
-48 -592 0
-48 -626 0
-48 -660 0
-82 -116 0
-82 -150 0
-82 -184 0
-82 -218 0
-82 -252 0
-82 -286 0
-82 -320 0
-82 -354 0
-82 -388 0
-82 -422 0
-82 -456 0
-82 -490 0
-82 -524 0
-82 -558 0
-82 -592 0
-82 -626 0
-82 -660 0
-116 -150 0
-116 -184 0
-116 -218 0
-116 -252 0
-116 -286 0
-116 -320 0
-116 -354 0
-116 -388 0
-116 -422 0
-116 -456 0
-116 -490 0
-116 -524 0
-116 -558 0
-116 -592 0
-116 -626 0
-116 -660 0
-150 -184 0
-150 -218 0
-150 -252 0
-150 -286 0
-150 -320 0
-150 -354 0
-150 -388 0
-150 -422 0
-150 -456 0
-150 -490 0
-150 -524 0
-150 -558 0
-150 -592 0
-150 -626 0
-150 -660 0
-184 -218 0
-184 -252 0
-184 -286 0
-184 -320 0
-184 -354 0
-184 -388 0
-184 -422 0
-184 -456 0
-184 -490 0
-184 -524 0
-184 -558 0
-184 -592 0
-184 -626 0
-184 -660 0
-218 -252 0
-218 -286 0
-218 -320 0
-218 -354 0
-218 -388 0
-218 -422 0
-218 -456 0
-218 -490 0
-218 -524 0
-218 -558 0
-218 -592 0
-218 -626 0
-218 -660 0
-252 -286 0
-252 -320 0
-252 -354 0
-252 -388 0
-252 -422 0
-252 -456 0
-252 -490 0
-252 -524 0
-252 -558 0
-252 -592 0
-252 -626 0
-252 -660 0
-286 -320 0
-286 -354 0
-286 -388 0
-286 -422 0
-286 -456 0
-286 -490 0
-286 -524 0
-286 -558 0
-286 -592 0
-286 -626 0
-286 -660 0
-320 -354 0
-320 -388 0
-320 -422 0
-320 -456 0
-320 -490 0
-320 -524 0
-320 -558 0
-320 -592 0
-320 -626 0
-320 -660 0
-354 -388 0
-354 -422 0
-354 -456 0
-354 -490 0
-354 -524 0
-354 -558 0
-354 -592 0
-354 -626 0
-354 -660 0
-388 -422 0
-388 -456 0
-388 -490 0
-388 -524 0
-388 -558 0
-388 -592 0
-388 -626 0
-388 -660 0
-422 -456 0
-422 -490 0
-422 -524 0
-422 -558 0
-422 -592 0
-422 -626 0
-422 -660 0
-456 -490 0
-456 -524 0
-456 -558 0
-456 -592 0
-456 -626 0
-456 -660 0
-490 -524 0
-490 -558 0
-490 -592 0
-490 -626 0
-490 -660 0
-524 -558 0
-524 -592 0
-524 -626 0
-524 -660 0
-558 -592 0
-558 -626 0
-558 -660 0
-592 -626 0
-592 -660 0
-626 -660 0
-15 -49 0
-15 -83 0
-15 -117 0
-15 -151 0
-15 -185 0
-15 -219 0
-15 -253 0
-15 -287 0
-15 -321 0
-15 -355 0
-15 -389 0
-15 -423 0
-15 -457 0
-15 -491 0
-15 -525 0
-15 -559 0
-15 -593 0
-15 -627 0
-49 -83 0
-49 -117 0
-49 -151 0
-49 -185 0
-49 -219 0
-49 -253 0
-49 -287 0
-49 -321 0
-49 -355 0
-49 -389 0
-49 -423 0
-49 -457 0
-49 -491 0
-49 -525 0
-49 -559 0
-49 -593 0
-49 -627 0
-83 -117 0
-83 -151 0
-83 -185 0
-83 -219 0
-83 -253 0
-83 -287 0
-83 -321 0
-83 -355 0
-83 -389 0
-83 -423 0
-83 -457 0
-83 -491 0
-83 -525 0
-83 -559 0
-83 -593 0
-83 -627 0
-117 -151 0
-117 -185 0
-117 -219 0
-117 -253 0
-117 -287 0
-117 -321 0
-117 -355 0
-117 -389 0
-117 -423 0
-117 -457 0
-117 -491 0
-117 -525 0
-117 -559 0
-117 -593 0
-117 -627 0
-151 -185 0
-151 -219 0
-151 -253 0
-151 -287 0
-151 -321 0
-151 -355 0
-151 -389 0
-151 -423 0
-151 -457 0
-151 -491 0
-151 -525 0
-151 -559 0
-151 -593 0
-151 -627 0
-185 -219 0
-185 -253 0
-185 -287 0
-185 -321 0
-185 -355 0
-185 -389 0
-185 -423 0
-185 -457 0
-185 -491 0
-185 -525 0
-185 -559 0
-185 -593 0
-185 -627 0
-219 -253 0
-219 -287 0
-219 -321 0
-219 -355 0
-219 -389 0
-219 -423 0
-219 -457 0
-219 -491 0
-219 -525 0
-219 -559 0
-219 -593 0
-219 -627 0
-253 -287 0
-253 -321 0
-253 -355 0
-253 -389 0
-253 -423 0
-253 -457 0
-253 -491 0
-253 -525 0
-253 -559 0
-253 -593 0
-253 -627 0
-287 -321 0
-287 -355 0
-287 -389 0
-287 -423 0
-287 -457 0
-287 -491 0
-287 -525 0
-287 -559 0
-287 -593 0
-287 -627 0
-321 -355 0
-321 -389 0
-321 -423 0
-321 -457 0
-321 -491 0
-321 -525 0
-321 -559 0
-321 -593 0
-321 -627 0
-355 -389 0
-355 -423 0
-355 -457 0
-355 -491 0
-355 -525 0
-355 -559 0
-355 -593 0
-355 -627 0
-389 -423 0
-389 -457 0
-389 -491 0
-389 -525 0
-389 -559 0
-389 -593 0
-389 -627 0
-423 -457 0
-423 -491 0
-423 -525 0
-423 -559 0
-423 -593 0
-423 -627 0
-457 -491 0
-457 -525 0
-457 -559 0
-457 -593 0
-457 -627 0
-491 -525 0
-491 -559 0
-491 -593 0
-491 -627 0
-525 -559 0
-525 -593 0
-525 -627 0
-559 -593 0
-559 -627 0
-593 -627 0
-16 -50 0
-16 -84 0
-16 -118 0
-16 -152 0
-16 -186 0
-16 -220 0
-16 -254 0
-16 -288 0
-16 -322 0
-16 -356 0
-16 -390 0
-16 -424 0
-16 -458 0
-16 -492 0
-16 -526 0
-16 -560 0
-16 -594 0
-50 -84 0
-50 -118 0
-50 -152 0
-50 -186 0
-50 -220 0
-50 -254 0
-50 -288 0
-50 -322 0
-50 -356 0
-50 -390 0
-50 -424 0
-50 -458 0
-50 -492 0
-50 -526 0
-50 -560 0
-50 -594 0
-84 -118 0
-84 -152 0
-84 -186 0
-84 -220 0
-84 -254 0
-84 -288 0
-84 -322 0
-84 -356 0
-84 -390 0
-84 -424 0
-84 -458 0
-84 -492 0
-84 -526 0
-84 -560 0
-84 -594 0
-118 -152 0
-118 -186 0
-118 -220 0
-118 -254 0
-118 -288 0
-118 -322 0
-118 -356 0
-118 -390 0
-118 -424 0
-118 -458 0
-118 -492 0
-118 -526 0
-118 -560 0
-118 -594 0
-152 -186 0
-152 -220 0
-152 -254 0
-152 -288 0
-152 -322 0
-152 -356 0
-152 -390 0
-152 -424 0
-152 -458 0
-152 -492 0
-152 -526 0
-152 -560 0
-152 -594 0
-186 -220 0
-186 -254 0
-186 -288 0
-186 -322 0
-186 -356 0
-186 -390 0
-186 -424 0
-186 -458 0
-186 -492 0
-186 -526 0
-186 -560 0
-186 -594 0
-220 -254 0
-220 -288 0
-220 -322 0
-220 -356 0
-220 -390 0
-220 -424 0
-220 -458 0
-220 -492 0
-220 -526 0
-220 -560 0
-220 -594 0
-254 -288 0
-254 -322 0
-254 -356 0
-254 -390 0
-254 -424 0
-254 -458 0
-254 -492 0
-254 -526 0
-254 -560 0
-254 -594 0
-288 -322 0
-288 -356 0
-288 -390 0
-288 -424 0
-288 -458 0
-288 -492 0
-288 -526 0
-288 -560 0
-288 -594 0
-322 -356 0
-322 -390 0
-322 -424 0
-322 -458 0
-322 -492 0
-322 -526 0
-322 -560 0
-322 -594 0
-356 -390 0
-356 -424 0
-356 -458 0
-356 -492 0
-356 -526 0
-356 -560 0
-356 -594 0
-390 -424 0
-390 -458 0
-390 -492 0
-390 -526 0
-390 -560 0
-390 -594 0
-424 -458 0
-424 -492 0
-424 -526 0
-424 -560 0
-424 -594 0
-458 -492 0
-458 -526 0
-458 -560 0
-458 -594 0
-492 -526 0
-492 -560 0
-492 -594 0
-526 -560 0
-526 -594 0
-560 -594 0
-17 -51 0
-17 -85 0
-17 -119 0
-17 -153 0
-17 -187 0
-17 -221 0
-17 -255 0
-17 -289 0
-17 -323 0
-17 -357 0
-17 -391 0
-17 -425 0
-17 -459 0
-17 -493 0
-17 -527 0
-17 -561 0
-51 -85 0
-51 -119 0
-51 -153 0
-51 -187 0
-51 -221 0
-51 -255 0
-51 -289 0
-51 -323 0
-51 -357 0
-51 -391 0
-51 -425 0
-51 -459 0
-51 -493 0
-51 -527 0
-51 -561 0
-85 -119 0
-85 -153 0
-85 -187 0
-85 -221 0
-85 -255 0
-85 -289 0
-85 -323 0
-85 -357 0
-85 -391 0
-85 -425 0
-85 -459 0
-85 -493 0
-85 -527 0
-85 -561 0
-119 -153 0
-119 -187 0
-119 -221 0
-119 -255 0
-119 -289 0
-119 -323 0
-119 -357 0
-119 -391 0
-119 -425 0
-119 -459 0
-119 -493 0
-119 -527 0
-119 -561 0
-153 -187 0
-153 -221 0
-153 -255 0
-153 -289 0
-153 -323 0
-153 -357 0
-153 -391 0
-153 -425 0
-153 -459 0
-153 -493 0
-153 -527 0
-153 -561 0
-187 -221 0
-187 -255 0
-187 -289 0
-187 -323 0
-187 -357 0
-187 -391 0
-187 -425 0
-187 -459 0
-187 -493 0
-187 -527 0
-187 -561 0
-221 -255 0
-221 -289 0
-221 -323 0
-221 -357 0
-221 -391 0
-221 -425 0
-221 -459 0
-221 -493 0
-221 -527 0
-221 -561 0
-255 -289 0
-255 -323 0
-255 -357 0
-255 -391 0
-255 -425 0
-255 -459 0
-255 -493 0
-255 -527 0
-255 -561 0
-289 -323 0
-289 -357 0
-289 -391 0
-289 -425 0
-289 -459 0
-289 -493 0
-289 -527 0
-289 -561 0
-323 -357 0
-323 -391 0
-323 -425 0
-323 -459 0
-323 -493 0
-323 -527 0
-323 -561 0
-357 -391 0
-357 -425 0
-357 -459 0
-357 -493 0
-357 -527 0
-357 -561 0
-391 -425 0
-391 -459 0
-391 -493 0
-391 -527 0
-391 -561 0
-425 -459 0
-425 -493 0
-425 -527 0
-425 -561 0
-459 -493 0
-459 -527 0
-459 -561 0
-493 -527 0
-493 -561 0
-527 -561 0
-18 -52 0
-18 -86 0
-18 -120 0
-18 -154 0
-18 -188 0
-18 -222 0
-18 -256 0
-18 -290 0
-18 -324 0
-18 -358 0
-18 -392 0
-18 -426 0
-18 -460 0
-18 -494 0
-18 -528 0
-52 -86 0
-52 -120 0
-52 -154 0
-52 -188 0
-52 -222 0
-52 -256 0
-52 -290 0
-52 -324 0
-52 -358 0
-52 -392 0
-52 -426 0
-52 -460 0
-52 -494 0
-52 -528 0
-86 -120 0
-86 -154 0
-86 -188 0
-86 -222 0
-86 -256 0
-86 -290 0
-86 -324 0
-86 -358 0
-86 -392 0
-86 -426 0
-86 -460 0
-86 -494 0
-86 -528 0
-120 -154 0
-120 -188 0
-120 -222 0
-120 -256 0
-120 -290 0
-120 -324 0
-120 -358 0
-120 -392 0
-120 -426 0
-120 -460 0
-120 -494 0
-120 -528 0
-154 -188 0
-154 -222 0
-154 -256 0
-154 -290 0
-154 -324 0
-154 -358 0
-154 -392 0
-154 -426 0
-154 -460 0
-154 -494 0
-154 -528 0
-188 -222 0
-188 -256 0
-188 -290 0
-188 -324 0
-188 -358 0
-188 -392 0
-188 -426 0
-188 -460 0
-188 -494 0
-188 -528 0
-222 -256 0
-222 -290 0
-222 -324 0
-222 -358 0
-222 -392 0
-222 -426 0
-222 -460 0
-222 -494 0
-222 -528 0
-256 -290 0
-256 -324 0
-256 -358 0
-256 -392 0
-256 -426 0
-256 -460 0
-256 -494 0
-256 -528 0
-290 -324 0
-290 -358 0
-290 -392 0
-290 -426 0
-290 -460 0
-290 -494 0
-290 -528 0
-324 -358 0
-324 -392 0
-324 -426 0
-324 -460 0
-324 -494 0
-324 -528 0
-358 -392 0
-358 -426 0
-358 -460 0
-358 -494 0
-358 -528 0
-392 -426 0
-392 -460 0
-392 -494 0
-392 -528 0
-426 -460 0
-426 -494 0
-426 -528 0
-460 -494 0
-460 -528 0
-494 -528 0
-19 -53 0
-19 -87 0
-19 -121 0
-19 -155 0
-19 -189 0
-19 -223 0
-19 -257 0
-19 -291 0
-19 -325 0
-19 -359 0
-19 -393 0
-19 -427 0
-19 -461 0
-19 -495 0
-53 -87 0
-53 -121 0
-53 -155 0
-53 -189 0
-53 -223 0
-53 -257 0
-53 -291 0
-53 -325 0
-53 -359 0
-53 -393 0
-53 -427 0
-53 -461 0
-53 -495 0
-87 -121 0
-87 -155 0
-87 -189 0
-87 -223 0
-87 -257 0
-87 -291 0
-87 -325 0
-87 -359 0
-87 -393 0
-87 -427 0
-87 -461 0
-87 -495 0
-121 -155 0
-121 -189 0
-121 -223 0
-121 -257 0
-121 -291 0
-121 -325 0
-121 -359 0
-121 -393 0
-121 -427 0
-121 -461 0
-121 -495 0
-155 -189 0
-155 -223 0
-155 -257 0
-155 -291 0
-155 -325 0
-155 -359 0
-155 -393 0
-155 -427 0
-155 -461 0
-155 -495 0
-189 -223 0
-189 -257 0
-189 -291 0
-189 -325 0
-189 -359 0
-189 -393 0
-189 -427 0
-189 -461 0
-189 -495 0
-223 -257 0
-223 -291 0
-223 -325 0
-223 -359 0
-223 -393 0
-223 -427 0
-223 -461 0
-223 -495 0
-257 -291 0
-257 -325 0
-257 -359 0
-257 -393 0
-257 -427 0
-257 -461 0
-257 -495 0
-291 -325 0
-291 -359 0
-291 -393 0
-291 -427 0
-291 -461 0
-291 -495 0
-325 -359 0
-325 -393 0
-325 -427 0
-325 -461 0
-325 -495 0
-359 -393 0
-359 -427 0
-359 -461 0
-359 -495 0
-393 -427 0
-393 -461 0
-393 -495 0
-427 -461 0
-427 -495 0
-461 -495 0
-20 -54 0
-20 -88 0
-20 -122 0
-20 -156 0
-20 -190 0
-20 -224 0
-20 -258 0
-20 -292 0
-20 -326 0
-20 -360 0
-20 -394 0
-20 -428 0
-20 -462 0
-54 -88 0
-54 -122 0
-54 -156 0
-54 -190 0
-54 -224 0
-54 -258 0
-54 -292 0
-54 -326 0
-54 -360 0
-54 -394 0
-54 -428 0
-54 -462 0
-88 -122 0
-88 -156 0
-88 -190 0
-88 -224 0
-88 -258 0
-88 -292 0
-88 -326 0
-88 -360 0
-88 -394 0
-88 -428 0
-88 -462 0
-122 -156 0
-122 -190 0
-122 -224 0
-122 -258 0
-122 -292 0
-122 -326 0
-122 -360 0
-122 -394 0
-122 -428 0
-122 -462 0
-156 -190 0
-156 -224 0
-156 -258 0
-156 -292 0
-156 -326 0
-156 -360 0
-156 -394 0
-156 -428 0
-156 -462 0
-190 -224 0
-190 -258 0
-190 -292 0
-190 -326 0
-190 -360 0
-190 -394 0
-190 -428 0
-190 -462 0
-224 -258 0
-224 -292 0
-224 -326 0
-224 -360 0
-224 -394 0
-224 -428 0
-224 -462 0
-258 -292 0
-258 -326 0
-258 -360 0
-258 -394 0
-258 -428 0
-258 -462 0
-292 -326 0
-292 -360 0
-292 -394 0
-292 -428 0
-292 -462 0
-326 -360 0
-326 -394 0
-326 -428 0
-326 -462 0
-360 -394 0
-360 -428 0
-360 -462 0
-394 -428 0
-394 -462 0
-428 -462 0
-21 -55 0
-21 -89 0
-21 -123 0
-21 -157 0
-21 -191 0
-21 -225 0
-21 -259 0
-21 -293 0
-21 -327 0
-21 -361 0
-21 -395 0
-21 -429 0
-55 -89 0
-55 -123 0
-55 -157 0
-55 -191 0
-55 -225 0
-55 -259 0
-55 -293 0
-55 -327 0
-55 -361 0
-55 -395 0
-55 -429 0
-89 -123 0
-89 -157 0
-89 -191 0
-89 -225 0
-89 -259 0
-89 -293 0
-89 -327 0
-89 -361 0
-89 -395 0
-89 -429 0
-123 -157 0
-123 -191 0
-123 -225 0
-123 -259 0
-123 -293 0
-123 -327 0
-123 -361 0
-123 -395 0
-123 -429 0
-157 -191 0
-157 -225 0
-157 -259 0
-157 -293 0
-157 -327 0
-157 -361 0
-157 -395 0
-157 -429 0
-191 -225 0
-191 -259 0
-191 -293 0
-191 -327 0
-191 -361 0
-191 -395 0
-191 -429 0
-225 -259 0
-225 -293 0
-225 -327 0
-225 -361 0
-225 -395 0
-225 -429 0
-259 -293 0
-259 -327 0
-259 -361 0
-259 -395 0
-259 -429 0
-293 -327 0
-293 -361 0
-293 -395 0
-293 -429 0
-327 -361 0
-327 -395 0
-327 -429 0
-361 -395 0
-361 -429 0
-395 -429 0
-22 -56 0
-22 -90 0
-22 -124 0
-22 -158 0
-22 -192 0
-22 -226 0
-22 -260 0
-22 -294 0
-22 -328 0
-22 -362 0
-22 -396 0
-56 -90 0
-56 -124 0
-56 -158 0
-56 -192 0
-56 -226 0
-56 -260 0
-56 -294 0
-56 -328 0
-56 -362 0
-56 -396 0
-90 -124 0
-90 -158 0
-90 -192 0
-90 -226 0
-90 -260 0
-90 -294 0
-90 -328 0
-90 -362 0
-90 -396 0
-124 -158 0
-124 -192 0
-124 -226 0
-124 -260 0
-124 -294 0
-124 -328 0
-124 -362 0
-124 -396 0
-158 -192 0
-158 -226 0
-158 -260 0
-158 -294 0
-158 -328 0
-158 -362 0
-158 -396 0
-192 -226 0
-192 -260 0
-192 -294 0
-192 -328 0
-192 -362 0
-192 -396 0
-226 -260 0
-226 -294 0
-226 -328 0
-226 -362 0
-226 -396 0
-260 -294 0
-260 -328 0
-260 -362 0
-260 -396 0
-294 -328 0
-294 -362 0
-294 -396 0
-328 -362 0
-328 -396 0
-362 -396 0
-23 -57 0
-23 -91 0
-23 -125 0
-23 -159 0
-23 -193 0
-23 -227 0
-23 -261 0
-23 -295 0
-23 -329 0
-23 -363 0
-57 -91 0
-57 -125 0
-57 -159 0
-57 -193 0
-57 -227 0
-57 -261 0
-57 -295 0
-57 -329 0
-57 -363 0
-91 -125 0
-91 -159 0
-91 -193 0
-91 -227 0
-91 -261 0
-91 -295 0
-91 -329 0
-91 -363 0
-125 -159 0
-125 -193 0
-125 -227 0
-125 -261 0
-125 -295 0
-125 -329 0
-125 -363 0
-159 -193 0
-159 -227 0
-159 -261 0
-159 -295 0
-159 -329 0
-159 -363 0
-193 -227 0
-193 -261 0
-193 -295 0
-193 -329 0
-193 -363 0
-227 -261 0
-227 -295 0
-227 -329 0
-227 -363 0
-261 -295 0
-261 -329 0
-261 -363 0
-295 -329 0
-295 -363 0
-329 -363 0
-24 -58 0
-24 -92 0
-24 -126 0
-24 -160 0
-24 -194 0
-24 -228 0
-24 -262 0
-24 -296 0
-24 -330 0
-58 -92 0
-58 -126 0
-58 -160 0
-58 -194 0
-58 -228 0
-58 -262 0
-58 -296 0
-58 -330 0
-92 -126 0
-92 -160 0
-92 -194 0
-92 -228 0
-92 -262 0
-92 -296 0
-92 -330 0
-126 -160 0
-126 -194 0
-126 -228 0
-126 -262 0
-126 -296 0
-126 -330 0
-160 -194 0
-160 -228 0
-160 -262 0
-160 -296 0
-160 -330 0
-194 -228 0
-194 -262 0
-194 -296 0
-194 -330 0
-228 -262 0
-228 -296 0
-228 -330 0
-262 -296 0
-262 -330 0
-296 -330 0
-25 -59 0
-25 -93 0
-25 -127 0
-25 -161 0
-25 -195 0
-25 -229 0
-25 -263 0
-25 -297 0
-59 -93 0
-59 -127 0
-59 -161 0
-59 -195 0
-59 -229 0
-59 -263 0
-59 -297 0
-93 -127 0
-93 -161 0
-93 -195 0
-93 -229 0
-93 -263 0
-93 -297 0
-127 -161 0
-127 -195 0
-127 -229 0
-127 -263 0
-127 -297 0
-161 -195 0
-161 -229 0
-161 -263 0
-161 -297 0
-195 -229 0
-195 -263 0
-195 -297 0
-229 -263 0
-229 -297 0
-263 -297 0
-26 -60 0
-26 -94 0
-26 -128 0
-26 -162 0
-26 -196 0
-26 -230 0
-26 -264 0
-60 -94 0
-60 -128 0
-60 -162 0
-60 -196 0
-60 -230 0
-60 -264 0
-94 -128 0
-94 -162 0
-94 -196 0
-94 -230 0
-94 -264 0
-128 -162 0
-128 -196 0
-128 -230 0
-128 -264 0
-162 -196 0
-162 -230 0
-162 -264 0
-196 -230 0
-196 -264 0
-230 -264 0
-27 -61 0
-27 -95 0
-27 -129 0
-27 -163 0
-27 -197 0
-27 -231 0
-61 -95 0
-61 -129 0
-61 -163 0
-61 -197 0
-61 -231 0
-95 -129 0
-95 -163 0
-95 -197 0
-95 -231 0
-129 -163 0
-129 -197 0
-129 -231 0
-163 -197 0
-163 -231 0
-197 -231 0
-28 -62 0
-28 -96 0
-28 -130 0
-28 -164 0
-28 -198 0
-62 -96 0
-62 -130 0
-62 -164 0
-62 -198 0
-96 -130 0
-96 -164 0
-96 -198 0
-130 -164 0
-130 -198 0
-164 -198 0
-29 -63 0
-29 -97 0
-29 -131 0
-29 -165 0
-63 -97 0
-63 -131 0
-63 -165 0
-97 -131 0
-97 -165 0
-131 -165 0
-30 -64 0
-30 -98 0
-30 -132 0
-64 -98 0
-64 -132 0
-98 -132 0
-31 -65 0
-31 -99 0
-65 -99 0
-32 -66 0
-34 -68 0
-34 -102 0
-34 -136 0
-34 -170 0
-34 -204 0
-34 -238 0
-34 -272 0
-34 -306 0
-34 -340 0
-34 -374 0
-34 -408 0
-34 -442 0
-34 -476 0
-34 -510 0
-34 -544 0
-34 -578 0
-34 -612 0
-34 -646 0
-34 -680 0
-34 -714 0
-34 -748 0
-34 -782 0
-34 -816 0
-34 -850 0
-34 -884 0
-34 -918 0
-34 -952 0
-34 -986 0
-34 -1020 0
-34 -1054 0
-34 -1088 0
-68 -102 0
-68 -136 0
-68 -170 0
-68 -204 0
-68 -238 0
-68 -272 0
-68 -306 0
-68 -340 0
-68 -374 0
-68 -408 0
-68 -442 0
-68 -476 0
-68 -510 0
-68 -544 0
-68 -578 0
-68 -612 0
-68 -646 0
-68 -680 0
-68 -714 0
-68 -748 0
-68 -782 0
-68 -816 0
-68 -850 0
-68 -884 0
-68 -918 0
-68 -952 0
-68 -986 0
-68 -1020 0
-68 -1054 0
-68 -1088 0
-102 -136 0
-102 -170 0
-102 -204 0
-102 -238 0
-102 -272 0
-102 -306 0
-102 -340 0
-102 -374 0
-102 -408 0
-102 -442 0
-102 -476 0
-102 -510 0
-102 -544 0
-102 -578 0
-102 -612 0
-102 -646 0
-102 -680 0
-102 -714 0
-102 -748 0
-102 -782 0
-102 -816 0
-102 -850 0
-102 -884 0
-102 -918 0
-102 -952 0
-102 -986 0
-102 -1020 0
-102 -1054 0
-102 -1088 0
-136 -170 0
-136 -204 0
-136 -238 0
-136 -272 0
-136 -306 0
-136 -340 0
-136 -374 0
-136 -408 0
-136 -442 0
-136 -476 0
-136 -510 0
-136 -544 0
-136 -578 0
-136 -612 0
-136 -646 0
-136 -680 0
-136 -714 0
-136 -748 0
-136 -782 0
-136 -816 0
-136 -850 0
-136 -884 0
-136 -918 0
-136 -952 0
-136 -986 0
-136 -1020 0
-136 -1054 0
-136 -1088 0
-170 -204 0
-170 -238 0
-170 -272 0
-170 -306 0
-170 -340 0
-170 -374 0
-170 -408 0
-170 -442 0
-170 -476 0
-170 -510 0
-170 -544 0
-170 -578 0
-170 -612 0
-170 -646 0
-170 -680 0
-170 -714 0
-170 -748 0
-170 -782 0
-170 -816 0
-170 -850 0
-170 -884 0
-170 -918 0
-170 -952 0
-170 -986 0
-170 -1020 0
-170 -1054 0
-170 -1088 0
-204 -238 0
-204 -272 0
-204 -306 0
-204 -340 0
-204 -374 0
-204 -408 0
-204 -442 0
-204 -476 0
-204 -510 0
-204 -544 0
-204 -578 0
-204 -612 0
-204 -646 0
-204 -680 0
-204 -714 0
-204 -748 0
-204 -782 0
-204 -816 0
-204 -850 0
-204 -884 0
-204 -918 0
-204 -952 0
-204 -986 0
-204 -1020 0
-204 -1054 0
-204 -1088 0
-238 -272 0
-238 -306 0
-238 -340 0
-238 -374 0
-238 -408 0
-238 -442 0
-238 -476 0
-238 -510 0
-238 -544 0
-238 -578 0
-238 -612 0
-238 -646 0
-238 -680 0
-238 -714 0
-238 -748 0
-238 -782 0
-238 -816 0
-238 -850 0
-238 -884 0
-238 -918 0
-238 -952 0
-238 -986 0
-238 -1020 0
-238 -1054 0
-238 -1088 0
-272 -306 0
-272 -340 0
-272 -374 0
-272 -408 0
-272 -442 0
-272 -476 0
-272 -510 0
-272 -544 0
-272 -578 0
-272 -612 0
-272 -646 0
-272 -680 0
-272 -714 0
-272 -748 0
-272 -782 0
-272 -816 0
-272 -850 0
-272 -884 0
-272 -918 0
-272 -952 0
-272 -986 0
-272 -1020 0
-272 -1054 0
-272 -1088 0
-306 -340 0
-306 -374 0
-306 -408 0
-306 -442 0
-306 -476 0
-306 -510 0
-306 -544 0
-306 -578 0
-306 -612 0
-306 -646 0
-306 -680 0
-306 -714 0
-306 -748 0
-306 -782 0
-306 -816 0
-306 -850 0
-306 -884 0
-306 -918 0
-306 -952 0
-306 -986 0
-306 -1020 0
-306 -1054 0
-306 -1088 0
-340 -374 0
-340 -408 0
-340 -442 0
-340 -476 0
-340 -510 0
-340 -544 0
-340 -578 0
-340 -612 0
-340 -646 0
-340 -680 0
-340 -714 0
-340 -748 0
-340 -782 0
-340 -816 0
-340 -850 0
-340 -884 0
-340 -918 0
-340 -952 0
-340 -986 0
-340 -1020 0
-340 -1054 0
-340 -1088 0
-374 -408 0
-374 -442 0
-374 -476 0
-374 -510 0
-374 -544 0
-374 -578 0
-374 -612 0
-374 -646 0
-374 -680 0
-374 -714 0
-374 -748 0
-374 -782 0
-374 -816 0
-374 -850 0
-374 -884 0
-374 -918 0
-374 -952 0
-374 -986 0
-374 -1020 0
-374 -1054 0
-374 -1088 0
-408 -442 0
-408 -476 0
-408 -510 0
-408 -544 0
-408 -578 0
-408 -612 0
-408 -646 0
-408 -680 0
-408 -714 0
-408 -748 0
-408 -782 0
-408 -816 0
-408 -850 0
-408 -884 0
-408 -918 0
-408 -952 0
-408 -986 0
-408 -1020 0
-408 -1054 0
-408 -1088 0
-442 -476 0
-442 -510 0
-442 -544 0
-442 -578 0
-442 -612 0
-442 -646 0
-442 -680 0
-442 -714 0
-442 -748 0
-442 -782 0
-442 -816 0
-442 -850 0
-442 -884 0
-442 -918 0
-442 -952 0
-442 -986 0
-442 -1020 0
-442 -1054 0
-442 -1088 0
-476 -510 0
-476 -544 0
-476 -578 0
-476 -612 0
-476 -646 0
-476 -680 0
-476 -714 0
-476 -748 0
-476 -782 0
-476 -816 0
-476 -850 0
-476 -884 0
-476 -918 0
-476 -952 0
-476 -986 0
-476 -1020 0
-476 -1054 0
-476 -1088 0
-510 -544 0
-510 -578 0
-510 -612 0
-510 -646 0
-510 -680 0
-510 -714 0
-510 -748 0
-510 -782 0
-510 -816 0
-510 -850 0
-510 -884 0
-510 -918 0
-510 -952 0
-510 -986 0
-510 -1020 0
-510 -1054 0
-510 -1088 0
-544 -578 0
-544 -612 0
-544 -646 0
-544 -680 0
-544 -714 0
-544 -748 0
-544 -782 0
-544 -816 0
-544 -850 0
-544 -884 0
-544 -918 0
-544 -952 0
-544 -986 0
-544 -1020 0
-544 -1054 0
-544 -1088 0
-578 -612 0
-578 -646 0
-578 -680 0
-578 -714 0
-578 -748 0
-578 -782 0
-578 -816 0
-578 -850 0
-578 -884 0
-578 -918 0
-578 -952 0
-578 -986 0
-578 -1020 0
-578 -1054 0
-578 -1088 0
-612 -646 0
-612 -680 0
-612 -714 0
-612 -748 0
-612 -782 0
-612 -816 0
-612 -850 0
-612 -884 0
-612 -918 0
-612 -952 0
-612 -986 0
-612 -1020 0
-612 -1054 0
-612 -1088 0
-646 -680 0
-646 -714 0
-646 -748 0
-646 -782 0
-646 -816 0
-646 -850 0
-646 -884 0
-646 -918 0
-646 -952 0
-646 -986 0
-646 -1020 0
-646 -1054 0
-646 -1088 0
-680 -714 0
-680 -748 0
-680 -782 0
-680 -816 0
-680 -850 0
-680 -884 0
-680 -918 0
-680 -952 0
-680 -986 0
-680 -1020 0
-680 -1054 0
-680 -1088 0
-714 -748 0
-714 -782 0
-714 -816 0
-714 -850 0
-714 -884 0
-714 -918 0
-714 -952 0
-714 -986 0
-714 -1020 0
-714 -1054 0
-714 -1088 0
-748 -782 0
-748 -816 0
-748 -850 0
-748 -884 0
-748 -918 0
-748 -952 0
-748 -986 0
-748 -1020 0
-748 -1054 0
-748 -1088 0
-782 -816 0
-782 -850 0
-782 -884 0
-782 -918 0
-782 -952 0
-782 -986 0
-782 -1020 0
-782 -1054 0
-782 -1088 0
-816 -850 0
-816 -884 0
-816 -918 0
-816 -952 0
-816 -986 0
-816 -1020 0
-816 -1054 0
-816 -1088 0
-850 -884 0
-850 -918 0
-850 -952 0
-850 -986 0
-850 -1020 0
-850 -1054 0
-850 -1088 0
-884 -918 0
-884 -952 0
-884 -986 0
-884 -1020 0
-884 -1054 0
-884 -1088 0
-918 -952 0
-918 -986 0
-918 -1020 0
-918 -1054 0
-918 -1088 0
-952 -986 0
-952 -1020 0
-952 -1054 0
-952 -1088 0
-986 -1020 0
-986 -1054 0
-986 -1088 0
-1020 -1054 0
-1020 -1088 0
-1054 -1088 0
-67 -101 0
-67 -135 0
-67 -169 0
-67 -203 0
-67 -237 0
-67 -271 0
-67 -305 0
-67 -339 0
-67 -373 0
-67 -407 0
-67 -441 0
-67 -475 0
-67 -509 0
-67 -543 0
-67 -577 0
-67 -611 0
-67 -645 0
-67 -679 0
-67 -713 0
-67 -747 0
-67 -781 0
-67 -815 0
-67 -849 0
-67 -883 0
-67 -917 0
-67 -951 0
-67 -985 0
-67 -1019 0
-67 -1053 0
-67 -1087 0
-101 -135 0
-101 -169 0
-101 -203 0
-101 -237 0
-101 -271 0
-101 -305 0
-101 -339 0
-101 -373 0
-101 -407 0
-101 -441 0
-101 -475 0
-101 -509 0
-101 -543 0
-101 -577 0
-101 -611 0
-101 -645 0
-101 -679 0
-101 -713 0
-101 -747 0
-101 -781 0
-101 -815 0
-101 -849 0
-101 -883 0
-101 -917 0
-101 -951 0
-101 -985 0
-101 -1019 0
-101 -1053 0
-101 -1087 0
-135 -169 0
-135 -203 0
-135 -237 0
-135 -271 0
-135 -305 0
-135 -339 0
-135 -373 0
-135 -407 0
-135 -441 0
-135 -475 0
-135 -509 0
-135 -543 0
-135 -577 0
-135 -611 0
-135 -645 0
-135 -679 0
-135 -713 0
-135 -747 0
-135 -781 0
-135 -815 0
-135 -849 0
-135 -883 0
-135 -917 0
-135 -951 0
-135 -985 0
-135 -1019 0
-135 -1053 0
-135 -1087 0
-169 -203 0
-169 -237 0
-169 -271 0
-169 -305 0
-169 -339 0
-169 -373 0
-169 -407 0
-169 -441 0
-169 -475 0
-169 -509 0
-169 -543 0
-169 -577 0
-169 -611 0
-169 -645 0
-169 -679 0
-169 -713 0
-169 -747 0
-169 -781 0
-169 -815 0
-169 -849 0
-169 -883 0
-169 -917 0
-169 -951 0
-169 -985 0
-169 -1019 0
-169 -1053 0
-169 -1087 0
-203 -237 0
-203 -271 0
-203 -305 0
-203 -339 0
-203 -373 0
-203 -407 0
-203 -441 0
-203 -475 0
-203 -509 0
-203 -543 0
-203 -577 0
-203 -611 0
-203 -645 0
-203 -679 0
-203 -713 0
-203 -747 0
-203 -781 0
-203 -815 0
-203 -849 0
-203 -883 0
-203 -917 0
-203 -951 0
-203 -985 0
-203 -1019 0
-203 -1053 0
-203 -1087 0
-237 -271 0
-237 -305 0
-237 -339 0
-237 -373 0
-237 -407 0
-237 -441 0
-237 -475 0
-237 -509 0
-237 -543 0
-237 -577 0
-237 -611 0
-237 -645 0
-237 -679 0
-237 -713 0
-237 -747 0
-237 -781 0
-237 -815 0
-237 -849 0
-237 -883 0
-237 -917 0
-237 -951 0
-237 -985 0
-237 -1019 0
-237 -1053 0
-237 -1087 0
-271 -305 0
-271 -339 0
-271 -373 0
-271 -407 0
-271 -441 0
-271 -475 0
-271 -509 0
-271 -543 0
-271 -577 0
-271 -611 0
-271 -645 0
-271 -679 0
-271 -713 0
-271 -747 0
-271 -781 0
-271 -815 0
-271 -849 0
-271 -883 0
-271 -917 0
-271 -951 0
-271 -985 0
-271 -1019 0
-271 -1053 0
-271 -1087 0
-305 -339 0
-305 -373 0
-305 -407 0
-305 -441 0
-305 -475 0
-305 -509 0
-305 -543 0
-305 -577 0
-305 -611 0
-305 -645 0
-305 -679 0
-305 -713 0
-305 -747 0
-305 -781 0
-305 -815 0
-305 -849 0
-305 -883 0
-305 -917 0
-305 -951 0
-305 -985 0
-305 -1019 0
-305 -1053 0
-305 -1087 0
-339 -373 0
-339 -407 0
-339 -441 0
-339 -475 0
-339 -509 0
-339 -543 0
-339 -577 0
-339 -611 0
-339 -645 0
-339 -679 0
-339 -713 0
-339 -747 0
-339 -781 0
-339 -815 0
-339 -849 0
-339 -883 0
-339 -917 0
-339 -951 0
-339 -985 0
-339 -1019 0
-339 -1053 0
-339 -1087 0
-373 -407 0
-373 -441 0
-373 -475 0
-373 -509 0
-373 -543 0
-373 -577 0
-373 -611 0
-373 -645 0
-373 -679 0
-373 -713 0
-373 -747 0
-373 -781 0
-373 -815 0
-373 -849 0
-373 -883 0
-373 -917 0
-373 -951 0
-373 -985 0
-373 -1019 0
-373 -1053 0
-373 -1087 0
-407 -441 0
-407 -475 0
-407 -509 0
-407 -543 0
-407 -577 0
-407 -611 0
-407 -645 0
-407 -679 0
-407 -713 0
-407 -747 0
-407 -781 0
-407 -815 0
-407 -849 0
-407 -883 0
-407 -917 0
-407 -951 0
-407 -985 0
-407 -1019 0
-407 -1053 0
-407 -1087 0
-441 -475 0
-441 -509 0
-441 -543 0
-441 -577 0
-441 -611 0
-441 -645 0
-441 -679 0
-441 -713 0
-441 -747 0
-441 -781 0
-441 -815 0
-441 -849 0
-441 -883 0
-441 -917 0
-441 -951 0
-441 -985 0
-441 -1019 0
-441 -1053 0
-441 -1087 0
-475 -509 0
-475 -543 0
-475 -577 0
-475 -611 0
-475 -645 0
-475 -679 0
-475 -713 0
-475 -747 0
-475 -781 0
-475 -815 0
-475 -849 0
-475 -883 0
-475 -917 0
-475 -951 0
-475 -985 0
-475 -1019 0
-475 -1053 0
-475 -1087 0
-509 -543 0
-509 -577 0
-509 -611 0
-509 -645 0
-509 -679 0
-509 -713 0
-509 -747 0
-509 -781 0
-509 -815 0
-509 -849 0
-509 -883 0
-509 -917 0
-509 -951 0
-509 -985 0
-509 -1019 0
-509 -1053 0
-509 -1087 0
-543 -577 0
-543 -611 0
-543 -645 0
-543 -679 0
-543 -713 0
-543 -747 0
-543 -781 0
-543 -815 0
-543 -849 0
-543 -883 0
-543 -917 0
-543 -951 0
-543 -985 0
-543 -1019 0
-543 -1053 0
-543 -1087 0
-577 -611 0
-577 -645 0
-577 -679 0
-577 -713 0
-577 -747 0
-577 -781 0
-577 -815 0
-577 -849 0
-577 -883 0
-577 -917 0
-577 -951 0
-577 -985 0
-577 -1019 0
-577 -1053 0
-577 -1087 0
-611 -645 0
-611 -679 0
-611 -713 0
-611 -747 0
-611 -781 0
-611 -815 0
-611 -849 0
-611 -883 0
-611 -917 0
-611 -951 0
-611 -985 0
-611 -1019 0
-611 -1053 0
-611 -1087 0
-645 -679 0
-645 -713 0
-645 -747 0
-645 -781 0
-645 -815 0
-645 -849 0
-645 -883 0
-645 -917 0
-645 -951 0
-645 -985 0
-645 -1019 0
-645 -1053 0
-645 -1087 0
-679 -713 0
-679 -747 0
-679 -781 0
-679 -815 0
-679 -849 0
-679 -883 0
-679 -917 0
-679 -951 0
-679 -985 0
-679 -1019 0
-679 -1053 0
-679 -1087 0
-713 -747 0
-713 -781 0
-713 -815 0
-713 -849 0
-713 -883 0
-713 -917 0
-713 -951 0
-713 -985 0
-713 -1019 0
-713 -1053 0
-713 -1087 0
-747 -781 0
-747 -815 0
-747 -849 0
-747 -883 0
-747 -917 0
-747 -951 0
-747 -985 0
-747 -1019 0
-747 -1053 0
-747 -1087 0
-781 -815 0
-781 -849 0
-781 -883 0
-781 -917 0
-781 -951 0
-781 -985 0
-781 -1019 0
-781 -1053 0
-781 -1087 0
-815 -849 0
-815 -883 0
-815 -917 0
-815 -951 0
-815 -985 0
-815 -1019 0
-815 -1053 0
-815 -1087 0
-849 -883 0
-849 -917 0
-849 -951 0
-849 -985 0
-849 -1019 0
-849 -1053 0
-849 -1087 0
-883 -917 0
-883 -951 0
-883 -985 0
-883 -1019 0
-883 -1053 0
-883 -1087 0
-917 -951 0
-917 -985 0
-917 -1019 0
-917 -1053 0
-917 -1087 0
-951 -985 0
-951 -1019 0
-951 -1053 0
-951 -1087 0
-985 -1019 0
-985 -1053 0
-985 -1087 0
-1019 -1053 0
-1019 -1087 0
-1053 -1087 0
-100 -134 0
-100 -168 0
-100 -202 0
-100 -236 0
-100 -270 0
-100 -304 0
-100 -338 0
-100 -372 0
-100 -406 0
-100 -440 0
-100 -474 0
-100 -508 0
-100 -542 0
-100 -576 0
-100 -610 0
-100 -644 0
-100 -678 0
-100 -712 0
-100 -746 0
-100 -780 0
-100 -814 0
-100 -848 0
-100 -882 0
-100 -916 0
-100 -950 0
-100 -984 0
-100 -1018 0
-100 -1052 0
-100 -1086 0
-134 -168 0
-134 -202 0
-134 -236 0
-134 -270 0
-134 -304 0
-134 -338 0
-134 -372 0
-134 -406 0
-134 -440 0
-134 -474 0
-134 -508 0
-134 -542 0
-134 -576 0
-134 -610 0
-134 -644 0
-134 -678 0
-134 -712 0
-134 -746 0
-134 -780 0
-134 -814 0
-134 -848 0
-134 -882 0
-134 -916 0
-134 -950 0
-134 -984 0
-134 -1018 0
-134 -1052 0
-134 -1086 0
-168 -202 0
-168 -236 0
-168 -270 0
-168 -304 0
-168 -338 0
-168 -372 0
-168 -406 0
-168 -440 0
-168 -474 0
-168 -508 0
-168 -542 0
-168 -576 0
-168 -610 0
-168 -644 0
-168 -678 0
-168 -712 0
-168 -746 0
-168 -780 0
-168 -814 0
-168 -848 0
-168 -882 0
-168 -916 0
-168 -950 0
-168 -984 0
-168 -1018 0
-168 -1052 0
-168 -1086 0
-202 -236 0
-202 -270 0
-202 -304 0
-202 -338 0
-202 -372 0
-202 -406 0
-202 -440 0
-202 -474 0
-202 -508 0
-202 -542 0
-202 -576 0
-202 -610 0
-202 -644 0
-202 -678 0
-202 -712 0
-202 -746 0
-202 -780 0
-202 -814 0
-202 -848 0
-202 -882 0
-202 -916 0
-202 -950 0
-202 -984 0
-202 -1018 0
-202 -1052 0
-202 -1086 0
-236 -270 0
-236 -304 0
-236 -338 0
-236 -372 0
-236 -406 0
-236 -440 0
-236 -474 0
-236 -508 0
-236 -542 0
-236 -576 0
-236 -610 0
-236 -644 0
-236 -678 0
-236 -712 0
-236 -746 0
-236 -780 0
-236 -814 0
-236 -848 0
-236 -882 0
-236 -916 0
-236 -950 0
-236 -984 0
-236 -1018 0
-236 -1052 0
-236 -1086 0
-270 -304 0
-270 -338 0
-270 -372 0
-270 -406 0
-270 -440 0
-270 -474 0
-270 -508 0
-270 -542 0
-270 -576 0
-270 -610 0
-270 -644 0
-270 -678 0
-270 -712 0
-270 -746 0
-270 -780 0
-270 -814 0
-270 -848 0
-270 -882 0
-270 -916 0
-270 -950 0
-270 -984 0
-270 -1018 0
-270 -1052 0
-270 -1086 0
-304 -338 0
-304 -372 0
-304 -406 0
-304 -440 0
-304 -474 0
-304 -508 0
-304 -542 0
-304 -576 0
-304 -610 0
-304 -644 0
-304 -678 0
-304 -712 0
-304 -746 0
-304 -780 0
-304 -814 0
-304 -848 0
-304 -882 0
-304 -916 0
-304 -950 0
-304 -984 0
-304 -1018 0
-304 -1052 0
-304 -1086 0
-338 -372 0
-338 -406 0
-338 -440 0
-338 -474 0
-338 -508 0
-338 -542 0
-338 -576 0
-338 -610 0
-338 -644 0
-338 -678 0
-338 -712 0
-338 -746 0
-338 -780 0
-338 -814 0
-338 -848 0
-338 -882 0
-338 -916 0
-338 -950 0
-338 -984 0
-338 -1018 0
-338 -1052 0
-338 -1086 0
-372 -406 0
-372 -440 0
-372 -474 0
-372 -508 0
-372 -542 0
-372 -576 0
-372 -610 0
-372 -644 0
-372 -678 0
-372 -712 0
-372 -746 0
-372 -780 0
-372 -814 0
-372 -848 0
-372 -882 0
-372 -916 0
-372 -950 0
-372 -984 0
-372 -1018 0
-372 -1052 0
-372 -1086 0
-406 -440 0
-406 -474 0
-406 -508 0
-406 -542 0
-406 -576 0
-406 -610 0
-406 -644 0
-406 -678 0
-406 -712 0
-406 -746 0
-406 -780 0
-406 -814 0
-406 -848 0
-406 -882 0
-406 -916 0
-406 -950 0
-406 -984 0
-406 -1018 0
-406 -1052 0
-406 -1086 0
-440 -474 0
-440 -508 0
-440 -542 0
-440 -576 0
-440 -610 0
-440 -644 0
-440 -678 0
-440 -712 0
-440 -746 0
-440 -780 0
-440 -814 0
-440 -848 0
-440 -882 0
-440 -916 0
-440 -950 0
-440 -984 0
-440 -1018 0
-440 -1052 0
-440 -1086 0
-474 -508 0
-474 -542 0
-474 -576 0
-474 -610 0
-474 -644 0
-474 -678 0
-474 -712 0
-474 -746 0
-474 -780 0
-474 -814 0
-474 -848 0
-474 -882 0
-474 -916 0
-474 -950 0
-474 -984 0
-474 -1018 0
-474 -1052 0
-474 -1086 0
-508 -542 0
-508 -576 0
-508 -610 0
-508 -644 0
-508 -678 0
-508 -712 0
-508 -746 0
-508 -780 0
-508 -814 0
-508 -848 0
-508 -882 0
-508 -916 0
-508 -950 0
-508 -984 0
-508 -1018 0
-508 -1052 0
-508 -1086 0
-542 -576 0
-542 -610 0
-542 -644 0
-542 -678 0
-542 -712 0
-542 -746 0
-542 -780 0
-542 -814 0
-542 -848 0
-542 -882 0
-542 -916 0
-542 -950 0
-542 -984 0
-542 -1018 0
-542 -1052 0
-542 -1086 0
-576 -610 0
-576 -644 0
-576 -678 0
-576 -712 0
-576 -746 0
-576 -780 0
-576 -814 0
-576 -848 0
-576 -882 0
-576 -916 0
-576 -950 0
-576 -984 0
-576 -1018 0
-576 -1052 0
-576 -1086 0
-610 -644 0
-610 -678 0
-610 -712 0
-610 -746 0
-610 -780 0
-610 -814 0
-610 -848 0
-610 -882 0
-610 -916 0
-610 -950 0
-610 -984 0
-610 -1018 0
-610 -1052 0
-610 -1086 0
-644 -678 0
-644 -712 0
-644 -746 0
-644 -780 0
-644 -814 0
-644 -848 0
-644 -882 0
-644 -916 0
-644 -950 0
-644 -984 0
-644 -1018 0
-644 -1052 0
-644 -1086 0
-678 -712 0
-678 -746 0
-678 -780 0
-678 -814 0
-678 -848 0
-678 -882 0
-678 -916 0
-678 -950 0
-678 -984 0
-678 -1018 0
-678 -1052 0
-678 -1086 0
-712 -746 0
-712 -780 0
-712 -814 0
-712 -848 0
-712 -882 0
-712 -916 0
-712 -950 0
-712 -984 0
-712 -1018 0
-712 -1052 0
-712 -1086 0
-746 -780 0
-746 -814 0
-746 -848 0
-746 -882 0
-746 -916 0
-746 -950 0
-746 -984 0
-746 -1018 0
-746 -1052 0
-746 -1086 0
-780 -814 0
-780 -848 0
-780 -882 0
-780 -916 0
-780 -950 0
-780 -984 0
-780 -1018 0
-780 -1052 0
-780 -1086 0
-814 -848 0
-814 -882 0
-814 -916 0
-814 -950 0
-814 -984 0
-814 -1018 0
-814 -1052 0
-814 -1086 0
-848 -882 0
-848 -916 0
-848 -950 0
-848 -984 0
-848 -1018 0
-848 -1052 0
-848 -1086 0
-882 -916 0
-882 -950 0
-882 -984 0
-882 -1018 0
-882 -1052 0
-882 -1086 0
-916 -950 0
-916 -984 0
-916 -1018 0
-916 -1052 0
-916 -1086 0
-950 -984 0
-950 -1018 0
-950 -1052 0
-950 -1086 0
-984 -1018 0
-984 -1052 0
-984 -1086 0
-1018 -1052 0
-1018 -1086 0
-1052 -1086 0
-133 -167 0
-133 -201 0
-133 -235 0
-133 -269 0
-133 -303 0
-133 -337 0
-133 -371 0
-133 -405 0
-133 -439 0
-133 -473 0
-133 -507 0
-133 -541 0
-133 -575 0
-133 -609 0
-133 -643 0
-133 -677 0
-133 -711 0
-133 -745 0
-133 -779 0
-133 -813 0
-133 -847 0
-133 -881 0
-133 -915 0
-133 -949 0
-133 -983 0
-133 -1017 0
-133 -1051 0
-133 -1085 0
-167 -201 0
-167 -235 0
-167 -269 0
-167 -303 0
-167 -337 0
-167 -371 0
-167 -405 0
-167 -439 0
-167 -473 0
-167 -507 0
-167 -541 0
-167 -575 0
-167 -609 0
-167 -643 0
-167 -677 0
-167 -711 0
-167 -745 0
-167 -779 0
-167 -813 0
-167 -847 0
-167 -881 0
-167 -915 0
-167 -949 0
-167 -983 0
-167 -1017 0
-167 -1051 0
-167 -1085 0
-201 -235 0
-201 -269 0
-201 -303 0
-201 -337 0
-201 -371 0
-201 -405 0
-201 -439 0
-201 -473 0
-201 -507 0
-201 -541 0
-201 -575 0
-201 -609 0
-201 -643 0
-201 -677 0
-201 -711 0
-201 -745 0
-201 -779 0
-201 -813 0
-201 -847 0
-201 -881 0
-201 -915 0
-201 -949 0
-201 -983 0
-201 -1017 0
-201 -1051 0
-201 -1085 0
-235 -269 0
-235 -303 0
-235 -337 0
-235 -371 0
-235 -405 0
-235 -439 0
-235 -473 0
-235 -507 0
-235 -541 0
-235 -575 0
-235 -609 0
-235 -643 0
-235 -677 0
-235 -711 0
-235 -745 0
-235 -779 0
-235 -813 0
-235 -847 0
-235 -881 0
-235 -915 0
-235 -949 0
-235 -983 0
-235 -1017 0
-235 -1051 0
-235 -1085 0
-269 -303 0
-269 -337 0
-269 -371 0
-269 -405 0
-269 -439 0
-269 -473 0
-269 -507 0
-269 -541 0
-269 -575 0
-269 -609 0
-269 -643 0
-269 -677 0
-269 -711 0
-269 -745 0
-269 -779 0
-269 -813 0
-269 -847 0
-269 -881 0
-269 -915 0
-269 -949 0
-269 -983 0
-269 -1017 0
-269 -1051 0
-269 -1085 0
-303 -337 0
-303 -371 0
-303 -405 0
-303 -439 0
-303 -473 0
-303 -507 0
-303 -541 0
-303 -575 0
-303 -609 0
-303 -643 0
-303 -677 0
-303 -711 0
-303 -745 0
-303 -779 0
-303 -813 0
-303 -847 0
-303 -881 0
-303 -915 0
-303 -949 0
-303 -983 0
-303 -1017 0
-303 -1051 0
-303 -1085 0
-337 -371 0
-337 -405 0
-337 -439 0
-337 -473 0
-337 -507 0
-337 -541 0
-337 -575 0
-337 -609 0
-337 -643 0
-337 -677 0
-337 -711 0
-337 -745 0
-337 -779 0
-337 -813 0
-337 -847 0
-337 -881 0
-337 -915 0
-337 -949 0
-337 -983 0
-337 -1017 0
-337 -1051 0
-337 -1085 0
-371 -405 0
-371 -439 0
-371 -473 0
-371 -507 0
-371 -541 0
-371 -575 0
-371 -609 0
-371 -643 0
-371 -677 0
-371 -711 0
-371 -745 0
-371 -779 0
-371 -813 0
-371 -847 0
-371 -881 0
-371 -915 0
-371 -949 0
-371 -983 0
-371 -1017 0
-371 -1051 0
-371 -1085 0
-405 -439 0
-405 -473 0
-405 -507 0
-405 -541 0
-405 -575 0
-405 -609 0
-405 -643 0
-405 -677 0
-405 -711 0
-405 -745 0
-405 -779 0
-405 -813 0
-405 -847 0
-405 -881 0
-405 -915 0
-405 -949 0
-405 -983 0
-405 -1017 0
-405 -1051 0
-405 -1085 0
-439 -473 0
-439 -507 0
-439 -541 0
-439 -575 0
-439 -609 0
-439 -643 0
-439 -677 0
-439 -711 0
-439 -745 0
-439 -779 0
-439 -813 0
-439 -847 0
-439 -881 0
-439 -915 0
-439 -949 0
-439 -983 0
-439 -1017 0
-439 -1051 0
-439 -1085 0
-473 -507 0
-473 -541 0
-473 -575 0
-473 -609 0
-473 -643 0
-473 -677 0
-473 -711 0
-473 -745 0
-473 -779 0
-473 -813 0
-473 -847 0
-473 -881 0
-473 -915 0
-473 -949 0
-473 -983 0
-473 -1017 0
-473 -1051 0
-473 -1085 0
-507 -541 0
-507 -575 0
-507 -609 0
-507 -643 0
-507 -677 0
-507 -711 0
-507 -745 0
-507 -779 0
-507 -813 0
-507 -847 0
-507 -881 0
-507 -915 0
-507 -949 0
-507 -983 0
-507 -1017 0
-507 -1051 0
-507 -1085 0
-541 -575 0
-541 -609 0
-541 -643 0
-541 -677 0
-541 -711 0
-541 -745 0
-541 -779 0
-541 -813 0
-541 -847 0
-541 -881 0
-541 -915 0
-541 -949 0
-541 -983 0
-541 -1017 0
-541 -1051 0
-541 -1085 0
-575 -609 0
-575 -643 0
-575 -677 0
-575 -711 0
-575 -745 0
-575 -779 0
-575 -813 0
-575 -847 0
-575 -881 0
-575 -915 0
-575 -949 0
-575 -983 0
-575 -1017 0
-575 -1051 0
-575 -1085 0
-609 -643 0
-609 -677 0
-609 -711 0
-609 -745 0
-609 -779 0
-609 -813 0
-609 -847 0
-609 -881 0
-609 -915 0
-609 -949 0
-609 -983 0
-609 -1017 0
-609 -1051 0
-609 -1085 0
-643 -677 0
-643 -711 0
-643 -745 0
-643 -779 0
-643 -813 0
-643 -847 0
-643 -881 0
-643 -915 0
-643 -949 0
-643 -983 0
-643 -1017 0
-643 -1051 0
-643 -1085 0
-677 -711 0
-677 -745 0
-677 -779 0
-677 -813 0
-677 -847 0
-677 -881 0
-677 -915 0
-677 -949 0
-677 -983 0
-677 -1017 0
-677 -1051 0
-677 -1085 0
-711 -745 0
-711 -779 0
-711 -813 0
-711 -847 0
-711 -881 0
-711 -915 0
-711 -949 0
-711 -983 0
-711 -1017 0
-711 -1051 0
-711 -1085 0
-745 -779 0
-745 -813 0
-745 -847 0
-745 -881 0
-745 -915 0
-745 -949 0
-745 -983 0
-745 -1017 0
-745 -1051 0
-745 -1085 0
-779 -813 0
-779 -847 0
-779 -881 0
-779 -915 0
-779 -949 0
-779 -983 0
-779 -1017 0
-779 -1051 0
-779 -1085 0
-813 -847 0
-813 -881 0
-813 -915 0
-813 -949 0
-813 -983 0
-813 -1017 0
-813 -1051 0
-813 -1085 0
-847 -881 0
-847 -915 0
-847 -949 0
-847 -983 0
-847 -1017 0
-847 -1051 0
-847 -1085 0
-881 -915 0
-881 -949 0
-881 -983 0
-881 -1017 0
-881 -1051 0
-881 -1085 0
-915 -949 0
-915 -983 0
-915 -1017 0
-915 -1051 0
-915 -1085 0
-949 -983 0
-949 -1017 0
-949 -1051 0
-949 -1085 0
-983 -1017 0
-983 -1051 0
-983 -1085 0
-1017 -1051 0
-1017 -1085 0
-1051 -1085 0
-166 -200 0
-166 -234 0
-166 -268 0
-166 -302 0
-166 -336 0
-166 -370 0
-166 -404 0
-166 -438 0
-166 -472 0
-166 -506 0
-166 -540 0
-166 -574 0
-166 -608 0
-166 -642 0
-166 -676 0
-166 -710 0
-166 -744 0
-166 -778 0
-166 -812 0
-166 -846 0
-166 -880 0
-166 -914 0
-166 -948 0
-166 -982 0
-166 -1016 0
-166 -1050 0
-166 -1084 0
-200 -234 0
-200 -268 0
-200 -302 0
-200 -336 0
-200 -370 0
-200 -404 0
-200 -438 0
-200 -472 0
-200 -506 0
-200 -540 0
-200 -574 0
-200 -608 0
-200 -642 0
-200 -676 0
-200 -710 0
-200 -744 0
-200 -778 0
-200 -812 0
-200 -846 0
-200 -880 0
-200 -914 0
-200 -948 0
-200 -982 0
-200 -1016 0
-200 -1050 0
-200 -1084 0
-234 -268 0
-234 -302 0
-234 -336 0
-234 -370 0
-234 -404 0
-234 -438 0
-234 -472 0
-234 -506 0
-234 -540 0
-234 -574 0
-234 -608 0
-234 -642 0
-234 -676 0
-234 -710 0
-234 -744 0
-234 -778 0
-234 -812 0
-234 -846 0
-234 -880 0
-234 -914 0
-234 -948 0
-234 -982 0
-234 -1016 0
-234 -1050 0
-234 -1084 0
-268 -302 0
-268 -336 0
-268 -370 0
-268 -404 0
-268 -438 0
-268 -472 0
-268 -506 0
-268 -540 0
-268 -574 0
-268 -608 0
-268 -642 0
-268 -676 0
-268 -710 0
-268 -744 0
-268 -778 0
-268 -812 0
-268 -846 0
-268 -880 0
-268 -914 0
-268 -948 0
-268 -982 0
-268 -1016 0
-268 -1050 0
-268 -1084 0
-302 -336 0
-302 -370 0
-302 -404 0
-302 -438 0
-302 -472 0
-302 -506 0
-302 -540 0
-302 -574 0
-302 -608 0
-302 -642 0
-302 -676 0
-302 -710 0
-302 -744 0
-302 -778 0
-302 -812 0
-302 -846 0
-302 -880 0
-302 -914 0
-302 -948 0
-302 -982 0
-302 -1016 0
-302 -1050 0
-302 -1084 0
-336 -370 0
-336 -404 0
-336 -438 0
-336 -472 0
-336 -506 0
-336 -540 0
-336 -574 0
-336 -608 0
-336 -642 0
-336 -676 0
-336 -710 0
-336 -744 0
-336 -778 0
-336 -812 0
-336 -846 0
-336 -880 0
-336 -914 0
-336 -948 0
-336 -982 0
-336 -1016 0
-336 -1050 0
-336 -1084 0
-370 -404 0
-370 -438 0
-370 -472 0
-370 -506 0
-370 -540 0
-370 -574 0
-370 -608 0
-370 -642 0
-370 -676 0
-370 -710 0
-370 -744 0
-370 -778 0
-370 -812 0
-370 -846 0
-370 -880 0
-370 -914 0
-370 -948 0
-370 -982 0
-370 -1016 0
-370 -1050 0
-370 -1084 0
-404 -438 0
-404 -472 0
-404 -506 0
-404 -540 0
-404 -574 0
-404 -608 0
-404 -642 0
-404 -676 0
-404 -710 0
-404 -744 0
-404 -778 0
-404 -812 0
-404 -846 0
-404 -880 0
-404 -914 0
-404 -948 0
-404 -982 0
-404 -1016 0
-404 -1050 0
-404 -1084 0
-438 -472 0
-438 -506 0
-438 -540 0
-438 -574 0
-438 -608 0
-438 -642 0
-438 -676 0
-438 -710 0
-438 -744 0
-438 -778 0
-438 -812 0
-438 -846 0
-438 -880 0
-438 -914 0
-438 -948 0
-438 -982 0
-438 -1016 0
-438 -1050 0
-438 -1084 0
-472 -506 0
-472 -540 0
-472 -574 0
-472 -608 0
-472 -642 0
-472 -676 0
-472 -710 0
-472 -744 0
-472 -778 0
-472 -812 0
-472 -846 0
-472 -880 0
-472 -914 0
-472 -948 0
-472 -982 0
-472 -1016 0
-472 -1050 0
-472 -1084 0
-506 -540 0
-506 -574 0
-506 -608 0
-506 -642 0
-506 -676 0
-506 -710 0
-506 -744 0
-506 -778 0
-506 -812 0
-506 -846 0
-506 -880 0
-506 -914 0
-506 -948 0
-506 -982 0
-506 -1016 0
-506 -1050 0
-506 -1084 0
-540 -574 0
-540 -608 0
-540 -642 0
-540 -676 0
-540 -710 0
-540 -744 0
-540 -778 0
-540 -812 0
-540 -846 0
-540 -880 0
-540 -914 0
-540 -948 0
-540 -982 0
-540 -1016 0
-540 -1050 0
-540 -1084 0
-574 -608 0
-574 -642 0
-574 -676 0
-574 -710 0
-574 -744 0
-574 -778 0
-574 -812 0
-574 -846 0
-574 -880 0
-574 -914 0
-574 -948 0
-574 -982 0
-574 -1016 0
-574 -1050 0
-574 -1084 0
-608 -642 0
-608 -676 0
-608 -710 0
-608 -744 0
-608 -778 0
-608 -812 0
-608 -846 0
-608 -880 0
-608 -914 0
-608 -948 0
-608 -982 0
-608 -1016 0
-608 -1050 0
-608 -1084 0
-642 -676 0
-642 -710 0
-642 -744 0
-642 -778 0
-642 -812 0
-642 -846 0
-642 -880 0
-642 -914 0
-642 -948 0
-642 -982 0
-642 -1016 0
-642 -1050 0
-642 -1084 0
-676 -710 0
-676 -744 0
-676 -778 0
-676 -812 0
-676 -846 0
-676 -880 0
-676 -914 0
-676 -948 0
-676 -982 0
-676 -1016 0
-676 -1050 0
-676 -1084 0
-710 -744 0
-710 -778 0
-710 -812 0
-710 -846 0
-710 -880 0
-710 -914 0
-710 -948 0
-710 -982 0
-710 -1016 0
-710 -1050 0
-710 -1084 0
-744 -778 0
-744 -812 0
-744 -846 0
-744 -880 0
-744 -914 0
-744 -948 0
-744 -982 0
-744 -1016 0
-744 -1050 0
-744 -1084 0
-778 -812 0
-778 -846 0
-778 -880 0
-778 -914 0
-778 -948 0
-778 -982 0
-778 -1016 0
-778 -1050 0
-778 -1084 0
-812 -846 0
-812 -880 0
-812 -914 0
-812 -948 0
-812 -982 0
-812 -1016 0
-812 -1050 0
-812 -1084 0
-846 -880 0
-846 -914 0
-846 -948 0
-846 -982 0
-846 -1016 0
-846 -1050 0
-846 -1084 0
-880 -914 0
-880 -948 0
-880 -982 0
-880 -1016 0
-880 -1050 0
-880 -1084 0
-914 -948 0
-914 -982 0
-914 -1016 0
-914 -1050 0
-914 -1084 0
-948 -982 0
-948 -1016 0
-948 -1050 0
-948 -1084 0
-982 -1016 0
-982 -1050 0
-982 -1084 0
-1016 -1050 0
-1016 -1084 0
-1050 -1084 0
-199 -233 0
-199 -267 0
-199 -301 0
-199 -335 0
-199 -369 0
-199 -403 0
-199 -437 0
-199 -471 0
-199 -505 0
-199 -539 0
-199 -573 0
-199 -607 0
-199 -641 0
-199 -675 0
-199 -709 0
-199 -743 0
-199 -777 0
-199 -811 0
-199 -845 0
-199 -879 0
-199 -913 0
-199 -947 0
-199 -981 0
-199 -1015 0
-199 -1049 0
-199 -1083 0
-233 -267 0
-233 -301 0
-233 -335 0
-233 -369 0
-233 -403 0
-233 -437 0
-233 -471 0
-233 -505 0
-233 -539 0
-233 -573 0
-233 -607 0
-233 -641 0
-233 -675 0
-233 -709 0
-233 -743 0
-233 -777 0
-233 -811 0
-233 -845 0
-233 -879 0
-233 -913 0
-233 -947 0
-233 -981 0
-233 -1015 0
-233 -1049 0
-233 -1083 0
-267 -301 0
-267 -335 0
-267 -369 0
-267 -403 0
-267 -437 0
-267 -471 0
-267 -505 0
-267 -539 0
-267 -573 0
-267 -607 0
-267 -641 0
-267 -675 0
-267 -709 0
-267 -743 0
-267 -777 0
-267 -811 0
-267 -845 0
-267 -879 0
-267 -913 0
-267 -947 0
-267 -981 0
-267 -1015 0
-267 -1049 0
-267 -1083 0
-301 -335 0
-301 -369 0
-301 -403 0
-301 -437 0
-301 -471 0
-301 -505 0
-301 -539 0
-301 -573 0
-301 -607 0
-301 -641 0
-301 -675 0
-301 -709 0
-301 -743 0
-301 -777 0
-301 -811 0
-301 -845 0
-301 -879 0
-301 -913 0
-301 -947 0
-301 -981 0
-301 -1015 0
-301 -1049 0
-301 -1083 0
-335 -369 0
-335 -403 0
-335 -437 0
-335 -471 0
-335 -505 0
-335 -539 0
-335 -573 0
-335 -607 0
-335 -641 0
-335 -675 0
-335 -709 0
-335 -743 0
-335 -777 0
-335 -811 0
-335 -845 0
-335 -879 0
-335 -913 0
-335 -947 0
-335 -981 0
-335 -1015 0
-335 -1049 0
-335 -1083 0
-369 -403 0
-369 -437 0
-369 -471 0
-369 -505 0
-369 -539 0
-369 -573 0
-369 -607 0
-369 -641 0
-369 -675 0
-369 -709 0
-369 -743 0
-369 -777 0
-369 -811 0
-369 -845 0
-369 -879 0
-369 -913 0
-369 -947 0
-369 -981 0
-369 -1015 0
-369 -1049 0
-369 -1083 0
-403 -437 0
-403 -471 0
-403 -505 0
-403 -539 0
-403 -573 0
-403 -607 0
-403 -641 0
-403 -675 0
-403 -709 0
-403 -743 0
-403 -777 0
-403 -811 0
-403 -845 0
-403 -879 0
-403 -913 0
-403 -947 0
-403 -981 0
-403 -1015 0
-403 -1049 0
-403 -1083 0
-437 -471 0
-437 -505 0
-437 -539 0
-437 -573 0
-437 -607 0
-437 -641 0
-437 -675 0
-437 -709 0
-437 -743 0
-437 -777 0
-437 -811 0
-437 -845 0
-437 -879 0
-437 -913 0
-437 -947 0
-437 -981 0
-437 -1015 0
-437 -1049 0
-437 -1083 0
-471 -505 0
-471 -539 0
-471 -573 0
-471 -607 0
-471 -641 0
-471 -675 0
-471 -709 0
-471 -743 0
-471 -777 0
-471 -811 0
-471 -845 0
-471 -879 0
-471 -913 0
-471 -947 0
-471 -981 0
-471 -1015 0
-471 -1049 0
-471 -1083 0
-505 -539 0
-505 -573 0
-505 -607 0
-505 -641 0
-505 -675 0
-505 -709 0
-505 -743 0
-505 -777 0
-505 -811 0
-505 -845 0
-505 -879 0
-505 -913 0
-505 -947 0
-505 -981 0
-505 -1015 0
-505 -1049 0
-505 -1083 0
-539 -573 0
-539 -607 0
-539 -641 0
-539 -675 0
-539 -709 0
-539 -743 0
-539 -777 0
-539 -811 0
-539 -845 0
-539 -879 0
-539 -913 0
-539 -947 0
-539 -981 0
-539 -1015 0
-539 -1049 0
-539 -1083 0
-573 -607 0
-573 -641 0
-573 -675 0
-573 -709 0
-573 -743 0
-573 -777 0
-573 -811 0
-573 -845 0
-573 -879 0
-573 -913 0
-573 -947 0
-573 -981 0
-573 -1015 0
-573 -1049 0
-573 -1083 0
-607 -641 0
-607 -675 0
-607 -709 0
-607 -743 0
-607 -777 0
-607 -811 0
-607 -845 0
-607 -879 0
-607 -913 0
-607 -947 0
-607 -981 0
-607 -1015 0
-607 -1049 0
-607 -1083 0
-641 -675 0
-641 -709 0
-641 -743 0
-641 -777 0
-641 -811 0
-641 -845 0
-641 -879 0
-641 -913 0
-641 -947 0
-641 -981 0
-641 -1015 0
-641 -1049 0
-641 -1083 0
-675 -709 0
-675 -743 0
-675 -777 0
-675 -811 0
-675 -845 0
-675 -879 0
-675 -913 0
-675 -947 0
-675 -981 0
-675 -1015 0
-675 -1049 0
-675 -1083 0
-709 -743 0
-709 -777 0
-709 -811 0
-709 -845 0
-709 -879 0
-709 -913 0
-709 -947 0
-709 -981 0
-709 -1015 0
-709 -1049 0
-709 -1083 0
-743 -777 0
-743 -811 0
-743 -845 0
-743 -879 0
-743 -913 0
-743 -947 0
-743 -981 0
-743 -1015 0
-743 -1049 0
-743 -1083 0
-777 -811 0
-777 -845 0
-777 -879 0
-777 -913 0
-777 -947 0
-777 -981 0
-777 -1015 0
-777 -1049 0
-777 -1083 0
-811 -845 0
-811 -879 0
-811 -913 0
-811 -947 0
-811 -981 0
-811 -1015 0
-811 -1049 0
-811 -1083 0
-845 -879 0
-845 -913 0
-845 -947 0
-845 -981 0
-845 -1015 0
-845 -1049 0
-845 -1083 0
-879 -913 0
-879 -947 0
-879 -981 0
-879 -1015 0
-879 -1049 0
-879 -1083 0
-913 -947 0
-913 -981 0
-913 -1015 0
-913 -1049 0
-913 -1083 0
-947 -981 0
-947 -1015 0
-947 -1049 0
-947 -1083 0
-981 -1015 0
-981 -1049 0
-981 -1083 0
-1015 -1049 0
-1015 -1083 0
-1049 -1083 0
-232 -266 0
-232 -300 0
-232 -334 0
-232 -368 0
-232 -402 0
-232 -436 0
-232 -470 0
-232 -504 0
-232 -538 0
-232 -572 0
-232 -606 0
-232 -640 0
-232 -674 0
-232 -708 0
-232 -742 0
-232 -776 0
-232 -810 0
-232 -844 0
-232 -878 0
-232 -912 0
-232 -946 0
-232 -980 0
-232 -1014 0
-232 -1048 0
-232 -1082 0
-266 -300 0
-266 -334 0
-266 -368 0
-266 -402 0
-266 -436 0
-266 -470 0
-266 -504 0
-266 -538 0
-266 -572 0
-266 -606 0
-266 -640 0
-266 -674 0
-266 -708 0
-266 -742 0
-266 -776 0
-266 -810 0
-266 -844 0
-266 -878 0
-266 -912 0
-266 -946 0
-266 -980 0
-266 -1014 0
-266 -1048 0
-266 -1082 0
-300 -334 0
-300 -368 0
-300 -402 0
-300 -436 0
-300 -470 0
-300 -504 0
-300 -538 0
-300 -572 0
-300 -606 0
-300 -640 0
-300 -674 0
-300 -708 0
-300 -742 0
-300 -776 0
-300 -810 0
-300 -844 0
-300 -878 0
-300 -912 0
-300 -946 0
-300 -980 0
-300 -1014 0
-300 -1048 0
-300 -1082 0
-334 -368 0
-334 -402 0
-334 -436 0
-334 -470 0
-334 -504 0
-334 -538 0
-334 -572 0
-334 -606 0
-334 -640 0
-334 -674 0
-334 -708 0
-334 -742 0
-334 -776 0
-334 -810 0
-334 -844 0
-334 -878 0
-334 -912 0
-334 -946 0
-334 -980 0
-334 -1014 0
-334 -1048 0
-334 -1082 0
-368 -402 0
-368 -436 0
-368 -470 0
-368 -504 0
-368 -538 0
-368 -572 0
-368 -606 0
-368 -640 0
-368 -674 0
-368 -708 0
-368 -742 0
-368 -776 0
-368 -810 0
-368 -844 0
-368 -878 0
-368 -912 0
-368 -946 0
-368 -980 0
-368 -1014 0
-368 -1048 0
-368 -1082 0
-402 -436 0
-402 -470 0
-402 -504 0
-402 -538 0
-402 -572 0
-402 -606 0
-402 -640 0
-402 -674 0
-402 -708 0
-402 -742 0
-402 -776 0
-402 -810 0
-402 -844 0
-402 -878 0
-402 -912 0
-402 -946 0
-402 -980 0
-402 -1014 0
-402 -1048 0
-402 -1082 0
-436 -470 0
-436 -504 0
-436 -538 0
-436 -572 0
-436 -606 0
-436 -640 0
-436 -674 0
-436 -708 0
-436 -742 0
-436 -776 0
-436 -810 0
-436 -844 0
-436 -878 0
-436 -912 0
-436 -946 0
-436 -980 0
-436 -1014 0
-436 -1048 0
-436 -1082 0
-470 -504 0
-470 -538 0
-470 -572 0
-470 -606 0
-470 -640 0
-470 -674 0
-470 -708 0
-470 -742 0
-470 -776 0
-470 -810 0
-470 -844 0
-470 -878 0
-470 -912 0
-470 -946 0
-470 -980 0
-470 -1014 0
-470 -1048 0
-470 -1082 0
-504 -538 0
-504 -572 0
-504 -606 0
-504 -640 0
-504 -674 0
-504 -708 0
-504 -742 0
-504 -776 0
-504 -810 0
-504 -844 0
-504 -878 0
-504 -912 0
-504 -946 0
-504 -980 0
-504 -1014 0
-504 -1048 0
-504 -1082 0
-538 -572 0
-538 -606 0
-538 -640 0
-538 -674 0
-538 -708 0
-538 -742 0
-538 -776 0
-538 -810 0
-538 -844 0
-538 -878 0
-538 -912 0
-538 -946 0
-538 -980 0
-538 -1014 0
-538 -1048 0
-538 -1082 0
-572 -606 0
-572 -640 0
-572 -674 0
-572 -708 0
-572 -742 0
-572 -776 0
-572 -810 0
-572 -844 0
-572 -878 0
-572 -912 0
-572 -946 0
-572 -980 0
-572 -1014 0
-572 -1048 0
-572 -1082 0
-606 -640 0
-606 -674 0
-606 -708 0
-606 -742 0
-606 -776 0
-606 -810 0
-606 -844 0
-606 -878 0
-606 -912 0
-606 -946 0
-606 -980 0
-606 -1014 0
-606 -1048 0
-606 -1082 0
-640 -674 0
-640 -708 0
-640 -742 0
-640 -776 0
-640 -810 0
-640 -844 0
-640 -878 0
-640 -912 0
-640 -946 0
-640 -980 0
-640 -1014 0
-640 -1048 0
-640 -1082 0
-674 -708 0
-674 -742 0
-674 -776 0
-674 -810 0
-674 -844 0
-674 -878 0
-674 -912 0
-674 -946 0
-674 -980 0
-674 -1014 0
-674 -1048 0
-674 -1082 0
-708 -742 0
-708 -776 0
-708 -810 0
-708 -844 0
-708 -878 0
-708 -912 0
-708 -946 0
-708 -980 0
-708 -1014 0
-708 -1048 0
-708 -1082 0
-742 -776 0
-742 -810 0
-742 -844 0
-742 -878 0
-742 -912 0
-742 -946 0
-742 -980 0
-742 -1014 0
-742 -1048 0
-742 -1082 0
-776 -810 0
-776 -844 0
-776 -878 0
-776 -912 0
-776 -946 0
-776 -980 0
-776 -1014 0
-776 -1048 0
-776 -1082 0
-810 -844 0
-810 -878 0
-810 -912 0
-810 -946 0
-810 -980 0
-810 -1014 0
-810 -1048 0
-810 -1082 0
-844 -878 0
-844 -912 0
-844 -946 0
-844 -980 0
-844 -1014 0
-844 -1048 0
-844 -1082 0
-878 -912 0
-878 -946 0
-878 -980 0
-878 -1014 0
-878 -1048 0
-878 -1082 0
-912 -946 0
-912 -980 0
-912 -1014 0
-912 -1048 0
-912 -1082 0
-946 -980 0
-946 -1014 0
-946 -1048 0
-946 -1082 0
-980 -1014 0
-980 -1048 0
-980 -1082 0
-1014 -1048 0
-1014 -1082 0
-1048 -1082 0
-265 -299 0
-265 -333 0
-265 -367 0
-265 -401 0
-265 -435 0
-265 -469 0
-265 -503 0
-265 -537 0
-265 -571 0
-265 -605 0
-265 -639 0
-265 -673 0
-265 -707 0
-265 -741 0
-265 -775 0
-265 -809 0
-265 -843 0
-265 -877 0
-265 -911 0
-265 -945 0
-265 -979 0
-265 -1013 0
-265 -1047 0
-265 -1081 0
-299 -333 0
-299 -367 0
-299 -401 0
-299 -435 0
-299 -469 0
-299 -503 0
-299 -537 0
-299 -571 0
-299 -605 0
-299 -639 0
-299 -673 0
-299 -707 0
-299 -741 0
-299 -775 0
-299 -809 0
-299 -843 0
-299 -877 0
-299 -911 0
-299 -945 0
-299 -979 0
-299 -1013 0
-299 -1047 0
-299 -1081 0
-333 -367 0
-333 -401 0
-333 -435 0
-333 -469 0
-333 -503 0
-333 -537 0
-333 -571 0
-333 -605 0
-333 -639 0
-333 -673 0
-333 -707 0
-333 -741 0
-333 -775 0
-333 -809 0
-333 -843 0
-333 -877 0
-333 -911 0
-333 -945 0
-333 -979 0
-333 -1013 0
-333 -1047 0
-333 -1081 0
-367 -401 0
-367 -435 0
-367 -469 0
-367 -503 0
-367 -537 0
-367 -571 0
-367 -605 0
-367 -639 0
-367 -673 0
-367 -707 0
-367 -741 0
-367 -775 0
-367 -809 0
-367 -843 0
-367 -877 0
-367 -911 0
-367 -945 0
-367 -979 0
-367 -1013 0
-367 -1047 0
-367 -1081 0
-401 -435 0
-401 -469 0
-401 -503 0
-401 -537 0
-401 -571 0
-401 -605 0
-401 -639 0
-401 -673 0
-401 -707 0
-401 -741 0
-401 -775 0
-401 -809 0
-401 -843 0
-401 -877 0
-401 -911 0
-401 -945 0
-401 -979 0
-401 -1013 0
-401 -1047 0
-401 -1081 0
-435 -469 0
-435 -503 0
-435 -537 0
-435 -571 0
-435 -605 0
-435 -639 0
-435 -673 0
-435 -707 0
-435 -741 0
-435 -775 0
-435 -809 0
-435 -843 0
-435 -877 0
-435 -911 0
-435 -945 0
-435 -979 0
-435 -1013 0
-435 -1047 0
-435 -1081 0
-469 -503 0
-469 -537 0
-469 -571 0
-469 -605 0
-469 -639 0
-469 -673 0
-469 -707 0
-469 -741 0
-469 -775 0
-469 -809 0
-469 -843 0
-469 -877 0
-469 -911 0
-469 -945 0
-469 -979 0
-469 -1013 0
-469 -1047 0
-469 -1081 0
-503 -537 0
-503 -571 0
-503 -605 0
-503 -639 0
-503 -673 0
-503 -707 0
-503 -741 0
-503 -775 0
-503 -809 0
-503 -843 0
-503 -877 0
-503 -911 0
-503 -945 0
-503 -979 0
-503 -1013 0
-503 -1047 0
-503 -1081 0
-537 -571 0
-537 -605 0
-537 -639 0
-537 -673 0
-537 -707 0
-537 -741 0
-537 -775 0
-537 -809 0
-537 -843 0
-537 -877 0
-537 -911 0
-537 -945 0
-537 -979 0
-537 -1013 0
-537 -1047 0
-537 -1081 0
-571 -605 0
-571 -639 0
-571 -673 0
-571 -707 0
-571 -741 0
-571 -775 0
-571 -809 0
-571 -843 0
-571 -877 0
-571 -911 0
-571 -945 0
-571 -979 0
-571 -1013 0
-571 -1047 0
-571 -1081 0
-605 -639 0
-605 -673 0
-605 -707 0
-605 -741 0
-605 -775 0
-605 -809 0
-605 -843 0
-605 -877 0
-605 -911 0
-605 -945 0
-605 -979 0
-605 -1013 0
-605 -1047 0
-605 -1081 0
-639 -673 0
-639 -707 0
-639 -741 0
-639 -775 0
-639 -809 0
-639 -843 0
-639 -877 0
-639 -911 0
-639 -945 0
-639 -979 0
-639 -1013 0
-639 -1047 0
-639 -1081 0
-673 -707 0
-673 -741 0
-673 -775 0
-673 -809 0
-673 -843 0
-673 -877 0
-673 -911 0
-673 -945 0
-673 -979 0
-673 -1013 0
-673 -1047 0
-673 -1081 0
-707 -741 0
-707 -775 0
-707 -809 0
-707 -843 0
-707 -877 0
-707 -911 0
-707 -945 0
-707 -979 0
-707 -1013 0
-707 -1047 0
-707 -1081 0
-741 -775 0
-741 -809 0
-741 -843 0
-741 -877 0
-741 -911 0
-741 -945 0
-741 -979 0
-741 -1013 0
-741 -1047 0
-741 -1081 0
-775 -809 0
-775 -843 0
-775 -877 0
-775 -911 0
-775 -945 0
-775 -979 0
-775 -1013 0
-775 -1047 0
-775 -1081 0
-809 -843 0
-809 -877 0
-809 -911 0
-809 -945 0
-809 -979 0
-809 -1013 0
-809 -1047 0
-809 -1081 0
-843 -877 0
-843 -911 0
-843 -945 0
-843 -979 0
-843 -1013 0
-843 -1047 0
-843 -1081 0
-877 -911 0
-877 -945 0
-877 -979 0
-877 -1013 0
-877 -1047 0
-877 -1081 0
-911 -945 0
-911 -979 0
-911 -1013 0
-911 -1047 0
-911 -1081 0
-945 -979 0
-945 -1013 0
-945 -1047 0
-945 -1081 0
-979 -1013 0
-979 -1047 0
-979 -1081 0
-1013 -1047 0
-1013 -1081 0
-1047 -1081 0
-298 -332 0
-298 -366 0
-298 -400 0
-298 -434 0
-298 -468 0
-298 -502 0
-298 -536 0
-298 -570 0
-298 -604 0
-298 -638 0
-298 -672 0
-298 -706 0
-298 -740 0
-298 -774 0
-298 -808 0
-298 -842 0
-298 -876 0
-298 -910 0
-298 -944 0
-298 -978 0
-298 -1012 0
-298 -1046 0
-298 -1080 0
-332 -366 0
-332 -400 0
-332 -434 0
-332 -468 0
-332 -502 0
-332 -536 0
-332 -570 0
-332 -604 0
-332 -638 0
-332 -672 0
-332 -706 0
-332 -740 0
-332 -774 0
-332 -808 0
-332 -842 0
-332 -876 0
-332 -910 0
-332 -944 0
-332 -978 0
-332 -1012 0
-332 -1046 0
-332 -1080 0
-366 -400 0
-366 -434 0
-366 -468 0
-366 -502 0
-366 -536 0
-366 -570 0
-366 -604 0
-366 -638 0
-366 -672 0
-366 -706 0
-366 -740 0
-366 -774 0
-366 -808 0
-366 -842 0
-366 -876 0
-366 -910 0
-366 -944 0
-366 -978 0
-366 -1012 0
-366 -1046 0
-366 -1080 0
-400 -434 0
-400 -468 0
-400 -502 0
-400 -536 0
-400 -570 0
-400 -604 0
-400 -638 0
-400 -672 0
-400 -706 0
-400 -740 0
-400 -774 0
-400 -808 0
-400 -842 0
-400 -876 0
-400 -910 0
-400 -944 0
-400 -978 0
-400 -1012 0
-400 -1046 0
-400 -1080 0
-434 -468 0
-434 -502 0
-434 -536 0
-434 -570 0
-434 -604 0
-434 -638 0
-434 -672 0
-434 -706 0
-434 -740 0
-434 -774 0
-434 -808 0
-434 -842 0
-434 -876 0
-434 -910 0
-434 -944 0
-434 -978 0
-434 -1012 0
-434 -1046 0
-434 -1080 0
-468 -502 0
-468 -536 0
-468 -570 0
-468 -604 0
-468 -638 0
-468 -672 0
-468 -706 0
-468 -740 0
-468 -774 0
-468 -808 0
-468 -842 0
-468 -876 0
-468 -910 0
-468 -944 0
-468 -978 0
-468 -1012 0
-468 -1046 0
-468 -1080 0
-502 -536 0
-502 -570 0
-502 -604 0
-502 -638 0
-502 -672 0
-502 -706 0
-502 -740 0
-502 -774 0
-502 -808 0
-502 -842 0
-502 -876 0
-502 -910 0
-502 -944 0
-502 -978 0
-502 -1012 0
-502 -1046 0
-502 -1080 0
-536 -570 0
-536 -604 0
-536 -638 0
-536 -672 0
-536 -706 0
-536 -740 0
-536 -774 0
-536 -808 0
-536 -842 0
-536 -876 0
-536 -910 0
-536 -944 0
-536 -978 0
-536 -1012 0
-536 -1046 0
-536 -1080 0
-570 -604 0
-570 -638 0
-570 -672 0
-570 -706 0
-570 -740 0
-570 -774 0
-570 -808 0
-570 -842 0
-570 -876 0
-570 -910 0
-570 -944 0
-570 -978 0
-570 -1012 0
-570 -1046 0
-570 -1080 0
-604 -638 0
-604 -672 0
-604 -706 0
-604 -740 0
-604 -774 0
-604 -808 0
-604 -842 0
-604 -876 0
-604 -910 0
-604 -944 0
-604 -978 0
-604 -1012 0
-604 -1046 0
-604 -1080 0
-638 -672 0
-638 -706 0
-638 -740 0
-638 -774 0
-638 -808 0
-638 -842 0
-638 -876 0
-638 -910 0
-638 -944 0
-638 -978 0
-638 -1012 0
-638 -1046 0
-638 -1080 0
-672 -706 0
-672 -740 0
-672 -774 0
-672 -808 0
-672 -842 0
-672 -876 0
-672 -910 0
-672 -944 0
-672 -978 0
-672 -1012 0
-672 -1046 0
-672 -1080 0
-706 -740 0
-706 -774 0
-706 -808 0
-706 -842 0
-706 -876 0
-706 -910 0
-706 -944 0
-706 -978 0
-706 -1012 0
-706 -1046 0
-706 -1080 0
-740 -774 0
-740 -808 0
-740 -842 0
-740 -876 0
-740 -910 0
-740 -944 0
-740 -978 0
-740 -1012 0
-740 -1046 0
-740 -1080 0
-774 -808 0
-774 -842 0
-774 -876 0
-774 -910 0
-774 -944 0
-774 -978 0
-774 -1012 0
-774 -1046 0
-774 -1080 0
-808 -842 0
-808 -876 0
-808 -910 0
-808 -944 0
-808 -978 0
-808 -1012 0
-808 -1046 0
-808 -1080 0
-842 -876 0
-842 -910 0
-842 -944 0
-842 -978 0
-842 -1012 0
-842 -1046 0
-842 -1080 0
-876 -910 0
-876 -944 0
-876 -978 0
-876 -1012 0
-876 -1046 0
-876 -1080 0
-910 -944 0
-910 -978 0
-910 -1012 0
-910 -1046 0
-910 -1080 0
-944 -978 0
-944 -1012 0
-944 -1046 0
-944 -1080 0
-978 -1012 0
-978 -1046 0
-978 -1080 0
-1012 -1046 0
-1012 -1080 0
-1046 -1080 0
-331 -365 0
-331 -399 0
-331 -433 0
-331 -467 0
-331 -501 0
-331 -535 0
-331 -569 0
-331 -603 0
-331 -637 0
-331 -671 0
-331 -705 0
-331 -739 0
-331 -773 0
-331 -807 0
-331 -841 0
-331 -875 0
-331 -909 0
-331 -943 0
-331 -977 0
-331 -1011 0
-331 -1045 0
-331 -1079 0
-365 -399 0
-365 -433 0
-365 -467 0
-365 -501 0
-365 -535 0
-365 -569 0
-365 -603 0
-365 -637 0
-365 -671 0
-365 -705 0
-365 -739 0
-365 -773 0
-365 -807 0
-365 -841 0
-365 -875 0
-365 -909 0
-365 -943 0
-365 -977 0
-365 -1011 0
-365 -1045 0
-365 -1079 0
-399 -433 0
-399 -467 0
-399 -501 0
-399 -535 0
-399 -569 0
-399 -603 0
-399 -637 0
-399 -671 0
-399 -705 0
-399 -739 0
-399 -773 0
-399 -807 0
-399 -841 0
-399 -875 0
-399 -909 0
-399 -943 0
-399 -977 0
-399 -1011 0
-399 -1045 0
-399 -1079 0
-433 -467 0
-433 -501 0
-433 -535 0
-433 -569 0
-433 -603 0
-433 -637 0
-433 -671 0
-433 -705 0
-433 -739 0
-433 -773 0
-433 -807 0
-433 -841 0
-433 -875 0
-433 -909 0
-433 -943 0
-433 -977 0
-433 -1011 0
-433 -1045 0
-433 -1079 0
-467 -501 0
-467 -535 0
-467 -569 0
-467 -603 0
-467 -637 0
-467 -671 0
-467 -705 0
-467 -739 0
-467 -773 0
-467 -807 0
-467 -841 0
-467 -875 0
-467 -909 0
-467 -943 0
-467 -977 0
-467 -1011 0
-467 -1045 0
-467 -1079 0
-501 -535 0
-501 -569 0
-501 -603 0
-501 -637 0
-501 -671 0
-501 -705 0
-501 -739 0
-501 -773 0
-501 -807 0
-501 -841 0
-501 -875 0
-501 -909 0
-501 -943 0
-501 -977 0
-501 -1011 0
-501 -1045 0
-501 -1079 0
-535 -569 0
-535 -603 0
-535 -637 0
-535 -671 0
-535 -705 0
-535 -739 0
-535 -773 0
-535 -807 0
-535 -841 0
-535 -875 0
-535 -909 0
-535 -943 0
-535 -977 0
-535 -1011 0
-535 -1045 0
-535 -1079 0
-569 -603 0
-569 -637 0
-569 -671 0
-569 -705 0
-569 -739 0
-569 -773 0
-569 -807 0
-569 -841 0
-569 -875 0
-569 -909 0
-569 -943 0
-569 -977 0
-569 -1011 0
-569 -1045 0
-569 -1079 0
-603 -637 0
-603 -671 0
-603 -705 0
-603 -739 0
-603 -773 0
-603 -807 0
-603 -841 0
-603 -875 0
-603 -909 0
-603 -943 0
-603 -977 0
-603 -1011 0
-603 -1045 0
-603 -1079 0
-637 -671 0
-637 -705 0
-637 -739 0
-637 -773 0
-637 -807 0
-637 -841 0
-637 -875 0
-637 -909 0
-637 -943 0
-637 -977 0
-637 -1011 0
-637 -1045 0
-637 -1079 0
-671 -705 0
-671 -739 0
-671 -773 0
-671 -807 0
-671 -841 0
-671 -875 0
-671 -909 0
-671 -943 0
-671 -977 0
-671 -1011 0
-671 -1045 0
-671 -1079 0
-705 -739 0
-705 -773 0
-705 -807 0
-705 -841 0
-705 -875 0
-705 -909 0
-705 -943 0
-705 -977 0
-705 -1011 0
-705 -1045 0
-705 -1079 0
-739 -773 0
-739 -807 0
-739 -841 0
-739 -875 0
-739 -909 0
-739 -943 0
-739 -977 0
-739 -1011 0
-739 -1045 0
-739 -1079 0
-773 -807 0
-773 -841 0
-773 -875 0
-773 -909 0
-773 -943 0
-773 -977 0
-773 -1011 0
-773 -1045 0
-773 -1079 0
-807 -841 0
-807 -875 0
-807 -909 0
-807 -943 0
-807 -977 0
-807 -1011 0
-807 -1045 0
-807 -1079 0
-841 -875 0
-841 -909 0
-841 -943 0
-841 -977 0
-841 -1011 0
-841 -1045 0
-841 -1079 0
-875 -909 0
-875 -943 0
-875 -977 0
-875 -1011 0
-875 -1045 0
-875 -1079 0
-909 -943 0
-909 -977 0
-909 -1011 0
-909 -1045 0
-909 -1079 0
-943 -977 0
-943 -1011 0
-943 -1045 0
-943 -1079 0
-977 -1011 0
-977 -1045 0
-977 -1079 0
-1011 -1045 0
-1011 -1079 0
-1045 -1079 0
-364 -398 0
-364 -432 0
-364 -466 0
-364 -500 0
-364 -534 0
-364 -568 0
-364 -602 0
-364 -636 0
-364 -670 0
-364 -704 0
-364 -738 0
-364 -772 0
-364 -806 0
-364 -840 0
-364 -874 0
-364 -908 0
-364 -942 0
-364 -976 0
-364 -1010 0
-364 -1044 0
-364 -1078 0
-398 -432 0
-398 -466 0
-398 -500 0
-398 -534 0
-398 -568 0
-398 -602 0
-398 -636 0
-398 -670 0
-398 -704 0
-398 -738 0
-398 -772 0
-398 -806 0
-398 -840 0
-398 -874 0
-398 -908 0
-398 -942 0
-398 -976 0
-398 -1010 0
-398 -1044 0
-398 -1078 0
-432 -466 0
-432 -500 0
-432 -534 0
-432 -568 0
-432 -602 0
-432 -636 0
-432 -670 0
-432 -704 0
-432 -738 0
-432 -772 0
-432 -806 0
-432 -840 0
-432 -874 0
-432 -908 0
-432 -942 0
-432 -976 0
-432 -1010 0
-432 -1044 0
-432 -1078 0
-466 -500 0
-466 -534 0
-466 -568 0
-466 -602 0
-466 -636 0
-466 -670 0
-466 -704 0
-466 -738 0
-466 -772 0
-466 -806 0
-466 -840 0
-466 -874 0
-466 -908 0
-466 -942 0
-466 -976 0
-466 -1010 0
-466 -1044 0
-466 -1078 0
-500 -534 0
-500 -568 0
-500 -602 0
-500 -636 0
-500 -670 0
-500 -704 0
-500 -738 0
-500 -772 0
-500 -806 0
-500 -840 0
-500 -874 0
-500 -908 0
-500 -942 0
-500 -976 0
-500 -1010 0
-500 -1044 0
-500 -1078 0
-534 -568 0
-534 -602 0
-534 -636 0
-534 -670 0
-534 -704 0
-534 -738 0
-534 -772 0
-534 -806 0
-534 -840 0
-534 -874 0
-534 -908 0
-534 -942 0
-534 -976 0
-534 -1010 0
-534 -1044 0
-534 -1078 0
-568 -602 0
-568 -636 0
-568 -670 0
-568 -704 0
-568 -738 0
-568 -772 0
-568 -806 0
-568 -840 0
-568 -874 0
-568 -908 0
-568 -942 0
-568 -976 0
-568 -1010 0
-568 -1044 0
-568 -1078 0
-602 -636 0
-602 -670 0
-602 -704 0
-602 -738 0
-602 -772 0
-602 -806 0
-602 -840 0
-602 -874 0
-602 -908 0
-602 -942 0
-602 -976 0
-602 -1010 0
-602 -1044 0
-602 -1078 0
-636 -670 0
-636 -704 0
-636 -738 0
-636 -772 0
-636 -806 0
-636 -840 0
-636 -874 0
-636 -908 0
-636 -942 0
-636 -976 0
-636 -1010 0
-636 -1044 0
-636 -1078 0
-670 -704 0
-670 -738 0
-670 -772 0
-670 -806 0
-670 -840 0
-670 -874 0
-670 -908 0
-670 -942 0
-670 -976 0
-670 -1010 0
-670 -1044 0
-670 -1078 0
-704 -738 0
-704 -772 0
-704 -806 0
-704 -840 0
-704 -874 0
-704 -908 0
-704 -942 0
-704 -976 0
-704 -1010 0
-704 -1044 0
-704 -1078 0
-738 -772 0
-738 -806 0
-738 -840 0
-738 -874 0
-738 -908 0
-738 -942 0
-738 -976 0
-738 -1010 0
-738 -1044 0
-738 -1078 0
-772 -806 0
-772 -840 0
-772 -874 0
-772 -908 0
-772 -942 0
-772 -976 0
-772 -1010 0
-772 -1044 0
-772 -1078 0
-806 -840 0
-806 -874 0
-806 -908 0
-806 -942 0
-806 -976 0
-806 -1010 0
-806 -1044 0
-806 -1078 0
-840 -874 0
-840 -908 0
-840 -942 0
-840 -976 0
-840 -1010 0
-840 -1044 0
-840 -1078 0
-874 -908 0
-874 -942 0
-874 -976 0
-874 -1010 0
-874 -1044 0
-874 -1078 0
-908 -942 0
-908 -976 0
-908 -1010 0
-908 -1044 0
-908 -1078 0
-942 -976 0
-942 -1010 0
-942 -1044 0
-942 -1078 0
-976 -1010 0
-976 -1044 0
-976 -1078 0
-1010 -1044 0
-1010 -1078 0
-1044 -1078 0
-397 -431 0
-397 -465 0
-397 -499 0
-397 -533 0
-397 -567 0
-397 -601 0
-397 -635 0
-397 -669 0
-397 -703 0
-397 -737 0
-397 -771 0
-397 -805 0
-397 -839 0
-397 -873 0
-397 -907 0
-397 -941 0
-397 -975 0
-397 -1009 0
-397 -1043 0
-397 -1077 0
-431 -465 0
-431 -499 0
-431 -533 0
-431 -567 0
-431 -601 0
-431 -635 0
-431 -669 0
-431 -703 0
-431 -737 0
-431 -771 0
-431 -805 0
-431 -839 0
-431 -873 0
-431 -907 0
-431 -941 0
-431 -975 0
-431 -1009 0
-431 -1043 0
-431 -1077 0
-465 -499 0
-465 -533 0
-465 -567 0
-465 -601 0
-465 -635 0
-465 -669 0
-465 -703 0
-465 -737 0
-465 -771 0
-465 -805 0
-465 -839 0
-465 -873 0
-465 -907 0
-465 -941 0
-465 -975 0
-465 -1009 0
-465 -1043 0
-465 -1077 0
-499 -533 0
-499 -567 0
-499 -601 0
-499 -635 0
-499 -669 0
-499 -703 0
-499 -737 0
-499 -771 0
-499 -805 0
-499 -839 0
-499 -873 0
-499 -907 0
-499 -941 0
-499 -975 0
-499 -1009 0
-499 -1043 0
-499 -1077 0
-533 -567 0
-533 -601 0
-533 -635 0
-533 -669 0
-533 -703 0
-533 -737 0
-533 -771 0
-533 -805 0
-533 -839 0
-533 -873 0
-533 -907 0
-533 -941 0
-533 -975 0
-533 -1009 0
-533 -1043 0
-533 -1077 0
-567 -601 0
-567 -635 0
-567 -669 0
-567 -703 0
-567 -737 0
-567 -771 0
-567 -805 0
-567 -839 0
-567 -873 0
-567 -907 0
-567 -941 0
-567 -975 0
-567 -1009 0
-567 -1043 0
-567 -1077 0
-601 -635 0
-601 -669 0
-601 -703 0
-601 -737 0
-601 -771 0
-601 -805 0
-601 -839 0
-601 -873 0
-601 -907 0
-601 -941 0
-601 -975 0
-601 -1009 0
-601 -1043 0
-601 -1077 0
-635 -669 0
-635 -703 0
-635 -737 0
-635 -771 0
-635 -805 0
-635 -839 0
-635 -873 0
-635 -907 0
-635 -941 0
-635 -975 0
-635 -1009 0
-635 -1043 0
-635 -1077 0
-669 -703 0
-669 -737 0
-669 -771 0
-669 -805 0
-669 -839 0
-669 -873 0
-669 -907 0
-669 -941 0
-669 -975 0
-669 -1009 0
-669 -1043 0
-669 -1077 0
-703 -737 0
-703 -771 0
-703 -805 0
-703 -839 0
-703 -873 0
-703 -907 0
-703 -941 0
-703 -975 0
-703 -1009 0
-703 -1043 0
-703 -1077 0
-737 -771 0
-737 -805 0
-737 -839 0
-737 -873 0
-737 -907 0
-737 -941 0
-737 -975 0
-737 -1009 0
-737 -1043 0
-737 -1077 0
-771 -805 0
-771 -839 0
-771 -873 0
-771 -907 0
-771 -941 0
-771 -975 0
-771 -1009 0
-771 -1043 0
-771 -1077 0
-805 -839 0
-805 -873 0
-805 -907 0
-805 -941 0
-805 -975 0
-805 -1009 0
-805 -1043 0
-805 -1077 0
-839 -873 0
-839 -907 0
-839 -941 0
-839 -975 0
-839 -1009 0
-839 -1043 0
-839 -1077 0
-873 -907 0
-873 -941 0
-873 -975 0
-873 -1009 0
-873 -1043 0
-873 -1077 0
-907 -941 0
-907 -975 0
-907 -1009 0
-907 -1043 0
-907 -1077 0
-941 -975 0
-941 -1009 0
-941 -1043 0
-941 -1077 0
-975 -1009 0
-975 -1043 0
-975 -1077 0
-1009 -1043 0
-1009 -1077 0
-1043 -1077 0
-430 -464 0
-430 -498 0
-430 -532 0
-430 -566 0
-430 -600 0
-430 -634 0
-430 -668 0
-430 -702 0
-430 -736 0
-430 -770 0
-430 -804 0
-430 -838 0
-430 -872 0
-430 -906 0
-430 -940 0
-430 -974 0
-430 -1008 0
-430 -1042 0
-430 -1076 0
-464 -498 0
-464 -532 0
-464 -566 0
-464 -600 0
-464 -634 0
-464 -668 0
-464 -702 0
-464 -736 0
-464 -770 0
-464 -804 0
-464 -838 0
-464 -872 0
-464 -906 0
-464 -940 0
-464 -974 0
-464 -1008 0
-464 -1042 0
-464 -1076 0
-498 -532 0
-498 -566 0
-498 -600 0
-498 -634 0
-498 -668 0
-498 -702 0
-498 -736 0
-498 -770 0
-498 -804 0
-498 -838 0
-498 -872 0
-498 -906 0
-498 -940 0
-498 -974 0
-498 -1008 0
-498 -1042 0
-498 -1076 0
-532 -566 0
-532 -600 0
-532 -634 0
-532 -668 0
-532 -702 0
-532 -736 0
-532 -770 0
-532 -804 0
-532 -838 0
-532 -872 0
-532 -906 0
-532 -940 0
-532 -974 0
-532 -1008 0
-532 -1042 0
-532 -1076 0
-566 -600 0
-566 -634 0
-566 -668 0
-566 -702 0
-566 -736 0
-566 -770 0
-566 -804 0
-566 -838 0
-566 -872 0
-566 -906 0
-566 -940 0
-566 -974 0
-566 -1008 0
-566 -1042 0
-566 -1076 0
-600 -634 0
-600 -668 0
-600 -702 0
-600 -736 0
-600 -770 0
-600 -804 0
-600 -838 0
-600 -872 0
-600 -906 0
-600 -940 0
-600 -974 0
-600 -1008 0
-600 -1042 0
-600 -1076 0
-634 -668 0
-634 -702 0
-634 -736 0
-634 -770 0
-634 -804 0
-634 -838 0
-634 -872 0
-634 -906 0
-634 -940 0
-634 -974 0
-634 -1008 0
-634 -1042 0
-634 -1076 0
-668 -702 0
-668 -736 0
-668 -770 0
-668 -804 0
-668 -838 0
-668 -872 0
-668 -906 0
-668 -940 0
-668 -974 0
-668 -1008 0
-668 -1042 0
-668 -1076 0
-702 -736 0
-702 -770 0
-702 -804 0
-702 -838 0
-702 -872 0
-702 -906 0
-702 -940 0
-702 -974 0
-702 -1008 0
-702 -1042 0
-702 -1076 0
-736 -770 0
-736 -804 0
-736 -838 0
-736 -872 0
-736 -906 0
-736 -940 0
-736 -974 0
-736 -1008 0
-736 -1042 0
-736 -1076 0
-770 -804 0
-770 -838 0
-770 -872 0
-770 -906 0
-770 -940 0
-770 -974 0
-770 -1008 0
-770 -1042 0
-770 -1076 0
-804 -838 0
-804 -872 0
-804 -906 0
-804 -940 0
-804 -974 0
-804 -1008 0
-804 -1042 0
-804 -1076 0
-838 -872 0
-838 -906 0
-838 -940 0
-838 -974 0
-838 -1008 0
-838 -1042 0
-838 -1076 0
-872 -906 0
-872 -940 0
-872 -974 0
-872 -1008 0
-872 -1042 0
-872 -1076 0
-906 -940 0
-906 -974 0
-906 -1008 0
-906 -1042 0
-906 -1076 0
-940 -974 0
-940 -1008 0
-940 -1042 0
-940 -1076 0
-974 -1008 0
-974 -1042 0
-974 -1076 0
-1008 -1042 0
-1008 -1076 0
-1042 -1076 0
-463 -497 0
-463 -531 0
-463 -565 0
-463 -599 0
-463 -633 0
-463 -667 0
-463 -701 0
-463 -735 0
-463 -769 0
-463 -803 0
-463 -837 0
-463 -871 0
-463 -905 0
-463 -939 0
-463 -973 0
-463 -1007 0
-463 -1041 0
-463 -1075 0
-497 -531 0
-497 -565 0
-497 -599 0
-497 -633 0
-497 -667 0
-497 -701 0
-497 -735 0
-497 -769 0
-497 -803 0
-497 -837 0
-497 -871 0
-497 -905 0
-497 -939 0
-497 -973 0
-497 -1007 0
-497 -1041 0
-497 -1075 0
-531 -565 0
-531 -599 0
-531 -633 0
-531 -667 0
-531 -701 0
-531 -735 0
-531 -769 0
-531 -803 0
-531 -837 0
-531 -871 0
-531 -905 0
-531 -939 0
-531 -973 0
-531 -1007 0
-531 -1041 0
-531 -1075 0
-565 -599 0
-565 -633 0
-565 -667 0
-565 -701 0
-565 -735 0
-565 -769 0
-565 -803 0
-565 -837 0
-565 -871 0
-565 -905 0
-565 -939 0
-565 -973 0
-565 -1007 0
-565 -1041 0
-565 -1075 0
-599 -633 0
-599 -667 0
-599 -701 0
-599 -735 0
-599 -769 0
-599 -803 0
-599 -837 0
-599 -871 0
-599 -905 0
-599 -939 0
-599 -973 0
-599 -1007 0
-599 -1041 0
-599 -1075 0
-633 -667 0
-633 -701 0
-633 -735 0
-633 -769 0
-633 -803 0
-633 -837 0
-633 -871 0
-633 -905 0
-633 -939 0
-633 -973 0
-633 -1007 0
-633 -1041 0
-633 -1075 0
-667 -701 0
-667 -735 0
-667 -769 0
-667 -803 0
-667 -837 0
-667 -871 0
-667 -905 0
-667 -939 0
-667 -973 0
-667 -1007 0
-667 -1041 0
-667 -1075 0
-701 -735 0
-701 -769 0
-701 -803 0
-701 -837 0
-701 -871 0
-701 -905 0
-701 -939 0
-701 -973 0
-701 -1007 0
-701 -1041 0
-701 -1075 0
-735 -769 0
-735 -803 0
-735 -837 0
-735 -871 0
-735 -905 0
-735 -939 0
-735 -973 0
-735 -1007 0
-735 -1041 0
-735 -1075 0
-769 -803 0
-769 -837 0
-769 -871 0
-769 -905 0
-769 -939 0
-769 -973 0
-769 -1007 0
-769 -1041 0
-769 -1075 0
-803 -837 0
-803 -871 0
-803 -905 0
-803 -939 0
-803 -973 0
-803 -1007 0
-803 -1041 0
-803 -1075 0
-837 -871 0
-837 -905 0
-837 -939 0
-837 -973 0
-837 -1007 0
-837 -1041 0
-837 -1075 0
-871 -905 0
-871 -939 0
-871 -973 0
-871 -1007 0
-871 -1041 0
-871 -1075 0
-905 -939 0
-905 -973 0
-905 -1007 0
-905 -1041 0
-905 -1075 0
-939 -973 0
-939 -1007 0
-939 -1041 0
-939 -1075 0
-973 -1007 0
-973 -1041 0
-973 -1075 0
-1007 -1041 0
-1007 -1075 0
-1041 -1075 0
-496 -530 0
-496 -564 0
-496 -598 0
-496 -632 0
-496 -666 0
-496 -700 0
-496 -734 0
-496 -768 0
-496 -802 0
-496 -836 0
-496 -870 0
-496 -904 0
-496 -938 0
-496 -972 0
-496 -1006 0
-496 -1040 0
-496 -1074 0
-530 -564 0
-530 -598 0
-530 -632 0
-530 -666 0
-530 -700 0
-530 -734 0
-530 -768 0
-530 -802 0
-530 -836 0
-530 -870 0
-530 -904 0
-530 -938 0
-530 -972 0
-530 -1006 0
-530 -1040 0
-530 -1074 0
-564 -598 0
-564 -632 0
-564 -666 0
-564 -700 0
-564 -734 0
-564 -768 0
-564 -802 0
-564 -836 0
-564 -870 0
-564 -904 0
-564 -938 0
-564 -972 0
-564 -1006 0
-564 -1040 0
-564 -1074 0
-598 -632 0
-598 -666 0
-598 -700 0
-598 -734 0
-598 -768 0
-598 -802 0
-598 -836 0
-598 -870 0
-598 -904 0
-598 -938 0
-598 -972 0
-598 -1006 0
-598 -1040 0
-598 -1074 0
-632 -666 0
-632 -700 0
-632 -734 0
-632 -768 0
-632 -802 0
-632 -836 0
-632 -870 0
-632 -904 0
-632 -938 0
-632 -972 0
-632 -1006 0
-632 -1040 0
-632 -1074 0
-666 -700 0
-666 -734 0
-666 -768 0
-666 -802 0
-666 -836 0
-666 -870 0
-666 -904 0
-666 -938 0
-666 -972 0
-666 -1006 0
-666 -1040 0
-666 -1074 0
-700 -734 0
-700 -768 0
-700 -802 0
-700 -836 0
-700 -870 0
-700 -904 0
-700 -938 0
-700 -972 0
-700 -1006 0
-700 -1040 0
-700 -1074 0
-734 -768 0
-734 -802 0
-734 -836 0
-734 -870 0
-734 -904 0
-734 -938 0
-734 -972 0
-734 -1006 0
-734 -1040 0
-734 -1074 0
-768 -802 0
-768 -836 0
-768 -870 0
-768 -904 0
-768 -938 0
-768 -972 0
-768 -1006 0
-768 -1040 0
-768 -1074 0
-802 -836 0
-802 -870 0
-802 -904 0
-802 -938 0
-802 -972 0
-802 -1006 0
-802 -1040 0
-802 -1074 0
-836 -870 0
-836 -904 0
-836 -938 0
-836 -972 0
-836 -1006 0
-836 -1040 0
-836 -1074 0
-870 -904 0
-870 -938 0
-870 -972 0
-870 -1006 0
-870 -1040 0
-870 -1074 0
-904 -938 0
-904 -972 0
-904 -1006 0
-904 -1040 0
-904 -1074 0
-938 -972 0
-938 -1006 0
-938 -1040 0
-938 -1074 0
-972 -1006 0
-972 -1040 0
-972 -1074 0
-1006 -1040 0
-1006 -1074 0
-1040 -1074 0
-529 -563 0
-529 -597 0
-529 -631 0
-529 -665 0
-529 -699 0
-529 -733 0
-529 -767 0
-529 -801 0
-529 -835 0
-529 -869 0
-529 -903 0
-529 -937 0
-529 -971 0
-529 -1005 0
-529 -1039 0
-529 -1073 0
-563 -597 0
-563 -631 0
-563 -665 0
-563 -699 0
-563 -733 0
-563 -767 0
-563 -801 0
-563 -835 0
-563 -869 0
-563 -903 0
-563 -937 0
-563 -971 0
-563 -1005 0
-563 -1039 0
-563 -1073 0
-597 -631 0
-597 -665 0
-597 -699 0
-597 -733 0
-597 -767 0
-597 -801 0
-597 -835 0
-597 -869 0
-597 -903 0
-597 -937 0
-597 -971 0
-597 -1005 0
-597 -1039 0
-597 -1073 0
-631 -665 0
-631 -699 0
-631 -733 0
-631 -767 0
-631 -801 0
-631 -835 0
-631 -869 0
-631 -903 0
-631 -937 0
-631 -971 0
-631 -1005 0
-631 -1039 0
-631 -1073 0
-665 -699 0
-665 -733 0
-665 -767 0
-665 -801 0
-665 -835 0
-665 -869 0
-665 -903 0
-665 -937 0
-665 -971 0
-665 -1005 0
-665 -1039 0
-665 -1073 0
-699 -733 0
-699 -767 0
-699 -801 0
-699 -835 0
-699 -869 0
-699 -903 0
-699 -937 0
-699 -971 0
-699 -1005 0
-699 -1039 0
-699 -1073 0
-733 -767 0
-733 -801 0
-733 -835 0
-733 -869 0
-733 -903 0
-733 -937 0
-733 -971 0
-733 -1005 0
-733 -1039 0
-733 -1073 0
-767 -801 0
-767 -835 0
-767 -869 0
-767 -903 0
-767 -937 0
-767 -971 0
-767 -1005 0
-767 -1039 0
-767 -1073 0
-801 -835 0
-801 -869 0
-801 -903 0
-801 -937 0
-801 -971 0
-801 -1005 0
-801 -1039 0
-801 -1073 0
-835 -869 0
-835 -903 0
-835 -937 0
-835 -971 0
-835 -1005 0
-835 -1039 0
-835 -1073 0
-869 -903 0
-869 -937 0
-869 -971 0
-869 -1005 0
-869 -1039 0
-869 -1073 0
-903 -937 0
-903 -971 0
-903 -1005 0
-903 -1039 0
-903 -1073 0
-937 -971 0
-937 -1005 0
-937 -1039 0
-937 -1073 0
-971 -1005 0
-971 -1039 0
-971 -1073 0
-1005 -1039 0
-1005 -1073 0
-1039 -1073 0
-562 -596 0
-562 -630 0
-562 -664 0
-562 -698 0
-562 -732 0
-562 -766 0
-562 -800 0
-562 -834 0
-562 -868 0
-562 -902 0
-562 -936 0
-562 -970 0
-562 -1004 0
-562 -1038 0
-562 -1072 0
-596 -630 0
-596 -664 0
-596 -698 0
-596 -732 0
-596 -766 0
-596 -800 0
-596 -834 0
-596 -868 0
-596 -902 0
-596 -936 0
-596 -970 0
-596 -1004 0
-596 -1038 0
-596 -1072 0
-630 -664 0
-630 -698 0
-630 -732 0
-630 -766 0
-630 -800 0
-630 -834 0
-630 -868 0
-630 -902 0
-630 -936 0
-630 -970 0
-630 -1004 0
-630 -1038 0
-630 -1072 0
-664 -698 0
-664 -732 0
-664 -766 0
-664 -800 0
-664 -834 0
-664 -868 0
-664 -902 0
-664 -936 0
-664 -970 0
-664 -1004 0
-664 -1038 0
-664 -1072 0
-698 -732 0
-698 -766 0
-698 -800 0
-698 -834 0
-698 -868 0
-698 -902 0
-698 -936 0
-698 -970 0
-698 -1004 0
-698 -1038 0
-698 -1072 0
-732 -766 0
-732 -800 0
-732 -834 0
-732 -868 0
-732 -902 0
-732 -936 0
-732 -970 0
-732 -1004 0
-732 -1038 0
-732 -1072 0
-766 -800 0
-766 -834 0
-766 -868 0
-766 -902 0
-766 -936 0
-766 -970 0
-766 -1004 0
-766 -1038 0
-766 -1072 0
-800 -834 0
-800 -868 0
-800 -902 0
-800 -936 0
-800 -970 0
-800 -1004 0
-800 -1038 0
-800 -1072 0
-834 -868 0
-834 -902 0
-834 -936 0
-834 -970 0
-834 -1004 0
-834 -1038 0
-834 -1072 0
-868 -902 0
-868 -936 0
-868 -970 0
-868 -1004 0
-868 -1038 0
-868 -1072 0
-902 -936 0
-902 -970 0
-902 -1004 0
-902 -1038 0
-902 -1072 0
-936 -970 0
-936 -1004 0
-936 -1038 0
-936 -1072 0
-970 -1004 0
-970 -1038 0
-970 -1072 0
-1004 -1038 0
-1004 -1072 0
-1038 -1072 0
-595 -629 0
-595 -663 0
-595 -697 0
-595 -731 0
-595 -765 0
-595 -799 0
-595 -833 0
-595 -867 0
-595 -901 0
-595 -935 0
-595 -969 0
-595 -1003 0
-595 -1037 0
-595 -1071 0
-629 -663 0
-629 -697 0
-629 -731 0
-629 -765 0
-629 -799 0
-629 -833 0
-629 -867 0
-629 -901 0
-629 -935 0
-629 -969 0
-629 -1003 0
-629 -1037 0
-629 -1071 0
-663 -697 0
-663 -731 0
-663 -765 0
-663 -799 0
-663 -833 0
-663 -867 0
-663 -901 0
-663 -935 0
-663 -969 0
-663 -1003 0
-663 -1037 0
-663 -1071 0
-697 -731 0
-697 -765 0
-697 -799 0
-697 -833 0
-697 -867 0
-697 -901 0
-697 -935 0
-697 -969 0
-697 -1003 0
-697 -1037 0
-697 -1071 0
-731 -765 0
-731 -799 0
-731 -833 0
-731 -867 0
-731 -901 0
-731 -935 0
-731 -969 0
-731 -1003 0
-731 -1037 0
-731 -1071 0
-765 -799 0
-765 -833 0
-765 -867 0
-765 -901 0
-765 -935 0
-765 -969 0
-765 -1003 0
-765 -1037 0
-765 -1071 0
-799 -833 0
-799 -867 0
-799 -901 0
-799 -935 0
-799 -969 0
-799 -1003 0
-799 -1037 0
-799 -1071 0
-833 -867 0
-833 -901 0
-833 -935 0
-833 -969 0
-833 -1003 0
-833 -1037 0
-833 -1071 0
-867 -901 0
-867 -935 0
-867 -969 0
-867 -1003 0
-867 -1037 0
-867 -1071 0
-901 -935 0
-901 -969 0
-901 -1003 0
-901 -1037 0
-901 -1071 0
-935 -969 0
-935 -1003 0
-935 -1037 0
-935 -1071 0
-969 -1003 0
-969 -1037 0
-969 -1071 0
-1003 -1037 0
-1003 -1071 0
-1037 -1071 0
-628 -662 0
-628 -696 0
-628 -730 0
-628 -764 0
-628 -798 0
-628 -832 0
-628 -866 0
-628 -900 0
-628 -934 0
-628 -968 0
-628 -1002 0
-628 -1036 0
-628 -1070 0
-662 -696 0
-662 -730 0
-662 -764 0
-662 -798 0
-662 -832 0
-662 -866 0
-662 -900 0
-662 -934 0
-662 -968 0
-662 -1002 0
-662 -1036 0
-662 -1070 0
-696 -730 0
-696 -764 0
-696 -798 0
-696 -832 0
-696 -866 0
-696 -900 0
-696 -934 0
-696 -968 0
-696 -1002 0
-696 -1036 0
-696 -1070 0
-730 -764 0
-730 -798 0
-730 -832 0
-730 -866 0
-730 -900 0
-730 -934 0
-730 -968 0
-730 -1002 0
-730 -1036 0
-730 -1070 0
-764 -798 0
-764 -832 0
-764 -866 0
-764 -900 0
-764 -934 0
-764 -968 0
-764 -1002 0
-764 -1036 0
-764 -1070 0
-798 -832 0
-798 -866 0
-798 -900 0
-798 -934 0
-798 -968 0
-798 -1002 0
-798 -1036 0
-798 -1070 0
-832 -866 0
-832 -900 0
-832 -934 0
-832 -968 0
-832 -1002 0
-832 -1036 0
-832 -1070 0
-866 -900 0
-866 -934 0
-866 -968 0
-866 -1002 0
-866 -1036 0
-866 -1070 0
-900 -934 0
-900 -968 0
-900 -1002 0
-900 -1036 0
-900 -1070 0
-934 -968 0
-934 -1002 0
-934 -1036 0
-934 -1070 0
-968 -1002 0
-968 -1036 0
-968 -1070 0
-1002 -1036 0
-1002 -1070 0
-1036 -1070 0
-661 -695 0
-661 -729 0
-661 -763 0
-661 -797 0
-661 -831 0
-661 -865 0
-661 -899 0
-661 -933 0
-661 -967 0
-661 -1001 0
-661 -1035 0
-661 -1069 0
-695 -729 0
-695 -763 0
-695 -797 0
-695 -831 0
-695 -865 0
-695 -899 0
-695 -933 0
-695 -967 0
-695 -1001 0
-695 -1035 0
-695 -1069 0
-729 -763 0
-729 -797 0
-729 -831 0
-729 -865 0
-729 -899 0
-729 -933 0
-729 -967 0
-729 -1001 0
-729 -1035 0
-729 -1069 0
-763 -797 0
-763 -831 0
-763 -865 0
-763 -899 0
-763 -933 0
-763 -967 0
-763 -1001 0
-763 -1035 0
-763 -1069 0
-797 -831 0
-797 -865 0
-797 -899 0
-797 -933 0
-797 -967 0
-797 -1001 0
-797 -1035 0
-797 -1069 0
-831 -865 0
-831 -899 0
-831 -933 0
-831 -967 0
-831 -1001 0
-831 -1035 0
-831 -1069 0
-865 -899 0
-865 -933 0
-865 -967 0
-865 -1001 0
-865 -1035 0
-865 -1069 0
-899 -933 0
-899 -967 0
-899 -1001 0
-899 -1035 0
-899 -1069 0
-933 -967 0
-933 -1001 0
-933 -1035 0
-933 -1069 0
-967 -1001 0
-967 -1035 0
-967 -1069 0
-1001 -1035 0
-1001 -1069 0
-1035 -1069 0
-694 -728 0
-694 -762 0
-694 -796 0
-694 -830 0
-694 -864 0
-694 -898 0
-694 -932 0
-694 -966 0
-694 -1000 0
-694 -1034 0
-694 -1068 0
-728 -762 0
-728 -796 0
-728 -830 0
-728 -864 0
-728 -898 0
-728 -932 0
-728 -966 0
-728 -1000 0
-728 -1034 0
-728 -1068 0
-762 -796 0
-762 -830 0
-762 -864 0
-762 -898 0
-762 -932 0
-762 -966 0
-762 -1000 0
-762 -1034 0
-762 -1068 0
-796 -830 0
-796 -864 0
-796 -898 0
-796 -932 0
-796 -966 0
-796 -1000 0
-796 -1034 0
-796 -1068 0
-830 -864 0
-830 -898 0
-830 -932 0
-830 -966 0
-830 -1000 0
-830 -1034 0
-830 -1068 0
-864 -898 0
-864 -932 0
-864 -966 0
-864 -1000 0
-864 -1034 0
-864 -1068 0
-898 -932 0
-898 -966 0
-898 -1000 0
-898 -1034 0
-898 -1068 0
-932 -966 0
-932 -1000 0
-932 -1034 0
-932 -1068 0
-966 -1000 0
-966 -1034 0
-966 -1068 0
-1000 -1034 0
-1000 -1068 0
-1034 -1068 0
-727 -761 0
-727 -795 0
-727 -829 0
-727 -863 0
-727 -897 0
-727 -931 0
-727 -965 0
-727 -999 0
-727 -1033 0
-727 -1067 0
-761 -795 0
-761 -829 0
-761 -863 0
-761 -897 0
-761 -931 0
-761 -965 0
-761 -999 0
-761 -1033 0
-761 -1067 0
-795 -829 0
-795 -863 0
-795 -897 0
-795 -931 0
-795 -965 0
-795 -999 0
-795 -1033 0
-795 -1067 0
-829 -863 0
-829 -897 0
-829 -931 0
-829 -965 0
-829 -999 0
-829 -1033 0
-829 -1067 0
-863 -897 0
-863 -931 0
-863 -965 0
-863 -999 0
-863 -1033 0
-863 -1067 0
-897 -931 0
-897 -965 0
-897 -999 0
-897 -1033 0
-897 -1067 0
-931 -965 0
-931 -999 0
-931 -1033 0
-931 -1067 0
-965 -999 0
-965 -1033 0
-965 -1067 0
-999 -1033 0
-999 -1067 0
-1033 -1067 0
-760 -794 0
-760 -828 0
-760 -862 0
-760 -896 0
-760 -930 0
-760 -964 0
-760 -998 0
-760 -1032 0
-760 -1066 0
-794 -828 0
-794 -862 0
-794 -896 0
-794 -930 0
-794 -964 0
-794 -998 0
-794 -1032 0
-794 -1066 0
-828 -862 0
-828 -896 0
-828 -930 0
-828 -964 0
-828 -998 0
-828 -1032 0
-828 -1066 0
-862 -896 0
-862 -930 0
-862 -964 0
-862 -998 0
-862 -1032 0
-862 -1066 0
-896 -930 0
-896 -964 0
-896 -998 0
-896 -1032 0
-896 -1066 0
-930 -964 0
-930 -998 0
-930 -1032 0
-930 -1066 0
-964 -998 0
-964 -1032 0
-964 -1066 0
-998 -1032 0
-998 -1066 0
-1032 -1066 0
-793 -827 0
-793 -861 0
-793 -895 0
-793 -929 0
-793 -963 0
-793 -997 0
-793 -1031 0
-793 -1065 0
-827 -861 0
-827 -895 0
-827 -929 0
-827 -963 0
-827 -997 0
-827 -1031 0
-827 -1065 0
-861 -895 0
-861 -929 0
-861 -963 0
-861 -997 0
-861 -1031 0
-861 -1065 0
-895 -929 0
-895 -963 0
-895 -997 0
-895 -1031 0
-895 -1065 0
-929 -963 0
-929 -997 0
-929 -1031 0
-929 -1065 0
-963 -997 0
-963 -1031 0
-963 -1065 0
-997 -1031 0
-997 -1065 0
-1031 -1065 0
-826 -860 0
-826 -894 0
-826 -928 0
-826 -962 0
-826 -996 0
-826 -1030 0
-826 -1064 0
-860 -894 0
-860 -928 0
-860 -962 0
-860 -996 0
-860 -1030 0
-860 -1064 0
-894 -928 0
-894 -962 0
-894 -996 0
-894 -1030 0
-894 -1064 0
-928 -962 0
-928 -996 0
-928 -1030 0
-928 -1064 0
-962 -996 0
-962 -1030 0
-962 -1064 0
-996 -1030 0
-996 -1064 0
-1030 -1064 0
-859 -893 0
-859 -927 0
-859 -961 0
-859 -995 0
-859 -1029 0
-859 -1063 0
-893 -927 0
-893 -961 0
-893 -995 0
-893 -1029 0
-893 -1063 0
-927 -961 0
-927 -995 0
-927 -1029 0
-927 -1063 0
-961 -995 0
-961 -1029 0
-961 -1063 0
-995 -1029 0
-995 -1063 0
-1029 -1063 0
-892 -926 0
-892 -960 0
-892 -994 0
-892 -1028 0
-892 -1062 0
-926 -960 0
-926 -994 0
-926 -1028 0
-926 -1062 0
-960 -994 0
-960 -1028 0
-960 -1062 0
-994 -1028 0
-994 -1062 0
-1028 -1062 0
-925 -959 0
-925 -993 0
-925 -1027 0
-925 -1061 0
-959 -993 0
-959 -1027 0
-959 -1061 0
-993 -1027 0
-993 -1061 0
-1027 -1061 0
-958 -992 0
-958 -1026 0
-958 -1060 0
-992 -1026 0
-992 -1060 0
-1026 -1060 0
-991 -1025 0
-991 -1059 0
-1025 -1059 0
-1024 -1058 0
-2 -34 0
-3 -35 0
-3 -67 0
-35 -67 0
-4 -36 0
-4 -68 0
-4 -100 0
-36 -68 0
-36 -100 0
-68 -100 0
-5 -37 0
-5 -69 0
-5 -101 0
-5 -133 0
-37 -69 0
-37 -101 0
-37 -133 0
-69 -101 0
-69 -133 0
-101 -133 0
-6 -38 0
-6 -70 0
-6 -102 0
-6 -134 0
-6 -166 0
-38 -70 0
-38 -102 0
-38 -134 0
-38 -166 0
-70 -102 0
-70 -134 0
-70 -166 0
-102 -134 0
-102 -166 0
-134 -166 0
-7 -39 0
-7 -71 0
-7 -103 0
-7 -135 0
-7 -167 0
-7 -199 0
-39 -71 0
-39 -103 0
-39 -135 0
-39 -167 0
-39 -199 0
-71 -103 0
-71 -135 0
-71 -167 0
-71 -199 0
-103 -135 0
-103 -167 0
-103 -199 0
-135 -167 0
-135 -199 0
-167 -199 0
-8 -40 0
-8 -72 0
-8 -104 0
-8 -136 0
-8 -168 0
-8 -200 0
-8 -232 0
-40 -72 0
-40 -104 0
-40 -136 0
-40 -168 0
-40 -200 0
-40 -232 0
-72 -104 0
-72 -136 0
-72 -168 0
-72 -200 0
-72 -232 0
-104 -136 0
-104 -168 0
-104 -200 0
-104 -232 0
-136 -168 0
-136 -200 0
-136 -232 0
-168 -200 0
-168 -232 0
-200 -232 0
-9 -41 0
-9 -73 0
-9 -105 0
-9 -137 0
-9 -169 0
-9 -201 0
-9 -233 0
-9 -265 0
-41 -73 0
-41 -105 0
-41 -137 0
-41 -169 0
-41 -201 0
-41 -233 0
-41 -265 0
-73 -105 0
-73 -137 0
-73 -169 0
-73 -201 0
-73 -233 0
-73 -265 0
-105 -137 0
-105 -169 0
-105 -201 0
-105 -233 0
-105 -265 0
-137 -169 0
-137 -201 0
-137 -233 0
-137 -265 0
-169 -201 0
-169 -233 0
-169 -265 0
-201 -233 0
-201 -265 0
-233 -265 0
-10 -42 0
-10 -74 0
-10 -106 0
-10 -138 0
-10 -170 0
-10 -202 0
-10 -234 0
-10 -266 0
-10 -298 0
-42 -74 0
-42 -106 0
-42 -138 0
-42 -170 0
-42 -202 0
-42 -234 0
-42 -266 0
-42 -298 0
-74 -106 0
-74 -138 0
-74 -170 0
-74 -202 0
-74 -234 0
-74 -266 0
-74 -298 0
-106 -138 0
-106 -170 0
-106 -202 0
-106 -234 0
-106 -266 0
-106 -298 0
-138 -170 0
-138 -202 0
-138 -234 0
-138 -266 0
-138 -298 0
-170 -202 0
-170 -234 0
-170 -266 0
-170 -298 0
-202 -234 0
-202 -266 0
-202 -298 0
-234 -266 0
-234 -298 0
-266 -298 0
-11 -43 0
-11 -75 0
-11 -107 0
-11 -139 0
-11 -171 0
-11 -203 0
-11 -235 0
-11 -267 0
-11 -299 0
-11 -331 0
-43 -75 0
-43 -107 0
-43 -139 0
-43 -171 0
-43 -203 0
-43 -235 0
-43 -267 0
-43 -299 0
-43 -331 0
-75 -107 0
-75 -139 0
-75 -171 0
-75 -203 0
-75 -235 0
-75 -267 0
-75 -299 0
-75 -331 0
-107 -139 0
-107 -171 0
-107 -203 0
-107 -235 0
-107 -267 0
-107 -299 0
-107 -331 0
-139 -171 0
-139 -203 0
-139 -235 0
-139 -267 0
-139 -299 0
-139 -331 0
-171 -203 0
-171 -235 0
-171 -267 0
-171 -299 0
-171 -331 0
-203 -235 0
-203 -267 0
-203 -299 0
-203 -331 0
-235 -267 0
-235 -299 0
-235 -331 0
-267 -299 0
-267 -331 0
-299 -331 0
-12 -44 0
-12 -76 0
-12 -108 0
-12 -140 0
-12 -172 0
-12 -204 0
-12 -236 0
-12 -268 0
-12 -300 0
-12 -332 0
-12 -364 0
-44 -76 0
-44 -108 0
-44 -140 0
-44 -172 0
-44 -204 0
-44 -236 0
-44 -268 0
-44 -300 0
-44 -332 0
-44 -364 0
-76 -108 0
-76 -140 0
-76 -172 0
-76 -204 0
-76 -236 0
-76 -268 0
-76 -300 0
-76 -332 0
-76 -364 0
-108 -140 0
-108 -172 0
-108 -204 0
-108 -236 0
-108 -268 0
-108 -300 0
-108 -332 0
-108 -364 0
-140 -172 0
-140 -204 0
-140 -236 0
-140 -268 0
-140 -300 0
-140 -332 0
-140 -364 0
-172 -204 0
-172 -236 0
-172 -268 0
-172 -300 0
-172 -332 0
-172 -364 0
-204 -236 0
-204 -268 0
-204 -300 0
-204 -332 0
-204 -364 0
-236 -268 0
-236 -300 0
-236 -332 0
-236 -364 0
-268 -300 0
-268 -332 0
-268 -364 0
-300 -332 0
-300 -364 0
-332 -364 0
-13 -45 0
-13 -77 0
-13 -109 0
-13 -141 0
-13 -173 0
-13 -205 0
-13 -237 0
-13 -269 0
-13 -301 0
-13 -333 0
-13 -365 0
-13 -397 0
-45 -77 0
-45 -109 0
-45 -141 0
-45 -173 0
-45 -205 0
-45 -237 0
-45 -269 0
-45 -301 0
-45 -333 0
-45 -365 0
-45 -397 0
-77 -109 0
-77 -141 0
-77 -173 0
-77 -205 0
-77 -237 0
-77 -269 0
-77 -301 0
-77 -333 0
-77 -365 0
-77 -397 0
-109 -141 0
-109 -173 0
-109 -205 0
-109 -237 0
-109 -269 0
-109 -301 0
-109 -333 0
-109 -365 0
-109 -397 0
-141 -173 0
-141 -205 0
-141 -237 0
-141 -269 0
-141 -301 0
-141 -333 0
-141 -365 0
-141 -397 0
-173 -205 0
-173 -237 0
-173 -269 0
-173 -301 0
-173 -333 0
-173 -365 0
-173 -397 0
-205 -237 0
-205 -269 0
-205 -301 0
-205 -333 0
-205 -365 0
-205 -397 0
-237 -269 0
-237 -301 0
-237 -333 0
-237 -365 0
-237 -397 0
-269 -301 0
-269 -333 0
-269 -365 0
-269 -397 0
-301 -333 0
-301 -365 0
-301 -397 0
-333 -365 0
-333 -397 0
-365 -397 0
-14 -46 0
-14 -78 0
-14 -110 0
-14 -142 0
-14 -174 0
-14 -206 0
-14 -238 0
-14 -270 0
-14 -302 0
-14 -334 0
-14 -366 0
-14 -398 0
-14 -430 0
-46 -78 0
-46 -110 0
-46 -142 0
-46 -174 0
-46 -206 0
-46 -238 0
-46 -270 0
-46 -302 0
-46 -334 0
-46 -366 0
-46 -398 0
-46 -430 0
-78 -110 0
-78 -142 0
-78 -174 0
-78 -206 0
-78 -238 0
-78 -270 0
-78 -302 0
-78 -334 0
-78 -366 0
-78 -398 0
-78 -430 0
-110 -142 0
-110 -174 0
-110 -206 0
-110 -238 0
-110 -270 0
-110 -302 0
-110 -334 0
-110 -366 0
-110 -398 0
-110 -430 0
-142 -174 0
-142 -206 0
-142 -238 0
-142 -270 0
-142 -302 0
-142 -334 0
-142 -366 0
-142 -398 0
-142 -430 0
-174 -206 0
-174 -238 0
-174 -270 0
-174 -302 0
-174 -334 0
-174 -366 0
-174 -398 0
-174 -430 0
-206 -238 0
-206 -270 0
-206 -302 0
-206 -334 0
-206 -366 0
-206 -398 0
-206 -430 0
-238 -270 0
-238 -302 0
-238 -334 0
-238 -366 0
-238 -398 0
-238 -430 0
-270 -302 0
-270 -334 0
-270 -366 0
-270 -398 0
-270 -430 0
-302 -334 0
-302 -366 0
-302 -398 0
-302 -430 0
-334 -366 0
-334 -398 0
-334 -430 0
-366 -398 0
-366 -430 0
-398 -430 0
-15 -47 0
-15 -79 0
-15 -111 0
-15 -143 0
-15 -175 0
-15 -207 0
-15 -239 0
-15 -271 0
-15 -303 0
-15 -335 0
-15 -367 0
-15 -399 0
-15 -431 0
-15 -463 0
-47 -79 0
-47 -111 0
-47 -143 0
-47 -175 0
-47 -207 0
-47 -239 0
-47 -271 0
-47 -303 0
-47 -335 0
-47 -367 0
-47 -399 0
-47 -431 0
-47 -463 0
-79 -111 0
-79 -143 0
-79 -175 0
-79 -207 0
-79 -239 0
-79 -271 0
-79 -303 0
-79 -335 0
-79 -367 0
-79 -399 0
-79 -431 0
-79 -463 0
-111 -143 0
-111 -175 0
-111 -207 0
-111 -239 0
-111 -271 0
-111 -303 0
-111 -335 0
-111 -367 0
-111 -399 0
-111 -431 0
-111 -463 0
-143 -175 0
-143 -207 0
-143 -239 0
-143 -271 0
-143 -303 0
-143 -335 0
-143 -367 0
-143 -399 0
-143 -431 0
-143 -463 0
-175 -207 0
-175 -239 0
-175 -271 0
-175 -303 0
-175 -335 0
-175 -367 0
-175 -399 0
-175 -431 0
-175 -463 0
-207 -239 0
-207 -271 0
-207 -303 0
-207 -335 0
-207 -367 0
-207 -399 0
-207 -431 0
-207 -463 0
-239 -271 0
-239 -303 0
-239 -335 0
-239 -367 0
-239 -399 0
-239 -431 0
-239 -463 0
-271 -303 0
-271 -335 0
-271 -367 0
-271 -399 0
-271 -431 0
-271 -463 0
-303 -335 0
-303 -367 0
-303 -399 0
-303 -431 0
-303 -463 0
-335 -367 0
-335 -399 0
-335 -431 0
-335 -463 0
-367 -399 0
-367 -431 0
-367 -463 0
-399 -431 0
-399 -463 0
-431 -463 0
-16 -48 0
-16 -80 0
-16 -112 0
-16 -144 0
-16 -176 0
-16 -208 0
-16 -240 0
-16 -272 0
-16 -304 0
-16 -336 0
-16 -368 0
-16 -400 0
-16 -432 0
-16 -464 0
-16 -496 0
-48 -80 0
-48 -112 0
-48 -144 0
-48 -176 0
-48 -208 0
-48 -240 0
-48 -272 0
-48 -304 0
-48 -336 0
-48 -368 0
-48 -400 0
-48 -432 0
-48 -464 0
-48 -496 0
-80 -112 0
-80 -144 0
-80 -176 0
-80 -208 0
-80 -240 0
-80 -272 0
-80 -304 0
-80 -336 0
-80 -368 0
-80 -400 0
-80 -432 0
-80 -464 0
-80 -496 0
-112 -144 0
-112 -176 0
-112 -208 0
-112 -240 0
-112 -272 0
-112 -304 0
-112 -336 0
-112 -368 0
-112 -400 0
-112 -432 0
-112 -464 0
-112 -496 0
-144 -176 0
-144 -208 0
-144 -240 0
-144 -272 0
-144 -304 0
-144 -336 0
-144 -368 0
-144 -400 0
-144 -432 0
-144 -464 0
-144 -496 0
-176 -208 0
-176 -240 0
-176 -272 0
-176 -304 0
-176 -336 0
-176 -368 0
-176 -400 0
-176 -432 0
-176 -464 0
-176 -496 0
-208 -240 0
-208 -272 0
-208 -304 0
-208 -336 0
-208 -368 0
-208 -400 0
-208 -432 0
-208 -464 0
-208 -496 0
-240 -272 0
-240 -304 0
-240 -336 0
-240 -368 0
-240 -400 0
-240 -432 0
-240 -464 0
-240 -496 0
-272 -304 0
-272 -336 0
-272 -368 0
-272 -400 0
-272 -432 0
-272 -464 0
-272 -496 0
-304 -336 0
-304 -368 0
-304 -400 0
-304 -432 0
-304 -464 0
-304 -496 0
-336 -368 0
-336 -400 0
-336 -432 0
-336 -464 0
-336 -496 0
-368 -400 0
-368 -432 0
-368 -464 0
-368 -496 0
-400 -432 0
-400 -464 0
-400 -496 0
-432 -464 0
-432 -496 0
-464 -496 0
-17 -49 0
-17 -81 0
-17 -113 0
-17 -145 0
-17 -177 0
-17 -209 0
-17 -241 0
-17 -273 0
-17 -305 0
-17 -337 0
-17 -369 0
-17 -401 0
-17 -433 0
-17 -465 0
-17 -497 0
-17 -529 0
-49 -81 0
-49 -113 0
-49 -145 0
-49 -177 0
-49 -209 0
-49 -241 0
-49 -273 0
-49 -305 0
-49 -337 0
-49 -369 0
-49 -401 0
-49 -433 0
-49 -465 0
-49 -497 0
-49 -529 0
-81 -113 0
-81 -145 0
-81 -177 0
-81 -209 0
-81 -241 0
-81 -273 0
-81 -305 0
-81 -337 0
-81 -369 0
-81 -401 0
-81 -433 0
-81 -465 0
-81 -497 0
-81 -529 0
-113 -145 0
-113 -177 0
-113 -209 0
-113 -241 0
-113 -273 0
-113 -305 0
-113 -337 0
-113 -369 0
-113 -401 0
-113 -433 0
-113 -465 0
-113 -497 0
-113 -529 0
-145 -177 0
-145 -209 0
-145 -241 0
-145 -273 0
-145 -305 0
-145 -337 0
-145 -369 0
-145 -401 0
-145 -433 0
-145 -465 0
-145 -497 0
-145 -529 0
-177 -209 0
-177 -241 0
-177 -273 0
-177 -305 0
-177 -337 0
-177 -369 0
-177 -401 0
-177 -433 0
-177 -465 0
-177 -497 0
-177 -529 0
-209 -241 0
-209 -273 0
-209 -305 0
-209 -337 0
-209 -369 0
-209 -401 0
-209 -433 0
-209 -465 0
-209 -497 0
-209 -529 0
-241 -273 0
-241 -305 0
-241 -337 0
-241 -369 0
-241 -401 0
-241 -433 0
-241 -465 0
-241 -497 0
-241 -529 0
-273 -305 0
-273 -337 0
-273 -369 0
-273 -401 0
-273 -433 0
-273 -465 0
-273 -497 0
-273 -529 0
-305 -337 0
-305 -369 0
-305 -401 0
-305 -433 0
-305 -465 0
-305 -497 0
-305 -529 0
-337 -369 0
-337 -401 0
-337 -433 0
-337 -465 0
-337 -497 0
-337 -529 0
-369 -401 0
-369 -433 0
-369 -465 0
-369 -497 0
-369 -529 0
-401 -433 0
-401 -465 0
-401 -497 0
-401 -529 0
-433 -465 0
-433 -497 0
-433 -529 0
-465 -497 0
-465 -529 0
-497 -529 0
-18 -50 0
-18 -82 0
-18 -114 0
-18 -146 0
-18 -178 0
-18 -210 0
-18 -242 0
-18 -274 0
-18 -306 0
-18 -338 0
-18 -370 0
-18 -402 0
-18 -434 0
-18 -466 0
-18 -498 0
-18 -530 0
-18 -562 0
-50 -82 0
-50 -114 0
-50 -146 0
-50 -178 0
-50 -210 0
-50 -242 0
-50 -274 0
-50 -306 0
-50 -338 0
-50 -370 0
-50 -402 0
-50 -434 0
-50 -466 0
-50 -498 0
-50 -530 0
-50 -562 0
-82 -114 0
-82 -146 0
-82 -178 0
-82 -210 0
-82 -242 0
-82 -274 0
-82 -306 0
-82 -338 0
-82 -370 0
-82 -402 0
-82 -434 0
-82 -466 0
-82 -498 0
-82 -530 0
-82 -562 0
-114 -146 0
-114 -178 0
-114 -210 0
-114 -242 0
-114 -274 0
-114 -306 0
-114 -338 0
-114 -370 0
-114 -402 0
-114 -434 0
-114 -466 0
-114 -498 0
-114 -530 0
-114 -562 0
-146 -178 0
-146 -210 0
-146 -242 0
-146 -274 0
-146 -306 0
-146 -338 0
-146 -370 0
-146 -402 0
-146 -434 0
-146 -466 0
-146 -498 0
-146 -530 0
-146 -562 0
-178 -210 0
-178 -242 0
-178 -274 0
-178 -306 0
-178 -338 0
-178 -370 0
-178 -402 0
-178 -434 0
-178 -466 0
-178 -498 0
-178 -530 0
-178 -562 0
-210 -242 0
-210 -274 0
-210 -306 0
-210 -338 0
-210 -370 0
-210 -402 0
-210 -434 0
-210 -466 0
-210 -498 0
-210 -530 0
-210 -562 0
-242 -274 0
-242 -306 0
-242 -338 0
-242 -370 0
-242 -402 0
-242 -434 0
-242 -466 0
-242 -498 0
-242 -530 0
-242 -562 0
-274 -306 0
-274 -338 0
-274 -370 0
-274 -402 0
-274 -434 0
-274 -466 0
-274 -498 0
-274 -530 0
-274 -562 0
-306 -338 0
-306 -370 0
-306 -402 0
-306 -434 0
-306 -466 0
-306 -498 0
-306 -530 0
-306 -562 0
-338 -370 0
-338 -402 0
-338 -434 0
-338 -466 0
-338 -498 0
-338 -530 0
-338 -562 0
-370 -402 0
-370 -434 0
-370 -466 0
-370 -498 0
-370 -530 0
-370 -562 0
-402 -434 0
-402 -466 0
-402 -498 0
-402 -530 0
-402 -562 0
-434 -466 0
-434 -498 0
-434 -530 0
-434 -562 0
-466 -498 0
-466 -530 0
-466 -562 0
-498 -530 0
-498 -562 0
-530 -562 0
-19 -51 0
-19 -83 0
-19 -115 0
-19 -147 0
-19 -179 0
-19 -211 0
-19 -243 0
-19 -275 0
-19 -307 0
-19 -339 0
-19 -371 0
-19 -403 0
-19 -435 0
-19 -467 0
-19 -499 0
-19 -531 0
-19 -563 0
-19 -595 0
-51 -83 0
-51 -115 0
-51 -147 0
-51 -179 0
-51 -211 0
-51 -243 0
-51 -275 0
-51 -307 0
-51 -339 0
-51 -371 0
-51 -403 0
-51 -435 0
-51 -467 0
-51 -499 0
-51 -531 0
-51 -563 0
-51 -595 0
-83 -115 0
-83 -147 0
-83 -179 0
-83 -211 0
-83 -243 0
-83 -275 0
-83 -307 0
-83 -339 0
-83 -371 0
-83 -403 0
-83 -435 0
-83 -467 0
-83 -499 0
-83 -531 0
-83 -563 0
-83 -595 0
-115 -147 0
-115 -179 0
-115 -211 0
-115 -243 0
-115 -275 0
-115 -307 0
-115 -339 0
-115 -371 0
-115 -403 0
-115 -435 0
-115 -467 0
-115 -499 0
-115 -531 0
-115 -563 0
-115 -595 0
-147 -179 0
-147 -211 0
-147 -243 0
-147 -275 0
-147 -307 0
-147 -339 0
-147 -371 0
-147 -403 0
-147 -435 0
-147 -467 0
-147 -499 0
-147 -531 0
-147 -563 0
-147 -595 0
-179 -211 0
-179 -243 0
-179 -275 0
-179 -307 0
-179 -339 0
-179 -371 0
-179 -403 0
-179 -435 0
-179 -467 0
-179 -499 0
-179 -531 0
-179 -563 0
-179 -595 0
-211 -243 0
-211 -275 0
-211 -307 0
-211 -339 0
-211 -371 0
-211 -403 0
-211 -435 0
-211 -467 0
-211 -499 0
-211 -531 0
-211 -563 0
-211 -595 0
-243 -275 0
-243 -307 0
-243 -339 0
-243 -371 0
-243 -403 0
-243 -435 0
-243 -467 0
-243 -499 0
-243 -531 0
-243 -563 0
-243 -595 0
-275 -307 0
-275 -339 0
-275 -371 0
-275 -403 0
-275 -435 0
-275 -467 0
-275 -499 0
-275 -531 0
-275 -563 0
-275 -595 0
-307 -339 0
-307 -371 0
-307 -403 0
-307 -435 0
-307 -467 0
-307 -499 0
-307 -531 0
-307 -563 0
-307 -595 0
-339 -371 0
-339 -403 0
-339 -435 0
-339 -467 0
-339 -499 0
-339 -531 0
-339 -563 0
-339 -595 0
-371 -403 0
-371 -435 0
-371 -467 0
-371 -499 0
-371 -531 0
-371 -563 0
-371 -595 0
-403 -435 0
-403 -467 0
-403 -499 0
-403 -531 0
-403 -563 0
-403 -595 0
-435 -467 0
-435 -499 0
-435 -531 0
-435 -563 0
-435 -595 0
-467 -499 0
-467 -531 0
-467 -563 0
-467 -595 0
-499 -531 0
-499 -563 0
-499 -595 0
-531 -563 0
-531 -595 0
-563 -595 0
-20 -52 0
-20 -84 0
-20 -116 0
-20 -148 0
-20 -180 0
-20 -212 0
-20 -244 0
-20 -276 0
-20 -308 0
-20 -340 0
-20 -372 0
-20 -404 0
-20 -436 0
-20 -468 0
-20 -500 0
-20 -532 0
-20 -564 0
-20 -596 0
-20 -628 0
-52 -84 0
-52 -116 0
-52 -148 0
-52 -180 0
-52 -212 0
-52 -244 0
-52 -276 0
-52 -308 0
-52 -340 0
-52 -372 0
-52 -404 0
-52 -436 0
-52 -468 0
-52 -500 0
-52 -532 0
-52 -564 0
-52 -596 0
-52 -628 0
-84 -116 0
-84 -148 0
-84 -180 0
-84 -212 0
-84 -244 0
-84 -276 0
-84 -308 0
-84 -340 0
-84 -372 0
-84 -404 0
-84 -436 0
-84 -468 0
-84 -500 0
-84 -532 0
-84 -564 0
-84 -596 0
-84 -628 0
-116 -148 0
-116 -180 0
-116 -212 0
-116 -244 0
-116 -276 0
-116 -308 0
-116 -340 0
-116 -372 0
-116 -404 0
-116 -436 0
-116 -468 0
-116 -500 0
-116 -532 0
-116 -564 0
-116 -596 0
-116 -628 0
-148 -180 0
-148 -212 0
-148 -244 0
-148 -276 0
-148 -308 0
-148 -340 0
-148 -372 0
-148 -404 0
-148 -436 0
-148 -468 0
-148 -500 0
-148 -532 0
-148 -564 0
-148 -596 0
-148 -628 0
-180 -212 0
-180 -244 0
-180 -276 0
-180 -308 0
-180 -340 0
-180 -372 0
-180 -404 0
-180 -436 0
-180 -468 0
-180 -500 0
-180 -532 0
-180 -564 0
-180 -596 0
-180 -628 0
-212 -244 0
-212 -276 0
-212 -308 0
-212 -340 0
-212 -372 0
-212 -404 0
-212 -436 0
-212 -468 0
-212 -500 0
-212 -532 0
-212 -564 0
-212 -596 0
-212 -628 0
-244 -276 0
-244 -308 0
-244 -340 0
-244 -372 0
-244 -404 0
-244 -436 0
-244 -468 0
-244 -500 0
-244 -532 0
-244 -564 0
-244 -596 0
-244 -628 0
-276 -308 0
-276 -340 0
-276 -372 0
-276 -404 0
-276 -436 0
-276 -468 0
-276 -500 0
-276 -532 0
-276 -564 0
-276 -596 0
-276 -628 0
-308 -340 0
-308 -372 0
-308 -404 0
-308 -436 0
-308 -468 0
-308 -500 0
-308 -532 0
-308 -564 0
-308 -596 0
-308 -628 0
-340 -372 0
-340 -404 0
-340 -436 0
-340 -468 0
-340 -500 0
-340 -532 0
-340 -564 0
-340 -596 0
-340 -628 0
-372 -404 0
-372 -436 0
-372 -468 0
-372 -500 0
-372 -532 0
-372 -564 0
-372 -596 0
-372 -628 0
-404 -436 0
-404 -468 0
-404 -500 0
-404 -532 0
-404 -564 0
-404 -596 0
-404 -628 0
-436 -468 0
-436 -500 0
-436 -532 0
-436 -564 0
-436 -596 0
-436 -628 0
-468 -500 0
-468 -532 0
-468 -564 0
-468 -596 0
-468 -628 0
-500 -532 0
-500 -564 0
-500 -596 0
-500 -628 0
-532 -564 0
-532 -596 0
-532 -628 0
-564 -596 0
-564 -628 0
-596 -628 0
-21 -53 0
-21 -85 0
-21 -117 0
-21 -149 0
-21 -181 0
-21 -213 0
-21 -245 0
-21 -277 0
-21 -309 0
-21 -341 0
-21 -373 0
-21 -405 0
-21 -437 0
-21 -469 0
-21 -501 0
-21 -533 0
-21 -565 0
-21 -597 0
-21 -629 0
-21 -661 0
-53 -85 0
-53 -117 0
-53 -149 0
-53 -181 0
-53 -213 0
-53 -245 0
-53 -277 0
-53 -309 0
-53 -341 0
-53 -373 0
-53 -405 0
-53 -437 0
-53 -469 0
-53 -501 0
-53 -533 0
-53 -565 0
-53 -597 0
-53 -629 0
-53 -661 0
-85 -117 0
-85 -149 0
-85 -181 0
-85 -213 0
-85 -245 0
-85 -277 0
-85 -309 0
-85 -341 0
-85 -373 0
-85 -405 0
-85 -437 0
-85 -469 0
-85 -501 0
-85 -533 0
-85 -565 0
-85 -597 0
-85 -629 0
-85 -661 0
-117 -149 0
-117 -181 0
-117 -213 0
-117 -245 0
-117 -277 0
-117 -309 0
-117 -341 0
-117 -373 0
-117 -405 0
-117 -437 0
-117 -469 0
-117 -501 0
-117 -533 0
-117 -565 0
-117 -597 0
-117 -629 0
-117 -661 0
-149 -181 0
-149 -213 0
-149 -245 0
-149 -277 0
-149 -309 0
-149 -341 0
-149 -373 0
-149 -405 0
-149 -437 0
-149 -469 0
-149 -501 0
-149 -533 0
-149 -565 0
-149 -597 0
-149 -629 0
-149 -661 0
-181 -213 0
-181 -245 0
-181 -277 0
-181 -309 0
-181 -341 0
-181 -373 0
-181 -405 0
-181 -437 0
-181 -469 0
-181 -501 0
-181 -533 0
-181 -565 0
-181 -597 0
-181 -629 0
-181 -661 0
-213 -245 0
-213 -277 0
-213 -309 0
-213 -341 0
-213 -373 0
-213 -405 0
-213 -437 0
-213 -469 0
-213 -501 0
-213 -533 0
-213 -565 0
-213 -597 0
-213 -629 0
-213 -661 0
-245 -277 0
-245 -309 0
-245 -341 0
-245 -373 0
-245 -405 0
-245 -437 0
-245 -469 0
-245 -501 0
-245 -533 0
-245 -565 0
-245 -597 0
-245 -629 0
-245 -661 0
-277 -309 0
-277 -341 0
-277 -373 0
-277 -405 0
-277 -437 0
-277 -469 0
-277 -501 0
-277 -533 0
-277 -565 0
-277 -597 0
-277 -629 0
-277 -661 0
-309 -341 0
-309 -373 0
-309 -405 0
-309 -437 0
-309 -469 0
-309 -501 0
-309 -533 0
-309 -565 0
-309 -597 0
-309 -629 0
-309 -661 0
-341 -373 0
-341 -405 0
-341 -437 0
-341 -469 0
-341 -501 0
-341 -533 0
-341 -565 0
-341 -597 0
-341 -629 0
-341 -661 0
-373 -405 0
-373 -437 0
-373 -469 0
-373 -501 0
-373 -533 0
-373 -565 0
-373 -597 0
-373 -629 0
-373 -661 0
-405 -437 0
-405 -469 0
-405 -501 0
-405 -533 0
-405 -565 0
-405 -597 0
-405 -629 0
-405 -661 0
-437 -469 0
-437 -501 0
-437 -533 0
-437 -565 0
-437 -597 0
-437 -629 0
-437 -661 0
-469 -501 0
-469 -533 0
-469 -565 0
-469 -597 0
-469 -629 0
-469 -661 0
-501 -533 0
-501 -565 0
-501 -597 0
-501 -629 0
-501 -661 0
-533 -565 0
-533 -597 0
-533 -629 0
-533 -661 0
-565 -597 0
-565 -629 0
-565 -661 0
-597 -629 0
-597 -661 0
-629 -661 0
-22 -54 0
-22 -86 0
-22 -118 0
-22 -150 0
-22 -182 0
-22 -214 0
-22 -246 0
-22 -278 0
-22 -310 0
-22 -342 0
-22 -374 0
-22 -406 0
-22 -438 0
-22 -470 0
-22 -502 0
-22 -534 0
-22 -566 0
-22 -598 0
-22 -630 0
-22 -662 0
-22 -694 0
-54 -86 0
-54 -118 0
-54 -150 0
-54 -182 0
-54 -214 0
-54 -246 0
-54 -278 0
-54 -310 0
-54 -342 0
-54 -374 0
-54 -406 0
-54 -438 0
-54 -470 0
-54 -502 0
-54 -534 0
-54 -566 0
-54 -598 0
-54 -630 0
-54 -662 0
-54 -694 0
-86 -118 0
-86 -150 0
-86 -182 0
-86 -214 0
-86 -246 0
-86 -278 0
-86 -310 0
-86 -342 0
-86 -374 0
-86 -406 0
-86 -438 0
-86 -470 0
-86 -502 0
-86 -534 0
-86 -566 0
-86 -598 0
-86 -630 0
-86 -662 0
-86 -694 0
-118 -150 0
-118 -182 0
-118 -214 0
-118 -246 0
-118 -278 0
-118 -310 0
-118 -342 0
-118 -374 0
-118 -406 0
-118 -438 0
-118 -470 0
-118 -502 0
-118 -534 0
-118 -566 0
-118 -598 0
-118 -630 0
-118 -662 0
-118 -694 0
-150 -182 0
-150 -214 0
-150 -246 0
-150 -278 0
-150 -310 0
-150 -342 0
-150 -374 0
-150 -406 0
-150 -438 0
-150 -470 0
-150 -502 0
-150 -534 0
-150 -566 0
-150 -598 0
-150 -630 0
-150 -662 0
-150 -694 0
-182 -214 0
-182 -246 0
-182 -278 0
-182 -310 0
-182 -342 0
-182 -374 0
-182 -406 0
-182 -438 0
-182 -470 0
-182 -502 0
-182 -534 0
-182 -566 0
-182 -598 0
-182 -630 0
-182 -662 0
-182 -694 0
-214 -246 0
-214 -278 0
-214 -310 0
-214 -342 0
-214 -374 0
-214 -406 0
-214 -438 0
-214 -470 0
-214 -502 0
-214 -534 0
-214 -566 0
-214 -598 0
-214 -630 0
-214 -662 0
-214 -694 0
-246 -278 0
-246 -310 0
-246 -342 0
-246 -374 0
-246 -406 0
-246 -438 0
-246 -470 0
-246 -502 0
-246 -534 0
-246 -566 0
-246 -598 0
-246 -630 0
-246 -662 0
-246 -694 0
-278 -310 0
-278 -342 0
-278 -374 0
-278 -406 0
-278 -438 0
-278 -470 0
-278 -502 0
-278 -534 0
-278 -566 0
-278 -598 0
-278 -630 0
-278 -662 0
-278 -694 0
-310 -342 0
-310 -374 0
-310 -406 0
-310 -438 0
-310 -470 0
-310 -502 0
-310 -534 0
-310 -566 0
-310 -598 0
-310 -630 0
-310 -662 0
-310 -694 0
-342 -374 0
-342 -406 0
-342 -438 0
-342 -470 0
-342 -502 0
-342 -534 0
-342 -566 0
-342 -598 0
-342 -630 0
-342 -662 0
-342 -694 0
-374 -406 0
-374 -438 0
-374 -470 0
-374 -502 0
-374 -534 0
-374 -566 0
-374 -598 0
-374 -630 0
-374 -662 0
-374 -694 0
-406 -438 0
-406 -470 0
-406 -502 0
-406 -534 0
-406 -566 0
-406 -598 0
-406 -630 0
-406 -662 0
-406 -694 0
-438 -470 0
-438 -502 0
-438 -534 0
-438 -566 0
-438 -598 0
-438 -630 0
-438 -662 0
-438 -694 0
-470 -502 0
-470 -534 0
-470 -566 0
-470 -598 0
-470 -630 0
-470 -662 0
-470 -694 0
-502 -534 0
-502 -566 0
-502 -598 0
-502 -630 0
-502 -662 0
-502 -694 0
-534 -566 0
-534 -598 0
-534 -630 0
-534 -662 0
-534 -694 0
-566 -598 0
-566 -630 0
-566 -662 0
-566 -694 0
-598 -630 0
-598 -662 0
-598 -694 0
-630 -662 0
-630 -694 0
-662 -694 0
-23 -55 0
-23 -87 0
-23 -119 0
-23 -151 0
-23 -183 0
-23 -215 0
-23 -247 0
-23 -279 0
-23 -311 0
-23 -343 0
-23 -375 0
-23 -407 0
-23 -439 0
-23 -471 0
-23 -503 0
-23 -535 0
-23 -567 0
-23 -599 0
-23 -631 0
-23 -663 0
-23 -695 0
-23 -727 0
-55 -87 0
-55 -119 0
-55 -151 0
-55 -183 0
-55 -215 0
-55 -247 0
-55 -279 0
-55 -311 0
-55 -343 0
-55 -375 0
-55 -407 0
-55 -439 0
-55 -471 0
-55 -503 0
-55 -535 0
-55 -567 0
-55 -599 0
-55 -631 0
-55 -663 0
-55 -695 0
-55 -727 0
-87 -119 0
-87 -151 0
-87 -183 0
-87 -215 0
-87 -247 0
-87 -279 0
-87 -311 0
-87 -343 0
-87 -375 0
-87 -407 0
-87 -439 0
-87 -471 0
-87 -503 0
-87 -535 0
-87 -567 0
-87 -599 0
-87 -631 0
-87 -663 0
-87 -695 0
-87 -727 0
-119 -151 0
-119 -183 0
-119 -215 0
-119 -247 0
-119 -279 0
-119 -311 0
-119 -343 0
-119 -375 0
-119 -407 0
-119 -439 0
-119 -471 0
-119 -503 0
-119 -535 0
-119 -567 0
-119 -599 0
-119 -631 0
-119 -663 0
-119 -695 0
-119 -727 0
-151 -183 0
-151 -215 0
-151 -247 0
-151 -279 0
-151 -311 0
-151 -343 0
-151 -375 0
-151 -407 0
-151 -439 0
-151 -471 0
-151 -503 0
-151 -535 0
-151 -567 0
-151 -599 0
-151 -631 0
-151 -663 0
-151 -695 0
-151 -727 0
-183 -215 0
-183 -247 0
-183 -279 0
-183 -311 0
-183 -343 0
-183 -375 0
-183 -407 0
-183 -439 0
-183 -471 0
-183 -503 0
-183 -535 0
-183 -567 0
-183 -599 0
-183 -631 0
-183 -663 0
-183 -695 0
-183 -727 0
-215 -247 0
-215 -279 0
-215 -311 0
-215 -343 0
-215 -375 0
-215 -407 0
-215 -439 0
-215 -471 0
-215 -503 0
-215 -535 0
-215 -567 0
-215 -599 0
-215 -631 0
-215 -663 0
-215 -695 0
-215 -727 0
-247 -279 0
-247 -311 0
-247 -343 0
-247 -375 0
-247 -407 0
-247 -439 0
-247 -471 0
-247 -503 0
-247 -535 0
-247 -567 0
-247 -599 0
-247 -631 0
-247 -663 0
-247 -695 0
-247 -727 0
-279 -311 0
-279 -343 0
-279 -375 0
-279 -407 0
-279 -439 0
-279 -471 0
-279 -503 0
-279 -535 0
-279 -567 0
-279 -599 0
-279 -631 0
-279 -663 0
-279 -695 0
-279 -727 0
-311 -343 0
-311 -375 0
-311 -407 0
-311 -439 0
-311 -471 0
-311 -503 0
-311 -535 0
-311 -567 0
-311 -599 0
-311 -631 0
-311 -663 0
-311 -695 0
-311 -727 0
-343 -375 0
-343 -407 0
-343 -439 0
-343 -471 0
-343 -503 0
-343 -535 0
-343 -567 0
-343 -599 0
-343 -631 0
-343 -663 0
-343 -695 0
-343 -727 0
-375 -407 0
-375 -439 0
-375 -471 0
-375 -503 0
-375 -535 0
-375 -567 0
-375 -599 0
-375 -631 0
-375 -663 0
-375 -695 0
-375 -727 0
-407 -439 0
-407 -471 0
-407 -503 0
-407 -535 0
-407 -567 0
-407 -599 0
-407 -631 0
-407 -663 0
-407 -695 0
-407 -727 0
-439 -471 0
-439 -503 0
-439 -535 0
-439 -567 0
-439 -599 0
-439 -631 0
-439 -663 0
-439 -695 0
-439 -727 0
-471 -503 0
-471 -535 0
-471 -567 0
-471 -599 0
-471 -631 0
-471 -663 0
-471 -695 0
-471 -727 0
-503 -535 0
-503 -567 0
-503 -599 0
-503 -631 0
-503 -663 0
-503 -695 0
-503 -727 0
-535 -567 0
-535 -599 0
-535 -631 0
-535 -663 0
-535 -695 0
-535 -727 0
-567 -599 0
-567 -631 0
-567 -663 0
-567 -695 0
-567 -727 0
-599 -631 0
-599 -663 0
-599 -695 0
-599 -727 0
-631 -663 0
-631 -695 0
-631 -727 0
-663 -695 0
-663 -727 0
-695 -727 0
-24 -56 0
-24 -88 0
-24 -120 0
-24 -152 0
-24 -184 0
-24 -216 0
-24 -248 0
-24 -280 0
-24 -312 0
-24 -344 0
-24 -376 0
-24 -408 0
-24 -440 0
-24 -472 0
-24 -504 0
-24 -536 0
-24 -568 0
-24 -600 0
-24 -632 0
-24 -664 0
-24 -696 0
-24 -728 0
-24 -760 0
-56 -88 0
-56 -120 0
-56 -152 0
-56 -184 0
-56 -216 0
-56 -248 0
-56 -280 0
-56 -312 0
-56 -344 0
-56 -376 0
-56 -408 0
-56 -440 0
-56 -472 0
-56 -504 0
-56 -536 0
-56 -568 0
-56 -600 0
-56 -632 0
-56 -664 0
-56 -696 0
-56 -728 0
-56 -760 0
-88 -120 0
-88 -152 0
-88 -184 0
-88 -216 0
-88 -248 0
-88 -280 0
-88 -312 0
-88 -344 0
-88 -376 0
-88 -408 0
-88 -440 0
-88 -472 0
-88 -504 0
-88 -536 0
-88 -568 0
-88 -600 0
-88 -632 0
-88 -664 0
-88 -696 0
-88 -728 0
-88 -760 0
-120 -152 0
-120 -184 0
-120 -216 0
-120 -248 0
-120 -280 0
-120 -312 0
-120 -344 0
-120 -376 0
-120 -408 0
-120 -440 0
-120 -472 0
-120 -504 0
-120 -536 0
-120 -568 0
-120 -600 0
-120 -632 0
-120 -664 0
-120 -696 0
-120 -728 0
-120 -760 0
-152 -184 0
-152 -216 0
-152 -248 0
-152 -280 0
-152 -312 0
-152 -344 0
-152 -376 0
-152 -408 0
-152 -440 0
-152 -472 0
-152 -504 0
-152 -536 0
-152 -568 0
-152 -600 0
-152 -632 0
-152 -664 0
-152 -696 0
-152 -728 0
-152 -760 0
-184 -216 0
-184 -248 0
-184 -280 0
-184 -312 0
-184 -344 0
-184 -376 0
-184 -408 0
-184 -440 0
-184 -472 0
-184 -504 0
-184 -536 0
-184 -568 0
-184 -600 0
-184 -632 0
-184 -664 0
-184 -696 0
-184 -728 0
-184 -760 0
-216 -248 0
-216 -280 0
-216 -312 0
-216 -344 0
-216 -376 0
-216 -408 0
-216 -440 0
-216 -472 0
-216 -504 0
-216 -536 0
-216 -568 0
-216 -600 0
-216 -632 0
-216 -664 0
-216 -696 0
-216 -728 0
-216 -760 0
-248 -280 0
-248 -312 0
-248 -344 0
-248 -376 0
-248 -408 0
-248 -440 0
-248 -472 0
-248 -504 0
-248 -536 0
-248 -568 0
-248 -600 0
-248 -632 0
-248 -664 0
-248 -696 0
-248 -728 0
-248 -760 0
-280 -312 0
-280 -344 0
-280 -376 0
-280 -408 0
-280 -440 0
-280 -472 0
-280 -504 0
-280 -536 0
-280 -568 0
-280 -600 0
-280 -632 0
-280 -664 0
-280 -696 0
-280 -728 0
-280 -760 0
-312 -344 0
-312 -376 0
-312 -408 0
-312 -440 0
-312 -472 0
-312 -504 0
-312 -536 0
-312 -568 0
-312 -600 0
-312 -632 0
-312 -664 0
-312 -696 0
-312 -728 0
-312 -760 0
-344 -376 0
-344 -408 0
-344 -440 0
-344 -472 0
-344 -504 0
-344 -536 0
-344 -568 0
-344 -600 0
-344 -632 0
-344 -664 0
-344 -696 0
-344 -728 0
-344 -760 0
-376 -408 0
-376 -440 0
-376 -472 0
-376 -504 0
-376 -536 0
-376 -568 0
-376 -600 0
-376 -632 0
-376 -664 0
-376 -696 0
-376 -728 0
-376 -760 0
-408 -440 0
-408 -472 0
-408 -504 0
-408 -536 0
-408 -568 0
-408 -600 0
-408 -632 0
-408 -664 0
-408 -696 0
-408 -728 0
-408 -760 0
-440 -472 0
-440 -504 0
-440 -536 0
-440 -568 0
-440 -600 0
-440 -632 0
-440 -664 0
-440 -696 0
-440 -728 0
-440 -760 0
-472 -504 0
-472 -536 0
-472 -568 0
-472 -600 0
-472 -632 0
-472 -664 0
-472 -696 0
-472 -728 0
-472 -760 0
-504 -536 0
-504 -568 0
-504 -600 0
-504 -632 0
-504 -664 0
-504 -696 0
-504 -728 0
-504 -760 0
-536 -568 0
-536 -600 0
-536 -632 0
-536 -664 0
-536 -696 0
-536 -728 0
-536 -760 0
-568 -600 0
-568 -632 0
-568 -664 0
-568 -696 0
-568 -728 0
-568 -760 0
-600 -632 0
-600 -664 0
-600 -696 0
-600 -728 0
-600 -760 0
-632 -664 0
-632 -696 0
-632 -728 0
-632 -760 0
-664 -696 0
-664 -728 0
-664 -760 0
-696 -728 0
-696 -760 0
-728 -760 0
-25 -57 0
-25 -89 0
-25 -121 0
-25 -153 0
-25 -185 0
-25 -217 0
-25 -249 0
-25 -281 0
-25 -313 0
-25 -345 0
-25 -377 0
-25 -409 0
-25 -441 0
-25 -473 0
-25 -505 0
-25 -537 0
-25 -569 0
-25 -601 0
-25 -633 0
-25 -665 0
-25 -697 0
-25 -729 0
-25 -761 0
-25 -793 0
-57 -89 0
-57 -121 0
-57 -153 0
-57 -185 0
-57 -217 0
-57 -249 0
-57 -281 0
-57 -313 0
-57 -345 0
-57 -377 0
-57 -409 0
-57 -441 0
-57 -473 0
-57 -505 0
-57 -537 0
-57 -569 0
-57 -601 0
-57 -633 0
-57 -665 0
-57 -697 0
-57 -729 0
-57 -761 0
-57 -793 0
-89 -121 0
-89 -153 0
-89 -185 0
-89 -217 0
-89 -249 0
-89 -281 0
-89 -313 0
-89 -345 0
-89 -377 0
-89 -409 0
-89 -441 0
-89 -473 0
-89 -505 0
-89 -537 0
-89 -569 0
-89 -601 0
-89 -633 0
-89 -665 0
-89 -697 0
-89 -729 0
-89 -761 0
-89 -793 0
-121 -153 0
-121 -185 0
-121 -217 0
-121 -249 0
-121 -281 0
-121 -313 0
-121 -345 0
-121 -377 0
-121 -409 0
-121 -441 0
-121 -473 0
-121 -505 0
-121 -537 0
-121 -569 0
-121 -601 0
-121 -633 0
-121 -665 0
-121 -697 0
-121 -729 0
-121 -761 0
-121 -793 0
-153 -185 0
-153 -217 0
-153 -249 0
-153 -281 0
-153 -313 0
-153 -345 0
-153 -377 0
-153 -409 0
-153 -441 0
-153 -473 0
-153 -505 0
-153 -537 0
-153 -569 0
-153 -601 0
-153 -633 0
-153 -665 0
-153 -697 0
-153 -729 0
-153 -761 0
-153 -793 0
-185 -217 0
-185 -249 0
-185 -281 0
-185 -313 0
-185 -345 0
-185 -377 0
-185 -409 0
-185 -441 0
-185 -473 0
-185 -505 0
-185 -537 0
-185 -569 0
-185 -601 0
-185 -633 0
-185 -665 0
-185 -697 0
-185 -729 0
-185 -761 0
-185 -793 0
-217 -249 0
-217 -281 0
-217 -313 0
-217 -345 0
-217 -377 0
-217 -409 0
-217 -441 0
-217 -473 0
-217 -505 0
-217 -537 0
-217 -569 0
-217 -601 0
-217 -633 0
-217 -665 0
-217 -697 0
-217 -729 0
-217 -761 0
-217 -793 0
-249 -281 0
-249 -313 0
-249 -345 0
-249 -377 0
-249 -409 0
-249 -441 0
-249 -473 0
-249 -505 0
-249 -537 0
-249 -569 0
-249 -601 0
-249 -633 0
-249 -665 0
-249 -697 0
-249 -729 0
-249 -761 0
-249 -793 0
-281 -313 0
-281 -345 0
-281 -377 0
-281 -409 0
-281 -441 0
-281 -473 0
-281 -505 0
-281 -537 0
-281 -569 0
-281 -601 0
-281 -633 0
-281 -665 0
-281 -697 0
-281 -729 0
-281 -761 0
-281 -793 0
-313 -345 0
-313 -377 0
-313 -409 0
-313 -441 0
-313 -473 0
-313 -505 0
-313 -537 0
-313 -569 0
-313 -601 0
-313 -633 0
-313 -665 0
-313 -697 0
-313 -729 0
-313 -761 0
-313 -793 0
-345 -377 0
-345 -409 0
-345 -441 0
-345 -473 0
-345 -505 0
-345 -537 0
-345 -569 0
-345 -601 0
-345 -633 0
-345 -665 0
-345 -697 0
-345 -729 0
-345 -761 0
-345 -793 0
-377 -409 0
-377 -441 0
-377 -473 0
-377 -505 0
-377 -537 0
-377 -569 0
-377 -601 0
-377 -633 0
-377 -665 0
-377 -697 0
-377 -729 0
-377 -761 0
-377 -793 0
-409 -441 0
-409 -473 0
-409 -505 0
-409 -537 0
-409 -569 0
-409 -601 0
-409 -633 0
-409 -665 0
-409 -697 0
-409 -729 0
-409 -761 0
-409 -793 0
-441 -473 0
-441 -505 0
-441 -537 0
-441 -569 0
-441 -601 0
-441 -633 0
-441 -665 0
-441 -697 0
-441 -729 0
-441 -761 0
-441 -793 0
-473 -505 0
-473 -537 0
-473 -569 0
-473 -601 0
-473 -633 0
-473 -665 0
-473 -697 0
-473 -729 0
-473 -761 0
-473 -793 0
-505 -537 0
-505 -569 0
-505 -601 0
-505 -633 0
-505 -665 0
-505 -697 0
-505 -729 0
-505 -761 0
-505 -793 0
-537 -569 0
-537 -601 0
-537 -633 0
-537 -665 0
-537 -697 0
-537 -729 0
-537 -761 0
-537 -793 0
-569 -601 0
-569 -633 0
-569 -665 0
-569 -697 0
-569 -729 0
-569 -761 0
-569 -793 0
-601 -633 0
-601 -665 0
-601 -697 0
-601 -729 0
-601 -761 0
-601 -793 0
-633 -665 0
-633 -697 0
-633 -729 0
-633 -761 0
-633 -793 0
-665 -697 0
-665 -729 0
-665 -761 0
-665 -793 0
-697 -729 0
-697 -761 0
-697 -793 0
-729 -761 0
-729 -793 0
-761 -793 0
-26 -58 0
-26 -90 0
-26 -122 0
-26 -154 0
-26 -186 0
-26 -218 0
-26 -250 0
-26 -282 0
-26 -314 0
-26 -346 0
-26 -378 0
-26 -410 0
-26 -442 0
-26 -474 0
-26 -506 0
-26 -538 0
-26 -570 0
-26 -602 0
-26 -634 0
-26 -666 0
-26 -698 0
-26 -730 0
-26 -762 0
-26 -794 0
-26 -826 0
-58 -90 0
-58 -122 0
-58 -154 0
-58 -186 0
-58 -218 0
-58 -250 0
-58 -282 0
-58 -314 0
-58 -346 0
-58 -378 0
-58 -410 0
-58 -442 0
-58 -474 0
-58 -506 0
-58 -538 0
-58 -570 0
-58 -602 0
-58 -634 0
-58 -666 0
-58 -698 0
-58 -730 0
-58 -762 0
-58 -794 0
-58 -826 0
-90 -122 0
-90 -154 0
-90 -186 0
-90 -218 0
-90 -250 0
-90 -282 0
-90 -314 0
-90 -346 0
-90 -378 0
-90 -410 0
-90 -442 0
-90 -474 0
-90 -506 0
-90 -538 0
-90 -570 0
-90 -602 0
-90 -634 0
-90 -666 0
-90 -698 0
-90 -730 0
-90 -762 0
-90 -794 0
-90 -826 0
-122 -154 0
-122 -186 0
-122 -218 0
-122 -250 0
-122 -282 0
-122 -314 0
-122 -346 0
-122 -378 0
-122 -410 0
-122 -442 0
-122 -474 0
-122 -506 0
-122 -538 0
-122 -570 0
-122 -602 0
-122 -634 0
-122 -666 0
-122 -698 0
-122 -730 0
-122 -762 0
-122 -794 0
-122 -826 0
-154 -186 0
-154 -218 0
-154 -250 0
-154 -282 0
-154 -314 0
-154 -346 0
-154 -378 0
-154 -410 0
-154 -442 0
-154 -474 0
-154 -506 0
-154 -538 0
-154 -570 0
-154 -602 0
-154 -634 0
-154 -666 0
-154 -698 0
-154 -730 0
-154 -762 0
-154 -794 0
-154 -826 0
-186 -218 0
-186 -250 0
-186 -282 0
-186 -314 0
-186 -346 0
-186 -378 0
-186 -410 0
-186 -442 0
-186 -474 0
-186 -506 0
-186 -538 0
-186 -570 0
-186 -602 0
-186 -634 0
-186 -666 0
-186 -698 0
-186 -730 0
-186 -762 0
-186 -794 0
-186 -826 0
-218 -250 0
-218 -282 0
-218 -314 0
-218 -346 0
-218 -378 0
-218 -410 0
-218 -442 0
-218 -474 0
-218 -506 0
-218 -538 0
-218 -570 0
-218 -602 0
-218 -634 0
-218 -666 0
-218 -698 0
-218 -730 0
-218 -762 0
-218 -794 0
-218 -826 0
-250 -282 0
-250 -314 0
-250 -346 0
-250 -378 0
-250 -410 0
-250 -442 0
-250 -474 0
-250 -506 0
-250 -538 0
-250 -570 0
-250 -602 0
-250 -634 0
-250 -666 0
-250 -698 0
-250 -730 0
-250 -762 0
-250 -794 0
-250 -826 0
-282 -314 0
-282 -346 0
-282 -378 0
-282 -410 0
-282 -442 0
-282 -474 0
-282 -506 0
-282 -538 0
-282 -570 0
-282 -602 0
-282 -634 0
-282 -666 0
-282 -698 0
-282 -730 0
-282 -762 0
-282 -794 0
-282 -826 0
-314 -346 0
-314 -378 0
-314 -410 0
-314 -442 0
-314 -474 0
-314 -506 0
-314 -538 0
-314 -570 0
-314 -602 0
-314 -634 0
-314 -666 0
-314 -698 0
-314 -730 0
-314 -762 0
-314 -794 0
-314 -826 0
-346 -378 0
-346 -410 0
-346 -442 0
-346 -474 0
-346 -506 0
-346 -538 0
-346 -570 0
-346 -602 0
-346 -634 0
-346 -666 0
-346 -698 0
-346 -730 0
-346 -762 0
-346 -794 0
-346 -826 0
-378 -410 0
-378 -442 0
-378 -474 0
-378 -506 0
-378 -538 0
-378 -570 0
-378 -602 0
-378 -634 0
-378 -666 0
-378 -698 0
-378 -730 0
-378 -762 0
-378 -794 0
-378 -826 0
-410 -442 0
-410 -474 0
-410 -506 0
-410 -538 0
-410 -570 0
-410 -602 0
-410 -634 0
-410 -666 0
-410 -698 0
-410 -730 0
-410 -762 0
-410 -794 0
-410 -826 0
-442 -474 0
-442 -506 0
-442 -538 0
-442 -570 0
-442 -602 0
-442 -634 0
-442 -666 0
-442 -698 0
-442 -730 0
-442 -762 0
-442 -794 0
-442 -826 0
-474 -506 0
-474 -538 0
-474 -570 0
-474 -602 0
-474 -634 0
-474 -666 0
-474 -698 0
-474 -730 0
-474 -762 0
-474 -794 0
-474 -826 0
-506 -538 0
-506 -570 0
-506 -602 0
-506 -634 0
-506 -666 0
-506 -698 0
-506 -730 0
-506 -762 0
-506 -794 0
-506 -826 0
-538 -570 0
-538 -602 0
-538 -634 0
-538 -666 0
-538 -698 0
-538 -730 0
-538 -762 0
-538 -794 0
-538 -826 0
-570 -602 0
-570 -634 0
-570 -666 0
-570 -698 0
-570 -730 0
-570 -762 0
-570 -794 0
-570 -826 0
-602 -634 0
-602 -666 0
-602 -698 0
-602 -730 0
-602 -762 0
-602 -794 0
-602 -826 0
-634 -666 0
-634 -698 0
-634 -730 0
-634 -762 0
-634 -794 0
-634 -826 0
-666 -698 0
-666 -730 0
-666 -762 0
-666 -794 0
-666 -826 0
-698 -730 0
-698 -762 0
-698 -794 0
-698 -826 0
-730 -762 0
-730 -794 0
-730 -826 0
-762 -794 0
-762 -826 0
-794 -826 0
-27 -59 0
-27 -91 0
-27 -123 0
-27 -155 0
-27 -187 0
-27 -219 0
-27 -251 0
-27 -283 0
-27 -315 0
-27 -347 0
-27 -379 0
-27 -411 0
-27 -443 0
-27 -475 0
-27 -507 0
-27 -539 0
-27 -571 0
-27 -603 0
-27 -635 0
-27 -667 0
-27 -699 0
-27 -731 0
-27 -763 0
-27 -795 0
-27 -827 0
-27 -859 0
-59 -91 0
-59 -123 0
-59 -155 0
-59 -187 0
-59 -219 0
-59 -251 0
-59 -283 0
-59 -315 0
-59 -347 0
-59 -379 0
-59 -411 0
-59 -443 0
-59 -475 0
-59 -507 0
-59 -539 0
-59 -571 0
-59 -603 0
-59 -635 0
-59 -667 0
-59 -699 0
-59 -731 0
-59 -763 0
-59 -795 0
-59 -827 0
-59 -859 0
-91 -123 0
-91 -155 0
-91 -187 0
-91 -219 0
-91 -251 0
-91 -283 0
-91 -315 0
-91 -347 0
-91 -379 0
-91 -411 0
-91 -443 0
-91 -475 0
-91 -507 0
-91 -539 0
-91 -571 0
-91 -603 0
-91 -635 0
-91 -667 0
-91 -699 0
-91 -731 0
-91 -763 0
-91 -795 0
-91 -827 0
-91 -859 0
-123 -155 0
-123 -187 0
-123 -219 0
-123 -251 0
-123 -283 0
-123 -315 0
-123 -347 0
-123 -379 0
-123 -411 0
-123 -443 0
-123 -475 0
-123 -507 0
-123 -539 0
-123 -571 0
-123 -603 0
-123 -635 0
-123 -667 0
-123 -699 0
-123 -731 0
-123 -763 0
-123 -795 0
-123 -827 0
-123 -859 0
-155 -187 0
-155 -219 0
-155 -251 0
-155 -283 0
-155 -315 0
-155 -347 0
-155 -379 0
-155 -411 0
-155 -443 0
-155 -475 0
-155 -507 0
-155 -539 0
-155 -571 0
-155 -603 0
-155 -635 0
-155 -667 0
-155 -699 0
-155 -731 0
-155 -763 0
-155 -795 0
-155 -827 0
-155 -859 0
-187 -219 0
-187 -251 0
-187 -283 0
-187 -315 0
-187 -347 0
-187 -379 0
-187 -411 0
-187 -443 0
-187 -475 0
-187 -507 0
-187 -539 0
-187 -571 0
-187 -603 0
-187 -635 0
-187 -667 0
-187 -699 0
-187 -731 0
-187 -763 0
-187 -795 0
-187 -827 0
-187 -859 0
-219 -251 0
-219 -283 0
-219 -315 0
-219 -347 0
-219 -379 0
-219 -411 0
-219 -443 0
-219 -475 0
-219 -507 0
-219 -539 0
-219 -571 0
-219 -603 0
-219 -635 0
-219 -667 0
-219 -699 0
-219 -731 0
-219 -763 0
-219 -795 0
-219 -827 0
-219 -859 0
-251 -283 0
-251 -315 0
-251 -347 0
-251 -379 0
-251 -411 0
-251 -443 0
-251 -475 0
-251 -507 0
-251 -539 0
-251 -571 0
-251 -603 0
-251 -635 0
-251 -667 0
-251 -699 0
-251 -731 0
-251 -763 0
-251 -795 0
-251 -827 0
-251 -859 0
-283 -315 0
-283 -347 0
-283 -379 0
-283 -411 0
-283 -443 0
-283 -475 0
-283 -507 0
-283 -539 0
-283 -571 0
-283 -603 0
-283 -635 0
-283 -667 0
-283 -699 0
-283 -731 0
-283 -763 0
-283 -795 0
-283 -827 0
-283 -859 0
-315 -347 0
-315 -379 0
-315 -411 0
-315 -443 0
-315 -475 0
-315 -507 0
-315 -539 0
-315 -571 0
-315 -603 0
-315 -635 0
-315 -667 0
-315 -699 0
-315 -731 0
-315 -763 0
-315 -795 0
-315 -827 0
-315 -859 0
-347 -379 0
-347 -411 0
-347 -443 0
-347 -475 0
-347 -507 0
-347 -539 0
-347 -571 0
-347 -603 0
-347 -635 0
-347 -667 0
-347 -699 0
-347 -731 0
-347 -763 0
-347 -795 0
-347 -827 0
-347 -859 0
-379 -411 0
-379 -443 0
-379 -475 0
-379 -507 0
-379 -539 0
-379 -571 0
-379 -603 0
-379 -635 0
-379 -667 0
-379 -699 0
-379 -731 0
-379 -763 0
-379 -795 0
-379 -827 0
-379 -859 0
-411 -443 0
-411 -475 0
-411 -507 0
-411 -539 0
-411 -571 0
-411 -603 0
-411 -635 0
-411 -667 0
-411 -699 0
-411 -731 0
-411 -763 0
-411 -795 0
-411 -827 0
-411 -859 0
-443 -475 0
-443 -507 0
-443 -539 0
-443 -571 0
-443 -603 0
-443 -635 0
-443 -667 0
-443 -699 0
-443 -731 0
-443 -763 0
-443 -795 0
-443 -827 0
-443 -859 0
-475 -507 0
-475 -539 0
-475 -571 0
-475 -603 0
-475 -635 0
-475 -667 0
-475 -699 0
-475 -731 0
-475 -763 0
-475 -795 0
-475 -827 0
-475 -859 0
-507 -539 0
-507 -571 0
-507 -603 0
-507 -635 0
-507 -667 0
-507 -699 0
-507 -731 0
-507 -763 0
-507 -795 0
-507 -827 0
-507 -859 0
-539 -571 0
-539 -603 0
-539 -635 0
-539 -667 0
-539 -699 0
-539 -731 0
-539 -763 0
-539 -795 0
-539 -827 0
-539 -859 0
-571 -603 0
-571 -635 0
-571 -667 0
-571 -699 0
-571 -731 0
-571 -763 0
-571 -795 0
-571 -827 0
-571 -859 0
-603 -635 0
-603 -667 0
-603 -699 0
-603 -731 0
-603 -763 0
-603 -795 0
-603 -827 0
-603 -859 0
-635 -667 0
-635 -699 0
-635 -731 0
-635 -763 0
-635 -795 0
-635 -827 0
-635 -859 0
-667 -699 0
-667 -731 0
-667 -763 0
-667 -795 0
-667 -827 0
-667 -859 0
-699 -731 0
-699 -763 0
-699 -795 0
-699 -827 0
-699 -859 0
-731 -763 0
-731 -795 0
-731 -827 0
-731 -859 0
-763 -795 0
-763 -827 0
-763 -859 0
-795 -827 0
-795 -859 0
-827 -859 0
-28 -60 0
-28 -92 0
-28 -124 0
-28 -156 0
-28 -188 0
-28 -220 0
-28 -252 0
-28 -284 0
-28 -316 0
-28 -348 0
-28 -380 0
-28 -412 0
-28 -444 0
-28 -476 0
-28 -508 0
-28 -540 0
-28 -572 0
-28 -604 0
-28 -636 0
-28 -668 0
-28 -700 0
-28 -732 0
-28 -764 0
-28 -796 0
-28 -828 0
-28 -860 0
-28 -892 0
-60 -92 0
-60 -124 0
-60 -156 0
-60 -188 0
-60 -220 0
-60 -252 0
-60 -284 0
-60 -316 0
-60 -348 0
-60 -380 0
-60 -412 0
-60 -444 0
-60 -476 0
-60 -508 0
-60 -540 0
-60 -572 0
-60 -604 0
-60 -636 0
-60 -668 0
-60 -700 0
-60 -732 0
-60 -764 0
-60 -796 0
-60 -828 0
-60 -860 0
-60 -892 0
-92 -124 0
-92 -156 0
-92 -188 0
-92 -220 0
-92 -252 0
-92 -284 0
-92 -316 0
-92 -348 0
-92 -380 0
-92 -412 0
-92 -444 0
-92 -476 0
-92 -508 0
-92 -540 0
-92 -572 0
-92 -604 0
-92 -636 0
-92 -668 0
-92 -700 0
-92 -732 0
-92 -764 0
-92 -796 0
-92 -828 0
-92 -860 0
-92 -892 0
-124 -156 0
-124 -188 0
-124 -220 0
-124 -252 0
-124 -284 0
-124 -316 0
-124 -348 0
-124 -380 0
-124 -412 0
-124 -444 0
-124 -476 0
-124 -508 0
-124 -540 0
-124 -572 0
-124 -604 0
-124 -636 0
-124 -668 0
-124 -700 0
-124 -732 0
-124 -764 0
-124 -796 0
-124 -828 0
-124 -860 0
-124 -892 0
-156 -188 0
-156 -220 0
-156 -252 0
-156 -284 0
-156 -316 0
-156 -348 0
-156 -380 0
-156 -412 0
-156 -444 0
-156 -476 0
-156 -508 0
-156 -540 0
-156 -572 0
-156 -604 0
-156 -636 0
-156 -668 0
-156 -700 0
-156 -732 0
-156 -764 0
-156 -796 0
-156 -828 0
-156 -860 0
-156 -892 0
-188 -220 0
-188 -252 0
-188 -284 0
-188 -316 0
-188 -348 0
-188 -380 0
-188 -412 0
-188 -444 0
-188 -476 0
-188 -508 0
-188 -540 0
-188 -572 0
-188 -604 0
-188 -636 0
-188 -668 0
-188 -700 0
-188 -732 0
-188 -764 0
-188 -796 0
-188 -828 0
-188 -860 0
-188 -892 0
-220 -252 0
-220 -284 0
-220 -316 0
-220 -348 0
-220 -380 0
-220 -412 0
-220 -444 0
-220 -476 0
-220 -508 0
-220 -540 0
-220 -572 0
-220 -604 0
-220 -636 0
-220 -668 0
-220 -700 0
-220 -732 0
-220 -764 0
-220 -796 0
-220 -828 0
-220 -860 0
-220 -892 0
-252 -284 0
-252 -316 0
-252 -348 0
-252 -380 0
-252 -412 0
-252 -444 0
-252 -476 0
-252 -508 0
-252 -540 0
-252 -572 0
-252 -604 0
-252 -636 0
-252 -668 0
-252 -700 0
-252 -732 0
-252 -764 0
-252 -796 0
-252 -828 0
-252 -860 0
-252 -892 0
-284 -316 0
-284 -348 0
-284 -380 0
-284 -412 0
-284 -444 0
-284 -476 0
-284 -508 0
-284 -540 0
-284 -572 0
-284 -604 0
-284 -636 0
-284 -668 0
-284 -700 0
-284 -732 0
-284 -764 0
-284 -796 0
-284 -828 0
-284 -860 0
-284 -892 0
-316 -348 0
-316 -380 0
-316 -412 0
-316 -444 0
-316 -476 0
-316 -508 0
-316 -540 0
-316 -572 0
-316 -604 0
-316 -636 0
-316 -668 0
-316 -700 0
-316 -732 0
-316 -764 0
-316 -796 0
-316 -828 0
-316 -860 0
-316 -892 0
-348 -380 0
-348 -412 0
-348 -444 0
-348 -476 0
-348 -508 0
-348 -540 0
-348 -572 0
-348 -604 0
-348 -636 0
-348 -668 0
-348 -700 0
-348 -732 0
-348 -764 0
-348 -796 0
-348 -828 0
-348 -860 0
-348 -892 0
-380 -412 0
-380 -444 0
-380 -476 0
-380 -508 0
-380 -540 0
-380 -572 0
-380 -604 0
-380 -636 0
-380 -668 0
-380 -700 0
-380 -732 0
-380 -764 0
-380 -796 0
-380 -828 0
-380 -860 0
-380 -892 0
-412 -444 0
-412 -476 0
-412 -508 0
-412 -540 0
-412 -572 0
-412 -604 0
-412 -636 0
-412 -668 0
-412 -700 0
-412 -732 0
-412 -764 0
-412 -796 0
-412 -828 0
-412 -860 0
-412 -892 0
-444 -476 0
-444 -508 0
-444 -540 0
-444 -572 0
-444 -604 0
-444 -636 0
-444 -668 0
-444 -700 0
-444 -732 0
-444 -764 0
-444 -796 0
-444 -828 0
-444 -860 0
-444 -892 0
-476 -508 0
-476 -540 0
-476 -572 0
-476 -604 0
-476 -636 0
-476 -668 0
-476 -700 0
-476 -732 0
-476 -764 0
-476 -796 0
-476 -828 0
-476 -860 0
-476 -892 0
-508 -540 0
-508 -572 0
-508 -604 0
-508 -636 0
-508 -668 0
-508 -700 0
-508 -732 0
-508 -764 0
-508 -796 0
-508 -828 0
-508 -860 0
-508 -892 0
-540 -572 0
-540 -604 0
-540 -636 0
-540 -668 0
-540 -700 0
-540 -732 0
-540 -764 0
-540 -796 0
-540 -828 0
-540 -860 0
-540 -892 0
-572 -604 0
-572 -636 0
-572 -668 0
-572 -700 0
-572 -732 0
-572 -764 0
-572 -796 0
-572 -828 0
-572 -860 0
-572 -892 0
-604 -636 0
-604 -668 0
-604 -700 0
-604 -732 0
-604 -764 0
-604 -796 0
-604 -828 0
-604 -860 0
-604 -892 0
-636 -668 0
-636 -700 0
-636 -732 0
-636 -764 0
-636 -796 0
-636 -828 0
-636 -860 0
-636 -892 0
-668 -700 0
-668 -732 0
-668 -764 0
-668 -796 0
-668 -828 0
-668 -860 0
-668 -892 0
-700 -732 0
-700 -764 0
-700 -796 0
-700 -828 0
-700 -860 0
-700 -892 0
-732 -764 0
-732 -796 0
-732 -828 0
-732 -860 0
-732 -892 0
-764 -796 0
-764 -828 0
-764 -860 0
-764 -892 0
-796 -828 0
-796 -860 0
-796 -892 0
-828 -860 0
-828 -892 0
-860 -892 0
-29 -61 0
-29 -93 0
-29 -125 0
-29 -157 0
-29 -189 0
-29 -221 0
-29 -253 0
-29 -285 0
-29 -317 0
-29 -349 0
-29 -381 0
-29 -413 0
-29 -445 0
-29 -477 0
-29 -509 0
-29 -541 0
-29 -573 0
-29 -605 0
-29 -637 0
-29 -669 0
-29 -701 0
-29 -733 0
-29 -765 0
-29 -797 0
-29 -829 0
-29 -861 0
-29 -893 0
-29 -925 0
-61 -93 0
-61 -125 0
-61 -157 0
-61 -189 0
-61 -221 0
-61 -253 0
-61 -285 0
-61 -317 0
-61 -349 0
-61 -381 0
-61 -413 0
-61 -445 0
-61 -477 0
-61 -509 0
-61 -541 0
-61 -573 0
-61 -605 0
-61 -637 0
-61 -669 0
-61 -701 0
-61 -733 0
-61 -765 0
-61 -797 0
-61 -829 0
-61 -861 0
-61 -893 0
-61 -925 0
-93 -125 0
-93 -157 0
-93 -189 0
-93 -221 0
-93 -253 0
-93 -285 0
-93 -317 0
-93 -349 0
-93 -381 0
-93 -413 0
-93 -445 0
-93 -477 0
-93 -509 0
-93 -541 0
-93 -573 0
-93 -605 0
-93 -637 0
-93 -669 0
-93 -701 0
-93 -733 0
-93 -765 0
-93 -797 0
-93 -829 0
-93 -861 0
-93 -893 0
-93 -925 0
-125 -157 0
-125 -189 0
-125 -221 0
-125 -253 0
-125 -285 0
-125 -317 0
-125 -349 0
-125 -381 0
-125 -413 0
-125 -445 0
-125 -477 0
-125 -509 0
-125 -541 0
-125 -573 0
-125 -605 0
-125 -637 0
-125 -669 0
-125 -701 0
-125 -733 0
-125 -765 0
-125 -797 0
-125 -829 0
-125 -861 0
-125 -893 0
-125 -925 0
-157 -189 0
-157 -221 0
-157 -253 0
-157 -285 0
-157 -317 0
-157 -349 0
-157 -381 0
-157 -413 0
-157 -445 0
-157 -477 0
-157 -509 0
-157 -541 0
-157 -573 0
-157 -605 0
-157 -637 0
-157 -669 0
-157 -701 0
-157 -733 0
-157 -765 0
-157 -797 0
-157 -829 0
-157 -861 0
-157 -893 0
-157 -925 0
-189 -221 0
-189 -253 0
-189 -285 0
-189 -317 0
-189 -349 0
-189 -381 0
-189 -413 0
-189 -445 0
-189 -477 0
-189 -509 0
-189 -541 0
-189 -573 0
-189 -605 0
-189 -637 0
-189 -669 0
-189 -701 0
-189 -733 0
-189 -765 0
-189 -797 0
-189 -829 0
-189 -861 0
-189 -893 0
-189 -925 0
-221 -253 0
-221 -285 0
-221 -317 0
-221 -349 0
-221 -381 0
-221 -413 0
-221 -445 0
-221 -477 0
-221 -509 0
-221 -541 0
-221 -573 0
-221 -605 0
-221 -637 0
-221 -669 0
-221 -701 0
-221 -733 0
-221 -765 0
-221 -797 0
-221 -829 0
-221 -861 0
-221 -893 0
-221 -925 0
-253 -285 0
-253 -317 0
-253 -349 0
-253 -381 0
-253 -413 0
-253 -445 0
-253 -477 0
-253 -509 0
-253 -541 0
-253 -573 0
-253 -605 0
-253 -637 0
-253 -669 0
-253 -701 0
-253 -733 0
-253 -765 0
-253 -797 0
-253 -829 0
-253 -861 0
-253 -893 0
-253 -925 0
-285 -317 0
-285 -349 0
-285 -381 0
-285 -413 0
-285 -445 0
-285 -477 0
-285 -509 0
-285 -541 0
-285 -573 0
-285 -605 0
-285 -637 0
-285 -669 0
-285 -701 0
-285 -733 0
-285 -765 0
-285 -797 0
-285 -829 0
-285 -861 0
-285 -893 0
-285 -925 0
-317 -349 0
-317 -381 0
-317 -413 0
-317 -445 0
-317 -477 0
-317 -509 0
-317 -541 0
-317 -573 0
-317 -605 0
-317 -637 0
-317 -669 0
-317 -701 0
-317 -733 0
-317 -765 0
-317 -797 0
-317 -829 0
-317 -861 0
-317 -893 0
-317 -925 0
-349 -381 0
-349 -413 0
-349 -445 0
-349 -477 0
-349 -509 0
-349 -541 0
-349 -573 0
-349 -605 0
-349 -637 0
-349 -669 0
-349 -701 0
-349 -733 0
-349 -765 0
-349 -797 0
-349 -829 0
-349 -861 0
-349 -893 0
-349 -925 0
-381 -413 0
-381 -445 0
-381 -477 0
-381 -509 0
-381 -541 0
-381 -573 0
-381 -605 0
-381 -637 0
-381 -669 0
-381 -701 0
-381 -733 0
-381 -765 0
-381 -797 0
-381 -829 0
-381 -861 0
-381 -893 0
-381 -925 0
-413 -445 0
-413 -477 0
-413 -509 0
-413 -541 0
-413 -573 0
-413 -605 0
-413 -637 0
-413 -669 0
-413 -701 0
-413 -733 0
-413 -765 0
-413 -797 0
-413 -829 0
-413 -861 0
-413 -893 0
-413 -925 0
-445 -477 0
-445 -509 0
-445 -541 0
-445 -573 0
-445 -605 0
-445 -637 0
-445 -669 0
-445 -701 0
-445 -733 0
-445 -765 0
-445 -797 0
-445 -829 0
-445 -861 0
-445 -893 0
-445 -925 0
-477 -509 0
-477 -541 0
-477 -573 0
-477 -605 0
-477 -637 0
-477 -669 0
-477 -701 0
-477 -733 0
-477 -765 0
-477 -797 0
-477 -829 0
-477 -861 0
-477 -893 0
-477 -925 0
-509 -541 0
-509 -573 0
-509 -605 0
-509 -637 0
-509 -669 0
-509 -701 0
-509 -733 0
-509 -765 0
-509 -797 0
-509 -829 0
-509 -861 0
-509 -893 0
-509 -925 0
-541 -573 0
-541 -605 0
-541 -637 0
-541 -669 0
-541 -701 0
-541 -733 0
-541 -765 0
-541 -797 0
-541 -829 0
-541 -861 0
-541 -893 0
-541 -925 0
-573 -605 0
-573 -637 0
-573 -669 0
-573 -701 0
-573 -733 0
-573 -765 0
-573 -797 0
-573 -829 0
-573 -861 0
-573 -893 0
-573 -925 0
-605 -637 0
-605 -669 0
-605 -701 0
-605 -733 0
-605 -765 0
-605 -797 0
-605 -829 0
-605 -861 0
-605 -893 0
-605 -925 0
-637 -669 0
-637 -701 0
-637 -733 0
-637 -765 0
-637 -797 0
-637 -829 0
-637 -861 0
-637 -893 0
-637 -925 0
-669 -701 0
-669 -733 0
-669 -765 0
-669 -797 0
-669 -829 0
-669 -861 0
-669 -893 0
-669 -925 0
-701 -733 0
-701 -765 0
-701 -797 0
-701 -829 0
-701 -861 0
-701 -893 0
-701 -925 0
-733 -765 0
-733 -797 0
-733 -829 0
-733 -861 0
-733 -893 0
-733 -925 0
-765 -797 0
-765 -829 0
-765 -861 0
-765 -893 0
-765 -925 0
-797 -829 0
-797 -861 0
-797 -893 0
-797 -925 0
-829 -861 0
-829 -893 0
-829 -925 0
-861 -893 0
-861 -925 0
-893 -925 0
-30 -62 0
-30 -94 0
-30 -126 0
-30 -158 0
-30 -190 0
-30 -222 0
-30 -254 0
-30 -286 0
-30 -318 0
-30 -350 0
-30 -382 0
-30 -414 0
-30 -446 0
-30 -478 0
-30 -510 0
-30 -542 0
-30 -574 0
-30 -606 0
-30 -638 0
-30 -670 0
-30 -702 0
-30 -734 0
-30 -766 0
-30 -798 0
-30 -830 0
-30 -862 0
-30 -894 0
-30 -926 0
-30 -958 0
-62 -94 0
-62 -126 0
-62 -158 0
-62 -190 0
-62 -222 0
-62 -254 0
-62 -286 0
-62 -318 0
-62 -350 0
-62 -382 0
-62 -414 0
-62 -446 0
-62 -478 0
-62 -510 0
-62 -542 0
-62 -574 0
-62 -606 0
-62 -638 0
-62 -670 0
-62 -702 0
-62 -734 0
-62 -766 0
-62 -798 0
-62 -830 0
-62 -862 0
-62 -894 0
-62 -926 0
-62 -958 0
-94 -126 0
-94 -158 0
-94 -190 0
-94 -222 0
-94 -254 0
-94 -286 0
-94 -318 0
-94 -350 0
-94 -382 0
-94 -414 0
-94 -446 0
-94 -478 0
-94 -510 0
-94 -542 0
-94 -574 0
-94 -606 0
-94 -638 0
-94 -670 0
-94 -702 0
-94 -734 0
-94 -766 0
-94 -798 0
-94 -830 0
-94 -862 0
-94 -894 0
-94 -926 0
-94 -958 0
-126 -158 0
-126 -190 0
-126 -222 0
-126 -254 0
-126 -286 0
-126 -318 0
-126 -350 0
-126 -382 0
-126 -414 0
-126 -446 0
-126 -478 0
-126 -510 0
-126 -542 0
-126 -574 0
-126 -606 0
-126 -638 0
-126 -670 0
-126 -702 0
-126 -734 0
-126 -766 0
-126 -798 0
-126 -830 0
-126 -862 0
-126 -894 0
-126 -926 0
-126 -958 0
-158 -190 0
-158 -222 0
-158 -254 0
-158 -286 0
-158 -318 0
-158 -350 0
-158 -382 0
-158 -414 0
-158 -446 0
-158 -478 0
-158 -510 0
-158 -542 0
-158 -574 0
-158 -606 0
-158 -638 0
-158 -670 0
-158 -702 0
-158 -734 0
-158 -766 0
-158 -798 0
-158 -830 0
-158 -862 0
-158 -894 0
-158 -926 0
-158 -958 0
-190 -222 0
-190 -254 0
-190 -286 0
-190 -318 0
-190 -350 0
-190 -382 0
-190 -414 0
-190 -446 0
-190 -478 0
-190 -510 0
-190 -542 0
-190 -574 0
-190 -606 0
-190 -638 0
-190 -670 0
-190 -702 0
-190 -734 0
-190 -766 0
-190 -798 0
-190 -830 0
-190 -862 0
-190 -894 0
-190 -926 0
-190 -958 0
-222 -254 0
-222 -286 0
-222 -318 0
-222 -350 0
-222 -382 0
-222 -414 0
-222 -446 0
-222 -478 0
-222 -510 0
-222 -542 0
-222 -574 0
-222 -606 0
-222 -638 0
-222 -670 0
-222 -702 0
-222 -734 0
-222 -766 0
-222 -798 0
-222 -830 0
-222 -862 0
-222 -894 0
-222 -926 0
-222 -958 0
-254 -286 0
-254 -318 0
-254 -350 0
-254 -382 0
-254 -414 0
-254 -446 0
-254 -478 0
-254 -510 0
-254 -542 0
-254 -574 0
-254 -606 0
-254 -638 0
-254 -670 0
-254 -702 0
-254 -734 0
-254 -766 0
-254 -798 0
-254 -830 0
-254 -862 0
-254 -894 0
-254 -926 0
-254 -958 0
-286 -318 0
-286 -350 0
-286 -382 0
-286 -414 0
-286 -446 0
-286 -478 0
-286 -510 0
-286 -542 0
-286 -574 0
-286 -606 0
-286 -638 0
-286 -670 0
-286 -702 0
-286 -734 0
-286 -766 0
-286 -798 0
-286 -830 0
-286 -862 0
-286 -894 0
-286 -926 0
-286 -958 0
-318 -350 0
-318 -382 0
-318 -414 0
-318 -446 0
-318 -478 0
-318 -510 0
-318 -542 0
-318 -574 0
-318 -606 0
-318 -638 0
-318 -670 0
-318 -702 0
-318 -734 0
-318 -766 0
-318 -798 0
-318 -830 0
-318 -862 0
-318 -894 0
-318 -926 0
-318 -958 0
-350 -382 0
-350 -414 0
-350 -446 0
-350 -478 0
-350 -510 0
-350 -542 0
-350 -574 0
-350 -606 0
-350 -638 0
-350 -670 0
-350 -702 0
-350 -734 0
-350 -766 0
-350 -798 0
-350 -830 0
-350 -862 0
-350 -894 0
-350 -926 0
-350 -958 0
-382 -414 0
-382 -446 0
-382 -478 0
-382 -510 0
-382 -542 0
-382 -574 0
-382 -606 0
-382 -638 0
-382 -670 0
-382 -702 0
-382 -734 0
-382 -766 0
-382 -798 0
-382 -830 0
-382 -862 0
-382 -894 0
-382 -926 0
-382 -958 0
-414 -446 0
-414 -478 0
-414 -510 0
-414 -542 0
-414 -574 0
-414 -606 0
-414 -638 0
-414 -670 0
-414 -702 0
-414 -734 0
-414 -766 0
-414 -798 0
-414 -830 0
-414 -862 0
-414 -894 0
-414 -926 0
-414 -958 0
-446 -478 0
-446 -510 0
-446 -542 0
-446 -574 0
-446 -606 0
-446 -638 0
-446 -670 0
-446 -702 0
-446 -734 0
-446 -766 0
-446 -798 0
-446 -830 0
-446 -862 0
-446 -894 0
-446 -926 0
-446 -958 0
-478 -510 0
-478 -542 0
-478 -574 0
-478 -606 0
-478 -638 0
-478 -670 0
-478 -702 0
-478 -734 0
-478 -766 0
-478 -798 0
-478 -830 0
-478 -862 0
-478 -894 0
-478 -926 0
-478 -958 0
-510 -542 0
-510 -574 0
-510 -606 0
-510 -638 0
-510 -670 0
-510 -702 0
-510 -734 0
-510 -766 0
-510 -798 0
-510 -830 0
-510 -862 0
-510 -894 0
-510 -926 0
-510 -958 0
-542 -574 0
-542 -606 0
-542 -638 0
-542 -670 0
-542 -702 0
-542 -734 0
-542 -766 0
-542 -798 0
-542 -830 0
-542 -862 0
-542 -894 0
-542 -926 0
-542 -958 0
-574 -606 0
-574 -638 0
-574 -670 0
-574 -702 0
-574 -734 0
-574 -766 0
-574 -798 0
-574 -830 0
-574 -862 0
-574 -894 0
-574 -926 0
-574 -958 0
-606 -638 0
-606 -670 0
-606 -702 0
-606 -734 0
-606 -766 0
-606 -798 0
-606 -830 0
-606 -862 0
-606 -894 0
-606 -926 0
-606 -958 0
-638 -670 0
-638 -702 0
-638 -734 0
-638 -766 0
-638 -798 0
-638 -830 0
-638 -862 0
-638 -894 0
-638 -926 0
-638 -958 0
-670 -702 0
-670 -734 0
-670 -766 0
-670 -798 0
-670 -830 0
-670 -862 0
-670 -894 0
-670 -926 0
-670 -958 0
-702 -734 0
-702 -766 0
-702 -798 0
-702 -830 0
-702 -862 0
-702 -894 0
-702 -926 0
-702 -958 0
-734 -766 0
-734 -798 0
-734 -830 0
-734 -862 0
-734 -894 0
-734 -926 0
-734 -958 0
-766 -798 0
-766 -830 0
-766 -862 0
-766 -894 0
-766 -926 0
-766 -958 0
-798 -830 0
-798 -862 0
-798 -894 0
-798 -926 0
-798 -958 0
-830 -862 0
-830 -894 0
-830 -926 0
-830 -958 0
-862 -894 0
-862 -926 0
-862 -958 0
-894 -926 0
-894 -958 0
-926 -958 0
-31 -63 0
-31 -95 0
-31 -127 0
-31 -159 0
-31 -191 0
-31 -223 0
-31 -255 0
-31 -287 0
-31 -319 0
-31 -351 0
-31 -383 0
-31 -415 0
-31 -447 0
-31 -479 0
-31 -511 0
-31 -543 0
-31 -575 0
-31 -607 0
-31 -639 0
-31 -671 0
-31 -703 0
-31 -735 0
-31 -767 0
-31 -799 0
-31 -831 0
-31 -863 0
-31 -895 0
-31 -927 0
-31 -959 0
-31 -991 0
-63 -95 0
-63 -127 0
-63 -159 0
-63 -191 0
-63 -223 0
-63 -255 0
-63 -287 0
-63 -319 0
-63 -351 0
-63 -383 0
-63 -415 0
-63 -447 0
-63 -479 0
-63 -511 0
-63 -543 0
-63 -575 0
-63 -607 0
-63 -639 0
-63 -671 0
-63 -703 0
-63 -735 0
-63 -767 0
-63 -799 0
-63 -831 0
-63 -863 0
-63 -895 0
-63 -927 0
-63 -959 0
-63 -991 0
-95 -127 0
-95 -159 0
-95 -191 0
-95 -223 0
-95 -255 0
-95 -287 0
-95 -319 0
-95 -351 0
-95 -383 0
-95 -415 0
-95 -447 0
-95 -479 0
-95 -511 0
-95 -543 0
-95 -575 0
-95 -607 0
-95 -639 0
-95 -671 0
-95 -703 0
-95 -735 0
-95 -767 0
-95 -799 0
-95 -831 0
-95 -863 0
-95 -895 0
-95 -927 0
-95 -959 0
-95 -991 0
-127 -159 0
-127 -191 0
-127 -223 0
-127 -255 0
-127 -287 0
-127 -319 0
-127 -351 0
-127 -383 0
-127 -415 0
-127 -447 0
-127 -479 0
-127 -511 0
-127 -543 0
-127 -575 0
-127 -607 0
-127 -639 0
-127 -671 0
-127 -703 0
-127 -735 0
-127 -767 0
-127 -799 0
-127 -831 0
-127 -863 0
-127 -895 0
-127 -927 0
-127 -959 0
-127 -991 0
-159 -191 0
-159 -223 0
-159 -255 0
-159 -287 0
-159 -319 0
-159 -351 0
-159 -383 0
-159 -415 0
-159 -447 0
-159 -479 0
-159 -511 0
-159 -543 0
-159 -575 0
-159 -607 0
-159 -639 0
-159 -671 0
-159 -703 0
-159 -735 0
-159 -767 0
-159 -799 0
-159 -831 0
-159 -863 0
-159 -895 0
-159 -927 0
-159 -959 0
-159 -991 0
-191 -223 0
-191 -255 0
-191 -287 0
-191 -319 0
-191 -351 0
-191 -383 0
-191 -415 0
-191 -447 0
-191 -479 0
-191 -511 0
-191 -543 0
-191 -575 0
-191 -607 0
-191 -639 0
-191 -671 0
-191 -703 0
-191 -735 0
-191 -767 0
-191 -799 0
-191 -831 0
-191 -863 0
-191 -895 0
-191 -927 0
-191 -959 0
-191 -991 0
-223 -255 0
-223 -287 0
-223 -319 0
-223 -351 0
-223 -383 0
-223 -415 0
-223 -447 0
-223 -479 0
-223 -511 0
-223 -543 0
-223 -575 0
-223 -607 0
-223 -639 0
-223 -671 0
-223 -703 0
-223 -735 0
-223 -767 0
-223 -799 0
-223 -831 0
-223 -863 0
-223 -895 0
-223 -927 0
-223 -959 0
-223 -991 0
-255 -287 0
-255 -319 0
-255 -351 0
-255 -383 0
-255 -415 0
-255 -447 0
-255 -479 0
-255 -511 0
-255 -543 0
-255 -575 0
-255 -607 0
-255 -639 0
-255 -671 0
-255 -703 0
-255 -735 0
-255 -767 0
-255 -799 0
-255 -831 0
-255 -863 0
-255 -895 0
-255 -927 0
-255 -959 0
-255 -991 0
-287 -319 0
-287 -351 0
-287 -383 0
-287 -415 0
-287 -447 0
-287 -479 0
-287 -511 0
-287 -543 0
-287 -575 0
-287 -607 0
-287 -639 0
-287 -671 0
-287 -703 0
-287 -735 0
-287 -767 0
-287 -799 0
-287 -831 0
-287 -863 0
-287 -895 0
-287 -927 0
-287 -959 0
-287 -991 0
-319 -351 0
-319 -383 0
-319 -415 0
-319 -447 0
-319 -479 0
-319 -511 0
-319 -543 0
-319 -575 0
-319 -607 0
-319 -639 0
-319 -671 0
-319 -703 0
-319 -735 0
-319 -767 0
-319 -799 0
-319 -831 0
-319 -863 0
-319 -895 0
-319 -927 0
-319 -959 0
-319 -991 0
-351 -383 0
-351 -415 0
-351 -447 0
-351 -479 0
-351 -511 0
-351 -543 0
-351 -575 0
-351 -607 0
-351 -639 0
-351 -671 0
-351 -703 0
-351 -735 0
-351 -767 0
-351 -799 0
-351 -831 0
-351 -863 0
-351 -895 0
-351 -927 0
-351 -959 0
-351 -991 0
-383 -415 0
-383 -447 0
-383 -479 0
-383 -511 0
-383 -543 0
-383 -575 0
-383 -607 0
-383 -639 0
-383 -671 0
-383 -703 0
-383 -735 0
-383 -767 0
-383 -799 0
-383 -831 0
-383 -863 0
-383 -895 0
-383 -927 0
-383 -959 0
-383 -991 0
-415 -447 0
-415 -479 0
-415 -511 0
-415 -543 0
-415 -575 0
-415 -607 0
-415 -639 0
-415 -671 0
-415 -703 0
-415 -735 0
-415 -767 0
-415 -799 0
-415 -831 0
-415 -863 0
-415 -895 0
-415 -927 0
-415 -959 0
-415 -991 0
-447 -479 0
-447 -511 0
-447 -543 0
-447 -575 0
-447 -607 0
-447 -639 0
-447 -671 0
-447 -703 0
-447 -735 0
-447 -767 0
-447 -799 0
-447 -831 0
-447 -863 0
-447 -895 0
-447 -927 0
-447 -959 0
-447 -991 0
-479 -511 0
-479 -543 0
-479 -575 0
-479 -607 0
-479 -639 0
-479 -671 0
-479 -703 0
-479 -735 0
-479 -767 0
-479 -799 0
-479 -831 0
-479 -863 0
-479 -895 0
-479 -927 0
-479 -959 0
-479 -991 0
-511 -543 0
-511 -575 0
-511 -607 0
-511 -639 0
-511 -671 0
-511 -703 0
-511 -735 0
-511 -767 0
-511 -799 0
-511 -831 0
-511 -863 0
-511 -895 0
-511 -927 0
-511 -959 0
-511 -991 0
-543 -575 0
-543 -607 0
-543 -639 0
-543 -671 0
-543 -703 0
-543 -735 0
-543 -767 0
-543 -799 0
-543 -831 0
-543 -863 0
-543 -895 0
-543 -927 0
-543 -959 0
-543 -991 0
-575 -607 0
-575 -639 0
-575 -671 0
-575 -703 0
-575 -735 0
-575 -767 0
-575 -799 0
-575 -831 0
-575 -863 0
-575 -895 0
-575 -927 0
-575 -959 0
-575 -991 0
-607 -639 0
-607 -671 0
-607 -703 0
-607 -735 0
-607 -767 0
-607 -799 0
-607 -831 0
-607 -863 0
-607 -895 0
-607 -927 0
-607 -959 0
-607 -991 0
-639 -671 0
-639 -703 0
-639 -735 0
-639 -767 0
-639 -799 0
-639 -831 0
-639 -863 0
-639 -895 0
-639 -927 0
-639 -959 0
-639 -991 0
-671 -703 0
-671 -735 0
-671 -767 0
-671 -799 0
-671 -831 0
-671 -863 0
-671 -895 0
-671 -927 0
-671 -959 0
-671 -991 0
-703 -735 0
-703 -767 0
-703 -799 0
-703 -831 0
-703 -863 0
-703 -895 0
-703 -927 0
-703 -959 0
-703 -991 0
-735 -767 0
-735 -799 0
-735 -831 0
-735 -863 0
-735 -895 0
-735 -927 0
-735 -959 0
-735 -991 0
-767 -799 0
-767 -831 0
-767 -863 0
-767 -895 0
-767 -927 0
-767 -959 0
-767 -991 0
-799 -831 0
-799 -863 0
-799 -895 0
-799 -927 0
-799 -959 0
-799 -991 0
-831 -863 0
-831 -895 0
-831 -927 0
-831 -959 0
-831 -991 0
-863 -895 0
-863 -927 0
-863 -959 0
-863 -991 0
-895 -927 0
-895 -959 0
-895 -991 0
-927 -959 0
-927 -991 0
-959 -991 0
-32 -64 0
-32 -96 0
-32 -128 0
-32 -160 0
-32 -192 0
-32 -224 0
-32 -256 0
-32 -288 0
-32 -320 0
-32 -352 0
-32 -384 0
-32 -416 0
-32 -448 0
-32 -480 0
-32 -512 0
-32 -544 0
-32 -576 0
-32 -608 0
-32 -640 0
-32 -672 0
-32 -704 0
-32 -736 0
-32 -768 0
-32 -800 0
-32 -832 0
-32 -864 0
-32 -896 0
-32 -928 0
-32 -960 0
-32 -992 0
-32 -1024 0
-64 -96 0
-64 -128 0
-64 -160 0
-64 -192 0
-64 -224 0
-64 -256 0
-64 -288 0
-64 -320 0
-64 -352 0
-64 -384 0
-64 -416 0
-64 -448 0
-64 -480 0
-64 -512 0
-64 -544 0
-64 -576 0
-64 -608 0
-64 -640 0
-64 -672 0
-64 -704 0
-64 -736 0
-64 -768 0
-64 -800 0
-64 -832 0
-64 -864 0
-64 -896 0
-64 -928 0
-64 -960 0
-64 -992 0
-64 -1024 0
-96 -128 0
-96 -160 0
-96 -192 0
-96 -224 0
-96 -256 0
-96 -288 0
-96 -320 0
-96 -352 0
-96 -384 0
-96 -416 0
-96 -448 0
-96 -480 0
-96 -512 0
-96 -544 0
-96 -576 0
-96 -608 0
-96 -640 0
-96 -672 0
-96 -704 0
-96 -736 0
-96 -768 0
-96 -800 0
-96 -832 0
-96 -864 0
-96 -896 0
-96 -928 0
-96 -960 0
-96 -992 0
-96 -1024 0
-128 -160 0
-128 -192 0
-128 -224 0
-128 -256 0
-128 -288 0
-128 -320 0
-128 -352 0
-128 -384 0
-128 -416 0
-128 -448 0
-128 -480 0
-128 -512 0
-128 -544 0
-128 -576 0
-128 -608 0
-128 -640 0
-128 -672 0
-128 -704 0
-128 -736 0
-128 -768 0
-128 -800 0
-128 -832 0
-128 -864 0
-128 -896 0
-128 -928 0
-128 -960 0
-128 -992 0
-128 -1024 0
-160 -192 0
-160 -224 0
-160 -256 0
-160 -288 0
-160 -320 0
-160 -352 0
-160 -384 0
-160 -416 0
-160 -448 0
-160 -480 0
-160 -512 0
-160 -544 0
-160 -576 0
-160 -608 0
-160 -640 0
-160 -672 0
-160 -704 0
-160 -736 0
-160 -768 0
-160 -800 0
-160 -832 0
-160 -864 0
-160 -896 0
-160 -928 0
-160 -960 0
-160 -992 0
-160 -1024 0
-192 -224 0
-192 -256 0
-192 -288 0
-192 -320 0
-192 -352 0
-192 -384 0
-192 -416 0
-192 -448 0
-192 -480 0
-192 -512 0
-192 -544 0
-192 -576 0
-192 -608 0
-192 -640 0
-192 -672 0
-192 -704 0
-192 -736 0
-192 -768 0
-192 -800 0
-192 -832 0
-192 -864 0
-192 -896 0
-192 -928 0
-192 -960 0
-192 -992 0
-192 -1024 0
-224 -256 0
-224 -288 0
-224 -320 0
-224 -352 0
-224 -384 0
-224 -416 0
-224 -448 0
-224 -480 0
-224 -512 0
-224 -544 0
-224 -576 0
-224 -608 0
-224 -640 0
-224 -672 0
-224 -704 0
-224 -736 0
-224 -768 0
-224 -800 0
-224 -832 0
-224 -864 0
-224 -896 0
-224 -928 0
-224 -960 0
-224 -992 0
-224 -1024 0
-256 -288 0
-256 -320 0
-256 -352 0
-256 -384 0
-256 -416 0
-256 -448 0
-256 -480 0
-256 -512 0
-256 -544 0
-256 -576 0
-256 -608 0
-256 -640 0
-256 -672 0
-256 -704 0
-256 -736 0
-256 -768 0
-256 -800 0
-256 -832 0
-256 -864 0
-256 -896 0
-256 -928 0
-256 -960 0
-256 -992 0
-256 -1024 0
-288 -320 0
-288 -352 0
-288 -384 0
-288 -416 0
-288 -448 0
-288 -480 0
-288 -512 0
-288 -544 0
-288 -576 0
-288 -608 0
-288 -640 0
-288 -672 0
-288 -704 0
-288 -736 0
-288 -768 0
-288 -800 0
-288 -832 0
-288 -864 0
-288 -896 0
-288 -928 0
-288 -960 0
-288 -992 0
-288 -1024 0
-320 -352 0
-320 -384 0
-320 -416 0
-320 -448 0
-320 -480 0
-320 -512 0
-320 -544 0
-320 -576 0
-320 -608 0
-320 -640 0
-320 -672 0
-320 -704 0
-320 -736 0
-320 -768 0
-320 -800 0
-320 -832 0
-320 -864 0
-320 -896 0
-320 -928 0
-320 -960 0
-320 -992 0
-320 -1024 0
-352 -384 0
-352 -416 0
-352 -448 0
-352 -480 0
-352 -512 0
-352 -544 0
-352 -576 0
-352 -608 0
-352 -640 0
-352 -672 0
-352 -704 0
-352 -736 0
-352 -768 0
-352 -800 0
-352 -832 0
-352 -864 0
-352 -896 0
-352 -928 0
-352 -960 0
-352 -992 0
-352 -1024 0
-384 -416 0
-384 -448 0
-384 -480 0
-384 -512 0
-384 -544 0
-384 -576 0
-384 -608 0
-384 -640 0
-384 -672 0
-384 -704 0
-384 -736 0
-384 -768 0
-384 -800 0
-384 -832 0
-384 -864 0
-384 -896 0
-384 -928 0
-384 -960 0
-384 -992 0
-384 -1024 0
-416 -448 0
-416 -480 0
-416 -512 0
-416 -544 0
-416 -576 0
-416 -608 0
-416 -640 0
-416 -672 0
-416 -704 0
-416 -736 0
-416 -768 0
-416 -800 0
-416 -832 0
-416 -864 0
-416 -896 0
-416 -928 0
-416 -960 0
-416 -992 0
-416 -1024 0
-448 -480 0
-448 -512 0
-448 -544 0
-448 -576 0
-448 -608 0
-448 -640 0
-448 -672 0
-448 -704 0
-448 -736 0
-448 -768 0
-448 -800 0
-448 -832 0
-448 -864 0
-448 -896 0
-448 -928 0
-448 -960 0
-448 -992 0
-448 -1024 0
-480 -512 0
-480 -544 0
-480 -576 0
-480 -608 0
-480 -640 0
-480 -672 0
-480 -704 0
-480 -736 0
-480 -768 0
-480 -800 0
-480 -832 0
-480 -864 0
-480 -896 0
-480 -928 0
-480 -960 0
-480 -992 0
-480 -1024 0
-512 -544 0
-512 -576 0
-512 -608 0
-512 -640 0
-512 -672 0
-512 -704 0
-512 -736 0
-512 -768 0
-512 -800 0
-512 -832 0
-512 -864 0
-512 -896 0
-512 -928 0
-512 -960 0
-512 -992 0
-512 -1024 0
-544 -576 0
-544 -608 0
-544 -640 0
-544 -672 0
-544 -704 0
-544 -736 0
-544 -768 0
-544 -800 0
-544 -832 0
-544 -864 0
-544 -896 0
-544 -928 0
-544 -960 0
-544 -992 0
-544 -1024 0
-576 -608 0
-576 -640 0
-576 -672 0
-576 -704 0
-576 -736 0
-576 -768 0
-576 -800 0
-576 -832 0
-576 -864 0
-576 -896 0
-576 -928 0
-576 -960 0
-576 -992 0
-576 -1024 0
-608 -640 0
-608 -672 0
-608 -704 0
-608 -736 0
-608 -768 0
-608 -800 0
-608 -832 0
-608 -864 0
-608 -896 0
-608 -928 0
-608 -960 0
-608 -992 0
-608 -1024 0
-640 -672 0
-640 -704 0
-640 -736 0
-640 -768 0
-640 -800 0
-640 -832 0
-640 -864 0
-640 -896 0
-640 -928 0
-640 -960 0
-640 -992 0
-640 -1024 0
-672 -704 0
-672 -736 0
-672 -768 0
-672 -800 0
-672 -832 0
-672 -864 0
-672 -896 0
-672 -928 0
-672 -960 0
-672 -992 0
-672 -1024 0
-704 -736 0
-704 -768 0
-704 -800 0
-704 -832 0
-704 -864 0
-704 -896 0
-704 -928 0
-704 -960 0
-704 -992 0
-704 -1024 0
-736 -768 0
-736 -800 0
-736 -832 0
-736 -864 0
-736 -896 0
-736 -928 0
-736 -960 0
-736 -992 0
-736 -1024 0
-768 -800 0
-768 -832 0
-768 -864 0
-768 -896 0
-768 -928 0
-768 -960 0
-768 -992 0
-768 -1024 0
-800 -832 0
-800 -864 0
-800 -896 0
-800 -928 0
-800 -960 0
-800 -992 0
-800 -1024 0
-832 -864 0
-832 -896 0
-832 -928 0
-832 -960 0
-832 -992 0
-832 -1024 0
-864 -896 0
-864 -928 0
-864 -960 0
-864 -992 0
-864 -1024 0
-896 -928 0
-896 -960 0
-896 -992 0
-896 -1024 0
-928 -960 0
-928 -992 0
-928 -1024 0
-960 -992 0
-960 -1024 0
-992 -1024 0
-33 -65 0
-33 -97 0
-33 -129 0
-33 -161 0
-33 -193 0
-33 -225 0
-33 -257 0
-33 -289 0
-33 -321 0
-33 -353 0
-33 -385 0
-33 -417 0
-33 -449 0
-33 -481 0
-33 -513 0
-33 -545 0
-33 -577 0
-33 -609 0
-33 -641 0
-33 -673 0
-33 -705 0
-33 -737 0
-33 -769 0
-33 -801 0
-33 -833 0
-33 -865 0
-33 -897 0
-33 -929 0
-33 -961 0
-33 -993 0
-33 -1025 0
-33 -1057 0
-65 -97 0
-65 -129 0
-65 -161 0
-65 -193 0
-65 -225 0
-65 -257 0
-65 -289 0
-65 -321 0
-65 -353 0
-65 -385 0
-65 -417 0
-65 -449 0
-65 -481 0
-65 -513 0
-65 -545 0
-65 -577 0
-65 -609 0
-65 -641 0
-65 -673 0
-65 -705 0
-65 -737 0
-65 -769 0
-65 -801 0
-65 -833 0
-65 -865 0
-65 -897 0
-65 -929 0
-65 -961 0
-65 -993 0
-65 -1025 0
-65 -1057 0
-97 -129 0
-97 -161 0
-97 -193 0
-97 -225 0
-97 -257 0
-97 -289 0
-97 -321 0
-97 -353 0
-97 -385 0
-97 -417 0
-97 -449 0
-97 -481 0
-97 -513 0
-97 -545 0
-97 -577 0
-97 -609 0
-97 -641 0
-97 -673 0
-97 -705 0
-97 -737 0
-97 -769 0
-97 -801 0
-97 -833 0
-97 -865 0
-97 -897 0
-97 -929 0
-97 -961 0
-97 -993 0
-97 -1025 0
-97 -1057 0
-129 -161 0
-129 -193 0
-129 -225 0
-129 -257 0
-129 -289 0
-129 -321 0
-129 -353 0
-129 -385 0
-129 -417 0
-129 -449 0
-129 -481 0
-129 -513 0
-129 -545 0
-129 -577 0
-129 -609 0
-129 -641 0
-129 -673 0
-129 -705 0
-129 -737 0
-129 -769 0
-129 -801 0
-129 -833 0
-129 -865 0
-129 -897 0
-129 -929 0
-129 -961 0
-129 -993 0
-129 -1025 0
-129 -1057 0
-161 -193 0
-161 -225 0
-161 -257 0
-161 -289 0
-161 -321 0
-161 -353 0
-161 -385 0
-161 -417 0
-161 -449 0
-161 -481 0
-161 -513 0
-161 -545 0
-161 -577 0
-161 -609 0
-161 -641 0
-161 -673 0
-161 -705 0
-161 -737 0
-161 -769 0
-161 -801 0
-161 -833 0
-161 -865 0
-161 -897 0
-161 -929 0
-161 -961 0
-161 -993 0
-161 -1025 0
-161 -1057 0
-193 -225 0
-193 -257 0
-193 -289 0
-193 -321 0
-193 -353 0
-193 -385 0
-193 -417 0
-193 -449 0
-193 -481 0
-193 -513 0
-193 -545 0
-193 -577 0
-193 -609 0
-193 -641 0
-193 -673 0
-193 -705 0
-193 -737 0
-193 -769 0
-193 -801 0
-193 -833 0
-193 -865 0
-193 -897 0
-193 -929 0
-193 -961 0
-193 -993 0
-193 -1025 0
-193 -1057 0
-225 -257 0
-225 -289 0
-225 -321 0
-225 -353 0
-225 -385 0
-225 -417 0
-225 -449 0
-225 -481 0
-225 -513 0
-225 -545 0
-225 -577 0
-225 -609 0
-225 -641 0
-225 -673 0
-225 -705 0
-225 -737 0
-225 -769 0
-225 -801 0
-225 -833 0
-225 -865 0
-225 -897 0
-225 -929 0
-225 -961 0
-225 -993 0
-225 -1025 0
-225 -1057 0
-257 -289 0
-257 -321 0
-257 -353 0
-257 -385 0
-257 -417 0
-257 -449 0
-257 -481 0
-257 -513 0
-257 -545 0
-257 -577 0
-257 -609 0
-257 -641 0
-257 -673 0
-257 -705 0
-257 -737 0
-257 -769 0
-257 -801 0
-257 -833 0
-257 -865 0
-257 -897 0
-257 -929 0
-257 -961 0
-257 -993 0
-257 -1025 0
-257 -1057 0
-289 -321 0
-289 -353 0
-289 -385 0
-289 -417 0
-289 -449 0
-289 -481 0
-289 -513 0
-289 -545 0
-289 -577 0
-289 -609 0
-289 -641 0
-289 -673 0
-289 -705 0
-289 -737 0
-289 -769 0
-289 -801 0
-289 -833 0
-289 -865 0
-289 -897 0
-289 -929 0
-289 -961 0
-289 -993 0
-289 -1025 0
-289 -1057 0
-321 -353 0
-321 -385 0
-321 -417 0
-321 -449 0
-321 -481 0
-321 -513 0
-321 -545 0
-321 -577 0
-321 -609 0
-321 -641 0
-321 -673 0
-321 -705 0
-321 -737 0
-321 -769 0
-321 -801 0
-321 -833 0
-321 -865 0
-321 -897 0
-321 -929 0
-321 -961 0
-321 -993 0
-321 -1025 0
-321 -1057 0
-353 -385 0
-353 -417 0
-353 -449 0
-353 -481 0
-353 -513 0
-353 -545 0
-353 -577 0
-353 -609 0
-353 -641 0
-353 -673 0
-353 -705 0
-353 -737 0
-353 -769 0
-353 -801 0
-353 -833 0
-353 -865 0
-353 -897 0
-353 -929 0
-353 -961 0
-353 -993 0
-353 -1025 0
-353 -1057 0
-385 -417 0
-385 -449 0
-385 -481 0
-385 -513 0
-385 -545 0
-385 -577 0
-385 -609 0
-385 -641 0
-385 -673 0
-385 -705 0
-385 -737 0
-385 -769 0
-385 -801 0
-385 -833 0
-385 -865 0
-385 -897 0
-385 -929 0
-385 -961 0
-385 -993 0
-385 -1025 0
-385 -1057 0
-417 -449 0
-417 -481 0
-417 -513 0
-417 -545 0
-417 -577 0
-417 -609 0
-417 -641 0
-417 -673 0
-417 -705 0
-417 -737 0
-417 -769 0
-417 -801 0
-417 -833 0
-417 -865 0
-417 -897 0
-417 -929 0
-417 -961 0
-417 -993 0
-417 -1025 0
-417 -1057 0
-449 -481 0
-449 -513 0
-449 -545 0
-449 -577 0
-449 -609 0
-449 -641 0
-449 -673 0
-449 -705 0
-449 -737 0
-449 -769 0
-449 -801 0
-449 -833 0
-449 -865 0
-449 -897 0
-449 -929 0
-449 -961 0
-449 -993 0
-449 -1025 0
-449 -1057 0
-481 -513 0
-481 -545 0
-481 -577 0
-481 -609 0
-481 -641 0
-481 -673 0
-481 -705 0
-481 -737 0
-481 -769 0
-481 -801 0
-481 -833 0
-481 -865 0
-481 -897 0
-481 -929 0
-481 -961 0
-481 -993 0
-481 -1025 0
-481 -1057 0
-513 -545 0
-513 -577 0
-513 -609 0
-513 -641 0
-513 -673 0
-513 -705 0
-513 -737 0
-513 -769 0
-513 -801 0
-513 -833 0
-513 -865 0
-513 -897 0
-513 -929 0
-513 -961 0
-513 -993 0
-513 -1025 0
-513 -1057 0
-545 -577 0
-545 -609 0
-545 -641 0
-545 -673 0
-545 -705 0
-545 -737 0
-545 -769 0
-545 -801 0
-545 -833 0
-545 -865 0
-545 -897 0
-545 -929 0
-545 -961 0
-545 -993 0
-545 -1025 0
-545 -1057 0
-577 -609 0
-577 -641 0
-577 -673 0
-577 -705 0
-577 -737 0
-577 -769 0
-577 -801 0
-577 -833 0
-577 -865 0
-577 -897 0
-577 -929 0
-577 -961 0
-577 -993 0
-577 -1025 0
-577 -1057 0
-609 -641 0
-609 -673 0
-609 -705 0
-609 -737 0
-609 -769 0
-609 -801 0
-609 -833 0
-609 -865 0
-609 -897 0
-609 -929 0
-609 -961 0
-609 -993 0
-609 -1025 0
-609 -1057 0
-641 -673 0
-641 -705 0
-641 -737 0
-641 -769 0
-641 -801 0
-641 -833 0
-641 -865 0
-641 -897 0
-641 -929 0
-641 -961 0
-641 -993 0
-641 -1025 0
-641 -1057 0
-673 -705 0
-673 -737 0
-673 -769 0
-673 -801 0
-673 -833 0
-673 -865 0
-673 -897 0
-673 -929 0
-673 -961 0
-673 -993 0
-673 -1025 0
-673 -1057 0
-705 -737 0
-705 -769 0
-705 -801 0
-705 -833 0
-705 -865 0
-705 -897 0
-705 -929 0
-705 -961 0
-705 -993 0
-705 -1025 0
-705 -1057 0
-737 -769 0
-737 -801 0
-737 -833 0
-737 -865 0
-737 -897 0
-737 -929 0
-737 -961 0
-737 -993 0
-737 -1025 0
-737 -1057 0
-769 -801 0
-769 -833 0
-769 -865 0
-769 -897 0
-769 -929 0
-769 -961 0
-769 -993 0
-769 -1025 0
-769 -1057 0
-801 -833 0
-801 -865 0
-801 -897 0
-801 -929 0
-801 -961 0
-801 -993 0
-801 -1025 0
-801 -1057 0
-833 -865 0
-833 -897 0
-833 -929 0
-833 -961 0
-833 -993 0
-833 -1025 0
-833 -1057 0
-865 -897 0
-865 -929 0
-865 -961 0
-865 -993 0
-865 -1025 0
-865 -1057 0
-897 -929 0
-897 -961 0
-897 -993 0
-897 -1025 0
-897 -1057 0
-929 -961 0
-929 -993 0
-929 -1025 0
-929 -1057 0
-961 -993 0
-961 -1025 0
-961 -1057 0
-993 -1025 0
-993 -1057 0
-1025 -1057 0
-66 -98 0
-66 -130 0
-66 -162 0
-66 -194 0
-66 -226 0
-66 -258 0
-66 -290 0
-66 -322 0
-66 -354 0
-66 -386 0
-66 -418 0
-66 -450 0
-66 -482 0
-66 -514 0
-66 -546 0
-66 -578 0
-66 -610 0
-66 -642 0
-66 -674 0
-66 -706 0
-66 -738 0
-66 -770 0
-66 -802 0
-66 -834 0
-66 -866 0
-66 -898 0
-66 -930 0
-66 -962 0
-66 -994 0
-66 -1026 0
-66 -1058 0
-98 -130 0
-98 -162 0
-98 -194 0
-98 -226 0
-98 -258 0
-98 -290 0
-98 -322 0
-98 -354 0
-98 -386 0
-98 -418 0
-98 -450 0
-98 -482 0
-98 -514 0
-98 -546 0
-98 -578 0
-98 -610 0
-98 -642 0
-98 -674 0
-98 -706 0
-98 -738 0
-98 -770 0
-98 -802 0
-98 -834 0
-98 -866 0
-98 -898 0
-98 -930 0
-98 -962 0
-98 -994 0
-98 -1026 0
-98 -1058 0
-130 -162 0
-130 -194 0
-130 -226 0
-130 -258 0
-130 -290 0
-130 -322 0
-130 -354 0
-130 -386 0
-130 -418 0
-130 -450 0
-130 -482 0
-130 -514 0
-130 -546 0
-130 -578 0
-130 -610 0
-130 -642 0
-130 -674 0
-130 -706 0
-130 -738 0
-130 -770 0
-130 -802 0
-130 -834 0
-130 -866 0
-130 -898 0
-130 -930 0
-130 -962 0
-130 -994 0
-130 -1026 0
-130 -1058 0
-162 -194 0
-162 -226 0
-162 -258 0
-162 -290 0
-162 -322 0
-162 -354 0
-162 -386 0
-162 -418 0
-162 -450 0
-162 -482 0
-162 -514 0
-162 -546 0
-162 -578 0
-162 -610 0
-162 -642 0
-162 -674 0
-162 -706 0
-162 -738 0
-162 -770 0
-162 -802 0
-162 -834 0
-162 -866 0
-162 -898 0
-162 -930 0
-162 -962 0
-162 -994 0
-162 -1026 0
-162 -1058 0
-194 -226 0
-194 -258 0
-194 -290 0
-194 -322 0
-194 -354 0
-194 -386 0
-194 -418 0
-194 -450 0
-194 -482 0
-194 -514 0
-194 -546 0
-194 -578 0
-194 -610 0
-194 -642 0
-194 -674 0
-194 -706 0
-194 -738 0
-194 -770 0
-194 -802 0
-194 -834 0
-194 -866 0
-194 -898 0
-194 -930 0
-194 -962 0
-194 -994 0
-194 -1026 0
-194 -1058 0
-226 -258 0
-226 -290 0
-226 -322 0
-226 -354 0
-226 -386 0
-226 -418 0
-226 -450 0
-226 -482 0
-226 -514 0
-226 -546 0
-226 -578 0
-226 -610 0
-226 -642 0
-226 -674 0
-226 -706 0
-226 -738 0
-226 -770 0
-226 -802 0
-226 -834 0
-226 -866 0
-226 -898 0
-226 -930 0
-226 -962 0
-226 -994 0
-226 -1026 0
-226 -1058 0
-258 -290 0
-258 -322 0
-258 -354 0
-258 -386 0
-258 -418 0
-258 -450 0
-258 -482 0
-258 -514 0
-258 -546 0
-258 -578 0
-258 -610 0
-258 -642 0
-258 -674 0
-258 -706 0
-258 -738 0
-258 -770 0
-258 -802 0
-258 -834 0
-258 -866 0
-258 -898 0
-258 -930 0
-258 -962 0
-258 -994 0
-258 -1026 0
-258 -1058 0
-290 -322 0
-290 -354 0
-290 -386 0
-290 -418 0
-290 -450 0
-290 -482 0
-290 -514 0
-290 -546 0
-290 -578 0
-290 -610 0
-290 -642 0
-290 -674 0
-290 -706 0
-290 -738 0
-290 -770 0
-290 -802 0
-290 -834 0
-290 -866 0
-290 -898 0
-290 -930 0
-290 -962 0
-290 -994 0
-290 -1026 0
-290 -1058 0
-322 -354 0
-322 -386 0
-322 -418 0
-322 -450 0
-322 -482 0
-322 -514 0
-322 -546 0
-322 -578 0
-322 -610 0
-322 -642 0
-322 -674 0
-322 -706 0
-322 -738 0
-322 -770 0
-322 -802 0
-322 -834 0
-322 -866 0
-322 -898 0
-322 -930 0
-322 -962 0
-322 -994 0
-322 -1026 0
-322 -1058 0
-354 -386 0
-354 -418 0
-354 -450 0
-354 -482 0
-354 -514 0
-354 -546 0
-354 -578 0
-354 -610 0
-354 -642 0
-354 -674 0
-354 -706 0
-354 -738 0
-354 -770 0
-354 -802 0
-354 -834 0
-354 -866 0
-354 -898 0
-354 -930 0
-354 -962 0
-354 -994 0
-354 -1026 0
-354 -1058 0
-386 -418 0
-386 -450 0
-386 -482 0
-386 -514 0
-386 -546 0
-386 -578 0
-386 -610 0
-386 -642 0
-386 -674 0
-386 -706 0
-386 -738 0
-386 -770 0
-386 -802 0
-386 -834 0
-386 -866 0
-386 -898 0
-386 -930 0
-386 -962 0
-386 -994 0
-386 -1026 0
-386 -1058 0
-418 -450 0
-418 -482 0
-418 -514 0
-418 -546 0
-418 -578 0
-418 -610 0
-418 -642 0
-418 -674 0
-418 -706 0
-418 -738 0
-418 -770 0
-418 -802 0
-418 -834 0
-418 -866 0
-418 -898 0
-418 -930 0
-418 -962 0
-418 -994 0
-418 -1026 0
-418 -1058 0
-450 -482 0
-450 -514 0
-450 -546 0
-450 -578 0
-450 -610 0
-450 -642 0
-450 -674 0
-450 -706 0
-450 -738 0
-450 -770 0
-450 -802 0
-450 -834 0
-450 -866 0
-450 -898 0
-450 -930 0
-450 -962 0
-450 -994 0
-450 -1026 0
-450 -1058 0
-482 -514 0
-482 -546 0
-482 -578 0
-482 -610 0
-482 -642 0
-482 -674 0
-482 -706 0
-482 -738 0
-482 -770 0
-482 -802 0
-482 -834 0
-482 -866 0
-482 -898 0
-482 -930 0
-482 -962 0
-482 -994 0
-482 -1026 0
-482 -1058 0
-514 -546 0
-514 -578 0
-514 -610 0
-514 -642 0
-514 -674 0
-514 -706 0
-514 -738 0
-514 -770 0
-514 -802 0
-514 -834 0
-514 -866 0
-514 -898 0
-514 -930 0
-514 -962 0
-514 -994 0
-514 -1026 0
-514 -1058 0
-546 -578 0
-546 -610 0
-546 -642 0
-546 -674 0
-546 -706 0
-546 -738 0
-546 -770 0
-546 -802 0
-546 -834 0
-546 -866 0
-546 -898 0
-546 -930 0
-546 -962 0
-546 -994 0
-546 -1026 0
-546 -1058 0
-578 -610 0
-578 -642 0
-578 -674 0
-578 -706 0
-578 -738 0
-578 -770 0
-578 -802 0
-578 -834 0
-578 -866 0
-578 -898 0
-578 -930 0
-578 -962 0
-578 -994 0
-578 -1026 0
-578 -1058 0
-610 -642 0
-610 -674 0
-610 -706 0
-610 -738 0
-610 -770 0
-610 -802 0
-610 -834 0
-610 -866 0
-610 -898 0
-610 -930 0
-610 -962 0
-610 -994 0
-610 -1026 0
-610 -1058 0
-642 -674 0
-642 -706 0
-642 -738 0
-642 -770 0
-642 -802 0
-642 -834 0
-642 -866 0
-642 -898 0
-642 -930 0
-642 -962 0
-642 -994 0
-642 -1026 0
-642 -1058 0
-674 -706 0
-674 -738 0
-674 -770 0
-674 -802 0
-674 -834 0
-674 -866 0
-674 -898 0
-674 -930 0
-674 -962 0
-674 -994 0
-674 -1026 0
-674 -1058 0
-706 -738 0
-706 -770 0
-706 -802 0
-706 -834 0
-706 -866 0
-706 -898 0
-706 -930 0
-706 -962 0
-706 -994 0
-706 -1026 0
-706 -1058 0
-738 -770 0
-738 -802 0
-738 -834 0
-738 -866 0
-738 -898 0
-738 -930 0
-738 -962 0
-738 -994 0
-738 -1026 0
-738 -1058 0
-770 -802 0
-770 -834 0
-770 -866 0
-770 -898 0
-770 -930 0
-770 -962 0
-770 -994 0
-770 -1026 0
-770 -1058 0
-802 -834 0
-802 -866 0
-802 -898 0
-802 -930 0
-802 -962 0
-802 -994 0
-802 -1026 0
-802 -1058 0
-834 -866 0
-834 -898 0
-834 -930 0
-834 -962 0
-834 -994 0
-834 -1026 0
-834 -1058 0
-866 -898 0
-866 -930 0
-866 -962 0
-866 -994 0
-866 -1026 0
-866 -1058 0
-898 -930 0
-898 -962 0
-898 -994 0
-898 -1026 0
-898 -1058 0
-930 -962 0
-930 -994 0
-930 -1026 0
-930 -1058 0
-962 -994 0
-962 -1026 0
-962 -1058 0
-994 -1026 0
-994 -1058 0
-1026 -1058 0
-99 -131 0
-99 -163 0
-99 -195 0
-99 -227 0
-99 -259 0
-99 -291 0
-99 -323 0
-99 -355 0
-99 -387 0
-99 -419 0
-99 -451 0
-99 -483 0
-99 -515 0
-99 -547 0
-99 -579 0
-99 -611 0
-99 -643 0
-99 -675 0
-99 -707 0
-99 -739 0
-99 -771 0
-99 -803 0
-99 -835 0
-99 -867 0
-99 -899 0
-99 -931 0
-99 -963 0
-99 -995 0
-99 -1027 0
-99 -1059 0
-131 -163 0
-131 -195 0
-131 -227 0
-131 -259 0
-131 -291 0
-131 -323 0
-131 -355 0
-131 -387 0
-131 -419 0
-131 -451 0
-131 -483 0
-131 -515 0
-131 -547 0
-131 -579 0
-131 -611 0
-131 -643 0
-131 -675 0
-131 -707 0
-131 -739 0
-131 -771 0
-131 -803 0
-131 -835 0
-131 -867 0
-131 -899 0
-131 -931 0
-131 -963 0
-131 -995 0
-131 -1027 0
-131 -1059 0
-163 -195 0
-163 -227 0
-163 -259 0
-163 -291 0
-163 -323 0
-163 -355 0
-163 -387 0
-163 -419 0
-163 -451 0
-163 -483 0
-163 -515 0
-163 -547 0
-163 -579 0
-163 -611 0
-163 -643 0
-163 -675 0
-163 -707 0
-163 -739 0
-163 -771 0
-163 -803 0
-163 -835 0
-163 -867 0
-163 -899 0
-163 -931 0
-163 -963 0
-163 -995 0
-163 -1027 0
-163 -1059 0
-195 -227 0
-195 -259 0
-195 -291 0
-195 -323 0
-195 -355 0
-195 -387 0
-195 -419 0
-195 -451 0
-195 -483 0
-195 -515 0
-195 -547 0
-195 -579 0
-195 -611 0
-195 -643 0
-195 -675 0
-195 -707 0
-195 -739 0
-195 -771 0
-195 -803 0
-195 -835 0
-195 -867 0
-195 -899 0
-195 -931 0
-195 -963 0
-195 -995 0
-195 -1027 0
-195 -1059 0
-227 -259 0
-227 -291 0
-227 -323 0
-227 -355 0
-227 -387 0
-227 -419 0
-227 -451 0
-227 -483 0
-227 -515 0
-227 -547 0
-227 -579 0
-227 -611 0
-227 -643 0
-227 -675 0
-227 -707 0
-227 -739 0
-227 -771 0
-227 -803 0
-227 -835 0
-227 -867 0
-227 -899 0
-227 -931 0
-227 -963 0
-227 -995 0
-227 -1027 0
-227 -1059 0
-259 -291 0
-259 -323 0
-259 -355 0
-259 -387 0
-259 -419 0
-259 -451 0
-259 -483 0
-259 -515 0
-259 -547 0
-259 -579 0
-259 -611 0
-259 -643 0
-259 -675 0
-259 -707 0
-259 -739 0
-259 -771 0
-259 -803 0
-259 -835 0
-259 -867 0
-259 -899 0
-259 -931 0
-259 -963 0
-259 -995 0
-259 -1027 0
-259 -1059 0
-291 -323 0
-291 -355 0
-291 -387 0
-291 -419 0
-291 -451 0
-291 -483 0
-291 -515 0
-291 -547 0
-291 -579 0
-291 -611 0
-291 -643 0
-291 -675 0
-291 -707 0
-291 -739 0
-291 -771 0
-291 -803 0
-291 -835 0
-291 -867 0
-291 -899 0
-291 -931 0
-291 -963 0
-291 -995 0
-291 -1027 0
-291 -1059 0
-323 -355 0
-323 -387 0
-323 -419 0
-323 -451 0
-323 -483 0
-323 -515 0
-323 -547 0
-323 -579 0
-323 -611 0
-323 -643 0
-323 -675 0
-323 -707 0
-323 -739 0
-323 -771 0
-323 -803 0
-323 -835 0
-323 -867 0
-323 -899 0
-323 -931 0
-323 -963 0
-323 -995 0
-323 -1027 0
-323 -1059 0
-355 -387 0
-355 -419 0
-355 -451 0
-355 -483 0
-355 -515 0
-355 -547 0
-355 -579 0
-355 -611 0
-355 -643 0
-355 -675 0
-355 -707 0
-355 -739 0
-355 -771 0
-355 -803 0
-355 -835 0
-355 -867 0
-355 -899 0
-355 -931 0
-355 -963 0
-355 -995 0
-355 -1027 0
-355 -1059 0
-387 -419 0
-387 -451 0
-387 -483 0
-387 -515 0
-387 -547 0
-387 -579 0
-387 -611 0
-387 -643 0
-387 -675 0
-387 -707 0
-387 -739 0
-387 -771 0
-387 -803 0
-387 -835 0
-387 -867 0
-387 -899 0
-387 -931 0
-387 -963 0
-387 -995 0
-387 -1027 0
-387 -1059 0
-419 -451 0
-419 -483 0
-419 -515 0
-419 -547 0
-419 -579 0
-419 -611 0
-419 -643 0
-419 -675 0
-419 -707 0
-419 -739 0
-419 -771 0
-419 -803 0
-419 -835 0
-419 -867 0
-419 -899 0
-419 -931 0
-419 -963 0
-419 -995 0
-419 -1027 0
-419 -1059 0
-451 -483 0
-451 -515 0
-451 -547 0
-451 -579 0
-451 -611 0
-451 -643 0
-451 -675 0
-451 -707 0
-451 -739 0
-451 -771 0
-451 -803 0
-451 -835 0
-451 -867 0
-451 -899 0
-451 -931 0
-451 -963 0
-451 -995 0
-451 -1027 0
-451 -1059 0
-483 -515 0
-483 -547 0
-483 -579 0
-483 -611 0
-483 -643 0
-483 -675 0
-483 -707 0
-483 -739 0
-483 -771 0
-483 -803 0
-483 -835 0
-483 -867 0
-483 -899 0
-483 -931 0
-483 -963 0
-483 -995 0
-483 -1027 0
-483 -1059 0
-515 -547 0
-515 -579 0
-515 -611 0
-515 -643 0
-515 -675 0
-515 -707 0
-515 -739 0
-515 -771 0
-515 -803 0
-515 -835 0
-515 -867 0
-515 -899 0
-515 -931 0
-515 -963 0
-515 -995 0
-515 -1027 0
-515 -1059 0
-547 -579 0
-547 -611 0
-547 -643 0
-547 -675 0
-547 -707 0
-547 -739 0
-547 -771 0
-547 -803 0
-547 -835 0
-547 -867 0
-547 -899 0
-547 -931 0
-547 -963 0
-547 -995 0
-547 -1027 0
-547 -1059 0
-579 -611 0
-579 -643 0
-579 -675 0
-579 -707 0
-579 -739 0
-579 -771 0
-579 -803 0
-579 -835 0
-579 -867 0
-579 -899 0
-579 -931 0
-579 -963 0
-579 -995 0
-579 -1027 0
-579 -1059 0
-611 -643 0
-611 -675 0
-611 -707 0
-611 -739 0
-611 -771 0
-611 -803 0
-611 -835 0
-611 -867 0
-611 -899 0
-611 -931 0
-611 -963 0
-611 -995 0
-611 -1027 0
-611 -1059 0
-643 -675 0
-643 -707 0
-643 -739 0
-643 -771 0
-643 -803 0
-643 -835 0
-643 -867 0
-643 -899 0
-643 -931 0
-643 -963 0
-643 -995 0
-643 -1027 0
-643 -1059 0
-675 -707 0
-675 -739 0
-675 -771 0
-675 -803 0
-675 -835 0
-675 -867 0
-675 -899 0
-675 -931 0
-675 -963 0
-675 -995 0
-675 -1027 0
-675 -1059 0
-707 -739 0
-707 -771 0
-707 -803 0
-707 -835 0
-707 -867 0
-707 -899 0
-707 -931 0
-707 -963 0
-707 -995 0
-707 -1027 0
-707 -1059 0
-739 -771 0
-739 -803 0
-739 -835 0
-739 -867 0
-739 -899 0
-739 -931 0
-739 -963 0
-739 -995 0
-739 -1027 0
-739 -1059 0
-771 -803 0
-771 -835 0
-771 -867 0
-771 -899 0
-771 -931 0
-771 -963 0
-771 -995 0
-771 -1027 0
-771 -1059 0
-803 -835 0
-803 -867 0
-803 -899 0
-803 -931 0
-803 -963 0
-803 -995 0
-803 -1027 0
-803 -1059 0
-835 -867 0
-835 -899 0
-835 -931 0
-835 -963 0
-835 -995 0
-835 -1027 0
-835 -1059 0
-867 -899 0
-867 -931 0
-867 -963 0
-867 -995 0
-867 -1027 0
-867 -1059 0
-899 -931 0
-899 -963 0
-899 -995 0
-899 -1027 0
-899 -1059 0
-931 -963 0
-931 -995 0
-931 -1027 0
-931 -1059 0
-963 -995 0
-963 -1027 0
-963 -1059 0
-995 -1027 0
-995 -1059 0
-1027 -1059 0
-132 -164 0
-132 -196 0
-132 -228 0
-132 -260 0
-132 -292 0
-132 -324 0
-132 -356 0
-132 -388 0
-132 -420 0
-132 -452 0
-132 -484 0
-132 -516 0
-132 -548 0
-132 -580 0
-132 -612 0
-132 -644 0
-132 -676 0
-132 -708 0
-132 -740 0
-132 -772 0
-132 -804 0
-132 -836 0
-132 -868 0
-132 -900 0
-132 -932 0
-132 -964 0
-132 -996 0
-132 -1028 0
-132 -1060 0
-164 -196 0
-164 -228 0
-164 -260 0
-164 -292 0
-164 -324 0
-164 -356 0
-164 -388 0
-164 -420 0
-164 -452 0
-164 -484 0
-164 -516 0
-164 -548 0
-164 -580 0
-164 -612 0
-164 -644 0
-164 -676 0
-164 -708 0
-164 -740 0
-164 -772 0
-164 -804 0
-164 -836 0
-164 -868 0
-164 -900 0
-164 -932 0
-164 -964 0
-164 -996 0
-164 -1028 0
-164 -1060 0
-196 -228 0
-196 -260 0
-196 -292 0
-196 -324 0
-196 -356 0
-196 -388 0
-196 -420 0
-196 -452 0
-196 -484 0
-196 -516 0
-196 -548 0
-196 -580 0
-196 -612 0
-196 -644 0
-196 -676 0
-196 -708 0
-196 -740 0
-196 -772 0
-196 -804 0
-196 -836 0
-196 -868 0
-196 -900 0
-196 -932 0
-196 -964 0
-196 -996 0
-196 -1028 0
-196 -1060 0
-228 -260 0
-228 -292 0
-228 -324 0
-228 -356 0
-228 -388 0
-228 -420 0
-228 -452 0
-228 -484 0
-228 -516 0
-228 -548 0
-228 -580 0
-228 -612 0
-228 -644 0
-228 -676 0
-228 -708 0
-228 -740 0
-228 -772 0
-228 -804 0
-228 -836 0
-228 -868 0
-228 -900 0
-228 -932 0
-228 -964 0
-228 -996 0
-228 -1028 0
-228 -1060 0
-260 -292 0
-260 -324 0
-260 -356 0
-260 -388 0
-260 -420 0
-260 -452 0
-260 -484 0
-260 -516 0
-260 -548 0
-260 -580 0
-260 -612 0
-260 -644 0
-260 -676 0
-260 -708 0
-260 -740 0
-260 -772 0
-260 -804 0
-260 -836 0
-260 -868 0
-260 -900 0
-260 -932 0
-260 -964 0
-260 -996 0
-260 -1028 0
-260 -1060 0
-292 -324 0
-292 -356 0
-292 -388 0
-292 -420 0
-292 -452 0
-292 -484 0
-292 -516 0
-292 -548 0
-292 -580 0
-292 -612 0
-292 -644 0
-292 -676 0
-292 -708 0
-292 -740 0
-292 -772 0
-292 -804 0
-292 -836 0
-292 -868 0
-292 -900 0
-292 -932 0
-292 -964 0
-292 -996 0
-292 -1028 0
-292 -1060 0
-324 -356 0
-324 -388 0
-324 -420 0
-324 -452 0
-324 -484 0
-324 -516 0
-324 -548 0
-324 -580 0
-324 -612 0
-324 -644 0
-324 -676 0
-324 -708 0
-324 -740 0
-324 -772 0
-324 -804 0
-324 -836 0
-324 -868 0
-324 -900 0
-324 -932 0
-324 -964 0
-324 -996 0
-324 -1028 0
-324 -1060 0
-356 -388 0
-356 -420 0
-356 -452 0
-356 -484 0
-356 -516 0
-356 -548 0
-356 -580 0
-356 -612 0
-356 -644 0
-356 -676 0
-356 -708 0
-356 -740 0
-356 -772 0
-356 -804 0
-356 -836 0
-356 -868 0
-356 -900 0
-356 -932 0
-356 -964 0
-356 -996 0
-356 -1028 0
-356 -1060 0
-388 -420 0
-388 -452 0
-388 -484 0
-388 -516 0
-388 -548 0
-388 -580 0
-388 -612 0
-388 -644 0
-388 -676 0
-388 -708 0
-388 -740 0
-388 -772 0
-388 -804 0
-388 -836 0
-388 -868 0
-388 -900 0
-388 -932 0
-388 -964 0
-388 -996 0
-388 -1028 0
-388 -1060 0
-420 -452 0
-420 -484 0
-420 -516 0
-420 -548 0
-420 -580 0
-420 -612 0
-420 -644 0
-420 -676 0
-420 -708 0
-420 -740 0
-420 -772 0
-420 -804 0
-420 -836 0
-420 -868 0
-420 -900 0
-420 -932 0
-420 -964 0
-420 -996 0
-420 -1028 0
-420 -1060 0
-452 -484 0
-452 -516 0
-452 -548 0
-452 -580 0
-452 -612 0
-452 -644 0
-452 -676 0
-452 -708 0
-452 -740 0
-452 -772 0
-452 -804 0
-452 -836 0
-452 -868 0
-452 -900 0
-452 -932 0
-452 -964 0
-452 -996 0
-452 -1028 0
-452 -1060 0
-484 -516 0
-484 -548 0
-484 -580 0
-484 -612 0
-484 -644 0
-484 -676 0
-484 -708 0
-484 -740 0
-484 -772 0
-484 -804 0
-484 -836 0
-484 -868 0
-484 -900 0
-484 -932 0
-484 -964 0
-484 -996 0
-484 -1028 0
-484 -1060 0
-516 -548 0
-516 -580 0
-516 -612 0
-516 -644 0
-516 -676 0
-516 -708 0
-516 -740 0
-516 -772 0
-516 -804 0
-516 -836 0
-516 -868 0
-516 -900 0
-516 -932 0
-516 -964 0
-516 -996 0
-516 -1028 0
-516 -1060 0
-548 -580 0
-548 -612 0
-548 -644 0
-548 -676 0
-548 -708 0
-548 -740 0
-548 -772 0
-548 -804 0
-548 -836 0
-548 -868 0
-548 -900 0
-548 -932 0
-548 -964 0
-548 -996 0
-548 -1028 0
-548 -1060 0
-580 -612 0
-580 -644 0
-580 -676 0
-580 -708 0
-580 -740 0
-580 -772 0
-580 -804 0
-580 -836 0
-580 -868 0
-580 -900 0
-580 -932 0
-580 -964 0
-580 -996 0
-580 -1028 0
-580 -1060 0
-612 -644 0
-612 -676 0
-612 -708 0
-612 -740 0
-612 -772 0
-612 -804 0
-612 -836 0
-612 -868 0
-612 -900 0
-612 -932 0
-612 -964 0
-612 -996 0
-612 -1028 0
-612 -1060 0
-644 -676 0
-644 -708 0
-644 -740 0
-644 -772 0
-644 -804 0
-644 -836 0
-644 -868 0
-644 -900 0
-644 -932 0
-644 -964 0
-644 -996 0
-644 -1028 0
-644 -1060 0
-676 -708 0
-676 -740 0
-676 -772 0
-676 -804 0
-676 -836 0
-676 -868 0
-676 -900 0
-676 -932 0
-676 -964 0
-676 -996 0
-676 -1028 0
-676 -1060 0
-708 -740 0
-708 -772 0
-708 -804 0
-708 -836 0
-708 -868 0
-708 -900 0
-708 -932 0
-708 -964 0
-708 -996 0
-708 -1028 0
-708 -1060 0
-740 -772 0
-740 -804 0
-740 -836 0
-740 -868 0
-740 -900 0
-740 -932 0
-740 -964 0
-740 -996 0
-740 -1028 0
-740 -1060 0
-772 -804 0
-772 -836 0
-772 -868 0
-772 -900 0
-772 -932 0
-772 -964 0
-772 -996 0
-772 -1028 0
-772 -1060 0
-804 -836 0
-804 -868 0
-804 -900 0
-804 -932 0
-804 -964 0
-804 -996 0
-804 -1028 0
-804 -1060 0
-836 -868 0
-836 -900 0
-836 -932 0
-836 -964 0
-836 -996 0
-836 -1028 0
-836 -1060 0
-868 -900 0
-868 -932 0
-868 -964 0
-868 -996 0
-868 -1028 0
-868 -1060 0
-900 -932 0
-900 -964 0
-900 -996 0
-900 -1028 0
-900 -1060 0
-932 -964 0
-932 -996 0
-932 -1028 0
-932 -1060 0
-964 -996 0
-964 -1028 0
-964 -1060 0
-996 -1028 0
-996 -1060 0
-1028 -1060 0
-165 -197 0
-165 -229 0
-165 -261 0
-165 -293 0
-165 -325 0
-165 -357 0
-165 -389 0
-165 -421 0
-165 -453 0
-165 -485 0
-165 -517 0
-165 -549 0
-165 -581 0
-165 -613 0
-165 -645 0
-165 -677 0
-165 -709 0
-165 -741 0
-165 -773 0
-165 -805 0
-165 -837 0
-165 -869 0
-165 -901 0
-165 -933 0
-165 -965 0
-165 -997 0
-165 -1029 0
-165 -1061 0
-197 -229 0
-197 -261 0
-197 -293 0
-197 -325 0
-197 -357 0
-197 -389 0
-197 -421 0
-197 -453 0
-197 -485 0
-197 -517 0
-197 -549 0
-197 -581 0
-197 -613 0
-197 -645 0
-197 -677 0
-197 -709 0
-197 -741 0
-197 -773 0
-197 -805 0
-197 -837 0
-197 -869 0
-197 -901 0
-197 -933 0
-197 -965 0
-197 -997 0
-197 -1029 0
-197 -1061 0
-229 -261 0
-229 -293 0
-229 -325 0
-229 -357 0
-229 -389 0
-229 -421 0
-229 -453 0
-229 -485 0
-229 -517 0
-229 -549 0
-229 -581 0
-229 -613 0
-229 -645 0
-229 -677 0
-229 -709 0
-229 -741 0
-229 -773 0
-229 -805 0
-229 -837 0
-229 -869 0
-229 -901 0
-229 -933 0
-229 -965 0
-229 -997 0
-229 -1029 0
-229 -1061 0
-261 -293 0
-261 -325 0
-261 -357 0
-261 -389 0
-261 -421 0
-261 -453 0
-261 -485 0
-261 -517 0
-261 -549 0
-261 -581 0
-261 -613 0
-261 -645 0
-261 -677 0
-261 -709 0
-261 -741 0
-261 -773 0
-261 -805 0
-261 -837 0
-261 -869 0
-261 -901 0
-261 -933 0
-261 -965 0
-261 -997 0
-261 -1029 0
-261 -1061 0
-293 -325 0
-293 -357 0
-293 -389 0
-293 -421 0
-293 -453 0
-293 -485 0
-293 -517 0
-293 -549 0
-293 -581 0
-293 -613 0
-293 -645 0
-293 -677 0
-293 -709 0
-293 -741 0
-293 -773 0
-293 -805 0
-293 -837 0
-293 -869 0
-293 -901 0
-293 -933 0
-293 -965 0
-293 -997 0
-293 -1029 0
-293 -1061 0
-325 -357 0
-325 -389 0
-325 -421 0
-325 -453 0
-325 -485 0
-325 -517 0
-325 -549 0
-325 -581 0
-325 -613 0
-325 -645 0
-325 -677 0
-325 -709 0
-325 -741 0
-325 -773 0
-325 -805 0
-325 -837 0
-325 -869 0
-325 -901 0
-325 -933 0
-325 -965 0
-325 -997 0
-325 -1029 0
-325 -1061 0
-357 -389 0
-357 -421 0
-357 -453 0
-357 -485 0
-357 -517 0
-357 -549 0
-357 -581 0
-357 -613 0
-357 -645 0
-357 -677 0
-357 -709 0
-357 -741 0
-357 -773 0
-357 -805 0
-357 -837 0
-357 -869 0
-357 -901 0
-357 -933 0
-357 -965 0
-357 -997 0
-357 -1029 0
-357 -1061 0
-389 -421 0
-389 -453 0
-389 -485 0
-389 -517 0
-389 -549 0
-389 -581 0
-389 -613 0
-389 -645 0
-389 -677 0
-389 -709 0
-389 -741 0
-389 -773 0
-389 -805 0
-389 -837 0
-389 -869 0
-389 -901 0
-389 -933 0
-389 -965 0
-389 -997 0
-389 -1029 0
-389 -1061 0
-421 -453 0
-421 -485 0
-421 -517 0
-421 -549 0
-421 -581 0
-421 -613 0
-421 -645 0
-421 -677 0
-421 -709 0
-421 -741 0
-421 -773 0
-421 -805 0
-421 -837 0
-421 -869 0
-421 -901 0
-421 -933 0
-421 -965 0
-421 -997 0
-421 -1029 0
-421 -1061 0
-453 -485 0
-453 -517 0
-453 -549 0
-453 -581 0
-453 -613 0
-453 -645 0
-453 -677 0
-453 -709 0
-453 -741 0
-453 -773 0
-453 -805 0
-453 -837 0
-453 -869 0
-453 -901 0
-453 -933 0
-453 -965 0
-453 -997 0
-453 -1029 0
-453 -1061 0
-485 -517 0
-485 -549 0
-485 -581 0
-485 -613 0
-485 -645 0
-485 -677 0
-485 -709 0
-485 -741 0
-485 -773 0
-485 -805 0
-485 -837 0
-485 -869 0
-485 -901 0
-485 -933 0
-485 -965 0
-485 -997 0
-485 -1029 0
-485 -1061 0
-517 -549 0
-517 -581 0
-517 -613 0
-517 -645 0
-517 -677 0
-517 -709 0
-517 -741 0
-517 -773 0
-517 -805 0
-517 -837 0
-517 -869 0
-517 -901 0
-517 -933 0
-517 -965 0
-517 -997 0
-517 -1029 0
-517 -1061 0
-549 -581 0
-549 -613 0
-549 -645 0
-549 -677 0
-549 -709 0
-549 -741 0
-549 -773 0
-549 -805 0
-549 -837 0
-549 -869 0
-549 -901 0
-549 -933 0
-549 -965 0
-549 -997 0
-549 -1029 0
-549 -1061 0
-581 -613 0
-581 -645 0
-581 -677 0
-581 -709 0
-581 -741 0
-581 -773 0
-581 -805 0
-581 -837 0
-581 -869 0
-581 -901 0
-581 -933 0
-581 -965 0
-581 -997 0
-581 -1029 0
-581 -1061 0
-613 -645 0
-613 -677 0
-613 -709 0
-613 -741 0
-613 -773 0
-613 -805 0
-613 -837 0
-613 -869 0
-613 -901 0
-613 -933 0
-613 -965 0
-613 -997 0
-613 -1029 0
-613 -1061 0
-645 -677 0
-645 -709 0
-645 -741 0
-645 -773 0
-645 -805 0
-645 -837 0
-645 -869 0
-645 -901 0
-645 -933 0
-645 -965 0
-645 -997 0
-645 -1029 0
-645 -1061 0
-677 -709 0
-677 -741 0
-677 -773 0
-677 -805 0
-677 -837 0
-677 -869 0
-677 -901 0
-677 -933 0
-677 -965 0
-677 -997 0
-677 -1029 0
-677 -1061 0
-709 -741 0
-709 -773 0
-709 -805 0
-709 -837 0
-709 -869 0
-709 -901 0
-709 -933 0
-709 -965 0
-709 -997 0
-709 -1029 0
-709 -1061 0
-741 -773 0
-741 -805 0
-741 -837 0
-741 -869 0
-741 -901 0
-741 -933 0
-741 -965 0
-741 -997 0
-741 -1029 0
-741 -1061 0
-773 -805 0
-773 -837 0
-773 -869 0
-773 -901 0
-773 -933 0
-773 -965 0
-773 -997 0
-773 -1029 0
-773 -1061 0
-805 -837 0
-805 -869 0
-805 -901 0
-805 -933 0
-805 -965 0
-805 -997 0
-805 -1029 0
-805 -1061 0
-837 -869 0
-837 -901 0
-837 -933 0
-837 -965 0
-837 -997 0
-837 -1029 0
-837 -1061 0
-869 -901 0
-869 -933 0
-869 -965 0
-869 -997 0
-869 -1029 0
-869 -1061 0
-901 -933 0
-901 -965 0
-901 -997 0
-901 -1029 0
-901 -1061 0
-933 -965 0
-933 -997 0
-933 -1029 0
-933 -1061 0
-965 -997 0
-965 -1029 0
-965 -1061 0
-997 -1029 0
-997 -1061 0
-1029 -1061 0
-198 -230 0
-198 -262 0
-198 -294 0
-198 -326 0
-198 -358 0
-198 -390 0
-198 -422 0
-198 -454 0
-198 -486 0
-198 -518 0
-198 -550 0
-198 -582 0
-198 -614 0
-198 -646 0
-198 -678 0
-198 -710 0
-198 -742 0
-198 -774 0
-198 -806 0
-198 -838 0
-198 -870 0
-198 -902 0
-198 -934 0
-198 -966 0
-198 -998 0
-198 -1030 0
-198 -1062 0
-230 -262 0
-230 -294 0
-230 -326 0
-230 -358 0
-230 -390 0
-230 -422 0
-230 -454 0
-230 -486 0
-230 -518 0
-230 -550 0
-230 -582 0
-230 -614 0
-230 -646 0
-230 -678 0
-230 -710 0
-230 -742 0
-230 -774 0
-230 -806 0
-230 -838 0
-230 -870 0
-230 -902 0
-230 -934 0
-230 -966 0
-230 -998 0
-230 -1030 0
-230 -1062 0
-262 -294 0
-262 -326 0
-262 -358 0
-262 -390 0
-262 -422 0
-262 -454 0
-262 -486 0
-262 -518 0
-262 -550 0
-262 -582 0
-262 -614 0
-262 -646 0
-262 -678 0
-262 -710 0
-262 -742 0
-262 -774 0
-262 -806 0
-262 -838 0
-262 -870 0
-262 -902 0
-262 -934 0
-262 -966 0
-262 -998 0
-262 -1030 0
-262 -1062 0
-294 -326 0
-294 -358 0
-294 -390 0
-294 -422 0
-294 -454 0
-294 -486 0
-294 -518 0
-294 -550 0
-294 -582 0
-294 -614 0
-294 -646 0
-294 -678 0
-294 -710 0
-294 -742 0
-294 -774 0
-294 -806 0
-294 -838 0
-294 -870 0
-294 -902 0
-294 -934 0
-294 -966 0
-294 -998 0
-294 -1030 0
-294 -1062 0
-326 -358 0
-326 -390 0
-326 -422 0
-326 -454 0
-326 -486 0
-326 -518 0
-326 -550 0
-326 -582 0
-326 -614 0
-326 -646 0
-326 -678 0
-326 -710 0
-326 -742 0
-326 -774 0
-326 -806 0
-326 -838 0
-326 -870 0
-326 -902 0
-326 -934 0
-326 -966 0
-326 -998 0
-326 -1030 0
-326 -1062 0
-358 -390 0
-358 -422 0
-358 -454 0
-358 -486 0
-358 -518 0
-358 -550 0
-358 -582 0
-358 -614 0
-358 -646 0
-358 -678 0
-358 -710 0
-358 -742 0
-358 -774 0
-358 -806 0
-358 -838 0
-358 -870 0
-358 -902 0
-358 -934 0
-358 -966 0
-358 -998 0
-358 -1030 0
-358 -1062 0
-390 -422 0
-390 -454 0
-390 -486 0
-390 -518 0
-390 -550 0
-390 -582 0
-390 -614 0
-390 -646 0
-390 -678 0
-390 -710 0
-390 -742 0
-390 -774 0
-390 -806 0
-390 -838 0
-390 -870 0
-390 -902 0
-390 -934 0
-390 -966 0
-390 -998 0
-390 -1030 0
-390 -1062 0
-422 -454 0
-422 -486 0
-422 -518 0
-422 -550 0
-422 -582 0
-422 -614 0
-422 -646 0
-422 -678 0
-422 -710 0
-422 -742 0
-422 -774 0
-422 -806 0
-422 -838 0
-422 -870 0
-422 -902 0
-422 -934 0
-422 -966 0
-422 -998 0
-422 -1030 0
-422 -1062 0
-454 -486 0
-454 -518 0
-454 -550 0
-454 -582 0
-454 -614 0
-454 -646 0
-454 -678 0
-454 -710 0
-454 -742 0
-454 -774 0
-454 -806 0
-454 -838 0
-454 -870 0
-454 -902 0
-454 -934 0
-454 -966 0
-454 -998 0
-454 -1030 0
-454 -1062 0
-486 -518 0
-486 -550 0
-486 -582 0
-486 -614 0
-486 -646 0
-486 -678 0
-486 -710 0
-486 -742 0
-486 -774 0
-486 -806 0
-486 -838 0
-486 -870 0
-486 -902 0
-486 -934 0
-486 -966 0
-486 -998 0
-486 -1030 0
-486 -1062 0
-518 -550 0
-518 -582 0
-518 -614 0
-518 -646 0
-518 -678 0
-518 -710 0
-518 -742 0
-518 -774 0
-518 -806 0
-518 -838 0
-518 -870 0
-518 -902 0
-518 -934 0
-518 -966 0
-518 -998 0
-518 -1030 0
-518 -1062 0
-550 -582 0
-550 -614 0
-550 -646 0
-550 -678 0
-550 -710 0
-550 -742 0
-550 -774 0
-550 -806 0
-550 -838 0
-550 -870 0
-550 -902 0
-550 -934 0
-550 -966 0
-550 -998 0
-550 -1030 0
-550 -1062 0
-582 -614 0
-582 -646 0
-582 -678 0
-582 -710 0
-582 -742 0
-582 -774 0
-582 -806 0
-582 -838 0
-582 -870 0
-582 -902 0
-582 -934 0
-582 -966 0
-582 -998 0
-582 -1030 0
-582 -1062 0
-614 -646 0
-614 -678 0
-614 -710 0
-614 -742 0
-614 -774 0
-614 -806 0
-614 -838 0
-614 -870 0
-614 -902 0
-614 -934 0
-614 -966 0
-614 -998 0
-614 -1030 0
-614 -1062 0
-646 -678 0
-646 -710 0
-646 -742 0
-646 -774 0
-646 -806 0
-646 -838 0
-646 -870 0
-646 -902 0
-646 -934 0
-646 -966 0
-646 -998 0
-646 -1030 0
-646 -1062 0
-678 -710 0
-678 -742 0
-678 -774 0
-678 -806 0
-678 -838 0
-678 -870 0
-678 -902 0
-678 -934 0
-678 -966 0
-678 -998 0
-678 -1030 0
-678 -1062 0
-710 -742 0
-710 -774 0
-710 -806 0
-710 -838 0
-710 -870 0
-710 -902 0
-710 -934 0
-710 -966 0
-710 -998 0
-710 -1030 0
-710 -1062 0
-742 -774 0
-742 -806 0
-742 -838 0
-742 -870 0
-742 -902 0
-742 -934 0
-742 -966 0
-742 -998 0
-742 -1030 0
-742 -1062 0
-774 -806 0
-774 -838 0
-774 -870 0
-774 -902 0
-774 -934 0
-774 -966 0
-774 -998 0
-774 -1030 0
-774 -1062 0
-806 -838 0
-806 -870 0
-806 -902 0
-806 -934 0
-806 -966 0
-806 -998 0
-806 -1030 0
-806 -1062 0
-838 -870 0
-838 -902 0
-838 -934 0
-838 -966 0
-838 -998 0
-838 -1030 0
-838 -1062 0
-870 -902 0
-870 -934 0
-870 -966 0
-870 -998 0
-870 -1030 0
-870 -1062 0
-902 -934 0
-902 -966 0
-902 -998 0
-902 -1030 0
-902 -1062 0
-934 -966 0
-934 -998 0
-934 -1030 0
-934 -1062 0
-966 -998 0
-966 -1030 0
-966 -1062 0
-998 -1030 0
-998 -1062 0
-1030 -1062 0
-231 -263 0
-231 -295 0
-231 -327 0
-231 -359 0
-231 -391 0
-231 -423 0
-231 -455 0
-231 -487 0
-231 -519 0
-231 -551 0
-231 -583 0
-231 -615 0
-231 -647 0
-231 -679 0
-231 -711 0
-231 -743 0
-231 -775 0
-231 -807 0
-231 -839 0
-231 -871 0
-231 -903 0
-231 -935 0
-231 -967 0
-231 -999 0
-231 -1031 0
-231 -1063 0
-263 -295 0
-263 -327 0
-263 -359 0
-263 -391 0
-263 -423 0
-263 -455 0
-263 -487 0
-263 -519 0
-263 -551 0
-263 -583 0
-263 -615 0
-263 -647 0
-263 -679 0
-263 -711 0
-263 -743 0
-263 -775 0
-263 -807 0
-263 -839 0
-263 -871 0
-263 -903 0
-263 -935 0
-263 -967 0
-263 -999 0
-263 -1031 0
-263 -1063 0
-295 -327 0
-295 -359 0
-295 -391 0
-295 -423 0
-295 -455 0
-295 -487 0
-295 -519 0
-295 -551 0
-295 -583 0
-295 -615 0
-295 -647 0
-295 -679 0
-295 -711 0
-295 -743 0
-295 -775 0
-295 -807 0
-295 -839 0
-295 -871 0
-295 -903 0
-295 -935 0
-295 -967 0
-295 -999 0
-295 -1031 0
-295 -1063 0
-327 -359 0
-327 -391 0
-327 -423 0
-327 -455 0
-327 -487 0
-327 -519 0
-327 -551 0
-327 -583 0
-327 -615 0
-327 -647 0
-327 -679 0
-327 -711 0
-327 -743 0
-327 -775 0
-327 -807 0
-327 -839 0
-327 -871 0
-327 -903 0
-327 -935 0
-327 -967 0
-327 -999 0
-327 -1031 0
-327 -1063 0
-359 -391 0
-359 -423 0
-359 -455 0
-359 -487 0
-359 -519 0
-359 -551 0
-359 -583 0
-359 -615 0
-359 -647 0
-359 -679 0
-359 -711 0
-359 -743 0
-359 -775 0
-359 -807 0
-359 -839 0
-359 -871 0
-359 -903 0
-359 -935 0
-359 -967 0
-359 -999 0
-359 -1031 0
-359 -1063 0
-391 -423 0
-391 -455 0
-391 -487 0
-391 -519 0
-391 -551 0
-391 -583 0
-391 -615 0
-391 -647 0
-391 -679 0
-391 -711 0
-391 -743 0
-391 -775 0
-391 -807 0
-391 -839 0
-391 -871 0
-391 -903 0
-391 -935 0
-391 -967 0
-391 -999 0
-391 -1031 0
-391 -1063 0
-423 -455 0
-423 -487 0
-423 -519 0
-423 -551 0
-423 -583 0
-423 -615 0
-423 -647 0
-423 -679 0
-423 -711 0
-423 -743 0
-423 -775 0
-423 -807 0
-423 -839 0
-423 -871 0
-423 -903 0
-423 -935 0
-423 -967 0
-423 -999 0
-423 -1031 0
-423 -1063 0
-455 -487 0
-455 -519 0
-455 -551 0
-455 -583 0
-455 -615 0
-455 -647 0
-455 -679 0
-455 -711 0
-455 -743 0
-455 -775 0
-455 -807 0
-455 -839 0
-455 -871 0
-455 -903 0
-455 -935 0
-455 -967 0
-455 -999 0
-455 -1031 0
-455 -1063 0
-487 -519 0
-487 -551 0
-487 -583 0
-487 -615 0
-487 -647 0
-487 -679 0
-487 -711 0
-487 -743 0
-487 -775 0
-487 -807 0
-487 -839 0
-487 -871 0
-487 -903 0
-487 -935 0
-487 -967 0
-487 -999 0
-487 -1031 0
-487 -1063 0
-519 -551 0
-519 -583 0
-519 -615 0
-519 -647 0
-519 -679 0
-519 -711 0
-519 -743 0
-519 -775 0
-519 -807 0
-519 -839 0
-519 -871 0
-519 -903 0
-519 -935 0
-519 -967 0
-519 -999 0
-519 -1031 0
-519 -1063 0
-551 -583 0
-551 -615 0
-551 -647 0
-551 -679 0
-551 -711 0
-551 -743 0
-551 -775 0
-551 -807 0
-551 -839 0
-551 -871 0
-551 -903 0
-551 -935 0
-551 -967 0
-551 -999 0
-551 -1031 0
-551 -1063 0
-583 -615 0
-583 -647 0
-583 -679 0
-583 -711 0
-583 -743 0
-583 -775 0
-583 -807 0
-583 -839 0
-583 -871 0
-583 -903 0
-583 -935 0
-583 -967 0
-583 -999 0
-583 -1031 0
-583 -1063 0
-615 -647 0
-615 -679 0
-615 -711 0
-615 -743 0
-615 -775 0
-615 -807 0
-615 -839 0
-615 -871 0
-615 -903 0
-615 -935 0
-615 -967 0
-615 -999 0
-615 -1031 0
-615 -1063 0
-647 -679 0
-647 -711 0
-647 -743 0
-647 -775 0
-647 -807 0
-647 -839 0
-647 -871 0
-647 -903 0
-647 -935 0
-647 -967 0
-647 -999 0
-647 -1031 0
-647 -1063 0
-679 -711 0
-679 -743 0
-679 -775 0
-679 -807 0
-679 -839 0
-679 -871 0
-679 -903 0
-679 -935 0
-679 -967 0
-679 -999 0
-679 -1031 0
-679 -1063 0
-711 -743 0
-711 -775 0
-711 -807 0
-711 -839 0
-711 -871 0
-711 -903 0
-711 -935 0
-711 -967 0
-711 -999 0
-711 -1031 0
-711 -1063 0
-743 -775 0
-743 -807 0
-743 -839 0
-743 -871 0
-743 -903 0
-743 -935 0
-743 -967 0
-743 -999 0
-743 -1031 0
-743 -1063 0
-775 -807 0
-775 -839 0
-775 -871 0
-775 -903 0
-775 -935 0
-775 -967 0
-775 -999 0
-775 -1031 0
-775 -1063 0
-807 -839 0
-807 -871 0
-807 -903 0
-807 -935 0
-807 -967 0
-807 -999 0
-807 -1031 0
-807 -1063 0
-839 -871 0
-839 -903 0
-839 -935 0
-839 -967 0
-839 -999 0
-839 -1031 0
-839 -1063 0
-871 -903 0
-871 -935 0
-871 -967 0
-871 -999 0
-871 -1031 0
-871 -1063 0
-903 -935 0
-903 -967 0
-903 -999 0
-903 -1031 0
-903 -1063 0
-935 -967 0
-935 -999 0
-935 -1031 0
-935 -1063 0
-967 -999 0
-967 -1031 0
-967 -1063 0
-999 -1031 0
-999 -1063 0
-1031 -1063 0
-264 -296 0
-264 -328 0
-264 -360 0
-264 -392 0
-264 -424 0
-264 -456 0
-264 -488 0
-264 -520 0
-264 -552 0
-264 -584 0
-264 -616 0
-264 -648 0
-264 -680 0
-264 -712 0
-264 -744 0
-264 -776 0
-264 -808 0
-264 -840 0
-264 -872 0
-264 -904 0
-264 -936 0
-264 -968 0
-264 -1000 0
-264 -1032 0
-264 -1064 0
-296 -328 0
-296 -360 0
-296 -392 0
-296 -424 0
-296 -456 0
-296 -488 0
-296 -520 0
-296 -552 0
-296 -584 0
-296 -616 0
-296 -648 0
-296 -680 0
-296 -712 0
-296 -744 0
-296 -776 0
-296 -808 0
-296 -840 0
-296 -872 0
-296 -904 0
-296 -936 0
-296 -968 0
-296 -1000 0
-296 -1032 0
-296 -1064 0
-328 -360 0
-328 -392 0
-328 -424 0
-328 -456 0
-328 -488 0
-328 -520 0
-328 -552 0
-328 -584 0
-328 -616 0
-328 -648 0
-328 -680 0
-328 -712 0
-328 -744 0
-328 -776 0
-328 -808 0
-328 -840 0
-328 -872 0
-328 -904 0
-328 -936 0
-328 -968 0
-328 -1000 0
-328 -1032 0
-328 -1064 0
-360 -392 0
-360 -424 0
-360 -456 0
-360 -488 0
-360 -520 0
-360 -552 0
-360 -584 0
-360 -616 0
-360 -648 0
-360 -680 0
-360 -712 0
-360 -744 0
-360 -776 0
-360 -808 0
-360 -840 0
-360 -872 0
-360 -904 0
-360 -936 0
-360 -968 0
-360 -1000 0
-360 -1032 0
-360 -1064 0
-392 -424 0
-392 -456 0
-392 -488 0
-392 -520 0
-392 -552 0
-392 -584 0
-392 -616 0
-392 -648 0
-392 -680 0
-392 -712 0
-392 -744 0
-392 -776 0
-392 -808 0
-392 -840 0
-392 -872 0
-392 -904 0
-392 -936 0
-392 -968 0
-392 -1000 0
-392 -1032 0
-392 -1064 0
-424 -456 0
-424 -488 0
-424 -520 0
-424 -552 0
-424 -584 0
-424 -616 0
-424 -648 0
-424 -680 0
-424 -712 0
-424 -744 0
-424 -776 0
-424 -808 0
-424 -840 0
-424 -872 0
-424 -904 0
-424 -936 0
-424 -968 0
-424 -1000 0
-424 -1032 0
-424 -1064 0
-456 -488 0
-456 -520 0
-456 -552 0
-456 -584 0
-456 -616 0
-456 -648 0
-456 -680 0
-456 -712 0
-456 -744 0
-456 -776 0
-456 -808 0
-456 -840 0
-456 -872 0
-456 -904 0
-456 -936 0
-456 -968 0
-456 -1000 0
-456 -1032 0
-456 -1064 0
-488 -520 0
-488 -552 0
-488 -584 0
-488 -616 0
-488 -648 0
-488 -680 0
-488 -712 0
-488 -744 0
-488 -776 0
-488 -808 0
-488 -840 0
-488 -872 0
-488 -904 0
-488 -936 0
-488 -968 0
-488 -1000 0
-488 -1032 0
-488 -1064 0
-520 -552 0
-520 -584 0
-520 -616 0
-520 -648 0
-520 -680 0
-520 -712 0
-520 -744 0
-520 -776 0
-520 -808 0
-520 -840 0
-520 -872 0
-520 -904 0
-520 -936 0
-520 -968 0
-520 -1000 0
-520 -1032 0
-520 -1064 0
-552 -584 0
-552 -616 0
-552 -648 0
-552 -680 0
-552 -712 0
-552 -744 0
-552 -776 0
-552 -808 0
-552 -840 0
-552 -872 0
-552 -904 0
-552 -936 0
-552 -968 0
-552 -1000 0
-552 -1032 0
-552 -1064 0
-584 -616 0
-584 -648 0
-584 -680 0
-584 -712 0
-584 -744 0
-584 -776 0
-584 -808 0
-584 -840 0
-584 -872 0
-584 -904 0
-584 -936 0
-584 -968 0
-584 -1000 0
-584 -1032 0
-584 -1064 0
-616 -648 0
-616 -680 0
-616 -712 0
-616 -744 0
-616 -776 0
-616 -808 0
-616 -840 0
-616 -872 0
-616 -904 0
-616 -936 0
-616 -968 0
-616 -1000 0
-616 -1032 0
-616 -1064 0
-648 -680 0
-648 -712 0
-648 -744 0
-648 -776 0
-648 -808 0
-648 -840 0
-648 -872 0
-648 -904 0
-648 -936 0
-648 -968 0
-648 -1000 0
-648 -1032 0
-648 -1064 0
-680 -712 0
-680 -744 0
-680 -776 0
-680 -808 0
-680 -840 0
-680 -872 0
-680 -904 0
-680 -936 0
-680 -968 0
-680 -1000 0
-680 -1032 0
-680 -1064 0
-712 -744 0
-712 -776 0
-712 -808 0
-712 -840 0
-712 -872 0
-712 -904 0
-712 -936 0
-712 -968 0
-712 -1000 0
-712 -1032 0
-712 -1064 0
-744 -776 0
-744 -808 0
-744 -840 0
-744 -872 0
-744 -904 0
-744 -936 0
-744 -968 0
-744 -1000 0
-744 -1032 0
-744 -1064 0
-776 -808 0
-776 -840 0
-776 -872 0
-776 -904 0
-776 -936 0
-776 -968 0
-776 -1000 0
-776 -1032 0
-776 -1064 0
-808 -840 0
-808 -872 0
-808 -904 0
-808 -936 0
-808 -968 0
-808 -1000 0
-808 -1032 0
-808 -1064 0
-840 -872 0
-840 -904 0
-840 -936 0
-840 -968 0
-840 -1000 0
-840 -1032 0
-840 -1064 0
-872 -904 0
-872 -936 0
-872 -968 0
-872 -1000 0
-872 -1032 0
-872 -1064 0
-904 -936 0
-904 -968 0
-904 -1000 0
-904 -1032 0
-904 -1064 0
-936 -968 0
-936 -1000 0
-936 -1032 0
-936 -1064 0
-968 -1000 0
-968 -1032 0
-968 -1064 0
-1000 -1032 0
-1000 -1064 0
-1032 -1064 0
-297 -329 0
-297 -361 0
-297 -393 0
-297 -425 0
-297 -457 0
-297 -489 0
-297 -521 0
-297 -553 0
-297 -585 0
-297 -617 0
-297 -649 0
-297 -681 0
-297 -713 0
-297 -745 0
-297 -777 0
-297 -809 0
-297 -841 0
-297 -873 0
-297 -905 0
-297 -937 0
-297 -969 0
-297 -1001 0
-297 -1033 0
-297 -1065 0
-329 -361 0
-329 -393 0
-329 -425 0
-329 -457 0
-329 -489 0
-329 -521 0
-329 -553 0
-329 -585 0
-329 -617 0
-329 -649 0
-329 -681 0
-329 -713 0
-329 -745 0
-329 -777 0
-329 -809 0
-329 -841 0
-329 -873 0
-329 -905 0
-329 -937 0
-329 -969 0
-329 -1001 0
-329 -1033 0
-329 -1065 0
-361 -393 0
-361 -425 0
-361 -457 0
-361 -489 0
-361 -521 0
-361 -553 0
-361 -585 0
-361 -617 0
-361 -649 0
-361 -681 0
-361 -713 0
-361 -745 0
-361 -777 0
-361 -809 0
-361 -841 0
-361 -873 0
-361 -905 0
-361 -937 0
-361 -969 0
-361 -1001 0
-361 -1033 0
-361 -1065 0
-393 -425 0
-393 -457 0
-393 -489 0
-393 -521 0
-393 -553 0
-393 -585 0
-393 -617 0
-393 -649 0
-393 -681 0
-393 -713 0
-393 -745 0
-393 -777 0
-393 -809 0
-393 -841 0
-393 -873 0
-393 -905 0
-393 -937 0
-393 -969 0
-393 -1001 0
-393 -1033 0
-393 -1065 0
-425 -457 0
-425 -489 0
-425 -521 0
-425 -553 0
-425 -585 0
-425 -617 0
-425 -649 0
-425 -681 0
-425 -713 0
-425 -745 0
-425 -777 0
-425 -809 0
-425 -841 0
-425 -873 0
-425 -905 0
-425 -937 0
-425 -969 0
-425 -1001 0
-425 -1033 0
-425 -1065 0
-457 -489 0
-457 -521 0
-457 -553 0
-457 -585 0
-457 -617 0
-457 -649 0
-457 -681 0
-457 -713 0
-457 -745 0
-457 -777 0
-457 -809 0
-457 -841 0
-457 -873 0
-457 -905 0
-457 -937 0
-457 -969 0
-457 -1001 0
-457 -1033 0
-457 -1065 0
-489 -521 0
-489 -553 0
-489 -585 0
-489 -617 0
-489 -649 0
-489 -681 0
-489 -713 0
-489 -745 0
-489 -777 0
-489 -809 0
-489 -841 0
-489 -873 0
-489 -905 0
-489 -937 0
-489 -969 0
-489 -1001 0
-489 -1033 0
-489 -1065 0
-521 -553 0
-521 -585 0
-521 -617 0
-521 -649 0
-521 -681 0
-521 -713 0
-521 -745 0
-521 -777 0
-521 -809 0
-521 -841 0
-521 -873 0
-521 -905 0
-521 -937 0
-521 -969 0
-521 -1001 0
-521 -1033 0
-521 -1065 0
-553 -585 0
-553 -617 0
-553 -649 0
-553 -681 0
-553 -713 0
-553 -745 0
-553 -777 0
-553 -809 0
-553 -841 0
-553 -873 0
-553 -905 0
-553 -937 0
-553 -969 0
-553 -1001 0
-553 -1033 0
-553 -1065 0
-585 -617 0
-585 -649 0
-585 -681 0
-585 -713 0
-585 -745 0
-585 -777 0
-585 -809 0
-585 -841 0
-585 -873 0
-585 -905 0
-585 -937 0
-585 -969 0
-585 -1001 0
-585 -1033 0
-585 -1065 0
-617 -649 0
-617 -681 0
-617 -713 0
-617 -745 0
-617 -777 0
-617 -809 0
-617 -841 0
-617 -873 0
-617 -905 0
-617 -937 0
-617 -969 0
-617 -1001 0
-617 -1033 0
-617 -1065 0
-649 -681 0
-649 -713 0
-649 -745 0
-649 -777 0
-649 -809 0
-649 -841 0
-649 -873 0
-649 -905 0
-649 -937 0
-649 -969 0
-649 -1001 0
-649 -1033 0
-649 -1065 0
-681 -713 0
-681 -745 0
-681 -777 0
-681 -809 0
-681 -841 0
-681 -873 0
-681 -905 0
-681 -937 0
-681 -969 0
-681 -1001 0
-681 -1033 0
-681 -1065 0
-713 -745 0
-713 -777 0
-713 -809 0
-713 -841 0
-713 -873 0
-713 -905 0
-713 -937 0
-713 -969 0
-713 -1001 0
-713 -1033 0
-713 -1065 0
-745 -777 0
-745 -809 0
-745 -841 0
-745 -873 0
-745 -905 0
-745 -937 0
-745 -969 0
-745 -1001 0
-745 -1033 0
-745 -1065 0
-777 -809 0
-777 -841 0
-777 -873 0
-777 -905 0
-777 -937 0
-777 -969 0
-777 -1001 0
-777 -1033 0
-777 -1065 0
-809 -841 0
-809 -873 0
-809 -905 0
-809 -937 0
-809 -969 0
-809 -1001 0
-809 -1033 0
-809 -1065 0
-841 -873 0
-841 -905 0
-841 -937 0
-841 -969 0
-841 -1001 0
-841 -1033 0
-841 -1065 0
-873 -905 0
-873 -937 0
-873 -969 0
-873 -1001 0
-873 -1033 0
-873 -1065 0
-905 -937 0
-905 -969 0
-905 -1001 0
-905 -1033 0
-905 -1065 0
-937 -969 0
-937 -1001 0
-937 -1033 0
-937 -1065 0
-969 -1001 0
-969 -1033 0
-969 -1065 0
-1001 -1033 0
-1001 -1065 0
-1033 -1065 0
-330 -362 0
-330 -394 0
-330 -426 0
-330 -458 0
-330 -490 0
-330 -522 0
-330 -554 0
-330 -586 0
-330 -618 0
-330 -650 0
-330 -682 0
-330 -714 0
-330 -746 0
-330 -778 0
-330 -810 0
-330 -842 0
-330 -874 0
-330 -906 0
-330 -938 0
-330 -970 0
-330 -1002 0
-330 -1034 0
-330 -1066 0
-362 -394 0
-362 -426 0
-362 -458 0
-362 -490 0
-362 -522 0
-362 -554 0
-362 -586 0
-362 -618 0
-362 -650 0
-362 -682 0
-362 -714 0
-362 -746 0
-362 -778 0
-362 -810 0
-362 -842 0
-362 -874 0
-362 -906 0
-362 -938 0
-362 -970 0
-362 -1002 0
-362 -1034 0
-362 -1066 0
-394 -426 0
-394 -458 0
-394 -490 0
-394 -522 0
-394 -554 0
-394 -586 0
-394 -618 0
-394 -650 0
-394 -682 0
-394 -714 0
-394 -746 0
-394 -778 0
-394 -810 0
-394 -842 0
-394 -874 0
-394 -906 0
-394 -938 0
-394 -970 0
-394 -1002 0
-394 -1034 0
-394 -1066 0
-426 -458 0
-426 -490 0
-426 -522 0
-426 -554 0
-426 -586 0
-426 -618 0
-426 -650 0
-426 -682 0
-426 -714 0
-426 -746 0
-426 -778 0
-426 -810 0
-426 -842 0
-426 -874 0
-426 -906 0
-426 -938 0
-426 -970 0
-426 -1002 0
-426 -1034 0
-426 -1066 0
-458 -490 0
-458 -522 0
-458 -554 0
-458 -586 0
-458 -618 0
-458 -650 0
-458 -682 0
-458 -714 0
-458 -746 0
-458 -778 0
-458 -810 0
-458 -842 0
-458 -874 0
-458 -906 0
-458 -938 0
-458 -970 0
-458 -1002 0
-458 -1034 0
-458 -1066 0
-490 -522 0
-490 -554 0
-490 -586 0
-490 -618 0
-490 -650 0
-490 -682 0
-490 -714 0
-490 -746 0
-490 -778 0
-490 -810 0
-490 -842 0
-490 -874 0
-490 -906 0
-490 -938 0
-490 -970 0
-490 -1002 0
-490 -1034 0
-490 -1066 0
-522 -554 0
-522 -586 0
-522 -618 0
-522 -650 0
-522 -682 0
-522 -714 0
-522 -746 0
-522 -778 0
-522 -810 0
-522 -842 0
-522 -874 0
-522 -906 0
-522 -938 0
-522 -970 0
-522 -1002 0
-522 -1034 0
-522 -1066 0
-554 -586 0
-554 -618 0
-554 -650 0
-554 -682 0
-554 -714 0
-554 -746 0
-554 -778 0
-554 -810 0
-554 -842 0
-554 -874 0
-554 -906 0
-554 -938 0
-554 -970 0
-554 -1002 0
-554 -1034 0
-554 -1066 0
-586 -618 0
-586 -650 0
-586 -682 0
-586 -714 0
-586 -746 0
-586 -778 0
-586 -810 0
-586 -842 0
-586 -874 0
-586 -906 0
-586 -938 0
-586 -970 0
-586 -1002 0
-586 -1034 0
-586 -1066 0
-618 -650 0
-618 -682 0
-618 -714 0
-618 -746 0
-618 -778 0
-618 -810 0
-618 -842 0
-618 -874 0
-618 -906 0
-618 -938 0
-618 -970 0
-618 -1002 0
-618 -1034 0
-618 -1066 0
-650 -682 0
-650 -714 0
-650 -746 0
-650 -778 0
-650 -810 0
-650 -842 0
-650 -874 0
-650 -906 0
-650 -938 0
-650 -970 0
-650 -1002 0
-650 -1034 0
-650 -1066 0
-682 -714 0
-682 -746 0
-682 -778 0
-682 -810 0
-682 -842 0
-682 -874 0
-682 -906 0
-682 -938 0
-682 -970 0
-682 -1002 0
-682 -1034 0
-682 -1066 0
-714 -746 0
-714 -778 0
-714 -810 0
-714 -842 0
-714 -874 0
-714 -906 0
-714 -938 0
-714 -970 0
-714 -1002 0
-714 -1034 0
-714 -1066 0
-746 -778 0
-746 -810 0
-746 -842 0
-746 -874 0
-746 -906 0
-746 -938 0
-746 -970 0
-746 -1002 0
-746 -1034 0
-746 -1066 0
-778 -810 0
-778 -842 0
-778 -874 0
-778 -906 0
-778 -938 0
-778 -970 0
-778 -1002 0
-778 -1034 0
-778 -1066 0
-810 -842 0
-810 -874 0
-810 -906 0
-810 -938 0
-810 -970 0
-810 -1002 0
-810 -1034 0
-810 -1066 0
-842 -874 0
-842 -906 0
-842 -938 0
-842 -970 0
-842 -1002 0
-842 -1034 0
-842 -1066 0
-874 -906 0
-874 -938 0
-874 -970 0
-874 -1002 0
-874 -1034 0
-874 -1066 0
-906 -938 0
-906 -970 0
-906 -1002 0
-906 -1034 0
-906 -1066 0
-938 -970 0
-938 -1002 0
-938 -1034 0
-938 -1066 0
-970 -1002 0
-970 -1034 0
-970 -1066 0
-1002 -1034 0
-1002 -1066 0
-1034 -1066 0
-363 -395 0
-363 -427 0
-363 -459 0
-363 -491 0
-363 -523 0
-363 -555 0
-363 -587 0
-363 -619 0
-363 -651 0
-363 -683 0
-363 -715 0
-363 -747 0
-363 -779 0
-363 -811 0
-363 -843 0
-363 -875 0
-363 -907 0
-363 -939 0
-363 -971 0
-363 -1003 0
-363 -1035 0
-363 -1067 0
-395 -427 0
-395 -459 0
-395 -491 0
-395 -523 0
-395 -555 0
-395 -587 0
-395 -619 0
-395 -651 0
-395 -683 0
-395 -715 0
-395 -747 0
-395 -779 0
-395 -811 0
-395 -843 0
-395 -875 0
-395 -907 0
-395 -939 0
-395 -971 0
-395 -1003 0
-395 -1035 0
-395 -1067 0
-427 -459 0
-427 -491 0
-427 -523 0
-427 -555 0
-427 -587 0
-427 -619 0
-427 -651 0
-427 -683 0
-427 -715 0
-427 -747 0
-427 -779 0
-427 -811 0
-427 -843 0
-427 -875 0
-427 -907 0
-427 -939 0
-427 -971 0
-427 -1003 0
-427 -1035 0
-427 -1067 0
-459 -491 0
-459 -523 0
-459 -555 0
-459 -587 0
-459 -619 0
-459 -651 0
-459 -683 0
-459 -715 0
-459 -747 0
-459 -779 0
-459 -811 0
-459 -843 0
-459 -875 0
-459 -907 0
-459 -939 0
-459 -971 0
-459 -1003 0
-459 -1035 0
-459 -1067 0
-491 -523 0
-491 -555 0
-491 -587 0
-491 -619 0
-491 -651 0
-491 -683 0
-491 -715 0
-491 -747 0
-491 -779 0
-491 -811 0
-491 -843 0
-491 -875 0
-491 -907 0
-491 -939 0
-491 -971 0
-491 -1003 0
-491 -1035 0
-491 -1067 0
-523 -555 0
-523 -587 0
-523 -619 0
-523 -651 0
-523 -683 0
-523 -715 0
-523 -747 0
-523 -779 0
-523 -811 0
-523 -843 0
-523 -875 0
-523 -907 0
-523 -939 0
-523 -971 0
-523 -1003 0
-523 -1035 0
-523 -1067 0
-555 -587 0
-555 -619 0
-555 -651 0
-555 -683 0
-555 -715 0
-555 -747 0
-555 -779 0
-555 -811 0
-555 -843 0
-555 -875 0
-555 -907 0
-555 -939 0
-555 -971 0
-555 -1003 0
-555 -1035 0
-555 -1067 0
-587 -619 0
-587 -651 0
-587 -683 0
-587 -715 0
-587 -747 0
-587 -779 0
-587 -811 0
-587 -843 0
-587 -875 0
-587 -907 0
-587 -939 0
-587 -971 0
-587 -1003 0
-587 -1035 0
-587 -1067 0
-619 -651 0
-619 -683 0
-619 -715 0
-619 -747 0
-619 -779 0
-619 -811 0
-619 -843 0
-619 -875 0
-619 -907 0
-619 -939 0
-619 -971 0
-619 -1003 0
-619 -1035 0
-619 -1067 0
-651 -683 0
-651 -715 0
-651 -747 0
-651 -779 0
-651 -811 0
-651 -843 0
-651 -875 0
-651 -907 0
-651 -939 0
-651 -971 0
-651 -1003 0
-651 -1035 0
-651 -1067 0
-683 -715 0
-683 -747 0
-683 -779 0
-683 -811 0
-683 -843 0
-683 -875 0
-683 -907 0
-683 -939 0
-683 -971 0
-683 -1003 0
-683 -1035 0
-683 -1067 0
-715 -747 0
-715 -779 0
-715 -811 0
-715 -843 0
-715 -875 0
-715 -907 0
-715 -939 0
-715 -971 0
-715 -1003 0
-715 -1035 0
-715 -1067 0
-747 -779 0
-747 -811 0
-747 -843 0
-747 -875 0
-747 -907 0
-747 -939 0
-747 -971 0
-747 -1003 0
-747 -1035 0
-747 -1067 0
-779 -811 0
-779 -843 0
-779 -875 0
-779 -907 0
-779 -939 0
-779 -971 0
-779 -1003 0
-779 -1035 0
-779 -1067 0
-811 -843 0
-811 -875 0
-811 -907 0
-811 -939 0
-811 -971 0
-811 -1003 0
-811 -1035 0
-811 -1067 0
-843 -875 0
-843 -907 0
-843 -939 0
-843 -971 0
-843 -1003 0
-843 -1035 0
-843 -1067 0
-875 -907 0
-875 -939 0
-875 -971 0
-875 -1003 0
-875 -1035 0
-875 -1067 0
-907 -939 0
-907 -971 0
-907 -1003 0
-907 -1035 0
-907 -1067 0
-939 -971 0
-939 -1003 0
-939 -1035 0
-939 -1067 0
-971 -1003 0
-971 -1035 0
-971 -1067 0
-1003 -1035 0
-1003 -1067 0
-1035 -1067 0
-396 -428 0
-396 -460 0
-396 -492 0
-396 -524 0
-396 -556 0
-396 -588 0
-396 -620 0
-396 -652 0
-396 -684 0
-396 -716 0
-396 -748 0
-396 -780 0
-396 -812 0
-396 -844 0
-396 -876 0
-396 -908 0
-396 -940 0
-396 -972 0
-396 -1004 0
-396 -1036 0
-396 -1068 0
-428 -460 0
-428 -492 0
-428 -524 0
-428 -556 0
-428 -588 0
-428 -620 0
-428 -652 0
-428 -684 0
-428 -716 0
-428 -748 0
-428 -780 0
-428 -812 0
-428 -844 0
-428 -876 0
-428 -908 0
-428 -940 0
-428 -972 0
-428 -1004 0
-428 -1036 0
-428 -1068 0
-460 -492 0
-460 -524 0
-460 -556 0
-460 -588 0
-460 -620 0
-460 -652 0
-460 -684 0
-460 -716 0
-460 -748 0
-460 -780 0
-460 -812 0
-460 -844 0
-460 -876 0
-460 -908 0
-460 -940 0
-460 -972 0
-460 -1004 0
-460 -1036 0
-460 -1068 0
-492 -524 0
-492 -556 0
-492 -588 0
-492 -620 0
-492 -652 0
-492 -684 0
-492 -716 0
-492 -748 0
-492 -780 0
-492 -812 0
-492 -844 0
-492 -876 0
-492 -908 0
-492 -940 0
-492 -972 0
-492 -1004 0
-492 -1036 0
-492 -1068 0
-524 -556 0
-524 -588 0
-524 -620 0
-524 -652 0
-524 -684 0
-524 -716 0
-524 -748 0
-524 -780 0
-524 -812 0
-524 -844 0
-524 -876 0
-524 -908 0
-524 -940 0
-524 -972 0
-524 -1004 0
-524 -1036 0
-524 -1068 0
-556 -588 0
-556 -620 0
-556 -652 0
-556 -684 0
-556 -716 0
-556 -748 0
-556 -780 0
-556 -812 0
-556 -844 0
-556 -876 0
-556 -908 0
-556 -940 0
-556 -972 0
-556 -1004 0
-556 -1036 0
-556 -1068 0
-588 -620 0
-588 -652 0
-588 -684 0
-588 -716 0
-588 -748 0
-588 -780 0
-588 -812 0
-588 -844 0
-588 -876 0
-588 -908 0
-588 -940 0
-588 -972 0
-588 -1004 0
-588 -1036 0
-588 -1068 0
-620 -652 0
-620 -684 0
-620 -716 0
-620 -748 0
-620 -780 0
-620 -812 0
-620 -844 0
-620 -876 0
-620 -908 0
-620 -940 0
-620 -972 0
-620 -1004 0
-620 -1036 0
-620 -1068 0
-652 -684 0
-652 -716 0
-652 -748 0
-652 -780 0
-652 -812 0
-652 -844 0
-652 -876 0
-652 -908 0
-652 -940 0
-652 -972 0
-652 -1004 0
-652 -1036 0
-652 -1068 0
-684 -716 0
-684 -748 0
-684 -780 0
-684 -812 0
-684 -844 0
-684 -876 0
-684 -908 0
-684 -940 0
-684 -972 0
-684 -1004 0
-684 -1036 0
-684 -1068 0
-716 -748 0
-716 -780 0
-716 -812 0
-716 -844 0
-716 -876 0
-716 -908 0
-716 -940 0
-716 -972 0
-716 -1004 0
-716 -1036 0
-716 -1068 0
-748 -780 0
-748 -812 0
-748 -844 0
-748 -876 0
-748 -908 0
-748 -940 0
-748 -972 0
-748 -1004 0
-748 -1036 0
-748 -1068 0
-780 -812 0
-780 -844 0
-780 -876 0
-780 -908 0
-780 -940 0
-780 -972 0
-780 -1004 0
-780 -1036 0
-780 -1068 0
-812 -844 0
-812 -876 0
-812 -908 0
-812 -940 0
-812 -972 0
-812 -1004 0
-812 -1036 0
-812 -1068 0
-844 -876 0
-844 -908 0
-844 -940 0
-844 -972 0
-844 -1004 0
-844 -1036 0
-844 -1068 0
-876 -908 0
-876 -940 0
-876 -972 0
-876 -1004 0
-876 -1036 0
-876 -1068 0
-908 -940 0
-908 -972 0
-908 -1004 0
-908 -1036 0
-908 -1068 0
-940 -972 0
-940 -1004 0
-940 -1036 0
-940 -1068 0
-972 -1004 0
-972 -1036 0
-972 -1068 0
-1004 -1036 0
-1004 -1068 0
-1036 -1068 0
-429 -461 0
-429 -493 0
-429 -525 0
-429 -557 0
-429 -589 0
-429 -621 0
-429 -653 0
-429 -685 0
-429 -717 0
-429 -749 0
-429 -781 0
-429 -813 0
-429 -845 0
-429 -877 0
-429 -909 0
-429 -941 0
-429 -973 0
-429 -1005 0
-429 -1037 0
-429 -1069 0
-461 -493 0
-461 -525 0
-461 -557 0
-461 -589 0
-461 -621 0
-461 -653 0
-461 -685 0
-461 -717 0
-461 -749 0
-461 -781 0
-461 -813 0
-461 -845 0
-461 -877 0
-461 -909 0
-461 -941 0
-461 -973 0
-461 -1005 0
-461 -1037 0
-461 -1069 0
-493 -525 0
-493 -557 0
-493 -589 0
-493 -621 0
-493 -653 0
-493 -685 0
-493 -717 0
-493 -749 0
-493 -781 0
-493 -813 0
-493 -845 0
-493 -877 0
-493 -909 0
-493 -941 0
-493 -973 0
-493 -1005 0
-493 -1037 0
-493 -1069 0
-525 -557 0
-525 -589 0
-525 -621 0
-525 -653 0
-525 -685 0
-525 -717 0
-525 -749 0
-525 -781 0
-525 -813 0
-525 -845 0
-525 -877 0
-525 -909 0
-525 -941 0
-525 -973 0
-525 -1005 0
-525 -1037 0
-525 -1069 0
-557 -589 0
-557 -621 0
-557 -653 0
-557 -685 0
-557 -717 0
-557 -749 0
-557 -781 0
-557 -813 0
-557 -845 0
-557 -877 0
-557 -909 0
-557 -941 0
-557 -973 0
-557 -1005 0
-557 -1037 0
-557 -1069 0
-589 -621 0
-589 -653 0
-589 -685 0
-589 -717 0
-589 -749 0
-589 -781 0
-589 -813 0
-589 -845 0
-589 -877 0
-589 -909 0
-589 -941 0
-589 -973 0
-589 -1005 0
-589 -1037 0
-589 -1069 0
-621 -653 0
-621 -685 0
-621 -717 0
-621 -749 0
-621 -781 0
-621 -813 0
-621 -845 0
-621 -877 0
-621 -909 0
-621 -941 0
-621 -973 0
-621 -1005 0
-621 -1037 0
-621 -1069 0
-653 -685 0
-653 -717 0
-653 -749 0
-653 -781 0
-653 -813 0
-653 -845 0
-653 -877 0
-653 -909 0
-653 -941 0
-653 -973 0
-653 -1005 0
-653 -1037 0
-653 -1069 0
-685 -717 0
-685 -749 0
-685 -781 0
-685 -813 0
-685 -845 0
-685 -877 0
-685 -909 0
-685 -941 0
-685 -973 0
-685 -1005 0
-685 -1037 0
-685 -1069 0
-717 -749 0
-717 -781 0
-717 -813 0
-717 -845 0
-717 -877 0
-717 -909 0
-717 -941 0
-717 -973 0
-717 -1005 0
-717 -1037 0
-717 -1069 0
-749 -781 0
-749 -813 0
-749 -845 0
-749 -877 0
-749 -909 0
-749 -941 0
-749 -973 0
-749 -1005 0
-749 -1037 0
-749 -1069 0
-781 -813 0
-781 -845 0
-781 -877 0
-781 -909 0
-781 -941 0
-781 -973 0
-781 -1005 0
-781 -1037 0
-781 -1069 0
-813 -845 0
-813 -877 0
-813 -909 0
-813 -941 0
-813 -973 0
-813 -1005 0
-813 -1037 0
-813 -1069 0
-845 -877 0
-845 -909 0
-845 -941 0
-845 -973 0
-845 -1005 0
-845 -1037 0
-845 -1069 0
-877 -909 0
-877 -941 0
-877 -973 0
-877 -1005 0
-877 -1037 0
-877 -1069 0
-909 -941 0
-909 -973 0
-909 -1005 0
-909 -1037 0
-909 -1069 0
-941 -973 0
-941 -1005 0
-941 -1037 0
-941 -1069 0
-973 -1005 0
-973 -1037 0
-973 -1069 0
-1005 -1037 0
-1005 -1069 0
-1037 -1069 0
-462 -494 0
-462 -526 0
-462 -558 0
-462 -590 0
-462 -622 0
-462 -654 0
-462 -686 0
-462 -718 0
-462 -750 0
-462 -782 0
-462 -814 0
-462 -846 0
-462 -878 0
-462 -910 0
-462 -942 0
-462 -974 0
-462 -1006 0
-462 -1038 0
-462 -1070 0
-494 -526 0
-494 -558 0
-494 -590 0
-494 -622 0
-494 -654 0
-494 -686 0
-494 -718 0
-494 -750 0
-494 -782 0
-494 -814 0
-494 -846 0
-494 -878 0
-494 -910 0
-494 -942 0
-494 -974 0
-494 -1006 0
-494 -1038 0
-494 -1070 0
-526 -558 0
-526 -590 0
-526 -622 0
-526 -654 0
-526 -686 0
-526 -718 0
-526 -750 0
-526 -782 0
-526 -814 0
-526 -846 0
-526 -878 0
-526 -910 0
-526 -942 0
-526 -974 0
-526 -1006 0
-526 -1038 0
-526 -1070 0
-558 -590 0
-558 -622 0
-558 -654 0
-558 -686 0
-558 -718 0
-558 -750 0
-558 -782 0
-558 -814 0
-558 -846 0
-558 -878 0
-558 -910 0
-558 -942 0
-558 -974 0
-558 -1006 0
-558 -1038 0
-558 -1070 0
-590 -622 0
-590 -654 0
-590 -686 0
-590 -718 0
-590 -750 0
-590 -782 0
-590 -814 0
-590 -846 0
-590 -878 0
-590 -910 0
-590 -942 0
-590 -974 0
-590 -1006 0
-590 -1038 0
-590 -1070 0
-622 -654 0
-622 -686 0
-622 -718 0
-622 -750 0
-622 -782 0
-622 -814 0
-622 -846 0
-622 -878 0
-622 -910 0
-622 -942 0
-622 -974 0
-622 -1006 0
-622 -1038 0
-622 -1070 0
-654 -686 0
-654 -718 0
-654 -750 0
-654 -782 0
-654 -814 0
-654 -846 0
-654 -878 0
-654 -910 0
-654 -942 0
-654 -974 0
-654 -1006 0
-654 -1038 0
-654 -1070 0
-686 -718 0
-686 -750 0
-686 -782 0
-686 -814 0
-686 -846 0
-686 -878 0
-686 -910 0
-686 -942 0
-686 -974 0
-686 -1006 0
-686 -1038 0
-686 -1070 0
-718 -750 0
-718 -782 0
-718 -814 0
-718 -846 0
-718 -878 0
-718 -910 0
-718 -942 0
-718 -974 0
-718 -1006 0
-718 -1038 0
-718 -1070 0
-750 -782 0
-750 -814 0
-750 -846 0
-750 -878 0
-750 -910 0
-750 -942 0
-750 -974 0
-750 -1006 0
-750 -1038 0
-750 -1070 0
-782 -814 0
-782 -846 0
-782 -878 0
-782 -910 0
-782 -942 0
-782 -974 0
-782 -1006 0
-782 -1038 0
-782 -1070 0
-814 -846 0
-814 -878 0
-814 -910 0
-814 -942 0
-814 -974 0
-814 -1006 0
-814 -1038 0
-814 -1070 0
-846 -878 0
-846 -910 0
-846 -942 0
-846 -974 0
-846 -1006 0
-846 -1038 0
-846 -1070 0
-878 -910 0
-878 -942 0
-878 -974 0
-878 -1006 0
-878 -1038 0
-878 -1070 0
-910 -942 0
-910 -974 0
-910 -1006 0
-910 -1038 0
-910 -1070 0
-942 -974 0
-942 -1006 0
-942 -1038 0
-942 -1070 0
-974 -1006 0
-974 -1038 0
-974 -1070 0
-1006 -1038 0
-1006 -1070 0
-1038 -1070 0
-495 -527 0
-495 -559 0
-495 -591 0
-495 -623 0
-495 -655 0
-495 -687 0
-495 -719 0
-495 -751 0
-495 -783 0
-495 -815 0
-495 -847 0
-495 -879 0
-495 -911 0
-495 -943 0
-495 -975 0
-495 -1007 0
-495 -1039 0
-495 -1071 0
-527 -559 0
-527 -591 0
-527 -623 0
-527 -655 0
-527 -687 0
-527 -719 0
-527 -751 0
-527 -783 0
-527 -815 0
-527 -847 0
-527 -879 0
-527 -911 0
-527 -943 0
-527 -975 0
-527 -1007 0
-527 -1039 0
-527 -1071 0
-559 -591 0
-559 -623 0
-559 -655 0
-559 -687 0
-559 -719 0
-559 -751 0
-559 -783 0
-559 -815 0
-559 -847 0
-559 -879 0
-559 -911 0
-559 -943 0
-559 -975 0
-559 -1007 0
-559 -1039 0
-559 -1071 0
-591 -623 0
-591 -655 0
-591 -687 0
-591 -719 0
-591 -751 0
-591 -783 0
-591 -815 0
-591 -847 0
-591 -879 0
-591 -911 0
-591 -943 0
-591 -975 0
-591 -1007 0
-591 -1039 0
-591 -1071 0
-623 -655 0
-623 -687 0
-623 -719 0
-623 -751 0
-623 -783 0
-623 -815 0
-623 -847 0
-623 -879 0
-623 -911 0
-623 -943 0
-623 -975 0
-623 -1007 0
-623 -1039 0
-623 -1071 0
-655 -687 0
-655 -719 0
-655 -751 0
-655 -783 0
-655 -815 0
-655 -847 0
-655 -879 0
-655 -911 0
-655 -943 0
-655 -975 0
-655 -1007 0
-655 -1039 0
-655 -1071 0
-687 -719 0
-687 -751 0
-687 -783 0
-687 -815 0
-687 -847 0
-687 -879 0
-687 -911 0
-687 -943 0
-687 -975 0
-687 -1007 0
-687 -1039 0
-687 -1071 0
-719 -751 0
-719 -783 0
-719 -815 0
-719 -847 0
-719 -879 0
-719 -911 0
-719 -943 0
-719 -975 0
-719 -1007 0
-719 -1039 0
-719 -1071 0
-751 -783 0
-751 -815 0
-751 -847 0
-751 -879 0
-751 -911 0
-751 -943 0
-751 -975 0
-751 -1007 0
-751 -1039 0
-751 -1071 0
-783 -815 0
-783 -847 0
-783 -879 0
-783 -911 0
-783 -943 0
-783 -975 0
-783 -1007 0
-783 -1039 0
-783 -1071 0
-815 -847 0
-815 -879 0
-815 -911 0
-815 -943 0
-815 -975 0
-815 -1007 0
-815 -1039 0
-815 -1071 0
-847 -879 0
-847 -911 0
-847 -943 0
-847 -975 0
-847 -1007 0
-847 -1039 0
-847 -1071 0
-879 -911 0
-879 -943 0
-879 -975 0
-879 -1007 0
-879 -1039 0
-879 -1071 0
-911 -943 0
-911 -975 0
-911 -1007 0
-911 -1039 0
-911 -1071 0
-943 -975 0
-943 -1007 0
-943 -1039 0
-943 -1071 0
-975 -1007 0
-975 -1039 0
-975 -1071 0
-1007 -1039 0
-1007 -1071 0
-1039 -1071 0
-528 -560 0
-528 -592 0
-528 -624 0
-528 -656 0
-528 -688 0
-528 -720 0
-528 -752 0
-528 -784 0
-528 -816 0
-528 -848 0
-528 -880 0
-528 -912 0
-528 -944 0
-528 -976 0
-528 -1008 0
-528 -1040 0
-528 -1072 0
-560 -592 0
-560 -624 0
-560 -656 0
-560 -688 0
-560 -720 0
-560 -752 0
-560 -784 0
-560 -816 0
-560 -848 0
-560 -880 0
-560 -912 0
-560 -944 0
-560 -976 0
-560 -1008 0
-560 -1040 0
-560 -1072 0
-592 -624 0
-592 -656 0
-592 -688 0
-592 -720 0
-592 -752 0
-592 -784 0
-592 -816 0
-592 -848 0
-592 -880 0
-592 -912 0
-592 -944 0
-592 -976 0
-592 -1008 0
-592 -1040 0
-592 -1072 0
-624 -656 0
-624 -688 0
-624 -720 0
-624 -752 0
-624 -784 0
-624 -816 0
-624 -848 0
-624 -880 0
-624 -912 0
-624 -944 0
-624 -976 0
-624 -1008 0
-624 -1040 0
-624 -1072 0
-656 -688 0
-656 -720 0
-656 -752 0
-656 -784 0
-656 -816 0
-656 -848 0
-656 -880 0
-656 -912 0
-656 -944 0
-656 -976 0
-656 -1008 0
-656 -1040 0
-656 -1072 0
-688 -720 0
-688 -752 0
-688 -784 0
-688 -816 0
-688 -848 0
-688 -880 0
-688 -912 0
-688 -944 0
-688 -976 0
-688 -1008 0
-688 -1040 0
-688 -1072 0
-720 -752 0
-720 -784 0
-720 -816 0
-720 -848 0
-720 -880 0
-720 -912 0
-720 -944 0
-720 -976 0
-720 -1008 0
-720 -1040 0
-720 -1072 0
-752 -784 0
-752 -816 0
-752 -848 0
-752 -880 0
-752 -912 0
-752 -944 0
-752 -976 0
-752 -1008 0
-752 -1040 0
-752 -1072 0
-784 -816 0
-784 -848 0
-784 -880 0
-784 -912 0
-784 -944 0
-784 -976 0
-784 -1008 0
-784 -1040 0
-784 -1072 0
-816 -848 0
-816 -880 0
-816 -912 0
-816 -944 0
-816 -976 0
-816 -1008 0
-816 -1040 0
-816 -1072 0
-848 -880 0
-848 -912 0
-848 -944 0
-848 -976 0
-848 -1008 0
-848 -1040 0
-848 -1072 0
-880 -912 0
-880 -944 0
-880 -976 0
-880 -1008 0
-880 -1040 0
-880 -1072 0
-912 -944 0
-912 -976 0
-912 -1008 0
-912 -1040 0
-912 -1072 0
-944 -976 0
-944 -1008 0
-944 -1040 0
-944 -1072 0
-976 -1008 0
-976 -1040 0
-976 -1072 0
-1008 -1040 0
-1008 -1072 0
-1040 -1072 0
-561 -593 0
-561 -625 0
-561 -657 0
-561 -689 0
-561 -721 0
-561 -753 0
-561 -785 0
-561 -817 0
-561 -849 0
-561 -881 0
-561 -913 0
-561 -945 0
-561 -977 0
-561 -1009 0
-561 -1041 0
-561 -1073 0
-593 -625 0
-593 -657 0
-593 -689 0
-593 -721 0
-593 -753 0
-593 -785 0
-593 -817 0
-593 -849 0
-593 -881 0
-593 -913 0
-593 -945 0
-593 -977 0
-593 -1009 0
-593 -1041 0
-593 -1073 0
-625 -657 0
-625 -689 0
-625 -721 0
-625 -753 0
-625 -785 0
-625 -817 0
-625 -849 0
-625 -881 0
-625 -913 0
-625 -945 0
-625 -977 0
-625 -1009 0
-625 -1041 0
-625 -1073 0
-657 -689 0
-657 -721 0
-657 -753 0
-657 -785 0
-657 -817 0
-657 -849 0
-657 -881 0
-657 -913 0
-657 -945 0
-657 -977 0
-657 -1009 0
-657 -1041 0
-657 -1073 0
-689 -721 0
-689 -753 0
-689 -785 0
-689 -817 0
-689 -849 0
-689 -881 0
-689 -913 0
-689 -945 0
-689 -977 0
-689 -1009 0
-689 -1041 0
-689 -1073 0
-721 -753 0
-721 -785 0
-721 -817 0
-721 -849 0
-721 -881 0
-721 -913 0
-721 -945 0
-721 -977 0
-721 -1009 0
-721 -1041 0
-721 -1073 0
-753 -785 0
-753 -817 0
-753 -849 0
-753 -881 0
-753 -913 0
-753 -945 0
-753 -977 0
-753 -1009 0
-753 -1041 0
-753 -1073 0
-785 -817 0
-785 -849 0
-785 -881 0
-785 -913 0
-785 -945 0
-785 -977 0
-785 -1009 0
-785 -1041 0
-785 -1073 0
-817 -849 0
-817 -881 0
-817 -913 0
-817 -945 0
-817 -977 0
-817 -1009 0
-817 -1041 0
-817 -1073 0
-849 -881 0
-849 -913 0
-849 -945 0
-849 -977 0
-849 -1009 0
-849 -1041 0
-849 -1073 0
-881 -913 0
-881 -945 0
-881 -977 0
-881 -1009 0
-881 -1041 0
-881 -1073 0
-913 -945 0
-913 -977 0
-913 -1009 0
-913 -1041 0
-913 -1073 0
-945 -977 0
-945 -1009 0
-945 -1041 0
-945 -1073 0
-977 -1009 0
-977 -1041 0
-977 -1073 0
-1009 -1041 0
-1009 -1073 0
-1041 -1073 0
-594 -626 0
-594 -658 0
-594 -690 0
-594 -722 0
-594 -754 0
-594 -786 0
-594 -818 0
-594 -850 0
-594 -882 0
-594 -914 0
-594 -946 0
-594 -978 0
-594 -1010 0
-594 -1042 0
-594 -1074 0
-626 -658 0
-626 -690 0
-626 -722 0
-626 -754 0
-626 -786 0
-626 -818 0
-626 -850 0
-626 -882 0
-626 -914 0
-626 -946 0
-626 -978 0
-626 -1010 0
-626 -1042 0
-626 -1074 0
-658 -690 0
-658 -722 0
-658 -754 0
-658 -786 0
-658 -818 0
-658 -850 0
-658 -882 0
-658 -914 0
-658 -946 0
-658 -978 0
-658 -1010 0
-658 -1042 0
-658 -1074 0
-690 -722 0
-690 -754 0
-690 -786 0
-690 -818 0
-690 -850 0
-690 -882 0
-690 -914 0
-690 -946 0
-690 -978 0
-690 -1010 0
-690 -1042 0
-690 -1074 0
-722 -754 0
-722 -786 0
-722 -818 0
-722 -850 0
-722 -882 0
-722 -914 0
-722 -946 0
-722 -978 0
-722 -1010 0
-722 -1042 0
-722 -1074 0
-754 -786 0
-754 -818 0
-754 -850 0
-754 -882 0
-754 -914 0
-754 -946 0
-754 -978 0
-754 -1010 0
-754 -1042 0
-754 -1074 0
-786 -818 0
-786 -850 0
-786 -882 0
-786 -914 0
-786 -946 0
-786 -978 0
-786 -1010 0
-786 -1042 0
-786 -1074 0
-818 -850 0
-818 -882 0
-818 -914 0
-818 -946 0
-818 -978 0
-818 -1010 0
-818 -1042 0
-818 -1074 0
-850 -882 0
-850 -914 0
-850 -946 0
-850 -978 0
-850 -1010 0
-850 -1042 0
-850 -1074 0
-882 -914 0
-882 -946 0
-882 -978 0
-882 -1010 0
-882 -1042 0
-882 -1074 0
-914 -946 0
-914 -978 0
-914 -1010 0
-914 -1042 0
-914 -1074 0
-946 -978 0
-946 -1010 0
-946 -1042 0
-946 -1074 0
-978 -1010 0
-978 -1042 0
-978 -1074 0
-1010 -1042 0
-1010 -1074 0
-1042 -1074 0
-627 -659 0
-627 -691 0
-627 -723 0
-627 -755 0
-627 -787 0
-627 -819 0
-627 -851 0
-627 -883 0
-627 -915 0
-627 -947 0
-627 -979 0
-627 -1011 0
-627 -1043 0
-627 -1075 0
-659 -691 0
-659 -723 0
-659 -755 0
-659 -787 0
-659 -819 0
-659 -851 0
-659 -883 0
-659 -915 0
-659 -947 0
-659 -979 0
-659 -1011 0
-659 -1043 0
-659 -1075 0
-691 -723 0
-691 -755 0
-691 -787 0
-691 -819 0
-691 -851 0
-691 -883 0
-691 -915 0
-691 -947 0
-691 -979 0
-691 -1011 0
-691 -1043 0
-691 -1075 0
-723 -755 0
-723 -787 0
-723 -819 0
-723 -851 0
-723 -883 0
-723 -915 0
-723 -947 0
-723 -979 0
-723 -1011 0
-723 -1043 0
-723 -1075 0
-755 -787 0
-755 -819 0
-755 -851 0
-755 -883 0
-755 -915 0
-755 -947 0
-755 -979 0
-755 -1011 0
-755 -1043 0
-755 -1075 0
-787 -819 0
-787 -851 0
-787 -883 0
-787 -915 0
-787 -947 0
-787 -979 0
-787 -1011 0
-787 -1043 0
-787 -1075 0
-819 -851 0
-819 -883 0
-819 -915 0
-819 -947 0
-819 -979 0
-819 -1011 0
-819 -1043 0
-819 -1075 0
-851 -883 0
-851 -915 0
-851 -947 0
-851 -979 0
-851 -1011 0
-851 -1043 0
-851 -1075 0
-883 -915 0
-883 -947 0
-883 -979 0
-883 -1011 0
-883 -1043 0
-883 -1075 0
-915 -947 0
-915 -979 0
-915 -1011 0
-915 -1043 0
-915 -1075 0
-947 -979 0
-947 -1011 0
-947 -1043 0
-947 -1075 0
-979 -1011 0
-979 -1043 0
-979 -1075 0
-1011 -1043 0
-1011 -1075 0
-1043 -1075 0
-660 -692 0
-660 -724 0
-660 -756 0
-660 -788 0
-660 -820 0
-660 -852 0
-660 -884 0
-660 -916 0
-660 -948 0
-660 -980 0
-660 -1012 0
-660 -1044 0
-660 -1076 0
-692 -724 0
-692 -756 0
-692 -788 0
-692 -820 0
-692 -852 0
-692 -884 0
-692 -916 0
-692 -948 0
-692 -980 0
-692 -1012 0
-692 -1044 0
-692 -1076 0
-724 -756 0
-724 -788 0
-724 -820 0
-724 -852 0
-724 -884 0
-724 -916 0
-724 -948 0
-724 -980 0
-724 -1012 0
-724 -1044 0
-724 -1076 0
-756 -788 0
-756 -820 0
-756 -852 0
-756 -884 0
-756 -916 0
-756 -948 0
-756 -980 0
-756 -1012 0
-756 -1044 0
-756 -1076 0
-788 -820 0
-788 -852 0
-788 -884 0
-788 -916 0
-788 -948 0
-788 -980 0
-788 -1012 0
-788 -1044 0
-788 -1076 0
-820 -852 0
-820 -884 0
-820 -916 0
-820 -948 0
-820 -980 0
-820 -1012 0
-820 -1044 0
-820 -1076 0
-852 -884 0
-852 -916 0
-852 -948 0
-852 -980 0
-852 -1012 0
-852 -1044 0
-852 -1076 0
-884 -916 0
-884 -948 0
-884 -980 0
-884 -1012 0
-884 -1044 0
-884 -1076 0
-916 -948 0
-916 -980 0
-916 -1012 0
-916 -1044 0
-916 -1076 0
-948 -980 0
-948 -1012 0
-948 -1044 0
-948 -1076 0
-980 -1012 0
-980 -1044 0
-980 -1076 0
-1012 -1044 0
-1012 -1076 0
-1044 -1076 0
-693 -725 0
-693 -757 0
-693 -789 0
-693 -821 0
-693 -853 0
-693 -885 0
-693 -917 0
-693 -949 0
-693 -981 0
-693 -1013 0
-693 -1045 0
-693 -1077 0
-725 -757 0
-725 -789 0
-725 -821 0
-725 -853 0
-725 -885 0
-725 -917 0
-725 -949 0
-725 -981 0
-725 -1013 0
-725 -1045 0
-725 -1077 0
-757 -789 0
-757 -821 0
-757 -853 0
-757 -885 0
-757 -917 0
-757 -949 0
-757 -981 0
-757 -1013 0
-757 -1045 0
-757 -1077 0
-789 -821 0
-789 -853 0
-789 -885 0
-789 -917 0
-789 -949 0
-789 -981 0
-789 -1013 0
-789 -1045 0
-789 -1077 0
-821 -853 0
-821 -885 0
-821 -917 0
-821 -949 0
-821 -981 0
-821 -1013 0
-821 -1045 0
-821 -1077 0
-853 -885 0
-853 -917 0
-853 -949 0
-853 -981 0
-853 -1013 0
-853 -1045 0
-853 -1077 0
-885 -917 0
-885 -949 0
-885 -981 0
-885 -1013 0
-885 -1045 0
-885 -1077 0
-917 -949 0
-917 -981 0
-917 -1013 0
-917 -1045 0
-917 -1077 0
-949 -981 0
-949 -1013 0
-949 -1045 0
-949 -1077 0
-981 -1013 0
-981 -1045 0
-981 -1077 0
-1013 -1045 0
-1013 -1077 0
-1045 -1077 0
-726 -758 0
-726 -790 0
-726 -822 0
-726 -854 0
-726 -886 0
-726 -918 0
-726 -950 0
-726 -982 0
-726 -1014 0
-726 -1046 0
-726 -1078 0
-758 -790 0
-758 -822 0
-758 -854 0
-758 -886 0
-758 -918 0
-758 -950 0
-758 -982 0
-758 -1014 0
-758 -1046 0
-758 -1078 0
-790 -822 0
-790 -854 0
-790 -886 0
-790 -918 0
-790 -950 0
-790 -982 0
-790 -1014 0
-790 -1046 0
-790 -1078 0
-822 -854 0
-822 -886 0
-822 -918 0
-822 -950 0
-822 -982 0
-822 -1014 0
-822 -1046 0
-822 -1078 0
-854 -886 0
-854 -918 0
-854 -950 0
-854 -982 0
-854 -1014 0
-854 -1046 0
-854 -1078 0
-886 -918 0
-886 -950 0
-886 -982 0
-886 -1014 0
-886 -1046 0
-886 -1078 0
-918 -950 0
-918 -982 0
-918 -1014 0
-918 -1046 0
-918 -1078 0
-950 -982 0
-950 -1014 0
-950 -1046 0
-950 -1078 0
-982 -1014 0
-982 -1046 0
-982 -1078 0
-1014 -1046 0
-1014 -1078 0
-1046 -1078 0
-759 -791 0
-759 -823 0
-759 -855 0
-759 -887 0
-759 -919 0
-759 -951 0
-759 -983 0
-759 -1015 0
-759 -1047 0
-759 -1079 0
-791 -823 0
-791 -855 0
-791 -887 0
-791 -919 0
-791 -951 0
-791 -983 0
-791 -1015 0
-791 -1047 0
-791 -1079 0
-823 -855 0
-823 -887 0
-823 -919 0
-823 -951 0
-823 -983 0
-823 -1015 0
-823 -1047 0
-823 -1079 0
-855 -887 0
-855 -919 0
-855 -951 0
-855 -983 0
-855 -1015 0
-855 -1047 0
-855 -1079 0
-887 -919 0
-887 -951 0
-887 -983 0
-887 -1015 0
-887 -1047 0
-887 -1079 0
-919 -951 0
-919 -983 0
-919 -1015 0
-919 -1047 0
-919 -1079 0
-951 -983 0
-951 -1015 0
-951 -1047 0
-951 -1079 0
-983 -1015 0
-983 -1047 0
-983 -1079 0
-1015 -1047 0
-1015 -1079 0
-1047 -1079 0
-792 -824 0
-792 -856 0
-792 -888 0
-792 -920 0
-792 -952 0
-792 -984 0
-792 -1016 0
-792 -1048 0
-792 -1080 0
-824 -856 0
-824 -888 0
-824 -920 0
-824 -952 0
-824 -984 0
-824 -1016 0
-824 -1048 0
-824 -1080 0
-856 -888 0
-856 -920 0
-856 -952 0
-856 -984 0
-856 -1016 0
-856 -1048 0
-856 -1080 0
-888 -920 0
-888 -952 0
-888 -984 0
-888 -1016 0
-888 -1048 0
-888 -1080 0
-920 -952 0
-920 -984 0
-920 -1016 0
-920 -1048 0
-920 -1080 0
-952 -984 0
-952 -1016 0
-952 -1048 0
-952 -1080 0
-984 -1016 0
-984 -1048 0
-984 -1080 0
-1016 -1048 0
-1016 -1080 0
-1048 -1080 0
-825 -857 0
-825 -889 0
-825 -921 0
-825 -953 0
-825 -985 0
-825 -1017 0
-825 -1049 0
-825 -1081 0
-857 -889 0
-857 -921 0
-857 -953 0
-857 -985 0
-857 -1017 0
-857 -1049 0
-857 -1081 0
-889 -921 0
-889 -953 0
-889 -985 0
-889 -1017 0
-889 -1049 0
-889 -1081 0
-921 -953 0
-921 -985 0
-921 -1017 0
-921 -1049 0
-921 -1081 0
-953 -985 0
-953 -1017 0
-953 -1049 0
-953 -1081 0
-985 -1017 0
-985 -1049 0
-985 -1081 0
-1017 -1049 0
-1017 -1081 0
-1049 -1081 0
-858 -890 0
-858 -922 0
-858 -954 0
-858 -986 0
-858 -1018 0
-858 -1050 0
-858 -1082 0
-890 -922 0
-890 -954 0
-890 -986 0
-890 -1018 0
-890 -1050 0
-890 -1082 0
-922 -954 0
-922 -986 0
-922 -1018 0
-922 -1050 0
-922 -1082 0
-954 -986 0
-954 -1018 0
-954 -1050 0
-954 -1082 0
-986 -1018 0
-986 -1050 0
-986 -1082 0
-1018 -1050 0
-1018 -1082 0
-1050 -1082 0
-891 -923 0
-891 -955 0
-891 -987 0
-891 -1019 0
-891 -1051 0
-891 -1083 0
-923 -955 0
-923 -987 0
-923 -1019 0
-923 -1051 0
-923 -1083 0
-955 -987 0
-955 -1019 0
-955 -1051 0
-955 -1083 0
-987 -1019 0
-987 -1051 0
-987 -1083 0
-1019 -1051 0
-1019 -1083 0
-1051 -1083 0
-924 -956 0
-924 -988 0
-924 -1020 0
-924 -1052 0
-924 -1084 0
-956 -988 0
-956 -1020 0
-956 -1052 0
-956 -1084 0
-988 -1020 0
-988 -1052 0
-988 -1084 0
-1020 -1052 0
-1020 -1084 0
-1052 -1084 0
-957 -989 0
-957 -1021 0
-957 -1053 0
-957 -1085 0
-989 -1021 0
-989 -1053 0
-989 -1085 0
-1021 -1053 0
-1021 -1085 0
-1053 -1085 0
-990 -1022 0
-990 -1054 0
-990 -1086 0
-1022 -1054 0
-1022 -1086 0
-1054 -1086 0
-1023 -1055 0
-1023 -1087 0
-1055 -1087 0
-1056 -1088 0
