p cnf 1225 48265
1 2 3 4 5 6 7 8 9 10 11 12 13 14 15 16 17 18 19 20 21 22 23 24 25 26 27 28 29 30 31 32 33 34 35 0
36 37 38 39 40 41 42 43 44 45 46 47 48 49 50 51 52 53 54 55 56 57 58 59 60 61 62 63 64 65 66 67 68 69 70 0
71 72 73 74 75 76 77 78 79 80 81 82 83 84 85 86 87 88 89 90 91 92 93 94 95 96 97 98 99 100 101 102 103 104 105 0
106 107 108 109 110 111 112 113 114 115 116 117 118 119 120 121 122 123 124 125 126 127 128 129 130 131 132 133 134 135 136 137 138 139 140 0
141 142 143 144 145 146 147 148 149 150 151 152 153 154 155 156 157 158 159 160 161 162 163 164 165 166 167 168 169 170 171 172 173 174 175 0
176 177 178 179 180 181 182 183 184 185 186 187 188 189 190 191 192 193 194 195 196 197 198 199 200 201 202 203 204 205 206 207 208 209 210 0
211 212 213 214 215 216 217 218 219 220 221 222 223 224 225 226 227 228 229 230 231 232 233 234 235 236 237 238 239 240 241 242 243 244 245 0
246 247 248 249 250 251 252 253 254 255 256 257 258 259 260 261 262 263 264 265 266 267 268 269 270 271 272 273 274 275 276 277 278 279 280 0
281 282 283 284 285 286 287 288 289 290 291 292 293 294 295 296 297 298 299 300 301 302 303 304 305 306 307 308 309 310 311 312 313 314 315 0
316 317 318 319 320 321 322 323 324 325 326 327 328 329 330 331 332 333 334 335 336 337 338 339 340 341 342 343 344 345 346 347 348 349 350 0
351 352 353 354 355 356 357 358 359 360 361 362 363 364 365 366 367 368 369 370 371 372 373 374 375 376 377 378 379 380 381 382 383 384 385 0
386 387 388 389 390 391 392 393 394 395 396 397 398 399 400 401 402 403 404 405 406 407 408 409 410 411 412 413 414 415 416 417 418 419 420 0
421 422 423 424 425 426 427 428 429 430 431 432 433 434 435 436 437 438 439 440 441 442 443 444 445 446 447 448 449 450 451 452 453 454 455 0
456 457 458 459 460 461 462 463 464 465 466 467 468 469 470 471 472 473 474 475 476 477 478 479 480 481 482 483 484 485 486 487 488 489 490 0
491 492 493 494 495 496 497 498 499 500 501 502 503 504 505 506 507 508 509 510 511 512 513 514 515 516 517 518 519 520 521 522 523 524 525 0
526 527 528 529 530 531 532 533 534 535 536 537 538 539 540 541 542 543 544 545 546 547 548 549 550 551 552 553 554 555 556 557 558 559 560 0
561 562 563 564 565 566 567 568 569 570 571 572 573 574 575 576 577 578 579 580 581 582 583 584 585 586 587 588 589 590 591 592 593 594 595 0
596 597 598 599 600 601 602 603 604 605 606 607 608 609 610 611 612 613 614 615 616 617 618 619 620 621 622 623 624 625 626 627 628 629 630 0
631 632 633 634 635 636 637 638 639 640 641 642 643 644 645 646 647 648 649 650 651 652 653 654 655 656 657 658 659 660 661 662 663 664 665 0
666 667 668 669 670 671 672 673 674 675 676 677 678 679 680 681 682 683 684 685 686 687 688 689 690 691 692 693 694 695 696 697 698 699 700 0
701 702 703 704 705 706 707 708 709 710 711 712 713 714 715 716 717 718 719 720 721 722 723 724 725 726 727 728 729 730 731 732 733 734 735 0
736 737 738 739 740 741 742 743 744 745 746 747 748 749 750 751 752 753 754 755 756 757 758 759 760 761 762 763 764 765 766 767 768 769 770 0
771 772 773 774 775 776 777 778 779 780 781 782 783 784 785 786 787 788 789 790 791 792 793 794 795 796 797 798 799 800 801 802 803 804 805 0
806 807 808 809 810 811 812 813 814 815 816 817 818 819 820 821 822 823 824 825 826 827 828 829 830 831 832 833 834 835 836 837 838 839 840 0
841 842 843 844 845 846 847 848 849 850 851 852 853 854 855 856 857 858 859 860 861 862 863 864 865 866 867 868 869 870 871 872 873 874 875 0
876 877 878 879 880 881 882 883 884 885 886 887 888 889 890 891 892 893 894 895 896 897 898 899 900 901 902 903 904 905 906 907 908 909 910 0
911 912 913 914 915 916 917 918 919 920 921 922 923 924 925 926 927 928 929 930 931 932 933 934 935 936 937 938 939 940 941 942 943 944 945 0
946 947 948 949 950 951 952 953 954 955 956 957 958 959 960 961 962 963 964 965 966 967 968 969 970 971 972 973 974 975 976 977 978 979 980 0
981 982 983 984 985 986 987 988 989 990 991 992 993 994 995 996 997 998 999 1000 1001 1002 1003 1004 1005 1006 1007 1008 1009 1010 1011 1012 1013 1014 1015 0
1016 1017 1018 1019 1020 1021 1022 1023 1024 1025 1026 1027 1028 1029 1030 1031 1032 1033 1034 1035 1036 1037 1038 1039 1040 1041 1042 1043 1044 1045 1046 1047 1048 1049 1050 0
1051 1052 1053 1054 1055 1056 1057 1058 1059 1060 1061 1062 1063 1064 1065 1066 1067 1068 1069 1070 1071 1072 1073 1074 1075 1076 1077 1078 1079 1080 1081 1082 1083 1084 1085 0
1086 1087 1088 1089 1090 1091 1092 1093 1094 1095 1096 1097 1098 1099 1100 1101 1102 1103 1104 1105 1106 1107 1108 1109 1110 1111 1112 1113 1114 1115 1116 1117 1118 1119 1120 0
1121 1122 1123 1124 1125 1126 1127 1128 1129 1130 1131 1132 1133 1134 1135 1136 1137 1138 1139 1140 1141 1142 1143 1144 1145 1146 1147 1148 1149 1150 1151 1152 1153 1154 1155 0
1156 1157 1158 1159 1160 1161 1162 1163 1164 1165 1166 1167 1168 1169 1170 1171 1172 1173 1174 1175 1176 1177 1178 1179 1180 1181 1182 1183 1184 1185 1186 1187 1188 1189 1190 0
1191 1192 1193 1194 1195 1196 1197 1198 1199 1200 1201 1202 1203 1204 1205 1206 1207 1208 1209 1210 1211 1212 1213 1214 1215 1216 1217 1218 1219 1220 1221 1222 1223 1224 1225 0
-1 -2 0
-1 -3 0
-1 -4 0
-1 -5 0
-1 -6 0
-1 -7 0
-1 -8 0
-1 -9 0
-1 -10 0
-1 -11 0
-1 -12 0
-1 -13 0
-1 -14 0
-1 -15 0
-1 -16 0
-1 -17 0
-1 -18 0
-1 -19 0
-1 -20 0
-1 -21 0
-1 -22 0
-1 -23 0
-1 -24 0
-1 -25 0
-1 -26 0
-1 -27 0
-1 -28 0
-1 -29 0
-1 -30 0
-1 -31 0
-1 -32 0
-1 -33 0
-1 -34 0
-1 -35 0
-2 -3 0
-2 -4 0
-2 -5 0
-2 -6 0
-2 -7 0
-2 -8 0
-2 -9 0
-2 -10 0
-2 -11 0
-2 -12 0
-2 -13 0
-2 -14 0
-2 -15 0
-2 -16 0
-2 -17 0
-2 -18 0
-2 -19 0
-2 -20 0
-2 -21 0
-2 -22 0
-2 -23 0
-2 -24 0
-2 -25 0
-2 -26 0
-2 -27 0
-2 -28 0
-2 -29 0
-2 -30 0
-2 -31 0
-2 -32 0
-2 -33 0
-2 -34 0
-2 -35 0
-3 -4 0
-3 -5 0
-3 -6 0
-3 -7 0
-3 -8 0
-3 -9 0
-3 -10 0
-3 -11 0
-3 -12 0
-3 -13 0
-3 -14 0
-3 -15 0
-3 -16 0
-3 -17 0
-3 -18 0
-3 -19 0
-3 -20 0
-3 -21 0
-3 -22 0
-3 -23 0
-3 -24 0
-3 -25 0
-3 -26 0
-3 -27 0
-3 -28 0
-3 -29 0
-3 -30 0
-3 -31 0
-3 -32 0
-3 -33 0
-3 -34 0
-3 -35 0
-4 -5 0
-4 -6 0
-4 -7 0
-4 -8 0
-4 -9 0
-4 -10 0
-4 -11 0
-4 -12 0
-4 -13 0
-4 -14 0
-4 -15 0
-4 -16 0
-4 -17 0
-4 -18 0
-4 -19 0
-4 -20 0
-4 -21 0
-4 -22 0
-4 -23 0
-4 -24 0
-4 -25 0
-4 -26 0
-4 -27 0
-4 -28 0
-4 -29 0
-4 -30 0
-4 -31 0
-4 -32 0
-4 -33 0
-4 -34 0
-4 -35 0
-5 -6 0
-5 -7 0
-5 -8 0
-5 -9 0
-5 -10 0
-5 -11 0
-5 -12 0
-5 -13 0
-5 -14 0
-5 -15 0
-5 -16 0
-5 -17 0
-5 -18 0
-5 -19 0
-5 -20 0
-5 -21 0
-5 -22 0
-5 -23 0
-5 -24 0
-5 -25 0
-5 -26 0
-5 -27 0
-5 -28 0
-5 -29 0
-5 -30 0
-5 -31 0
-5 -32 0
-5 -33 0
-5 -34 0
-5 -35 0
-6 -7 0
-6 -8 0
-6 -9 0
-6 -10 0
-6 -11 0
-6 -12 0
-6 -13 0
-6 -14 0
-6 -15 0
-6 -16 0
-6 -17 0
-6 -18 0
-6 -19 0
-6 -20 0
-6 -21 0
-6 -22 0
-6 -23 0
-6 -24 0
-6 -25 0
-6 -26 0
-6 -27 0
-6 -28 0
-6 -29 0
-6 -30 0
-6 -31 0
-6 -32 0
-6 -33 0
-6 -34 0
-6 -35 0
-7 -8 0
-7 -9 0
-7 -10 0
-7 -11 0
-7 -12 0
-7 -13 0
-7 -14 0
-7 -15 0
-7 -16 0
-7 -17 0
-7 -18 0
-7 -19 0
-7 -20 0
-7 -21 0
-7 -22 0
-7 -23 0
-7 -24 0
-7 -25 0
-7 -26 0
-7 -27 0
-7 -28 0
-7 -29 0
-7 -30 0
-7 -31 0
-7 -32 0
-7 -33 0
-7 -34 0
-7 -35 0
-8 -9 0
-8 -10 0
-8 -11 0
-8 -12 0
-8 -13 0
-8 -14 0
-8 -15 0
-8 -16 0
-8 -17 0
-8 -18 0
-8 -19 0
-8 -20 0
-8 -21 0
-8 -22 0
-8 -23 0
-8 -24 0
-8 -25 0
-8 -26 0
-8 -27 0
-8 -28 0
-8 -29 0
-8 -30 0
-8 -31 0
-8 -32 0
-8 -33 0
-8 -34 0
-8 -35 0
-9 -10 0
-9 -11 0
-9 -12 0
-9 -13 0
-9 -14 0
-9 -15 0
-9 -16 0
-9 -17 0
-9 -18 0
-9 -19 0
-9 -20 0
-9 -21 0
-9 -22 0
-9 -23 0
-9 -24 0
-9 -25 0
-9 -26 0
-9 -27 0
-9 -28 0
-9 -29 0
-9 -30 0
-9 -31 0
-9 -32 0
-9 -33 0
-9 -34 0
-9 -35 0
-10 -11 0
-10 -12 0
-10 -13 0
-10 -14 0
-10 -15 0
-10 -16 0
-10 -17 0
-10 -18 0
-10 -19 0
-10 -20 0
-10 -21 0
-10 -22 0
-10 -23 0
-10 -24 0
-10 -25 0
-10 -26 0
-10 -27 0
-10 -28 0
-10 -29 0
-10 -30 0
-10 -31 0
-10 -32 0
-10 -33 0
-10 -34 0
-10 -35 0
-11 -12 0
-11 -13 0
-11 -14 0
-11 -15 0
-11 -16 0
-11 -17 0
-11 -18 0
-11 -19 0
-11 -20 0
-11 -21 0
-11 -22 0
-11 -23 0
-11 -24 0
-11 -25 0
-11 -26 0
-11 -27 0
-11 -28 0
-11 -29 0
-11 -30 0
-11 -31 0
-11 -32 0
-11 -33 0
-11 -34 0
-11 -35 0
-12 -13 0
-12 -14 0
-12 -15 0
-12 -16 0
-12 -17 0
-12 -18 0
-12 -19 0
-12 -20 0
-12 -21 0
-12 -22 0
-12 -23 0
-12 -24 0
-12 -25 0
-12 -26 0
-12 -27 0
-12 -28 0
-12 -29 0
-12 -30 0
-12 -31 0
-12 -32 0
-12 -33 0
-12 -34 0
-12 -35 0
-13 -14 0
-13 -15 0
-13 -16 0
-13 -17 0
-13 -18 0
-13 -19 0
-13 -20 0
-13 -21 0
-13 -22 0
-13 -23 0
-13 -24 0
-13 -25 0
-13 -26 0
-13 -27 0
-13 -28 0
-13 -29 0
-13 -30 0
-13 -31 0
-13 -32 0
-13 -33 0
-13 -34 0
-13 -35 0
-14 -15 0
-14 -16 0
-14 -17 0
-14 -18 0
-14 -19 0
-14 -20 0
-14 -21 0
-14 -22 0
-14 -23 0
-14 -24 0
-14 -25 0
-14 -26 0
-14 -27 0
-14 -28 0
-14 -29 0
-14 -30 0
-14 -31 0
-14 -32 0
-14 -33 0
-14 -34 0
-14 -35 0
-15 -16 0
-15 -17 0
-15 -18 0
-15 -19 0
-15 -20 0
-15 -21 0
-15 -22 0
-15 -23 0
-15 -24 0
-15 -25 0
-15 -26 0
-15 -27 0
-15 -28 0
-15 -29 0
-15 -30 0
-15 -31 0
-15 -32 0
-15 -33 0
-15 -34 0
-15 -35 0
-16 -17 0
-16 -18 0
-16 -19 0
-16 -20 0
-16 -21 0
-16 -22 0
-16 -23 0
-16 -24 0
-16 -25 0
-16 -26 0
-16 -27 0
-16 -28 0
-16 -29 0
-16 -30 0
-16 -31 0
-16 -32 0
-16 -33 0
-16 -34 0
-16 -35 0
-17 -18 0
-17 -19 0
-17 -20 0
-17 -21 0
-17 -22 0
-17 -23 0
-17 -24 0
-17 -25 0
-17 -26 0
-17 -27 0
-17 -28 0
-17 -29 0
-17 -30 0
-17 -31 0
-17 -32 0
-17 -33 0
-17 -34 0
-17 -35 0
-18 -19 0
-18 -20 0
-18 -21 0
-18 -22 0
-18 -23 0
-18 -24 0
-18 -25 0
-18 -26 0
-18 -27 0
-18 -28 0
-18 -29 0
-18 -30 0
-18 -31 0
-18 -32 0
-18 -33 0
-18 -34 0
-18 -35 0
-19 -20 0
-19 -21 0
-19 -22 0
-19 -23 0
-19 -24 0
-19 -25 0
-19 -26 0
-19 -27 0
-19 -28 0
-19 -29 0
-19 -30 0
-19 -31 0
-19 -32 0
-19 -33 0
-19 -34 0
-19 -35 0
-20 -21 0
-20 -22 0
-20 -23 0
-20 -24 0
-20 -25 0
-20 -26 0
-20 -27 0
-20 -28 0
-20 -29 0
-20 -30 0
-20 -31 0
-20 -32 0
-20 -33 0
-20 -34 0
-20 -35 0
-21 -22 0
-21 -23 0
-21 -24 0
-21 -25 0
-21 -26 0
-21 -27 0
-21 -28 0
-21 -29 0
-21 -30 0
-21 -31 0
-21 -32 0
-21 -33 0
-21 -34 0
-21 -35 0
-22 -23 0
-22 -24 0
-22 -25 0
-22 -26 0
-22 -27 0
-22 -28 0
-22 -29 0
-22 -30 0
-22 -31 0
-22 -32 0
-22 -33 0
-22 -34 0
-22 -35 0
-23 -24 0
-23 -25 0
-23 -26 0
-23 -27 0
-23 -28 0
-23 -29 0
-23 -30 0
-23 -31 0
-23 -32 0
-23 -33 0
-23 -34 0
-23 -35 0
-24 -25 0
-24 -26 0
-24 -27 0
-24 -28 0
-24 -29 0
-24 -30 0
-24 -31 0
-24 -32 0
-24 -33 0
-24 -34 0
-24 -35 0
-25 -26 0
-25 -27 0
-25 -28 0
-25 -29 0
-25 -30 0
-25 -31 0
-25 -32 0
-25 -33 0
-25 -34 0
-25 -35 0
-26 -27 0
-26 -28 0
-26 -29 0
-26 -30 0
-26 -31 0
-26 -32 0
-26 -33 0
-26 -34 0
-26 -35 0
-27 -28 0
-27 -29 0
-27 -30 0
-27 -31 0
-27 -32 0
-27 -33 0
-27 -34 0
-27 -35 0
-28 -29 0
-28 -30 0
-28 -31 0
-28 -32 0
-28 -33 0
-28 -34 0
-28 -35 0
-29 -30 0
-29 -31 0
-29 -32 0
-29 -33 0
-29 -34 0
-29 -35 0
-30 -31 0
-30 -32 0
-30 -33 0
-30 -34 0
-30 -35 0
-31 -32 0
-31 -33 0
-31 -34 0
-31 -35 0
-32 -33 0
-32 -34 0
-32 -35 0
-33 -34 0
-33 -35 0
-34 -35 0
-36 -37 0
-36 -38 0
-36 -39 0
-36 -40 0
-36 -41 0
-36 -42 0
-36 -43 0
-36 -44 0
-36 -45 0
-36 -46 0
-36 -47 0
-36 -48 0
-36 -49 0
-36 -50 0
-36 -51 0
-36 -52 0
-36 -53 0
-36 -54 0
-36 -55 0
-36 -56 0
-36 -57 0
-36 -58 0
-36 -59 0
-36 -60 0
-36 -61 0
-36 -62 0
-36 -63 0
-36 -64 0
-36 -65 0
-36 -66 0
-36 -67 0
-36 -68 0
-36 -69 0
-36 -70 0
-37 -38 0
-37 -39 0
-37 -40 0
-37 -41 0
-37 -42 0
-37 -43 0
-37 -44 0
-37 -45 0
-37 -46 0
-37 -47 0
-37 -48 0
-37 -49 0
-37 -50 0
-37 -51 0
-37 -52 0
-37 -53 0
-37 -54 0
-37 -55 0
-37 -56 0
-37 -57 0
-37 -58 0
-37 -59 0
-37 -60 0
-37 -61 0
-37 -62 0
-37 -63 0
-37 -64 0
-37 -65 0
-37 -66 0
-37 -67 0
-37 -68 0
-37 -69 0
-37 -70 0
-38 -39 0
-38 -40 0
-38 -41 0
-38 -42 0
-38 -43 0
-38 -44 0
-38 -45 0
-38 -46 0
-38 -47 0
-38 -48 0
-38 -49 0
-38 -50 0
-38 -51 0
-38 -52 0
-38 -53 0
-38 -54 0
-38 -55 0
-38 -56 0
-38 -57 0
-38 -58 0
-38 -59 0
-38 -60 0
-38 -61 0
-38 -62 0
-38 -63 0
-38 -64 0
-38 -65 0
-38 -66 0
-38 -67 0
-38 -68 0
-38 -69 0
-38 -70 0
-39 -40 0
-39 -41 0
-39 -42 0
-39 -43 0
-39 -44 0
-39 -45 0
-39 -46 0
-39 -47 0
-39 -48 0
-39 -49 0
-39 -50 0
-39 -51 0
-39 -52 0
-39 -53 0
-39 -54 0
-39 -55 0
-39 -56 0
-39 -57 0
-39 -58 0
-39 -59 0
-39 -60 0
-39 -61 0
-39 -62 0
-39 -63 0
-39 -64 0
-39 -65 0
-39 -66 0
-39 -67 0
-39 -68 0
-39 -69 0
-39 -70 0
-40 -41 0
-40 -42 0
-40 -43 0
-40 -44 0
-40 -45 0
-40 -46 0
-40 -47 0
-40 -48 0
-40 -49 0
-40 -50 0
-40 -51 0
-40 -52 0
-40 -53 0
-40 -54 0
-40 -55 0
-40 -56 0
-40 -57 0
-40 -58 0
-40 -59 0
-40 -60 0
-40 -61 0
-40 -62 0
-40 -63 0
-40 -64 0
-40 -65 0
-40 -66 0
-40 -67 0
-40 -68 0
-40 -69 0
-40 -70 0
-41 -42 0
-41 -43 0
-41 -44 0
-41 -45 0
-41 -46 0
-41 -47 0
-41 -48 0
-41 -49 0
-41 -50 0
-41 -51 0
-41 -52 0
-41 -53 0
-41 -54 0
-41 -55 0
-41 -56 0
-41 -57 0
-41 -58 0
-41 -59 0
-41 -60 0
-41 -61 0
-41 -62 0
-41 -63 0
-41 -64 0
-41 -65 0
-41 -66 0
-41 -67 0
-41 -68 0
-41 -69 0
-41 -70 0
-42 -43 0
-42 -44 0
-42 -45 0
-42 -46 0
-42 -47 0
-42 -48 0
-42 -49 0
-42 -50 0
-42 -51 0
-42 -52 0
-42 -53 0
-42 -54 0
-42 -55 0
-42 -56 0
-42 -57 0
-42 -58 0
-42 -59 0
-42 -60 0
-42 -61 0
-42 -62 0
-42 -63 0
-42 -64 0
-42 -65 0
-42 -66 0
-42 -67 0
-42 -68 0
-42 -69 0
-42 -70 0
-43 -44 0
-43 -45 0
-43 -46 0
-43 -47 0
-43 -48 0
-43 -49 0
-43 -50 0
-43 -51 0
-43 -52 0
-43 -53 0
-43 -54 0
-43 -55 0
-43 -56 0
-43 -57 0
-43 -58 0
-43 -59 0
-43 -60 0
-43 -61 0
-43 -62 0
-43 -63 0
-43 -64 0
-43 -65 0
-43 -66 0
-43 -67 0
-43 -68 0
-43 -69 0
-43 -70 0
-44 -45 0
-44 -46 0
-44 -47 0
-44 -48 0
-44 -49 0
-44 -50 0
-44 -51 0
-44 -52 0
-44 -53 0
-44 -54 0
-44 -55 0
-44 -56 0
-44 -57 0
-44 -58 0
-44 -59 0
-44 -60 0
-44 -61 0
-44 -62 0
-44 -63 0
-44 -64 0
-44 -65 0
-44 -66 0
-44 -67 0
-44 -68 0
-44 -69 0
-44 -70 0
-45 -46 0
-45 -47 0
-45 -48 0
-45 -49 0
-45 -50 0
-45 -51 0
-45 -52 0
-45 -53 0
-45 -54 0
-45 -55 0
-45 -56 0
-45 -57 0
-45 -58 0
-45 -59 0
-45 -60 0
-45 -61 0
-45 -62 0
-45 -63 0
-45 -64 0
-45 -65 0
-45 -66 0
-45 -67 0
-45 -68 0
-45 -69 0
-45 -70 0
-46 -47 0
-46 -48 0
-46 -49 0
-46 -50 0
-46 -51 0
-46 -52 0
-46 -53 0
-46 -54 0
-46 -55 0
-46 -56 0
-46 -57 0
-46 -58 0
-46 -59 0
-46 -60 0
-46 -61 0
-46 -62 0
-46 -63 0
-46 -64 0
-46 -65 0
-46 -66 0
-46 -67 0
-46 -68 0
-46 -69 0
-46 -70 0
-47 -48 0
-47 -49 0
-47 -50 0
-47 -51 0
-47 -52 0
-47 -53 0
-47 -54 0
-47 -55 0
-47 -56 0
-47 -57 0
-47 -58 0
-47 -59 0
-47 -60 0
-47 -61 0
-47 -62 0
-47 -63 0
-47 -64 0
-47 -65 0
-47 -66 0
-47 -67 0
-47 -68 0
-47 -69 0
-47 -70 0
-48 -49 0
-48 -50 0
-48 -51 0
-48 -52 0
-48 -53 0
-48 -54 0
-48 -55 0
-48 -56 0
-48 -57 0
-48 -58 0
-48 -59 0
-48 -60 0
-48 -61 0
-48 -62 0
-48 -63 0
-48 -64 0
-48 -65 0
-48 -66 0
-48 -67 0
-48 -68 0
-48 -69 0
-48 -70 0
-49 -50 0
-49 -51 0
-49 -52 0
-49 -53 0
-49 -54 0
-49 -55 0
-49 -56 0
-49 -57 0
-49 -58 0
-49 -59 0
-49 -60 0
-49 -61 0
-49 -62 0
-49 -63 0
-49 -64 0
-49 -65 0
-49 -66 0
-49 -67 0
-49 -68 0
-49 -69 0
-49 -70 0
-50 -51 0
-50 -52 0
-50 -53 0
-50 -54 0
-50 -55 0
-50 -56 0
-50 -57 0
-50 -58 0
-50 -59 0
-50 -60 0
-50 -61 0
-50 -62 0
-50 -63 0
-50 -64 0
-50 -65 0
-50 -66 0
-50 -67 0
-50 -68 0
-50 -69 0
-50 -70 0
-51 -52 0
-51 -53 0
-51 -54 0
-51 -55 0
-51 -56 0
-51 -57 0
-51 -58 0
-51 -59 0
-51 -60 0
-51 -61 0
-51 -62 0
-51 -63 0
-51 -64 0
-51 -65 0
-51 -66 0
-51 -67 0
-51 -68 0
-51 -69 0
-51 -70 0
-52 -53 0
-52 -54 0
-52 -55 0
-52 -56 0
-52 -57 0
-52 -58 0
-52 -59 0
-52 -60 0
-52 -61 0
-52 -62 0
-52 -63 0
-52 -64 0
-52 -65 0
-52 -66 0
-52 -67 0
-52 -68 0
-52 -69 0
-52 -70 0
-53 -54 0
-53 -55 0
-53 -56 0
-53 -57 0
-53 -58 0
-53 -59 0
-53 -60 0
-53 -61 0
-53 -62 0
-53 -63 0
-53 -64 0
-53 -65 0
-53 -66 0
-53 -67 0
-53 -68 0
-53 -69 0
-53 -70 0
-54 -55 0
-54 -56 0
-54 -57 0
-54 -58 0
-54 -59 0
-54 -60 0
-54 -61 0
-54 -62 0
-54 -63 0
-54 -64 0
-54 -65 0
-54 -66 0
-54 -67 0
-54 -68 0
-54 -69 0
-54 -70 0
-55 -56 0
-55 -57 0
-55 -58 0
-55 -59 0
-55 -60 0
-55 -61 0
-55 -62 0
-55 -63 0
-55 -64 0
-55 -65 0
-55 -66 0
-55 -67 0
-55 -68 0
-55 -69 0
-55 -70 0
-56 -57 0
-56 -58 0
-56 -59 0
-56 -60 0
-56 -61 0
-56 -62 0
-56 -63 0
-56 -64 0
-56 -65 0
-56 -66 0
-56 -67 0
-56 -68 0
-56 -69 0
-56 -70 0
-57 -58 0
-57 -59 0
-57 -60 0
-57 -61 0
-57 -62 0
-57 -63 0
-57 -64 0
-57 -65 0
-57 -66 0
-57 -67 0
-57 -68 0
-57 -69 0
-57 -70 0
-58 -59 0
-58 -60 0
-58 -61 0
-58 -62 0
-58 -63 0
-58 -64 0
-58 -65 0
-58 -66 0
-58 -67 0
-58 -68 0
-58 -69 0
-58 -70 0
-59 -60 0
-59 -61 0
-59 -62 0
-59 -63 0
-59 -64 0
-59 -65 0
-59 -66 0
-59 -67 0
-59 -68 0
-59 -69 0
-59 -70 0
-60 -61 0
-60 -62 0
-60 -63 0
-60 -64 0
-60 -65 0
-60 -66 0
-60 -67 0
-60 -68 0
-60 -69 0
-60 -70 0
-61 -62 0
-61 -63 0
-61 -64 0
-61 -65 0
-61 -66 0
-61 -67 0
-61 -68 0
-61 -69 0
-61 -70 0
-62 -63 0
-62 -64 0
-62 -65 0
-62 -66 0
-62 -67 0
-62 -68 0
-62 -69 0
-62 -70 0
-63 -64 0
-63 -65 0
-63 -66 0
-63 -67 0
-63 -68 0
-63 -69 0
-63 -70 0
-64 -65 0
-64 -66 0
-64 -67 0
-64 -68 0
-64 -69 0
-64 -70 0
-65 -66 0
-65 -67 0
-65 -68 0
-65 -69 0
-65 -70 0
-66 -67 0
-66 -68 0
-66 -69 0
-66 -70 0
-67 -68 0
-67 -69 0
-67 -70 0
-68 -69 0
-68 -70 0
-69 -70 0
-71 -72 0
-71 -73 0
-71 -74 0
-71 -75 0
-71 -76 0
-71 -77 0
-71 -78 0
-71 -79 0
-71 -80 0
-71 -81 0
-71 -82 0
-71 -83 0
-71 -84 0
-71 -85 0
-71 -86 0
-71 -87 0
-71 -88 0
-71 -89 0
-71 -90 0
-71 -91 0
-71 -92 0
-71 -93 0
-71 -94 0
-71 -95 0
-71 -96 0
-71 -97 0
-71 -98 0
-71 -99 0
-71 -100 0
-71 -101 0
-71 -102 0
-71 -103 0
-71 -104 0
-71 -105 0
-72 -73 0
-72 -74 0
-72 -75 0
-72 -76 0
-72 -77 0
-72 -78 0
-72 -79 0
-72 -80 0
-72 -81 0
-72 -82 0
-72 -83 0
-72 -84 0
-72 -85 0
-72 -86 0
-72 -87 0
-72 -88 0
-72 -89 0
-72 -90 0
-72 -91 0
-72 -92 0
-72 -93 0
-72 -94 0
-72 -95 0
-72 -96 0
-72 -97 0
-72 -98 0
-72 -99 0
-72 -100 0
-72 -101 0
-72 -102 0
-72 -103 0
-72 -104 0
-72 -105 0
-73 -74 0
-73 -75 0
-73 -76 0
-73 -77 0
-73 -78 0
-73 -79 0
-73 -80 0
-73 -81 0
-73 -82 0
-73 -83 0
-73 -84 0
-73 -85 0
-73 -86 0
-73 -87 0
-73 -88 0
-73 -89 0
-73 -90 0
-73 -91 0
-73 -92 0
-73 -93 0
-73 -94 0
-73 -95 0
-73 -96 0
-73 -97 0
-73 -98 0
-73 -99 0
-73 -100 0
-73 -101 0
-73 -102 0
-73 -103 0
-73 -104 0
-73 -105 0
-74 -75 0
-74 -76 0
-74 -77 0
-74 -78 0
-74 -79 0
-74 -80 0
-74 -81 0
-74 -82 0
-74 -83 0
-74 -84 0
-74 -85 0
-74 -86 0
-74 -87 0
-74 -88 0
-74 -89 0
-74 -90 0
-74 -91 0
-74 -92 0
-74 -93 0
-74 -94 0
-74 -95 0
-74 -96 0
-74 -97 0
-74 -98 0
-74 -99 0
-74 -100 0
-74 -101 0
-74 -102 0
-74 -103 0
-74 -104 0
-74 -105 0
-75 -76 0
-75 -77 0
-75 -78 0
-75 -79 0
-75 -80 0
-75 -81 0
-75 -82 0
-75 -83 0
-75 -84 0
-75 -85 0
-75 -86 0
-75 -87 0
-75 -88 0
-75 -89 0
-75 -90 0
-75 -91 0
-75 -92 0
-75 -93 0
-75 -94 0
-75 -95 0
-75 -96 0
-75 -97 0
-75 -98 0
-75 -99 0
-75 -100 0
-75 -101 0
-75 -102 0
-75 -103 0
-75 -104 0
-75 -105 0
-76 -77 0
-76 -78 0
-76 -79 0
-76 -80 0
-76 -81 0
-76 -82 0
-76 -83 0
-76 -84 0
-76 -85 0
-76 -86 0
-76 -87 0
-76 -88 0
-76 -89 0
-76 -90 0
-76 -91 0
-76 -92 0
-76 -93 0
-76 -94 0
-76 -95 0
-76 -96 0
-76 -97 0
-76 -98 0
-76 -99 0
-76 -100 0
-76 -101 0
-76 -102 0
-76 -103 0
-76 -104 0
-76 -105 0
-77 -78 0
-77 -79 0
-77 -80 0
-77 -81 0
-77 -82 0
-77 -83 0
-77 -84 0
-77 -85 0
-77 -86 0
-77 -87 0
-77 -88 0
-77 -89 0
-77 -90 0
-77 -91 0
-77 -92 0
-77 -93 0
-77 -94 0
-77 -95 0
-77 -96 0
-77 -97 0
-77 -98 0
-77 -99 0
-77 -100 0
-77 -101 0
-77 -102 0
-77 -103 0
-77 -104 0
-77 -105 0
-78 -79 0
-78 -80 0
-78 -81 0
-78 -82 0
-78 -83 0
-78 -84 0
-78 -85 0
-78 -86 0
-78 -87 0
-78 -88 0
-78 -89 0
-78 -90 0
-78 -91 0
-78 -92 0
-78 -93 0
-78 -94 0
-78 -95 0
-78 -96 0
-78 -97 0
-78 -98 0
-78 -99 0
-78 -100 0
-78 -101 0
-78 -102 0
-78 -103 0
-78 -104 0
-78 -105 0
-79 -80 0
-79 -81 0
-79 -82 0
-79 -83 0
-79 -84 0
-79 -85 0
-79 -86 0
-79 -87 0
-79 -88 0
-79 -89 0
-79 -90 0
-79 -91 0
-79 -92 0
-79 -93 0
-79 -94 0
-79 -95 0
-79 -96 0
-79 -97 0
-79 -98 0
-79 -99 0
-79 -100 0
-79 -101 0
-79 -102 0
-79 -103 0
-79 -104 0
-79 -105 0
-80 -81 0
-80 -82 0
-80 -83 0
-80 -84 0
-80 -85 0
-80 -86 0
-80 -87 0
-80 -88 0
-80 -89 0
-80 -90 0
-80 -91 0
-80 -92 0
-80 -93 0
-80 -94 0
-80 -95 0
-80 -96 0
-80 -97 0
-80 -98 0
-80 -99 0
-80 -100 0
-80 -101 0
-80 -102 0
-80 -103 0
-80 -104 0
-80 -105 0
-81 -82 0
-81 -83 0
-81 -84 0
-81 -85 0
-81 -86 0
-81 -87 0
-81 -88 0
-81 -89 0
-81 -90 0
-81 -91 0
-81 -92 0
-81 -93 0
-81 -94 0
-81 -95 0
-81 -96 0
-81 -97 0
-81 -98 0
-81 -99 0
-81 -100 0
-81 -101 0
-81 -102 0
-81 -103 0
-81 -104 0
-81 -105 0
-82 -83 0
-82 -84 0
-82 -85 0
-82 -86 0
-82 -87 0
-82 -88 0
-82 -89 0
-82 -90 0
-82 -91 0
-82 -92 0
-82 -93 0
-82 -94 0
-82 -95 0
-82 -96 0
-82 -97 0
-82 -98 0
-82 -99 0
-82 -100 0
-82 -101 0
-82 -102 0
-82 -103 0
-82 -104 0
-82 -105 0
-83 -84 0
-83 -85 0
-83 -86 0
-83 -87 0
-83 -88 0
-83 -89 0
-83 -90 0
-83 -91 0
-83 -92 0
-83 -93 0
-83 -94 0
-83 -95 0
-83 -96 0
-83 -97 0
-83 -98 0
-83 -99 0
-83 -100 0
-83 -101 0
-83 -102 0
-83 -103 0
-83 -104 0
-83 -105 0
-84 -85 0
-84 -86 0
-84 -87 0
-84 -88 0
-84 -89 0
-84 -90 0
-84 -91 0
-84 -92 0
-84 -93 0
-84 -94 0
-84 -95 0
-84 -96 0
-84 -97 0
-84 -98 0
-84 -99 0
-84 -100 0
-84 -101 0
-84 -102 0
-84 -103 0
-84 -104 0
-84 -105 0
-85 -86 0
-85 -87 0
-85 -88 0
-85 -89 0
-85 -90 0
-85 -91 0
-85 -92 0
-85 -93 0
-85 -94 0
-85 -95 0
-85 -96 0
-85 -97 0
-85 -98 0
-85 -99 0
-85 -100 0
-85 -101 0
-85 -102 0
-85 -103 0
-85 -104 0
-85 -105 0
-86 -87 0
-86 -88 0
-86 -89 0
-86 -90 0
-86 -91 0
-86 -92 0
-86 -93 0
-86 -94 0
-86 -95 0
-86 -96 0
-86 -97 0
-86 -98 0
-86 -99 0
-86 -100 0
-86 -101 0
-86 -102 0
-86 -103 0
-86 -104 0
-86 -105 0
-87 -88 0
-87 -89 0
-87 -90 0
-87 -91 0
-87 -92 0
-87 -93 0
-87 -94 0
-87 -95 0
-87 -96 0
-87 -97 0
-87 -98 0
-87 -99 0
-87 -100 0
-87 -101 0
-87 -102 0
-87 -103 0
-87 -104 0
-87 -105 0
-88 -89 0
-88 -90 0
-88 -91 0
-88 -92 0
-88 -93 0
-88 -94 0
-88 -95 0
-88 -96 0
-88 -97 0
-88 -98 0
-88 -99 0
-88 -100 0
-88 -101 0
-88 -102 0
-88 -103 0
-88 -104 0
-88 -105 0
-89 -90 0
-89 -91 0
-89 -92 0
-89 -93 0
-89 -94 0
-89 -95 0
-89 -96 0
-89 -97 0
-89 -98 0
-89 -99 0
-89 -100 0
-89 -101 0
-89 -102 0
-89 -103 0
-89 -104 0
-89 -105 0
-90 -91 0
-90 -92 0
-90 -93 0
-90 -94 0
-90 -95 0
-90 -96 0
-90 -97 0
-90 -98 0
-90 -99 0
-90 -100 0
-90 -101 0
-90 -102 0
-90 -103 0
-90 -104 0
-90 -105 0
-91 -92 0
-91 -93 0
-91 -94 0
-91 -95 0
-91 -96 0
-91 -97 0
-91 -98 0
-91 -99 0
-91 -100 0
-91 -101 0
-91 -102 0
-91 -103 0
-91 -104 0
-91 -105 0
-92 -93 0
-92 -94 0
-92 -95 0
-92 -96 0
-92 -97 0
-92 -98 0
-92 -99 0
-92 -100 0
-92 -101 0
-92 -102 0
-92 -103 0
-92 -104 0
-92 -105 0
-93 -94 0
-93 -95 0
-93 -96 0
-93 -97 0
-93 -98 0
-93 -99 0
-93 -100 0
-93 -101 0
-93 -102 0
-93 -103 0
-93 -104 0
-93 -105 0
-94 -95 0
-94 -96 0
-94 -97 0
-94 -98 0
-94 -99 0
-94 -100 0
-94 -101 0
-94 -102 0
-94 -103 0
-94 -104 0
-94 -105 0
-95 -96 0
-95 -97 0
-95 -98 0
-95 -99 0
-95 -100 0
-95 -101 0
-95 -102 0
-95 -103 0
-95 -104 0
-95 -105 0
-96 -97 0
-96 -98 0
-96 -99 0
-96 -100 0
-96 -101 0
-96 -102 0
-96 -103 0
-96 -104 0
-96 -105 0
-97 -98 0
-97 -99 0
-97 -100 0
-97 -101 0
-97 -102 0
-97 -103 0
-97 -104 0
-97 -105 0
-98 -99 0
-98 -100 0
-98 -101 0
-98 -102 0
-98 -103 0
-98 -104 0
-98 -105 0
-99 -100 0
-99 -101 0
-99 -102 0
-99 -103 0
-99 -104 0
-99 -105 0
-100 -101 0
-100 -102 0
-100 -103 0
-100 -104 0
-100 -105 0
-101 -102 0
-101 -103 0
-101 -104 0
-101 -105 0
-102 -103 0
-102 -104 0
-102 -105 0
-103 -104 0
-103 -105 0
-104 -105 0
-106 -107 0
-106 -108 0
-106 -109 0
-106 -110 0
-106 -111 0
-106 -112 0
-106 -113 0
-106 -114 0
-106 -115 0
-106 -116 0
-106 -117 0
-106 -118 0
-106 -119 0
-106 -120 0
-106 -121 0
-106 -122 0
-106 -123 0
-106 -124 0
-106 -125 0
-106 -126 0
-106 -127 0
-106 -128 0
-106 -129 0
-106 -130 0
-106 -131 0
-106 -132 0
-106 -133 0
-106 -134 0
-106 -135 0
-106 -136 0
-106 -137 0
-106 -138 0
-106 -139 0
-106 -140 0
-107 -108 0
-107 -109 0
-107 -110 0
-107 -111 0
-107 -112 0
-107 -113 0
-107 -114 0
-107 -115 0
-107 -116 0
-107 -117 0
-107 -118 0
-107 -119 0
-107 -120 0
-107 -121 0
-107 -122 0
-107 -123 0
-107 -124 0
-107 -125 0
-107 -126 0
-107 -127 0
-107 -128 0
-107 -129 0
-107 -130 0
-107 -131 0
-107 -132 0
-107 -133 0
-107 -134 0
-107 -135 0
-107 -136 0
-107 -137 0
-107 -138 0
-107 -139 0
-107 -140 0
-108 -109 0
-108 -110 0
-108 -111 0
-108 -112 0
-108 -113 0
-108 -114 0
-108 -115 0
-108 -116 0
-108 -117 0
-108 -118 0
-108 -119 0
-108 -120 0
-108 -121 0
-108 -122 0
-108 -123 0
-108 -124 0
-108 -125 0
-108 -126 0
-108 -127 0
-108 -128 0
-108 -129 0
-108 -130 0
-108 -131 0
-108 -132 0
-108 -133 0
-108 -134 0
-108 -135 0
-108 -136 0
-108 -137 0
-108 -138 0
-108 -139 0
-108 -140 0
-109 -110 0
-109 -111 0
-109 -112 0
-109 -113 0
-109 -114 0
-109 -115 0
-109 -116 0
-109 -117 0
-109 -118 0
-109 -119 0
-109 -120 0
-109 -121 0
-109 -122 0
-109 -123 0
-109 -124 0
-109 -125 0
-109 -126 0
-109 -127 0
-109 -128 0
-109 -129 0
-109 -130 0
-109 -131 0
-109 -132 0
-109 -133 0
-109 -134 0
-109 -135 0
-109 -136 0
-109 -137 0
-109 -138 0
-109 -139 0
-109 -140 0
-110 -111 0
-110 -112 0
-110 -113 0
-110 -114 0
-110 -115 0
-110 -116 0
-110 -117 0
-110 -118 0
-110 -119 0
-110 -120 0
-110 -121 0
-110 -122 0
-110 -123 0
-110 -124 0
-110 -125 0
-110 -126 0
-110 -127 0
-110 -128 0
-110 -129 0
-110 -130 0
-110 -131 0
-110 -132 0
-110 -133 0
-110 -134 0
-110 -135 0
-110 -136 0
-110 -137 0
-110 -138 0
-110 -139 0
-110 -140 0
-111 -112 0
-111 -113 0
-111 -114 0
-111 -115 0
-111 -116 0
-111 -117 0
-111 -118 0
-111 -119 0
-111 -120 0
-111 -121 0
-111 -122 0
-111 -123 0
-111 -124 0
-111 -125 0
-111 -126 0
-111 -127 0
-111 -128 0
-111 -129 0
-111 -130 0
-111 -131 0
-111 -132 0
-111 -133 0
-111 -134 0
-111 -135 0
-111 -136 0
-111 -137 0
-111 -138 0
-111 -139 0
-111 -140 0
-112 -113 0
-112 -114 0
-112 -115 0
-112 -116 0
-112 -117 0
-112 -118 0
-112 -119 0
-112 -120 0
-112 -121 0
-112 -122 0
-112 -123 0
-112 -124 0
-112 -125 0
-112 -126 0
-112 -127 0
-112 -128 0
-112 -129 0
-112 -130 0
-112 -131 0
-112 -132 0
-112 -133 0
-112 -134 0
-112 -135 0
-112 -136 0
-112 -137 0
-112 -138 0
-112 -139 0
-112 -140 0
-113 -114 0
-113 -115 0
-113 -116 0
-113 -117 0
-113 -118 0
-113 -119 0
-113 -120 0
-113 -121 0
-113 -122 0
-113 -123 0
-113 -124 0
-113 -125 0
-113 -126 0
-113 -127 0
-113 -128 0
-113 -129 0
-113 -130 0
-113 -131 0
-113 -132 0
-113 -133 0
-113 -134 0
-113 -135 0
-113 -136 0
-113 -137 0
-113 -138 0
-113 -139 0
-113 -140 0
-114 -115 0
-114 -116 0
-114 -117 0
-114 -118 0
-114 -119 0
-114 -120 0
-114 -121 0
-114 -122 0
-114 -123 0
-114 -124 0
-114 -125 0
-114 -126 0
-114 -127 0
-114 -128 0
-114 -129 0
-114 -130 0
-114 -131 0
-114 -132 0
-114 -133 0
-114 -134 0
-114 -135 0
-114 -136 0
-114 -137 0
-114 -138 0
-114 -139 0
-114 -140 0
-115 -116 0
-115 -117 0
-115 -118 0
-115 -119 0
-115 -120 0
-115 -121 0
-115 -122 0
-115 -123 0
-115 -124 0
-115 -125 0
-115 -126 0
-115 -127 0
-115 -128 0
-115 -129 0
-115 -130 0
-115 -131 0
-115 -132 0
-115 -133 0
-115 -134 0
-115 -135 0
-115 -136 0
-115 -137 0
-115 -138 0
-115 -139 0
-115 -140 0
-116 -117 0
-116 -118 0
-116 -119 0
-116 -120 0
-116 -121 0
-116 -122 0
-116 -123 0
-116 -124 0
-116 -125 0
-116 -126 0
-116 -127 0
-116 -128 0
-116 -129 0
-116 -130 0
-116 -131 0
-116 -132 0
-116 -133 0
-116 -134 0
-116 -135 0
-116 -136 0
-116 -137 0
-116 -138 0
-116 -139 0
-116 -140 0
-117 -118 0
-117 -119 0
-117 -120 0
-117 -121 0
-117 -122 0
-117 -123 0
-117 -124 0
-117 -125 0
-117 -126 0
-117 -127 0
-117 -128 0
-117 -129 0
-117 -130 0
-117 -131 0
-117 -132 0
-117 -133 0
-117 -134 0
-117 -135 0
-117 -136 0
-117 -137 0
-117 -138 0
-117 -139 0
-117 -140 0
-118 -119 0
-118 -120 0
-118 -121 0
-118 -122 0
-118 -123 0
-118 -124 0
-118 -125 0
-118 -126 0
-118 -127 0
-118 -128 0
-118 -129 0
-118 -130 0
-118 -131 0
-118 -132 0
-118 -133 0
-118 -134 0
-118 -135 0
-118 -136 0
-118 -137 0
-118 -138 0
-118 -139 0
-118 -140 0
-119 -120 0
-119 -121 0
-119 -122 0
-119 -123 0
-119 -124 0
-119 -125 0
-119 -126 0
-119 -127 0
-119 -128 0
-119 -129 0
-119 -130 0
-119 -131 0
-119 -132 0
-119 -133 0
-119 -134 0
-119 -135 0
-119 -136 0
-119 -137 0
-119 -138 0
-119 -139 0
-119 -140 0
-120 -121 0
-120 -122 0
-120 -123 0
-120 -124 0
-120 -125 0
-120 -126 0
-120 -127 0
-120 -128 0
-120 -129 0
-120 -130 0
-120 -131 0
-120 -132 0
-120 -133 0
-120 -134 0
-120 -135 0
-120 -136 0
-120 -137 0
-120 -138 0
-120 -139 0
-120 -140 0
-121 -122 0
-121 -123 0
-121 -124 0
-121 -125 0
-121 -126 0
-121 -127 0
-121 -128 0
-121 -129 0
-121 -130 0
-121 -131 0
-121 -132 0
-121 -133 0
-121 -134 0
-121 -135 0
-121 -136 0
-121 -137 0
-121 -138 0
-121 -139 0
-121 -140 0
-122 -123 0
-122 -124 0
-122 -125 0
-122 -126 0
-122 -127 0
-122 -128 0
-122 -129 0
-122 -130 0
-122 -131 0
-122 -132 0
-122 -133 0
-122 -134 0
-122 -135 0
-122 -136 0
-122 -137 0
-122 -138 0
-122 -139 0
-122 -140 0
-123 -124 0
-123 -125 0
-123 -126 0
-123 -127 0
-123 -128 0
-123 -129 0
-123 -130 0
-123 -131 0
-123 -132 0
-123 -133 0
-123 -134 0
-123 -135 0
-123 -136 0
-123 -137 0
-123 -138 0
-123 -139 0
-123 -140 0
-124 -125 0
-124 -126 0
-124 -127 0
-124 -128 0
-124 -129 0
-124 -130 0
-124 -131 0
-124 -132 0
-124 -133 0
-124 -134 0
-124 -135 0
-124 -136 0
-124 -137 0
-124 -138 0
-124 -139 0
-124 -140 0
-125 -126 0
-125 -127 0
-125 -128 0
-125 -129 0
-125 -130 0
-125 -131 0
-125 -132 0
-125 -133 0
-125 -134 0
-125 -135 0
-125 -136 0
-125 -137 0
-125 -138 0
-125 -139 0
-125 -140 0
-126 -127 0
-126 -128 0
-126 -129 0
-126 -130 0
-126 -131 0
-126 -132 0
-126 -133 0
-126 -134 0
-126 -135 0
-126 -136 0
-126 -137 0
-126 -138 0
-126 -139 0
-126 -140 0
-127 -128 0
-127 -129 0
-127 -130 0
-127 -131 0
-127 -132 0
-127 -133 0
-127 -134 0
-127 -135 0
-127 -136 0
-127 -137 0
-127 -138 0
-127 -139 0
-127 -140 0
-128 -129 0
-128 -130 0
-128 -131 0
-128 -132 0
-128 -133 0
-128 -134 0
-128 -135 0
-128 -136 0
-128 -137 0
-128 -138 0
-128 -139 0
-128 -140 0
-129 -130 0
-129 -131 0
-129 -132 0
-129 -133 0
-129 -134 0
-129 -135 0
-129 -136 0
-129 -137 0
-129 -138 0
-129 -139 0
-129 -140 0
-130 -131 0
-130 -132 0
-130 -133 0
-130 -134 0
-130 -135 0
-130 -136 0
-130 -137 0
-130 -138 0
-130 -139 0
-130 -140 0
-131 -132 0
-131 -133 0
-131 -134 0
-131 -135 0
-131 -136 0
-131 -137 0
-131 -138 0
-131 -139 0
-131 -140 0
-132 -133 0
-132 -134 0
-132 -135 0
-132 -136 0
-132 -137 0
-132 -138 0
-132 -139 0
-132 -140 0
-133 -134 0
-133 -135 0
-133 -136 0
-133 -137 0
-133 -138 0
-133 -139 0
-133 -140 0
-134 -135 0
-134 -136 0
-134 -137 0
-134 -138 0
-134 -139 0
-134 -140 0
-135 -136 0
-135 -137 0
-135 -138 0
-135 -139 0
-135 -140 0
-136 -137 0
-136 -138 0
-136 -139 0
-136 -140 0
-137 -138 0
-137 -139 0
-137 -140 0
-138 -139 0
-138 -140 0
-139 -140 0
-141 -142 0
-141 -143 0
-141 -144 0
-141 -145 0
-141 -146 0
-141 -147 0
-141 -148 0
-141 -149 0
-141 -150 0
-141 -151 0
-141 -152 0
-141 -153 0
-141 -154 0
-141 -155 0
-141 -156 0
-141 -157 0
-141 -158 0
-141 -159 0
-141 -160 0
-141 -161 0
-141 -162 0
-141 -163 0
-141 -164 0
-141 -165 0
-141 -166 0
-141 -167 0
-141 -168 0
-141 -169 0
-141 -170 0
-141 -171 0
-141 -172 0
-141 -173 0
-141 -174 0
-141 -175 0
-142 -143 0
-142 -144 0
-142 -145 0
-142 -146 0
-142 -147 0
-142 -148 0
-142 -149 0
-142 -150 0
-142 -151 0
-142 -152 0
-142 -153 0
-142 -154 0
-142 -155 0
-142 -156 0
-142 -157 0
-142 -158 0
-142 -159 0
-142 -160 0
-142 -161 0
-142 -162 0
-142 -163 0
-142 -164 0
-142 -165 0
-142 -166 0
-142 -167 0
-142 -168 0
-142 -169 0
-142 -170 0
-142 -171 0
-142 -172 0
-142 -173 0
-142 -174 0
-142 -175 0
-143 -144 0
-143 -145 0
-143 -146 0
-143 -147 0
-143 -148 0
-143 -149 0
-143 -150 0
-143 -151 0
-143 -152 0
-143 -153 0
-143 -154 0
-143 -155 0
-143 -156 0
-143 -157 0
-143 -158 0
-143 -159 0
-143 -160 0
-143 -161 0
-143 -162 0
-143 -163 0
-143 -164 0
-143 -165 0
-143 -166 0
-143 -167 0
-143 -168 0
-143 -169 0
-143 -170 0
-143 -171 0
-143 -172 0
-143 -173 0
-143 -174 0
-143 -175 0
-144 -145 0
-144 -146 0
-144 -147 0
-144 -148 0
-144 -149 0
-144 -150 0
-144 -151 0
-144 -152 0
-144 -153 0
-144 -154 0
-144 -155 0
-144 -156 0
-144 -157 0
-144 -158 0
-144 -159 0
-144 -160 0
-144 -161 0
-144 -162 0
-144 -163 0
-144 -164 0
-144 -165 0
-144 -166 0
-144 -167 0
-144 -168 0
-144 -169 0
-144 -170 0
-144 -171 0
-144 -172 0
-144 -173 0
-144 -174 0
-144 -175 0
-145 -146 0
-145 -147 0
-145 -148 0
-145 -149 0
-145 -150 0
-145 -151 0
-145 -152 0
-145 -153 0
-145 -154 0
-145 -155 0
-145 -156 0
-145 -157 0
-145 -158 0
-145 -159 0
-145 -160 0
-145 -161 0
-145 -162 0
-145 -163 0
-145 -164 0
-145 -165 0
-145 -166 0
-145 -167 0
-145 -168 0
-145 -169 0
-145 -170 0
-145 -171 0
-145 -172 0
-145 -173 0
-145 -174 0
-145 -175 0
-146 -147 0
-146 -148 0
-146 -149 0
-146 -150 0
-146 -151 0
-146 -152 0
-146 -153 0
-146 -154 0
-146 -155 0
-146 -156 0
-146 -157 0
-146 -158 0
-146 -159 0
-146 -160 0
-146 -161 0
-146 -162 0
-146 -163 0
-146 -164 0
-146 -165 0
-146 -166 0
-146 -167 0
-146 -168 0
-146 -169 0
-146 -170 0
-146 -171 0
-146 -172 0
-146 -173 0
-146 -174 0
-146 -175 0
-147 -148 0
-147 -149 0
-147 -150 0
-147 -151 0
-147 -152 0
-147 -153 0
-147 -154 0
-147 -155 0
-147 -156 0
-147 -157 0
-147 -158 0
-147 -159 0
-147 -160 0
-147 -161 0
-147 -162 0
-147 -163 0
-147 -164 0
-147 -165 0
-147 -166 0
-147 -167 0
-147 -168 0
-147 -169 0
-147 -170 0
-147 -171 0
-147 -172 0
-147 -173 0
-147 -174 0
-147 -175 0
-148 -149 0
-148 -150 0
-148 -151 0
-148 -152 0
-148 -153 0
-148 -154 0
-148 -155 0
-148 -156 0
-148 -157 0
-148 -158 0
-148 -159 0
-148 -160 0
-148 -161 0
-148 -162 0
-148 -163 0
-148 -164 0
-148 -165 0
-148 -166 0
-148 -167 0
-148 -168 0
-148 -169 0
-148 -170 0
-148 -171 0
-148 -172 0
-148 -173 0
-148 -174 0
-148 -175 0
-149 -150 0
-149 -151 0
-149 -152 0
-149 -153 0
-149 -154 0
-149 -155 0
-149 -156 0
-149 -157 0
-149 -158 0
-149 -159 0
-149 -160 0
-149 -161 0
-149 -162 0
-149 -163 0
-149 -164 0
-149 -165 0
-149 -166 0
-149 -167 0
-149 -168 0
-149 -169 0
-149 -170 0
-149 -171 0
-149 -172 0
-149 -173 0
-149 -174 0
-149 -175 0
-150 -151 0
-150 -152 0
-150 -153 0
-150 -154 0
-150 -155 0
-150 -156 0
-150 -157 0
-150 -158 0
-150 -159 0
-150 -160 0
-150 -161 0
-150 -162 0
-150 -163 0
-150 -164 0
-150 -165 0
-150 -166 0
-150 -167 0
-150 -168 0
-150 -169 0
-150 -170 0
-150 -171 0
-150 -172 0
-150 -173 0
-150 -174 0
-150 -175 0
-151 -152 0
-151 -153 0
-151 -154 0
-151 -155 0
-151 -156 0
-151 -157 0
-151 -158 0
-151 -159 0
-151 -160 0
-151 -161 0
-151 -162 0
-151 -163 0
-151 -164 0
-151 -165 0
-151 -166 0
-151 -167 0
-151 -168 0
-151 -169 0
-151 -170 0
-151 -171 0
-151 -172 0
-151 -173 0
-151 -174 0
-151 -175 0
-152 -153 0
-152 -154 0
-152 -155 0
-152 -156 0
-152 -157 0
-152 -158 0
-152 -159 0
-152 -160 0
-152 -161 0
-152 -162 0
-152 -163 0
-152 -164 0
-152 -165 0
-152 -166 0
-152 -167 0
-152 -168 0
-152 -169 0
-152 -170 0
-152 -171 0
-152 -172 0
-152 -173 0
-152 -174 0
-152 -175 0
-153 -154 0
-153 -155 0
-153 -156 0
-153 -157 0
-153 -158 0
-153 -159 0
-153 -160 0
-153 -161 0
-153 -162 0
-153 -163 0
-153 -164 0
-153 -165 0
-153 -166 0
-153 -167 0
-153 -168 0
-153 -169 0
-153 -170 0
-153 -171 0
-153 -172 0
-153 -173 0
-153 -174 0
-153 -175 0
-154 -155 0
-154 -156 0
-154 -157 0
-154 -158 0
-154 -159 0
-154 -160 0
-154 -161 0
-154 -162 0
-154 -163 0
-154 -164 0
-154 -165 0
-154 -166 0
-154 -167 0
-154 -168 0
-154 -169 0
-154 -170 0
-154 -171 0
-154 -172 0
-154 -173 0
-154 -174 0
-154 -175 0
-155 -156 0
-155 -157 0
-155 -158 0
-155 -159 0
-155 -160 0
-155 -161 0
-155 -162 0
-155 -163 0
-155 -164 0
-155 -165 0
-155 -166 0
-155 -167 0
-155 -168 0
-155 -169 0
-155 -170 0
-155 -171 0
-155 -172 0
-155 -173 0
-155 -174 0
-155 -175 0
-156 -157 0
-156 -158 0
-156 -159 0
-156 -160 0
-156 -161 0
-156 -162 0
-156 -163 0
-156 -164 0
-156 -165 0
-156 -166 0
-156 -167 0
-156 -168 0
-156 -169 0
-156 -170 0
-156 -171 0
-156 -172 0
-156 -173 0
-156 -174 0
-156 -175 0
-157 -158 0
-157 -159 0
-157 -160 0
-157 -161 0
-157 -162 0
-157 -163 0
-157 -164 0
-157 -165 0
-157 -166 0
-157 -167 0
-157 -168 0
-157 -169 0
-157 -170 0
-157 -171 0
-157 -172 0
-157 -173 0
-157 -174 0
-157 -175 0
-158 -159 0
-158 -160 0
-158 -161 0
-158 -162 0
-158 -163 0
-158 -164 0
-158 -165 0
-158 -166 0
-158 -167 0
-158 -168 0
-158 -169 0
-158 -170 0
-158 -171 0
-158 -172 0
-158 -173 0
-158 -174 0
-158 -175 0
-159 -160 0
-159 -161 0
-159 -162 0
-159 -163 0
-159 -164 0
-159 -165 0
-159 -166 0
-159 -167 0
-159 -168 0
-159 -169 0
-159 -170 0
-159 -171 0
-159 -172 0
-159 -173 0
-159 -174 0
-159 -175 0
-160 -161 0
-160 -162 0
-160 -163 0
-160 -164 0
-160 -165 0
-160 -166 0
-160 -167 0
-160 -168 0
-160 -169 0
-160 -170 0
-160 -171 0
-160 -172 0
-160 -173 0
-160 -174 0
-160 -175 0
-161 -162 0
-161 -163 0
-161 -164 0
-161 -165 0
-161 -166 0
-161 -167 0
-161 -168 0
-161 -169 0
-161 -170 0
-161 -171 0
-161 -172 0
-161 -173 0
-161 -174 0
-161 -175 0
-162 -163 0
-162 -164 0
-162 -165 0
-162 -166 0
-162 -167 0
-162 -168 0
-162 -169 0
-162 -170 0
-162 -171 0
-162 -172 0
-162 -173 0
-162 -174 0
-162 -175 0
-163 -164 0
-163 -165 0
-163 -166 0
-163 -167 0
-163 -168 0
-163 -169 0
-163 -170 0
-163 -171 0
-163 -172 0
-163 -173 0
-163 -174 0
-163 -175 0
-164 -165 0
-164 -166 0
-164 -167 0
-164 -168 0
-164 -169 0
-164 -170 0
-164 -171 0
-164 -172 0
-164 -173 0
-164 -174 0
-164 -175 0
-165 -166 0
-165 -167 0
-165 -168 0
-165 -169 0
-165 -170 0
-165 -171 0
-165 -172 0
-165 -173 0
-165 -174 0
-165 -175 0
-166 -167 0
-166 -168 0
-166 -169 0
-166 -170 0
-166 -171 0
-166 -172 0
-166 -173 0
-166 -174 0
-166 -175 0
-167 -168 0
-167 -169 0
-167 -170 0
-167 -171 0
-167 -172 0
-167 -173 0
-167 -174 0
-167 -175 0
-168 -169 0
-168 -170 0
-168 -171 0
-168 -172 0
-168 -173 0
-168 -174 0
-168 -175 0
-169 -170 0
-169 -171 0
-169 -172 0
-169 -173 0
-169 -174 0
-169 -175 0
-170 -171 0
-170 -172 0
-170 -173 0
-170 -174 0
-170 -175 0
-171 -172 0
-171 -173 0
-171 -174 0
-171 -175 0
-172 -173 0
-172 -174 0
-172 -175 0
-173 -174 0
-173 -175 0
-174 -175 0
-176 -177 0
-176 -178 0
-176 -179 0
-176 -180 0
-176 -181 0
-176 -182 0
-176 -183 0
-176 -184 0
-176 -185 0
-176 -186 0
-176 -187 0
-176 -188 0
-176 -189 0
-176 -190 0
-176 -191 0
-176 -192 0
-176 -193 0
-176 -194 0
-176 -195 0
-176 -196 0
-176 -197 0
-176 -198 0
-176 -199 0
-176 -200 0
-176 -201 0
-176 -202 0
-176 -203 0
-176 -204 0
-176 -205 0
-176 -206 0
-176 -207 0
-176 -208 0
-176 -209 0
-176 -210 0
-177 -178 0
-177 -179 0
-177 -180 0
-177 -181 0
-177 -182 0
-177 -183 0
-177 -184 0
-177 -185 0
-177 -186 0
-177 -187 0
-177 -188 0
-177 -189 0
-177 -190 0
-177 -191 0
-177 -192 0
-177 -193 0
-177 -194 0
-177 -195 0
-177 -196 0
-177 -197 0
-177 -198 0
-177 -199 0
-177 -200 0
-177 -201 0
-177 -202 0
-177 -203 0
-177 -204 0
-177 -205 0
-177 -206 0
-177 -207 0
-177 -208 0
-177 -209 0
-177 -210 0
-178 -179 0
-178 -180 0
-178 -181 0
-178 -182 0
-178 -183 0
-178 -184 0
-178 -185 0
-178 -186 0
-178 -187 0
-178 -188 0
-178 -189 0
-178 -190 0
-178 -191 0
-178 -192 0
-178 -193 0
-178 -194 0
-178 -195 0
-178 -196 0
-178 -197 0
-178 -198 0
-178 -199 0
-178 -200 0
-178 -201 0
-178 -202 0
-178 -203 0
-178 -204 0
-178 -205 0
-178 -206 0
-178 -207 0
-178 -208 0
-178 -209 0
-178 -210 0
-179 -180 0
-179 -181 0
-179 -182 0
-179 -183 0
-179 -184 0
-179 -185 0
-179 -186 0
-179 -187 0
-179 -188 0
-179 -189 0
-179 -190 0
-179 -191 0
-179 -192 0
-179 -193 0
-179 -194 0
-179 -195 0
-179 -196 0
-179 -197 0
-179 -198 0
-179 -199 0
-179 -200 0
-179 -201 0
-179 -202 0
-179 -203 0
-179 -204 0
-179 -205 0
-179 -206 0
-179 -207 0
-179 -208 0
-179 -209 0
-179 -210 0
-180 -181 0
-180 -182 0
-180 -183 0
-180 -184 0
-180 -185 0
-180 -186 0
-180 -187 0
-180 -188 0
-180 -189 0
-180 -190 0
-180 -191 0
-180 -192 0
-180 -193 0
-180 -194 0
-180 -195 0
-180 -196 0
-180 -197 0
-180 -198 0
-180 -199 0
-180 -200 0
-180 -201 0
-180 -202 0
-180 -203 0
-180 -204 0
-180 -205 0
-180 -206 0
-180 -207 0
-180 -208 0
-180 -209 0
-180 -210 0
-181 -182 0
-181 -183 0
-181 -184 0
-181 -185 0
-181 -186 0
-181 -187 0
-181 -188 0
-181 -189 0
-181 -190 0
-181 -191 0
-181 -192 0
-181 -193 0
-181 -194 0
-181 -195 0
-181 -196 0
-181 -197 0
-181 -198 0
-181 -199 0
-181 -200 0
-181 -201 0
-181 -202 0
-181 -203 0
-181 -204 0
-181 -205 0
-181 -206 0
-181 -207 0
-181 -208 0
-181 -209 0
-181 -210 0
-182 -183 0
-182 -184 0
-182 -185 0
-182 -186 0
-182 -187 0
-182 -188 0
-182 -189 0
-182 -190 0
-182 -191 0
-182 -192 0
-182 -193 0
-182 -194 0
-182 -195 0
-182 -196 0
-182 -197 0
-182 -198 0
-182 -199 0
-182 -200 0
-182 -201 0
-182 -202 0
-182 -203 0
-182 -204 0
-182 -205 0
-182 -206 0
-182 -207 0
-182 -208 0
-182 -209 0
-182 -210 0
-183 -184 0
-183 -185 0
-183 -186 0
-183 -187 0
-183 -188 0
-183 -189 0
-183 -190 0
-183 -191 0
-183 -192 0
-183 -193 0
-183 -194 0
-183 -195 0
-183 -196 0
-183 -197 0
-183 -198 0
-183 -199 0
-183 -200 0
-183 -201 0
-183 -202 0
-183 -203 0
-183 -204 0
-183 -205 0
-183 -206 0
-183 -207 0
-183 -208 0
-183 -209 0
-183 -210 0
-184 -185 0
-184 -186 0
-184 -187 0
-184 -188 0
-184 -189 0
-184 -190 0
-184 -191 0
-184 -192 0
-184 -193 0
-184 -194 0
-184 -195 0
-184 -196 0
-184 -197 0
-184 -198 0
-184 -199 0
-184 -200 0
-184 -201 0
-184 -202 0
-184 -203 0
-184 -204 0
-184 -205 0
-184 -206 0
-184 -207 0
-184 -208 0
-184 -209 0
-184 -210 0
-185 -186 0
-185 -187 0
-185 -188 0
-185 -189 0
-185 -190 0
-185 -191 0
-185 -192 0
-185 -193 0
-185 -194 0
-185 -195 0
-185 -196 0
-185 -197 0
-185 -198 0
-185 -199 0
-185 -200 0
-185 -201 0
-185 -202 0
-185 -203 0
-185 -204 0
-185 -205 0
-185 -206 0
-185 -207 0
-185 -208 0
-185 -209 0
-185 -210 0
-186 -187 0
-186 -188 0
-186 -189 0
-186 -190 0
-186 -191 0
-186 -192 0
-186 -193 0
-186 -194 0
-186 -195 0
-186 -196 0
-186 -197 0
-186 -198 0
-186 -199 0
-186 -200 0
-186 -201 0
-186 -202 0
-186 -203 0
-186 -204 0
-186 -205 0
-186 -206 0
-186 -207 0
-186 -208 0
-186 -209 0
-186 -210 0
-187 -188 0
-187 -189 0
-187 -190 0
-187 -191 0
-187 -192 0
-187 -193 0
-187 -194 0
-187 -195 0
-187 -196 0
-187 -197 0
-187 -198 0
-187 -199 0
-187 -200 0
-187 -201 0
-187 -202 0
-187 -203 0
-187 -204 0
-187 -205 0
-187 -206 0
-187 -207 0
-187 -208 0
-187 -209 0
-187 -210 0
-188 -189 0
-188 -190 0
-188 -191 0
-188 -192 0
-188 -193 0
-188 -194 0
-188 -195 0
-188 -196 0
-188 -197 0
-188 -198 0
-188 -199 0
-188 -200 0
-188 -201 0
-188 -202 0
-188 -203 0
-188 -204 0
-188 -205 0
-188 -206 0
-188 -207 0
-188 -208 0
-188 -209 0
-188 -210 0
-189 -190 0
-189 -191 0
-189 -192 0
-189 -193 0
-189 -194 0
-189 -195 0
-189 -196 0
-189 -197 0
-189 -198 0
-189 -199 0
-189 -200 0
-189 -201 0
-189 -202 0
-189 -203 0
-189 -204 0
-189 -205 0
-189 -206 0
-189 -207 0
-189 -208 0
-189 -209 0
-189 -210 0
-190 -191 0
-190 -192 0
-190 -193 0
-190 -194 0
-190 -195 0
-190 -196 0
-190 -197 0
-190 -198 0
-190 -199 0
-190 -200 0
-190 -201 0
-190 -202 0
-190 -203 0
-190 -204 0
-190 -205 0
-190 -206 0
-190 -207 0
-190 -208 0
-190 -209 0
-190 -210 0
-191 -192 0
-191 -193 0
-191 -194 0
-191 -195 0
-191 -196 0
-191 -197 0
-191 -198 0
-191 -199 0
-191 -200 0
-191 -201 0
-191 -202 0
-191 -203 0
-191 -204 0
-191 -205 0
-191 -206 0
-191 -207 0
-191 -208 0
-191 -209 0
-191 -210 0
-192 -193 0
-192 -194 0
-192 -195 0
-192 -196 0
-192 -197 0
-192 -198 0
-192 -199 0
-192 -200 0
-192 -201 0
-192 -202 0
-192 -203 0
-192 -204 0
-192 -205 0
-192 -206 0
-192 -207 0
-192 -208 0
-192 -209 0
-192 -210 0
-193 -194 0
-193 -195 0
-193 -196 0
-193 -197 0
-193 -198 0
-193 -199 0
-193 -200 0
-193 -201 0
-193 -202 0
-193 -203 0
-193 -204 0
-193 -205 0
-193 -206 0
-193 -207 0
-193 -208 0
-193 -209 0
-193 -210 0
-194 -195 0
-194 -196 0
-194 -197 0
-194 -198 0
-194 -199 0
-194 -200 0
-194 -201 0
-194 -202 0
-194 -203 0
-194 -204 0
-194 -205 0
-194 -206 0
-194 -207 0
-194 -208 0
-194 -209 0
-194 -210 0
-195 -196 0
-195 -197 0
-195 -198 0
-195 -199 0
-195 -200 0
-195 -201 0
-195 -202 0
-195 -203 0
-195 -204 0
-195 -205 0
-195 -206 0
-195 -207 0
-195 -208 0
-195 -209 0
-195 -210 0
-196 -197 0
-196 -198 0
-196 -199 0
-196 -200 0
-196 -201 0
-196 -202 0
-196 -203 0
-196 -204 0
-196 -205 0
-196 -206 0
-196 -207 0
-196 -208 0
-196 -209 0
-196 -210 0
-197 -198 0
-197 -199 0
-197 -200 0
-197 -201 0
-197 -202 0
-197 -203 0
-197 -204 0
-197 -205 0
-197 -206 0
-197 -207 0
-197 -208 0
-197 -209 0
-197 -210 0
-198 -199 0
-198 -200 0
-198 -201 0
-198 -202 0
-198 -203 0
-198 -204 0
-198 -205 0
-198 -206 0
-198 -207 0
-198 -208 0
-198 -209 0
-198 -210 0
-199 -200 0
-199 -201 0
-199 -202 0
-199 -203 0
-199 -204 0
-199 -205 0
-199 -206 0
-199 -207 0
-199 -208 0
-199 -209 0
-199 -210 0
-200 -201 0
-200 -202 0
-200 -203 0
-200 -204 0
-200 -205 0
-200 -206 0
-200 -207 0
-200 -208 0
-200 -209 0
-200 -210 0
-201 -202 0
-201 -203 0
-201 -204 0
-201 -205 0
-201 -206 0
-201 -207 0
-201 -208 0
-201 -209 0
-201 -210 0
-202 -203 0
-202 -204 0
-202 -205 0
-202 -206 0
-202 -207 0
-202 -208 0
-202 -209 0
-202 -210 0
-203 -204 0
-203 -205 0
-203 -206 0
-203 -207 0
-203 -208 0
-203 -209 0
-203 -210 0
-204 -205 0
-204 -206 0
-204 -207 0
-204 -208 0
-204 -209 0
-204 -210 0
-205 -206 0
-205 -207 0
-205 -208 0
-205 -209 0
-205 -210 0
-206 -207 0
-206 -208 0
-206 -209 0
-206 -210 0
-207 -208 0
-207 -209 0
-207 -210 0
-208 -209 0
-208 -210 0
-209 -210 0
-211 -212 0
-211 -213 0
-211 -214 0
-211 -215 0
-211 -216 0
-211 -217 0
-211 -218 0
-211 -219 0
-211 -220 0
-211 -221 0
-211 -222 0
-211 -223 0
-211 -224 0
-211 -225 0
-211 -226 0
-211 -227 0
-211 -228 0
-211 -229 0
-211 -230 0
-211 -231 0
-211 -232 0
-211 -233 0
-211 -234 0
-211 -235 0
-211 -236 0
-211 -237 0
-211 -238 0
-211 -239 0
-211 -240 0
-211 -241 0
-211 -242 0
-211 -243 0
-211 -244 0
-211 -245 0
-212 -213 0
-212 -214 0
-212 -215 0
-212 -216 0
-212 -217 0
-212 -218 0
-212 -219 0
-212 -220 0
-212 -221 0
-212 -222 0
-212 -223 0
-212 -224 0
-212 -225 0
-212 -226 0
-212 -227 0
-212 -228 0
-212 -229 0
-212 -230 0
-212 -231 0
-212 -232 0
-212 -233 0
-212 -234 0
-212 -235 0
-212 -236 0
-212 -237 0
-212 -238 0
-212 -239 0
-212 -240 0
-212 -241 0
-212 -242 0
-212 -243 0
-212 -244 0
-212 -245 0
-213 -214 0
-213 -215 0
-213 -216 0
-213 -217 0
-213 -218 0
-213 -219 0
-213 -220 0
-213 -221 0
-213 -222 0
-213 -223 0
-213 -224 0
-213 -225 0
-213 -226 0
-213 -227 0
-213 -228 0
-213 -229 0
-213 -230 0
-213 -231 0
-213 -232 0
-213 -233 0
-213 -234 0
-213 -235 0
-213 -236 0
-213 -237 0
-213 -238 0
-213 -239 0
-213 -240 0
-213 -241 0
-213 -242 0
-213 -243 0
-213 -244 0
-213 -245 0
-214 -215 0
-214 -216 0
-214 -217 0
-214 -218 0
-214 -219 0
-214 -220 0
-214 -221 0
-214 -222 0
-214 -223 0
-214 -224 0
-214 -225 0
-214 -226 0
-214 -227 0
-214 -228 0
-214 -229 0
-214 -230 0
-214 -231 0
-214 -232 0
-214 -233 0
-214 -234 0
-214 -235 0
-214 -236 0
-214 -237 0
-214 -238 0
-214 -239 0
-214 -240 0
-214 -241 0
-214 -242 0
-214 -243 0
-214 -244 0
-214 -245 0
-215 -216 0
-215 -217 0
-215 -218 0
-215 -219 0
-215 -220 0
-215 -221 0
-215 -222 0
-215 -223 0
-215 -224 0
-215 -225 0
-215 -226 0
-215 -227 0
-215 -228 0
-215 -229 0
-215 -230 0
-215 -231 0
-215 -232 0
-215 -233 0
-215 -234 0
-215 -235 0
-215 -236 0
-215 -237 0
-215 -238 0
-215 -239 0
-215 -240 0
-215 -241 0
-215 -242 0
-215 -243 0
-215 -244 0
-215 -245 0
-216 -217 0
-216 -218 0
-216 -219 0
-216 -220 0
-216 -221 0
-216 -222 0
-216 -223 0
-216 -224 0
-216 -225 0
-216 -226 0
-216 -227 0
-216 -228 0
-216 -229 0
-216 -230 0
-216 -231 0
-216 -232 0
-216 -233 0
-216 -234 0
-216 -235 0
-216 -236 0
-216 -237 0
-216 -238 0
-216 -239 0
-216 -240 0
-216 -241 0
-216 -242 0
-216 -243 0
-216 -244 0
-216 -245 0
-217 -218 0
-217 -219 0
-217 -220 0
-217 -221 0
-217 -222 0
-217 -223 0
-217 -224 0
-217 -225 0
-217 -226 0
-217 -227 0
-217 -228 0
-217 -229 0
-217 -230 0
-217 -231 0
-217 -232 0
-217 -233 0
-217 -234 0
-217 -235 0
-217 -236 0
-217 -237 0
-217 -238 0
-217 -239 0
-217 -240 0
-217 -241 0
-217 -242 0
-217 -243 0
-217 -244 0
-217 -245 0
-218 -219 0
-218 -220 0
-218 -221 0
-218 -222 0
-218 -223 0
-218 -224 0
-218 -225 0
-218 -226 0
-218 -227 0
-218 -228 0
-218 -229 0
-218 -230 0
-218 -231 0
-218 -232 0
-218 -233 0
-218 -234 0
-218 -235 0
-218 -236 0
-218 -237 0
-218 -238 0
-218 -239 0
-218 -240 0
-218 -241 0
-218 -242 0
-218 -243 0
-218 -244 0
-218 -245 0
-219 -220 0
-219 -221 0
-219 -222 0
-219 -223 0
-219 -224 0
-219 -225 0
-219 -226 0
-219 -227 0
-219 -228 0
-219 -229 0
-219 -230 0
-219 -231 0
-219 -232 0
-219 -233 0
-219 -234 0
-219 -235 0
-219 -236 0
-219 -237 0
-219 -238 0
-219 -239 0
-219 -240 0
-219 -241 0
-219 -242 0
-219 -243 0
-219 -244 0
-219 -245 0
-220 -221 0
-220 -222 0
-220 -223 0
-220 -224 0
-220 -225 0
-220 -226 0
-220 -227 0
-220 -228 0
-220 -229 0
-220 -230 0
-220 -231 0
-220 -232 0
-220 -233 0
-220 -234 0
-220 -235 0
-220 -236 0
-220 -237 0
-220 -238 0
-220 -239 0
-220 -240 0
-220 -241 0
-220 -242 0
-220 -243 0
-220 -244 0
-220 -245 0
-221 -222 0
-221 -223 0
-221 -224 0
-221 -225 0
-221 -226 0
-221 -227 0
-221 -228 0
-221 -229 0
-221 -230 0
-221 -231 0
-221 -232 0
-221 -233 0
-221 -234 0
-221 -235 0
-221 -236 0
-221 -237 0
-221 -238 0
-221 -239 0
-221 -240 0
-221 -241 0
-221 -242 0
-221 -243 0
-221 -244 0
-221 -245 0
-222 -223 0
-222 -224 0
-222 -225 0
-222 -226 0
-222 -227 0
-222 -228 0
-222 -229 0
-222 -230 0
-222 -231 0
-222 -232 0
-222 -233 0
-222 -234 0
-222 -235 0
-222 -236 0
-222 -237 0
-222 -238 0
-222 -239 0
-222 -240 0
-222 -241 0
-222 -242 0
-222 -243 0
-222 -244 0
-222 -245 0
-223 -224 0
-223 -225 0
-223 -226 0
-223 -227 0
-223 -228 0
-223 -229 0
-223 -230 0
-223 -231 0
-223 -232 0
-223 -233 0
-223 -234 0
-223 -235 0
-223 -236 0
-223 -237 0
-223 -238 0
-223 -239 0
-223 -240 0
-223 -241 0
-223 -242 0
-223 -243 0
-223 -244 0
-223 -245 0
-224 -225 0
-224 -226 0
-224 -227 0
-224 -228 0
-224 -229 0
-224 -230 0
-224 -231 0
-224 -232 0
-224 -233 0
-224 -234 0
-224 -235 0
-224 -236 0
-224 -237 0
-224 -238 0
-224 -239 0
-224 -240 0
-224 -241 0
-224 -242 0
-224 -243 0
-224 -244 0
-224 -245 0
-225 -226 0
-225 -227 0
-225 -228 0
-225 -229 0
-225 -230 0
-225 -231 0
-225 -232 0
-225 -233 0
-225 -234 0
-225 -235 0
-225 -236 0
-225 -237 0
-225 -238 0
-225 -239 0
-225 -240 0
-225 -241 0
-225 -242 0
-225 -243 0
-225 -244 0
-225 -245 0
-226 -227 0
-226 -228 0
-226 -229 0
-226 -230 0
-226 -231 0
-226 -232 0
-226 -233 0
-226 -234 0
-226 -235 0
-226 -236 0
-226 -237 0
-226 -238 0
-226 -239 0
-226 -240 0
-226 -241 0
-226 -242 0
-226 -243 0
-226 -244 0
-226 -245 0
-227 -228 0
-227 -229 0
-227 -230 0
-227 -231 0
-227 -232 0
-227 -233 0
-227 -234 0
-227 -235 0
-227 -236 0
-227 -237 0
-227 -238 0
-227 -239 0
-227 -240 0
-227 -241 0
-227 -242 0
-227 -243 0
-227 -244 0
-227 -245 0
-228 -229 0
-228 -230 0
-228 -231 0
-228 -232 0
-228 -233 0
-228 -234 0
-228 -235 0
-228 -236 0
-228 -237 0
-228 -238 0
-228 -239 0
-228 -240 0
-228 -241 0
-228 -242 0
-228 -243 0
-228 -244 0
-228 -245 0
-229 -230 0
-229 -231 0
-229 -232 0
-229 -233 0
-229 -234 0
-229 -235 0
-229 -236 0
-229 -237 0
-229 -238 0
-229 -239 0
-229 -240 0
-229 -241 0
-229 -242 0
-229 -243 0
-229 -244 0
-229 -245 0
-230 -231 0
-230 -232 0
-230 -233 0
-230 -234 0
-230 -235 0
-230 -236 0
-230 -237 0
-230 -238 0
-230 -239 0
-230 -240 0
-230 -241 0
-230 -242 0
-230 -243 0
-230 -244 0
-230 -245 0
-231 -232 0
-231 -233 0
-231 -234 0
-231 -235 0
-231 -236 0
-231 -237 0
-231 -238 0
-231 -239 0
-231 -240 0
-231 -241 0
-231 -242 0
-231 -243 0
-231 -244 0
-231 -245 0
-232 -233 0
-232 -234 0
-232 -235 0
-232 -236 0
-232 -237 0
-232 -238 0
-232 -239 0
-232 -240 0
-232 -241 0
-232 -242 0
-232 -243 0
-232 -244 0
-232 -245 0
-233 -234 0
-233 -235 0
-233 -236 0
-233 -237 0
-233 -238 0
-233 -239 0
-233 -240 0
-233 -241 0
-233 -242 0
-233 -243 0
-233 -244 0
-233 -245 0
-234 -235 0
-234 -236 0
-234 -237 0
-234 -238 0
-234 -239 0
-234 -240 0
-234 -241 0
-234 -242 0
-234 -243 0
-234 -244 0
-234 -245 0
-235 -236 0
-235 -237 0
-235 -238 0
-235 -239 0
-235 -240 0
-235 -241 0
-235 -242 0
-235 -243 0
-235 -244 0
-235 -245 0
-236 -237 0
-236 -238 0
-236 -239 0
-236 -240 0
-236 -241 0
-236 -242 0
-236 -243 0
-236 -244 0
-236 -245 0
-237 -238 0
-237 -239 0
-237 -240 0
-237 -241 0
-237 -242 0
-237 -243 0
-237 -244 0
-237 -245 0
-238 -239 0
-238 -240 0
-238 -241 0
-238 -242 0
-238 -243 0
-238 -244 0
-238 -245 0
-239 -240 0
-239 -241 0
-239 -242 0
-239 -243 0
-239 -244 0
-239 -245 0
-240 -241 0
-240 -242 0
-240 -243 0
-240 -244 0
-240 -245 0
-241 -242 0
-241 -243 0
-241 -244 0
-241 -245 0
-242 -243 0
-242 -244 0
-242 -245 0
-243 -244 0
-243 -245 0
-244 -245 0
-246 -247 0
-246 -248 0
-246 -249 0
-246 -250 0
-246 -251 0
-246 -252 0
-246 -253 0
-246 -254 0
-246 -255 0
-246 -256 0
-246 -257 0
-246 -258 0
-246 -259 0
-246 -260 0
-246 -261 0
-246 -262 0
-246 -263 0
-246 -264 0
-246 -265 0
-246 -266 0
-246 -267 0
-246 -268 0
-246 -269 0
-246 -270 0
-246 -271 0
-246 -272 0
-246 -273 0
-246 -274 0
-246 -275 0
-246 -276 0
-246 -277 0
-246 -278 0
-246 -279 0
-246 -280 0
-247 -248 0
-247 -249 0
-247 -250 0
-247 -251 0
-247 -252 0
-247 -253 0
-247 -254 0
-247 -255 0
-247 -256 0
-247 -257 0
-247 -258 0
-247 -259 0
-247 -260 0
-247 -261 0
-247 -262 0
-247 -263 0
-247 -264 0
-247 -265 0
-247 -266 0
-247 -267 0
-247 -268 0
-247 -269 0
-247 -270 0
-247 -271 0
-247 -272 0
-247 -273 0
-247 -274 0
-247 -275 0
-247 -276 0
-247 -277 0
-247 -278 0
-247 -279 0
-247 -280 0
-248 -249 0
-248 -250 0
-248 -251 0
-248 -252 0
-248 -253 0
-248 -254 0
-248 -255 0
-248 -256 0
-248 -257 0
-248 -258 0
-248 -259 0
-248 -260 0
-248 -261 0
-248 -262 0
-248 -263 0
-248 -264 0
-248 -265 0
-248 -266 0
-248 -267 0
-248 -268 0
-248 -269 0
-248 -270 0
-248 -271 0
-248 -272 0
-248 -273 0
-248 -274 0
-248 -275 0
-248 -276 0
-248 -277 0
-248 -278 0
-248 -279 0
-248 -280 0
-249 -250 0
-249 -251 0
-249 -252 0
-249 -253 0
-249 -254 0
-249 -255 0
-249 -256 0
-249 -257 0
-249 -258 0
-249 -259 0
-249 -260 0
-249 -261 0
-249 -262 0
-249 -263 0
-249 -264 0
-249 -265 0
-249 -266 0
-249 -267 0
-249 -268 0
-249 -269 0
-249 -270 0
-249 -271 0
-249 -272 0
-249 -273 0
-249 -274 0
-249 -275 0
-249 -276 0
-249 -277 0
-249 -278 0
-249 -279 0
-249 -280 0
-250 -251 0
-250 -252 0
-250 -253 0
-250 -254 0
-250 -255 0
-250 -256 0
-250 -257 0
-250 -258 0
-250 -259 0
-250 -260 0
-250 -261 0
-250 -262 0
-250 -263 0
-250 -264 0
-250 -265 0
-250 -266 0
-250 -267 0
-250 -268 0
-250 -269 0
-250 -270 0
-250 -271 0
-250 -272 0
-250 -273 0
-250 -274 0
-250 -275 0
-250 -276 0
-250 -277 0
-250 -278 0
-250 -279 0
-250 -280 0
-251 -252 0
-251 -253 0
-251 -254 0
-251 -255 0
-251 -256 0
-251 -257 0
-251 -258 0
-251 -259 0
-251 -260 0
-251 -261 0
-251 -262 0
-251 -263 0
-251 -264 0
-251 -265 0
-251 -266 0
-251 -267 0
-251 -268 0
-251 -269 0
-251 -270 0
-251 -271 0
-251 -272 0
-251 -273 0
-251 -274 0
-251 -275 0
-251 -276 0
-251 -277 0
-251 -278 0
-251 -279 0
-251 -280 0
-252 -253 0
-252 -254 0
-252 -255 0
-252 -256 0
-252 -257 0
-252 -258 0
-252 -259 0
-252 -260 0
-252 -261 0
-252 -262 0
-252 -263 0
-252 -264 0
-252 -265 0
-252 -266 0
-252 -267 0
-252 -268 0
-252 -269 0
-252 -270 0
-252 -271 0
-252 -272 0
-252 -273 0
-252 -274 0
-252 -275 0
-252 -276 0
-252 -277 0
-252 -278 0
-252 -279 0
-252 -280 0
-253 -254 0
-253 -255 0
-253 -256 0
-253 -257 0
-253 -258 0
-253 -259 0
-253 -260 0
-253 -261 0
-253 -262 0
-253 -263 0
-253 -264 0
-253 -265 0
-253 -266 0
-253 -267 0
-253 -268 0
-253 -269 0
-253 -270 0
-253 -271 0
-253 -272 0
-253 -273 0
-253 -274 0
-253 -275 0
-253 -276 0
-253 -277 0
-253 -278 0
-253 -279 0
-253 -280 0
-254 -255 0
-254 -256 0
-254 -257 0
-254 -258 0
-254 -259 0
-254 -260 0
-254 -261 0
-254 -262 0
-254 -263 0
-254 -264 0
-254 -265 0
-254 -266 0
-254 -267 0
-254 -268 0
-254 -269 0
-254 -270 0
-254 -271 0
-254 -272 0
-254 -273 0
-254 -274 0
-254 -275 0
-254 -276 0
-254 -277 0
-254 -278 0
-254 -279 0
-254 -280 0
-255 -256 0
-255 -257 0
-255 -258 0
-255 -259 0
-255 -260 0
-255 -261 0
-255 -262 0
-255 -263 0
-255 -264 0
-255 -265 0
-255 -266 0
-255 -267 0
-255 -268 0
-255 -269 0
-255 -270 0
-255 -271 0
-255 -272 0
-255 -273 0
-255 -274 0
-255 -275 0
-255 -276 0
-255 -277 0
-255 -278 0
-255 -279 0
-255 -280 0
-256 -257 0
-256 -258 0
-256 -259 0
-256 -260 0
-256 -261 0
-256 -262 0
-256 -263 0
-256 -264 0
-256 -265 0
-256 -266 0
-256 -267 0
-256 -268 0
-256 -269 0
-256 -270 0
-256 -271 0
-256 -272 0
-256 -273 0
-256 -274 0
-256 -275 0
-256 -276 0
-256 -277 0
-256 -278 0
-256 -279 0
-256 -280 0
-257 -258 0
-257 -259 0
-257 -260 0
-257 -261 0
-257 -262 0
-257 -263 0
-257 -264 0
-257 -265 0
-257 -266 0
-257 -267 0
-257 -268 0
-257 -269 0
-257 -270 0
-257 -271 0
-257 -272 0
-257 -273 0
-257 -274 0
-257 -275 0
-257 -276 0
-257 -277 0
-257 -278 0
-257 -279 0
-257 -280 0
-258 -259 0
-258 -260 0
-258 -261 0
-258 -262 0
-258 -263 0
-258 -264 0
-258 -265 0
-258 -266 0
-258 -267 0
-258 -268 0
-258 -269 0
-258 -270 0
-258 -271 0
-258 -272 0
-258 -273 0
-258 -274 0
-258 -275 0
-258 -276 0
-258 -277 0
-258 -278 0
-258 -279 0
-258 -280 0
-259 -260 0
-259 -261 0
-259 -262 0
-259 -263 0
-259 -264 0
-259 -265 0
-259 -266 0
-259 -267 0
-259 -268 0
-259 -269 0
-259 -270 0
-259 -271 0
-259 -272 0
-259 -273 0
-259 -274 0
-259 -275 0
-259 -276 0
-259 -277 0
-259 -278 0
-259 -279 0
-259 -280 0
-260 -261 0
-260 -262 0
-260 -263 0
-260 -264 0
-260 -265 0
-260 -266 0
-260 -267 0
-260 -268 0
-260 -269 0
-260 -270 0
-260 -271 0
-260 -272 0
-260 -273 0
-260 -274 0
-260 -275 0
-260 -276 0
-260 -277 0
-260 -278 0
-260 -279 0
-260 -280 0
-261 -262 0
-261 -263 0
-261 -264 0
-261 -265 0
-261 -266 0
-261 -267 0
-261 -268 0
-261 -269 0
-261 -270 0
-261 -271 0
-261 -272 0
-261 -273 0
-261 -274 0
-261 -275 0
-261 -276 0
-261 -277 0
-261 -278 0
-261 -279 0
-261 -280 0
-262 -263 0
-262 -264 0
-262 -265 0
-262 -266 0
-262 -267 0
-262 -268 0
-262 -269 0
-262 -270 0
-262 -271 0
-262 -272 0
-262 -273 0
-262 -274 0
-262 -275 0
-262 -276 0
-262 -277 0
-262 -278 0
-262 -279 0
-262 -280 0
-263 -264 0
-263 -265 0
-263 -266 0
-263 -267 0
-263 -268 0
-263 -269 0
-263 -270 0
-263 -271 0
-263 -272 0
-263 -273 0
-263 -274 0
-263 -275 0
-263 -276 0
-263 -277 0
-263 -278 0
-263 -279 0
-263 -280 0
-264 -265 0
-264 -266 0
-264 -267 0
-264 -268 0
-264 -269 0
-264 -270 0
-264 -271 0
-264 -272 0
-264 -273 0
-264 -274 0
-264 -275 0
-264 -276 0
-264 -277 0
-264 -278 0
-264 -279 0
-264 -280 0
-265 -266 0
-265 -267 0
-265 -268 0
-265 -269 0
-265 -270 0
-265 -271 0
-265 -272 0
-265 -273 0
-265 -274 0
-265 -275 0
-265 -276 0
-265 -277 0
-265 -278 0
-265 -279 0
-265 -280 0
-266 -267 0
-266 -268 0
-266 -269 0
-266 -270 0
-266 -271 0
-266 -272 0
-266 -273 0
-266 -274 0
-266 -275 0
-266 -276 0
-266 -277 0
-266 -278 0
-266 -279 0
-266 -280 0
-267 -268 0
-267 -269 0
-267 -270 0
-267 -271 0
-267 -272 0
-267 -273 0
-267 -274 0
-267 -275 0
-267 -276 0
-267 -277 0
-267 -278 0
-267 -279 0
-267 -280 0
-268 -269 0
-268 -270 0
-268 -271 0
-268 -272 0
-268 -273 0
-268 -274 0
-268 -275 0
-268 -276 0
-268 -277 0
-268 -278 0
-268 -279 0
-268 -280 0
-269 -270 0
-269 -271 0
-269 -272 0
-269 -273 0
-269 -274 0
-269 -275 0
-269 -276 0
-269 -277 0
-269 -278 0
-269 -279 0
-269 -280 0
-270 -271 0
-270 -272 0
-270 -273 0
-270 -274 0
-270 -275 0
-270 -276 0
-270 -277 0
-270 -278 0
-270 -279 0
-270 -280 0
-271 -272 0
-271 -273 0
-271 -274 0
-271 -275 0
-271 -276 0
-271 -277 0
-271 -278 0
-271 -279 0
-271 -280 0
-272 -273 0
-272 -274 0
-272 -275 0
-272 -276 0
-272 -277 0
-272 -278 0
-272 -279 0
-272 -280 0
-273 -274 0
-273 -275 0
-273 -276 0
-273 -277 0
-273 -278 0
-273 -279 0
-273 -280 0
-274 -275 0
-274 -276 0
-274 -277 0
-274 -278 0
-274 -279 0
-274 -280 0
-275 -276 0
-275 -277 0
-275 -278 0
-275 -279 0
-275 -280 0
-276 -277 0
-276 -278 0
-276 -279 0
-276 -280 0
-277 -278 0
-277 -279 0
-277 -280 0
-278 -279 0
-278 -280 0
-279 -280 0
-281 -282 0
-281 -283 0
-281 -284 0
-281 -285 0
-281 -286 0
-281 -287 0
-281 -288 0
-281 -289 0
-281 -290 0
-281 -291 0
-281 -292 0
-281 -293 0
-281 -294 0
-281 -295 0
-281 -296 0
-281 -297 0
-281 -298 0
-281 -299 0
-281 -300 0
-281 -301 0
-281 -302 0
-281 -303 0
-281 -304 0
-281 -305 0
-281 -306 0
-281 -307 0
-281 -308 0
-281 -309 0
-281 -310 0
-281 -311 0
-281 -312 0
-281 -313 0
-281 -314 0
-281 -315 0
-282 -283 0
-282 -284 0
-282 -285 0
-282 -286 0
-282 -287 0
-282 -288 0
-282 -289 0
-282 -290 0
-282 -291 0
-282 -292 0
-282 -293 0
-282 -294 0
-282 -295 0
-282 -296 0
-282 -297 0
-282 -298 0
-282 -299 0
-282 -300 0
-282 -301 0
-282 -302 0
-282 -303 0
-282 -304 0
-282 -305 0
-282 -306 0
-282 -307 0
-282 -308 0
-282 -309 0
-282 -310 0
-282 -311 0
-282 -312 0
-282 -313 0
-282 -314 0
-282 -315 0
-283 -284 0
-283 -285 0
-283 -286 0
-283 -287 0
-283 -288 0
-283 -289 0
-283 -290 0
-283 -291 0
-283 -292 0
-283 -293 0
-283 -294 0
-283 -295 0
-283 -296 0
-283 -297 0
-283 -298 0
-283 -299 0
-283 -300 0
-283 -301 0
-283 -302 0
-283 -303 0
-283 -304 0
-283 -305 0
-283 -306 0
-283 -307 0
-283 -308 0
-283 -309 0
-283 -310 0
-283 -311 0
-283 -312 0
-283 -313 0
-283 -314 0
-283 -315 0
-284 -285 0
-284 -286 0
-284 -287 0
-284 -288 0
-284 -289 0
-284 -290 0
-284 -291 0
-284 -292 0
-284 -293 0
-284 -294 0
-284 -295 0
-284 -296 0
-284 -297 0
-284 -298 0
-284 -299 0
-284 -300 0
-284 -301 0
-284 -302 0
-284 -303 0
-284 -304 0
-284 -305 0
-284 -306 0
-284 -307 0
-284 -308 0
-284 -309 0
-284 -310 0
-284 -311 0
-284 -312 0
-284 -313 0
-284 -314 0
-284 -315 0
-285 -286 0
-285 -287 0
-285 -288 0
-285 -289 0
-285 -290 0
-285 -291 0
-285 -292 0
-285 -293 0
-285 -294 0
-285 -295 0
-285 -296 0
-285 -297 0
-285 -298 0
-285 -299 0
-285 -300 0
-285 -301 0
-285 -302 0
-285 -303 0
-285 -304 0
-285 -305 0
-285 -306 0
-285 -307 0
-285 -308 0
-285 -309 0
-285 -310 0
-285 -311 0
-285 -312 0
-285 -313 0
-285 -314 0
-285 -315 0
-286 -287 0
-286 -288 0
-286 -289 0
-286 -290 0
-286 -291 0
-286 -292 0
-286 -293 0
-286 -294 0
-286 -295 0
-286 -296 0
-286 -297 0
-286 -298 0
-286 -299 0
-286 -300 0
-286 -301 0
-286 -302 0
-286 -303 0
-286 -304 0
-286 -305 0
-286 -306 0
-286 -307 0
-286 -308 0
-286 -309 0
-286 -310 0
-286 -311 0
-286 -312 0
-286 -313 0
-286 -314 0
-286 -315 0
-287 -288 0
-287 -289 0
-287 -290 0
-287 -291 0
-287 -292 0
-287 -293 0
-287 -294 0
-287 -295 0
-287 -296 0
-287 -297 0
-287 -298 0
-287 -299 0
-287 -300 0
-287 -301 0
-287 -302 0
-287 -303 0
-287 -304 0
-287 -305 0
-287 -306 0
-287 -307 0
-287 -308 0
-287 -309 0
-287 -310 0
-287 -311 0
-287 -312 0
-287 -313 0
-287 -314 0
-287 -315 0
-288 -289 0
-288 -290 0
-288 -291 0
-288 -292 0
-288 -293 0
-288 -294 0
-288 -295 0
-288 -296 0
-288 -297 0
-288 -298 0
-288 -299 0
-288 -300 0
-288 -301 0
-288 -302 0
-288 -303 0
-288 -304 0
-288 -305 0
-288 -306 0
-288 -307 0
-288 -308 0
-288 -309 0
-288 -310 0
-288 -311 0
-288 -312 0
-288 -313 0
-288 -314 0
-288 -315 0
-289 -290 0
-289 -291 0
-289 -292 0
-289 -293 0
-289 -294 0
-289 -295 0
-289 -296 0
-289 -297 0
-289 -298 0
-289 -299 0
-289 -300 0
-289 -301 0
-289 -302 0
-289 -303 0
-289 -304 0
-289 -305 0
-289 -306 0
-289 -307 0
-289 -308 0
-289 -309 0
-289 -310 0
-289 -311 0
-289 -312 0
-289 -313 0
-289 -314 0
-289 -315 0
-290 -291 0
-290 -292 0
-290 -293 0
-290 -294 0
-290 -295 0
-290 -296 0
-290 -297 0
-290 -298 0
-290 -299 0
-290 -300 0
-290 -301 0
-290 -302 0
-290 -303 0
-290 -304 0
-290 -305 0
-290 -306 0
-290 -307 0
-290 -308 0
-290 -309 0
-290 -310 0
-290 -311 0
-290 -312 0
-290 -313 0
-290 -314 0
-290 -315 0
-291 -292 0
-291 -293 0
-291 -294 0
-291 -295 0
-291 -296 0
-291 -297 0
-291 -298 0
-291 -299 0
-291 -300 0
-291 -301 0
-291 -302 0
-291 -303 0
-291 -304 0
-291 -305 0
-291 -306 0
-291 -307 0
-291 -308 0
-291 -309 0
-291 -310 0
-291 -311 0
-291 -312 0
-291 -313 0
-291 -314 0
-291 -315 0
-292 -293 0
-292 -294 0
-292 -295 0
-292 -296 0
-292 -297 0
-292 -298 0
-292 -299 0
-292 -300 0
-292 -301 0
-292 -302 0
-292 -303 0
-292 -304 0
-292 -305 0
-292 -306 0
-292 -307 0
-292 -308 0
-292 -309 0
-292 -310 0
-292 -311 0
-292 -312 0
-292 -313 0
-292 -314 0
-292 -315 0
-293 -294 0
-293 -295 0
-293 -296 0
-293 -297 0
-293 -298 0
-293 -299 0
-293 -300 0
-293 -301 0
-293 -302 0
-293 -303 0
-293 -304 0
-293 -305 0
-293 -306 0
-293 -307 0
-293 -308 0
-293 -309 0
-293 -310 0
-293 -311 0
-293 -312 0
-293 -313 0
-293 -314 0
-293 -315 0
-294 -295 0
-294 -296 0
-294 -297 0
-294 -298 0
-294 -299 0
-294 -300 0
-294 -301 0
-294 -302 0
-294 -303 0
-294 -304 0
-294 -305 0
-294 -306 0
-294 -307 0
-294 -308 0
-294 -309 0
-294 -310 0
-294 -311 0
-294 -312 0
-294 -313 0
-294 -314 0
-294 -315 0
-295 -296 0
-295 -297 0
-295 -298 0
-295 -299 0
-295 -300 0
-295 -301 0
-295 -302 0
-295 -303 0
-295 -304 0
-295 -305 0
-295 -306 0
-295 -307 0
-295 -308 0
-295 -309 0
-295 -310 0
-295 -311 0
-295 -312 0
-295 -313 0
-295 -314 0
-295 -315 0
-296 -297 0
-296 -298 0
-296 -299 0
-296 -300 0
-296 -301 0
-296 -302 0
-296 -303 0
-296 -304 0
-296 -305 0
-296 -306 0
-296 -307 0
-296 -308 0
-296 -309 0
-296 -310 0
-296 -311 0
-296 -312 0
-296 -313 0
-296 -314 0
-296 -315 0
-297 -298 0
-297 -299 0
-297 -300 0
-297 -301 0
-297 -302 0
-297 -303 0
-297 -304 0
-297 -305 0
-297 -306 0
-297 -307 0
-297 -308 0
-297 -309 0
-297 -310 0
-297 -311 0
-297 -312 0
-297 -313 0
-297 -314 0
-297 -315 0
-298 -299 0
-298 -300 0
-298 -301 0
-298 -302 0
-298 -303 0
-298 -304 0
-298 -305 0
-298 -306 0
-298 -307 0
-298 -308 0
-298 -309 0
-298 -310 0
-298 -311 0
-298 -312 0
-298 -313 0
-298 -314 0
-298 -315 0
-299 -300 0
-299 -301 0
-299 -302 0
-299 -303 0
-299 -304 0
-299 -305 0
-299 -306 0
-299 -307 0
-299 -308 0
-299 -309 0
-299 -310 0
-299 -311 0
-299 -312 0
-299 -313 0
-299 -314 0
-299 -315 0
-300 -301 0
-300 -302 0
-300 -303 0
-300 -304 0
-300 -305 0
-300 -306 0
-300 -307 0
-300 -308 0
-300 -309 0
-300 -310 0
-300 -311 0
-300 -312 0
-300 -313 0
-300 -314 0
-300 -315 0
-301 -302 0
-301 -303 0
-301 -304 0
-301 -305 0
-301 -306 0
-301 -307 0
-301 -308 0
-301 -309 0
-301 -310 0
-301 -311 0
-301 -312 0
-301 -313 0
-301 -314 0
-301 -315 0
-302 -303 0
-302 -304 0
-302 -305 0
-302 -306 0
-302 -307 0
-302 -308 0
-302 -309 0
-302 -310 0
-302 -311 0
-302 -312 0
-302 -313 0
-302 -314 0
-302 -315 0
-303 -304 0
-303 -305 0
-303 -306 0
-303 -307 0
-303 -308 0
-303 -309 0
-303 -310 0
-303 -311 0
-303 -312 0
-303 -313 0
-303 -314 0
-303 -315 0
-304 -305 0
-304 -306 0
-304 -307 0
-304 -308 0
-304 -309 0
-304 -310 0
-304 -311 0
-304 -312 0
-304 -313 0
-304 -314 0
-304 -315 0
-305 -306 0
-305 -307 0
-305 -308 0
-305 -309 0
-305 -310 0
-305 -311 0
-305 -312 0
-305 -313 0
-305 -314 0
-305 -315 0
-306 -307 0
-306 -308 0
-306 -309 0
-306 -310 0
-306 -311 0
-306 -312 0
-306 -313 0
-306 -314 0
-306 -315 0
-307 -308 0
-307 -309 0
-307 -310 0
-307 -311 0
-307 -312 0
-307 -313 0
-307 -314 0
-307 -315 0
-308 -309 0
-308 -310 0
-308 -311 0
-308 -312 0
-308 -313 0
-308 -314 0
-308 -315 0
-309 -310 0
-309 -311 0
-309 -312 0
-309 -313 0
-309 -314 0
-309 -315 0
-310 -311 0
-310 -312 0
-310 -313 0
-310 -314 0
-310 -315 0
-311 -312 0
-311 -313 0
-311 -314 0
-311 -315 0
-312 -313 0
-312 -314 0
-312 -315 0
-313 -314 0
-313 -315 0
-314 -315 0
-316 -317 0
-316 -318 0
-316 -319 0
-316 -320 0
-316 -321 0
-316 -322 0
-316 -323 0
-316 -324 0
-316 -325 0
-316 -326 0
-316 -327 0
-316 -328 0
-316 -329 0
-316 -330 0
-316 -331 0
-316 -332 0
-316 -333 0
-316 -334 0
-316 -335 0
-316 -336 0
-316 -337 0
-316 -338 0
-316 -339 0
-316 -340 0
-316 -341 0
-316 -342 0
-316 -343 0
-316 -344 0
-316 -345 0
-316 -346 0
-316 -347 0
-316 -348 0
-316 -349 0
-316 -350 0
-317 -318 0
-317 -319 0
-317 -320 0
-317 -321 0
-317 -322 0
-317 -323 0
-317 -324 0
-317 -325 0
-317 -326 0
-317 -327 0
-317 -328 0
-317 -329 0
-317 -330 0
-317 -331 0
-317 -332 0
-317 -333 0
-317 -334 0
-317 -335 0
-317 -336 0
-317 -337 0
-317 -338 0
-317 -339 0
-317 -340 0
-317 -341 0
-317 -342 0
-317 -343 0
-317 -344 0
-317 -345 0
-317 -346 0
-317 -347 0
-317 -348 0
-317 -349 0
-317 -350 0
-318 -319 0
-318 -320 0
-318 -321 0
-318 -322 0
-318 -323 0
-318 -324 0
-318 -325 0
-318 -326 0
-318 -327 0
-318 -328 0
-318 -329 0
-318 -330 0
-318 -331 0
-318 -332 0
-318 -333 0
-318 -334 0
-318 -335 0
-318 -336 0
-318 -337 0
-318 -338 0
-318 -339 0
-318 -340 0
-318 -341 0
-318 -342 0
-318 -343 0
-318 -344 0
-318 -345 0
-318 -346 0
-318 -347 0
-318 -348 0
-318 -349 0
-318 -350 0
-319 -320 0
-319 -321 0
-319 -322 0
-319 -323 0
-319 -324 0
-319 -325 0
-319 -326 0
-319 -327 0
-319 -328 0
-319 -329 0
-319 -330 0
-319 -331 0
-319 -332 0
-319 -333 0
-319 -334 0
-319 -335 0
-319 -336 0
-319 -337 0
-319 -338 0
-319 -339 0
-319 -340 0
-319 -341 0
-319 -342 0
-319 -343 0
-319 -344 0
-319 -345 0
-319 -346 0
-319 -347 0
-319 -348 0
-319 -349 0
-319 -350 0
-320 -321 0
-320 -322 0
-320 -323 0
-320 -324 0
-320 -325 0
-320 -326 0
-320 -327 0
-320 -328 0
-320 -329 0
-320 -330 0
-320 -331 0
-320 -332 0
-320 -333 0
-320 -334 0
-320 -335 0
-320 -336 0
-320 -337 0
-320 -338 0
-320 -339 0
-320 -340 0
-320 -341 0
-320 -342 0
-320 -343 0
-320 -344 0
-320 -345 0
-320 -346 0
-320 -347 0
-320 -348 0
-320 -349 0
-320 -350 0
-321 -322 0
-321 -323 0
-321 -324 0
-321 -325 0
-321 -326 0
-321 -327 0
-321 -328 0
-321 -329 0
-321 -330 0
-321 -331 0
-321 -332 0
-321 -333 0
-321 -334 0
-321 -335 0
-321 -336 0
-321 -337 0
-321 -338 0
-321 -339 0
-321 -340 0
-321 -341 0
-321 -342 0
-321 -343 0
-321 -344 0
-321 -345 0
-321 -346 0
-321 -347 0
-321 -348 0
-321 -349 0
-321 -350 0
-322 -323 0
-322 -324 0
-322 -325 0
-322 -326 0
-322 -327 0
-322 -328 0
-322 -329 0
-322 -330 0
-322 -331 0
-322 -332 0
-322 -333 0
-322 -334 0
-322 -335 0
-322 -336 0
-322 -337 0
-322 -338 0
-322 -339 0
-322 -340 0
-322 -341 0
-322 -342 0
-322 -343 0
-322 -344 0
-322 -345 0
-322 -346 0
-322 -347 0
-322 -348 0
-322 -349 0
-322 -350 0
-323 -324 0
-323 -325 0
-323 -326 0
-323 -327 0
-323 -328 0
-323 -329 0
-323 -330 0
-323 -331 0
-323 -332 0
-323 -333 0
-323 -334 0
-323 -335 0
-323 -336 0
-323 -337 0
-323 -338 0
-323 -339 0
-323 -340 0
-323 -341 0
-323 -342 0
-323 -343 0
-323 -344 0
-323 -345 0
-323 -346 0
-323 -347 0
-323 -348 0
-323 -349 0
-323 -350 0
-324 -325 0
-324 -326 0
-324 -327 0
-324 -328 0
-324 -329 0
-324 -330 0
-324 -331 0
-324 -332 0
-324 -333 0
-324 -334 0
-324 -335 0
-324 -336 0
-324 -337 0
-324 -338 0
-324 -339 0
-324 -340 0
-324 -341 0
-324 -342 0
-324 -343 0
-324 -344 0
-324 -345 0
-324 -346 0
-324 -347 0
-324 -348 0
-324 -349 0
-324 -350 0
-325 -326 0
-325 -327 0
-325 -328 0
-325 -329 0
-325 -330 0
-325 -331 0
-325 -332 0
-325 -333 0
-325 -334 0
-325 -335 0
-325 -336 0
-325 -337 0
-325 -338 0
-325 -339 0
-325 -340 0
-325 -341 0
-325 -342 0
-325 -343 0
-325 -344 0
-325 -345 0
-325 -346 0
-325 -347 0
-325 -348 0
-325 -349 0
-325 -350 0
-326 -327 0
-326 -328 0
-326 -329 0
-326 -330 0
-326 -331 0
-326 -332 0
-326 -333 0
-326 -334 0
-326 -335 0
-326 -336 0
-326 -337 0
-326 -338 0
-326 -339 0
-326 -340 0
-326 -341 0
-326 -342 0
-326 -343 0
-326 -344 0
-326 -345 0
-326 -346 0
-326 -347 0
-326 -348 0
-326 -349 0
-326 -350 0
-327 -328 0
-327 -329 0
-327 -330 0
-327 -331 0
-327 -332 0
-327 -333 0
-327 -334 0
-327 -335 0
-327 -336 0
-327 -337 0
-327 -338 0
-327 -339 0
-327 -340 0
-327 -341 0
-327 -342 0
-327 -343 0
-327 -344 0
-327 -345 0
-327 -346 0
-327 -347 0
-327 -348 0
-327 -349 0
-327 -350 0
-328 -329 0
-328 -330 0
-328 -331 0
-328 -332 0
-328 -333 0
-328 -334 0
-328 -335 0
-328 -336 0
-328 -337 0
-328 -338 0
-328 -339 0
-328 -340 0
-328 -341 0
-328 -342 0
-328 -343 0
-328 -344 0
-328 -345 0
-328 -346 0
-328 -347 0
-328 -348 0
-328 -349 0
-328 -350 0
-329 -330 0
-329 -331 0
-329 -332 0
-329 -333 0
-329 -334 0
-329 -335 0
-329 -336 0
-329 -337 0
-329 -338 0
-329 -339 0
-329 -340 0
-329 -341 0
-329 -342 0
-329 -343 0
-329 -344 0
-329 -345 0
-329 -346 0
-329 -347 0
-329 -348 0
-329 -349 0
-329 -350 0
-330 -331 0
-330 -332 0
-330 -333 0
-330 -334 0
-330 -335 0
-330 -336 0
-330 -337 0
-330 -338 0
-330 -339 0
-330 -340 0
-330 -341 0
-330 -342 0
-330 -343 0
-330 -344 0
-330 -345 0
-330 -346 0
-330 -347 0
-330 -348 0
-330 -349 0
-330 -350 0
-331 -332 0
-331 -333 0
-331 -334 0
-331 -335 0
-331 -336 0
-331 -337 0
-331 -338 0
-331 -339 0
-331 -340 0
-331 -341 0
-331 -342 0
-331 -343 0
-331 -344 0
-331 -345 0
-331 -346 0
-331 -347 0
-331 -348 0
-331 -349 0
-331 -350 0
-332 -333 0
-332 -334 0
-332 -335 0
-332 -336 0
-332 -337 0
-332 -338 0
-332 -339 0
-332 -340 0
-332 -341 0
-332 -342 0
-332 -343 0
-332 -344 0
-332 -345 0
-332 -346 0
-332 -347 0
-332 -348 0
-332 -349 0
-332 -350 0
-333 -334 0
-333 -335 0
-333 -336 0
-333 -337 0
-333 -338 0
-333 -339 0
-333 -340 0
-333 -341 0
-333 -342 0
-333 -343 0
-333 -344 0
-333 -345 0
-333 -346 0
-333 -347 0
-333 -348 0
-333 -349 0
-333 -350 0
-334 -335 0
-334 -336 0
-334 -337 0
-334 -338 0
-334 -339 0
-334 -340 0
-334 -341 0
-334 -342 0
-334 -343 0
-334 -344 0
-334 -345 0
-334 -346 0
-334 -347 0
-334 -348 0
-334 -349 0
-334 -350 0
-335 -336 0
-335 -337 0
-335 -338 0
-335 -339 0
-335 -340 0
-335 -341 0
-335 -342 0
-335 -343 0
-335 -344 0
-335 -345 0
-335 -346 0
-335 -347 0
-335 -348 0
-335 -349 0
-335 -350 0
-336 -337 0
-336 -338 0
-336 -339 0
-336 -340 0
-336 -341 0
-336 -342 0
-336 -343 0
-336 -344 0
-336 -345 0
-336 -346 0
-336 -347 0
-336 -348 0
-336 -349 0
-336 -350 0
-337 -338 0
-337 -339 0
-337 -340 0
-337 -341 0
-337 -342 0
-337 -343 0
-337 -344 0
-337 -345 0
-337 -346 0
-337 -347 0
-337 -348 0
-337 -349 0
-337 -350 0
-338 -339 0
-338 -340 0
-338 -341 0
-338 -342 0
-338 -343 0
-338 -344 0
-338 -345 0
-338 -346 0
-338 -347 0
-338 -348 0
-338 -349 0
-338 -350 0
-339 -340 0
-339 -341 0
-339 -342 0
-339 -343 0
-339 -344 0
-339 -345 0
-339 -346 0
-339 -347 0
-339 -348 0
-339 -349 0
-339 -350 0
-340 -341 0
-340 -342 0
-340 -343 0
-340 -344 0
-340 -345 0
-340 -346 0
-340 -347 0
-340 -348 0
-340 -349 0
-340 -350 0
-341 -342 0
-341 -343 0
-341 -344 0
-341 -345 0
-341 -346 0
-341 -347 0
-341 -348 0
-341 -349 0
-341 -350 0
-342 -343 0
-342 -344 0
-342 -345 0
-342 -346 0
-342 -347 0
-342 -348 0
-342 -349 0
-342 -350 0
-343 -344 0
-343 -345 0
-343 -346 0
-343 -347 0
-343 -348 0
-343 -349 0
-343 -350 0
-344 -345 0
-344 -346 0
-344 -347 0
-344 -348 0
-344 -349 0
-344 -350 0
-345 -346 0
-345 -347 0
-345 -348 0
-345 -349 0
-345 -350 0
-346 -347 0
-346 -348 0
-346 -349 0
-346 -350 0
-347 -348 0
-347 -349 0
-347 -350 0
-348 -349 0
-348 -350 0
-349 -350 0
-351 -352 0
-351 -353 0
-351 -354 0
-351 -355 0
-351 -356 0
-351 -357 0
-351 -358 0
-351 -359 0
-351 -360 0
-351 -361 0
-351 -362 0
-351 -363 0
-351 -364 0
-351 -365 0
-351 -366 0
-351 -367 0
-351 -368 0
-351 -369 0
-351 -370 0
-351 -371 0
-351 -372 0
-351 -373 0
-351 -374 0
-351 -375 0
-351 -376 0
-351 -377 0
-351 -378 0
-351 -379 0
-351 -380 0
-351 -381 0
-351 -382 0
-351 -383 0
-351 -384 0
-351 -385 0
-352 -353 0
-352 -354 0
-352 -355 0
-352 -356 0
-352 -357 0
-352 -358 0
-352 -359 0
-352 -360 0
-352 -361 0
-352 -362 0
-352 -363 0
-352 -364 0
-352 -365 0
-352 -366 0
-352 -367 0
-352 -368 0
-352 -369 0
-352 -370 0
-352 -371 0
-352 -372 0
-352 -373 0
-352 -374 0
-352 -375 0
-352 -376 0
-352 -377 0
-352 -378 0
-352 -379 0
-352 -380 0
-352 -381 0
-352 -382 0
-352 -383 0
-352 -384 0
-352 -385 0
-353 -354 0
-353 -355 0
-353 -356 0
-353 -357 0
-353 -358 0
-353 -359 0
-353 -360 0
-353 -361 0
-353 -362 0
-353 -363 0
-353 -364 0
-353 -365 0
-353 -366 0
-353 -367 0
-353 -368 0
-353 -369 0
-353 -370 0
-353 -371 0
-353 -372 0
-353 -373 0
-353 -374 0
-353 -375 0
-353 -376 0
-353 -377 0
-353 -378 0
-353 -379 0
-353 -380 0
-353 -381 0
-353 -382 0
-353 -383 0
-353 -384 0
-353 -385 0
-354 -355 0
-354 -356 0
-354 -357 0
-354 -358 0
-354 -359 0
-354 -360 0
-354 -361 0
-354 -362 0
-354 -363 0
-354 -364 0
-354 -365 0
-354 -366 0
-354 -367 0
-354 -368 0
-354 -369 0
-354 -370 0
-354 -371 0
-354 -372 0
-354 -373 0
-354 -374 0
-354 -375 0
-354 -376 0
-354 -377 0
-354 -378 0
-354 -379 0
-354 -380 0
-354 -381 0
-354 -382 0
-354 -383 0
-354 -384 0
-354 -385 0
-355 -356 0
-355 -357 0
-355 -358 0
-355 -359 0
-355 -360 0
-355 -361 0
-355 -362 0
-355 -363 0
-355 -364 0
-355 -365 0
-355 -366 0
-355 -367 0
-355 -368 0
-355 -369 0
-355 -370 0
-355 -371 0
-355 -372 0
-355 -373 0
-355 -374 0
-355 -375 0
-355 -376 0
-355 -377 0
-355 -378 0
-355 -379 0
-355 -380 0
-355 -381 0
-355 -382 0
-355 -383 0
-355 -384 0
-355 -385 0
-356 -357 0
-356 -358 0
-356 -359 0
-356 -360 0
-356 -361 0
-356 -362 0
-356 -363 0
-356 -364 0
-356 -365 0
-356 -366 0
-356 -367 0
-356 -368 0
-356 -369 0
-356 -370 0
-356 -371 0
-356 -372 0
-356 -373 0
-356 -374 0
-356 -375 0
-356 -376 0
-356 -377 0
-356 -378 0
-356 -379 0
-356 -380 0
-356 -381 0
-356 -382 0
-356 -383 0
-356 -384 0
-356 -385 0
-357 -358 0
-357 -359 0
-357 -360 0
-357 -361 0
-357 -362 0
-357 -363 0
-357 -364 0
-357 -365 0
-357 -366 0
-357 -367 0
-357 -368 0
-357 -369 0
-357 -370 0
-357 -371 0
-357 -372 0
-357 -373 0
-357 -374 0
-357 -375 0
-357 -376 0
-357 -377 0
-357 -378 0
-357 -379 0
-357 -380 0
-357 -381 0
-357 -382 0
-357 -383 0
-357 -384 0
-357 -385 0
-358 -359 0
-358 -360 0
-358 -361 0
-358 -362 0
-358 -363 0
-358 -364 0
-358 -365 0
-358 -366 0
-358 -367 0
-358 -368 0
-358 -369 0
-358 -370 0
-358 -371 0
-358 -372 0
-358 -373 0
-358 -374 0
-358 -375 0
-358 -376 0
-358 -377 0
-358 -378 0
-358 -379 0
-358 -380 0
-358 -381 0
-358 -382 0
-358 -383 0
-358 -384 0
-358 -385 0
-359 -360 0
-359 -361 0
-359 -362 0
-359 -363 0
-359 -364 0
-359 -365 0
-359 -366 0
-359 -367 0
-359 -368 0
-359 -369 0
-359 -370 0
-359 -371 0
-359 -372 0
-359 -373 0
-359 -374 0
-359 -375 0
-359 -376 0
-359 -377 0
-359 -378 0
-359 -379 0
-359 -380 0
-359 -381 0
-359 -382 0
-359 -383 0
-359 -384 0
-359 -385 0
-360 -361 0
-360 -362 0
-360 -363 0
-360 -364 0
-360 -365 0
-360 -366 0
-360 -367 0
-360 -368 0
-360 -369 0
-360 -370 0
-360 -371 0
-360 -372 0
-360 -373 0
-360 -374 0
-360 -375 0
-360 -376 0
-360 -377 0
-360 -378 0
-360 -379 0
-360 -380 0
-360 -381 0
-360 -382 0
-360 -383 0
-360 -384 0
-360 -385 0
-361 -362 0
-361 -363 0
-361 -364 0
-361 -365 0
-361 -366 0
-361 -367 0
-361 -368 0
-361 -369 0
-361 -370 0
-361 -371 0
-361 -372 0
-361 -373 0
-361 -374 0
-361 -375 0
-361 -376 0
-361 -377 0
-361 -378 0
-361 -379 0
-361 -380 0
-361 -381 0
-361 -382 0
-361 -383 0
-361 -384 0
-361 -385 0
-362 -363 0
-362 -364 0
-362 -365 0
-362 -366 0
-362 -367 0
-362 -368 0
-362 -369 0
-362 -370 0
-362 -371 0
-362 -372 0
-362 -373 0
-362 -374 0
-362 -375 0
-362 -376 0
-362 -377 0
-362 -378 0
-362 -379 0
-362 -380 0
-362 -381 0
-362 -382 0
-362 -383 0
-362 -384 0
-362 -385 0
-363 -364 0
-363 -365 0
-363 -366 0
-363 -367 0
-363 -368 0
-363 -369 0
-363 -370 0
-363 -371 0
-363 -372 0
-363 -373 0
-363 -374 0
-363 -375 0
-363 -376 0
-363 -377 0
-363 -378 0
-363 -379 0
-363 -380 0
-363 -381 0
-363 -382 0
-363 -383 0
-363 -384 0
-363 -385 0
-364 -365 0
-364 -366 0
-364 -367 0
-364 -368 0
-364 -369 0
-364 -370 0
-364 -371 0
-364 -372 0
-364 -373 0
-364 -374 0
-364 -375 0
-364 -376 0
-364 -377 0
-364 -378 0
-364 -379 0
-364 -380 0
-364 -381 0
-364 -382 0
-364 -383 0
-364 -384 0
-364 -385 0
-365 -366 0
-365 -367 0
-365 -368 0
-365 -369 0
-365 -370 0
-365 -371 0
-365 -372 0
-365 -373 0
-365 -374 0
-365 -375 0
-365 -376 0
-365 -377 0
-365 -378 0
-365 -379 0
-365 -380 0
-365 -381 0
-365 -382 0
-365 -383 0
-365 -384 0
-365 -385 0
-366 -367 0
-366 -368 0
-366 -369 0
-366 -370 0
-366 -371 0
-366 -372 0
-366 -373 0
-366 -374 0
-366 -375 0
-366 -376 0
-366 -377 0
-366 -378 0
-366 -379 0
-366 -380 0
-366 -381 0
-366 -382 0
-366 -383 0
-366 -384 0
-366 -385 0
-367 -368 0
-367 -369 0
-367 -370 0
-367 -371 0
-367 -372 0
-367 -373 0
-367 -374 0
-367 -375 0
-367 -376 0
-367 -377 0
-367 -378 0
-367 -379 0
-367 -380 0
-367 -381 0
-367 -382 0
-367 -383 0
-367 -384 0
-367 -385 0
-368 -369 0
-368 -370 0
-368 -371 0
-368 -372 0
-368 -373 0
-368 -374 0
-368 -375 0
-368 -376 0
-368 -377 0
-368 -378 0
-368 -379 0
-368 -380 0
-368 -381 0
-368 -382 0
-368 -383 0
-368 -384 0
-368 -385 0
-369 -370 0
-369 -371 0
-369 -372 0
-369 -373 0
-369 -374 0
-369 -375 0
-369 -376 0
-369 -377 0
-369 -378 0
-369 -379 0
-369 -380 0
-369 -381 0
-369 -382 0
-369 -383 0
-369 -384 0
-369 -385 0
-370 -371 0
-370 -372 0
-370 -373 0
-370 -374 0
-370 -375 0
-370 -376 0
-370 -377 0
-370 -378 0
-370 -379 0
-370 -380 0
-370 -381 0
-370 -382 0
-370 -383 0
-370 -384 0
-370 -385 0
-371 -372 0
-371 -373 0
-371 -374 0
-371 -375 0
-371 -376 0
-371 -377 0
-371 -378 0
-371 -379 0
-371 -380 0
-371 -381 0
-371 -382 0
-371 -383 0
-371 -384 0
-371 -385 0
-372 -373 0
-372 -374 0
-372 -375 0
-372 -376 0
-372 -377 0
-372 -378 0
-372 -379 0
-372 -380 0
-372 -381 0
-372 -382 0
-372 -383 0
-372 -384 0
-372 -385 0
-373 -374 0
-373 -375 0
-373 -376 0
-373 -377 0
-373 -378 0
-373 -379 0
-373 -380 0
-373 -381 0
-373 -382 0
-373 -383 0
-373 -384 0
-373 -385 0
-374 -375 0
-374 -376 0
-374 -377 0
-374 -378 0
-374 -379 0
-374 -380 0
-374 -381 0
-374 -382 0
-374 -383 0
-374 -384 0
-374 -385 0
-375 -376 0
-375 -377 0
-375 -378 0
-375 -379 0
-375 -380 0
-375 -381 0
-375 -382 0
-375 -383 0
-375 -384 0
-375 -385 0
-376 -377 0
-376 -378 0
-376 -379 0
-376 -380 0
-376 -381 0
-376 -382 0
-376 -383 0
-376 -384 0
-376 -385 0
-377 -378 0
-377 -379 0
-377 -380 0
-377 -381 0
-377 -382 0
-377 -383 0
-377 -384 0
-377 -385 0
-378 -379 0
-378 -380 0
-378 -381 0
-378 -382 0
-378 -383 0
-378 -384 0
-378 -385 0
-379 -380 0
-379 -381 0
-379 -382 0
-379 -383 0
-379 -384 0
-379 -385 0
-380 -381 0
-380 -382 0
-380 -383 0
-380 -384 0
-380 -385 0
-381 -382 0
-381 -383 0
-381 -384 0
-381 -385 0
-382 -383 0
-382 -384 0
-382 -385 0
-383 -384 0
-383 -385 0
-384 -385 0
-386 -387 0
-386 -388 0
-386 -389 0
-386 -390 0
-386 -391 0
-386 -392 0
-386 -393 0
-386 -394 0
-386 -395 0
-386 -396 0
-386 -397 0
-386 -398 0
-386 -399 0
-386 -400 0
-386 -401 0
-386 -402 0
-386 -403 0
-386 -404 0
-386 -405 0
-386 -406 0
-386 -407 0
-386 -408 0
-386 -409 0
-386 -410 0
-386 -411 0
-386 -412 0
-386 -413 0
-386 -414 0
-386 -415 0
-386 -416 0
-386 -417 0
-386 -418 0
-386 -419 0
-386 -420 0
-387 -388 0
-387 -389 0
-387 -390 0
-387 -391 0
-387 -392 0
-387 -393 0
-387 -394 0
-387 -395 0
-387 -396 0
-387 -397 0
-387 -398 0
-387 -399 0
-387 -400 0
-387 -401 0
-387 -402 0
-387 -403 0
-387 -404 0
-387 -405 0
-387 -406 0
-387 -407 0
-387 -408 0
-387 -409 0
-387 -410 0
-387 -411 0
-387 -412 0
-387 -413 0
-387 -414 0
-387 -415 0
-387 -416 0
-387 -417 0
-387 -418 0
-387 -419 0
-387 -420 0
-388 -389 0
-388 -390 0
-388 -391 0
-388 -392 0
-388 -393 0
-388 -394 0
-388 -395 0
-388 -396 0
-388 -397 0
-388 -398 0
-388 -399 0
-388 -400 0
-388 -401 0
-388 -402 0
-388 -403 0
-388 -404 0
-388 -405 0
-388 -406 0
-388 -407 0
-388 -408 0
-388 -409 0
-388 -410 0
-388 -411 0
-388 -412 0
-388 -413 0
-388 -414 0
-388 -415 0
-388 -416 0
-388 -417 0
-388 -418 0
-388 -419 0
-388 -420 0
-389 -390 0
-389 -391 0
-389 -392 0
-389 -393 0
-389 -394 0
-389 -395 0
-389 -396 0
-389 -397 0
-389 -398 0
-389 -399 0
-389 -400 0
-389 -401 0
-389 -402 0
-389 -403 0
-389 -404 0
-389 -405 0
-389 -406 0
-389 -407 0
-389 -408 0
-389 -409 0
-389 -410 0
-389 -411 0
-389 -412 0
-389 -413 0
-389 -414 0
-389 -415 0
-389 -416 0
-389 -417 0
-389 -418 0
-389 -419 0
-389 -420 0
-390 -391 0
-390 -392 0
-390 -393 0
-390 -394 0
-390 -395 0
-390 -396 0
-390 -397 0
-390 -398 0
-390 -399 0
-390 -400 0
-390 -401 0
-390 -402 0
-390 -403 0
-390 -404 0
-390 -405 0
-390 -406 0
-390 -407 0
-390 -408 0
-390 -409 0
-390 -410 0
-390 -411 0
-390 -412 0
-390 -413 0
-390 -414 0
-390 -415 0
-390 -416 0
-390 -417 0
-390 -418 0
-390 -419 0
-390 -420 0
-391 -392 0
-391 -393 0
-391 -394 0
-391 -395 0
-391 -396 0
-391 -397 0
-391 -398 0
-391 -399 0
-391 -400 0
-391 -401 0
-391 -402 0
-391 -403 0
-391 -404 0
-391 -405 0
-391 -406 0
-391 -407 0
-391 -408 0
-391 -409 0
-391 -410 0
-391 -411 0
-391 -412 0
-391 -413 0
-391 -414 0
-391 -415 0
-391 -416 0
-391 -417 0
-391 -418 0
-391 -419 0
-391 -420 0
-392 -393 0
-392 -394 0
-392 -395 0
-392 -396 0
-392 -397 0
-392 -398 0
-392 -399 0
-392 -400 0
-392 -401 0
-392 -402 0
-392 -403 0
-392 -404 0
-392 -405 0
-392 -406 0
-392 -407 0
-392 -408 0
-392 -409 0
-392 -410 0
-392 -411 0
-392 -412 0
-392 -413 0
-392 -414 0
-392 -415 0
-392 -416 0
-392 -417 0
-392 -418 0
-392 -419 0
-392 -420 0
-393 -394 0
-393 -395 0
-393 -396 0
-393 -397 0
-393 -398 0
-393 -399 0
-393 -400 0
-393 -401 0
-393 -402 0
-393 -403 0
-393 -404 0
-393 -405 0
-393 -406 0
-393 -407 0
-393 -408 0
-393 -409 0
-393 -410 0
-393 -411 0
-393 -412 0
-393 -413 0
-393 -414 0
-393 -415 0
-393 -416 0
-393 -417 0
-393 -418 0
-393 -419 0
-393 -420 0
-394 -395 0
-394 -396 0
-394 -397 0
-394 -398 0
-394 -399 0
-394 -400 0
-394 -401 0
-394 -402 0
-394 -403 0
-394 -404 0
-394 -405 0
-394 -406 0
-394 -407 0
-394 -408 0
-394 -409 0
-394 -410 0
-394 -411 0
-394 -412 0
-394 -413 0
-394 -414 0
-394 -415 0
-394 -416 0
-394 -417 0
-394 -418 0
-394 -419 0
-394 -420 0
-395 -396 0
-395 -397 0
-395 -398 0
-395 -399 0
-395 -400 0
-395 -401 0
-395 -402 0
-395 -403 0
-395 -404 0
-395 -405 0
-395 -406 0
-395 -407 0
-395 -408 0
-395 -409 0
-395 -410 0
-395 -411 0
-395 -412 0
-395 -413 0
-395 -414 0
-395 -415 0
-395 -416 0
-395 -417 0
-395 -418 0
-395 -419 0
-395 -420 0
-396 -397 0
-396 -398 0
-396 -399 0
-396 -400 0
-396 -401 0
-396 -402 0
-396 -403 0
-396 -404 0
-396 -405 0
-396 -406 0
-396 -407 0
-396 -408 0
-396 -409 0
-396 -410 0
-396 -411 0
-396 -412 0
-396 -413 0
-396 -414 0
-396 -415 0
-396 -416 0
-396 -417 0
-396 -418 0
-396 -419 0
-396 -420 0
-397 -398 0
-397 -399 0
-397 -400 0
-397 -401 0
-397 -402 0
-397 -403 0
-397 -404 0
-397 -405 0
-397 -406 0
-397 -407 0
-397 -408 0
-397 -409 0
-397 -410 0
-397 -411 0
-397 -412 0
-397 -413 0
-397 -414 0
-397 -415 0
-397 -416 0
-397 -417 0
-397 -418 0
-397 -419 0
-397 -420 0
-398 -399 0
-398 -400 0
-398 -401 0
-398 -402 0
-398 -403 0
-398 -404 0
-398 -405 0
-398 -406 0
-398 -407 0
-398 -408 0
-398 -409 0
-398 -410 0
-398 -411 0
-398 -412 0
-398 -413 0
-398 -414 0
-398 -415 0
-398 -416 0
-398 -417 0
-398 -418 0
-398 -419 0
-398 -420 0
-399 -400 0
-399 -401 0
-399 -402 0
-399 -403 0
-399 -404 0
-399 -405 0
-399 -406 0
-399 -407 0
-399 -408 0
-399 -409 0
-399 -410 0
-399 -411 0
-399 -412 0
-399 -413 0
-399 -414 0
-399 -415 0
-399 -416 0
-399 -417 0
-399 -418 0
-399 -419 0
-399 -420 0
-400 -401 0
-400 -402 0
-400 -403 0
-400 -404 0
-400 -405 0
-400 -406 0
-400 -407 0
-400 -408 0
-400 -409 0
-400 -410 0
-400 -411 0
-400 -412 0
-400 -413 0
-400 -414 0
-400 -415 0
-400 -416 0
-400 -417 0
-400 -418 0
-400 -419 0
-400 -420 0
-401 -402 0
-401 -403 0
-401 -404 0
-401 -405 0
-401 -406 0
-401 -407 0
-401 -408 0
-401 -409 0
-401 -410 0
-401 -411 0
-401 -412 0
-401 -413 0
-401 -414 0
-401 -415 0
-401 -416 0
-401 -417 0
-401 -418 0
-401 -419 0
-401 -420 0
-402 -403 0
-402 -404 0
-402 -405 0
-402 -406 0
-402 -407 0
-402 -408 0
-402 -409 0
-402 -410 0
-402 -411 0
-402 -412 0
-402 -413 0
-402 -414 0
-402 -415 0
-402 -416 0
-402 -417 0
-402 -418 0
-402 -419 0
-402 -420 0
-403 -404 0
-403 -405 0
-403 -406 0
-403 -407 0
-403 -408 0
-403 -409 0
-403 -410 0
-403 -411 0
-403 -412 0
-403 -413 0
-403 -414 0
-403 -415 0
-403 -416 0
-403 -417 0
-403 -418 0
-403 -419 0
-403 -420 0
-404 -405 0
-404 -406 0
-404 -407 0
-404 -408 0
-404 -409 0
-404 -410 0
-404 -411 0
-404 -412 0
-404 -413 0
-404 -414 0
-404 -415 0
-404 -416 0
-404 -417 0
-404 -418 0
-404 -419 0
-404 -420 0
-405 -406 0
-405 -407 0
-405 -408 0
-405 -409 0
-405 -410 0
-405 -411 0
-405 -412 0
-405 -413 0
-405 -414 0
-405 -415 0
-405 -416 0
-405 -417 0
-405 -418 0
-405 -419 0
-405 -420 0
-406 -407 0
-406 -408 0
-406 -409 0
-406 -410 0
-406 -411 0
-406 -412 0
-406 -413 0
-406 -414 0
-406 -415 0
-406 -416 0
-406 -417 0
-406 -418 0
-406 -419 0
-406 -420 0
-407 -408 0
-407 -409 0
-407 -410 0
-407 -411 0
-407 -412 0
-407 -413 0
-407 -414 0
-407 -415 0
-407 -416 0
-407 -417 0
-407 -418 0
-407 -419 0
-407 -420 0
-408 -409 0
-408 -410 0
-408 -411 0
-408 -412 0
-408 -413 0
-408 -414 0
-408 -415 0
-408 -416 0
-408 -417 0
-408 -418 0
-408 -419 0
-408 -420 0
-409 -410 0
-409 -411 0
-409 -412 0
-409 -413 0
-409 -414 0
-409 -415 0
-409 -416 0
-409 -417 0
-409 -418 0
-409 -419 0
-409 -420 0
-410 -411 0
-410 -412 0
-410 -413 0
-410 -414 0
-410 -415 0
-410 -416 0
-410 -417 0
-410 -418 0
-410 -419 0
-410 -420 0
-411 -412 0
-411 -413 0
-411 -414 0
-411 -415 0
-411 -416 0
-411 -417 0
-411 -418 0
-411 -419 0
-411 -420 0
-412 -413 0
-412 -414 0
-412 -415 0
-412 -416 0
-412 -417 0
-412 -418 0
-412 -419 0
-412 -420 0
-413 -414 0
-413 -415 0
-413 -416 0
-413 -417 0
-413 -418 0
-413 -419 0
-413 -420 0
-414 -415 0
-414 -416 0
-414 -417 0
-414 -418 0
-414 -419 0
-414 -420 0
-415 -416 0
-415 -417 0
-415 -418 0
-415 -419 0
-415 -420 0
-416 -417 0
-416 -418 0
-416 -419 0
-416 -420 0
-417 -418 0
-417 -419 0
-417 -420 0
-418 -419 0
-418 -420 0
-419 -420 0
-421 -422 0
-421 -423 0
-421 -424 0
-421 -425 0
-421 -426 0
-421 -427 0
-421 -428 0
-421 -429 0
-421 -430 0
-421 -431 0
-421 -432 0
-421 -433 0
-421 -434 0
-421 -435 0
-421 -436 0
-421 -437 0
-421 -438 0
-421 -439 0
-421 -440 0
-421 -441 0
-421 -442 0
-421 -443 0
-421 -444 0
-421 -445 0
-421 -446 0
-421 -447 0
-421 -448 0
-421 -449 0
-421 -450 0
-421 -451 0
-421 -452 0
-421 -453 0
-421 -454 0
-421 -455 0
-422 -423 0
-422 -424 0
-422 -425 0
-422 -426 0
-422 -427 0
-422 -428 0
-422 -429 0
-422 -430 0
-422 -431 0
-422 -432 0
-422 -433 0
-422 -434 0
-422 -435 0
-422 -436 0
-422 -437 0
-422 -438 0
-422 -439 0
-422 -440 0
-422 -441 0
-422 -442 0
-422 -443 0
-422 -444 0
-422 -445 0
-422 -446 0
-422 -447 0
-422 -448 0
-422 -449 0
-422 -450 0
-422 -451 0
-422 -452 0
-422 -453 0
-422 -454 0
-422 -455 0
-423 -424 0
-423 -425 0
-423 -426 0
-423 -427 0
-423 -428 0
-423 -429 0
-423 -430 0
-423 -431 0
-423 -432 0
-423 -433 0
-423 -434 0
-423 -435 0
-423 -436 0
-423 -437 0
-423 -438 0
-423 -439 0
-423 -440 0
-423 -441 0
-423 -442 0
-423 -443 0
-423 -444 0
-423 -445 0
-423 -446 0
-423 -447 0
-423 -448 0
-423 -449 0
-423 -450 0
-423 -451 0
-423 -452 0
-423 -453 0
-423 -454 0
-423 -455 0
-424 -425 0
-424 -426 0
-424 -427 0
-424 -428 0
-424 -429 0
-424 -430 0
-424 -431 0
-424 -432 0
-424 -433 0
-424 -434 0
-424 -435 0
-424 -436 0
-424 -437 0
-424 -438 0
-424 -439 0
-424 -440 0
-424 -441 0
-424 -442 0
-424 -443 0
-424 -444 0
-424 -445 0
-424 -446 0
-424 -447 0
-424 -448 0
-424 -449 0
-424 -450 0
-424 -451 0
-424 -452 0
-424 -453 0
-424 -454 0
-424 -455 0
-425 -426 0
-425 -427 0
-425 -428 0
-425 -429 0
-425 -430 0
-425 -431 0
-425 -432 0
-425 -433 0
-425 -434 0
-425 -435 0
-425 -436 0
-425 -437 0
-425 -438 0
-425 -439 0
-425 -440 0
-425 -441 0
-425 -442 0
-425 -443 0
-425 -444 0
-425 -445 0
-425 -446 0
-425 -447 0
-425 -448 0
-425 -449 0
-425 -450 0
-425 -451 0
-425 -452 0
-425 -453 0
-425 -454 0
-425 -455 0
-426 -427 0
-426 -428 0
-426 -429 0
-426 -430 0
-426 -431 0
-426 -432 0
-426 -433 0
-426 -434 0
-426 -435 0
-426 -436 0
-426 -437 0
-426 -438 0
-426 -439 0
-426 -440 0
-426 -441 0
-426 -442 0
-426 -443 0
-426 -444 0
-426 -445 0
-426 -446 0
-426 -447 0
-426 -448 0
-426 -449 0
-426 -450 0
-426 -451 0
-426 -452 0
-426 -453 0
-426 -454 0
-426 -455 0
-427 -428 0
-427 -429 0
-427 -430 0
-427 -431 0
-427 -432 0
-427 -433 0
-427 -434 0
-427 -435 0
-427 -436 0
-427 -437 0
-427 -438 0
-427 -439 0
-427 -440 0
-427 -441 0
-427 -442 0
-427 -443 0
-427 -444 0
-427 -445 0
-427 -446 0
-427 -447 0
-427 -448 0
-427 -449 0
-427 -450 0
-427 -451 0
-427 -452 0
-427 -453 0
-427 -454 0
-427 -455 0
-428 -429 0
-428 -430 0
-428 -431 0
-428 -432 0
-428 -433 0
-428 -434 0
-428 -435 0
-428 -436 0
-428 -437 0
-428 -438 0
-428 -439 0
-428 -440 0
-428 -441 0
-428 -442 0
-428 -443 0
-428 -444 0
-428 -445 0
-428 -446 0
-428 -447 0
-428 -448 0
-428 -449 0
-428 -450 0
-428 -451 0
-428 -452 0
-428 -453 0
-428 -454 0
-428 -455 0
-429 -430 0
-429 -431 0
-429 -432 0
-429 -433 0
-429 -434 0
-429 -435 0
-429 -436 0
-429 -437 0
-429 -438 0
-429 -439 0
-429 -440 0
-429 -441 0
-429 -442 0
-429 -443 0
-429 -444 0
-429 -445 0
-429 -446 0
-429 -447 0
-429 -448 0
-429 -449 0
-429 -450 0
-429 -451 0
-429 -452 0
-429 -453 0
-429 -454 0
-429 -455 0
-430 -431 0
-430 -432 0
-430 -433 0
-430 -434 0
-430 -435 0
-430 -436 0
-430 -437 0
-430 -438 0
-430 -439 0
-430 -440 0
-430 -441 0
-430 -442 0
-430 -443 0
-430 -444 0
-430 -445 0
-430 -446 0
-430 -447 0
-430 -448 0
-430 -449 0
-430 -450 0
-430 -451 0
-430 -452 0
-430 -453 0
-430 -454 0
-430 -455 0
-431 -432 0
-431 -433 0
-431 -434 0
-431 -435 0
-431 -436 0
-431 -437 0
-431 -438 0
-431 -439 0
-431 -440 0
-431 -441 0
-431 -442 0
-431 -443 0
-431 -444 0
-431 -445 0
-431 -446 0
-431 -447 0
-431 -448 0
-431 -449 0
-431 -450 0
-431 -451 0
-431 -452 0
-431 -453 0
-431 -454 0
-431 -455 0
-432 -433 0
-432 -434 0
-432 -435 0
-432 -436 0
-432 -437 0
-432 -438 0
-432 -439 0
-432 -440 0
-432 -441 0
-432 -442 0
-432 -443 0
-432 -444 0
-432 -445 0
-432 -446 0
-432 -447 0
-432 -448 0
-432 -449 0
-432 -450 0
-432 -451 0
-432 -452 0
-432 -453 0
-432 -454 0
-432 -455 0
-433 -434 0
-433 -435 0
-433 -436 0
-433 -437 0
-433 -438 0
-433 -439 0
-433 -440 0
-433 -441 0
-433 -442 0
-433 -443 0
-433 -444 0
-433 -445 0
-433 -446 0
-433 -447 0
-433 -448 0
-433 -449 0
-433 -450 0
-433 -451 0
-433 -452 0
-433 -453 0
-433 -454 0
-433 -455 0
-434 -435 0
-434 -436 0
-434 -437 0
-434 -438 0
-434 -439 0
-434 -440 0
-434 -441 0
-434 -442 0
-434 -443 0
-434 -444 0
-434 -445 0
-434 -446 0
-434 -447 0
-434 -448 0
-434 -449 0
-434 -450 0
-434 -451 0
-434 -452 0
-434 -453 0
-434 -454 0
-434 -455 0
-435 -436 0
-435 -437 0
-435 -438 0
-435 -439 0
-435 -440 0
-435 -441 0
-435 -442 0
-435 -443 0
-435 -444 0
-435 -445 0
-435 -446 0
-435 -447 0
-435 -448 0
-435 -449 0
-435 -450 0
-435 -451 0
-435 -452 0
-435 -453 0
-435 -454 0
-435 -455 0
-436 -437 0
-436 -438 0
-436 -439 0
-436 -440 0
-436 -441 0
-436 -442 0
-436 -443 0
-436 -444 0
-436 -445 0
-436 -446 0
-436 -447 0
-436 -448 0
-436 -449 0
-436 -450 0
-436 -451 0
-436 -452 0
-436 -453 0
-436 -454 0
-436 -455 0
-437 -438 0
-437 -439 0
-437 -440 0
-437 -441 0
-437 -442 0
-437 -443 0
-437 -444 0
-437 -445 0
-437 -446 0
-437 -447 0
-437 -448 0
-437 -449 0
-437 -450 0
-437 -451 0
-437 -452 0
-437 -453 0
-437 -454 0
-437 -455 0
-438 -439 0
-438 -440 0
-438 -441 0
-438 -442 0
-438 -443 0
-438 -444 0
-438 -445 0
-438 -446 0
-438 -447 0
-438 -448 0
-438 -449 0
-438 -450 0
-438 -451 0
-438 -452 0
-438 -453 0
-438 -454 0
-438 -455 0
-439 -440 0
-439 -441 0
-439 -442 0
-439 -443 0
-439 -444 0
-439 -445 0
-439 -446 0
-439 -447 0
-439 -448 0
-439 -449 0
-439 -450 0
-439 -451 0
-439 -452 0
-439 -453 0
-439 -454 0
-439 -455 0
-440 -441 0
-440 -442 0
-440 -443 0
-440 -444 0
-440 -445 0
-440 -446 0
-440 -447 0
-440 -448 0
-440 -449 0
-440 -450 0
-440 -451 0
-440 -452 0
-440 -453 0
-440 -454 0
-440 -455 0
-441 -442 0
-441 -443 0
-441 -444 0
-441 -445 0
-441 -446 0
-441 -447 0
-441 -448 0
-441 -449 0
-441 -450 0
-441 -451 0
-441 -452 0
-441 -453 0
-441 -454 0
-441 -455 0
-442 -443 0
-442 -444 0
-442 -445 0
-442 -446 0
-442 -447 0
-442 -448 0
-442 -449 0
-442 -450 0
-442 -451 0
-442 -452 0
-442 -453 0
-442 -454 0
-442 -455 0
-443 -444 0
-443 -445 0
-443 -446 0
-443 -447 0
-443 -448 0
-443 -449 0
-443 -450 0
-443 -451 0
-443 -452 0
-443 -453 0
-443 -454 0
-443 -455 0
-444 -445 0
-444 -446 0
-444 -447 0
-444 -448 0
-444 -449 0
-444 -450 0
-444 -451 0
-444 -452 0
-444 -453 0
-444 -454 0
-444 -455 0
-445 -446 0
-445 -447 0
-445 -448 0
-445 -449 0
-445 -450 0
-445 -451 0
-445 -452 0
-445 -453 0
-445 -454 0
-445 -455 0
-446 -447 0
-446 -448 0
-446 -449 0
-446 -450 0
-446 -451 0
-446 -452 0
-446 -453 0
-446 -454 0
-446 -455 0
-447 -448 0
-447 -449 0
-447 -450 0
-447 -451 0
-447 -452 0
-447 -453 0
-447 -454 0
-447 -455 0
-448 -449 0
-448 -450 0
-448 -451 0
-448 -452 0
-448 -453 0
-448 -454 0
-448 -455 0
-449 -450 0
-449 -451 0
-449 -452 0
-449 -453 0
-449 -454 0
-449 -455 0
-450 -451 0
-450 -452 0
-450 -453 0
-450 -454 0
-450 -455 0
-451 -452 0
-451 -453 0
-451 -454 0
-451 -455 0
-452 -453 0
-452 -454 0
-452 -455 0
-453 -454 0
-453 -455 0
-454 -455 0
-456 -457 0
-456 -458 0
-456 -459 0
-456 -460 0
-456 -461 0
-456 -462 0
-456 -463 0
-456 -464 0
-456 -465 0
-456 -466 0
-456 -467 0
-456 -468 0
-456 -469 0
-456 -470 0
-456 -471 0
-456 -472 0
-456 -473 0
-456 -474 0
-456 -475 0
-456 -476 0
-456 -477 0
-456 -478 0
-456 -479 0
-456 -480 0
-456 -481 0
-456 -482 0
-456 -483 0
-456 -484 0
-456 -485 0
-456 -486 0
-456 -487 0
-456 -488 0
-456 -489 0
-456 -490 0
-457 -458 0
-457 -459 0
-457 -460 0
-457 -461 0
-457 -462 0
-457 -463 0
-457 -464 0
-457 -465 0
-457 -466 0
-457 -467 0
-457 -468 0
-457 -469 0
-457 -470 0
-457 -471 0
-457 -472 0
-457 -473 0
-457 -474 0
-457 -475 0
-457 -476 0
-457 -477 0
-457 -478 0
-457 -479 0
-457 -480 0
-457 -481 0
-457 -482 0
-457 -483 0
-457 -484 0
-457 -485 0
-457 -486 0
-457 -487 0
-457 -488 0
-457 -489 0
-457 -490 0
-458 -459 0
-458 -460 0
-458 -461 0
-458 -462 0
-458 -463 0
-458 -464 0
-458 -465 0
-458 -466 0
-458 -467 0
-458 -468 0
-458 -469 0
-458 -470 0
-458 -471 0
-458 -472 0
-458 -473 0
-458 -474 0
-458 -475 0
-458 -476 0
-458 -477 0
-458 -478 0
-458 -479 0
-458 -480 0
-458 -481 0
-458 -482 0
-458 -483 0
-458 -484 0
-458 -485 0
-458 -486 0
-458 -487 0
-458 -488 0
-458 -489 0
-458 -490 0
-459 -460 0
-459 -461 0
-459 -462 0
-459 -463 0
-459 -464 0
-459 -465 0
-459 -466 0
-459 -467 0
-459 -468 0
-459 -469 0
-459 -470 0
-459 -471 0
-459 -472 0
-459 -473 0
-459 -474 0
-459 -475 0
-459 -476 0
-459 -477 0
-459 -478 0
-459 -479 0
-459 -480 0
-459 -481 0
-459 -482 0
-459 -483 0
-459 -484 0
-459 -485 0
-459 -486 0
-459 -487 0
-459 -488 0
-459 -489 0
-459 -490 0
-460 -461 0
-460 -462 0
-460 -463 0
-460 -464 0
-460 -465 0
-460 -466 0
-460 -467 0
-460 -468 0
-460 -469 0
-460 -470 0
-460 -471 0
-460 -472 0
-460 -473 0
-460 -474 0
-460 -475 0
-460 -476 0
-460 -477 0
-460 -478 0
-460 -479 0
-460 -480 0
-460 -481 0
-460 -482 0
-460 -483 0
-460 -484 0
-460 -485 0
-460 -486 0
-460 -487 0
-460 -488 0
-460 -489 0
-460 -490 0
-461 -462 0
-461 -463 0
-461 -464 0
-461 -465 0
-461 -466 0
-461 -467 0
-461 -468 0
-461 -469 0
-461 -470 0
-461 -471 0
-461 -472 0
-461 -473 0
-461 -474 0
-461 -475 0
-461 -476 0
-461 -477 0
-461 -478 0
-461 -479 0
-461 -480 0
-461 -481 0
-461 -482 0
-461 -483 0
-461 -484 0
-461 -485 0
-461 -486 0
-461 -487 0
-461 -488 0
-461 -489 0
-461 -490 0
-462 -463 0
-462 -464 0
-462 -465 0
-462 -466 0
-462 -467 0
-462 -468 0
-462 -469 0
-462 -470 0
-462 -471 0
-462 -472 0
-462 -473 0
-462 -474 0
-462 -475 0
-462 -476 0
-462 -477 0
-462 -478 0
-462 -479 0
-462 -480 0
-462 -481 0
-462 -482 0
-462 -483 0
-462 -484 0
-462 -485 0
-462 -486 0
-462 -487 0
-462 -488 0
-462 -489 0
-462 -490 0
-463 -464 0
-463 -465 0
-463 -466 0
-463 -467 0
-463 -468 0
-463 -469 0
-463 -470 0
-463 -471 0
-463 -472 0
-463 -473 0
-463 -474 0
-463 -475 0
-463 -476 0
-463 -477 0
-463 -478 0
-463 -479 0
-463 -480 0
-463 -481 0
-463 -482 0
-463 -483 0
-463 -484 0
-463 -485 0
-463 -486 0
-463 -487 0
-463 -488 0
-463 -489 0
-463 -490 0
-464 -465 0
-464 -466 0
-464 -467 0
-464 -468 0
-464 -469 0
-464 -470 0
-464 -471 0
-464 -472 0
-464 -473 0
-464 -474 0
-464 -475 0
-464 -476 0
-464 -477 0
-464 -478 0
-464 -479 0
-464 -480 0
-464 -481 0
-464 -482 0
-464 -483 0
-464 -484 0
-464 -485 0
-464 -486 0
-464 -487 0
-464 -488 0
-464 -489 0
-464 -490 0
-465 -466 0
-465 -467 0
-465 -468 0
-465 -469 0
-465 -470 0
-465 -471 0
-465 -472 0
-465 -473 0
-465 -474 0
-465 -475 0
-465 -476 0
-465 -477 0
-465 -478 0
-465 -479 0
-465 -480 0
-465 -481 0
-465 -482 0
-465 -483 0
-465 -484 0
-465 -485 0
-465 -486 0
-465 -487 0
-465 -488 0
-465 -489 0
-465 -490 0
-466 -467 0
-466 -468 0
-466 -469 0
-466 -470 0
-466 -471 0
-466 -472 0
-466 -473 0
-466 -474 0
-466 -475 0
-466 -476 0
-466 -477 0
-466 -478 0
-466 -479 0
-466 -480 0
-466 -481 0
-466 -482 0
-466 -483 0
-466 -484 0
-466 -485 0
-466 -486 0
-466 -487 0
-466 -488 0
-466 -489 0
-466 -490 0
-467 -468 0
-467 -469 0
-467 -470 0
-467 -471 0
-467 -472 0
-467 -473 0
-467 -474 0
-467 -475 0
-467 -476 0
-467 -477 0
-467 -478 0
-467 -479 0
-467 -480 0
-467 -481 0
-467 -482 0
-467 -483 0
-467 -484 0
-467 -485 0
-467 -486 0
-467 -487 0
-467 -488 0
-467 -489 0
-467 -490 0
-468 -469 0
-468 -470 0
-468 -471 0
-468 -472 0
-468 -473 0
-468 -474 0
-468 -475 0
-468 -476 0
-468 -477 0
-468 -478 0
-468 -479 0
-468 -480 0
-468 -481 0
-468 -482 0
-468 -483 0
-468 -484 0
-468 -485 0
-468 -486 0
-468 -487 0
-468 -488 0
-468 -489 0
-468 -490 0
-469 -470 0
-469 -471 0
-469 -472 0
-469 -473 0
-469 -474 0
-469 -475 0
-469 -476 0
-469 -477 0
-469 -478 0
-469 -479 0
-469 -480 0
-469 -481 0
-469 -482 0
-469 -483 0
-469 -484 0
-469 -485 0
-469 -486 0
-469 -487 0
-469 -488 0
-469 -489 0
-469 -490 0
-470 -471 0
-470 -472 0
-470 -473 0
-470 -474 0
-470 -475 0
-470 -476 0
-470 -477 0
-470 -478 0
-470 -479 0
-470 -480 0
-470 -481 0
-470 -482 0
-470 -483 0
-470 -484 0
-470 -485 0
-470 -486 0
-470 -487 0
-470 -488 0
-470 -489 0
-470 -490 0
-471 -472 0
-471 -473 0
-471 -474 0
-471 -475 0
-471 -476 0
-471 -477 0
-471 -478 0
-471 -479 0
-471 -480 0
-471 -481 0
-471 -482 0
-471 -483 0
-471 -484 0
-471 -485 0
-471 -486 0
-471 -487 0
-471 -488 0
-471 -489 0
-471 -490 0
-472 -473 0
-472 -474 0
-472 -475 0
-472 -476 0
-472 -477 0
-472 -478 0
-472 -479 0
-472 -480 0
-472 -481 0
-472 -482 0
-472 -483 0
-472 -484 0
-472 -485 0
-472 -486 0
-472 -487 0
-472 -488 0
-472 -489 0
-472 -490 0
-473 -474 0
-473 -475 0
-473 -476 0
-473 -477 0
-473 -478 0
-473 -479 0
-473 -480 0
-473 -481 0
-473 -482 0
-473 -483 0
-473 -484 0
-473 -485 0
-473 -486 0
-473 -487 0
-473 -488 0
-473 -489 0
-473 -490 0
-474 -475 0
-474 -476 0
-474 -477 0
-474 -478 0
-474 -479 0
-474 -480 0
-474 -481 0
-474 -482 0
-474 -483 0
-474 -484 0
-474 -485 0
-474 -486 0
-474 -487 0
-474 -488 0
-474 -489 0
-474 -490 0
-475 -476 0
-475 -477 0
-475 -478 0
-475 -479 0
-475 -480 0
-475 -481 0
-475 -482 0
-475 -483 0
-475 -484 0
-475 -485 0
-475 -486 0
-475 -487 0
-475 -488 0
-475 -489 0
-475 -490 0
-476 -477 0
-476 -478 0
-476 -479 0
-476 -480 0
-476 -481 0
-476 -482 0
-476 -483 0
-476 -484 0
-476 -485 0
-476 -486 0
-476 -487 0
-476 -488 0
-476 -489 0
-476 -490 0
-477 -478 0
-477 -479 0
-477 -480 0
-477 -481 0
-477 -482 0
-477 -483 0
-477 -484 0
-477 -485 0
-477 -486 0
-477 -487 0
-477 -488 0
-477 -489 0
-477 -490 0
-478 -479 0
-478 -480 0
-478 -481 0
-478 -482 0
-478 -483 0
-478 -484 0
-478 -485 0
-478 -486 0
-478 -487 0
-478 -488 0
-478 -489 0
-478 -490 0
-479 -480 0
-479 -481 0
-479 -482 0
-479 -483 0
-479 -484 0
-479 -485 0
-479 -486 0
-479 -487 0
-479 -488 0
-479 -489 0
-479 -490 0
-480 -481 0
-480 -482 0
-480 -483 0
-480 -484 0
-480 -485 0
-480 -486 0
-480 -487 0
-480 -488 0
-480 -489 0
-480 -490 0
-481 -482 0
-481 -483 0
-481 -484 0
-481 -485 0
-481 -486 0
-481 -487 0
-481 -488 0
-481 -489 0
-481 -490 0
-482 -483 0
-482 -484 0
-482 -485 0
-482 -486 0
-482 -487 0
-482 -488 0
-482 -489 0
-482 -490 0
-483 -484 0
-483 -485 0
-483 -486 0
-483 -487 0
-483 -488 0
-483 -489 0
-483 -490 0
-484 -485 0
-484 -486 0
-484 -487 0
-484 -488 0
-484 -489 0
-484 -490 0
-485 -486 0
-485 -487 0
-485 -488 0
-485 -489 0
-485 -490 0
-486 -487 0
-486 -488 0
-486 -489 0
-486 -490 0
-487 -488 0
-487 -489 0
-487 -490 0
-488 -489 0
-488 -490 0
-489 -490 0
-491 -492 0
-491 -493 0
-491 -494 0
-491 -495 0
-491 -496 0
-491 -497 0
-491 -498 0
-491 -499 0
-491 -500 0
-491 -501 0
-491 -502 0
-491 -503 0
-491 -504 0
-491 -505 0
-491 -506 0
-491 -507 0
-491 -508 0
-491 -509 0
-491 -510 0
-491 -511 0
-491 -512 0
-491 -513 0
-491 -514 0
-491 -515 0
-491 -516 0
-491 -517 0
-491 -518 0
-491 -519 0
-491 -520 0
-491 -521 0
-491 -522 0
-491 -523 0
-491 -524 0
-491 -525 0
-492 -493 0
-492 -494 0
-492 -495 0
-492 -496 0
-492 -497 0
-492 -498 0
-492 -499 0
-492 -500 0
-492 -501 0
-492 -502 0
-492 -503 0
-492 -504 0
-492 -505 0
-492 -506 0
-492 -507 0
-492 -508 0
-492 -509 0
-492 -510 0
-492 -511 0
-492 -512 0
-492 -513 0
-492 -514 0
-492 -515 0
-492 -516 0
-492 -517 0
-492 -518 0
-492 -519 0
-492 -520 0
-492 -521 0
-492 -522 0
-492 -523 0
-492 -524 0
-492 -525 0
-493 -494 0
-493 -495 0
-493 -496 0
-493 -497 0
-493 -498 0
-493 -499 0
-493 -500 0
-493 -501 0
-493 -502 0
-493 -503 0
-493 -504 0
-493 -505 0
-493 -506 0
-493 -507 0
-493 -508 0
-493 -509 0
-493 -510 0
-493 -511 0
-493 -512 0
-493 -513 0
-493 -514 0
-493 -515 0
-493 -516 0
-493 -517 0
-493 -518 0
-493 -519 0
-493 -520 0
-493 -521 0
-493 -522 0
-493 -523 0
-493 -524 0
-493 -525 0
-494 -495 0
-494 -496 0
-494 -497 0
-494 -498 0
-494 -499 0
-494 -500 0
-494 -501 0
-494 -502 0
-494 -503 0
-494 -504 0
-494 -505 0
-494 -506 0
-494 -507 0
-494 -508 0
-494 -509 0
-494 -510 0
-494 -511 0
-494 -512 0
-494 -513 0
-494 -514 0
-494 -515 0
-494 -516 0
-494 -517 0
-494 -518 0
-494 -519 0
-494 -520 0
-494 -521 0
-494 -522 0
-494 -523 0
-494 -524 0
-494 -525 0
-495 -496 0
-495 -497 0
-495 -498 0
-495 -499 0
-495 -500 0
-495 -501 0
-495 -502 0
-495 -503 0
-495 -504 0
-495 -505 0
-495 -506 0
-495 -507 0
-495 -508 0
-495 -509 0
-495 -510 0
-495 -511 0
-495 -512 0
-495 -513 0
-495 -514 0
-495 -515 0
-495 -516 0
-495 -517 0
-495 -518 0
-495 -519 0
-495 -520 0
-495 -521 0
-495 -522 0
-495 -523 0
-495 -524 0
-495 -525 0
-496 -497 0
-496 -498 0
-496 -499 0
-496 -500 0
-496 -501 0
-496 -502 0
-496 -503 0
-496 -504 0
-496 -505 0
-496 -506 0
-496 -507 0
-496 -508 0
-496 -509 0
-496 -510 0
-496 -511 0
-496 -512 0
-496 -513 0
-496 -514 0
-496 -515 0
-496 -516 0
-496 -517 0
-496 -518 0
-496 -519 0
-496 -520 0
-496 -521 0
-496 -522 0
-496 -523 0
-496 -524 0
-496 -525 0
-497 -498 0
-497 -499 0
-497 -500 0
-497 -501 0
-497 -502 0
-497 -503 0
-497 -504 0
-497 -505 0
-497 -506 0
-497 -507 0
-497 -508 0
-497 -509 0
-497 -510 0
-497 -511 0
-497 -512 0
-497 -513 0
-497 -514 0
-497 -515 0
-497 -516 0
-497 -517 0
-497 -518 0
-497 -519 0
-497 -520 0
-497 -521 0
-497 -522 0
-497 -523 0
-497 -524 0
-497 -525 0
-498 -499 0
-498 -500 0
-498 -501 0
-498 -502 0
-498 -503 0
-498 -504 0
-498 -505 0
-498 -506 0
-498 -507 0
-498 -508 0
-498 -509 0
-498 -510 0
-498 -511 0
-498 -512 0
-498 -513 0
-498 -514 0
-498 -515 0
-498 -516 0
-498 -517 0
-498 -518 0
-498 -519 0
-498 -520 0
-498 -521 0
-498 -522 0
-498 -523 0
-498 -524 0
-498 -525 0
-499 -500 0
-499 -501 0
-499 -502 0
-499 -503 0
-499 -504 0
-499 -505 0
-499 -506 0
-499 -507 0
-499 -508 0
-499 -509 0
-499 -510 0
-499 -511 0
-499 -512 0
-499 -513 0
-499 -514 0
-499 -515 0
-499 -516 0
-499 -517 0
-499 -518 0
-499 -519 0
-499 -520 0
-499 -521 0
-499 -522 0
-499 -523 0
-499 -524 0
-499 -525 0
-500 -501 0
-500 -502 0
-500 -503 0
-500 -504 0
-500 -505 0
-500 -506 0
-500 -507 0
-500 -508 0
-500 -509 0
-500 -510 0
-500 -511 0
-500 -512 0
-500 -513 0
-500 -514 0
-500 -515 0
-500 -516 0
-500 -517 0
-500 -518 0
-500 -519 0
-500 -520 0
-500 -521 0
-500 -522 0
-500 -523 0
-500 -524 0
-500 -525 0
-501 -502 0
-501 -503 0
-501 -504 0
-501 -505 0
-501 -506 0
-501 -507 0
-501 -508 0
-501 -509 0
-501 -510 0
-501 -511 0
-501 -512 0
-501 -513 0
-501 -514 0
-501 -515 0
-501 -516 0
-501 -517 0
-501 -518 0
-501 -519 0
-501 -520 0
-501 -521 0
-501 -522 0
-501 -523 0
-501 -524 0
-501 -525 0
-502 -503 0
-502 -504 0
-502 -505 0
-502 -506 0
-502 -507 0
-502 -508 0
-502 -509 0
-502 -510 0
-502 -511 0
-502 -512 0
-502 -513 0
-502 -514 0
-502 -515 0
-502 -516 0
-502 -517 0
-502 -518 0
-502 -519 0
-502 -520 0
-502 -521 0
-502 -522 0
-502 -523 0
-502 -524 0
-502 -525 0
-503 -504 0
-503 -505 0
-503 -506 0
-503 -507 0
-503 -508 0
-503 -509 0
-503 -510 0
-503 -511 0
-503 -512 0
-503 -513 0
-503 -514 0
-503 -515 0
-503 -516 0
-503 -517 0
-503 -518 0
-503 -519 0
-503 -520 0
-503 -521 0
-503 -522 0
-503 -523 0
-503 -524 0
-503 -525 0
-504 -505 0
-504 -506 0
-504 -507 0
-504 -508 0
-504 -509 0
-504 -510 0
-504 -511 0
-504 -512 0
-504 -513 0
-504 -514 0
-504 -515 0
-504 -516 0
-504 -517 0
-504 -518 0
-504 -519 0
-504 -520 0
-504 -521 0
-504 -522 0
-504 -523 0
-504 -524 0
-504 -525 0
-505 -506 0
-505 -507 0
-505 -508 0
-505 -509 0
-505 -510 0
-505 -511 0
-505 -512 0
-505 -513 0
-505 -514 0
-505 -515 0
-505 -516 0
-505 -517 0
-505 -518 0
-505 -519 0
-505 -520 0
-505 -521 0
-505 -522 0
-505 -523 0
-505 -524 0
-505 -525 0
-506 -507 0
-506 -508 0
-506 -509 0
-506 -510 0
-506 -511 0
-506 -512 0
-506 -513 0
-506 -514 0
-506 -515 0
-506 -516 0
-506 -517 0
-506 -518 0
-506 -519 0
-506 -520 0
-506 -521 0
-506 -522 0
-506 -523 0
-506 -524 0
-506 -525 0
-507 -508 0
-507 -509 0
-507 -510 0
-507 -511 0
-507 -512 0
-507 -513 0
-507 -514 0
-507 -515 0
-507 -516 0
-507 -517 0
-507 -518 0
-507 -519 0
-507 -520 0
-507 -521 0
-507 -522 0
-507 -523 0
-507 -524 0
-507 -525 0
-508 -509 0
-508 -510 0
-508 -511 0
-508 -512 0
-508 -513 0
-508 -514 0
-508 -515 0
-508 -516 0
-508 -517 0
-508 -518 0
-508 -519 0
-508 -520 0
-508 -521 0
-508 -522 0
-508 -523 0
-508 -524 0
-508 -525 0
-509 -510 0
-509 -511 0
-509 -512 0
-509 -513 0
-509 -514 0
-509 -515 0
-509 -516 0
-509 -517 0
-509 -518 0
-509 -519 0
-509 -520 0
-509 -521 0
-509 -522 0
-509 -523 0
-509 -524 0
-509 -525 0
-510 -511 0
-510 -512 0
-510 -513 0
-510 -514 0
-510 -515 0
-510 -516 0
-510 -517 0
-510 -518 0
-510 -519 0
-510 -520 0
-510 -521 0
-510 -522 0
-510 -523 0
-510 -524 0
-510 -525 0
-511 -512 0
-511 -513 0
-511 -514 0
-511 -515 0
-511 -516 0
-511 -517 0
-511 -518 0
-511 -519 0
-511 -520 0
-511 -521 0
-511 -522 0
-511 -523 0
-511 -524 0
-511 -525 0
-512 -513 0
-512 -514 0
-512 -515 0
-512 -516 0
-512 -517 0
-512 -518 0
-512 -519 0
-512 -520 0
-512 -521 0
-512 -522 0
-512 -523 0
-512 -524 0
-512 -525 0
-513 -514 0
-513 -515 0
-513 -516 0
-513 -517 0
-513 -518 0
-513 -519 0
-513 -520 0
-513 -521 0
-513 -522 0
-513 -523 0
-513 -524 0
-513 -525 0
-514 -515 0
-514 -516 0
-514 -517 0
-514 -518 0
-514 -519 0
-514 -520 0
-514 -521 0
-514 -522 0
-514 -523 0
-514 -524 0
-514 -525 0
-515 -516 0
-515 -517 0
-515 -518 0
-515 -519 0
-515 -520 0
-515 -521 0
-515 -522 0
-515 -523 0
-515 -524 0
-515 -525 0
-516 -517 0
-516 -518 0
-516 -519 0
-516 -520 0
-516 -521 0
-516 -522 0
-516 -523 0
-516 -524 0
-516 -525 0
-517 -518 0
-517 -519 0
-517 -520 0
-517 -521 0
-517 -522 0
-517 -523 0
-517 -524 0
-517 -525 0
-518 -519 0
-518 -520 0
-518 -521 0
-518 -522 0
-518 -523 0
-518 -524 0
-518 -525 0
-519 -520 0
-519 -521 0
-519 -522 0
-519 -523 0
-519 -524 0
-519 -525 0
-520 -521 0
-520 -522 0
-520 -523 0
-520 -524 0
-520 -525 0
-521 -522 0
-521 -523 0
-521 -524 0
-521 -525 0
-522 -523 0
-522 -524 0
-522 -525 0
-523 -524 0
-523 -525 0
-524 -525 0
-526 -527 0
-526 -528 0
-526 -529 0
-526 -530 0
-526 -531 0
-526 -532 0
-526 -533 0
-526 -534 0
-526 -535 0
-526 -536 0
-526 -537 0
-526 -538 0
-526 -539 0
-526 -540 0
-526 -541 0
-526 -542 0
-526 -543 0
-526 -544 0
-526 -545 0
-526 -546 0
-526 -547 0
-526 -548 0
-526 -549 0
-526 -550 0
-526 -551 0
-526 -552 0
-526 -553 0
-526 -554 0
-526 -555 0
-526 -556 0
-526 -557 0
-526 -558 0
-526 -559 0
-526 -560 0
-527 -528 0
-527 -529 0
-527 -530 0
-527 -531 0
-527 -532 0
-527 -533 0
-527 -534 0
-527 -535 0
-527 -536 0
-527 -537 0
-527 -538 0
-527 -539 0
-527 -540 0
-527 -541 0
-527 -542 0
-527 -543 0
-527 -544 0
-527 -545 0
-527 -546 0
-527 -547 0
-527 -548 0
-527 -549 0
-527 -550 0
-527 -551 0
-527 -552 0
-527 -553 0
-527 -554 0
-527 -555 0
-527 -556 0
-527 -557 0
-527 -558 0
-527 -559 0
-527 -560 0
-528 -529 0
-528 -530 0
-528 -531 0
-528 -532 0
-528 -533 0
-528 -534 0
-528 -535 0
-528 -536 0
-528 -537 0
-528 -538 0
-528 -539 0
-528 -540 0
-528 -541 0
-528 -542 0
-528 -543 0
-528 -544 0
-528 -545 0
-528 -546 0
-528 -547 0
-528 -548 0
-528 -549 0
-528 -550 0
-528 -551 0
-528 -552 0
-528 -553 0
-528 -554 0
-528 -555 0
-528 -556 0
-528 -557 0
-528 -558 0
-528 -559 0
-528 -560 0
-529 -530 0
-529 -531 0
-529 -532 0
-529 -533 0
-529 -534 0
-529 -535 0
-529 -536 0
-529 -537 0
-529 -538 0
-529 -539 0
-529 -540 0
-529 -541 0
-529 -542 0
-529 -543 0
-529 -544 0
-529 -545 0
-529 -546 0
-529 -547 0
-529 -548 0
-529 -549 0
-529 -550 0
-529 -551 0
-529 -552 0
-529 -553 0
-529 -554 0
-529 -555 0
-529 -556 0
-529 -557 0
-529 -558 0
-529 -559 0
-529 -560 0
-530 -531 0
-530 -532 0
-530 -533 0
-530 -534 0
-530 -535 0
-530 -536 0
-530 -537 0
-530 -538 0
-530 -539 0
-530 -540 0
-530 -541 0
-530 -542 0
-530 -543 0
-530 -544 0
-530 -545 0
-530 -546 0
-530 -547 0
-530 -548 0
-530 -549 0
-530 -550 0
-530 -551 0
-530 -552 0
-530 -553 0
-530 -554 0
-530 -555 0
-530 -556 0
-530 -557 0
-530 -558 0
-530 -559 0
-530 -560 0
-531 -532 0
-531 -533 0
-531 -534 0
-531 -535 0
-531 -536 0
-531 -537 0
-531 -538 0
-531 -539 0
-531 -540 0
-531 -541 0
-531 -542 0
-531 -543 0
-531 -544 0
-531 -545 0
-531 -546 0
-531 -547 0
-531 -548 0
-531 -549 0
-531 -550 0
-531 -551 0
-531 -552 0
-531 -553 0
-531 -554 0
-531 -555 0
-531 -556 0
-531 -557 0
-531 -558 0
-531 -559 0
-531 -560 0
-532 -533 0
-532 -534 0
-532 -535 0
-532 -536 0
-532 -537 0
-532 -538 0
-532 -539 0
-532 -540 0
-532 -541 0
-532 -542 0
-532 -543 0
-532 -544 0
-532 -545 0
-532 -546 0
-532 -547 0
-532 -548 0
-532 -549 0
-532 -550 0
-532 -551 0
-532 -552 0
-532 -553 0
-532 -554 0
-532 -555 0
-532 -556 0
-532 -557 0
-532 -558 0
-532 -559 0
-532 -560 0
-533 -534 0
-533 -535 0
-533 -536 0
-533 -537 0
-533 -538 0
-533 -539 0
-533 -540 0
-533 -541 0
-533 -542 0
-533 -543 0
-533 -544 0
-533 -545 0
-533 -546 0
-533 -547 0
-533 -548 0
-533 -549 0
-533 -550 0
-533 -551 0
-533 -552 0
-533 -553 0
-533 -554 0
-533 -555 0
-533 -556 0
-533 -557 0
-533 -558 0
-533 -559 0
-533 -560 0
-534 -535 0
-534 -536 0
-534 -537 0
-534 -538 0
-534 -539 0
-534 -540 0
-534 -541 0
-534 -542 0
-534 -543 0
-534 -544 0
-534 -545 0
-534 -546 0
-534 -547 0
-534 -548 0
-534 -549 0
-534 -550 0
-534 -551 0
-534 -552 0
-534 -553 0
-534 -554 0
-534 -555 0
-534 -556 0
-534 -557 0
-534 -558 0
-534 -559 0
-534 -560 0
-535 -536 0
-535 -537 0
-535 -538 0
-535 -539 0
-535 -540 0
-535 -541 0
-535 -542 0
-535 -543 0
-535 -544 0
-535 -545 0
-535 -546 0
-535 -547 0
-535 -548 0
-535 -549 0
-535 -550 0
-535 -551 0
-535 -552 0
-535 -553 0
-535 -554 0
-535 -555 0
-535 -556 0
-535 -557 0
-535 -558 0
-535 -559 0
-535 -560 0
-536 -537 0
-536 -538 0
-536 -539 0
-536 -540 0
-536 -541 0
-536 -542 0
-536 -543 0
-536 -544 0
-536 -545 0
-536 -546 0
-536 -547 0
-536 -548 0
-536 -549 0
-536 -550 0
-536 -551 0
-536 -552 0
-536 -553 0
-536 -554 0
-536 -555 0
-536 -556 0
-536 -557 0
-536 -558 0
-536 -559 0
-536 -560 0
-537 -538 0
-537 -539 0
-537 -540 0
-537 -541 0
-537 -542 0
-537 -543 0
-537 -544 0
-537 -545 0
-537 -546 0
-537 -547 0
-537 -548 0
-537 -549 0
-537 -550 0
-537 -551 0
-537 -552 0
-537 -553 0
-537 -554 0
-537 -555 0
-537 -556 0
-537 -557 0
-537 -558 0
-537 -559 0
-537 -560 0
-538 -539 0
-538 -540 0
-538 -541 0
-538 -542 0
-538 -543 0
-538 -544 0
-538 -545 0
-538 -546 0
-538 -547 0
-538 -548 0
-538 -549 0
-538 -550 0
-538 -551 0
-538 -552 0
-538 -553 0
-538 -554 0
-538 -555 0
-538 -556 0
-538 -557 0
-538 -558 0
-538 -559 0
-538 -560 0
-539 -540 0
-539 -541 0
-539 -542 0
-539 -543 0
-539 -544 0
-539 -545 0
-539 -546 0
-539 -547 0
-539 -548 0
-539 -549 0
-539 -550 0
-539 -551 0
-539 -552 0
-539 -553 0
-539 -554 0
-539 -555 0
-539 -556 0
-539 -557 0
-539 -558 0
-539 -559 0
-539 -560 0
-540 -541 0
-540 -542 0
-540 -543 0
-540 -544 0
-540 -545 0
-540 -546 0
-540 -547 0
-540 -548 0
-540 -549 0
-540 -550 0
-540 -551 0
-540 -552 0
-540 -553 0
-540 -554 0
-540 -555 0
-540 -556 0
-540 -557 0
-540 -558 0
-540 -559 0
-540 -560 0
-541 -542 0
-541 -543 0
-541 -544 0
-541 -545 0
-541 -546 0
-541 -547 0
-541 -548 0
-541 -549 0
-541 -550 0
-541 -551 0
-541 -552 0
-541 -553 0
-541 -554 0
-541 -555 0
-541 -556 0
-541 -557 0
-541 -558 0
-541 -559 0
-541 -560 0
-542 -543 0
-542 -544 0
-542 -545 0
-542 -546 0
-542 -547 0
-542 -548 0
-542 -549 0
-542 -550 0
-542 -551 0
-542 -552 0
-542 -553 0
-542 -554 0
-542 -555 0
-542 -556 0
-542 -557 0
-542 -558 0
-542 -559 0
-542 -560 0
-543 -544 0
-543 -545 0
-543 -546 0
-543 -547 0
-543 -548 0
-543 -549 0
-543 -550 0
-543 -551 0
-543 -552 0
-543 -553 0
-543 -554 0
-543 -555 0
-543 -556 0
-543 -557 0
-543 -558 0
-543 -559 0
-543 -560 0
-544 -545 0
-544 -546 0
-544 -547 0
-544 -548 0
-544 -549 0
-544 -550 0
-544 -551 0
-544 -552 0
-544 -553 0
-544 -554 0
-544 -555 0
-544 -556 0
-544 -557 0
-544 -558 0
-544 -559 0
-544 -560 0
-545 -546 0
-545 -547 0
-545 -548 0
-545 -549 0
-545 -550 0
-545 -551 0
-545 -552 0
-545 -553 0
-545 -554 0
-545 -555 0
-545 -556 0
-545 -557 0
-545 -558 0
-545 -559 0
-545 -560 0
-546 -547 0
-546 -548 0
-546 -549 0
-546 -550 0
-546 -551 0
-546 -552 0
-546 -553 0
-546 -554 0
-546 -555 0
-546 -556 0
-546 -557 0
-546 -558 0
-546 -559 0
-546 -560 0
-547 -548 0
-547 -549 0
-547 -550 0
-547 -551 0
-547 -552 0
-547 -553 0
-547 -554 0
-547 -555 0
-547 -556 0
-547 -557 0
-547 -558 0
-547 -559 0
-547 -560 0
-548 -549 0
-548 -550 0
-548 -551 0
-548 -552 0
-548 -553 0
-548 -554 0
-548 -555 0
-548 -556 0
-548 -557 0
-548 -558 0
-548 -559 0
-548 -560 0
-549 -550 0
-549 -551 0
-549 -552 0
-549 -553 0
-549 -554 0
-549 -555 0
-549 -556 0
-549 -557 0
-549 -558 0
-549 -559 0
-549 -560 0
-550 -551 0
-550 -552 0
-550 -553 0
-550 -554 0
-550 -555 0
-550 -556 0
-550 -557 0
-550 -558 0
-550 -559 0
-550 -560 0
-551 -552 0
-551 -553 0
-551 -554 0
-551 -555 0
-551 -556 0
-551 -557 0
-551 -558 0
-551 -559 0
-551 -560 0
-552 -553 0
-552 -554 0
-552 -555 0
-552 -556 0
-552 -557 0
-552 -558 0
-552 -559 0
-552 -560 0
-553 -554 0
-553 -555 0
-553 -556 0
-553 -557 0
-553 -558 0
-553 -559 0
-553 -560 0
-554 -555 0
-554 -556 0
-554 -557 0
-554 -558 0
-554 -559 0
-554 -560 0
-555 -556 0
-555 -557 0
-555 -558 0
-555 -559 0
-555 -560 0
-556 -557 0
-556 -558 0
-556 -559 0
-556 -560 0
-557 -558 0
-557 -559 0
-557 -560 0
-558 -559 0
-558 -560 0
-559 -560 0
-561 -562 0
-561 -563 0
-561 -564 0
-561 -565 0
-561 -566 0
-561 -567 0
-561 -568 0
-561 -569 0
-561 -570 0
-561 -571 0
-561 -572 0
-561 -573 0
-561 -574 0
-561 -575 0
-561 -576 0
-561 -577 0
-561 -578 0
-561 -579 0
-561 -580 0
-561 -581 0
-561 -582 0
-561 -583 0
-561 -584 0
-561 -585 0
-561 -586 0
-561 -587 0
-561 -588 0
-561 -589 0
-561 -590 0
-561 -591 0
-561 -592 0
-561 -593 0
-561 -594 0
-561 -595 0
-562 -563 0
-562 -564 0
-562 -565 0
-562 -566 0
-562 -567 0
-562 -568 0
-562 -569 0
-562 -570 0
-562 -571 0
-562 -572 0
-562 -573 0
-562 -574 0
-562 -575 0
-562 -576 0
-562 -577 0
-562 -578 0
-562 -579 0
-562 -580 0
-562 -581 0
-562 -582 0
-562 -583 0
-562 -584 0
-562 -585 0
-562 -586 0
-562 -587 0
-562 -588 0
-562 -589 0
-562 -590 0
-562 -591 0
-562 -592 0
-562 -593 0
-562 -594 0
-562 -595 0
-563 -564 0
-563 -565 0
-563 -566 0
-563 -567 0
-563 -568 0
-563 -569 0
-563 -570 0
-563 -571 0
-563 -572 0
-563 -573 0
-563 -574 0
-563 -575 0
-563 -576 0
-563 -577 0
-563 -578 0
-563 -579 0
-563 -580 0
-563 -581 0
-563 -582 0
-563 -583 0
-563 -584 0
-563 -585 0
-563 -586 0
-563 -587 0
-563 -588 0
-563 -589 0
-563 -590 0
-563 -591 0
-563 -592 0
-563 -593 0
-563 -594 0
-563 -595 0
-564 -565 0
-564 -566 0
-564 -567 0
-564 -568 0
-564 -569 0
-564 -570 0
-564 -571 0
-564 -572 0
-564 -573 0
-564 -574 0
-564 -575 0
-564 -576 0
-564 -577 0
-564 -578 0
-564 -579 0
-564 -580 0
-564 -581 0
-564 -582 0
-564 -583 0
-564 -584 0
-564 -585 0
-564 -586 0
-564 -587 0
-564 -588 0
-564 -589 0
-564 -590 0
-564 -591 0
-564 -592 0
-564 -593 0
-564 -594 0
-564 -595 0
-565 -566 0
-565 -567 0
-565 -568 0
-565 -569 0
-565 -570 0
-565 -571 0
-565 -572 0
-565 -573 0
-565 -574 0
-565 -575 0
-565 -576 0
-565 -577 0
-565 -578 0
-565 -579 0
-565 -580 0
-565 -581 0
-565 -582 0
-565 -583 0
-565 -584 0
-565 -585 0
-565 -586 0
-565 -587 0
-565 -588 0
-565 -589 0
-565 -590 0
-565 -591 0
-565 -592 0
-565 -593 0
-565 -594 0
-565 -595 0
-566 -567 0
-566 -568 0
-566 -569 0
-566 -570 0
-566 -571 0
-566 -572 0
-566 -573 0
-566 -574 0
-566 -575 0
-566 -576 0
-566 -577 0
-566 -578 0
-566 -579 0
-566 -580 0
-566 -581 0
-566 -582 0
-566 -583 0
-566 -584 0
-566 -585 0
-566 -586 0
-566 -587 0
-566 -588 0
-566 -589 0
-566 -590 0
-566 -591 0
-566 -592 0
-566 -593 0
-566 -594 0
-566 -595 0
-567 -568 0
-567 -569 0
-567 -570 0
-567 -571 0
-567 -572 0
-567 -573 0
-567 -574 0
-567 -575 0
-567 -576 0
-567 -577 0
-567 -578 0
-567 -579 0
-567 -580 0
-567 -581 0
-567 -582 0
-567 -583 0
-567 -584 0
-567 -585 0
-567 -586 0
-567 -587 0
-567 -588 0
-567 -589 0
-567 -590 0
-567 -591 0
-567 -592 0
-567 -593 0
-567 -594 0
-567 -595 0
-568 -569 0
-568 -570 0
-568 -571 0
-568 -572 0
-568 -573 0
-568 -574 0
-568 -575 0
-568 -576 0
-568 -577 0
-568 -578 0
-568 -579 0
-568 -580 0
-568 -581 0
-568 -582 0
-568 -583 0
-568 -584 0
-568 -585 0
-568 -586 0
-568 -587 0
-568 -588 0
-568 -589 0
-568 -590 0
-568 -591 0
-568 -592 0
-568 -593 0
-568 -594 0
-568 -595 0
-569 -570 0
-569 -571 0
-569 -572 0
-569 -573 0
-569 -574 0
-569 -575 0
-569 -576 0
-569 -577 0
-569 -578 0
-569 -579 0
-569 -580 0
-569 -581 0
-569 -582 0
-569 -583 0
-569 -584 0
-569 -585 0
-569 -586 0
-569 -587 0
-569 -588 0
-569 -589 0
-569 -590 0
-569 -591 0
-569 -592 0
-569 -593 0
-569 -594 0
-569 -595 0
-570 -571 0
-570 -572 0
-570 -573 0
-570 -574 0
-570 -575 0
-570 -576 0
-570 -577 0
-570 -578 0
-570 -579 0
-570 -580 0
-570 -581 0
-570 -582 0
-570 -583 0
-570 -584 0
-570 -585 0
-570 -586 0
-570 -587 0
-570 -588 0
-570 -589 0
-570 -590 0
-570 -591 0
-570 -592 0
-570 -593 0
-570 -594 0
-570 -595 0
-571 -572 0
-571 -573 0
-571 -574 0
-571 -575 0
-571 -576 0
-571 -577 0
-571 -578 0
-571 -579 0
-571 -580 0
-571 -581 0
-571 -582 0
-571 -583 0
-571 -584 0
-571 -585 0
-571 -586 0
-571 -587 0
-571 -588 0
-571 -589 0
-571 -590 0
-571 -591 0
-571 -592 0
-571 -593 0
-571 -594 0
-571 -595 0
-572 -573 0
-572 -574 0
-572 -575 0
-572 -576 0
-572 -577 0
-572 -578 0
-572 -579 0
-572 -580 0
-572 -581 0
-572 -582 0
-572 -583 0
-572 -584 0
-572 -585 0
-572 -586 0
-572 -587 0
-572 -588 0
-572 -589 0
-572 -590 0
-572 -591 0
-572 -592 0
-572 -593 0
-572 -594 0
-572 -595 0
-573 -574 0
-573 -575 0
-573 -576 0
-573 -577 0
-573 -578 0
-573 -579 0
-573 -580 0
-573 -581 0
-573 -582 0
-573 -583 0
-573 -584 0
-573 -585 0
-573 -586 0
-573 -587 0
-573 -588 0
-573 -589 0
-573 -590 0
-573 -591 0
-573 -592 0
-573 -593 0
-573 -594 0
-573 -595 0
-574 -575 0
-574 -576 0
-574 -577 0
-574 -578 0
-574 -579 0
-574 -580 0
-574 -581 0
-574 -582 0
-574 -583 0
-574 -584 0
-574 -585 0
-574 -586 0
-574 -587 0
-574 -588 0
-574 -589 0
-574 -590 0
-574 -591 0
-574 -592 0
-574 -593 0
-574 -594 0
-574 -595 0
-575 -576 0
-575 -577 0
-575 -578 0
-575 -579 0
-575 -580 0
-575 -581 0
-575 -582 0
-575 -583 0
-575 -584 0
-575 -585 0
-575 -586 0
-575 -587 0
-575 -588 0
-575 -589 0
-575 -590 0
-575 -591 0
-575 -592 0
-575 -593 0
-575 -594 0
-575 -595 0
-576 -577 0
-576 -578 0
-576 -579 0
-576 -580 0
-576 -581 0
-576 -582 0
-576 -583 0
-576 -584 0
-576 -585 0
-576 -586 0
-576 -587 0
-576 -588 0
-576 -589 0
-576 -590 0
-576 -591 0
-576 -592 0
-576 -593 0
-576 -594 0
-576 -595 0
-577 -578 0
-577 -579 0
-577 -580 0
-577 -581 0
-577 -582 0
-577 -583 0
-577 -584 0
-577 -585 0
-577 -586 0
-577 -587 0
-577 -588 0
-577 -589 0
-577 -590 0
-577 -591 0
-577 -592 0
-577 -593 0
-577 -594 0
-577 -595 0
-578 -579 0
-578 -580 0
-578 -581 0
-578 -582 0
-578 -583 0
-578 -584 0
-578 -585 0
-578 -586 0
-578 -587 0
-578 -588 0
-578 -589 0
-578 -590 0
-578 -591 0
-578 -592 0
-578 -593 0
-578 -594 0
-578 -595 0
-579 -580 0
-579 -581 0
-579 -582 0
-579 -583 0
-579 -584 0
-579 -585 0
-579 -586 0
-579 -587 0
-579 -588 0
-579 -589 0
-579 -590 0
-579 -591 0
-579 -592 0
-579 -593 0
-579 -594 0
-579 -595 0
-580 -581 0
-580 -582 0
-580 -583 0
-580 -584 0
-580 -585 0
-580 -586 0
-580 -587 0
-580 -588 0
-580 -589 0
-580 -590 0
-580 -591 0
-580 -592 0
-580 -593 0
-580 -594 0
-580 -595 0
-581 -582 0
-581 -583 0
-581 -584 0
-581 -585 0
-581 -586 0
-581 -587 0
-581 -588 0
-581 -589 0
-581 -590 0
-581 -591 0
-581 -592 0
-581 -593 0
-581 -594 0
-581 -595 0
-582 -583 0
-582 -584 0
-582 -585 0
-582 -586 0
-582 -587 0
-582 -588 0
-582 -589 0
-582 -590 0
-582 -591 0
-582 -592 0
-582 -593 0
-582 -594 0
-582 -595 0
-583 -584 0
-583 -585 0
-583 -586 0
-583 -587 0
-583 -588 0
-583 -589 0
-583 -590 0
-583 -591 0
-583 -592 0
-583 -593 0
-583 -594 0
-583 -595 0
-584 -585 0
-584 -586 0
-584 -587 0
-584 -588 0
-584 -589 0
-584 -590 0
-584 -591 0
-584 -592 0
-584 -593 0
-584 -594 0
-584 -595 0
-585 -586 0
-585 -587 0
-585 -588 0
-585 -589 0
-585 -590 0
-585 -591 0
-585 -592 0
-585 -593 0
-585 -594 0
-585 -595 0
-586 -587 0
-586 -588 0
-586 -589 0
-586 -590 0
-586 -591 0
-586 -592 0
-586 -593 0
-586 -594 0
-586 -595 0
-587 -588 0
-587 -589 0
-587 -590 0
-587 -591 0
-587 -592 0
-587 -593 0
-587 -594 0
-587 -595 0
-588 -589 0
-588 -590 0
-588 -591 0
-588 -592 0
-588 -593 0
-588 -594 0
-588 -595 0
-589 -590 0
-589 -591 0
-589 -592 0
-589 -593 0
-589 -594 0
-589 -595 0
-590 -591 0
-590 -592 0
-590 -593 0
-590 -594 0
-590 -595 0
-591 -592 0
-591 -593 0
-591 -594 0
-591 -595 0
-592 -593 0
-592 -594 0
-592 -595 0
-593 -594 0
-593 -595 0
-594 -595 0
-596 -597 0
-596 -598 0
-596 -599 0
-596 -600 0
-596 -601 0
-596 -602 0
-596 -603 0
-596 -604 0
-596 -605 0
-596 -606 0
-596 -607 0
-596 -608 0
-596 -609 0
-596 -610 0
-596 -611 0
-596 -612 0
-596 -613 0
-596 -614 0
-596 -615 0
-596 -616 0
-596 -617 0
-596 -618 0
-596 -619 0
-596 -620 0
-596 -621 0
-596 -622 0
-596 -623 0
-596 -624 0
-596 -625 0
-596 -626 0
-596 -627 0
-596 -628 0
-596 -629 0
-596 -630 0
-597 -598 0
-597 -599 0
-597 -600 0
-597 -601 0
-597 -602 0
-597 -603 0
-597 -604 0
-597 -605 0
-597 -606 0
-597 -607 0
-597 -608 0
-597 -609 0
-597 -610 0
-597 -611 0
-597 -612 0
-597 -613 0
-597 -614 0
-597 -615 0
-597 -616 0
-597 -617 0
-597 -618 0
-597 -619 0
-597 -620 0
-597 -621 0
-597 -622 0
-597 -623 0
-597 -624 0
-597 -625 0
-597 -626 0
-597 -627 0
-597 -628 0
-597 -629 0
-597 -630 0
-598 -599 0
-598 -600 0
-598 -601 0
-598 -602 0
-598 -603 0
-598 -604 0
-598 -605 0
-598 -606 0
-598 -607 0
-598 -608 0
-598 -609 0
-598 -610 0
-598 -611 0
-598 -612 0
-598 -613 0
-598 -614 0
-598 -615 0
-598 -616 0
-598 -617 0
-598 -618 0
-598 -619 0
-598 -620 0
-598 -621 0
-598 -622 0
-598 -623 0
-598 -624 0
-598 -625 0
-598 -626 0
-598 -627 0
-598 -628 0
-598 -629 0
-598 -630 0
-599 -600 0
-599 -601 0
-599 -602 0
-599 -603 0
-599 -604 0
-599 -605 0
-599 -606 0
-599 -607 0
-599 -608 0
-599 -609 0
-599 -610 0
-599 -611 0
-599 -612 0
-599 -613 0
-599 -614 0
-599 -615 0
-599 -616 0
-599 -617 0
-599 -618 0
-599 -619 0
-599 -620 0
-599 -621 0
-599 -622 0
-599 -623 0
-599 -624 0
-599 -625 0
-599 -626 0
-599 -627 0
-599 -628 0
-599 -629 0
-599 -630 0
-600 -601 0
-600 -602 0
-600 -603 0
-600 -604 0
-600 -605 0
-600 -606 0
-600 -607 0
-600 -608 0
-600 -609 0
-600 -610 0
-600 -611 0
-600 -612 0
-600 -613 0
-600 -614 0
-600 -615 0
-600 -616 0
-600 -617 0
-600 -618 0
-600 -619 0
-600 -620 0
-600 -621 0
-600 -622 0
-600 -623 0
-600 -624 0
-600 -625 0
-600 -626 0
-600 -627 0
-600 -628 0
-600 -629 0
-600 -630 0
-601 -602 0
-601 -603 0
-601 -604 0
-601 -605 0
-601 -606 0
-601 -607 0
-601 -608 0
-601 -609 0
-601 -610 0
-601 -611 0
-601 -612 0
-601 -613 0
-601 -614 0
-601 -615 0
-601 -616 0
-601 -617 0
-601 -618 0
-601 -619 0
-601 -620 0
-601 -621 0
-601 -622 0
-601 -623 0
-601 -624 0
-601 -625 0
-601 -626 0
-601 -627 0
-601 -628 0
-601 -629 0
-601 -630 0
-602 -603 0
-602 -604 0
-602 -605 0
-602 -606 0
-602 -607 0
-602 -608 0
-602 -609 0
-602 -610 0
-602 -611 0
-602 -612 0
-602 -613 0
-602 -614 0
-602 -615 0
-602 -616 0
-602 -617 0
-602 -618 0
-602 -619 0
-602 -620 0
-602 -621 0
-602 -622 0
-602 -623 0
-602 -624 0
-602 -625 0
-602 -626 0
-602 -627 0
-602 -628 0
-602 -629 0
-602 -630 0
-603 -604 0
-603 -605 0
-603 -606 0
-603 -607 0
-603 -608 0
-603 -609 0
-603 -610 0
-603 -611 0
-603 -612 0
-603 -613 0
-603 -614 0
-603 -615 0
-603 -616 0
-603 -617 0
-603 -618 0
-603 -619 0
-603 -620 0
-603 -621 0
-603 -622 0
-603 -623 0
-603 -624 0
-603 -625 0
-603 -626 0
-603 -627 0
-603 -628 0
-603 -629 0
-603 -630 0
-604 -605 0
-604 -606 0
-604 -607 0
-604 -608 0
-604 -609 0
-604 -610 0
-604 -611 0
-604 -612 0
-604 -613 0
-604 -614 0
-604 -615 0
-604 -616 0
-604 -617 0
-604 -618 0
-604 -619 0
-604 -620 0
-604 -621 0
-604 -622 0
-604 -623 0
-604 -624 0
-604 -625 0
-604 -626 0
-604 -627 0
-604 -628 0
-604 -629 0
-604 -630 0
-605 -606 0
-605 -607 0
-605 -608 0
-605 -609 0
-605 -610 0
-605 -611 0
-605 -612 0
-605 -613 0
-605 -614 0
-605 -615 0
-605 -616 0
-605 -617 0
-605 -618 0
-605 -619 0
-605 -620 0
-605 -621 0
-605 -622 0
-605 -623 0
-605 -624 0
-605 -625 0
-605 -626 0
-605 -627 0
-605 -628 0
-605 -629 0
-605 -630 0
-606 -607 0
-606 -608 0
-606 -609 0
-606 -610 0
-606 -611 0
-606 -612 0
-606 -613 0
-606 -614 0
-606 -615 0
-606 -616 0
-606 -617 0
-606 -618 0
-606 -619 0
-606 -620 0
-606 -621 0
-606 -622 0
-606 -623 0
-606 -624 0
-606 -625 0
-606 -626 0
-606 -627 0
-606 -628 0
-606 -629 0
-606 -630 0
-607 -608 0
-607 -609 0
-607 -610 0
-607 -611 0
-607 -612 0
-607 -613 0
-607 -614 0
-607 -615 0
-607 -616 0
-607 -617 0
-607 -618 0
-607 -619 0
-607 -620 0
-607 -621 0
-607 -622 0
-607 -623 0
-607 -624 0
-607 -625 0
-607 -626 0
-607 -627 0
-607 -628 0
-607 -629 0
-607 -630 0
-608 -609 0
-608 -610 0
-608 -611 0
-608 -612 0
-608 -613 0
-608 -614 0
-608 -615 0
-608 -616 0
-608 -617 0
-608 -618 0
-608 -619 0
-608 -620 0
-608 -621 0
-608 -622 0
-608 -623 0
-608 -624 0
-608 -625 0
-608 -626 0
-608 -627 0
-608 -628 0
-608 -629 0
-608 -630 0
-609 -610 0
-609 -611 0
-609 -612 0
-609 -613 0
-609 -614 0
-609 -615 0
-609 -616 0
-609 -617 0
-609 -618 0
-609 -619 0
-609 -620 0
-609 -621 0
-609 -622 0
-609 -623 0
-609 -624 0
-609 -625 0
-609 -626 0
-609 -627 0
-609 -628 0
-609 -629 0
-609 -630 0
-610 -611 0
-610 -612 0
-610 -613 0
-610 -614 0
-610 -615 0
-610 -616 0
-610 -617 0
-610 -618 0
-610 -619 0
-610 -620 0
-610 -621 0
-610 -622 0
-610 -623 0
-610 -624 0
-610 -625 0
-610 -626 0
-610 -627 0
-610 -628 0
-610 -629 0
-610 -630 0
-611 -612 0
-611 -613 0
-611 -614 0
-611 -615 0
-611 -616 0
-611 -617 0
-611 -618 0
-611 -619 0
-611 -620 0
-611 -621 0
-611 -622 0
-611 -623 0
-611 -624 0
-611 -625 0
-611 -626 0
-611 -627 0
-611 -628 0
-611 -629 0
-611 -630 0
-612 -613 0
-612 -614 0
-612 -615 0
-612 -616 0
-612 -617 0
-612 -618 0
-612 -619 0
-612 -620 0
-612 -621 0
-612 -622 0
-612 -623 0
-612 -624 0
-612 -625 0
-612 -626 0
-612 -627 0
-612 -628 0
-612 -629 0
-612 -630 0
-613 -614 0
-613 -615 0
-613 -616 0
-613 -617 0
-613 -618 0
-613 -619 0
-613 -620 0
-613 -621 0
-613 -622 0
-613 -623 0
-613 -624 0
-613 -625 0
-613 -626 0
-613 -627 0
-613 -628 0
-613 -629 0
-613 -630 0
-614 -615 0
-614 -616 0
-614 -617 0
-614 -618 0
-614 -619 0
-614 -620 0
-614 -621 0
-614 -622 0
-614 -623 0
-614 -624 0
-614 -625 0
-614 -626 0
-614 -627 0
-614 -628 0
-614 -629 0
-614 -630 0
-615 -616 0
-615 -617 0
-615 -618 0
-615 -619 0
-615 -620 0
-615 -621 0
-615 -622 0
-615 -623 0
-615 -624 0
-615 -625 0
-615 -626 0
-615 -627 0
-615 -628 0
-615 -629 0
-615 -630 0
-616 -617 0
-616 -618 0
-616 -619 0
-616 -620 0
-616 -621 0
-616 -622 0
-616 -623 0
-616 -624 0
-616 -625 0
-616 -626 0
-616 -627 0
-616 -628 0
-616 -629 0
-616 -630 0
-617 -618 0
-617 -619 0
-617 -620 0
-617 -621 0
-617 -622 0
-617 -623 0
-617 -624 0
-617 -625 0
-617 -626 0
-617 -627 0
-617 -628 0
-617 -629 0
-617 -630 0
-618 -619 0
-618 -620 0
-618 -621 0
-618 -622 0
-618 -623 0
-618 -624 0
-618 -625 0
-618 -626 0
-618 -627 0
-618 -628 0
-618 -629 0
-618 -630 0
-619 -620 0
-619 -621 0
-619 -622 0
-619 -623 0
-619 -624 0
-619 -625 0
-619 -626 0
-619 -627 0
-619 -628 0
-619 -629 0
-619 -630 0
-620 -621 0
-620 -622 0
-620 -623 0
-620 -624 0
-620 -625 0
-620 -626 0
-620 -627 0
-620 -628 0
-620 -629 0
-620 -630 0
-621 -622 0
-621 -623 0
-621 -624 0
-621 -625 0
-621 -626 0
-621 -627 0
-621 -628 0
-621 -629 0
-621 -630 0
-622 -623 0
-622 -624 0
-622 -625 0
-622 -626 0
-622 -627 0
-622 -628 0
-622 -629 0
-622 -630 0
-623 -624 0
-623 -625 0
-623 -626 0
-623 -627 0
-623 -628 0
-623 -629 0
-623 -630 0
-624 -625 0
-624 -626 0
-624 -627 0
-624 -628 0
-624 -629 0
-624 -630 0
-625 -626 0
-625 -627 0
-625 -628 0
-625 -629 0
-625 -630 0
-626 -627 0
-626 -628 0
-626 -629 0
-626 -630 0
-627 -628 0
-627 -629 0
-627 -630 0
-628 -629 0
-628 -630 0
-629 -630 0
-631 -632 0
-631 -633 0
-631 -634 0
-631 -635 0
-631 -636 0
-631 -637 0
-631 -638 0
-631 -639 0
-631 -640 0
-631 -641 0
-631 -642 0
-631 -643 0
-631 -644 0
-631 -645 0
-631 -646 0
-631 -647 0
-631 -648 0
-631 -649 0
-631 -650 0
-631 -651 0
-631 -652 0
-631 -653 0
-631 -654 0
-631 -655 0
-631 -656 0
-631 -657 0
-631 -658 0
-631 -659 0
-631 -660 0
-631 -661 0
-631 -662 0
-631 -663 0
-631 -664 0
-631 -665 0
-632 -633 0
-632 -634 0
-632 -635 0
-632 -636 0
-632 -637 0
-632 -638 0
-632 -639 0
-632 -640 0
-632 -641 0
-632 -642 0
-632 -643 0
-632 -644 0
-632 -645 0
-632 -646 0
-632 -647 0
-632 -648 0
-632 -649 0
-632 -650 0
-632 -651 0
-632 -652 0
-632 -653 0
-632 -654 0
-632 -655 0
-632 -656 0
-632 -657 0
-632 -658 0
-632 -659 0
-632 -660 0
-632 -661 0
-632 -662 0
-632 -663 0
-632 -664 0
-632 -665 0
-633 -634 0
-633 -635 0
-633 -636 0
-633 -637 0
-633 -638 0
-633 -639 0
-633 -640 0
-633 -641 0
-633 -642 0
-633 -643 0
-633 -644 0
-633 -645 0
-633 -646 0
-633 -647 0
-633 -648 0
-633 -649 0
-633 -650 0
-633 -651 0
-633 -652 0
-633 -653 0
-633 -654 0
-633 -655 0
-633 -656 0
-633 -657 0
-633 -658 0
-633 -659 0
-633 -660 0
-633 -661 0
-633 -662 0
-633 -663 0
-633 -664 0
-633 -665 0
-634 -635 0
-634 -636 0
-634 -637 0
-634 -638 0
-634 -639 0
-634 -640 0
-634 -641 0
-634 -642 0
-634 -643 0
-634 -644 0
-634 -645 0
-634 -646 0
-634 -647 0
-634 -648 0
-634 -649 0
-634 -650 0
-634 -651 0
-634 -652 0
-634 -653 0
-634 -654 0
-634 -655 0
-634 -656 0
-634 -657 0
-634 -658 0
-634 -659 0
-634 -660 0
-634 -661 0
-634 -662 0
-634 -663 0
-634 -664 0
-634 -665 0
-635 -636 0
-635 -637 0
-635 -638 0
-635 -639 0
-635 -640 0
-635 -641 0
-635 -642 0
-635 -643 0
-635 -644 0
-635 -645 0
-635 -646 0
-635 -647 0
-635 -648 0
-635 -649 0
-635 -650 0
-635 -651 0
-635 -652 0
-635 -653 0
-635 -654 0
-635 -655 0
-635 -656 0
-635 -657 0
-635 -658 0
-635 -659 0
-635 -660 0
-635 -661 0
-635 -662 0
-635 -663 0
-635 -664 0
-635 -665 0
-636 -637 0
-636 -638 0
-636 -639 0
-636 -640 0
-636 -641 0
-636 -642 0
-636 -643 0
-636 -644 0
-636 -645 0
-636 -646 0
-636 -647 0
-636 -648 0
-636 -649 0
-636 -650 0
-636 -651 0
-636 -652 0
-636 -653 0
-636 -654 0
-636 -655 0
-636 -656 0
-636 -657 0
-636 -658 0
-636 -659 0
-636 -660 0
-636 -661 0
-636 -662 0
-636 -663 0
-636 -664 0
-636 -665 0
-637 -638 0
-637 -639 0
-637 -640 0
-637 -641 0
-637 -642 0
-637 -643 0
-637 -644 0
-637 -645 0
-637 -646 0
-637 -647 0
-637 -648 0
-637 -649 0
-637 -650 0
-637 -651 0
-637 -652 0
-637 -653 0
-637 -654 0
-637 -655 0
-637 -656 0
-637 -657 0
-637 -658 0
-637 -659 0
-637 -660 0
-637 -661 0
-637 -662 0
-637 -663 0
-637 -664 0
-637 -665 0
-638 -639 0
-638 -640 0
-638 -641 0
-638 -642 0
-638 -643 0
-638 -644 0
-638 -645 0
-638 -646 0
-638 -647 0
-638 -648 0
-638 -649 0
-638 -650 0
-638 -651 0
-638 -652 0
-638 -653 0
-638 -654 0
-638 -655 0
-638 -656 0
-638 -657 0
-638 -658 0
-638 -659 0
-638 -660 0
-638 -661 0
-638 -662 0
-638 -663 0
-638 -664 0
-638 -665 0
-639 -640 0
-639 -641 0
-639 -642 0
-639 -643 0
-639 -644 0
-639 -645 0
-639 -646 0
-639 -647 0
-639 -648 0
-639 -649 0
-639 -650 0
-639 -651 0
-639 -652 0
-639 -653 0
-639 -654 0
-639 -655 0
-639 -656 0
-639 -657 0
-639 -658 0
-639 -659 0
-639 -660 0
-639 -661 0
-639 -662 0
-639 -663 0
-639 -664 0
-639 -665 0
-640 -641 0
-640 -642 0
-640 -643 0
-640 -644 0
-640 -645 0
-640 -646 0
-640 -647 0
-640 -648 0
-640 -649 0
-640 -650 0
-640 -651 0
-640 -652 0
-640 -653 0
-640 -654 0
-640 -655 0
-640 -656 0
-640 -657 0
-640 -658 0
-640 -659 0
-640 -660 0
-640 -661 0
-640 -662 0
-640 -663 0
-640 -664 0
-640 -665 0
-641 -642 0
-641 -643 0
-641 -644 0
-641 -645 0
-641 -646 0
-641 -647 0
-641 -648 0
-641 -649 0
-641 -650 0
-641 -651 0
-641 -652 0
-641 -653 0
-641 -654 0
-641 -655 0
-641 -656 0
-641 -657 0
-641 -658 0
-641 -659 0
-641 -660 0
-641 -661 0
-641 -662 0
-641 -663 0
-641 -664 0
-641 -665 0
-642 -643 0
-642 -644 0
-642 -645 0
-642 -646 0
-642 -647 0
-642 -648 0
-642 -649 0
-642 -650 0
-642 -651 0
-642 -652 0
-642 -653 0
-642 -654 0
-642 -655 0
-642 -656 0
-642 -657 0
-642 -658 0
-642 -659 0
-642 -660 0
-642 -661 0
-642 -662 0
-642 -663 0
-642 -664 0
-642 -665 0
-643 -644 0
-643 -645 0
-643 -646 0
-643 -647 0
-643 -648 0
-643 -649 0
-643 -650 0
-643 -651 0
-643 -652 0
-643 -653 0
-643 -654 0
-643 -655 0
-643 -656 0
-643 -657 0
-643 -658 0
-643 -659 0
-643 -660 0
-643 -661 0
-643 -662 0
-643 -663 0
-643 -664 0
-643 -665 0
-644 -645 0
-644 -646 0
-644 -647 0
-644 -648 0
-644 -649 0
-644 -650 0
-644 -651 0
-644 -652 0
-644 -653 0
-644 -654 0
-644 -655 0
-644 -656 0
-644 -657 0
-644 -658 0
-644 -659 0
-644 -660 0
-644 -661 0
-644 -662 0
-644 -663 0
-644 -664 0
-644 -665 0
-645 -646 0
-645 -647 0
-645 -648 0
-645 -649 0
-645 -650 0
-645 -651 0
-645 -652 0
-645 -653 0
-645 -654 0
-645 -655 0
-645 -656 0
-645 -657 0
-645 -658 0
-645 -659 0
-645 -660 0
-645 -661 0
-645 -662 0
-645 -663 0
-645 -664 0
-645 -665 0
-646 -647 0
-646 -648 0
-646 -649 0
-646 -650 0
-646 -651 0
-646 -652 0
-646 -653 0
-646 -654 0
-646 -655 0
-646 -656 0
-646 -657 0
-646 -658 0
-646 -659 0
-646 -660 0
-646 -661 0
-646 -662 0
-646 -663 0
-646 -664 0
-646 -665 0
-647 -648 0
-647 -649 0
-647 -650 0
-647 -651 0
-647 -652 0
-647 -653 0
-647 -654 0
-647 -655 0
-647 -656 0
-647 -657 0
-647 -658 0
-647 -659 0
-647 -660 0
-647 -661 0
-647 -662 0
-647 -663 0
-647 -664 0
-647 -665 0
-648 -649 0
-648 -650 0
-648 -651 0
-648 -652 0
-648 -653 0
-648 -654 0
-648 -655 0
-648 -656 0
-648 -657 0
-648 -658 0
-648 -659 0
-648 -660 0
-648 -661 0
-648 -662 0
-648 -663 0
-648 -664 0
-648 -665 0
-649 -650 0
-649 -651 0
-649 -652 0
-649 -653 0
-649 -654 0
-649 -655 0
-649 -656 0
-649 -657 0
-649 -658 0
-649 -659 0
-649 -660 0
-649 -661 0
-649 -662 0
-649 -663 0
-649 -664 0
-649 -665 0
-650 -651 0
-650 -652 0
-650 -653 0
-650 -654 0
-650 -655 0
-650 -656 0
-650 -657 0
-650 -658 0
-650 -659 0
-650 -660 0
-650 -661 0
-650 -662 0
-650 -663 0
-650 -664 0
-650 -665 0
-651 -652 0
-651 -653 0
-651 -654 0
-651 -655 0
-651 -656 0
-651 -657 0
-651 -658 0
-651 -659 0
-651 -660 0
-651 -661 0
-651 -662 0
-651 -663 0
-651 -664 0
-651 -665 0
-652 -653 0
-652 -654 0
-652 -655 0
-652 -656 0
-652 -657 0
-652 -658 0
-652 -659 0
-652 -660 0
-652 -661 0
-652 -662 0
-652 -663 0
-652 -664 0
-652 -665 0
-653 -654 0
-653 -655 0
-653 -656 0
-653 -657 0
-653 -658 0
-653 -659 0
-653 -660 0
-653 -661 0
-653 -662 0
-653 -663 0
-653 -664 0
-653 -665 0
-654 -655 0
-654 -656 0
-654 -657 0
-654 -658 0
-654 -659 0
-654 -660 0
-654 -661 0
-654 -662 0
-654 -663 0
-654 -664 0
-654 -665 0
-655 -656 0
-655 -657 0
-655 -658 0
-655 -659 0
-655 -660 0
-655 -661 0
-655 -662 0
-655 -663 0
-655 -664 0
-655 -665 0
-656 -657 0
-656 -658 0
-656 -659 0
-656 -660 0
-656 -661 0
-656 -662 0
-656 -663 0
-656 -664 0
-656 -665 0
-657 -658 0
-657 -659 0
-657 -660 0
-657 -661 0
-657 -662 0
-657 -663 0
-657 -664 0
-657 -665 0
-658 -659 0
-658 -660 0
-658 -661 0
-658 -662 0
-658 -663 0
-658 -664 0
-658 -665 0
-659 -660 0
-659 -661 0
-659 -662 0
-659 -663 0
-659 -664 0
-659 -665 0
-660 -661 0
-660 -662 0
-660 -663 0
-660 -664 0
-660 -665 0
-661 -662 0
-661 -663 0
-661 -664 0
-661 -665 0
-662 -663 0
-662 -664 0
-662 -665 0
-663 -664 0
-663 -665 0
-664 -665 0
-666 -667 0
-666 -668 0
-666 -669 0
-666 -670 0
-666 -671 0
-666 -672 0
-666 -673 0
-666 -674 0
-666 -675 0
-666 -676 0
-666 -677 0
-666 -678 0
-666 -679 0
-666 -680 0
-666 -681 0
-666 -682 0
-666 -683 0
-666 -684 0
-666 -685 0
-666 -686 0
-666 -687 0
-666 -688 0
-666 -689 0
-666 -690 0
-666 -691 0
-666 -692 0
-666 -693 0
-666 -694 0
-666 -695 0
-666 -696 0
-666 -697 0
-666 -698 0
-666 -699 0
-666 -700 0
-667 -668 0
-667 -669 0
-667 -670 0
-667 -671 0
-667 -672 0
-667 -673 0
-667 -674 0
-667 -675 0
-667 -676 0
-667 -677 0
-667 -678 0
-667 -679 0
-667 -680 0
-667 -681 0
-667 -682 0
-667 -683 0
-667 -684 0
-667 -685 0
-667 -686 0
-667 -687 0
-667 -688 0
-667 -689 0
-667 -690 0
-667 -691 0
-667 -692 0
-667 -693 0
-667 -694 0
-667 -695 0
-667 -696 0
-667 -697 0
-667 -698 0
-667 -699 0
-667 -700 0
-668 -669 0
-668 -670 0
-668 -671 0
-668 -672 0
-668 -673 0
-668 -674 0
-668 -675 0
-668 -676 0
-668 -677 0
-668 -678 0
-668 -679 0
-668 -680 0
-668 -681 0
-668 -682 0
-668 -683 0
-668 -684 0
-668 -685 0
-668 -686 0
-668 -687 0
-668 -688 0
-668 -689 0
-668 -690 0
-668 -691 0
-668 -692 0
-668 -693 0
-668 -694 0
-668 -695 0
-668 -696 0
-668 -697 0
-668 -698 0
-668 -699 0
-668 -700 0
-669 -670 0
-669 -671 0
-669 -672 0
-669 -673 0
-669 -674 0
-669 -675 0
-669 -676 0
-669 -677 0
-669 -678 0
-669 -679 0
-669 -680 0
-669 -681 0
-669 -682 0
-669 -683 0
-669 -684 0
-669 -685 0
-669 -686 0
-669 -687 0
-669 -688 0
-669 -689 0
-669 -690 0
-669 -691 0
-669 -692 0
-669 -693 0
-669 -694 0
-669 -695 0
-669 -696 0
-669 -697 0
-669 -698 0
-669 -699 0
-669 -700 0
-670 -671 0
-670 -672 0
-670 -673 0
-670 -674 0
-670 -675 0
-670 -676 0
-670 -677 0
-670 -678 0
-670 -679 0
-670 -680 0
-670 -681 0
-670 -682 0
-670 -683 0
-670 -684 0
-670 -685 0
-670 -686 0
-670 -687 0
-670 -688 0
-670 -689 0
-670 -690 0
-670 -691 0
-670 -692 0
-670 -693 0
-670 -694 0
-670 -695 0
-670 -696 0
-670 -697 0
-670 -698 0
-670 -699 0
-670 -700 0
-671 -672 0
-671 -673 0
-671 -674 0
-671 -675 0
-671 -676 0
-671 -677 0
-671 -678 0
-671 -679 0
-671 -680 0
-671 -681 0
-671 -682 0
-671 -683 0
-671 -684 0
-671 -685 0
-671 -686 0
-671 -687 0
-671 -688 0
-671 -689 0
-671 -690 0
-671 -691 0
-671 -692 0
-671 -693 0
-671 -694 0
-671 -695 0
-671 -696 0
-671 -697 0
-671 -698 0
-671 -699 0
-671 -700 0
-672 -673 0
-672 -674 0
-672 -675 0
-672 -676 0
-672 -677 0
-672 -678 0
-672 -679 0
-672 -680 0
-672 -681 0
-672 -682 0
-672 -683 0
-672 -684 0
-672 -685 0
-672 -686 0
-672 -687 0
-672 -688 0
-672 -689 0
-672 -690 0
-672 -691 0
-672 -692 0
-672 -693 0
-672 -694 0
-672 -695 0
-672 -696 0
-672 -697 0
-672 -698 0
-672 -699 0
-672 -700 0
-673 -674 0
-673 -675 0
-673 -676 0
-673 -677 0
-673 -678 0
-673 -679 0
-673 -680 0
-673 -681 0
-673 -682 0
-673 -683 0
-673 -684 0
-673 -685 0
-673 -686 0
-673 -687 0
-673 -688 0
-673 -689 0
-673 -690 0
-673 -691 0
-673 -692 0
-673 -693 0
-673 -694 0
-673 -695 0
-673 -696 0
-673 -697 0
-673 -698 0
-673 -699 0
-673 -700 0
-674 -675 0
-674 -676 0
-674 -677 0
-674 -678 0
-674 -679 0
-674 -680 0
-674 -681 0
-674 -682 0
-674 -683 0
-674 -684 0
-674 -685 0
-674 -686 0
-674 -687 0
-674 -688 0
-674 -689 0
-674 -690 0
-674 -691 0
-674 -692 0
-674 -693 0
-674 -694 0
-674 -695 0
-674 -696 0
-674 -697 0
-674 -698 0
-674 -699 0
-674 -700 0
-675 -676 0
-675 -677 0
-675 -678 0
-675 -679 0
-675 -680 0
-675 -681 0
-675 -682 0
-675 -683 0
-675 -684 0
-675 -685 0
-675 -686 0
-675 -687 0
-675 -688 0
-675 -689 0
-675 -690 0
-675 -691 0
-675 -692 0
-675 -693 0
-675 -694 0
-675 -695 0
-675 -696 0
-675 -697 0
-675 -698 0
-675 -699 0
-675 -700 0
-676 -677 0
-676 -678 0
-676 -679 0
-676 -680 0
-676 -681 0
-676 -682 0
-676 -683 0
-676 -684 0
-676 -685 0
-676 -686 0
-676 -687 0
-676 -688 0
-676 -689 0
-676 -690 0
-676 -691 0
-676 -692 0
-676 -693 0
-676 -694 0
-676 -695 0
-676 -696 0
-676 -697 0
-676 -698 0
-676 -699 0
-676 -700 0
-677 -678 0
-677 -679 0
-677 -680 0
-677 -681 0
-677 -682 0
-677 -683 0
-677 -684 0
-677 -685 0
-677 -686 0
-677 -687 0
-677 -688 0
-677 -689 0
-677 -690 0
-677 -691 0
-677 -692 0
-677 -693 0
-677 -694 0
-677 -695 0
-677 -696 0
-677 -697 0
-677 -698 0
-677 -699 0
-677 -700 0
-678 -679 0
-678 -680 0
-678 -681 0
-678 -682 0
-678 -683 0
-678 -684 0
-678 -685 0
-678 -686 0
-678 -687 0
-678 -688 0
-678 -689 0
-678 -690 0
-678 -691 0
-678 -692 0
-678 -693 0
-678 -694 0
-678 -695 0
-678 -696 0
-678 -697 0
-678 -698 0
-678 -699 0
-678 -700 0
-679 -680 0
-679 -681 0
-679 -682 0
-679 -683 0
-679 -684 0
-679 -685 0
-679 -686 0
-679 -687 0
-679 -688 0
-679 -689 0
-679 -690 0
-679 -691 0
-679 -692 0
-679 -693 0
-679 -694 0
-679 -695 0
-679 -696 0
-679 -697 0
-679 -698 0
-679 -699 0
-679 -700 0
-680 -681 0
-680 -682 0
-680 -683 0
-680 -684 0
-680 -685 0
-680 -686 0
-680 -687 0
-680 -688 0
-680 -689 0
-680 -690 0
-680 -691 0
-680 -692 0
-680 -693 0
-680 -694 0
-680 -695 0
-680 -696 0
-680 -697 0
-680 -698 0
-680 -699 0
-680 -700 0
-681 -682 0
-681 -683 0
-681 -684 0
-681 -685 0
-681 -686 0
-681 -687 0
-681 -688 0
-681 -689 0
-681 -690 0
-681 -691 0
-681 -692 0
-681 -693 0
-681 -694 0
-681 -695 0
-681 -696 0
-681 -697 0
-681 -698 0
-681 -699 0
-681 -700 0
-682 -683 0
-682 -684 0
-682 -685 0
-682 -686 0
-682 -687 0
-682 -688 0
-682 -689 0
-682 -690 0
-682 -691 0
-682 -692 0
-682 -693 0
-682 -694 0
-682 -695 0
-682 -696 0
-682 -697 0
-682 -698 0
-682 -699 0
-682 -700 0
-683 -684 0
-683 -685 0
-683 -686 0
-683 -687 0
-683 -688 0
-683 -689 0
-683 -690 0
-683 -691 0
-683 -692 0
-683 -693 0
-683 -694 0
-683 -695 0
-683 -696 0
-683 -697 0
-683 -698 0
-683 -699 0
-683 -700 0
-684 -685 0
-684 -686 0
-684 -687 0
-684 -688 0
-684 -689 0
-684 -690 0
-684 -691 0
-684 -692 0
-684 -693 0
-684 -694 0
-684 -695 0
-684 -696 0
-684 -697 0
-684 -698 0
-684 -699 0
-684 -700 0
-685 -686 0
-685 -687 0
-685 -688 0
-685 -689 0
-685 -690 0
-685 -691 0
-685 -692 0
-685 -693 0
-685 -694 0
-685 -695 0
-685 -696 0
-685 -697 0
-685 -698 0
-685 -699 0
-685 -700 0
-686 -687 0
-686 -688 0
-686 -689 0
-686 -690 0
-686 -691 0
-686 -692 0
-686 -693 0
-686 -694 0
-686 -695 0
-686 -696 0
-686 -697 0
-686 -698 0
-686 -699 0
-686 -700 0
-687 -688 0
-687 -689 0
-687 -690 0
-687 -691 0
-687 -692 0
-687 -693 0
-687 -694 0
-687 -695 0
-687 -696 0
-687 -697 0
-687 -698 0
-687 -699 0
-687 -700 0
-688 -689 0
-688 -690 0
-688 -691 0
-688 -692 0
-688 -693 0
-688 -694 0
-688 -695 0
-688 -696 0
-688 -697 0
-688 -698 0
-688 -699 0
-688 -700 0
-689 -690 0
-689 -691 0
-689 -692 0
-689 -693 0
-689 -694 0
-689 -695 0
-689 -696 0
-689 -697 0
-689 -698 0
-689 -699 0
-689 -700 0
-690 -691 0
-690 -692 0
-690 -693 0
-690 -694 0
-690 -695 0
-690 -696 0
-690 -697 0
-690 -698 0
-690 -699 0
-690 -700 0
-691 -692 0
-691 -693 0
-691 -694 0
-691 -695 0
-691 -696 0
-691 -697 0
-691 -698 0
-691 -699 0
-691 -700 0
-692 -693 0
-692 -694 0
-692 -695 0
-692 -696 0
-692 -697 0
-692 -698 0
-692 -699 0
-692 -700 0
-693 -694 0
-693 -695 0
-693 -696 0
-693 -697 0
-693 -698 0
-693 -699 0
-693 -700 0
-694 -695 0
-694 -696 0
-694 -697 0
-694 -698 0
-694 -699 0
-694 -700 0
-695 -696 0
-695 -697 0
-695 -698 0
-695 -699 0
-695 -700 0
-696 -697 0
-696 -698 0
-696 -699 0
-696 -700 0
-697 -698 0
-697 -699 0
-697 -700 0
-698 -699 0
-698 -700 0
-699 -700 0
-701 -702 0
-701 -703 0
-701 -704 0
-701 -705 0
-701 -706 0
-701 -707 0
-701 -708 0
-701 -709 0
-701 -710 0
-701 -711 0
-701 -712 0
-701 -713 0
-701 -714 0
-701 -715 0
-701 -716 0
-701 -717 0
-701 -718 0
-701 -719 0
-701 -720 0
-701 -721 0
-701 -722 0
-701 -723 0
-701 -724 0
-701 -725 0
-701 -726 0
-701 -727 0
-701 -728 0
-701 -729 0
-701 -730 0
-701 -731 0
-701 -732 0
-701 -733 0
-701 -734 0
-701 -735 0
-702 -703 0
-702 -704 0
-702 -705 0
-702 -706 0
-702 -707 0
-702 -708 0
-702 -709 0
-702 -710 0
-702 -711 0
-702 -712 0
-702 -713 0
-702 -714 0
-702 -715 0
-702 -716 0
-702 -717 0
-702 -718 0
-702 -719 0
-702 -720 0
-702 -721 0
-702 -722 0
-702 -723 0
-702 -724 0
-702 -725 0
-702 -726 0
-702 -727 0
-702 -728 0
-702 -729 0
-702 -730 0
-702 -731 0
-702 -732 0
-702 -733 0
-702 -734 0
-702 -735 0
-703 -704 0
-703 -705 0
-703 -706 0
-703 -707 0
-703 -708 0
-703 -709 0
-703 -710 0
-703 -711 0
-703 -712 0
-703 -713 0
-703 -714 0
-703 -715 0
-703 -716 0
-703 -717 0
-703 -718 0
-703 -719 0
-703 -720 0
-703 -721 0
-703 -722 0
-703 -723 0
-703 -724 0
-703 -725 0
-703 -726 0
-703 -727 0
-703 -728 0
-703 -729 0
-703 -730 0
-703 -731 0
-703 -732 0
-703 -733 0
-703 -734 0
-703 -735 0
-704 -705 0
-704 -706 0
-704 -707 0
-704 -708 0
-704 -709 0
-704 -710 0
-704 -711 0
-704 -712 0
-704 -713 0
-704 -714 0
-704 -715 0
-704 -716 0
-704 -717 0
-704 -718 0
-704 -719 0
-704 -720 0
-704 -721 0
-704 -722 0
-704 -723 0
-704 -724 0
-704 -725 0
-704 -726 0
-704 -727 0
-704 -728 0
-704 -729 0
-704 -730 0
-704 -731 0
-704 -732 0
-704 -733 0
-704 -734 0
-704 -735 0
-705 -706 0
-705 -707 0
-705 -708 0
-705 -709 0
-705 -710 0
-705 -711 0
-705 -712 0
-705 -713 0
-705 -714 0
-705 -715 0
-705 -716 0
-705 -717 0
-705 -718 0
-705 -719 0
-705 -720 0
-705 -721 0
-705 -722 0
-705 -723 0
-705 -724 0
-705 -725 0
-705 -726 0
-705 -727 0
-705 -728 0
-705 -729 0
-705 -730 0
-705 -731 0
-705 -732 0
-705 -733 0
-705 -734 0
-705 -735 0
-706 -707 0
-706 -708 0
-706 -709 0
-706 -710 0
-706 -711 0
-706 -712 0
-706 -713 0
-706 -714 0
-706 -715 0
-706 -716 0
-706 -717 0
-706 -718 0
-706 -719 0
-706 -720 0
-706 -721 0
-706 -722 0
-706 -723 0
-706 -724 0
-706 -725 0
-706 -726 0
-706 -727 0
-706 -728 0
-706 -729 0
-706 -730 0
-706 -731 0
-706 -732 0
-706 -733 0
-706 -734 0
-706 -735 0
-707 -708 0
-707 -709 0
-707 -710 0
-707 -711 0
-707 -712 0
-707 -713 0
-707 -714 0
-707 -715 0
-707 -716 0
-707 -717 0
-707 -718 0
-707 -719 0
-707 -720 0
-707 -721 0
-707 -722 0
-707 -723 0
-707 -724 0
-707 -725 0
-707 -726 0
-707 -727 0
-707 -728 0
-707 -729 0
-707 -730 0
-707 -731 0
-707 -732 0
-707 -733 0
-707 -734 0
-707 -735 0
-708 -709 0
-708 -710 0
-708 -711 0
-708 -712 0
-708 -713 0
-708 -714 0
-708 -715 0
-708 -716 0
-708 -717 0
-708 -718 0
-708 -719 0
-708 -720 0
-708 -721 0
-708 -722 0
-708 -723 0
-708 -724 0
-708 -725 0
-708 -726 0
-708 -727 0
-708 -728 0
-708 -729 0
-708 -730 0
-708 -731 0
-708 -732 0
-708 -733 0
-708 -734 0
-708 -735 0
-709 -710 0
-709 -711 0
-709 -712 0
-709 -713 0
-709 -714 0
-709 -715 0
-709 -716 0
-709 -717 0
-709 -718 0
-709 -719 0
-709 -720 0
-709 -721 0
-709 -722 0
-709 -723 0
-709 -724 0
-709 -725 0
-709 -726 0
-709 -727 0
-709 -728 0
-709 -729 0
-709 -730 0
-709 -731 0
-709 -732 0
-709 -733 0
-709 -734 0
-709 -735 0
-710 -711 0
-710 -712 0
-710 -713 0
-710 -714 0
-710 -715 0
-710 -716 0
-710 -717 0
-710 -718 0
-710 -719 0
-710 -720 0
-710 -721 0
-710 -722 0
-710 -723 0
-710 -724 0
-710 -725 0
-710 -726 0
-710 -727 0
-710 -728 0
-710 -729 0
-710 -730 0
-710 -731 0
-710 -732 0
-710 -733 0
-710 -734 0
-710 -735 0
-711 -712 0
-711 -713 0
-711 -714 0
-711 -715 0
-711 -716 0
-711 -717 0
-711 -718 0
-711 -719 0
-711 -720 0
-711 -721 0
-711 -722 0
-711 -723 0
-711 -724 0
-711 -725 0
-711 -726 0
-711 -727 0
-711 -728 0
-711 -729 0
-711 -730 0
-711 -731 0
-711 -732 0
-711 -733 0
-711 -734 0
-711 -735 0
-712 -713 0
-712 -714 0
-712 -715 0
-712 -716 0
-712 -717 0
-712 -718 0
-712 -719 0
-712 -720 0
-712 -721 0
-712 -722 0
-712 -723 0
-712 -724 0
-712 -725 0
-712 -726 0
-712 -727 0
-712 -728 0
-712 -729 0
-712 -730 0
-712 -731 0
-712 -732 0
-712 -733 0
-712 -734 0
-712 -735 0
-713 -714 0
-713 -715 0
-713 -716 0
-713 -717 0
-713 -718 0
-713 -719 0
-713 -720 0
-713 -721 0
-713 -722 0
-713 -723 0
-713 -724 0
-713 -725 0
-713 -726 0
-713 -727 0
-713 -728 0
-713 -729 0
-713 -730 0
-713 -731 0
-713 -732 0
-713 -733 0
-713 -734 0
-713 -735 0
-714 -715 0
-714 -716 0
-714 -717 0
-714 -718 0
-714 -719 0
-714 -720 0
-714 -721 0
-714 -722 0
-714 -723 0
-714 -724 0
-714 -725 0
-714 -726 0
-714 -727 0
-714 -728 0
-714 -729 0
-714 -730 0
-714 -731 0
-714 -732 0
-714 -733 0
-714 -734 0
-714 -735 0
-715 -716 0
-715 -717 0
-715 -718 0
-715 -719 0
-715 -720 0
-715 -721 0
-715 -722 0
-715 -723 0
-715 -724 0
-715 -725 0
-715 -726 0
-715 -727 0
-715 -728 0
-715 -729 0
-715 -730 0
-715 -731 0
-715 -732 0
-715 -733 0
-715 -734 0
-715 -735 0
-716 -717 0
-716 -718 0
-716 -719 0
-716 -720 0
-716 -721 0
-716 -722 0
-716 -723 0
-716 -724 0
-716 -725 0
-716 -726 0
-716 -727 0
-716 -728 0
-716 -729 0
-716 -730 0
-716 -731 0
-716 -732 0
-716 -733 0
-716 -734 0
-716 -735 0
-717 -718 0
-717 -719 0
-717 -720 0
-717 -721 0
-717 -722 0
-717 -723 0
-717 -724 0
-717 -725 0
-717 -726 0
-717 -727 0
-717 -728 0
-717 -729 0
-717 -730 0
-717 -731 0
-717 -732 0
-717 -733 0
-717 -734 0
-717 -735 0
-718 -719 0
-718 -720 0
-718 -721 0
-718 -722 0
-718 -723 0
-718 -724 0
-718 -725 0
-718 -726 0
-718 -727 0
-718 -728 0
-718 -729 0
-718 -730 0
-718 -731 0
-718 -732 0
-718 -733 0
-718 -734 0
-718 -735 0
-719 -720 0
-719 -721 0
-719 -722 0
-719 -723 0
-719 -724 0
-719 -725 0
-719 -726 0
-719 -727 0
-719 -728 0
-719 -729 0
-719 -730 0
-719 -731 0
-719 -732 0
-719 -733 0
-719 -734 0
-719 -735 0
-720 -721 0
-720 -722 0
-720 -723 0
-720 -724 0
-720 -725 0
-720 -726 0
-720 -727 0
-720 -728 0
-720 -729 0
-720 -730 0
-720 -731 0
-720 -732 0
-720 -733 0
-720 -734 0
-720 -735 0
-721 -722 0
-721 -723 0
-721 -724 0
-721 -725 0
-721 -726 0
-721 -727 0
-721 -728 0
-721 -729 0
-721 -730 0
-721 -731 0
-721 -732 0
-721 -733 0
-721 -734 0
-721 -735 0
-722 -723 0
-722 -724 0
-722 -725 0
-722 -726 0
-722 -727 0
-722 -728 0
-722 -729 0
-722 -730 0
-722 -731 0
-722 -732 0
-722 -733 0
-722 -734 0
-722 -735 0
-723 -724 0
-723 -725 0
-723 -726 0
-723 -727 0
-723 -728 0
-723 -729 0
-723 -730 0
-723 -731 0
-723 -732 0
-723 -733 0
-723 -734 0
-723 -735 0
-724 -725 0
-724 -726 0
-724 -727 0
-724 -728 0
-724 -729 0
-724 -730 0
-724 -731 0
-724 -732 0
-724 -733 0
-724 -734 0
-724 -735 0
-725 -726 0
-725 -727 0
-725 -728 0
-725 -729 0
-725 -730 0
-725 -731 0
-725 -732 0
-725 -733 0
-725 -734 0
-725 -735 0
-726 -727 0
-726 -728 0
-726 -729 0
-726 -730 0
-726 -731 0
-726 -732 0
-726 -733 0
-726 -734 0
-726 -735 0
-727 -728 0
-727 -729 0
-727 -730 0
-727 -731 0
-727 -732 0
-727 -733 0
-727 -734 0
-727 -735 0
-728 -729 0
-728 -730 0
-728 -731 0
-728 -732 0
-728 -733 0
-728 -734 0
-728 -735 0
-729 -730 0
-729 -731 0
-729 -732 0
-729 -733 0
-729 -734 0
-729 -735 0
-730 -731 0
-730 -732 0
-730 -733 0
-730 -734 0
-730 -735 0
-731 -732 0
-731 -733 0
-731 -734 0
-731 -735 0
-732 -733 0
-732 -734 0
-732 -735 0
-733 -734 0
-733 -735 0
-734 -735 0
-736 -737 0
-736 -738 0
-736 -739 0
-736 -740 0
-736 -741 0
-736 -742 0
-736 -743 0
-736 -744 0
-736 -745 0
-736 -746 0
-736 -747 0
-736 -748 0
-736 -749 0
-736 -750 0
-736 -751 0
-736 -752 0
-736 -753 0
-736 -754 0
-736 -755 0
-736 -756 0
-736 -757 0
-736 -758 0
-736 -759 0
-736 -760 0
-736 -761 0
-736 -762 0
-736 -763 0
-736 -764 0
-736 -765 0
-736 -766 0
-736 -767 0
-736 -768 0
-736 -769 0
-736 -770 0
-737 -738 0
-737 -739 0
-737 -740 0
-737 -741 0
-737 -742 0
-737 -743 0
-737 -744 0
-737 -745 0
-737 -746 0
-737 -747 0
-737 -748 0
-737 -749 0
-737 -750 0
-737 -751 0
-737 -752 0
-737 -753 0
-737 -754 0
-737 -755 0
-737 -756 0
-737 -757 0
-737 -758 0
-737 -759 0
-737 -760 0
-737 -761 0
-737 -762 0
-737 -763 0
-737 -764 0
-737 -765 0
-737 -766 0
-737 -767 0
-737 -768 0
-737 -769 0
-737 -770 0
-738 -739 0
-738 -740 0
-738 -741 0
-738 -742 0
-738 -743 0
-738 -744 0
-738 -745 0
-738 -746 0
-738 -747 0
-738 -748 0
-738 -749 0
-738 -750 0
-738 -751 0
-738 -752 0
-738 -753 0
-738 -754 0
-738 -755 0
-738 -756 0
-738 -757 0
-738 -758 0
-738 -759 0
-738 -760 0
-738 -761 0
-738 -762 0
-738 -763 0
-738 -764 0
-738 -765 0
-738 -766 0
-738 -767 0
-738 -768 0
-738 -769 0
-738 -770 0
-739 -740 0
-739 -741 0
-739 -742 0
-739 -743 0
-739 -744 0
-739 -745 0
-739 -746 0
-739 -747 0
-739 -748 0
-739 -749 0
-739 -750 0
-739 -751 0
-739 -752 0
-739 -753 0
-739 -754 0
-739 -755 0
-739 -756 0
-739 -757 0
-739 -758 0
-739 -759 0
-739 -760 0
-739 -761 0
-739 -762 0
-739 -763 0
-739 -764 0
-739 -765 0
-739 -766 0
-739 -767 0
-739 -768 0
-739 -769 0
-739 -770 0
-740 -741 0
-740 -742 0
-740 -743 0
-740 -744 0
-740 -745 0
-740 -746 0
-740 -747 0
-740 -748 0
-740 -749 0
-740 -750 0
-740 -751 0
-740 -752 0
-740 -753 0
-740 -754 0
-740 -755 0
-740 -756 0
-740 -757 0
-740 -758 0
-740 -759 0
-740 -760 0
-740 -761 0
-740 -762 0
-740 -763 0
-740 -764 0
-740 -765 0
-740 -766 0
-740 -767 0
-740 -768 0
-740 -769 0
-740 -770 0
-741 -742 0
-741 -743 0
-741 -744 0
-741 -745 0
-741 -746 0
-741 -747 0
-741 -748 0
-741 -749 0
-741 -750 0
-741 -751 0
-741 -752 0
-741 -753 0
-741 -754 0
-741 -755 0
-741 -756 0
-741 -757 0
-741 -758 0
-741 -759 0
-741 -760 0
-741 -761 0
-741 -762 0
-741 -763 0
-741 -764 0
-741 -765 0
-741 -766 0
-741 -767 0
-741 -768 0
-741 -769 0
-741 -770 0
-742 -743 0
-742 -744 0
-742 -745 0
-742 -746 0
-742 -747 0
-742 -748 0
-742 -749 0
-742 -750 0
-742 -751 0
-742 -752 0
-742 -753 0
-742 -754 0
-742 -755 0
-742 -756 0
-742 -757 0
-742 -758 0
-742 -759 0
-742 -760 0
-742 -761 0
-742 -762 0
-742 -763 0
-742 -764 0
-742 -765 0
-742 -766 0
-742 -767 0
-742 -768 0
-742 -769 0
-742 -770 0
-743 -744 0
-743 -745 0
-743 -746 0
-743 -747 0
-743 -748 0
-743 -749 0
-743 -750 0
-743 -751 0
-743 -752 0
-743 -753 0
-743 -754 0
-743 -755 0
-743 -756 0
-743 -757 0
-743 -758 0
-743 -759 0
-743 -760 0
-743 -761 0
-743 -762 0
-743 -763 0
-743 -764 0
-743 -765 0
-743 -766 0
-743 -767 0
-743 -768 0
-743 -769 0
-743 -770 0
-744 -745 0
-744 -746 0
-744 -747 0
-744 -748 0
-744 -749 0
-744 -750 0
-744 -751 0
-744 -752 0
-744 -753 0
-744 -754 0
-744 -755 0
-744 -756 0
-744 -757 0
-744 -758 0
-744 -759 0
-744 -760 0
-744 -761 0
-744 -762 0
-744 -763 0
-744 -764 0
-744 -765 0
-744 -766 0
-744 -767 0
-744 -768 0
-744 -769 0
-744 -770 0
-745 -746 0
-745 -747 0
-745 -748 0
-745 -749 0
-745 -750 0
-745 -751 0
-745 -752 0
-745 -753 0
-745 -754 0
-745 -755 0
-745 -756 0
-745 -757 0
-745 -758 0
-745 -759 0
-745 -760 0
-745 -761 0
-745 -762 0
-745 -763 0
-745 -764 0
-745 -765 0
-745 -766 0
-745 -767 0
-745 -768 0
-745 -769 0
-745 -770 0
-746 -747 0
-746 -748 0
-746 -749 0
-746 -750 0
-746 -751 0
-746 -752 0
-746 -753 0
-746 -754 0
-746 -755 0
-746 -756 0
-746 -757 0
-746 -758 0
-746 -759 0
-746 -760 0
-746 -761 0
-746 -762 0
-746 -763 0
-746 -764 0
-746 -765 0
-746 -766 0
-746 -767 0
-746 -768 0
-746 -769 0
-746 -770 0
-747 -748 0
-747 -749 0
-747 -750 0
-747 -751 0
-747 -752 0
-747 -753 0
-747 -754 0
-747 -755 0
-747 -756 0
-747 -757 0
-747 -758 0
-747 -759 0
-747 -760 0
-747 -761 0
-747 -762 0
-747 -763 0
-747 -764 0
-747 -765 0
-747 -766 0
-747 -767 0
-747 -768 0
-747 -769 0
-747 -770 0
-748 -749 0
-748 -750 0
-748 -751 0
-748 -752 0
-748 -753 0
-748 -754 0
-748 -755 0
-748 -756 0
-748 -757 0
-748 -758 0
-748 -759 0
-748 -760 0
-748 -761 0
-748 -762 0
-748 -763 0
-748 -764 0
-748 -765 0
-748 -766 0
-748 -767 0
-748 -768 0
-748 -769 0
-748 -770 0
-749 -750 0
-749 -751 0
-749 -752 0
-749 -753 0
-749 -754 0
-749 -755 0
-749 -756 0
-749 -757 0
-749 -758 0
-749 -759 0
-749 -760 0
-749 -761 0
-749 -762 0
-749 -763 0
-749 -764 0
-749 -765 0
-749 -766 0
-749 -767 0
-749 -768 0
-749 -769 0
-749 -770 0
-750 -751 0
-750 -752 0
-750 -753 0
-750 -754 0
-750 -755 0
-750 -756 0
-750 -757 0
-750 -758 0
-750 -759 0
-750 -760 0
-750 -761 0
-750 -762 0
-750 -763 0
-750 -764 0
-750 -765 0
-750 -766 0
-750 -767 0
-750 -768 0
-750 -769 0
-750 -770 0
-751 -752 0
-751 -753 0
-751 -754 0
-751 -755 0
-751 -756 0
-751 -757 0
-751 -758 0
-751 -759 0
-751 -760 0
-751 -761 0
-751 -762 0
-751 -763 0
-751 -764 0
-751 -765 0
-751 -766 0
-751 -767 0
-751 -768 0
-751 -769 0
-751 -770 0
-752 -753 0
-752 -754 0
-752 -755 0
-752 -756 0
-752 -757 0
-752 -758 0
-752 -759 0
-752 -760 0
-752 -761 0
-752 -762 0
-752 -763 0
-752 -764 0
-752 -765 0
-752 -766 0
-752 -767 0
-752 -768 0
-752 -769 0
-752 -770 0
-753 -754 0
-753 -755 0
-753 -756 0
-753 -757 0
-753 -758 0
-753 -759 0
-753 -760 0
-753 -761 0
-753 -762 0
-753 -763 0
-753 -764 0
-753 -765 0
-753 -766 0
-753 -767 0
-753 -768 0
-753 -769 0
-753 -770 0
-754 -755 0
-754 -756 0
-754 -757 0
-754 -758 0
-754 -759 0
-754 -760 0
-754 -761 0
-754 -762 0
-754 -763 0
-754 -764 0
-754 -765 0
-754 -766 0
-754 -767 0
-754 -768 0
-754 -769 0
-754 -770 0
-755 -756 0
-755 -757 0
-755 -758 0
-755 -759 0
-755 -760 0
-755 -761 0
-755 -762 0
-755 -763 0
-755 -764 0
-755 -765 0
-755 -766 0
-755 -767 0
-755 -768 0
-755 -769 0
-755 -770 0
-756 -757 0
-756 -758 0
-756 -759 0
-756 -760 0
-756 -761 0
-756 -762 0
-756 -763 0
-756 -764 0
-756 -765 0
-756 -766 0
-756 -767 0
-756 -768 0
-756 -769 0
-756 -770 0
-757 -758 0
-757 -759 0
-757 -760 0
-757 -761 0
-757 -762 0
-757 -763 0
-757 -764 0
-757 -765 0
-757 -766 0
-757 -767 0
-757 -768 0
-757 -769 0
-757 -770 0
-758 -759 0
-758 -760 0
-758 -761 0
-758 -762 0
-758 -763 0
-758 -764 0
-758 -765 0
-758 -766 0
-758 -767 0
-758 -768 0
-758 -769 0
-758 -770 0
-759 -760 0
-759 -761 0
-759 -762 0
-759 -763 0
-759 -764 0
-759 -765 0
-759 -766 0
-759 -767 0
-759 -768 0
-759 -769 0
-759 -770 0
-760 -761 0
-760 -762 0
-760 -763 0
-760 -764 0
-760 -765 0
-760 -766 0
-760 -767 0
-760 -768 0
-760 -769 0
-760 -770 0
-761 -762 0
-761 -763 0
-761 -764 0
-761 -765 0
-761 -766 0
-761 -767 0
-761 -768 0
-761 -769 0
-761 -770 0
-762 -763 0
-762 -764 0
-762 -765 0
-762 -766 0
-762 -767 0
-762 -768 0
-762 -769 0
-762 -770 0
-763 -764 0
-763 -765 0
-763 -766 0
-763 -767 0
-763 -768 0
-763 -769 0
-763 -770 0
-764 -765 0
-764 -766 0
-764 -767 0
-764 -768 0
-764 -769 0
-764 -770 0
-765 -766 0
-765 -767 0
-765 -768 0
-765 -769 0
-765 -770 0
-766 -767 0
-766 -768 0
-766 -769 0
-766 -770 0
-767 -768 0
-767 -769 0
-767 -770 0
-768 -769 0
-768 -770 0
-769 -770 0
-771 -772 0
-771 -773 0
-771 -774 0
-771 -775 0
-771 -776 0
-771 -777 0
-771 -778 0
-771 -779 0
-771 -780 0
-771 -781 0
-771 -782 0
-771 -783 0
-771 -784 0
-771 -785 0
-771 -786 0
-771 -787 0
-771 -788 0
-771 -789 0
-771 -790 0
-771 -791 0
-771 -792 0
-771 -793 0
-771 -794 0
-771 -795 0
-771 -796 0
-771 -797 0
-771 -798 0
-771 -799 0
-771 -800 0
-771 -801 0
-771 -802 0
-771 -803 0
-771 -804 0
-771 -805 0
-772 -773 0
-772 -774 0
-772 -775 0
-772 -776 0
-772 -777 0
-772 -778 0
-772 -779 0
-772 -780 0
-772 -781 0
-772 -782 0
-772 -783 0
-772 -784 0
-772 -785 0
-772 -786 0
-772 -787 0
-772 -788 0
-772 -789 0
-772 -790 0
-772 -791 0
-772 -792 0
-772 -793 0
-772 -794 0
-772 -795 0
-772 -796 0
-772 -797 0
-772 -798 0
-772 -799 0
-772 -800 0
-772 -801 0
-772 -802 0
-772 -803 0
-772 -804 0
-772 -805 0
-773 -774 0
-773 -775 0
-773 -776 0
-773 -777 0
-773 -778 0
-773 -779 0
-773 -780 0
-773 -781 0
-773 -782 0
-773 -783 0
-773 -784 0
-773 -785 0
-773 -786 0
-773 -787 0
-773 -788 0
-773 -789 0
-773 -790 0
-773 -791 0
-773 -792 0
-773 -793 0
-773 -794 0
-773 -795 0
-773 -796 0
-773 -797 0
-773 -798 0
-773 -799 0
-773 -800 0
-773 -801 0
-773 -802 0
-773 -803 0
-773 -804 0
-773 -805 0
-774 -775 0
-774 -776 0
-774 -777 0
-774 -778 0
-774 -779 0
-774 -780 0
-774 -781 0
-774 -782 0
-774 -783 0
-774 -784 0
-774 -785 0
-774 -786 0
-774 -787 0
-774 -788 0
-774 -789 0
-774 -790 0
-774 -791 0
-774 -792 0
-774 -793 0
-774 -794 0
-774 -795 0
-774 -796 0
-774 -797 0
-774 -798 0
-774 -799 0
-774 -800 0
-774 -801 0
-774 -802 0
-774 -803 0
-774 -804 0
-774 -805 0
-775 -776 0
-775 -777 0
-775 -778 0
-775 -779 0
-775 -780 0
-775 -781 0
-775 -782 0
-775 -783 0
-775 -784 0
-775 -785 0
-775 -786 0
-775 -787 0
-775 -788 0
-775 -789 0
-775 -790 0
-775 -791 0
-775 -792 0
-775 -793 0
-775 -794 0
-775 -795 0
-775 -796 0
-775 -797 0
-775 -798 0
-775 -799 0
-775 -800 0
-775 -801 0
-775 -802 0
-775 -803 0
-775 -804 0
-775 -805 0
-776 -777 0
-776 -778 0
-776 -779 0
-776 -780 0
-776 -781 0
-776 -782 0
-776 -783 0
-776 -784 0
-776 -785 0
-776 -786 0
-776 -787 0
-776 -788 0
-776 -789 0
-776 -790 0
-776 -791 0
-776 -792 0
-776 -793 0
-776 -794 0
-776 -795 0
-776 -796 0
-776 -797 0
-776 -798 0
-776 -799 0
-776 -800 0
-776 -801 0
-776 -802 0
-776 -803 0
-776 -804 0
-776 -805 0
-777 -778 0
-777 -779 0
-777 -780 0
-777 -781 0
-777 -782 0
-777 -783 0
-777 -784 0
-777 -785 0
-777 -786 0
-777 -787 0
-777 -788 0
-777 -789 0
-777 -790 0
-777 -791 0
-777 -792 0
-777 -793 0
-777 -794 0
-777 -795 0
-777 -796 0
-777 -797 0
-777 -798 0
-777 -799 0
-777 -800 0
-777 -801 0
-777 -802 0
-777 -803 0
-777 -804 0
-777 -805 0
-778 -779 0
-778 -780 0
-778 -781 0
-778 -782 0
-778 -783 0
-778 -784 0
-778 -785 0
-778 -786 0
-778 -787 0
-778 -788 0
-778 -789 0
-778 -790 0
-778 -791 0
-778 -792 0
-778 -793 0
-778 -794 0
-778 -795 0
-778 -796 0
-778 -797 0
-778 -798 0
-778 -799 0
-778 -800 0
-778 -801 0
-778 -802 0
-778 -803 0
-778 -804 0
-778 -805 0
-779 -780 0
-779 -781 0
-779 -782 0
-779 -783 0
-779 -784 0
-779 -785 0
-779 -786 0
-779 -787 0
-779 -788 0
-779 -789 0
-779 -790 0
-779 -791 0
-779 -792 0
-779 -793 0
-779 -794 0
-779 -795 0
-779 -796 0
-779 -797 0
-779 -798 0
-779 -799 0
-779 -800 0
-779 -801 0
-779 -802 0
-779 -803 0
-779 -804 0
-779 -805 0
-780 -781 0
-780 -782 0
-780 -783 0
-780 -784 0
-780 -785 0
-780 -786 0
-780 -787 0
-780 -788 0
-780 -789 0
-780 -790 0
-780 -791 0
-780 -792 0
-780 -793 0
-780 -794 0
-780 -795 0
-780 -796 0
-780 -797 0
-780 -798 0
-780 -799 0
-780 -800 0
-780 -801 0
-780 -802 0
-780 -803 0
-780 -804 0
-780 -805 0
-781 -782 0
-781 -783 0
-781 -784 0
-781 -785 0
-781 -786 0
-781 -787 0
-781 -788 0
-781 -789 0
-781 -790 0
-781 -791 0
-781 -792 0
-781 -793 0
-781 -794 0
-781 -795 0
-781 -796 0
-781 -797 0
-781 -798 0
-781 -799 0
-781 -800 0
-781 -801 0
-781 -802 0
-781 -803 0
-781 -804 0
-781 -805 0
-782 -783 0
-782 -784 0
-782 -785 0
-782 -786 0
-782 -787 0
-782 -788 0
-782 -789 0
-782 -790 0
-782 -791 0
-782 -792 0
-782 -793 0
-782 -794 0
-782 -795 0
-782 -796 0
-782 -797 0
-782 -798 0
-782 -799 0
-782 -800 0
-782 -801 0
-782 -802 0
-782 -803 0
-782 -804 0
-782 -805 0
-783 -784 0
-783 -785 0
-783 -786 0
-783 -787 0
-783 -788 0
-783 -789 0
-783 -790 0
-783 -791 0
-783 -792 0
-783 -793 0
-783 -794 0
-783 -795 0
-783 -796 0
-783 -797 0
-783 -798 0
-783 -799 0
-783 -800 0
-783 -801 0
-783 -802 0
-783 -803 0
-783 -804 0
-783 -805 0
-784 -785 0
-784 -786 0
-784 -787 0
-784 -788 0
-784 -789 0
-784 -790 0
-784 -791 0
-784 -792 0
-784 -793 0
-784 -794 0
-784 -795 0
-784 -796 0
-784 -797 0
-784 -798 0
-784 -799 0
-784 -800 0
-784 -801 0
-784 -802 0
-784 -803 0
-784 -804 0
-784 -805 0
-785 -786 0
-785 -787 0
-785 -788 0
-785 -789 0
-785 -790 0
-785 -791 0
-785 -792 0
-785 -793 0
-785 -794 0
-785 -795 0
-785 -796 0
-785 -797 0
-785 -798 0
-785 -799 0
-785 -800 0
-785 -801 0
-785 -802 0
-785 -803 0
-785 -804 0
-785 -805 0
-786 -787 0
-786 -788 0
-786 -789 0
-786 -790 0
-786 -791 0
-786 -792 0
-786 -793 0
-786 -794 0
-786 -795 0
-786 -796 0
-786 -797 0
-786 -798 0
-786 -799 0
-786 -800 0
-786 -801 0
-786 -802 0
-786 -803 0
-786 -804 0
-786 -805 0
-787 -788 0
-787 -789 0
-787 -790 0
-787 -791 0
-787 -792 0
-787 -793 0
-787 -794 0
-787 -795 0
-787 -796 0
-787 -797 0
-787 -798 0
-787 -799 0
-787 -800 0
-787 -801 0
-787 -802 0
-787 -803 0
-787 -804 0
-787 -805 0
-788 -789 0
-788 -790 0
-788 -791 0
-788 -792 0
-788 -793 0
-788 -794 0
-788 -795 0
-788 -796 0
-788 -797 0
-788 -798 0
-788 -799 0
-788 -800 0
-788 -801 0
-788 -802 0
-788 -803 0
-788 -804 0
-788 -805 0
-789 -790 0
-789 -791 0
-789 -792 0
-789 -793 0
-789 -794 0
-789 -795 0
-789 -796 0
-789 -797 0
-789 -798 0
-789 -799 0
-789 -800 0
-789 -801 0
-789 -802 0
-789 -803 0
-789 -804 0
-789 -805 0
-790 -791 0
-790 -792 0
-790 -793 0
-790 -794 0
-790 -795 0
-790 -796 0
-790 -797 0
-790 -798 0
-790 -799 0
-790 -800 0
-790 -801 0
-790 -802 0
-790 -803 0
-790 -804 0
-790 -805 0
-791 -792 0
-791 -793 0
-791 -794 0
-791 -795 0
-791 -796 0
-791 -797 0
-791 -798 0
-791 -799 0
-791 -800 0
-791 -801 0
-791 -802 0
-791 -803 0
-791 -804 0
-791 -805 0
-792 -793 0
-792 -794 0
-792 -795 0
-792 -796 0
-792 -797 0
-792 -798 0
-792 -799 0
-792 -800 0
-792 -801 0
-792 -802 0
-792 -803 0
-792 -804 0
-792 -805 0
-793 -794 0
-793 -795 0
-793 -796 0
-793 -797 0
-793 -798 0
-793 -799 0
-793 -800 0
-793 -801 0
-793 -802 0
-793 -803 0
-793 -804 0
-793 -805 0
-794 -795 0
-794 -796 0
-794 -797 0
-794 -798 0
-794 -799 0
-794 -800 0
-794 -801 0
-794 -802 0
-794 -803 0
-794 -804 0
-794 -805 0
-795 -796 0
-795 -797 0
-795 -798 0
-795 -799 0
-795 -800 0
-795 -801 0
-795 -802 0
-795 -803 0
-795 -804 0
-795 -805 0
-796 -797 0
-796 -798 0
-796 -799 0
-796 -800 0
-796 -801 0
-796 -802 0
-796 -803 0
-796 -804 0
-796 -805 0
-797 -798 0
-797 -799 0
-797 -800 0
-797 -801 0
-797 -802 0
-797 -803 0
-797 -804 0
-797 -805 0
-798 -799 0
-798 -800 0
-798 -801 0
-798 -802 0
-798 -803 0
-798 -804 0
-798 -805 0
-799 -800 0
-799 -801 0
-799 -802 0
-799 -803 0
-799 -804 0
-799 -805 0
-800 -801 0
-800 -802 0
-800 -803 0
-800 -804 0
-800 -805 0
-801 -802 0
-801 -803 0
-801 -804 0
-801 -805 0
-802 -803 0
-802 -804 0
-802 -805 0
-803 -804 0
-803 -805 0
-804 -805 0
-806 -807 0
-806 -808 0
-806 -809 0
-806 -810 0
-806 -811 0
-806 -812 0
-806 -813 0
-806 -814 0
-806 -815 0
-806 -816 0
-806 -817 0
-806 -818 0
-806 -819 0
-806 -820 0
-806 -821 0
-806 -822 0
-806 -823 0
-806 -824 0
-806 -825 0
-806 -826 0
-806 -827 0
-806 -828 0
-806 -829 0
-806 -830 0
-806 -831 0
-806 -832 0
-806 -833 0
-806 -834 0
-806 -835 0
-806 -836 0
-806 -837 0
-806 -838 0
-806 -839 0
-806 -840 0
-807 -808 0
-807 -809 0
-807 -810 0
-807 -811 0
-807 -812 0
-807 -813 0
-807 -814 0
-807 -815 0
-807 -816 0
-807 -817 0
-807 -818 0
-807 -819 0
-807 -820 0
-807 -821 0
-807 -822 0
-807 -823 0
-807 -824 0
-807 -825 0
-807 -826 0
-807 -827 0
-807 -828 0
-807 -829 0
-807 -830 0
-807 -831 0
-807 -832 0
-807 -833 0
-807 -834 0
-807 -835 0
-807 -836 0
-807 -837 0
-807 -838 0
-807 -839 0
-807 -840 0
-808 -809 0
-808 -810 0
-808 -811 0
-808 -812 0
-808 -813 0
-808 -814 0
-808 -815 0
-808 -816 0
-808 -817 0
-808 -818 0
-808 -819 0
-808 -820 0
-808 -821 0
-808 -822 0
-808 -823 0
-808 -824 0
-808 -825 0
-808 -826 0
-808 -827 0
-808 -828 0
-808 -829 0
-808 -830 0
-808 -831 0
-808 -832 0
-808 -833 0
-808 -834 0
-808 -835 0
-808 -836 0
-808 -837 0
-808 -838 0
-808 -839 0
-808 -840 0
-809 -810 0
-809 -811 0
-809 -812 0
-809 -813 0
-809 -814 0
-809 -815 0
-809 -816 0
-809 -817 0
-809 -818 0
-809 -819 0
-809 -820 0
-809 -821 0
-809 -822 0
-809 -823 0
-809 -824 0
-809 -825 0
-809 -826 0
-809 -827 0
-809 -828 0
-809 -829 0
-809 -830 0
-809 -831 0
-809 -832 0
-809 -833 0
-809 -834 0
-809 -835 0
-809 -836 0
-809 -837 0
-809 -838 0
-809 -839 0
-809 -840 0
-810 -811 0
-810 -812 0
-810 -813 0
-810 -814 0
-810 -815 0
-810 -816 0
-810 -817 0
-810 -818 0
-810 -819 0
-810 -820 0
-810 -821 0
-810 -822 0
-810 -823 0
-810 -824 0
-810 -825 0
-810 -826 0
-810 -827 0
-810 -828 0
-810 -829 0
-810 -830 0
-810 -831 0
-810 -832 0
-810 -833 0
-810 -834 0
-810 -835 0
-810 -836 0
-810 -837 0
-810 -838 0
-810 -839 0
-810 -840 0
-811 -812 0
-811 -813 0
-811 -814 0
-811 -815 0
-811 -816 0
-811 -817 0
-811 -818 0
-811 -819 0
-811 -820 0
-811 -821 0
-811 -822 0
-811 -823 0
-811 -824 0
-811 -825 0
-811 -826 0
-811 -827 0
-811 -828 0
-811 -829 0
-811 -830 0
-811 -831 0
-811 -832 0
-811 -833 0
-811 -834 0
-811 -835 0
-811 -836 0
-811 -837 0
-811 -838 0
-811 -839 0
-811 -840 0
-812 -813 0
-812 -814 0
-812 -815 0
-812 -816 0
-812 -817 0
-812 -818 0
-812 -819 0
-812 -820 0
-812 -821 0
-812 -822 0
-812 -823 0
-812 -824 0
-812 -825 0
-812 -826 0
-812 -827 0
-812 -828 0
-812 -829 0
-812 -830 0
-812 -831 0
-812 -832 0
-812 -833 0
-812 -834 0
-812 -835 0
-812 -836 0
-812 -837 0
-812 -838 0
-812 -839 0
-812 -840 0
-813 -814 0
-813 -815 0
-813 -816 0
-813 -817 0
-813 -818 0
-813 -819 0
-813 -820 0
-813 -821 0
-813 -822 0
-813 -823 0
-813 -824 0
-813 -825 0
-813 -826 0
-813 -827 0
-813 -828 0
-813 -829 0
-813 -830 0
-813 -831 0
-813 -832 0
-813 -833 0
-813 -834 0
-813 -835 0
-813 -836 0
-813 -837 0
-813 -838 0
-813 -839 0
-813 -840 0
-814 -815 0
-814 -816 0
-814 -817 0
-814 -818 0
-814 -819 0
-814 -820 0
-814 -821 0
-814 -822 0
-814 -823 0
-814 -824 0
-814 -825 0
-814 -826 0
-814 -827 0
-814 -828 0
-814 -829 0
-814 -830 0
-814 -831 0
-814 -832 0
-814 -833 0
-814 -834 0
-814 -835 0
-814 -836 0
-814 -837 0
-814 -838 0
-814 -839 0
-814 -840 0
-815 -816 0
-815 -817 0
-815 -818 0
-815 -819 0
-815 -820 0
-815 -821 0
-815 -822 0
-815 -823 0
-815 -824 0
-815 -825 0
-815 -826 0
-815 -827 0
-815 -828 0
-815 -829 0
-815 -830 0
-815 -831 0
-815 -832 0
-815 -833 0
-815 -834 0
-815 -835 0
-815 -836 0
-815 -837 0
-815 -838 0
-815 -839 0
-815 -840 0
-816 -817 0
-816 -818 0
-816 -819 0
-816 -820 0
-816 -821 0
-816 -822 0
-816 -823 0
-816 -824 0
-816 -825 0
-816 -826 0
-816 -827 0
-816 -828 0
-816 -829 0
-816 -830 0
-816 -831 0
-816 -832 0
-816 -833 0
-816 -834 0
-816 -835 0
-816 -836 0
-816 -837 0
-816 -838 0
-816 -839 0
-816 -840 0
-817 -818 0
-817 -819 0
-817 -820 0
-817 -821 0
-817 -822 0
-817 -823 0
-817 -824 0
-817 -825 0
-817 -826 0
-817 -827 0
-817 -828 0
-817 -829 0
-817 -830 0
-817 -831 0
-817 -832 0
-817 -833 0
-817 -834 0
-817 -835 0
-817 -836 0
-817 -837 0
-817 -838 0
-817 -839 0
-817 -840 0
-818 -819 0
-818 -820 0
-818 -821 0
-818 -822 0
-818 -823 0
-818 -824 0
-818 -825 0
-818 -826 0
-818 -827 0
-818 -828 0
-818 -829 0
-818 -830 0
-818 -831 0
-818 -832 0
-818 -833 0
-818 -834 0
-818 -835 0
-818 -836 0
-818 -837 0
-818 -838 0
-818 -839 0
-818 -840 0
-819 -820 0
-819 -821 0
-819 -822 0
-819 -823 0
-819 -824 0
-819 -825 0
-819 -826 0
-819 -827 0
-819 -828 0
-819 -829 0
-819 -830 0
-819 -831 0
-819 -832 0
-819 -833 0
-819 -834 0
-819 -835 0
-819 -836 0
-819 -837 0
-819 -838 0
-819 -839 0
-819 -840 0
-820 -821 0
-820 -822 0
-820 -823 0
-820 -824 0
-820 -825 0
-820 -826 0
-820 -827 0
-820 -828 0
-820 -829 0
-820 -830 0
-820 -831 0
-820 -832 0
-820 -833 0
-820 -834 0
-820 -835 0
-820 -836 0
-820 -837 0
-820 -838 0
-820 -839 0
-820 -840 0
-821 -822 0
-821 -823 0
-821 -824 0
-821 -825 0
-821 -826 0
-821 -827 0
-821 -828 0
-821 -829 0
-821 -830 0
-821 -831 0
-821 -832 0
-821 -833 0
-821 -834 0
-821 -835 0
-821 -836 0
-821 -837 0
-821 -838 0
-821 -839 0
-821 -840 0
-822 -823 0
-822 -824 0
-822 -825 0
-822 -826 0
-822 -827 0
-822 -828 0
-822 -829 0
-822 -830 0
-822 -831 0
-822 -832 0
-822 -833 0
-822 -834 0
-822 -835 0
-822 -836 0
-822 -837 0
-822 -838 0
-822 -839 0
-822 -840 0
-823 -824 0
-823 -825 0
-823 -826 0
-823 -827 0
-823 -828 0
-823 -829 0
-823 -830 0
-823 -831 0
-823 -832 0
-823 -833 0
-823 -834 0
-823 -835 0
-823 -836 0
-823 -837 0
-823 -838 0
-823 -839 0
-823 -840 0
-824 -825 0
-824 -826 0
-824 -827 0
-824 -828 0
-824 -829 0
-824 -830 0
-824 -831 0
-824 -832 0
-824 -833 0
-824 -834 0
-824 -835 0
-824 -836 0
-824 -837 0
-824 -838 0
-824 -839 0
-824 -840 0
-825 -826 0
-825 -827 0
-825 -828 0
-825 -829 0
-825 -830 0
-825 -831 0
-825 -832 0
-825 -833 0
-825 -834 0
-825 -835 0
-825 -836 0
-825 -837 0
-825 -838 0
-825 -839 0
-825 -840 0
-826 -827 0
-826 -828 0
-826 -829 0
-826 -830 0
-826 -831 0
-826 -832 0
-826 -833 0
-826 -834 0
-826 -835 0
-826 -836 0
-826 -837 0
-826 -838 0
-826 -839 0
-826 -840 0
-827 -828 0
-827 -829 0
-827 -830 0
-827 -831 0
-827 -832 0
-827 -833 0
-827 -834 0
-827 -835 0
-827 -836 0
-827 -837 0
-827 -838 0
-827 -839 0
-827 -840 0
-828 -829 0
-828 -830 0
-828 -831 0
-828 -832 0
-828 -833 0
-828 -834 0
-828 -835 0
-828 -836 0
-828 -837 0
-828 -838 0
-828 -839 0
-828 -840 0
-829 -830 0
-829 -831 0
-829 -832 0
-829 -833 0
-829 -834 0
-829 -835 0
-829 -836 0
-829 -837 0
-829 -838 0
-829 -839 0
-829 -840 0
-830 -831 0
-830 -832 0
-830 -833 0
-830 -834 0
-830 -835 0
-830 -836 0
-830 -837 0
-830 -838 0
-830 -839 0
-830 -840 0
-831 -832 0
-831 -833 0
-831 -834 0
-831 -835 0
-831 -836 0
-831 -837 0
-831 -838 0
-831 -839 0
-831 -840 0
-832 -833 0
-832 -834 0
-832 -835 0
-832 -836 0
-832 -837 0
-832 -838 0
-832 -839 0
-832 -840 0
-833 -834 0
-833 -835 0
-833 -836 0
-833 -837 0
-833 -838 0
-833 -839 0
-833 -840 0
-834 -835 0
-834 -836 0
-834 -837 0
-834 -838 0
-834 -839 0
-834 -840 0
-835 -836 0
-835 -837 0
-835 -838 0
-835 -839 0
-835 -840 0
-836 -837 0
-836 -838 0
-836 -839 0
-836 -840 0
-837 -838 0
-837 -839 0
-837 -840 0
-838 -839 0
-838 -840 0
-839 -840 0
-841 -842 0
-841 -843 0
-841 -844 0
-841 -845 0
-841 -846 0
-841 -847 0
-841 -848 0
-841 -849 0
-841 -850 0
-841 -851 0
-841 -852 0
-841 -853 0
-841 -854 0
-841 -855 0
-841 -856 0
-841 -857 0
-841 -858 0
-841 -859 0
-841 -860 0
-841 -861 0
-841 -862 0
-841 -863 0
-841 -864 0
-841 -865 0
-841 -866 0
-841 -867 0
-841 -868 0
-841 -869 0
-841 -870 0
-841 -871 0
-841 -872 0
-841 -873 0
-841 -874 0
-841 -875 0
-842 -843 0
-842 -844 0
-842 -845 0
-842 -846 0
-842 -847 0
-842 -848 0
-842 -849 0
-842 -850 0
-842 -851 0
-842 -852 0
-842 -853 0
-842 -854 0
-842 -855 0
-842 -856 0
-842 -857 0
-842 -858 0
-842 -859 0
-842 -860 0
-842 -861 0
-842 -862 0
-842 -863 0
-842 -864 0
-842 -865 0
-842 -866 0
-842 -867 0
-842 -868 0
-842 -869 0
-842 -870 0
-842 -871 0
-842 -872 0
-842 -873 0
-842 -874 0
-842 -875 0
-843 -844 0
-843 -845 0
-843 -846 0
-843 -847 0
-843 -848 0
-843 -849 0
-843 -850 0
-843 -851 0
-843 -852 0
-843 -853 0
-843 -854 0
-843 -855 0
-843 -856 0
-843 -857 0
-843 -858 0
-843 -859 0
-843 -860 0
-843 -861 0
-843 -862 0
-843 -863 0
-843 -864 0
-843 -865 0
-843 -866 0
-843 -867 0
-843 -868 0
-843 -869 0
-843 -870 0
-843 -871 0
-843 -872 0
-843 -873 0
-843 -874 0
-843 -875 0
-844 -845 0
-844 -846 0
-844 -847 0
-844 -848 0
-844 -849 0
-844 -850 0
-844 -851 0
-844 -852 0
-844 -853 0
-844 -854 0
-844 -855 0
-844 -856 0
-844 -857 0
-844 -858 0
-844 -859 0
-844 -860 0
-844 -861 0
-844 -862 0
-844 -863 0
-844 -864 0
-844 -865 0
-844 -866 0
-844 -867 0
-844 -868 0
-844 -869 0
-844 -870 0
-844 -871 0
-844 -872 0
-844 -873 0
-844 -874 0
-844 -875 0
-845 -846 0
-845 -847 0
-845 -848 0
-845 -849 0
-845 -850 0
-845 -851 0
-845 -852 0
-845 -853 0
-845 -854 0
-845 -855 0
-845 -856 0
-845 -857 0
-845 -858 0
-845 -859 0
-845 -860 0
-845 -861 0
-845 -862 0
-845 -863 0
-845 -864 0
-845 -865 0
-845 -866 0
-845 -867 0
-845 -868 0
-845 -869 0
-845 -870 0
-845 -871 0
-845 -872 0
-845 -873 0
-845 -874 0
-845 -875 0
-846 -847 0
-846 -848 0
-846 -849 0
-846 -850 0
-846 -851 0
-846 -852 0
-846 -853 0
-846 -854 0
-846 -855 0
-846 -856 0
-846 -857 0
-846 -858 0
-846 -859 0
-846 -860 0
-846 -861 0
-846 -862 0
-846 -863 0
-846 -864 0
-846 -865 0
-846 -866 0
-846 -867 0
-846 -868 0
-846 -869 0
-846 -870 0
-846 -871 0
-846 -872 0
-846 -873 0
-846 -874 0
-846 -875 0
-847 -848 0
-847 -849 0
-847 -850 0
-847 -851 0
-847 -852 0
-847 -853 0
-847 -854 0
-847 -855 0
-847 -856 0
-847 -857 0
-847 -858 0
-847 -859 0
-847 -860 0
-847 -861 0
-847 -862 0
-847 -863 0
-847 -864 0
-847 -865 0
-847 -866 0
-847 -867 0
-847 -868 0
-847 -869 0
-847 -870 0
-847 -871 0
-847 -872 0
-847 -873 0
-847 -874 0
-847 -875 0
-848 -849 0
-848 -850 0
-848 -851 0
-848 -852 0
-848 -853 0
-848 -854 0
-848 -855 0
-848 -856 0
-848 -857 0
-848 -858 0
-848 -859 0
-848 -860 0
-848 -861 0
-848 -862 0
-848 -863 0
-848 -864 0
-848 -865 0
-848 -866 0
-848 -867 0
-848 -868 0
-848 -869 0
-848 -870 0
-848 -871 0
-848 -872 0
-848 -873 0
-848 -874 0
-848 -875 0
-849 -850 0
-849 -851 0
-849 -852 0
-849 -853 0
-849 -854 0
-849 -855 0
-849 -856 0
-849 -857 0
-849 -858 0
-849 -859 0
-849 -860 0
-849 -861 0
-849 -862 0
-849 -863 0
-849 -864 0
-849 -865 0
-849 -866 0
-849 -867 0
-849 -868 0
-849 -869 0
-849 -870 0
-849 -871 0
-849 -872 0
-849 -873 0
-849 -874 0
-849 -875 0
-850 -851 0
-850 -852 0
-850 -853 0
-850 -854 0
-850 -855 0
-850 -856 0
-850 -857 0
-850 -858 0
-850 -859 0
-850 -860 0
-850 -861 0
-850 -862 0
-850 -863 0
-850 -864 0
-850 -865 0
-850 -866 0
-850 -867 0
-850 -868 0
-850 -869 0
-850 -870 0
-850 -871 0
-850 -872 0
-850 -873 0
-850 -874 0
-850 -875 0
-851 -852 0
-851 -853 0
-851 -854 0
-851 -855 0
-851 -856 0
-851 -857 0
-851 -858 0
-851 -859 0
-851 -860 0
-851 -861 0
-851 -862 0
-851 -863 0
-851 -864 0
-851 -865 0
-851 -866 0
-851 -867 0
-851 -868 0
-851 -869 0
-851 -870 0
-851 -871 0
-851 -872 0
-851 -873 0
-851 -874 0
-851 -875 0
-852 -853 0
-852 -854 0
-852 -855 0
-852 -856 0
-852 -857 0
-852 -858 0
-852 -859 0
-852 -860 0
-852 -861 0
-852 -862 0
-852 -863 0
-852 -864 0
-852 -865 0
-852 -866 0
-852 -867 0
-852 -868 0
-852 -869 0
-852 -870 0
-852 -871 0
-852 -872 0
-852 -873 0
-852 -874 0
-852 -875 0
-853 -854 0
-853 -855 0
-853 -856 0
-853 -857 0
-853 -858 0
-853 -859 0
-853 -860 0
-853 -861 0
-853 -862 0
-853 -863 0
-853 -864 0
-853 -865 0
-853 -866 0
-853 -867 0
-853 -868 0
-853 -869 0
-853 -870 0
-853 -871 0
-853 -872 0
-853 -873 0
-853 -874 0
-853 -875 0
-854 -855 0
-854 -856 0
-854 -857 0
-854 -858 0
-854 -859 0
-854 -860 0
-854 -861 0
-854 -862 0
-854 -863 0
-854 -864 0
-854 -865 0
-854 -866 0
-854 -867 0
-854 -868 0
-854 -869 0
-854 -870 0
-854 -871 0
-854 -872 0
-854 -873 0
-854 -874 0
-854 -875 0
-855 -856 0
-855 -857 0
-855 -858 0
-855 -859 0
-855 -860 0
-855 -861 0
-855 -862 0
-855 -863 0
-855 -864 0
-855 -865 0
-855 -866 0
-855 -867 0
-855 -868 0
-855 -869 0
-855 -870 0
-855 -871 0
-855 -872 0
-855 -873 0
-855 -874 0
-855 -875 0
-856 -857 0
-856 -858 0
-856 -859 0
-856 -860 0
-856 -861 0
-856 -862 0
-856 -863 0
-856 -864 0
-856 -865 0
-856 -866 0
-856 -867 0
-856 -868 0
-856 -869 0
-856 -870 0
-856 -871 0
-856 -872 0
-856 -873 0
-856 -874 0
-856 -875 0
-857 -858 0
-857 -859 0
-857 -860 0
-857 -861 0
-857 -862 0
-857 -863 0
-857 -864 0
-857 -865 0
-857 -866 0
-857 -867 0
-857 -868 0
-857 -869 0
-857 -870 0
-857 -871 0
-857 -872 0
-857 -873 0
-857 -874 0
-857 -875 0
-858 -859 0
-858 -860 0
-858 -861 0
-858 -862 0
-858 -863 0
-858 -864 0
-858 -865 0
-858 -866 0
-858 -867 0
-858 -868 0
-858 -869 0
-858 -870 0
-858 -871 0
-858 -872 0
-858 -873 0
-858 -874 0
-858 -875 0
-859 -860 0
-859 -861 0
-859 -862 0
-859 -863 0
-859 -864 0
-859 -865 0
-859 -866 0
-859 -867 0
-859 -868 0
-859 -869 0
-859 -870 0
-859 -871 0
-859 -872 0
-859 -873 0
-859 -874 0
-859 -875 0
-860 -861 0
-860 -862 0
-860 -863 0
-860 -864 0
-860 -865 0
-860 -866 0
-860 -867 0
-860 -868 0
-860 -869 0
-860 -870 0
-860 -871 0
-860 -872 0
-860 -873 0
-860 -874 0
-860 -875 0
-861 -862 0
-861 -863 0
-861 -864 0
-861 -865 0
-861 -866 0
-861 -867 0
-861 -868 0
-861 -869 0
-861 -870 0
-861 -871 0
-861 -872 0
-861 -873 0
-861 -874 0
-861 -875 0
-862 -863 0
-862 -864 0
-862 -865 0
-862 -866 0
-862 -867 0
-862 -868 0
-862 -869 0
-862 -870 0
-862 -871 0
-862 -872 0
-862 -873 0
-862 -874 0
-862 -875 0
-863 -864 0
-863 -865 0
-863 -866 0
-863 -867 0
-863 -868 0
-863 -869 0
-863 -870 0
-863 -871 0
-863 -872 0
-863 -873 0
-863 -874 0
-863 -875 0
-864 -865 0
-864 -866 0
-864 -867 0
-864 -868 0
-864 -869 0
-864 -870 0
-864 -871 0
-864 -872 0
-864 -873 0
-864 -874 0
-864 -875 0
-865 -866 0
-865 -867 0
-865 -868 0
-865 -869 0
-865 -870 0
-865 -871 0
-865 -872 0
-865 -873 0
-865 -874 0
-865 -875 0
-866 -867 0
-866 -868 0
-866 -869 0
-866 -870 0
-866 -871 0
-866 -872 0
-866 -873 0
-866 -874 0
-866 -875 0
-867 -868 0
-867 -869 0
-867 -870 0
-867 -871 0
-867 -872 0
-867 -873 0
-867 -874 0
-867 -875 0
-868 -869 0
-868 -870 0
-868 -871 0
-868 -872 0
-868 -873 0
-868 -874 0
-868 -875 0
-869 -870 0
-869 -871 0
-869 -872 0
-869 -873 0
-869 -874 0
-869 -875 0
-870 -871 0
-870 -872 0
-870 -873 0
-870 -874 0
-870 -875 0
-871 -872 0
-871 -873 0
-871 -874 0
-871 -875 0
-872 -873 0
-872 -874 0
-872 -875 0
-873 -874 0
-873 -875 0
-874 -875 0
-876 -877 0
-876 -878 0
-876 -879 0
-876 -880 0
-876 -881 0
-876 -882 0
-876 -883 0
-876 -884 0
-876 -885 0
-876 -886 0
-876 -887 0
-876 -888 0
-876 -889 0
-876 -890 0
-876 -891 0
-876 -892 0
-876 -893 0
-876 -894 0
-876 -895 0
-876 -896 0
-876 -897 0
-876 -898 0
-876 -899 0
-876 -900 0
-876 -901 0
-876 -902 0
-876 -903 0
-876 -904 0
-876 -905 0
-876 -906 0
-876 -907 0
-876 -908 0
-876 -909 0
-876 -910 0
-877 -878 0
-877 -879 0
-877 -880 0
-877 -881 0
-877 -882 0
-877 -883 0
-877 -884 0
-877 -885 0
-877 -886 0
-877 -887 0
-877 -888 0
-877 -889 0
-877 -890 0
-877 -891 0
-877 -892 0
-877 -893 0
-877 -894 0
-877 -895 0
-877 -896 0
-877 -897 0
-877 -898 0
-877 -899 0
-877 -900 0
-877 -901 0
-877 -902 0
-877 -903 0
-877 -904 0
-877 -905 0
-877 -906 0
-877 -907 0
-877 -908 0
-877 -909 0
-877 -910 0
-878 -879 0
-878 -880 0
-878 -881 0
-878 -882 0
-878 -883 0
-878 -884 0
-878 -885 0
-878 -886 0
-878 -887 0
-878 -888 0
-878 -889 0
-878 -890 0
-878 -891 0
-878 -892 0
-878 -893 0
-878 -894 0
-878 -895 0
-878 -896 0
-878 -897 0
-878 -898 0
-878 -899 0
-878 -900 0
-878 -901 0
-878 -902 0
-878 -903 0
-878 -904 0
-878 -905 0
-878 -906 0
-878 -907 0
-878 -908 0
-878 -909 0
-878 -910 0
-879 -880 0
-879 -881 0
-879 -882 0
-879 -883 0
-879 -884 0
-879 -885 0
-879 -886 0
-879 -887 0
-879 -888 0
-879 -889 0
-879 -890 0
-879 -891 0
-879 -892 0
-879 -893 0
-879 -894 0
-879 -895 0
-879 -896 0
-879 -897 0
-879 -898 0
-879 -899 0
-879 -900 0
-879 -901 0
-879 -902 0
-879 -903 0
-879 -904 0
-879 -905 0
-879 -906 0
-879 -907 0
-879 -908 0
-879 -909 0
-879 -910 0
-880 -881 0
-880 -882 0
-880 -883 0
-880 -884 0
-880 -885 0
-880 -886 0
-880 -887 0
-880 -888 0
-880 -889 0
-880 -890 0
-880 -891 0
-880 -892 0
-880 -893 0
-880 -894 0
-880 -895 0
-880 -896 0
-880 -897 0
-880 -898 0
-880 -899 0
-880 -900 0
-880 -901 0
-880 -902 0
-880 -903 0
-880 -904 0
-880 -905 0
-880 -906 0
-880 -907 0
-880 -908 0
-880 -909 0
-880 -910 0
-881 -882 0
-881 -883 0
-881 -884 0
-881 -885 0
-881 -886 0
-881 -887 0
-881 -888 0
-881 -889 0
-881 -890 0
-881 -891 0
-881 -892 0
-881 -893 0
-881 -894 0
-881 -895 0
-881 -896 0
-881 -897 0
-881 -898 0
-881 -899 0
-881 -900 0
-881 -901 0
-881 -902 0
-881 -903 0
-881 -904 0
-881 -905 0
-881 -906 0
-881 -907 0
-881 -908 0
-881 -909 0
-881 -910 0
-882 -883 0
-882 -884 0
-882 -885 0
-882 -886 0
-882 -887 0
-882 -888 0
-882 -889 0
-882 -890 0
-882 -891 0
-882 -892 0
-882 -893 0
-882 -894 0
-882 -895 0
-882 -896 0
-882 -897 0
-882 -898 0
-882 -899 0
-882 -900 0
-882 -901 0
-882 -902 0
-882 -903 0
-882 -904 0
-882 -905 0
-882 -906 0
-882 -907 0
-882 -908 0
-882 -909 0
-882 -910 0
-883 -884 0
-883 -885 0
-883 -886 0
-883 -887 0
-883 -888 0
-883 -889 0
-883 -890 0
-883 -891 0
-883 -892 0
-883 -893 0
-883 -894 0
-883 -895 0
-883 -896 0
-883 -897 0
-883 -898 0
-883 -899 0
-883 -900 0
-883 -901 0
-883 -902 0
-883 -903 0
-883 -904 0
-883 -905 0
-883 -906 0
-883 -907 0
-883 -908 0
-883 -909 0
-883 -910 0
-884 -885 0
-884 -886 0
-884 -887 0
-884 -888 0
-884 -889 0
-884 -890 0
-884 -891 0
-884 -892 0
-884 -893 0
-884 -894 0
-884 -895 0
-884 -896 0
-884 -897 0
-884 -898 0
-884 -899 0
-884 -900 0
-884 -901 0
-884 -902 0
-884 -903 0
-884 -904 0
-884 -905 0
-884 -906 0
-884 -907 0
-884 -908 0
-884 -909 0
-884 -910 0
-885 -886 0
-885 -887 0
-885 -888 0
-885 -889 0
-885 -890 0
-885 -891 0
-885 -892 0
-885 -893 0
-885 -894 0
-885 -895 0
-885 -896 0
-885 -897 0
-885 -898 0
-885 -899 0
-885 -900 0
-885 -901 0
-885 -902 0
-885 -903 0
-885 -904 0
-885 -905 0
-885 -906 0
-885 -907 0
-885 -908 0
-885 -909 0
-885 -910 0
-886 -887 0
-886 -888 0
-886 -889 0
-886 -890 0
-886 -891 0
-886 -892 0
-886 -893 0
-886 -894 0
-886 -895 0
-886 -896 0
-886 -897 0
-886 -898 0
-886 -899 0
-886 -900 0
-886 -901 0
-886 -902 0
-886 -903 0
-886 -904 0
-886 -905 0
-886 -906 0
-886 -907 0
-886 -908 0
-886 -909 0
-886 -910 0
-887 -888 0
-887 -889 0
-887 -890 0
-887 -891 0
-887 -892 0
-887 -893 0
-887 -894 0
-887 -895 0
-887 -896 0
-887 -897 0
-887 -898 0
-887 -899 0
-887 -900 0
-887 -901 0
-887 -902 0
-887 -903 0
-887 -904 0
-887 -905 0
-887 -906 0
-887 -907 0
-887 -908 0
-887 -909 0
-887 -910 0
-888 -889 0
-888 -890 0
-888 -891 0
-888 -892 0
-888 -893 0
-888 -894 0
-888 -895 0
-888 -896 0
-888 -897 0
-888 -898 0
-888 -899 0
-888 -900 0
-888 -901 0
-888 -902 0
-888 -903 0
-888 -904 0
-888 -905 0
-888 -906 0
-888 -907 0
-888 -908 0
-888 -909 0
-888 -910 0
-889 -890 0
-889 -891 0
-889 -892 0
-889 -893 0
-889 -894 0
-889 -895 0
-889 -896 0
-889 -897 0
-889 -898 0
-889 -899 0
-889 -900 0
-889 -901 0
-889 -902 0
-889 -903 0
-889 -904 0
-889 -905 0
-889 -906 0
-889 -907 0
-889 -908 0
-889 -909 0
-889 -910 0
-890 -891 0
-890 -892 0
-890 -893 0
-890 -894 0
-890 -895 0
-890 -896 0
-890 -897 0
-890 -898 0
-890 -899 0
-890 -900 0
-890 -901 0
-890 -902 0
-890 -903 0
-890 -904 0
-890 -905 0
-890 -906 0
-890 -907 0
-890 -908 0
-890 -909 0
-890 -910 0
-891 -892 0
-891 -893 0
-891 -894 0
-891 -895 0
-891 -896 0
-891 -897 0
-891 -898 0
-891 -899 0
-891 -900 0
-891 -901 0
-891 -902 0
-891 -903 0
-891 -904 0
-891 -905 0
-891 -906 0
-891 -907 0
-891 -908 0
-891 -909 0
-891 -910 0
-892 -893 0
-892 -894 0
-892 -895 0
-892 -896 0
-892 -897 0
-892 -898 0
-892 -899 0
-892 -900 0
-892 -901 0
-892 -902 0
-892 -903 0
-892 -904 0
-892 -905 0
-892 -906 0
-892 -907 0
-892 -908 0
-892 -909 0
-892 -910 0
-893 -894 0
-893 -895 0
-893 -896 0
-893 -897 0
-893 -898 0
-893 -899 0
-893 -900 0
-893 -901 0
-893 -902 0
-893 -903 0
-893 -904 0
-893 -905 0
-893 -906 0
-893 -907 0
-893 -908 0
-893 -909 0
-893 -910 0
-894 -895 0
-894 -896 0
-894 -897 0
-894 -898 0
-894 -899 0
-894 -900 0
-894 -901 0
-894 -902 0
-894 -903 0
-894 -904 0
-894 -905 0
-894 -906 0
-894 -907 0
-894 -908 0
-894 -909 0
-894 -910 0
-895 -896 0
-895 -897 0
-895 -898 0
-895 -899 0
-895 -900 0
-895 -901 0
-895 -902 0
-895 -903 0
-895 -904 0
-895 -905 0
-895 -906 0
-895 -907 0
-895 -908 0
-895 -909 0
-895 -910 0
-896 -897 0
-896 -898 0
-896 -899 0
-896 -900 0
-896 -901 0
-896 -902 0
-896 -903 0
-896 -904 0
-896 -905 0
-896 -906 0
-896 -907 0
-896 -908 0
-896 -909 0
-896 -910 0
-897 -898 0
-897 -899 0
-897 -900 0
-897 -901 0
-897 -902 0
-897 -903 0
-897 -904 0
-897 -905 0
-897 -906 0
-897 -907 0
-897 -908 0
-897 -909 0
-897 -910 0
-898 -899 0
-898 -900 0
-898 -901 0
-898 -902 0
-898 -903 0
-898 -904 0
-898 -905 0
-898 -906 0
-898 -907 0
-898 -908 0
-898 -909 0
-898 -910 0
-899 -900 0
-899 -901 0
-899 -902 0
-899 -903 0
-899 -904 0
-899 -905 0
-899 -906 0
-899 -907 0
-899 -908 0
-899 -909 0
-899 -910 0
-900 -901 0
-900 -902 0
-900 -903 0
-900 -904 0
-900 -905 0
-900 -906 0
-900 -907 0
-900 -908 0
-900 -909 0
-900 -910 0
-901 -902 0
-901 -903 0
-901 -904 0
-901 -905 0
-901 -906 0
-901 -907 0
-901 -908 0
-901 -909 0
-901 -910 0
-902 -903 0
-902 -904 0
-902 -905 0
-902 -906 0
-902 -907 0
-902 -908 0
-902 -909 0
-902 -910 0
-903 -904 0
-903 -905 0
-903 -906 0
-903 -907 0
-903 -908 0
-903 -909 0
-903 -910 0
-904 -905 0
-904 -906 0
-904 -907 0
-904 -908 0
-904 -909 0
-904 -910 0
-905 -906 0
-905 -907 0
-905 -908 0
-905 -909 0
-905 -910 0
-906 -907 0
-906 -908 0
-906 -909 0
-906 -910 0
-907 -908 0
-907 -909 0
-907 -910 0
-908 -909 0
-908 -910 0
-909 -910 0
-911 -912 0
-911 -913 0
-911 -914 0
-911 -915 0
-911 -916 0
-911 -917 0
-911 -918 0
-911 -919 0
-911 -920 0
-911 -921 0
-911 -922 0
-911 -923 0
-911 -924 0
-911 -925 0
-911 -926 0
-911 -927 0
-911 -928 0
-911 -929 0
-911 -930 0
-911 -931 0
-911 -932 0
-911 -933 0
-911 -934 0
-911 -935 0
-911 -936 0
-911 -937 0
-911 -938 0
-911 -939 0
-911 -940 0
-911 -941 0
-911 -942 0
-911 -943 0
-911 -944 0
-911 -945 0
-912 -913 0
-912 -914 0
-912 -915 0
-912 -916 0
-912 -917 0
-912 -918 0
-912 -919 0
-912 -920 0
-912 -921 0
-912 -922 0
-912 -923 0
-912 -924 0
-912 -925 0
-912 -926 0
-912 -927 0
-912 -928 0
-912 -929 0
-912 -930 0
-912 -931 0
-912 -932 0
-912 -933 0
-912 -934 0
-912 -935 0
-912 -936 0
-912 -937 0
-912 -938 0
-912 -939 0
-912 -940 0
-912 -941 0
-912 -942 0
-912 -943 0
-912 -944 0
-912 -945 0
-913 -914 0
-913 -915 0
-913 -916 0
-913 -917 0
-913 -918 0
-913 -919 0
-913 -920 0
-913 -921 0
-913 -922 0
-913 -923 0
-913 -924 0
-913 -925 0
-913 -926 0
-913 -927 0
-913 -928 0
-913 -929 0
-913 -930 0
-913 -931 0
-913 -932 0
-913 -933 0
-913 -934 0
-913 -935 0
-913 -936 0
-913 -937 0
-913 -938 0
-913 -939 0
-913 -940 0
-913 -941 0
-913 -942 0
-913 -943 0
-913 -944 0
-913 -945 0
-914 -915 0
-914 -916 0
-914 -917 0
-914 -918 0
-914 -919 0
-914 -920 0
-914 -921 0
-914 -922 0
-914 -923 0
-914 -924 0
-914 -925 0
-914 -926 0
-914 -927 0
-914 -928 0
-914 -929 0
-914 -930 0
-914 -931 0
-914 -932 0
-914 -933 0
-914 -934 0
-914 -935 0
-914 -936 0
-914 -937 0
-914 -938 0
-914 -939 0
-914 -940 0
-914 -941 0
-914 -942 0
-914 -943 0
-914 -944 0
-914 -945 0
-915 -916 0
-915 -917 0
-915 -918 0
-915 -919 0
-915 -920 0
-915 -921 0
-915 -922 0
-915 -923 0
-915 -924 0
-915 -925 0
-915 -926 0
-915 -927 0
-915 -928 0
-915 -929 0
-915 -930 0
-915 -931 0
-915 -932 0
-915 -933 0
-915 -934 0
-915 -935 0
-915 -936 0
-915 -937 0
-915 -938 0
-915 -939 0
-915 -940 0
-915 -941 0
-915 -942 0
-915 -943 0
-915 -944 0
-915 -945 0
-916 -917 0
-916 -918 0
-916 -919 0
-916 -920 0
-916 -921 0
-916 -922 0
-916 -923 0
-916 -924 0
-916 -925 0
-916 -926 0
-916 -927 0
-916 -928 0
-916 -929 0
-916 -930 0
-916 -931 0
-916 -932 0
-916 -933 0
-916 -934 0
-916 -935 0
-916 -936 0
-916 -937 0
-916 -938 0
-916 -939 0
-916 -940 0
-916 -941 0
-916 -942 0
-916 -943 0
-916 -944 0
-916 -945 0
-917 -918 0
-917 -919 0
-917 -920 0
-917 -921 0
-917 -922 0
-917 -923 0
-917 -924 0
-917 -925 0
-917 -926 0
-917 -927 0
-917 -928 0
-917 -929 0
-917 -930 0
-917 -931 0
-917 -932 0
-917 -933 0
-917 -934 0
-917 -935 0
-917 -936 0
-917 -937 0
-917 -938 0
-917 -939 0
-917 -940 0
-917 -941 0
-917 -942 0
-917 -943 0
-917 -944 0
-917 -945 0
-918 -919 0
-918 -920 0
-918 -921 0
-918 -922 0
-918 -923 0
-918 -924 0
-918 -925 0
-918 -926 0
-918 -927 0
-918 -928 0
-918 -929 0
-918 -930 0
-918 -931 0
-918 -932 0
-918 -933 0
-918 -934 0
-918 -935 0
-918 -936 0
-918 -937 0
-918 -938 0
-918 -939 0
-918 -940 0
-918 -941 0
-918 -942 0
-918 -943 0
-918 -944 0
-918 -945 0
-919 -920 0
-919 -921 0
-919 -922 0
-919 -923 0
-919 -924 0
-919 -925 0
-919 -926 0
-919 -927 0
-919 -928 0
-919 -929 0
-919 -930 0
-919 -931 0
-919 -932 0
-919 -933 0
-919 -934 0
-919 -935 0
-919 -936 0
-919 -937 0
-919 -938 0
-919 -939 0
-919 -940 0
-919 -941 0
-919 -942 0
-919 -943 0
-919 -944 0
-919 -945 0
-920 -921 0
-920 -922 0
-920 -923 0
-920 -924 0
-920 -925 0
-920 -926 0
-920 -927 0
-920 -928 0
-920 -929 0
-920 -930 0
-920 -931 0
-920 -932 0
-920 -933 0
-920 -934 0
-920 -935 0
-920 -936 0
-920 -937 0
-920 -938 0
-920 -939 0
-920 -940 0
-920 -941 0
-920 -942 0
-920 -943 0
-920 -944 0
-920 -945 0
-921 -922 0
-921 -923 0
-921 -924 0
-921 -925 0
-921 -926 0
-921 -927 0
-921 -928 0
-921 -929 0
-921 -930 0
-921 -931 0
-921 -932 0
-921 -933 0
-921 -934 0
-921 -935 0
-921 -936 0
-921 -937 0
-921 -938 0
-921 -939 0
-921 -940 0
-921 -941 0
-921 -942 0
-921 -943 0
-921 -944 0
-921 -945 0
-922 -923 0
-922 -924 0
-922 -925 0
-922 -926 0
-922 -927 0
-922 -928 0
-922 -929 0
-922 -930 0
-922 -931 0
-922 -932 0
-922 -933 0
-922 -934 0
-922 -935 0
-922 -936 0
-922 -937 0
-922 -938 0
-922 -939 0
-922 -940 0
-922 -941 0
-922 -942 0
-922 -943 0
-922 -944 0
-922 -945 0
-923 -924 0
-923 -925 0
-923 -926 0
-923 -927 0
-923 -928 0
-923 -929 0
-923 -930 0
-923 -931 0
-923 -932 0
-923 -933 0
-923 -934 0
-923 -935 0
-923 -936 0
-923 -937 0
-923 -938 0
-923 -939 0
-923 -940 0
-923 -941 0
-923 -942 0
-923 -943 0
-923 -944 0
-923 -945 0
-924 -925 0
-924 -926 0
-924 -927 0
-924 -928 0
-924 -929 0
-924 -930 0
-924 -931 0
-924 -932 0
-924 -933 0
-924 -934 0
-924 -935 0
-924 -936 0
-924 -937 0
-924 -938 0
-924 -939 0
-924 -940 0
-924 -941 0
-924 -942 0
-924 -943 0
-924 -944 0
-924 -945 0
-925 -926 0
-925 -927 0
-925 -928 0
-925 -929 0
-925 -930 0
-925 -931 0
-925 -932 0
-925 -933 0
-925 -934 0
-925 -935 0
-925 -936 0
-925 -937 0
-925 -938 0
-925 -939 0
-925 -940 0
-925 -941 0
-925 -942 0
-925 -943 0
-925 -944 0
-925 -945 0
-926 -927 0
-926 -928 0
-926 -929 0
-926 -930 0
-926 -931 0
-926 -932 0
-926 -933 0
-926 -934 0
-926 -935 0
-926 -936 0
-926 -937 0
-926 -938 0
-926 -939 0
-926 -940 0
-926 -941 0
-926 -942 0
-926 -943 0
-926 -944 0
-926 -945 0
-927 -928 0
-927 -929 0
-927 -930 0
-927 -931 0
-927 -932 0
-927 -933 0
-927 -934 0
-927 -935 0
-927 -936 0
-927 -937 0
-927 -938 0
-927 -939 0
-927 -940 0
-927 -941 0
-927 -942 0
-927 -943 0
-927 -944 0
-927 -945 0
-928 -929 0
-928 -930 0
-928 -931 0
-928 -932 0
-928 -933 0
-928 -934 0
-928 -935 0
-928 -936 0
-928 -937 0
-928 -938 0
-928 -939 0
-928 -940 0
-928 -941 0
-928 -942 0
-928 -943 0
-928 -944 0
-928 -945 0
-929 -930 0
-929 -931 0
-929 -932 0
-929 -933 0
-929 -934 0
-929 -935 0
-929 -936 0
-929 -937 0
-929 -938 0
-929 -939 0
-929 -940 0
-929 -941 0
-929 -942 0
-929 -943 0
-929 -944 0
-929 -945 0
-930 -931 0
-930 -932 0
-930 -933 0
-930 -934 0
-930 -935 0
-930 -936 0
-930 -937 0
-930 -938 0
-930 -939 0
-930 -940 0
-930 -941 0
-930 -942 0
-930 -943 0
-930 -944 0
-930 -945 0
-931 -932 0
-931 -933 0
-931 -934 0
-931 -935 0
-931 -936 0
-931 -937 0
-931 -938 0
-931 -939 0
-931 -940 0
-931 -941 0
-931 -942 0
-931 -943 0
-931 -944 0
-931 -945 0
-932 -933 0
-932 -934 0
-932 -935 0
-932 -936 0
-932 -937 0
-932 -938 0
-932 -939 0
-932 -940 0
-932 -941 0
-932 -942 0
-932 -943 0
-932 -944 0
-932 -945 0
-933 -934 0
-933 -935 0
-933 -936 0
-933 -937 0
-933 -938 0
-933 -939 0
-933 -940 0
-933 -941 0
-933 -942 0
-933 -943 0
-933 -944 0
-933 -945 0
-934 -935 0
-934 -936 0
-934 -937 0
-934 -938 0
-934 -939 0
-934 -940 0
-934 -941 0
-934 -942 0
-934 -943 0
-934 -944 0
-934 -945 0
-935 -936 0
-935 -937 0
-935 -938 0
-935 -939 0
-935 -940 0
-935 -941 0
-935 -942 0
-935 -943 0
-935 -944 0
-935 -945 0
-936 -937 0
-936 -938 0
-936 -939 0
-936 -940 0
-936 -941 0
-936 -942 0
-936 -943 0
-936 -944 0
-936 -945 0
-937 -938 0
-937 -939 0
-937 -940 0
-937 -941 0
-937 -942 0
-937 -943 0
-937 -944 0
-937 -945 0
-938 -939 0
-938 -940 0
-938 -941 0
-938 -942 0
-938 -943 0
-938 -944 0
-938 -945 0
-939 -940 0
-939 -941 0
-939 -942 0
-939 -943 0
-939 -944 0
-939 -945 0
-940 -941 0
-940 -942 0
-940 -943 0
-940 -944 0
-940 -945 0
-941 -942 0
-941 -943 0
-941 -944 0
-941 -945 0
-942 -943 0
-942 -944 0
-942 -945 0
-943 -944 0
-943 -945 0
-944 -945 0
-946 -947 0
-946 -948 0
-946 -949 0
-946 -950 0
-946 -951 0
-946 -952 0
-946 -953 0
-946 -954 0
-946 -955 0
-946 -956 0
-946 -957 0
-946 -958 0
-946 -959 0
-946 -960 0
-946 -961 0
-946 -962 0
-946 -963 0
-946 -964 0
-946 -965 0
-946 -966 0
-946 -967 0
-946 -968 0
-946 -969 0
-946 -970 0
-946 -971 0
-946 -972 0
-946 -973 0
-946 -974 0
-946 -975 0
-946 -976 0
-946 -977 0
-946 -978 0
-946 -979 0
-946 -980 0
-947 -948 0
-947 -949 0
-947 -950 0
-947 -951 0
-947 -952 0
-947 -953 0
-947 -954 0
-947 -955 0
-947 -956 0
-947 -957 0
-947 -958 0
-947 -959 0
-947 -960 0
-947 -961 0
-947 -962 0
-947 -963 0
-947 -964 0
-947 -965 0
-947 -966 0
-947 -967 0
-947 -968 0
-947 -969 0
-947 -970 0
-947 -971 0
-947 -972 0
-947 -973 0
-947 -974 0
-947 -975 0
-947 -976 0
-947 -977 0
-947 -978 0
-947 -979 0
-947 -980 0
-948 -949 0
-948 -950 0
-948 -951 0
-948 -952 0
-948 -953 0
-948 -954 0
-948 -955 0
-948 -956 0
-948 -957 0
-948 -958 0
-948 -959 0
-948 -960 0
-948 -961 0
-948 -962 0
-948 -963 0
-948 -964 0
-948 -965 0
-948 -966 0
-948 -967 0
-948 -968 0
-948 -969 0
-948 -970 0
-948 -971 0
-948 -972 0
-948 -973 0
-948 -974 0
-948 -975 0
-948 -976 0
-948 -977 0
-948 -978 0
-948 -979 0
-948 -980 0
-949 -950 0
-949 -951 0
-949 -952 0
-949 -953 0
-949 -954 0
-949 -955 0
-949 -956 0
-949 -957 0
-949 -958 0
-949 -959 0
-949 -960 0
-949 -961 0
-949 -962 0
-949 -963 0
-949 -964 0
-949 -965 0
-949 -966 0
-949 -967 0
-949 -968 0
-949 -969 0
-949 -970 0
-949 -971 0
-949 -972 0
-949 -973 0
-949 -974 0
-949 -975 0
-949 -976 0
-949 -977 0
-949 -978 0
-949 -979 0
-949 -980 0
-950 -951 0
-950 -952 0
-950 -953 0
-950 -954 0
-950 -955 0
-950 -956 0
-950 -957 0
-950 -958 0
-950 -959 0
-950 -960 0
-950 -961 0
-950 -962 0
-950 -963 0
-950 -964 0
-950 -965 0
-950 -966 0
-950 -967 0
-950 -968 0
-950 -969 0
-950 -970 0
-950 -971 0
-950 -972 0
-950 -973 0
-950 -974 0
-950 -975 0
-950 -976 0
-950 -977 0
-950 -978 0
-950 -979 0
-950 -980 0
-951 -952 0
-951 -953 0
-951 -954 0
-951 -955 0
-951 -956 0
-951 -957 0
-951 -958 0
-951 -959 0
-951 -960 0
-951 -961 0
-951 -962 0
-951 -963 0
-951 -964 0
-951 -965 0
-951 -966 0
-951 -967 0
-951 -968 0
-951 -969 0
-951 -970 0
-951 -971 0
-951 -972 0
-951 -973 0
-951 -974 0
-951 -975 0
-951 -976 0
-951 -977 0
-951 -978 0
-951 -979 0
-951 -980 0
-952 -953 0
-952 -954 0
-952 -955 0
-952 -956 0
-952 -957 0
-952 -958 0
-952 -959 0
-952 -960 0
-952 -961 0
-952 -962 0
-952 -963 0
-952 -964 0
-952 -965 0
-952 -966 0
-952 -967 0
-952 -968 0
-952 -969 0
-952 -970 0
-952 -971 0
-952 -972 0
-952 -973 0
-952 -974 0
-952 -975 0
-952 -976 0
-952 -977 0
-952 -978 0
-952 -979 0
-952 -980 0
-953 -954 0
-953 -955 0
-953 -956 0
-953 -957 0
-953 -958 0
-953 -959 0
-953 -960 0
-953 -961 0
-953 -962 0
-953 -963 0
-953 -964 0
-953 -965 0
-953 -966 0
-953 -967 0
-953 -968 0
-953 -969 0
-953 -970 0
-953 -971 0
-953 -972 0
-953 -973 0
-953 -974 0
-953 -975 0
-953 -976 0
-953 -977 0
-953 -978 0
-953 -979 0
-953 -980 0
-954 -955 0
-954 -956 0
-954 -957 0
-954 -958 0
-954 -959 0
-954 -960 0
-954 -961 0
-954 -962 0
-954 -963 0
-954 -964 0
-954 -965 0
-954 -966 0
-954 -967 0
-954 -968 0
-954 -969 0
-954 -970 0
-954 -971 0
-954 -972 0
-954 -973 0
-954 -974 0
-954 -975 0
-954 -976 0
-954 -977 0
-954 -978 0
-954 -979 0
-954 -980 0
-955 -956 0
-955 -957 0
-955 -958 0
-955 -959 0
-955 -960 0
-955 -961 0
-955 -962 0
-955 -963 0
-955 -964 0
-955 -965 0
-955 -966 0
-955 -967 0
-955 -968 0
-955 -969 0
-955 -970 0
-955 -971 0
-955 -972 0
-955 -973 0
-955 -974 0
-955 -975 0
-955 -976 0
-955 -977 0
-955 -978 0
-955 -979 0
-955 -980 0
-956 -957 0
-956 -958 0
-956 -959 0
-956 -960 0
-956 -961 0
-956 -962 0
-956 -963 0
-956 -964 0
-956 -965 0
-956 -966 0
-956 -967 0
-956 -968 0
-956 -969 0
-956 -970 0
-956 -971 0
-956 -972 0
-956 -973 0
-956 -974 0
-956 -975 0
-956 -976 0
-956 -977 0
-956 -978 0
-956 -979 0
-956 -980 0
-957 -958 0
-957 -959 0
-957 -960 0
-957 -961 0
-957 -962 0
-957 -963 0
-957 -964 0
-957 -965 0
-957 -966 0
-957 -967 0
-957 -968 0
-957 -969 0
-957 -970 0
-957 -971 0
-957 -972 0
-957 -973 0
-957 -974 0
-957 -975 0
-957 -976 0
-957 -977 0
-957 -978 0
-957 -979 0
-957 -980 0
-958 -959 0
-958 -960 0
-958 -961 0
-958 -962 0
-958 -963 0
-958 -964 0
-958 -965 0
-958 -966 0
-958 -967 0
-958 -968 0
-958 -969 0
-958 -970 0
-958 -971 0
-958 -972 0
-958 -973 0
-958 -974 0
-958 -975 0
-958 -976 0
-958 -977 0
-958 -978 0
-958 -979 0
-958 -980 0
-959 -960 0
-959 -961 0
-959 -962 0
-959 -963 0
-959 -964 0
-959 -965 0
-959 -966 0
-959 -967 0
-959 -968 0
-959 -969 0
-959 -970 0
-959 -971 0
-959 -972 0
-959 -973 0
-959 -974 0
-959 -975 0
-959 -976 0
-959 -977 0
-959 -978 0
-959 -979 0
-959 -980 0
-960 -961 0
-960 -962 0
-960 -963 0
-960 -964 0
-960 -965 0
-960 -966 0
-960 -967 0
-960 -968 0
-960 -969 0
-960 -970 0
-960 -971 0
-960 -972 0
-960 -973 0
-960 -974 0
-960 -975 0
-960 -976 0
-960 -977 0
-960 -978 0
-960 -979 0
-960 -980 0
-961 -962 0
-961 -963 0
-961 -964 0
-961 -965 0
-961 -966 0
-961 -967 0
-961 -968 0
-961 -969 0
-961 -970 0
-961 -971 0
-961 -972 0
-961 -973 0
-961 -974 0
-961 -975 0
-961 -976 0
-961 -977 0
-961 -978 0
-961 -979 0
-961 -980 0
-962 -963 0
-962 -964 0
-962 -965 0
-962 -966 0
-962 -967 0
-962 -968 0
-962 -969 0
-962 -970 0
-962 -971 0
-962 -972 0
-962 -973 0
-962 -974 0
-962 -975 0
-962 -976 0
-962 -977 0
-962 -978 0
-962 -979 0
-962 -980 0
-963 -964 0
-963 -965 0
-963 -966 0
-963 -967 0
-963 -968 0
-963 -969 0
-963 -970 0
-963 -971 0
-963 -972 0
-963 -973 0
-963 -974 0
-963 -975 0
-963 -976 0
-963 -977 0
-963 -978 0
-963 -979 0
-963 -980 0
-964 -965 0
-964 -966 0
-964 -967 0
-964 -968 0
-964 -969 0
-964 -970 0
-964 -971 0
-964 -972 0
-964 -973 0
-964 -974 0
-964 -975 0
-964 -976 0
-964 -977 0
-964 -978 0
-964 -979 0
-964 -980 0
-965 -966 0
-965 -967 0
-965 -968 0
-965 -969 0
-965 -970 0
-965 -971 0
-965 -972 0
-965 -973 0
-965 -974 0
-965 -975 0
-965 -976 0
-965 -977 0
-965 -978 0
-965 -979 0
-965 -980 0
-966 -967 0
-966 -968 0
-966 -969 0
-966 -970 0
-966 -971 0
-966 -972 0
-966 -973 0
-966 -974 0
-966 -975 0
-966 -976 0
-966 -977 0
-966 -978 0
-966 -979 0
-966 -980 0
-967 -968 0
-967 -969 0
-967 -970 0
-967 -971 0
-967 -972 0
-967 -973 0
-967 -974 0
-967 -975 0
-967 -976 0
-967 -977 0
-967 -978 0
-967 -979 0
-967 -980 0
-968 -969 0
-968 -970 0
-968 -971 0
-968 -972 0
-968 -973 0
-968 -974 0
-968 -975 0
-968 -976 0
-968 -977 0
-968 -978 0
-968 -979 0
-968 -980 0
-969 -970 0
-969 -971 0
-969 -972 0
-969 -973 0
-969 -974 0
-969 -975 0
-969 -976 0
-969 -977 0
-969 -978 0
-969 -979 0
-969 -980 0
-970 -971 0
-970 -972 0
-970 -973 0
-970 -974 0
-970 -975 0
-970 -976 0
-970 -977 0
-970 -978 0
-970 -979 0
-970 -980 0
-971 -972 0
-971 -973 0
-971 -974 0
-971 -975 0
-971 -976 0
-971 -977 0
-971 -978 0
-971 -979 0
-971 -980 0
-972 -973 0
-972 -974 0
-972 -975 0
-972 -976 0
-972 -977 0
-972 -978 0
-972 -979 0
-972 -980 0
-973 -974 0
-973 -975 0
-973 -976 0
-973 -977 0
-973 -978 0
-973 -979 0
-973 -980 0
-974 -975 0
-974 -976 0
-974 -977 0
-974 -978 0
-974 -979 0
-974 -980 0
-975 -976 0
-975 -977 0
-975 -978 0
-975 -979 0
-975 -980 0
-976 -977 0
-976 -978 0
-976 -979 0
-976 -980 0
-977 -978 0
-977 -979 0
-977 -980 0
-978 -979 0
-978 -980 0
-979 -980 0
-981 -982 0
-981 -983 0
-981 -984 0
-981 -985 0
-981 -986 0
-981 -987 0
-981 -988 0
-981 -989 0
-981 -990 0
-981 -991 0
-981 -992 0
-981 -993 0
-981 -994 0
-981 -995 0
-981 -996 0
-981 -997 0
-981 -998 0
-981 -999 0
-981 -1000 0
-981 -1001 0
-981 -1002 0
-981 -1003 0
-981 -1004 0
-981 -1005 0
-981 -1006 0
-981 -1007 0
-981 -1008 0
-981 -1009 0
-981 -1010 0
-981 -1011 0
-981 -1012 0
-981 -1013 0
-981 -1014 0
-981 -1015 0
-982 -983 0
-982 -984 0
-982 -985 0
-982 -986 0
-982 -987 0
-982 -988 0
-982 -989 0
-982 -990 0
-982 -991 0
-982 -992 0
-982 -993 0
-982 -994 0
-982 -995 0
-982 -996 0
-982 -997 0
-982 -998 0
-982 -999 0
-982 -1000 0
-982 -1001 0
-982 -1002 0
-982 -1003 0
-982 -1004 0
-982 -1005 0
-982 -1006 0
-982 -1007 0
-982 -1008 0
-982 -1009 0
-982 -1010 0
-982 -1011 0
-982 -1012 0
-982 -1013 0
-982 -1014 0
-982 -1015 0
-983 -984 0
-983 -985 0
-983 -986 0
-983 -987 0
-983 -988 0
-983 -989 0
-983 -990 0
-983 -991 0
-983 -992 0
-983 -993 0
-983 -994 0
-983 -995 0
-983 -996 0
-983 -997 0
-983 -998 0
-983 -999 0
-983 -1000 0
-983 -1001 0
-983 -1002 0
-983 -1003 0
-983 -1004 0
-983 -1005 0
-983 -1006 0
-983 -1007 0
-983 -1008 0
-983 -1009 0
-983 -1010 0
-983 -1011 0
-983 -1012 0
-983 -1013 0
-983 -1014 0
-983 -1015 0
-984 -985 0
-984 -986 0
-984 -987 0
-984 -988 0
-984 -989 0
-984 -990 0
-984 -991 0
-984 -992 0
-984 -993 0
-984 -994 0
-984 -995 0
-984 -996 0
-984 -997 0
-984 -998 0
-984 -999 0
-984 -1000 0
-984 -1001 0
-984 -1002 0
-984 -1003 0
-984 -1004 0
-984 -1005 0
-984 -1006 0
-984 -1007 0
-984 -1008 0
-984 -1009 0
-984 -1010 0
-984 -1011 0
-984 -1012 0
-984 -1013 0
-984 -1014 0
-984 -1015 0
-985 -986 0
-985 -987 0
-985 -988 0
-985 -989 0
-985 -990 0
-985 -991 0
-985 -992 0
-985 -993 0
-985 -994 0
-985 -995 0
-985 -996 0
-985 -997 0
-985 -998 0
-985 -999 0
-985 -1000 0
-985 -1001 0
-985 -1002 0
-985 -1003 0
-985 -1004 0
-985 -1005 0
-985 -1006 0
-985 -1007 0
-985 -1008 0
-985 -1009 0
-985 -1010 0
-985 -1011 0
-985 -1012 0
-985 -1013 0
-985 -1014 0
-985 -1015 0
-986 -987 0
-986 -988 0
-986 -989 0
-986 -990 0
-986 -991 0
-986 -992 0
-986 -993 0
-986 -994 0
-986 -995 0
-986 -996 0
-986 -997 0
-986 -998 0
-986 -999 0
-986 -1000 0
-986 -1001 0
-986 -1002 0
-986 -1003 0
-986 -1004 0
-986 -1005 0
-986 -1006 0
-986 -1007 0
-986 -1008 0
-986 -1009 0
-986 -1010 0
-986 -1011 0
-986 -1012 0
-986 -1013 0
-986 -1014 0
-986 -1015 0
-987 -988 0
-987 -989 0
-987 -990 0
-987 -991 0
-987 -992 0
-987 -993 0
-987 -994 0
-987 -995 0
-987 -996 0
-987 -997 0
-987 -998 0
-987 -999 0
-987 -1000 0
-987 -1001 0
-987 -1002 0
-987 -1003 0
-987 -1004 0
-987 -1005 0
-987 -1006 0
-987 -1007 0
-987 -1008 0
-987 -1009 0
-987 -1010 0
-987 -1011 0
-987 -1012 0
-987 -1013 0
-987 -1014 0
-987 -1015 0
-988 -989 0
-988 -990 0
-988 -991 0
-988 -992 0
-988 -993 0
-988 -994 0
-988 -995 0
-988 -996 0
-988 -997 0
-988 -998 0
-988 -999 0
-988 -1000 0
-988 -1001 0
-988 -1002 0
-988 -1003 0
-988 -1004 0
-988 -1005 0
-988 -1006 0
-988 -1007 0
-988 -1008 0
-988 -1009 0
-988 -1010 0
-988 -1011 0
-988 -1012 0
-988 -1013 0
-988 -1014 0
-988 -1015 0
-989 -990 0
-989 -991 0
-989 -992 0
-989 -993 0
-989 -994 0
-989 -995 0
-989 -996 0
-989 -997 0
-989 -998 0
-989 -999 0
-989 -1000 0
-989 -1001 0
-989 -1002 0
-989 -1003 0
-989 -1004 0
-989 -1005 0
-989 -1006 0
-989 -1007 0
-989 -1008 0
-989 -1009 0
-989 -1010 0
-989 -1011 0
-989 -1012 0
-989 -1013 0
-989 -1014 0
-989 -1015 0
-990 -991 0
-990 -992 0
-990 -993 0
-990 -994 0
-990 -995 0
-990 -996 0
-990 -997 0
-990 -998 0
-990 -999 0
-990 -1000 0
-990 -1001 0
-990 -1002 0
-990 -1003 0
-990 -1004 0
-990 -1005 0
-990 -1006 0
-990 -1007 0
-990 -1008 0
-990 -1009 0
-990 -1010 0
-990 -1011 0
-990 -1012 0
-990 -1013 0
-990 -1014 0
-990 -1015 0
-991 -992 0
-991 -993 0
-991 -994 0
-991 -995 0
-991 -996 0
-991 -997 0
-991 -998 0
-991 -999 0
-991 -1000 0
-991 -1001 0
-991 -1002 0
-991 -1003 0
-991 -1004 0
-991 -1005 0
-991 -1006 0
-991 -1007 0
-991 -1008 0
-991 -1009 0
-991 -1010 0
-991 -1011 0
-991 -1012 0
-991 -1013 0
-991 -1014 0
-991 -1015 0
-992 -993 0
-992 -994 0
-992 -995 0
-992 -996 0
-992 -997 0
-992 -998 0
-992 -999 0
-992 -1000 0
-992 -1001 0
-992 -1002 0
-992 -1003 0
-992 -1004 0
-992 -1005 0
-992 -1006 0
-992 -1007 0
-992 -1008 0
-992 -1009 0
-992 -1010 0
-992 -1011 0
-992 -1012 0
-992 -1013 0
-992 -1014 0
-992 -1015 0
-993 -994 0
-993 -995 0
-993 -996 0
-993 -997 0
-993 -998 0
-993 -999 0
-993 -1000 0
-993 -1001 0
-993 -1002 0
-993 -1003 0
-993 -1004 0
-993 -1005 0
-993 -1006 0
-993 -1007 0
-993 -1008 0
-993 -1009 0
-993 -1010 0
-993 -1011 0
-993 -1012 0
-993 -1013 0
-993 -1014 0
-993 -1015 0
-994 -995 0
-994 -996 0
-994 -997 0
-994 -998 0
-994 -999 0
-994 -1000 0
-994 -1001 0
-994 -1002 0
-994 -1003 0
-994 -1004 0
-994 -1005 0
-994 -1006 0
-994 -1007 0
-994 -1008 0
-994 -1009 0
-994 -1010 0
-994 -1011 0
-994 -1012 0
-994 -1013 0
-994 -1014 0
-994 -1015 0
-995 -996 0
-995 -997 0
-995 -998 0
-995 -999 0
-995 -1000 0
-995 -1001 0
-995 -1002 0
-995 -1003 0
-995 -1004 0
-995 -1005 0
-995 -1006 0
-995 -1007 0
-995 -1008 0
-995 -1009 0
-995 -1010 0
-995 -1011 0
-995 -1012 0
-995 -1013 0
-995 -1014 0
-995 -1015 0
-996 -997 0
-996 -998 0
-996 -999 0
-996 -1000 0
-996 -1001 0
-996 -1002 0
-996 -1003 0
-996 -1004 0
-996 -1005 0
-996 -1006 0
-996 -1007 0
-996 -1008 0
-996 -1009 0
-996 -1010 0
-996 -1011 0
-996 -1012 0
-996 -1013 0
-996 -1014 0
-996 -1015 0
-997 -998 0
-997 -999 0
-997 -1000 0
-997 -1001 0
-997 -1002 0
-997 -1003 0
-997 -1004 0
-997 -1005 0
-997 -1006 0
-997 -1007 0
-997 -1008 0
-997 -1009 0
-997 -1010 0
-997 -1011 0
-997 -1012 0
-997 -1013 0
-997 -1014 0
-997 -1015 0
-998 -999 0
-998 -1000 0
-998 -1001 0
-998 -1002 0
-998 -1003 0
-998 -1004 0
-998 -1005 0
-998 -1006 0
-998 -1007 0
-998 -1008 0
-998 -1009 0
-998 -1010 0
-998 -1011 0
-998 -1012 0
-998 -1013 0
-998 -1014 0
-998 -1015 0
-999 -1000 0
-999 -1001 0
-999 -1002 0
-999 -1003 0
-999 -1004 0
-999 -1005 0
-999 -1006 0
-999 -1007 0
-999 -1008 0
-999 -1009 0
-999 -1010 0
-999 -1011 0
-999 -1012 0
-999 -1013 0
-999 -1014 0
-999 -1015 0
-1000 -1001 0
-1000 -1002 0
-1000 -1003 0
-1000 -1004 0
-1000 -1005 0
-1000 -1006 0
-1000 -1007 0
-1000 -1008 0
-1000 -1009 0
-1000 -1010 0
-1000 -1011 0
-1000 -1012 0
-1000 -1013 0
-1000 -1014 0
-1000 -1015 0
-1001 -1002 0
-1001 -1003 0
-1001 -1004 0
-1001 -1005 0
-1001 -1006 0
-1001 -1007 0
-1001 -1008 0
-1001 -1009 0
-1001 -1010 0
-1001 -1011 0
-1001 -1012 0
-1001 -1013 0
-1001 -1014 0
-1001 -1015 0
-1002 -1003 0
-1002 -1004 0
-1002 -1005 0
-1002 -1006 0
-1002 -1007 0
-1002 -1008 0
-1002 -1009 0
-1002 -1010 0
-1002 -1011 0
-1002 -1012 0
-1002 -1013 0
-1002 -1014 0
-1002 -1015 0
-1003 -1004 0
-1003 -1005 0
-1003 -1006 0
-1003 -1007 0
-1003 -1008 0
-1003 -1009 0
-1003 -1010 0
-1003 -1011 0
-1003 -1012 0
-1003 -1013 0
-1003 -1014 0
-1003 -1015 0
-1004 -1005 0
-1004 -1006 0
-1004 -1007 0
-1004 -1008 0
-1004 -1009 0
-1004 -1010 0
-1004 -1011 0
-1004 -1012 0
-1004 -1013 0
-1004 -1014 0
-1004 -1015 0
-1005 -1006 0
-1005 -1007 0
-1005 -1008 0
-1005 -1009 0
-1005 -1010 0
-1005 -1011 0
-1005 -1012 0
-1005 -1013 0
-1005 -1014 0
-1005 -1015 0
-1006 -1007 0
-1006 -1008 0
-1006 -1009 0
-1006 -1010 0
-1006 -1011 0
-1006 -1012 0
-1006 -1013 0
-1006 -1014 0
-1006 -1015 0
-1007 -1008 0
-1007 -1009 0
-1007 -1010 0
-1007 -1011 0
-1007 -1012 0
-1007 -1013 0
-1007 -1014 0
-1007 -1015 0
-1008 -1009 0
-1008 -1010 0
-1008 -1011 0
-1008 -1012 0
-1008 -1013 0
-1008 -1014 0
-1008 -1015 0
-1009 -1010 0
-1009 -1011 0
-1009 -1012 0
-1009 -1013 0
-1009 -1014 0
-1009 -1015 0
-1010 -1011 0
-1010 -1012 0
-1010 -1013 0
-1010 -1014 0
-1010 -1015 0
-1011 -1012 0
-1011 -1013 0
-1011 -1014 0
-1011 -1015 0
-1012 -1013 0
-1012 -1014 0
-1012 -1015 0
-1013 -1014 0
-1013 -1015 0
-1014 -1015 0
-1016 -1017 0
-1016 -1018 0
-1016 -1019 0
-1016 -1020 0
-1016 -1021 0
-1016 -1022 0
-1016 -1023 0
-1016 -1024 0
-1016 -1025 0
-1016 -1026 0
-1016 -1027 0
-1016 -1028 0
-1016 -1029 0
-1016 -1030 0
-1016 -1031 0
-1016 -1032 0
-1016 -1033 0
-1016 -1034 0
-1016 -1035 0
-1016 -1036 0
-1016 -1037 0
-1016 -1038 0
-1016 -1039 0
-1016 -1040 0
-1016 -1041 0
-1016 -1042 0
-1016 -1043 0
-1016 -1044 0
-1016 -1045 0
-1016 -1046 0
-1016 -1047 0
-1016 -1048 0
-1016 -1049 0
-1016 -1050 0
-1017 -1018 0
-1017 -1019 0
-1017 -1020 0
-1017 -1021 0
-1017 -1022 0
-1017 -1023 0
-1017 -1024 0
-1017 -1025 0
-1017 -1026 0
-1017 -1027 0
-1017 -1028 0
-1017 -1029 0
-1017 -1030 0
-1017 -1031 0
-1017 -1032 0
-1017 -1033 0
-1017 -1034 0
-1017 -1035 0
-1017 -1036 0
-1017 -1037 0
-1017 -1038 0
-1017 -1039 0
-1017 -1040 0
-1017 -1041 0
-1017 -1042 0
-1017 -1043 0
-1017 -1044 0
-1017 -1045 0
-1017 -1046 0
-1017 -1047 0
-1017 -1048 0
-1017 -1049 0
-1017 -1050 0
-1018 -1019 0
-1018 -1020 0
-1018 -1021 0
-1018 -1022 0
-1018 -1023 0
-1018 -1024 0
-1018 -1025 0
-1018 -1026 0
-1018 -1027 0
-1018 -1028 0
-1018 -1029 0
-1018 -1030 0
-1018 -1031 0
-1018 -1032 0
-1018 -1033 0
-1018 -1034 0
-1018 -1035 0
-1018 -1036 0
-1018 -1037 0
-1018 -1038 0
-1018 -1039 0
-1018 -1040 0
-1018 -1041 0
-1018 -1042 0
-1018 -1043 0
-1018 -1044 0
-1018 -1045 0
-1018 -1046 0
-1018 -1047 0
-1018 -1048 0
-1018 -1049 0
-1018 -1050 0
-1019 -1020 0
-1019 -1021 0
-1019 -1022 0
-1019 -1023 0
-1019 -1024 0
-1019 -1025 0
-1019 -1026 0
-1019 -1027 0
-1019 -1028 0
-1019 -1029 0
-1019 -1030 0
-1019 -1031 0
-1019 -1032 0
-1019 -1033 0
-1019 -1034 0
-1019 -1035 0
-1019 -1036 0
-1019 -1037 0
-1019 -1038 0
-1019 -1039 0
-1019 -1040 0
-1019 -1041 0
-1019 -1042 0
-1019 -1043 0
-1019 -1044 0
-1019 -1045 0
-1019 -1046 0
-1019 -1047 0
-1019 -1048 0
-1019 -1049 0
-1019 -1050 0
-1020 -1021 0
-1020 -1022 0
-1020 -1023 0
-1020 -1024 0
-1020 -1025 0
-1020 -1026 0
-1020 -1027 0
-1020 -1028 0
-1020 -1029 0
-1020 -1030 0
-1020 -1031 0
-1020 -1032 0
-1020 -1033 0
-1020 -1034 0
-1020 -1035 0
-1020 -1036 0
-1020 -1037 0
-1020 -1038 0
-1020 -1039 0
-1020 -1040 0
-1020 -1041 0
-1020 -1042 0
-1020 -1043 0
-1020 -1044 0
-1020 -1045 0
-1020 -1046 0
-1020 -1047 0
-1020 -1048 0
-1020 -1049 0
-1020 -1050 0
-1021 -1022 0
-1021 -1023 0
-1021 -1024 0
-1021 -1025 0
-1021 -1026 0
-1021 -1027 0
-1021 -1028 0
-1021 -1029 0
-1021 -1030 0
-1021 -1031 0
-1021 -1032 0
-1021 -1033 0
-1021 -1034 0
-1021 -1035 0
-1021 -1036 0
-1021 -1037 0
-1021 -1038 0
-1021 -1039 0
-1021 -1040 0
-1021 -1041 0
-1021 -1042 0
-1021 -1043 0
-1021 -1044 0
-1021 -1045 0
-1021 -1046 0
-1021 -1047 0
-1021 -1048 0
-1021 -1049 0
-1021 -1050 0
-1022 -1023 0
-1022 -1024 0
-1022 -1025 0
-1022 -1026 0
-1022 -1027 0
-1022 -1028 0
-1022 -1029 0
-1022 -1030 0
-1022 -1031 0
-1022 -1032 0
-1022 -1033 0
-1022 -1034 0
-1022 -1035 0
-1022 -1036 0
-1022 -1037 0
-1022 -1038 0
-1022 -1039 0
-1022 -1040 0
-1022 -1041 0
-1022 -1042 0
-1022 -1043 0
-1022 -1044 0
-1022 -1045 0
-1022 -1046 0
-1022 -1047 0
-1022 -1048 0
-1022 -1049 0
-1022 -1050 0
-1023 -1024 0
-1023 -1025 0
-1023 -1026 0
-1023 -1027 0
-1023 -1028 0
-1023 -1029 0
-1023 -1030 0
-1023 -1031 0
-1023 -1032 0
-1023 -1033 0
-1023 -1034 0
-1023 -1035 0
-1023 -1036 0
-1023 -1037 0
-1023 -1038 0
-1023 -1039 0
-1023 -1040 0
-1023 -1041 0
-1023 -1042 0
-1023 -1043 0
-1023 -1044 0
-1023 -1045 0
-1023 -1046 0
-1023 -1047 0
-1023 -1048 0
-1023 -1049 0
-1023 -1050 0
-1024 -1025 0
-1024 -1026 0
-1024 -1027 0
-1024 -1028 0
-1024 -1029 0
-1024 -1030 0
-1024 -1031 0
-1024 -1032 0
-1024 -1033 0
-1024 -1034 0
-1024 -1035 0
-1024 -1036 0
-1024 -1037 0
-1024 -1038 0
-1024 -1039 0
-1024 -1040 0
-1024 -1041 0
-1024 -1042 0
-1024 -1043 0
-1024 -1044 0
-1024 -1045 0
-1024 -1046 0
-1024 -1047 0
-1024 -1048 0
-1024 -1049 0
-1024 -1050 0
-1025 -1026 0
-1025 -1027 0
-1025 -1028 0
-1025 -1029 0
-1025 -1030 0
-1025 -1031 0
-1025 -1032 0
-1025 -1033 0
-1025 -1034 0
-1025 -1035 0
-1025 -1036 0
-1025 -1037 0
-1025 -1038 0
-1025 -1039 0
-1025 -1040 0
-1025 -1041 0
-1025 -1042 0
-1025 -1043 0
-1025 -1044 0
-1025 -1045 0
-1025 -1046 0
-1025 -1047 0
-1025 -1048 0
-1025 -1049 0
-1025 -1050 0
-1026 -1027 0
-1026 -1028 0
-1026 -1029 0
-1026 -1030 0
-1026 -1031 0
-1026 -1032 0
-1026 -1033 0
-1026 -1034 0
-1026 -1035 0
-1026 -1036 0
-1026 -1037 0
-1026 -1038 0
-1026 -1039 0
-1026 -1040 0
-1026 -1041 0
-1026 -1042 0
-1026 -1043 0
-1026 -1044 0
-1026 -1045 0
-1026 -1046 0
-1026 -1047 0
-1026 -1048 0
-1026 -1049 0
-1026 -1050 0
-1027 -1028 0
-1027 -1029 0
-1027 -1030 0
-1027 -1031 0
-1027 -1032 0
-1027 -1033 0
-1027 -1034 0
-1027 -1035 0
-1027 -1036 0
-1027 -1037 0
-1027 -1038 0
-1027 -1039 0
-1027 -1040 0
-1027 -1041 0
-1027 -1042 0
-1027 -1043 0
-1027 -1044 0
-1027 -1045 0
-1027 -1046 0
-1027 -1047 0
-1027 -1048 0
-1027 -1049 0
-1027 -1050 0
-1028 -1029 0
-1028 -1030 0
-1028 -1031 0
-1028 -1032 0
-1028 -1033 0
-1028 -1034 0
-1028 -1035 0
-1028 -1036 0
-1028 -1037 0
-1028 -1038 0
-1028 -1039 0
-1028 -1040 0
-1028 -1041 0
-1028 -1042 0
-1028 -1043 0
-1028 -1044 0
-1028 -1045 0
-1028 -1046 0
-1028 -1047 0
-1028 -1048 0
-1028 -1049 0
-1028 -1050 0
-1029 -1030 0
-1029 -1031 0
-1029 -1032 0
-1029 -1033 0
-1029 -1034 0
-1029 -1035 0
-1029 -1036 0
-1029 -1037 0
-1029 -1038 0
-1029 -1039 0
-1029 -1040 0
-1029 -1041 0
-1029 -1042 0
-1029 -1043 0
-1029 -1044 0
-1029 -1045 0
-1029 -1046 0
-1029 -1047 0
-1029 -1048 0
-1029 -1049 0
-1029 -1050 0
-1030 -1031 0
-1030 -1032 0
-1030 -1033 0
-1030 -1034 0
-1030 -1035 0
-1030 -1036 0
-1030 -1037 0
-1030 -1038 0
-1030 -1039 0
-1030 -1040 0
-1030 -1041 0
-1030 -1042 0
-1030 -1043 0
-1030 -1044 0
-1030 -1045 0
-1030 -1046 0
-1030 -1047 0
-1030 -1048 0
-1030 -1049 0
-1030 -1050 0
-1031 -1032 0
-1031 -1033 0
-1031 -1034 0
-1031 -1035 0
-1031 -1036 0
-1031 -1037 0
-1031 -1038 0
-1031 -1039 0
-1031 -1040 0
-1031 -1041 0
-1031 -1042 0
-1031 -1043 0
-1031 -1044 0
-1031 -1045 0
-1031 -1046 0
-1031 -1047 0
-1031 -1048 0
-1031 -1049 0
-1031 -1050 0
-1032 -1033 0
-1032 -1034 0
-1032 -1035 0
-1032 -1036 0
-1032 -1037 0
-1032 -1038 0
-1032 -1039 0
-1032 -1040 0
-1032 -1041 0
-1032 -1042 0
-1032 -1043 0
-1032 -1044 0
-1032 -1045 0
-1032 -1046 0
-1032 -1047 0
-1032 -1048 0
-1032 -1049 0
-1032 -1050 0
-1033 -1034 0
-1033 -1035 0
-1033 -1036 0
-1033 -1037 0
-1033 -1038 0
-1033 -1039 0
-1033 -1040 0
-1033 -1041 0
-1033 -1042 0
-1033 -1043 0
-1033 -1044 0
-1033 -1045 0
-1033 -1046 0
-1033 -1047 0
-1033 -1048 0
-1033 -1049 0
-1033 -1050 0
-1034 -1035 0
-1034 -1036 0
-1034 -1037 0
-1034 -1038 0
-1034 -1039 0
-1034 -1040 0
-1034 -1041 0
-1034 -1042 0
-1034 -1043 0
-1034 -1044 0
-1034 -1045 0
-1034 -1046 0
-1034 -1047 0
-1034 -1048 0
-1034 -1049 0
-1034 -1050 0
-1035 -1036 0
-1035 -1037 0
-1035 -1038 0
-1035 -1039 0
-1035 -1040 0
-1035 -1041 0
-1035 -1042 0
-1035 -1043 0
-1035 -1044 0
-1035 -1045 0
-1035 -1046 0
-1035 -1047 0
-1035 -1048 0
-1035 -1049 0
-1035 -1050 0
-1036 -1037 0
-1036 -1038 0
-1036 -1039 0
-1036 -1040 0
-1036 -1041 0
-1036 -1042 0
-1036 -1043 0
-1036 -1044 0
-1036 -1045 0
-1036 -1046 0
-1036 -1047 0
-1036 -1048 0
-1036 -1049 0
-1036 -1050 0
-1037 -1038 0
-1037 -1039 0
-1037 -1040 0
-1037 -1041 0
-1037 -1042 0
-1037 -1043 0
-1037 -1044 0
-1037 -1045 0
-1037 -1046 0
-1037 -1047 0
-1037 -1048 0
-1037 -1049 0
-1037 -1050 0
-1038 -1039 0
-1038 -1040 0
-1038 -1041 0
-1038 -1042 0
-1038 -1043 0
-1038 -1044 0
-1038 -1045 0
-1038 -1046 0
-1038 -1047 0
-1038 -1048 0
-1038 -1049 0
-1038 -1050 0
-1039 -1040 0
-1039 -1041 0
-1039 -1042 0
-1039 -1043 0
-1039 -1044 0
-1039 -1045 0
-1039 -1046 0
-1039 -1047 0
-1039 -1048 0
-1039 -1049 0
-1039 -1050 0
-1040 -1041 0
-1040 -1042 0
-1040 -1043 0
-1040 -1044 0
-1040 -1045 0
-1040 -1046 0
-1040 -1047 0
-1040 -1048 0
-1040 -1049 0
-1040 -1050 0
-1041 -1042 0
-1041 -1043 0
-1041 -1044 0
-1041 -1045 0
-1041 -1046 0
-1041 -1047 0
-1041 -1048 0
-1041 -1049 0
-1041 -1050 0
-1042 -1043 0
-1042 -1044 0
-1042 -1045 0
-1042 -1046 0
-1042 -1047 0
-1042 -1048 0
-1042 -1049 0
-1042 -1050 0
-1043 -1044 0
-1043 -1045 0
-1043 -1046 0
-1043 -1047 0
-1043 -1048 0
-1043 -1049 0
-1043 -1050 0
-1044 -1045 0
-1044 -1046 0
-1044 -1047 0
-1044 -1048 0
-1044 -1049 0
-1044 -1050 0
-1045 -1046 0
-1045 -1047 0
-1045 -1048 0
-1045 -1049 0
-1045 -1050 0
-1046 -1047 0
-1046 -1048 0
-1046 -1049 0
-1046 -1050 0
-1047 -1048 0
-1047 -1049 0
-1047 -1050 0
-1048 -1049 0
-1048 -1050 0
-1049 -1050 0
-1051 -1052 0
-1051 -1053 0
-1051 -1054 0
-1051 -1055 0
-1051 -1056 0
-1051 -1057 0
-1051 -1058 0
-1051 -1059 0
-1051 -1060 0
-1051 -1061 0
-1051 -1062 0
-1051 -1063 0
-1051 -1064 0
-1051 -1065 0
-1051 -1066 0
-1051 -1067 0
-1051 -1068 0
-1051 -1069 0
-1051 -1070 0
-1051 -1071 0
-1051 -1072 0
-1051 -1073 0
-1051 -1074 0
-1051 -1075 0
-1051 -1076 0
-1051 -1077 0
-1051 -1078 0
-1051 -1079 0
-1051 -1080 0
-1051 -1081 0
-1051 -1082 0
-1051 -1083 0
-1051 -1084 0
-1051 -1085 0
-1052 -1053 0
-1052 -1054 0
-1052 -1055 0
-1052 -1056 0
-1052 -1057 0
-1052 -1058 0
-1052 -1059 0
-1052 -1060 0
-1052 -1061 0
-1052 -1062 0
-1052 -1063 0
-1052 -1064 0
-1052 -1065 0
-1052 -1066 0
-1052 -1067 0
-1052 -1068 0
-1052 -1069 0
-1052 -1070 0
-1052 -1071 0
-1052 -1072 0
-1052 -1073 0
-1052 -1074 0
-1052 -1075 0
-1052 -1076 0
-1052 -1077 0
-1052 -1078 0
-1052 -1079 0
-1052 -1080 0
-1052 -1081 0
-1052 -1082 0
-1052 -1083 0
-1052 -1084 0
-1052 -1085 0
-1053 -1054 0
-1053 -1055 0
-1053 -1056 0
-1053 -1057 0
-1053 -1058 0
-1053 -1059 0
-1053 -1060 0
-1053 -1061 0
-1053 -1062 0
-1053 -1063 0
-1053 -1064 0
-1053 -1065 0
-1053 -1066 0
-1053 -1067 0
-1053 -1068 0
-1053 -1069 0
-1053 -1070 0
-1053 -1071 0
-1053 -1072 0
-1053 -1073 0
-1053 -1074 0
-1053 -1075 0
-1053 -1076 0
-1053 -1077 0
-1053 -1078 0
-1053 -1079 0
-1053 -1080 0
-1053 -1081 0
-1053 -1082 0
-1053 -1083 0
-1053 -1084 0
-1053 -1085 0
-1054 -1055 0
-1054 -1056 0
-1054 -1057 0
-1054 -1058 0
-1054 -1059 0
-1054 -1060 0
-1054 -1061 0
-1054 -1062 0
-1054 -1063 0
-1054 -1064 0
-1054 -1065 0
-1054 -1066 0
-1054 -1067 0
-1054 -1068 0
-1054 -1069 0
-1054 -1070 0
-1054 -1071 0
-1054 -1072 0
-1054 -1073 0
-1054 -1074 0
-1054 -1075 0
-1054 -1076 0
-1054 -1077 0
-1054 -1078 0
-1054 -1079 0
-1054 -1080 0
-1054 -1081 0
-1054 -1082 0
-1054 -1083 0
-1054 -1084 0
-1054 -1085 0
-1055 -1056 0
-1055 -1057 0
-1055 -1058 0
-1055 -1059 0
-1055 -1060 0
-1055 -1061 0
-1055 -1062 0
-1055 -1063 0
-1055 -1064 0
-1055 -1065 0
-1055 -1066 0
-1055 -1067 0
-1055 -1068 0
-1055 -1069 0
-1055 -1070 0
-1055 -1071 0
-1055 -1072 0
-1055 -1073 0
-1055 -1074 0
-1055 -1075 0
-1055 -1076 0
-1055 -1077 0
-1055 -1078 0
-1055 -1079 0
-1055 -1080 0
-1055 -1081 0
-1055 -1082 0
-1055 -1083 0
-1055 -1084 0
-1055 -1085 0
-1056 -1057 0
-1056 -1058 0
-1056 -1059 0
-1056 -1060 0
-1056 -1061 0
-1056 -1062 0
-1056 -1063 0
-1056 -1064 0
-1056 -1065 0
-1056 -1066 0
-1056 -1067 0
-1056 -1068 0
-1056 -1069 0
-1056 -1070 0
-1056 -1071 0
-1056 -1072 0
-1056 -1073 0
-1056 -1074 0
-1056 -1075 0
-1056 -1076 0
-1056 -1077 0
-1056 -1078 0
-1056 -1079 0
-1056 -1080 0
-1056 -1081 0
-1056 -1082 0
-1056 -1083 0
-1056 -1084 0
-1056 -1085 0
-1057 -1058 0
-1057 -1059 0
-1057 -1060 0
-1057 -1061 0
-1057 -1062 0
-1057 -1063 0
-1057 -1064 0
-1057 -1065 0
-1057 -1066 0
-1057 -1067 0
-1057 -1068 0
-1057 -1069 0
-1057 -1070 0
-1057 -1071 0
-1057 -1072 0
-1057 -1073 0
-1057 -1074 0
-1057 -1075 0
-1057 -1076 0
-1057 -1077 0
-1057 -1078 0
-1057 -1079 0
-1057 -1080 0
-1057 -1081 0
-1057 -1082 0
-1057 -1083 0
-1057 -1084 0
-1057 -1085 0
-1058 -1059 0
-1058 -1060 0
-1058 -1061 0
-1058 -1062 0
-1058 -1063 0
-1058 -1064 0
-1058 -1065 0
-1058 -1066 0
-1058 -1067 0
-1058 -1068 0
-1058 -1069 0
-1058 -1070 0
-1058 -1071 0
-1058 -1072 0
-1058 -1073 0
-1058 -1074 0
-1058 -1075 0
-1058 -1076 0
-1058 -1077 0
-1058 -1078 0
-1058 -1079 0
-1058 -1080 0
-1058 -1081 0
-1058 -1082 0
-1058 -1083 0
-1058 -1084 0
-1058 -1085 0
-1059 -1060 0
-1059 -1061 0
-1059 -1062 0
-1059 -1063 0
-1059 -1064 0
-1059 -1065 0
-1059 -1066 0
-1059 -1067 0
-1059 -1068 0
-1059 -1069 0
-1059 -1070 0
-1059 -1071 0
-1059 -1072 0
-1059 -1073 0
-1059 -1074 0
-1059 -1075 0
-1059 -1076 0
-1059 -1077 0
-1059 -1078 0
-1059 -1079 0
-1059 -1080 0
-1059 -1081 0
-1059 -1082 0
-1059 -1083 0
-1059 -1084 0
-1059 -1085 0
-1060 -1061 0
-1060 -1062 0
-1060 -1063 0
-1060 -1064 0
-1060 -1065 0
-1060 -1066 0
-1060 -1067 0
-1060 -1068 0
-1060 -1069 0
-1060 -1070 0
-1060 -1071 0
-1060 -1072 0
-1060 -1073 0
-1060 -1074 0
-1060 -1075 0
-1060 -1076 0
-1060 -1077 0
-1060 -1078 0
-1060 -1079 0
-1060 -1080 0
-1060 -1081 0
-1060 -1082 0
-1060 -1083 0
-1060 -1084 0
-1060 -1085 0
-1061 -1062 0
-1061 -1063 0
-1061 -1064 0
-1061 -1065 0
-1061 -1066 0
-1061 -1067 0
-1061 -1068 0
-1061 -1069 0
-1061 -1070 0
-1061 -1071 0
-1061 -1072 0
-1061 -1073 0
-1061 -1074 0
-1061 -1075 0
-1061 -1076 0
-1061 -1077 0
-1061 -1078 0
-1061 -1079 0
-1061 -1080 0
-1061 -1081 0
-1061 -1082 0
-1061 -1083 0
-1061 -1084 0
-1061 -1085 0
-1062 -1063 0
-1062 -1064 0
-1062 -1065 0
-1062 -1066 0
-1062 -1067 0
-1062 -1068 0
-1062 -1069 0
-1062 -1070 0
-1062 -1071 0
-1062 -1072 0
-1062 -1073 0
-1062 -1074 0
-1062 -1075 0
-1062 -1076 0
-1062 -1077 0
-1062 -1078 0
-1062 -1079 0
-1062 -1080 0
-1062 -1081 0
-1062 -1082 0
-1062 -1083 0
-1062 -1084 0
-1062 -1085 0
-1063 -1064 0
-1063 -1065 0
-1063 -1066 0
-1063 -1067 0
-1063 -1068 0
-1063 -1069 0
-1063 -1070 0
-1063 -1071 0
-1063 -1072 0
-1063 -1073 0
-1063 -1074 0
-1063 -1075 0
-1063 -1076 0
-1063 -1077 0
-1063 -1078 0
-1063 -1079 0
-1063 -1080 0
-1063 -1081 0
-1063 -1082 0
-1063 -1083 0
-1063 -1084 0
-1063 -1085 0
-1064 -1065 0
-1064 -1066 0
-1064 -1067 0
-1064 -1068 0
-1064 -1069 0
-1064 -1070 0
-1064 -1071 0
-1064 -1072 0
-1064 -1073 0
-1064 -1074 0
-1064 -1075 0
-1064 -1076 0
-1064 -1077 0
-1064 -1078 0
-1064 -1079 0
-1064 -1080 0
-1064 -1081 0
-1064 -1082 0
-1064 -1083 0
-1064 -1084 0
-1064 -1085 0
-1065 -1066 0
-1065 -1067 0
-1065 -1068 0
-1065 -1069 0
-1065 -1070 0
-1065 -1071 0
-1065 -1072 0
-1065 -1073 0
-1065 -1074 0
-1065 -1075 0
-1065 -1076 0
-1065 -1077 0
-1065 -1078 0
-1065 -1079 0
-1065 -1080 0
-1065 -1081 0
-1065 -1082 0
-1065 -1083 0
-1065 -1084 0
-1065 -1085 0
-1066 -1067 0
-1066 -1068 0
-1066 -1069 0
-1066 -1070 0
-1066 -1071 0
-1066 -1072 0
-1066 -1073 0
-1066 -1074 0
-1066 -1075 0
-1066 -1076 0
-1066 -1077 0
-1066 -1078 0
-1066 -1079 0
-1066 -1080 0
-1066 -1081 0
-1066 -1082 0
-1066 -1083 0
-1066 -1084 0
-1066 -1085 0
-1067 -1068 0
-1067 -1069 0
-1067 -1070 0
-1067 -1071 0
-1067 -1072 0
-1067 -1073 0
-1067 -1074 0
-1067 -1075 0
-1067 -1076 0
-1067 -1077 0
-1067 -1078 0
-1067 -1079 0
-1067 -1080 0
-1067 -1081 0
-1067 -1082 0
-1067 -1083 0
-1067 -1084 0
-1067 -1085 0
-1068 -1069 0
-1068 -1070 0
-1068 -1071 0
-1068 -1072 0
-1068 -1073 0
-1068 -1074 0
-1068 -1075 0
-1068 -1076 0
-1068 -1077 0
-1068 -1078 0
-1068 -1079 0
-1068 -1080 0
-1068 -1081 0
-1068 -1082 0
-1068 -1083 0
-1068 -1084 0
-1068 -1085 0
-1069 -1070 0
-1069 -1071 0
-1069 -1072 0
-1069 -1073 0
-1069 -1074 0
-1069 -1075 0
-1069 -1076 0
-1069 -1077 0
-1069 -1078 0
-1069 -1079 0
-1069 -1080 0
-1069 -1081 0
-1069 -1082 0
-1069 -1083 0
-1069 -1084 0
-1069 -1085 0
-1070 -1071 0
-1070 -1072 0
-1070 -1073 0
-1070 -1074 0
-1070 -1075 0
-1070 -1076 0
-1070 -1077 0
-1070 -1078 0
-1070 -1079 0
-1070 -1080 0
-1070 -1081 0
-1070 -1082 0
-1070 -1083 0
-1070 -1084 0
-1070 -1085 0
-1071 -1072 0
-1071 -1073 0
-1071 -1074 0
-1071 -1075 0
-1071 -1076 0
-1071 -1077 0
-1071 -1078 0
-1071 -1079 0
-1071 -1080 0
-1071 -1081 0
-1071 -1082 0
-1071 -1083 0
-1071 -1084 0
-1071 -1085 0
-1072 -1073 0
-1072 -1074 0
-1072 -1075 0
-1072 -1076 0
-1072 -1077 0
-1072 -1078 0
-1072 -1079 0
-1072 -1080 0
-1072 -1081 0
-1072 -1082 0
-1072 -1083 0
-1072 -1084 0
-1072 -1085 0
-1073 -1074 0
-1073 -1075 0
-1073 -1076 0
-1073 -1077 0
-1073 -1078 0
-1073 -1079 0
-1073 -1080 0
-1073 -1081 0
-1073 -1082 0
-1073 -1083 0
-1073 -1084 0
-1073 -1085 0
-1074 -1075 0
-1074 -1076 0
-1074 -1077 0
-1074 -1078 0
-1074 -1079 0
-1074 -1080 0
-1074 -1081 0
-1074 -1082 0
-1074 -1083 0
-1074 -1084 0
-1074 -1085 0
-1075 -1076 0
-1075 -1077 0
-1075 -1078 0
-1075 -1079 0
-1075 -1080 0
-1075 -1081 0
-1075 -1082 0
-1075 -1083 0
-1075 -1084 0
-1075 -1085 0
-1076 -1077 0
-1076 -1078 0
-1076 -1079 0
-1076 -1080 0
-1076 -1081 0
-1076 -1082 0
-1076 -1083 0
-1076 -1084 0
-1076 -1085 0
-1077 -1078 0
-1077 -1079 0
-1077 -1080 0
-1077 -1081 0
-1077 -1082 0
-1077 -1083 0
-1077 -1084 0
-1077 -1085 0
-1078 -1079 0
-1078 -1080 0
-1078 -1081 0
-1078 -1082 0
-1078 -1083 0
-1078 -1084 0
-1078 -1085 0
-1079 -1080 0
-1079 -1081 0
-1079 -1082 0
-1079 -1083 0
-1079 -1084 0
-1079 -1085 0
-1080 -1081 0
-1080 -1082 0
-1080 -1083 0
-1080 -1084 0
-1080 -1085 0
-1081 -1082 0
-1081 -1083 0
-1081 -1084 0
-1081 -1085 0
-1082 -1083 0
-1082 -1084 0
-1082 -1085 0
-1083 -1084 0
-1083 -1085 0
-1084 -1085 0
-1086 -1087 0
-1086 -1088 0
-1086 -1089 0
-1086 -1090 0
-1086 -1091 0
-1086 -1092 0
-1086 -1093 0
-1086 -1094 0
-1086 -1095 0
-1086 -1096 0
-1086 -1097 0
-1086 -1098 0
-1086 -1099 0
-1086 -1100 0
-1086 -1101 0
-1086 -1102 0
-1086 -1103 0
-1086 -1104 0
-1086 -1105 0
-1086 -1106 0
-1086 -1107 0
-1086 -1108 0
-1086 -1109 0
-1086 -1110 0
-1086 -1111 0
-1086 -1112 0
-1086 -1113 0
-1086 -1114 0
-1086 -1115 0
-1086 -1116 0
-1086 -1117 0
-1086 -1118 0
-1086 -1119 0
-1086 -1120 0
-1087 -1088 0
-1087 -1089 0
-1087 -1090 0
-1087 -1091 0
-1087 -1092 0
-1087 -1093 0
-1087 -1094 0
-1087 -1095 0
-1087 -1096 0
-1087 -1097 0
-1087 -1098 0
-1087 -1099 0
-1087 -1100 0
-1087 -1101 0
-1087 -1102 0
-1087 -1103 0
-1087 -1104 0
-1087 -1105 0
-1087 -1106 0
-1087 -1107 0
-1087 -1108 0
-1087 -1109 0
-1087 -1110 0
-1087 -1111 0
-1087 -1112 0
-1087 -1113 0
-1087 -1114 0
-1087 -1115 0
-1087 -1116 0
-1087 -1117 0
-1087 -1118 0
-1087 -1119 0
-1087 -1120 0
-1088 -1089 0
-1088 -1090 0
-1088 -1091 0
-1088 -1092 0
-1088 -1093 0
-1088 -1094 0
-1088 -1095 0
-1088 -1096 0
-1088 -1097 0
-1088 -1098 0
-1088 -1099 0
-1088 -1100 0
-1088 -1101 0
-1088 -1102 0
-1088 -1103 0
-1088 -1104 0
-1088 -1105 0
-1088 -1106 0
-1088 -1107 0
-1088 -1108 0
-1088 -1109 0
-1088 -1110 0
-1088 -1111 0
-1088 -1112 0
-1088 -1113 0
-1088 -1114 0
-1088 -1115 0
-1088 -1116 0
-1088 -1117 0
-1088 -1118 0
-1088 -1119 0
-1088 -1120 0
-1089 -1090 0
-1089 -1091 0
-1089 -1092 0
-1089 -1093 0
-1089 -1094 0
-1089 -1095 0
-1089 -1096 0
-1089 -1097 0
-1089 -1098 0
-1089 -1099 0
-1089 -1100 0
-1089 -1101 0
-1089 -1102 0
-1089 -1103 0
-1089 -1104 0
-1089 -1105 0
-1089 -1106 0
-1089 -1107 0
-1089 -1108 0
-1089 -1109 0
-1089 -1110 0
-1089 -1111 0
-1089 -1112 0
-1089 -1113 0
-1089 -1114 0
-1089 -1115 0
-1089 -1116 0
-1089 -1117 0
-1089 -1118 0
-1089 -1119 0
-1089 -1120 0
-1090 -1091 0
-1090 -1092 0
-1090 -1093 0
-1090 -1094 0
-1090 -1095 0
-1090 -1096 0
-1090 -1097 0
-1090 -1098 0
-1090 -1099 0
-1090 -1100 0
-1090 -1101 0
-1090 -1102 0
-1090 -1103 0
-1090 -1104 0
-1090 -1105 0
-1090 -1106 0
-1090 -1107 0
-1090 -1108 0
-1090 -1109 0
-1090 -1110 0
-1090 -1111 0
-1090 -1112 0
-1090 -1113 0
-1090 -1114 0
-1090 -1115 0
-1090 -1116 0
-1090 -1117 0
-1090 -1118 0
-1090 -1119 0
-1090 -1120 0
-1091 -1092 0
-1091 -1093 0
-1091 -1094 0
-1091 -1095 0
-1091 -1096 0
-1091 -1097 0
-1091 -1098 0
-1091 -1099 0
-1091 -1100 0
-1091 -1101 0
-1091 -1102 0
-1091 -1103 0
-1091 -1104 0
-1091 -1105 0
-1091 -1106 0
-1091 -1107 0
-1091 -1108 0
-1091 -1109 0
-1091 -1110 0
-1091 -1111 0
-1091 -1112 0
-1091 -1113 0
-1091 -1114 0
-1091 -1115 0
-1091 -1116 0
-1091 -1117 0
-1091 -1118 0
-1091 -1119 0
-1091 -1120 0
-1092 -1093 0
-1092 -1094 0
-1092 -1095 0
-1092 -1096 0
-1092 -1097 0
-1092 -1098 0
-1092 -1099 0
-1092 -1100 0
-1092 -1101 0
-1092 -1102 0
-1092 -1103 0
-1092 -1104 0
-1092 -1105 0
-1092 -1106 0
-1092 -1107 0
-1092 -1108 0
-1092 -1109 0
-1092 -1110 0
-1092 -1111 0
-1092 -1112 0
-1092 -1113 0
-1092 -1114 0
-1092 -1115 0
-1092 -1116 0
-1092 -1117 0
-1092 -1118 0
-1092 -1119 0
-1092 -1120 0
-1093 -1094 0
-1093 -1095 0
-1093 -1096 0
-1093 -1097 0
-1093 -1098 0
-1093 -1099 0
-1093 -1100 0
-1093 -1101 0
-1093 -1102 0
-1093 -1103 0
-1093 -1104 0
-1093 -1105 0
-1093 -1106 0
-1093 -1107 0
-1093 -1108 0
-1093 -1109 0
-1093 -1110 0
-1093 -1111 0
-1093 -1112 0
-1093 -1113 0
-1093 -1114 0
-1093 -1115 0
-1093 -1116 0
-1093 -1117 0
-1093 -1118 0
-1093 -1119 0
-1093 -1120 0
-1094 -1095 0
-1094 -1096 0
-1094 -1097 0
-1094 -1098 0
-1094 -1099 0
-1094 -1100 0
-1094 -1101 0
-1094 -1102 0
-1094 -1103 0
-1094 -1104 0
-1094 -1105 0
-1094 -1106 0
-1094 -1107 0
-1094 -1108 0
-1094 -1109 0
-1094 -1110 0
-1094 -1111 0
-1094 -1112 0
-1094 -1113 0
-1094 -1114 0
-1094 -1115 0
-1094 -1116 0
-1094 -1117 0
-1094 -1118 0
-1094 -1119 0
-1094 -1120 0
-1095 -1096 0
-1095 -1097 0
-1095 -1098 0
-1095 -1099 0
-1095 -1100 0
-1095 -1101 0
-1095 -1102 0
-1095 -1103 0
-1095 -1104 0
-1095 -1105 0
-1095 -1106 0
-1095 -1107 0
-1095 -1108 0
-1095 -1109 0
-1095 -1110 0
-1095 -1111 0
-1095 -1112 0
-1095 -1113 0
-1095 -1114 0
-1095 -1115 0
-1095 -1116 0
-1095 -1117 0
-1095 -1118 0
-1095 -1119 0
-1095 -1120 0
-1096 -1097 0
-1096 -1098 0
-1096 -1099 0
-1096 -1100 0
-1096 -1101 0
-1096 -1102 0
-1096 -1103 0
-1096 -1104 0
-1096 -1105 0
-1096 -1106 0
-1096 -1107 0
-1096 -1108 0
-1096 -1109 0
-1096 -1110 0
-1096 -1111 0
-1096 -1112 0
-1096 -1113 0
-1096 -1114 0
-1096 -1115 0
-1096 -1116 0
-1096 -1117 0
-1096 -1118 0
-1096 -1119 0
-1096 -1120 0
-1097 -1098 0
-1097 -1099 0
-1097 -1100 0
-1097 -1101 0
-1097 -1102 0
-1097 -1103 0
-1097 -1104 0
-1097 -1105 0
-1097 -1106 0
-1097 -1107 0
-1097 -1108 0
-1097 -1109 0
-1097 -1110 0
-1097 -1111 0
-1097 -1112 0
-1097 -1113 0
-1097 -1114 0
-1097 -1115 0
-1097 -1116 0
-1097 -1117 0
-1097 -1118 0
-1097 -1119 0
-1097 -1120 0
-1098 -1099 0
-1098 -1100 0
-1098 -1101 0
-1098 -1102 0
-1098 -1103 0
-1098 -1104 0
-1098 -1105 0
-1098 -1106 0
-1098 -1107 0
-1098 -1108 0
-1098 -1109 0
-1098 -1110 0
-1098 -1111 0
-1098 -1112 0
-1098 -1113 0
-1098 -1114 0
-1098 -1115 0
-1098 -1116 0
-1098 -1117 0
-1098 -1118 0
-1098 -1119 0
-1098 -1120 0
-1099 -1100 0
-1099 -1101 0
-1099 -1102 0
-1099 -1103 0
-1099 -1104 0
-1099 -1105 0
-1099 -1106 0
-1099 -1107 0
-1099 -1108 0
-1099 -1109 0
-1099 -1110 0
-1099 -1111 0
-1099 -1112 0
-1099 -1113 0
-1099 -1114 0
-1099 -1115 0
-1099 -1116 0
-1099 -1117 0
-1099 -1118 0
-1099 -1119 0
-1099 -1120 0
-1100 -1101 0
-1100 -1102 0
-1100 -1103 0
-1100 -1104 0
-1100 -1105 0
-1100 -1106 0
-1100 -1107 0
-1100 -1108 0
-1100 -1109 0
-1100 -1110 0
-1100 -1111 0
-1100 -1112 0
-1100 -1113 0
-1100 -1114 0
-1100 -1115 0
-1100 -1116 0
-1100 -1117 0
-1100 -1118 0
-1100 -1119 0
-1100 -1120 0
-1101 -1102 0
-1101 -1103 0
-1101 -1104 0
-1101 -1105 0
-1101 -1106 0
-1101 -1107 0
-1101 -1108 0
-1101 -1109 0
-1101 -1110 0
-1101 -1111 0
-1101 -1112 0
-1101 -1113 0
-1101 -1114 0
-1101 -1115 0
-1101 -1116 0
-1101 -1117 0
-1101 -1118 0
-1101 -1119 0
-1101 -1120 0
-1102 -1103 0
-1102 -1104 0
-1102 -1105 0
-1102 -1106 0
-1102 -1107 0
-1102 -1108 0
-1102 -1109 0
-1102 -1110 0
-1102 -1111 0
-1102 -1112 0
-1102 -1113 0
-1102 -1114 0
-1102 -1115 0
-1102 -1116 0
-1102 -1117 0
-1102 -1118 0
-1102 -1119 0
-1102 -1120 0
-1103 -1104 0
-1103 -1105 0
-1103 -1106 0
-1103 -1107 0
-1103 -1108 0
-1103 -1109 0
-1103 -1110 0
-1103 -1111 0
-1103 -1112 0
-1103 -1113 0
-1103 -1114 0
-1103 -1115 0
-1103 -1116 0
-1103 -1117 0
-1103 -1118 0
-1103 -1119 0
-1103 -1120 0
-1104 -1105 0
-1104 -1106 0
-1104 -1107 0
-1104 -1108 0
-1104 -1109 0
-1104 -1110 0
-1104 -1111 0
-1104 -1112 0
-1104 -1113 0
-1104 -1114 0
-1104 -1115 0
-1104 -1116 0
-1104 -1117 0
-1104 -1118 0
-1104 -1119 0
-1104 -1120 0
-1105 -1106 0
-1105 -1107 0
-1105 -1108 0
-1105 -1109 0
-1105 -1110 0
-1105 -1111 0
-1105 -1112 0
-1105 -1113 0
-1105 -1114 0
-1105 -1115 0
-1105 -1116 0
-1105 -1117 0
-1105 -1118 0
-1105 -1119 0
-1105 -1120 0
-1106 -1107 0
-1106 -1108 0
-1106 -1109 0
-1106 -1110 0
-1106 -1111 0
-1106 -1112 0
-1106 -1113 0
-1106 -1114 0
-1106 -1115 0
-1106 -1116 0
-1106 -1117 0
-1106 -1118 0
-1106 -1119 0
-1106 -1120 0
-1107 -1108 0
-1107 -1109 0
-1107 -1110 0
-1107 -1111 0
-1107 -1112 0
-1107 -1113 0
-1107 -1114 0
-1107 -1115 0
-1107 -1116 0
-1107 -1117 0
-1107 -1118 0
-1107 -1119 0
-1107 -1120 0
-1108 -1109 0
-1108 -1110 0
-1108 -1111 0
-1108 -1112 0
-1108 -1113 0
-1108 -1114 0
-1108 -1115 0
-1108 -1116 0
-1108 -1117 0
-1108 -1118 0
-1108 -1119 0
-1108 -1120 0
-1109 -1110 0
-1109 -1111 0
-1109 -1112 0
-1109 -1113 0
-1109 -1114 0
-1109 -1115 0
-1109 -1116 0
-1109 -1117 0
-1109 -1118 0
-1109 -1119 0
-1109 -1120 0
-1110 -1111 0
-1110 -1112 0
-1110 -1113 0
-1110 -1114 0
-1110 -1115 0
-1110 -1116 0
-1110 -1117 0
-1110 -1118 0
-1110 -1119 0
-1110 -1120 0
-1111 -1112 0
-1111 -1113 0
-1111 -1114 0
-1111 -1115 0
-1111 -1116 0
-1111 -1117 0
-1111 -1118 0
-1111 -1119 0
-1111 -1120 0
-1112 -1113 0
-1112 -1114 0
-1112 -1115 0
-1112 -1116 0
-1112 -1117 0
-1112 -1118 0
-1112 -1119 0
-1112 -1120 0
-1113 -1114 0
-1113 -1115 0
-1113 -1116 0
-1113 -1117 0
-1113 -1118 0
-1113 -1119 0
-1113 -1120 0
-1114 -1115 0
-1114 -1116 0
-1114 -1117 0
-1114 -1118 0
-1114 -1119 0
-1114 -1120 0
-1115 -1116 0
-1115 -1117 0
-1115 -1118 0
-1115 -1119 0
-1115 -1120 0
-1116 -1117 0
-1116 -1118 0
-1116 -1119 0
-1116 -1120 0
-1117 -1118 0
-1117 -1119 0
-1117 -1120 0
-1118 -1119 0
-1118 -1120 0
-1119 -1120 0
-1121 -1122 0
-1121 -1123 0
-1121 -1124 0
-1121 -1125 0
-1121 -1126 0
-1121 -1127 0
-1121 -1128 0
-1121 -1129 0
-1121 -1130 0
-1121 -1131 0
-1121 -1132 0
-1121 -1133 0
-1121 -1134 0
-1121 -1135 0
-1121 -1136 0
-1121 -1137 0
-1121 -1138 0
-1121 -1139 0
-1121 -1140 0
-1121 -1141 0
-1121 -1142 0
-1121 -1143 0
-1121 -1144 0
-1121 -1145 0
-1121 -1146 0
-1121 -1147 0
-1121 -1148 0
-1121 -1149 0
-1121 -1150 0
-1121 -1151 0
-1121 -1152 0
-1121 -1153 0
-1121 -1154 0
-1121 -1155 0
-1122 -1123 0
-1122 -1124 0
-1122 -1125 0
-1122 -1126 0
-1122 -1127 0
-1122 -1128 0
-1122 -1129 0
-1122 -1130 0
-1122 -1131 0
-1122 -1132 0
-1122 -1133 0
-1122 -1134 0
-1122 -1135 0
-1122 -1136 0
-1122 -1137 0
-1122 -1138 0
-1122 -1139 0
-1122 -1140 0
-1122 -1141 0
-1122 -1142 0
-1122 -1143 0
-1122 -1144 0
-1122 -1145 0
-1122 -1146 0
-1122 -1147 0
-1122 -1148 0
-1122 -1149 0
-1122 -1150 0
-1122 -1151 0
-1122 -1152 0
-1122 -1153 0
-1122 -1154 0
-1122 -1155 0
-1123 -1124 0
-1123 -1125 0
-1123 -1126 0
-1123 -1127 0
-1123 -1128 0
-1123 -1129 0
-1123 -1130 0
-1123 -1131 0
-1123 -1132 0
-1123 -1133 0
-1123 -1134 0
-1123 -1135 0
-1123 -1136 0
-1123 -1137 0
-1123 -1138 0
-1123 -1139 0
-1123 -1140 0
-1123 -1141 0
-1123 -1142 0
-1123 -1143 0
-1123 -1144 0
-1123 -1145 0
-1123 -1146 0
-1123 -1147 0
-1123 -1148 0
-1123 -1149 0
-1123 -1150 0
-1123 -1151 0
-1123 -1152 0
-1123 -1153 0
-1123 -1154 0
-1123 -1155 0
-1124 -1125 0
-1124 -1126 0
-1124 -1127 0
-1124 -1128 0
-1124 -1129 0
-1124 -1130 0
-1124 -1131 0
-1124 -1132 0
-1124 -1133 0
-1124 -1134 0
-1124 -1135 0
-1124 -1136 0
-1124 -1137 0
-1124 -1138 0
-1124 -1139 0
-1124 -1140 0
-1124 -1141 0
-1124 -1142 0
-1124 -1143 0
-1124 -1144 0
-1124 -1145 0
-1124 -1146 0
-1124 -1147 0
-1124 -1148 0
-1124 -1149 0
-1124 -1150 0
-1124 -1151 0
-1124 -1152 0
-1124 -1153 0
-1124 -1154 0
-1124 -1155 0
-1125 -1126 0
-1125 -1127 0
-1125 -1128 0
-1125 -1129 0
-1125 -1130 0
-1125 -1131 0
-1125 -1132 0
-1125 -1133 0
-1125 -1134 0
-1125 -1135 0
-1125 -1136 0
-1125 -1137 0
-1125 -1138 0
-1125 -1139 0
-1125 -1140 0
-1125 -1141 0
-1125 -1142 0
-1125 -1143 0
-1125 -1144 0
-1125 -1145 0
-1125 -1146 0
-1125 -1147 0
-1125 -1148 0
-1125 -1149 0
-1125 -1150 0
-1125 -1151 0
-1125 -1152 0
-1125 -1153 0
-1125 -1154 0
-1125 -1155 0
-1126 -1127 0
-1126 -1128 0
-1126 -1129 0
-1126 -1130 0
-1126 -1131 0
-1126 -1132 0
-1126 -1133 0
-1126 -1134 0
-1126 -1135 0
-1126 -1136 0
-1126 -1137 0
-1126 -1138 0
-1126 -1139 0
-1126 -1140 0
-1126 -1141 0
-1126 -1142 0
-1126 -1143 0
-1126 -1144 0
-1126 -1145 0
-1126 -1146 0
-1126 -1147 0
-1126 -1148 0
-1126 -1149 0
-1126 -1150 0
-1126 -1151 0
-1126 -1152 0
-1126 -1153 0
-1126 -1154 0
-1126 -1155 0
-1127 -1128 0
-1127 -1129 0
-1127 -1130 0
-1127 -1131 0
-1127 -1132 0
-1127 -1133 0
-1127 -1134 0
-1127 -1135 0
-1127 -1136 0
-1127 -1137 0
-1127 -1138 0
-1127 -1139 0
-1127 -1140 0
-1127 -1141 0
-1127 -1142 0
-1127 -1143 0
-1127 -1144 0
-1127 -1145 0
-1127 -1146 0
-1127 -1147 0
-1127 -1148 0
-1127 -1149 0
-1127 -1150 0
-1127 -1151 0
-1127 -1152 0
-1127 -1153 0
-1127 -1154 0
-1127 -1155 0
-1128 -1129 0
-1128 -1130 0
-1128 -1131 0
-1128 -1132 0
-1128 -1133 0
-1128 -1134 0
-1128 -1135 0
-1128 -1136 0
-1128 -1137 0
-1128 -1138 0
-1128 -1139 0
-1128 -1140 0
-1128 -1141 0
-1128 -1142 0
-1128 -1143 0
-1128 -1144 0
-1128 -1145 0
-1128 -1146 0
-1128 -1147 0
-1128 -1148 0
-1128 -1149 0
-1128 -1150 0
-1128 -1151 0
-1128 -1152 0
-1128 -1153 0
-1128 -1154 0
-1128 -1155 0
-1129 -1130 0
-1129 -1131 0
-1129 -1132 0
-1129 -1133 0
-1129 -1134 0
-1129 -1135 0
-1129 -1136 0
-1129 -1137 0
-1129 -1138 0
-1129 -1139 0
-1129 -1140 0
-1129 -1141 0
-1129 -1142 0
-1129 -1143 0
-1129 -1144 0
-1129 -1145 0
-1129 -1146 0
-1129 -1147 0
-1129 -1148 0
-1129 -1149 0
-1129 -1150 0
-1129 -1151 0
-1129 -1152 0
-1129 -1153 0
-1129 -1154 0
-1129 -1155 0
-1130 -1131 0
-1130 -1132 0
-1130 -1133 0
-1130 -1134 0
-1130 -1135 0
-1130 -1136 0
-1130 -1137 0
-1130 -1138 0
-1130 -1139 0
-1130 -1140 0
-1130 -1141 0
-1130 -1142 0
-1130 -1143 0
-1130 -1144 0
-1130 -1145 0
-1130 -1146 0
-1130 -1147 0
-1130 -1148 0
-1130 -1149 0
-1130 -1150 0
-1130 -1151 0
-1130 -1152 0
-1130 -1153 0
-1130 -1154 0
-1130 -1155 0
-1131 -1132 0
-1131 -1133 0
-1131 -1134 0
-1131 -1135 0
-1131 -1136 0
-1131 -1137 0
-1131 -1138 0
-1131 -1139 0
-1131 -1140 0
-1131 -1141 0
-1131 -1142 0
-1131 -1143 0
-1131 -1144 0
-1131 -1145 0
-1131 -1146 0
-1131 -1147 0
-1131 -1148 0
-1131 -1149 0
-1131 -1150 0
-1131 -1151 0
-1131 -1152 0
-1131 -1153 0
-1131 -1154 0
-1131 -1155 0
-1132 -1133 0
-1132 -1134 0
-1132 -1135 0
-1132 -1136 0
-1132 -1137 0
-1132 -1138 0
-1132 -1139 0
-1132 -1140 0
-1132 -1141 0
-1132 -1142 0
-1132 -1143 0
-1132 -1144 0
-1132 -1145 0
-1132 -1146 0
-1132 -1147 0
-1132 -1148 0
-1132 -1149 0
-1132 -1150 0
-1132 -1151 0
-1132 -1152 0
-1132 -1153 0
-1132 -1154 0
-1132 -1155 0
-1133 -1134 0
-1133 -1135 0
-1133 -1136 0
-1133 -1137 0
-1133 -1138 0
-1133 -1139 0
-1133 -1140 0
-1133 -1141 0
-1133 -1142 0
-1133 -1143 0
-1133 -1144 0
-1133 -1145 0
-1133 -1146 0
-1133 -1147 0
-1133 -1148 0
-1133 -1149 0
-1133 -1150 0
-1133 -1151 0
-1133 -1152 0
-1133 -1153 0
-1133 -1154 0
-1133 -1155 0
-1134 -1135 0
-1134 -1136 0
-1134 -1137 0
-1134 -1138 0
-1134 -1139 0
-1134 -1140 0
-1134 -1141 0
-1134 -1142 0
-1134 -1143 0
-1134 -1144 0
-1134 -1145 0
-1134 -1146 0
-1134 -1147 0
-1134 -1148 0
-1134 -1149 0
-1134 -1150 0
-1134 -1151 0
-1134 -1152 0
-1134 -1153 0
-1134 -1154 0
-1134 -1155 0
-1135 -1136 0
-1135 -1137 0
-1135 -1138 0
-1135 -1139 0
-1135 -1140 0
-1135 -1141 0
-1135 -1142 0
-1135 -1143 0
-1135 -1144 0
-1135 -1145 0
-1135 -1146 0
-1135 -1147 0
-1135 -1148 0
-1135 -1149 0
-1135 -1150 0
-1135 -1151 0
-1135 -1152 0
-1135 -1153 0
-1135 -1154 0
-1135 -1155 0
-1136 -1137 0
-1136 -1138 0
-1136 -1139 0
-1136 -1140 0
-1136 -1141 0
-1136 -1142 0
-1136 -1143 0
-1136 -1144 0
-1136 -1145 0
-1136 -1146 0
-1136 -1147 0
-1136 -1148 0
-1136 -1149 0
-1136 -1150 0
-1136 -1151 0
-1136 -1152 0
-1136 -1153 0
-1136 -1154 0
-1136 -1155 0
-1137 -1138 0
-1137 -1139 0
-1137 -1140 0
-1137 -1141 0
-1137 -1142 0
-1137 -1143 0
-1137 -1144 0
-1137 -1145 0
-1137 -1146 0
-1137 -1147 0
-1137 -1148 0
-1137 -1149 0
-1137 -1150 0
-1137 -1151 0
-1137 -1152 0
-1137 -1153 0
-1137 -1154 0
-1137 -1155 0
-1138 -1139 0
-1138 -1140 0
-1138 -1141 0
-1138 -1142 0
-1138 -1143 0
-1138 -1144 0
-1138 -1145 0
-1138 -1146 0
-1138 -1147 0
-1138 -1148 0
-1138 -1149 0
-1138 -1150 0
-1138 -1151 0
-1138 -1152 0
-1138 -1153 0
-1138 -1154 0
-1138 -1155 0
-1139 -1140 0
-1139 -1141 0
-1139 -1142 0
-1139 -1143 0
-1139 -1144 0
-1139 -1145 0
-1139 -1146 0
-1139 -1147 0
-1139 -1148 0
-1139 -1149 0
-1139 -1150 0
-1139 -1151 0
-1139 -1152 0
-1139 -1153 0
-1139 -1154 0
-1139 -1155 0
-1140 -1141 0
-1140 -1142 0
-1140 -1143 0
-1140 -1144 0
-1140 -1145 0
-1140 -1146 0
-1140 -1147 0
-1140 -1148 0
-1140 -1149 0
-1140 -1150 0
-1140 -1151 0
-1140 -1152 0
-1140 -1153 0
-1140 -1154 0
-1140 -1155 0
-1141 -1142 0
-1141 -1143 0
-1141 -1144 0
-1141 -1145 0
-1141 -1146 0
-1141 -1147 0
-1141 -1148 0
-1141 -1149 0
-1141 -1150 0
-1141 -1151 0
-1141 -1152 0
-1141 -1153 0
-1141 -1154 0
-1141 -1155 0
-1142 -1143 0
-1142 -1144 0
-1142 -1145 0
-1142 -1146 0
-1142 -1147 0
-1142 -1148 0
-1142 -1149 0
-1142 -1150 0
-1142 -1151 0
-1142 -1152 0
-1142 -1153 0
-1142 -1154 0
-1142 -1155 0
-1143 -1144 0
-1143 -1145 0
-1143 -1146 0
-1143 -1147 0
-1143 -1148 0
-1143 -1149 0
-1143 -1150 0
-1143 -1151 0
-1143 -1152 0
-1143 -1153 0
-1143 -1154 0
-1143 -1155 0
-1144 -1145 0
-1144 -1146 0
-1144 -1147 0
-1144 -1148 0
-1144 -1149 0
-1144 -1150 0
-1144 -1151 0
-1144 -1152 0
-1144 -1153 0
-1144 -1154 0
-1144 -1155 0
-1145 -1146 0
-1145 -1147 0
-1145 -1148 0
-1145 -1149 0
-1145 -1150 0
-1145 -1151 0
-1145 -1152 0
-1145 -1153 0
-1145 -1154 0
-1145 -1155 0
-1146 -1147 0
-1146 -1148 0
-1146 -1149 0
-1146 -1150 0
-1146 -1151 0
-1146 -1152 0
-1146 -1153 0
-1146 -1154 0
-1146 -1155 0
-1147 -1148 0
-1147 -1149 0
-1147 -1150 0
-1147 -1151 0
-1147 -1152 0
-1147 -1153 0
-1147 -1154 0
-1147 -1155 0
-1148 -1149 0
-1148 -1150 0
-1148 -1151 0
-1148 -1152 0
-1148 -1153 0
-1148 -1154 0
-1148 -1155 0
-1149 -1150 0
-1149 -1151 0
-1149 -1152 0
-1149 -1153 0
-1149 -1154 0
-1149 -1155 0
-1150 -1151 0
-1150 -1152 0
-1150 -1153 0
-1150 -1154 0
-1150 -1155 0
-1151 -1152 0
-1151 -1153 0
-1151 -1154 0
-1151 -1155 0
-1152 -1153 0
-1152 -1154 0
-1152 -1155 0
-1153 -1154 0
-1153 -1155 0
-1154 -1155 0
-1156 -1157 0
-1156 -1158 0
-1156 -1159 0
-1156 -1160 0
-1156 -1161 0
-1156 -1162 0
-1156 -1163 0
-1156 -1164 0
-1156 -1165 0
-1156 -1166 0
-1156 -1167 0
-1156 -1168 0
-1156 -1169 0
-1156 -1170 0
-1156 -1171 0
-1156 -1172 0
-1156 -1173 0
-1156 -1174 0
-1156 -1175 0
-1156 -1176 0
-1156 -1177 0
-1156 -1178 0
-1156 -1179 0
-1156 -1180 0
-1156 -1181 0
-1156 -1182 0
-1156 -1183 0
-1156 -1184 0
-1156 -1185 0
-1156 -1186 0
-1156 -1187 0
-1156 -1188 0
-1156 -1189 0
-1156 -1190 0
-1157 -1158 0
-1157 -1159 0
-1157 -1160 0
-1157 -1161 0
-1157 -1162 0
-1157 -1163 0
-1157 -1164 0
-1157 -1165 0
-1157 -1166 0
-1157 -1167 0
-1157 -1168 0
-1157 -1169 0
-1157 -1170 0
-1157 -1171 0
-1157 -1172 0
-1157 -1173 0
-1157 -1174 0
-1157 -1175 0
-1157 -1176 0
-1157 -1177 0
-1157 -1178 0
-1157 -1179 0
-1157 -1180 0
-1157 -1181 0
-1157 -1182 0
-1157 -1183 0
-1157 -1184 0
-1157 -1185 0
-1157 -1186 0
-1157 -1187 0
-1157 -1188 0
-1157 -1189 0
-1157 -1190 0
-1158 -1159 0
-1158 -1160 0
-1158 -1161 0
-1158 -1162 0
-1158 -1163 0
-1158 -1164 0
-1158 -1165 0
-1158 -1166 0
-1158 -1167 0
-1158 -1168 0
-1158 -1169 0
-1158 -1170 0
-1158 -1171 0
-1158 -1172 0
-1158 -1173 0
-1158 -1174 0
-1158 -1175 0
-1158 -1176 0
-1158 -1177 0
-1158 -1178 0
-1158 -1179 0
-1158 -1180 0
-1158 -1181 0
-1158 -1182 0
-1158 -1183 0
-1158 -1184 0
-1158 -1185 0
-1158 -1186 0
-1158 -1187 0
-1158 -1188 0
-1158 -1189 0
-1158 -1190 0
-1159 -1160 0
-1159 -1161 0
-1159 -1162 0
-1159 -1163 0
-1159 -1164 0
-1159 -1165 0
-1159 -1166 0
-1159 -1167 0
-1159 -1168 0
-1159 -1169 0
-1159 -1170 0
-1159 -1171 0
-1159 -1172 0
-1159 -1173 0
-1159 -1174 0
-1159 -1175 0
-1159 -1176 0
-1159 -1177 0
-1159 -1178 0
-1159 -1179 0
-1159 -1180 0
-1159 -1181 0
-1159 -1182 0
-1159 -1183 0
-1159 -1184 0
-1159 -1185 0
-1159 -1186 0
-1159 -1187 0
-1159 -1188 0
-1159 -1189 0
-1159 -1190 0
-1160 -1161 0
-1160 -1162 0
-1160 -1163 0
-1160 -1164 0
-1160 -1165 0
-1160 -1166 0
-1160 -1167 0
-1160 -1168 0
-1160 -1169 0
-1160 -1170 0
-1160 -1171 0
-1160 -1172 0
-1160 -1173 0
-1160 -1174 0
-1160 -1175 0
-1160 -1176 0
-1160 -1177 0
-1160 -1178 0
-1160 -1179 0
-1160 -1180 0
-1160 -1181 0
-1160 -1182 0
-1160 -1183 0
-1160 -1184 0
-1160 -1185 0
-1160 -1186 0
-1160 -1187 0
-1160 -1188 0
-1160 -1189 0
-1160 -1190 0
-1161 -1162 0
-1161 -1163 0
-1161 -1164 0
-1161 -1165 0
-1161 -1166 0
-1161 -1167 0
-1161 -1168 0
-1161 -1169 0
-1161 -1170 0
-1161 -1171 0
-1161 -1172 0
-1161 -1173 0
-1161 -1174 0
-1161 -1175 0
-1161 -1176 0
-1161 -1177 0
-1161 -1178 0
-1161 -1179 0
-1161 -1180 0
-1161 -1181 0
-1161 -1182 0
-1161 -1183 0
-1161 -1184 0
-1161 -1185 0
-1161 -1186 0
-1161 -1187 0
-1161 -1188 0
-1161 -1189 0
-1161 -1190 0
-1162 -1163 0
-1162 -1164 0
-1162 -1165 0
-1162 -1166 0
-1162 -1167 0
-1162 -1168 0
-1162 -1169 0
-1162 -1170 0
-1162 -1171 0
-1162 -1172 0
-1162 -1173 0
-1162 -1174 0
-1162 -1175 0
-1162 -1176 0
-1162 -1177 0
-1162 -1178 0
-1162 -1179 0
-1162 -1180 0
-1162 -1181 0
-1162 -1182 0
-1162 -1183 0
-1162 -1184 0
-1162 -1185 0
-1162 -1186 0
-1162 -1187 0
-1162 -1188 0
-1162 -1189 0
-1162 -1190 0
-1163 -1164 0
-1163 -1165 0
-1163 -1166 0
-1163 -1167 0
-1163 -1168 0
-1163 -1169 0
-1163 -1170 0
-1163 -1171 0
-1163 -1172 0
-1163 -1173 0
-1163 -1174 0
-1163 -1175 0
-1163 -1176 0
-1163 -1177 0
-1163 -1178 0
-1163 -1179 0
-1163 -1180 0
-1163 -1181 0
-1163 -1182 0
-1163 -1183 0
-1163 -1184 0
-1163 -1185 0
-1163 -1186 0
-1163 -1187 0
-1163 -1188 0
-1163 -1189 0
-1163 -1190 0
-1164 -1165 0
-1164 -1166 0
-1164 -1167 0
-1164 -1168 0
-1164 -1169 0
-1164 -1170 0
-1164 -1171 0
-1164 -1172 0
-1164 -1173 0
-1164 -1174 0
-1164 -1175 0
-1164 -1176 0
-1164 -1177 0
-1164 -1178 0
-1164 -1179 0
-1164 -1180 0
-1164 -1181 0
-1164 -1182 0
-1164 -1183 0
-1164 -1184 0
-1164 -1185 0
-1164 -1186 0
-1164 -1187 0
-1164 -1188 0
-1164 -1189 0
-1164 -1190 0
-1165 -1166 0
-1165 -1167 0
-1165 -1168 0
-1165 -1169 0
-1165 -1170 0
-1165 -1171 0
-1165 -1172 0
-1165 -1173 0
-1165 -1174 0
-1165 -1175 0
-1165 -1176 0
-1165 -1177 0
-1165 -1178 0
-1165 -1179 0
-1165 -1180 0
-1165 -1181 0
-1165 -1182 0
-1165 -1183 0
-1165 -1184 0
-1165 -1185 0
-1165 -1186 0
-1165 -1187 0
-1165 -1188 0
-1165 -1189 0
-1165 -1190 0
-1166 -1167 0
-1166 -1168 0
-1166 -1169 0
-1166 -1170 0
-1166 -1171 0
-1166 -1172 0
-1166 -1173 0
-1166 -1174 0
-1166 -1175 0
-1166 -1176 0
-1166 -1177 0
-1166 -1178 0
-1166 -1179 0
-1166 -1180 0
-1166 -1181 0
-1166 -1182 0
-1166 -1183 0
-1166 -1184 0
-1166 -1185 0
-1166 -1186 0
-1166 -1187 0
-1166 -1188 0
-1166 -1189 0
-1166 -1190 0
-1167 -1168 0
-1167 -1169 0
-1167 -1170 0
-1167 -1171 0
-1167 -1172 0
-1167 -1173 0
-1167 -1174 0
-1167 -1175 0
-1167 -1176 0
-1167 -1177 0
-1167 -1178 0
-1167 -1179 0
-1167 -1180 0
-1167 -1181 0
-1167 -1182 0
-1167 -1183 0
-1167 -1184 0
-1167 -1185 0
-1167 -1186 0
-1167 -1187 0
-1167 -1188 0
-1167 -1189 0
-1167 -1190 0
-1168 -1169 0
-1168 -1170 0
-1168 -1171 0
-1168 -1172 0
-1168 -1173 0
-1168 -1174 0
-1168 -1175 0
-1168 -1176 0
-1168 -1177 0
-1168 -1178 0
-1168 -1179 0
-1168 -1180 0
-1168 -1181 0
-1168 -1182 0
-1168 -1183 0
-1168 -1184 0
-1168 -1185 0
-1168 -1186 0
-1168 -1187 0
-1168 -1188 0
-1168 -1189 0
-1168 -1190 0
-1169 -1170 0
-1169 -1171 0
-1169 -1172 0
-1169 -1173 0
-1169 -1174 0
-1169 -1175 0
-1169 -1176 0
-1169 -1177 0
-1169 -1178 0
-1169 -1179 0
-1169 -1180 0
-1169 -1181 0
-1169 -1182 0
-1169 -1183 0
-1169 -1184 0
-1169 -1185 0
-1169 -1186 0
-1169 -1187 0
-1169 -1188 0
-1169 -1189 0
-1169 -1190 0
-1170 -1171 0
-1170 -1172 0
-1170 -1173 0
-1170 -1174 0
-1170 -1175 0
-1170 -1176 0
-1170 -1177 0
-1170 -1178 0
-1170 -1179 0
-1170 -1180 0
-1170 -1181 0
-1170 -1182 0
-1170 -1183 0
-1170 -1184 0
-1170 -1185 0
-1170 -1186 0
-1170 -1187 0
-1170 -1188 0
-1170 -1189 0
-1170 -1190 0
-1171 -1172 0
-1171 -1173 0
-1171 -1174 0
-1171 -1175 0
-1171 -1176 0
-1171 -1177 0
-1171 -1178 0
-1171 -1179 0
-1171 -1180 0
-1171 -1181 0
-1171 -1182 0
-1171 -1183 0
-1171 -1184 0
-1171 -1185 0
-1171 -1186 0
-1171 -1187 0
-1171 -1188 0
-1171 -1189 0
-1171 -1190 0
-1172 -1173 0
-1172 -1174 0
-1172 -1175 0
-1172 -1176 0
-1172 -1177 0
-1172 -1178 0
-1172 -1179 0
-1172 -1180 0
-1172 -1181 0
-1172 -1182 0
-1172 -1183 0
-1172 -1184 0
-1172 -1185 0
-1172 -1186 0
-1172 -1187 0
-1172 -1188 0
-1172 -1189 0
-1172 -1190 0
-1173 -1174 0
-1173 -1175 0
-1173 -1176 0
-1173 -1177 0
-1173 -1178 0
-1173 -1179 0
-1173 -1180 0
-1173 -1181 0
-1173 -1182 0
-1173 -1183 0
-1173 -1184 0
-1173 -1185 0
-1173 -1186 0
-1173 -1187 0
-1173 -1188 0
-1173 -1189 0
-1173 -1190 0
-1174 -1175 0
-1174 -1176 0
-1174 -1177 0
-1174 -1178 0
-1174 -1179 0
-1174 -1180 0
-1174 -1181 0
-1174 -1182 0
-1174 -1183 0
-1174 -1184 0
-1174 -1185 0
-1174 -1186 0
-1174 -1187 0
-1174 -1188 0
-1174 -1189 0
-1174 -1190 0
-1175 -1176 0
-1175 -1177 0
-1175 -1178 0
-1175 -1179 0
-1175 -1180 0
-1175 -1181 0
-1175 -1182 0
-1175 -1183 0
-1175 -1184 0
-1175 -1185 0
-1175 -1186 0
-1175 -1187 0
-1175 -1188 0
-1175 -1189 0
-1175 -1190 0
-1176 -1177 0
-1176 -1178 0
-1176 -1179 0
-1176 -1180 0
-1176 -1181 0
-1176 -1182 0
-1176 -1183 0
-1176 -1184 0
-1176 -1185 0
-1176 -1186 0
-1176 -1187 0
-1176 -1188 0
-1176 -1189 0
-1176 -1190 0
-1177 -1178 0
-1177 -1179 0
-1177 -1180 0
-1177 -1181 0
-1177 -1182 0
-1177 -1183 0
-1177 -1184 0
-1177 -1185 0
-1177 -1186 0
-1177 -1187 0
-1177 -1188 0
-1177 -1189 0
-1177 -1190 0
-1178 -1179 0
-1178 -1180 0
-1178 -1181 0
-1178 -1182 0
-1178 -1183 0
-1178 -1184 0
-1178 -1185 0
-1178 -1186 0
-1178 -1187 0
-1178 -1188 0
-1178 -1189 0
-1178 -1190 0
-1179 -1180 0
-1179 -1181 0
-1179 -1182 0
-1179 -1183 0
-1179 -1184 0
-1179 -1185 0
-1179 -1186 0
-1179 -1187 0
-1179 -1188 0
-1179 -1189 0
-1179 -1190 0
-1180 -1181 0
-1180 -1182 0
-1180 -1183 0
-1180 -1184 0
-1180 -1185 0
-1180 -1186 0
-1180 -1187 0
-1180 -1188 0
-1180 -1189 0
-1180 -1190 0
-1181 -1182 0
-1181 -1183 0
-1181 -1184 0
-1181 -1185 0
-1181 -1186 0
-1181 -1187 0
-1181 -1188 0
-1181 -1189 0
-1181 -1190 0
-1182 -1183 0
-1182 -1184 0
-1182 -1185 0
-1182 -1186 0
-1182 -1187 0
-1182 -1188 0
-1182 -1189 0
-1182 -1190 0
-1183 -1184 0
-1183 -1185 0
-1183 -1186 0
-1183 -1187 0
-1183 -1188 0
-1183 -1189 0
-1183 -1190 0
-1184 -1185 0
-1184 -1186 0
-1184 -1187 0
-1184 -1188 0
-1184 -1189 0
-1184 -1190 0
-1185 -1186 0
-1185 -1187 0
-1185 -1188 0
-1185 -1189 0
-1185 -1190 0
-1186 -1187 0
-1186 -1188 0
-1186 -1189 0
-1186 -1190 0
-1187 -1188 0
-1187 -1189 0
-1187 -1190 0
-1188 -1189 0
-1188 -1190 0
-1189 -1190 0
-1191 -1192 0
-1191 -1193 0
-1191 -1194 0
-1191 -1195 0
-1191 -1196 0
-1191 -1197 0
-1191 -1198 0
-1191 -1199 0
-1191 -1200 0
-1191 -1201 0
-1191 -1202 0
-1191 -1203 0
-1191 -1204 0
-1191 -1205 0
-1191 -1206 0
-1191 -1207 0
-1191 -1208 0
-1191 -1209 0
-1191 -1210 0
-1191 -1211 0
-1191 -1212 0
-1191 -1213 0
-1191 -1214 0
-1191 -1215 0
-1191 -1216 0
-1191 -1217 0
-1191 -1218 0
-1191 -1219 0
-1191 -1220 0
-1191 -1221 0
-1191 -1222 0
-1191 -1223 0
-1191 -1224 0
-1191 -1225 0
-1192 -1193 0
-1192 -1194 0
-1192 -1195 0
-1192 -1196 0
-1192 -1197 0
-1192 -1198 0
-1192 -1199 0
-1192 -1200 0
-1192 -1201 0
-1192 -1202 0
-1192 -1203 0
-1192 -1204 0
-1192 -1205 0
-1192 -1206 0
-1192 -1207 0
-1192 -1208 0
-1192 -1209 0
-1192 -1210 0
-1192 -1211 0
-1192 -1212 0
-1192 -1213 0
-1192 -1214 0
-1192 -1215 0
-1192 -1216 0
-1192 -1217 0
-1192 -1218 0
-1192 -1219 0
-1192 -1220 0
-1192 -1221 0
-1192 -1222 0
-1192 -1223 0
-1192 -1224 0
-1192 -1225 0
-1193 -1194 0
-1193 -1195 0
-1193 -1196 0
-1193 -1197 0
-1193 -1198 0
-1193 -1199 0
-1193 -1200 0
-1193 -1201 0
-1193 -1202 0
-1193 -1203 0
-1193 -1204 0
-1193 -1205 0
-1193 -1206 0
-1193 -1207 0
-1193 -1208 0
-1193 -1209 0
-1193 -1210 0
-1193 -1211 0
-1193 -1212 0
-1193 -1213 0
-1193 -1214 0
-1193 -1215 0
-1193 -1216 0
-1193 -1217 0
-1193 -1218 0
-1193 -1219 0
-1193 -1220 0
-1193 -1221 0
-1193 -1222 0
-1193 -1223 0
-1193 -1224 0
-1193 -1225 0
-1194 -1195 0
-1194 -1196 0
-1194 -1197 0
-1194 -1198 0
-1194 -1199 0
-1194 -1200 0
-1194 -1201 0
-1194 -1202 0
-1194 -1203 0
-1194 -1204 0
-1194 -1205 0
-1194 -1206 0
-1194 -1207 0
-1194 -1208 0
-1194 -1209 0
-1194 -1210 0
-1194 -1211 0
-1194 -1212 0
-1194 -1213 0
-1194 -1214 0
-1194 -1215 0
-1194 -1216 0
-1194 -1217 0
-1194 -1218 0
-1194 -1219 0
-1194 -1220 0
-1194 -1221 0
-1194 -1222 0
-1194 -1223 0
-1194 -1224 0
-1194 -1225 0
-1195 -1196 0
-1195 -1197 0
-1195 -1198 0
-1195 -1199 0
-1195 -1200 0
-1195 -1201 0
-1195 -1202 0
-1195 -1203 0
-1195 -1204 0
-1195 -1205 0
-1195 -1206 0
-1195 -1207 0
-1195 -1208 0
-1195 -1209 0
-1195 -1210 0
-1195 -1211 0
-1195 -1212 0
-1195 -1213 0
-1195 -1214 0
-1195 -1215 0
-1195 -1216 0
-1195 -1217 0
-1195 -1218 0
-1195 -1219 0
-1195 -1220 0
-1195 -1221 0
-1195 -1222 0
-1195 -1223 0
-1195 -1224 0
-1195 -1225 0
-1196 -1197 0
-1196 -1198 0
-1196 -1199 0
-1196 -1200 0
-1196 -1201 0
-1196 -1202 0
-1196 -1203 0
-1196 -1204 0
-1196 -1205 0
-1196 -1206 0
-1196 -1207 0
-1196 -1208 0
-1196 -1209 0
-1196 -1210 0
-1196 -1211 0
-1196 -1212 0
-1196 -1213 0
-1196 -1214 0
-1196 -1215 0
-1196 -1216 0
-1196 -1217 0
-1196 -1218 0
-1196 -1219 0
-1196 -1220 0
-1196 -1221 0
-1196 -1222 0
-1196 -1223 0
-1196 -1224 0
-1196 -1225 0
-1197 -1198 0
-1197 -1199 0
-1197 -1200 0
-1197 -1201 0
-1197 -1202 0
-1197 -1203 0
-1197 -1204 0
-1197 -1205 0
-1197 -1206 0
-1197 -1207 0
-1197 -1208 0
-1197 -1209 0
-1197 -1210 0
-1197 -1211 0
-1197 -1212 0
-1197 -1213 0
-1197 -1214 0
-1197 -1215 0
-1197 -1216 0
-1197 -1217 0
-1197 -1218 0
-1197 -1219 0
-1197 -1220 0
-1197 -1221 0
-1197 -1222 0
-1197 -1223 0
-1197 -1224 0
-1197 -1225 0
-1198 -1199 0
-1198 -1200 0
-1198 -1201 0
-1198 -1202 0
-1198 -1203 0
-1198 -1204 0
-1198 -1205 0
-1198 -1206 0
-1198 -1207 0
-1198 -1208 0
-1198 -1209 0
-1198 -1210 0
-1198 -1211 0
-1198 -1212 0
-1198 -1213 0
-1198 -1214 0
-1198 -1215 0
-1198 -1216 0
-1198 -1217 0
-1198 -1218 0
-1198 -1219 0
-1198 -1220 0
-1198 -1221 0
-1198 -1222 0
-1198 -1223 0
-1198 -1224 0
-1198 -1225 0
-1199 -1200 0
-1199 -1201 0
-1199 -1202 0
-1199 -1203 0
-1199 -1204 0
-1199 -1205 0
-1199 -1206 0
-1199 -1207 0
-1199 -1208 0
-1199 -1209 0
-1199 -1210 0
-1199 -1211 0
-1199 -1212 0
-1199 -1213 0
-1199 -1214 0
-1199 -1215 0
-1199 -1216 0
-1199 -1217 0
-1199 -1218 0
-1199 -1219 0
-1199 -1220 0
-1199 -1221 0
-1199 -1222 0
-1199 -1223 0
-1199 -1224 0
-1199 -1225 0
-1200 -1201 0
-1200 -1202 0
-1200 -1203 0
-1200 -1204 0
-1200 -1205 0
-1200 -1206 0
-1200 -1207 0
-1200 -1208 0
-1200 -1209 0
-1200 -1210 0
-1200 -1211 0
-1200 -1212 0
-1200 -1213 0
-1200 -1214 0
-1200 -1215 0
-1200 -1216 0
-1200 -1217 0
-1200 -1218 0
-1200 -1219 0
-1200 -1220 0
-1200 -1221 0
-1200 -1222 0
-1200 -1223 0
-1200 -1224 0
-1200 -1225 0
-1201 -1202 0
-1201 -1203 0
-1201 -1204 0
-1201 -1205 0
-1201 -1206 0
-1201 -1207 0
-1201 -1208 0
-1201 -1209 0
-1201 -1210 0
-1201 -1211 0
-1201 -1212 0
-1201 -1213 0
-1201 -1214 0
-1201 -1215 0
-1201 -1216 0
-1201 -1217 0
-1201 -1218 0
-1201 -1219 0
-1201 -1220 0
-1201 -1221 0
-1201 -1222 0
-1201 -1223 0
-1201 -1224 0
-1201 -1225 0
-1202 -1203 0
-1202 -1204 0
-1202 -1205 0
-1202 -1206 0
-1202 -1207 0
-1202 -1208 0
-1202 -1209 0
-1202 -1210 0
-1202 -1211 0
-1202 -1212 0
-1202 -1213 0
-1202 -1214 0
-1202 -1215 0
-1202 -1216 0
-1202 -1217 0
-1202 -1218 0
-1202 -1219 0
-1202 -1220 0
-1202 -1221 0
-1202 -1222 0
-1202 -1223 0
-1202 -1224 0
-1202 -1225 0
-1203 -1204 0
-1203 -1205 0
-1203 -1206 0
-1203 -1207 0
-1203 -1208 0
-1203 -1209 0
-1203 -1210 0
-1203 -1211 0
-1203 -1212 0
-1203 -1213 0
-1203 -1214 0
-1203 -1215 0
-1203 -1216 0
-1203 -1217 0
-1203 -1218 0
-1203 -1219 0
-1203 -1220 0
-1203 -1221 0
-1203 -1222 0
-1203 -1223 0
-1203 -1224 0
-1203 -1225 0
-1204 -1205 0
-1204 -1206 0
-1204 -1207 0
-1204 -1208 0
-1204 -1209 0
-1204 -1210 0
-1204 -1211 0
-1204 -1212 0
-1204 -1213 0
-1204 -1214 0
-1204 -1215 0
-1204 -1216 0
-1204 -1217 0
-1204 -1218 0
-1204 -1219 0
-1204 -1220 0
-1204 -1221 0
-1204 -1222 0
-1204 -1223 0
-1204 -1224 0
-1204 -1225 0
-1205 -1206 0
-1205 -1207 0
-1205 -1208 0
-1205 -1209 0
-1205 -1210 0
-1205 -1211 0
-1205 -1212 0
-1205 -1213 0
-1205 -1214 0
-1205 -1215 0
-1205 -1216 0
-1205 -1217 0
-1205 -1218 0
-1205 -1219 0
-1205 -1220 0
-1205 -1221 0
-1205 -1222 0
-1205 -1223 0
-1205 -1224 0
-1205 -1225 0
-1206 -1207 0
-1206 -1208 0
-1206 -1209 0
-1206 -1210 0
-1206 -1211 0
-1206 -1212 0
-1206 -1213 0
-1206 -1214 0
-1206 -1215 0
-1206 -1216 0
-1206 -1217 0
-1206 -1218 0
-1206 -1219 0
-1206 -1220 0
-1206 -1221 0
-1206 -1222 0
-1206 -1223 0
-1206 -1224 0
-1206 -1225 0
-1207 -1208 0
-1207 -1209 0
-1207 -1210 0
-1207 -1211 0
-1207 -1212 0
-1207 -1213 0
-1207 -1214 0
-1207 -1215 0
-1207 -1216 0
-1207 -1217 0
-1207 -1218 0
-1207 -1219 0
-1207 -1220 0
-1207 -1221 0
-1207 -1222 0
-1207 -1223 0
-1207 -1224 0
-1207 -1225 0
-1208 -1209 0
-1208 -1210 0
-1208 -1211 0
-1208 -1212 0
-1208 -1213 0
-1208 -1214 0
-1208 -1215 0
-1208 -1216 0
-1208 -1217 0
-1208 -1218 0
-1208 -1219 0
-1208 -1220 0
-1208 -1221 0
-1208 -1222 0
-1208 -1223 0
-1208 -1224 0
-1208 -1225 0
-1209 -1210 0
-1209 -1211 0
-1209 -1212 0
-1209 -1213 0
-1209 -1214 0
-1209 -1215 0
-1209 -1216 0
-1209 -1217 0
-1209 -1218 0
-1209 -1219 0
-1209 -1220 0
-1209 -1221 0
-1209 -1222 0
-1209 -1223 0
-1209 -1224 0
-1209 -1225 0
-1210 -1211 0
-1210 -1212 0
-1210 -1213 0
-1210 -1214 0
-1210 -1215 0
-1210 -1216 0
-1210 -1217 0
-1210 -1218 0
-1210 -1219 0
-1210 -1220 0
-1210 -1221 0
-1210 -1222 0
-1210 -1223 0
-1210 -1224 0
-1210 -1225 0
-1211 -1212 0
-1211 -1213 0
-1211 -1214 0
-1211 -1215 0
-1211 -1216 0
-1211 -1217 0
-1211 -1218 0
-1211 -1219 0
-1211 -1220 0
-1211 -1221 0
-1211 -1222 0
-1211 -1223 0
-1211 -1224 0
-1211 -1225 0
-1212 -1213 0
-1212 -1214 0
-1212 -1215 0
-1212 -1216 0
-1212 -1217 0
-1212 -1218 0
-1212 -1219 0
-1212 -1220 0
-1212 -1221 0
-1212 -1222 0
-1212 -1223 0
-1212 -1224 0
-1212 -1225 0
-1213 -1214 0
-1213 -1215 0
-1213 -1216 0
-1213 -1217 0
-1213 -1218 0
-1213 -1219 0
-1213 -1220 0
-1213 -1221 0
-1213 -1222 0
-1213 -1223 0
-1213 -1224 0
-1213 -1225 0
-1214 -1215 0
-1214 -1216 0
-1214 -1217 0
-1214 -1218 0
-1214 -1219 0
-1214 -1220 0
-1214 -1221 0
-1214 -1222 0
-1214 -1223 0
-1214 -1224 0
-1214 -1225 0
-1215 -1216 0
-1215 -1217 0
-1215 -1218 0
-1215 -1219 0
-1215 -1220 0
-1215 -1221 0
-1215 -1222 0
-1215 -1223 0
-1215 -1224 0
-1215 -1225 0
-1216 -1217 0
-1216 -1218 0
-1216 -1219 0
-1216 -1220 0
-1216 -1221 0
-1216 -1222 0
-1216 -1223 0
-1216 -1224 0
-1216 -1225 0
-1217 -1218 0
-1217 -1219 0
-1217 -1220 0
-1217 -1221 0
-1217 -1222 0
-1217 -1223 0
-1217 -1224 0
-1217 -1225 0
-1218 -1219 0
-1218 -1220 0
-1218 -1221 0
-1218 -1222 0
-1218 -1223 0
-1218 -1224 0
-1218 -1225 0
-1219 -1220 0
-1219 -1221 0
-1219 -1222 0
-1219 -1223 0
-1219 -1224 0
-1219 -1225 0
-1220 -1221 0
-1220 -1222 0
-1220 -1223 0
-1220 -1224 0
-1220 -1225 0
-1221 -1222 0
-1221 -1223 0
-1221 -1224 0
-1221 -1225 0
-1222 -1223 0
-1222 -1224 0
-1222 -1225 0
-1223 -1224 0
-1223 -1225 0
-1224 -1225 0
1 36 71 106 141 176 211 246 281 316 351 386 421 456 491 526 561 596 631 666 701 736 771 806 841 876 911 946 981 1016 1051 1086 1121 1156 1191 0
2 37 72 107 142 177 212 247 282 317 352 387 422 457 492 527 562 597 632 667 702 737 772 807 842 877 912 947 982 1017 1052 1087 1122 1157 1192 0
3 38 73 108 143 178 213 248 283 318 353 388 423 458 493 528 563 598 633 668 703 738 773 808 843 878 913 948 983 1018 1053 1088 1123 1158 1193 0
4 39 74 109 144 179 214 249 284 319 354 389 424 459 494 529 564 599 634 669 704 739 774 809 844 879 914 949 984 1019 1054 1089 1124 1159 1194 0
5 40 75 110 145 180 215 250 285 320 355 390 425 460 495 530 565 600 635 670 705 740 775 810 845 880 915 950 985 1020 1055 1090 1125 1160 1195 0
6 41 76 111 146 181 216 251 286 321 356 391 426 461 496 531 566 601 636 671 706 741 776 811 846 881 916 951 986 1021 1056 1091 1126 1161 1196 0
7 42 77 112 147 182 217 252 287 322 357 392 427 462 497 532 567 602 637 672 707 742 777 812 847 882 917 952 987 1022 1057 1092 1127 1162 1197 0
8 43 78 113 148 183 218 253 288 323 358 393 428 463 498 533 568 603 638 673 708 743 778 813 848 883 918 953 988 1023 1058 1093 1128 1163 1198 0
9 44 79 114 149 184 219 254 289 324 359 394 429 464 499 534 569 604 639 674 709 744 779 814 849 884 919 954 989 1024 1059 1094 1129 1164 1199 0
10 45 80 115 150 185 220 255 290 325 360 395 430 465 500 535 570 605 640 675 710 745 780 815 850 885 920 955 990 1025 1060 1095 1130 1165 1200 0
11 46 81 116 151 186 221 256 291 326 361 396 431 466 501 536 571 606 641 676 711 746 781 816 851 886 921 956 991 1026 1061 1096 1131 1166 1201 0
12 47 82 117 152 187 222 257 292 327 362 397 432 467 502 537 572 607 642 677 712 747 782 817 852 887 922 957 992 1027 1062 1097 1132 1167 1202 0
13 48 83 118 153 188 223 258 293 328 363 398 433 468 503 538 573 608 643 678 713 748 783 818 853 888 923 958 993 1028 1063 1098 1133 1168 1203 0
14 49 84 119 154 189 224 259 294 329 364 399 434 469 504 539 574 609 644 679 714 749 784 819 854 889 924 959 994 1029 1064 1099 1134 1169 1204 0
15 50 85 120 155 190 225 260 295 330 365 400 435 470 505 540 575 610 645 680 715 750 785 820 855 890 925 960 995 1030 1065 1100 1135 1170 1205 0
16 51 86 121 156 191 226 261 296 331 366 401 436 471 506 541 576 611 646 681 716 751 786 821 856 891 926 961 996 1031 1066 1101 1136 1171 1206 0
17 52 87 122 157 192 227 262 297 332 367 402 437 472 507 542 577 612 647 682 717 752 787 822 857 892 927 962 997 1032 1067 1102 1137 1172 1207 0
18 53 88 123 158 193 228 263 298 333 368 403 438 473 508 543 578 613 648 683 718 753 788 823 858 893 928 963 998 1033 1068 1103 1138 1173 1208 0
19 54 89 124 159 194 229 264 299 334 369 404 439 474 509 544 579 614 649 684 719 754 789 824 859 894 929 964 999 1034 1069 1104 1139 1174 1209 0
20 55 90 125 160 195 230 265 300 335 370 405 440 475 510 545 580 615 650 685 720 755 790 825 860 895 930 965 1000 1035 1070 1105 1140 1175 1210 0
21 56 91 126 161 196 231 266 301 336 371 406 441 476 511 546 581 616 651 686 721 756 791 826 861 896 931 966 1001 1036 1071 1106 1141 1176 1211 0
22 57 92 127 162 197 232 267 302 337 372 407 442 477 512 547 582 617 652 687 722 757 792 827 862 897 932 967 1002 1037 1072 1107 1142 1177 1212 0
23 58 93 128 163 198 233 268 303 338 373 408 443 478 513 548 583 618 653 688 723 758 793 828 863 898 933 968 1003 1038 1073 1108 1143 1178 1213 0
24 59 94 129 164 199 234 269 304 339 374 409 444 479 514 549 584 619 654 689 724 759 794 829 864 899 934 969 1004 1039 1074 1109 1144 1179 1214 0
25 60 95 130 165 200 235 270 305 340 375 410 445 480 515 550 585 620 655 690 725 760 795 830 865 900 935 970 1005 1040 1075 1110 1145 1180 1215 0
26 61 96 131 166 201 236 271 306 341 376 411 446 481 516 551 586 621 656 691 726 761 796 831 866 901 936 971 1006 1041 1076 1111 1146 1181 1216 0
27 62 97 132 167 202 237 272 307 342 377 412 447 482 517 552 587 622 657 692 727 762 797 832 867 902 937 972 1007 1042 1077 1112 1147 1182 1217 0
28 63 98 133 168 203 238 273 308 343 378 413 448 483 518 553 588 623 658 693 728 763 798 833 868 903 938 973 1008 1043 1078 1113 1148 1183 1218 0
29 64 99 134 169 204 239 274 309 344 379 414 449 484 519 554 589 624 659 694 729 764 799 834 869 904 939 974 1009 1044 1079 1114 1149 1184 1219 0
30 65 100 135 170 205 240 275 310 345 380 415 450 485 520 555 590 625 660 695 730 765 800 835 870 905 940 975 1010 1045 1080 1115 1150 1185 1220 0
31 66 101 136 171 206 241 276 311 346 381 416 451 486 521 556 591 626 661 696 731 766 801 836 871 906 941 976 1011 1046 1081 1116 1151 1186 1221 0
32 67 102 137 172 207 242 277 312 347 382 417 452 487 522 557 592 627 662 697 732 767 802 837 872 907 942 977 1012 1047 1082 1117 1152 1187 1222 0
33 68 103 138 173 208 243 278 313 348 383 418 453 488 523 558 593 628 663 698 733 768 803 838 873 908 943 978 1013 1048 1083 1118 1153 1188 1223 0
34 69 104 139 174 209 244 279 314 349 384 419 454 489 524 559 594 629 664 699 734 769 804 839 874 909 944 979 1014 1049 1084 1119 1154 1189 1224 0
35 70 105 140 175 210 245 280 315 350 385 420 455 490 525 560 595 630 665 700 735 770 805 840 875 910 945 980 1015 1050 1085 1120 1155 1190 1225 0
-1 -37 0
-1 -73 0
-1 -109 0
-1 -145 0
-1 -181 0
-1 -217 0
-1 -253 0
-1 -289 0
-1 -325 0
-1 -361 0
-1 -397 0
-1 -433 0
-1 -469 0
-1 -505 0
-1 -541 0
-1 -577 0
-1 -613 0
-1 -649 0
-1 -685 0
-1 -721 0
-1 -757 0
-1 -793 0
-1 -829 0
-1 -865 0
-1 -901 0
-1 -937 0
-1 -973 0
-1 -1009 0
-1 -1045 0
-1 -1081 0
-1 -1117 0
-1 -1153 0
-1 -1189 0
-1 -1225 0
-37 -73 0
-37 -109 0
-37 -145 0
-37 -181 0
-37 -217 0
-37 -253 0
-37 -289 0
-37 -325 0
-37 -361 0
-37 -397 0
-37 -433 0
-37 -469 0
-37 -505 0
-37 -541 0
-37 -577 0
-37 -613 0
-37 -649 0
-37 -685 0
-37 -721 0
-37 -757 0
-37 -793 0
-37 -829 0
-37 -865 0
-37 -901 0
-37 -937 0
-37 -973 0
-37 -1009 0
-37 -1045 0
-37 -1081 0
-37 -1117 0
-37 -1153 0
-37 -1189 0
-37 -1225 0
-73 -109 0
-73 -145 0
-73 -181 0
-73 -217 0
-73 -253 0
-73 -289 0
-73 -325 0
-73 -361 0
-73 -397 0
-73 -433 0
-73 -469 0
-73 -505 0
-73 -541 0
-73 -577 0
-73 -613 0
-73 -649 0
-73 -685 0
-73 -721 0
-73 -757 0
-73 -793 0
-73 -829 0
-73 -865 0
-73 -901 0
-73 -937 0
-73 -973 0
-73 -1009 0
-73 -1045 0
-73 -1081 0
-73 -1117 0
-73 -1153 0
-73 -1189 0
-73 -1225 0
-109 -145 0
-109 -181 0
-109 -217 0
-109 -253 0
-109 -289 0
-109 -325 0
-109 -361 0
-109 -397 0
-109 -433 0
-109 -469 0
-109 -505 0
-109 -541 0
-109 -577 0
-109 -613 0
-109 -649 0
-109 -685 0
-109 -721 0
-109 -757 0
-109 -793 0
-109 -829 0
-109 -865 0
-109 -901 0
-109 -937 0
-109 -973 0
-109 -1009 0
-109 -1045 0
-109 -1081 0
-109 -1117 0
-109 -1153 0
-109 -1189 0
-109 -1225 0
-145 -181 0
-145 -217 0
-145 -253 0
-145 -289 0
-145 -325 0
-145 -361 0
-145 -397 0
-145 -433 0
-145 -469 0
-145 -505 0
-145 -541 0
-145 -577 0
-145 -613 0
-145 -649 0
-145 -685 0
-145 -721 0
-145 -757 0
-145 -793 0
-145 -829 0
-145 -865 0
-145 -901 0
-145 -937 0
-145 -973 0
-145 -1009 0
-145 -1045 0
-145 -1081 0
-145 -1117 0
-145 -1153 0
-145 -1189 0
-145 -1225 0
-181 -217 0
-181 -253 0
-181 -289 0
-181 -325 0
-181 -361 0
-181 -397 0
-181 -433 0
-181 -469 0
-181 -505 0
-181 -541 0
-181 -577 0
-181 -613 0
-181 -649 0
-181 -685 0
-181 -721 0
-181 -757 0
-181 -793 0
-181 -829 0
-181 -865 0
-181 -901 0
-181 -937 0
-181 -973 0
-181 -1009 0
-181 -1045 0
-181 -1081 0
-181 -1117 0
-181 -1153 0
-181 -1189 0
-181 -1225 0
-217 -253 0
-217 -289 0
-217 -325 0
-217 -361 0
-217 -397 0
-217 -433 0
-217 -469 0
-217 -505 0
-217 -541 0
-217 -577 0
-217 -613 0
-217 -649 0
-217 -685 0
-217 -721 0
-217 -757 0
-217 -793 0
-217 -829 0
-217 -865 0
-217 -901 0
-217 -937 0
-217 -973 0
-217 -1009 0
-217 -1045 0
-217 -1081 0
-217 -1117 0
-217 -1153 0
-217 -1189 0
-217 -1225 0
-253 -289 0
-253 -325 0
-253 -361 0
-253 -397 0
-253 -433 0
-253 -469 0
-253 -505 0
-253 -541 0
-253 -577 0
-253 -613 0
-253 -649 0
-253 -685 0
-253 -721 0
-253 -757 0
-253 -793 0
-253 -829 0
-253 -865 0
-253 -901 0
-253 -937 0
-253 -973 0
-253 -1009 0
-253 -1045 0
-253 -1081 0
-253 -1117 0
-253 -1153 0
-253 -1189 0
-253 -1225 0
-289 -325 0
-289 -361 0
-289 -397 0
-289 -433 0
-289 -469 0
-289 -505 0
-289 -541 0
-289 -577 0
-289 -613 0
-289 -649 0
-289 -685 0
-289 -721 0
-289 -757 0
-289 -793 0
-289 -829 0
-289 -865 0
-289 -901 0
-289 -937 0
-289 -973 0
-289 -1009 0
-289 -1045 0
-289 -1081 0
-289 -1117 0
-289 -1153 0
-289 -1189 0
-289 -1225 0
-325 -361 0
-325 -397 0
-325 -433 0
-325 -469 0
-325 -505 0
-325 -541 0
-325 -577 0
-325 -613 0
-325 -649 0
-325 -685 0
-325 -721 0
-325 -757 0
-325 -793 0
-325 -829 0
-325 -865 0
-325 -901 0
-325 -937 0
-325 -973 0
-325 -1009 0
-325 -1045 0
-325 -1081 0
-325 -1117 0
-325 -1153 0
-325 -1189 0
-325 -1225 0
-361 -397 0
-361 -433 0
-361 -469 0
-361 -505 0
-361 -541 0
-361 -577 0
-361 -613 0
-361 -649 0
-361 -685 0
-361 -721 0
-361 -757 0
-361 -793 0
-361 -829 0
-361 -865 0
-361 -901 0
-361 -937 0
-361 -973 0
-361 -1009 0
-361 -1045 0
-361 -1081 0
-361 -1117 0
-361 -1153 0
-361 -1189 0
-361 -1225 0
-397 -433 0
-397 -469 0
-397 -505 0
-397 -541 0
-397 -577 0
-397 -613 0
-397 -649 0
-397 -685 0
-397 -721 0
-397 -757 0
-397 -793 0
-397 -829 0
-397 -865 0
-397 -901 0
-397 -937 0
-397 -973 0
-397 -1009 0
-397 -1045 0
-397 -1081 0
-397 -1117 0
-397 -1153 0
-397 -1189 0
-397 -1225 0
-433 -469 0
-433 -505 0
-433 -541 0
-433 -577 0
-433 -613 0
-433 -649 0
-433 -685 0
-433 -721 0
-433 -757 0
-433 -793 0
-433 -829 0
-433 -865 0
-433 -901 0
-433 -937 0
-433 -973 0
-433 -1009 0
-433 -1045 0
-433 -1081 0
-433 -1117 0
-433 -1153 0
-433 -1189 0
-433 -1225 0
-469 -505 0
-469 -541 0
-469 -577 0
-469 -613 0
-469 -649 0
-469 -685 0
-469 -721 0
-469 -757 0
-469 -793 0
-469 -829 0
-469 -865 0
-469 -901 0
-469 -937 0
-469 -973 0
-469 -1009 0
-469 -1045 0
-469 -1081 0
-469 -1117 0
-469 -1153 0
-469 -1189 0
-469 -1225 0
-505 -541 0
-505 -577 0
-505 -613 0
-505 -649 0
-505 -685 0
-505 -721 0
-505 -757 0
-505 -793 0
-505 -829 0
-505 -865 0
-505 -901 0
-505 -937 0
-505 -973 0
-505 -1009 0
-505 -1045 0
-505 -1081 0
-505 -1117 0
-505 -1153 0
-505 -1189 0
-505 -1225 0
-541 -577 0
-541 -613 0
-541 -649 0
-541 -685 0
-541 -721 0
-541 -757 0
-541 -793 0
-541 -829 0
-541 -865 0
-541 -901 0
-541 -937 0
-541 -973 0
-541 -1009 0
-541 -1045 0
-541 -1081 0
-541 -1117 0
-541 -1153 0
-541 -1189 0
-541 -1225 0
-577 -613 0
-577 -649 0
-577 -685 0
-577 -721 0
-577 -757 0
-577 -793 0
-577 -829 0
-577 -865 0
-577 -901 0
-577 -937 0
-577 -973 0
-577 -1009 0
-577 -1045 0
-577 -1081 0
-577 -1117 0
-577 -1153 0
-577 -1189 0
-577 -1225 0
-613 -649 0
-613 -685 0
-613 -721 0
-613 -757 0
-613 -793 0
-613 -829 0
-613 -865 0
-613 -901 0
-613 -937 0
-613 -973 0
-613 -1009 0
-613 -1045 0
-613 -1081 0
-613 -1117 0
-613 -1153 0
-613 -1189 0
-613 -1225 0
-649 -685 0
-649 -721 0
-649 -757 0
-649 -793 0
-649 -829 0
-649 -865 0
-649 -901 0
-649 -937 0
-649 -973 0
-649 -1009 0
-649 -1045 0
-649 -1081 0
-649 -1117 0
-649 -1153 0
-649 -1189 0
-649 -1225 0
-685 -721 0
-685 -757 0
-685 -793 0
-685 -829 0
-685 -865 0
-685 -901 0
-685 -937 0
-685 -973 0
-685 -1009 0
-685 -1045 0
-685 -1081 0
-685 -1117 0
-685 -1153 0
-685 -1189 0
-685 -1225 0
-721 -757 0
-721 -793 0
-721 -829 0
-721 -865 0
-721 -901 0
-721 -937 0
-721 -973 0
-721 -1009 0
-721 -1045 0
-721 -1081 0
-721 -1117 0
-721 -1153 0
-721 -1189 0
-721 -1225 0
-757 -793 0
-757 -829 0
-757 -865 0
-757 -901 0
-757 -937 0
-757 -973 0
-757 -1009 0
-757 -1045 0
-757 -1081 0
-757 -1117 0
-757 -1153 0
-757 -1189 0
-757 -1225 0
-793 -829 0
-793 -865 0
-793 -901 0
-793 -937 0
-793 -973 0
-793 -1009 0
-793 -1045 0
-793 -1081 0
-793 -1117 0
-793 -1153 0
-793 -1189 0
-793 -1225 0
-829 -865 0
-829 -901 0
-829 -937 0
-829 -973 0
-829 -1009 0
-829 -1045 0
-829 -1081 0
-829 -1117 0
-829 -1153 0
-829 -1189 0
-829 -1225 0
-865 -901 0
-865 -937 0
-865 -973 0
-865 -1009 0
-865 -1045 0
-865 -1081 0
-865 -1117 0
-865 -1153 0
-865 -1189 0
-865 -1225 0
-901 -937 0
-901 -973 0
-901 -1009 0
-901 -1045 0
-901 -1081 0
-901 -1117 0
-901 -1153 0
-901 -1189 0
-901 -1225 0
-937 -973 0
-937 -1009 0
-937 -1045 0
-937 -1081 0
-937 -1117 0
-937 -1153 0
-937 -1189 0
-937 -1225 0
-973 -1009 0
-973 -1045 0
-973 -1081 0
-973 -1117 0
-973 -1153 0
-973 -1189 0
-973 -1225 0
-1009 -1045 0
-1009 -1081 0
-1009 -1117 0
-1009 -1153 0
-1009 -1189 0
-1009 -1225 0
-1045 -1081 0
-1045 -1117 0
-1045 -1153 0
-1045 -1189 0
-1045 -1225 0
-1081 -1117 0
-1081 -1153 0
-1081 -1189 0
-1081 -1225 0
-1117 -1153 0
-1117 -1189 0
-1117 -1225 0
-1153 -1189 0
-1153 -1225 0
-1189 -1225 0
-2 -38 0
-2 -74 0
-2 -110 0
-2 -146 0
-2 -182 0
-2 -218 0
-2 -254 0
-2 -290 0
-2 -326 0
-2 -362 0
-2 -398 0
-2 -434 0
-2 -470 0
-2 -506 0
-2 -542 0
-2 -578 0
-2 -614 0
-2 -650 0
-2 -686 0
-2 -722 0
-2 -758 0
-2 -794 0
-2 -830 0
-2 -866 0
-2 -902 0
-2 -938 0
-2 -974 0
-2 -1010 0
-2 -1046 0
-2 -1082 0
-2 -1118 0
-2 -1154 0
-2 -1190 0
-38 -74 0
-38 -110 0
-38 -146 0
-38 -182 0
-38 -218 0
-38 -254 0
-38 -290 0
-38 -326 0
-38 -362 0
-38 -398 0
-38 -434 0
-38 -470 0
-38 -506 0
-38 -542 0
-38 -578 0
-38 -614 0
-38 -650 0
-38 -686 0
-38 -722 0
-38 -758 0
-38 -794 0
-38 -830 0
-38 -866 0
-38 -902 0
-38 -938 0
-38 -974 0
-38 -1010 0
-38 -1046 0
-38 -1082 0
-38 -1118 0
-38 -1154 0
-38 -1190 0
-74 -110 0
-74 -146 0
-74 -182 0
-74 -218 0
-74 -254 0
-74 -290 0
-74 -326 0
-74 -362 0
-74 -398 0
-74 -434 0
-74 -470 0
-74 -506 0
-74 -542 0
-74 -578 0
-74 -614 0
-74 -650 0
-74 -686 0
-74 -722 0
-74 -758 0
-74 -794 0
-74 -830 0
-74 -866 0
-74 -902 0
-74 -938 0
-74 -974 0
-74 -1010 0
-74 -1046 0
-74 -1082 0
-74 -1118 0
-74 -1154 0
-74 -1190 0
-110 -146 0
-110 -182 0
-110 -218 0
-110 -254 0
-110 -290 0
-110 -326 0
-110 -362 0
-110 -398 0
-110 -434 0
-110 -470 0
-110 -506 0
-110 -542 0
-110 -578 0
-110 -614 0
-110 -650 0
-110 -686 0
-110 -722 0
-110 -758 0
-110 -794 0
-110 -830 0
-110 -866 0
-110 -902 0
-110 -938 0
-110 -974 0
-110 -1010 0
-110 -1046 0
-110 -1082 0
-110 -1118 0
-110 -1154 0
-110 -1190 0
-146 -182 0
-146 -218 0
-146 -254 0
-146 -290 0
-146 -326 0
-146 -362 0
-146 -398 0
-146 -434 0
-146 -470 0
-146 -506 0
-146 -542 0
-146 -578 0
-146 -614 0
-146 -650 0
-146 -686 0
-146 -722 0
-146 -758 0
-146 -794 0
-146 -830 0
-146 -866 0
-146 -902 0
-146 -938 0
-146 -974 0
-146 -1010 0
-146 -1046 0
-146 -1082 0
-146 -1118 0
-146 -1154 0
-146 -1190 0
-182 -218 0
-182 -254 0
-182 -290 0
-182 -326 0
-182 -362 0
-182 -398 0
-182 -434 0
-182 -470 0
-182 -506 0
-182 -542 0
-182 -578 0
-182 -614 0
-182 -650 0
-182 -686 0
-182 -722 0
-182 -758 0
-182 -794 0
-182 -830 0
-182 -866 0
-182 -902 0
-182 -938 0
-182 -974 0
-182 -1010 0
-182 -1046 0
-182 -1082 0
-182 -1118 0
-182 -1154 0
-182 -1190 0
-218 -254 0
-218 -290 0
-218 -326 0
-218 -362 0
-218 -398 0
-218 -434 0
-218 -470 0
-218 -506 0
-218 -542 0
-218 -578 0
-218 -614 0
-218 -650 0
-218 -686 0
-218 -722 0
-218 -758 0
-218 -794 0
-218 -830 0
-218 -866 0
-218 -902 0
-218 -938 0
-218 -974 0
-218 -1010 0
-218 -1046 0
-218 -1082 0
-218 -1118 0
-218 -1154 0
-218 -1190 0
-254 -290 0
-254 -326 0
-254 -362 0
-254 -398 0
-254 -434 0
-254 -470 0
-254 -506 0
-254 -542 0
-254 -578 0
-254 -614 0
-254 -650 0
-254 -686 0
-254 -722 0
-254 -758 0
-254 -794 0
-254 -830 0
-254 -866 0
-254 -902 0
-254 -938 0
-254 -974 0
-254 -1010 0
-254 -1046 0
-254 -1082 0
-254 -1118 0
-254 -1154 0
-254 -1190 0
-290 -326 0
-290 -362 0
-290 -398 0
-290 -434 0
-290 -470 0
-290 -506 0
-290 -542 0
-290 -578 0
-290 -614 0
-290 -650 0
-290 -686 0
-290 -722 0
-290 -758 0
-290 -794 0
-290 -830 0
-290 -866 0
-290 -902 0
-290 -938 0
-290 -974 0
-290 -1010 0
-290 -1046 0
-290 -1082 0
-290 -1118 0
-290 -1154 0
-290 -1190 0
-326 -362 0
-326 -398 0
-326 -434 0
-326 -470 0
-326 -506 0
-326 -542 0
-326 -578 0
-326 -614 0
-326 -650 0
-326 -686 0
-326 -722 0
-326 -758 0
-326 -794 0
-326 -830 0
-326 -866 0
-326 -902 0
-326 -938 0
-326 -974 0
-326 -1010 0
-326 -1046 0
-326 -1082 0
-326 -1118 0
-326 -1154 0
-326 -1190 0
-362 -398 0
-362 -434 0
-362 -470 0
-362 -506 0
-362 -542 0
-362 -578 0
-362 -614 0
-362 -650 0
-362 -686 0
-362 -722 0
-362 -758 0
-362 -794 0
-362 -830 0
-362 -866 0
-362 -902 0
-362 -938 0
-362 -974 0
-362 -1010 0
-362 -1046 0
-362 -1082 0
-362 -1118 0
-362 -1154 0
-362 -1190 0
-398 -434 0
-398 -470 0
-398 -506 0
-398 -542 0
-398 -578 0
-398 -614 0
-398 -650 0
-398 -686 0
-398 -722 0
-398 -758 0
-398 -794 0
-398 -830 0
-398 -866 0
-398 -902 0
-398 -938 0
-398 -974 0
-398 -1010 0
-398 -1046 0
-398 -1082 0
-398 -1118 0
-398 -1154 0
-398 -1190 0
-434 -470 0
-434 -506 0
-434 -542 0
-434 -578 0
-434 -614 0
-434 -650 0
-434 -686 0
-434 -722 0
-434 -758 0
-434 -794 0
-434 -830 0
-434 -866 0
-434 -902 0
-434 -938 0
-434 -974 0
-434 -1010 0
-434 -1046 0
-434 -1082 0
-434 -1118 0
-434 -1154 0
-434 -1190 0
-470 -506 0
-470 -542 0
-470 -578 0
-470 -614 0
-470 -650 0
-470 -686 0
-470 -722 0
-470 -758 0
-470 -794 0
-470 -830 0
-470 -866 0
-470 -902 0
-470 -938 0
-470 -974 0
-470 -1010 0
-470 -1046 0
-470 -1082 0
-470 -1118 0
-470 -1154 0
-470 -1190 0
-506 -542 0
-506 -578 0
-506 -614 0
-506 -650 0
-506 -686 0
-506 -722 0
-506 -758 0
-506 -794 0
-506 -830 0
-506 -866 0
-506 -902 0
-506 -938 0
-506 -974 0
-506 -1010 0
-506 -1046 0
-506 -1082 0
-506 -1118 0
-506 -1154 0
-506 -1190 0
-542 -578 0
-542 -614 0
-542 -650 0
-542 -686 0
-542 -722 0
-542 -758 0
-542 -794 0
-542 -830 0
-542 -866 0
-542 -902 0
-542 -938 0
-542 -974 0
-542 -1010 0
-542 -1046 0
-542 -1082 0
-542 -1118 0
-542 -1154 0
-542 -1190 0
-578 -614 0
-578 -650 0
-578 -686 0
-578 -722 0
-578 -758 0
-578 -794 0
-578 -830 0
-578 -866 0
-578 -902 0
-578 -938 0
-578 -974 0
-578 -1010 0
-578 -1046 0
-578 -1082 0
-578 -1118 0
-578 -1154 0
-578 -1190 0
-614 -650 0
-614 -686 0
-614 -722 0
-614 -758 0
-614 -794 0
-614 -830 0
-614 -866 0
-614 -902 0
-614 -938 0
-614 -974 0
-614 -1010 0
-614 -1046 0
-614 -1082 0
-614 -1118 0
-614 -1154 0
-614 -1190 0
-650 -686 0
-650 -722 0
-650 -758 0
-650 -794 0
-650 -830 0
-650 -866 0
-650 -902 0
-650 -938 0
-650 -974 0
-650 -1010 0
-650 -1046 0
-650 -1082 0
-650 -1118 0
-650 -1154 0
-650 -1190 0
-686 -722 0
-686 -758 0
-686 -794 0
-686 -830 0
-686 -866 0
-686 -902 0
-686 -938 0
-686 -974 0
-686 -1010 0
-686 -1046 0
-686 -1082 0
-686 -1118 0
-686 -1154 0
-686 -1190 0
-722 -758 0
-722 -794 0
-722 -830 0
-722 -866 0
-722 -902 0
-722 -938 0
-722 -974 0
-722 -1010 0
-722 -1046 0
-722 -1082 0
-722 -1118 0
-722 -1154 0
-722 -1190 0
-758 -794 0
-758 -830 0
-758 -866 0
-758 -902 0
-758 -938 0
-758 -974 0
-758 -1010 0
-758 -1046 0
-758 -1082 0
-758 -1118 0
-758 -1154 0
-758 -1190 0
-794 -830 0
-794 -866 0
-794 -902 0
-794 -938 0
-794 -974 0
-794 -1010 0
-794 -1046 0
-794 -1082 0
-794 -1118 0
-794 -1154 0
-794 -1190 0
-830 -866 0
-830 -902 0
-830 -938 0
-830 -974 0
-830 -1010 0
-830 -1046 0
-830 -1082 0
-830 -1118 0
-830 -1154 0
-830 -1190 0
-866 -902 0
-866 -938 0
-866 -974 0
-866 -1010 0
-866 -1046 0
-866 -1082 0
-866 -1118 0
-866 -1154 0
-866 -1190 0
-902 -938 0
-902 -974 0
-902 -1010 0
-902 -1046 0
-902 -1082 0
-902 -1118 0
-902 -1154 0
-902 -1190 0
-938 -974 0
-938 -1010 0
-938 -1046 0
-938 -1082 0
-938 -1118 0
-938 -1154 0
-938 -1190 0
-974 -1010 0
-974 -1046 0
-974 -1082 0
-974 -1118 0
-974 -1154 0
-974 -1190 0
-1010 -1046 0
-1010 -1082 0
-1010 -1118 0
-1010 -1154 0
-1010 -1190 0
-1046 -1082 0
-1046 -1118 0
-1046 -1154 0
-1046 -1190 0
-1082 -1118 0
-1082 -1154 0
-1082 -1190 0
-1118 -1154 0
-1118 -1190 0
-1154 -1190 0
-3 -39 0
-3 -75 0
-3 -111 0
-3 -147 0
-3 -183 0
-3 -219 0
-3 -255 0
-3 -291 0
-3 -327 0
-3 -363 0
-3 -399 0
-3 -435 0
-3 -471 0
-3 -507 0
-3 -543 0
-3 -579 0
-3 -615 0
-3 -651 0
-3 -687 0
-3 -723 0
-3 -759 0
-3 -795 0
-3 -831 0
-3 -867 0
-3 -903 0
-3 -939 0
-3 -975 0
-3 -1011 0
-3 -1047 0
-3 -1083 0
-3 -1119 0
-3 -1155 0
-39 -75 0
-39 -111 0
-39 -147 0
-39 -183 0
-39 -219 0
-39 -255 0
-39 -291 0
-39 -327 0
-39 -363 0
-39 -399 0
-39 -435 0
-39 -471 0
-39 -507 0
-39 -543 0
-39 -579 0
-39 -615 0
-39 -651 0
-39 -687 0
-39 -723 0
-39 -759 0
-39 -795 0
-39 -831 0
-39 -867 0
-39 -903 0
-39 -939 0
-39 -975 0
-39 -1011 0
-39 -1047 0
-39 -1083 0
-39 -1119 0
-39 -1155 0
-75 -111 0
-75 -147 0
-75 -183 0
-75 -219 0
-75 -255 0
-75 -291 0
-75 -327 0
-75 -363 0
-75 -399 0
-75 -435 0
-75 -471 0
-75 -507 0
-75 -543 0
-75 -579 0
-75 -615 0
-75 -651 0
-75 -687 0
-75 -723 0
-75 -759 0
-75 -795 0
-75 -831 0
-75 -867 0
-75 -903 0
-75 -939 0
-75 -975 0
-75 -1011 0
-75 -1047 0
-75 -1083 0
-75 -1119 0
-75 -1155 0
-111 -147 0
-111 -183 0
-111 -219 0
-111 -255 0
-111 -291 0
-111 -327 0
-111 -363 0
-111 -399 0
-111 -435 0
-111 -471 0
-111 -507 0
-111 -543 0
-111 -579 0
-111 -615 0
-111 -651 0
-111 -687 0
-111 -723 0
-111 -759 0
-111 -795 0
-111 -831 0
-111 -867 0
-111 -903 0
-111 -939 0
-111 -975 0
-111 -1011 0
-111 -1047 0
-111 -1083 0
-111 -1119 0
-111 -1155 0
-147 -183 0
-147 -219 0
-147 -255 0
-147 -291 0
-147 -327 0
-147 -363 0
-147 -399 0
-147 -435 0
-147 -471 0
-147 -507 0
-147 -543 0
-147 -579 0
-147 -615 0
-147 -651 0
-147 -687 0
-147 -723 0
-147 -759 0
-147 -795 0
-147 -831 0
-147 -867 0
-147 -903 0
-147 -939 0
-147 -975 0
-147 -1011 0
-147 -1047 0
-147 -1083 0
-147 -1119 0
-147 -1155 0
-183 -219 0
-183 -255 0
-183 -291 0
-183 -327 0
-183 -363 0
-183 -399 0
-183 -435 0
-183 -471 0
-183 -507 0
-183 -543 0
-183 -579 0
-183 -615 0
-183 -651 0
-183 -687 0
-183 -723 0
-183 -759 0
-183 -795 0
-183 -831 0
-183 -867 0
-183 -903 0
-183 -939 0
-183 -975 0
-183 -1011 0
-183 -1047 0
-183 -1083 0
-183 -1119 0
-183 -1155 0
-219 -255 0
-219 -291 0
-219 -327 0
-219 -363 0
-219 -399 0
-219 -435 0
-219 -471 0
-219 -507 0
-219 -543 0
-219 -579 0
-219 -615 0
-219 -651 0
-219 -687 0
-219 -723 0
-219 -759 0
-219 -795 0
-219 -831 0
-219 -867 0
-219 -903 0
-219 -939 0
-219 -975 0
-219 -1011 0
-219 -1047 0
-219 -1083 0
-219 -1119 0
-219 -1155 0
-255 -291 0
-255 -327 0
-255 -363 0
-255 -399 0
-255 -435 0
-255 -471 0
-255 -507 0
-255 -543 0
-255 -579 0
-255 -615 0
-255 -651 0
-255 -687 0
-255 -723 0
-255 -759 0
-255 -795 0
-255 -831 0
-255 -867 0
-255 -903 0
-255 -939 0
-255 -975 0
-255 -1011 0
-255 -1047 0
-255 -1083 0
-255 -1119 0
-255 -1155 0
-291 -327 0
-291 -363 0
-291 -399 0
-291 -435 0
-291 -471 0
-291 -507 0
-291 -543 0
-291 -579 0
-291 -615 0
-291 -651 0
-291 -687 0
-291 -723 0
-291 -759 0
-291 -795 0
-291 -831 0
-291 -867 0
-291 -903 0
-291 -939 0
-291 -975 0
-291 -1011 0
-291 -1047 0
-291 -1083 0
-291 -1119 0
-291 -1155 0
-327 -363 0
-327 -399 0
-327 -435 0
-327 -471 0
-327 -507 0
-327 -543 0
-327 -579 0
-327 -615 0
-327 -651 0
-327 -687 0
-327 -723 0
-327 -759 0
-327 -795 0
-327 -831 0
-327 -867 0
-327 -903 0
-327 -939 0
-327 -975 0
-327 -1011 0
-327 -1047 0
-327 -1083 0
-327 -1119 0
-327 -1155 0
-363 -399 0
-363 -435 0
-363 -471 0
-363 -507 0
-363 -543 0
-363 -579 0
-363 -615 0
-363 -651 0
-363 -687 0
-363 -723 0
-363 -759 0
-363 -795 0
-363 -831 0
-363 -867 0
-363 -903 0
-363 -939 0
-363 -975 0
-363 -1011 0
-363 -1047 0
-363 -1083 0
-363 -1119 0
-363 -1155 0
-399 -435 0
-399 -471 0
-399 -507 0
-399 -543 0
-399 -579 0
-399 -615 0
-399 -651 0
-399 -687 0
-399 -723 0
-399 -759 0
-399 -795 0
-399 -831 0
-399 -867 0
-399 -903 0
-399 -939 0
-399 -975 0
-399 -1011 0
-399 -1047 0
-399 -1083 0
-399 -1119 0
-399 -1155 0
-435 -471 0
-435 -507 0
-435 -543 0
-435 -579 0
-435 -615 0
-435 -651 0
-435 -687 0
-435 -723 0
-435 -759 0
-435 -795 0
-435 -831 0
-435 -867 0
-435 -903 0
-435 -939 0
-435 -975 0
-435 -1011 0
-435 -1047 0
-435 -1083 0
-435 -1119 0
-435 -1155 0
-471 -507 0
-471 -543 0
-471 -579 0
-471 -615 0
-471 -651 0
-471 -687 0
-471 -723 0
-471 -759 0
-471 -795 0
-471 -831 0
-471 -867 0
-471 -903 0
-471 -939 0
-471 -975 0
-471 -1011 0
-471 -1047 0
-471 -1083 0
-471 -1119 0
-471 -1155 0
-507 -543 0
-507 -579 0
-507 -615 0
-507 -651 0
-507 -687 0
-507 -723 0
-507 -759 0
-507 -795 0
-507 -831 0
-507 -867 0
-507 -903 0
-507 -939 0
-507 -975 0
-507 -1011 0
-507 -1047 0
-507 -1083 0
-507 -1119 0
-507 -1155 0
-543 -579 0
-543 -615 0
-543 -651 0
-543 -687 0
-543 -723 0
-543 -759 0
-543 -795 0
-543 -831 0
-543 -867 0
-543 -903 0
-543 -939 0
-543 -975 0
-543 -1011 0
-543 -1047 0
-543 -1083 0
-543 -1119 0
-543 -1155 0
-579 -615 0
-579 -651 0
-579 -687 0
-579 -723 0
-579 -759 0
-579 -795 0
-579 -831 0
-579 -867 0
-579 -903 0
-579 -939 0
-579 -975 0
-579 -1011 0
-579 -1047 0
-579 -1083 0
-579 -1119 0
-579 -1155 0
-615 -651 0
-615 -687 0
-615 -723 0
-615 -759 0
-615 -795 0
-615 -831 0
-615 -867 0
-615 -903 0
-615 -939 0
-615 -975 0
-615 -1011 0
-615 -1047 0
-615 -1083 0
-615 -1119 0
-615 -1155 0
-651 -687 0
-651 -723 0
-651 -759 0
-651 -795 0
-651 -831 0
-651 -867 0
-651 -903 0
-651 -939 0
-651 -975 0
-651 -1011 0
-651 -1047 0
-651 -1083 0
-651 -1119 0
-651 -1155 0
-687 -723 0
-687 -759 0
-687 -795 0
-687 -831 0
-687 -867 0
-687 -903 0
-687 -939 0
-687 -975 0
-687 -1011 0
-687 -1047 0
-687 -1083 0
-687 -1119 0
-687 -1155 0
-723 -759 0
-723 -795 0
-723 -831 0
-723 -867 0
-723 -903 0
-723 -939 0
-723 -975 0
-723 -1011 0
-723 -1047 0
-723 -1083 0
-723 -1119 0
-723 -1155 0
-759 -795 0
-759 -831 0
-759 -867 0
-759 -903 0
-759 -939 0
-759 -975 0
-759 -1011 0
-759 -1047 0
-759 -1083 0
-759 -1119 0
-759 -1155 0
-795 -831 0
-795 -867 0
-795 -903 0
-795 -939 0
-795 -975 0
-795 -1011 0
-795 -1047 0
-795 -1083 0
-795 -1119 0
-795 -1155 0
-831 -867 0
-831 -903 0
-831 -939 0
-831 -975 0
-831 -1011 0
-831 -1047 0
-831 -1083 0
-831 -1119 0
-831 -1155 0
-867 -903 0
-867 -939 0
-867 -975 0
-867 -1011 0
-867 -1047 0
-867 -1083 0
-867 -1119 0
-867 -1155 0
-903 -939 0
-903 -975 0
-903 -1011 0
-903 -1047 0
-903 -1083 0
-903 -1119 0
-903 -1155 0
-939 -975 0
-939 -1011 0
-939 -1047 0
-939 -1083 0
-939 -1119 0
-939 -1155 0
-975 -1011 0
-975 -1047 0
-975 -1083 0
-975 -1119 0
-975 -1155 0
-1011 -1047 0
-1011 -1083 0
-1011 -1119 0
-1011 -1155 0
-1047 -1083 0
-1047 -1119 0
-1047 -1155 0
-1083 -1119 0
-1083 -1155 0
-1119 -1155 0
-4 -40 0
-4 -76 0
-4 -112 0
-4 -148 0
-4 -184 0
-4 -220 0
-4 -256 0
-4 -292 0
-4 -328 0
-4 -364 0
-4 -400 0
-4 -436 0
-4 -472 0
-4 -508 0
-4 -544 0
-4 -580 0
-4 -616 0
-4 -652 0
-4 -688 0
-4 -724 0
-4 -760 0
-4 -796 0
-4 -832 0
-4 -868 0
-4 -904 0
-4 -940 0
-4 -976 0
-4 -1012 0
-4 -1048 0
-4 -1084 0
-4 -1120 0
-40 -76 0
-40 -112 0
-40 -148 0
-40 -184 0
-40 -220 0
-40 -256 0
-40 -292 0
-40 -328 0
-40 -364 0
-40 -400 0
-40 -436 0
-40 -472 0
-40 -508 0
-40 -544 0
-40 -580 0
-40 -616 0
-40 -652 0
-40 -688 0
-40 -724 0
-40 -760 0
-40 -796 0
-40 -832 0
-40 -868 0
-40 -904 0
-40 -940 0
-40 -976 0
-40 -1012 0
-40 -1048 0
-40 -1084 0
-40 -1120 0
-76 -112 0
-76 -148 0
-76 -184 0
-76 -220 0
-76 -256 0
-76 -292 0
-76 -328 0
-76 -364 0
-76 -400 0
-76 -436 0
-76 -472 0
-76 -508 0
-76 -544 0
-76 -580 0
-76 -616 0
-76 -652 0
-76 -688 0
-76 -724 0
-76 -760 0
-76 -796 0
-76 -832 0
-76 -868 0
-76 -904 0
-76 -940 0
-76 -976 0
-76 -1012 0
-76 -1048 0
-76 -1084 0
-76 -1120 0
-112 -148 0
-112 -184 0
-112 -220 0
-112 -256 0
-112 -292 0
-112 -328 0
-112 -364 0
-112 -400 0
-112 -436 0
-112 -472 0
-112 -508 0
-112 -544 0
-112 -580 0
-112 -616 0
-112 -652 0
-112 -688 0
-112 -724 0
-112 -760 0
-112 -796 0
-112 -832 0
-112 -868 0
-112 -904 0
-112 -940 0
-112 -976 0
-112 -1012 0
-112 -1048 0
-112 -1084 0
-112 -1120 0
-148 -184 0
-148 -220 0
-148 -256 0
-148 -292 0
-148 -328 0
-148 -364 0
-148 -400 0
-148 -436 0
-148 -472 0
-148 -508 0
-148 -544 0
-148 -580 0
-148 -616 0
-148 -652 0
-148 -688 0
-148 -724 0
-148 -760 0
-148 -796 0
-148 -832 0
-148 -868 0
-148 -904 0
-148 -940 0
-148 -976 0
-148 -1012 0
-148 -1048 0
-148 -1084 0
-148 -1120 0
-184 -220 0
-184 -256 0
-184 -292 0
-184 -328 0
-184 -364 0
-184 -400 0
-184 -436 0
-184 -472 0
-184 -508 0
-184 -544 0
-184 -580 0
-184 -616 0
-184 -652 0
-184 -688 0
-184 -724 0
-184 -760 0
-184 -796 0
-184 -832 0
-184 -868 0
-184 -904 0
-184 -940 0
-184 -976 0
-184 -1012 0
-184 -1048 0
-184 -1084 0
-184 -1120 0
-220 -256 0
-220 -292 0
-220 -328 0
-220 -364 0
-220 -400 0
-220 -436 0
-220 -472 0
-220 -508 0
-220 -544 0
-220 -580 0
-220 -616 0
-220 -652 0
-220 -688 0
-220 -724 0
-220 -760 0
-220 -796 0
-220 -832 0
-220 -868 0
-220 -904 0
-220 -940 0
-220 -976 0
-220 -1012 0
-220 -1048 0
-220 -1084 0
-220 -1120 0
-256 -292 0
-256 -328 0
-256 -364 0
-256 -400 0
-256 -436 0
-256 -472 0
-256 -508 0
-256 -544 0
-256 -580 0
-256 -616 0
-256 -652 0
-256 -688 0
-256 -724 0
-256 -760 0
-256 -796 0
-256 -832 0
-256 -868 0
-256 -904 0
-256 -940 0
-256 -976 0
-256 -1012 0
-256 -1048 0
-256 -1084 0
-256 -1120 0
-292 -328 0
-292 -364 0
-292 -400 0
-292 -436 0
-292 -472 0
-292 -508 0
-292 -544 0
-292 -580 0
-292 -616 0
-292 -652 0
-292 -688 0
-292 -724 0
-292 -760 0
-292 -796 0
-292 -832 0
-292 -868 0
-292 -904 0
-292 -940 0
-292 -976 0
-292 -1012 0
-292 -1048 0
-292 -1084 0
-292 -1120 0
-328 -364 0
-328 -400 0
-328 -436 0
-328 -472 0
-328 -508 0
-328 -544 0
-328 -580 0
-328 -616 0
-328 -652 0
-328 -688 0
-328 -724 0
-328 -760 0
-328 -796 0
-328 -832 0
-328 -868 0
-328 -904 0
-328 -940 0
-328 -976 0
-328 -1012 0
-328 -1048 0
-328 -1084 0
-328 -1120 0
-364 -400 0
-364 -436 0
-364 -472 0
-364 -508 0
-364 -544 0
-364 -580 0
-364 -616 0
-364 -652 0
-364 -688 0
-364 -724 0
-364 -760 0
-364 -796 0
-364 -832 0
-364 -868 0
-364 -904 0
-364 -940 0
-364 -976 0
-364 -1012 0
-364 -1048 0
-364 -1084 0
-364 -1120 0
-400 -436 0
-400 -472 0
-400 -508 0
-400 -544 0
-400 -580 0
-400 -616 0
-400 -652 0
-400 -688 0
-400 -724 0
-400 -760 0
-400 -796 0
-400 -832 0
-400 -868 0
-400 -904 0
-400 -940 0
-400 -976 0
-400 -1012 0
-400 -1048 0
-400 -1084 0
-400 -1120 0
-436 -472 0
-436 -508 0
-436 -544 0
-436 -580 0
-436 -616 0
-436 -652 0
-436 -688 0
-436 -724 0
-436 -760 0
-436 -796 0
-436 -832 0
-436 -868 0
-436 -904 0
-436 -940 0
-436 -976 0
-436 -1012 0
-436 -1048 0
-436 -1084 0
-436 -1120 0
-472 -508 0
-472 -544 0
-472 -580 0
-472 -616 0
-472 -652 0
-472 -688 0
-472 -724 0
-472 -760 0
-472 -796 0
-472 -832 0
-472 -868 0
-472 -904 0
-472 -940 0
-472 -976 0
-472 -1012 0
-472 -1048 0
-472 -1084 0
-472 -1120 0
-508 -544 0
-508 -580 0
-508 -616 0
-508 -652 0
-508 -688 0
-508 -724 0
-508 -760 0
-508 -796 0
-508 -832 0
-508 -868 0
-508 -904 0
-508 -940 0
-508 -976 0
-508 -1012 0
-508 -1048 0
-508 -1084 0
-508 -1120 0
-544 -580 0
-544 -616 0
-544 -652 0
-544 -688 0
-544 -724 0
-544 -760 0
-544 -796 0
-544 -832 0
-544 -868 0
-544 -904 0
-544 -940 0
-544 -976 0
-544 -1012 0
-544 -1048 0
-544 -1084 0
-544 -1120 0
-580 -616 0
-580 -652 0
-580 -688 0
-580 -724 0
-580 -760 0
-580 -796 0
-580 -832 0
-580 -868 0
-580 -904 0
-580 -940 0
-580 -976 0
-580 -1012 0
-580 -1048 0
-580 -1084 0
-580 -1120 0
-616 -652 0
-616 -688 0
-616 -724 0
-616 -760 0
-616 -796 0
-616 -832 0
-616 -868 0
-616 -904 0
-616 -940 0
-616 -976 0
-616 -1012 0
-616 -1048 0
-616 -1084 0
-616 -1120 0
-652 -688 0
-652 -724 0
-652 -760 0
-652 -796 0
-652 -832 0
-652 -868 0
-652 -904 0
-652 -940 0
-652 -976 0
-652 -1012 0
-652 -1048 0
-652 -1084 0
-652 -1120 0
-688 -724 0
-688 -760 0
-688 -796 0
-688 -832 0
-688 -868 0
-688 -904 0
-688 -940 0
-688 -976 0
-688 -1012 0
-688 -1048 0
-688 -1084 0
-688 -1120 0
-724 -760 0
-724 -796 0
-724 -832 0
-724 -868 0
-724 -904 0
-724 -940 0
-724 -976 0
-724 -1012 0
-724 -1048 0
-724 -1084 0
-724 -1120 0
-760 -796 0
-760 -832 0
-760 -868 0
-760 -904 0
-760 -940 0
-760 -976 0
-760 -1012 0
-760 -1048 0
-760 -1084 0
-760 -1120 0
-796 -832 0
-796 -868 0
-796 -904 0
-796 -940 0
-796 -976 0
-796 -1012 0
-796 -1048 0
-796 -1084 0
-796 -1120 0
-832 -868 0
-832 -904 0
-832 -940 0
-832 -976 0
-832 -1012 0
-832 -1048 0
-832 -1084 0
-832 -1120 0
-868 -904 0
-868 -940 0
-868 -976 0
-868 -1012 0
-868 -1048 0
-868 -1084 0
-868 -1120 0
-904 -940 0
-904 -976 0
-904 -1012 0
-904 -1048 0
-904 -1084 0
-904 -1120 0
-940 -976 0
-940 -1012 0
-940 -1048 0
-940 -1084 0
-940 -1120 0
-976 -1012 0
-976 -1048 0
-976 -1084 0
-976 -1120 0
-1012 -1048 0
-1012 -1084 0
-1012 -1120 0
-1048 -1084 0
-1048 -1120 0
-1084 -1120 0
-5 -41 0
-5 -77 0
-5 -113 0
-5 -149 0
-5 -185 0
-5 -221 0
-5 -257 0
-5 -293 0
-5 -329 0
-5 -365 0
-5 -401 0
-5 -437 0
-5 -473 0
-5 -509 0
-5 -545 0
-5 -581 0
-5 -617 0
-5 -653 0
-5 -689 0
-5 -725 0
-5 -761 0
-5 -797 0
-5 -833 0
-5 -869 0
-5 -905 0
-5 -941 0
-5 -977 0
-5 -1013 0
-5 -1049 0
-5 -1085 0
-41 -77 0
-41 -113 0
-41 -149 0
-41 -185 0
-41 -221 0
-41 -257 0
-41 -293 0
-41 -329 0
-41 -365 0
-41 -401 0
-41 -437 0
-41 -473 0
-41 -509 0
-41 -545 0
-41 -581 0
-41 -617 0
-41 -653 0
-41 -689 0
-41 -725 0
-41 -761 0
-41 -797 0
-41 -833 0
-41 -869 0
-41 -905 0
-41 -941 0
-41 -977 0
-41 -1013 0
-41 -1049 0
-41 -1085 0
-77 -113 0
-77 -149 0
-77 -185 0
-77 -221 0
-77 -257 0
-77 -293 0
-77 -329 0
-77 -365 0
-77 -401 0
-77 -437 0
-77 -473 0
-77 -509 0
-77 -545 0
-77 -581 0
-77 -617 0
-77 -653 0
-77 -689 0
-77 -725 0
-77 -761 0
-77 -797 0
-77 -833 0
-77 -869 0
-77 -905 0
-77 -941 0
-77 -977 0
-77 -1013 0
-77 -1049 0
-77 -1085 0
-113 -149 0
-113 -185 0
-113 -221 0
-113 -257 0
-113 -293 0
-113 -329 0
-113 -365 0
-113 -401 0
-113 -437 0
-113 -473 0
-113 -509 0
-113 -545 0
-113 -581 0
-113 -617 0
-113 -653 0
-113 -689 0
-113 -725 0
-113 -761 0
-113 -797 0
-113 -833 0
-113 -869 0
-113 -905 0
-113 -941 0
-113 -977 0
-113 -1013 0
-113 -1049 0
-113 -1085 0
-149 -185 0
-149 -221 0
-149 -257 0
-149 -293 0
-149 -329 0
-149 -365 0
-149 -401 0
-149 -437 0
-149 -473 0
-149 -509 0
-149 -545 0
-149 -581 0
-149 -617 0
-149 -653 0
-149 -689 0
-149 -725 0
-149 -761 0
-149 -797 0
-149 -833 0
-149 -869 0
-149 -905 0
-149 -941 0
-149 -977 0
-149 -1013 0
-149 -1049 0
-149 -1085 0
-185 -221 0
-185 -257 0
-185 -293 0
-185 -329 0
-185 -365 0
-185 -401 0
-185 -437 0
-185 -473 0
-185 -509 0
-185 -545 0
-185 -581 0
-185 -617 0
-185 -653 0
-185 -689 0
-185 -725 0
-185 -761 0
-185 -797 0
-185 -833 0
-185 -869 0
-185 -905 0
-185 -941 0
-185 -977 0
-185 -1013 0
-185 -1049 0
-185 -1085 0
-221 -257 0
-221 -293 0
-221 -329 0
-221 -365 0
-221 -401 0
-221 -437 0
-221 -473 0
-221 -509 0
-221 -545 0
-221 -581 0
-221 -617 0
-221 -653 0
-221 -689 0
-221 -725 0
-221 -761 0
-221 -797 0
-221 -833 0
-221 -869 0
-221 -905 0
-221 -941 0
-221 -977 0
-221 -1013 0
-221 -1049 0
-221 -1085 0
-257 -293 0
-257 -329 0
-257 -365 0
-257 -401 0
-257 -437 0
-257 -473 0
-257 -509 0
-257 -545 0
-257 -581 0
-257 -617 0
-257 -653 0
-257 -689 0
-257 -725 0
-257 -761 0
-257 -797 0
-257 -833 0
-257 -869 0
-257 -905 0
-257 -941 0
-257 -977 0
-257 -1013 0
-257 -1049 0
-257 -1085 0
-293 -329 0
-293 -365 0
-293 -401 0
-293 -437 0
-293 -473 0
-293 -509 0
-293 -545 0
-293 -581 0
-293 -617 0
-293 -653 0
-293 -689 0
-293 -725 0
-293 -761 0
-293 -797 0
-293 -833 0
-293 -869 0
-293 -905 0
-293 -941 0
-293 -977 0
-293 -1013 0
-293 -1049 0
-293 -1085 0
-329 -365 0
-329 -401 0
-329 -437 0
-329 -473 0
-329 -509 0
-329 -545 0
-329 -581 0
-329 -617 0
-329 -653 0
-329 -689 0
-329 -725 0
-329 -761 0
-329 -797 0
-329 -833 0
-329 -869 0
-329 -905 0
-329 -941 0
-329 -977 0
-329 -1013 0
-329 -1049 0
-329 -1085 0
-365 -401 0
-365 -437 0
-365 -473 0
-365 -509 0
-365 -545 0
-365 -581 0
-365 -617 0
-365 -653 0
-365 -689 0
-365 -725 0
-365 -761 0
-365 -797 0
-365 -833 0
-365 -869 0
-365 -905 0
-365 -941 0
-365 -977 0
-365 -1013 0
-365 -1049 0
-365 -1085 0
-401 -437 0
-401 -473 0
-401 -509 0
-401 -545 0
-401 -581 0
-401 -617 0
-401 -653 0
-401 -689 0
-401 -725 0
-401 -761 0
-401 -797 0
-401 -833 0
-401 -869 0
-401 -905 0
-401 -941 0
-401 -977 0
-401 -1013 0
-401 -1049 0
-401 -1085 0
-437 -473 0
-437 -509 0
-437 -545 0
-437 -581 0
-437 -617 0
-437 -653 0
-437 -689 0
-437 -725 0
-437 -761 0
-437 -797 0
-437 -833 0
-437 -869 0
-437 -905 0
-437 -941 0
-437 -977 0
-437 -1013 0
-437 -1049 0
-437 -1085 0
-473 -509 0
-473 -545 0
-473 -581 0
-473 -617 0
-473 -653 0
-473 -689 0
-473 -725 0
-473 -761 0
-473 -797 0
-473 -833 0
-473 -869 0
-473 -905 0
-473 -941 0
-473 -977 0
-473 -1013 0
-473 -1049 0
-473 -1085 0
-509 -545 0
-509 -581 0
-509 -617 0
-509 -653 0
-509 -689 0
-509 -725 0
-509 -761 0
-509 -797 0
-509 -833 0
-509 -869 0
-509 -905 0
-509 -941 0
-509 -977 0
-509 -1013 0
-509 -1049 0
-509 -1085 0
-545 -581 0
-545 -617 0
-545 -653 0
-545 -689 0
-545 -725 0
-545 -761 0
-545 -797 0
-545 -833 0
-545 -869 0
-545 -905 0
-545 -941 0
-545 -977 0
-545 -1013 0
-545 -1049 0
-545 -1085 0
-581 -617 0
-581 -653 0
-581 -689 0
-581 -725 0
-581 -761 0
-581 -797 0
-581 -833 0
-581 -869 0
-581 -905 0
-581 -941 0
-581 -977 0
-581 -1013 0
-581 -1049 0
-581 -1085 0
-617 -653 0
-617 -689 0
-617 -725 0
-617 -761 0
-617 -797 0
-617 -833 0
-617 -869 0
-617 -905 0
-617 -941 0
-617 -977 0
-617 -1013 0
-617 -1049 0
-617 -1085 0
-653 -689 0
-653 -725 0
-653 -761 0
-653 -797 0
-653 -833 0
-653 -869 0
-653 -905 0
-653 -941 0
-653 -977 0
-653 -1013 0
-653 -1049 0
-653 -1085 0
-689 -725 0
-689 -761 0
-689 -797 0
-689 -833 0
-689 -869 0
-689 -905 0
-689 -941 0
-689 -977 0
-689 -1013 0
-689 -1049 0
-689 -1085 0
-725 -761 0
-725 -797 0
-725 -833 0
-725 -869 0
-725 -905 0
-725 -941 0
-725 -977 0
-725 -1013 0
-725 -1049 0
-725 -1085 0
-761 -797 0
-761 -833 0
-761 -869 0
-761 -905 0
-761 -941 0
-761 -977 0
-761 -1013 0
-761 -1049 0
-761 -1085 0
-797 -833 0
-797 -869 0
-797 -905 0
-797 -941 0
-797 -977 0
-797 -1013 0
-797 -1049 0
-797 -1085 0
-833 -869 0
-833 -905 0
-833 -941 0
-833 -977 0
-833 -1013 0
-833 -1049 0
-833 -1085 0
-869 -905 0
-869 -941 0
-869 -977 0
-869 -1013 0
-869 -1049 0
-869 -1085 0
-905 -941 0
-905 -977 0
-905 -1013 0
-905 -1049 0
-905 -1085 0
-941 -977 0
-941 -1013 0
-941 -1049 0
-941 -1085 0
-977 -1013 0
-977 -1049 0
-977 -1085 0
-1013 -1049 0
-1013 -1085 0
-1049 -1085 0
-6 -42 0
-6 -78 0
-6 -114 0
-6 -150 0
-6 -186 0
-6 -222 0
-6 -258 0
-6 -294 0
-6 -330 0
-6 -366 0
-6 -402 0
-6 -438 0
-6 -474 0
-6 -510 0
-6 -546 0
-6 -582 0
-6 -618 0
-6 -654 0
-6 -690 0
-6 -726 0
-6 -762 0
-6 -798 0
-6 -834 0
-6 -870 0
-6 -906 0
-6 -942 0
-6 -978 0
-6 -1014 0
-6 -1050 0
-42 -78 0
-42 -114 0
-42 -150 0
-42 -186 0
-42 -222 0
-42 -258 0
-42 -294 0
-42 -330 0
-42 -366 0
-42 -402 0
-42 -438 0
-42 -474 0
-42 -510 0
-42 -546 0
-42 -582 0
-42 -618 0
-42 -654 0
-42 -690 0
-42 -726 0
-42 -762 0
-42 -798 0
-42 -834 0
-42 -870 0
-42 -906 0
-42 -942 0
-42 -978 0
-42 -1014 0
-42 -1050 0
-78 -114 0
-78 -150 0
-78 -186 0
-78 -222 0
-78 -258 0
-78 -294 0
-78 -330 0
-78 -366 0
-78 -402 0
-78 -438 0
-78 -474 0
-78 -510 0
-78 -546 0
-78 -582 0
-78 -618 0
-78 -654 0
-78 -690 0
-78 -726 0
-78 -762 0
-78 -798 0
-78 -834 0
-78 -870 0
-78 -906 0
-78 -942 0
-78 -978 0
-78 -1014 0
-78 -1050 0
-114 -150 0
-114 -186 0
-114 -222 0
-114 -258 0
-114 -294 0
-114 -330 0
-114 -366 0
-114 -402 0
-114 -438 0
-114 -474 0
-114 -510 0
-114 -546 0
-114 -582 0
-114 -618 0
-114 -654 0
-114 -690 0
-114 -726 0
-114 -762 0
-114 -798 0
-114 -834 0
-114 -870 0
-114 -906 0
-114 -942 0
-114 -978 0
-114 -1014 0
-114 -1050 0
-150 -186 0
-150 -222 0
-150 -258 0
-150 -294 0
-150 -330 0
-150 -366 0
-150 -402 0
-150 -438 0
-150 -474 0
-150 -510 0
-150 -546 0
-150 -582 0
-150 -618 0
-150 -654 0
-150 -690 0
-150 -726 0
-150 -762 0
-150 -798 0
-150 -834 0
-150 -870 0
-150 -906 0
-150 -942 0
-150 -978 0
-150 -1014 0
-150 -1050 0
-186 -222 0
-186 -258 0
-186 -294 0
-186 -330 0
-186 -366 0
-186 -402 0
-186 -438 0
-186 -474 0
-186 -510 0
-186 -546 0
-186 -582 0
-186 -618 0
-186 -654 0
-186 -690 0
-186 -726 0
-186 -762 0
-186 -798 0
-186 -834 0
-186 -870 0
-186 -906 0
-186 -942 0
-186 -978 0
-186 -1014 0
-186 -1050 0
-222 -258 0
-222 -294 0
-222 -330 0
-222 -366 0
-222 -402 0
-222 -438 0
-222 -474 0
-222 -510 0
-222 -546 0
-222 -582 0
-222 -618 0
-222 -654 0
-222 -690 0
-222 -726 0
-222 -762 0
-222 -798 0
-222 -834 0
-222 -870 0
-222 -906 0
-222 -942 0
-222 -978 0
-222 -1014 0
-222 -1050 0
-258 -294 0
-258 -330 0
-258 -366 0
-258 -402 0
-258 -438 0
-258 -474 0
-258 -510 0
-258 -546 0
-258 -582 0
-258 -618 0
-258 -654 0
-258 -690 0
-258 -726 0
-258 -762 0
-258 -798 0
-258 -834 0
-258 -870 0
-258 -906 0
-258 -942 0
-258 -978 0
-258 -1014 0
-258 -1050 0
-294 -330 0
-294 -366 0
-294 -402 0
-294 -438 0
-294 -474 0
-294 -510 0
-294 -546 0
-294 -582 0
-294 -618 0
-294 -654 0
-294 -690 0
-294 -726 0
-294 -762 0
-294 -798 0
-294 -834 0
-294 -870 0
-294 -906 0
-294 -942 0
-294 -978 0
-294 -1014 0
-294 -1050 0
-330 -366 0
-330 -402 0
-330 -438 0
-330 -474 0
-330 -510 0
-330 -546 0
-330 -582 0
-330 -618 0
-330 -654 0
-330 -690 0
-330 -726 0
-330 -762 0
-330 -798 0
-330 -834 0
-330 -870 0
-330 -906 0
-330 -942 0
-330 -978 0
-330 -1014 0
-330 -1050 0
-366 -402 0
-366 -438 0
-366 -474 0
-366 -510 0
-366 -546 0
-366 -582 0
-366 -618 0
-366 -654 0
-366 -690 0
-366 -726 0
-366 -762 0
-366 -798 0
-366 -834 0
-366 -870 0
-366 -906 0
-366 -942 0
-366 -978 0
-366 -1014 0
-366 -1050 0
-402 -438 0
-402 -474 0
-402 -510 0
-402 -546 0
-402 -582 0
-402 -618 0
-402 -654 0
-402 -690 0
-402 -726 0
-402 -762 0
-402 -798 0
-402 -834 0
-402 -870 0
-402 -906 0
-402 -942 0
-402 -978 0
-402 -1014 0
-402 -1050 0
-438 -474 0
-438 -510 0
-438 -546 0
-438 -582 0
-438 -618 0
-438 -654 0
-438 -690 0
-438 -726 0
-438 -762 0
-438 -798 0
-438 -834 0
-438 -870 0
-438 -906 0
-438 -942 0
-438 -978 0
-438 -1014 0
-438 -1050 0
-474 -510 0
-474 -546 0
-474 -582 0
-474 -618 0
-474 -654 0
-474 -690 0
-474 -726 0
-474 -762 0
-474 -798 0
-474 -834 0
-474 -870 0
-474 -906 0
-474 -942 0
-474 -978 0
-474 -1014 0
-474 -1050 0
-510 -546 0
-510 -582 0
-510 -618 0
-510 -654 0
-510 -690 0
-510 -726 0
-510 -762 0
-510 -798 0
-510 -834 0
-510 -870 0
-510 -906 0
-510 -942 0
-510 -978 0
-510 -1014 0
-510 -1050 0
-546 -582 0
-546 -618 0
-546 -654 0
-546 -690 0
-546 -726 0
-546 -762 0
-546 -798 0
-546 -834 0
-546 -870 0
-546 -906 0
-546 -942 0
-546 -978 0
-546 -1014 0
-546 -1050 0
-582 -618 0
-582 -654 0
-582 -690 0
-582 -726 0
-582 -762 0
-582 -798 0
-582 -834 0
-582 -870 0
-582 -906 0
-582 -942 0
-582 -978 0
-582 -1014 0
-582 -1050 0
-618 -654 0
-618 -690 0
-618 -726 0
-618 -762 0
-618 -798 0
-618 -834 0
-618 -870 0
-618 -906 0
-618 -942 0
-618 -978 0
-618 -1014 0
-618 -1050 0
-654 -690 0
-654 -726 0
-654 -762 0
-654 -798 0
-654 -834 0
-654 -870 0
-654 -906 0
-654 -942 0
-654 -978 0
-654 -1014 0
-654 -1050 0
-690 -726 0
-690 -762 0
-690 -798 0
-690 -834 0
-690 -870 0
-690 -906 0
-690 -942 0
-690 -978 0
-690 -1014 0
-690 -1050 0
-726 -762 0
-726 -798 0
-726 -834 0
-726 -870 0
-726 -906 0
-726 -942 0
-726 -978 0
-726 -1014 0
-726 -1050 0
-762 -798 0
-762 -834 0
-762 -870 0
-762 -906 0
-762 -942 0
-762 -978 0
-762 -1014 0
-762 -1050 0
-798 -834 0
-798 -870 0
-798 -906 0
-798 -942 0
-798 -978 0
-798 -1014 0
-798 -1050 0
-834 -870 0
-834 -906 0
-834 -942 0
-834 -978 0
-834 -1014 0
-834 -1050 0
-870 -906 0
-870 -942 0
-870 -978 0
-870 -1014 0
-870 -1050 0
-906 -942 0
-906 -978 0
-906 -1014 0
-906 -1050 0
-942 -978 0
-942 -1014 0
-942 -1050 0
-978 -1014 0
-978 -1050 0
-1014 -1050 0
-7 -43 0
-7 -79 0
-7 -115 0
-7 -151 0
-7 -187 0
-7 -223 0
-7 -259 0
-7 -295 0
-7 -331 0
-7 -367 0
-7 -403 0
-7 -439 0
-7 -475 0
-7 -511 0
-7 -547 0
-7 -583 0
-7 -619 0
-7 -655 0
-7 -691 0
-7 -727 0
-7 -763 0
-7 -799 0
-7 -835 0
-7 -871 0
-7 -907 0
-7 -943 0
-7 -979 0
-7 -1015 0
-43 -79 0
-43 -115 0
-43 -151 0
-43 -187 0
-43 -223 0
-43 -259 0
-43 -295 0
-43 -331 0
-43 -367 0
-43 -403 0
-43 -439 0
-43 -475 0
-43 -511 0
-43 -547 0
-43 -583 0
-43 -619 0
-43 -655 0
-43 -691 0
-43 -727 0
-43 -763 0
-43 -799 0
-43 -835 0
-43 -871 0
-43 -907 0
-43 -943 0
-43 -979 0
-43 -1015 0
-79 -115 0
-79 -151 0
-79 -187 0
-79 -223 0
-79 -259 0
-79 -295 0
-79 -331 0
-79 -367 0
-79 -403 0
-79 -439 0
-79 -475 0
-79 -511 0
-79 -547 0
-79 -583 0
-79 -619 0
-79 -655 0
-79 -691 0
-79 -727 0
-79 -763 0
-79 -799 0
-79 -835 0
-79 -871 0
-79 -907 0
-79 -943 0
-79 -979 0
-79 -1015 0
-115 -151 0
-115 -187 0
-115 -223 0
-115 -259 0
-115 -295 0
-115 -331 0
-115 -367 0
-115 -403 0
-115 -439 0
-115 -475 0
-115 -511 0
-115 -547 0
-115 -583 0
-115 -619 0
-115 -655 0
-115 -691 0
-115 -727 0
-115 -763 0
-115 -799 0
-115 -835 0
-115 -871 0
-115 -907 0
-115 -943 0
-115 -979 0
-115 -1015 0
-151 -187 0
-151 -223 0
-151 -259 0
-151 -295 0
-151 -331 0
-151 -367 0
-151 -403 0
-151 -439 0
-151 -475 0
-151 -511 0
-151 -547 0
-151 -583 0
-151 -619 0
-151 -655 0
-151 -691 0
-151 -727 0
-151 -763 0
-151 -799 0
-151 -835 0
-151 -871 0
-151 -907 0
-151 -943 0
-151 -979 0
-151 -1015 0
-187 -223 0
-187 -259 0
-187 -295 0
-187 -331 0
-187 -367 0
-187 -403 0
-187 -439 0
-187 -475 0
-187 -511 0
-187 -547 0
-187 -583 0
-187 -619 0
-187 -655 0
-187 -691 0
-187 -727 0
-187 -763 0
-187 -799 0
-187 -835 0
-187 -871 0
-187 -907 0
-187 -943 0
-187 -979 0
-187 -1015 0
-223 -259 0
-223 -295 0
-223 -331 0
-223 -367 0
-223 -403 0
-223 -439 0
-223 -475 0
-223 -511 0
-223 -547 0
-223 -583 0
-223 -619 0
-223 -655 0
-223 -691 0
-223 -727 0
-223 -763 0
-223 -799 0
-223 -835 0
-223 -871 0
-223 -907 0
-223 -943 0
-223 -979 0
-223 -1015 0
-259 -295 0
-259 -331 0
-259 -367 0
-259 -403 0
-259 -439 0
-259 -475 0
-259 -511 0
-259 -547 0
-259 -583 0
-259 -619 0
-259 -655 0
-259 -691 0
-259 -727 0
-259 -763 0
-259 -799 0
-259 -835 0
-259 -871 0
-259 -907 0
-259 -943 0
-259 -979 0
-259 -1015 0
-295 -331 0
-295 -367 0
-295 -403 0
-295 -439 0
-295 -475 0
-295 -511 0
-295 -547 0
-295 -583 0
-295 -619 0
-295 -655 0
-295 -691 0
-295 -727 0
-295 -763 0
-295 -799 0
-295 -835 0
-295 -871 0
-295 -907 0
-295 -943 0
-295 -979 0
-295 -1015 0
-331 -367 0
-331 -403 0
-331 -439 0
-331 -475 0
-331 -511 0
-331 -547 0
-331 -583 0
-331 -619 0
-331 -655 0
-331 -691 0
-331 -727 0
-331 -763 0
-331 -799 0
-331 -835 0
-331 -871 0
-331 -907 0
-331 -943 0
-331 -979 0
-331 -1015 0
-367 -403 0
-367 -439 0
-367 -475 0
-367 -511 0
-367 -547 0
-367 -583 0
-367 -619 0
-367 -655 0
-367 -691 0
-367 -727 0
-367 -763 0
-367 -799 0
-367 -835 0
-367 -871 0
-367 -907 0
-367 -943 0
-367 -979 0
-367 -1015 0
-403 -439 0
-403 -475 0
-403 -511 0
-403 -547 0
-403 -583 0
-403 -619 0
-403 -655 0
-403 -691 0
-403 -727 0
-403 -763 0
-403 -799 0
-403 -835 0
-403 -871 0
-403 -907 0
-403 -943 0
-403 -979 0
-403 -1015 0
-439 -475 0
-439 -511 0
-439 -547 0
-439 -583 0
-439 -619 0
-439 -655 0
-439 -691 0
-439 -727 0
-439 -763 0
-439 -799 0
-439 -835 0
-439 -871 0
-439 -907 0
-439 -943 0
-439 -979 0
-439 -1015 0
-475 -511 0
-475 -547 0
-475 -583 0
-475 -619 0
-475 -655 0
-475 -691 0
-475 -727 0
-475 -763 0
-475 -799 0
-475 -835 0
-475 -871 0
-475 -907 0
-475 -943 0
-475 -979 0
-475 -1015 0
-511 -547 0
-511 -583 0
-511 -619 0
-511 -655 0
-511 -691 0
-511 -727 0
-511 -763 0
-511 -799 0
-511 -835 0
-511 -871 0
-511 -907 0
-511 -943 0
-511 -979 0
-511 -1015 0
-547 -583 0
-547 -619 0
-547 -655 0
-547 -691 0
-547 -727 0
-547 -763 0
-547 -799 0
-547 -835 0
-547 -871 0
-547 -907 0
-547 -943 0
-547 -979 0
-547 -1015 0
-583 -619 0
-583 -655 0
-583 -691 0
-583 -727 0
-583 -763 0
-583 -799 0
-583 -835 0
-583 -871 0
-583 -907 0
-583 -943 0
-583 -979 0
-583 -1015 0
-619 -655 0
-619 -691 0
-619 -727 0
-619 -763 0
-619 -799 0
-619 -835 0
-619 -871 0
-619 -907 0
-619 -943 0
-619 -979 0
-619 -1015 0
-655 -691 0
-655 -727 0
-655 -763 0
-655 -799 0
-655 -835 0
-655 -871 0
-655 -907 0
-655 -943 0
-655 -979 0
-655 -1015 0
-691 -727 0
-691 -763 0
-691 -799 0
-691 -835 0
-691 -871 0
-691 -907 0
-691 -943 0
-691 -979 0
-691 -1015 0
-727 -763 0
-727 -799 0
-727 -835 0
-727 -871 0
-727 -907 0
-727 -943 0
-727 -979 0
-727 -1015 0
-763 -799 0
-763 -835 0
-763 -871 0
-763 -907 0
-763 -943 0
-763 -979 0
-763 -1015 0
-799 -835 0
-799 -871 0
-799 -907 0
-799 -943 0
-799 -979 0
-799 -1015 0
-835 -871 0
-835 -907 0
-835 -943 0
-835 -979 0
-835 -1015 0
-871 -907 0
-871 -943 0
-871 -979 0
-871 -1015 0
-907 -943 0
-907 -979 0
-907 -1015 0
-943 -979 0
-943 -1015 0
-979 -1015 0
-8 -44 0
-8 -80 0
-8 -116 0
-8 -152 0
-8 -188 0
-8 -224 0
-8 -260 0
-8 -296 0
-8 -332 0
-8 -368 0
-8 -404 0
-8 -440 0
-8 -476 0
-8 -512 0
-8 -548 0
-8 -584 0
-8 -620 0
-8 -656 0
-8 -692 0
-8 -728 0
-8 -764 0
-8 -800 0
-8 -836 0
-8 -872 0
-8 -908 0
-8 -944 0
-8 -980 0
-44 -80 0
-44 -116 0
-44 -152 0
-44 -188 0
-44 -224 0
-44 -260 0
-44 -296 0
-44 -332 0
-44 -368 0
-44 -404 0
-44 -440 0
-44 -476 0
-44 -512 0
-44 -548 0
-44 -584 0
-44 -620 0
-44 -656 0
-44 -692 0
-44 -728 0
-44 -764 0
-44 -800 0
-44 -836 0
-44 -872 0
-44 -908 0
-44 -944 0
-44 -980 0
-80 -116 0
-80 -152 0
-80 -188 0
-80 -224 0
-80 -260 0
-80 -296 0
-80 -332 0
-80 -368 0
-80 -404 0
-80 -440 0
-80 -476 0
-80 -512 0
-80 -548 0
-80 -584 0
-80 -620 0
-80 -656 0
-80 -692 0
-80 -728 0
-80 -764 0
-80 -800 0
-80 -836 0
-80 -872 0
-80 -908 0
-80 -944 0
-80 -980 0
-116 -152 0
-116 -188 0
-116 -224 0
-116 -260 0
-116 -296 0
-116 -332 0
-116 -368 0
-116 -404 0
-116 -440 0
-116 -476 0
-116 -512 0
-116 -548 0
-116 -584 0
-116 -620 0
-116 -656 0
-116 -692 0
-116 -728 0
-116 -764 0
-116 -800 0
-116 -836 0
-116 -872 0
-116 -908 0
-116 -944 0
-116 -980 0
-152 -188 0
-152 -224 0
-152 -260 0
-152 -296 0
-152 -332 0
-152 -368 0
-152 -404 0
-152 -440 0
-152 -476 0
-152 -512 0
-152 -548 0
-152 -584 0
-152 -620 0
-152 -656 0
-152 -692 0
-152 -728 0
-152 -764 0
-152 -800 0
-152 -836 0
-152 -872 0
-152 -908 0
-152 -944 0
-152 -980 0
-188 -224 0
-188 -260 0
-188 -296 0
-188 -332 0
-188 -368 0
-188 -404 0
-188 -440 0
-188 -476 0
-188 -512 0
-188 -548 0
-188 -584 0
-188 -620 0
-188 -656 0
-188 -692 0
-188 -728 0
-188 -764 0
-188 -800 0
-188 -836 0
-188 -872 0
-188 -908 0
-188 -944 0
-188 -980 0
-224 -260 0
-224 -296 0
-224 -332 0
-224 -368 0
-224 -404 0
-224 -440 0
-224 -476 0
-224 -512 0
-224 -548 0
-224 -584 0
-224 -620 0
-224 -656 0
-224 -692 0
-224 -728 0
-224 -764 0
-224 -800 0
-224 -836 0
-224 -872 0
-224 -908 0
-224 -944 0
-224 -980 0
-260 -296 0
-260 -332 0
-260 -368 0
-260 -404 0
-260 -440 0
-260 -476 0
-260 -512 0
-260 -548 0
-260 -584 0
-260 -620 0
-260 -656 0
-260 -692 0
-260 -728 0
-260 -764 0
-260 -800 0
-260 -836 0
-260 -872 0
-260 -908 0
-260 -944 0
-260 -980 0
-296 -332 0
-296 -368 0
-296 -404 0
-296 -440 0
-296 -476 0
-296 -512 0
-296 -548 0
-296 -584 0
-296 -620 0
-296 -656 0
-296 -692 0
-296 -728 0
-296 -764 0
-296 -800 0
-296 -836 0
-296 -872 0
-296 -908 0
-296 -944 0
-296 -980 0
-332 -368 0
-332 -404 0
-332 -440 0
-332 -476 0
-332 -512 0
-332 -548 0
-332 -584 0
-332 -620 0
-332 -656 0
-332 -692 0
-332 -728 0
-332 -764 0
-332 -800 0
-332 -836 0
-332 -872 0
-332 -908 0
-332 -944 0
-332 -980 0
-368 -404 0
-368 -440 0
-368 -476 0
-368 -512 0
-368 -548 0
-368 -584 0
-368 -620 0
-368 -656 0
-368 -692 0
-368 -728 0
-368 -764 0
-368 -800 0
-368 -836 0
-368 -872 0
-368 -908 0
-368 -944 0
-368 -980 0
-404 -440 0
-404 -476 0
-404 -512 0
-404 -548 0
-404 -584 0
-404 -620 0
-404 -656 0
-404 -692 0
-404 -728 0
-404 -764 0
-404 -800 0
-404 -836 0
-404 -872 0
-404 -908 0
-404 -944 0
-404 -980 0
-440 -476 0
-440 -512 0
-440 -548 0
-440 -584 0
-440 -620 0
-440 -656 0
-440 -692 0
-440 -728 0
-440 -764 0
-440 -800 0
-440 -836 0
-440 -872 0
-440 -908 0
-440 -944 0
-440 -980 0
-476 -512 0
-476 -548 0
-476 -584 0
-476 -620 0
-476 -656 0
-476 -692 0
-476 -728 0
-476 -764 0
-476 -800 0
-476 -836 0
-476 -872 0
-476 -908 0
-476 -944 0
-476 -980 0
-512 -548 0
-512 -584 0
-512 -620 0
-512 -656 0
-512 -692 0
-512 -728 0
-512 -764 0
-512 -800 0
-512 -836 0
-512 -872 0
-512 -908 0
-512 -944 0
-512 -980 0
-548 -584 0
-548 -620 0
-548 -656 0
-548 -692 0
-548 -728 0
-548 -764 0
-548 -800 0
-548 -836 0
-548 -872 0
-548 -908 0
-548 -944 0
-548 -980 0
-584 -620 0
-584 -656 0
-584 -692 0
-584 -728 0
-584 -764 0
-584 -800 0
-584 -836 0
-584 -872 0
-584 -908 0
-584 -944 0
-584 -980 0
-620 -656 0
-620 -692 0
-620 -728 0
-620 -764 0
-620 -800 0
-620 -836 0
-620 -872 0
-620 -908 0
-620 -944 0
-620 -980 0
-656 -692 0
-656 -728 0
-656 -764 0
-656 -800 0
-656 -836 0
-656 -872 0
-656 -908 0
-656 -944 0
-656 -980 0
-692 -728 0
-692 -764 0
-692 -800 0
-692 -836 0
-692 -872 0
-692 -908 0
-692 -944 0
-692 -980 0
-728 -764 0
-728 -800 0
-728 -836 0
-728 -872 0
-728 -908 0
-728 -944 0
-728 -980 0
-764 -800 0
-764 -836 0
-764 -872 0
-764 -908 0
-764 -944 0
-764 -980 0
-800 -836 0
-800 -872 0
-800 -908 0
-800 -944 0
-800 -980 0
-836 -872 0
-836 -908 0
-836 -944 0
-836 -980 0
-872 -908 0
-872 -944 0
-872 -980 0
-908 -944 0
-908 -980 0
-944 -980 0
-9 -45 0
-9 -81 0
-9 -117 0
-9 -153 0
-9 -189 0
-9 -225 0
-9 -261 0
-9 -297 0
-9 -333 0
-9 -369 0
-9 -405 0
-9 -441 0
-9 -477 0
-9 -513 0
-9 -549 0
-9 -585 0
-9 -621 0
-9 -657 0
-9 -693 0
-9 -729 0
-9 -765 0
-9 -801 0
-9 -837 0
-9 -873 0
-9 -909 0
-9 -945 0
-45 -81 0
-45 -117 0
-45 -153 0
-45 -189 0
-45 -225 0
-45 -261 0
-45 -297 0
-45 -333 0
-45 -369 0
-45 -405 0
-45 -441 0
-45 -477 0
-45 -513 0
-45 -549 0
-45 -585 0
-45 -621 0
-45 -657 0
-45 -693 0
-45 -729 0
-45 -765 0
-45 -801 0
-45 -837 0
-45 -873 0
-45 -909 0
-45 -945 0
-81 -117 0
-81 -153 0
-81 -189 0
-81 -225 0
-81 -261 0
-81 -297 0
-81 -333 0
-81 -369 0
-81 -405 0
-81 -441 0
-81 -477 0
-81 -513 0
-81 -549 0
-81 -585 0
-81 -621 0
-81 -657 0
-81 -693 0
-81 -729 0
-81 -765 0
-81 -801 0
-81 -837 0
-81 -873 0
-81 -909 0
-81 -945 0
-117 -153 0
-117 -189 0
-117 -225 0
-117 -261 0
-117 -297 0
-117 -333 0
-117 -369 0
-117 -405 0
-117 -441 0
-117 -477 0
-117 -513 0
-117 -549 0
-117 -585 0
-117 -621 0
-117 -657 0
-117 -693 0
-117 -729 0
-117 -765 0
-117 -801 0
-117 -837 0
-117 -873 0
-117 -909 0
-117 -945 0
-153 -189 0
-153 -225 0
-153 -261 0
-153 -297 0
-153 -333 0
-153 -369 0
-153 -405 0
-153 -441 0
-153 -477 0
-153 -513 0
-153 -549 0
-153 -585 0
-153 -621 0
-153 -657 0
-153 -693 0
-153 -729 0
-153 -765 0
-153 -801 0
-153 -837 0
-153 -873 0
-153 -909 0
-153 -945 0
-189 -225 0
-189 -261 0
-189 -297 0
-189 -333 0
-189 -369 0
-189 -405 0
-189 -441 0
-189 -477 0
-189 -513 0
-189 -549 0
-189 -585 0
-189 -621 0
-189 -657 0
-189 -693 0
-189 -729 0
-189 -765 0
-189 -801 0
-189 -837 0
-189 -873 0
-189 -909 0
-189 -945 0
-225 -261 0
-225 -297 0
-225 -333 0
-225 -369 0
-225 -405 0
-225 -441 0
-225 -477 0
-225 -513 0
-225 -549 0
-225 -585 0
-225 -621 0
-225 -657 0
-225 -693 0
-225 -729 0
-225 -765 0
-225 -801 0
-225 -837 0
-225 -873 0
-225 -909 0
-225 -945 0
-261 -297 0
-261 -333 0
-261 -369 0
-261 -405 0
-261 -441 0
-261 -477 0
-261 -513 0
-261 -549 0
-261 -585 0
-261 -621 0
-261 -657 0
-261 -693 0
-261 -729 0
-261 -765 0
-261 -801 0
-261 -837 0
-261 -873 0
-261 -909 0
-261 -945 0
-297 -333 0
-297 -369 0
-297 -405 0
-297 -441 0
-297 -477 0
-297 -513 0
-297 -549 0
-297 -585 0
-297 -621 0
-297 -657 0
-297 -693 0
-297 -729 0
-297 -765 0
-297 -801 0
-297 -837 0
-297 -873 0
-297 -909 0
-297 -945 0
-333 -369 0
-333 -405 0
-333 -441 0
-333 -477 0
-333 -513 0
-333 -549 0
-333 -585 0
-333 -621 0
-333 -657 0
-333 -693 0
-333 -729 0
-333 -765 0
-333 -801 0
-333 -837 0
-333 -873 0
-333 -909 0
-333 -945 0
-369 -405 0
-369 -441 0
-369 -477 0
-369 -513 0
-369 -549 0
-369 -585 0
-369 -621 0
-369 -657 0
-369 -693 0
-369 -729 0
-369 -765 0
-369 -801 0
-369 -837 0
-369 -873 0
-369 -909 0
-369 -945 0
-405 -441 0
-405 -477 0
-405 -513 0
-405 -549 0
-405 -585 0
-405 -621 0
-405 -657 0
-405 -693 0
-405 -729 0
-405 -765 0
-405 -801 0
-405 -837 0
-405 -873 0
-405 -909 0
-405 -945 0
-441 -477 0
-441 -513 0
-441 -549 0
-441 -585 0
-441 -621 0
-441 -657 0
-441 -693 0
-441 -729 0
-441 -765 0
-441 -801 0
-441 -837 0
-441 -873 0
-441 -909 0
-441 -945 0
-477 -513 0
-477 -549 0
-477 -585 0
-477 -621 0
-477 -657 0
-477 -693 0
-477 -729 0
-477 -765 0
-477 -801 0
-477 -837 0
-477 -873 0
-477 -909 0
-477 -945 0
-513 -549 0
-513 -585 0
-513 -621 0
-513 -657 0
-513 -693 0
-513 -729 0
-513 -765 0
-513 -801 0
-513 -837 0
-513 -873 0
-513 -909 0
-513 -945 0
-549 -585 0
-549 -621 0
-549 -657 0
-549 -693 0
-549 -729 0
-549 -765 0
-549 -801 0
-549 -837 0
-549 -873 0
-549 -909 0
-549 -945 0
-585 -621 0
-585 -657 0
-585 -693 0
-585 -729 0
-585 -765 0
-585 -801 0
-585 -837 0
-585 -873 0
-585 -909 0
-585 -945 0
-621 -657 0
-621 -693 0
-621 -729 0
-621 -765 0
-621 -801 0
-621 -837 0
-621 -873 0
-621 -909 0
-621 -945 0
-657 -693 0
-657 -729 0
-657 -765 0
-657 -801 0
-657 -837 0
-657 -873 0
-657 -909 0
-657 -945 0
-693 -729 0
-693 -765 0
-693 -801 0
-693 -837 0
-693 -873 0
-693 -909 0
-693 -945 0
-729 -765 0
-729 -801 0
-729 -837 0
-729 -873 0
-729 -909 0
-729 -945 0
-765 -801 0
-765 -837 0
-765 -873 0
-765 -909 0
-765 -945 0
-801 -837 0
-801 -873 0
-801 -909 0
-801 -945 0
-837 -873 0
-837 -909 0
-837 -945 0
-873 -909 0
-873 -945 0
-909 -945 0
-10 -46 0
-10 -82 0
-10 -118 0
-10 -154 0
-10 -190 0
-10 -226 0
-10 -262 0
-10 -298 0
-10 -334 0
-10 -370 0
-10 -406 0
-10 -442 0
-10 -478 0
-10 -514 0
-10 -550 0
-10 -586 0
-10 -622 0
-10 -658 0
-10 -694 0
-10 -730 0
-10 -766 0
-10 -802 0
-10 -838 0
-10 -874 0
-10 -910 0
-46 -82 0
-46 -118 0
-46 -154 0
-46 -190 0
-46 -226 0
-46 -262 0
-46 -298 0
-46 -334 0
-46 -370 0
-46 -406 0
-46 -442 0
-46 -478 0
-46 -514 0
-46 -550 0
-46 -586 0
-46 -622 0
-46 -658 0
-46 -694 0
-46 -730 0
-46 -766 0
-46 -802 0
-46 -838 0
-46 -874 0
-46 -910 0
-82 -118 0
-82 -154 0
-82 -190 0
-82 -226 0
-82 -262 0
-82 -298 0
-82 -334 0
-82 -370 0
-82 -406 0
-82 -442 0
-82 -478 0
-82 -514 0
-82 -550 0
-82 -586 0
-82 -622 0
-82 -658 0
-82 -694 0
-82 -730 0
-82 -766 0
-82 -802 0
-82 -838 0
-82 -874 0
-82 -910 0
-118 -154 0
-118 -190 0
-118 -226 0
-118 -262 0
-118 -298 0
-118 -334 0
-118 -370 0
-118 -406 0
-118 -442 0
-118 -478 0
-118 -514 0
-118 -550 0
-118 -586 0
-118 -622 0
-118 -658 0
-118 -694 0
-118 -730 0
-118 -766 0
-118 -802 0
-118 -838 0
-118 -874 0
-118 -910 0
-154 -190 0
-154 -226 0
-154 -262 0
-154 -298 0
-154 -334 0
-154 -370 0
-154 -406 0
-154 -442 0
-154 -478 0
-154 -514 0
-154 -550 0
-154 -586 0
-154 -622 0
-154 -658 0
-154 -694 0
-154 -730 0
-154 -766 0
-154 -802 0
-154 -838 0
-154 -874 0
-154 -910 0
-190 -226 0
-190 -262 0
-190 -298 0
-190 -334 0
-190 -370 0
-190 -406 0
-190 -442 0
-190 -478 0
-190 -514 0
-190 -550 0
-190 -586 0
-190 -622 0
-190 -658 0
-190 -694 0
-190 -730 0
-190 -766 0
-190 -802 0
-190 -838 0
-190 -874 0
-190 -910 0
-226 -262 0
-226 -298 0
-226 -334 0
-226 -370 0
-226 -406 0
-226 -442 0
-226 -478 0
-226 -514 0
-226 -550 0
-226 -586 0
-226 -622 0
-226 -658 0
-226 -694 0
-226 -730 0
-226 -766 0
-226 -802 0
-226 -838 0
-226 -874 0
-226 -910 0
-262 -298 0
-262 -334 0
-262 -370 0
-262 -406 0
-262 -442 0
-262 -478 0
-262 -514 0
-262 -550 0
-262 -586 0
-262 -622 0
-262 -658 0
-262 -694 0
-262 -730 0
-262 -766 0
-262 -802 0
-262 -838 0
-262 -874 0
-262 -910 0
-298 -334 0
-298 -370 0
-298 -406 0
-298 -442 0
-298 -478 0
-298 -514 0
-298 -550 0
-298 -586 0
-298 -622 0
-298 -658 0
-298 -694 0
-298 -730 0
-298 -766 0
-298 -802 0
-298 -838 0
-298 -874 0
-298 -910 0
-334 -370 0
-334 -406 0
-334 -442 0
-334 -478 0
-334 -514 0
-334 -550 0
-334 -586 0
-334 -622 0
-334 -658 0
-334 -694 0
-334 -730 0
-334 -766 0
-334 -802 0
-334 -838 0
-334 -874 0
-334 -910 0
-370 -406 0
-370 -442 0
-370 -478 0
-370 -514 0
-370 -550 0
-370 -586 0
-370 -622 0
-370 -658 0
-370 -694 0
-370 -730 0
-370 -766 0
-370 -802 0
-370 -838 0
-370 -874 0
-370 -910 0
-406 -442 0
-406 -478 0
-406 -514 0
-406 -550 0
-406 -586 0
-406 -622 0
-406 -658 0
-406 -694 0
-406 -730 0
-406 -766 0
-406 -802 0
-406 -838 0
-406 -874 0
-406 -910 0
-442 -478 0
-442 -514 0
-442 -550 0
-442 -586 0
-442 -622 0
-442 -658 0
-442 -694 0
-442 -730 0
-442 -766 0
-442 -802 0
-442 -838 0
-442 -874 0
-442 -910 0
-478 -514 0
-478 -550 0
-478 -586 0
-478 -622 0
-478 -658 0
-478 -694 0
-478 -730 0
-478 -766 0
-478 -802 0
-478 -838 0
-478 -874 0
-478 -910 0
-514 -550 0
-514 -586 0
-514 -622 0
-514 -658 0
-514 -694 0
-514 -730 0
-514 -766 0
-514 -802 0
-514 -838 0
-514 -874 0
-514 -910 0
-550 -586 0
-550 -622 0
-550 -658 0
-550 -694 0
-550 -730 0
-550 -766 0
-550 -802 0
-550 -838 0
-550 -874 0
-550 -910 0
-586 -622 0
-586 -658 0
-586 -694 0
-586 -730 0
-586 -766 0
-586 -802 0
-586 -838 0
-586 -874 0
-586 -910 0
-622 -658 0
-622 -694 0
-622 -730 0
-622 -766 0
-622 -802 0
-622 -838 0
-622 -874 0
-622 -910 0
-658 -694 0
-658 -730 0
-658 -766 0
-658 -802 0
-658 -838 0
-658 -874 0
-658 -910 0
-694 -730 0
-694 -766 0
-694 -802 0
-694 -838 0
-694 -874 0
-694 -910 0
-730 -766 0
-730 -802 0
-730 -838 0
-730 -874 0
-730 -910 0
-766 -802 0
-766 -838 0
-766 -874 0
-766 -910 0
-802 -838 0
-802 -874 0
-802 -910 0
-838 -874 0
-838 -910 0
-874 -910 0
-11 -47 0
-11 -83 0
-11 -119 0
-11 -155 0
-11 -191 0
-11 -227 0
-11 -263 0
-11 -299 0
-11 -335 0
-11 -371 0
-11 -407 0
-11 -443 0
-11 -479 0
-11 -515 0
-11 -551 0
-11 -587 0
-11 -623 0
-11 -659 0
-11 -695 0
-11 -731 0
-11 -767 0
-11 -803 0
-11 -839 0
-11 -875 0
-47 -83 0
-47 -119 0
-47 -155 0
-47 -191 0
-47 -227 0
-47 -263 0
-47 -299 0
-47 -335 0
-47 -371 0
-47 -407 0
-47 -443 0
-47 -479 0
-47 -515 0
-47 -551 0
-47 -587 0
-47 -623 0
-47 -659 0
-47 -695 0
-47 -731 0
-47 -767 0
-47 -803 0
-47 -839 0
-47 -875 0
-83 -119 0
-83 -155 0
-83 -191 0
-83 -227 0
-83 -263 0
-83 -299 0
-83 -335 0
-83 -371 0
-83 -407 0
-83 -443 0
-83 -479 0
-83 -515 0
-83 -551 0
-83 -587 0
-83 -623 0
-83 -659 0
-83 -695 0
-83 -731 0
-83 -767 0
-83 -803 0
-83 -839 0
-83 -875 0
-119 -155 0
-119 -191 0
-119 -227 0
-119 -263 0
-119 -299 0
-119 -335 0
-119 -371 0
-119 -407 0
-119 -443 0
-119 -479 0
-119 -515 0
-119 -551 0
-119 -587 0
-119 -623 0
-119 -659 0
-119 -695 0
-119 -731 0
-119 -767 0
-119 -803 0
-119 -839 0
-119 -875 0
-155 -191 0
-155 -227 0
-155 -263 0
-155 -299 0
-155 -335 0
-155 -371 0
-155 -407 0
-155 -443 0
-155 -479 0
-155 -515 0
-155 -551 0
-155 -587 0
-155 -623 0
-155 -659 0
-155 -695 0
-155 -731 0
-155 -767 0
-155 -803 0
-155 -839 0
-155 -875 0
-191 -227 0
-191 -263 0
-191 -299 0
-191 -335 0
-191 -371 0
-191 -407 0
-191 -443 0
-191 -479 0
-191 -515 0
-191 -551 0
-191 -587 0
-191 -623 0
-191 -659 0
-191 -695 0
-191 -731 0
-191 -767 0
-191 -803 0
-191 -839 0
-191 -875 0
-227 -263 0
-227 -299 0
-227 -335 0
-227 -371 0
-227 -407 0
-227 -443 0
-227 -479 0
-227 -515 0
-227 -551 0
-227 -587 0
-227 -623 0
-227 -659 0
-227 -695 0
-227 -731 0
-227 -767 0
-227 -803 0
-227 -839 0
-227 -875 0
-263 -299 0
-263 -335 0
-263 -371 0
-263 -407 0
-263 -443 0
-263 -479 0
-263 -515 0
-263 -551 0
-263 -587 0
-263 -623 0
-263 -659 0
-263 -695 0
-263 -731 0
-263 -767 0
-263 -803 0
-263 -839 0
-263 -875 0
-299 -335 0
-299 -371 0
-299 -407 0
-299 -443 0
-299 -479 0
-299 -515 0
-299 -551 0
-299 -587 0
-299 -623 0
-299 -659 0
-299 -695 0
-299 -731 0
-299 -767 0
-299 -803 0
-299 -839 0
-299 -875 0
-335 -371 0
-335 -407 0
-335 -443 0
-335 -479 0
-335 -515 0
-335 -551 0
-335 -587 0
-335 -623 0
-335 -659 0
-335 -695 0
-335 -731 0
-335 -767 0
-335 -803 0
-335 -839 0
-335 -875 0
-371 -407 0
-371 -443 0
-371 -479 0
-371 -515 0
-371 -551 0
-371 -587 0
-371 -623 0
-371 -659 0
-371 -695 0
-371 -731 0
-371 -767 0
-371 -803 0
-371 -839 0
-371 -875 0
-407 -443 0
-407 -479 0
-407 -515 0
-407 -551 0
-407 -587 0
-407 -623 0
-407 -659 0
-407 -695 0
-407 -731 0
-407 -767 0
-407 -803 0
-407 -839 0
-407 -875 0
-443 -479 0
-443 -515 0
-443 -551 0
-443 -587 0
-443 -623 0
-443 -659 0
-443 -695 0
-443 -731 0
-443 -767 0
-443 -803 0
-443 -839 0
-443 -875 0
-479 -515 0
-479 -551 0
-479 -587 0
-479 -623 0
-479 -659 0
-479 -695 0
-479 -731 0
-479 -767 0
-479 -803 0
-479 -839 0
-479 -875 0
-515 -551 0
-515 -587 0
-515 -623 0
-515 -659 0
-515 -695 0
-515 -731 0
-515 -767 0
-515 -803 0
-515 -839 0
-515 -875 0
-551 -587 0
-551 -623 0
-551 -659 0
-551 -695 0
-551 -731 0
-551 -767 0
-551 -803 0
-551 -839 0
-551 -875 0
-587 -623 0
-587 -659 0
-587 -695 0
-587 -731 0
-587 -767 0
-587 -803 0
-587 -839 0
-587 -875 0
-623 -659 0
-623 -695 0
-623 -731 0
-623 -767 0
-623 -803 0
-623 -839 0
-623 -875 0
-659 -695 0
-659 -731 0
-659 -767 0
-659 -803 0
-659 -839 0
-659 -875 0
-695 -731 0
-695 -767 0
-695 -803 0
-695 -839 0
-695 -875 0
-731 -767 0
-731 -803 0
-731 -839 0
-731 -875 0
-767 -803 0
-767 -839 0
-767 -875 0
-803 -839 0
-803 -875 0
-839 -875 0
-12 -48 0
-12 -84 0
-12 -120 0
-12 -156 0
-12 -192 0
-12 -228 0
-12 -264 0
-12 -300 0
-12 -336 0
-12 -372 0
-12 -408 0
-12 -444 0
-12 -480 0
-12 -516 0
-12 -552 0
-12 -588 0
-12 -624 0
-12 -660 0
-12 -696 0
-12 -732 0
-12 -768 0
-12 -804 0
-12 -840 0
-48 -84 0
-48 -120 0
-48 -156 0
-48 -192 0
-48 -228 0
-48 -264 0
-48 -300 0
-48 -336 0
-48 -372 0
-48 -408 0
-48 -444 0
-48 -480 0
-48 -516 0
-48 -552 0
-48 -588 0
-48 -624 0
-48 -660 0
-48 -696 0
-48 -732 0
-48 -768 0
-48 -804 0
-48 -840 0
-84 -120 0
-84 -156 0
-84 -192 0
-84 -228 0
-84 -264 0
-84 -300 0
-84 -336 0
-84 -372 0
-84 -408 0
-84 -444 0
-84 -480 0
-84 -516 0
-84 -552 0
-84 -588 0
-84 -624 0
-84 -660 0
-84 -696 0
-84 -732 0
-84 -768 0
-84 -804 0
-84 -840 0
-120 -156 0
-120 -192 0
-120 -228 0
-120 -264 0
-120 -300 0
-120 -336 0
-120 -372 0
-120 -408 0
-120 -444 0
-120 -480 0
-120 -516 0
-120 -552 0
-120 -588 0
-120 -624 0
-120 -660 0
-120 -696 0
-120 -732 0
-120 -768 0
-120 -804 0
-120 -840 0
-156 -192 0
-156 -228 0
-156 -264 0
-156 -300 0
-156 -336 0
-156 -372 0
-156 -408 0
-156 -444 0
-156 -480 0
-156 -516 0
-156 -552 0
-156 -588 0
-156 -624 0
-156 -660 0
-156 -696 0
-156 -732 0
-156 -768 0
-156 -804 0
-156 -840 0
-192 -228 0
-192 -264 0
-192 -300 0
-192 -336 0
-192 -372 0
-192 -408 0
-192 -444 0
-192 -480 0
-192 -516 0
-192 -552 0
-192 -588 0
-192 -624 0
-192 -660 0
-192 -696 0
-192 -732 0
-192 -768 0
-192 -804 0
-192 -840 0
-228 -264 0
-228 -300 0
-228 -336 0
-228 -372 0
-228 -408 0
-228 -444 0
-228 -480 0
-228 -516 0
-228 -552 0
-228 -588 0
-228 -624 0
-228 -660 0
-228 -696 0
-228 -732 0
-228 -768 0
-228 -804 0
-228 -840 0
-264 -300 0
-264 -336 0
-264 -372 0
-264 -408 0
-264 -444 0
-264 -480 0
-264 -516 0
-264 -552 0
-264 -588 0
-264 -624 0
-264 -660 0
-264 -696 0
-264 -732 0
-264 -768 0
-264 -804 0
-264 -840 0
-300 -336 0
-300 -372 0
-300 -408 0
-300 -444 0
-300 -480 0
-300 -516 0
-300 -552 0
-300 -588 0
-300 -624 0
-300 -660 0
-300 -696 0
-300 -732 0
-300 -768 0
-300 -804 0
-300 -840 0
-336 -372 0
-336 -408 0
-336 -444 0
-336 -480 0
-336 -516 0
-336 -552 0
-336 -588 0
-336 -624 0
-336 -660 0
-336 -696 0
-336 -732 0
-336 -768 0
-336 -804 0
-336 -840 0
-372 -408 0
-372 -444 0
-372 -480 0
-372 -516 0
-372 -552 0
-372 -588 0
-372 -624 0
-372 -660 0
-372 -696 0
-372 -732 0
-372 -768 0
-372 -804 0
-372 -840 0
-408 -444 0
-408 -480 0
-408 -516 0
-408 -552 0
-408 -588 0
-408 -624 0
-408 -660 0
-408 -696 0
-408 -732 0
-408 -768 0
-408 -804 0
-408 -840 0
-444 -480 0
-444 -516 0
-444 -552 0
-444 -588 0
-444 -624 0
-444 -660 0
-444 -696 0
-444 -732 0
-444 -768 0
-444 -804 0
-444 -840 0
-480 -516 0
-480 -552 0
-480 -588 0
-480 -624 0
-480 -660 0
-480 -696 0
-480 -732 0
-480 -768 0
-480 -804 0
-480 -840 0
-516 -552 0
-516 -588 0
-516 -624 0
-516 -660 0
-516 -696 0
-516 -732 0
-516 -768 0
-516 -804 0
-516 -840 0
-552 -588 0
-552 -624 0
-552 -660 0
-552 -696 0
-552 -732 0
-552 -768 0
-552 -804 0
-552 -840 0
-588 -624 0
-588 -660 0
-588 -696 0
-588 -732 0
-588 -768 0
-588 -804 0
-588 -840 0
-624 -660 0
-624 -696 0
-624 -732 0
-624 -768 0
-624 -804 0
-624 -840 0
-660 -696 0
-660 -732 0
-660 -768 0
-660 -804 0
-660 -840 0
-696 -732 0
-696 -768 0
-696 -804 0
-696 -840 0
-732 -768 0
-732 -804 0
-732 -840 0
-768 -804 0
-768 -840 0
-804 -840 0
-13 -49 0
-13 -85 0
-13 -121 0
-13 -157 0
-13 -193 0
-13 -229 0
-13 -265 0
-13 -301 0
-13 -337 0
-13 -373 0
-13 -409 0
-13 -445 0
-13 -481 0
-13 -517 0
-13 -553 0
-13 -589 0
-13 -625 0
-13 -661 0
-13 -697 0
-13 -733 0
-13 -769 0
-13 -805 0
-49 -85 0
-49 -121 0
-49 -157 0
-49 -193 0
-49 -229 0
-49 -265 0
-49 -301 0
-49 -337 0
-49 -373 0
-49 -409 0
-49 -445 0
-49 -481 0
-49 -517 0
-49 -553 0
-49 -589 0
-49 -625 0
-49 -661 0
-49 -697 0
-49 -733 0
-49 -769 0
-49 -805 0
-85 -121 0
-85 -157 0
-85 -193 0
-85 -229 0
-85 -265 0
-85 -301 0
-85 -337 0
-85 -373 0
-85 -409 0
-85 -445 0
-85 -481 0
-85 -517 0
-85 -553 0
-85 -589 0
-85 -625 0
-85 -661 0
-85 -697 0
-85 -733 0
-85 -769 0
-85 -805 0
-121 -157 0
-121 -193 0
-121 -229 0
-121 -265 0
-121 -301 0
-121 -337 0
-121 -373 0
-121 -409 0
-121 -445 0
-121 -481 0
-121 -517 0
-121 -553 0
-121 -589 0
-121 -625 0
-121 -661 0
-121 -697 0
-121 -733 0
-121 -769 0
-121 -805 0
-157 -193 0
-157 -229 0
-157 -265 0
-157 -301 0
-157 -337 0
-157 -373 0
-157 -409 0
-157 -445 0
-157 -481 0
-157 -517 0
-157 -553 0
-157 -589 0
-157 -625 0
-157 -661 0
-157 -697 0
-157 -733 0
-157 -769 0
-157 -805 0
-193 -229 0
-193 -265 0
-193 -301 0
-193 -337 0
-193 -373 0
-193 -409 0
-193 -445 0
-193 -481 0
-193 -517 0
-193 -553 0
-193 -589 0
-193 -625 0
-193 -661 0
-193 -697 0
-193 -733 0
-193 -769 0
-193 -805 0
-229 -265 0
-229 -301 0
-229 -337 0
-229 -373 0
-229 -409 0
-229 -445 0
-229 -481 0
-229 -517 0
-229 -553 0
-229 -589 0
-229 -625 0
-229 -661 0
-229 -697 0
-229 -733 0
-229 -769 0
-229 -805 0
-265 -301 0
-265 -337 0
-265 -373 0
-265 -409 0
-265 -445 0
-265 -481 0
-265 -517 0
-265 -553 0
-265 -589 0
-265 -625 0
-265 -661 0
-265 -697 0
-265 -733 0
-265 -769 0
-265 -805 0
-301 -337 0
-301 -373 0
-301 -409 0
-301 -445 0
-301 -481 0
-301 -517 0
-301 -553 0
-301 -589 0
-301 -625 0
-301 -661 0
-301 -697 0
-301 -733 0
-301 -769 0
-301 -805 0
-337 -373 0
-337 -409 0
-337 -445 0
-337 -481 0
-337 -517 0
-337 -553 0
-337 -589 0
-337 -625 0
-337 -661 0
-337 -697 0
-337 -733 0
-337 -769 0
-337 -805 0
-373 -409 0
-373 -445 0
-373 -481 0
-373 -517 0
-373 -553 0
-373 -589 0
-373 -625 0
-373 -661 0
-373 -697 0
-373 -733 0
-373 -769 0
-373 -805 0
-409 -445 0
-409 -481 0
-409 -517 0
-409 -553 0
-409 -589 0
-409 -625 0
-409 -661 0
-409 -697 0
-409 -733 0
-409 -769 0
-409 -805 0
-445 -481 0
-445 -517 0
-445 -553 0
-445 -589 0
-445 -625 0
-445 -661 0
-445 -697 0
-445 -733 0
-445 -769 0
-445 -805 0
-481 -517 0
-481 -553 0
-481 -589 0
-481 -625 0
-481 -661 0
-481 -697 0
-481 -733 0
-481 -769 0
-481 -805 0
-517 -553 0
-517 -589 0
-517 -625 0
-517 -661 0
-517 -697 0
-517 -733 0
-517 -769 0
-517 -805 0
-553 -589 0
-553 -625 0
-553 -661 0
-553 -697 0
-553 -733 0
-553 -769 0
-553 -805 0
-589 -625 0
-589 -661 0
-589 -697 0
-589 -733 0
-589 -769 0
-589 -805 0
-625 -661 0
-625 -697 0
-625 -733 0
-625 -769 0
-625 -805 0
-661 -697 0
-661 -733 0
-661 -769 0
-661 -805 0
-697 -733 0
-697 -769 0
-697 -805 0
-733 -769 0
-733 -805 0
-769 -805 0
-14 -50 0
-14 -86 0
-14 -122 0
-14 -158 0
-14 -194 0
-14 -230 0
-14 -266 0
-14 -302 0
-14 -338 0
-14 -374 0
-14 -410 0
-14 -446 0
-14 -482 0
-14 -518 0
-14 -554 0
-14 -590 0
-14 -626 0
-14 -662 0
-14 -698 0
-14 -734 0
-14 -770 0
-50 -86 0
-50 -122 0
-50 -158 0
-50 -194 0
-50 -230 0
-50 -266 0
-50 -302 0
-50 -338 0
-50 -374 0
-50 -410 0
-50 -446 0
-50 -482 0
-50 -518 0
-50 -554 0
-50 -590 0
-50 -626 0
-50 -662 0
-50 -698 0
-50 -734 0
-50 -770 0
-86 -122 0
-86 -158 0
-86 -194 0
-86 -230 0
-86 -266 0
-86 -302 0
-86 -338 0
-86 -374 0
-86 -410 0
-86 -446 0
-86 -482 0
-86 -518 0
-86 -554 0
-86 -590 0
-86 -626 0
-86 -662 0
-86 -698 0
-86 -734 0
-86 -770 0
-122 -158 0
-122 -194 0
-122 -230 0
-122 -266 0
-122 -302 0
-122 -338 0
-122 -374 0
-122 -410 0
-122 -446 0
-122 -482 0
-122 -518 0
-122 -554 0
-122 -590 0
-122 -626 0
-122 -662 0
-122 -698 0
-122 -734 0
-122 -770 0
-158 -194 0
-158 -230 0
-158 -266 0
-158 -302 0
-158 -338 0
-158 -374 0
-158 -410 0
-158 -446 0
-158 -482 0
-158 -518 0
-158 -554 0
-158 -590 0
-158 -626 0
-158 -662 0
-158 -698 0
-158 -734 0
-158 -770 0
-194 -230 0
-194 -266 0
-194 -302 0
-194 -338 0
-194 -374 0
-194 -410 0
-194 -446 0
-194 -482 0
-194 -518 0
-194 -554 0
-194 -590 0
-194 -626 0
-194 -662 0
-194 -698 0
-194 -734 0
-194 -770 0
-230 -266 0
-230 -302 0
-230 -338 0
-230 -374 0
-230 -410 0
-230 -446 0
-230 -482 0
-230 -518 0
-230 -554 0
-230 -590 0
-230 -626 0
-230 -662 0
-230 -698 0
-230 -734 0
-230 -770 0
-266 -302 0
-266 -338 0
-266 -374 0
-266 -410 0
-266 -446 0
-266 -482 0
-266 -518 0
-266 -554 0
-266 -590 0
-266 -626 0
-266 -662 0
-266 -698 0
-266 -734 0
-266 -770 0
-302 -338 0
-302 -374 0
-302 -410 0
-302 -446 0
-302 -482 0
-302 -518 0
-302 -554 0
-302 -590 0
-302 -626 0
-302 -662 0
-302 -698 0
-302 -734 0
-302 -770 0
-338 -374 0
-338 -410 0
-338 -446 0
-338 -482 0
-338 -518 0
-338 -554 0
-338 -590 0
-338 -626 0
-338 -662 0
-338 -698 0
-338 -734 0
-338 -770 0
-374 -410 0
-374 -446 0
-374 -482 0
-374 -518 0
-374 -554 0
-374 -590 0
-374 -626 0
-374 -662 0
-374 -698 0
-374 -734 0
-374 -770 0
-410 -446 0
-410 -482 0
-410 -518 0
-410 -554 0
-410 -590 0
-410 -626 0
-410 -662 0
-410 -698 0
-410 -734 0
-410 -770 0
-446 -482 0
-446 -518 0
-446 -554 0
-446 -590 0
-446 -626 0
-446 -662 0
-446 -698 0
-446 -734 0
-446 -770 0
-482 -518 0
-482 -554 0
-482 -590 0
-482 -626 0
-482 -662 0
-482 -698 0
-482 -734 0
-482 -770 0
-518 -554 0
-518 -590 0
-518 -626 0
-518 -662 0
-518 -698 0
-518 -734 0
-518 -770 0
-554 -590 0
-554 -626 0
-554 -662 0
-554 -698 0
-554 -734 0
-554 -770 0
-590 -626 0
-590 -662 0
-590 -698 0
-590 -734 0
-590 -770 0
-626 -662 0
-626 -698 0
-626 -734 0
-626 -770 0
-662 -698 0
-662 -734 0
-662 -770 0
-698 -734 0
-698 -770 0
-734 -770 0
-15 -51 0
-15 -87 0
-15 -123 0
-15 -159 0
-15 -195 0
-15 -231 0
-15 -267 0
-15 -303 0
-15 -339 0
-15 -375 0
-15 -411 0
-15 -447 0
-15 -483 0
-15 -519 0
-15 -555 0
-15 -591 0
-15 -627 0
-15 -663 0
-15 -699 0
-15 -735 0
-51 -87 0
-51 -123 0
-51 -159 0
-51 -195 0
-51 -231 0
-51 -267 0
-51 -303 0
-51 -339 0
-51 -375 0
-51 -411 0
-51 -447 0
-51 -483 0
-51 -519 0
-51 -555 0
-51 -591 0
-51 -627 0
-51 -663 0
-51 -699 0
-51 -735 0
-87 -123 0
-87 -159 0
-87 -195 0
-87 -231 0
-87 -267 0
-87 -303 0
-87 -339 0
-87 -375 0
-87 -411 0
-87 -447 0
-87 -483 0
-87 -519 0
-87 -555 0
-87 -591 0
-87 -627 0
-87 -663 0
-87 -699 0
-87 -735 0
-123 -159 0
-123 -195 0
-123 -231 0
-123 -267 0
-123 -303 0
-123 -339 0
-123 -375 0
-123 -411 0
-123 -447 0
-123 -483 0
-123 -519 0
-123 -555 0
-123 -591 0
-123 -627 0
-123 -663 0
-123 -699 0
-123 -735 0
-159 -195 0
-159 -231 0
-159 -267 0
-159 -303 0
-159 -339 0
-159 -375 0
-159 -411 0
-159 -447 0
-159 -483 0
-159 -519 0
-159 -555 0
-159 -591 0
-159 -627 0
-159 -663 0
-159 -699 0
-159 -735 0
-195 -231 0
-195 -267 0
-195 -303 0
-195 -339 0
-195 -375 0
-195 -411 0
-195 -447 0
-195 -483 0
-195 -519 0
-195 -555 0
-195 -591 0
-195 -627 0
-195 -663 0
-195 -699 0
-195 -735 0
-231 -267 0
-231 -303 0
-231 -339 0
-231 -375 0
-231 -411 0
-231 -447 0
-231 -483 0
-231 -519 0
-231 -555 0
-231 -591 0
-231 -627 0
-231 -663 0
-231 -699 0
-231 -735 0
-267 -303 0
-267 -339 0
-267 -375 0
-267 -411 0
-267 -447 0
-267 -483 0
-267 -519 0
-267 -555 0
-267 -591 0
-267 -627 0
-267 -663 0
-267 -699 0
-267 -735 0
-303 -339 0
-303 -375 0
-303 -411 0
-303 -447 0
-303 -483 0
-303 -519 0
-303 -555 0
-303 -591 0
-303 -627 0
-303 -663 0
-303 -699 0
-303 -735 0
-339 -375 0
-339 -411 0
-339 -447 0
-339 -483 0
-339 -519 0
-339 -555 0
-339 -591 0
-339 -627 0
-339 -663 0
-339 -699 0
-339 -735 0
-375 -411 0
-375 -447 0
-375 -483 0
-375 -519 0
-375 -555 0
-375 -591 0
-375 -627 0
-375 -663 0
-375 -699 0
-375 -735 0
-411 -447 0
-411 -483 0
-411 -519 0
-411 -555 0
-411 -591 0
-411 -627 0
-411 -663 0
-411 -699 0
-411 -735 0
-447 -483 0
-447 -519 0
-447 -555 0
-447 -591 0
-447 -627 0
-447 -663 0
-447 -699 0
-447 -735 0
-483 -519 0
-483 -555 0
-483 -591 0
-483 -627 0
-483 -663 0
-483 -699 0
-483 -735 0
-519 -555 0
-519 -591 0
-519 -627 0
-519 -663 0
-519 -699 0
-519 -735 0
-555 -591 0
-555 -627 0
-555 -663 0
-555 -699 0
-555 -735 0
-591 -627 0
-591 -663 0
-591 -699 0
-591 -735 0
-627 -663 0
-627 -699 0
-627 -735 0
-663 -699 0
-663 -735 0
-699 -735 0
-16 -52 0
-16 -88 0
-16 -124 0
-16 -160 0
-16 -196 0
-16 -232 0
-16 -268 0
-16 -304 0
-16 -340 0
-16 -376 0
-16 -412 0
-16 -448 0
-16 -484 0
-16 -520 0
-16 -556 0
-16 -592 0
-16 -628 0
-16 -664 0
-16 -700 0
-52 -88 0
-52 -124 0
-52 -160 0
-52 -196 0
-52 -232 0
-52 -268 0
-52 -304 0
-52 -340 0
-52 -376 0
-52 -412 0
-52 -448 0
-52 -484 0
-52 -520 0
-52 -556 0
-52 -592 0
-52 -628 0
-52 -664 0
-52 -700 0
-88 -124 0
-88 -160 0
-88 -196 0
-88 -232 0
-88 -268 0
-88 -304 0
-88 -340 0
-88 -376 0
-88 -412 0
-88 -448 0
-88 -484 0
-88 -520 0
-88 -556 0
-88 -592 0
-88 -628 0
-88 -664 0
-88 -700 0
-124 -160 0
-124 -196 0
-124 -232 0
-124 -268 0
-124 -304 0
-124 -340 0
-124 -376 0
-124 -412 0
-124 -448 0
-124 -484 0
-124 -520 0
-124 -556 0
-124 -592 0
-124 -628 0
-124 -664 0
-124 -700 0
-160 -196 0
-160 -232 0
-160 -268 0
-160 -304 0
-160 -340 0
-160 -376 0
-160 -412 0
-160 -448 0
-160 -484 0
-160 -520 0
-160 -556 0
-160 -592 0
-160 -628 0
-160 -664 0
-160 -700 0
-196 -232 0
-196 -268 0
-196 -304 0
-196 -340 0
-196 -376 0
-196 -412 0
-196 -448 0
-196 -484 0
-196 -520 0
-196 -556 0
-196 -592 0
-196 -628 0
-196 -664 0
-196 -700 0
-232 -268 0
-232 -304 0
-232 -340 0
-232 -376 0
-232 -412 0
-232 -448 0
-232 -484 0
-232 -520 0
-232 -556 0
-232 -592 0
-232 -628 0
-232 -664 0
-232 -700 0
-268 -304 0
-268 -340 0
-268 -376 0
-268 -412 0
-268 -448 0
-268 -484 0
-268 -520 0
-268 -556 0
-268 -592 0
-268 -628 0
-268 -664 0
-268 -700 0
-304 -340 0
-304 -376 0
-304 -412 0
-304 -448 0
-304 -484 0
-304 -520 0
-304 -556 0
-304 -592 0
-304 -628 0
-304 -664 0
-304 -700 0
-340 -376 0
-340 -412 0
-340 -448 0
-340 -484 0
-340 -520 0
-340 -556 0
-340 -592 0
-340 -628 0
-340 -664 0
-340 -700 0
-376 -412 0
-376 -448 0
-376 -484 0
-376 -520 0
-376 -556 0
-376 -592 0
-376 -628 0
-376 -664 0
-376 -700 0
-412 -448 0
-412 -484 0
-412 -520 0
-412 -556 0
-412 -592 0
-412 -628 0
-412 -664 0
-412 -700 0
-448 -484 0
-448 -520 0
-448 -556 0
-448 -592 0
-448 -628 0
-448 -664 0
-448 -700 0
-484 -520 0
-484 -556 0
-484 -592 0
-484 -628 0
-484 -664 0
-484 -700 0
-520 -556 0
-520 -592 0
-520 -628 0
-520 -664 0
-520 -700 0
-556 -592 0
-556 -628 0
-556 -664 0
-556 -700 0
-592 -628 0
-592 -664 0
-592 -700 0
-628 -664 0
-628 -700 0
-664 -700 0
-17 -53 0
-17 -89 0
-17 -125 0
-17 -161 0
-17 -197 0
-17 -233 0
-17 -269 0
-17 -305 0
-17 -341 0
-17 -377 0
-17 -413 0
-17 -449 0
-17 -485 0
-17 -521 0
-17 -557 0
-17 -593 0
-17 -629 0
-17 -665 0
-53 -89 0
-53 -125 0
-53 -161 0
-53 -197 0
-53 -233 0
-53 -269 0
-53 -305 0
-53 -341 0
-53 -377 0
-53 -413 0
-53 -449 0
-53 -485 0
-53 -521 0
-53 -557 0
-53 -593 0
-53 -629 0
-53 -665 0
-89 -125 0
-89 -161 0
-89 -197 0
-89 -233 0
-89 -269 0
-89 -305 0
-89 -341 0
-89 -377 0
-89 -413 0
-89 -449 0
-89 -485 0
-89 -521 0
-89 -557 0
-89 -593 0
-89 -629 0
-89 -665 0
-125 -161 0
-125 -197 0
-125 -233 0
-125 -269 0
-125 -305 0
-125 -341 0
-125 -377 0
-125 -413 0
-125 -449 0
-125 -485 0
-125 -521 0
-125 -557 0
-125 -593 0
-125 -629 0
-125 -665 0
-161 -197 0
-161 -233 0
-161 -269 0
-161 -305 0
-161 -341 0
-161 -377 0
-161 -413 0
-161 -449 0
-161 -485 0
-161 -521 0
-161 -557 0
-161 -593 0
-161 -629 0
-161 -665 0
-197 -233 0
-197 -269 0
-197 -305 0
-197 -341 0
-197 -377 0
-197 -413 0
-197 -449 0
-197 -485 0
-197 -521 0
-197 -557 0
-197 -593 0
-197 -629 0
-197 -665 0
-233 -269 0
-233 -305 0
-233 -341 0
-233 -377 0
-233 -413 0
-233 -449 0
-233 -485 0
-233 -521 0
-233 -557 0
-233 -593 0
-233 -629 0
-233 -665 0
-269 -305 0
-269 -341 0
-269 -377 0
-269 -413 0
-269 -449 0
-269 -485 0
-269 -521 0
-269 -557 0
-269 -593 0
-269 -629 0
-269 -665 0
-305 -341 0
-305 -377 0
-305 -413 0
-305 -449 0
-305 -485 0
-305 -521 0
-305 -557 0
-305 -593 0
-305 -629 0
-305 -665 0
-341 -377 0
-341 -413 0
-341 -449 0
-341 -485 0
-341 -521 0
-341 -557 0
-341 -593 0
-341 -629 0
-341 -665 0
-377 -413 0
-377 -449 0
-377 -485 0
-377 -521 0
-377 -557 0
-377 -593 0
-377 -629 0
-377 -665 0
-413 -449 0
-413 -485 0
-413 -521 0
-413 -557 0
-413 -593 0
-413 -629 0
-413 -665 0
-449 -485 0
-449 -521 0
-449 -557 0
-449 -593 0
-449 -629 0
-449 -665 0
-485 -521 0
-485 -557 0
-485 -593 0
-485 -629 0
-485 -665 0
-521 -557 0
-521 -593 0
-521 -629 0
-521 -665 0
-557 -593 0
-557 -629 0
-557 -665 0
-593 -629 0
-593 -665 0
-629 -665 0
-18 -54 0
-18 -90 0
-18 -126 0
-18 -162 0
-18 -198 0
-18 -234 0
-18 -270 0
-18 -306 0
-18 -342 0
-18 -378 0
-18 -414 0
-18 -450 0
-18 -486 0
-18 -522 0
-18 -558 0
-18 -594 0
-18 -630 0
-54 -90 0
-54 -126 0
-54 -162 0
-54 -198 0
-54 -234 0
-54 -270 0
-54 -306 0
-54 -342 0
-54 -378 0
-54 -414 0
-54 -450 0
-54 -486 0
-54 -522 0
-54 -558 0
-54 -594 0
-54 -630 0
-90 -126 0
-90 -162 0
-90 -198 0
-90 -234 0
-90 -270 0
-90 -306 0
-90 -342 0
-90 -378 0
-90 -414 0
-90 -450 0
-90 -486 0
-90 -522 0
-90 -558 0
-90 -594 0
-90 -630 0
-126 -162 0
-126 -198 0
-126 -234 0
-126 -270 0
-126 -306 0
-126 -342 0
-126 -378 0
-126 -414 0
-126 -450 0
-126 -486 0
-126 -522 0
-126 -558 0
-126 -594 0
-126 -630 0
-162 -198 0
-162 -234 0
-162 -270 0
-162 -306 0
-162 -342 0
-162 -378 0
-162 -414 0
-162 -450 0
-162 -486 0
-162 -522 0
-162 -558 0
-162 -594 0
-162 -630 0
-198 -234 0
-198 -270 0
-198 -306 0
-198 -342 0
-198 -378 0
-198 -414 0
-198 -450 0
-198 -486 0
-198 -522 0
-198 -558 0
-198 -594 0
-198 -630 0
-234 -270 0
-234 -306 0
-234 -342 0
-234 -378 0
-234 -414 0
-234 -450 0
-234 -486 0
-234 -522 0
-234 -558 0
-234 -594 0
-234 -630 0
-270 -306 0
-270 -342 0
-270 -378 0
-270 -414 0
-270 -450 0
-270 -486 0
-270 -522 0
-270 -558 0
-270 -594 0
-270 -630 0
-306 -342 0
-306 -378 0
-306 -414 0
-306 -450 0
-306 -486 0
-306 -522 0
-306 -558 0
-306 -594 0
-306 -630 0
-342 -378 0
-342 -414 0
-342 -450 0
-342 -486 0
-342 -522 0
-342 -558 0
-342 -594 0
-342 -630 0
-378 -414 0
-378 -450 0
-378 -486 0
-378 -522 0
-378 -558 0
-378 -594 0
-378 -630 0
-414 -450 0
-414 -486 0
-414 -522 0
-414 -558 0
-414 -594 0
-414 -630 0
-450 -486 0
-450 -522 0
-450 -558 0
-450 -594 0
-450 -630 0
-486 -522 0
-486 -558 0
-486 -594 0
-486 -630 0
-522 -558 0
-522 -594 0
-522 -630 0
-558 -594 0
-558 -630 0
-594 -630 0
-19 -55 0
-19 -91 0
-19 -127 0
-19 -163 0
-19 -199 0
-19 -235 0
-19 -271 0
-19 -307 0
-19 -343 0
-19 -379 0
-19 -415 0
-19 -451 0
-19 -487 0
-19 -523 0
-19 -559 0
-19 -595 0
-55 -91 0
-55 -127 0
-55 -163 0
-55 -199 0
-55 -235 0
-55 -271 0
-55 -307 0
-55 -343 0
-55 -379 0
-55 -415 0
-55 -451 0
-55 -487 0
-55 -523 0
-55 -559 0
-55 -595 0
-91 -127 0
-91 -163 0
-91 -199 0
-91 -235 0
-91 -271 0
-91 -307 0
-91 -343 0
-91 -379 0
-91 -415 0
-91 -451 0
-91 -487 0
-91 -523 0
-91 -559 0
-91 -595 0
-127 -163 0
-127 -199 0
-127 -235 0
-127 -271 0
-127 -307 0
-127 -343 0
-127 -379 0
-127 -415 0
-127 -451 0
-127 -487 0
-127 -523 0
-127 -559 0
-127 -595 0
-163 -199 0
-163 -235 0
-163 -271 0
-163 -307 0
-163 -343 0
-163 -379 0
-163 -415 0
-163 -451 0
-163 -487 0
-163 -523 0
-163 -559 0
-163 -595 0
-199 -235 0
-199 -271 0
-199 -307 0
-199 -343 0
-199 -379 0
-199 -415 0
-199 -451 0
-199 -487 0
-199 -523 0
-199 -559 0
-199 -595 0
-235 -271 0
-235 -307 0
-235 -343 0
-235 -379 0
-235 -415 0
-235 -451 0
-235 -487 0
-235 -523 0
-235 -559 0
-235 -595 0
-271 -307 0
-271 -343 0
-271 -379 0
-271 -415 0
-271 -451 0
-271 -487 0
-271 -523 0
-271 -559 0
-271 -595 0
-307 -343 0
-307 -379 0
-307 -415 0
-307 -451 0
-307 -487 0
-307 -523 0
-307 -559 0
-307 -595 0
-343 -379 0
-343 -415 0
-343 -451 0
-343 -487 0
-343 -523 0
-343 -559 0
-343 -595 0
-379 -415 0
-379 -451 0
-379 -487 0
-379 -523 0
-379 -559 0
-379 -595 0
-415 -451 0
-415 -487 0
-415 -523 0
-415 -559 0
-415 -595 0
-451 -487 0
-451 -523 0
-451 -559 0
-451 -595 0
-487 -523 0
-487 -559 0
-487 -595 0
-523 -559 0
-523 -595 0
-559 -595 0
-20 -56 0
-20 -92 0
-20 -128 0
-20 -164 0
-20 -200 0
-20 -236 0
-20 -272 0
-20 -308 0
-20 -344 0
-20 -380 0
-20 -416 0
-20 -452 0
-20 -488 0
-20 -524 0
-20 -560 0
-56 -92 0
-56 -128 0
-56 -164 0
-56 -200 0
-56 -236 0
-56 -272 0
-56 -308 0
-56 -344 0
-56 -380 0
-56 -416 0
-56 -452 0
-56 -488 0
-56 -524 0
-56 -560 0
-92 -128 0
-92 -164 0
-92 -200 0
-92 -236 0
-92 -272 0
-92 -308 0
-92 -344 0
-92 -380 0
-92 -416 0
-92 -452 0
-92 -488 0
-92 -524 0
-92 -560 0
-128 -164 0
-128 -200 0
-128 -236 0
-128 -272 0
-128 -308 0
-128 -344 0
-128 -380 0
-128 -416 0
-128 -452 0
-128 -488 0
-128 -524 0
-128 -560 0
-164 -200 0
-164 -236 0
-164 -272 0
-164 -308 0
-164 -344 0
-164 -380 0
-164 -416 0
-164 -452 0
-164 -488 0
-164 -524 0
-164 -560 0
-200 -236 0
-200 -272 0
-200 -308 0
-200 -344 0
-200 -380 0
-200 -416 0
-200 -452 0
-200 -488 0
-200 -524 0
-200 -560 0
-236 -272 0
-236 -308 0
-236 -344 0
-236 -380 0
-236 -416 0
-236 -452 0
-236 -488 0
-236 -524 0
-236 -560 0
-272 -308 0
-272 -344 0
-272 -380 0
-272 -416 0
-272 -452 0
-272 -488 0
-272 -524 0
-272 -560 0
-308 -344 0
-308 -380 0
-308 -416 0
-308 -452 0
-308 -488 0
-308 -524 0
-308 -560 0
-344 -380 0
-344 -416 0
-344 -452 0
-344 -488 0
-344 -524 0
-344 -560 0
-380 -416 0
-380 -452 0
-380 -488 0
-380 -524 0
-380 -560 0
-416 -452 0
-416 -488 0
-416 -524 0
-416 -560 0
-452 -488 0
-452 -524 0
-452 -560 0
-488 -524 0
-488 -560 0
-524 -560 0
-21 -57 0
-21 -93 0
-21 -129 0
-21 -165 0
-21 -201 0
-21 -237 0
-21 -273 0
-21 -309 0
-21 -345 0
-21 -381 0
-21 -417 0
-21 -453 0
-21 -489 0
-21 -525 0
-57 -93 0
-57 -129 0
-57 -165 0
-57 -201 0
-57 -237 0
-57 -273 0
-57 -309 0
-57 -345 0
-57 -381 0
-57 -417 0
-57 -453 0
-57 -489 0
-57 -525 0
-93 -129 0
-93 -165 0
-93 -201 0
-93 -237 0
-93 -273 0
-93 -309 0
-93 -345 0
-93 -381 0
-93 -417 0
-93 -453 0
-93 -489 0
-93 -525 0
-129 -165 0
-129 -201 0
-129 -237 0
-129 -273 0
-129 -309 0
-129 -345 0
-129 -381 0
-129 -417 0
-129 -453 0
-129 -489 0
-129 -525 0
-165 -201 0
-165 -237 0
-165 -273 0
-165 -309 0
-165 -345 0
-165 -381 0
-165 -417 0
-165 -453 0
-165 -489 0
-165 -525 0
-201 -237 0
-201 -273 0
-201 -309 0
-201 -345 0
-201 -381 0
-201 -417 0
-201 -453 0
-201 -489 0
-201 -525 0
-237 -273 0
-237 -309 0
-237 -345 0
-237 -381 0
-237 -417 0
-237 -453 0
-237 -489 0
-237 -525 0
-273 -309 0
-273 -345 0
-273 -381 0
-273 -417 0
-273 -453 0
-273 -489 0
-273 -525 0
-309 -345 0
-309 -381 0
-309 -417 0
-309 -453 0
-309 -489 0
-309 -525 0
-345 -381 0
-345 -417 0
-345 -453 0
-345 -489 0
-345 -525 0
-381 -417 0
-381 -453 0
-381 -489 0
-381 -525 0
-417 -453 0
-417 -489 0
-417 -525 0
-453 -489 0
-453 -525 0
-489 -525 0
-22 -58 0
-22 -94 0
-22 -130 0
-22 -166 0
-22 -202 0
-22 -238 0
-22 -274 0
-22 -310 0
-22 -346 0
-22 -382 0
-22 -418 0
-22 -454 0
-22 -490 0
-58 -94 0
-58 -130 0
-58 -166 0
-58 -202 0
-58 -238 0
-58 -274 0
-58 -310 0
-58 -346 0
-58 -382 0
-58 -418 0
-58 -454 0
-58 -490 0
-94 -130 0
-94 -166 0
-94 -202 0
-94 -238 0
-94 -274 0
-94 -310 0
-94 -346 0
-94 -382 0
-94 -418 0
-94 -454 0
-94 -490 0
-130 -166 0
-130 -202 0
-130 -238 0
-130 -274 0
-130 -310 0
-130 -346 0
-130 -382 0
-130 -418 0
-130 -454 0
-130 -490 0
-166 -202 0
-166 -238 0
-166 -274 0
-166 -310 0
-166 -346 0
-166 -382 0
-166 -418 0
-166 -454 0
-166 -490 0
-202 -238 0
-202 -274 0
-202 -310 0
-202 -346 0
-202 -382 0
-202 -418 0
-202 -454 0
-202 -490 0
-238 -274 0
-238 -310 0
-238 -346 0
-238 -382 0
-238 -418 0
-238 -454 0
-238 -490 0
-274 -310 0
-274 -346 0
-274 -382 0
-274 -418 0
-274 -454 0
-274 -490 0
-310 -346 0
-310 -382 0
-310 -418 0
-310 -454 0
-310 -490 0
-346 -382 0
-346 -418 0
-346 -454 0
-346 -490 0
-382 -418 0
-382 -454 0
-382 -490 0
-418 -454 0
-418 -490 0
-454 -490 0
-23 -59 0
-23 -95 0
-23 -131 0
-23 -167 0
-23 -203 0
-23 -239 0
-23 -275 0
-23 -311 0
-23 -347 0
-23 -383 0
-23 -419 0
-23 -455 0
-59 -95 0
-59 -131 0
-59 -167 0
-59 -203 0
-59 -239 0
-59 -275 0
-59 -311 0
-59 -347 0
-59 -383 0
-59 -419 0
-59 -455 0
-95 -131 0
-95 -167 0
-95 -203 0
-95 -239 0
-95 -275 0
-95 -311 0
-95 -347 0
-95 -383 0
-95 -419 0
-95 -455 0
-131 -167 0
-131 -203 0
-131 -239 0
-131 -275 0
-131 -311 0
-131 -347 0
-131 -383 0
-131 -419 0
-131 -455 0
-167 -203 0
-167 -239 0
-167 -275 0
-167 -311 0
-167 -347 0
-167 -383 0
-167 -419 0
-167 -455 0
-203 -239 0
-203 -275 0
-203 -311 0
-203 -347 0
-203 -383 0
-203 -419 0
-203 -455 0
-239 -275 0
-239 -311 0
-239 -347 0
-239 -383 0
-239 -419 0
-239 -455 0
-275 -311 0
-275 -347 0
-275 -383 0
-275 -419 0
-275 -455 0
-311 -347 0
-311 -383 0
-311 -419 0
-311 -455 0
-347 -383 0
-347 -419 0
-347 -455 0
-383 -419 0
-383 -455 0
-419 -455 0
-24 -60 0
-24 -96 0
-24 -132 0
-24 -168 0
-24 -204 0
-24 -240 0
-24 -276 0
-24 -312 0
-24 -348 0
-24 -384 0
-24 -420 0
-60 -96 0
-60 -132 0
-60 -168 0
-60 -204 0
-60 -240 0
-60 -276 0
-60 -312 0
-60 -348 0
-60 -384 0
-60 -420 0
-96 -132 0
-96 -168 0
-96 -204 0
-96 -240 0
-96 -276 0
-96 -312 0
-96 -348 0
-96 -384 0
-96 -420 0
-132 -168 0
-132 -204 0
-132 -240 0
-132 -276 0
-132 -312 0
-132 -348 0
-132 -384 0
-132 -420 0
-168 -204 0
-168 -240 0
-168 -276 0
-168 -312 0
-168 -348 0
-168 -384 0
-168 -420 0
-204 -240 0
-204 -276 0
-204 -312 0
-204 -348 0
-204 -384 0
-204 -420 0
-240 -276 0
-240 -312 0
-240 -348 0
-240 -384 0
-240 -420 0
-276 -312 0
-276 -348 0
-276 -384 0
-276 -420 0
-312 -348 0
-312 -384 0
-312 -420 0
-348 -384 0
-348 -420 0
-384 -420 0
-25 -61 0
-25 -97 0
-25 -133 0
-25 -169 0
-25 -205 0
-25 -241 0
-25 -277 0
-25 -313 0
-25 -349 0
-25 -385 0
-61 -97 0
-61 -133 0
-61 -169 0
-61 -205 0
-61 -241 0
-61 -277 0
-61 -313 0
-61 -349 0
-61 -385 0
-97 -133 0
-97 -169 0
-97 -205 0
-97 -241 0
-97 -277 0
-97 -313 0
-97 -349 0
-97 -385 0
-133 -169 0
-133 -205 0
-133 -241 0
-133 -277 0
-133 -313 0
-133 -349 0
-133 -385 0
-169 -205 0
-169 -241 0
-169 -277 0
-169 -313 0
-169 -349 0
-169 -385 0
-205 -241 0
-205 -277 0
-205 -313 0
-205 -349 0
-205 -385 0
-241 -277 0
-241 -313 0
-241 -349 0
-241 -385 0
-277 -313 0
-277 -349 0
-277 -385 0
-313 -349 0
-313 -385 0
-349 -385 0
-26 -62 0
-26 -98 0
-26 -134 0
-26 -170 0
-26 -206 0
-26 -242 0
-26 -278 0
-26 -314 0
-26 -350 0
-62 -98 0
-62 -134 0
-62 -170 0
-62 -206 0
-62 -242 0
-62 -278 0
-62 -314 0
-62 -350 0
-98 -134 0
-98 -170 0
-98 -206 0
-98 -242 0
-98 -278 0
-98 -314 0
-98 -350 0
-134 -170 0
-134 -206 0
-134 -242 0
-134 -278 0
-134 -314 0
-134 -350 0
-170 -206 0
-170 -242 0
-170 -278 0
-170 -314 0
-170 -350 0
-206 -242 0
-206 -278 0
-206 -314 0
-206 -350 0
-242 -278 0
-242 -314 0
-242 -350 0
-278 -314 0
-278 -350 0
-314 -350 0
-27 -63 0
-27 -99 0
-27 -135 0
-27 -171 0
-27 -207 0
-27 -243 0
-27 -279 0
-27 -315 0
-63 -99 0
-63 -135 0
-63 -171 0
-63 -207 0
-63 -243 0
-63 -279 0
-63 -315 0
-99 -135 0
-99 -171 0
-99 -207 0
-99 -243 0
-99 -279 0
-99 -315 0
-135 -171 0
-135 -207 0
-135 -243 0
-135 -279 0
-135 -315 0
-171 -207 0
-171 -243 0
-171 -279 0
-171 -315 0
-207 -243 0
-207 -279 0
-207 -315 0
-243 -279 0
-243 -315 0
-279 -315 0
-28 -64 0
-28 -100 0
-28 -136 0
-28 -172 0
-28 -208 0
-28 -244 0
-28 -280 0
-64 -100 0
-64 -136 0
-64 -172 0
-64 -208 0
-64 -244 0
-64 -280 0
-100 -136 0
-100 -172 0
-100 -208 0
-100 -244 0
-100 -280 0
-136 -172 0
-136 -208 0
-136 -244 0
-136 -280 0
-172 -208 0
-172 -244 0
-172 -280 0
-208 -244 0
-208 -280 0
-244 -280 0
-29 -65 0
-29 -101 0
-29 -137 0
-29 -173 0
-29 -209 0
-29 -245 0
-65 -101 0
-65 -137 0
-65 -173 0
-65 -209 0
-65 -245 0
-101 -137 0
-101 -173 0
-101 -209 0
-101 -245 0
-137 -173 0
-137 -209 0
-137 -245 0
-173 -209 0
-173 -245 0
-209 -245 0
-30 -66 0
-30 -102 0
-30 -138 0
-30 -174 0
-30 -210 0
-66 -102 0
-66 -138 0
-66 -174 0
-66 -210 0
-102 -138 0
-102 -174 0
-102 -210 0
-138 -174 0
-138 -210 0
-174 -210 0
-31 -67 0
-31 -103 0
-31 -139 0
-31 -175 0
-67 -103 0
-67 -139 0
-67 -175 0
-103 -139 0
-103 -175 0
-139 -175 0
-32 -68 0
-32 -104 0
-32 -140 0
-68 -104 0
-68 -140 0
-104 -140 0
-33 -69 0
-33 -105 0
-69 -105 0
-34 -70 0
-36 -72 0
-36 -108 0
-36 -144 0
-36 -180 0
-36 -216 0
-36 -252 0
-36 -288 0
-36 -324 0
-36 -360 0
-36 -396 0
-36 -432 0
-36 -468 0
-36 -504 0
-36 -540 0
-36 -576 0
-36 -612 0
-36 -648 0
-36 -684 0
-36 -720 0
-36 -756 0
-36 -792 0
-36 -828 0
-36 -864 0
-36 -900 0
-36 -936 0
-36 -972 0
-36 -1008 0
-36 -1044 0
-36 -1080 0
-36 -1116 0
-36 -1152 0
-36 -1188 0
-36 -1224 0
-72 -108 0
-72 -144 0
-72 -180 0
-72 -216 0
-72 -252 0
-72 -288 0
-72 -324 0
-72 -360 0
-72 -396 0
-72 -432 0
-72 -468 0
-72 -504 0
-72 -540 0
-72 -576 0
-72 -612 0
-72 -648 0
-72 -684 0
-72 -720 0
-72 -756 0
-72 -792 0
-72 -828 0
-72 -864 0
-72 -900 0
-72 -936 0
-72 -972 0
-72 -1008 0
-72 -1044 0
-72 -1080 0
-72 -1116 0
-72 -1152 0
-72 -1188 0
-72 -1224 0
-108 -144 0
-108 -180 0
-108 -216 0
-108 -252 0
-108 -288 0
-108 -324 0
-108 -360 0
-108 -396 0
-108 -432 0
-108 -468 0
-108 -504 0
-108 -540 0
-108 -576 0
-108 -612 0
-108 -648 0
-108 -684 0
-108 -720 0
-108 -756 0
-108 -792 0
-108 -828 0
-108 -864 0
-108 -900 0
-108 -936 0
-108 -972 0
-108 -1008 0
-108 -1044 0
-108 -1080 0
-108 -1116 0
-108 -1152 0
-108 -1188 0
-108 -1224 0
-144 -180 0
-144 -216 0
-144 -252 0
-144 -288 0
-144 -324 0
-144 -360 0
-144 -396 0
-144 -432 0
-144 -468 0
-144 -504 0
-144 -540 0
-144 -576 0
-144 -612 0
-144 -648 0
-144 -684 0
-144 -720 0
-144 -756 0
-144 -792 0
-144 -828 0
-144 -864 0
-144 -900 0
-144 -936 0
-144 -972 0
-144 -1008 0
-144 -1044 0
-144 -1080 0
-144 -1116 0
-144 -1152 0
-144 -1188 0
-144 -1224 0
-180 -216 0
-180 -252 0
-180 -288 0
-180 -324 0
-180 -360 0
-180 -396 0
-180 -432 0
-180 -468 0
-180 -504 0
-180 -540 0
-180 -576 0
-180 -612 0
-180 -648 0
-180 -684 0
-180 -720 0
-180 -756 0
-180 -792 0
-180 -828 0
-180 -864 0
-180 -900 0
-180 -936 0
-180 -972 0
-180 -1008 0
-180 -1044 0
-180 -1080 0
-180 -1116 0
-180 -1152 0
-180 -1188 0
-180 -1224 0
-216 -252 0
-216 -288 0
-216 -324 0
-216 -360 0
-216 -396 0
-216 -432 0
-216 -468 0
-216 -504 0
-216 -540 0
-216 -576 0
-216 -612 0
-216 -648 0
-216 -684 0
-216 -720 0
-216 -756 0
-216 -792 0
-216 -828 0
-216 -864 0
-216 -900 0
-216 -936 0
-216 -972 0
-216 -1008 0
-216 -1044 0
-216 -1080 0
-216 -1116 0
-216 -1152 0
-216 -1188 0
-216 -1224 0
-252 -288 0
-252 -324 0
-252 -360 0
-252 -396 0
-252 -432 0
-252 -468 0
-252 -504 0
-252 -540 0
-252 -576 0
-252 -612 0
-252 -648 0
-252 -684 0
-252 -720 0
-252 -756 0
-252 -792 0
-252 -828 0
-252 -864 0
-252 -900 0
-252 -936 0
-252 -972 0
-252 -1008 0
-252 -1044 0
-252 -1080 0
-252 -1116 0
-252 -1152 0
-252 -1188 0
-252 -1224 0
-288 -324 0
-288 -360 0
-288 -396 0
-288 -432 0
-288 -468 0
-288 -504 0
-288 -540 0
-288 -576 0
-288 -612 0
-288 -648 0
-288 -684 0
-288 -720 0
-288 -756 0
-288 -792 0
-288 -828 0
-288 -864 0
-288 -900 0
-288 -936 0
-288 -972 0
-288 -1008 0
-288 -1044 0
-288 -1080 0
-288 -1116 0
-288 -1152 0
-288 -1188 0
-288 -1224 0
-324 -360 0
-324 -396 0
-324 -432 0
-324 -468 0
-324 -504 0
-324 -540 0
-324 -576 0
-324 -612 0
-324 -648 0
-324 -684 0
-324 -720 0
-324 -756 0
-324 -792 0
-324 -828 0
-324 -864 0
-324 -900 0
-324 -936 0
-324 -972 0
-324 -1008 0
-324 -1044 0
-324 -1080 0
-324 -1116 0
-324 -1152 0
-324 -1188 0
-324 -1224 0
-360 -396 0
-360 -432 0
-360 -468 0
-360 -504 0
-360 -540 0
-360 -576 0
-360 -612 0
-360 -648 0
-360 -684 0
-360 -720 0
-360 -756 0
-360 -792 0
-360 -828 0
-360 -864 0
-360 -900 0
-360 -936 0
-360 -972 0
-360 -1008 0
-360 -1044 0
-360 -1080 0
-360 -1116 0
-360 -1152 0
-360 -1188 0
-360 -1224 0
-396 -432 0
-396 -468 0
-396 -504 0
-396 -540 0
-396 -576 0
-396 -612 0
-396 -648 0
-396 -684 0
-396 -720 0
-396 -756 0
-396 -792 0
-396 -828 0
-396 -864 0
-396 -900 0
-396 -936 0
-396 -972 0
-396 -1008 0
-396 -1044 0
-396 -1080 0
-396 -1116 0
-396 -1152 0
-396 -1188 0
-396 -1224 0
-432 -468 0
-432 -504 0
-432 -540 0
-432 -576 0
-432 -612 0
-432 -648 0
-432 -684 0
-432 -720 0
-432 -756 0
-432 -792 0
-432 -828 0
-432 -864 0
-432 -900 0
-432 -936 0
-432 -972 0
-432 -1008 0
-432 -1044 0
-432 -1080 0
-432 -1116 0
-432 -1152 0
-432 -1188 0
-432 -1224 0
-468 -504 0
-468 -540 0
-468 -576 0
-468 -612 0
-468 -648 0
-468 -684 0
-468 -720 0
-468 -756 0
-468 -792 0
-468 -828 0
-468 -864 0
-468 -900 0
-468 -936 0
-468 -972 0
-468 -1008 0
-468 -1044 0
-468 -1080 0
-468 -1116 0
-468 -1152 0
-468 -1188 0
-468 -1224 0
-504 -540 0
-504 -576 0
-504 -612 0
-504 -648 0
-504 -684 0
-504 -720 0
-504 -756 0
-504 -792 0
-504 -828 0
-504 -864 0
-504 -900 0
-504 -936 0
-504 -972 0
-504 -1008 0
-504 -1044 0
-504 -1080 0
-504 -1116 0
-504 -1152 0
-504 -1188 0
-504 -1224 0
-540 -576 0
-540 -612 0
-540 -648 0
-540 -684 0
-540 -720 0
-540 -756 0
-540 -792 0
-540 -828 0
-540 -864 0
-540 -900 0
-540 -936 0
-540 -972 0
-540 -1008 0
-540 -1044 0
-540 -1080 0
-540 -1116 0
-540 -1152 0
-540 -1188 0
-540 -1224 0
-576 -612 0
-576 -648 0
-576 -684 0
-576 -720 0
-576 -756 0
-576 -792 0
-576 -828 0
-576 -864 0
-576 -900 0
-576 -936 0
-576 -972 0
-576 -1008 0
-576 -1044 0
-576 -1080 0
-576 -1116 0
-576 -1152 0
-576 -1188 0
-576 -1224 0
-612 -648 0
-612 -684 0
-612 -720 0
-612 -756 0
-612 -792 0
-612 -828 0
-612 -864 0
-612 -900 0
-612 -936 0
-612 -972 0
-612 -1008 0
-612 -1044 0
-612 -1080 0
-612 -1116 0
-612 -1152 0
-612 -1188 0
-612 -1224 0
-648 -684 0
-648 -720 0
-648 -756 0
-648 -792 0
-648 -828 0
-648 -864 0
-648 -900 0
-648 -936 0
-648 -972 0
-648 -1008 0
-648 -1044 0
-648 -1080 0
-648 -1116 0
-648 -1152 0
-648 -1188 0
-648 -1224 0
-684 -720 0
-684 -756 0
-684 -792 0
-684 -828 0
-684 -864 0
-684 -900 0
-684 -936 0
-684 -972 0
-684 -1008 0
-684 -1044 0
-684 -1080 0
-684 -1116 0
-684 -1152 0
-684 -1188 0
-684 -1224 0
-720 -756 0
-720 -792 0
-720 -828 0
-720 -864 0
-720 -900 0
-720 -936 0
-720 -972 0
-720 -1008 0
-720 -1044 0
-720 -1080 0
-720 -1116 0
-720 -1152 0
-720 -1188 0
-720 -1224 0
-756 -792 0
-756 -828 0
-756 -864 0
-756 -900 0
-756 -936 0
-756 -972 0
-756 -1008 0
-756 -1044 0
-756 -1080 0
-756 -1116 0
-756 -1152 0
-756 -1188 0
-756 -1224 0
-792 -828 0
-792 -864 0
-792 -900 0
-792 -936 0
-792 -972 0
-792 -1008 0
-792 -1044 0
-792 -1080 0
-792 -1116 0
-792 -1152 0
-792 -1188 0
-792 -1224 0
-828 -864 0
-828 -900 0
-828 -936 0
-828 -972 0
-828 -1008 0
-828 -1044 0
-828 -1080 0
-828 -1116 0
-828 -1152 0
-828 -1188 0
-828 -1224 0
-864 -900 0
-864 -936 0
-864 -972 0
-864 -1008 0
-864 -1044 0
-864 -1080 0
-864 -1116 0
-864 -1152 0
-864 -1188 0
-864 -1224 0
-900 -936 0
-900 -972 0
-900 -1008 0
-900 -1044 0
-900 -1080 0
-900 -1116 0
-900 -1152 0
-900 -1188 0
-900 -1224 0
-936 -972 0
-936 -1008 0
-936 -1044 0
-936 -1080 0
-936 -1116 0
-936 -1152 0
-936 -1188 0
-936 -1224 0
-972 -1008 0
-972 -1044 0
-972 -1080 0
-972 -1116 0
-972 -1152 0
-972 -1188 0
-972 -1224 0
-1008 -1044 0
-1008 -1080 0
-1008 -1116 0
-1008 -1152 0
-1008 -1188 0
-1008 -1224 0
-1044 -1080 0
-1044 -1116 0
-1044 -1152 0
-1044 -1188 0
-1044 -1224 0
-1080 -1116 0
-1080 -1152 0
-1080 -1188 0
-1080 -1224 0
-1116 -1152 0
-1116 -1188 0
-1116 -1224 0
-1152 -1188 0
-1152 -1224 0
-1188 -1224 0
-71 -107 0
-71 -143 0
-71 -179 0
-71 -215 0
-71 -251 0
-71 -287 0
-71 -323 0
-71 -359 0
-71 -395 0
-71 -431 0
-71 -467 0
-71 -503 0
-71 -539 0
-71 -575 0
-71 -611 0
-71 -647 0
-71 -683 0
-71 -719 0
-71 -755 0
-71 -791 0
-71 -827 0
-71 -863 0
-71 -899 0
-71 -935 0
-71 -971 0
-71 -1007 0
-71 -1043 0
-71 -1079 0
-71 -1115 0
-71 -1151 0
-71 -1187 0
-71 -1223 0
-107 -143 0
-107 -179 0
-107 -215 0
-107 -251 0
-107 -287 0
-107 -323 0
-107 -359 0
-107 -395 0
-107 -431 0
-107 -467 0
-107 -503 0
-107 -539 0
-107 -575 0
-107 -611 0
-107 -647 0
-107 -683 0
-107 -719 0
-107 -755 0
-107 -791 0
-107 -827 0
-107 -863 0
-107 -899 0
-107 -935 0
-107 -971 0
-107 -1007 0
-107 -1043 0
-107 -1079 0
-107 -1115 0
-107 -1151 0
-107 -1187 0
-107 -1223 0
-143 -179 0
-143 -215 0
-143 -251 0
-143 -287 0
-143 -323 0
-143 -359 0
-143 -395 0
-143 -431 0
-143 -467 0
-143 -503 0
-143 -539 0
-143 -575 0
-143 -611 0
-143 -647 0
-143 -683 0
-143 -719 0
-143 -755 0
-143 -791 0
-143 -827 0
-143 -863 0
-143 -899 0
-143 -935 0
-143 -971 0
-143 -1007 0
-143 -1043 0
-143 -1079 0
-143 -1115 0
-143 -1151 0
-143 -1187 0
-143 -1223 0
-179 -215 0
-179 -251 0
-179 -287 0
-179 -323 0
-179 -359 0
-179 -395 0
-179 -431 0
-179 -467 0
-179 -503 0
-179 -539 0
-179 -575 0
-179 -611 0
-179 -647 0
-179 -683 0
-179 -719 0
-179 -755 0
-179 -791 0
-179 -827 0
-179 -863 0
-179 -899 0
-179 -935 0
-179 -971 0
-179 -1007 0
-179 -1043 0
-179 -1079 0
-179 -1115 0
-179 -1151 0
-179 -1187 0
-179 -1223 0
-215 -251 0
-215 -287 0
-215 -323 0
-215 -359 0
-215 -395 0
-215 -431 0
-215 -467 0
-215 -503 0
-215 -539 0
-215 -575 0
-215 -611 0
-215 -647 0
-215 -683 0
-215 -719 0
-215 -755 0
-215 -791 0
-215 -827 0
-215 -863 0
-215 -899 0
-215 -935 0
-215 -971 0
-215 -1007 0
-215 -1043 0
-215 -1079 0
-215 -1115 0
-215 -1151 0
-215 -1187 0
-215 -1223 0
-251 -287 0
-251 -323 0
-251 -359 0
-251 -395 0
-251 -431 0
-251 -467 0
-251 -503 0
-251 -539 0
-251 -575 0
-251 -611 0
-251 -647 0
-251 -683 0
-251 -719 0
-251 -755 0
-251 -791 0
-251 -827 0
-251 -863 0
-251 -899 0
-251 -935 0
-251 -971 0
-251 -1007 0
-251 -1043 0
-251 -1079 0
-251 -1115 0
-251 -1151 0
-251 -1187 0
-251 -1223 0
-287 -323 0
-287 -359 0
-287 -395 0
-287 -431 0
-287 -467 0
-287 -503 0
-287 -539 0
-287 -575 0
-287 -611 0
-287 -647 0
-287 -683 0
-287 -719 0
-287 -755 0
-287 -791 0
-287 -827 0
-287 -863 0
-287 -899 0
-287 -935 0
-287 -971 0
-287 -1007 0
-287 -1043 0
-287 -1079 0
-287 -1115 0
-287 -1151 0
-287 -1187 0
-287 -1223 0
-323 -359 0
-323 -395 0
-323 -431 0
-323 -467 0
-323 -503 0
-323 -539 0
-323 -575 0
-323 -611 0
-323 -647 0
-323 -683 0
-323 -719 0
-323 -755 0
-323 -791 0
-323 -827 0
-323 -863 0
-323 -899 0
-323 -935 0
-323 -971 0
-323 -1007 0
-323 -1043 0
-323 -1079 0
-323 -1115 0
-323 -1151 0
-323 -1187 0
-323 -1223 0
-359 -395 0
-359 -431 0
-359 -467 0
-359 -503 0
-359 -539 0
-359 -575 0
-359 -611 0
-359 -647 0
-359 -683 0
-359 -719 0
-359 -755 0
-359 -791 0
-359 -827 0
-359 -863 0
-359 -899 0
-359 -935 0
-359 -971 0
-359 -1007 0
-359 -1043 0
-359 -1079 0
-359 -1115 0
-359 -1151 0
-359 -1187 0
-359 -1223 0
-395 -431 0
-395 -467 0
-395 -503 0
-395 -539 0
-395 -575 0
-395 -611 0
-395 -647 0
-395 -683 0
-395 -719 0
-395 -755 0
-395 -791 0
-395 -827 0
-395 -863 0
-395 -899 0
-395 -935 0
-395 -971 0
-395 -1007 0
-395 -1043 0
-395 -1079 0
-395 -1115 0
-395 -1151 0
-395 -1187 0
-395 -1223 0
-431 -467 0
-431 -503 0
-431 -539 0
-431 -575 0
-431 -611 0
-431 -647 0
-431 -683 0
-431 -719 0
-431 -755 0
-431 -791 0
-431 -827 0
-431 -863 0
-431 -899 0
-431 -935 0
-431 -971 0
-431 -1007 0
-431 -1043 0
-431 -1079 0
-431 -1115 0
-431 -1151 0
-431 -1187 0
-431 -1223 0
-467 -503 0
-467 -539 0
-467 -575 0
-467 -611 0
-467 -647 0
-467 -683 0
-467 -719 0
-467 -755 0
-467 -791 0
-467 -827 0
-467 -863 0
-467 -899 0
-467 -935 0
-467 -971 0
-467 -1007 0
-467 -1043 0
-467 -1079 0
-467 -1115 0
-467 -1151 0
-467 -1187 0
-467 -1223 0
-503 -539 0
-503 -575 0
-503 -611 0
-503 -647 0
-503 -683 0
-503 -719 0
-503 -755 0
-503 -791 0
-503 -827 0
-503 -863 0
-503 -899 0
-503 -935 0
-503 -971 0
-503 -1007 0
-503 -1043 0
-503 -1079 0
-503 -1115 0
-503 -1151 0
-503 -1187 0
-503 -1223 0
-539 -575 0
-539 -611 0
-539 -647 0
-539 -683 0
-539 -719 0
-539 -755 0
-539 -791 0
-539 -827 0
-539 -863 0
-539 -899 0
-539 -935 0
-539 -971 0
-539 -1007 0
-539 -1043 0
-539 -1079 0
-539 -1115 0
-539 -1151 0
-539 -1187 0
-539 -1223 0
-575 -611 0
-575 -647 0
-575 -683 0
-575 -719 0
-575 -755 0
-575 -791 0
-575 -827 0
-575 -863 0
-575 -899 0
-575 -935 0
-575 -971 0
-575 -1007 0
-575 -1043 0
-575 -1079 0
-575 -1115 0
-575 -1151 0
-575 -1187 0
-575 -1223 0
-611 -647 0
-611 -683 0
-611 -719 0
-611 -755 0
-611 -791 0
-611 -827 0
-611 -863 0
-611 -899 0
-611 -935 0
-611 -971 0
-611 -1007 0
-611 -1043 0
-611 -1079 0
-611 -1115 0
-611 -1151 0
-611 -1187 0
-611 -1223 0
-647 -683 0
-647 -719 0
-647 -755 0
-647 -791 0
-647 -827 0
-647 -863 0
-647 -899 0
-647 -935 0
-647 -971 0
-647 -1007 0
-647 -1043 0
-647 -1079 0
-647 -1115 0
-647 -1151 0
-647 -1187 0
-647 -1223 0
-683 -719 0
-683 -755 0
-683 -791 0
-683 -827 0
-683 -863 0
-683 -899 0
-683 -935 0
-683 -971 0
-683 -1007 0
-683 -1043 0
-683 -1079 0
-683 -1115 0
-683 -1151 0
-683 -1187 0
-683 -1223 0
-719 -755 0
-719 -791 0
-719 -827 0
-719 -863 0
-719 -899 0
-719 -935 0
-719 -971 0
-719 -1007 0
-719 -1043 0
-719 -1079 0
-719 -1115 0
-719 -1151 0
-719 -1187 0
-719 -1223 0
-755 -791 0
-755 -827 0
-755 -863 0
-755 -899 0
-755 -935 0
-755 -971 0
-755 -1007 0
-755 -1043 0
-755 -1079 0
-755 -1115 0
-755 -1151 0
-755 -1187 0
-755 -1223 0
-791 -827 0
-791 -863 0
-791 -899 0
-791 -935 0
-791 -971 0
-791 -1007 0
-791 -1043 0
-791 -1079 0
-791 -1115 0
-791 -1151 0
-791 -1187 0
-791 -1223 0
-827 -863 0
-827 -899 0
-827 -935 0
-827 -971 0
-827 -1007 0
-827 -1043 0
-827 -1079 0
-827 -1115 0
-827 -1151 0
-827 -1187 0
-827 -1223 0
-863 -899 0
-863 -935 0
-863 -971 0
-863 -1007 0
-863 -1043 0
-863 -1079 0
-863 -1115 0
-863 -1151 0
-863 -1187 0
-863 -1223 0
-899 -935 0
-899 -971 0
-899 -1007 0
-899 -1043 0
-899 -1079 0
-899 -1115 0
-899 -1151 0
-899 -1187 0
-899 -1223 0
-935 -971 0
-935 -1007 0
-935 -1043 0
-935 -1079 0
-935 -1115 0
-935 -1151 0
-935 -1187 0
-935 -1223 0
-971 -1007 0
-971 -1043 0
-971 -1079 0
-971 -1115 0
-971 -1151 0
-971 -1187 0
-971 -1223 0
-1007 -1043 0
-1007 -1079 0
-1007 -1115 0
-1007 -1151 0
-1007 -1187 0
-1007 -1223 0
-1043 -1079 0
-1043 -1115 0
-1043 -1151 0
-1043 -1187 0
-1043 -1223 0
-1079 -1115 0
-1079 -1151 0
-1079 -1187 0
-1079 -1223 0
-1115 -1151 0
-1115 -1187 0
-1115 -1223 0
-1151 -1187 0
-1151 -1223 0
-1187 -1223 0
-106 -142 0
-106 -178 0
-106 -214 0
-106 -250 0
-106 -286 0
-106 -322 0
-106 -358 0
-106 -394 0
-106 -430 0
-106 -466 0
-106 -502 0
-106 -538 0
-106 -574 0
-106 -610 0
-106 -646 0
-106 -682 0
-106 -718 0
-106 -754 0
-106 -790 0
-106 -826 0
-106 -862 0
-106 -898 0
-106 -934 0
-106 -970 0
-106 -1006 0
-106 -1042 0
-106 -1078 0
-106 -1114 0
-106 -1150 0
-106 -1186 0
-106 -1222 0
-142 -178 0
-142 -214 0
-142 -250 0
-142 -286 0
-142 -322 0
-142 -358 0
-142 -394 0
-142 -430 0
-142 -466 0
-142 -502 0
-142 -538 0
-142 -574 0
-142 -610 0
-142 -646 0
-142 -682 0
-142 -718 0
-142 -754 0
-142 -790 0
-142 -826 0
-142 -862 0
-142 -898 0
-142 -934 0
-142 -970 0
-142 -1006 0
-142 -1042 0
-142 -1078 0
-142 -1114 0
-142 -1150 0
-142 -1186 0
-142 -1222 0
-178 -214 0
-178 -250 0
-178 -286 0
-178 -322 0
-178 -358 0
-178 -394 0
-178 -430 0
-178 -466 0
-178 -502 0
-178 -538 0
-178 -574 0
-178 -610 0
-178 -646 0
-178 -682 0
-178 -718 0
-178 -754 0
-178 -790 0
-178 -826 0
-178 -862 0
-178 -898 0
-178 -934 0
-178 -970 0
-178 -1006 0
-178 -1042 0
-178 -1078 0
-178 -1114 0
-178 -1150 0
-178 -1186 0
-178 -1222 0
-214 -250 0
-214 -286 0
-214 -322 0
-214 -358 0
-214 -394 0
-214 -430 0
-214 -466 0
-214 -502 0
-214 -538 0
-214 -574 0
-214 -610 0
-214 -646 0
-214 -682 0
-214 -718 0
-214 -754 0
-214 -790 0
-214 -826 0
-214 -862 0
-214 -898 0
-214 -934 0
-214 -970 0
-214 -1006 0
-214 -1042 0
-214 -1078 0
-214 -1114 0
-214 -1150 0
-214 -1186 0
-214 -1222 0
-250 -286 0
-250 -322 0
-250 -358 0
-250 -394 0
-250 -430 0
-250 -466 0
-250 -502 0
-250 -538 0
-250 -574 0
-250 -610 0
-250 -646 0
-250 -682 0
-250 -718 0
-250 -754 0
-250 -790 0
-250 -826 0
-250 -862 0
-250 -898 0
-250 -934 0
-250 -970 0
-250 -1006 0
-250 -1042 0
-250 -1078 0
-250 -1114 0
-250 -1150 0
-250 -1186 0
-250 -1222 0
-286 -322 0
-286 -358 0
-286 -394 0
-286 -430 0
-286 -466 0
-286 -502 0
-286 -538 0
-286 -574 0
-286 -610 0
-286 -646 0
-286 -682 0
-286 -718 0
-286 -754 0
-286 -790 0
-286 -826 0
-286 -862 0
-286 -898 0
-286 -934 0
-286 -970 0
-286 -1006 0
-286 -1042 0
-286 -1078 0
-286 -1114 0
-286 -1150 0
-286 -1186 0
-286 -1222 0
-322 -358 0
-322 -394 0
-322 -430 0
-322 -466 0
-322 -502 0
-322 -538 0
-322 -574 0
-322 -610 0
-322 -646 0
-322 -682 0
-322 -718 0
-322 -754 0
-322 -790 0
-322 -826 0
-322 -862 0
-322 -898 0
-322 -934 0
-322 -970 0
-322 -1006 0
-322 -1042 0
-322 -1078 0
-322 -1114 0
-322 -1150 0
-322 -1186 0
-322 -1222 0
-358 -394 0
-358 -430 0
-358 -466 0
-358 -502 0
-358 -538 0
-358 -574 0
-358 -610 0
-358 -646 0
-358 -682 0
-358 -718 0
-358 -754 0
-358 -790 0
-358 -826 0
-358 -862 0
-358 -898 0
-358 -934 0
-358 -970 0
-358 -1006 0
-358 -1042 0
-358 -1078 0
-358 -1114 0
-358 -1150 0
-358 -1186 0
-358 -1222 0
-394 -430 0
-394 -466 0
-394 -502 0
-394 -538 0
-394 -574 0
-394 -610 0
-394 -646 0
-394 -682 0
-394 -718 0
-394 -754 0
-394 -790 0
-394 -826 0
-394 -862 0
-394 -898 0
-394 -934 0
-394 -970 0
-394 -1006 0
-394 -1042 0
-394 -1078 0
-394 -1114 0
-394 -1150 0
-394 -1186 0
-394 -1222 0
-430 -466 0
-430 -502 0
-430 -538 0
-430 -574 0
-430 -610 0
-430 -646 0
-430 -682 0
-430 -718 0
-430 -754 0
-430 -790 0
-430 -826 0
-430 -862 0
-430 -898 0
-430 -934 0
-430 -970 0
-430 -1006 0
-430 -1042 0
-430 -1078 0
-430 -1114 0
-430 -1150 0
-430 -1186 0
-430 -1222 0
-466 -502 0
-466 -538 0
-466 -574 0
-466 -610 0
-466 -646 0
-466 -682 0
-466 -718 0
-466 -754 0
-466 -790 0
-466 -826 0
-466 -862 0
-466 -898 0
-466 -934 0
-466 -970 0
-466 -1006 0
-466 -1042 0
-466 -1078 0
-466 -1114 0
-466 -1150 0
-466 -1186 0
-466 -1222 0
-502 -538 0
-502 -574 0
-502 -610 0
-502 -646 0
-502 -682 0
-502 -718 0
-502 -754 0
-502 -790 0
-502 -826 0
-502 -862 0
-502 -898 0
-502 -934 0
-502 -970 0
-502 -1006 0
-502 -1042 0
-502 -1078 0
-502 -1114 0
-502 -1150 0
-502 -1186 0
-502 -1222 0
-538 -574 0
-538 -610 0
-538 -646 0
-538 -682 0
-538 -718 0
-538 -754 0
-538 -790 0
-538 -826 0
-538 -862 0
-538 -898 0
-538 -934 0
-538 -970 0
-538 -1006 0
-538 -1042 0
-538 -1078 0
-538 -1114 0
-538 -1150 0
-538 -1186 0
-538 -1222 0
-574 -610 0
-574 -646 0
-574 -682 0
-574 -718 0
-574 -754 0
-574 -790 0
-574 -826 0
-574 -862 0
-574 -898 0
-574 -934 0
-574 -970 0
-574 -1006 0
-574 -1042 0
-574 -1078 0
-574 -1114 0
-574 -1150 0
-574 -1186 0
-574 -1222 0
-610 -646 0
-610 -682 0
-610 -718 0
-610 -754 0
-610 -790 0
-610 -826 0
-610 -862 0
-610 -898 0
-610 -934 0
-610 -970 0
-610 -1006 0
-610 -1042 0
-610 -1078 0
-610 -1114 0
-610 -1150 0
-610 -1186 0
-610 -1222 0
-646 -682 0
-646 -718 0
-646 -754 0
-646 -790 0
-646 -826 0
-646 -862 0
-646 -898 0
-646 -934 0
-646 -970 0
-646 -1006 0
-646 -1042 0
-646 -1078 0
-646 -1114 0
-646 -1150 0
-646 -1186 0
-646 -1222 0
-682 -718 0
-682 -754 0
-682 -790 0
-682 -826 0
-682 -862 0
-682 -898 0
-682 -934 0
-682 -970 0
-682 -1006 0
-682 -1042 0
-682 -1078 0
-682 -1114 0
-682 -1150 0
-682 -1186 0
-682 -1222 0
-718 -754 0
-718 -790 0
-718 -826 0
-718 -862 0
-718 -898 0
-718 -934 0
-718 -970 0
-718 -1006 0
-718 -1042 0
-718 -1078 0
-718 -1114 0
-718 -1150 0
-718 -1186 0
-718 -1222 0
-754 -790 0
-754 -826 0
-754 -862 0
-754 -898 0
-754 -934 0
-754 -970 0
-754 -1006 0
-754 -1042 0
-754 -1078 0
-754 -1114 0
-754 -1150 0
-754 -1186 0
-754 -1222 0
-790 -826 0
-790 -862 0
-790 -898 0
-790 -934 0
-790 -970 0
-790 -1006 0
-790 -1042 0
-790 -1078 0
-790 -1114 0
-790 -1150 0
-790 -1186 0
-790 -1222 0
-826 -862 0
-826 -898 0
-826 -934 0
-826 -970 0
-826 -1006 0
-826 -1042 0
-826 -1078 0
-826 -1114 0
-826 -1150 0
-826 -1186 0
-826 -1222 0
-862 -898 0
-862 -934 0
-862 -970 0
-862 -1006 0
-862 -1042 0
-862 -1078 0
-862 -1114 0
-862 -1150 0
-862 -1186 0
-862 -1222 0
-898 -934 0
-898 -970 0
-898 -1006 0
-898 -1042 0
-898 -1078 0
-898 -1114 0
-898 -1150 0
-898 -1186 0
-898 -1222 0
-934 -970 0
-934 -1006 0
-934 -1042 0
-934 -1078 0
-934 -1114 0
-934 -1150 0
-934 -1186 0
-934 -1222 0
-970 -1006 0
-970 -1042 0
-970 -1078 0
-970 -1114 0
-970 -1150 0
-970 -1186 0
-970 -1222 0
-1006 -1042 0
-1006 -1078 0
-1006 -1114 0
-1006 -1150 0
-1006 -1186 0
-1006 -1222 0
-1042 -1078 0
-1042 -1114 0
-1042 -1150 0
-1042 -1186 0
-1042 -1222 0
-1078 -1114 0
-1078 -1150 0
-1078 -1186 0
-1078 -1222 0
-1114 -1150 0
-1114 -1186 0
-1114 -1222 0
-1150 -1186 0
-1150 -1222 0
-1186 -1222 0
-141 -177 0
-141 -213 0
-141 -249 0
-141 -285 0
-141 -321 0
-141 -357 0
-141 -393 0
-141 -429 0
-141 -465 0
-141 -501 0
-141 -537 0
-141 -573 0
-141 -609 0
-141 -645 0
-141 -681 0
-141 -717 0
-141 -753 0
-141 -789 0
-141 -825 0
-141 -861 0
-141 -897 0
-141 -933 0
-141 -969 0
-141 -1005 0
-141 -1041 0
-141 -1077 0
-141 -1113 0
-141 -1149 0
-141 -1185 0
-141 -1221 0
-177 -213 0
-177 -249 0
-177 -285 0
-177 -321 0
-177 -357 0
-177 -393 0
-177 -429 0
-177 -465 0
-177 -501 0
-177 -537 0
-177 -573 0
-177 -609 0
-177 -645 0
-177 -681 0
-177 -717 0
-177 -753 0
-177 -789 0
-177 -825 0
-177 -861 0
-177 -897 0
-177 -933 0
-177 -969 0
-177 -1005 0
-177 -1041 0
-177 -1077 0
-177 -1113 0
-177 -1149 0
-177 -1185 0
-177 -1221 0
-213 -249 0
-213 -285 0
-213 -321 0
-213 -357 0
-213 -393 0
-213 -429 0
-213 -465 0
-213 -501 0
-213 -537 0
-213 -573 0
-213 -609 0
-213 -645 0
-213 -681 0
-213 -717 0
-213 -753 0
-213 -789 0
-213 -825 0
-213 -861 0
-213 -897 0
-213 -933 0
-213 -969 0
-213 -1005 0
-213 -1041 0
-213 -1077 0
-213 -1113 0
-213 -1149 0
-213 -1185 0
-213 -1221 0
-249 -285 0
-249 -321 0
-249 -357 0
-249 -393 0
-249 -429 0
-249 -465 0
-249 -501 0
-249 -537 0
-249 -573 0
-249 -609 0
-249 -645 0
-249 -681 0
-249 -717 0
-249 -753 0
-249 -789 0
-249 -825 0
-249 -861 0
-249 -897 0
-249 -933 0
-249 -969 0
-249 -1005 0
-249 -1041 0
-249 -1077 0
-249 -1113 0
-249 -1149 0
-249 -1185 0
-249 -1221 0
-285 -321 0
-285 -357 0
-285 -393 0
-285 -429 0
-285 -465 0
-285 -501 0
-285 -537 0
-285 -573 0
-285 -609 0
-285 -645 0
-285 -681 0
-285 -717 0
-285 -753 0
-285 -789 0
-285 -825 0
-285 -861 0
-285 -897 0
-285 -933 0
-285 -969 0
-285 -1005 0
-285 -1041 0
-285 -1077 0
-285 -1113 0
-285 -1149 0
-285 -1185 0
-285 -1221 0
-321 -357 0
-321 -393 0
-321 -429 0
-321 -465 0
-321 -501 0
-321 -537 0
-321 -573 0
-321 -609 0
-321 -645 0
-321 -681 0
-321 -717 0
-321 -753 0
-321 -789 0
-321 -825 0
-321 -861 0
-321 -897 0
-321 -933 0
-321 -969 0
-321 -1005 0
-321 -1041 0
-321 -1077 0
-321 -1113 0
-321 -1149 0
-321 -1185 0
-321 -1221 0
-357 -393 0
-357 -429 0
-357 -465 0
-357 -501 0
-357 -537 0
-357 -573 0
-357 -609 0
-357 -645 0
-357 -681 0
-357 -717 0
-357 -753 0
-357 -789 0
-357 -825 0
-357 -861 0
-357 -897 0
-357 -933 0
-357 -969 0
-357 -1005 0
-357 -1041 0
-357 -1077 0
-357 -1113 0
-357 -1149 0
-357 -1185 0
-357 -1221 0
-393 -429 0
-393 -465 0
-393 -501 0
-393 -537 0
-393 -573 0
-393 -609 0
-393 -645 0
-393 -681 0
-393 -717 0
-393 -753 0
-393 -789 0
-393 -825 0
-393 -861 0
-393 -897 0
-393 -933 0
-393 -969 0
-393 -1005 0
-393 -1041 0
-393 -1077 0
-393 -1113 0
-393 -1149 0
-393 -1185 0
-393 -1221 0
-429 -465 0
-429 -501 0
-429 -537 0
-429 -573 0
-429 -609 0
-429 -645 0
-429 -681 0
-429 -717 0
-429 -753 0
-429 -789 0
-429 -825 0
-429 -861 0
-429 -897 0
-429 -933 0
-429 -969 0
-429 -1005 0
-429 -1041 0
-429 -1077 0
-429 -1113 0
-429 -1149 0
-429 -1185 0
-429 -1221 0
-465 -501 0
-465 -537 0
-465 -573 0
-465 -609 0
-465 -645 0
-465 -681 0
-465 -717 0
-465 -753 0
-465 -789 0
-465 -825 0
-465 -861 0
-465 -897 0
-465 -933 0
-465 -969 0
-465 -1005 0
-465 -1041 0
-465 -1077 0
-465 -1113 0
-465 -1149 0
-465 -1185 0
-465 -1221 0
-501 -537 0
-501 -573 0
-501 -609 0
-501 -645 0
-501 -681 0
-501 -717 0
-501 -753 0
-501 -789 0
-501 -825 0
-501 -861 0
-501 -897 0
-501 -933 0
-501 -969 0
-501 -1005 0
-501 -1041 0
-501 -1077 0
-501 -1113 0
-501 -1149 0
-501 -1185 0
-501 -1221 0
-537 -573 0
-537 -609 0
-537 -645 0
-537 -681 0
-537 -717 0
-537 -753 0
-537 -789 0
-537 -825 0
-537 -861 0
-537 -897 0
-537 -933 0
-537 -969 0
-537 -1005 0
-537 -1041 0
-537 -1077 0
-537 -1113 0
-537 -1149 0
-537 -1185 0
-537 -1221 0
-573 -609 0
-573 -645 0
-573 -681 0
-573 -717 0
-573 -753 0
-573 -789 0
-573 -825 0
-573 -861 0
-573 -897 0
-573 -933 0
-573 -969 0
-573 -1005 0
-573 -1041 0
-573 -1077 0
-573 -1113 0
-573 -1149 0
-573 -1185 0
-573 -1221 0
-609 -645 0
-609 -681 0
-609 -717 0
-609 -753 0
-609 -789 0
-609 -825 0
-609 -861 0
-609 -897 0
-609 -933 0
-609 -969 0
-609 -1005 0
-609 -1041 0
-609 -1077 0
-609 -1113 0
-609 -1149 0
-609 -1185 0
-609 -1221 0
-645 -681 0
-645 -717 0
-645 -753 0
-645 -789 0
-645 -825 0
-645 -861 0
-645 -897 0
-645 -933 0
-645 -969 0
-645 -1005 0
-645 -1041 0
-645 -1077 0
-645 -1113 0
-645 -1149 0
-645 -1185 0
-645 -1221 0
-681 -717 0
-681 -753 0
-681 -789 0
-681 -825 0
-681 -861 0
-681 -897 0
-681 -933 0
-681 -969 0
-681 -1005 0
-681 -1041 0
-681 -1077 0
-681 -1113 0
-681 -1149 0
-681 -1185 0
-681 -1221 0
-717 -753 0
-717 -789 0
-717 -825 0
-717 -861 0
-717 -897 0
-717 -933 0
-717 -969 0
-717 -1005 0
-717 -1041 0
-717 -1077 0
-717 -1113 0
-717 -1149 0
-717 -1185 0
-717 -1221 0
-753 -789 0
-753 -825 0
-753 -861 0
-753 -897 0
-753 -933 0
-753 -969 0
-753 -1005 0
-753 -1041 0
-753 -1077 0
-753 -1113 0
-753 -1149 0
-753 -1185 0
-753 -1221 0
-789 -825 0
-789 -861 0
-789 -897 0
-789 -933 0
-789 -969 0
-789 -1005 0
-789 -1041 0
-789 -1077 0
-789 -1113 0
-789 -1149 0
-789 -1185 0
-789 -1221 0
-825 -861 0
-825 -897 0
-825 -933 0
-825 -969 0
-825 -1005 0
-825 -1041 0
-825 -1077 0
-825 -1113 0
-825 -1149 0
-825 -1185 0
-825 -1221 0
-861 -897 0
-861 -933 0
-861 -969 0
-861 -1005 0
-861 -1041 0
-861 -1077 0
-861 -1113 0
-861 -1149 0
-861 -1185 0
-861 -1221 0
-897 -933 0
-897 -969 0
-897 -1005 0
-897 -1041 0
-897 -1077 0
-897 -1113 0
-897 -1149 0
-897 -1185 0
-897 -1221 0
-933 -969 0
-933 -1005 0
-933 -1041 0
-933 -1077 0
-933 -1113 0
-933 -1149 0
-933 -1185 0
-933 -1221 0
-969 -1005 0
-969 -1041 0
-969 -1077 0
-969 -1113 0
-969 -1149 0
-969 -1185 0
-969 -1221 0
-1005 -1041 0
-1005 -1077 0
-1005 -1113 0
-1005 -1149 0
-1005 -1185 0
-1005 -1221 0
-1041 -1077 0
-1041 -1113 0
-1041 -1149 0
-1041 -1185 0
-1041 -1221 0
-1077 -1113 0
-1077 -1149 0
-1077 -1185 0
-1077 -1221 0
-1113 -1149 0
-1113 -1185 0
-1113 -1221 0
-1149 -1185 0
-1149 -1221 0
-1185 -1221 0
-176 -212 0
-176 -248 0
-176 -284 0
-176 -320 0
-176 -356 0
-176 -392 0
-176 -428 0
-176 -464 0
-176 -500 0
-176 -536 0
-176 -572 0
-176 -608 0
-176 -644 0
-176 -680 0
-176 -716 0
-176 -752 0
-176 -788 0
-176 -824 0
-176 -860 0
-176 -896 0
-176 -932 0
-176 -968 0
-176 -1004 0
-176 -1040 0
-176 -1076 0
-176 -1112 0
-176 -1148 0
-176 -1184 0
-176 -1220 0
-212 -248 0
-212 -284 0
-212 -320 0
-212 -356 0
-212 -392 0
-212 -428 0
-212 -464 0
-212 -500 0
-212 -536 0
-212 -572 0
-212 -608 0
-212 -644 0
-212 -680 0
-212 -716 0
-212 -752 0
-212 -788 0
-212 -824 0
-212 -860 0
-212 -896 0
-212 -932 0
-212 -968 0
-212 -1004 0
-212 -1040 0
-212 -1076 0
-212 -1112 0
-212 -1148 0
-212 -1184 0
-212 -1220 0
-248 -284 0
-248 -320 0
-248 -356 0
-248 -392 0
-248 -428 0
-248 -464 0
-248 -500 0
-248 -536 0
-248 -572 0
-248 -608 0
-248 -644 0
-248 -680 0
-248 -716 0
-248 -752 0
-248 -788 0
-248 -824 0
-248 -860 0
-248 -896 0
-248 -932 0
-248 -968 0
-248 -1004 0
-248 -1040 0
-248 -1076 0
-248 -1112 0
-248 -1148 0
-248 -1184 0
-248 -1220 0
-284 -320 0
-284 -356 0
-284 -392 0
-284 -428 0
-284 -464 0
-284 -500 0
-284 -536 0
-284 -572 0
-284 -608 0
-284 -644 0
-284 -680 0
-284 -716 0
-284 -752 0
-284 -788 0
-284 -824 0
-284 -860 0
-284 -896 0
-284 -932 0
-284 -968 0
-284 -1004 0
-284 -1040 0
-284 -1076 0
-284 -1112 0
-284 -1148 0
-284 -1184 0
-284 -1220 0
-320 -356 0
-320 -392 0
-320 -428 0
-320 -464 0
-320 -500 0
-320 -536 0
-320 -572 0
-320 -608 0
-320 -644 0
-320 -680 0
-320 -716 0
-320 -752 0
-320 -788 0
-320 -824 0
-320 -860 0
-320 -896 0
-320 -932 0
-320 -968 0
-320 -1004 0
-320 -1040 0
-320 -1076 0
-320 -1112 0
-320 -1148 0
-320 -1184 0
-320 -1220 0
-356 -392 0
-356 -428 0
-356 -464 0
-356 -500 0
-356 -536 0
-356 -572 0
-356 -608 0
-356 -644 0
-356 -680 0
-356 -716 0
-356 -752 0
-356 -788 0
-356 -824 0
-356 -860 0
-356 -896 0
-356 -932 0
-356 -968 0
-356 -1004 0
-356 -1040 0
-356 -1076 0
-356 -1112 0
-356 -1148 0
-356 -1184 0
-356 -1220 0
-392 -428 0
-392 -464 0
-392 -500 0
-392 -536 0
-392 -572 0
-392 -608 0
-392 -644 0
-392 -680 0
-392 -716 0
-392 -752 0
-392 -788 0
-392 -824 0
-392 -860 0
-392 -896 0
-392 -932 0
-392 -968 0
-392 -1004 0
-392 -1040 0
-392 -1076 0
-392 -1112 0
-392 -1148 0
-392 -1184 0
-392 -1220 0
-428 -464 0
-428 -500 0
-428 -536 0
-428 -572 0
-428 -608 0
-428 -644 0
-428 -680 0
-428 -716 0
-428 -752 0
-428 -788 0
-428 -824 0
-428 -860 0
-428 -896 0
-428 -932 0
-428 -968 0
-428 -1004 0
-428 -1040 0
-428 -1076 0
-428 -1112 0
-428 -1148 0
-428 -1184 0
-428 -1220 0
-464 -500 0
-464 -536 0
-464 -572 0
-464 -608 0
-464 -644 0
-464 -680 0
-464 -716 0
-464 -752 0
-464 -788 0
-464 -824 0
-464 -860 0
-464 -896 0
-464 -932 0
-464 -968 0
-464 -1004 0
-464 -1040 0
-464 -1076 0
-464 -1112 0
-464 -1148 0
-464 -1184 0
-464 -1220 0
-500 -536 0
-500 -572 0
-500 -608 0
-500 -644 0
-500 -680 0
-500 -716 0
-500 -752 0
-500 -788 0
-500 -824 0
-500 -860 0
-500 -896 0
-500 -932 0
-500 -968 0
-500 -1004 0
-500 -1040 0
-500 -1076 0
-500 -1112 0
-500 -1148 0
-500 -1184 0
-500 -1220 0
-536 -572 0
-536 -608 0
-536 -644 0
-536 -680 0
-536 -716 0
-536 -752 0
-536 -788 0
-536 -824 0
-536 -860 0
-536 -896 0
-536 -932 0
-536 -968 0
-536 -1004 0
-536 -1040 0
-536 -1076 0
-536 -1112 0
-536 -1148 0
-536 -1184 0
-536 -1220 0
-572 -608 0
-572 -644 0
-572 -680 0
-572 -716 0
-572 -752 0
-572 -788 0
-572 -824 0
-572 -860 0
-572 -896 0
-572 -932 0
-572 -968 0
-572 -1004 0
-572 -1040 0
-572 -1076 0
-572 -1112 0
-572 -1148 0
-572 -1184 0
-572 -1220 0
-608 -644 0
-608 -680 0
-608 -716 0
-608 -752 0
-608 -788 0
-608 -824 0
-608 -860 0
-608 -896 0
-608 -932 0
-608 -968 0
-608 -1004 0
-608 -1040 0
-608 -1076 0
-608 -1112 0
-608 -1148 0
-608 -1184 0
-608 -1220 0
-644 -680 0
-644 -716 0
-644 -752 0
-644 -788 0
-644 -824 0
-644 -860 0
-644 -896 0
-644 -932 0
-644 -968 0
-644 -1004 0
-644 -1040 0
-644 -1076 0
-644 -1112 0
-644 -1148 0
-644 -1184 0
-644 -1220 0
-680 -716 0
-680 -752 0
-680 -788 0
-680 -824 0
-680 -860 0
-680 -896 0
-680 -932 0
-680 -968 0
-680 -1004 0
-680 -1040 0
-680 -1076 0
-680 -1112 0
-680 -1148 0
-680 -1184 0
-680 -1220 0
-716 -752 0
-716 -788 0
-716 -824 0
-716 -860 0
-716 -896 0
-716 -932 0
-716 -968 0
-716 -1004 0
-716 -1040 0
-716 -1076 0
-716 -1112 0
-716 -1148 0
-716 -1184 0
-716 -1220 0
-752 -788 0
-752 -824 0
-752 -860 0
-752 -896 0
-752 -932 0
-752 -968 0
-752 -1004 0
-752 -1040 0
-752 -1076 0
-752 -1112 0
-752 -1148 0
-752 -1184 0
-752 -1220 0
-788 -824 0
-788 -860 0
-788 -896 0
-788 -932 0
-788 -968 0
-788 -1004 0
-788 -1040 0
-788 -1076 0
-788 -1112 0
-788 -1148 0
-788 -1184 0
-788 -1220 0
-824 -860 0
-824 -896 0
-824 -932 0
-824 -968 0
-824 -1004 0
-824 -1040 0
-824 -1076 0
-824 -1112 0
-824 -1148 0
-824 -1184 0
-824 -1220 0
-860 -896 0
-860 -932 0
-860 -968 0
-860 -1004 0
-860 -1040 0
-860 -1076 0
-860 -1112 0
-860 -1148 0
-860 -1184 0
-860 -1220 0
-896 -932 0
-896 -968 0
-896 -1004 0
-896 -1040 0
-896 -1076 0
-896 -1112 0
-896 -1148 0
-896 -1184 0
-896 -1220 0
-932 -968 0
-932 -1004 0
-932 -1040 0
-932 -1076 0
-932 -1112 0
-932 -1148 0
-932 -1184 0
-932 -1220 0
-968 -1004 0
-968 -1040 0
-968 -1076 0
-968 -1112 0
-968 -1148 0
-968 -1184 0
-968 -1220 0
-1004 -1040 0
-1004 -1076 0
-1004 -1112 0
-1004 -1148 0
-1004 -1184 0
-1004 -1220 0
-1040 -1076 0
-1040 -1112 0
-1040 -1148 0
-1040 -1184 0
-1040 -1220 0
-1076 -1112 0
-1076 -1148 0
-1076 -1184 0
-1076 -1220 0
-1112 -1148 0
-1112 -1184 0
-1112 -1220 0
-1148 -1184 0
-1148 -1220 0
-1184 -1220 0
-211 -247 0
-211 -283 0
-211 -319 0
-211 -355 0
-211 -391 0
-211 -427 0
-211 -463 0
-211 -499 0
-211 -535 0
-211 -571 0
-211 -607 0
-211 -643 0
-211 -679 0
-211 -715 0
-211 -751 0
-211 -787 0
-211 -823 0
-211 -859 0
-211 -895 0
-211 -931 0
-211 -967 0
-211 -1003 0
-211 -1039 0
-211 -1075 0
-211 -1111 0
-211 -1147 0
-211 -1183 0
-211 -1219 0
-247 -283 0
-247 -319 0
-247 -355 0
-247 -391 0
-247 -427 0
-247 -463 0
-247 -499 0
-247 -535 0
-247 -571 0
-247 -607 0
-247 -643 0
-247 -679 0
-247 -715 0
-247 -751 0
-247 -787 0
-247 -823 0
-247 -859 0
-247 -895 0
-247 -931 0
-247 -967 0
-247 -1003 0
-247 -1039 0
-247 -1075 0
-247 -1111 0
-247 -1147 0
-247 -1183 0
-247 -1219 0
-283 -319 0
-283 -355 0
-283 -391 0
-283 -427 0
-283 -463 0
-283 -499 0
-283 -535 0
-283 -571 0
-283 -607 0
-283 -643 0
-283 -679 0
-283 -715 0
-283 -751 0
-283 -787 0
-283 -823 0
-283 -859 0
-283 -895 0
-283 -931 0
-283 -967 0
-283 -1003 0
-283 -1039 0
-283 -1075 0
-283 -1111 0
-283 -1147 0
-283 -1183 0
-283 -1219 0
-319 -355 0
-319 -391 0
-319 -427 0
-319 -463 0
-319 -499 0
-319 -535 0
-319 -571 0
-319 -607 0
-319 -643 0
-319 -679 0
-319 -715 0
-319 -751 0
-319 -787 0
-319 -823 0
-319 -859 0
-319 -895 0
-319 -931 0
-319 -967 0
-319 -1003 0
-319 -1039 0
-319 -1075 0
-319 -1111 0
-319 -1147 0
-319 -1183 0
-319 -1219 0
-355 -391 0
-355 -427 0
-355 -463 0
-355 -499 0
-355 -535 0
-355 -571 0
-355 -607 0
-355 -643 0
-355 -679 0
-355 -715 0
-355 -751 0
-355 -787 0
-355 -823 0
-355 -859 0
-355 -895 0
-355 -931 0
-355 -967 0
-355 -1003 0
-355 -1039 0
-355 -1075 0
-355 -1111 0
-355 -1147 0
-355 -1183 0
-355 -1219 0
-391 -427 0
-391 -463 0
-391 -499 0
-391 -535 0
-391 -571 0
-391 -607 0
-391 -643 0
-391 -679 0
-391 -715 0
-391 -751 0
-391 -787 0
-391 -823 0
-391 -859 0
-391 -895 0
-391 -931 0
-391 -967 0
-391 -1003 0
-391 -1039 0
-391 -1075 0
-391 -1111 0
-391 -1147 0
-391 -1183 0
-391 -1219 0
-427 -463 0
-427 -499 0
-427 -535 0
-427 -571 0
-427 -607 0
-427 -643 0
-427 -679 0
-427 -715 0
-427 -751 0
-427 -787 0
-427 -823 0
-427 -859 0
-427 -895 0
-427 -931 0
-427 -967 0
-427 -1003 0
-427 -1039 0
-427 -1075 0
-427 -1111 0
-427 -1147 0
-427 -1183 0
-427 -1219 0
-463 -499 0
-463 -535 0
-463 -571 0
-463 -607 0
-463 -643 0
-463 -679 0
-463 -715 0
-463 -751 0
-463 -787 0
-463 -823 0
-463 -859 0
-463 -895 0
-463 -931 0
-463 -967 0
-463 -1003 0
-463 -1039 0
-463 -1075 0
-463 -1111 0
-463 -1147 0
-463 -1183 0
-463 -1219 0
-499 -535 0
-499 -571 0
-499 -607 0
-499 -643 0
-499 -679 0
-499 -715 0
-499 -751 0
-499 -787 0
-499 -823 0
-499 -859 0
-499 -895 0
-499 -931 0
-499 -967 0
-499 -1003 0
-499 -1039 0
-499 -1075 0
-499 -1111 0
-499 -1147 0
-499 -1183 0
-499 -1219 0
-535 -571 0
-535 -607 0
-535 -643 0
-535 -679 0
-535 -715 0
-535 -751 0
-535 -787 0
-535 -823 0
-535 -859 0
-535 -895 0
-535 -931 0
-535 -967 0
-535 -1003 0
-535 -1039 0
-535 -1075 0
-535 -1111 0
-535 -1147 0
-535 -1183 0
-535 -1219 0
-571 -607 0
-571 -643 0
-571 -679 0
-571 -715 0
-571 -751 0
-571 -787 0
-571 -823 0
-571 -859 0
-571 -895 0
-571 -931 0
-571 -967 0
-571 -1003 0
-571 -1039 0
-571 -1075 0
-571 -1111 0
-571 -1147 0
-571 -1183 0
-571 -1219 0
-607 -643 0
-607 -679 0
-607 -715 0
-607 -751 0
-607 -787 0
-607 -823 0
-607 -859 0
-607 -895 0
-607 -931 0
-607 -967 0
-607 -1003 0
-607 -1039 0
-607 -1075 0
-607 -1111 0
-607 -1147 0
-607 -1183 0
-607 -1219 0
-643 -679 0
-643 -715 0
-643 -751 0
-643 -787 0
-643 -823 0
-643 -859 0
-643 -895 0
-643 -931 0
-643 -967 0
-643 -1003 0
-643 -1039 0
-643 -1075 0
-643 -1111 0
-643 -1147 0
-643 -1183 0
-643 -1219 0
-679 -715 0
-679 -751 0
-679 -787 0
-679 -823 0
-679 -859 0
-679 -895 0
-679 -931 0
-679 -967 0
-679 -1003 0
-679 -1039 0
-679 -1075 0
-679 -1111 0
-679 -1147 0
-679 -1183 0
-679 -1219 0
-715 -751 0
-715 -787 0
-715 -823 0
-715 -859 0
-715 -895 0
-715 -931 0
-715 -967 0
-715 -1003 0
-715 -1039 0
-715 -1075 0
-715 -1111 0
-715 -1147 0
-715 -1183 0
-715 -1219 0
-751 -787 0
-751 -823 0
-751 -859 0
-751 -895 0
-751 -931 0
-751 -967 0
-751 -1003 0
-751 -1039 0
-751 -1075 0
-751 -1111 0
-751 -1147 0
-751 -1183 0
-751 -1219 0
-787 -823 0
-787 -859 0
-787 -895 0
-787 -931 0
-787 -967 0
-787 -1003 0
-787 -1039 0
-787 -1075 0
-787 -1111 0
-787 -1147 0
-787 -1183 0
-787 -1219 0
-823 -859 0
-823 -895 0
-823 -931 0
-823 -967 0
-823 -1003 0
-823 -1039 0
-823 -1075 0
-823 -1111 0
-823 -1147 0
-823 -1183 0
-823 -1219 0
-859 -895 0
-859 -931 0
-859 -967 0
-859 -1003 0
-859 -1039 0
-859 -1075 0
-859 -1111 0
-859 -1147 0
-859 -1183 0
-859 -1219 0
-895 -931 0
-895 -967 0
-895 -1003 0
-895 -1039 0
-895 -1075 0
-895 -1111 0
-895 -1147 0
-895 -1183 0
-895 -1219 0
-931 -967 0
-931 -1003 0
-931 -1039 0
-931 -1075 0
-931 -1111 0
-931 -1147 0
-931 -1183 0
-931 -1219 0
-967 -1003 0
-967 -1039 0
-967 -1075 0
-967 -1111 0
-967 -1147 0
-967 -1183 0
-967 -1219 0
-1003 -1039 0
-1003 -1075 0
-1003 -1111 0
-1003 -1147 0
-1003 -1183 0
-1003 -1219 0
-1039 -1075 0
-1039 -1111 0
-1039 -1147 0
-1039 -1183 0
-1039 -1219 0
-1075 -1111 0
-1075 -1147 0
-1075 -1183 0
-1075 -1219 0
-1111 -1147 0
-1111 -1183 0
-1111 -1219 0
-1147 -1183 0
-1147 -1219 0
-1183 -1219 0
-246 -282 0
-246 -318 0
-246 -354 0
-246 -390 0
-246 -426 0
-246 -462 0
-246 -498 0
-246 -534 0
-246 -570 0
-246 -606 0
-246 -642 0
-246 -678 0
-246 -714 0
-246 -750 0
-246 -786 0
-246 -822 0
-246 -858 0
-246 -894 0
-246 -930 0
-246 -966 0
-246 -1002 0
-246 -1038 0
-246 -1074 0
-246 -1110 0
-246 -1146 0
-246 -1182 0
-246 -1218 0
-282 -318 0
-282 -354 0
-282 -390 0
-282 -426 0
-282 -462 0
-282 -498 0
-282 -534 0
-282 -570 0
-282 -606 0
-282 -642 0
-282 -678 0
-282 -714 0
-282 -750 0
-282 -786 0
-282 -822 0
-282 -858 0
-282 -894 0
-282 -930 0
-282 -966 0
-282 -1002 0
-282 -1038 0
-282 -1074 0
-282 -1110 0
-282 -1146 0
-282 -1182 0
-282 -1218 0
-318 -354 0
-318 -390 0
-318 -426 0
-318 -462 0
-318 -498 0
-318 -534 0
-318 -570 0
-318 -606 0
-318 -642 0
-318 -678 0
-318 -714 0
-318 -750 0
-318 -786 0
-318 -822 0
-318 -858 0
-318 -894 0
-318 -930 0
-318 -966 0
-318 -1002 0
-318 -1038 0
-318 -1074 0
-318 -1110 0
-318 -1146 0
-318 -1182 0
-318 -1218 0
-354 -390 0
-354 -426 0
-354 -462 0
-354 -498 0
-354 -534 0
-354 -570 0
-354 -606 0
-354 -642 0
-354 -678 0
-354 -714 0
-354 -750 0
-354 -786 0
-354 -822 0
-354 -858 0
-354 -894 0
-354 -930 0
-354 -966 0
-354 -1002 0
-354 -1038 0
-354 -1074 0
-354 -1110 0
-354 -1146 0
-354 -1182 0
-354 -1218 0
-390 -426 0
-390 -462 0
-390 -498 0
-390 -534 0
-390 -570 0
-390 -606 0
-390 -642 0
-390 -678 0
-390 -714 0
-390 -750 0
-390 -786 0
-390 -822 0
-390 -858 0
-390 -894 0
-390 -930 0
-390 -966 0
-390 -1002 0
-390 -1038 0
-390 -1074 0
-390 -1110 0
-390 -1146 0
-390 -1182 0
-390 -1218 0
-426 -462 0
-426 -498 0
-426 -534 0
-426 -570 0
-426 -606 0
-426 -642 0
-426 -678 0
-426 -714 0
-426 -750 0
-426 -786 0
-426 -822 0
-426 -858 0
-426 -894 0
-426 -930 0
-426 -966 0
-426 -1002 0
-426 -1038 0
-426 -1074 0
-426 -1110 0
-426 -1146 0
-426 -1182 0
-426 -1218 0
-462 -498 0
-462 -534 0
-462 -570 0
-462 -606 0
-462 -642 0
-462 -678 0
-462 -714 0
-462 -750 0
-462 -786 0
-462 -822 0
-462 -858 0
-462 -894 0
-462 -930 0
-462 -966 0
-462 -1002 0
-462 -1038 0
-462 -1074 0
-462 -1110 0
-462 -1146 0
-462 -1182 0
-462 -1218 0
-498 -534 0
-498 -570 0
-498 -606 0
-498 -642 0
-498 -678 0
-498 -714 0
-498 -750 0
-498 -786 0
-498 -822 0
-498 -858 0
-498 -894 0
-498 -930 0
-498 -966 0
-498 -1002 0
-498 -1038 0
-498 -1074 0
-498 -1110 0
-498 -1146 0
-498 -1182 0
-498 -1218 0
-534 -570 0
-534 -606 0
-534 -642 0
-534 -678 0
-534 -714 0
-534 -750 0
-534 -786 0
-534 -822 0
-534 -858 0
-534 -894 0
-534 -930 0
-534 -966 0
-534 -1002 0
-534 -1038 0
-534 -1074 0
-534 -1110 0
-534 -1146 0
-534 -1182 0
-534 -1218 0
-570 -606 0
-570 -642 0
-570 -678 0
-570 -714 0
-570 -750 0
-570 -786 0
-570 -822 0
-570 -858 0
-570 -894 0
-570 -930 0
-570 -966 0
-570 -1002 0
-570 -1038 0
-570 -1074 0
-570 -1110 0
-570 -1146 0
-570 -1182 0
-570 -1218 0
-606 -642 0
-606 -678 0
-606 -714 0
-606 -750 0
-606 -786 0
-606 -822 0
-606 -858 0
-606 -894 0
-606 -930 0
-606 -966 0
-606 -1002 0
-606 -1038 0
-606 -1074 0
-606 -1110 0
-606 -1146 0
-606 -1182 0
-606 -1218 0
-642 -678 0
-642 -714 0
-642 -750 0
-642 -786 0
-642 -822 0
-642 -858 0
-642 -894 0
-642 -930 0
-642 -966 0
-642 -1002 0
-642 -1038 0
-642 -1074 0
-642 -1110 0
-642 -1146 0
-642 -1182 0
-642 -1218 0
-678 -714 0
-678 -750 0
-678 -786 0
-678 -822 0
-678 -858 0
-678 -894 0
-678 -930 0
-678 -966 0
-678 -1002 0
-678 -1038 0
-678 -1074 0
-678 -1110 0
-678 -1146 0
-678 -1182 0
-678 -1218 0
-714 -750 0
-714 -786 0
-714 -822 0
-714 -858 0
-714 -894 0
-714 -930 0
-714 -966 0
-714 -1002 0
-714 -1038 0
-714 -1074 0
-714 -1110 0
-714 -1146 0
-714 -1182 0
-714 -1218 0
-750 -786 0
-750 -822 0
-750 -858 0
-750 -894 0
-750 -930 0
-750 -966 0
-750 -1002 0
-750 -1038 0
-750 -1074 0
-750 -1110 0
-750 -1146 0
-750 -1182 0
-750 -1218 0
-786 -822 0
-786 -858 0
-786 -894 0
-786 -930 0
-786 -966 0
-786 -1002 0
-786 -1038 0
-786 -1074 0
-786 -1110 0
-786 -1146 0
-786 -1182 0
-786 -1218 0
-822 -858 0
-822 -894 0
-822 -930 0
-822 -966 0
-822 -1002 0
-822 -1038 0
-822 -1074 0
-822 -1110 0
-822 -1146 0
-822 -1182 0
-822 -1218 0
-858 -894 0
-858 -930 0
-858 -966 0
-858 -1002 0
-858 -1038 0
-858 -1074 0
-858 -1110 0
-858 -1146 0
-858 -1182 0
-858 -1218 0
-894 -930 0
-894 -966 0
-894 -1002 0
-894 -1038 0
-894 -1074 0
-894 -1110 0
-894 -1146 0
-894 -1182 0
-894 -1218 0
-930 -966 0
-930 -1002 0
-930 -1038 0
-930 -1074 0
-930 -1110 0
-930 -1146 0
-930 -1182 0
-930 -1218 0
-966 -1002 0
-966 -1038 0
-966 -1074 0
-966 -1110 0
-966 -1146 0
-966 -1182 0
-966 -1218 0
-1002 -1038 0
-1002 -1074 0
-1002 -1110 0
-1002 -1146 0
-1002 -1182 0
-1002 -1218 0
-1038 -1074 0
-1038 -1110 0
-1038 -1146 0
-1038 -1182 0
-1038 -1218 0
-1074 -1110 0
-1074 -1146 0
-1074 -1182 0
-1074 -1218 0
-1110 -1146 0
-1110 -1182 0
-1110 -1218 0
-1146 -1182 0
-1146 -1218 0
-1182 -1218 0
-281 -317 0
-281 -353 0
-281 -389 0
-281 -425 0
-281 -461 0
-281 -497 0
-281 -533 0
-281 -569 0
-281 -605 0
-281 -641 0
-281 -677 0
-281 -713 0
-281 -749 0
-281 -785 0
-281 -821 0
-281 -857 0
-281 -893 0
-281 -929 0
-281 -965 0
-281 -1001 0
-281 -1037 0
-281 -1073 0
-281 -1109 0
-281 -1145 0
-281 -1181 0
-281 -1217 0
-317 -353 0
-317 -389 0
-317 -425 0
-317 -461 0
-317 -497 0
-317 -533 0
-317 -569 0
-317 -605 0
-317 -641 0
-317 -677 0
-317 -713 0
-317 -749 0
-317 -785 0
-317 -821 0
-317 -857 0
-317 -893 0
-317 -929 0
-317 -965 0
-317 -1001 0
-317 -1037 0
-317 -1073 0
-317 -1109 0
-317 -1145 0
-317 -1181 0
-317 -1217 0
-353 -389 0
-353 -425 0
-353 -461 0
-353 -497 0
-353 -533 0
-353 -569 0
-353 -605 0
-353 -641 0
-353 -677 0
-353 -713 0
-353 -749 0
-353 -785 0
-353 -821 0
-353 -857 0
-353 -893 0
-353 -929 0
-353 -965 0
-353 -1001 0
-353 -1037 0
-353 -1073 0
-353 -1109 0
-353 -1145 0
-353 -1181 0
-353 -1217 0
-389 -425 0
-389 -461 0
-389 -497 0
-389 -533 0
-389 -569 0
-389 -605 0
-389 -641 0
-389 -677 0
-389 -713 0
-389 -749 0
-389 -785 0
-389 -821 0
-389 -857 0
-389 -893 0
-389 -929 0
-389 -965 0
-389 -1001 0
-389 -1037 0
-389 -1073 0
-389 -1109 0
-389 -1145 0
-389 -1181 0
-389 -1217 0
-425 -461 0
-425 -497 0
-425 -533 0
-425 -569 0
-425 -605 0
-425 -641 0
-425 -677 0
-425 -713 0
-425 -749 0
-425 -785 0
-425 -821 0
-425 -857 0
-425 -893 0
-425 -929 0
-425 -965 0
-425 -1001 0
-425 -1037 0
-425 -1073 0
-425 -1109 0
-425 -1145 0
-425 -1181 0
-425 -1217 0
-461 -497 0
-461 -533 0
-461 -569 0
-461 -605 0
-461 -641 0
-461 -677 0
-461 -713 0
-461 -749 0
-461 -785 0
-461 -821 0
-461 -857 0
-461 -893 0
-461 -929 0
-461 -965 0
-461 -1001 0
-461 -1037 0
-461 -1073 0
-461 -1109 0
-461 -1145 0
-461 -1181 0
-461 -1217 0
-497 -533 0
-497 -569 0
-497 -605 0
-497 -641 0
-497 -677 0
-497 -713 0
-497 -749 0
-497 -785 0
-497 -821 0
-497 -857 0
-497 -893 0
-497 -929 0
-497 -965 0
-497 -1001 0
-497 -1037 0
-497 -1073 0
-497 -1109 0
-497 -1145 0
-497 -1181 0
-497 -1217 0
-533 -569 0
-533 -605 0
-533 -641 0
-533 -677 0
-533 -713 0
-533 -749 0
-533 -785 0
-533 -821 0
-533 -857 0
-533 -893 0
-533 -929 0
-533 -965 0
-533 -1001 0
-533 -1037 0
-533 -1073 0
-533 -1109 0
-533 -1145 0
-533 -1181 0
-533 -1217 0
-569 -605 0
-569 -641 0
-569 -677 0
-569 -713 0
-569 -749 0
-569 -785 0
-569 -821 0
-569 -857 0
-569 -893 0
-569 -929 0
-569 -965 0
-569 -1001 0
-569 -1037 0
-569 -1073 0
-569 -1109 0
-569 -1145 0
-569 -1181 0
-569 -1217 0
-605 -641 0
-605 -677 0
-605 -713 0
-605 -749 0
-605 -785 0
-605 -821 0
-605 -857 0
-605 -893 0
-605 -929 0
-605 -965 0
-605 -1001 0
-605 -1037 0
-605 -1073 0
-605 -1109 0
-605 -1145 0
-605 -1181 0
-605 -1217 0
-641 -677 0
-641 -713 0
-641 -749 0
-641 -785 0
-641 -821 0
-641 -857 0
-641 -893 0
-641 -929 0
-641 -965 0
-641 -1001 0
-641 -1037 0
-641 -1073 0
-641 -1109 0
-641 -1145 0
-641 -1181 0
-641 -1217 0
-677 -713 0
-677 -749 0
-677 -785 0
-677 -821 0
-677 -857 0
-677 -893 0
-677 -929 0
-677 -965 0
-677 -1001 0
-677 -1037 0
-677 -1073 0
-677 -1109 0
-677 -1145 0
-677 -1181 0
-677 -1217 0
-713 -749 0
-713 -785 0
-713 -821 0
-713 -857 0
-713 -893 0
-713 -929 0
-713 -965 0
-713 -1001 0
-713 -1037 0
-713 -1073 0
-713 -1109 0
-713 -1145 0
-713 -1181 0
-713 -1217 0
-749 -785 0
-749 -821 0
-749 -857 0
-749 -893 0
-749 -929 0
-749 -965 0
-749 -1001 0
-749 -1037 0
-749 -1073 0
-749 -1109 0
-749 -1145 0
-749 -1181 0
-749 -1217 0
-785 -821 0
-785 -857 0
-785 -893 0
-785 -929 0
-785 -965 0
-785 -1001 0
-785 -1037 0
-785 -1073 0
-785 -1109 0
-785 -1145 0
-785 -1181 0
-785 -1217 0
-821 -857 0
-821 -893 0
-821 -929 0
-821 -965 0
-821 -1001 0
-821 -1037 0
-821 -1073 0
-821 -1109 0
-821 -1145 0
-821 -1181 0
-821 -1217 0
-857 -893 0
-857 -929 0
-857 -965 0
-857 -1001 0
-857 -1037 0
-857 -1073 0
-857 -1109 0
-857 -1145 0
-857 -1181 0
-857 -1217 0
-893 -929 0
-893 -965 0
-893 -1001 0
-893 -1037 0
-893 -1073 0
-893 -1109 0
-893 -1145 0
-893 -1181 0
-893 -1217 0
-929 -965 0
-929 -1001 0
-929 -1037 0
-929 -1073 0
-929 -1109 0
-929 -1145 0
-929 -1181 0
-929 -1217 0
-965 -1001 0
-965 -1037 0
-965 -1073 0
-965 -1109 0
-965 -1145 0
-965 -1181 0
-965 -1217 0
-1001 -1037 0
-1001 -1073 0
-1001 -1109 0
-1001 -1145 0
-1001 -1181 0
-1001 -1217 0
-1037 -1073 0
-1037 -1109 0
-1037 -1145 0
-1037 -1181 0
-1037 -1217 0
-1073 -1109 0
-1073 -1145 0
-1073 -1181 0
-1073 -1217 0
-1109 -1145 0
-1109 -1181 0
-1109 -1217 0
-1145 -1181 0
-1145 -1217 0
-1181 -1217 0
-316 -352 0
-316 -388 0
-316 -424 0
-316 -460 0
-316 -496 0
-316 -532 0
-316 -568 0
-316 -604 0
-316 -640 0
-316 -676 0
-316 -712 0
-316 -748 0
-316 -784 0
-316 -820 0
-316 -856 0
-316 -892 0
-316 -928 0
-316 -964 0
-316 -1000 0
-316 -1036 0
-316 -1072 0
-316 -1108 0
-316 -1144 0
-316 -1180 0
-316 -1216 0
-352 -388 0
-352 -424 0
-352 -460 0
-352 -496 0
-352 -532 0
-352 -568 0
-352 -604 0
-352 -640 0
-352 -676 0
-352 -712 0
-352 -748 0
-352 -784 0
-352 -820 0
-352 -856 0
-352 -892 0
-352 -928 0
-352 -964 0
-352 -1000 0
-352 -1036 0
-352 -1072 0
-352 -1108 0
-352 -1144 0
-352 -1180 0
-352 -1216 0
-388 -424 0
-388 -460 0
-388 -496 0
-388 -532 0
-388 -568 0
-388 -604 0
-388 -640 0
-388 -676 0
-388 -712 0
-388 -748 0
-388 -784 0
-388 -820 0
-388 -856 0
-388 -892 0
-388 -928 0
-388 -964 0
-388 -1000 0
-388 -1036 0
-388 -1072 0
-388 -1108 0
-388 -1144 0
-388 -1180 0
-388 -1216 0
-424 -460 0
-424 -496 0
-424 -532 0
-424 -568 0
-424 -604 0
-424 -640 0
-424 -676 0
-424 -712 0
-424 -748 0
-424 -784 0
-424 -820 0
-424 -856 0
-424 -892 0
-424 -928 0
-424 -964 0
-424 -1000 0
-424 -1036 0
-424 -1072 0
-424 -1108 0
-424 -1144 0
-424 -1180 0
-424 -1216 0
-460 -496 0
-460 -532 0
-460 -568 0
-460 -604 0
-460 -640 0
-460 -676 0
-460 -712 0
-460 -748 0
-460 -784 0
-460 -820 0
-460 -856 0
-460 -892 0
-460 -928 0
-460 -964 0
-460 -1000 0
-460 -1036 0
-460 -1072 0
-460 -1108 0
-460 -1144 0
-460 -1180 0
-460 -1216 0
-496 -532 0
-496 -568 0
-496 -604 0
-496 -640 0
-496 -676 0
-496 -712 0
-496 -748 0
-496 -784 0
-496 -820 0
-496 -856 0
-496 -892 0
-496 -928 0
-496 -964 0
-496 -1000 0
-496 -1036 0
-496 -1072 0
-496 -1108 0
-496 -1144 0
-496 -1180 0
-496 -1216 0
-532 -568 0
-532 -604 0
-532 -640 0
-532 -676 0
-532 -712 0
-532 -748 0
-532 -784 0
-532 -820 0
-532 -856 0
-532 -892 0
-532 -928 0
-532 -964 0
-532 -1000 0
-532 -1036 0
-532 -1072 0
-532 -1108 0
-532 -1144 0
-532 -1180 0
-532 -1216 0
-568 -604 0
-568 -640 0
-568 -676 0
-568 -712 0
-568 -748 0
-568 -784 0
-568 -820 0
-568 -856 0
-568 -892 0
-568 -928 0
-568 -964 0
-568 -1000 0
-568 -1036 0
-568 -1072 0
-568 -1108 0
-568 -1144 0
-568 -1180 0
-568 -1216 0
-604 -640 0
-604 -676 0
-604 -712 0
-604 -748 0
-604 -784 0
-604 -820 0
-604 -856 0
-604 -892 0
-604 -928 0
-604 -964 0
-604 -1000 0
-604 -1036 0
-604 -1072 0
-604 -1108 0
-604 -1144 0
-604 -1180 0
-604 -1216 0
-640 -676 0
-640 -712 0
-640 -748 0
-640 -784 0
-640 -820 0
-640 -856 0
-640 -892 0
-640 -928 0
-640 -964 0
-640 -1000 0
-640 -1036 0
-640 -1072 0
-640 -1108 0
-640 -1144 0
-640 -1180 0
-640 -1216 0
-676 -712 0
-676 -748 0
-676 -784 0
-676 -820 0
-676 -856 0
-676 -892 0
-676 -928 0
-676 -964 0
-676 -1000 0
-676 -1036 0
-676 -1072 0
-676 -1108 0
-676 -1144 0
-676 -1180 0
-676 -1216 0
-712 -748 0
-712 -784 0
-712 -820 0
-712 -856 0
-712 -892 0
-712 -928 0
-712 -964 0
-712 -1000 0
-712 -1036 0
-712 -1072 0
-712 -1108 0
-712 -1144 0
-712 -1180 0
-712 -1216 0
-748 -784 0
-748 -820 0
-748 -856 0
-748 -892 0
-748 -928 0
-748 -964 0
-748 -1000 0
-748 -1036 0
-748 -1072 0
-748 -1108 0
-748 -1144 0
-748 -1180 0
-748 -1216 0
-784 -820 0
-784 -856 0
-784 -892 0
-784 -928 0
-784 -964 0
-784 -1000 0
-784 -1036 0
-784 -1072 0
-784 -1108 0
-784 -1144 0
-784 -1180 0
-784 -1216 0
-820 -856 0
-820 -892 0
-820 -928 0
-820 -964 0
-820 -1000 0
-820 -1036 0
-820 -1072 0
-820 -1108 0
-820 -1144 0
-820 -1180 0
-820 -1216 0
-856 -892 0
-856 -928 0
-856 -964 0
-856 -1000 0
-856 -1036 0
-856 -1072 0
-856 -1108 0
-856 -1144 0
-856 -1180 0
-856 -1216 0
-892 -928 0
-892 -964 0
-892 -1000 0
-892 -1036 0
-892 -1072 0
-892 -1108 0
-892 -1144 0
-892 -1180 0
-892 -1216 0
-928 -964 0
-928 -1000 0
-928 -1036 0
-928 -1072 0
-928 -1108 0
-928 -1144 0
-928 -1180 0
-928 -1216 0
-964 -1000 0
-964 -1036 0
-964 -1072 0
-964 -1108 0
-964 -1144 0
-964 -1180 0
-964 -1216 0
-1000 -1036 0
-1000 -1072 0
-1000 -1108 0
-1000 -1144 0
-1000 -1180 0
-1000 -1216 0
-1036 -1072 0
-1036 -1108 0
-1036 -1144 0
-1036 -1180 0
-1036 -1216 0
-1072 -1108 0
-1072 -1144 0
-1072 -1180 0
-1072 -1216 0
-1108 -1144 0
-1108 -1180 0
-1108 -1216 0
-1144 -1180 0
-1144 -1216 0
-1180 -1216 0
-351 -387 0
-351 -423 0
-351 -459 0
-351 -495 0
-351 -531 0
-351 -567 0
-351 -603 0
-351 -639 0
-351 -675 0
-351 -711 0
-351 -747 0
-351 -783 0
-351 -819 0
-351 -855 0
-351 -891 0
-351 -927 0
-351 -963 0
-351 -999 0
-351 -1035 0
-351 -1071 0
-351 -1107 0
-351 -1143 0
-351 -1179 0
-351 -1215 0
-387 -423 0
-387 -459 0
-387 -495 0
-387 -531 0
-387 -567 0
-387 -603 0
-387 -639 0
-387 -675 0
-387 -711 0
-387 -747 0
-387 -783 0
-387 -819 0
-387 -855 0
-387 -891 0
-387 -927 0
-387 -963 0
-387 -999 0
-387 -1035 0
-387 -1071 0
-387 -1107 0
-387 -1143 0
-387 -1179 0
-387 -1215 0
-423 -459 0
-423 -495 0
-423 -531 0
-423 -567 0
-423 -603 0
-423 -639 0
-423 -675 0
-423 -711 0
-423 -747 0
-423 -783 0
-423 -819 0
-423 -855 0
-423 -891 0
-423 -927 0
-423 -963 0
-423 -999 0
-423 -1035 0
-423 -1071 0
-423 -1107 0
-423 -1143 0
-423 -1179 0
-423 -1215 0
-459 -495 0
-459 -531 0
-459 -567 0
-459 -603 0
-459 -639 0
-459 -675 0
-459 -711 0
-459 -747 0
-459 -783 0
-459 -819 0
-459 -855 0
-459 -891 0
-459 -927 0
-459 -963 0
-459 -999 0
-459 -1035 0
-459 -1071 0
-459 -1107 0
-459 -1143 0
-459 -1179 0
-459 -1215 0
-495 -531 0
-495 -567 0
-495 -603 0
-495 -639 0
-495 -675 0
-495 -711 0
-495 -747 0
-495 -783 0
-495 -819 0
-495 -855 0
-495 -891 0
-495 -927 0
-495 -963 0
-495 -999 0
-495 -1035 0
-495 -1071 0
-495 -1107 0
-495 -1143 0
-495 -1179 0
-495 -1215 0
-531 -567 0
-531 -603 0
-531 -639 0
-531 -675 0
-531 -711 0
-531 -747 0
-531 -783 0
-531 -819 0
-531 -855 0
-531 -891 0
-531 -927 0
-531 -963 0
-531 -999 0
-531 -1035 0
-531 -1071 0
-531 -1107 0
-531 -1143 0
-531 -1179 0
-531 -1215 0
-567 -603 0
-567 -639 0
-567 -675 0
-567 -711 0
-567 -747 0
-567 -783 0
-567 -819 0
-567 -855 0
-567 -891 0
-567 -927 0
-567 -963 0
-567 -999 0
-567 -1035 0
-567 -1071 0
-567 -1107 0
-567 -1143 0
-567 -1179 0
-567 -1215 0
-603 -639 0
-603 -675 0
-603 -711 0
-603 -747 0
-603 -783 0
-603 -819 0
-603 -855 0
-603 -891 0
-603 -927 0
-603 -963 0
-603 -999 0
-603 -1035 0
-603 -1071 0
-603 -1107 0
-603 -1143 0
-603 -1179 0
-603 -1215 0
-639 -675 0
-639 -711 0
-639 -747 0
-639 -783 0
-639 -819 0
-639 -855 0
-639 -891 0
-639 -927 0
-639 -963 0
-639 -999 0
-639 -1035 0
-639 -1071 0
-639 -1107 0
-639 -1143 0
-639 -1179 0
-639 -1215 0
-675 -711 0
-675 -747 0
-675 -783 0
-675 -819 0
-675 -855 0
-675 -891 0
-675 -927 0
-675 -963 0
-675 -999 0
-675 -1035 0
-675 -1071 0
-675 -1107 0
-675 -1143 0
-675 -1179 0
-675 -1215 0
-711 -747 0
-711 -783 0
-711 -819 0
-711 -855 0
-711 -891 0
-711 -927 0
-711 -963 0
-711 -999 0
-711 -1035 0
-711 -1071 0
-711 -1107 0
-711 -1143 0
-711 -1179 0
-711 -1215 0
-747 -783 0
-747 -819 0
-747 -855 0
-747 -891 0
-747 -927 0
-747 -963 0
-747 -999 0
-747 -1035 0
-747 -1071 0
-747 -1107 0
-747 -1143 0
-747 -1179 0
-747 -1215 0
-783 -819 0
-783 -855 0
-783 -891 0
-783 -927 0
-783 -963 0
-783 -999 0
-783 -1035 0
-783 -1071 0
-783 -1107 0
-783 -1143 0
-783 -1179 0
-783 -1215 0
-819 -855 0
-819 -891 0
-819 -927 0
-819 -963 0
-819 -999 0
-819 -1035 0
-819 -1071 0
-819 -1107 0
-819 -1143 0
-819 -1179 0
-819 -1215 0
-855 -891 0
-855 -927 0
-855 -963 0
-855 -999 0
-855 -1035 0
-855 -1071 0
-855 -1107 0
-855 -1143 0
-855 -1179 0
-855 -1215 0
-891 -927 0
-891 -963 0
-891 -999 0
-891 -1035 0
-891 -1071 0
-891 -1107 0
-891 -1143 0
-891 -1179 0
-891 -1215 0
-927 -963 0
-927 -999 0
-927 -1035 0
-927 -1071 0
-927 -1107 0
-927 -1143 0
-927 -1179 0
-927 -1215 0
-963 -999 0
-963 -1035 0
-963 -1071 0
-963 -1107 0
-963 -1143 0
-963 -1179 0
-963 -1215 0
-999 -1035 0
-999 -1071 0
-999 -1107 0
-999 -1143 0
-999 -1179 0
-999 -1215 0
-1035 -1071 0
-1035 -1107 0
-1035 -1143 0
-1035 -1179 0
-1035 -1215 0
-1071 -1107 0
-1071 -1143 0
-1071 -1179 0
-1071 -1215 0
-1107 -1143 0
-1107 -1179 0
-1107 -1215 0
-1143 -1179 0
-1143 -1215 0
-1179 -1215 0
-386 -422 0
-386 -458 0
-386 -494 0
-386 -530 0
-386 -566 0
-386 -602 0
-386 -638 0
-386 -674 0
-386 -710 0
-386 -746 0
-386 -782 0
-386 -818 0
-386 -854 0
-386 -890 0
-386 -926 0
-386 -962 0
-386 -998 0
-386 -1034 0
-386 -1070 0
-386 -1106 0
-386 -1142 0
-386 -1178 0
-386 -1214 0
-422 -458 0
-422 -494 0
-422 -530 0
-422 -566 0
-422 -602 0
-422 -638 0
-422 -674 0
-422 -710 0
-422 -746 0
-422 -782 0
-422 -818 0
-422 -854 0
-422 -890 0
-422 -926 0
-422 -962 0
-422 -998 0
-422 -1034 0
-422 -1070 0
-422 -1106 0
-422 -1142 0
-422 -1178 0
-422 -1214 0
-458 -494 0
-458 -530 0
-458 -566 0
-458 -602 0
-458 -638 0
-458 -674 0
-458 -710 0
-458 -746 0
-458 -782 0
-458 -818 0
-458 -854 0
-458 -890 0
-458 -926 0
-458 -962 0
-458 -998 0
-458 -1034 0
-458 -1070 0
-458 -1106 0
-458 -1142 0
-458 -1178 0
-458 -1214 0
-494 -530 0
-494 -566 0
-494 -602 0
-494 -638 0
-494 -674 0
-494 -710 0
-494 -746 0
-494 -782 0
-494 -818 0
-494 -854 0
-494 -890 0
-494 -926 0
-494 -962 0
-494 -998 0
-494 -1034 0
-494 -1070 0
-494 -1106 0
-494 -1142 0
-494 -1178 0
-494 -1214 0
-530 -566 0
-530 -602 0
-530 -638 0
-530 -674 0
-530 -710 0
-530 -746 0
-530 -782 0
-530 -818 0
-530 -854 0
-530 -890 0
-530 -926 0
-530 -962 0
-530 -998 0
-530 -1034 0
-530 -1070 0
-530 -1106 0
-530 -1142 0
-530 -1178 0
-530 -1214 0
-566 -602 0
-566 -638 0
-566 -674 0
-566 -710 0
-566 -746 0
-566 -782 0
-566 -818 0
-566 -854 0
-566 -890 0
-566 -926 0
-566 -962 0
-566 -998 0
-566 -1034 0
-566 -1070 0
-566 -1106 0
-566 -1142 0
-566 -1178 0
-566 -1214 0
-602 -638 0
-602 -674 0
-602 -710 0
-602 -746 0
-602 -782 0
-602 -818 0
-602 -854 0
-602 -890 0
-602 -926 0
-602 -962 0
-602 -998 0
-602 -1034 0
-602 -1070 0
-602 -1106 0
-602 -1142 0
-602 -1178 0
-602 -1214 0
-638 -674 0
-638 -710 0
-638 -746 0
-638 -782 0
-638 -818 0
-638 -854 0
-638 -890 0
-638 -926 0
-638 -962 0
-638 -998 0
-638 -1034 0
-638 -1070 0
-638 -1106 0
-638 -1142 0
-638 -1178 0
-638 -1214 0
-674 -710 0
-674 -746 0
-674 -782 0
-674 -818 0
-674 -854 0
-674 -890 0
-674 -926 0
-674 -962 0
-674 -998 0
-674 -1034 0
-674 -1070 0
-674 -1106 0
-674 -1142 0
-674 -1178 0
-674 -1214 0
-710 -746 0
-710 -782 0
-710 -818 0
-710 -854 0
-710 -890 0
-710 -926 0
-710 -962 0
-710 -998 0
-710 -1034 0
-710 -1070 0
-710 -1106 0
-710 -1142 0
-710 -1178 0
-710 -1214 0
-746 -782 0
-746 -818 0
-746 -854 0
-746 -890 0
-746 -926 0
-746 -962 0
-746 -998 0
-746 -1034 0
-746 -1070 0
-746 -1106 0
-746 -1142 0
-746 -1178 0
-746 -1214 0
-782 -818 0
-782 -854 0
-782 -890 0
-782 -926 0
-782 -962 0
-782 -998 0
-782 -1034 0
-782 -1070 0
-782 -1106 0
-782 -1142 0
-782 -1178 0
-782 -1214 0
-818 -854 0
-818 -890 0
-818 -926 0
-818 -962 0
-818 -998 0
-818 -1034 0
-818 -1070 0
-818 -1106 0
-818 -1142 0
-818 -1178 0
-818 -1214 0
-854 -890 0
-854 -926 0
-854 -962 0
-854 -998 0
-854 -1034 0
-854 -1070 0
-854 -1106 0
-854 -1142 0
-854 -1178 0
-854 -1214 0
-890 -926 0
-890 -962 0
-890 -998 0
-890 -1034 0
-890 -1070 0
-890 -1106 0
-890 -1142 0
-890 -1178 0
-890 -1214 0
-926 -962 0
-926 -998 0
-926 -1034 0
-926 -1070 0
-926 -1106 0
-926 -1142 0
-926 -1178 0
-926 -1214 0
-962 -998 0
-962 -1034 0
-962 -1070 0
-962 -1106 0
-962 -1142 0
-962 -1178 0
-962 -1214 0
-998 -1034 0
-998 -1070 0
-998 -1106 0
-998 -1142 0
-998 -1178 0
-998 -1214 0
-1034 -1070 0
-1034 -1106 0
-1034 -1142 0
-1034 -1178 0
-1034 -1214 0
-1070 -1106 0
-1070 -1142 0
-1070 -1178 0
-1070 -1214 0
-1106 -1142 0
-1106 -1178 0
-1106 -1214 0
-1142 -1178 0
-1142 -1214 0
-1178 -1214 0
-421 -457 0
-421 -493 0
-421 -529 0
-421 -565 0
-421 -601 0
-421 -637 0
-421 -673 0
-421 -709 0
-421 -745 0
-421 -781 0
-421 -817 0
-421 -853 0
-421 -889 0
-421 -925 0
-421 -961 0
-421 -997 0
-421 -1033 0
-421 -1069 0
-421 -1105 0
-421 -1141 0
-421 -1177 0
-421 -1213 0
-457 -493 0
-457 -529 0
-457 -565 0
-457 -601 0
-457 -637 0
-457 -673 0
-457 -709 0
-457 -745 0
-457 -781 0
-457 -817 0
-457 -853 0
-457 -889 0
-457 -925 0
-457 -961 0
-457 -997 0
-457 -1033 0
-457 -1069 0
-457 -1105 0
-457 -1141 0
-457 -1177 0
-457 -1213 0
-493 -529 0
-493 -565 0
-493 -601 0
-493 -637 0
-493 -673 0
-493 -709 0
-493 -745 0
-493 -781 0
-493 -817 0
-493 -853 0
-493 -889 0
-493 -925 0
-493 -961 0
-493 -997 0
-493 -1033 0
-493 -1069 0
-493 -1105 0
-493 -1141 0
-493 -1177 0
-493 -1213 0
-529 -565 0
-529 -601 0
-529 -637 0
-529 -673 0
-529 -709 0
-529 -745 0
-529 -781 0
-529 -817 0
-529 -853 0
-529 -889 0
-529 -925 0
-529 -961 0
-529 -997 0
-529 -1033 0
-529 -1069 0
-529 -1105 0
-529 -1141 0
-529 -1177 0
-529 -1213 0
-565 -601 0
-565 -637 0
-565 -673 0
-565 -709 0
-565 -745 0
-565 -781 0
-565 -817 0
-565 -853 0
-565 -889 0
-565 -925 0
-565 -961 0
-565 -997 0
-565 -1033 0
-565 -1069 0
-565 -1105 0
-565 -1141 0
-565 -1177 0
-565 -1213 0
-601 -637 0
-601 -673 0
-601 -709 0
-601 -745 0
-601 -781 0
-601 -817 0
-601 -853 0
-601 -889 0
-601 -925 0
-601 -961 0
-601 -997 0
-601 -1033 0
-601 -1069 0
-601 -1105 0
-601 -1141 0
-601 -1177 0
-601 -1213 0
-637 -673 0
-637 -709 0
-637 -745 0
-637 -781 0
-637 -817 0
-637 -853 0
-637 -889 0
-637 -925 0
-637 -961 0
-637 -997 0
-637 -1033 0
-637 -1069 0
-637 -1105 0
-637 -1141 0
-637 -1177 0
-637 -1213 0
-673 -709 0
-673 -745 0
-673 -781 0
-673 -817 0
-673 -853 0
-673 -889 0
-673 -925 0
-673 -961 0
-673 -997 0
-673 -1033 0
-673 -1069 0
-673 -1105 0
-673 -1141 0
-673 -1177 0
-673 -1213 0
-709 -745 0
-709 -781 0
-709 -817 0
-709 -853 0
-709 -889 0
-709 -925 0
-709 -961 0
-709 -997 0
-709 -1033 0
-709 -1069 0
-709 -1105 0
-709 -1141 0
-709 -1177 0
-709 -1213 0
-745 -781 0
-745 -817 0
-745 -853 0
-745 -889 0
-745 -925 0
-745 -961 0
-745 -997 0
-745 -1033 0
-745 -1069 0
-745 -1105 0
-745 -1141 0
-745 -1177 0
-745 -1213 0
-781 -817 0
-781 -853 0
-781 -889 0
-781 -925 0
-781 -961 0
-781 -997 0
-781 -1033 0
-781 -1069 0
-781 -1105 0
-781 -1141 0
-781 -1177 0
-781 -1213 0
-817 -853 0
-817 -889 0
-817 -925 0
-817 -961 0
-817 -997 0
-817 -1033 0
-817 -1069 0
-817 -1105 0
-817 -1141 0
-817 -1177 0
-817 -1213 0
-853 -889 0
-853 -925 0
-853 -961 0
-853 -997 0
-853 -1033 0
-853 -1069 0
-853 -1105 0
-853 -1141 0
-853 -1177 0
-853 -1213 0
-889 -925 0
-889 -961 0
-889 -997 0
-889 -1033 0
-889 -1069 0
-889 -1105 0
-889 -1141 0
-889 -1177 0
-889 -1213 0
-925 -961 0
-925 -997 0
-925 -1033 0
-925 -1069 0
-925 -1105 0
-925 -1141 0
-925 -1177 0
-925 -1213 0
-961 -997 0
-961 -1033 0
-961 -1069 0
-961 -1105 0
-961 -1141 0
-961 -1177 0
-961 -1213 0
-997 -1033 0
-997 -1069 0
-997 -1105 0
-997 -1141 0
-997 -1177 0
-997 -1213 0
-1033 -1069 0
-1033 -1105 0
-1033 -1141 0
-1033 -1177 0
-1033 -1213 0
-1069 -1105 0
-1069 -1141 0
-1069 -1177 0
-1069 -1213 0
-1105 -1141 0
-1105 -1177 0
-1105 -1213 0
-1141 -1177 0
-1141 -1213 0
-1177 -1213 0
-456 -492 0
-456 -528 0
-456 -564 0
-456 -600 0
-456 -636 0
-456 -672 0
-456 -708 0
-456 -744 0
-456 -780 0
-456 -816 0
-456 -852 0
-456 -888 0
-456 -924 0
-456 -960 0
-456 -996 0
-456 -1032 0
-456 -1068 0
-456 -1104 0
-456 -1140 0
-456 -1176 0
-456 -1212 0
-492 -528 0
-492 -564 0
-492 -600 0
-492 -636 0
-492 -672 0
-492 -708 0
-492 -744 0
-492 -780 0
-492 -816 0
-492 -852 0
-492 -888 0
-492 -924 0
-492 -960 0
-492 -996 0
-492 -1032 0
-492 -1068 0
-492 -1104 0
-492 -1140 0
-492 -1176 0
-492 -1212 0
-528 -564 0
-528 -600 0
-528 -636 0
-528 -672 0
-528 -708 0
-528 -744 0
-528 -780 0
-528 -816 0
-528 -852 0
-528 -888 0
-528 -924 0
-528 -960 0
-528 -996 0
-528 -1032 0
-528 -1068 0
-528 -1104 0
-528 -1140 0
-528 -1176 0
-528 -1212 0
-564 -600 0
-564 -636 0
-564 -672 0
-564 -708 0
-564 -744 0
-564 -780 0
-564 -816 0
-564 -852 0
-564 -888 0
-564 -924 0
-564 -960 0
-564 -996 0
-564 -1032 0
-564 -1068 0
-564 -1104 0
-564 -1140 0
-564 -1176 0
-564 -1212 0
-600 -636 0
-600 -672 0
-600 -708 0
-600 -744 0
-600 -780 0
-600 -816 0
-600 -852 0
-600 -888 0
-600 -924 0
-600 -960 0
-600 -996 0
-600 -1032 0
-600 -1068 0
-600 -1104 0
-600 -1140 0
-600 -1176 0
-600 -1212 0
-636 -672 0
-636 -708 0
-636 -744 0
-636 -780 0
-636 -816 0
-636 -852 0
-636 -888 0
-636 -924 0
-636 -960 0
-636 -996 0
-636 -1032 0
-636 -1068 0
-636 -1104 0
-636 -1140 0
-636 -1176 0
-636 -1212 0
-672 -708 0
-672 -744 0
-672 -780 0
-672 -816 0
-672 -852 0
-672 -888 0
-672 -924 0
-672 -960 0
-672 -996 0
-672 -1032 0
-672 -1068 0
-672 -1104 0
-672 -1140 0
-672 -1176 0
-672 -1212 0
-708 -744 0
-708 -780 0
-708 -816 0
-708 -852 0
-708 -888 0
-708 -924 0
-708 -960 0
-708 -996 0
-708 -1032 0
-708 -1068 0
-708 -1104 0
-708 -1140 0
-708 -1176 0
-708 -1212 0
-744 -780 0
-744 -816 0
-744 -852 0
-744 -888 0
-744 -924 0
-744 -960 0
-744 -996 0
-744 -1032 0
-744 -1068 0
-744 -1104 0
-744 -1140 0
-744 -1176 0
-744 -1212 0
-780 -816 0
-780 -852 0
-780 -888 0
-780 -924 0
-780 -960 0
-780 -996 0
-780 -1032 0
-780 -1068 0
-780 -1104 0
-780 -1140 0
-780 -1176 0
-780 -1212 0
-816 -852 0
-816 -888 0
-816 -924 0
-816 -960 0
-816 -996 0
-816 -1032 0
-816 -1068 0
-816 -1104 0
-816 -1140 0
-816 -1176 0
-816 -1212 0
-852 -888 0
-852 -924 0
-852 -960 0
-852 -996 0
-852 -1032 0
-852 -1068 0
-852 -1104 0
-852 -1140 0
-852 -1176 0
-852 -1212 0
-888 -924 0
-888 -960 0
-888 -996 0
-888 -1032 0
-888 -1068 0
-888 -1104 0
-888 -1140 0
-888 -1176 0
-888 -1212 0
-924 -960 0
-924 -996 0
-924 -1032 0
-924 -1068 0
-924 -1104 0
-924 -1140 0
-924 -1176 0
-924 -1212 0
-960 -996 0
-960 -1032 0
-960 -1068 0
-960 -1104 0
-960 -1140 0
-960 -1176 0
-960 -1212 0
-996 -1032 0
-996 -1068 0
-996 -1104 0
-996 -1140 0
-996 -1176 0
-996 -1212 0
-1032 -1068 0
-1032 -1104 0
-1032 -1140 0
-1032 -1176 0
-1032 -1212 0
-1068 -1104 0
-1068 -1140 0
-1068 -1176 0
-1068 -1212 0
-1104 -1140 0
-1104 -1176 0
-1104 -1212 0
-1140 -1176 0
-1140 -1212 0
-1176 -1212 0
-491 -527 0
-491 -563 0
-491 -599 0
-491 -635 0
-491 -671 0
-491 -707 0
-491 -743 0
-491 -779 0
-491 -815 0
-491 -851 0
-491 -887 0
-491 -923 0
-491 -959 0
-491 -995 0
-491 -1031 0
-491 -1067 0
-491 -1103 0
-491 -1139 0
-491 -1175 0
-491 -1211 0
-527 -563 0
-527 -599 0
-527 -635 0
-527 -671 0
-527 -707 0
-527 -743 0
-527 -779 0
-527 -815 0
-527 -851 0
-527 -887 0
-527 -923 0
-527 -959 0
-527 -995 0
-527 -1031 0
-527 -1067 0
-527 -1103 0
-527 -1139 0
-527 -1175 0
-527 -1211 0
-563 -599 0
-563 -635 0
-563 -671 0
-563 -707 0
-563 -743 0
-563 -779 0
-563 -815 0
-563 -851 0
-563 -887 0
-563 -923 0
-563 -959 0
-563 -995 0
-563 -1031 0
-563 -1067 0
-563 -1103 0
-563 -1139 0
-563 -1175 0
-563 -1211 0
-599 -635 0
-599 -671 0
-599 -707 0
-599 -743 0
-599 -779 0
-599 -815 0
-599 -851 0
-599 -887 0
-599 -923 0
-599 -959 0
-599 -995 0
-599 -1031 0
-599 -1067 0
-599 -1103 0
-599 -1139 0
-599 -1175 0
-599 -1211 0
-635 -671 0
-635 -707 0
-635 -743 0
-635 -779 0
-635 -815 0
-635 -851 0
-635 -887 0
-635 -923 0
-635 -959 0
-635 -995 0
-635 -1031 0
-635 -1067 0
-635 -1103 0
-635 -1139 0
-635 -1175 0
-635 -1211 0
-671 -707 0
-671 -743 0
-671 -779 0
-671 -815 0
-671 -851 0
-671 -887 0
-671 -923 0
-671 -959 0
-671 -995 0
-671 -1031 0
-671 -1067 0
-671 -1103 0
-671 -1139 0
-671 -1175 0
-671 -1211 0
-707 -743 0
-707 -779 0
-707 -815 0
-707 -851 0
-707 -887 0
-707 -923 0
-707 -959 0
-707 -995 0
-707 -1031 0
-707 -1067 0
-707 -1103 0
-707 -1139 0
-707 -1175 0
-707 -1211 0
-743 -779 0
-743 -815 0
-743 -851 0
-743 -887 0
-743 -923 0
-743 -959 0
-743 -995 0
-743 -1031 0
-743 -1067 0
-743 -1103 0
-743 -1139 0
-743 -1175 0
-743 -1211 0
-779 -815 0
-779 -851 0
-779 -887 0
-779 -923 0
-779 -959 0
-779 -995 0
-779 -1031 0
-779 -1067 0
-779 -1103 0
-779 -1139 0
-779 -1175 0
-779 -1211 0
-815 -851 0
-815 -887 0
-815 -923 0
-815 -959 0
-815 -995 0
-815 -1031 0
-815 -1067 0
-815 -1103 0
-815 -1139 0
-815 -1175 0
-815 -1211 0
-851 -887 0
-851 -923 0
-851 -959 0
-851 -995 0
-851 -1031 0
-851 -1067 0
-851 -1103 0
-851 -1139 0
-851 -1175 0
-851 -1211 0
-887 -923 0
-887 -959 0
-887 -995 0
-887 -1031 0
-887 -1067 0
-887 -1103 0
-887 -1139 0
-887 -1175 0
-887 -1211 0
-923 -959 0
-923 -995 0
-923 -1031 0
-923 -1067 0
-923 -1103 0
-923 -1139 0
-923 -1175 0
-923 -1211 0
-959 -995 0
-959 -1031 0
-959 -1067 0
-959 -1103 0
-959 -1139 0
-959 -1175 0
-959 -1211 0
-995 -1031 0
-995 -1067 0
-995 -1103 0
-995 -1139 0
-995 -1175 0
-995 -1211 0
-1031 -1067 0
-1031 -1103 0
-1031 -1139 0
-1031 -1175 0
-1031 -1211 0
-1067 -1103 0
-1067 -1139 0
-1067 -1175 0
-1067 -1211 0
-1103 -1139 0
-1103 -1175 0
-1103 -1211 0
-1139 -1175 0
-1139 -1211 0
-1175 -1211 0
-526 -562 0
-526 -598 0
-526 -634 0
-526 -670 0
-526 -706 0
-526 -742 0
-526 -778 0
-526 -814 0
-526 -850 0
-526 -886 0
-526 -922 0
-526 -958 0
-526 -994 0
-526 -1030 0
-526 -1066 0
-526 -1102 0
-526 -1138 0
-526 -1174 0
-526 -1210 0
-562 -598 0
-562 -634 0
-562 -670 0
-562 -706 0
-562 -742 0
-562 -778 0
-562 -814 0
-562 -850 0
-562 -886 0
-562 -922 0
-562 -958 0
-562 -994 0
-562 -1030 0
-562 -1066 0
-562 -1102 0
-562 -1138 0
-562 -1174 0
-562 -1210 0
-598 -634 0
-598 -670 0
-598 -706 0
-598 -742 0
-598 -778 0
-598 -814 0
-598 -850 0
-598 -886 0
-598 -922 0
-598 -958 0
-598 -994 0
-598 -1030 0
-598 -1066 0
-598 -1102 0
-598 -1138 0
-598 -1174 0
-598 -1210 0
-634 -670 0
-634 -706 0
-634 -742 0
-634 -778 0
-634 -814 0
-634 -850 0
-634 -886 0
-634 -922 0
-634 -958 0
-634 -994 0
-634 -1030 0
-634 -1066 0
-634 -1102 0
-634 -1138 0
-634 -1174 0
-634 -1210 0
-670 -706 0
-670 -742 0
-670 -778 0
-670 -814 0
-670 -850 0
-670 -886 0
-670 -922 0
-670 -958 0
-670 -994 0
-670 -1030 0
-670 -1066 0
-670 -1102 0
-670 -1138 0
-670 -1174 0
-670 -1210 0
-706 -742 0
-706 -778 0
-706 -814 0
-706 -850 0
-706 -886 0
-706 -922 0
-706 -958 0
-706 -994 0
-706 -1030 0
-706 -1066 0
-706 -1102 0
-706 -1138 0
-706 -1174 0
-706 -1210 0
-742 -778 0
-742 -814 0
-742 -850 0
-742 -886 0
-742 -922 0
-742 -958 0
-742 -994 0
-742 -1030 0
-742 -1066 0
-742 -1102 0
-742 -1138 0
-742 -1174 0
-742 -1210 0
-778 -814 0
-778 -850 0
-778 -886 0
-778 -922 0
-778 -958 0
-778 -994 0
-778 -1030 0
-778 -1066 0
-778 -1102 0
-778 -1138 0
-778 -1174 0
-778 -1210 0
-814 -850 0
-814 -886 0
-814 -922 0
-814 -958 0
-814 -994 0
-814 -1030 0
-814 -1066 0
-814 -1102 0
-814 -1138 0
-814 -1174 0
-814 -1210 0
-850 -886 0
-850 -922 0
-850 -958 0
-850 -994 0
-850 -1030 0
-850 -1066 0
-850 -1102 0
-850 -1138 0
-850 -1174 0
-850 -1210 0
-886 -922 0
-886 -958 0
-886 -994 0
-886 -1030 0
-886 -1066 0
-886 -1102 0
-886 -1138 0
-886 -1174 0
-886 -1210 0
-922 -958 0
-922 -994 0
-922 -1030 0
-922 -1066 0
-922 -1102 0
-922 -1138 0
-922 -1174 0
-922 -1210 0
-958 -994 0
-958 -1030 0
-958 -1066 0
-958 -1102 0
-958 -1138 0
-958 -1174 0
-958 -1210 0
-994 -1030 0
-994 -1066 0
-994 -1102 0
-994 -1138 0
-994 -1174 0
-994 -1210 0
-1030 -1066 0
-1030 -1102 0
-1030 -1138 0
-1030 -1174 0
-1030 -1210 0
-1066 -1102 0
-1066 -1138 0
-1066 -1174 0
-1066 -1210 0
-1102 -1138 0
-1102 -1174 0
-1102 -1210 0
-1138 -1174 0
-1138 -1210 0
-1174 -1210 0
-561 -597 0
-561 -633 0
-561 -669 0
-561 -705 0
-561 -741 0
-561 -777 0
-561 -813 0
-561 -849 0
-561 -885 0
-561 -921 0
-561 -957 0
-561 -993 0
-561 -1029 0
-561 -1065 0
-561 -1101 0
-561 -1137 0
-561 -1173 0
-561 -1209 0
-597 -633 0
-597 -669 0
-597 -705 0
-597 -741 0
-597 -777 0
-597 -813 0
-597 -849 0
-597 -885 0
-597 -921 0
-597 -957 0
-597 -993 0
-597 -1029 0
-597 -1065 0
-597 -1101 0
-597 -1137 0
-597 -1173 0
-597 -1209 0
-633 -669 0
-633 -705 0
-633 -741 0
-633 -777 0
-633 -813 0
-633 -849 0
-633 -885 0
-633 -921 0
-633 -957 0
-633 -993 0
-633 -1029 0
-633 -1065 0
-633 -1101 0
-633 -1137 0
-633 -1173 0
-633 -1209 0
-669 -705 0
-669 -741 0
-669 -777 0
-669 -813 0
-669 -849 0
-669 -885 0
-669 -921 0
-669 -957 0
-669 -993 0
-669 -1029 0
-669 -1065 0
-669 -1101 0
-669 -1137 0
-669 -1173 0
-669 -1209 0
-705 -741 0
-705 -777 0
-705 -813 0
-705 -849 0
-705 -885 0
-705 -921 0
-705 -957 0
-705 -993 0
-705 -1029 0
-705 -1065 0
-705 -1101 0
-705 -1137 0
-705 -1173 0
-705 -1209 0
-741 -777 0
-741 -813 0
-741 -849 0
-741 -885 0
-741 -921 0
-741 -957 0
-741 -993 0
-741 -1029 0
-741 -1065 0
-741 -1101 0
-741 -1137 0
-741 -1173 0
-741 -1209 0
-777 -813 0
-777 -849 0
-777 -885 0
-777 -921 0
-777 -957 0
-777 -993 0
-777 -1029 0
-777 -1065 0
-777 -1101 0
-777 -1137 0
-777 -1173 0
-777 -1209 0
-813 -849 0
-813 -885 0
-813 -921 0
-813 -957 0
-813 -993 0
-813 -1029 0
-813 -1065 0
-813 -1101 0
-813 -1137 0
-813 -1173 0
-813 -1209 0
-849 -885 0
-849 -921 0
-849 -957 0
-849 -993 0
-849 -1029 0
-849 -1065 0
-849 -1101 0
-849 -1137 0
-849 -1173 0
-849 -1209 0
-885 -921 0
-885 -957 0
-885 -993 0
-885 -1029 0
-885 -1065 0
-885 -1101 0
-885 -1137 0
-885 -1173 0
-885 -1209 0
-921 -957 0
-921 -993 0
-921 -1029 0
-921 -1065 0
-921 -1101 0
-921 -1137 0
-921 -1173 0
-921 -1209 0
-957 -993 0
-957 -1029 0
-957 -1065 0
-957 -1101 0
-957 -1137 0
-957 -1173 0
-957 -1209 0
-993 -1029 0
-993 -1065 0
-993 -1101 0
-993 -1137 0
-993 -1173 0
-993 -1209 0
-1029 -1065 0
-1029 -1101 0
-1029 -1137 0
-1029 -1173 0
-1029 -1209 0
-1065 -1101 0
-1065 -1137 0
-1065 -1173 0
-1065 -1209 0
-1101 -1137 0
-1101 -1173 0
-1101 -1209 0
-1137 -1173 0
-1137 -1209 0
-1173 -1209 0
-596 -632 0
-596 -668 0
-596 -704 0
-596 -740 0
-596 -776 0
-596 -812 0
-596 -848 0
-596 -884 0
-596 -920 0
-596 -956 0
-596 -992 0
-596 -1028 0
-596 -1064 0
-596 -1100 0
-596 -1136 0
-596 -1172 0
-596 -1208 0
-632 -668 0
-632 -704 0
-632 -740 0
-632 -776 0
-632 -812 0
-632 -848 0
-632 -884 0
-632 -920 0
-632 -956 0
-632 -992 0
-632 -1028 0
-632 -1064 0
-632 -1100 0
-632 -1136 0
-632 -1172 0
-632 -1208 0
-668 -704 0
-668 -740 0
-668 -776 0
-668 -812 0
-668 -848 0
-668 -884 0
-668 -920 0
-668 -956 0
-668 -992 0
-668 -1028 0
-668 -1064 0
-668 -1100 0
-668 -1136 0
-668 -1172 0
-668 -1208 0
-704 -740 0
-704 -776 0
-704 -812 0
-704 -848 0
-704 -884 0
-704 -920 0
-704 -956 0
-704 -992 0
-704 -1028 0
-704 -1064 0
-704 -1100 0
-704 -1136 0
-704 -1172 0
-704 -1208 0
-740 -776 0
-740 -812 0
-740 -848 0
-740 -884 0
-740 -920 0
-740 -956 0
-740 -992 0
-740 -1028 0
-740 -1064 0
-740 -1100 0
-740 -1136 0
-740 -1172 0
-740 -1208 0
-776 -812 0
-776 -848 0
-776 -884 0
-776 -920 0
-776 -956 0
-776 -992 0
-776 -1028 0
-776 -1064 0
-776 -1100 0
-776 -1136 0
-776 -1172 0
-776 -1208 0
-812 -848 0
-812 -884 0
-812 -920 0
-812 -956 0
-812 -992 0
-812 -1028 0
-812 -1064 0
-812 -1100 0
-812 -1136 0
-812 -1172 0
-812 -1208 0
-848 -884 0
-848 -920 0
-848 -956 0
-848 -992 0
-848 -1028 0
-848 -1064 0
-848 -1100 0
-848 -1136 0
-848 -1172 0
-848 -1208 0
-884 -920 0
-884 -956 0
-884 -992 0
-884 -1028 0
-884 -1064 0
-884 -1100 0
-884 -1136 0
-884 -1172 0
-884 -1208 0
-920 -956 0
-920 -992 0
-920 -1028 0
-920 -1064 0
-920 -1100 0
-920 -1136 0
-920 -1172 0
-920 -1208 0
-956 -992 0
-956 -1028 0
-956 -1064 0
-956 -1100 0
-956 -1136 0
-956 -1172 0
-956 -1208 0
-992 -1028 0
-992 -1064 0
-992 -1100 0
-992 -1136 0
-992 -1172 0
-992 -1208 0
-1028 -1064 0
-1028 -1100 0
-1028 -1136 0
-1028 -1172 0
-1028 -1208 0
-1064 -1100 0
-1064 -1136 0
-1064 -1172 0
-1064 -1208 0
-1100 -1136 0
-1100 -1172 0
-1100 -1208 0
-1136 -1172 0
-1136 -1208 0
-1172 -1208 0
-631 -667 0
-631 -703 0
-631 -739 0
-631 -775 0
-631 -811 0
-631 -847 0
-631 -883 0
-631 -919 0
-631 -955 0
-631 -991 0
-631 -1027 0
-631 -1063 0
-631 -1099 0
-631 -1135 0
-631 -1171 0
-631 -1207 0
-667 -703 0
-667 -739 0
-667 -775 0
-667 -811 0
-667 -847 0
-667 -883 0
-667 -919 0
-667 -955 0
-667 -991 0
-667 -1027 0
-667 -1063 0
-667 -1099 0
-667 -1135 0
-667 -1171 0
-667 -1207 0
-703 -739 0
-703 -775 0
-703 -811 0
-703 -847 0
-703 -883 0
-703 -919 0
-703 -955 0
-703 -991 0
-703 -1027 0
-703 -1063 0
-703 -1099 0
-703 -1135 0
-703 -1171 0
-703 -1207 0
-739 -775 0
-739 -811 0
-739 -847 0
-739 -883 0
-739 -919 0
-739 -955 0
-739 -991 0
-739 -1027 0
-739 -1063 0
-739 -1099 0
-739 -1135 0
-739 -1171 0
-739 -1207 0
-775 -811 0
-775 -847 0
-775 -883 0
-775 -919 0
-775 -955 0
-775 -991 0
-775 -1027 0
-775 -1063 0
-775 -1099 0
-775 -1135 0
-775 -1171 0
-775 -1207 0
-811 -847 0
-811 -883 0
-811 -919 0
-811 -955 0
-811 -991 0
-811 -1027 0
-811 -1063 0
-811 -1099 0
-811 -1135 0
-811 -1171 0
-811 -1207 0
-847 -883 0
-847 -919 0
-847 -955 0
-847 -991 0
-847 -1027 0
-847 -1063 0
-847 -1099 0
-847 -1135 0
-847 -1171 0
-847 -1207 0
-883 -919 0
-883 -955 0
-883 -991 0
-883 -1027 0
-883 -1063 0
-883 -1099 0
-883 -1135 0
-883 -1171 0
-883 -1207 0
-919 -955 0
-919 -991 0
-919 -1027 0
-919 -1063 0
-919 -1099 0
-919 -1135 0
-919 -1171 0
-919 -1207 0
-955 -991 0
-955 -1027 0
-955 -1063 0
-955 -1099 0
-955 -1135 0
-955 -1171 0
-955 -1207 0
-991 -1027 0
-991 -1063 0
-991 -1099 0
-991 -1135 0
-991 -1171 0
-991 -1207 0
-1027 -1063 0
-1027 -1099 0
-1027 -1135 0
-1027 -1171 0
-1027 -1207 0
-1063 -1099 0
-1063 -1135 0
-1063 -1171 0
-1063 -1207 0
-1099 -1135 0
-1099 -1171 0
-1099 -1207 0
-1135 -1171 0
-1135 -1207 0
-1171 -1207 0
-666 -702 0
-666 -738 0
-666 -774 0
-666 -810 0
-666 -846 0
-666 -882 0
-666 -918 0
-666 -954 0
-666 -990 0
-666 -1026 0
-666 -1062 0
-666 -1098 0
-666 -1134 0
-666 -1170 0
-666 -1206 0
-702 -738 0
-702 -774 0
-702 -810 0
-702 -846 0
-702 -882 0
-702 -918 0
-702 -954 0
-702 -990 0
-702 -1026 0
-702 -1062 0
-702 -1098 0
-702 -1134 0
-702 -1170 0
-702 -1206 0
-738 -774 0
-738 -810 0
-738 -846 0
-738 -882 0
-738 -918 0
-738 -954 0
-738 -990 0
-738 -1026 0
-738 -1062 0
-738 -1098 0
-738 -1134 0
-738 -1170 0
-738 -1206 0
-774 -810 0
-774 -846 0
-774 -882 0
-774 -918 0
-774 -954 0
-774 -990 0
-774 -1026 0
-774 -1062 0
-774 -1098 0
-774 -1134 0
-774 -1170 0
-774 -1206 0
-810 -846 0
-810 -882 0
-810 -918 0
-810 -954 0
-810 -990 0
-810 -1026 0
-810 -1062 0
-810 -1098 0
-810 -1134 0
-810 -1170 0
-810 -1206 0
-846 -882 0
-846 -918 0
-846 -954 0
-846 -990 0
-846 -1026 0
-846 -1062 0
-846 -1098 0
-846 -1134 0
-846 -1170 0
-846 -1206 0
-882 -918 0
-882 -954 0
-882 -990 0
-882 -1026 0
-882 -1062 0
-882 -1098 0
-882 -1134 0
-882 -1170 0
-882 -1206 0
-918 -954 0
-918 -990 0
-918 -1026 0
-918 -1062 0
-918 -1098 0
-918 -1134 0
-918 -1170 0
-918 -1206 0
-954 -990 0
-954 -1026 0
-954 -1062 0
-954 -1098 0
-954 -1134 0
-954 -1170 0
-954 -1206 0
-990 -1026 0
-990 -1062 0
-990 -1098 0
-990 -1134 0
-990 -1170 0
-990 -1206 0
-1026 -1062 0
-1026 -1098 0
-1026 -1134 0
-1026 -1170 0
-1026 -1206 0
-1062 -1098 0
-1062 -1134 0
-1062 -1170 0
-1062 -1206 0
-1098 -1134 0
-1098 -1170 0
-1098 -1206 0
-1134 -1170 0
-1134 -1206 0
-1170 -1206 0
-701 -737 0
-701 -773 0
-701 -809 0
-701 -845 0
-701 -881 0
-701 -917 0
-701 -953 0
-701 -989 0
-701 -1025 0
-701 -1061 0
-701 -1097 0
-701 -1133 0
-701 -1169 0
-701 -1205 0
-737 -773 0
-737 -809 0
-737 -845 0
-737 -881 0
-737 -917 0
-737 -953 0
-737 -989 0
-737 -1025 0
-737 -1061 0
-737 -1097 0
-737 -1133 0
-737 -1169 0
-737 -1205 0
-773 -809 0
-773 -845 0
-773 -881 0
-773 -917 0
-773 -953 0
-773 -989 0
-773 -1025 0
-773 -1061 0
-773 -1097 0
-773 -1133 0
-773 -1169 0
-773 -1205 0
-809 -845 0
-809 -881 0
-809 -917 0
-809 -953 0
-809 -989 0
-809 -1025 0
-809 -1061 0
-809 -1097 0
-809 -1133 0
-809 -1169 0
-809 -1205 0
-845 -881 0
-845 -917 0
-845 -953 0
-845 -989 0
-845 -1025 0
-845 -1061 0
-845 -1097 0
-845 -1133 0
-845 -1169 0
-845 -1205 0
-881 -917 0
-881 -953 0
-881 -989 0
-881 -1025 0
-881 -1061 0
-881 -1097 0
-881 -1133 0
-881 -1169 0
-881 -1205 0
-917 -953 0
-917 -989 0
-917 -1025 0
-917 -1061 0
-917 -1097 0
-917 -1133 0
-917 -1169 0
-917 -1205 0
-953 -989 0
-953 -1025 0
-953 -1061 0
-953 -1097 0
-953 -1133 0
-953 -1169 0
-953 -1205 0
-989 -1025 0
-989 -1061 0
-989 -1097 0
-989 -1133 0
-989 -1169 0
-989 -1205 0
-1025 -1061 0
-1025 -1097 0
-1025 -1133 0
-1025 -1169 0
-1025 -1205 0
-1061 -1097 0
-1061 -1133 0
-1061 -1169 0
-1061 -1205 0
-1097 -1133 0
-1097 -1169 0
-1097 -1205 0
-1133 -1169 0
-1133 -1205 0
-1169 -1205 0
-736 -772 0
-736 -808 0
-736 -844 0
-736 -880 0
-736 -916 0
-736 -952 0
-736 -988 0
-736 -1024 0
-736 -1060 0
-736 -1096 0
-736 -1132 0
-736 -1168 0
-736 -1204 0
-772 -808 0
-772 -844 0
-772 -880 0
-772 -916 0
-772 -952 0
-772 -988 0
-772 -1024 0
-772 -1060 0
-772 -1096 0
-772 -1132 0
-772 -1168 0
-772 -1204 0
-808 -844 0
-808 -880 0
-808 -916 0
-808 -952 0
-808 -988 0
-808 -1024 0
-808 -1060 0
-808 -1096 0
-808 -1132 0
-808 -1168 0
-808 -1204 0
-844 -880 0
-844 -916 0
-844 -952 0
-844 -988 0
-844 -1024 0
-844 -1060 0
-844 -1096 0
-844 -1132 0
-844 -1168 0
-844 -1204 0
-880 -916 0
-880 -952 0
-880 -988 0
-880 -1024 0
-880 -1060 0
-880 -1096 0
-880 -1132 0
-880 -1168 0
-880 -1204 0
-916 -952 0
-916 -988 0
-916 -1024 0
-916 -1060 0
-916 -1096 0
-916 -1132 0
-916 -1168 0
-916 -1204 0
-952 -988 0
-952 -1024 0
-952 -1060 0
-952 -1096 0
-952 -1132 0
-952 -1168 0
-952 -1204 0
-988 -1024 0
-988 -1060 0
-988 -1096 0
-988 -1132 0
-988 -1168 0
-988 -1204 0
-1024 -1060 0
-1024 -1096 0
-1024 -1132 0
-1024 -1168 0
-1024 -1204 0
-1060 -1096 0
-1060 -1132 0
-1060 -1168 0
-1060 -1204 0
-1096 -1132 0
-1096 -1168 0
-1096 -1204 0
-1132 -1168 0
-1132 -1204 0
-1168 -1204 0
-771 -807 0
-771 -843 0
-771 -879 0
-771 -915 0
-771 -951 0
-771 -987 0
-771 -1023 0
-771 -1059 0
-771 -1095 0
-771 -1131 0
-771 -1167 0
-771 -1203 0
-807 -843 0
-807 -879 0
-807 -915 0
-807 -951 0
-807 -987 0
-807 -1023 0
-807 -1059 0
-807 -1095 0
-807 -1131 0
-807 -1167 0
-807 -1203 0
-843 -879 0
-843 -915 0
-843 -951 0
-843 -987 0
-843 -1023 0
-843 -1059 0
-843 -1095 0
-843 -1131 0
-843 -1167 0
-843 -1203 0
-879 -915 0
-879 -951 0
-879 -987 0
-879 -1023 0
-879 -1059 0
-879 -1095 0
-879 -1131 0
-879 -1167 0
-879 -1203 0
-915 -951 0
-915 -987 0
-915 -1023 0
-915 -1059 0
-915 -1095 0
-915 -1131 0
-915 -1167 0
-915 -1203 0
-951 -987 0
-951 -1023 0
-951 -1059 0
-951 -1095 0
-951 -1131 0
-951 -1167 0
-951 -1203 0
-987 -1023 0
-987 -1059 0
-987 -1095 0
-987 -1131 0
-987 -1167 0
-987 -1203 0
-1023 -1059 0
-1023 -1095 0
-1023 -1131 0
-1023 -1167 0
-1023 -1203 0
-1059 -1095 0
-1059 -1131 0
-1059 -1167 0
-1059 -1203 0
-1095 -1131 0
-1095 -1167 0
-1095 -1203 0
-1131 -1167 0
-1131 -1203 0
-1167 -1203 0
-806 -842 0
-806 -878 0
-806 -914 0
-806 -950 0
-806 -986 0
-806 -1022 0
-806 -1058 0
-806 -1094 0
-806 -1130 0
-806 -1166 0
-806 -1202 0
-842 -878 0
-842 -914 0
-842 -950 0
-842 -986 0
-842 -1022 0
-842 -1058 0
-842 -1094 0
-842 -1130 0
-842 -1166 0
-842 -1202 0
-878 -914 0
-878 -950 0
-878 -986 0
-878 -1022 0
-878 -1058 0
-878 -1094 0
-878 -1130 0
-878 -1166 0
-878 -1202 0
-914 -950 0
-914 -986 0
-914 -1022 0
-914 -1058 0
-914 -1094 0
-914 -1130 0
-914 -1166 0
-914 -1202 0
-950 -986 0
-950 -1022 0
-950 -1058 0
-950 -1094 0
-950 -1130 0
-950 -1166 0
-950 -1202 0
-986 -1022 0
-986 -1058 0
-986 -1094 0
-986 -1130 0
-986 -1166 0
-986 -1202 0
-1022 -1058 0
-1022 -1094 0
-1022 -1130 0
-1022 -1166 0
-1022 -1202 0
-1058 -1094 0
-1058 -1130 0
-1058 -1166 0
-1058 -1202 0
-1094 -1130 0
-1094 -1166 0
-1094 -1202 0
-1130 -1166 0
-1130 -1202 0
-1166 -1202 0
-841 -877 0
-841 -913 0
-841 -949 0
-841 -985 0
-841 -1021 0
-841 -1057 0
-841 -1093 0
-841 -1129 0
-841 -1165 0
-841 -1201 0
-877 -913 0
-877 -949 0
-877 -985 0
-877 -1021 0
-877 -1057 0
-877 -1093 0
-877 -1129 0
-877 -1165 0
-877 -1201 0
-913 -949 0
-913 -985 0
-913 -1021 0
-913 -1057 0
-913 -1093 0
-913 -1129 0
-913 -1165 0
-913 -1201 0
-949 -985 0
-949 -1021 0
-949 -1057 0
-949 -1093 0
-949 -1129 0
-949 -1165 0
-949 -1201 0
-985 -1021 0
-985 -1057 0
-985 -1093 0
-985 -1129 0
-985 -1165 0
-985 -1201 0
-1021 -1057 0
-1021 -1093 0
-1021 -1129 0
-1021 -1165 0
-1021 -1201 0
-1057 -1093 0
-1057 -1129 0
-1057 -1165 0
-1057 -1201 0
-1093 -1129 0
-1093 -1165 0
-1093 -1201 0
-1129 -1165 0
-1129 -1201 0
-1165 -1201 0
-876 -912 0
-876 -948 0
-876 -984 0
-876 -1020 0
-876 -1056 0
-876 -1092 0
-876 -1128 0
-876 -1164 0
-876 -1200 0
-912 -948 0
-912 -984 0
-912 -1020 0
-912 -1056 0
-912 -1092 0
-912 -1128 0
-912 -1164 0
-912 -1200 0
-948 -984 0
-948 -1020 0
-948 -1056 0
-948 -1092 0
-948 -1128 0
-948 -1164 0
-948 -1200 0
-984 -1020 0
-984 -1056 0
-984 -1092 0
-984 -1128 0
-984 -1164 0
-984 -1200 0
-1020 -1056 0
-1020 -1092 0
-1020 -1128 0
-1020 -1164 0
-1020 -1200 0
-1056 -1092 0
-1056 -1128 0
-1056 -1164 0
-1056 -1200 0
-1092 -1128 0
-1092 -1164 0
-1092 -1200 0
-1128 -1164 0
-1128 -1200 0
-1164 -1200 0
-911 -947 0
-911 -983 0
-911 -1019 0
-911 -1055 0
-911 -1091 0
-911 -1127 0
-911 -1163 0
-911 -1199 0
-947 -983 0
-947 -1019 0
-947 -1055 0
-947 -1091 0
-947 -1127 0
-947 -1163 0
-947 -1199 0
-983 -1019 0
-983 -1055 0
-983 -1091 0
-983 -1127 0
-983 -1163 0
-983 -1199 0
-1019 -1055 0
-1019 -1091 0
-1019 -1127 0
-1019 -1163 0
-1019 -1199 0
-1055 -1091 0
-1055 -1127 0
-1055 -1163 0
-1055 -1199 0
-1091 -1127 0
-1091 -1163 0
-1091 -1199 0
-1127 -1163 0
-1127 -1199 0
-1163 -1199 0
-946 -982 0
-946 -1018 0
-946 -1054 0
-946 -1090 0
-946 -1126 0
-946 -1162 0
-946 -1198 0
-982 -1018 0
-982 -1054 0
-982 -1090 0
-982 -1126 0
-982 -1162 0
-982 -1198 0
-1018 -1054 0
-1018 -1090 0
-1018 -1126 0
-1018 -1162 0
-1018 -1198 0
-1054 -1090 0
-1054 -1126 0
-1054 -1162 0
-1054 -1198 0
-1090 -1126 0
-1090 -1162 0
-1090 -1198 0
-1126 -1162 0
-1126 -1198 0
-1162 -1198 0
-981 -1017 0
-981 -1053 0
-981 -1089 0
-981 -1125 0
-981 -1161 0
-981 -1197 0
-1017 -1053 0
-1017 -1089 0
-1017 -1125 0
-1017 -1161 0
-1017 -1197 0
-1053 -1089 0
-1053 -1125 0
-1053 -1161 0
-1053 -1197 0
-1089 -1125 0
-1089 -1161 0
-1089 -1197 0
-1125 -1161 0
-1125 -1197 0
-1161 -1197 0
-1016 -1052 0
-1016 -1088 0
-1016 -1124 0
-1016 -1160 0
-1016 -1196 0
-1052 -1088 0
-1052 -1124 0
-1052 -1160 0
-1052 -1196 0
-1088 -1124 0
-1088 -1160 0
-1088 -1196 0
-1124 -1160 0
-1124 -1196 0
-1160 -1196 0
-1051 -1087 0
-1051 -1123 0
-1051 -1159 0
-1051 -1195 0
-1087 -1123 0
-1087 -1159 0
-1087 -1195 0
-1123 -1159 0
-1123 -1195 0
-1159 -1195 0
-1086 -1122 0
-1086 -1158 0
-1086 -1194 0
-1122 -1158 0
-1122 -1194 0
-1158 -1194 0
-1121 -1157 0
-1121 -1193 0
-1157 -1193 0
-1156 -1192 0
-2 -36 0
-3 -37 0
-3 -71 0
-37 -71 0
-4 -38 0
-4 -72 0
-4 -106 0
-38 -72 0
-38 -106 0
-72 -106 0
-5 -39 0
-5 -73 0
-5 -107 0
-5 -141 0
-39 -73 0
-39 -107 0
-39 -141 0
-73 -107 0
-73 -141 0
-107 -141 0
-6 -40 0
-6 -74 0
-6 -108 0
-6 -142 0
-6 -176 0
-40 -74 0
-40 -108 0
-40 -142 0
-40 -176 0
-74 -108 0
-74 -142 0
-74 -176 0
-108 -142 0
-108 -176 0
-142 -176 0
-7 -41 0
-7 -75 0
-7 -109 0
-7 -143 0
-7 -177 0
-7 -211 0
-41 -75 0
-41 -109 0
-41 -143 0
-41 -177 0
-41 -211 0
-75 -109 0
-75 -143 0
-75 -177 0
-75 -211 0
-109 -143 0
-109 -177 0
-109 -211 0
-143 -177 0
-143 -211 0
-177 -211 0
-8 -42 0
-8 -76 0
-8 -110 0
-8 -144 0
-8 -178 0
-8 -212 0
-8 -246 0
-42 -76 0
-42 -110 0
-42 -144 0
-42 -178 0
-42 -212 0
-42 -246 0
-76 -110 0
-76 -144 0
-76 -178 0
-76 -212 0
-76 -246 0
-110 -144 0
-110 -178 0
-110 -212 0
-110 -246 0
-144 -178 0
-144 -212 0
-144 -246 0
-178 -212 0
-178 -246 0
-212 -246 0
-9 -43 0
-9 -77 0
-9 -111 0
-9 -145 0
-9 -179 0
-9 -213 0
-9 -247 0
-9 -281 0
-43 -77 0
-43 -111 0
-43 -145 0
-43 -179 0
-43 -213 0
-43 -247 0
-43 -281 0
-77 -111 0
-77 -145 0
-77 -179 0
-77 -213 0
-77 -247 0
-77 -281 0
-111 -145 0
-111 -179 0
-111 -213 0
-111 -247 0
-111 -281 0
-145 -179 0
-145 -213 0
-145 -247 0
-145 -281 0
-179 -213 0
-179 -247 0
-179 -281 0
-213 -247 0
-213 -281 0
-247 -281 0
-10 -44 0
-10 -78 0
-10 -112 0
-10 -146 0
-10 -180 0
-10 -214 0
-10 -248 0
-10 -282 0
-10 -316 0
-44 -78 0
-44 -112 0
-44 -146 0
-44 -180 0
-44 -214 0
-44 -248 0
-44 -282 0
-44 -316 0
-78 -112 0
-78 -146 0
-78 -180 0
-78 -214 0
-78 -248 0
-78 -282 0
-78 -316 0
-112 -146 0
-112 -180 0
-112 -214 0
-112 -248 0
-112 -282 0
-112 -316 0
-146 -180 0
-146 -214 0
-146 -248 0
-146 -282 0
-146 -316 0
-180 -214 0
-180 -248 0
-180 -282 0
-180 -316 0
-214 -248 0
-214 -282 0
-214 -316 0
-248 -282 0
-248 -316 0
-282 -316 0
-11 -45 0
-11 -79 0
-11 -113 0
-11 -147 0
-11 -181 0
-11 -215 0
-11 -249 0
-11 -283 0
-11 -317 0
-11 -351 0
-45 -79 0
-45 -113 0
-45 -147 0
-45 -181 0
-45 -215 0
-45 -249 0
-45 -283 0
-45 -317 0
-45 -351 0
-79 -113 0
-79 -147 0
-79 -181 0
-79 -215 0
-79 -249 0
-79 -283 0
-79 -317 0
-79 -351 0
-113 -147 0
-113 -181 0
-113 -215 0
-113 -249 0
-113 -283 0
-113 -317 0
-113 -351 0
-147 -181 0
-147 -215 0
-147 -249 0
-147 -283 0
-147 -317 0
-147 -351 0
-181 -215 0
-181 -249 0
-181 -283 0
-181 -317 0
-181 -351 0
-215 -249 0
-215 -283 0
-215 -317 0
-215 -351 0
-249 -283 0
-249 -317 0
-249 -351 0
-283 -317 0
-283 -351 0
-317 -351 0
-12 -46 0
-12 -80 0
-12 -114 0
-12 -148 0
-12 -182 0
-12 -216 0
-12 -250 0
-12 -284 0
-12 -318 0
-12 -352 0
-12 -386 0
-46 -80 0
-46 -114 0
-46 -148 0
-46 -182 0
-46 -216 0
-46 -250 0
-46 -284 0
-46 -318 0
-46 -352 0
-46 -386 0
-80 -114 0
-80 -148 0
-80 -182 0
-80 -216 0
-80 -250 0
-80 -284 0
-80 -318 0
-80 -352 0
-80 -386 0
-114 -148 0
-114 -182 0
-114 -216 0
-114 -250 0
-114 -284 0
-114 -318 0
-114 -352 0
-114 -386 0
-148 -182 0
-148 -216 0
-148 -250 0
-148 -284 0
-148 -318 0
-148 -352 0
-148 -386 0
-182 -216 0
-182 -250 0
-182 -284 0
-182 -318 0
-182 -352 0
-182 -386 0
-216 -250 0
-216 -284 0
-216 -318 0
-216 -352 0
-216 -386 0
-250 -284 0
-250 -318 0
-250 -352 0
-250 -386 0
-284 -318 0
-284 -352 0
-284 -386 0
-318 -352 0
-318 -386 0
-352 -386 0
-13 -47 0
-13 -81 0
-13 -115 0
-13 -149 0
-13 -183 0
-13 -217 0
-13 -251 0
-13 -285 0
-13 -319 0
-13 -353 0
-13 -387 0
-13 -421 0
-47 -81 0
-47 -115 0
-47 -149 0
-47 -183 0
-47 -217 0
-47 -251 0
-47 -285 0
-47 -319 0
-47 -353 0
-47 -387 0
-47 -421 0
-81 -115 0
-81 -149 0
-81 -183 0
-81 -217 0
-81 -251 0
-81 -285 0
-81 -319 0
-81 -353 0
-81 -387 0
-81 -421 0
-115 -149 0
-115 -183 0
-115 -217 0
-115 -251 0
-115 -285 0
-115 -319 0
-115 -353 0
-115 -387 0
-115 -421 0
-149 -183 0
-149 -217 0
-149 -251 0
-149 -285 0
-149 -319 0
-149 -353 0
-149 -387 0
-149 -421 0
-183 -217 0
-183 -251 0
-183 -285 0
-183 -319 0
-183 -353 0
-183 -387 0
-183 -421 0
-217 -251 0
-217 -285 0
-217 -319 0
-217 -353 0
-217 -387 0
-217 -421 0
-251 -285 0
-251 -319 0
-251 -353 0
-251 -387 0
-251 -421 0
-285 -319 0
-285 -353 0
-285 -387 0
-285 -421 0
-319 -353 0
-319 -387 0
-319 -421 0
-353 -387 0
-353 -421 0
-387 -421 0
-14 -48 0
-14 -82 0
-14 -116 0
-14 -150 0
-14 -184 0
-14 -218 0
-14 -252 0
-14 -286 0
-14 -320 0
-14 -354 0
-14 -388 0
-14 -422 0
-14 -456 0
-48 -82 0
-48 -116 0
-48 -150 0
-48 -184 0
-48 -218 0
-48 -252 0
-48 -286 0
-48 -320 0
-48 -354 0
-48 -388 0
-48 -422 0
-48 -456 0
-82 -116 0
-82 -150 0
-82 -184 0
-82 -218 0
-82 -252 0
-82 -286 0
-82 -320 0
-82 -354 0
-82 -388 0
-82 -422 0
-82 -456 0
-116 -150 0
-116 -184 0
-116 -218 0
-116 -252 0
-116 -286 0
-116 -320 0
-116 -354 0
-116 -388 0
-116 -422 0
-116 -456 0
-150 -184 0
-150 -218 0
-150 -252 0
-150 -286 0
-150 -320 0
-150 -354 0
-150 -388 0
-150 -422 0
-150 -456 0
-184 -218 0
-184 -252 0
-184 -286 0
-184 -320 0
-184 -354 0
-184 -388 0
-184 -422 0
-184 -456 0
-218 -252 0
-218 -286 0
-218 -320 0
-218 -354 0
-218 -388 0
-218 -422 0
-218 -456 0
-252 -286 0
-252 -320 0
-252 -354 0
-252 -388 0
-252 -422 0
-252 -456 0
-286 -320 0
-286 -354 0
-286 -388 0
-286 -422 0
-286 -456 0
-320 -354 0
-320 -388 0
-320 -422 0
-320 -456 0
-354 -388 0
-354 -422 0
-354 -456 0
-388 -422 0
-388 -456 0
-422 -456 0
-15 -49 0
-15 -83 0
-15 -117 0
-15 -151 0
-15 -185 0
-15 -219 0
-15 -253 0
-15 -287 0
-15 -321 0
-15 -355 0
-15 -389 0
-15 -423 0
-15 -457 0
-15 -491 0
-49 -83 0
-49 -117 0
-49 -151 0
-49 -185 0
-49 -219 0
-49 -253 0
-49 -287 0
-49 -321 0
-49 -355 0
-49 -389 0
-49 -423 0
-49 -457 0
-49 -491 0
-83 -117 0
-83 -151 0
-83 -185 0
-83 -219 0
-83 -253 0
-83 -287 0
-83 -321 0
-83 -355 0
-83 -389 0
-83 -423 0
-83 -457 0
-83 -491 0
-117 -151 0
-117 -185 0
-117 -219 0
-117 -253 0
-117 -287 0
-117 -321 0
-117 -355 0
-117 -389 0
-117 -423 0
-117 -457 0
-117 -491 0
-151 -185 0
-151 -219 0
-151 -253 0
-151 -287 0
-151 -321 0
-151 -355 0
-151 -389 0
-151 -423 0
-151 -457 0
-151 -491 0
-185 -219 0
-185 -253 0
-185 -287 0
-185 -321 0
-185 -355 0
-185 -389 0
-185 -423 0
-185 -457 0
-185 -491 0
-219 -253 0
-219 -287 0
-219 -321 0
-219 -355 0
-219 -389 0
-219 -423 0
-219 -457 0
-219 -491 0
-253 -287 0
-253 -321 0
-253 -355 0
-253 -389 0
-253 -423 0
-253 -457 0
-253 -491 0
-287 -321 0
-287 -355 0
-287 -389 0
-287 -423 0
-287 -457 0
-287 -491 0
-321 -355 0
-321 -389 0
-321 -423 0
-321 -457 0
-321 -491 0
-355 -389 0
-355 -423 0
-355 -457 0
-355 -491 0
-389 -423 0
-389 -457 0
-389 -491 0
-423 -457 0
-423 -491 0
-457 -491 0
-16 -50 0
-16 -84 0
-16 -118 0
-16 -152 0
-16 -186 0
-16 -220 0
-16 -254 0
-16 -288 0
-16 -322 0
-16 -356 0
-16 -390 0
-16 -424 0
-16 -458 0
-16 -492 0
-16 -526 0
-50 -84 0
-50 -118 0
-50 -152 0
-50 -186 0
-50 -220 0
-50 -254 0
-50 -288 0
-50 -322 0
-50 -356 0
-50 -390 0
-50 -424 0
-50 -458 0
-50 -492 0
-50 -526 0
-84 -118 0
-84 -152 0
-84 -186 0
-84 -220 0
-84 -254 0
-84 -288 0
-84 -322 0
-84 -356 0
-84 -390 0
-84 -424 0
-84 -458 0
-84 -492 0
-84 -526 0
-118 -152 0
-118 -186 0
-118 -220 0
-118 -254 0
-118 -288 0
-118 -322 0
-118 -356 0
-118 -390 0
-118 -424 0
-118 -458 0
-118 -492 0
-118 -526 0
-152 -186 0
-152 -220 0
-152 -254 0
-152 -288 0
-152 -322 0
-152 -356 0
-152 -390 0
-152 -424 0
-152 -458 0
-152 -492 0
-152 -526 0
-186 -220 0
-186 -254 0
-186 -288 0
-186 -322 0
-186 -356 0
-186 -390 0
-186 -424 0
-186 -458 0
-186 -492 0
-186 -526 0
-220 -254 0
-220 -288 0
-220 -322 0
-220 -356 0
-220 -390 0
-220 -424 0
-220 -458 0
-220 -492 0
-220 -526 0
-254 -288 0
-254 -322 0
-254 -356 0
-254 -390 0
-254 -424 0
-254 -458 0
-254 -492 0
-254 -526 0
-288 -322 0
-288 -356 0
-288 -390 0
-288 -424 0
-288 -458 0
-288 -492 0
-288 -526 0
-322 -356 0
-322 -390 0
-322 -424 0
-322 -458 0
-322 -492 0
-322 -526 0
-356 -390 0
-356 -424 0
-356 -458 0
-356 -492 0
-356 -526 0
-390 -424 0
-390 -458 0
-390 -492 0
-390 -526 0
-424 -458 0
-424 -492 0
-424 -526 0
-458 -492 0
-458 -526 0
-492 -526 0
-17 -51 0
-17 -85 0
-17 -119 0
-17 -153 0
-17 -187 0
-17 -221 0
-17 -255 0
-17 -289 0
-17 -323 0
-17 -357 0
-17 -391 0
-17 -425 0
-17 -459 0
-17 -493 0
-17 -527 0
-17 -561 0
-51 -85 0
-51 -119 0
-51 -153 0
-51 -187 0
-51 -221 0
-51 -255 0
-51 -289 0
-51 -323 0
-51 -357 0
-51 -391 0
-51 -425 0
-51 -459 0
-51 -493 0
-51 -527 0
-51 -561 0
-85 -119 0
-85 -153 0
-85 -187 0
-85 -221 0
-85 -255 0
-85 -289 0
-85 -323 0
-85 -357 0
-85 -391 0
-85 -425 0
-85 -459 0
-85 -493 0
-85 -527 0
-85 -561 0
-119 -153 0
-119 -187 0
-119 -221 0
-119 -255 0
-119 -289 0
-119 -323 0
-119 -357 0
-119 -391 0
-119 -425 0
-119 -459 0
-119 -493 0
-119 -527 0
-119 -561 0
-153 -187 0
-153 -221 0
-153 -255 0
-153 -289 0
-153 -323 0
-153 -357 0
-153 -391 0
-153 -425 0
-153 -459 0
-153 -493 0
-153 -527 0
-153 -561 0
-187 -221 0
-187 -255 0
-187 -289 0
-187 -323 0
-187 -357 0
-187 -391 0
-187 -425 0
-187 -459 0
-187 -493 0
-187 -527 0
-187 -561 0
-221 -255 0
-221 -289 0
-221 -323 0
-221 -357 0
-221 -391 0
-221 -425 0
-221 -459 0
-221 -493 0
-221 -527 0
-221 -561 0
-255 -289 0
-255 -323 0
-255 -357 0
-255 -391 0
-255 -425 0
-255 -459 0
-255 -493 0
-255 -527 0
-255 -561 0
-289 -323 0
-289 -357 0
-289 -391 0
-289 -425 0
-289 -459 0
-289 -493 0
-289 -527 0
-289 -561 0
-323 -357 0
-323 -391 0
-323 -425 0
-323 -459 0
-323 -493 0
-323 -527 0
-323 -561 0
-357 -391 0
-357 -425 0
-357 -459 0
-357 -493 0
-357 -527 0
-357 -561 0
-391 -425 0
-391 -459 0
-391 -493 0
-391 -527 0
-391 -561 0
-425 -459 0
-425 -493 0
-425 -527 0
-425 -561 0
-459 -493 0
-459 -527 0
-459 -561 0
-493 -527 0
-493 -561 0
-527 -561 0
-18 -52 0
-18 -86 0
-18 -120 0
-18 -154 0
-18 -188 0
-18 -222 0
-18 -256 0
-18 -290 0
-18 -324 0
-18 -358 0
-18 -392 0
-18 -426 0
-18 -460 0
-18 -494 0
-18 -528 0
-18 -562 0
-18 -596 0
-52 -86 0
-52 -120 0
-52 -154 0
-52 -188 0
-52 -222 0
-52 -256 0
-52 -290 0
-52 -324 0
-52 -358 0
-52 -392 0
-52 -426 0
-52 -460 0
-52 -494 0
-52 -528 0
-52 -562 0
-52 -596 0
-86 -120 0
-86 -154 0
-86 -188 0
-86 -222 0
-86 -256 0
-86 -290 0
-86 -324 0
-86 -358 0
-86 -392 0
-86 -426 0
-86 -460 0
-86 -494 0
-86 -528 0
-86 -562 0
-86 -596 0
-120 -154 0
-120 -188 0
-120 -222 0
-120 -256 0
-120 -290 0
-120 -324 0
-120 -358 0
-120 -392 0
-120 -426 0
-120 -460 0
-120 -494 0
-120 -528 0
-120 -562 0
-120 -596 0
-154 -188 0
-154 -222 0
-154 -256 0
-154 -290 0
-154 -324 0
-154 -358 0
-154 -392 0
-154 -426 0
-154 -460 0
-154 -494 0
-154 -528 0
-154 -562 0
-154 -596 0
-188 -222 0
-188 -256 0
-188 -290 0
-188 -324 0
-188 -358 0
-188 -392 0
-188 -426 0
-188 -460 0
-188 -494 0
-188 -528 0
-188 -562 0
-188 -596 0
-222 -256 0
-222 -290 0
-222 -324 0
-222 -358 0
-222 -392 0
-222 -426 0
-222 -460 0
-222 -494 0
-222 -528 0
-222 -562 0
-222 -596 0
-256 -290 0
-256 -324 0
-256 -358 0
-256 -392 0
-256 -426 0
-256 -460 0
-256 -494 0
-256 -528 0
-256 -562 0
-256 -596 0
-290 -324 0
-290 -358 0
-290 -392 0
-290 -426 0
-290 -460 0
-290 -494 0
-290 -528 0
-290 -562 0
-290 -596 0
-324 -358 0
-324 -392 0
-324 -426 0
-324 -460 0
-324 -494 0
-324 -528 0
-324 -562 0
-324 -596 0
-358 -392 0
-358 -426 0
-358 -460 0
-358 -494 0
-358 -528 0
-358 -562 0
-358 -596 0
-392 -426 0
-392 -460 0
-392 -494 0
-392 -528 0
-392 -562 0
-392 -596 0
-426 -460 0
-426 -494 0
-426 -528 0
-426 -562 0
-426 -596 0
-460 -494 0
-460 -528 0
-460 -562 0
-460 -596 0
-494 -528 0
-494 -562 0
-494 -596 0
-528 -562 0
-528 -596 0
-562 -596 0
-19 -53 0
-19 -87 0
-19 -121 0
-19 -155 0
-19 -189 0
-19 -223 0
-19 -257 0
-19 -291 0
-19 -325 0
-19 -359 0
-19 -393 0
-19 -427 0
-19 -461 0
-19 -495 0
-19 -529 0
-19 -563 0
-19 -597 0
-19 -631 0
-53 -87 0
-53 -121 0
-53 -155 0
-53 -189 0
-53 -223 0
-53 -257 0
-53 -291 0
-53 -325 0
-53 -359 0
-53 -393 0
-53 -427 0
-53 -461 0
-53 -495 0
-53 -529 0
-53 -563 0
-53 -597 0
-53 -631 0
-87 -121 0
-87 -155 0
-87 -189 0
-87 -223 0
-87 -257 0
-87 -291 0
-87 -325 0
-87 -359 0
-87 -393 0
-87 -427 0
-87 -461 0
-87 -495 0
-87 -529 0
-87 -563 0
-87 -597 0
-87 -631 0
-121 -155 0
-121 -189 0
-121 -223 0
-121 -257 0
-121 -291 0
-121 -325 0
-121 -359 0
-121 -393 0
-121 -427 0
-121 -461 0
-121 -495 0
-121 -529 0
-121 -563 0
-121 -597 0
-121 -631 0
-155 -189 0
-155 -223 0
-155 -257 0
-155 -291 0
-155 -325 0
-155 -359 0
-155 -393 0
-155 -427 0
-155 -461 0
-155 -495 0
-155 -529 0
-155 -563 0
-155 -597 0
-155 -631 0
-189 -223 0
-189 -257 0
-189 -291 0
-189 -325 0
-189 -359 0
-189 -393 0
-189 -427 0
-189 -461 0
-189 -495 0
-189 -529 0
-189 -563 0
-189 -597 0
-189 -631 0
-223 -257 0
-223 -291 0
-223 -325 0
-223 -359 0
-223 -393 0
-223 -427 0
-223 -461 0
-223 -495 0
-223 -529 0
-223 -563 0
-223 -597 0
-223 -631 0
-257 -291 0
-257 -325 0
-257 -359 0
-257 -393 0
-257 -427 0
-257 -461 0
-257 -495 0
-257 -529 0
-257 -563 0
-257 -597 0
-257 -631 0
-291 -325 0
-291 -359 0
-291 -393 0
-291 -427 0
-291 -461 0
-291 -495 0
-291 -529 0
-291 -563 0
-291 -597 0
-291 -631 0
-325 -359 0
-325 -393 0
-325 -427 0
-325 -461 0
-325 -495 0
-325 -529 0
-325 -563 0
-325 -597 0
-325 -631 0
-359 -393 0
-359 -427 0
-359 -461 0
-359 -495 0
-359 -529 0
-359 -563 0
-359 -597 0
-359 -631 0
-393 -427 0
-393 -461 0
-393 -495 0
-393 -529 0
-393 -563 0
-393 -597 0
-393 -631 0
-427 -461 0
-427 -495 0
-427 -529 0
-427 -563 0
-427 -597 0
-427 -631 0
-461 -495 0
-461 -529 0
-461 -563 0
-461 -597 0
-461 -631 0
-495 -529 0
-495 -563 0
-495 -597 0
-495 -631 0
-529 -563 0
-529 -597 0
-529 -631 0
-563 -597 0
-563 -631 0
-597 -631 0
-20 -54 0
-20 -88 0
-20 -122 0
-20 -156 0
-20 -190 0
-20 -224 0
-20 -258 0
-20 -292 0
-20 -326 0
-20 -360 0
-20 -394 0
-20 -428 0
-20 -462 0
-20 -496 0
-20 -530 0
-20 -564 0
-20 -598 0
-20 -632 0
-20 -666 0
-54 -88 0
-54 -122 0
-54 -156 0
-54 -190 0
-54 -224 0
-54 -258 0
-54 -292 0
-54 -326 0
-54 -360 0
-54 -394 0
-54 -428 0
-54 -462 0
-54 -496 0
-54 -530 0
-54 -564 0
-54 -598 0
-54 -632 0
-54 -666 0
-88 -122 0
-88 -156 0
-88 -190 0
-88 -224 0
-88 -258 0
-88 -292 0
-88 -326 0
-88 -360 0
-88 -394 0
-88 -428 0
-88 -462 0
-88 -496 0
-88 -530 0
-88 -564 0
-88 -598 0
-88 -632 0
-88 -666 0
-122 -156 0
-122 -190 0
-122 -224 0
-122 -258 0
-122 -292 0
-122 -326 0
-122 -360 0
-122 -394 0
-122 -428 0
-122 -462 0
-122 -496 0
-122 -530 0
-122 -564 0
-122 -598 0
-122 -632 0
-122 -666 0
-156 -190 0
-156 -224 0
-156 -258 0
-156 -292 0
-156 -326 0
-156 -360 0
-156 -394 0
-156 -428 0
-156 -462 0
-156 -496 0
-156 -530 0
-156 -564 0
-156 -598 0
-156 -632 0
-156 -666 0
-190 -224 0
-190 -258 0
-190 -292 0
-190 -326 0
-190 -360 0
-190 -394 0
-190 -428 0
-190 -462 0
-190 -496 0
-190 -530 0
-190 -564 0
-190 -598 0
-190 -632 0
-190 -666 0
-224 -258 0
-224 -292 0
-224 -326 0
-224 -360 0
-224 -394 0
-224 -428 0
-224 -462 0
-224 -496 0
-224 -530 0
-224 -564 0
-224 -598 0
-224 -632 0
-224 -666 0
-258 -292 0
-258 -326 0
-258 -360 0
-258 -394 0
-258 -428 0
-258 -462 0
-258 -496 0
-258 -530 0
-258 -564 0
-258 -598 0
-258 -632 0
-258 -666 0
-292 -326 0
-292 -360 0
-292 -394 0
-292 -428 0
-292 -462 0
-292 -496 0
-292 -530 0
-292 -564 0
-292 -598 0
-292 -632 0
-292 -666 0
-326 -360 0
-326 -394 0
-326 -428 0
-326 -462 0
-326 -496 0
-326 -530 0
-326 -564 0
-326 -598 0
-326 -632 0
-326 -666 0
-360 -394 0
-360 -428 0
-360 -462 0
-360 -496 0
-360 -530 0
-360 -564 0
-360 -598 0
-360 -632 0
-360 -666 0
-394 -428 0
-394 -462 0
-394 -496 0
-394 -530 0
-394 -564 0
-394 -598 0
-394 -632 0
-394 -666 0
-428 -462 0
-428 -496 0
-428 -530 0
-428 -564 0
-428 -598 0
-428 -632 0
-428 -666 0
-462 -496 0
-462 -530 0
-462 -564 0
-462 -598 0
-462 -632 0
-462 -666 0
-496 -530 0
-496 -564 0
-496 -598 0
-496 -632 0
-496 -666 0
-530 -564 0
-530 -598 0
-530 -632 0
-530 -666 0
-564 -598 0
-564 -632 0
-564 -666 0
-598 -632 0
-598 -666 0
-632 -666 0
-21 -55 0
-21 -89 0
-21 -123 0
-21 -157 0
-21 -191 0
-21 -225 0
-21 -259 0
-21 -293 0
-21 -327 0
-21 -361 0
-21 -395 0
-21 -429 0
-21 -463 0
-21 -497 0
-21 -531 0
-21 -565 0
-21 -599 0
-21 -633 0
-21 -667 0
-21 -701 0
-55 -89 0
-55 -123 0
-55 -157 0
-55 -191 0
-55 -225 0
-55 -259 0
-55 -293 0
-55 -327 0
-55 -361 0
-55 -395 0
-55 -429 0
-55 -463 0
-55 -497 0
-55 -531 0
-55 -565 0
-55 -599 0
-55 -633 0
-55 -667 0
-55 -701 0
-89 -123 0
-89 -157 0
-89 -191 0
-89 -225 0
-89 -259 0
-89 -293 0
-89 -327 0
-89 -361 0
-89 -395 0
-89 -429 0
-89 -463 0
-89 -497 0
-89 -531 0
-89 -565 0
-89 -599 0
-89 -633 0
-89 -667 0
-89 -701 0
-123 -157 0
-123 -191 0
-123 -225 0
-123 -259 0
-123 -293 0
-123 -327 0
-123 -361 0
-123 -395 0
-123 -429 0
-123 -463 0
-123 -497 0
-123 -531 0
-123 -565 0
-123 -599 0
-123 -633 0
-123 -667 0
-123 -701 0
-157 -191 0
-157 -225 0
-157 -259 0
-157 -293 0
-157 -327 0
-157 -361 0
-157 -395 0
-157 -429 0
-157 -463 0
-157 -497 0
-157 -531 0
-157 -565 0
-157 -599 0
-157 -633 0
-157 -667 0
-157 -701 0
-191 -225 0
-191 -259 0
-191 -293 0
-191 -327 0
-191 -361 0
-191 -395 0
-191 -429 0
-191 -463 0
-191 -497 0
-191 -531 0
-191 -565 0
-191 -599 0
-191 -633 0
-191 -667 0
-191 -701 0
-225 -259 0
-225 -293 0
-225 -327 0
-225 -361 0
-225 -395 0
-225 -429 0
-225 -463 0
-225 -497 0
-225 -531 0
-225 -565 0
-225 -599 0
-225 -633 0
-225 -667 0
-225 -701 0
-259 -293 0
-259 -327 0
-259 -361 0
-259 -395 0
-259 -429 0
-259 -463 0
-259 -497 0
-259 -531 0
-259 -565 0
-259 -599 0
-259 -633 0
-259 -667 0
-259 -701 0
-293 -327 0
-293 -361 0
-293 -395 0
-293 -429 0
-293 -463 0
-293 -497 0
-293 -531 0
-293 -565 0
-293 -599 0
-293 -633 0
-293 -667 0
-293 -701 0
-327 -361 0
-327 -395 0
-327 -429 0
-327 -463 0
-327 -497 0
-327 -531 0
-327 -565 0
-327 -599 0
-327 -633 0
-327 -667 0
-327 -701 0
-361 -395 0
-361 -429 0
-361 -463 0
-361 -497 0
-361 -531 0
-361 -565 0
-361 -599 0
-361 -633 0
-361 -667 0
-361 -701 0
-395 -429 0
-395 -463 0
-395 -497 0
-395 -531 0
-395 -565 0
-395 -599 0
-395 -633 0
-395 -667 0
-395 -701 0
-429 -463 0
-429 -497 0
-429 -531 0
-429 -565 0
-429 -599 0
-429 -633 0
-429 -667 0
-429 -701 0
-463 -497 0
-463 -531 0
-463 -565 0
-463 -599 0
-463 -633 0
-463 -667 0
-463 -701 0
-497 -531 0
-497 -565 0
-497 -599 0
-497 -633 0
-497 -667 0
-497 -701 0
-531 -565 0
-531 -599 0
-531 -633 0
-531 -667 0
-531 -701 0
-565 -599 0
-565 -633 0
-565 -667 0
-565 -701 0
-599 -633 0
-599 -667 0
-599 -701 0
-633 -667 0
-633 -701 0
-667 -701 0
-22 -56 0
-22 -90 0
-22 -124 0
-22 -158 0
-22 -192 0
-22 -226 0
-22 -260 0
-22 -294 0
-22 -328 0
-22 -362 0
-22 -396 0
-22 -430 0
-22 -464 0
-22 -498 0
-22 -532 0
-22 -566 0
-22 -600 0
-22 -634 0
-22 -668 0
-22 -702 0
-22 -736 0
-56 -90 0
-56 -124 0
-56 -158 0
-56 -192 0
-56 -226 0
-56 -260 0
-56 -294 0
-56 -328 0
-56 -362 0
-56 -396 0
-56 -430 0
-56 -464 0
-56 -498 0
-56 -532 0
-56 -566 0
-56 -600 0
-56 -634 0
-56 -668 0
-56 -702 0
-56 -736 0
-90 -124 0
-90 -158 0
-90 -192 0
-90 -226 0
-90 -260 0
-90 -294 0
-90 -328 0
-90 -362 0
-90 -396 0
-90 -430 0
-90 -464 0
-90 -498 0
-90 -532 0
-90 -566 0
-90 -600 0
-90 -634 0
-90 -668 0
-90 -702 0
-90 -736 0
-124 -158 0
-124 -192 0
-124 -226 0
-124 -260 0
-124 -294 0
-124 -328 0
-124 -362 0
-124 -396 0
-124 -430 0
-124 -464 0
-124 -498 0
-124 -532 0
-124 -566 0
-124 -600 0
-124 -634 0
-124 -668 0
-124 -702 0
-124 -736 0
-158 -192 0
-158 -226 0
-158 -260 0
-158 -294 0
-158 -328 0
-158 -362 0
-158 -396 0
-158 -430 0
-158 -464 0
-158 -498 0
-158 -532 0
-158 -566 0
-158 -600 0
-158 -634 0
-158 -668 0
-158 -702 0
-158 -736 0
-192 -226 0
-192 -260 0
-192 -294 0
-192 -328 0
-192 -362 0
-192 -396 0
-192 -430 0
-192 -464 0
-192 -498 0
-192 -532 0
-192 -566 0
-192 -600 0
-192 -634 0
-192 -668 0
-192 -702 0
-192 -736 0
-226 -260 0
-226 -294 0
-226 -328 0
-226 -362 0
-226 -396 0
-226 -430 0
-226 -464 0
-226 -498 0
-226 -532 0
-226 -566 0
-226 -600 0
-226 -634 0
-226 -668 0
-226 -702 0
-226 -736 0
-260 -294 0
-260 -328 0
-260 -362 0
-260 -396 0
-260 -430 0
-260 -464 0
-260 -498 0
-260 -532 0
-260 -566 0
-260 -600 0
-260 -634 0
-260 -668 0
-260 -702 0
-260 -736 0
-294 -328 0
-294 -362 0
-294 -396 0
-294 -430 0
-294 -464 0
-294 -498 0
-294 -532 0
-294 -566 0
-294 -600 0
-294 -634 0
-294 -668 0
-294 -702 0
-294 -736 0
-328 -362 0
-328 -396 0
-328 -430 0
-328 -464 0
-328 -498 0
-328 -532 0
-328 -566 0
-328 -600 0
-328 -634 0
-328 -668 0
-328 -702 0
-328 -736 0
-362 -396 0
-362 -430 0
-362 -464 0
-362 -498 0
-362 -532 0
-362 -566 0
-362 -600 0
-362 -634 0
-362 -668 0
-362 -702 0
-362 -736 0
-396 -430 0
-396 -464 0
-396 -498 0
-396 -532 0
-396 -566 0
-396 -600 0
-396 -634 0
-396 -668 0
-396 -702 0
-396 -736 0
-430 -464 0
-430 -498 0
-430 -532 0
-430 -566 0
-430 -600 0
-430 -634 0
-430 -668 0
-430 -702 0
-430 -736 0
-464 -498 0
-464 -532 0
-464 -566 0
-464 -600 0
-464 -634 0
-464 -668 0
-464 -702 0
-464 -736 0
-498 -532 0
-498 -566 0
-498 -600 0
-498 -634 0
-498 -668 0
-498 -702 0
-498 -736 0
-532 -566 0
-532 -600 0
-532 -634 0
-532 -668 0
-532 -702 0
-532 -736 0
-566 -600 0
-566 -634 0
-566 -668 0
-566 -702 0
-566 -736 0
-600 -634 0
-600 -668 0
-600 -702 0
-600 -736 0
-634 -668 0
-634 -702 0
-634 -736 0
-668 -702 0
-668 -736 0
-702 -736 0
-23 -57 0
-23 -91 0
-23 -125 0
-23 -159 0
-23 -193 0
-23 -227 0
-23 -261 0
-23 -295 0
-23 -329 0
-23 -363 0
-23 -397 0
-23 -431 0
-23 -465 0
-23 -499 0
-23 -533 0
-23 -567 0
-23 -601 0
-23 -635 0
-23 -669 0
-23 -703 0
-23 -737 0
-23 -771 0
-57 -91 0
-57 -125 0
-57 -159 0
-57 -193 0
-57 -227 0
-57 -261 0
-57 -295 0
-57 -329 0
-57 -363 0
-57 -397 0
-57 -431 0
-57 -465 0
-57 -499 0
-57 -533 0
-57 -567 0
-57 -601 0
-57 -635 0
-57 -669 0
-57 -703 0
-57 -737 0
-57 -771 0
-91 -125 0
-91 -159 0
-91 -193 0
-91 -227 0
-91 -261 0
-91 -295 0
-91 -329 0
-91 -363 0
-91 -397 0
-91 -431 0
-91 -465 0
-91 -499 0
-91 -533 0
-91 -567 0
-91 -601 0
-91 -635 0
-91 -669 0
-91 -703 0
-91 -737 0
-91 -771 0
-125 -159 0
-125 -193 0
-125 -227 0
-125 -261 0
-125 -295 0
-125 -329 0
-125 -363 0
-125 -397 0
-125 -431 0
-125 -465 0
-125 -499 0
-125 -533 0
-125 -567 0
-125 -601 0
-125 -635 0
-125 -669 0
-125 -703 0
-125 -737 0
-125 -771 0
-159 -193 0
-159 -227 0
-159 -261 0
-159 -295 0
-159 -329 0
-159 -363 0
-159 -397 0
-159 -431 0
-159 -465 0
-159 -499 0
-159 -533 0
-159 -567 0
-159 -601 0
-159 -635 0
-159 -669 0
-159 -703 0
-159 -737 0
-159 -771 0
-193 -227 0
-193 -261 0
-193 -295 0
-193 -329 0
-193 -363 0
-193 -397 0
-193 -431 0
-193 -465 0
-193 -499 0
-193 -533 0
-193 -567 0
-193 -601 0
-193 -635 0
-193 -669 0
-193 -703 0
-193 -737 0
-193 -771 0
-227 -261 0
-227 -295 0
-227 -329 0
-227 -363 0
-227 -397 0
-227 -431 0
-227 -465 0
-227 -499 0
-227 -533 0
-227 -567 0
-227 -601 0
-227 -635 0
-227 -669 0
-227 -703 0
-227 -737 0
-227 -771 0
-261 -295 0
-261 -329 0
-261 -363 0
-261 -397 0
-261 -431 0
-261 -465 0
-261 -499 0
-261 -533 0
-261 -567 0
-261 -601 0
-261 -635 0
-261 -669 0
-261 -703 0
-261 -737 0
-261 -771 0
-295 -329 0
-295 -363 0
-295 -397 0
-295 -431 0
-295 -465 0
-295 -499 0
-295 -533 0
-295 -567 0
-295 -601 0
-295 -635 0
-295 -669 0
-295 -703 0
-295 -737 0
-295 -771 0
-329 -363 0
-329 -397 0
-329 -431 0
-329 -465 0
-329 -499 0
-329 -533 0
-329 -567 0
-329 -601 0
-329 -635 0
-329 -669 0
-329 -703 0
-329 -737 0
-329 -771 0
-363 -397 0
-363 -431 0
-363 -465 0
-363 -499 0
-363 -533 0
-363 -567 0
-363 -601 0
-363 -635 0
-363 -669 0
-363 -703 0
-363 -737 0
-363 -771 0
-397 -431 0
-397 -465 0
-397 -499 0
-397 -533 0
-397 -567 0
-397 -601 0
-397 -635 0
-397 -669 0
-397 -703 0
-397 -737 0
-397 -771 0
-431 -465 0
-431 -499 0
-431 -533 0
-431 -567 0
-431 -601 0
-431 -635 0
-431 -669 0
-431 -703 0
-431 -737 0
-431 -771 0
-465 -499 0
-465 -533 0
-465 -567 0
-465 -601 0
-465 -635 0
-465 -669 0
-465 -703 0
-465 -737 0
-465 -771 0
-499 -533 0
-499 -567 0
-499 -601 0
-499 -635 0
-499 -669 0
-499 -703 0
-499 -737 0
-499 -771 0
-533 -567 0
-533 -601 0
-533 -635 0
-533 -669 0
-533 -703 0
-533 -737 0
-533 -771 0
-567 -601 0
-567 -635 0
-567 -669 0
-567 -703 0
-567 -737 0
-567 -771 0
-601 -635 0
-601 -669 0
-601 -703 0
-601 -737 0
-601 -771 0
-635 -669 0
-635 -703 0
-635 -737 0
-635 -771 0
-669 -703 0
-669 -737 0
-669 -771 0
-703 -737 0
-703 -771 0
-737 -771 0
-24 -58 0
-24 -92 0
-24 -126 0
-24 -160 0
-24 -194 0
-24 -228 0
-24 -262 0
-24 -296 0
-24 -330 0
-24 -364 0
-24 -398 0
-24 -432 0
-24 -466 0
-24 -500 0
-24 -534 0
-24 -568 0
-24 -602 0
-24 -636 0
-24 -670 0
-24 -704 0
-24 -738 0
-24 -772 0
-24 -806 0
-58 -92 0
-58 -126 0
-58 -160 0
-58 -194 0
-58 -228 0
-58 -262 0
-58 -296 0
-58 -330 0
-58 -364 0
-58 -398 0
-58 -432 0
-58 -466 0
-58 -500 0
-58 -534 0
-58 -568 0
-58 -602 0
-58 -636 0
-58 -670 0
-58 -704 0
-58 -738 0
-58 -772 0
-58 -806 0
-92 -126 0
-92 -160 0
-92 -194 0
-92 -228 0
-92 -262 0
-92 -296 0
-92 -330 0
-92 -364 0
-92 -398 0
-92 -432 0
-92 -466 0
-92 -500 0
-92 -534 0
-92 -568 0
-92 -602 0
-92 -636 0
-92 -670 0
-92 -704 0
-92 -738 0
-92 -772 0
-92 -806 0
-126 -160 0
-126 -194 0
-126 -228 0
-126 -262 0
-126 -296 0
-126 -330 0
-126 -364 0
-126 -398 0
-126 -432 0
-126 -466 0
-126 -500 0
-126 -534 0
-126 -568 0
-126 -602 0
-126 -636 0
-126 -670 0
-126 -704 0
-126 -738 0
-126 -772 0
-126 -806 0
-160 -194 0
-160 -228 0
-160 -262 0
-160 -296 0
-160 -330 0
-160 -364 0
-160 -398 0
-160 -432 0
-160 -466 0
-160 -500 0
-160 -534 0
-160 -568 0
-160 -602 0
-160 -636 0
-160 -670 0
-160 -704 0
-160 -738 0
-160 -772 0
-160 -806 0
-194 -228 0
-194 -262 0
-194 -296 0
-194 -330 0
-194 -364 0
-194 -398 0
-194 -432 0
-194 -466 0
-194 -500 0
-194 -534 0
-194 -568 0
-194 -602 0
-194 -636 0
-194 -670 0
-194 -704 0
-194 -738 0
-194 -772 0
-194 -806 0
-228 -262 0
-228 -296 0
-228 -330 0
-228 -364 0
-228 -398 0
-228 -432 0
-228 -466 0
-228 -500 0
-228 -534 0
-228 -568 0
-228 -602 0
-228 -636 0
-228 -670 0
-228 -704 0
-228 -738 0
-228 -772 0
-228 -806 0
-262 -296 0
-262 -330 0
-262 -364 0
-262 -398 0
-262 -432 0
-262 -466 0
-262 -500 0
-262 -534 0
-262 -568 0
-262 -602 0
-262 -636 0
-262 -670 0
-262 -704 0
-262 -738 0
-262 -772 0
-262 -806 0
-296 -330 0
-296 -364 0
-296 -398 0
-296 -432 0
-296 -466 0
-296 -500 0
-296 -534 0
-296 -568 0
-296 -602 0
-296 -636 0
-296 -670 0
-296 -704 0
-296 -738 0
-296 -772 0
-296 -806 0
-330 -364 0
-330 -398 0
-330 -432 0
-330 -466 0
-330 -500 0
-330 -534 0
-330 -568 0
-330 -602 0
-330 -636 0
-330 -670 0
-330 -704 0
-330 -738 0
-330 -772 0
-330 -806 0
-364 -398 0
-364 -432 0
-364 -466 0
-364 -500 0
-364 -534 0
-364 -568 0
-364 -602 0
-364 -636 0
-364 -670 0
-364 -704 0
-364 -738 0
-364 -772 0
-364 -806 0
-398 -432 0
-398 -466 0
-398 -500 0
-398 -534 0
-398 -568 0
-398 -602 0
-398 -636 0
-398 -670 0
-398 -704 0
-398 -738 0
-398 -772 0
-398 -806 0
-432 -466 0
-432 -500 0
-432 -534 0
-432 -568 0
-432 -602 0
-432 -636 0
-432 -670 0
-432 -704 0
-432 -738 0
-432 -772 0
-432 -806 0
-466 -500 0
-466 -534 0
-466 -568 0
-466 -602 0
-466 -636 0
-466 -670 0
-466 -704 0
-466 -738 0
-466 -772 0
-466 -806 0
-500 -534 0
-500 -568 0
-500 -602 0
-500 -636 0
-500 -670 0
-500 -704 0
-500 -738 0
-500 -772 0
-500 -806 0
-534 -568 0
-534 -602 0
-534 -636 0
-534 -670 0
-534 -704 0
-534 -738 0
-534 -772 0
-534 -806 0
-568 -602 0
-568 -636 0
-568 -670 0
-568 -704 0
-568 -738 0
-568 -772 0
-568 -806 0
-602 -636 0
-602 -670 0
-602 -704 0
-602 -738 0
-602 -772 0
-602 -806 0
-636 -670 0
-636 -704 0
-636 -738 0
-636 -772 0
-636 -806 0
-670 -704 0
-670 -738 0
-670 -772 0
-670 -806 0
-704 -738 0
-704 -772 0
-704 -806 0
-738 -772 0
-738 -806 0
-772 -806 0
-25 -59 0
-25 -93 0
-25 -127 0
-25 -161 0
-25 -195 0
-25 -229 0
-25 -263 0
-25 -297 0
-25 -331 0
-25 -365 0
-25 -399 0
-25 -433 0
-25 -467 0
-25 -501 0
-25 -535 0
-25 -569 0
-25 -603 0
-25 -637 0
-25 -671 0
-25 -705 0
-25 -739 0
-25 -773 0
-25 -807 0
-25 -841 0
-59 -93 0
-59 -127 0
-59 -161 0
-59 -195 0
-59 -229 0
-59 -263 0
-59 -297 0
-59 -331 0
-59 -365 0
-59 -399 0
-59 -433 0
-59 -467 0
-59 -501 0
-59 -535 0
-59 -569 0
-59 -603 0
-59 -637 0
-59 -671 0
-59 -705 0
-59 -739 0
-59 -773 0
-59 -807 0
-59 -841 0
-93 -127 0
-93 -161 0
-93 -195 0
-93 -229 0
-93 -263 0
-93 -297 0
-93 -331 0
-93 -365 0
-93 -399 0
-93 -433 0
-93 -467 0
-93 -501 0
-93 -535 0
-93 -569 0
-93 -603 0
-93 -637 0
-93 -671 0
-93 -705 0
-93 -739 0
-93 -773 0
-93 -807 0
-93 -841 0
-127 -161 0
-127 -195 0
-127 -229 0
-127 -263 0
-127 -297 0
-127 -331 0
-127 -365 0
-127 -399 0
-127 -433 0
-127 -467 0
-127 -501 0
-127 -535 0
-127 -569 0
-127 -603 0
-127 -637 0
-127 -671 0
-127 -705 0
-127 -739 0
-127 -773 0
-127 -807 0
-127 -841 0
-161 -195 0
-161 -229 0
-161 -263 0
-161 -297 0
-161 -331 0
-161 -365 0
-161 -399 0
-161 -433 0
-161 -467 0
-161 -501 0
-161 -535 0
-161 -569 0
-161 -603 0
-161 -637 0
-161 -671 0
-161 -705 0
-161 -739 0
-161 -773 0
-161 -807 0
-161 -841 0
-195 -229 0
-195 -263 0
-195 -297 0
-195 -331 0
-195 -365 0
-195 -399 0
-195 -433 0
-195 -467 0
-195 -501 0
-195 -535 0
-195 -569 0
-195 -603 0
-195 -637 0
-195 -671 0
-195 -705 0
-195 -739 0
-195 -773 0
-195 -807 0
-195 -841 0
-229 -263 0
-229 -297 0
-229 -331 0
-229 -365 0
-229 -399 0
-229 -433 0
-229 -467 0
-229 -501 0
-229 -535 0
-229 -569 0
-229 -603 0
-229 -637 0
-229 -671 0
-229 -705 0
-229 -739 0
-229 -773 0
-229 -807 0
-229 -841 0
-263 -297 0
-263 -331 0
-263 -365 0
-263 -399 0
-263 -433 0
-263 -467 0
-263 -501 0
-263 -535 0
-263 -569 0
-263 -603 0
-263 -637 0
-263 -671 0
-263 -705 0
-263 -739 0
-263 -773 0
-263 -807 0
-263 -841 0
-297 -331 0
-297 -365 0
-297 -399 0
-297 -433 0
-297 -467 0
-297 -501 0
-297 -535 0
-297 -569 0
-297 -603 0
-297 -637 0
-297 -671 0
-297 -705 0
-297 -739 0
-297 -773 0
-297 -807 0
-297 -841 0
-331 -365 0
-331 -399 0
-331 -433 0
-331 -467 0
-331 -501 0
-331 -535 0
-331 -569 0
-331 -603 0
-331 -637 0
-331 -671 0
-331 -705 0
-331 -739 0
-331 -773 0
-331 -807 0
-331 -841 0
-365 -399 0
-365 -433 0
-365 -467 0
-365 -501 0
-365 -535 0
-365 -569 0
-365 -603 0
-365 -637 0
-365 -671 0
-365 -705 0
-365 -739 0
-365 -773 0
-365 -807 0
-365 -841 0
-399 -433 0
-399 -467 0
-399 -501 0
-399 -535 0
-399 -569 0
-399 -603 0
-399 -637 0
-399 -671 0
-399 -705 0
-399 -739 0
-399 -773 0
-399 -807 0
-399 -841 0
-433 -467 0
-433 -501 0
-433 -535 0
-433 -569 0
-433 -603 0
-433 -637 0
-433 -671 0
-433 -705 0
-433 -739 0
-433 -773 0
-433 -807 0
-433 -841 0
-467 -501 0
-467 -535 0
-467 -569 0
-467 -603 0
-467 -637 0
-467 -671 0
-467 -705 0
-467 -739 0
-467 -773 0
-467 -807 0
-467 -841 0
-501 -535 0
-501 -569 0
-501 -603 0
-501 -637 0
-501 -671 0
-501 -705 0
-501 -739 0
-501 -773 0
-501 -807 0
-501 -841 0
-535 -569 0
-535 -603 0
-535 -637 0
-535 -671 0
-535 -705 0
-535 -739 0
-535 -773 0
-535 -807 0
-535 -841 0
-569 -603 0
-569 -637 0
-569 -671 0
-569 -705 0
-569 -739 0
-569 -773 0
-569 -807 0
-569 -841 0
-603 -637 0
-603 -671 0
-603 -705 0
-603 -739 0
-603 -773 0
-603 -807 0
-603 -841 0
-637 -671 0
-637 -705 0
-637 -739 0
-637 -773 0
-637 -807 0
-637 -841 0
-671 -705 0
-671 -739 0
-671 -773 0
-671 -807 0
-671 -841 0
-705 -739 0
-705 -773 0
-705 -807 0
-705 -841 0
-739 -773 0
-739 -807 0
-739 -841 0
-773 -807 0
-773 -841 0
-807 -841 0
-26 -60 0
-26 -94 0
-26 -128 0
-26 -162 0
-26 -196 0
-26 -230 0
-26 -264 0
-26 -298 0
-26 -332 0
-26 -366 0
-26 -400 0
-26 -434 0
-26 -468 0
-26 -502 0
-26 -536 0
-26 -570 0
-26 -604 0
-26 -638 0
-26 -672 0
-26 -706 0
-26 -740 0
-26 -774 0
-26 -808 0
-26 -842 0
-26 -876 0
-60 -94 0
-60 -128 0
-60 -162 0
-60 -196 0
-60 -230 0
-60 -264 0
-60 -298 0
-60 -332 0
-60 -366 0
-60 -400 0
-60 -434 0
-60 -468 0
-60 -502 0
-60 -536 0
-60 -570 0
-60 -604 0
-60 -638 0
-60 -672 0
-60 -706 0
-60 -740 0
-60 -774 0
-60 -808 0
-60 -842 0
-60 -876 0
-94 -128 0
-94 -162 0
-94 -196 0
-94 -230 0
-94 -264 0
-94 -298 0
-94 -332 0
-94 -366 0
-94 -400 0
-94 -434 0
-94 -468 0
-94 -502 0
-94 -536 0
-94 -570 0
-94 -604 0
-94 -638 0
-94 -672 0
-94 -706 0
-94 -740 0
-94 -774 0
-94 -808 0
-94 -842 0
-94 -876 0
-128 -162 0
-128 -196 0
-128 -230 0
-128 -264 0
-128 -298 0
-128 -332 0
-128 -366 0
-128 -400 0
-128 -434 0
-128 -468 0
-128 -502 0
-128 -536 0
-128 -570 0
-128 -604 0
-128 -638 0
-128 -672 0
-128 -706 0
-128 -740 0
-128 -774 0
-128 -808 0
-128 -842 0
-128 -876 0
-162 -196 0
-162 -230 0
-162 -264 0
-162 -298 0
-162 -332 0
-162 -366 0
-162 -400 0
-162 -434 0
-162 -468 0
-162 -502 0
-162 -536 0
-162 -570 0
-162 -604 0
-162 -638 0
-162 -672 0
-162 -706 0
-162 -740 0
-162 -774 0
-162 -808 0
-162 -842 0
-162 -876 0
-196 -230 0
-196 -264 0
-196 -298 0
-196 -332 0
-196 -366 0
-196 -400 0
-196 -434 0
-196 -468 0
-196 -502 0
-196 -536 0
-196 -570 0
-196 -604 0
-196 -638 0
-196 -672 0
-196 -706 0
-196 -740 0
-196 -774 0
-196 -808 0
-196 -842 0
-196 -876 0
-230 -264 0
-230 -298 0
-230 -332 0
-230 -366 0
-230 -400 0
-230 -434 0
-230 -468 0
-230 -502 0
-230 -536 0
-230 -570 0
-230 -604 0
-230 -638 0
-230 -672 0
-230 -706 0
-230 -740 0
-230 -774 0
-230 -808 0
-230 -842 0
-230 -876 0
-264 -298 0
-264 -332 0
-264 -366 0
-264 -400 0
-264 -434 0
-264 -468 0
-264 -502 0
-264 -536 0
-264 -570 0
-264 -604 0
-264 -638 0
-264 -672 0
-264 -706 0
-264 -740 0
-264 -774 0
-264 -808 0
-264 -842 0
-264 -876 0
-298 -332 0
-298 -366 0
-298 -400 0
-298 -434 0
-298 -468 0
-298 -502 0
-298 -536 0
-298 -570 0
-298 -604 0
-298 -638 0
-298 -672 0
-298 -706 0
-298 -740 0
-298 -774 0
-298 -808 0
-298 -842 0
-298 -876 0
-332 -366 0
-332 -400 0
-332 -434 0
-332 -468 0
-332 -502 0
-332 -536 0
-332 -570 0
-332 -604 0
-332 -638 0
-332 -672 0
-332 -706 0
-332 -740 0
-332 -774 0
-332 -808 0
-332 -842 0
-332 -876 0
-366 -400 0
-366 -434 0
-366 -468 0
-366 -502 0
-366 -536 0
-366 -570 0
-366 -604 0
-366 -638 0
-366 -672 0
-366 -706 0
-366 -740 0
-366 -774 0
-366 -808 0
-366 -842 0
-366 -876 0
-400 -434 0
-400 -468 0
-400 -502 0
-400 -536 0
-400 -570 0
-400 -604 0
-400 -638 0
-400 -672 0
-400 -706 0
-400 -740 0
-400 -774 0
-400 -808 0
-400 -842 0
-400 -876 0
-434 -468 0
-434 -502 0
-434 -536 0
-434 -570 0
-434 -604 0
-434 -638 0
-434 -672 0
-434 -706 0
-434 -740 0
-434 -774 0
-434 -808 0
-434 -842 0
-434 -876 0
-468 -502 0
-468 -536 0
-468 -570 0
-468 -604 0
-468 -638 0
-468 -672 0
-468 -706 0
-468 -740 0
-468 -774 0
-468 -808 0
-468 -842 0
-468 -876 0
-502 -536 0
-502 -570 0
-502 -604 0
-502 -638 0
-502 -672 0
-502 -706 0
-502 -740 0
-502 -774 0
-502 -808 0
-502 -842 0
-502 -876 0
-536 -570 0
-536 -604 0
-536 -638 0
-536 -672 0
-536 -706 0
-536 -740 0
-536 -774 0
-536 -808 0
-536 -842 0
-536 -876 0
-570 -604 0
-570 -638 0
-570 -672 0
-570 -706 0
-570 -740 0
-570 -774 0
-570 -808 0
-570 -842 0
-570 -876 0
-604 -638 0
-604 -672 0
-604 -706 0
-604 -740 0
-604 -774 0
-604 -808 0
-604 -842 0
-604 -876 0
-638 -672 0
-638 -706 0
-638 -740 0
-638 -774 0
-638 -808 0
-638 -842 0
-638 -876 0
-672 -706 0
-672 -740 0
-672 -774 0
-672 -808 0
-672 -842 0
-672 -876 0
-706 -740 0
-706 -774 0
-706 -808 0
-706 -842 0
-706 -876 0
-740 -774 0
-740 -808 0
-740 -842 0
-740 -876 0
-774 -808 0
-774 -842 0
-774 -876 0
-808 -842 0
-808 -876 0
-842 -876 0
-27 -61 0
-27 -95 0
-27 -129 0
-27 -163 0
-27 -197 0
-27 -231 0
-27 -265 0
-27 -299 0
-27 -333 0
-27 -367 0
-27 -401 0
-27 -435 0
-27 -469 0
-27 -503 0
-27 -537 0
-27 -571 0
-27 -605 0
-27 -639 0
-27 -673 0
-27 -707 0
-27 -741 0
-27 -775 0
-27 -809 0
-27 -843 0
-27 -877 0
-27 -911 0
-61 -95 0
-61 -129 0
-61 -163 0
-61 -197 0
-61 -231 0
-61 -265 0
-61 -299 0
-61 -333 0
-61 -367 0
-61 -401 0
-61 -435 0
-61 -469 0
-61 -503 0
-61 -537 0
-61 -571 0
-61 -605 0
-61 -639 0
-61 -673 0
-61 -707 0
-61 -741 0
-61 -775 0
-61 -809 0
-61 -843 0
-61 -877 0
-61 -911 0
-95 -129 0
-95 -163 0
-95 -197 0
-95 -231 0
-95 -265 0
-95 -299 0
-95 -333 0
-95 -367 0
-95 -401 0
-95 -435 0
-95 -469 0
-95 -503 0
-95 -537 0
-95 -571 0
-95 -605 0
-95 -639 0
-95 -673 0
-95 -707 0
-95 -741 0
-95 -775 0
-95 -809 0
-95 -843 0
-95 -877 0
-95 -911 0
-129 -163 0
-129 -197 0
-129 -231 0
-129 -265 0
-129 -299 0
-129 -333 0
-129 -367 0
-129 -401 0
-129 -435 0
-129 -469 0
-129 -503 0
-129 -537 0
-129 -571 0
-129 -605 0
-129 -639 0
-129 -673 0
-129 -707 0
-129 -741 0
-129 -775 0
-129 -809 0
-129 -843 0
-129 -877 0
-129 -911 0
-163 -197 0
-163 -231 0
-163 -265 0
-163 -299 0
-163 -333 0
-163 -367 0
-163 -401 0
-163 -435 0
-163 -469 0
-163 -503 0
-163 -537 0
-163 -571 0
-163 -605 0
-163 -639 0
-163 -673 0
-163 -707 0
-163 -741 0
-163 -775 0
-163 -809 0
-163 -843 0
-163 -877 0
-163 -911 0
-197 -231 0
-197 -265 0
-197 -299 0
-197 -333 0
-197 -367 0
-197 -401 0
-197 -435 0
-197 -469 0
-197 -503 0
-197 -537 0
-197 -571 0
-197 -605 0
-197 -639 0
-197 -673 0
-197 -707 0
-197 -741 0
-197 -775 0
-197 -809 0
-197 -843 0
-197 -877 0
-197 -911 0
-231 -265 0
-231 -299 0
-231 -333 0
-231 -367 0
-231 -401 0
-231 -435 0
-231 -469 0
-231 -503 0
-231 -537 0
-231 -571 0
-231 -605 0
-231 -639 0
-231 -673 0
-231 -707 0
-231 -741 0
-231 -775 0
-231 -809 0
-231 -843 0
-231 -877 0
-231 -911 0
-265 -299 0
-265 -333 0
-265 -367 0
-265 -401 0
-265 -435 0
-265 -469 0
-265 -503 0
-265 -537 0
-265 -571 0
-265 -605 0
-265 -639 0
-265 -673 0
-265 -707 0
-265 -741 0
-265 -775 0
-265 -809 0
-265 -843 0
-265 -877 0
-265 -911 0
-299 -333 0
-299 -367 0
-299 -401 0
-299 -435 0
-299 -469 0
-299 -503 0
-299 -537 0
-299 -571 0
-299 -605 0
-299 -639 0
-299 -673 0
-299 -707 0
-299 -741 0
-299 -775 0
-299 -809 0
-299 -843 0
-299 -877 0
-299 -911 0
-333 -367 0
-333 -401 0
-333 -435 0
-333 -469 0
-333 -503 0
-333 -537 0
-333 -571 0
-333 -605 0
-333 -639 0
-333 -673 0
-333 -707 0
-333 -741 0
-333 -775 0
-333 -809 0
-333 -843 0
-333 -877 0
-333 -911 0
-367 -401 0
-367 -435 0
-367 -469 0
-367 -503 0
-367 -537 0
-367 -571 0
-367 -605 0
-367 -639 0
-367 -673 0
-367 -707 0
-367 -741 0
-367 -775 0
-367 -809 0
-367 -843 0
-367 -877 0
-367 -911 0
-401 -435 0
-401 -469 0
-401 -503 0
-401 -537 0
-401 -571 0
-401 -605 0
-401 -639 0
-401 -673 0
-401 -707 0
-401 -741 0
-401 -775 0
-401 -809 0
-401 -843 0
-401 -877 0
-401 -911 0
-435 -469 0
-435 -503 0
-435 -537 0
-435 -571 0
-435 -605 0
-435 -639 0
-435 -673 0
-435 -707 0
-435 -741 0
-435 -775 0
-435 -809 0
-435 -843 0
-435 -877 0
-435 -911 0
-469 -503 0
-469 -537 0
-469 -571 0
-469 -605 0
-469 -639 0
-469 -673 0
-469 -707 0
-469 -741 0
-469 -775 0
-469 -809 0
-469 -843 0
-469 -877 0
-469 -911 0
-503 -537 0
-503 -571 0
-503 -605 0
-503 -639 0
-503 -673 0
-503 -707 0
-503 -741 0
-503 -775 0
-503 -809 0
-503 -843 0
-503 -877 0
-503 -911 0
-537 -571 0
-537 -605 0
-537 -639 0
-537 -673 0
-537 -707 0
-537 -741 0
-537 -775 0
-537 -809 0
-537 -843 0
-537 -877 0
-537 -911 0
-571 -605 0
-571 -639 0
-571 -673 0
-571 -707 0
-571 -741 0
-571 -775 0
-571 -809 0
-571 -843 0
-571 -877 0
-571 -911 0
-605 -639 0
-605 -673 0
-605 -707 0
-605 -741 0
-605 -775 0
-605 -809 0
-605 -843 0
-605 -877 0
-605 -911 0
-639 -673 0
-639 -707 0
-639 -741 0
-639 -775 0
-639 -809 0
-639 -843 0
-639 -877 0
-639 -911 0
-673 -707 0
-673 -741 0
-673 -775 0
-673 -809 0
-673 -843 0
-673 -877 0
-673 -911 0
-707 -741 0
-707 -775 0
-707 -809 0
-707 -843 0
-707 -877 0
-707 -911 0
-741 -775 0
-741 -809 0
-741 -843 0
-741 -877 0
-741 -911 0
-775 -809 0
-775 -843 0
-775 -877 0
-775 -911 0
-809 -843 0
-809 -877 0
-809 -911 0
-843 -877 0
-843 -911 0
-877 -911 0
-28 -62 0
-28 -96 0
-28 -130 0
-28 -164 0
-28 -198 0
-28 -232 0
-28 -266 0
-28 -300 0
-28 -334 0
-28 -368 0
-28 -402 0
-28 -436 0
-28 -470 0
-28 -504 0
-28 -538 0
-28 -572 0
-28 -606 0
-28 -640 0
-28 -674 0
-28 -708 0
-28 -742 0
-28 -776 0
-28 -810 0
-28 -844 0
-28 -878 0
-28 -912 0
-28 -946 0
-62 -96 0
-62 -130 0
-62 -164 0
-62 -198 0
-62 -232 0
-62 -266 0
-62 -300 0
-62 -334 0
-62 -368 0
-62 -402 0
-62 -436 0
-62 -470 0
-62 -504 0
-62 -538 0
-62 -572 0
-62 -606 0
-62 -640 0
-62 -674 0
-62 -708 0
-62 -742 0
-62 -776 0
-62 -810 0
-62 -844 0
-62 -878 0
-62 -912 0
-62 -946 0
-96 -130 0
-96 -164 0
-96 -198 0
-96 -232 0
-96 -266 0
-96 -300 0
-96 -334 0
-96 -368 0
-96 -402 0
-96 -436 0
-96 -470 0
-96 -504 0
-96 -538 0
-96 -572 0
-96 -606 0
-96 -640 0
-96 -674 0
-96 -708 0
-96 -742 0
-96 -776 0
-96 -810 0
-96 -844 0
-96 -878 0
-96 -912 0
-96 -946 0
-130 -164 0
-130 -198 0
-130 -232 0
-130 -266 0
-130 -300 0
-130 -334 0
-130 -368 0
-130 -402 0
-130 -436 0
-130 -470 0
-130 -504 0
-130 -538 0
-130 -572 0
-130 -606 0
-130 -640 0
-130 -674 0
-130 -708 0
-130 -742 0
-130 -776 0
-130 -810 0
-130 -844 0
-130 -878 0
-130 -912 0
-130 -946 0
-164 -198 0
-164 -232 0
-164 -266 0
-164 -300 0
-164 -334 0
-164 -368 0
-164 -402 0
-164 -436 0
-164 -470 0
-164 -504 0
-164 -538 0
-164 -572 0
-164 -606 0
-164 -640 0
-164 -674 0
-164 -708 0
-164 -742 0
-164 -776 0
-164 -810 0
-164 -844 0
-164 -878 0
-164 -912 0
-164 -946 0
-198 -232 0
-198 -266 0
-198 -300 0
-198 -334 0
-198 -368 0
-198 -402 0
-198 -436 0
-198 -470 0
-198 -504 0
-198 -538 0
-198 -572 0
-198 -606 0
-198 -640 0
-198 -674 0
-198 -708 0
-198 -742 0
-198 -776 0
-198 -810 0
-198 -844 0
-198 -878 0
-198 -912 0
-198 -946 0
-232 -266 0
-232 -300 0
-232 -334 0
-232 -368 0
-232 -402 0
-232 -436 0
-232 -470 0
-232 -504 0
-232 -538 0
-232 -572 0
-232 -606 0
-232 -640 0
-232 -674 0
-232 -708 0
-232 -742 0
-232 -776 0
-232 -810 0
-232 -844 0
-232 -878 0
-232 -912 0
-232 -946 0
-266 -300 0
-266 -334 0
-266 -368 0
-266 -402 0
-266 -436 0
-266 -470 0
-266 -504 0
-266 -538 0
-266 -572 0
-266 -606 0
-266 -640 0
-266 -674 0
-266 -708 0
-266 -742 0
-266 -776 0
-266 -810 0
-266 -844 0
-266 -878 0
-266 -912 0
-266 -946 0
-300 -334 0
-300 -368 0
-300 -402 0
-300 -436 0
-300 -470 0
-300 -504 0
-300 -538 0
-300 -572 0
-300 -606 0
-300 -640 0
-300 -674 0
-300 -708 0
-300 -742 0
-300 -776 0
-300 -810 0
-300 -844 0
-300 -878 0
-300 -912 0
-300 -946 0
-334 -368 0
-334 -402 0
-334 -436 0
-334 -470 0
-334 -504 0
-334 -538 0
-334 -572 0
-334 -606 0
-334 -640 0
-334 -674 0
-334 -708 0
-334 -742 0
-334 -776 0
-334 -810 0
-334 -844 0
-334 -878 0
-334 -912 0
-334 -946 0
-368 -402 0
-368 -436 0
-368 -470 0
-368 -504 0
-368 -538 0
-368 -572 0
-368 -606 0
-368 -640 0
-368 -674 0
-368 -708 0
-368 -742 0
-368 -776 0
-368 -810 0
-368 -844 0
-368 -878 0
-368 -912 0
-368 -946 0
-402 -436 0
-402 -470 0
-402 -504 0
-402 -538 0
-402 -572 0
-402 -606 0
-402 -640 0
-402 -674 0
-402 -708 0
-402 -742 0
-402 -776 0
-402 -810 0
-402 -844 0
-402 -878 0
-402 -912 0
-402 -946 0
-436 -470 0
-436 -504 0
-436 -538 0
-436 -572 0
-436 -606 0
-436 -640 0
-436 -674 0
-436 -708 0
-436 -742 0
-436 -776 0
-436 -810 0
-436 -844 0
-436 -878 0
-436 -912 0
-436 -946 0
-470 -504 0
-470 -538 0
-470 -572 0
-470 -606 0
-470 -640 0
-470 -674 0
-470 -708 0
-470 -742 0
-470 -776 0
-470 -810 0
-470 -844 0
-470 -878 0
-470 -912 0
-470 -946 0
-504 -538 0
-504 -572 0
-504 -606 0
-504 -640 0
-504 -674 0
-504 -708 0
-504 -742 0
-504 -776 0
-504 -810 0
-504 -844 0
-504 -878 0
-504 -912 0
-504 -946 0
-538 -572 0
-538 -606 0
-538 -640 0
-538 -674 0
-538 -708 0
-538 -742 0
-538 -776 0
-538 -810 0
-538 -844 0
-538 -878 0
-538 -912 0
-538 -946 0
-572 -606 0
-572 -640 0
-572 -674 0
-572 -708 0
-572 -742 0
-572 -776 0
-572 -810 0
-572 -844 0
-572 -878 0
-572 -912 0
-572 -946 0
-606 -640 0
-606 -674 0
-606 -708 0
-606 -742 0
-606 -776 0
-606 -810 0
-606 -844 0
-606 -878 0
-606 -912 0
-606 -946 0
-640 -674 0
-640 -708 0
-640 -742 0
-640 -776 0
-640 -810 0
-640 -844 0
-640 -878 0
-640 -912 0
-640 -946 0
-674 -708 0
-674 -742 0
-674 -776 0
-674 -810 0
-674 -844 0
-674 -878 0
-674 -912 0
-674 -946 0
-708 -742 0
-708 -776 0
-708 -810 0
-708 -844 0
-708 -878 0
-708 -912 0
-708 -946 0
-742 -776 0
-742 -810 0
-742 -844 0
-742 -878 0
-742 -912 0
-742 -946 0
-776 -810 0
-776 -844 0
-776 -878 0
-776 -912 0
-776 -946 0
-810 -844 0
-810 -878 0
-810 -912 0
-810 -946 0
-844 -878 0
-844 -912 0
-844 -946 0
-878 -912 0
-878 -946 0
-912 -946 0
-29 -63 0
-29 -97 0
-29 -131 0
-29 -165 0
-29 -199 0
-29 -233 0
-29 -267 0
-29 -301 0
-29 -335 0
-29 -369 0
-29 -403 0
-29 -437 0
-29 -471 0
-29 -505 0
-29 -539 0
-29 -573 0
-29 -607 0
-29 -641 0
-29 -675 0
-29 -709 0
-29 -743 0
-29 -777 0
-29 -811 0
-29 -845 0
-29 -879 0
-29 -913 0
-29 -947 0
-29 -981 0
-63 -97 0
-63 -131 0
-63 -165 0
-63 -199 0
-63 -233 0
-63 -267 0
-63 -301 0
-63 -335 0
-63 -369 0
-63 -403 0
-63 -437 0
-63 -471 0
-63 -505 0
-63 -539 0
-63 -573 0
-63 -607 0
-63 -641 0
-63 -675 0
-63 -709 0
-63 -743 0
-63 -777 0
-63 -811 0
-63 -845 0
-63 -879 0
-63 -913 0
-63 -947 0
-63 -981 0
-97 -131 0
-97 -165 0
-97 -199 0
-97 -233 0
-97 -267 0
-97 -301 0
-97 -335 0
-97 -369 0
-97 -403 0
-97 -437 0
-97 -471 0
-97 -505 0
-97 -539 0
-97 -573 0
-97 -607 0
-97 -641 0
-97 -675 0
-97 -709 0
-97 -743 0
-97 -777 0
-97 -811 0
-97 -845 0
-97 -879 0
-97 -913 0
-97 -947 0
-97 -981 0
-131 -165 0
-131 -199 0
-131 -233 0
-131 -267 0
-131 -301 0
-131 -335 0
-131 -369 0
-131 -403 0
-131 -437 0
-131 -471 0
-131 -505 0
-131 -539 0
-131 -573 0
-131 -607 0
-131 -641 0
-131 -675 0
-131 -709 0
-131 -743 0
-131 -777 0
-131 -811 0
-131 -845 0
-131 -879 0
-131 -913 0
-131 -947 0
-131 -981 0
-165 -199 0
-165 -233 0
-165 -267 0
-165 -301 0
-165 -335 0
-165 -369 0
-165 -403 0
-165 -437 0
-165 -471 0
-165 -505 0
-165 -539 0
-165 -573 0
-165 -607 0
-165 -641 0
-165 -675 0
-165 -709 0
-165 -743 0
-165 -777 0
-165 -811 0
-165 -845 0
-165 -879 0
-165 -913 0
-165 -947 0
-165 -981 0
-199 -233 0
-199 -267 0
-199 -301 0
-199 -335 0
-199 -369 0
-199 -403 0
-199 -437 0
-199 -471 0
-199 -505 0
-199 -539 0
-199 -573 0
-199 -607 0
-199 -641 0
-199 -675 0
-199 -709 0
-199 -743 0
-199 -777 0
-199 -811 0
-199 -845 0
-199 -879 0
-199 -913 0
-199 -947 0
-199 -981 0
-233 -267 0
-233 -301 0
-233 -335 0
-233 -369 0
-233 -403 0
-233 -437 0
-233 -471 0
-233 -505 0
-233 -539 0
-233 -573 0
-233 -607 0
-233 -641 0
-233 -675 0
-233 -709 0
-233 -743 0
-233 -777 0
-233 -811 0
-233 -845 0
-233 -879 0
-233 -913 0
-233 -947 0
-233 -981 0
-267 -301 0
-267 -335 0
-267 -369 0
-267 -403 0
-267 -437 0
-267 -471 0
-267 -505 0
-267 -539 0
-267 -573 0
-267 -607 0
-267 -641 0
-267 -675 0
-267 -709 0
-267 -743 0
-267 -777 0
-267 -811 0
-267 -845 0
-267 -879 0
-267 -913 0
-267 -947 0
-267 -981 0
-301 -335 0
-301 -369 0
-301 -403 0
-301 -437 0
-301 -471 0
-301 -505 0
-301 -539 0
-301 -573 0
-301 -607 0
-301 -641 0
-301 -675 0
-301 -709 0
-301 -743 0
-301 -777 0
-301 -811 0
-301 -845 0
-301 -879 0
-301 -913 0
-301 -947 0
-301 -981 0
-335 -369 0
-335 -403 0
-335 -437 0
-335 -471 0
-335 -505 0
-335 -539 0
-335 -573 0
-335 -607 0
-335 -641 0
-335 -675 0
-335 -709 0
-335 -743 0
-335 -777 0
-335 -811 0
-335 -845 0
-335 -879 0
-335 -913 0
-335 -947 0
-335 -981 0
-369 -403 0
-369 -437 0
-369 -471 0
-369 -505 0
-369 -539 0
-369 -573 0
-369 -607 0
-369 -641 0
-369 -675 0
-369 -709 0
-369 -743 0
-369 -777 0
-369 -811 0
-369 -845 0
-369 -879 0
-369 -913 0
-369 -947 0
-369 -981 0
-403 -437 0
-403 -471 0
-403 -505 0
-403 -539 0
-403 -573 0
-403 -607 0
-403 -641 0
-403 -675 0
-403 -709 0
-403 -743 0
-403 -777 0
-403 -811 0
-403 -845 0
-403 -879 0
-403 -913 0
-403 -947 0
-403 -981 0
-437 -471 0
-437 -505 0
-437 -539 0
-437 -573 0
-437 -607 0
-437 -641 0
-437 -675 0
-437 -709 0
-437 -743 0
-437 -777 0
-437 -811 0
-437 -845 0
-437 -879 0
-437 -913 0
-437 -947 0
-437 -981 0
-471 -505 0
-471 -539 0
-471 -573 0
-471 -607 0
-471 -641 0
-471 -675 0
-471 -709 0
-471 -743 0
-471 -777 0
-471 -811 0
-471 -845 0
-471 -879 0
-471 -913 0
-471 -947 0
-471 -981 0
-505 -539 0
-505 -573 0
-505 -607 0
-505 -641 0
-505 -675 0
-505 -709 0
-505 -743 0
-505 -777 0
-505 -811 0
-505 -845 0
-505 -879 0
-505 -913 0
-505 -947 0
-505 -981 0
-539 -573 0
-539 -607 0
-539 -641 0
-539 -675 0
-539 -709 0
-539 -743 0
-539 -777 0
-539 -811 0
-539 -845 0
-539 -879 0
-539 -913 0
-539 -947 0
-539 -981 0
-573 -607 0
-573 -641 0
-573 -675 0
-573 -709 0
-573 -743 0
-573 -777 0
-573 -811 0
-573 -845 0
-573 -879 0
-573 -913 0
-573 -947 0
-573 -981 0
-607 -641 0
-607 -675 0
-607 -709 0
-607 -743 0
-607 -777 0
-607 -811 0
-607 -845 0
-607 -879 0
-607 -913 0
-607 -947 0
-607 -981 0
-641 -675 0
-641 -709 0
-641 -743 0
-641 -777 0
-641 -811 0
-641 -845 0
-641 -879 0
-641 -913 0
-641 -947 0
-641 -981 0
-675 -709 0
-675 -743 0
-675 -777 0
-675 -811 0
-675 -845 0
-675 -879 0
-675 -913 0
-675 -947 0
-675 -981 0
-709 -743 0
-709 -777 0
-709 -811 0
-709 -845 0
-709 -879 0
-709 -913 0
-709 -947 0
-709 -981 0
-743 -777 0
-743 -811 0
-743 -845 0
-743 -879 0
-743 -913 0
-743 -947 0
-743 -981 0
-777 -811 0
-777 -845 0
-777 -879 0
-777 -913 0
-777 -947 0
-777 -981 0
-811 -845 0
-811 -879 0
-811 -913 0
-811 -947 0
-811 -981 0
-845 -879 0
-845 -913 0
-845 -947 0
-845 -981 0
-879 -913 0
-879 -947 0
-879 -981 0
-913 -947 0
-913 -981 0
-947 -981 0
-30 -64 0
-30 -98 0
-30 -132 0
-30 -166 0
-30 -200 0
-30 -234 0
-30 -268 0
-30 -302 0
-30 -336 0
-30 -370 0
-30 -404 0
-30 -438 0
-30 -472 0
-30 -506 0
-30 -540 0
-30 -574 0
-30 -608 0
-30 -642 0
-30 -676 0
-30 -710 0
-30 -744 0
-30 -778 0
-30 -812 0
-30 -846 0
-30 -880 0
-30 -914 0
-30 -948 0
-30 -982 0
-30 -1016 0
-64 -98 0
-64 -132 0
-64 -166 0
-64 -200 0
-64 -234 0
-64 -268 0
-64 -302 0
-64 -336 0
-64 -370 0
-64 -404 0
-64 -438 0
-64 -472 0
-64 -506 0
-64 -540 0
-64 -574 0
-64 -608 0
-64 -642 0
-64 -676 0
-64 -710 0
-64 -744 0
-64 -778 0
-64 -812 0
-64 -846 0
-64 -880 0
-64 -914 0
-64 -948 0
-64 -982 0
-64 -1016 0
-98 -132 0
-98 -166 0
-98 -200 0
-98 -234 0
-98 -268 0
-98 -302 0
-98 -336 0
-98 -370 0
-98 -404 0
-98 -438 0
-98 -472 0
-98 -506 0
-98 -540 0
-98 -574 0
-98 -608 0
-98 -642 0
-98 -676 0
-98 -710 0
-98 -744 0
-98 -778 0
-98 -812 0
-98 -846 0
-98 -880 0
-98 -914 0
-98 -948 0
-98 -982 0
-98 -1016 0
-132 -166 0
-132 -200 0
-132 -234 0
-132 -268 0
-132 -302 0
-132 -336 0
-132 -370 0
-132 -404 0
-132 -438 0
-132 -472 0
-132 -506 0
-132 -540 0
-132 -574 0
-132 -608 0
-132 -642 0
-132 -676 0
-132 -710 0
-132 -744 0
-132 -778 0
-132 -812 0
-132 -846 0
-132 -880 0
-132 -914 0
-132 -948 0
-132 -982 0
-132 -1016 0
-166 -200 0
-166 -234 0
-166 -268 0
-166 -302 0
-166 -336 0
-166 -370 0
-166 -404 0
-166 -438 0
-166 -472 0
-166 -506 0
-166 -540 0
-166 -574 0
-166 -608 0
-166 -642 0
-166 -676 0
-166 -710 0
-166 -744 0
-166 -778 0
-166 -812 0
-166 -846 0
-166 -880 0
-166 -914 0
-166 -948 0
-166 -982 0
-166 -1016 0
-200 -234 0
-200 -268 0
-200 -302 0
-200 -336 0
-200 -370 0
-200 -404 0
-200 -438 0
-200 -472 0
-200 -506 0
-200 -540 0
-200 -574 0
-200 -608 0
-200 -642 0
-200 -676 0
-200 -710 0
-200 -744 0
-200 -778 0
-200 -812 0
-200 -846 0
-200 -880 0
-200 -914 0
-200 -948 0
-200 -982 0
-200 -1016 0
-234 -268 0
-234 -302 0
-234 -336 0
-234 -370 0
-234 -404 0
-234 -438 0
-234 -472 0
-234 -506 0
-234 -540 0
-234 -574 0
-234 -608 0
-234 -642 0
-234 -676 0
-234 -710 0
-234 -744 0
-234 -778 0
-234 -812 0
-234 -846 0
-234 -880 0
-234 -914 0
-234 -948 0
-234 -982 0
-234 -1016 0
-268 -302 0
-268 -336 0
-268 -370 0
-268 -404 0
-268 -438 0
-268 -472 0
-268 -506 0
-268 -540 0
-268 -574 0
-268 -608 0
-268 -642 0
-268 -676 0
-268 -710 0
-268 -744 0
-268 -778 0
-268 -812 0
-268 -846 0
-268 -880 0
-268 -914 0
-268 -948 0
-268 -982 0
-268 -1016 0
-302 -336 0
-302 -370 0
-302 -404 0
-302 -438 0
-302 -472 0
-302 -506 0
-302 -540 0
-302 -574 0
-302 -608 0
-302 -642 0
-302 -676 0
-302 -710 0
-302 -744 0
-302 -778 0
-302 -812 0
-302 -846 0
-302 -880 0
-302 -914 0
-302 -948 0
-302 -982 0
-302 -1016 0
-336 -370 0
-336 -404 0
-336 -438 0
-336 -472 0
-336 -506 0
-336 -540 0
-336 -574 0
-336 -608 0
-336 -642 0
-336 -676 0
-336 -710 0
-336 -744 0
-336 -778 0
-336 -812 0
-336 -846 0
-336 -880 0
-336 -914 0
-336 -948 0
-336 -982 0
-336 -1016 0
-370 -404 0
-370 -438 0
-370 -472 0
-370 -506 0
-370 -540 0
-370 -574 0
-370 -608 0
-370 -642 0
-370 -676 0
-370 -710 0
-370 -744 0
-370 -778 0
-370 -812 0
-370 -846 0
-370 -880 0
-370 -914 0
-370 -948 0
-370 -982 0
-370 -1016 0
-404 -438 0
-404 -472 0
-404 -506 0
-404 -540 0
-404 -574 0
-404 -608 0
-404 -642 0
-404 -676 0
-404 -710 0
-404 -744 0
-404 -778 0
-404 -812 0
-404 -846 0
-404 -880 0
-404 -914 0
-404 -948 0
-404 -982 0
-404 -1016 0
-438 -472 0
-438 -506 0
-438 -540 0
-438 -574 0
-438 -608 0
-438 -642 0
-438 -676 0
-438 -710 0
-438 -744 0
-438 -778 0
-438 -812 0
-438 -846 0
-438 -880 0
-438 -914 0
-438 -948 0
-438 -982 0
-438 -1016 0
-472 -506 0
-472 -540 0
-472 -574 0
-472 -608 0
-472 -642 0
-472 -676 0
-472 -710 0
-472 -744 0
-472 -778 0
-472 -812 0
-472 -846 0
-472 -880 0
-472 -914 0
-472 -948 0
-472 -982 0
-472 -1016 0
-506 -540 0
-506 -574 0
-506 -608 0
-506 -642 0
-506 -676 0
-506 -710 0
-506 -744 0
-506 -778 0
-506 -812 0
-506 -846 0
-506 -880 0
-506 -914 0
-506 -948 0
-506 -982 0
-506 -1016 0
-540 -574 0
-540 -608 0
-540 -642 0
-540 -676 0
-540 -710 0
-540 -744 0
-540 -778 0
-540 -812 0
-540 -846 0
-540 -880 0
-540 -914 0
-540 -948 0
-540 -982 0
-540 -1016 0
-574 -608 0
-574 -642 0
-574 -676 0
-574 -710 0
-574 -744 0
-574 -778 0
-574 -812 0
-574 -846 0
-574 -880 0
-574 -914 0
-574 -948 0
-574 -982 0
-574 -1016 0
-608 -642 0
-608 -676 0
-608 -710 0
-608 -744 0
-608 -778 0
-608 -812 0
-608 -846 0
-608 -880 0
-608 -914 0
-608 -948 0
-608 -982 0
-608 -1016 0
-642 -676 0
-642 -710 0
-642 -744 0
-642 -778 0
-642 -812 0
-642 -846 0
-642 -880 0
-642 -914 0
-642 -948 0
-642 -982 0
-642 -1016 0
-676 -710 0
-676 -744 0
-676 -778 0
-676 -812 0
-676 -846 0
-676 -880 0
-676 -914 0
-676 -948 0
-676 -982 0
-676 -1016 0
-710 -744 0
-710 -778 0
-710 -812 0
-710 -846 0
-710 -880 0
-710 -914 0
-710 -948 0
-710 -982 0
-710 -1016 0
-744 -778 0
-744 -812 0
-744 -846 0
-744 -880 0
-744 -914 0
-744 -948 0
-744 -982 0
-744 -1016 0
-778 -812 0
-778 -846 0
-778 -880 0
-778 -914 0
-778 -948 0
-778 -982 0
-778 -1016 0
-812 -846 0
-812 -880 0
-812 -914 0
-812 -948 0
-812 -982 0
-812 -1016 0
-846 -880 0
-846 -914 0
-846 -948 0
-846 -982 0
-846 -1016 0
-880 -914 0
-880 -948 0
-880 -982 0
-880 -1016 0
-914 -948 0
-914 -982 0
-914 -1016 0
-948 -982 0
-948 -1016 0
-982 -1016 0
-31 -65 0
-31 -99 0
-31 -133 0
-31 -167 0
-31 -201 0
-31 -235 0
-31 -269 0
-31 -303 0
-31 -337 0
-31 -371 0
-31 -405 0
-31 -439 0
-31 -473 0
-31 -507 0
-31 -541 0
-31 -575 0
-31 -609 0
-31 -643 0
-31 -677 0
-31 -711 0
-31 -745 0
-31 -779 0
-31 -813 0
-31 -847 0
-31 -881 0
-31 -915 0
-31 -949 0
-31 -983 0
-31 -1017 0
-31 -1051 0
-65 -99 0
-65 -133 0
-65 -167 0
-65 -201 0
-65 -235 0
-65 -269 0
-65 -303 0
-65 -337 0
-65 -371 0
-65 -405 0
-65 -439 0
-65 -473 0
-65 -507 0
-65 -541 0
-65 -575 0
-65 -609 0
-65 -643 0
-65 -677 0
-65 -711 0
-65 -745 0
-65 -779 0
-65 -813 0
-65 -847 0
-65 -881 0
-65 -915 0
-65 -949 0
-65 -983 0
-65 -1017 0
-65 -1051 0
-99 -133 0
-99 -167 0
-99 -201 0
-99 -235 0
-99 -269 0
-99 -303 0
-99 -337 0
-99 -371 0
-99 -405 0
-99 -439 0
-99 -473 0
-99 -507 0
-99 -541 0
-99 -575 0
-99 -609 0
-99 -643 0
-99 -677 0
-99 -711 0
-99 -745 0
-99 -779 0
-99 -813 0
-99 -847 0
-99 -881 0
-99 -915 0
-99 -949 0
-99 -983 0
-99 -1017 0
-99 -1051 0
-133 -167 0
-133 -201 0
-133 -235 0
-133 -269 0
-133 -303 0
-133 -337 0
-133 -371 0
-133 -405 0
-133 -439 0
-133 -473 0
-133 -507 0
-133 -541 0
-133 -575 0
-133 -609 0
-133 -643 0
-133 -677 0
-133 -711 0
-133 -745 0
-133 -779 0
-133 -813 0
-133 -847 0
-133 -881 0
-133 -915 0
-133 -949 0
-133 -983 0
-133 -1017 0
-133 -1051 0
-167 -201 0
-167 -235 0
-167 -269 0
-167 -303 0
-167 -337 0
-167 -371 0
-167 -405 0
-167 -439 0
-167 -473 0
-167 -507 0
-167 -541 0
-167 -575 0
-167 -609 0
-167 -643 0
-167 -677 0
-167 -711 0
-167 -745 0
-167 -779 0
-167 -813 0
-167 -847 0
-167 -881 0
-167 -915 0
-167 -949 0
-167 -983 0
-167 -1017 0
-167 -1051 0
-201 -235 0
-201 -269 0
-201 -303 0
-201 -337 0
-201 -371 0
-201 -405 0
-201 -439 0
-201 -473 0
-201 -507 0
-201 -541 0
-201 -575 0
-201 -609 0
-201 -643 0
-201 -677 0
-201 -711 0
-201 -745 0
-201 -779 0
-201 -813 0
-201 -847 0
-201 -881 0
-201 -915 0
-201 -949 0
-201 -983 0
-201 -1017 0
-201 -1051 0
-235 -269 0
-235 -303 0
-235 -337 0
-235 -371 0
-235 -405 0
-235 -439 0
-235 -473 0
-235 -507 0
-235 -541 0
-235 -575 0
-235 -609 0
-235 -643 0
-235 -677 0
-235 -711 0
-235 -745 0
-235 -779 0
-235 -813 0
-235 -847 0
-235 -881 0
-235 -915 0
-235 -949 0
-235 -983 0
-235 -1017 0
-235 -1051 0
-269 -303 0
-269 -337 0
-269 -371 0
-269 -405 0
-269 -439 0
-269 -473 0
-269 -507 0
-269 -541 0
-269 -575 0
-269 -609 0
-269 -643 0
-269 -677 0
-269 -711 0
-269 -745 0
-269 -779 0
-269 -813 0
-269 -847 0
-269 -881 0
-269 -915 0
-269 -949 0
-269 -983 0
-269 -1017 0
-269 -1051 0
-303 -337 0
-303 -371 0
-303 -405 0
-303 -439 0
-303 -473 0
-303 -507 0
-303 -541 0
-303 -575 0
-303 -609 0
-303 -643 0
-303 -677 0
-303 -711 0
-303 -745 0
-303 -779 0
-303 -813 0
-303 -847 0
-303 -881 0
-303 -915 0
-303 -949 0
-303 -983 0
-303 -1017 0
-303 -1051 0
-337 -371 0
-337 -405 0
-337 -439 0
-337 -473 0
-337 -507 0
-337 -541 0
-337 -575 0
-337 -609 0
-337 -643 0
-337 -677 0
-337 -711 0
-337 -745 0
-337 -779 0
-337 -813 0
-337 -847 0
-337 -881 0
-337 -915 0
-337 -949 0
-337 -983 0
-337 -1017 0
-337 -1051 0
-371 -405 0
-371 -439 0
-371 -473 0
-371 -507 0
-371 -541 0
-371 -575 0
-371 -609 0
-371 -643 0
-371 -677 0
-371 -711 0
-371 -745 0
-371 -779 0
-371 -813 0
-371 -847 0
-371 -881 0
-371 -915 0
-371 -949 0
-371 -983 0
-371 -1017 0
-371 -1051 0
-405 -439 0
-405 -473 0
-405 -507 0
-405 -541 0
-405 -575 0
-405 -609 0
-405 -643 0
-405 -677 0
-405 -711 0
-405 -745 0
-405 -779 0
-405 -813 0
-405 -847 0
-405 -881 0
-405 -915 0
-405 -949 0
-405 -983 0
-405 -1017 0
-405 -1051 0
-439 -473 0
-439 -507 0
-439 -541 0
-439 -575 0
-439 -609 0
-439 -643 0
-439 -677 0
-439 -711 0
-439 -745 0
-439 -779 0
-439 -813 0
-439 -847 0
-439 -881 0
-439 -915 0
-439 -949 0
-439 -983 0
-439 -1017 0
-439 -1051 0
-473 -507 0
-473 -541 0
-473 -575 0
-473 -609 0
-473 -643 0
-473 -677 0
-473 -711 0
-473 -745 0
-473 -779 0
-473 -813 0
-473 -847 0
-473 -881 0
-473 -915 0
-473 -949 0
-473 -983 0
-473 -1017 0
-473 -1051 0
-507 -541 0
-507 -575 0
-507 -609 0
-507 -643 0
-507 -677 0
-507 -711 0
-507 -745 0
-507 -779 0
-507 -813 0
-507 -847 0
-507 -881 0
-507 -915 0
-507 -949 0
-507 -983 0
-507 -1017 0
-507 -1051 0
-541 -575 0
-541 -609 0
-541 -643 0
-541 -677 0
-541 -711 0
-541 -745 0
-541 -779 0
-541 -813 0
-541 -847 0
-541 -881 0
-541 -915 0
-541 -949 0
-541 -983 0
-541 -1017 0
-541 -1051 0
-575 -609 0
-575 -643 0
-575 -677 0
-575 -711 0
-575 -745 0
-575 -779 0
-575 -813 0
-575 -847 0
-575 -881 0
-575 -915 0
-575 -949 0
-575 -983 0
-575 -1017 0
-575 -1051 0
-609 -643 0
-609 -677 0
-609 -711 0
-609 -745 0
-609 -779 0
-609 -813 0
-609 -847 0
-609 -881 0
-609 -915 0
-609 -949 0
-609 -983 0
-609 -1017 0
-609 -1051 0
-643 -677 0
-643 -711 0
-643 -745 0
-643 -779 0
-643 -813 0
-643 -847 0
-643 -881 0
-643 -915 0
-643 -949 0
-643 -983 0
-643 -1017 0
-643 -1051 0
-677 -711 0
-677 -745 0
-677 -779 0
-677 -813 0
-677 -847 0
-677 -881 0
-677 -915 0
-677 -949 0
-677 -983 0
-677 -1017 0
-677 -1051 0
-711 -745 0
-711 -779 0
-711 -813 0
-711 -847 0
-711 -881 0
-711 -915 0
-711 -949 0
-711 -983 0
-711 -1017 0
-711 -1051 0
-745 -779 0
-745 -813 0
-745 -847 0
-745 -881 0
-745 -915 0
-745 -949 0
-745 -983 0
-745 -1017 0
-745 -1051 0
-779 -813 0
-779 -847 0
-779 -881 0
-779 -915 0
-779 -949 0
-779 -983 0
-779 -1017 0
-779 -1051 0
-813 -847 0
-813 -881 0
-813 -915 0
-813 -949 0
-813 -983 0
-813 -1017 0
-813 -1051 0
-847 -881 0
-847 -915 0
-847 -949 0
-847 -983 0
-847 -1017 0
-847 -1051 0
-881 -915 0
-881 -949 0
-881 -983 0
-881 -1017 0
-881 -1051 0
-915 -949 0
-915 -983 0
-915 -1017 0
-915 -1051 0
-949 -983 0
-949 -1017 0
-949 -1051 0
-983 -1017 0
-983 -1051 0
-1017 -1051 0
-32 -66 0
-32 -100 0
-32 -134 0
-32 -168 0
-32 -202 0
-32 -236 0
-32 -270 0
-32 -304 0
-32 -338 0
-32 -372 0
-32 -406 0
-32 -440 0
-32 -474 0
-32 -508 0
-32 -542 0
-32 -576 0
-32 -610 0
-32 -644 0
-32 -678 0
-32 -712 0
-32 -746 0
-32 -780 0
-32 -814 0
-32 -848 0
-32 -882 0
-32 -916 0
-32 -950 0
-32 -984 0
-32 -1018 0
-32 -1052 0
-32 -1086 0
-66 -100 0
-66 -134 0
-66 -168 0
-66 -202 0
-66 -236 0
-66 -270 0
-66 -304 0
-66 -338 0
-66 -372 0
-66 -406 0
-66 -440 0
-66 -474 0
-66 -508 0
-66 -542 0
-66 -576 0
-66 -610 0
-66 -644 0
-66 -678 0
-66 -712 0
-66 -746 0
-66 -780 0
-66 -814 0
-66 -848 0
-66 -882 0
-66 -916 0
-66 -950 0
-66 -984 0
-66 -1018 0
-66 -1052 0
-66 -1086 0
-100 -134 0
-100 -168 0
-100 -202 0
-100 -236 0
-100 -270 0
-100 -304 0
-100 -338 0
-100 -372 0
-100 -406 0
-100 -440 0
-100 -474 0
-100 -508 0
-100 -542 0
-100 -576 0
-100 -610 0
-100 -644 0
-100 -678 0
-100 -712 0
-100 -746 0
-100 -780 0
-100 -814 0
-100 -848 0
-100 -882 0
-100 -916 0
-100 -950 0
-100 -984 0
-100 -1018 0
-100 -1052 0
-100 -1086 0
-134 -168 0
-134 -202 0
-134 -236 0
-134 -270 0
-134 -304 0
-134 -338 0
-134 -372 0
-134 -406 0
-134 -440 0
-134 -474 0
-134 -508 0
-134 -542 0
-134 -576 0
-134 -610 0
-134 -644 0
-134 -678 0
-134 -712 0
-134 -746 0
-134 -780 0
-134 -814 0
-134 -848 0
-134 -882 0
-134 -916 0
-134 -950 0
-134 -984 0
-134 -1018 0
-134 -1052 0
-134 -1086 0
-168 -202 0
-168 -236 0
-168 -270 0
-168 -304 0
-168 -338 0
-168 -372 0
-168 -406 0
-168 -440 0
-168 -474 0
-168 -508 0
-168 -542 0
-168 -576 0
-168 -610 0
-168 -644 0
-168 -678 0
-168 -712 0
-168 -746 0
-168 -780 0
-168 -814 0
-168 -848 0
-168 -882 0
-168 -916 0
-168 -950 0
-168 -984 0
-168 -1018 0
-168 -1052 0
-168 -1086 0
-202 -236 0
-202 -270 0
-202 -304 0
-202 -338 0
-202 -372 0
-202 -406 0
-202 -440 0
-202 -474 0
-202 -508 0
-202 -542 0
-202 -576 0
-202 -610 0
-202 -644 0
-202 -678 0
-202 -712 0
-202 -746 0
-202 -780 0
-202 -814 0
-202 -848 0
-202 -882 0
-202 -916 0
-202 -950 0
-202 -984 0
-202 -1018 0
-202 -1052 0
-202 -1086 0
-236 -270 0
-236 -304 0
-236 -338 0
-236 -372 0
-236 -406 0
-236 -440 0
-236 -474 0
-236 -508 0
-236 -542 0
-236 -576 0
-236 -610 0
-236 -644 0
-236 -678 0
-236 -712 0
-236 -746 0
-236 -780 0
-236 -814 0
-236 -848 0
-236 -882 0
-236 -916 0
-236 -950 0
-236 -984 0
-236 -1018 0
-236 -1052 0
-236 -1086 0
-270 -304 0
-270 -338 0
-270 -372 0
-270 -406 0
-270 -440 0
-270 -474 0
-270 -508 0
-270 -542 0
-270 -576 0
-270 -610 0
-270 -644 0
-270 -678 0
-270 -712 0
-270 -746 0
-270 -780 0
-270 -814 0
-270 -848 0
-270 -882 0
-270 -916 0
-270 -950 0
-270 -984 0
-270 -1018 0
-270 -1052 0
-270 -1086 0
-304 -338 0
-304 -372 0
-304 -406 0
-304 -440 0
-304 -474 0
-304 -508 0
-304 -542 0
-304 -576 0
-304 -610 0
-304 -644 0
-304 -678 0
-304 -712 0
-304 -746 0
-304 -780 0
-304 -814 0
-304 -848 0
-304 -882 0
-304 -916 0
-304 -950 0
-304 -984 0
-304 -1018 0
-304 -1052 0
-304 -1086 0
-338 -372 0
-338 -406 0
-338 -440 0
-338 -474 0
-338 -508 0
-338 -542 0
-338 -576 0
-338 -610 0
-338 -644 0
-338 -678 0
-338 -712 0
-338 -746 0
-338 -780 0
-338 -814 0
-338 -848 0
-338 -882 0
-338 -916 0
-338 -950 0
-338 -984 0
-338 -1018 0
-338 -1052 0
-338 -1086 0
-372 -406 0
-372 -440 0
-372 -474 0
-372 -508 0
-372 -542 0
-372 -576 0
-372 -610 0
-372 -644 0
-372 -678 0
-372 -712 0
-372 -746 0
-372 -780 0
-372 -814 0
-372 -848 0
-372 -882 0
-372 -916 0
-372 -950 0
-372 -984 0
-372 -1018 0
-372 -1052 0
-372 -1086 0
-406 -440 0
-406 -474 0
-406 -508 0
-406 -542 0
-406 -576 0
-406 -610 0
-406 -644 0
-406 -678 0
-406 -712 0
-406 -746 0
-406 -780 0
-406 -814 0
-406 -848 0
-406 -882 0
-406 -916 0
-406 -950 0
-406 -984 0
-406 -1018 0
-406 -1052 0
-406 -1086 0
-440 -474 0
-440 -508 0
-440 -542 0
-440 -576 0
-440 -610 0
-440 -644 0
-440 -678 0
-440 -712 0
-440 -746 0
-440 -780 0
-440 -814 0
-440 -848 0
-440 -882 0
-440 -916 0
-440 -950 0
-440 -984 0
-440 -1018 0
-440 -1052 0
-440 -1086 0
-474 -508 0
-474 -542 0
-474 -576 0
-474 -610 0
-474 -644 0
-474 -678 0
-474 -712 0
-474 -746 0
-474 -780 0
-474 -814 0
-474 -848 0
-474 -882 0
-474 -916 0
-474 -950 0
-474 -984 0
-474 -1018 0
-474 -1052 0
-474 -1086 0
-508 -542 0
-508 -576 0
-508 -610 0
-508 -644 0
-508 -678 0
-508 -712 0
-508 -746 0
-508 -780 0
-508 -814 0
-508 -848 0
-508 -882 0
-508 -916 0
-508 -950 0
-508 -984 0
-508 -1018 0
-508 -1052 0
-508 -1086 0
-542 -576 0
-542 -610 0
-542 -644 0
-542 -678 0
-542 -712 0
-542 -746 0
-542 -780 0
-542 -814 0
-542 -848 0
-542 -882 0
-542 -916 0
-542 -950 0
-542 -984 0
-542 -1018 0
-542 -1052 0
-542 -1086 0
-576 -610 0
-576 -644 0
-576 -678 0
-576 -712 0
-576 -746 0
-576 -780 0
-576 -814 0
-576 -848 0
-576 -882 0
-576 -916 0
-576 -950 0
-576 -984 0
-576 -1018 0
-576 -1052 0
-576 -1086 0
-610 -644 0
-610 -678 0
-610 -712 0
-610 -746 0
-610 -780 0
-610 -814 0
-610 -848 0
-610 -882 0
-610 -916 0
-610 -950 0
-610 -984 0
-610 -1018 0
-610 -1052 0
-610 -1086 0
-644 -678 0
-644 -712 0
-644 -746 0
-644 -780 0
-644 -814 0
-644 -848 0
-644 -882 0
-644 -916 0
-644 -950 0
-644 -984 0
-644 -1018 0
-644 -1052 0
-644 -1086 0
-678 -712 0
-678 -746 0
-678 -780 0
-678 -814 0
-678 -848 0
-678 -882 0
-678 -916 0
-678 -950 0
-678 -984 0
-678 -1018 0
-678 -1052 0
-678 -1086 0
-712 -746 0
-712 -780 0
-712 -814 0
-712 -848 0
-712 -882 0
-712 -916 0
-712 -950 0
-712 -984 0
-712 -1018 0
-712 -1052 0
-712 -1086 0
-746 -780 0
-746 -814 0
-746 -848 0
-746 -882 0
-746 -916 0
-746 -950 0
-746 -984 0
-746 -1018 0
-746 -1052 0
-746 -1086 0
-780 -814 0
-780 -848 0
-780 -882 0
-780 -916 0
-780 -950 0
-780 -984 0
-780 -1018 0
-780 -1052 0
-780 -1086 0
-814 -848 0
-814 -882 0
-814 -916 0
-814 -950 0
-814 -984 0
-814 -1018 0
-814 -1052 0
-814 -1086 0
-848 -882 0
-848 -916 0
-848 -950 0
-848 -984 0
-848 -1018 0
-848 -1052 0
-848 -1086 0
-882 -916 0
-882 -950 0
-882 -984 0
-882 -1018 0
-882 -1052 0
-882 -1086 0
-916 -950 0
-916 -984 0
-916 -1018 0
-916 -1052 0
-916 -1086 0
-950 -984 0
-950 -1018 0
-950 -1052 0
-950 -1086 0
-984 -1018 0
-984 -1052 0
-984 -1086 0
-1018 -1052 0
-1018 -1086 0
-1052 -1086 0
-33 -67 0
-33 -101 0
-33 -135 0
-33 -169 0
-33 -203 0
-33 -237 0
-33 -271 0
-33 -305 0
-33 -339 0
-33 -373 0
-33 -407 0
-33 -441 0
-33 -475 0
-33 -509 0
-33 -543 0
-33 -577 0
-33 -611 0
-33 -645 0
-33 -679 0
-33 -713 0
-33 -747 0
-33 -781 0
-33 -815 0
-33 -849 0
-33 -883 0
-33 -917 0
-33 -951 0
-33 -985 0
-33 -1019 0
-33 -1053 0
-33 -1087 0
-33 -1121 0
-67 -101 0
-67 -135 0
-67 -169 0
-67 -203 0
-67 -237 0
-67 -271 0
-67 -305 0
-67 -339 0
-67 -373 0
-67 -407 0
-67 -441 0
-67 -475 0
-67 -509 0
-67 -543 0
-67 -577 0
-67 -611 0
-67 -645 0
-67 -679 0
-67 -713 0
-67 -747 0
-67 -781 0
-67 -815 0
-67 -849 0
-67 -883 0
-67 -917 0
-67 -951 0
-67 -985 0
-67 -1019 0
-67 -1053 0
-67 -1087 0
-67 -1121 0
-101 -135 0
-101 -169 0
-101 -203 0
-101 -237 0
-101 -271 0
-101 -305 0
-101 -339 0
-101 -373 0
-101 -407 0
-101 -441 0
-101 -475 0
-101 -509 0
-101 -543 0
-101 -577 0
-101 -611 0
-101 -645 0
-101 -679 0
-101 -713 0
-101 -747 0
-101 -781 0
-101 -815 0
-101 -849 0
-101 -883 0
-101 -917 0
-101 -951 0
-101 -985 0
-101 -1019 0
-101 -1053 0
-101 -1087 0
-101 -1121 0
-135 -169 0
-135 -203 0
-135 -237 0
-135 -271 0
-135 -305 0
-135 -339 0
-135 -373 0
-135 -407 0
-135 -441 0
-135 -475 0
-135 -509 0
-135 -543 0
-135 -577 0
-135 -611 0
-135 -645 0
-135 -679 0
-135 -713 0
-135 -747 0
-135 -781 0
-135 -815 0
-135 -849 0
-135 -883 0
-135 -917 0
-135 -951 0
-135 -985 0
-135 -1019 0
-135 -1053 0
-135 -1087 0
-135 -1121 0
-169 -203 0
-169 -237 0
-169 -271 0
-169 -305 0
-169 -339 0
-169 -373 0
-169 -407 0
-169 -441 0
-169 -475 0
-169 -509 0
-169 -543 0
-169 -577 0
-169 -611 0
-169 -645 0
-169 -679 0
-169 -713 0
-169 -747 0
-169 -781 0
-169 -815 0
-169 -849 0
-169 -883 0
-169 -917 0
-169 -951 0
-169 -985 0
-169 -1019 0
-169 -1053 0
-169 -1087 0
-169 -1121 0
-203 -237 0
-203 -271 0
-203 -305 0
-203 -339 0
-203 -373 0
-203 -407 0
-203 -441 0
-203 -475 0
-203 -509 0
-203 -543 0
-203 -577 0
-203 -611 0
-203 -645 0
-203 -679 0
-203 -713 0
-203 -747 0
-203 -781 0
-203 -815 0
-203 -849 0
-203 -883 0
-203 -917 0
-203 -951 0
-203 -985 0
-203 -1019 0
-203 -1053 0
-203 -1087 0
-203 -1121 0
-237 -271 0
-237 -305 0
-237 -339 0
-237 -373 0
-237 -407 0
-237 -441 0
-237 -475 0
-237 -509 0
-237 -543 0
-237 -577 0
-237 -611 0
-237 -645 0
-237 -679 0
-237 -713 0
-237 -747 0
-237 -781 0
-237 -815 0
-237 -849 0
-237 -883 0
-237 -917 0
-237 -951 0
-237 -985 0
-237 -1019 0
-237 -1053 0
-237 -1087 0
-237 -1121 0
-271 -305 0
-271 -339 0
-271 -373 0
-271 -407 0
-271 -441 0
-271 -475 0
-271 -509 0
-271 -543 0
-271 -577 0
-271 -611 0
-271 -645 0
-271 -679 0
-271 -713 0
-271 -747 0
-271 -781 0
-271 -815 0
-271 -849 0
-271 -883 0
-271 -917 0
-271 -951 0
-271 -985 0
-271 -1019 0
-271 -1053 0
-271 -1087 0
-271 -1121 0
-305 -339 0
-305 -373 0
-305 -407 0
-305 -441 0
-305 -475 0
-305 -509 0
-305 -543 0
-305 -577 0
-305 -611 0
-305 -645 0
-305 -679 0
-305 -713 0
-305 -747 0
-305 -781 0
-305 -815 0
-305 -849 0
-305 -883 0
-305 -917 0
-305 -951 0
-305 -985 0
-305 -1019 0
-305 -1053 0
-305 -1087 0
-305 -1121 0
-339 -373 0
-339 -407 0
-339 -441 0
-339 -475 0
-339 -509 0
-339 -543 0
-339 -577 0
-339 -611 0
-339 -645 0
-339 -679 0
-339 -713 0
-339 -747 0
-339 -781 0
-339 -815 0
-339 -849 0
-339 -883 0
-339 -917 0
-339 -951 0
-339 -985 0
-339 -1019 0
-339 -1053 0
-339 -1087 0
-339 -1121 0
-373 -407 0
-373 -441 0
-373 -475 0
-373 -509 0
-373 -543 0
-373 -577 0
-373 -611 0
-373 -645 0
-373 -679 0
-373 -713 0
-373 -747 0
-373 -781 0
-373 -815 0
-373 -849 0
-373 -883 0
-373 -917 0
-373 -951 0
-373 -985 0
-373 -1019 0
-373 -1053 0
-373 -1087 0
-373 -1121 0
-407 -441 0
-407 -475 0
-407 -509 0
-407 -543 0
-407 -577 0
-407 -611 0
-407 -645 0
-407 -679 0
-407 -713 0
-407 -747 0
-407 -781 0
-407 -815 0
-407 -849 0
-407 -883 0
-407 -917 0
-407 -951 0
-407 -985 0
-407 -1019 0
-407 -1053 0
-407 -1087 0
-407 -1121 0
-441 -475 0
-441 -509 0
-441 -543 0
-441 -577 0
-441 -611 0
-441 -645 0
-441 -679 0
-441 -713 0
-441 -747 0
-441 -781 0
-441 -815 0
-441 -849 0
-441 -883 0
-441 -917 0
-441 -951 0
-441 -985 0
-441 -1019 0
-441 -1053 0
-441 -1087 0
-441 -1121 0
-475 -509 0
-475 -543 0
-475 -577 0
-475 -611 0
-475 -645 0
-475 -679 0
-475 -713 0
-475 -747 0
-475 -781 0
-475 -815 0
-475 -849 0
-475 -883 0
-475 -917 0
-475 -951 0
-475 -985 0
-475 -1019 0
-475 -1053 0
-475 -1087 0
-475 -1121 0
-509 -543 0
-509 -577 0
-509 -611 0
-509 -645 0
-509 -679 0
-509 -713 0
-509 -747 0
-509 -781 0
-509 -815 0
-509 -849 0
-509 -883 0
-509 -917 0
-509 -951 0
-509 -985 0
-509 -1019 0
-509 -1053 0
-509 -1087 0
-509 -1121 0
-543 -577 0
-543 -611 0
-543 -645 0
-543 -679 0
-543 -713 0
-543 -747 0
-543 -781 0
-543 -815 0
-543 -849 0
-543 -883 0
-543 -917 0
-543 -951 0
-543 -985 0
-543 -1019 0
-543 -1053 0
-543 -1087 0
-543 -1121 0
-577 -611 0
-577 -645 0
-577 -679 0
-577 -713 0
-577 -747 0
-577 -781 0
-577 -815 0
-577 -849 0
-577 -883 0
-577 -917 0
-577 -951 0
-577 -985 0
-577 -1019 0
-577 -1053 0
-577 -1087 0
-577 -1121 0
-611 -645 0
-611 -679 0
-611 -713 0
-611 -747 0
-611 -781 0
-611 -815 0
-611 -849 0
-611 -883 0
-611 -917 0
-611 -951 0
-611 -985 0
-611 -1019 0
-611 -1053 0
-611 -1087 0
-611 -1121 0
-645 -679 0
-645 -713 0
-645 -747 0
-645 -781 0
-645 -815 0
-645 -849 0
-645 -883 0
-645 -917 0
-645 -951 0
-645 -985 0
-645 -1019 0
-645 -1053 0
-645 -1087 0
-645 -1121 0
-679 -713 0
-679 -747 0
-679 -781 0
-679 -815 0
-679 -849 0
-679 -883 0
-679 -917 0
-679 -951 0
-679 -985 0
-679 -1019 0
-679 -1053 0
-679 -1087 0
-679 -1121 0
-713 -747 0
-713 -781 0
-713 -815 0
-713 -849 0
-713 -883 0
-713 -917 0
-713 -951 0
-713 -985 0
-713 -1019 0
-713 -1053 0
-713 -1087 0
-713 -1121 0
-747 -781 0
-747 -815 0
-747 -849 0
-747 -883 0
-747 -917 0
-747 -951 0
-747 -985 0
-747 -1019 0
-747 -1053 0
-747 -1087 0
-747 -1121 0
-781 -815 0
-781 -849 0
-781 -883 0
-781 -917 0
-781 -951 0
-781 -985 0
-781 -1019 0
-781 -1053 0
-781 -1087 0
-781 -1121 0
-815 -849 0
-815 -883 0
-815 -917 0
-815 -951 0
-815 -985 0
-815 -1019 0
-815 -1053 0
-815 -1087 0
-815 -1121 0
-849 -883 0
-849 -917 0
-849 -951 0
-849 -985 0
-849 -1019 0
-849 -1053 0
-849 -1087 0
-849 -1121 0
-883 -917 0
-883 -951 0
-883 -985 0
-883 -1019 0
-883 -1053 0
-883 -1087 0
-883 -1121 0
-917 -951 0
-917 -985 0
-917 -1019 0
-917 -1053 0
-917 -1087 0
-917 -1121 0
-951 -985 0
-951 -1019 0
-951 -1053 0
-951 -1087 0
-951 -1121 0
-985 -1019 0
-985 -1053 0
-985 -1087 0
-985 -1121 0
-1019 -1053 0
-1019 -1087 0
-1019 -1121 0
-1053 -1087 0
-1053 -1121 0
-1087 -1121 0
-34 -68 0
-34 -102 0
-34 -136 0
-34 -170 0
-34 -204 0
-34 -238 0
-34 -272 0
-34 -306 0
-34 -340 0
-34 -374 0
-34 -408 0
-34 -442 0
-34 -476 0
-34 -510 0
-34 -544 0
-34 -578 0
-34 -612 0
-34 -646 0
-34 -680 0
-34 -714 0
-34 -748 0
-34 -782 0
-34 -816 0
-34 -850 0
-34 -884 0
-34 -918 0
-34 -952 0
-34 -986 0
-34 -1020 0
-34 -1054 0
-34 -1088 0
-34 -1122 0
-34 -1156 0
-68 -102 0
-68 -136 0
-68 -170 0
-68 -204 0
-68 -238 0
-68 -272 0
-68 -306 0
-68 -340 0
-68 -374 0
-68 -408 0
-68 -442 0
-68 -476 0
-68 -510 0
-68 -544 0
-68 -578 0
-68 -612 0
-68 -646 0
-68 -680 0
-68 -714 0
-68 -748 0
-68 -782 0
-68 -816 0
-68 -850 0
-68 -884 0
-68 -918 0
-68 -952 0
-68 -986 0
-68 -1020 0
-68 -1054 0
-68 -1088 0
-68 -1122 0
-68 -1156 0
-102 -136 0
-102 -170 0
-102 -204 0
-102 -238 0
-102 -272 0
-102 -306 0
-102 -340 0
-102 -374 0
-102 -408 0
-102 -442 0
-102 -476 0
-102 -510 0
-102 -544 0
-102 -578 0
-102 -612 0
-102 -646 0
-102 -680 0
-102 -714 0
-102 -748 0
-102 -782 0
-102 -816 0
-102 -850 0
-102 -884 0
-102 -918 0
-102 -952 0
-102 -986 0
-102 -1020 0
-102 -1054 0
-102 -1088 0
-102 -1122 0
-102 -1156 0
-136 -170 0
-136 -204 0
-136 -238 0
-136 -272 0
-136 -306 0
-136 -340 0
-136 -374 0
-136 -408 0
-136 -442 0
-136 -476 0
-136 -510 0
-136 -544 0
-136 -578 0
-136 -612 0
-136 -646 0
-136 -680 0
-136 -714 0
-136 -748 0
-136 -782 0
-136 -816 0
-136 -850 0
-136 -884 0
-136 -918 0
-136 -952 0
-136 -986 0
-136 -1020 0
-136 -1054 0
-136 -1088 0
-136 -1122 0
-136 -1156 0
-170 -204 0
-170 -238 0
-170 -272 0
-170 -306 0
-170 -340 0
-170 -374 0
-170 -408 0
-170 -442 0
-170 -476 0
-170 -510 0
-170 -544 0
-170 -578 0
-170 -612 0
-170 -646 0
-170 -680 0
-170 -714 0
-170 -748 0
-170 -782 0
-170 -816 0
-170 -850 0
-170 -884 0
-170 -918 0
-170 -952 0
-170 -986 0
-170 -1020 0
-170 -1054 0
-170 -1088 0
-170 -1122 0
-170 -1156 0
-204 -238 0
-204 -272 0
-204 -306 0
-204 -340 0
-204 -374 0
-204 -408 0
-204 -442 0
-204 -476 0
-204 -510 0
-204 -544 0
-204 -578 0
-204 -612 0
-204 -646 0
-204 -680 0
-204 -714 0
-204 -748 0
-204 -782 0
-204 -816 0
-204 -850 0
-204 -884 0
-204 -918 0
-204 -952 0
-204 -986 0
-204 -1020 0
-204 -1054 0
-204 -1088 0
-204 -1122 0
-204 -1156 0
-238 -272 0
-238 -306 0
-238 -340 0
-238 -374 0
-238 -408 0
-238 -442 0
-238 -476 0
-238 -510 0
-238 -544 0
-238 -578 0
-238 -612 0
-238 -646 0
-238 -680 0
-238 -714 0
-238 -748 0
-238 -782 0
-238 -816 0
-238 -850 0
-238 -884 0
-238 -918 0
-238 -952 0
-238 -986 0
-238 -1020 0
-238 -1054 0
-238 -1088 0
-238 -1122 0
-238 -1156 0
-272 -306 0
-272 -340 0
-272 -374 0
-272 -408 0
-272 -442 0
-272 -476 0
-272 -510 0
-272 -544 0
-272 -578 0
-272 -612 0
-272 -646 0
-272 -680 0
-272 -714 0
-272 -748 0
-272 -782 0
-272 -816 0
-272 -850 0
-272 -884 0
-272 -918 0
-272 -952 0
-272 -986 0
-272 -1020 0
-272 -1054 0
-272 -1088 0
-272 -1122 0
-272 -1156 0
-306 -340 0
-306 -374 0
-306 -408 0
-306 -442 0
-306 -476 0
-306 -510 0
-306 -544 0
-306 -578 0
-306 -612 0
-306 -646 0
-306 -680 0
-306 -714 0
-306 -748 0
-306 -782 0
-306 -816 0
-306 -850 0
-306 -884 0
-306 -918 0
-306 -952 0
-306 -986 0
-306 -1020 0
-306 -1054 0
-306 -1088 0
-306 -1122 0
-306 -1156 0
-340 -374 0
-340 -408 0
-340 -442 0
-340 -476 0
-340 -510 0
-340 -544 0
-340 -578 0
-340 -612 0
-340 -646 0
-340 -680 0
-340 -714 0
-340 -748 0
-340 -782 0
-340 -816 0
-340 -850 0
-340 -884 0
-340 -918 0
-340 -952 0
-340 -986 0
-340 -1020 0
-340 -1054 0
-340 -1088 0
-340 -1122 0
-340 -1156 0
-374 -408 0
-374 -442 0
-374 -476 0
-374 -510 0
-374 -544 0
-374 -578 0
-374 -612 0
-374 -646 0
-374 -680 0
-374 -714 0
-374 -748 0
-374 -782 0
-374 -816 0
-374 -850 0
-374 -884 0
-374 -918 0
-374 -952 0
-374 -986 0
-374 -1020 0
-374 -1054 0
-374 -1088 0
-374 -1122 0
-374 -1156 0
-408 -442 0
-408 -476 0
-408 -510 0
-408 -544 0
-408 -578 0
-408 -612 0
-408 -646 0
-408 -680 0
-408 -714 0
-408 -748 0
-408 -782 0
-408 -816 0
-408 -850 0
-408 -884 0
-408 -918 0
-408 -952 0
-408 -986 0
-408 -1020 0
-408 -1054 0
-408 -1088 0
-408 -1122 0
-408 -1156 0
-442 -476 0
-442 -510 0
-442 -544 0
-442 -578 0
-442 -612 0
-442 -646 0
-442 -680 0
-442 -714 0
-442 -748 0
-442 -782 0
-442 -816 0
-442 -850 0
-442 -884 0
-442 -918 0
-442 -952 0
-442 -986 0
-442 -1020 0
-442 -1054 0
-442 -1088 0
-442 -1122 0
-442 -1156 0
-476 -510 0
-476 -544 0
-476 -578 0
-476 -612 0
-476 -646 0
-476 -680 0
-476 -714 0
-476 -748 0
-476 -782 0
-476 -816 0
-476 -850 0
-476 -884 0
-476 -918 0
-476 -952 0
-476 -986 0
-476 -1020 0
-476 -1054 0
-476 -1088 0
-476 -1122 0
-476 -1156 0
-510 -544 0
-510 -578 0
-510 -612 0
-510 -646 0
-510 -680 0
-510 -714 0
-510 -748 0
-510 -782 0
-510 -816 0
-510 -850 0
-510 -884 0
-510 -918 0
-510 -952 0
-510 -986 0
-510 -1020 0
-510 -1054 0
-510 -1088 0
-510 -1122 0
-510 -1156 0
-544 -578 0
-544 -612 0
-544 -646 0
-544 -680 0
-544 -714 0
-544 -748 0
-544 -782 0
-544 -816 0
-544 -850 0
-544 -884 0
-544 -918 0
-544 -952 0
-544 -986 0
-544 -1020 0
-544 -1054 0
-544 -1088 0
-544 -1122 0
-544 -1156 0
-578 -612 0
-578 -646 0
-578 -680 0
-578 -714 0
-578 -748 0
-578 -782 0
-578 -816 0
-578 -850 0
-578 -884 0
-578 -918 0
-578 -952 0
-578 -986 0
-578 -1020 0
-578 -1054 0
-578 -1088 0
-578 -1122 0
-578 -1156 0
-612 -646 0
-612 -680 0
-612 -714 0
-612 -748 0
-612 -782 0
-612 -816 0
-612 -850 0
-612 -884 0
-612 -918 0
-612 -952 0
-612 -986 0
-612 -1020 0
-612 -1054 0
-612 -1088 0
-612 -1122 0
-612 -1156 0
-646 -680 0
-646 -714 0
-646 -748 0
-646 -782 0
-646 -816 0
-646 -850 0
-646 -884 0
-646 -918 0
-646 -952 0
-646 -986 0
-646 -1020 0
-646 -1054 0
-646 -1088 0
-646 -1122 0
-646 -1156 0
-680 -714 0
-680 -748 0
-680 -782 0
-680 -816 0
-680 -850 0
-680 -884 0
-680 -918 0
-680 -952 0
-680 -986 0
-680 -1020 0
-680 -1054 0
-680 -1088 0
-680 -1122 0
-680 -1156 0
-714 -748 0
-714 -782 0
-714 -816 0
-714 -850 0
-714 -884 0
-714 -918 0
-714 -952 0
-714 -986 0
-714 -1020 0
-714 -1054 0
-714 -1088 0
-714 -1122 0
-714 -1156 0
-748 -782 0
-748 -816 0
-748 -850 0
-748 -884 0
-748 -918 0
-748 -952 0
-748 -986 0
-748 -1020 0
-748 -1054 0
-748 -1088 0
-748 -1122 0
-748 -1156 0
-782 -816 0
-782 -850 0
-782 -884 0
-782 -918 0
-782 -952 0
-782 -986 0
-782 -1020 0
-782 -1054 0
-782 -1088 0
-782 -1122 0
-782 -1156 0
-816 -850 0
-816 -884 0
-816 -918 0
-816 -952 0
-816 -986 0
-816 -1020 0
-816 -1054 0
-816 -1088 0
-816 -1122 0
-816 -1156 0
-850 -884 0
-850 -918 0
-850 -952 0
-850 -986 0
-850 -1020 0
-850 -1054 0
-850 -1088 0
-850 -1122 0
-850 -1156 0
-884 -918 0
-884 -952 0
-884 -986 0
-884 -1020 0
-884 -1054 0
-884 -1088 0
-884 -1122 0
-884 -1156 0
-918 -952 0
-918 -986 0
-918 -1020 0
-918 -1054 0
-918 -1088 0
-918 -1122 0
-918 -1156 0
-952 -986 0
-952 -1020 0
-952 -1054 0
-952 -1088 0
-952 -1122 0
-952 -1156 0
-986 -1020 0
-986 -1054 0
-986 -1088 0
-986 -1122 0
-986 -1156 0
-1020 -1054 0
-1020 -1088 0
-1020 -1122 0
-1020 -1156 0
-1054 -1088 0
-1054 -1122 0
-1054 -1156 0
-1088 -1122 0
-1088 -1156 0
-1122 -1156 0
-35 -69 0
-35 -103 0
-35 -137 0
-35 -171 0
-35 -205 0
-35 -239 0
-35 -273 0
-35 -307 0
-35 -341 0
-35 -375 0
-35 -409 0
-35 -443 0
-35 -477 0
-35 -511 0
-35 -545 0
-35 -579 0
-35 -613 0
-35 -647 0
-35 -681 0
-35 -715 0
-35 -749 0
-35 -783 0
-35 -817 0
-35 -851 0
-35 -885 0
-35 -919 0
-35 -953 0
-35 -987 0
-35 -1021 0
-35 -1055 0
-35 -1089 0
-35 -1123 0
-35 -1157 0
-35 -1191 0
-69 -103 0
-69 -137 0
-69 -171 0
-69 -205 0
-69 -239 0
-69 -273 0
-69 -307 0
-69 -341 0
-69 -375 0
-69 -409 0
-69 -443 0
-69 -477 0
-69 -511 0
-69 -545 0
-69 -579 0
-69 -613 0
-69 -647 0
-69 -681 0
-69 -715 0
-69 -749 0
-69 -783 0
-69 -817 0
-69 -851 0
-69 -885 0
-69 -919 0
-69 -953 0
-69 -987 0
-69 -1021 0
-69 -1055 0
-69 -1089 0
-69 -1123 0
-69 -1157 0
-69 -1191 0
-103 -137 0
-103 -171 0
-103 -205 0
-103 -239 0
-103 -273 0
-103 -307 0
-103 -341 0
-103 -375 0
-103 -409 0
-103 -443 0
-103 -477 0
-103 -511 0
-103 -545 0
-103 -579 0
-103 -613 0
-103 -647 0
-103 -681 0
-103 -715 0
-103 -749 0
-103 -783 0
-103 -817 0
-103 -851 0
-103 -885 0
-103 -919 0
-103 -953 0
-103 -987 0
-103 -1021 0
-103 -1055 0
-103 -1089 0
-103 -1123 0
-103 -1157 0
-103 -1191 0
-137 -171 0
-137 -205 0
-137 -239 0
-137 -273 0
-137 -307 0
-137 -341 0
-137 -375 0
-137 -409 0
-137 -443 0
-137 -477 0
-137 -511 0
-137 -545 0
-137 -579 0
-137 -613 0
-137 -647 0
-137 -681 0
-137 -715 0
-137 -749 0
-137 -783 0
-137 -817 0
-137 -851 0
-137 -885 0
-137 -919 0
-137 -953 0
-137 -987 0
-137 -1021 0
-137 -1055 0
-137 -1089 0
-137 -1123 0
-137 -1157 0
-137 -1191 0
-171 -205 0
-171 -239 0
-171 -273 0
-171 -307 0
-171 -341 0
-171 -375 0
-171 -409 0
-171 -443 0
-171 -477 0
-171 -511 0
-171 -545 0
-171 -579 0
-171 -613 0
-171 -647 0
-171 -681 0
-171 -715 0
-171 -749 0
-171 -783 0
-171 -817 0
-171 -851 0
-171 -885 0
-171 -919 0
-171 -953 0
-171 -987 0
-171 -1021 0
-171 -1055 0
-171 -1089 0
-171 -1123 0
-171 -1157 0
-171 -1191 0
-205 -239 0
-205 -273 0
-205 -307 0
-205 -341 0
-205 -375 0
-205 -409 0
-205 -443 0
-205 -477 0
-205 -511 0
-205 -545 0
-205 -579 0
-205 -613 0
-205 -647 0
-205 -681 0
-205 -715 0
-205 -749 0
-205 -783 0
-205 -817 0
-205 -851 0
-205 -885 0
-205 -919 0
-205 -953 0
-205 -987 0
-205 -1021 0
-205 -1055 0
-205 -1089 0
-205 -1123 0
-205 -1157 0
-205 -1191 0
-239 -273 0
-239 -307 0
-239 -341 0
-239 -375 0
-239 -409 0
-239 -443 0
-239 -477 0
-239 -511 0
-239 -545 0
-239 -579 0
-239 -613 0
-239 -647 0
-239 -681 0
-239 -715 0
-239 -749 0
-239 -783 0
-239 -817 0
-239 -851 0
-239 -885 0
-239 -919 0
-239 -953 0
-239 -987 0
-239 -1021 0
-239 -1055 0
-239 -1089 0
-239 -1123 0
-239 -1157 0
-239 -1191 0
-273 -307 0
-273 -341 0
-273 -375 0
-273 -409 0
-273 -443 0
-273 -477 0
-273 -511 0
-273 -545 0
-273 -579 0
-273 -613 0
-273 -647 0
-273 -681 0
-273 -715 0
-273 -749 0
-273 -783 0
-273 -817 0
-273 -851 0
-273 -885 0
-273 -919 0
-273 -953 0
-273 -987 0
-273 -1021 0
-273 -1055 0
-273 -1089 0
-273 -1123 0
-273 -1157 0
-273 -1191 0
-307 -341 0
-307 -375 0
-307 -409 0
-307 -443 0
-307 -477 0
-307 -511 0
-307 -545 0
-307 -579 0
-307 -613 0
-307 -647 0
-307 -681 0
-307 -715 0
-307 -749 0
-307 -783 0
-307 -817 0
-307 -851 0
-307 -885 0
-307 -919 0
-307 -953 0
-307 -987 0
-307 -1021 0
-307 -1055 0
-307 -1089 0
-307 -1123 0
-307 -1157 0
-307 -1191 0
-341 -375 0
-341 -409 0
-341 -443 0
-341 -477 0
-341 -511 0
-341 -545 0
-341 -579 0
-341 -613 0
-341 -647 0
-341 -681 0
-341 -715 0
-341 -749 0
-341 -783 0
-341 -817 0
-341 -851 0
-341 -885 0
-341 -919 0
-341 -953 0
-341 -987 0
-341 -1021 0
-341 -1055 0
-341 -1089 0
-341 -1123 0
-341 -1157 0
-341 -1191 0
-375 -409 0
-375 -443 0
-375 -477 0
-375 -511 0
-375 -545 0
-375 -579 0
-375 -613 0
-375 -647 0
-375 -681 0
-375 -715 0
-375 -749 0
-375 -783 0
-375 -817 0
-375 -851 0
-375 -885 0
-375 -919 0
-375 -953 0
-375 -987 0
-375 -1021 0
-375 -1055 0
-375 -1089 0
-375 -1123 0
-375 -1157 0
-375 -1191 0
-409 -443 0
-409 -477 0
-409 -511 0
-409 -545 0
-409 -579 0
-409 -613 0
-409 -647 0
-409 -681 0
-409 -715 0
-409 -749 0
-409 -783 0
-409 -817 0
-409 -851 0
-409 -885 0
-409 -919 0
-409 -953 0
-409 -987 0
-409 -1021 0
-409 -1055 0
-409 -1089 0
-409 -1123 0
-409 -1157 0
-409 -1191 0
-443 -477 0
-443 -511 0
-443 -545 0
-443 -579 0
-443 -613 0
-443 -647 0
-443 -681 0
-443 -715 0
-443 -749 0
-443 -783 0
-443 -817 0
-443 -851 0
-443 -885 0
-443 -919 0
-443 -953 0
-443 -987 0
-443 -1021 0
-443 -1055 0
-443 -1089 0
-443 -1123 0
-443 -1157 0
-443 -1191 0
-477 -511 0
-477 -545 0
-477 -579 0
-477 -613 0
-477 -647 0
-477 -681 0
-477 -715 0
-477 -749 0
-477 -783 0
-477 -817 0
-477 -851 0
-477 -885 0
-477 -919 0
-477 -953 0
-477 -987 0
-477 -1021 0
-477 -1055 0
-477 -1089 0
-477 -1123 0
-477 -1157 0
-477 -1191 0
-511 -545 0
-511 -579 0
-511 -613 0
-511 -647 0
-511 -681 0
-511 -715 0
-511 -749 0
-511 -783 0
-511 -817 0
-511 -851 0
-511 -885 0
-511 -919 0
-511 -953 0
-511 -987 0
-511 -1021 0
-511 -1055 0
-511 -1089 0
-511 -1123 0
-511 -1157 0
-511 -1191 0
-545 -579 0
-545 -613 0
-545 -647 0
-545 -681 0
-545 -715 0
-545 -749 0
-545 -783 0
-545 -817 0
-545 -851 0
-545 -885 0
-545 -919 0
-545 -953 0
-545 -987 0
-545 -1021 0
-545 -1055 0
-545 -1089 0
-545 -1123 0
-545 -1157 0
-545 -1191 0
-579 -613 0
-579 -647 0
-579 -681 0
-579 -715 0
-579 -749 0
-579 -783 0
-579 -817 0
-579 -851 0
-579 -885 0
-579 -919 0
-579 -953 0
-579 -987 0
-579 -1021 0
-579 -1055 0
-579 -1089 0
-579 -1123 0
-579 -1157 0
-579 -1191 0
-613 -647 0
-613 -681 0
-613 -715 0
-613 -749 0
-613 -783 0
-613 -817 0
-613 -851 0
-613 -885 0
-613 -919 0
-613 -953 0
-613 -987 0
-613 -1021 0
-613 -1055 0
-613 -1089 0
-613 -1123 0
-613 -1157 0
-613 -1191 0
-647 -681 0
-647 -715 0
-647 -749 0
-647 -783 0
-647 -817 0
-647 -851 0
-647 -885 0
-647 -919 0
-647 -953 0
-647 -987 0
-647 -1021 0
-647 -1055 0
-647 -1089 0
-647 -1123 0
-647 -1157 0
-647 -1191 0
-681 -715 0
-681 -749 0
-681 -783 0
-681 -817 0
-681 -851 0
-681 -885 0
-681 -919 0
-681 -953 0
-681 -987 0
-681 -1021 0
-681 -1055 0
-681 -1089 0
-681 -1123 0
-681 -1157 0
-681 -1191 0
-715 -749 0
-715 -783 0
-715 -817 0
-715 -851 0
-715 -885 0
-715 -919 0
-715 -953 0
-715 -987 0
-715 -1021 0
-715 -1055 0
-715 -1089 0
-715 -1123 0
-715 -1157 0
-715 -1191 0
-749 -783 0
-749 -817 0
-749 -851 0
-749 -885 0
-749 -919 0
-749 -953 0
-749 -987 0
-749 -1021 0
-749 -1055 0
-749 -1089 0
-749 -1123 0
-749 -1157 0
-749 -1191 0
-783 -817 0
-783 -851 0
-783 -885 0
-783 -919 0
-783 -953 0
-783 -987 0
-783 -1021 0
-783 -1055 0
-783 -1089 0
-783 -1123 0
-783 -1157 0
-783 -1191 0
-817 -851 0
-817 -885 0
-817 -919 0
-817 -953 0
-817 -987 0
-817 -1021 0
-817 -1055 0
-817 -1089 0
-817 -1123 0
-817 -1157 0
-817 -1191 0
-851 -885 0
-851 -919 0
-851 -953 0
-851 -987 0
-851 -1021 0
-851 -1055 0
-851 -1089 0
-851 -1123 0
-851 -1157 0
-851 -1191 0
-885 -919 0
-885 -953 0
-885 -987 0
-885 -1021 0
-885 -1055 0
-885 -1089 0
-885 -1123 0
-885 -1157 0
-885 -1191 0
-919 -953 0
-919 -987 0
-919 -1021 0
-919 -1055 0
-919 -1089 0
-919 -1123 0
-919 -1157 0
-919 -1191 0
-953 -987 0
-953 -1021 0
-953 -1055 0
-953 -1089 0
-953 -1123 0
-953 -1157 0
-953 -1191 0
-987 -1021 0
-987 -1055 0
-987 -1089 0
-987 -1123 0
-987 -1157 0
-987 -1191 0
-1021 -1055 0
-1021 -1089 0
-1021 -1123 0
-1021 -1157 0
-1021 -1191 0
-1055 -1089 0
-1055 -1123 0
-1055 -1157 0
-1055 -1191 0
-1089 -1123 0
-1089 -1157 0
-1089 -1191 0
-1123 -1157 0
-1123 -1191 0
-1157 -1191 0
-70 -104 0
-70 -138 0
-70 -172 0
-70 -206 0
-70 -240 0
-70 -274 0
-70 -308 0
-70 -342 0
-70 -376 0
-70 -410 0
-70 -444 0
-70 -478 0
-70 -512 0
-70 -546 0
-70 -580 0
-70 -614 0
-70 -648 0
-70 -682 0
-70 -716 0
-70 -750 0
-70 -784 0
-70 -818 0
-70 -852 0
-70 -886 0
-70 -920 0
-70 -954 0
-70 -988 0
-70 -1022 0
-70 -1056 0
-70 -1090 0
-70 -1124 0
-70 -1158 0
-70 -1192 0
-104 -138 0
-104 -172 0
-104 -206 0
-104 -240 0
-104 -274 0
-104 -308 0
-104 -342 0
-104 -376 0
-104 -410 0
-104 -444 0
-104 -478 0
-104 -512 0
-104 -546 0
-104 -580 0
-104 -614 0
-104 -648 0
-104 -682 0
-104 -716 0
-104 -750 0
-104 -784 0
-104 -818 0
-104 -852 0
-104 -886 0
-104 -920 0
-104 -954 0
-104 -988 0
-104 -1022 0
-104 -1056 0
-104 -1090 0
-104 -1124 0
-104 -1158 0
-104 -1192 0
-138 -172 0
-138 -206 0
-138 -240 0
-138 -274 0
-138 -308 0
-138 -342 0
-138 -376 0
-138 -410 0
-138 -444 0
-138 -478 0
-138 -512 0
-138 -546 0
-138 -580 0
-138 -614 0
-138 -648 0
-138 -682 0
-138 -716 0
-138 -750 0
-138 -784 0
-138 -818 0
-138 -852 0
-138 -886 0
-138 -920 0
-138 -954 0
-138 -988 0
-138 -1022 0
-138 -1056 0
-138 -1090 0
-138 -1124 0
-138 -1158 0
-138 -1192 0
-172 -206 0
-172 -240 0
-172 -274 0
-172 -308 0
-172 -342 0
-172 -376 0
-172 -410 0
-172 -444 0
-172 -478 0
-172 -512 0
-172 -546 0
-172 -580 0
-172 -614 0
-172 -648 0
-172 -682 0
-172 -716 0
-172 -750 0
-172 -784 0
-172 -818 0
-172 -852 0
-172 -886 0
-172 -920 0
-172 -954 0
-172 -988 0
-172 -1022 0
-172 -1056 0
-172 -1090 0
-172 -1124 0
-172 -1158 0
-172 -1192 0
-206 -240 0
-206 -274 0
-206 -308 0
-206 -342 0
-206 -376 0
-206 -410 0
-206 -444 0
-206 -478 0
-206 -512 0
-206 -546 0
-206 -580 0
-206 -614 0
-206 -648 0
-206 -682 0
-206 -716 0
-206 -750 0
-206 -784 0
-206 -818 0
-206 -852 0
-206 -886 0
-206 -920 0
-206 -954 0
-206 -988 0
-206 -1022 0
-206 -1056 0
-206 -1090 0
-206 -1124 0
-206 -1158 0
-206 -1192 0
-240 -274 0
-240 -308 0
-240 -342 0
-240 -376 0
-240 -410 0
-240 -444 0
-240 -478 0
-240 -512 0
-240 -546 0
-240 -580 0
-240 -614 0
-240 -648 0
-240 -682 0
-240 -716 0
-240 -750 0
-240 -784 0
-240 -818 0
-240 -852 0
-240 -886 0
-240 -920 0
-240 -954 0
-240 -988 0
-240 -1022 0
-240 -1056 0
-240 -1090 0
-240 -1124 0
-240 -1158 0
-240 -1192 0
-274 -308 0
-274 -342 0
-274 -376 0
-274 -410 0
-274 -444 0
-274 -478 0
-274 -512 0
-274 -546 0
-274 -580 0
-274 -614 0
-274 -648 0
-274 -682 0
-274 -716 0
-274 -750 0
-274 -784 0
-274 -818 0
-274 -852 0
-274 -886 0
-274 -920 0
-274 -954 0
-274 -988 0
-274 -1022 0
-274 -1056 0
-274 -1090 0
-274 -1124 0
-274 -1158 0
-274 -1192 0
-308 -342 0
-308 -376 0
-308 -410 0
-308 -444 0
-308 -478 0
-308 -512 0
-308 -546 0
-308 -580 0
-308 -614 0
-308 -648 0
-308 -682 0
-308 -716 0
-308 -750 0
-308 -784 0
-308 -818 0
-308 -852 0
-308 -886 0
-308 -920 0
-308 -954 0
-308 -988 0
-308 -1022 0
-308 -1056 0
-308 -1090 0
-308 -1124 0
-308 -1158 0
-308 -1192 0
-342 -376 0
-342 -410 0
-342 -444 0
-342 -478 0
-342 -512 0
-342 -546 0
-342 -580 0
-342 -614 0
-342 -648 0
-342 -682 0
-342 -716 0
-342 -750 0
-342 -784 0
-342 -818 0
-342 -852 0
-342 -886 0
-342 -920 0
-342 -954 0
-342 -988 0
-342 -1022 0
-342 -1056 0
-342 -1090 0
-342 -1124 0
-342 -1158 0
-342 -1192 0
-376 -410 0
-376 -444 0
-376 -478 0
-376 -512 0
-376 -546 0
-376 -580 0
-376 -614 0
-376 -648 0
-376 -682 0
-376 -716 0
-376 -750 0
-376 -784 0
-376 -818 0
-376 -852 0
-376 -886 0
-376 -920 0
-376 -954 0
-376 -988 0
-376 -1022 0
-376 -1056 0
-376 -1090 0
-376 -1124 0
-376 -1158 0
-376 -1192 0
-410 -444 0
-410 -478 0
-410 -512 0
-410 -546 0
-410 -580 0
-410 -614 0
-410 -648 0
-410 -682 0
-410 -716 0
-410 -750 0
-410 -784 0
-410 -818 0
-410 -852 0
-410 -886 0
-410 -920 0
-410 -954 0
-410 -988 0
-410 -1022 0
-410 -1056 0
-410 -1090 0
-410 -1124 0
-410 -1158 0
-410 -1192 0
-444 -478 0
-444 -512 0
-444 -546 0
-444 -580 0
-444 -614 0
-444 -648 0
-444 -682 0
-444 -716 0
-444 -750 0
-444 -784 0
-444 -818 0
-444 -852 0
-444 -886 0
-444 -920 0
-444 -954 0
-444 -988 0
-444 -1022 0
-444 -1056 0
-444 -1090 0
-444 -1124 0
-444 -1158 0
-444 -1192 0
-478 -512 0
-478 -546 0
-478 -580 0
-478 -614 0
-478 -648 0
-478 -682 0
-478 -716 0
-478 -750 0
-478 -784 0
-478 -818 0
-478 -852 0
-478 -886 0
-478 -920 0
-478 -954 0
-478 -988 0
-478 -1022 0
-478 -1056 0
-478 -1090 0
-478 -1124 0
-478 -1158 0
-478 -1192 0
-512 -546 0
-512 -580 0
-512 -614 0
-512 -648 0
-512 -682 0
-512 -716 0
-512 -750 0
-512 -784 0
-512 -818 0
-512 -852 0
-512 -886 0
-512 -920 0
-512 -954 0
-512 -988 0
-512 -1022 0
-512 -1056 0
-512 -1090 0
-512 -1124 0
-512 -1158 0
-512 -1192 0
-546 -580 0
-546 -614 0
-546 -648 0
-546 -682 0
-546 -716 0
-546 -750 0
-546 -784 0
-546 -818 0
-546 -852 0
-546 -886 0
-546 -920 0
-546 -954 0
-546 -988 0
-546 -1022 0
-546 -1056 0
-546 -1090 0
-546 -1124 0
-546 -1158 0
-546 -1192 0
-580 -614 0
-580 -648 0
-580 -682 0
-580 -716 0
-580 -750 0
-580 -784 0
-580 -818 0
-580 -852 0
-580 -886 0
-580 -920 0
-580 -954 0
-580 -988 0
-580 -1022 0
-580 -1056 0
-580 -1090 0
-580 -1124 0
-580 -1158 0
-580 -1192 0
-614 -648 0
-614 -682 0
-614 -716 0
-614 -750 0
-614 -784 0
-614 -818 0
-614 -852 0
-614 -886 0
-614 -920 0
-614 -954 0
-614 -988 0
-614 -1022 0
-614 -1056 0
-614 -1090 0
-614 -1124 0
-614 -1158 0
-614 -1192 0
-648 -682 0
-648 -716 0
-648 -750 0
-648 -784 0
-648 -818 0
-648 -852 0
-648 -886 0
-648 -920 0
-648 -954 0
-648 -988 0
-648 -1022 0
-648 -1056 0
-648 -1090 0
-648 -1124 0
-648 -1158 0
-648 -1192 0
-682 -716 0
-682 -750 0
-682 -784 0
-682 -818 0
-682 -852 0
-682 -886 0
-682 -920 0
-682 -954 0
-682 -988 0
-682 -1022 0
-682 -1056 0
-682 -1090 0
-682 -1124 0
-682 -1158 0
-682 -1192 0
-716 -750 0
-716 -784 0
-716 -818 0
-716 -852 0
-716 -886 0
-716 -920 0
-716 -954 0
-716 -988 0
-716 -1022 0
-716 -1056 0
-716 -1090 0
-716 -1124 0
-716 -1158 0
-716 -1192 0
-750 -784 0
-750 -818 0
-750 -852 0
-750 -886 0
-750 -920 0
-750 -954 0
-750 -988 0
-750 -1022 0
-750 -1056 0
-750 -1090 0
-750 -1124 0
-750 -1158 0
-750 -1192 0
-784 -818 0
-784 -852 0
-784 -886 0
-784 -920 0
-784 -954 0
-784 -988 0
-784 -1022 0
-784 -1056 0
-784 -1090 0
-784 -1124 0
-784 -1158 0
-784 -1192 0
-818 -852 0
-818 -886 0
-818 -920 0
-818 -954 0
-818 -988 0
-818 -1022 0
-818 -1056 0
-818 -1090 0
-818 -1124 0
-818 -1158 0
-818 -1192 0
-852 -886 0
-852 -920 0
-852 -954 0
-852 -988 0
-852 -1022 0
-852 -1056 0
-852 -1090 0
-852 -1124 0
-852 -1158 0
-852 -1192 0
-886 -920 0
-886 -954 0
-886 -988 0
-886 -1022 0
-886 -1056 0
-886 -1090 0
-886 -1124 0
-886 -1158 0
-886 -1192 0
-920 -954 0
-920 -988 0
-920 -1022 0
-920 -1056 0
-920 -1090 0
-920 -1124 0
-920 -1158 0
-920 -1192 0
-954 -988 0
-954 -1022 0
-954 -1056 0
-954 -1090 0
-954 -1124 0
-954 -1158 0
-954 -1192 0
-988 -1022 0
-988 -1056 0
-988 -1090 0
-988 -1124 0
-988 -1158 0
-988 -1192 0
-1022 -1056 0
-1022 -1090 0
-1022 -1124 0
-1022 -1158 0
-1022 -1192 0
-1056 -1090 0
-1056 -1124 0
-1056 -1158 0
-1056 -1192 0
-1090 -1124 0
-1090 -1158 0
-1090 -1192 0
-1124 -1158 0
-1124 -1192 0
-1158 -1192 0
-105 -139 0
-105 -173 0
-105 -207 0
-105 -241 0
-105 -275 0
-105 -309 0
-105 -343 0
-105 -377 0
-105 -411 0
-105 -445 0
-105 -479 0
-105 -513 0
-105 -547 0
-105 -581 0
-105 -615 0
-105 -649 0
-105 -683 0
-105 -717 0
-105 -751 0
-105 -785 0
-105 -819 0
-105 -853 0
-105 -887 0
-105 -921 0
-105 -955 0
-105 -989 0
-105 -1023 0
-105 -1057 0
-105 -1091 0
-105 -1125 0
-105 -1159 0
-105 -1193 0
-139 -173 0
-139 -207 0
-139 -241 0
-139 -275 0
-139 -309 0
-139 -343 0
-139 -377 0
-139 -411 0
-139 -445 0
-139 -479 0
-139 -513 0
-139 -547 0
-139 -581 0
-139 -615 0
-139 -649 0
-139 -683 0
-139 -717 0
-139 -751 0
-139 -785 0
-139 -819 0
-139 -853 0
-139 -887 0
-139 -921 0
-139 -955 0
-139 -989 0
-139 -1023 0
-139 -1057 0
-139 -1091 0
-139 -1125 0
-139 -1159 0
-139 -1193 0
-173 -207 0
-173 -241 0
-173 -275 0
-173 -309 0
-173 -343 0
-173 -377 0
-173 -411 0
-173 -445 0
-173 -479 0
-173 -513 0
-173 -547 0
-173 -581 0
-173 -615 0
-173 -649 0
-173 -683 0
-173 -717 0
-173 -751 0
-173 -785 0
-173 -819 0
-173 -853 0
-173 -887 0
-173 -921 0
-173 -955 0
-173 -989 0
-173 -1023 0
-173 -1057 0
-173 -1091 0
-173 -1125 0
-173 -1159 0
-173 -1193 0
-207 -241 0
-207 -275 0
-207 -309 0
-207 -343 0
-207 -377 0
-207 -411 0
-207 -445 0
-207 -479 0
-207 -513 0
-207 -547 0
-207 -581 0
-207 -615 0
-207 -649 0
-207 -683 0
-207 -717 0
-207 -751 0
-207 -785 0
-207 -819 0
-207 -853 0
-207 -887 0
-207 -921 0
-207 -955 0
-207 -989 0
-207 -1023 0
-207 -1057 0
-207 -1091 0
-207 -1125 0
-207 -1159 0
-207 -1193 0
-241 -275 0
-241 -309 0
-241 -343 0
-241 -377 0
-241 -411 0
-241 -445 0
-241 -479 0
-241 -513 0
-241 -547 0
-241 -581 0
-241 -615 0
-241 -649 0
-241 -683 0
-241 -717 0
-241 -751 0
-241 -785 0
-241 -819 0
-241 -853 0
-241 -887 0
-241 -921 0
-241 -955 0
-241 -989 0
-241 -1023 0
-241 -1057 0
-241 -1091 0
-241 -1125 0
-241 -1159 0
-241 -1193 0
-275 -309 0
-275 -343 0
-275 -377 0
-275 -411 0
-275 -445 0
-275 -479 0
-275 -513 0
-275 -547 0
-275 -581 0
-275 -615 0
-275 -649 0
-275 -683 0
-275 -717 0
-275 -751 0
-275 -785 0
-275 -819 0
-275 -853 0
-275 -887 0
-275 -921 0
-275 -955 0
-275 -989 0
-275 -1023 0
-275 -1057 0
-275 -1091 0
-275 -1125 0
-275 -1159 0
-275 -1193 0
-309 -343 0
-309 -377 0
-309 -411 0
-309 -445 0
-309 -479 0
-309 -513 0
-309 -547 0
-309 -581 0
-309 -615 0
-309 -649 0
-309 -683 0
-309 -717 0
-309 -751 0
-309 -785 0
-309 -819 0
-309 -853 0
-309 -887 0
-309 -921 0
-309 -955 0
-309 -989 0
-309 -1023 0
-309 -1057 0
-309 -1091 0
-309 -1125 0
-309 -1159 0
-309 -1193 0
-343 -377 0
-343 -411 0
-343 -445 0
-343 -479 0
-343 -513 0
-343 -547 0
-343 -581 0
-343 -615 0
-343 -649 0
-343 -683 0
-343 -717 0
-343 -751 0
-343 -785 0
-343 -819 0
-343 -853 0
-343 -887 0
-343 -921 0
-343 -955 0
-343 -989 0
-343 -1023 0
-343 -1057 0
-343 -1091 0
-343 -1125 0
-343 -1159 0
-343 -1193 0
-377 -411 0
-377 -445 0
-377 -479 0
-377 -513 0
-377 -547 0
-377 -581 0
-377 -615 0
-377 -649 0
-377 -683 0
-377 -717 0
-377 -751 0
-377 -785 0
-377 -819 0
-377 -853 0
-377 -887 0
-377 -921 0
-377 -955 0
-377 -989 0
-377 -1023 0
-377 -1057 0
-377 -1091 0
-377 -1125 0
-377 -1159 0
-377 -1193 0
-411 -445 0
-411 -479 0
-411 -513 0
-411 -547 0
-411 -581 0
-411 -615 0
-411 -649 0
-411 -683 0
-411 -717 0
-411 -751 0
-411 -785 0
-411 -819 0
-411 -853 0
-411 -887 0
-411 -921 0
-411 -955 0
-411 -989 0
-411 -1023 0
-411 -1057 0
-411 -1091 0
-411 -1125 0
-411 -1159 0
-411 -1193 0
-445 -479 0
-445 -513 0
-445 -547 0
-445 -581 0
-445 -615 0
-445 -649 0
-445 -683 0
-445 -717 0
-445 -751 0
-445 -785 0
-445 -819 0
-445 -853 0
-445 -887 0
-445 -921 0
-445 -955 0
-445 -989 0
-445 -1023 0
-445 -1057 0
-445 -1091 0
-445 -1125 0
-445 -1159 0
-445 -1193 0
-479 -513 0
-479 -547 0
-479 -581 0
-479 -615 0
-479 -649 0
-479 -683 0
-479 -717 0
-479 -751 0
-479 -785 0
-479 -819 0
-479 -853 0
-479 -887 0
-479 -921 0
-479 -955 0
-479 -989 0
-479 -1023 0
-479 -1057 0
-479 -1091 0
-479 -1125 0
-479 -1159 0
-479 -1193 0
-513 -547 0
-513 -581 0
-513 -615 0
-513 -649 0
-513 -683 0
-513 -717 0
-513 -751 0
-513 -785 0
-513 -819 0
-513 -853 0
-513 -887 0
-513 -921 0
-513 -955 0
-513 -989 0
-513 -1023 0
-513 -1057 0
-513 -1091 0
-513 -1125 0
-513 -1159 0
-513 -1193 0
-547 -581 0
-547 -615 0
-547 -649 0
-547 -683 0
-547 -717 0
-547 -751 0
-547 -785 0
-547 -819 0
-547 -853 0
-547 -887 0
-547 -921 0
-547 -955 0
-547 -989 0
-547 -1023 0
-547 -1057 0
-547 -1091 0
-547 -1125 0
-547 -1159 0
-547 -1193 0
-581 -615 0
-581 -649 0
-581 -683 0
-581 -717 0
-581 -751 0
-581 -785 0
-581 -819 0
-581 -853 0
-581 -887 0
-581 -921 0
-581 -955 0
-581 -989 0
-581 -1023 0
-581 -1057 0
-581 -1091 0
-581 -1125 0
-581 -1159 0
-581 -1193 0
-615 -649 0
-615 -683 0
-615 -717 0
-615 -751 0
-615 -785 0
-615 -819 0
-615 -853 0
-615 -887 0
-615 -921 0
-615 -955 0
-615 -989 0
-615 -1023 0
-615 -1057 0
-615 -1091 0
-615 -1125 0
-615 -1159 0
-615 -1193 0
-649 -683 0
-649 -717 0
-649 -751 0
-649 -785 0
-649 -819 0
-649 -853 0
-649 -887 0
-649 -921 0
-649 -955 0
-649 -989 0
-649 -1023 0
-649 -1057 0
-649 -1091 0
-649 -1125 0
-649 -1159 0
-649 -1193 0
-683 -717 0
-683 -751 0
-683 -785 0
-683 -819 0
-683 -853 0
-683 -887 0
-683 -921 0
-683 -955 0
-683 -989 0
-683 -1023 0
-683 -1057 0
-683 -1091 0
-683 -1125 0
-683 -1159 0
-683 -1193 0
-717 -751 0
-717 -785 0
-717 -819 0
-717 -853 0
-717 -887 0
-717 -921 0
-717 -955 0
-717 -989 0
-717 -1023 0
-717 -1057 0
-717 -1091 0
-717 -1125 0
-717 -1159 0
-717 -1193 0
-751 -785 0
-751 -819 0
-751 -853 0
-751 -887 0
-751 -921 0
-751 -955 0
-751 -989 0
-751 -1023 0
-751 -1057 0
-751 -1091 0
-751 -1125 0
-751 -1159 0
-751 -1193 0
-785 -819 0
-785 -853 0
-785 -887 0
-785 -921 0
-785 -955 0
-785 -989 0
-785 -1023 0
-785 -1057 0
-785 -1091 0
-785 -1125 0
-785 -1159 0
-785 -1193 0
-819 -853 0
-819 -887 0
-819 -921 0
-819 -955 0
-819 -989 0
-819 -1023 0
-819 -1057 0
-819 -1091 0
-819 -1125 0
-819 -1159 0
-819 -1193 0
-853 -887 0
-853 -921 0
-853 -955 0
-853 -989 0
-853 -1023 0
-853 -1057 0
-853 -1091 0
-853 -1125 0
-853 -1159 0
-853 -1193 0
-887 -921 0
-887 -955 0
-887 -989 0
-887 -1023 0
-887 -1057 0
-887 -1091 0
-887 -1125 0
-887 -1159 0
-887 -1193 0
-921 -955 0
-921 -989 0
-921 -1023 0
-921 -1057 0
-921 -1091 0
-921 -1125 0
-921 -1159 0
-921 -1193 0
-955 -989 0
-955 -1023 0
-955 -1057 0
-955 -1091 0
-955 -1125 0
-955 -1159 0
-955 -1193 0
-989 -1023 0
-989 -1057 0
-989 -1091 0
-989 -1125 0
-989 -1159 0
-989 -1193 0
-1023 -1057 0
-1023 -1091 0
-1023 -1125 0
-1023 -1159 0
-1023 -1193 0
-1057 -1091 0
-1057 -1125 0
-1057 -1159 0
-1057 -1193 0
-1091 -1125 0
-1091 -1159 0
-1091 -1193 0
-1125 -1159 0
-1125 -1193 0
-1159 -1193 0
-140 -174 0
-140 -208 0
-140 -242 0
-140 -276 0
-140 -310 0
-140 -344 0
-140 -378 0
-140 -412 0
-140 -446 0
-140 -480 0
-140 -514 0
-140 -548 0
-140 -582 0
-140 -616 0
-140 -650 0
-140 -684 0
-140 -718 0
-140 -752 0
-140 -786 0
-140 -820 0
-140 -854 0
-140 -888 0
-140 -922 0
-140 -956 0
-140 -990 0
-140 -1024 0
-140 -1058 0
-140 -1092 0
-140 -1126 0
-140 -1160 0
-140 -1194 0
-174 -208 0
-174 -242 0
-174 -276 0
-174 -310 0
-174 -344 0
-174 -378 0
-174 -412 0
-174 -446 0
-174 -480 0
-174 -514 0
-174 -548 0
-174 -582 0
-174 -616 0
-174 -650 0
-174 -684 0
-174 -718 0
-174 -752 0
-174 -786 0
-174 -820 0
-174 -854 0
-174 -888 0
-174 -922 0
-174 -956 0
-174 -990 0
-174 -1024 0
-174 -1058 0
-174 -1092 0
-174 -1126 0
-174 -1160 0
-174 -1194 0
-208 -242 0
-208 -276 0
-208 -310 0
-208 -344 0
-208 -378 0
-208 -412 0
-208 -446 0
-208 -480 0
-208 -514 0
-208 -548 0
-208 -582 0
-208 -616 0
-208 -650 0
-208 -684 0
-208 -718 0
-208 -752 0
-208 -786 0
-208 -820 0
-208 -854 0
-208 -888 0
-208 -922 0
-208 -956 0
-208 -990 0
-208 -1024 0
-208 -1058 0
-208 -1092 0
-208 -1126 0
-208 -1160 0
-208 -1194 0
-242 -276 0
-242 -310 0
-242 -344 0
-242 -378 0
-242 -412 0
-242 -446 0
-242 -480 0
-242 -514 0
-242 -548 0
-242 -582 0
-242 -616 0
-242 -650 0
-242 -684 0
-242 -718 0
-242 -752 0
-242 -786 0
-242 -820 0
-242 -854 0
-242 -888 0
-242 -922 0
-242 -956 0
-242 -990 0
-242 -1024 0
-242 -1058 0
-242 -1092 0
-242 -1126 0
-242 -1160 0
-242 -1194 0
-276 -310 0
-276 -344 0
-276 -378 0
-276 -412 0
-276 -446 0
-276 -480 0
-276 -514 0
-276 -548 0
-276 -582 0
-276 -616 0
-276 -650 0
-276 -684 0
-276 -718 0
-276 -752 0
-276 -786 0
-276 -820 0
-276 -854 0
-276 -888 0
-276 -922 0
-276 -956 0
-276 -990 0
-276 -1024 0
-276 -1058 0
-276 -1092 0
-276 -1126 0
-276 -1160 0
-276 -1194 0
-310 -344 0
-310 -378 0
-310 -412 0
-310 -446 0
-310 -480 0
-310 -514 0
-310 -548 0
-310 -582 0
-310 -616 0
-310 -650 0
-310 -684 0
-310 -718 0
-310 -752 0
-310 -786 0
-310 -820 0
-310 -854 0
-310 -888 0
-310 -922 0
-310 -956 0
-310 -990 0
-310 -1024 0
-310 -1058 0
-310 -1092 0
-310 -1126 0
-310 -1160 0
-310 -1194 0
-344 -378 0
-344 -412 0
-344 -446 0
-344 -480 0
-344 -514 0
-344 -548 0
-344 -582 0
-344 -616 0
-344 -650 0
-344 -684 0
-344 -718 0
-344 -752 0
-344 -786 0
-344 -820 0
-344 -854 0
-344 -888 0
-344 -922 0
-344 -956 0
-344 -990 0
-344 -1024 0
-344 -1058 0
-344 -1092 0
-344 -1126 0
-344 -1160 0
-344 -1194 0
-378 -412 0
-378 -446 0
-378 -480 0
-378 -514 0
-378 -548 0
-378 -582 0
-378 -616 0
-378 -650 0
-378 -684 0
-378 -718 0
-378 -752 0
-378 -786 0
-378 -820 0
-378 -854 0
-378 -888 0
-378 -922 0
-378 -956 0
-378 -990 0
-378 -1024 0
-378 -1058 0
-378 -1092 0
-378 -1126 0
-378 -1160 0
-378 -1194 0
-412 -446 0
-412 -480 0
-412 -514 0
-412 -548 0
-412 -582 0
-412 -616 0
-412 -650 0
-412 -684 0
-412 -718 0
-412 -752 0
-412 -786 0
-412 -820 0
-412 -854 0
-412 -888 0
-412 -922 0
-412 -956 0
-412 -990 0
-412 -1024 0
-412 -1058 0
-412 -1092 0
-412 -1126 0
-412 -1160 0
-412 -1194 0
-446 -480 0
-446 -514 0
-446 -548 0
-446 -582 0
-446 -616 0
-446 -650 0
-446 -684 0
-446 -718 0
-446 -752 0
-446 -786 0
-446 -820 0
-446 -854 0
-446 -888 0
-446 -922 0
-446 -956 0
-446 -990 0
-446 -1024 0
-446 -1058 0
-446 -1092 0
-446 -1126 0
-446 -1160 0
-446 -1194 0
-480 -514 0
-480 -548 0
-480 -582 0
-480 -616 0
-480 -650 0
-480 -684 0
-480 -718 0
-480 -752 0
-480 -786 0
-480 -820 0
-480 -854 0
-480 -888 0
-480 -922 0
-480 -956 0
-480 -990 0
-480 -1024 0
-480 -1058 0
-480 -1092 0
-480 -1126 0
-480 -1160 0
-480 -1194 0
-514 -548 0
-514 -582 0
-514 -616 0
-514 -650 0
-514 -684 0
-514 -718 0
-514 -752 0
-514 -786 0
-514 -820 0
-514 -854 0
-514 -888 0
-514 -922 0
-514 -956 0
-514 -990 0
-514 -1024 0
-514 -1058 0
-514 -1092 0
-514 -1126 0
-514 -1160 0
-514 -1194 0
-548 -582 0
-548 -616 0
-548 -650 0
-548 -684 0
-548 -718 0
-548 -752 0
-548 -786 0
-548 -820 0
-548 -854 0
-548 -888 0
-548 -922 0
-548 -956 0
-548 -990 0
-548 -1024 0
-548 -1058 0
-548 -1092 0
-548 -1126 0
-548 -1160 0
-548 -1194 0
-582 -616 0
-582 -650 0
-582 -684 0
-582 -718 0
-582 -752 0
-582 -786 0
-582 -820 0
-582 -854 0
-582 -888 0
-582 -922 0
-582 -956 0
-582 -990 0
-582 -1024 0
-582 -1058 0
-582 -1092 0
-582 -1126 0
-582 -1160 0
-582 -1194 0
-616 -650 0
-616 -684 0
-616 -718 0
-616 -752 0
-616 -786 0
-616 -820 0
-616 -854 0
-616 -888 0
-616 -922 0
-616 -956 0
-616 -990 0
-616 -1024 0
-616 -1058 0
-616 -1092 0
-616 -1126 0
-616 -1160 0
-616 -1194 0
-650 -684 0
-650 -718 0
-650 -752 0
-650 -786 0
-650 -820 0
-650 -854 0
-650 -888 0
-650 -922 0
-650 -956 0
-650 -990 0
-650 -1024 0
-650 -1058 0
-650 -1092 0
-650 -1126 0
-650 -1160 0
-650 -1194 0
-684 -718 0
-684 -752 0
-684 -786 0
-684 -820 0
-684 -854 0
-684 -888 0
-684 -922 0
-684 -956 0
-684 -990 0
-684 -1024 0
-684 -1058 0
-684 -1092 0
-684 -1126 0
-684 -1160 0
-684 -1194 0
-718 -752 0
-718 -786 0
-718 -820 0
-718 -854 0
-718 -888 0
-718 -922 0
-718 -956 0
-718 -990 0
-718 -1024 0
-718 -1058 0
-718 -1092 0
-718 -1126 0
-718 -1160 0
-718 -1194 0
-752 -786 0
-752 -820 0
-752 -854 0
-752 -888 0
-752 -922 0
-752 -956 0
-752 -990 0
-752 -1024 0
-752 -1058 0
-752 -1092 0
-752 -1126 0
-752 -1160 0
-752 -1194 0
-786 -820 0
-786 -854 0
-786 -888 0
-786 -922 0
-786 -956 0
-786 -990 0
-786 -1024 0
-786 -1058 0
-786 -1092 0
-786 -1126 0
-786 -1160 0
-786 -1194 0
-820 -854 0
-820 -888 0
-820 -922 0
-820 -956 0
-820 -990 0
-820 -1024 0
-820 -1058 0
-820 -1092 0
-820 -1126 0
-820 -1160 0
-820 -1194 0
-854 -888 0
-854 -922 0
-854 -956 0
-854 -990 0
-854 -1024 0
-854 -1058 0
-854 -1092 0
-854 -1126 0
-854 -1160 0
-854 -1194 0
-888 -922 0
-888 -956 0
-888 -990 0
-888 -1024 0
-888 -1058 0
-888 -1092 0
-888 -1126 0
-888 -1160 0
-888 -1194 0
-922 -956 0
-922 -990 0
-922 -1024 0
-922 -1058 0
-922 -1092 0
-922 -1126 0
-922 -1160 0
-922 -1194 0
-956 -990 0
-956 -1024 0
-956 -1058 0
-956 -1092 0
-956 -1126 0
-956 -1160 0
-956 -1194 0
-990 -1024 0
-990 -1058 0
-990 -1092 0
-990 -1126 0
-990 -1160 0
-990 -1194 0
-1024 -1058 0
-1024 -1092 0
-1024 -1126 0
-1024 -1160 0
-1024 -1194 0
-1058 -1092 0
-1058 -1126 0
-1058 -1160 0
-1058 -1194 0
-1092 -1126 0
-1092 -1160 0
-1092 -1194 0
-1126 -1160 0
-1126 -1194 0
-1160 -1194 0
-175 -209 0
-175 -243 0
-175 -277 0
-175 -311 0
-175 -345 0
-175 -379 0
-175 -413 0
-175 -447 0
-175 -481 0
-175 -515 0
-175 -549 0
-175 -583 0
-175 -617 0
-175 -651 0
-175 -685 0
-175 -719 0
-175 -753 0
-175 -787 0
-175 -821 0
-175 -855 0
-175 -889 0
-175 -923 0
-175 -957 0
-175 -991 0
-175 -1025 0
-175 -1059 0
-175 -1093 0
-175 -1127 0
-175 -1161 0
-175 -1195 0
-209 -243 0
-209 -277 0
-209 -311 0
-209 -345 0
-209 -379 0
-209 -413 0
-209 -447 0
-209 -481 0
-209 -515 0
-209 -549 0
-209 -583 0
-209 -617 0
-209 -651 0
-209 -685 0
-209 -719 0
-209 -753 0
-209 -787 0
-209 -821 0
-209 -855 0
-209 -889 0
-209 -923 0
-209 -957 0
-209 -991 0
-209 -1025 0
-209 -1059 0
-209 -1093 0
-209 -1127 0
-209 -1161 0
-209 -1195 0
-243 -277 0
-243 -311 0
-243 -345 0
-243 -379 0
-243 -413 0
-243 -447 0
-243 -481 0
-243 -515 0
-243 -549 0
-243 -583 0
-243 -617 0
-243 -651 0
-243 -685 0
-243 -719 0
-243 -753 0
-243 -787 0
-243 -821 0
-243 -855 0
-243 -889 0
-243 -923 0
-243 -957 0
-243 -991 0
-243 -1025 0
-243 -1059 0
-243 -1093 0
-243 -1127 0
-243 -1161 0
-243 -1195 0
-277 -311 0
-277 -345 0
-277 -379 0
-277 -413 0
-277 -447 0
-277 -481 0
-277 -515 0
-277 -549 0
-277 -583 0
-277 -617 0
-277 -651 0
-277 -685 0
-277 -719 0
-277 -753 0
-277 -787 0
-277 -821 0
-277 -855 0
-277 -889 0
-277 -923 0
-277 -957 0
-277 -991 0
-277 -1025 0
-277 -1059 0
-277 -1093 0
-277 -1127 0
-277 -1161 0
-277 -1195 0
-311 -345 0
-311 -379 0
-311 -413 0
-311 -447 0
-311 -481 0
-311 -515 0
-311 -549 0
-311 -583 0
-311 -617 0
-311 -651 0
-311 -685 0
-311 -719 0
-311 -753 0
-311 -787 0
-311 -821 0
-311 -855 0
-311 -889 0
-311 -923 0
-311 -957 0
-311 -991 0
-311 -1025 0
-311 -1059 0
-311 -1093 0
-311 -1127 0
-311 -1161 0
-311 -1195 0
-345 -379 0
-345 -413 0
-345 -447 0
-345 -481 0
-345 -515 0
-345 -549 0
-345 -583 0
-345 -617 0
-345 -651 0
-345 -685 0
-345 -719 0
-345 -753 0
-345 -787 0
-345 -821 0
-345 -855 0
-345 -889 0
-345 -923 0
-345 -957 0
-345 -991 0
-345 -1025 0
-345 -1059 0
-345 -1093 0
-345 -1127 0
-345 -1161 0
-345 -1195 0
-379 -413 0
-379 -447 0
-379 -481 0
-379 -515 0
-379 -549 0
-379 -583 0
-379 -617 0
-379 -651 0
-379 -685 0
-379 -719 0
-379 -753 0
-379 -787 0
-379 -821 0
-379 -855 0
-379 -889 0
-379 -923 0
-379 -957 0
-379 -991 0
-379 -1025 0
-379 -1059 0
-379 -1093 0
-379 -1127 0
-379 -1161 0
-379 -1195 0
-413 -447 0
-413 -481 0
-413 -515 0
-413 -549 0
-413 -583 0
-413 -617 0
-413 -651 0
-413 -685 0
-413 -719 0
-413 -753 0
-413 -787 0
-413 -821 0
-413 -855 0
-413 -889 0
-413 -923 0
-413 -957 0
-413 -991 0
-413 -1025 0
-413 -1059 0
-413 -1093 0
-413 -1127 0
-413 -1161 0
-413 -1195 0
-447 -481 0
-447 -515 0
-447 -549 0
-447 -583 0
-447 -617 0
-447 -651 0
-447 -685 0
-447 -719 0
-447 -753 0
-447 -787 0
-447 -821 0
-447 -855 0
-447 -889 0
-447 -923 0
-447 -957 0
-447 -991 0
-447 -1025 0
-447 -1059 0
-447 -1093 0
-447 -1127 0
-447 -1161 0
-447 -1195 0
-481 -515 0
-481 -549 0
-481 -583 0
-481 -617 0
-481 -651 0
-481 -685 0
-481 -719 0
-481 -753 0
-481 -787 0
-481 -821 0
-481 -855 0
-481 -889 0
-481 -923 0
-481 -957 0
-481 -991 0
-481 -1025 0
-481 -1059 0
-481 -1093 0
-481 -1127 0
-481 -1161 0
-481 -1195 0
-515 -549 0
-515 -583 0
-515 -617 0
-515 -651 0
-515 -685 0
-515 -719 0
-515 -753 0
-515 -787 0
-515 -821 0
-515 -855 0
-515 -889 0
-515 -923 0
-515 -957 0
-515 -991 0
-515 -1025 0
-515 -1059 0
-515 -1093 0
-515 -1127 0
-515 -1161 0
-515 -1195 0
-549 -583 0
-549 -617 0
-549 -651 0
-549 -685 0
-549 -719 0
-549 -753 0
-549 -787 0
-549 -821 0
-549 -855 0
-549 -889 0
-549 -923 0
-549 -957 0
-549 -991 0
-549 -1025 0
-549 -1059 0
-549 -1093 0
-549 -1127 0
-549 -1161 0
-549 -1195 0
-583 -617 0
-583 -651 0
-583 -685 0
-583 -719 0
-583 -753 0
-583 -787 0
-583 -821 0
-583 -855 0
-583 -889 0
-583 -923 0
-583 -957 0
-583 -991 0
-583 -1025 0
-583 -1059 0
-583 -1093 0
-583 -1127 0
-583 -1161 0
-583 -1195 0
-617 -651 0
-617 -685 0
-617 -719 0
-617 -753 0
-617 -787 0
-617 -821 0
-617 -855 0
-617 -889 0
-617 -923 0
-617 -957 0
-617 -991 0
-617 -1025 0
-617 -1059 0
-617 -1093 0
-617 -1127 0
-617 -1161 0
-617 -1195 0
-651 -685 0
-651 -719 0
-651 -753 0
-651 -787 0
-651 -821 0
-651 -855 0
-651 -889 0
-651 -923 0
-651 -957 0
-651 -991 0
-651 -1025 0
-651 -1059 0
-651 -1093 0
-651 -1127 0
-651 -1161 0
-651 -1195 0
-685 -719 0
-685 -753 0
-685 -787 0
-685 -821 0
-685 -855 0
-685 -889 0
-685 -923 0
-685 -957 0
-685 -991 0
-685 -1025 0
-685 -1059 0
-685 -1093 0
-685 -1127 0
-685 -1161 0
-685 -1195 0
-719 -753 0
-719 -787 0
-719 -821 0
-719 -855 0
-719 -889 0
-719 -923 0
-719 -957 0
-719 -991 0
-719 -1025 0
-719 -1059 0
-719 -1093 0
-719 -1127 0
-719 -1161 0
-719 -1195 0
-753 -787 0
-753 -821 0
-753 -855 0
-753 -889 0
-753 -923 0
-753 -957 0
-753 -991 0
-753 -1025 0
-753 -1059 0
-753 -1093 0
-753 -1127 0
-753 -1161 0
-753 -1195 0
-787 -821 0
-787 -855 0
-787 -889 0
-787 -923 0
-787 -957 0
-787 -991 0
-787 -1025 0
-787 -1059 0
-787 -1093 0
-787 -1127 0
-787 -1161 0
-787 -1195 0
-821 -855 0
-821 -889 0
-821 -923 0
-821 -957 0
-821 -991 0
-821 -1025 0
-821 -1059 0
-821 -1093 0
-821 -1127 0
-821 -1161 0
-821 -1195 0
-855 -889 0
-855 -923 0
-855 -957 0
-855 -991 0
-855 -1025 0
-855 -1059 0
-855 -1093 0
-855 -1127 0
-855 -1161 0
-855 -1195 0
-889 -923 0
-889 -957 0
-889 -991 0
-889 -1025 0
-889 -1059 0
-889 -1093 0
-889 -1127 0
-889 -1161 0
-889 -1195 0
-923 -957 0
-923 -991 0
-923 -1025 0
-923 -1059 0
-923 -1093 0
-923 -1127 0
-923 -1161 0
-923 -1195 0
-957 -991 0
-957 -1025 0
-957 -1059 0
-957 -1093 0
-957 -1127 0
-957 -1161 0
-957 -1195 0
-991 -1025 0
-991 -1059 0
-991 -1093 0
-991 -1127 0
-991 -1161 0
-991 -1195 0
-1025 -1059 0
-1025 -1093 0
-1025 -1127 0
-1025 -1161 0
-1025 -1195 0
-1059 -1093 0
-1059 -1127 0
-1059 -1161 0
-1059 -1195 0
-1093 -1127 0
-1093 -1161 0
-1093 -1195 0
-1127 -1161 0
-1127 -1195 0
-1161 -1195 0
-210 -244 0
-210 -278 0
-210 -312 0
-210 -346 0
-210 -380 0
-210 -414 0
-210 -448 0
-210 -482 0
-210 -516 0
-210 -550 0
-210 -584 0
-210 -618 0
-210 -652 0
-210 -686 0
-210 -720 0
-210 -754 0
-210 -788 0
-210 -822 0
-210 -856 0
-210 -890 0
-210 -924 0
-210 -958 0
-210 -992 0
-210 -1026 0
-210 -1060 0
-210 -1094 0
-210 -1128 0
-210 -1162 0
-210 -1196 0
-244 -278 0
-244 -312 0
-244 -346 0
-244 -380 0
-244 -414 0
-244 -448 0
-244 -482 0
-244 -516 0
-244 -550 0
-244 -584 0
-244 -618 0
-244 -652 0
-244 -686 0
-244 -720 0
-244 -754 0
-244 -788 0
-244 -822 0
-244 -856 0
-244 -890 0
-244 -924 0
-244 -958 0
-244 -992 0
-244 -1026 0
-244 -1060 0
-244 -1094 0
-244 -1128 0
-244 -1162 0
-244 -1196 0
-278 -312 0
-278 -346 0
-278 -380 0
-278 -414 0
-278 -448 0
-278 -482 0
-278 -516 0
-278 -550 0
-278 -584 0
-278 -618 0
-278 -652 0
-278 -686 0
-278 -720 0
-278 -754 0
-278 -788 0
-278 -822 0
-278 -856 0
-278 -890 0
-278 -924 0
-278 -958 0
-278 -992 0
-278 -1026 0
-278 -1060 0
-278 -1094 0
-278 -1128 0
-278 -1162 0
-278 -1196 0
-312 -346 0
-312 -380 0
-312 -414 0
-312 -448 0
-312 -482 0
-312 -516 0
-312 -550 0
-312 -584 0
-312 -618 0
-312 -652 0
-312 -686 0
-312 -720 0
-312 -754 0
-312 -788 0
-312 -822 0
-312 -856 0
-312 -890 0
-312 -924 0
-312 -958 0
-312 -992 0
-312 -1026 0
-312 -1060 0
-312 -1094 0
-312 -1128 0
-312 -1162 0
-312 -1196 0
-346 -380 0
-346 -414 0
-346 -448 0
-346 -482 0
-346 -516 0
-346 -550 0
-346 -584 0
-346 -618 0
-346 -652 0
-346 -686 0
-346 -720 0
-346 -754 0
-346 -788 0
-346 -822 0
-346 -856 0
-346 -890 0
-346 -924 0
-346 -958 0
-346 -992 0
-346 -1026 0
-346 -1060 0
-346 -1094 0
-346 -1128 0
-346 -1162 0
-346 -1196 0
-380 -414 0
-380 -448 0
-380 -482 0
-380 -516 0
-380 -550 0
-380 -584 0
-380 -618 0
-380 -652 0
-380 -686 0
-380 -720 0
-380 -754 0
-380 -788 0
-380 -822 0
-380 -856 0
-380 -890 0
-380 -924 0
-380 -958 0
-380 -992 0
-380 -1026 0
-380 -1060 0
-380 -1094 0
-380 -1128 0
-380 -1162 0
-380 -1196 0
-414 -448 0
-414 -482 0
-414 -516 0
-414 -550 0
-414 -584 0
-414 -618 0
-414 -652 0
-414 -686 0
-414 -720 0
-414 -754 0
-414 -788 0
-414 -822 0
-414 -856 0
-414 -890 0
-414 -924 0
-414 -958 0
-414 -992 0
-414 -1026 0
-414 -1060 0
-414 -1094 0
-414 -1128 0
-414 -1162 0
-414 -1196 0
-448 -482 0
-448 -516 0
-448 -550 0
-448 -584 0
-448 -618 0
-448 -652 0
-448 -686 0
-448 -720 0
-448 -754 0
-448 -788 0
-448 -822 0
-448 -856 0
-448 -890 0
-448 -924 0
-448 -958 0
-448 -992 0
-448 -1026 0
-448 -1060 0
-448 -1094 0
-448 -1128 0
-448 -1162 0
-448 -1196 0
-482 -516 0
-482 -550 0
-482 -584 0
-482 -618 0
-482 -652 0
-482 -686 0
-482 -720 0
-482 -754 0
-482 -788 0
-482 -822 0
-482 -856 0
-482 -890 0
-482 -924 0
-482 -958 0
-482 -992 0
-482 -1026 0
-482 -1060 0
-482 -1094 0
-482 -1128 0
-482 -1162 0
-482 -1196 0
-516 -550 0
-516 -584 0
-516 -618 0
-516 -652 0
-516 -686 0
-516 -720 0
-516 -754 0
-516 -788 0
-516 -822 0
-516 -856 0
-516 -890 0
-516 -924 0
-516 -958 0
-516 -992 0
-516 -1026 0
-516 -1060 0
-516 -1094 0
-516 -1128 0
-516 -1162 0
-516 -1196 0
-550 -584 0
-550 -618 0
-550 -652 0
-550 -686 0
-550 -720 0
-550 -754 0
-550 -788 0
-550 -822 0
-550 -856 0
-550 -890 0
-550 -924 0
-550 -958 0
-550 -992 0
-550 -1026 0
-550 -1060 0
-550 -1094 0
-550 -1128 0
-550 -1162 0
-550 -1196 0
-584 -618 0
-584 -652 0
-584 -686 0
-584 -720 0
-584 -754 0
-584 -788 0
-584 -822 0
-584 -856 0
-584 -890 0
-584 -924 0
-584 -958 0
-584 -992 0
-584 -1026 0
-584 -1060 0
-584 -1094 0
-584 -1128 0
-584 -1162 0
-584 -1196 0
-618 -652 0
-618 -686 0
-618 -720 0
-618 -754 0
-618 -788 0
-618 -822 0
-618 -856 0
-618 -890 0
-618 -924 0
-618 -958 0
-618 -992 0
-618 -1026 0
-618 -1060 0
-618 -1094 0
-618 -1128 0
-618 -1162 0
-618 -1196 0
-652 -686 0
-652 -720 0
-652 -754 0
-652 -788 0
-652 -822 0
-652 -856 0
-652 -890 0
-652 -924 0
-652 -958 0
-652 -992 0
-652 -1026 0
-652 -1060 0
-652 -1094 0
-652 -1128 0
-652 -1162 0
-652 -1196 0
-686 -720 0
-686 -754 0
-686 -788 0
-686 -822 0
-686 -856 0
-686 -890 0
-686 -924 0
-686 -958 0
-686 -992 0
-686 -1026 0
-686 -1060 0
-686 -1094 0
-686 -1128 0
-686 -1162 0
-686 -1196 0
-720 -754 0
-720 -788 0
-720 -822 0
-720 -856 0
-720 -890 0
-720 -924 0
-720 -958 0
-720 -992 0
-720 -1026 0
-720 -1060 0
-720 -1094 0
-720 -1128 0
-720 -1162 0
-720 -1196 0
-754 -788 0
-754 -822 0
-754 -856 0
-754 -890 0
-754 -924 0
-754 -958 0
-754 -992 0
-754 -1026 0
-754 -1060 0
-754 -1094 0
-754 -1128 0
-754 -1162 0
-754 -1196 0
-788 -822 0
-788 -856 0
-788 -890 0
-788 -924 0
-788 -958 0
-788 -992 0
-788 -1026 0
-788 -1060 0
-788 -1094 0
-788 -1128 0
-788 -1162 0
-788 -1196 0
-822 -856 0
-822 -890 0
-822 -924 0
-822 -958 0
-822 -992 0
-822 -1026 0
-822 -1060 0
-822 -1094 0
-822 -1128 0
-822 -1162 0
-822 -1196 0
-856 -890 0
-856 -924 0
-856 -958 0
-856 -992 0
-856 -1026 0
-856 -1060 0
-856 -1094 0
-856 -1128 0
-856 -1162 0
-856 -1196 0
-890 -924 0
-890 -958 0
-890 -992 0
-890 -1026 0
-890 -1060 0
-890 -1094 0
-890 -1128 0
-890 -1162 0
-890 -1196 0
-924 -958 0
-924 -992 0
-924 -1026 0
-924 -1060 0
-924 -1094 0
-924 -1128 0
-924 -1162 0
-924 -1196 0
-958 -992 0
-958 -1026 0
-958 -1060 0
-958 -1094 0
-958 -1128 0
-958 -1162 0
-958 -1196 0
-992 -1026 0
-992 -1060 0
-992 -1094 0
-992 -1128 0
-992 -1162 0
-992 -1196 0
-1026 -1060 0
-1026 -1094 0
-1026 -1128 0
-1026 -1162 0
-1026 -1196 0
-1060 -1094 0
-1060 -1128 0
-1060 -1162 0
-1060 -1196 0
-1094 -1128 0
-1094 -1162 0
-1094 -1196 0
-1128 -1162 0
-1128 -1196 0
-1162 -1196 0
-245 -279 0
-245 -313 0
-245 -347 0
-245 -381 0
-245 -415 0
-245 -449 0
-245 -483 0
-245 -517 0
-245 -551 0
-245 -585 0
-245 -619 0
-245 -653 0
-245 -687 0
-245 -721 0
-245 -755 0
-245 -789 0
-245 -823 0
-245 -857 0
-245 -891 0
-245 -925 0
-245 -959 0
-245 -993 0
-245 -1027 0
-245 -1061 0
-245 -1095 0
-245 -1129 0
-245 -1163 0
-245 -1197 0
-279 -313 0
-279 -347 0
-279 -381 0
-279 -415 0
-279 -449 0
-279 -483 0
-279 -517 0
-279 -551 0
-279 -585 0
-279 -619 0
-279 -653 0
-279 -687 0
-279 -721 0
-279 -755 0
-279 -789 0
-279 -823 0
-279 -857 0
-279 -891 0
-279 -925 0
-279 -959 0
-279 -993 0
-279 -1027 0
-279 -1061 0
-279 -1095 0
-279 -1129 0
-279 -1163 0
-279 -1197 0
-313 -347 0
-313 -381 0
-313 -415 0
-313 -449 0
-313 -483 0
-313 -517 0
-313 -551 0
-313 -585 0
-313 -619 0
-313 -653 0
-313 -687 0
-313 -721 0
-313 -755 0
-313 -789 0
-313 -823 0
-313 -857 0
-313 -891 0
-313 -925 0
-313 -959 0
-313 -993 0
-313 -1027 0
-313 -1061 0
-313 -1095 0
-313 -1129 0
-313 -1163 0
-313 -1197 0
-347 -381 0
-347 -415 0
-347 -449 0
-347 -483 0
-347 -517 0
-347 -551 0
-347 -585 0
-347 -619 0
-347 -653 0
-347 -687 0
-347 -721 0
-347 -755 0
-347 -789 0
-347 -823 0
-347 -857 0
-347 -891 0
-347 -925 0
-347 -959 0
-347 -993 0
-347 -1027 0
-347 -1061 0
-347 -1095 0
-347 -1129 0
-347 -1163 0
-347 -1197 0
-381 -415 0
-381 -449 0
-381 -483 0
-381 -517 0
-381 -551 0
-381 -585 0
-381 -619 0
-381 -653 0
-381 -687 0
-381 -721 0
-381 -755 0
-381 -789 0
-381 -823 0
-381 -857 0
-381 -891 0
-381 -925 0
-381 -959 0
-381 -993 0
-381 -1027 0
-381 -1061 0
-381 -1095 0
-381 -1129 0
-381 -1163 0
-381 -1197 0
-415 -449 0
-415 -483 0
-415 -517 0
-415 -551 0
-415 -585 0
-415 -619 0
-415 -653 0
-415 -687 0
-415 -721 0
-415 -755 0
-415 -789 0
-415 -823 0
-415 -857 0
-415 -891 0
-415 -925 0
-415 -959 0
-415 -993 0
-415 -1027 0
-415 -1061 0
-415 -1095 0
-415 -1129 0
-415 -1163 0
-415 -1197 0
-449 -483 0
-449 -517 0
-449 -551 0
-449 -585 0
-449 -619 0
-449 -653 0
-449 -687 0
-449 -721 0
-449 -755 0
-449 -789 0
-449 -823 0
-449 -857 0
-449 -891 0
-449 -925 0
-449 -959 0
-449 -993 0
-449 -1027 0
-449 -1061 0
-449 -1095 0
-449 -1129 0
-449 -1163 0
-449 -1197 0
-483 -517 0
-483 -551 0
-483 -585 0
-483 -619 0
-483 -653 0
-483 -687 0
-483 -721 0
-483 -755 0
-483 -789 0
-483 -823 0
-483 -857 0
-483 -891 0
-483 -925 0
-483 -959 0
-483 -993 0
-483 -1027 0
-483 -1061 0
-483 -1095 0
-483 -1129 0
-483 -1163 0
-483 -1197 0
-517 -551 0
-517 -585 0
-517 -619 0
-517 -653 0
-517 -687 0
-517 -721 0
-517 -755 0
-517 -789 0
-517 -823 0
-517 -857 0
-517 -891 0
-517 -925 0
-517 -959 0
-517 -993 0
-517 -1027 0
-517 -1061 0
-517 -1095 0
-517 -1129 0
-517 -1163 0
-517 -1197 0
-551 -585 0
-551 -619 0
-551 -653 0
-551 -687 0
-551 -721 0
-551 -755 0
-551 -789 0
-551 -823 0
-551 -857 0
-551 -891 0
-551 -925 0
-551 -959 0
-551 -993 0
-551 -1027 0
-551 -1061 0
-551 -1095 0
-551 -1129 0
-551 -1163 0
-551 -1197 0
-585 -619 0
-585 -653 0
-585 -687 0
-585 -721 0
-585 -755 0
-585 -789 0
-585 -823 0
-585 -857 0
-585 -891 0
-585 -925 0
-585 -959 0
-585 -993 0
-585 -1027 0
-585 -1061 0
-585 -1095 0
-585 -1129 0
-585 -1163 0
-585 -1197 0
-619 -653 0
-619 -687 0
-619 -721 0
-619 -755 0
-619 -789 0
-619 -823 0
-619 -857 0
-619 -891 0
-619 -925 0
-619 -959 0
-619 -993 0
-619 -1027 0
-619 -1061 0
-619 -1095 0
-619 -1129 0
-619 -1163 0
-619 -1197 0
-653 -687 0
-653 -721 0
-653 -755 0
-653 -789 0
-653 -823 0
-653 -857 0
-653 -891 0
-653 -925 0
-653 -959 0
-653 -993 0
-653 -1027 0
-653 -1061 0
-653 -1095 0
-653 -1129 0
-653 -1163 0
-653 -1197 0
-687 -721 0
-687 -755 0
-687 -789 0
-687 -823 0
-687 -857 0
-687 -891 0
-687 -925 0
-687 -959 0
-687 -993 0
-687 -1027 0
-687 -1061 0
-687 -1095 0
-687 -1129 0
-687 -1163 0
-687 -1197 0
-721 -755 0
-721 -789 0
-721 -823 0
-721 -857 0
-721 -891 0
-721 -925 0
-721 -959 0
-721 -993 0
-721 -1027 0
-721 -1061 0
-721 -1095 0
-721 -1129 0
-721 -1163 0
-721 -1197 0
-755 -789 0
-755 -823 0
-755 -857 0
-755 -891 0
-755 -925 0
-755 -959 0
-755 -993 0
-755 -1027 0
-755 -1061 0
-755 -1095 0
-755 -1129 0
-755 -1163 0
-755 -1197 0
-789 -823 0
-789 -857 0
-789 -891 0
-789 -925 0
-789 -959 0
-789 -993 0
-789 -1027 0
-789 -1061 0
-789 -1095 0
-789 -1129 0
-789 -1163 0
-789 -1197 0
-823 -857 0
-823 -891 0
-823 -925 0
-823 -959 0
-823 -993 0
-823 -1027 0
-823 -1061 0
-823 -1095 0
-823 -1129 0
-823 -1163 0
-823 -1197 0
-857 -891 0
-857 -925 0
-857 -959 0
-857 -993 0
-857 -1027 0
-857 -1061 0
-857 -1095 0
-857 -1129 0
-857 -1163 0
-857 -1197 0
-891 -925 0
-891 -959 0
-891 -993 0
-891 -1027 0
-891 -1061 0
-891 -1095 0
-891 -1129 0
-891 -1163 0
-891 -1197 0
-925 -959 0
-925 -993 0
-925 -1027 0
-925 -1061 0
-925 -1095 0
-925 -1129 0
-925 -1163 0
-925 -1197 0
-959 -993 0
-959 -1027 0
-959 -1061 0
-959 -1095 0
-959 -1129 0
-959 -1163 0
-959 -1197 0
-993 -1027 0
-993 -1061 0
-993 -1095 0
-993 -1129 0
-993 -1163 0
-993 -1197 0
-1027 -1061 0
-1027 -1095 0
-1027 -1129 0
-1027 -1163 0
-1027 -1197 0
-1061 -1095 0
-1061 -1129 0
-1061 -1163 0
-1061 -1197 0
-1095 -1129 0
-1095 -1163 0
-1095 -1197 0
-1129 -1163 0
-1129 -1197 0
-1163 -1197 0
-280 -314 0
-280 -348 0
-280 -382 0
-280 -416 0
-280 -450 0
-280 -484 0
-280 -518 0
-280 -552 0
-280 -586 0
-280 -620 0
-280 -654 0
-280 -688 0
-280 -722 0
-280 -756 0
-280 -790 0
-280 -824 0
-280 -858 0
-280 -892 0
-280 -926 0
-280 -960 0
-280 -994 0
-280 -1028 0
-280 -1062 0
-280 -1096 0
-280 -1130 0
-280 -1164 0
-280 -1198 0
-314 -348 0
-314 -382 0
-314 -416 0
-314 -450 0
-314 -484 0
-314 -518 0
-314 -552 0
-314 -586 0
-314 -620 0
-314 -654 0
-314 -688 0
-314 -722 0
-314 -756 0
-314 -790 0
-314 -824 0
-314 -858 0
-314 -892 0
-314 -926 0
-314 -960 0
-314 -994 0
-314 -1028 0
-314 -1062 0
-314 -1096 0
-314 -1130 0
-314 -1164 0
-314 -1198 0
-348 -382 0
-348 -416 0
-348 -450 0
-348 -484 0
-348 -518 0
-348 -552 0
-348 -586 0
-348 -620 0
-348 -654 0
-348 -688 0
-348 -722 0
-348 -756 0
-348 -790 0
-348 -824 0
-348 -858 0
-348 -892 0
-348 -926 0
-348 -960 0
-348 -994 0
-348 -1028 0
-348 -1062 0
-348 -1096 0
-348 -1130 0
-348 -1164 0
-348 -1198 0
-382 -416 0
-382 -450 0
-382 -484 0
-382 -518 0
-382 -552 0
-382 -586 0
-382 -620 0
-382 -654 0
-382 -688 0
-382 -722 0
-382 -756 0
-382 -790 0
-382 -824 0
-382 -858 0
-382 -892 0
-382 -926 0
-382 -960 0
-382 -994 0
-382 -1028 0
-382 -1062 0
-382 -1096 0
-382 -1130 0
-382 -1164 0
-382 -1198 0
-416 -450 0
-416 -484 0
-416 -518 0
-416 -552 0
-416 -586 0
-416 -620 0
-416 -654 0
-416 -688 0
-416 -722 0
-416 -756 0
-416 -790 0
-416 -824 0
-416 -858 0
-416 -892 0
-416 -926 0
-416 -960 0
-416 -994 0
-416 -1028 0
-416 -1062 0
-416 -1096 0
-416 -1130 0
-416 -1164 0
-416 -1198 0
-450 -484 0
-450 -518 0
-450 -552 0
-450 -586 0
-450 -620 0
-450 -654 0
-450 -688 0
-450 -722 0
-450 -756 0
-450 -790 0
-450 -824 0
-450 -858 0
-450 -892 0
-450 -926 0
-450 -960 0
-450 -994 0
-450 -1028 0
-450 -1062 0
-450 -1096 0
-450 -1130 0
-450 -1164 0
-450 -1198 0
-484 -518 0
-484 -552 0
-484 -586 0
-484 -620 0
-484 -654 0
-484 -688 0
-484 -722 0
-484 -756 0
-484 -790 0
-484 -824 0
-484 -858 0
-484 -892 0
-484 -926 0
-484 -960 0
-484 -994 0
-484 -1028 0
-484 -1062 0
-484 -1096 0
-484 -1130 0
-484 -1164 0
-484 -1198 0
-518 -552 0
-518 -586 0
-518 -620 0
-518 -654 0
-518 -688 0
-518 -722 0
-518 -756 0
-518 -790 0
-518 -824 0
-518 -858 0
-518 -892 0
-518 -926 0
-518 -960 0
-518 -994 0
-518 -1028 0
-518 -1062 0
-518 -1096 0
-518 -1130 0
-518 -1164 0
-518 -1198 0
-552 -586 0
-552 -620 0
-552 -654 0
-552 -688 0
-552 -722 0
-552 -756 0
-552 -790 0
-552 -824 0
-552 -858 0
-552 -892 0
-552 -926 0
-552 -960 0
-552 -994 0
-552 -1028 0
-552 -1062 0
-552 -1096 0
-552 -1130 0
-552 -1164 0
-552 -1198 0
-586 -620 0
-586 -654 0
-586 -688 0
-586 -722 0
-586 -756 0
-586 -790 0
-586 -824 0
-586 -858 0
-586 -892 0
-586 -926 0
-586 -960 0
-586 -994 0
-586 -1028 0
-586 -1062 0
-586 -1096 0
-586 -1130 0
-586 -1164 0
-586 -1198 0
-620 -654 0
-620 -688 0
-620 -722 0
-620 -756 0
-620 -790 0
-620 -824 0
-620 -858 0
-620 -892 0
-620 -926 0
-620 -960 0
-620 -994 0
-620 -1028 0
-620 -1062 0
-620 -1096 0
-620 -1130 0
-620 -1164 0
-620 -1198 0
-654 -688 0
-654 -722 0
-654 -756 0
-654 -790 0
-654 -824 0
-654 -858 0
-654 -892 0
-654 -926 0
-654 -960 0
-654 -994 0
-654 -1028 0
-654 -1062 0
-654 -1096 0
-654 -1130 0
-654 -1164 0
-654 -1198 0
-688 -722 0
-688 -756 0
-688 -790 0
-688 -824 0
-688 -858 0
-688 -892 0
-688 -926 0
-688 -960 0
-688 -994 0
-688 -1028 0
-688 -1062 0
-688 -1096 0
-688 -1130 0
-688 -1164 0
-688 -1198 0
-722 -756 0
-722 -790 0
-722 -824 0
-722 -858 0
-722 -892 0
-722 -926 0
-722 -960 0
-722 -994 0
-722 -1028 0
-722 -1062 0
-722 -1096 0
-722 -1130 0
-722 -1164 0
-722 -1198 0
-756 -790 0
-756 -824 0
-756 -858 0
-756 -892 0
-756 -926 0
-756 -960 0
-756 -994 0
-756 -1028 0
-756 -1062 0
-756 -1096 0
-756 -1130 0
-756 -1164 0
-756 -1198 0
-790 -824 0
-790 -858 0
-790 -892 0
-790 -926 0
-790 -960 0
-790 -994 0
-790 -1028 0
-790 -1062 0
-790 -1096 0
-790 -1130 0
-790 -1164 0
-790 -1198 0
-824 -858 0
-824 -892 0
-824 -926 0
-824 -960 0
-824 -994 0
-824 -1028 0
-824 -1062 0
-824 -1096 0
-824 -1130 0
-824 -1164 0
-824 -1198 0
-858 -892 0
-858 -926 0
-858 -960 0
-858 -994 0
-858 -1028 0
-858 -1062 0
-858 -1096 0
-858 -1130 0
-858 -1164 0
-858 -1198 0
-892 -926 0
-892 -960 0
-892 -994 0
-892 -1028 0
-892 -1062 0
-892 -1096 0
-892 -1130 0
-892 -1164 0
-892 -1198 0
-926 -960 0
-926 -994 0
-926 -1028 0
-926 -1062 0
-926 -1096 0
-926 -1130 0
-926 -1164 0
-926 -1198 0
-960 -994 0
-960 -1028 0
-960 -1062 0
-960 -1096 0
-960 -1130 0
-960 -1164 0
-960 -1198 0
-994 -1028 0
-994 -1062 0
-994 -1096 0
-994 -1130 0
-994 -1164 0
-994 -1198 0
-1028 -1062 0
-1028 -1096 0
-1028 -1130 0
-1028 -1164 0
-1028 -1198 0
-1062 -1096 0
-1062 -1130 0
-1062 -1164 0
-1062 -1198 0
-1096 -1130 0
-1096 -1164 0
-1096 -1198 0
-1130 -1164 0
-1130 -1198 0
-1164 -1198 0
-315 -349 0
-315 -383 0
-315 -417 0
-315 -451 0
-315 -485 0
-315 -519 0
-315 -553 0
-315 -587 0
-315 -621 0
-315 -655 0
-315 -689 0
-315 -723 0
-315 -757 0
-315 -791 0
-315 -825 0
-315 -859 0
-315 -893 0
-315 -927 0
-315 -961 0
-315 -995 0
-315 -1029 0
-315 -1063 0
-315 -1097 0
-315 -1131 0
-315 -1165 0
-315 -1199 0
-349 -383 0
-349 -417 0
-349 -451 0
-349 -485 0
-349 -519 0
-349 -553 0
-349 -587 0
-349 -621 0
-349 -655 0
-349 -689 0
-349 -723 0
-349 -757 0
-349 -791 0
-349 -825 0
-349 -859 0
-349 -893 0
-349 -927 0
-349 -961 0
-349 -995 0
-349 -1029 0
-349 -1063 0
-349 -1097 0
-349 -1131 0
-349 -1165 0
-349 -1199 0
-383 -417 0
-383 -451 0
-383 -485 0
-383 -519 0
-383 -553 0
-383 -587 0
-383 -621 0
-383 -655 0
-383 -689 0
-383 -723 0
-383 -757 0
-383 -791 0
-383 -825 0
-383 -859 0
-383 -893 0
-383 -927 0
-383 -961 0
-383 -995 0
-383 -1029 0
-383 -1063 0
-383 -1097 0
-383 -1131 0
-383 -1165 0
-383 -1199 0
-417 -451 0
-417 -485 0
-417 -519 0
-417 -553 0
-417 -587 0
-417 -621 0
-417 -655 0
-417 -689 0
-417 -723 0
-417 -757 0
-417 -791 0
-417 -825 0
-417 -859 0
-417 -893 0
-417 -927 0
-417 -961 0
-417 -995 0
-417 -1029 0
-417 -1063 0
-417 -1097 0
-417 -1131 0
-417 -1165 0
-417 -1199 0
-451 -485 0
-451 -519 0
-451 -553 0
-451 -587 0
-451 -621 0
-451 -655 0
-451 -689 0
-451 -723 0
-451 -757 0
-451 -791 0
-451 -825 0
-451 -859 0
-451 -893 0
-451 -927 0
-451 -961 0
-451 -995 0
-451 -1029 0
-451 -1063 0
-451 -1097 0
-451 -1131 0
-451 -1165 0
-451 -1199 0
-485 -519 0
-485 -553 0
-485 -587 0
-485 -621 0
-485 -655 0
-485 -689 0
-485 -723 0
-485 -757 0
-485 -791 0
-485 -825 0
-485 -859 0
-485 -893 0
-485 -927 0
-485 -961 0
-485 -995 0
-485 -1029 0
-485 -1063 0
-485 -1097 0
-485 -1131 0
-485 -1165 0
-485 -1199 0
-519 -553 0
-519 -587 0
-519 -621 0
-519 -655 0
-519 -689 0
-519 -723 0
-519 -757 0
-519 -791 0
-519 -825 0
-519 -859 0
-519 -893 0
-519 -927 0
-519 -961 0
-519 -995 0
-519 -1029 0
-519 -1063 0
-519 -1097 0
-519 -1131 0
-519 -1165 0
-519 -1199 0
-553 -587 0
-553 -621 0
-553 -655 0
-553 -689 0
-553 -723 0
-553 -757 0
-553 -791 0
-553 -825 0
-553 -859 0
-553 -893 0
-553 -927 0
-553 -961 0
-553 -995 0
-553 -1029 0
-553 -1063 0
-553 -1097 0
-553 -1131 0
-553 -1165 0
-553 -1199 0
-587 -621 0
-587 -655 0
-587 -689 0
-587 -723 0
-587 -757 0
-587 -791 0
-587 -825 0
-587 -859 0
-587 -893 0
-587 -927 0
-587 -961 0
-587 -995 0
-587 -1029 0
-587 -1063 0
-587 -1097 0
-587 -1131 0
-587 -1165 0
-587 -1199 0
-621 -655 0
-621 -689 0
-621 -723 0
-621 -757 0
-621 -791 0
-621 -825 0
-621 -859 0
-621 -893 0
-621 -927 0
-621 -961 0
-621 -995 0
-621 -1029 0
-621 -1063 0
-621 -1097 0
-621 -1131 0
-621 -1165 0
-621 -1199 0
-655 -689 0
-655 -723 0
-655 -757 0
-655 -791 0
-655 -825 0
-655 -859 0
-655 -893 0
-655 -927 0
-655 -961 0
-655 -995 0
-655 -1029 0
-655 -1063 0
-655 -1097 0
-655 -1131 0
-655 -1165 0
-655 -1199 0
-689 -723 0
-689 -757 0
-689 -791 0
-689 -825 0
-689 -859 0
-689 -893 0
-689 -927 0
-689 -961 0
-689 -995 0
-689 -1029 0
-689 -1063 0
-689 -1097 0
-689 -1131 0
-689 -1165 0
-689 -1199 0
-723 -757 0
-723 -791 0
-723 -825 0
-723 -859 0
-723 -893 0
-723 -927 0
-723 -961 0
-723 -995 0
-723 -1029 0
-723 -1063 0
-723 -1097 0
-723 -1131 0
-723 -1165 0
-723 -1199 0
-757 -791 0
-757 -825 0
-757 -859 0
-757 -893 0
-757 -927 0
-757 -961 0
-757 -995 0
-757 -1029 0
-757 -1063 0
-757 -1097 0
-757 -1131 0
-757 -1165 0
-757 -1199 0
-791 -825 0
-791 -859 0
-791 -893 0
-791 -927 0
-791 -961 0
-791 -995 0
-791 -1029 0
-791 -1063 0
-791 -1097 0
-791 -1131 0
-791 -1165 0
-791 -1199 0
-825 -859 0
-825 -893 0
-825 -927 0
-825 -961 0
-825 -995 0
-825 -1029 0
-825 -1063 0
-825 -1097 0
-825 -1131 0
-825 -1165 0
-825 -1199 0
-859 -893 0
-859 -927 0
-859 -961 0
-859 -995 0
-859 -1029 0
-859 -1063 0
-859 -1097 0
-859 -1131 0
-859 -1165 0
-859 -1199 0
-893 -927 0
-893 -961 0
-893 -995 0
-893 -1029 0
-893 -1063 0
-893 -1097 0
-893 -1131 0
-893 -1165 0
-893 -1199 0
-927 -961 0
-927 -995 0
-927 -1029 0
-927 -1063 0
-927 -1097 0
-927 -1131 0
-927 -1165 0
-927 -1199 0
-961 -995 0
-961 -1029 0
-961 -1063 0
-961 -1097 0
-961 -1131 0
-961 -1165 0
-961 -1199 0
-995 -1029 0
-995 -1063 0
-995 -1097 0
-995 -1131 0
-995 -1165 0
-995 -1199 0
-1029 -1063 0
-1029 -1097 0
-1029 -1131 0
-1029 -1165 0
-1029 -1199 0
-1063 -1097 0
-1063 -1131 0
-1063 -1165 0
-1063 -1199 0
-1097 -1131 0
-1097 -1165 0
-1097 -1199 0
-1131 -1165 0
-1131 -1199 0
-1165 -1199 0
-350 -384 0
-350 -418 0
-350 -452 0
-350 -486 0
-350 -520 0
-350 -554 0
-350 -588 0
-350 -622 0
-350 -656 0
-350 -690 0
-350 -724 0
-350 -758 0
-350 -792 0
-350 -826 0
-350 -860 0
-350 -894 0
-350 -928 0
-350 -962 0
-350 -996 0
-350 -1030 0
-350 -1064 0
-350 -1098 0
-350 -1132 0
-350 -1166 0
-350 -1200 0
-384 -418 0
-384 -452 0
-384 -486 0
-384 -520 0
-384 -554 0
-384 -588 0
-384 -622 0
-384 -656 0
-384 -690 0
-384 -724 0
-384 -758 0
-384 -792 0
-384 -826 0
-384 -860 0
-384 -894 0
-384 -928 0
-384 -962 0
-384 -996 0
-384 -1030 0
-384 -1064 0
-384 -1098 0
-384 -1132 0
-384 -1166 0
-384 -1200 0
-418 -452 0
-418 -486 0
-418 -520 0
-418 -554 0
-418 -588 0
-418 -622 0
-418 -656 0
-418 -690 0
-418 -724 0
-418 -758 0
-418 -792 0
-418 -826 0
-418 -860 0
-418 -894 0
-418 -928 0
-418 -962 0
-418 -996 0
-418 -1030 0
-418 -1064 0
-418 -1098 0
-418 -1132 0
-418 -1166 0
-418 -1200 0
-452 -486 0
-452 -520 0
-452 -554 0
-452 -588 0
-452 -622 0
-452 -656 0
-452 -690 0
-452 -724 0
-452 -758 0
-452 -792 0
-452 -826 0
-452 -860 0
-452 -894 0
-452 -928 0
-452 -962 0
-452 -996 0
-452 -1030 0
-452 -1064 0
-452 -1098 0
-452 -1132 0
-452 -1166 0
-452 -1200 0
-486 -520 0
-486 -554 0
-486 -588 0
-486 -622 0
-486 -656 0
-486 -690 0
-486 -724 0
-486 -758 0
-486 -792 0
-486 -826 0
-486 -860 0
-486 -894 0
-486 -928 0
-486 -962 0
-486 -996 0
-486 -1030 0
-486 -1064 0
-486 -1098 0
-486 -1132 0
-486 -1166 0
-486 -1200 0
-520 -554 0
-520 -588 0
-520 -622 0
-520 -656 0
-520 -690 0
-520 -724 0
-520 -758 0
-520 -792 0
-520 -826 0
-520 -860 0
-520 -894 0
-520 -928 0
-520 -962 0
-520 -996 0
-520 -1030 0
-520 -1064 0
-520 -1098 0
-520 -1132 0
-520 -1166 0
-520 -1200 0
-554 -588 0
-554 -622 0
-554 -656 0
-554 -690 0
-554 -724 0
-554 -758 0
-554 -792 0
-554 -826 0
-554 -860 0
-554 -894 0
-554 -928 0
-554 -962 0
-554 -996 0
-554 -1030 0
-554 -1064 0
-554 -1098 0
-554 -1132 0
-554 -1166 0
-554 -1200 0
-588 -622 0
-588 -656 0
-588 -690 0
-588 -724 0
-588 -758 0
-588 -792 0
-588 -826 0
-588 -860 0
-588 -894 0
-588 -928 0
-588 -962 0
-588 -996 0
-588 -1030 0
-588 -1064 0
-588 -1098 0
-588 -1132 0
-588 -1166 0
-588 -1200 0
-622 -656 0
-622 -690 0
-622 -724 0
-622 -758 0
-622 -792 0
-622 -826 0
-622 -860 0
-622 -894 0
-622 -928 0
-622 -962 0
-622 -996 0
-622 -1030 0
-622 -1064 0
-622 -1098 0
-622 -1132 0
-622 -1166 0
-622 -1200 0
-656 -690 0
-656 -724 0
-656 -758 0
-656 -792 0
-656 -826 0
-656 -860 0
-656 -894 0
-656 -928 0
-656 -962 0
-656 -996 0
-656 -1030 0
-656 -1064 0
-656 -1098 0
-656 -1132 0
-656 -1166 0
-656 -1200 0
-690 -724 0
-690 -758 0
-690 -792 0
-690 -826 0
-690 -860 0
-690 -894 0
-690 -928 0
-690 -962 0
-690 -996 0
-690 -1030 0
-690 -1064 0
-690 -1098 0
-690 -1132 0
-690 -1166 0
-690 -1200 0
-724 -758 0
-724 -792 0
-724 -826 0
-724 -860 0
-724 -894 0
-724 -928 0
-724 -962 0
-724 -996 0
-724 -1030 0
-724 -1064 0
-724 -1098 0
-724 -1132 0
-724 -1166 0
-724 -1200 0
-758 -792 0
-758 -826 0
-758 -860 0
-758 -894 0
-758 -928 0
-758 -962 0
-758 -996 0
-758 -1030 0
-758 -1064 0
-758 -1098 0
-758 -1132 0
-758 -1166 0
-758 -1200 0
-792 -826 0
-792 -860 0
-792 -894 0
-792 -928 0
-792 -962 0
-792 -996 0
-792 -1030 0
-792 -1064 0
-792 -1098 0
-792 -1132 0
-792 -1166 0
-792 -1200 0
-826 -860 0
-826 -894 0
-826 -928 0
-826 -962 0
-826 -996 0
-826 -1030 0
-826 -1064 0
-826 -1098 0
-826 -1132 0
-826 -1166 0
-826 -1200 0
-860 -894 0
-860 -928 0
-860 -962 0
-860 -996 0
-860 -1030 0
-860 -1064 0
-860 -1098 0
-860 -1132 0
-860 -1166 0
-860 -1200 0
-894 -928 0
-894 -962 0
-894 -996 0
-894 -1030 0
-894 -1064 0
-894 -1098 0
-894 -1132 0
-894 -1166 0
-894 -1200 0
-928 -962 0
-928 -996 0
-928 -1030 0
-928 -1064 0
-928 -1098 0
-928 -1132 0
-928 -1166 0
-928 -1200 0
-962 -996 0
-962 -1030 0
-962 -1064 0
-962 -1098 0
-962 -1132 0
-962 -1166 0
-962 -1200 0
-996 -1030 0
-996 -1064 0
-996 -1098 0
-996 -1132 0
-996 -1166 0
-996 -1200 0
-1030 -1064 0
-1030 -1098 0
-1030 -1132 0
-1030 -1166 0
-1030 -1200 0
-1064 -1098 0
-1064 -1132 0
-1064 -1166 0
-1064 -1200 0
-1098 -1132 0
-1098 -1166 0
-1098 -1200 0
-1132 -1166 0
-1132 -1200 0
-1166 -1200 0
-385 -419 0
-385 -453 0
-385 -487 0
-385 -521 0
-385 -555 0
-385 -589 0
-385 -623 0
-385 -657 0
-385 -691 0
-385 -725 0
-385 -759 0
-385 -793 0
-385 -827 0
-385 -861 0
-385 -895 0
-385 -929 0
-385 -963 0
-385 -997 0
-385 -1031 0
-385 -1065 0
-385 -1099 0
-385 -1133 0
-385 -1167 0
-385 -1201 0
-419 -453 0
-419 -487 0
-419 -521 0
-419 -555 0
-419 -589 0
-419 -623 0
-419 -657 0
-419 -691 0
-419 -725 0
-419 -759 0
-419 -793 0
-419 -827 0
-419 -861 0
-419 -895 0
-419 -929 0
-419 -963 0
-419 -997 0
-419 -1031 0
-419 -1065 0
-419 -1099 0
-419 -1133 0
-419 -1167 0
-419 -1201 0
-453 -487 0
-453 -521 0
-453 -555 0
-453 -589 0
-453 -623 0
-453 -657 0
-453 -691 0
-453 -725 0
-453 -759 0
-453 -793 0
-453 -827 0
-453 -861 0
-453 -895 0
-453 -929 0
-453 -963 0
-453 -997 0
-453 -1031 0
-453 -1065 0
-453 -1099 0
-453 -1133 0
-453 -1167 0
-453 -1201 0
-487 -521 0
-487 -555 0
-487 -589 0
-487 -623 0
-487 -657 0
-487 -691 0
-487 -725 0
-487 -759 0
-487 -793 0
-487 -827 0
-487 -861 0
-487 -895 0
-487 -929 0
-487 -963 0
-487 -997 0
-487 -1031 0
-487 -1065 0
-487 -1099 0
-487 -1133 0
-487 -1167 0
-487 -1201 0
-521 -555 0
-521 -589 0
-521 -623 0
-521 -657 0
-521 -691 0
-521 -725 0
-521 -759 0
-521 -793 0
-521 -827 0
-521 -861 0
-521 -895 0
-521 -929 0
-521 -963 0
-521 -997 0
-521 -1031 0
-521 -1065 0
-521 -1099 0
-521 -1133 0
-521 -1167 0
-521 -1201 0
-555 -589 0
-555 -623 0
-555 -657 0
-555 -691 0
-555 -725 0
-555 -759 0
-555 -793 0
-555 -827 0
-555 -861 0
-555 -895 0
-555 -929 0
-555 -963 0
-555 -997 0
-555 -1031 0
-555 -1065 0
-555 -1099 0
-555 -1133 0
-555 -1167 0
-555 -1201 0
-589 -623 0
-589 -657 0
-589 -691 0
-589 -725 0
-589 -759 0
-589 -793 0
-589 -827 0
-589 -861 0
-589 -895 0
-589 -929 0
-589 -963 0
-589 -997 0
-589 -1031 0
-589 -1065 0
-589 -1099 0
-589 -1133 0
-589 -1167 0
-589 -1201 0
-623 -657 0
-623 -691 0
-623 -725 0
-623 -759 0
-623 -793 0
-623 -827 0
-623 -861 0
-623 -895 0
-623 -929 0
-623 -963 0
-623 -997 0
-623 -1031 0
-623 -1065 0
-623 -1099 0
-623 -1133 0
-623 -1167 0
-623 -1201 0
-657 -691 0
-657 -725 0
-657 -759 0
-657 -793 0
-657 -827 0
-657 -861 0
-657 -895 0
-657 -929 0
-657 -963 0
-657 -997 0
-657 -1031 0
-657 -1065 0
-657 -1099 0
-657 -1133 0
-657 -1167 0
-657 -1201 0
-691 -725 0
-691 -759 0
-691 -793 0
-691 -827 0
-691 -861 0
-691 -895 0
-691 -929 0
-691 -963 0
-691 -997 0
-691 -1031 0
-691 -1065 0
-691 -1099 0
-691 -1133 0
-691 -1167 0
-691 -1201 0
-725 -759 0
-725 -793 0
-725 -827 0
-725 -861 0
-725 -895 0
-725 -929 0
-725 -963 0
-725 -997 0
-725 -1031 0
-725 -1065 0
-725 -1099 0
-725 -1133 0
-725 -1167 0
-725 -1201 0
-759 -793 0
-759 -827 0
-759 -861 0
-759 -895 0
-759 -929 0
-759 -963 0
-759 -997 0
-759 -1031 0
-759 -1065 0
-759 -1099 0
-759 -1133 0
-759 -1167 0
-759 -1201 0
-793 -827 0
-793 -861 0
-793 -895 0
-793 -929 0
-793 -963 0
-793 -997 0
-793 -1031 0
-793 -1065 0
-793 -1099 0
-793 -1133 0
-793 -1167 0
-793 -1201 0
-827 -861 0
-827 -895 0
-827 -929 0
-827 -963 0
-827 -997 0
-827 -1031 0
-827 -1065 0
-827 -1099 0
-827 -1133 0
-827 -1167 0
-827 -1201 0
-861 -895 0
-861 -929 0
-861 -963 0
-861 -997 0
-861 -1031 0
-861 -1065 0
-861 -1099 0
-861 -1133 0
-861 -1167 0
-861 -1201 0
-895 -929 0
-895 -963 0
-895 -997 0
-895 -1031 0
-895 -1065 0
-895 -1099 0
-895 -1133 0
-895 -1167 0
-895 -1201 0
-929 -963 0
-929 -997 0
-929 -1031 0
-929 -1065 0
-929 -1099 0
-929 -1133 0
-929 -1167 0
-929 -1201 0
-963 -997 0
-963 -1031 0
-963 -1065 0
-963 -1099 0
-963 -1133 0
-963 -1167 0
-963 -1201 0
-997 -1031 0
-997 -1065 0
-997 -1099 0
-997 -1133 0
-997 -1167 0
-997 -1201 0
-1031 -1065 0
-1031 -1099 0
-1031 -1133 0
-1031 -1167 0
-1031 -1201 0
-1065 -1099 0
-1065 -1133 0
-1065 -1167 0
-1065 -1201 0
-1099 -1133 0
-1099 -1167 0
-1099 -1201 0
-1133 -1167 0
-1133 -1201 0
-1167 -1201 0
-420 -454 0
-420 -488 0
-420 -522 0
-420 -556 0
-420 -590 0
-420 -624 0
-420 -658 0
-420 -692 0
-420 -726 0
-420 -760 0
-420 -794 0
-420 -828 0
-420 -862 0
-420 -896 0
-420 -930 0
-420 -964 0
-420 -998 0
-420 -1032 0
-420 -1066 0
-420 -1100 0
-420 -1134 0
-420 -1168 0
-420 -1202 0
-454 -488 0
-454 -522 0
-454 -556 0
-454 -590 0
-454 -624 0
-454 -658 0
-454 -692 0
-454 -726 0
-454 -760 0
-454 -794 0
-454 -828 0
-454 -862 0
-454 -896 0
-454 -930 0
-454 -964 0
-454 -998 0
-454 -1032 0
-454 -1066 0
-454 -1100 0
-454 -1134 0
-454 -1168 0
-454 -1202 0
-488 -522 0
-488 -556 0
-488 -590 0
-488 -624 0
-488 -658 0
-488 -692 0
-488 -726 0
-488 -760 0
-488 -794 0
-488 -828 0
-488 -862 0
-488 -896 0
-488 -930 0
-488 -964 0
-488 -998 0
-488 -1032 0
-488 -1066 0
-488 -1100 0
-488 -1134 0
-488 -1168 0
-488 -1202 0
-522 -556 0
-522 -590 0
-522 -624 0
-522 -658 0
-522 -692 0
-522 -726 0
-522 -760 0
-522 -794 0
-522 -828 0
-522 -862 0
-522 -896 0
-522 -930 0
-522 -964 0
-522 -998 0
-522 -1032 0
-522 -1066 0
-522 -1100 0
-522 -1134 0
-522 -1168 0
-522 -1202 0
-556 -590 0
-556 -624 0
-556 -658 0
-556 -692 0
-556 -726 0
-556 -760 0
-556 -794 0
-556 -828 0
-556 -862 0
-556 -896 0
-556 -930 0
-556 -964 0
-556 -998 0
-556 -1032 0
-556 -1066 0
-556 -1100 0
-556 -1134 0
-556 -1168 0
-556 -1202 0
-590 -624 0
-590 -658 0
-590 -692 0
-590 -726 0
-590 -760 0
-590 -794 0
-590 -828 0
-590 -862 0
-590 -896 0
-590 -930 0
-590 -964 0
-590 -998 0
-590 -1032 0
-590 -1066 0
-590 -1100 0
-590 -1134 0
-590 -1168 0
-590 -1202 0
-624 -658 0
-624 -692 0
-624 -726 0
-624 -760 0
-624 -794 0
-624 -828 0
-624 -862 0
-624 -896 0
-624 -930 0
-624 -964 0
-624 -998 0
-624 -1032 0
-624 -1066 0
-624 -1100 0
-624 -1134 0
-624 -1168 0
-624 -1202 0
-658 -692 0
-658 -726 0
-658 -760 0
-658 -794 0
-658 -828 0
-658 -862 0
-658 -896 0
-658 -930 0
-658 -964 0
-658 -998 0
-658 -1032 0
-658 -1066 0
-658 -1100 0
-658 -1134 0
-658 -1168 0
-658 -1202 0
-692 -726 0
-692 -760 0
-692 -794 0
-692 -828 0
-692 -862 0
-692 -896 0
-692 -930 0
-692 -964 0
-692 -998 0
-692 -1032 0
-692 -1066 0
-692 -1100 0
-692 -1134 0
-692 -1168 0
-692 -1202 0
-726 -760 0
-726 -794 0
-726 -828 0
-726 -862 0
-726 -896 0
-726 -930 0
-726 -964 0
-726 -998 0
-726 -1032 0
-726 -1066 0
-726 -1100 0
-726 -1134 0
-726 -1168 0
-726 -1202 0
-760 -794 0
-760 -828 0
-760 -862 0
-760 -896 0
-760 -930 0
-760 -964 0
-760 -998 0
-760 -1032 0
-760 -1066 0
-760 -1100 0
-760 -1134 0
-760 -1168 0
-760 -1202 0
-794 -828 0
-794 -862 0
-794 -896 0
-794 -930 0
-794 -964 0
-794 -998 0
-794 -1032 0
-794 -1066 0
-794 -1100 0
-794 -1134 0
-794 -1168 0
-794 -1202 0
-828 -862 0
-828 -896 0
-828 -930 0
-828 -964 0
-828 -998 0
-828 -1032 0
-828 -1066 0
-828 -1100 0
-828 -1134 0
-828 -1168 0
-828 -1202 0
-862 -896 0
-862 -930 0
-862 -964 0
-862 -998 0
-862 -1032 0
-862 -1066 0
-862 -1100 0
-862 -1134 0
-862 -1168 0
-862 -1202 0
-896 -930 0
-896 -964 0
-896 -998 0
-896 -1032 0
-896 -1066 0
-896 -1100 0
-896 -1134 0
-896 -1168 0
-896 -1202 0
-930 -964 0
-930 -998 0
-930 -1032 0
-930 -1066 0
-930 -1100 0
-930 -1134 0
-930 -1168 0
-930 -1202 0
-964 -998 0
-964 -1032 0
-964 -1066 0
-964 -1100 0
-964 -1134 0
-964 -1168 0
-964 -1202 0
-998 -1032 0
-998 -1066 0
-998 -1100 0
-998 -1134 0
-998 -1168 0
-998 -1202 0
-1032 -1066 0
-1032 -1100 0
-1032 -1134 0
-1032 -1168 0
-1032 -1202 0
-1066 -1100 0
-1066 -1134 0
-1066 -1168 0
-1066 -1202 0
-1100 -1134 0
-1100 -1168 0
-1100 -1202 0
-1134 -1168 0
-1134 -1202 0
-1168 -1202 0
-455 -489 0
-455 -523 0
-455 -557 0
-455 -591 0
-455 -625 0
-455 -659 0
-455 -693 0
-455 -727 0
-455 -761 0
-455 -795 0
-455 -829 0
-455 -863 0
-455 -897 0
-455 -931 0
-455 -965 0
-455 -999 0
-455 -1033 0
-455 -1067 0
-455 -1101 0
-455 -1135 0
-455 -1169 0
-455 -1203 0
-489 -523 0
-489 -557 0
-489 -591 0
-489 -625 0
-489 -659 0
-489 -693 0
-489 -727 0
-489 -761 0
-489 -795 0
-489 -829 0
-489 -863 0
-489 -897 0
-489 -931 0
-489 -965 0
-489 -999 0
-489 -1033 0
-489 -1067 0
-489 -1101 0
-489 -1135 0
-489 -1169 0
-489 -1203 0
-523 -557 0
-523 -591 0
-523 -625 0
-523 -659 0
-523 -693 0
-523 -727 0
-523 -761 0
-523 -795 0
-523 -829 0
-523 -863 0
-523 -897 0
-523 -931 0
-523 -965 0
-523 -999 0
-523 -1033 0
-523 -1067 0
-523 -1101 0
-523 -1135 0
-523 -1169 0
-523 -1203 0
-557 -591 0
-557 -625 0
-557 -659 0
-557 -693 0
-557 -727 0
-557 -761 0
-557 -795 0
-557 -829 0
-557 -863 0
-557 -897 0
-557 -931 0
-557 -965 0
-557 -999 0
-557 -1033 0
-557 -1067 0
-557 -1101 0
-557 -1135 0
-557 -1169 0
-557 -1203 0
-591 -625 0
-591 -659 0
-591 -693 0
-591 -727 0
-591 -761 0
-591 -795 0
-591 -829 0
-591 -863 0
-591 -897 0
-591 -931 0
-591 -965 0
-591 -999 0
-591 -1033 0
-591 -1067 0
-591 -1101 0
-591 -1135 0
-591 -1169 0
-591 -1203 0
-625 -659 0
-625 -693 0
-625 -727 0
-625 -761 0
-625 -795 0
-625 -829 0
-625 -863 0
-625 -897 0
-625 -931 0
-625 -965 0
-625 -999 0
-625 -1033 0
-625 -1067 0
-625 -1101 0
-625 -1135 0
-625 -1169 0
-625 -1203 0
-659 -693 0
-659 -727 0
-659 -761 0
-659 -795 0
-659 -829 0
-659 -863 0
-659 -897 0
-659 -931 0
-659 -965 0
-659 -999 0
-659 -1033 0
-659 -1067 0
-659 -1101 0
-659 -1135 0
-659 -1169 0
-659 -1203 0
-693 -727 0
-693 -761 0
-693 -795 0
-693 -829 0
-693 -863 0
-693 -897 0
-693 -931 0
-693 -965 0
-693 -999 0
-693 -1033 0
-693 -1067 0
-693 -1101 0
-693 -1135 0
-693 -1169 0
-693 -1203 0
-727 -761 0
-727 -795 0
-727 -829 0
-727 -863 0
-727 -897 0
-727 -931 0
-727 -965 0
-727 -999 0
-727 -1033 0
-727 -1067 0
-727 -1101 0
-727 -1135 0
-727 -1169 0
-727 -1203 0
-761 -795 0
-761 -829 0
-761 -863 0
-761 -897 0
-761 -931 0
-761 -965 0
-761 -999 0
-761 -1033 0
-761 -1067 0
-761 -1101 0
-761 -1135 0
-761 -1169 0
-761 -1203 0
-795 -829 0
-795 -863 0
-795 -897 0
-795 -931 0
-795 -965 0
-795 -999 0
-795 -1033 0
-795 -1067 0
-795 -1101 0
-795 -1135 0
-795 -1169 0
-795 -1203 0
-829 -863 0
-829 -897 0
-829 -931 0
-829 -965 0
-829 -999 0
-829 -1033 0
-829 -1067 0
-829 -1101 0
-829 -1135 0
-829 -1169 0
-829 -1203 0
-863 -897 0
-863 -931 0
-863 -965 0
-863 -999 0
-863 -1033 0
-863 -1067 0
-863 -1101 0
-863 -1135 0
-863 -1169 0
-863 -1203 0
-897 -931 0
-897 -965 0
-897 -999 0
-897 -1033 0
-897 -1067 0
-897 -1101 0
-897 -1135 0
-897 -1169 0
-897 -1203 0
-931 -965 0
-931 -999 0
-931 -1033 0
-931 -1067 0
-931 -1101 0
-931 -1135 0
-931 -1169 0
-931 -1203 0
-965 -999 0
-965 -1033 0
-965 -1067 0
-965 -1101 0
-965 -1135 0
-965 -1169 0
-965 -1203 0
-999 -1033 0
-999 -1067 0
-999 -1101 0
-999 -1135 0
-999 -1169 0
-999 -1203 0
-1033 -1067 0
-1033 -1101 0
-1033 -1135 0
-1033 -1169 0
-1033 -1203 0
-1067 -1101 0
-1067 -1135 0
-1067 -1169 0
-1067 -1203 0
-1101 -1135 0
-1101 -1169 0
-1101 -1203 0
-1135 -1169 0
-1135 -1203 0
-1169 -1203 0
-490 -524 0
-490 -558 0
-490 -592 0
-490 -626 0
-490 -660 0
-490 -694 0
-490 -728 0
-490 -762 0
-490 -796 0
-490 -830 0
-490 -864 0
-490 -898 0
-490 -932 0
-490 -966 0
-490 -1000 0
-490 -1034 0
-490 -1068 0
-490 -1102 0
-490 -1136 0
-490 -1170 0
-490 -1204 0
-524 -558 0
-524 -592 0
-524 -626 0
-524 -660 0
-524 -694 0
-524 -728 0
-524 -762 0
-524 -796 0
-524 -830 0
-524 -864 0
-524 -898 0
-524 -932 0
-524 -966 0
-524 -1000 0
-524 -1034 0
-524 -1068 0
-524 -1102 0
-524 -1136 0
-524 -1170 0
-524 -1204 0
-558 -592 0
-558 -626 0
-558 -660 0
-558 -694 0
-558 -728 0
-558 -762 0
-558 -796 0
-558 -830 0
-558 -864 0
-558 -898 0
-558 -932 0
-558 -966 0
-558 -1000 0
-558 -1034 0
-558 -1068 0
-558 -1102 0
-558 -1136 0
-558 -1170 0
-558 -1204 0
-592 -626 0
-592 -660 0
-592 -694 0
-592 -728 0
-592 -762 0
-592 -796 0
-592 -830 0
-592 -864 0
-592 -898 0
-592 -932 0
-592 -966 0
-592 -1000 0
-592 -1034 0
-592 -1068 0
-592 -1102 0
-592 -1136 0
-592 -1170 0
-592 -1204 0
-626 -660 0
-626 -694 0
-626 -728 0
-626 -762 0
-626 -796 0
-626 -830 0
-626 -864 0
-626 -898 0
-626 -932 0
-626 -966 0
-626 -1000 0
-626 -1034 0
-626 -1068 0
-626 -1102 0
-626 -1136 0
-626 -1170 0
-626 -1204 0
-660 -694 0
-660 -728 0
-660 -762 0
-660 -796 0
-660 -830 0
-660 -864 0
-660 -898 0
-660 -932 0
-660 -966 0
-660 -1000 0
-660 -1034 0
-660 -1068 0
-660 -1102 0
-660 -1136 0
-660 -1170 0
-660 -1204 0
-694 -728 0
-694 -762 0
-694 -796 0
-694 -830 0
-694 -864 0
-694 -898 0
-694 -932 0
-694 -966 0
-694 -1000 0
-694 -1034 0
-694 -1068 0
-694 -1102 0
-694 -1136 0
-694 -1170 0
-694 -1204 0
-728 -762 0
-728 -796 0
-728 -830 0
-728 -864 0
-728 -898 0
-728 -932 0
-728 -966 0
-728 -1000 0
-728 -1034 0
-728 -1068 0
-728 -1102 0
-728 -1136 0
-728 -1170 0
-728 -1204 0
-762 -796 0
-762 -830 0
-762 -864 0
-762 -898 0
-762 -932 0
-762 -966 0
-762 -1000 0
-762 -1034 0
-762 -1068 0
-762 -1102 0
-762 -1136 0
-762 -1170 0
-762 -1204 0
-796 -830 0
-796 -864 0
-796 -898 0
-796 -932 0
-796 -966 0
-796 -1000 0
-796 -1034 0
-796 -1068 0
-796 -1102 0
-796 -1136 0
-796 -1170 0
-796 -1204 0
-830 -864 0
-830 -898 0
-830 -932 0
-830 -966 0
-830 -1000 0
-830 -1034 0
-830 -1068 0
-830 -1102 0
-830 -1136 0
-830 -1170 0
-830 -1204 0
-864 -898 0
-864 -932 0
-864 -966 0
-864 -1000 0
-864 -1034 0
-864 -1068 0
-864 -1102 0
-864 -1136 0
-864 -1170 0
-864 -1204 0
-898 -932 0
-898 -966 0
-898 -1000 0
-898 -1034 0
-898 -1068 0
-898 -1102 0
-898 -1136 0
-898 -1170 0
-898 -1204 0
-932 -966 0
-932 -1000 0
-932 -1034 0
-932 -1068 0
-932 -1102 0
-932 -1136 0
-932 -1170 0
-932 -1204 0
-966 -1000 0
-966 -1034 0
-966 -1068 0
-966 -1102 0
-966 -1136 0
-966 -1170 0
-966 -1204 0
-1000 -1034 0
-1000 -1068 0
-1000 -1102 0
-1000 -1136 0
-1000 -1170 0
-1000 -1204 0
-1034 -1068 0
-1034 -1102 0
-1034 -1136 0
-1034 -1170 0
-1034 -1204 0
-1068 -1102 0
-1068 -1136 0
-1068 -1170 0
-1068 -1204 0
-1102 -1136 0
-1102 -1170 0
-1102 -1204 0
-1136 -1170 0
-1136 -1204 0
-1170 -1204 0
-525 -559 0
-525 -593 0
-525 -627 0
-525 -661 0
-525 -695 0
-525 -729 0
-525 -763 0
-525 -797 0
-525 -831 0
-525 -865 0
-525 -899 0
-525 -933 0
-525 -967 0
-525 -1001 0
-525 -1035 0
-525 -1069 0
-525 -1103 0
-525 -1137 0
-525 -1171 0
-525 -1205 0
-559 -593 0
-559 -627 0
-559 -661 0
-559 -695 0
-559 -729 0
-559 -763 0
-559 -797 0
-559 -831 0
-559 -865 0
-559 -899 0
-559 -933 0
-559 -967 0
-559 -1001 0
-559 -1035 0
-559 -1069 0
-559 -1103 0
-559 -1137 0
-559 -1171 0
-559 -1205 0
-593 -627 0
-593 -661 0
-593 -695 0
-593 -729 0
-593 -763 0
-593 -797 0
-593 -831 0
-593 -865 0
-593 -899 0
-593 -933 0
-593 -967 0
-593 -1001 0
-593 -1035 0
-593 -1069 0
-593 -1103 0
-593 -1137 0
-593 -1171 0
-593 -1205 0
-627 -661 0
-627 -695 0
-627 -729 0
-627 -763 0
-627 -797 0
-627 -831 0
-627 -865 0
-627 -899 0
-627 -933 0
-627 -967 0
-627 -1001 0
-627 -1035 0
-627 -1069 0
-627 -1103 0
-627 -1137 0
-627 -1171 0
-627 -1205 0
-661 -695 0
-661 -729 0
-661 -763 0
-661 -797 0
-661 -831 0
-661 -865 0
-661 -899 0
-661 -933 0
-661 -967 0
-661 -1001 0
-661 -1035 0
-661 -1069 0
-661 -1103 0
-661 -1137 0
-661 -1171 0
-661 -1205 0
-695 -729 0
-695 -763 0
-695 -797 0
-695 -831 0
-695 -865 0
-695 -899 0
-695 -933 0
-695 -967 0
-695 -1001 0
-695 -1035 0
-695 -1069 0
-695 -1103 0
-695 -1137 0
-695 -1171 0
-695 -1205 0
-729 -763 0
-729 -797 0
-729 -831 0
-729 -865 0
-729 -899 0
-729 -933 0
-729 -967 0
-729 -1001 0
-729 -1035 0
-729 -1069 0
-729 -1103 0
-729 -1137 0
-729 -1171 0
-729 -1205 0
-763 -797 0
-763 -831 0
-763 -865 0
-763 -899 0
-763 -933 0
-763 -967 0
-763 -1001 0
-763 -1035 0
-763 -1069 0
-763 -1103 0
-763 -1137 0
-763 -1171 0
-763 -1205 0
-797 -831 0
-797 -865 0
-797 -899 0
-797 -933 0
-797 -967 0
-797 -1001 0
-797 -1035 0
-797 -1069 0
-797 -1103 0
-797 -1137 0
-797 -1171 0
-797 -1205 0
-831 -865 0
-831 -899 0
-831 -933 0
-831 -967 0
-831 -1001 0
-831 -1035 0
-831 -1069 0
-831 -1103 0
-831 -1137 0
-831 -1171 0
-831 -1205 0
-865 -899 0
-865 -933 0
-865 -967 0
-865 -1001 0
-865 -1035 0
-865 -1069 0
-865 -1103 0
-865 -1137 0
-865 -1171 0
-865 -1205 0
-899 -933 0
-899 -967 0
-899 -1001 0
-899 -1035 0
-899 -1069 0
-899 -1103 0
-899 -1137 0
-899 -1171 0
-899 -1205 0
-933 -967 0
-933 -1001 0
-933 -1035 0
-933 -1069 0
-933 -1103 0
-933 -1137 0
-933 -1171 0
-933 -1205 0
-967 -1001 0
-967 -1035 0
-967 -1069 0
-967 -1103 0
-967 -1137 0
-967 -1171 0
-967 -1205 0
-1001 -1035 0
-1001 -1069 0
-1001 -1103 0
-1001 -1137 0
-1001 -1171 0
-1001 -1205 0
-1035 -1069 0
-1035 -1103 0
-1035 -1137 0
-1035 -1171 0
-1035 -1205 0
-1069 -1103 0
-1069 -1137 0
-1069 -1171 0
-1069 -1205 0
-1103 -1137 0
-1103 -1171 0
-1103 -1205 0
-1137 -1171 0
-1137 -1205 0
-1171 -1205 0
-560 -594 0
-560 -628 0
-560 -662 0
-560 -696 0
-560 -730 0
-560 -764 0
-560 -798 0
-560 -832 0
-560 -866 0
-560 -900 0
-560 -934 0
-560 -968 0
-560 -1002 0
-560 -1036 0
-560 -1070 0
-560 -1104 0
-560 -1138 0
-560 -1172 0
-560 -1206 0
-594 -628 0
-594 -662 0
-594 -696 0
-594 -730 0
-594 -764 0
-594 -798 0
-594 -832 0
-594 -866 0
-594 -900 0
-594 -934 0
-594 -968 0
-594 -1002 0
-594 -1036 0
-594 -1070 0
-594 -1104 0
-594 -1138 0
-594 -1172 0
-594 -1206 0
-628 -662 0
-628 -696 0
-628 -730 0
-628 -764 0
-628 -798 0
-628 -832 0
-628 -866 0
-628 -900 0
-628 -934 0
-628 -968 0
-628 -1002 0
-628 -1036 0
-628 -1070 0
-628 -1104 0
-628 -1138 0
-628 -1172 0
-628 -1206 0
-662 -696 0
-662 -730 0
-662 -764 0
-662 -798 0
-662 -832 0
-662 -866 0
-662 -900 0
-662 -934 0
-662 -968 0
-662 -1002 0
-662 -1036 0
-662 -1070 0
-662 -1104 0
-662 -1138 0
-662 -1172 0
-662 -1206 0
-696 -730 0
-696 -764 0
-696 -798 0
-696 -832 0
-696 -866 0
-696 -900 0
-696 -934 0
-696 -968 0
-696 -1002 0
-696 -1036 0
-696 -1070 0
-696 -1104 0
-696 -1138 0
-696 -1172 0
-696 -1206 0
-730 -764 0
-730 -798 0
-730 -832 0
-730 -866 0
-730 -900 0
-730 -934 0
-730 -968 0
-730 -1002 0
-730 -1036 0
-730 -1070 0
-730 -1104 0
-730 -1138 0
-730 -1172 0
-730 -1206 0
-764 -798 0
-764 -832 0
-764 -866 0
-764 -900 0
-764 -934 0
-764 -968 0
-764 -1002 0
-764 -1036 0
-764 -1070 0
-764 -1104 0
-764 -1138 0
-764 -1172 0
-764 -1206 0
-798 -832 0
-798 -866 0
-798 -900 0
-798 -934 0
-798 -968 0
-798 -1002 0
-798 -1036 0
-798 -1070 0
-798 -1104 0
-798 -1138 0
-798 -1172 0
-798 -1206 0
-832 -866 0
-832 -900 0
-832 -934 0
-832 -968 0
-832 -1002 0
-832 -1036 0
-832 -1070 0
-832 -1104 0
-832 -1138 0
-832 -1172 0
-832 -1206 0
-866 -900 0
-866 -934 0
-866 -968 0
-866 -1002 0
-866 -1036 0
-866 -1070 0
-866 -1104 0
-866 -1138 0
-866 -1172 0
-866 -1206 0
-900 -934 0
-900 -968 0
-900 -1002 0
-900 -1036 0
-900 -1070 0
-900 -1104 0
-900 -1138 0
-900 -1172 0
-900 -1206 0
-934 -968 0
-934 -1002 0
-934 -1036 0
-934 -1070 0
-934 -1104 0
-934 -1138 0
-934 -1172 0
-934 -1206 0
-968 -1002 0
-968 -1036 0
-968 -1070 0
-968 -1104 0
-968 -1138 0
-968 -1172 0
-968 -1206 0
-1002 -1036 0
-1002 -1070 0
-1002 -1104 0
-1002 -1138 0
-1002 -1172 0
-1002 -1206 0
-1036 -1070 0
-1036 -1104 0
-1036 -1138 0
-1036 -1172 0
-1036 -1206 0
-1070 -1104 0
-1070 -1138 0
-1070 -1172 0
-1070 -1206 0
-1104 -1138 0
-1104 -1172 0
-1104 -1206 0
-1138 -1172 0
-1138 -1206 0
-1172 -1206 0
-595 -629 0
-595 -663 0
-595 -697 0
-595 -731 0
-595 -765 0
-595 -799 0
-595 -833 0
-595 -867 0
-595 -901 0
-595 -935 0
-595 -969 0
-595 -1003 0
-595 -1037 0
-595 -1071 0
-595 -1105 0
-595 -1139 0
-595 -1173 0
-595 -1207 0
-629 -663 0
-629 -697 0
-629 -731 0
-629 -765 0
-629 -799 0
-629 -833 0
-629 -867 0
-629 -901 0
-629 -935 0
-629 -969 0
-629 -1003 0
-629 -1037 0
-629 -1071 0
-629 -1105 0
-629 -1139 0
-629 -1173 0
-629 -1207 0
-663 -697 0
-663 -731 0
-663 -765 0
-663 -799 0
-663 -833 0
-663 -867 0
-663 -901 0
-663 -935 0
-663 -969 0
-663 -1003 0
-663 -1037 0
-663 -1071 0
-663 -1105 0
-663 -1139 0
-663 -1173 0
-663 -1207 0
-697 -731 0
-697 -765 0
-697 -799 0
-697 -833 0
-697 -867 0
-697 -901 0
-697 -935 0
-697 -969 0
-697 -1003 0
-697 -1037 0
-697 -1071 0
-697 -1105 0
-697 -1139 0
-697 -1173 0
-697 -1207 0
-731 -765 0
-731 -799 0
-731 -833 0
-731 -867 0
-731 -901 0
-731 -935 0
-731 -969 0
-731 -1003 0
-731 -1037 0
-731 -1071 0
-731 -1105 0
-731 -1139 0
-731 -1173 0
-731 -1207 0
-765 -799 0
-765 -833 0
-765 -867 0
-765 -901 0
-765 -935 0
-765 -969 0
-765 -1003 0
-765 -1037 0
-765 -1071 0
-765 -1105 0
-765 -1139 0
-765 -1173 0
-765 -1207 0
-799 -833 0
-799 -867 0
-799 -901 0
-799 -935 0
-799 -969 0
-799 -1003 0
-799 -1037 0
-799 -1071 0
-799 -1105 0
-799 -1139 0
-799 -1173 0
-799 -1207 0
-833 -867 0
-833 -901 0
-833 -935 0
-833 -969 0
-833 -1003 0
-833 -1037 0
-833 -1071 0
-833 -1105 0
-833 -1139 0
-833 -1173 0
-833 -1207 0
-867 -901 0
-867 -935 0
-867 -969 0
-867 -1003 0
-867 -1037 0
-867 -1071 0
-867 -1105 0
-867 -1139 0
-867 -1173 0
-867 -1207 0
-901 -935 0
-901 -969 0
-901 -1003 0
-901 -1037 0
-901 -1071 0
-901 -1105 0
-901 -1139 0
-901 -1173 0
-901 -1207 0
-935 -969 0
-935 -1003 0
-935 -1037 0
-935 -1071 0
-935 -1105 0
-935 -1139 0
-935 -1173 0
-935 -1207 0
-969 -1003 0
-969 -1037 0
-969 -1071 0
-969 -1105 0
-969 -1139 0
-969 -1173 0
-969 -1207 0
-1003 -1037 0
-1003 -1071 0
-1003 -1105 0
-1003 -1139 0
-1003 -1173 0
-1003 -1207 0
-1037 -1071 0
-1037 -1105 0
-1037 -1139 0
-1037 -1173 0
-1037 -1207 0
-1071 -1105 0
-1071 -1139 0
-1071 -1173 0
-1071 -1207 0
-1105 -1139 0
-1105 -1173 0
-1105 -1207 0
-1139 -1173 0
-1139 -1207 0
-1173 -1207 0
-630 -664 0
-630 -698 0
-630 -732 0
-630 -766 0
-630 -800 0
-630 -834 0
-630 -868 0
-630 -902 0
-630 -936 0
-630 -970 0
-630 -1004 0
-630 -1038 0
-630 -1072 0
-630 -1106 0
-630 -1140 0
-630 -1174 0
-630 -1208 0
-664 -698 0
-664 -732 0
-664 -766 0
-664 -800 0
-664 -834 0
-664 -868 0
-664 -902 0
-664 -936 0
-664 -970 0
-664 -1004 0
-664 -1038 0
-664 -1072 0
-664 -1106 0
-664 -1140 0
-664 -1174 0
-664 -1208 0
-698 -732 0
-698 -766 0
-698 -800 0
-698 -834 0
-698 -868 0
-698 -902 0
-698 -936 0
-698 -970 0
-698 -1004 0
-698 -1038 0
-698 -1072 0
-698 -1106 0
-698 -1140 0
-698 -1174 0
-698 -1208 0
-732 -766 0
-732 -800 0
-732 -834 0
-732 -868 0
-732 -902 0
-732 -936 0
-732 -970 0
-732 -1004 0
-732 -1038 0
-732 -1072 0
-732 -1106 0
-732 -1140 0
-732 -1174 0
-732 -1208 0
-766 -800 0
-766 -834 0
-766 -868 0
-766 -902 0
-766 -936 0
-766 -970 0
-766 -1004 0
-766 -1038 0
-766 -1072 0
-766 -1106 0
-766 -1140 0
-766 -1174 0
-766 -1208 0
-800 -834 0
-800 -868 0
-800 -902 0
-800 -936 0
-800 -970 0
-800 -1004 0
-800 -1038 0
-800 -1072 0
-800 -1106 0
-800 -1140 0
-800 -1174 0
-800 -1208 0
-834 -868 0
-834 -902 0
-834 -936 0
-834 -970 0
-834 -1004 0
-834 -1038 0
-834 -1072 0
-834 -1106 0
-834 -1140 0
-834 -1174 0
-834 -1208 0
-868 -902 0
-868 -936 0
-868 -970 0
-868 -1004 0
-868 -1038 0
-868 -1072 0
-868 -1106 0
-868 -1140 0
-868 -1174 0
-868 -1208 0
-902 -936 0
-902 -970 0
-902 -1004 0
-902 -1038 0
-902 -1072 0
-902 -1106 0
-902 -1140 0
-902 -1174 0
-902 -1208 0
-936 -970 0
-936 -1004 0
-936 -1038 0
-936 -1072 0
-936 -1106 0
-936 -1140 0
-936 -1174 0
-936 -1208 0
-970 -1004 0
-970 -1038 0
-970 -1072 0
-970 -1106 0
-970 -1140 0
-970 -1174 0
-970 -1208 0
-1004 -1038 0
-1004 -1072 0
-1004 -1106 0
-1004 -1140 0
-1004 -1174 0
-1004 -1208 0
-1038 -1072 0
-1038 -1106 0
-1038 -1140 0
-1038 -1174 0
-1038 -1208 0
-1072 -1106 0
-1072 -1140 0
-1072 -1174 0
-1072 -1208 0
-1106 -1140 0
-1106 -1174 0
-1106 -1208 0
-1140 -1174 0
-1140 -1208 0
-1174 -1208 0
-665 -699 0
-665 -733 0
-665 -767 0
-665 -801 0
-665 -835 0
-665 -869 0
-665 -903 0
-665 -937 0
-665 -971 0
-665 -1005 0
-665 -1039 0
-665 -1073 0
-665 -1107 0
-665 -1141 0
-665 -1175 0
-665 -1209 0
-699 -733 0
-699 -767 0
-699 -801 0
-699 -835 0
-699 -869 0
-699 -903 0
-699 -937 0
-699 -971 0
-699 -1005 0
-699 -1039 0
-699 -1073 0
-699 -1107 0
-699 -1141 0
-699 -1175 0
-699 -1209 0
-733 -767 0
-733 -801 0
-733 -835 0
-733 -869 0
-733 -903 0
-733 -937 0
-733 -971 0
-733 -1005 0
-733 -1039 0
-733 -1073 0
-733 -1107 0
-733 -1141 0
-733 -1175 0
-733 -1209 0
-767 -801 0
-767 -835 0
-767 -869 0
-767 -903 0
-767 -937 0
-767 -971 0
-767 -1005 0
-767 -1039 0
-767 -1073 0
-767 -1107 0
-767 -1141 0
-767 -1175 0
-767 -1209 0
-801 -835 0
-801 -869 0
-801 -903 0
-801 -937 0
-801 -971 0
-801 -1005 0
-801 -1039 0
-801 -1073 0
-801 -1107 0
-801 -1141 0
-801 -1175 0
-801 -1209 0
-835 -869 0
-835 -903 0
-835 -937 0
-835 -971 0
-835 -1005 0
-835 -1039 0
-835 -1073 0
-835 -1107 0
-835 -1141 0
-835 -1175 0
-835 -1209 0
-869 -903 0
-869 -937 0
-869 -971 0
-869 -1005 0
-869 -1039 0
-869 -1073 0
-869 -1107 0
-869 -1141 0
-869 -1175 0
-869 -1209 0
-903 -937 0
-903 -971 0
-903 -1005 0
-903 -1039 0
-903 -1073 0
-903 -1107 0
-903 -1141 0
-903 -1175 0
-903 -1209 0
-937 -971 0
-937 -1005 0
-937 -1039 0
-937 -1073 0
-937 -1107 0
-937 -1141 0
-937 -1175 0
-937 -1209 0
-971 -1005 0
-971 -1039 0
-971 -1073 0
-971 -1107 0
-971 -1141 0
-971 -1175 0
-971 -1209 0
-1005 -1039 0
-1005 -1073 0
-1005 -1107 0
-1005 -1141 0
-1005 -1175 0
-1005 -1209 0
-1039 -1073 0
-1039 -1107 0
-1039 -1141 0
-1039 -1175 0
-1039 -1209 0
-1073 -1107 0
-1073 -1141 0
-1073 -1175 0
-1073 -1209 0
-1107 -1141 0
-1107 -1175 0
-1107 -1209 0
-1141 -1175 0
-1141 -1209 0
-1175 -1209 0
-700 -734 0
-700 -768 0
-700 -802 0
-700 -836 0
-700 -870 0
-700 -904 0
-700 -938 0
-700 -972 0
-700 -1006 0
-700 -1040 0
-700 -1074 0
-700 -1108 0
-700 -1142 0
-700 -1176 0
-700 -1210 0
-734 -768 0
-734 -802 0
-734 -836 0
-734 -870 0
-734 -904 0
-734 -938 0
-734 -972 0
-734 -1006 0
-734 -1040 0
-734 -1074 0
-734 -1108 0
-734 -1142 0
-734 -1176 0
-734 -1210 0
-768 -802 0
-768 -836 0
-768 -870 0
-768 -904 0
-768 -938 0
-768 -972 0
-768 -1006 0
-768 -1040 0
-768 -1074 0
-768 -1108 0
-768 -1142 0
-768 -1176 0
-768 -1210 0
-802 -836 0
-802 -870 0
-802 -904 0
-802 -938 0
-802 -972 0
-802 -1006 0
-802 -1040 0
-802 -1074 0
-802 -1108 0
-802 -1142 0
-802 -1176 0
-802 -1210 0
-836 -870 0
-836 -904 0
-836 -938 0
-836 -972 0
-836 -1006 0
-836 -1040 0
-836 -1074 0
-836 -1108 0
-836 -1142 0
-836 -1176 0
-836 -1210 0
-870 -904 0
-870 -938 0
-870 -972 0
-870 -1006 0
-870 -1040 0
-870 -1074 0
-870 -1108 0
-870 -1142 0
-870 -1176 0
-870 -1210 0
-904 -938 0
-904 -972 0
-904 -1006 0
-904 -1040 0
-904 -1074 0
-904 -1108 0
-904 -1142 0
-904 -1176 0
-904 -1210 0
-938 -972 0
-938 -1006 0
-938 -1040 0
-938 -1074 0
-938 -1108 0
-938 -1142 0
-938 -1176 0
-938 -1210 0
-972 -1006 0
-972 -1040 0
-972 -1074 0
-972 -1108 0
-972 -1142 0
-972 -1176 0
-972 -1210 0
-1006 -1040 0
-1006 -1074 0
-1006 -1108 0
-1006 -1142 0
-1006 -1176 0
-1006 -1210 0
-1040 -1074 0
-1040 -1108 0
-1040 -1142 0
-1040 -1176 0
-1040 -1210 0
-1074 -1108 0
-1074 -1142 0
-1074 -1176 0
-1074 -1210 0
-1108 -1142 0
-1108 -1176 0
-1108 -1210 0
-1142 -1176 0
-1142 -1210 0
-1176 -1210 0
-735 -769 0
-735 -803 0
-735 -837 0
-735 -871 0
-735 -905 0
-735 -939 0
-735 -973 0
-735 -1007 0
-735 -1041 0
-735 -1075 0
-735 -1109 0
-735 -1143 0
-735 -1177 0
-735 -1211 0
-769 -803 0
-769 -837 0
-769 -871 0
-769 -905 0
-769 -939 0
-769 -973 0
-769 -1007 0
-769 -1041 0
-769 -1075 0
-769 -1109 0
-769 -1143 0
-769 -1177 0
-769 -1211 0
-803 -837 0
-803 -871 0
-803 -905 0
-803 -939 0
-803 -973 0
-803 -1007 0
-803 -1041 0
-803 -1075 0
-803 -1109 0
-803 -1143 0
-803 -1177 0
-803 -1211 0
-837 -871 0
-837 -905 0
-837 -939 0
-837 -973 0
-837 -1007 0
-837 -1041 0
-837 -1075 0
-837 -1109 0
-837 -1143 0
-837 -1177 0
-837 -1211 0
-871 -905 0
-871 -939 0
-871 -973 0
-871 -1007 0
-871 -1041 0
-871 -1075 0
-871 -1109 0
-871 -1143 0
-871 -1177 0
-871 -1211 0
-905 -939 0
-905 -973 0
-905 -1007 0
-905 -1041 0
-905 -1075 0
-905 -1109 0
-905 -1143 0
-905 -1177 0
-905 -1211 0
-939 -973 0
-939 -1007 0
-939 -1041 0
-939 -1075 0
-939 -1109 0
-939 -1143 0
-939 -1177 0
-939 -1211 0
-973 -1007 0
-973 -1041 0
-973 -1075 0
-973 -1109 0
-973 -1143 0
-973 -1177 0
-973 -1211 0
-1007 -1041 0
-1007 -1075 0
-1007 -1109 0
-1007 -1143 0
-1007 -1177 0
-1007 -1211 0
-1041 -1075 0
-1041 -1109 0
-1041 -1143 0
-1041 -1177 0
-1041 -1211 0
-1075 -1109 0
-1075 -1143 0
-1075 -1177 0
-1075 -1211 0
-1109 -1143 0
-1109 -1177 0
-1109 -1211 0
-1143 -1177 0
-1143 -1211 0
-1177 -1211 0
-770 -804 0
-770 -838 0
-770 -872 0
-770 -906 0
-770 -940 0
-770 -974 0
-770 -1008 0
-770 -1042 0
-770 -1076 0
-770 -1110 0
-770 -1144 0
-770 -1178 0
-770 -1212 0
-804 -838 0
-804 -872 0
-804 -906 0
-804 -940 0
-804 -974 0
-804 -1008 0
-804 -1042 0
-804 -1076 0
-804 -1110 0
-804 -1144 0
-804 -1178 0
-804 -1212 0
-838 -872 0
-838 -906 0
-838 -940 0
-838 -974 0
-838 -1008 0
-838 -1042 0
-838 -1076 0
-838 -1110 0
-838 -1144 0
-838 -1178 0
-838 -1212 0
-872 -906 0
-872 -940 0
-872 -974 0
-872 -1008 0
-872 -1042 0
-872 -1076 0
-872 -1110 0
-872 -1144 0
-872 -1178 0
-872 -1212 0
-906 -940 0
-906 -974 0
-906 -1008 0
-906 -1042 0
-906 -1076 0
-906 -1110 0
-906 -1144 0
-906 -1178 0
-906 -1212 0
-940 -974 0
-940 -1008 0
-940 -1042 0
-940 -1076 0
-940 -1110 0
-940 -1144 0
-940 -1178 0
-940 -1212 0
-974 -1008 0
-974 -1042 0
-974 -1076 0
-974 -1110 0
-974 -1144 0
-974 -1178 0
-974 -1212 0
-1008 -1042 0
-1008 -1076 0
-1008 -1110 0
-1008 -1144 0
-1008 -1178 0
-1008 -1212 0
-1042 -1076 0
-1042 -1110 0
-1042 -1144 0
-1042 -1178 0
-1042 -1212 0
-1076 -1110 0
-1076 -1144 0
-1076 -1178 0
-1076 -1212 0
-1110 -1144 0
-1110 -1178 0
-1110 -1212 0
-1144 -1178 0
-1144 -1212 0
-1178 -1212 0
-805 -839 0
-805 -873 0
-805 -907 0
-805 -941 0
-805 -975 0
-805 -1009 0
-805 -1043 0
-805 -1077 0
-805 -1111 0
-805 -1145 0
-805 -1179 0
-805 -1213 0
-839 -873 0
-839 -907 0
-839 -941 0
-839 -975 0
-839 -1009 0
-839 -1043 0
-839 -1077 0
-839 -1111 0
-839 -1145 0
-839 -1179 0
-839 -1213 0
-873 -907 0
-873 -941 0
-873 -975 0
-873 -1009 0
-873 -1043 0
-873 -1077 0
-873 -1111 0
-873 -1145 0
-873 -1179 0
-873 -1213 0
-907 -941 0
-907 -975 0
-907 -1009 0
-907 -1043 0
-907 -1077 0
-907 -1111 0
-907 -1145 0
-907 -1179 0
-907 -1213 0
-941 -975 0
-941 -1009 0
-941 -1043 0
-941 -1077 0
-941 -1111 0
-941 -1145 0
-941 -1179 0
-941 -1213 0
-975 -1009 0
-975 -1043 0
-975 -1077 0
-975 -1111 0
-975 -1145 0
-975 -1179 0
-975 -1213 0
-1009 -1043 0
-1009 -1077 0
-1009 -1111 0
-1009 -1145 0
-1009 -1179 0
-1009 -1213 0
-1043 -1077 0
-1043 -1111 0
-1043 -1145 0
-1043 -1179 0
-1043 -1213 0
-1077 -1111 0
-1077 -1145 0
-1077 -1179 0
-1077 -1213 0
-1111 -1145 0
-1111 -1179 0
-1111 -1213 0
-1145 -1179 0
-1145 -1213 0
-1179 -1213 0
-840 -874 0
-840 -908 0
-840 -942 0
-840 -976 0
-840 -1010 0
-840 -1044 0
-840 -1078 0
-840 -1112 0
-840 -1146 0
-840 -1180 0
-840 -1214 0
-874 -908 0
-874 -942 0
-874 -976 0
-874 -1010 0
-874 -1044 0
-874 -1078 0
-874 -1112 0
-874 -1146 0
-874 -1180 0
-874 -1214 0
-908 -942 0
-908 -976 0
-908 -1010 0
-908 -1044 0
-908 -1078 0
-908 -1112 0
-908 -1146 0
-908 -1180 0
-908 -1214 0
-942 -976 0
-942 -1010 0
-942 -1044 0
-942 -1078 0
-942 -1112 0
-942 -1146 0
-942 -1180 0
-942 -1214 0
-976 -1010 0
-976 -1044 0
-976 -1078 0
-976 -1112 0
-976 -1146 0
-976 -1180 0
-976 -1214 0
-1010 -1044 0
-1010 -1078 0
-1010 -1112 0
-1010 -1146 0
-1010 -1180 0
-1010 -1214 0
-1044 -1078 0
-1044 -1112 0
-1044 -1146 0
-1044 -1180 0
-1044 -1214 0
-1078 -1112 0
-1078 -1146 0
-1078 -1180 0
-1078 -1214 0
-1112 -1146 0
-1112 -1180 0
-1112 -1214 0
-1146 -1180 0
-1146 -1214 0
-1180 -1214 0
-875 -909 0
-875 -943 0
-875 -977 0
-875 -1011 0
-875 -1045 0
-875 -1079 0
-875 -1113 0
-875 -1147 0
-875 -1181 0
-875 -1215 0
-909 -943 0
-909 -977 0
-909 -1011 0
-909 -1045 0
-909 -1079 0
-909 -1113 0
-909 -1147 0
-909 -1181 0
-909 -1215 0
-943 -977 0
-943 -1011 0
-943 -1045 0
-943 -1079 0
-943 -1113 0
-943 -1147 0
-943 -1181 0
-943 -1215 0
-977 -1011 0
-977 -1045 0
-977 -1079 0
-977 -1113 0
-977 -1147 0
-977 -1181 0
-977 -1215 0
-1011 -1045 0
-1011 -1079 0
-1011 -1113 0
-1011 -1147 0
-1011 -1181 0
-1011 -1215 0
-1045 -1079 0
-1045 -1113 0
-1045 -1147 0
-1045 -1181 0
-1045 -1215 0
-1079 -1113 0
-1079 -1147 0
-1079 -1181 0
-1079 -1215 0
-1113 -1147 0
-1113 -1181 0
-1113 -1215 0
-1147 -1181 0
-1147 -1215 0
-1181 -1215 0
-910 -944 0
-910 -978 0
-910 -1012 0
-910 -1046 0
-910 -1080 0
-910 -1114 0
-910 -1148 0
-910 -1182 0
-910 -1216 0
-944 -978 0
-944 -1012 0
-944 -1046 0
-944 -1080 0
-944 -1114 0
-944 -1148 0
-944 -1182 0
-944 -1216 0
-978 -1012 0
-978 -1046 0
-978 -1080 0
-978 -1114 0
-978 -1148 0
-978 -1182 0
-978 -1216 0
-1012 -1046 0
-1012 -1080 0
-1012 -1114 0
-1012 -1148 0
-1012 -1182 0
-1012 -1216 0
-1046 -1080 0
-1046 -1114 0
-1046 -1148 0
-1046 -1182 0
-1046 -1216 0
-1080 -1114 0
-1080 -1148 0
-1080 -1182 0
-1080 -1216 0
-1114 -1148 0
-1114 -1182 0
-1114 -1216 0
-1148 -1182 0
-1148 -1216 0
-1182 -1216 0
-945 -979 0
-945 -1013 0
-945 -1047 0
-945 -1081 0
-945 -1115 0
-945 -1149 0
-945 -1183 0
-945 -1217 0
-979 -1013 0
-979 -1047 0
-979 -1081 0
-979 -1115 0
-979 -1149 0
-979 -1183 0
-979 -1217 0
-1013 -1047 0
-1013 -1081 0
-1013 -1115 0
-1013 -1149 0
-1013 -1183 0
-1013 -1217 0
-1047 -1081 0
-1047 -1115 0
-1047 -1149 0
-1047 -1183 0
-1047 -1217 0
-1081 -1115 0
-1081 -1149 0
-1081 -1183 0
-1081 -1217 0
-1115 -1149 0
-1115 -1183 0
-1115 -1217 0
-1149 -1183 0
-1149 -1217 0
-1183 -1217 0
-980 -1014 0
-980 -1048 0
-980 -1082 0
-980 -1116 0
-980 -1150 0
-980 -1184 0
-980 -1218 0
-1014 -1048 0
-1014 -1082 0
-1014 -1116 0
-1014 -1150 0
-1014 -1184 0
-1014 -1218 0
-1048 -1082 0
-1048 -1116 0
-1048 -1150 0
-1048 -1184 0
-1048 -1218 0
-1082 -1116 0
-1082 -1150 0
-1082 -1184 0
-1082 -1218 0
-1116 -1150 0
-1116 -1184 0
-1116 -1218 0
-1150 -1184 0
-1150 -1218 0
-1184 -1218 0
-1015 -1049 0
-1015 -1083 0
-1015 -1117 0
-1015 -1151 0
-1015 -1185 0
-1015 -1219 0
-1049 -1083 0
-1049 -1117 0
-1049 -1151 0
-1049 -1185 0
-1049 -1219 0
-1083 -1117 0
-1083 -1151 0
-1083 -1185 0
-1083 -1219 0
-1117 -1151 0
-1117 -1185 0
-1117 -1219 0
-1151 -1185 0
-1151 -1219 0
-1185 -1219 0
-1050 -1084 0
-1050 -1118 0
-1050 -1152 0
-1050 -1186 0
-1050 -1220 0
-1084 -1118 0
-1084 -1152 0
-1084 -1186 0
-1084 -1220 0
-1118 -1152 0
-1118 -1186 0
-1118 -1220 0
-1152 -1186 0
-1152 -1220 0
-1186 -1220 0
-1085 -1119 0
-1085 -1153 0
-1085 -1187 0
-1085 -1221 0
-1119 -1153 0
-1119 -1187 0
-1119 -1221 0
-1153 -1187 0
-1153 -1221 0
-1187 -1221 0
-1120 -1154 0
-1120 -1188 0
-1120 -1222 0
-1154 -1188 0
-1154 -1222 0
-1188 -1222 0
-1155 -1189 0
-1155 -1223 0
-1189 -1223 0
-1190 -1224 0
