p cnf 1296 52572
1 2 3 4 5 6 7 8 9 10 11 12 13 14 15 16 17 18 19 20 21 22 23 24 25 26 27 28 29 30 31 32 33 34 35 36 0
37 38 39 40 41 42 43 44 45 46 47 48 49 50 51 52 53 54 55 56 57 58 59 60 61 62 63 64 65 66 67 68 69 70 71 72 0
73 74 75 76 77 78 79 80 81 82 83 84 85 86 87 88 89 90 91 92 93 94 95 96 97 98 99 100 101 102 103 104 105 106 107 108 0
109 110 111 112 113 114 115 116 117 118 119 120 121 122 123 124 125 126 127 128 129 130 131 132 133 134 135 136 137 138 139 140 141 142 143 144 0
145 146 147 148 149 150 151 152 153 154 155 156 157 158 159 160 161 162 163 164 165 166 167 168 169 170 171 172 173 174 175 176 177 178 179 180 0
181 182 183 184 185 186 187 188 189 190 191 192 193 194 195 196 197 198 199 200 201 202 203 204 205 206 207 208 209 210 211 212 213 214 215 216 0
217 218 219 220 221 222 223 224 225 226 227 228 229 230 231 232 233 234 235 236 237 238 239 240 241 242 243 244 245 246 247 248 249 250 251 252 0
253 254 255 256 257 258 259 260 261 262 263 264 265 266 267 268 269 270 271 272 273 274 275 276 277 278 279 280 281 282 283 284 285 286 287 288 0
289 290 291 292 293 294 295 296 297 298 299 300 301 302 303 304 305 306 307 308 309 310 311 312 313 314 315 316 317 318 319 320 321 322 323 324 0
325 326 327 328 329 330 331 332 333 334 335 336 337 338 339 340 341 342 343 344 345 346 347 348 349 350 351 352 353 354 355 356 357 358 359 360 0
361 362 363 364 365 366 367 368 369 370 371 372 373 374 375 376 377 378 379 380 381 382 383 384 385 386 387 388 389 390 391 392 393 394 395 396 0
397 398 399 400 401 402 403 404 405 406 407 408 409 410 411 412 413 414 415 416 417 418 419 420 421 422 423 424 425 426 427 428 429 430 431 432 0
433 434 435 436 437 438 439 440 441 442 443 444 445 446 447 448 449 450 451 452 453 454 455 456 457 458 459 460 461 462 463 464 465 466 467 468 0
469 470 471 472 473 474 475 476 477 478 479 480 481 482 483 484 485 486 487 488 489 490 491 492 493 494 495 496 497 498 499 500 501 502 503 504 0
505 506 507 508 509 510 511 512 513 514 515 516 517 518 519 520 521 522 523 524 525 526 527 528 529 530 531 532 533 534 535 536 537 538 539 540 0
541 542 543 544 545 546 547 548 549 550 551 552 553 554 555 556 557 558 559 560 561 562 563 564 565 566 567 568 569 570 571 572 573 574 575 576 0
577 578 579 580 581 582 583 584 585 586 587 588 589 590 591 592 593 594 595 596 597 598 599 600 601 602 603 604 605 606 607 608 609 610 611 612 0
613 614 615 616 617 618 619 620 621 622 623 624 625 626 627 628 629 630 631 632 633 634 635 636 637 638 639 640 641 642 643 644 645 646 647 648 0
649 650 651 652 653 654 655 656 657 658 659 660 661 662 663 664 665 666 667 668 669 670 671 672 673 674 675 676 677 678 679 680 681 682 683 684 0
685 686 687 688 689 690 691 692 693 694 695 696 697 698 699 700 701 702 703 704 705 706 707 708 709 710 711 712 713 714 715 716 717 718 719 720 0
721 722 723 724 725 726 727 728 729 730 731 732 733 734 735 736 737 738 739 740 741 742 743 744 745 746 747 748 749 750 751 752 753 754 755 756 0
757 758 759 760 761 762 763 764 765 766 767 768 769 770 771 772 773 774 775 776 777 778 779 780 781 782 783 784 785 786 787 788 789 790 791 792 0
793 794 795 796 797 798 799 800 801 802 803 804 805 806 807 808 809 810 811 812 813 814 815 816 817 818 819 820 821 822 823 824 825 826 827 828 0
829 830 831 832 833 834 835 836 837 838 839 840 841 842 843 844 845 846 847 848 849 850 851 852 853 854 855 856 857 858 859 860 861 862 863 864 0
865 866 867 868 869 870 871 872 873 874 875 876 877 878 879 880 881 882 883 884 885 886 887 888 889 890 891 892 893 894 895 896 897 898 899 900 0
901 902 903 904 905 906 907 908 909 910 911 912 913 914 915 916 917 918 919 920 921 922 923 924 925 926 927 928 929 930 931 932 933 934 935 936 0
937 938 939 940 941 942 943 944 945 946 947 948 949 950 951 952 953 954 955 956 957 958 959 960 961 962 963 964 965 966 967 968 969 970 971 972 0
973 974 975 976 977 978 979 980 981 982 983 984 985 986 987 988 989 990 991 992 993 994 995 996 997 998 999 1000 1001 1002 1003 1004 1005 1006 1007 1008 0
1009 1010 1011 1012 1013 1014 1015 1016 1017 1018 1019 1020 1021 1022 1023 1024 1025 1026 1027 1028 1029 1030 1031 1032 1033 1034 1035 1036 1037 1038 1039 1040 1041 1042 1043 1044 0
1045 1046 1047 1048 1049 1050 1051 1052 1053 1054 1055 1056 1057 1058 1059 1060 1061 1062 1063 1064 1065 1066 1067 1068 1069 1070 1071 1072 1073 1074 1075 1076 1077 1078 1079 1080 0
1081 1082 1083 1084 1085 1086 1087 1088 1089 1090 1091 1092 1093 1094 1095 1096 1097 1098 1099 1100 1101 1102 1103 1104 1105 1106 1107 1108 1109 1110 1111 1112 1113 1114 1115 1116 0
1117 1118 1119 1120 1121 1122 1123 1124 1125 1126 1127 1128 1129 1130 1131 1132 1133 1134 1135 1136 1137 1138 1139 1140 1141 1142 1143 1144 1145 1146 1147 1148 1149 1150 1151 1152 0
1153 1154 1155 1156 1157 1158 1159 1160 1161 1162 1163 1164 1165 1166 1167 1168 1169 1170 1171 1172 1173 1174 1175 1176 1177 1178 1179 1180 1181 1182 1183 1184 1185 1186 1187 1188 0
1189 1190 1191 1192 1193 1194 1195 1196 1197 1198 1199 1200 1201 1202 1203 1204 1205 1206 1207 1208 1209 1210 1211 1212 1213 1214 1215 1216 1217 1218 1219 1220 1221 1222 1223 1224 0
1225 1226 1227 1228 1229 1230 1231 1232 1233 1234 1235 1236 1237 1238 1239 1240 1241 1242 1243 1244 1245 1246 1247 1248 1249 1250 1251 1252 1253 1254 1255 1256 1257 1258 1259 1260 0
1261 1262 1263 1264 1265 1266 1267 1268 1269 1270 1271 1272 1273 1274 1275 1276 1277 1278 1279 1280 1281 1282 1283 1284 1285 1286 1287 1288 1289 1290 1291 1292 1293 1294 1295 1296 0
-1 -2 0
-1 -3 0
-1 -4 0
-1 -5 0
-1 -6 0
-1 -7 0
-1 -8 0
-1 -9 0
-1 -10 0
-1 -11 0
-1 -12 0
-1 -13 0
-1 -14 0
-1 -15 0
-1 -16 0
-1 -17 0
-1 -18 0
-1 -19 0
-1 -20 0
-1 -21 0
-1 -22 0
-1 -23 0
-1 -24 0
-1 -25 0
-1 -26 0
-1 -27 0
-1 -28 0
-1 -29 0
-1 -30 0
-1 -31 0
-1 -32 0
-1 -33 0
-1 -34 0
-1 -35 0
-1 -36 0
-2 -3 0
-2 -4 0
-2 -5 0
-2 -6 0
-2 -7 0
-2 -8 0
-2 -9 0
-2 -10 0
-2 -11 0
-2 -12 0
-2 -13 0
-2 -14 0
-2 -15 0
-2 -16 0
-2 -17 0
-2 -18 0
-2 -19 0
-2 -20 0
-2 -21 0
-2 -22 0
-2 -23 0
-2 -24 0
-2 -25 0
-2 -26 0
-2 -27 0
-2 -28 0
-2 -29 0
-2 -30 0
-2 -31 0
-2 -32 0
-2 -33 0
-2 -34 0
-2 -35 0
-2 -36 0
-3 -4 0
-3 -5 0
-3 -6 0
-3 -7 0
-3 -8 0
-3 -9 0
-3 -10 0
-3 -11 0
-3 -12 0
-3 -13 0
-3 -14 0
-3 -15 0
-3 -16 0
-3 -17 0
-3 -18 0
-3 -19 0
-3 -20 0
-3 -21 0
-3 -22 0
-3 -23 0
-3 -24 0
-3 -25 0
-3 -26 0
-3 -27 0
-3 -28 0
-3 -29 0
-3 -30 0
-3 -31 0
-3 -32 0
-3 -33 0
-3 -34 0
-3 -35 0
-3 -36 0
-4 -5 0
-4 -6 0
-4 -7 0
-4 -8 0
-4 -9 0
-4 -10 0
-4 -11 0
-4 -12 0
-4 -13 0
-4 -14 0
-4 -15 0
-4 -16 0
-4 -17 0
-4 -18 0
-4 -19 0
-4 -20 0
-4 -21 0
-4 -22 0
-4 -23 0
-4 -24 0
-4 -25 0
-4 -26 0
-4 -27 0
-4 -28 0
-4 -29 0
-4 -30 0
-4 -31 0
-4 -32 0
-4 -33 0
-4 -34 0
-4 -35 0
-4 -36 0
-5 -6 0
-5 -7 0
-5 -8 0
-5 -9 0
-5 -10 0
-5 -11 0
-5 -12 0
-5 -13 0
-5 -14 0
-5 -15 0
-5 -16 0
-5 -17 0
-5 -18 0
-5 -19 0
-5 -20 0
-5 -21 0
-5 -22 0
-5 -23 0
-5 -24 0
-5 -25 0
-5 -26 0
-5 -27 0
-5 -28 0
-5 -29 0
-5 -30 0
-5 -31 0
-5 -32 0
-5 -33 0
-5 -34 0
-5 -35 0
-5 -36 0
-6 -7 0
-6 -8 0
-6 -9 0
-6 -10 0
-6 -11 0
-6 -12 0
-6 -13 0
-6 -14 0
-6 -15 0
-6 -16 0
-6 -17 0
-6 -18 0
-6 -19 0
-6 -20 0
-6 -21 0
-6 -22 0
-6 -23 0
-6 -24 0
-6 -25 0
-6 -26 0
-6 -27 0
-6 -28 0
-6 -29 0
-6 -30 0
-6 -31 0
-6 -32 0
-6 -33 0
-6 -34 0
-6 -35 0
-6 -36 0
-7 -8 0
-7 -9 0
-7 -10 0
-7 -11 0
-7 -12 0
-7 -13 0
-7 -14 0
-7 -15 0
-7 -16 0
-7 -17 0
-7 -18 0
-7 -19 0
-7 -20 0
-7 -21 0
-7 -22 0
-7 -23 0
-7 -24 0
-7 -25 0
-7 -26 0
-7 -27 0
-7 -28 0
-7 -29 0
-7 -30 0
-7 -31 0
-7 -32 0
-7 -33 0
-7 -34 0
-7 -35 0
-7 -36 0
-8 -9 0
-8 -10 0
-8 -11 0
-8 -12 0
-8 -13 0
-8 -14 0
-8 -15 0
-8 -16 0
-8 -17 0
-8 -18 0
-8 -19 0
-8 -20 0
-8 -21 0
-8 -22 0
-8 -23 0
-8 -24 0
-8 -25 0
-8 -26 0
-8 -27 0
-8 -28 0
-8 -29 0
-8 -30 0
-8 -31 0
-8 -32 0
-8 -33 0
-8 -34 0
-8 -35 0
-8 -36 0
-9 -10 0
-9 -11 0
-9 -12 0
-9 -13 0
-9 -14 0
-9 -15 0
-9 -16 0
-9 -17 0
-9 -18 0
-9 -19 0
-9 -20 0
-9 -21 0
-9 -22 0
-9 -23 0
-9 -24 0
-9 -25 0
-9 -26 0
-9 -27 0
-9 -28 0
-9 -29 0
-9 -30 0
-9 -31 0
-9 -32 0
-9 -33 0
-9 -34 0
-9 -35 0
-9 -36 0
-10 -11 0
-10 -12 0
-10 -13 0
-10 -14 0
-10 -15 0
-10 -16 0
-10 -17 0
-10 -18 0
-10 -19 0
-10 -20 0
-10 -21 0
-10 -22 0
-10 -23 0
-10 -24 0
-10 -25 0
-10 -26 0
-10 -27 0
-10 -28 0
-10 -29 0
-10 -30 0
-10 -31 0
-10 -32 0
-10 -33 0
-10 -34 0
-10 -35 0
-10 -36 0
-11 -12 0
-11 -13 0
-11 -14 0
-11 -15 0
-11 -16 0
-11 -17 0
-11 -18 0
-11 -19 0
-11 -20 0
-11 -21 0
-11 -22 0
-11 -23 0
-11 -24 0
-11 -25 0
-11 -26 0
-11 -27 0
-11 -28 0
-11 -29 0
-11 -30 0
-11 -31 0
-11 -32 0
-11 -33 0
-11 -34 0
-11 -35 0
-11 -36 0
-12 -13 0
-12 -14 0
-12 -15 0
-12 -16 0
-12 -17 0
-12 -18 0
-12 -19 0
-12 -20 0
-12 -21 0
-12 -22 0
-12 -23 0
-12 -24 0
-12 -25 0
-12 -26 0
-12 -27 0
-12 -28 0
-12 -29 0
-12 -30 0
-12 -31 0
-12 -32 0
-12 -33 0
-12 -34 0
-12 -35 0
-12 -36 0
-13 -14 0
-13 -15 0
-13 -16 0
-13 -17 0
-13 -18 0
-13 -19 0
-13 -20 0
-13 -21 0
-13 -22 0
-13 -23 0
-13 -24 0
-13 -25 0
-13 -26 0
-13 -27 0
-13 -28 0
-13 -29 0
-13 -30 0
-13 -31 0
-13 -32 0
-13 -33 0
-13 -34 0
-13 -35 0
-13 -36 0
-14 -15 0
-14 -16 0
-14 -17 0
-14 -18 0
-14 -19 0
-14 -20 0
-14 -21 0
-14 -22 0
-14 -23 0
-14 -24 0
-14 -25 0
-14 -26 0
-14 -27 0
-14 -28 0
-14 -29 0
-14 -30 0
-14 -31 0
-14 -32 0
-14 -33 0
-14 -34 0
-14 -35 0
-14 -36 0
-15 -16 0
-15 -17 0
-15 -18 0
-15 -19 0
-15 -20 0
-15 -21 0
-15 -22 0
-15 -23 0
-15 -24 0
-15 -25 0
-15 -26 0
-15 -27 0
-15 -28 0
-15 -29 0
-15 -30 0
-15 -31 0
-15 -32 0
-15 -33 0
-15 -34 0
-15 -35 0
-15 -36 0
-16 -17 0
-16 -18 0
-16 -19 0
-16 -20 0
-16 -21 0
-16 -22 0
-16 -23 0
-16 -24 0
-16 -25 0
-16 -26 0
-16 -27 0
-16 -28 0
-16 -29 0
-16 -30 0
-16 -31 0
-16 -32 0
-16 -33 0
-16 -34 0
-16 -35 0
-16 -36 0
-17 -18 0
-17 -19 0
-17 -20 0
-17 -21 0
-17 -22 0
-17 -23 0
-17 -24 0
-17 -25 0
-17 -26 0
-17 -27 0
-17 -28 0
-17 -29 0
-17 -30 0
-17 -31 0
-17 -32 0
-17 -33 0
-17 -34 0
-17 -35 0
-17 -36 0
-18 -19 0
-18 -20 0
-18 -21 0
-18 -22 0
-18 -23 0
-18 -24 0
-18 -25 0
-18 -26 0
-18 -27 0
-18 -28 0
-18 -29 0
-18 -30 0
-18 -31 0
-18 -32 0
-18 -33 0
-18 -34 0
-18 -35 0
-18 -36 0
-19 -20 0
-19 -21 0
-19 -22 0
-19 -23 0
-19 -24 0
-19 -25 0
-19 -26 0
-19 -27 0
-19 -28 0
-19 -29 0
-19 -30 0
-19 -31 0
-19 -32 0
-19 -33 0
-19 -34 0
-19 -35 0
-19 -36 0
-20 -21 0
-20 -22 0
-20 -23 0
-20 -24 0
-20 -25 0
-20 -26 0
-20 -27 0
-20 -28 0
-20 -29 0
-20 -30 0
-20 -31 0
-20 -32 0
-20 -33 0
-20 -34 0
-20 -35 0
-20 -36 0
-21 -22 0
-21 -23 0
-21 -24 0
-21 -25 0
-21 -26 0
-21 -27 0
-21 -28 0
-21 -29 0
-21 -30 0
-21 -31 0
-21 -32 0
-21 -33 0
-21 -34 0
-21 -35 0
-21 -36 0
-22 -23 0
-22 -24 0
-22 -25 0
-22 -26 0
-22 -27 0
-22 -28 0
-22 -29 0
-22 -30 0
-22 -31 0
-22 -32 0
-22 -33 0
-22 -34 0
-22 -35 0
-22 -36 0
-23 -24 0
-23 -25 0
-23 -26 0
-23 -27 0
-23 -28 0
-23 -29 0
-23 -30 0
-23 -31 0
-23 -32 0
-23 -33 0
-23 -34 0
-23 -35 0
-23 -36 0
-24 -25 0
-24 -26 0
-24 -27 0
-24 -28 0
-24 -29 0
-24 -30 0
-24 -31 0
-24 -32 0
-24 -33 0
-24 -34 0
-24 -35 0
-24 -36 0
-25 -26 0
-25 -27 0
-25 -28 0
-25 -29 0
-25 -30 0
-25 -31 0
-25 -32 0
-25 -33 0
-25 -34 0
-25 -35 0
-25 -36 0
-26 -27 0
-26 -28 0
-26 -29 0
-26 -30 0
-26 -31 0
-26 -32 0
-26 -33 0
-26 -34 0
-26 -35 0
-26 -36 0
-27 -28 0
-27 -29 0
-27 -30 0
-27 -31 0
-27 -32 0
-27 -33 0
-27 -34 0
-27 -35 0
-27 -36 0
-28 -29 0
-28 -30 0
-28 -31 0
-28 -32 0
-28 -33 0
-28 -34 0
-28 -35 0
-28 -36 0
-29 -30 0
-29 -31 0
-29 -32 0
-29 -33 0
-29 -34 0
-29 -35 0
-29 -36 0
-30 -31 0
-30 -32 0
-30 -33 0
-30 -34 0
-30 -35 0
-30 -36 0
-31 -32 0
-31 -33 0
-31 -34 0
-31 -35 0
-31 -36 0
-32 -33 0
-32 -34 0
-32 -35 0
-32 -36 0
-33 -34 0
-33 -35 0
-33 -36 0
-34 -35 0
-34 -36 0
-35 -36 0
-37 -38 0
-37 -39 0
-37 -40 0
-37 -41 0
-37 -42 0
-37 -43 0
-37 -44 0
-37 -45 0
-37 -46 0
-37 -47 0
-37 -48 0
-37 -49 0
-37 -50 0
-37 -51 0
-37 -52 0
-37 -53 0
-37 -54 0
-37 -55 0
-37 -56 0
-37 -57 0
-37 -58 0
-37 -59 0
-37 -60 0
-37 -61 0
-37 -62 0
-37 -63 0
-37 -64 0
-37 -65 0
-37 -66 0
-37 -67 0
-37 -68 0
-37 -69 0
-37 -70 0
-37 -71 0
-37 -72 0
-38 -39 0
-38 -40 0
-38 -41 0
-38 -42 0
-38 -43 0
-38 -44 0
-38 -45 0
-38 -46 0
-38 -47 0
-38 -48 0
-38 -49 0
-38 -50 0
-38 -51 0
-38 -52 0
-38 -53 0
-38 -54 0
-38 -55 0
-38 -56 0
-38 -57 0
-38 -58 0
-38 -59 0
-38 -60 0
-38 -61 0
-38 -62 0
-38 -63 0
-38 -64 0
-38 -65 0
-38 -66 0
-38 -67 0
-38 -68 0
-38 -69 0
-38 -70 0
-38 -71 0
-38 -72 0
-39 -40 0
-39 -41 0
-39 -42 0
-39 -43 0
-39 -44 0
-39 -45 0
-39 -46 0
-39 -47 0
-39 -48 0
-39 -49 0
-39 -50 0
-39 -51 0
-39 -52 0
-39 -53 0
-39 -54 0
-39 -55 0
-39 -56 0
-39 -57 0
-39 -58 0
-39 -59 0
-39 -60 0
-39 -61 0
-39 -62 0
-39 -63 0
-39 -64 0
-39 -65 0
-39 -66 0
-39 -67 0
-39 -68 0
-39 -69 0
-39 -70 0
-39 -71 0
-39 -72 0
-40 -41 0
-40 -42 0
-40 -43 0
-40 -44 0
-40 -45 0
-40 -46 0
-40 -47 0
-40 -48 0
-40 -49 0
-40 -50 0
-40 -51 0
-40 -52 0
-40 -53 0
-40 -54 0
-40 -55 0
-40 -56 0
-40 -57 0
-40 -58 0
-40 -59 0
-40 -60 0
-40 -61 0
-40 -62 0
-40 -63 0
-40 -64 0
-40 -65 0
-40 -66 0
-40 -67 0
-40 -68 0
-40 -69 0
-40 -70 0
-40 -71 0
-40 -72 0
-41 -42 0
-41 -43 0
-41 -44 0
-41 -45 0
-41 -46 0
-41 -47 0
-41 -48 0
-41 -49 0
-41 -50 0
-41 -51 0
-41 -52 0
-41 -53 0
-41 -54 0
-41 -55 0
-41 -56 0
-41 -57 0
-41 -58 0
-41 -59 0
-41 -60 0
-41 -61 0
-41 -62 0
-41 -63 0
-41 -64 0
-41 -65 0
-41 -66 0
-41 -67 0
-41 -68 0
-41 -69 0
-41 -70 0
-41 -71 0
-41 -72 0
-42 -43 0
-42 -44 0
-42 -45 0
-42 -46 0
-42 -47 0
-42 -48 0
-42 -49 0
-42 -50 0
-42 -51 0
-42 -52 0
-42 -53 0
-42 -54 0
-42 -55 0
-42 -56 0
-42 -57 0
-42 -58 0
-42 -59 0
-42 -60 0
-42 -61 0
-42 -62 0
-42 -63 0
-42 -64 0
-42 -65 0
-42 -66 0
-42 -67 0
-42 -68 0
-42 -69 0
-42 -70 0
-42 -71 0
-42 -72 0
-43 -44 0
-43 -45 0
-43 -46 0
-43 -47 0
-43 -48 0
-43 -49 0
-43 -50 0
-43 -51 0
-43 -52 0
-43 -53 0
-43 -54 0
-43 -55 0
-43 -56 0
-43 -57 0
-43 -58 0
-43 -59 0
-43 -60 0
-43 -61 0
-43 -62 0
-43 -63 0
-43 -64 0
-43 -65 0
-43 -66 0
-43 -67 0
-43 -68 0
-43 -69 0
-43 -70 0
-43 -71 0
-43 -72 0
-44 -45 0
-44 -46 0
-44 -47 0
-44 -48 0
-44 -49 0
-44 -50 0
-44 -51 0
-44 -52 0
-44 -53 0
-44 -54 0
-44 -55 0
-44 -56 0
-44 -57 0
-44 -58 0
-44 -59 0
-44 -60 0
-44 -61 0
-44 -62 0
-44 -63 0
-44 -64 0
-44 -65 0
-44 -66 0
-44 -67 0
-44 -68 0
-44 -69 0
-44 -70 0
-44 -71 0
-44 -72 0
-45 -46 0
-45 -47 0
-45 -48 0
-45 -49 0
-45 -50 0
-45 -51 0
-45 -52 0
-45 -53 0
-45 -54 0
-45 -55 0
-45 -56 0
-45 -57 0
-45 -58 0
-45 -59 0
-45 -60 0
-45 -61 0
-45 -62 0
-45 -63 0
-45 -64 0
-45 -65 0
-45 -66 0
-45 -67 0
-45 -68 0
-45 -69 0
-45 -70 0
-45 -71 0
-45 -72 0
-46 -47 0
-46 -48 0
-46 -49 0
-46 -50 0
-46 -51 0
-46 -52 0
-46 -53 0
-46 -54 0
-46 -55 0
-46 -56 0
-46 -57 0
-46 -58 0
-46 -59 0
-46 -60 0
-46 -61 0
-46 -62 0
-46 -63 0
-46 -64 0
-46 -65 0
-46 -66 0
-46 -67 0
-46 -68 0
-46 -69 0
-46 -70 0
-46 -71 0
-46 -72 0
-47 -48 0
-47 -49 0
-47 -50 0
-47 -51 0
-47 -52 0
-47 -53 0
-47 -54 0
-47 -55 0
-47 -56 0
-47 -57 0
-47 -58 0
-47 -59 0
-47 -60 0
-47 -61 0
-47 -62 0
-47 -63 0
-47 -64 0
-47 -65 0
-47 -66 0
-47 -67 0
-47 -68 0
-47 -69 0
-47 -70 0
-47 -71 0
-47 -72 0
-48 -49 0
-48 -50 0
-48 -51 0
-48 -52 0
-48 -53 0
-48 -54 0
-48 -55 0
-48 -56 0
-48 -57 0
-48 -58 0
-48 -59 0
-48 -60 0
-48 -61 0
-48 -62 0
-48 -63 0
-48 -64 0
-48 -65 0
-48 -66 0
-48 -67 0
-48 -68 0
-48 -69 0
-48 -70 0
-48 -71 0
-48 -72 0
-49 -50 0
-49 -51 0
-49 -52 0
-49 -53 0
-49 -54 0
-49 -55 0
-49 -56 0
-49 -57 0
-49 -58 0
-49 -59 0
-49 -60 0
-49 -61 0
-49 -62 0
-49 -63 0
-49 -64 0
-49 -65 0
-49 -66 0
-49 -67 0
-49 -68 0
-49 -69 0
-49 -70 0
-49 -71 0
-49 -72 0
-50 -51 0
-50 -52 0
-50 -53 0
-50 -54 0
-50 -55 0
-50 -56 0
-50 -57 0
-50 -58 0
-50 -59 0
-50 -60 0
-50 -61 0
-50 -62 0
-50 -63 0
-50 -64 0
-50 -65 0
-50 -66 0
-50 -67 0
-50 -68 0
-50 -69 0
-50 -70 0
-50 -71 0
-50 -72 0
-51 -52 0
-51 -53 0
-51 -54 0
-51 -55 0
-51 -56 0
-51 -57 0
-51 -58 0
-51 -59 0
-51 -60 0
-51 -61 0
-51 -62 0
-51 -63 0
-51 -64 0
-51 -65 0
-51 -66 0
-51 -67 0
-51 -68 0
-51 -69 0
-51 -70 0
-51 -71 0
-51 -72 0
-52 -53 0
-52 -54 0
-52 -55 0
-52 -56 0
-52 -57 0
-52 -58 0
-52 -59 0
-52 -60 0
-52 -61 0
-52 -62 0
-52 -63 0
-52 -64 0
-52 -65 0
-52 -66 0
-52 -67 0
-52 -68 0
-52 -69 0
-52 -70 0
-52 -71 0
-52 -72 0
-53 -54 0
-53 -55 0
-53 -56 0
-53 -57 0
-53 -58 0
-53 -59 0
-53 -60 0
-53 -61 0
-53 -62 0
-53 -63 0
-53 -64 0
-53 -65 0
-53 -66 0
-53 -67 0
-53 -68 0
-53 -69 0
-53 -70 0
-53 -71 0
-53 -72 0
-54 -55 0
-54 -56 0
-54 -57 0
-54 -58 0
-54 -59 0
-54 -60 0
-54 -61 0
-54 -62 0
-54 -63 0
-54 -64 0
-54 -65 0
-54 -66 0
-54 -67 0
-54 -68 0
-54 -69 0
-54 -70 0
-54 -71 0
-54 -72 0
-55 -56 0
-55 -57 0
-55 -58 0
-55 -59 0
-55 -60 0
-55 -61 0
-55 -62 0
-55 -63 0
-55 -64 0
-55 -65 0
-55 -66 0
-55 -67 0
-55 -68 0
-55 -69 0
-55 -70 0
-55 -71 0
-55 -72 0
-56 -57 0
-56 -58 0
-56 -59 0
-56 -60 0
-56 -61 0
-56 -62 0
-56 -63 0
-56 -64 0
-56 -65 0
-56 -66 0
-56 -67 0
-56 -68 0
-56 -69 0
-56 -70 0
-56 -71 0
-56 -72 0
-57 -58 0
-57 -59 0
-57 -60 0
-57 -61 0
-57 -62 0
-57 -63 0
-57 -64 0
-57 -65 0
-57 -66 0
-57 -67 0
-57 -68 0
-57 -69 0
-57 -70 0
-57 -71 0
-57 -72 0
-58 -59 0
-58 -60 0
-58 -61 0
-58 -62 0
-58 -63 0
-58 -64 0
-58 -65 0
-58 -66 0
-58 -67 0
-58 -68 0
-58 -69 0
-58 -70 0
-58 -71 0
-58 -72 0
-59 -60 0
-59 -61 0
-59 -62 0
-59 -63 0
-59 -64 0
-59 -65 0
-59 -66 0
-59 -67 0
-59 -68 0
-59 -69 0
-59 -70 0
-59 -71 0
-59 -72 0
-60 -61 0
-60 -62 0
-60 -63 0
-60 -64 0
-60 -65 0
-60 -66 0
-60 -67 0
-60 -68 0
-60 -69 0
-60 -70 0
-60 -71 0
-60 -72 0
-61 -62 0
-61 -63 0
-61 -64 0
-61 -65 0
-61 -66 0
-61 -67 0
-61 -68 0
-61 -69 0
-61 -70 0
-61 -71 0
-61 -72 0
-62 -63 0
-62 -64 0
-62 -65 0
-62 -66 0
-62 -67 0
-62 -68 0
-62 -69 0
-62 -70 0
-62 -71 0
-62 -72 0
-63 -64 0
-63 -65 0
-63 -66 0
-63 -67 0
-63 -68 0
-63 -69 0
-63 -70 0
-63 -71 0
-63 -72 0
-64 -65 0
-64 -66 0
-64 -67 0
-64 -68 0
-64 -69 0
-64 -70 0
-64 -71 0
-64 -72 0
-65 -66 0
-65 -67 0
-65 -68 0
-65 -69 0
-65 -70 0
-65 -71 0
-65 -72 0
-66 -67 0
-66 -68 0
-66 -69 0
-66 -70 0
-66 -71 0
-66 -72 0
-67 -68 0
-67 -69 0
-67 -70 0
-67 -71 0
-67 -72 0
-68 -69 0
-68 -70 0
-68 -71 0
-68 -72 0
-69 -70 0
-69 -71 0
-69 -72 0
-70 -71 0
-70 -72 0
-71 -72 0
-73 -74 0
-73 -75 0
-73 -76 0
-73 -77 0
-73 -78 0
-73 -79 0
-73 -80 0
-73 -81 0
-73 -82 0
-73 -83 0
-73 -84 0
-73 -85 0
-73 -86 0
-73 -87 0
-73 -88 0
-73 -89 0
-73 -90 0
-73 -91 0
-73 -92 0
-73 -93 0
-73 -94 0
-73 -95 0
-73 -96 0
-73 -97 0
-73 -98 0
-73 -99 0
-73 -100 0
-73 -101 0
-73 -102 0
-73 -103 0
-73 -104 0
-73 -105 0
-73 -106 0
-73 -107 0
-73 -108 0
-74 -75 0
-74 -76 0
-74 -77 0
-74 -78 0
-74 -79 0
-74 -80 0
-74 -81 0
-74 -82 0
-74 -83 0
-74 -84 0
-74 -85 0
-74 -86 0
-74 -87 0
-74 -88 0
-74 -89 0
-74 -90 0
-74 -91 0
-74 -92 0
-74 -93 0
-74 -94 0
-74 -95 0
-74 -96 0
-74 -97 0
-74 -98 0
-74 -99 0
-74 -100 0
-74 -101 0
-74 -102 0
-74 -103 0
-74 -104 0
-74 -105 0
-74 -106 0
-74 -107 0
-74 -108 0
-75 -76 0
-75 -77 0
-75 -78 0
-75 -79 0
-75 -80 0
-75 -81 0
-75 -82 0
-75 -83 0
-75 -84 0
-75 -85 0
-75 -86 0
-75 -87 0
-75 -88 0
-75 -89 0
-75 -90 0
-75 -91 0
-75 -92 0
-75 -93 0
-75 -94 0
-75 -95 0
-75 -96 0
-75 -97 0
-75 -98 0
-75 -99 0
-75 -100 0
-75 -101 0
-75 -102 0
-75 -103 0
-75 -104 0
-75 -105 0
-75 -106 0
-75 -107 0
-75 -108 0
-76 -77 0
-76 -78 0
-76 -79 0
-76 -80 0
-76 -81 0
-76 -82 0
-76 -83 0
-76 -84 0
-76 -85 0
-76 -86 0
-76 -87 0
-76 -88 0
-76 -89 0
-76 -90 0
-76 -91 0
-76 -92 0
-76 -93 0
-76 -94 0
-76 -95 0
-76 -96 0
-76 -97 0
-76 -98 0
-76 -99 0
-76 -100 0
-76 -101 0
-76 -102 0
-76 -103 0
-76 -104 0
-76 -105 0
-76 -106 0
-76 -107 0
-76 -108 0
-77 -78 0
-77 -79 0
-77 -80 0
-77 -81 0
-77 -82 0
-77 -83 0
-77 -84 0
-77 -85 0
-77 -86 0
-77 -87 0
-77 -88 0
-77 -89 0
-77 -90 0
-77 -91 0
-77 -92 0
-77 -93 0
-77 -94 0
-77 -95 0
-77 -96 0
-77 -97 0
-77 -98 0
-77 -99 0
-77 -100 0
-77 -101 0
-77 -102 0
-77 -103 0
-77 -104 0
-77 -105 0
-77 -106 0
-77 -107 0
-77 -108 0
-78 -79 0
-78 -80 0
-78 -81 0
-78 -82 0
-78 -83 0
-78 -84 0
-78 -85 0
-78 -86 0
-78 -87 0
-78 -88 0
-78 -89 0
-78 -90 0
-78 -91 0
-78 -92 0
-78 -93 0
-78 -94 0
-78 -95 0
-78 -96 0
-78 -97 0
-78 -98 0
-78 -99 0
-78 -100 0
-78 -101 0
-78 -102 0
-78 -103 0
-78 -104 0
-78 -105 0
-78 -106 0
-78 -107 0
-78 -108 0
-79 -80 0
-79 -81 0
-79 -82 0
-79 -83 0
-79 -84 0
-79 -85 0
-79 -86 0
-79 -87 0
-79 -88 0
-79 -89 0
-79 -90 0
-79 -91 0
-79 -92 0
-79 -93 0
-79 -94 0
-79 -95 0
-79 -96 0
-79 -97 0
-79 -98 0
-79 -99 0
-79 -100 0
-79 -101 0
-79 -102 0
-79 -103 0
-79 -104 0
-79 -105 0
-79 -106 0
-79 -107 0
-79 -108 0
-80 -81 0
-80 -82 0
-80 -83 0
-80 -84 0
-80 -85 0
-80 -86 0
-80 -87 0
-80 -88 0
-80 -89 0
-80 -90 0
-80 -91 0
-80 -92 0
-80 -93 0
-80 -94 0
-80 -95 0
-80 -96 0
-80 -97 0
-80 -98 0
-80 -99 0
-80 -100 0
-80 -101 0
-80 -102 0
-80 -103 0
-80 -104 0
-80 -105 0
-80 -106 0
-80 -107 0
-80 -108 0
-81 -82 0
-81 -83 0
-81 -84 0
-81 -85 0
-81 -86 0
-81 -87 0
-81 -88 0
-81 -89 0
-81 -90 0
-81 -91 0
-81 -92 0
-81 -93 0
-81 -94 0
-81 -95 0
-81 -96 0
-81 -97 0
-81 -98 0
-81 -99 0
-81 -100 0
-81 -101 0
-81 -102 0
-81 -103 0
-81 -104 0
-81 -105 0
-81 -106 0
-81 -107 0
-81 -108 0
-82 -83 0
-82 -84 0
-82 -85 0
-82 -86 0
-82 -87 0
-82 -88 0
-82 -89 0
-82 -90 0
-82 -91 0
-82 -92 0
-82 -93 0
-82 -94 0
-82 -95 0
-82 -96 0
-82 -97 0
-82 -98 0
-82 -99 0
-82 -100 0
-82 -101 0
-82 -102 0
-82 -103 0
-82 -104 0
-82 -105 0
-82 -106 0
-82 -107 0
-82 -108 0
-83 -84 0
-83 -85 0
-83 -86 0
-83 -87 0
-83 -88 0
-83 -89 0
-83 -90 0
-83 -91 0
-83 -92 0
-83 -93 0
-83 -94 0
-83 -95 0
-83 -96 0
-83 -97 0
-83 -98 0
-83 -99 0
-83 -100 0
-83 -101 0
-83 -102 0
-83 -103 0
-83 -104 0
-83 -105 0
-83 -106 0
-83 -107 0
-83 -108 0
-84 -85 0
-84 -86 0
-84 -87 0
-84 -88 0
-84 -89 0
-84 -90 0
-84 -91 0
-84 -92 0
-84 -93 0
-84 -94 0
-84 -95 0
-84 -96 0
-84 -97 0
-84 -98 0
-84 -99 0
-84 -100 0
-84 -101 0
-84 -102 0
-84 -103 0
-84 -104 0
-84 -105 0
-84 -106 0
-84 -107 0
-84 -108 0
-85 -86 0
-85 -87 0
-85 -88 0
-85 -89 0
-85 -90 0
-85 -91 0
-85 -92 0
-85 -93 0
-85 -94 0
-85 -95 0
-85 -96 0
-85 -97 0
-85 -98 0
-85 -99 0
-85 -100 0
-85 -101 0
-85 -102 0
-85 -103 0
-85 -104 0
-85 -105 0
-85 -106 0
-85 -107 0
-85 -108 0
-86 -87 0
-86 -88 0
-86 -89 0
-86 -90 0
-86 -91 0
-86 -92 0
-86 -93 0
-86 -94 0
-86 -95 0
-86 -96 0
-86 -97 0
-86 -98 0
-86 -99 0
-86 -100 0
-86 -101 0
-86 -102 0
-86 -103 0
-86 -104 0
-86 -105 0
-86 -106 0
-86 -107 0
-86 -108 0
-87 -88 0
-87 -89 0
-87 -90 0
-87 -91 0
-87 -92 0
-87 -93 0
-87 -94 0
-87 -95 0
-87 -96 0
-87 -97 0
-87 -98 0
-87 -99 0
-87 -100 0
-87 -101 0
-87 -102 0
-87 -103 0
-87 -104 0
-87 -105 0
-87 -106 0
-87 -107 0
-87 -108 0
-88 -89 0
-88 -90 0
-88 -91 0
-88 -92 0
-88 -93 0
-88 -94 0
-88 -95 0
-88 -96 0
-88 -97 0
-88 -98 0
-88 -99 0
-88 -100 0
-88 -101 0
-88 -102 0
-88 -103 0
-88 -104 0
-88 -105 0
-88 -106 0
-88 -107 0
-88 -108 0
-89 -90 0
-89 -91 0
-89 -92 0
-89 -93 0
-89 -94 0
-89 -95 0
-89 -96 0
-89 -97 0
-89 -98 0
-89 -99 0
-89 -100 0
-89 -101 0
-89 -102 0
-89 -103 0
-89 -104 0
-89 -105 0
-89 -106 0
-89 -107 0
-89 -108 0
-90 -91 0
-90 -92 0
-90 -93 0
-90 -94 0
-90 -95 0
-90 -96 0
-90 -97 0
-90 -98 0
-90 -99 0
-90 -100 0
-90 -101 0
-90 -102 0
-90 -103 0
-90 -104 0
-90 -105 0
-90 -106 0
-90 -107 0
-90 -108 0
-91 -92 0
-91 -93 0
-91 -94 0
-91 -95 0
-91 -96 0
-91 -97 0
-91 -98 0
-91 -99 0
-91 -100 0
-91 -101 0
-91 -102 0
-91 -103 0
-91 -104 0
-91 -105 0
-91 -106 0
-91 -107 0
-91 -108 0
-92 -93 0
-92 -94 0
-92 -95 0
-92 -96 0
-92 -97 0
-92 -98 0
-92 -99 0
-92 -100 0
-92 -101 0
-92 -102 0
-92 -103 0
-92 -104 0
-92 -105 0
-92 -106 0
-92 -107 0
-92 -108 0
-93 -94 0
-93 -95 0
-93 -96 0
-93 -97 0
-93 -98 0
-93 -99 0
-93 -100 0
-93 -101 0
-93 -102 0
-93 -103 0
-93 -104 0
-93 -105 0
-93 -106 0
-93 -107 0
-93 -108 0
-94 -95 0
-94 -96 0
-94 -97 0
-94 -98 0
-94 -99 0
-94 -100 0
-94 -101 0
-94 -102 0
-94 -103 0
-94 -104 0
-94 -105 0
-94 -106 0
-94 -107 0
-94 -108 0
-95 -96 0
-95 -97 0
-95 -98 0
-95 -99 0
-95 -100 0
-95 -101 0
-95 -102 0
-95 -103 0
-95 -104 0
-95 -105 0
-95 -106 0
-95 -107 0
-95 -108 0
-96 -97 0
-96 -98 0
-96 -99 0
-96 -100 0
-96 -101 0
-96 -102 0
-96 -103 0
-96 -104 0
-96 -105 0
-96 -106 0
-96 -107 0
-96 -108 0
-97 -98 0
-97 -99 0
-97 -100 0
-97 -101 0
-97 -102 0
-97 -103 0
-97 -104 0
-97 -105 0
-97 -106 0
-97 -107 0
-97 -108 0
-98 -99 0
-98 -100 0
-98 -101 0
-98 -102 0
-98 -103 0
-98 -104 0
-98 -105 0
-98 -106 0
-98 -107 0
-98 -108 0
-99 -100 0
-99 -101 0
-99 -102 0
-99 -103 0
-99 -104 0
-99 -105 0
-99 -106 0
-99 -107 0
-99 -108 0
-100 -101 0
-100 -102 0
-100 -103 0
-100 -104 0
-100 -105 0
-100 -106 0
-100 -107 0
-100 -108 0
-101 -102 0
-101 -103 0
-101 -104 0
-101 -105 0
-101 -106 0
-101 -107 0
-101 -108 0
-102 -103 0
-102 -104 0
-102 -105 0
-102 -106 0
-102 -107 0
-102 -108 0
-103 -104 0
-103 -105 0
-103 -106 0
-103 -107 0
-103 -108 0
-104 -105 0
-104 -106 0
-104 -107 0
-104 -108 0
-105 -106 0
-105 -107 0
-105 -108 0
-106 -107 0
-106 -108 0
-107 -108 0
-109 -110 0
-109 -111 0
-109 -112 0
-109 -113 0
-109 -114 0
-109 -115 0
-109 -116 0
-109 -117 0
-109 -118 0
-109 -119 0
-109 -120 0
-109 -121 0
-109 -122 0
-109 -123 0
-109 -124 0
-109 -125 0
-109 -126 0
-109 -127 0
-109 -128 0
-109 -129 0
-109 -130 0
-109 -131 0
-109 -132 0
-109 -133 0
-109 -134 0
-109 -135 0
-109 -136 0
-109 -137 0
-109 -138 0
-109 -139 0
-109 -140 0
-109 -141 0
-109 -142 0
-109 -143 0
-109 -144 0
-110 -111 0
-110 -112 0
-110 -113 0
-110 -114 0
-110 -115 0
-110 -116 0
-110 -117 0
-110 -118 0
-110 -119 0
-110 -120 0
-110 -121 0
-110 -122 0
-110 -123 0
-110 -124 0
-110 -125 0
-110 -126 0
-110 -127 0
-110 -128 0
-110 -129 0
-110 -130 0
-110 -131 0
-110 -132 0
-110 -133 0
-110 -134 0
-110 -135 0
-110 -136 0
-110 -137 0
-110 -138 0
-110 -139 0
-110 -140 0
-110 -141 0
-110 -142 0
-110 -143 0
-110 -144 0
-111 -112 0
-111 -113 0
-111 -114 0
-111 -115 0
-111 -116 0
-111 -117 0
-111 -118 0
-111 -119 0
-111 -120 0
-111 -121 0
-111 -122 0
-111 -123 0
-111 -124 0
-111 -125 0
-111 -126 0
-111 -127 0
-111 -128 0
-111 -129 0
-111 -130 0
-111 -131 0
-111 -132 0
-111 -133 0
-111 -134 0
-111 -135 0
-111 -136 0
-111 -137 0
-111 -138 0
-111 -139 0
-111 -140 0
-111 -141 0
-111 -142 0
-111 -143 0
-111 -144 0
-112 -113 0
-112 -114 0
-112 -115 0
-112 -116 0
-112 -117 0
-112 -118 0
-112 -119 0
-112 -120 0
-112 -121 0
-112 -122 0
-112 -123 0
-112 -124 0
-112 -125 0
-112 -126 0
-112 -127 0
-112 -128 0
-112 -129 0
-112 -130 0
-112 -131 0
-112 -132 0
-112 -133 0
-112 -134 0
-112 -135 0
-112 -136 0
-112 -137 0
-112 -138 0
-112 -139 0
-112 -140 0
-112 -141 0
-112 -142 0
-112 -143 0
-112 -144 0
-113 -114 0
-113 -115 0
-113 -116 0
-113 -117 0
-113 -118 0
-113 -119 0
-113 -120 0
-113 -121 0
-113 -122 0
-113 -123 0
-113 -124 0
-113 -125 0
-113 -126 0
-113 -127 0
-113 -128 0
-113 -129 0
-113 -130 0
-113 -131 0
-113 -132 0
-113 -133 0
-113 -134 0
-113 -135 0
-113 -136 0
-113 -137 0
-113 -138 0
-113 -139 0
-113 -140 0
-113 -141 0
-113 -142 0
-113 -143 0
-113 -144 0
-114 -115 0
-114 -116 0
-114 -117 0
-114 -118 0
-114 -119 0
-114 -120 0
-114 -121 0
-114 -122 0
-114 -123 0
-114 -124 0
-114 -125 0
-114 -126 0
-114 -127 0
-114 -128 0
-114 -129 0
-114 -130 0
-114 -131 0
-114 -132 0
-114 -133 0
-114 -134 0
-114 -135 0
-114 -136 0
-114 -137 0
-114 -138 0
-114 -139 0
-114 -140 0
-114 -141 0
-114 -142 0
-114 -143 0
-114 -144 0
-115 -116 0
-115 -117 0
-115 -118 0
-115 -119 0
-115 -120 0
-115 -121 0
-115 -122 0
-115 -123 0
-115 -124 0
-115 -125 0
-115 -126 0
-115 -127 0
-115 -128 0
-115 -129 0
-115 -130 0
-115 -131 0
-115 -132 0
-115 -133 0
-115 -134 0
-115 -135 0
-115 -136 0
-115 -137 0
-115 -138 0
-115 -139 0
-115 -140 0
-115 -141 0
-115 -142 0
-115 -143 0
-115 -144 0
-116 -117 0
-116 -118 0
-116 -119 0
-116 -120 0
-116 -121 0
-116 -122 0
-116 -123 0
-116 -124 0
-116 -125 0
-116 -126 0
-116 -127 0
-116 -128 0
-116 -129 0
-116 -130 0
-116 -131 0
-116 -132 0
-116 -133 0
-116 -134 0
-116 -135 0
-116 -136 0
-116 -137 0
-116 -138 0
-116 -139 0
-116 -140 0
-116 -141 0
-116 -142 0
-116 -143 0
-116 -144 0
-117 -118 0
-117 -119 0
-117 -120 0
-117 -121 0
-117 -122 0
-117 -123 0
-117 -124 0
-117 -125 0
-117 -126 0
-117 -127 0
-117 -128 0
-117 -129 0
-117 -130 0
-117 -131 0
-117 -132 0
-117 -133 0
-117 -134 0
-117 -135 0
-117 -136 0
-117 -137 0
-117 -138 0
-117 -139 0
-117 -140 0
-117 -141 0
-117 -142 0
-117 -143 0
-117 -144 0
-118 -119 0
-118 -120 0
-118 -121 0
-118 -122 0
-118 -123 0
-118 -124 0
-118 -125 0
-118 -126 0
-118 -127 0
-118 -128 0
-118 -129 0
-118 -130 0
-118 -131 0
-118 -132 0
-118 -133 0
-118 -134 0
-118 -135 0
-118 -136 0
-118 -137 0
-118 -138 0
-118 -139 0
-118 -140 0
-118 -141 0
-118 -142 0
-118 -143 0
-118 -144 0
-119 -120 0
-119 -121 0
-119 -122 0
-119 -123 0
-119 -124 0
-119 -125 0
-119 -126 0
-119 -127 0
-119 -128 0
-119 -129 0
-119 -130 0
-119 -131 0
-119 -132 0
-119 -133 0
-119 -134 0
-119 -135 0
-119 -136 0
-119 -137 0
-119 -138 0
-119 -139 0
-119 -140 0
-119 -141 0
-119 -142 0
-119 -143 0
-119 -144 0
-120 -121 0
-120 -122 0
-120 -123 0
-120 -124 0
-120 -125 0
-120 -126 0
-120 -127 0
-120 -128 0
-120 -129 0
-120 -130 0
-120 -131 0
-120 -132 0
-120 -133 0
-120 -134 0
-120 -135 0
-120 -136 0
-120 -137 0
-120 -138 0
-120 -139 0
-120 -140 0
-120 -141 0
-120 -142 0
-120 -143 0
-120 -144 0
-121 -122 0
-121 -123 0
-121 -124 0
-121 -125 0
-121 -126 0
-121 -127 0
-121 -128 0
-121 -129 0
-121 -130 0
-121 -131 0
-121 -132 0
-121 -133 0
-121 -134 0
-121 -135 0
-121 -136 0
-121 -137 0
-121 -138 0
-121 -139 0
-121 -140 0
-121 -141 0
-121 -142 0
-121 -143 0
-121 -144 0
-122 -123 0
-122 -124 0
-122 -125 0
-122 -126 0
-122 -127 0
-122 -128 0
-122 -129 0
-122 -130 0
-122 -131 0
-122 -132 0
-122 -133 0
-122 -134 0
-122 -135 0
-122 -136 0
-122 -137 0
-122 -138 0
-122 -139 0
-122 -140 0
-122 -141 0
-122 -142 0
-122 -143 0
-122 -144 0
-123 -124 0
-123 -125 0
-123 -126 0
-123 -127 0
-123 -128 0
-123 -129 0
-123 -130 0
-123 -131 0
-123 -132 0
-123 -133 0
-123 -134 0
-123 -135 0
-123 -136 0
-123 -137 0
-123 -138 0
-123 -139 0
-123 -140 0
-123 -141 0
-123 -142 0
-123 -143 0
-123 -144 0
-124 -125 0
-124 -126 0
-124 -127 0
-124 -128 0
-124 -129 0
-124 -130 0
-124 -131 0
-124 -132 0
-124 -133 0
-124 -134 0
-124 -135 0
-124 -136 0
-124 -137 0
-124 -138 0
-124 -139 0
-124 -140 0
-124 -141 0
-124 -142 0
-124 -143 0
-124 -144 0
-125 -126 0
-125 -127 0
-125 -128 0
-125 -129 0
-125 -130 0
-125 -131 0
-125 -132 0
-125 -133 0
-125 -134 0
-125 -135 0
-125 -136 0
-125 -137 0
-125 -138 0
-125 -139 0
-125 -140 0
-125 -141 0
-125 -142 0
-125 -143 0
-125 -144 0
-126 -127 0
-126 -128 0
-126 -129 0
-126 -130 0
-126 -131 0
-126 -132 0
-126 -133 0
-126 -134 0
-126 -135 0
-126 -136 0
-126 -137 0
-126 -138 0
-126 -139 0
-126 -140 0
-126 -141 0
-126 -142 0
-126 -143 0
-126 -144 0
-127 -128 0
-127 -129 0
-127 -130 0
-127 -131 0
-127 -132 0
-127 -133 0
-127 -134 0
-127 -135 0
-127 -136 0
-127 -137 0
-127 -138 0
-127 -139 0
-127 -140 0
-127 -141 0
-127 -142 0
-127 -143 0
-127 -144 0
-128 -129 0
-128 -130 0
-128 -131 0
-128 -132 0
-128 -133 0
-128 -134 0
-128 -135 0
-128 -136 0
-128 -137 0
-128 -138 0
-128 -139 0
-128 -140 0
-128 -141 0
-128 -142 0
-128 -143 0
-128 -144 0
-129 -130 0
-129 -131 0
-129 -132 0
-129 -133 0
-129 -134 0
-129 -135 0
-129 -136 0
-129 -137 0
-129 -138 0
-129 -139 0
-129 -140 0
-129 -141 0
-129 -142 0
-129 -143 0
-129 -144 0
-130 -131 0
-130 -132 0
-130 -133 0
-130 -134 0
-130 -135 0
-130 -136 0
-130 -137 0
-130 -138 0
-130 -139 0
-130 -140 0
-130 -141 0
-130 -142 0
-130 -143 0
-130 -144 0
-131 -132 0
-131 -133 0
-131 -134 0
-131 -135 0
-131 -136 0
-131 -137 0
-131 -138 0
-131 -139 0
-131 -140 0
-131 -141 0
-131 -142 0
-131 -143 0
-131 -144 0
-132 -133 0
-132 -134 0
-132 -135 0
-132 -136 0
-132 -137 0
-132 -138 0
-132 -139 0
-132 -140 0
-132 -141 0
-132 -142 0
-132 -143 0
-132 -144 0
-133 -134 0
-133 -135 0
-133 -136 0
-133 -137 0
-133 -138 0
-133 -139 0
-133 -140 0
-133 -141 0
-133 -142 0
-133 -143 0
-133 -144 0
-134 -135 0
-134 -136 0
-134 -137 0
-134 -138 0
-134 -139 0
-134 -140 0
-134 -141 0
-134 -142 0
-134 -143 0
-134 -144 0
-135 -136 0
-135 -137 0
-135 -138 0
-135 -139 0
-135 -140 0
-135 -141 0
-135 -142 0
-135 -143 0
-135 -144 0
-136 -137 0
-136 -138 0
-136 -139 0
-136 -140 0
-136 -141 0
-136 -142 0
-136 -143 0
-136 -144 0
-137 -138 0
-137 -139 0
-137 -140 0
-137 -141 0
-137 -142 0
-137 -143 0
-137 -144 0
-138 -139 0
-138 -140 0
-138 -141 0
-138 -142 0
-138 -143 0
-138 -144 0
-139 -140 0
-139 -141 0
-139 -142 0
-139 -143 0
-139 -144 0
-140 -141 0
-140 -142 0
-140 -143 0
-140 -144 0
-141 -142 0
-141 -143 0
-141 -144 0
-142 -143 0
-142 -144 0
-143 -144 0
-145 -146 0
-145 -147 0
-145 -148 0
-145 -149 0
-145 -150 0
-145 -151 0
-145 -152 0
-145 -153 0
-145 -154 0
-145 -155 0
-145 -156 0
-145 -157 0
-145 -158 0
-145 -159 0
-145 -160 0
-145 -161 0
-145 -162 0
-145 -163 0
-145 -164 0
-145 -165 0
-145 -166 0
-145 -167 0
-145 -168 0
-145 -169 0
-145 -170 0
-145 -171 0
-145 -172 0
-145 -173 0
-145 -174 0
-145 -175 0
-145 -176 0
-145 -177 0
-145 -178 0
-145 -179 0
-145 -180 0
-146 -147 0
-146 -148 0
-146 -149 0
-146 -150 0
-146 -151 0
-146 -152 0
-146 -153 0
-146 -154 0
-146 -155 0
-146 -156 0
-146 -157 0
-146 -158 0
-146 -159 0
-146 -160 0
-146 -161 0
-146 -162 0
-146 -163 0
-146 -164 0
-146 -165 0
-146 -166 0
-146 -167 0
-146 -168 0
-146 -169 0
-146 -170 0
-146 -171 0
-146 -172 0
-146 -173 0
-146 -174 0
-146 -175 0
-146 -176 0
-146 -177 0
-146 -178 0
-146 -179 0
-146 -180 0
-147 -148 0
-147 -149 0
-147 -150 0
-147 -151 0
-147 -152 0
-147 -153 0
-147 -154 0
-147 -155 0
-147 -156 0
-147 -157 0
-147 -158 0
-147 -159 0
-147 -160 0
-147 -161 0
-147 -162 0
-147 -163 0
-147 -164 0
-147 -165 0
-147 -166 0
-147 -167 0
-147 -168 0
-147 -169 0
-147 -170 0
-147 -171 0
-147 -172 0
-147 -173 0
-147 -174 0
-147 -175 0
-147 -176 0
-147 -177 0
-147 -178 0
-147 -179 0
-147 -180 0
-148 -149 0
-148 -150 0
-148 -151 0
-148 -152 0
-148 -153 0
-148 -154 0
-148 -155 0
-148 -156 0
-148 -157 0
-148 -158 0
-148 -159 0
-148 -160 0
-148 -161 0
-148 -162 0
-148 -163 0
-148 -164 0
-148 -165 0
-148 -166 0
-148 -167 0
-148 -168 0
-148 -169 0
-148 -170 0
-148 -171 0
-148 -172 0
-148 -173 0
-148 -174 0
-148 -175 0
-148 -176 0
-148 -177 0
-148 -178 0
-148 -179 0
-148 -180 0
-149 -150 0
-149 -151 0
-149 -152 0
-149 -153 0
-149 -154 0
-149 -155 0
-149 -156 0
-149 -157 0
-149 -158 0
-149 -159 0
-149 -160 0
-149 -161 0
-149 -162 0
-149 -163 0
-149 -164 0
-149 -165 0
-149 -166 0
-149 -167 0
-149 -168 0
-149 -169 0
-149 -170 0
-149 -171 0
-149 -172 0
-149 -173 0
-149 -174 0
-149 -175 0
-149 -176 0
-149 -177 0
-149 -178 0
-149 -179 0
-149 -180 0
-150 -151 0
-150 -152 0
-150 -153 0
-150 -154 0
-150 -155 0
-150 -156 0
-150 -157 0
-150 -158 0
-150 -159 0
-150 -160 0
-150 -161 0
-150 -162 0
-150 -163 0
-150 -164 0
-150 -165 0
-150 -166 0
-150 -167 0
-150 -168 0
-150 -169 0
-150 -170 0
-150 -171 0
-150 -172 0
-150 -173 0
-150 -174 0
-150 -175 0
-150 -176 0
-150 -177 0
-150 -178 0
-150 -179 0
-150 -180 0
-151 -152 0
-151 -153 0
-151 -154 0
-151 -155 0
-151 -156 0
-151 -157 0
-151 -158 0
-151 -159 0
-151 -160 0
-151 -161 0
-151 -162 0
-151 -163 0
-151 -164 0
-151 -165 0
-151 -166 0
-151 -167 0
-151 -168 0
-151 -169 0
-151 -170 0
-151 -171 0
-151 -172 0
-151 -173 0
-151 -174 0
-151 -175 0
-151 -176 0
-151 -177 0
-151 -178 0
-151 -179 0
-151 -180 0
-152 -153 0
-152 -154 0
-152 -155 0
-152 -156 0
-152 -157 0
-152 -158 0
-152 -159 0
-152 -160 0
-152 -161 0
-152 -162 0
-152 -163 0
-152 -164 0
-152 -165 0
-152 -166 0
-152 -167 0
-152 -168 0
-152 -169 0
-152 -170 0
-152 -171 0
-152 -172 0
-152 -173 0
-152 -174 0
-152 -175 0
-152 -176 0
-152 -177 0
-152 -178 0
-152 -179 0
-152 -180 0
-153 -154 0
-153 -155 0
-153 -156 0
-153 -157 0
-153 -158 0
-153 -159 0
-153 -160 0
-153 -161 0
-153 -162 0
-153 -163 0
-153 -164 0
-153 -165 0
-153 -166 0
-153 -167 0
-153 -168 0
-153 -169 0
-153 -170 0
-153 -171 0
-153 -172 0
-153 -173 0
-153 -174 0
-153 -175 0
-153 -176 0
-153 -177 0
-153 -178 0
-153 -179 0
-153 -180 0
-154 -155 0
-154 -156 0
-154 -157 0
-154 -158 0
-154 -159 0
-154 -160 0
-154 -161 0
-154 -162 0
-154 -163 0
-154 -164 0
-154 -165 0
-154 -166 0
-154 -167 0
-154 -168 0
-154 -169 0
-154 -170 0
-154 -171 0
-154 -172 0
-154 -173 0
-154 -174 0
-154 -175 0
-154 -176 0
-154 -177 0
-154 -178 0
-154 -179 0
-154 -180 0
-155 -156 0
-155 -157 0
-155 -158 0
-155 -159 0
-155 -160 0
-155 -161 0
-155 -162 0
-155 -163 0
-155 -164 0
-155 -165 0
-155 -166 0
-155 -167 0
-155 -168 0
-155 -169 0
-155 -170 0
-155 -171 0
-155 -172 0
-155 -173 0
-155 -174 0
-155 -175 0
-155 -176 0
-155 -177 0
-155 -178 0
-155 -179 0
-155 -180 0
-156 -157 0
-156 -158 0
-156 -159 0
-156 -160 0
-156 -161 0
-156 -162 0
-156 -163 0
-156 -164 0
-156 -165 0
-156 -166 0
-156 -167 0
-156 -168 0
-156 -169 0
-156 -170 0
-156 -171 0
-156 -172 0
-156 -173 0
-156 -174 0
-156 -175 0
-156 -176 0
-156 -177 0
-156 -178 0
-156 -179 0
-156 -180 0
-157 -158 0
-157 -159 0
-157 -160 0
-157 -161 0
-157 -162 0
-157 -163 0
-157 -164 0
-157 -165 0
-157 -166 0
-157 -167 0
-157 -168 0
-157 -169 0
-157 -170 0
-157 -171 0
-157 -172 0
-157 -173 0
-157 -174 0
-157 -175 0
-157 -176 0
-157 -177 0
-157 -178 0
-157 -179 0
-157 -180 0
-158 -159 0
-158 -160 0
-158 -161 0
-158 -162 0
-158 -163 0
-158 -164 0
-158 -165 0
-158 -166 0
-158 -167 0
-158 -168 0
-158 -169 0
-158 -170 0
-158 -171 0
-158 -172 0
-158 -173 0
-158 -174 0
-158 -175 0
-158 -176 0
-158 -177 0
-158 -178 0
-158 -179 0
-158 -180 0
-159 -160 0
-159 -161 0
-159 -162 0
-159 -163 0
-159 -164 0
-159 -165 0
-159 -166 0
-159 -167 0
-159 -168 0
-159 -169 0
-159 -170 0
-159 -171 0
-159 -172 0
-159 -173 0
-159 -174 0
-159 -175 0
-159 -176 0
-159 -177 0
-159 -178 0
-159 -179 0
-159 -180 0
-160 -161 0
-160 -162 0
-160 -163 0
-160 -164 0
-160 -165 0
-160 -166 0
-160 -167 0
-160 -168 0
-160 -169 0
-160 -170 0
-160 -171 0
-160 -172 0
-160 -173 0
-160 -174 0
-160 -175 0
-160 -176 0
-160 -177 0
-160 -178 0
-160 -179 0
-160 -180 0
-161 -162 0
-161 -163 0
-161 -164 0
-161 -165 0
-161 -166 0
-161 -167 0
-161 -168 0
-161 -169 0
-161 -170 0
-161 -171 0
-161 -172 0
-161 -173 0
-161 -174 0
-161 -175 0
-161 -176 0
-161 -177 0
-161 -178 0
-161 -179 0
-161 -180 0
-162 -163 0
-162 -164 0
-162 -165 0
-162 -166 0
-162 -167 0
-162 -168 0
-162 -169 0
-162 -170 0
-162 -171 0
-162 -172 0
-162 -173 0
-162 -174 0
-162 -175 0
-162 -176 0
-162 -177 0
-162 -178 0
-162 -179 0
-162 -180 0
-163 -164 0
-163 -165 0
-163 -166 0
-163 -167 0
-163 -168 0
-163 -169 0
-163 -170 0
-163 -171 0
-163 -172 0
-163 -173 0
-163 -174 0
-163 -175 0
-163 -176 0
-163 -177 0
-163 -178 0
-163 -179 0
-163 -180 0
-164 -165 0
-164 -166 0
-164 -167 0
-164 -168 0
-164 -169 0
-164 -170 0
-164 -171 0
-164 -172 0
-164 -173 0
-164 -174 0
-164 -175 0
-164 -176 0
-164 -177 0
-164 -178 0
-164 -179 0
-164 -180 0
-165 -166 0
-165 -167 0
-165 -168 0
-165 -169 0
-165 -170 0
-165 -171 0
-165 -172 0
-165 -173 0
-165 -174 0
-165 -175 0
-165 -176 0
-165 -177 0
-165 -178 0
-165 -179 0
-165 -180 0
-166 -167 0
-166 -168 0
-166 -169 0
-166 -170 0
-166 -171 0
-166 -172 0
-166 -173 0
-166 -174 0
-166 -175 0
-166 -176 0
-166 -177 0
-166 -178 0
-166 -179 0
-166 -180 0
-167 -168 0
-167 -169 0
-167 -170 0
-167 -171 0
-167 -172 0
-167 -173 0
-167 -174 0
-167 -175 0
-167 -176 0
-167 -177 0
-167 -178 0
-167 -179 0
-167 -180 0
-168 -169 0
-168 -170 0
-168 -171 0
-168 -172 0
-168 -173 0
-168 -174 0
-168 -175 0
-168 -176 0
-168 -177 0
-168 -178 0
-168 -179 0
-168 -180 0
-169 -170 0
-169 -171 0
-169 -172 0
-169 -173 0
-169 -174 0
-169 -175 0
-169 -176 0
-169 -177 0
-169 -178 0
-169 -179 0
-169 -180 0
-170 -171 0
-170 -172 0
-170 -173 0
-170 -174 0
-170 -175 0
-170 -176 0
-170 -177 0
-170 -178 0
-170 -179 0
-170 -180 0
-171 -172 0
-171 -173 0
-171 -174 0
-171 -175 0
-171 -176 0
-171 -177 0
-171 -178 0
-171 -179 0
-171 -180 0
-172 -173 0
-172 -174 0
-172 -175 0
-172 -176 0
-172 -177 0
-172 -178 0
-172 -179 0
-172 -180 0
-173 -174 0
-173 -175 0
-173 -176 0
-173 -177 0
-173 -178 0
-173 -179 0
-173 -180 0
-174 -175 0
-174 -176 0
-174 -177 0
-174 -178 0
-174 -179 0
-174 -180 0
-175 -176 0
-175 -177 0
-175 -178 0
-175 -179 0
-175 -180 0
-176 -177 0
-176 -178 0
-176 -179 0
-176 -180 0
-177 -178 0
-177 -179 0
-177 -180 0
-178 -179 0
-178 -180 0
-179 -180 0
-181 -182 0
-181 -183 0
-181 -184 0
-181 -185 0
-181 -186 0
-181 -187 0
-181 -188 0
-181 -189 0
-181 -190 0
-181 -191 0
-181 -192 0
-181 -193 0
-181 -194 0
-181 -195 0
-181 -196 0
-181 -197 0
-181 -198 0
-181 -199 0
-181 -200 0
-181 -201 0
-181 -202 0
-181 -203 0
-181 -204 0
-181 -205 0
-181 -206 0
-181 -207 0
-181 -208 0
-181 -209 0
-181 -210 0
-181 -211 0
-181 -212 0
-181 -213 0
-181 -214 0
-181 -215 0
-181 -216 0
-182 -183 0
-182 -184 0
-182 -185 0
-182 -186 0
-182 -187 0
-182 -188 0
-182 -189 0
-182 -190 0
-182 -191 0
-182 -192 0
-182 -193 0
-182 -194 0
-182 -195 0
-182 -196 0
-182 -197 0
-182 -198 0
-182 -199 0
-182 -200 0
-182 -201 0
-182 -202 0
-182 -203 0
-182 -204 0
-182 -205 0
-182 -206 0
-182 -207 0
-182 -208 0
-182 -209 0
-182 -210 0
-182 -211 0
-182 -212 0
-182 -213 0
-182 -214 0
-182 -215 0
-182 -216 0
-183 -184 0
-183 -185 0
-183 -186 0
-183 -187 0
-183 -188 0
-183 -189 0
-183 -190 0
-183 -191 0
-183 -192 0
-183 -193 0
-183 -194 0
-183 -195 0
-183 -196 0
-183 -197 0
-183 -198 0
-183 -199 0
-183 -200 0
-183 -201 0
-183 -202 0
-183 -203 0
-183 -204 0
-183 -205 0
-183 -206 0
-183 -207 0
-183 -208 0
-183 -209 0
-183 -210 0
-183 -211 0
-183 -212 0
-183 -213 0
-183 -214 0
-183 -215 0
-183 -216 0
-184 -185 0
-184 -186 0
-184 -187 0
-184 -188 0
-184 -189 0
-184 -190 0
-184 -191 0
-184 -192 0
-184 -193 0
-184 -194 0
-184 -195 0
-184 -196 0
-184 -197 0
-184 -198 0
-184 -199 0
-184 -200 0
-184 -201 0
-184 -202 0
-184 -203 0
-184 -204 0
-184 -205 0
-184 -206 0
-184 -207 0
-184 -208 0
-184 -209 0
-184 -210 0
-184 -211 0
-184 -212 0
-184 -213 0
-184 -214 0
-184 -215 0
-184 -216 0
-185 -186 0
-185 -187 0
-185 -188 0
-185 -189 0
-185 -190 0
-185 -191 0
-185 -192 0
-185 -193 0
-185 -194 0
-185 -195 0
-185 -196 0
-185 -197 0
-185 -198 0
-185 -199 0
-185 -200 0
-185 -201 0
-185 -202 0
-185 -203 0
-185 -204 0
-185 -205 0
-185 -206 0
-185 -207 0
-185 -208 0
-185 -209 0
-185 -210 0
-185 -211 0
-185 -212 0
-185 -213 0
-185 -214 0
-185 -215 0
-185 -216 0
-186 -187 0
-186 -188 0
-186 -189 0
-186 -190 0
-186 -191 0
-186 -192 0
-186 -193 0
-186 -194 0
-186 -195 0
-186 -196 0
-186 -197 0
-186 -198 0
-186 -199 0
-186 -200 0
-186 -201 0
-186 -202 0
-186 -203 0
-186 -204 0
-186 -205 0
-186 -206 0
-186 -207 0
-186 -208 0
-186 -209 0
-186 -210 0
-186 -211 0
-186 -212 0
-186 -213 0
-186 -214 0
-186 -215 0
-186 -216 0
-187 -188 0
-187 -189 0
-187 -190 0
-187 -191 0
-187 -192 0
-187 -193 0
-187 -194 0
-187 -195 0
-187 -196 0
-187 -197 0
-187 -198 0
-187 -199 0
-187 -200 0
-187 -201 0
-187 -202 0
-187 -203 0
-187 -204 0
-187 -205 0
-187 -206 0
-187 -207 0
-187 -208 0
-187 -209 0
-187 -210 0
-187 -211 0
-187 -212 0
-187 -213 0
-187 -214 0
-187 -215 0
-187 -216 0
-188 -189 0
-188 -190 0
-188 -191 0
-188 -192 0
-188 -193 0
-188 -194 0
-188 -195 0
-188 -196 0
-188 -197 0
-188 -198 0
-188 -199 0
-188 -200 0
-188 -201 0
-188 -202 0
-188 -203 0
-188 -204 0
-188 -205 0
-188 -206 0
-188 -207 0
-188 -208 0
-188 -209 0
-188 -210 0
-188 -211 0
-188 -212 0
-188 -213 0
-188 -214 0
-188 -215 0
-188 -216 0
-189 -190 0
-189 -191 0
-189 -192 0
-189 -193 0
-189 -194 0
-189 -195 0
-189 -196 0
-189 -197 0
-189 -198 0
-189 -199 0
-189 -200 0
-189 -201 0
-189 -202 0
-189 -203 0
-189 -204 0
-189 -205 0
-189 -206 0
-189 -207 0
-189 -208 0
-189 -209 0
-189 -210 0
-189 -211 0
-189 -212 0
-189 -213 0
-189 -214 0
-189 -215 0
-189 -216 0
-190 -191 0
-190 -192 0
-190 -193 0
-190 -194 0
-190 -195 0
-190 -196 0
-190 -197 0
-190 -198 0
-190 -199 0
-190 -200 0
-190 -201 0
-190 -202 0
-190 -203 0
-190 -204 0
-190 -205 0
-190 -206 0
-190 -207 0
-190 -208 0
-190 -209 0
-190 -210 0
-190 -211 0
-190 -212 0
-190 -213 0
-190 -214 0
-190 -215 0
-190 -216 0
-191 -192 0
-191 -193 0
-191 -194 0
-191 -195 0
-191 -196 0
-191 -197 0
-191 -198 0
-191 -199 0
-191 -200 0
-191 -201 0
-191 -202 0
-191 -203 0
-191 -204 0
-191 -205 0
-191 -206 0
-191 -207 0
-191 -208 0
-191 -209 0
-191 -210 0
-191 -211 0
-191 -212 0
-191 -213 0
-191 -214 0
-191 -215 0
-191 -216 0
-192 -193 0
-192 -194 0
-192 -195 0
-192 -196 0
-192 -197 0
-192 -198 0
-192 -199 0
-192 -200 0
-192 -201 0
-192 -202 0
-192 -203 0
-192 -204 0
-192 -205 0
-192 -206 0
-192 -207 0
-192 -208 0
-192 -209 0
-192 -210 0
-192 -211 0
-192 -212 0
-192 -213 0
-192 -214 0
-192 -215 0
-192 -216 0
-193 -194 0
-193 -195 0
-193 -196 0
-193 -197 0
-193 -198 0
-193 -199 0
-193 -200 0
-193 -201 0
-193 -202 0
-193 -203 0
-193 -204 0
-193 -205 0
-193 -206 0
-193 -207 0
-193 -208 0
-193 -209 0
-193 -210 0
-193 -211 0
-193 -212 0
-193 -213 0
-193 -214 0
-193 -215 0
-193 -216 0
-194 -195 0
-194 -196 0
-194 -197 0
-194 -198 0
-194 -199 0
-194 -200 0
-194 -201 0
-194 -202 0
-194 -203 0
-194 -204 0
-194 -205 0
-194 -206 0
-194 -207 0
-194 -208 0
-194 -209 0
-194 -210 0
-194 -211 0
-194 -212 0
-194 -213 0
-194 -214 0
-194 -215 0
-194 -216 0
-195 -196 0
-195 -197 0
-195 -198 0
-195 -199 0
-195 -200 0
-195 -201 0
-195 -202 0
-195 -203 0
-195 -204 0
-195 -205 0
-195 -206 0
-195 -207 0
-195 -208 0
-195 -209 0
-195 -210 0
-195 -211 0
-195 -212 0
-195 -213 0
-195 -214 0
-195 -215 0
-195 -216 0
-196 -197 0
-196 -198 0
-196 -199 0
-196 -200 0
-196 -201 0
-196 -202 0
-196 -203 0
-196 -204 0
-196 -205 0
-196 -206 0
-196 -207 0
-196 -208 0
-196 -209 0
-196 -210 0
-196 -211 0
-196 -212 0
-196 -213 0
-196 -214 0
-196 -215 0
-196 -216 0
-197 -198 0
-197 -199 0
-197 -200 0
-197 -201 0
-197 -202 0
-197 -203 0
-197 -204 0
-197 -205 0
-197 -206 0
-197 -207 0
-197 -208 0
-197 -209 0
-197 -210 0
-197 -211 0
-197 -212 0
-197 -213 0
-197 -214 0
-197 -215 0
-197 -216 0
-198 -199 0
-198 -200 0
-198 -201 0
-198 -202 0
-198 -203 0
-198 -204 0
-198 -205 0
-198 -206 0
-198 -207 0
-198 -208 0
-198 -209 0
-198 -210 0
-198 -211 0
-198 -212 0
-198 -213 0
-198 -214 0
-198 -215 0
-198 -216 0
-199 -200 0
-199 -201 0
-199 -202 0
-199 -203 0
-199 -204 0
-199 -205 0
-199 -206 0
-199 -207 0
-199 -208 0
-199 -209 0
-199 -210 0
-199 -211 0
-199 -212 0
-199 -213 0
-199 -214 0
-199 -215 0
-199 -216 0
-200 -201 0
-200 -202 0
-200 -203 0
-200 -204 0
-200 -205 0
-200 -206 0
-200 -207 0
-200 -208 0
-200 -209 0
-200 -210 0
-200 -211 0
-200 -212 0
-200 -213 0
-200 -214 0
-200 -215 0
-200 -216 0
-201 -202 0
-201 -203 0
-201 -204 0
-201 -205 0
-201 -206 0
-201 -207 0
-201 -208 0
-201 -209 0
-201 -210 0
-201 -211 0
-201 -212 0
-201 -213 0
-201 -214 0
-201 -215 0
-201 -216 0
-202 -203 0
-202 -204 0
-202 -205 0
-202 -206 0
-202 -207 0
-202 -208 0
-202 -209 0
-202 -210 0
-202 -211 0
-202 -212 0
-202 -213 0
-202 -214 0
-202 -215 0
-202 -216 0
-203 -204 0
-203 -205 0
-203 -206 0
-203 -207 0
-203 -208 0
-203 -209 0
-203 -210 0
-203 -211 0
-203 -212 0
-203 -213 0
-203 -214 0
-203 -215 0
-203 -216 0
-204 -205 0
-204 -206 0
-204 -207 0
-204 -208 0
-204 -209 0
-204 -210 0
-204 -211 0
-204 -212 0
-204 -213 0
-204 -214 0
-204 -215 0
-204 -216 0
-205 -206 0
-205 -207 0
-205 -208 0
-205 -209 0
-205 -210 0
-205 -211 0
-205 -212 0
-205 -213 0
-205 -214 0
-205 -215 0
-205 -216 0
-206 -207 0
-206 -208 0
-206 -209 0
-206 -210 0
-206 -211 0
-206 -212 0
-206 -213 0
-206 -214 0
-206 -215 0
-206 -216 0
-207 -208 0
-207 -209 0
-207 -210 0
-207 -211 0
-207 -212 0
-207 -213 0
-207 -214 0
-207 -215 0
-207 -216 0
-208 -209 0
-208 -210 0
-208 -211 0
-208 -212 0
-208 -213 0
-208 -214 0
-208 -215 0
-208 -216 0
-209 -210 0
-209 -211 0
-209 -212 0
-209 -213 0
-209 -214 0
-209 -215 0
-209 -216 0
-210 -211 0
-210 -212 0
-210 -213 0
-210 -214 0
-210 -215 0
-210 -216 0
-211 -212 0
-211 -213 0
-211 -214 0
-211 -215 0
-211 -216 0
-212 -213 0
-212 -214 0
-212 -215 0
-212 -216 0
-213 -214 0
-213 -215 0
-213 -216 0
-214 -215 0
-214 -216 0
-215 -216 0
-217 -218 0
-217 -219 0
-217 -220 0
-217 -221 0
-217 -222 0
-217 -223 0
-217 -224 0
-217 -225 0
-217 -226 0
-217 -227 0
-217 -228 0
-217 -229 0
-217 -230 0
-217 -231 0
-217 -232 0
-217 -233 0
-217 -234 0
-217 -235 0
-217 -236 0
-217 -237 0
-217 -238 0
-217 -239 0
-217 -240 0
-217 -241 0
-217 -242 0
-217 -243 0
-217 -244 0
-217 -245 0
-217 -246 0
-217 -247 0
-217 -248 0
-217 -249 0
-217 -250 0
-217 -251 0
-217 -252 0
-218 -219 0
-218 -220 0
-218 -221 0
-218 -222 0
-218 -223 0
-218 -224 0
-218 -225 0
-218 -226 0
-218 -227 0
-218 -228 0
-218 -229 0
-218 -230 0
-218 -231 0
-218 -232 0
-218 -233 0
-218 -234 0
-218 -235 0
-218 -236 0
-218 -237 0
-218 -238 0
-218 -239 0
-218 -240 0
-218 -241 0
-218 -242 0
-218 -243 0
-218 -244 0
-218 -245 0
-218 -246 0
-218 -247 0
-218 -248 0
-218 -249 0
-218 -250 0
-218 -251 0
-218 -252 0
-219 -220 0
-219 -221 0
-219 -222 0
-219 -223 0
-219 -224 0
-219 -225 0
-219 -226 0
-219 -227 0
-219 -228 0
-219 -229 0
-219 -230 0
-219 -231 0
-219 -232 0
-219 -233 0
-219 -234 0
-219 -235 0
-219 -236 0
-219 -237 0
-219 -238 0
-219 -239 0
-219 -240 0
-219 -241 0
-219 -242 0
-219 -243 0
-219 -244 0
-219 -245 0
-219 -246 0
-219 -247 0
-219 -248 0
-219 -249 0
-219 -250 0
-219 -251 0
-219 -252 0
-220 -221 0
-220 -222 0
-220 -223 0
-220 -224 0
-220 -225 0
-220 -226 0
-220 -227 0
-220 -228 0
-220 -229 0
-220 -230 0
-220 -231 0
-220 -232 0
-220 -233 0
-220 -234 0
-220 -235 0
-220 -236 0
-220 -237 0
-220 -238 0
-220 -239 0
-220 -240 0
-220 -241 0
-220 -242 0
-220 -243 0
-220 -244 0
-220 -245 0
-220 -246 0
-220 -247 0
-220 -248 0
-220 -249 0
-220 -250 0
-220 -251 0
-220 -252 0
-221 -222 0
-221 -223 0
-221 -224 0
-221 -225 0
-221 -226 0
-221 -227 0
-221 -228 0
-221 -229 0
-221 -230 0
-221 -231 0
-221 -232 0
-221 -233 0
-221 -234 0
-221 -235 0
-221 -236 0
-221 -237 0
-221 -238 0
-221 -239 0
-221 -240 0
-221 -241 0
-221 -242 0
-221 -243 0
-221 -244 0
-221 -245 0
-221 -246 0
-221 -247 0
-221 -248 0
-221 -249 0
-221 -250 0
-221 -251 0
-221 -252 0
-222 -223 0
-222 -224 0
-222 -225 0
-222 -226 0
-222 -227 0
-222 -228 0
-222 -229 0
-222 -230 0
-222 -231 0
-222 -232 0
-222 -233 0
-222 -234 0
-222 -235 0
-222 -236 0
-222 -237 0
-222 -238 0
-222 -239 0
-222 -240 0
-222 -241 0
-222 -242 0
-222 -243 0
-222 -244 0
-222 -245 0
-222 -246 0
-222 -247 0
-222 -248 0
-222 -249 0
-222 -250 0
-222 -251 0
-222 -252 0
-223 -224 0
-223 -225 0
-223 -226 0
-223 -227 0
-223 -228 0
-223 -229 0
-223 -230 0
-223 -231 0
-223 -232 0
-223 -233 0
-223 -234 0
-223 -235 0
-223 -236 0
-223 -237 0
-223 -238 0
-223 -239 0
-223 -240 0
-223 -241 0
-223 -242 0
-223 -243 0
-223 -244 0
-223 -245 0
-223 -246 0
-223 -247 0
-223 -248 0
-223 -249 0
-223 -250 0
-223 -251 0
-223 -252 0
-224 -225 0
-224 -226 0
-224 -227 0
-224 -228 0
-224 -229 0
-224 -230 0
-224 -231 0
-224 -232 0
-224 -233 0
-224 -234 0
-224 -235 0
-224 -236 0
-224 -237 0
-224 -238 0
-224 -239 0
-224 -240 0
-224 -241 0
-224 -242 0
-224 -243 0
-224 -244 0
-224 -245 0
-224 -246 0
-224 -247 0
-224 -248 0
-224 -249 0
-224 -250 0
-224 -251 0
-224 -252 0
-225 -226 0
-225 -227 0
-225 -228 0
-225 -229 0
-225 -230 0
-225 -231 0
-225 -232 0
-225 -233 0
-225 -234 0
-225 -235 0
-225 -236 0
-225 -237 0
-225 -238 0
-225 -239 0
-225 -240 0
-225 -241 0
-225 -242 0
-225 -243 0
-225 -244 0
-225 -245 0
-225 -246 0
-225 -247 0
-225 -248 0
-225 -249 0
-225 -250 0
-225 -251 0
-225 -252 0
-226 -227 0
-226 -228 0
-226 -229 0
-226 -230 0
-226 -231 0
-226 -232 0
-226 -233 0
-226 -234 0
-226 -235 0
-226 -236 0
-226 -237 0
-226 -238 0
-226 -239 0
-226 -240 0
-226 -241 0
-226 -242 0
-226 -243 0
-226 -244 0
-226 -245 0
-226 -246 0
-226 -247 0
-226 -248 0
-226 -249 0
-226 -250 0
-226 -251 0
-226 -252 0
-227 -228 0
-227 -229 0
-227 -230 0
-227 -231 0
-227 -232 0
-227 -233 0
-227 -234 0
-227 -235 0
-227 -236 0
-227 -237 0
-227 -238 0
-227 -239 0
-227 -240 0
-227 -241 0
-227 -242 0
-227 -243 0
-227 -244 0
-227 -245 0
-227 -246 0
-227 -247 0
-227 -248 0
-227 -249 0
-227 -250 0
-227 -251 0
-227 -252 0
-228 -229 0
-228 -230 0
-228 -231 0
-228 -232 0
-228 -233 0
-228 -234 0
-228 -235 0
-228 -236 0
-228 -237 0
-228 -238 0
-228 -239 0
-228 -240 0
-228 -241 0
-228 -242 0
-228 -243 0
-228 -244 0
-228 -245 0
-228 -246 0
-228 -247 0
-228 -248 0
-228 -249 0
-228 -250 0
-228 -251 0
-228 -252 0
-229 -230 0
-229 -231 0
-229 -232 0
-229 -233 0
-229 -234 0
-229 -235 0
-229 -236 0
-229 -237 0
-229 -238 0
-229 -239 0
-229 -240 0
-229 -241 0
-229 -242 0
-229 -243 0
-229 -244 0
-229 -245 0
-229 -246 0
-229 -247 0
-229 -248 0
-229 -249 0
-229 -250 0
-229 -251 0
-229 -252 0
-230 -231 0
-230 -232 0
-230 -233 0
-230 -234 0
-230 -235 0
-230 -236 0
-230 -237 0
-230 -238 0
-230 -239 0
-230 -240 0
-230 -241 0
-230 -242 0
-230 -243 0
-230 -244 0
-230 -245 0
-230 -246 0
-230 -247 0
-230 -248 0
-230 -249 0
-230 -250 0
-230 -251 0
-230 -252 0
-231 -232 0
-231 -233 0
-231 -234 0
-231 -235 0
-231 -236 0
-231 -237 0
-231 -238 0
-231 -239 0
-231 -240 0
-231 -241 0
-231 -242 0
-231 -243 0
-231 -244 0
-231 -245 0
-231 -246 0
-231 -247 0
-231 -248 0
-231 -249 0
-231 -250 0
-231 -251 0
-231 -252 0
-232 -233 0
-232 -234 0
-232 -235 0
-232 -236 0
-232 -237 0
-232 -238 0
-232 -239 0
-232 -240 0
-232 -241 0
-232 -242 0
-232 -243 0
-232 -244 0
-232 -245 0
-232 -246 0
-232 -247 0
-232 -248 0
-232 -249 0
-232 -250 0
-232 -251 0
-232 -252 0
-233 -234 0
-233 -235 0
-233 -236 0
-233 -237 0
-233 -238 0
-233 -239 0
-233 -240 0
-233 -241 0
-233 -242 0
-233 -243 0
-233 -244 0
-233 -245 0
-233 -246 0
-233 -247 0
-233 -248 0
-233 -249 0
-233 -250 0
-233 -251 0
-233 -252 0
-234 -235 0
-234 -236 0
-234 -237 0
-234 -238 0
-234 -239 0
-234 -240 0
-234 -241 0
-234 -242 0
-234 -243 0
-234 -244 0
-234 -245 0
-234 -246 0
-234 -247 0
-234 -248 0
-234 -249 0
-234 -250 0
-234 -251 0
-234 -252 0
-235 -236 0
-235 -237 0
-235 -238 0
-235 -239 0
-235 -240 0
-235 -241 0
-235 -242 0
-235 -243 0
-235 -244 0
-235 -245 0
-235 -246 0
-235 -247 0
-235 -248 0
-235 -249 0
-235 -250 0
-235 -251 0
-235 -252 0
-236 -237 0
-236 -238 0
-236 -239 0
-236 -240 0
-236 -241 0
-236 -242 0
-236 -243 0
-236 -244 0
-236 -245 0
-236 -246 0
-236 -247 0
-236 -248 0
-236 -249 0
-236 -250 0
-236 -251 0
-236 -252 0
-237 -238 0
-237 -239 0
-237 -240 0
-237 -241 0
-237 -242 0
-237 -243 0
-237 -244 0
-237 -245 0
-237 -246 0
-237 -247 0
-237 -248 0
-237 -249 0
-237 -250 0
-237 -251 0
-237 -252 0
-238 -239 0
-238 -240 0
-238 -241 0
-238 -242 0
-238 -243 0
-238 -244 0
-238 -245 0
-238 -246 0
-238 -247 0
-238 -248 0
-238 -249 0
-238 -250 0
-238 -251 0
-238 -252 0
-239 -240 0
-239 -241 0
-239 -242 0
-239 -243 0
-239 -244 0
-239 -245 0
-239 -246 0
-239 -247 0
-239 -248 0
-239 -249 0
-239 -250 0
-239 -251 0
-239 -252 0
-240 -241 0
-240 -242 0
-240 -243 0
-240 -244 0
-240 -245 0
-240 -246 0
-240 -247 0
-240 -248 0
-240 -249 0
-240 -250 0
-240 -251 0
-240 -252 0
-241 -242 0
-241 -243 0
-241 -244 0
-241 -245 0
-241 -246 0
-241 -247 0
-241 -248 0
-241 -249 0
-241 -250 0
-241 -251 0
-241 -252 0
-242 -243 0
-242 -244 0
-242 -245 0
-242 -246 0
-242 -247 0
-242 -248 0
-242 -249 0
-242 -250 0
-242 -251 0
-242 -252 0
-243 -244 0
-243 -245 0
-243 -246 0
-243 -247 0
-243 -248 0
-243 -249 0
-243 -250 0
-243 -251 0
-243 -252 0
-244 -245 0
-244 -246 0
-244 -247 0
-244 -248 0
-244 -249 0
-244 -250 0
-244 -251 0
-244 -252 0
-245 -246 0
-245 -247 0
-245 -248 0
-245 -249 0
-245 -250 0
-245 -251 0
-245 -252 0
-246 -247 0
-246 -248 0
-246 -249 0
-246 -250 0
-246 -251 0
-246 -252 0
-247 -248 0
-247 -249 0
-247 -250 0
-247 -251 0
-247 -252 0
-248 -249 0
-248 -250 0
-248 -251 0
-248 -252 0
-249 -250 0
-249 -251 0
-249 -252 0
-250 -251 0
-250 -252 0
-251 -252 0
-253 -254 0
-253 -255 0
-253 -256 0
-253 -257 0
-253 -258 0
-253 -259 0
-253 -260 0
-253 -261 0
-253 -262 0
-253 -263 0
-253 -264 0
-253 -265 0
-253 -266 0
-253 -267 0
-253 -268 0
-253 -269 0
-253 -270 0
-253 -271 0
-253 -272 0
-253 -273 0
-253 -274 0
-253 -275 0
-253 -276 0
-253 -277 0
-253 -278 0
-253 -279 0
-253 -280 0
-253 -281 0
-253 -282 0
-253 -283 0
-253 -284 0
-253 -285 0
-253 -286 0
-253 -287 0
-253 -288 0
-254 -255 0
-254 -256 0
-254 -257 0
-254 -258 0
-254 -259 0
-254 -260 0
-254 -261 0
-254 -262 0
-254 -263 0
-254 -264 0
-254 -265 0
-254 -266 0
-254 -267 0
-254 -268 0
-254 -269 0
-254 -270 0
-254 -271 0
-254 -272 0
-254 -273 0
-254 -274 0
-254 -275 0
-254 -276 0
-254 -277 0
-254 -278 0
-254 -279 0
-254 -280 0
-254 -281 0
-254 -282 0
-254 -283 0
-254 -284 0
-254 -285 0
-254 -286 0
-254 -287 0
-254 -288 0
-255 -256 0
-255 -257 0
-255 -258 0
-255 -259 0
-255 -260 0
-255 -261 0
-255 -262 0
-255 -263 0
-255 -264 0
-255 -265 0
-255 -266 0
-255 -267 0
-255 -268 0
-255 -269 0
-255 -270 0
-255 -271 0
-255 -272 0
-255 -273 0
-255 -274 0
-255 -275 0
-255 -276 0
-255 -277 0
-255 -278 0
-255 -279 0
-255 -280 0
-255 -281 0
-255 -282 0
-255 -283 0
-255 -284 0
-255 -285 0
-255 -286 0
-255 -287 0
-255 -288 0
-256 -257 0
-256 -258 0
-256 -259 0
-256 -260 0
-256 -261 0
-256 -262 0
-256 -263 0
-256 -264 0
-256 -265 0
-256 -266 0
-256 -267 0
-256 -268 0
-256 -269 0
-256 -270 0
-256 -271 0
-256 -272 0
-256 -273 0
-256 -274 0
-256 -275 0
-256 -276 0
-256 -277 0
-256 -278 0
-256 -279 0
-256 -280 0
-256 -281 0
-256 -282 0
-256 -283 0
-256 -284 0
-256 -285 0
-256 -286 0
-256 -287 0
-256 -288 0
-257 -258 0
-257 -259 0
-257 -260 0
-257 -261 0
-257 -262 0
-257 -263 0
-257 -264 0
-257 -265 0
-257 -266 0
-257 -267 0
-257 -268 0
-257 -269 0
-257 -270 0
-257 -271 0
-257 -272 0
-257 -273 0
-257 -274 0
-257 -275 0
-257 -276 0
-257 -277 0
-257 -278 0
-257 -279 0
-257 -280 0
-257 -281 0
-257 -282 0
-257 -283 0
-257 -284 0
-257 -285 0
-257 -286 0
-257 -287 0
-257 -288 0
-258 -259 0
-258 -260 0
-258 -261 0
-258 -262 0
-258 -263 0
-258 -264 0
-258 -265 0
-258 -266 0
-258 -267 0
-258 -268 0
-258 -269 0
-258 -270 0
-258 -271 0
-258 -272 0
-258 -273 0
-258 -274 0
-258 -275 0
-258 -276 0
-258 -277 0
-258 -278 0
-258 -279 0
-258 -280 0
-258 -281 0
-258 -282 0
-258 -283 0
-258 -284 0
-258 -285 0
-258 -286 0
-258 -287 0
-258 -288 0
-259 -260 0
-259 -261 0
-259 -262 0
-259 -263 0
-259 -264 0
-259 -265 0
-259 -266 0
-259 -267 0
-259 -268 0
-259 -269 0
-259 -270 0
-259 -271 0
-259 -272 0
-259 -273 0
-259 -274 0
-259 -275 0
-259 -276 0
-259 -277 0
-259 -278 0
-259 -279 0
-259 -280 0
-259 -281 0
-259 -282 0
-259 -283 0
-259 -284 0
-259 -285 0
-259 -286 0
-259 -287 0
-259 -288 0
-260 -261 0
-260 -262 0
-260 -263 0
-260 -264 0
-260 -265 0
-260 -266 0
-260 -267 0
-260 -268 0
-260 -269 0
-260 -270 0
-260 -271 0
-260 -272 0
-260 -273 0
-260 -274 0
-260 -275 0
-260 -276 0
-260 -277 0
-260 -278 0
-260 -279 0
-260 -280 0
-260 -281 0
-260 -282 0
-260 -283 0
-260 -284 0
-260 -285 0
-260 -286 0
-260 -287 0
-260 -288 0
-261 -262 0
-261 -263 0
-261 -264 0
-261 -265 0
-261 -266 0
-261 -267 0
-261 -268 0
-261 -269 0
-261 -270 0
-261 -271 0
-261 -272 0
-261 -273 0
-261 -274 0
-261 -275 0
-261 -276 0
-261 -277 0
-261 -278 0
-261 -279 0
-261 -280 0
-261 -281 0
-261 -282 0
-261 -283 0
-261 -284 0
-261 -285 0
-261 -286 0
-261 -287 0
-261 -288 0
-262 -263 0
-262 -264 0
-262 -265 0
-262 -266 0
-262 -267 0
-262 -268 0
-262 -269 0
-262 -270 0
-262 -271 0
-262 -272 0
-262 -273 0
-262 -274 0
-262 -275 0
-262 -276 0
-262 -277 0
-262 -278 0
-262 -279 0
-262 -280 0
-262 -281 0
-262 -282 0
-262 -283 0
-262 -284 0
-262 -285 0
-262 -286 0
-262 -287 0
-262 -288 0
-263 -264 0
-263 -265 0
-263 -266 0
-263 -267 0
-263 -268 0
-263 -269 0
-263 -270 0
-263 -271 0
-263 -272 0
-263 -273 0
-263 -274 0
-263 -275 0
-263 -276 0
-263 -277 0
-263 -278 0
-263 -279 0
-263 -280 0
-263 -281 0
-263 -282 0
-263 -283 0
-263 -284 0
-263 -285 0
-263 -286 0
-263 -287 0
-263 -288 0
-264 -265 0
-264 -266 0
-264 -267 0
-264 -268 0
-264 -269 0
-264 -270 0
-264 -271 0
-264 -272 0
-264 -273 0
-264 -274 0
-264 -275 0
-264 -276 0
-264 -277 0
-264 -278 0
-264 -279 0
-264 -280 0
-264 -281 0
-264 -282 0
-264 -283 0
-264 -284 0
-264 -285 0
-264 -286 0
-264 -287 0
-264 -288 0
-265 -266 0
-265 -267 0
-265 -268 0
-265 -269 0
-265 -270 0
-265 -271 0
-265 -272 0
-265 -273 0
-265 -274 0
-265 -275 0
-265 -276 0
-265 -277 0
-265 -278 0
-265 -279 0
-265 -280 0
-265 -281 0
-265 -282 0
-265 -283 0
-265 -284 0
-265 -285 0
-265 -286 0
-265 -287 0
-265 -288 0
-266 -267 0
-266 -268 0
-266 -269 0
-266 -270 0
-266 -271 0
-266 -272 0
-266 -273 0
-266 -274 0
-266 -275 0
-266 -276 0
-266 -277 0
-266 -278 0
-266 -279 0
-266 -280 0
-266 -281 0
-266 -282 0
-266 -283 0
-266 -284 0
-266 -285 0
-266 -286 0
-266 -287 0
-266 -288 0
-267 -268 0
-267 -269 0
-267 -270 0
-267 -271 0
-267 -272 0
-267 -273 0
-267 -274 0
-267 -275 0
-267 -276 0
-267 -277 0
-267 -278 0
-267 -279 0
-267 -280 0
-267 -281 0
-267 -282 0
-267 -283 0
-267 -284 0
-267 -285 0
-267 -286 0
-267 -287 0
-267 -288 0
-268 -269 0
-268 -270 0
-268 -271 0
-268 -272 0
-268 -273 0
-268 -274 0
-268 -275 0
-268 -276 0
-268 -277 0
-268 -278 0
-268 -279 0
-268 -280 0
-268 -281 0
-268 -282 0
-268 -283 0
-268 -284 0
-268 -285 0
-268 -286 0
-268 -287 0
-268 -288 0
-269 -270 0
-269 -271 0
-269 -272 0
-269 -273 0
-269 -274 0
-269 -275 0
-269 -276 0
-269 -277 0
-269 -278 0
-269 -279 0
-269 -280 0
-269 -281 0
-269 -282 0
-269 -283 0
-269 -284 0
-269 -285 0
-269 -286 0
-269 -287 0
-269 -288 0
-270 -271 0
-270 -272 0
-270 -273 0
-270 -274 0
-270 -275 0
-270 -276 0
-270 -277 0
-270 -278 0
-270 -279 0
-270 -280 0
-270 -281 0
-270 -282 0
-270 -283 0
-270 -284 0
-270 -285 0
-270 -286 0
-270 -287 0
-270 -288 0
-271 -272 0
-271 -273 0
-271 -274 0
-271 -275 0
-271 -276 0
-271 -277 0
-271 -278 0
-271 -279 0
-271 -280 0
-271 -281 0
-271 -282 0
-271 -283 0
-271 -284 0
-271 -285 0
-271 -286 0
-271 -287 0
-271 -288 0
-272 -273 0
-272 -274 0
-272 -275 0
-272 -276 0
-272 -277 0
-272 -278 0
-272 -279 0
-272 -280 0
-272 -281 0
-272 -282 0
-272 -283 0
-272 -284 0
-272 -285 0
-272 -286 0
-272 -287 0
-272 -288 0
-273 -274 0
-273 -275 0
-273 -276 0
-273 -277 0
-273 -278 0
-273 -279 0
-273 -280 0
-273 -281 0
-273 -282 0
-273 -283 0
-273 -284 0
-273 -285 0
-273 -286 0
-273 -287 0
-273 -288 0
-274 -275 0
-274 -276 0
-274 -277 0
-274 -278 0
-274 -279 0
-274 -280 0
-274 -281 0
-274 -282 0
-274 -283 0
-274 -284 0
-274 -285 0
-274 -286 0
-274 -287 0
-274 -288 0
-275 -276 0
-275 -277 0
-275 -278 0
-275 -279 0
-275 -280 0
-275 -281 0
-275 -282 0
-275 -283 0
-275 -284 0
-275 -285 0
-275 -286 0
-275 -287 0
-275 -288 0
-276 -277 0
-276 -278 0
-276 -279 0
-276 -280 0
-276 -281 0
-276 -282 0
-276 -283 0
-276 -284 0
-276 -285 0
-276 -286 0
-276 -287 0
-276 -288 0
-277 -278 0
-277 -279 0
-277 -280 0
-277 -281 0
-277 -282 0
-277 -283 0
-277 -284 0
-277 -285 0
-277 -286 0
-277 -287 0
-277 -288 0
-278 -279 0
-278 -280 0
-278 -281 0
-278 -282 0
-278 -283 0
-278 -284 0
-278 -285 0
-278 -286 0
-278 -287 0
-278 -288 0
-279 -280 0
-279 -281 0
-279 -282 0
-279 -283 0
-279 -284 0
-279 -285 0
-279 -286 0
-279 -287 0
-279 -288 0
-280 -281 0
-280 -282 0
-280 -283 0
-280 -284 0
-280 -285 0
-280 -286 0
-280 -287 0
-280 -288 0
-281 -282 0
-281 -283 0
-281 -284 0
-281 -285 0
-281 -286 0
-281 -287 0
-281 -288 0
-282 -283 0
-282 -284 0
-282 -285 0
-282 -286 0
-282 -287 0
-282 -288 0
-283 -284 0
-283 -285 0
-283 -286 0
-283 -287 0
-283 -288 0
-284 -285 0
-284 -286 0
-284 -287 0
-284 -288 0
-285 -286 0
-285 -287 0
-285 -288 0
-286 -287 0
-286 -288 0
-287 -288 0
-289 -290 0
-289 -291 0
-289 -292 0
-289 -293 0
-289 -294 0
-289 -295 0
-289 -296 0
-289 -297 0
-289 -298 0
-289 -299 0
-289 -300 0
-289 -301 0
-289 -302 0
-289 -303 0
-289 -304 0
-289 -305 0
-289 -306 0
-289 -307 0
-289 -308 0
-289 -309 0
-289 -310 0
-289 -311 0
-289 -312 0
-289 -313 0
-289 -314 0
-289 -315 0
-289 -316 0
-289 -317 0
-289 -318 0
-289 -319 0
-289 -320 0
-289 -321 0
-289 -322 0
-289 -323 0
-289 -324 0
-290 -291 0
-290 -292 0
-290 -293 0
-290 -294 0
-290 -295 0
-290 -296 0
-290 -297 0
-290 -298 0
-290 -299 0
-290 -300 0
-290 -301 0
-290 -302 0
-290 -303 0
-290 -304 0
-290 -305 0
-290 -306 0
-290 -307 0
-290 -308 0
-290 -309 0
-290 -310 0
-290 -311 0
-290 -312 0
-290 -313 0
-290 -314 0
-290 -315 0
-290 -316 0
-290 -317 0
-290 -318 0
-290 -319 0
-290 -320 0
-290 -321 0
-290 -322 0
-290 -323 0
-290 -324 0
-291 -292 0
-291 -293 0
-291 -294 0
-291 -295 0
-291 -296 0
-291 -297 0
-291 -298 0
-291 -299 0
-291 -300 0
-291 -301 0
-291 -302 0
-291 -303 0
-291 -304 0
-291 -305 0
-291 -306 0
-291 -307 0
-291 -308 0
-291 -309 0
-291 -310 0
-291 -311 0
-291 -312 0
-291 -313 0
-291 -314 0
-291 -315 0
-291 -316 0
-291 -317 0
-291 -318 0
-291 -319 0
-291 -320 0
-291 -321 0
-291 -322 0
-291 -323 0
-291 -324 0
-292 -293 0
-292 -294 0
-292 -295 0
-292 -296 0
-292 -297 0
-292 -298 0
-292 -299 0
-292 -300 0
-292 -301 0
-292 -302 0
-292 -303 0
-292 -304 0
-292 -305 0
-292 -306 0
-292 -307 0
-292 -308 0
-292 -309 0
-292 -310 0
-292 -311 0
-292 -312 0
-292 -313 0
-292 -314 0
-292 -315 0
-292 -316 0
-292 -317 0
-292 -318 0
-292 -319 0
-292 -320 0
-292 -321 0
-292 -322 0
-292 -323 0
-292 -324 0
-293 -294 0
-293 -295 0
-293 -296 0
-293 -297 0
-293 -298 0
-293 -299 0
-293 -300 0
-293 -301 0
-293 -302 0
-293 -303 0
-293 -304 0
-293 -305 0
-293 -306 0
-293 -307 0
-293 -308 0
-293 -309 0
-293 -310 0
-293 -311 0
-293 -312 0
-293 -313 0
-293 -314 0
-293 -315 0
-293 -316 0
-293 -317 0
-293 -318 0
-293 -319 0
-293 -320 0
-293 -321 0
-293 -322 0
-293 -323 0
-293 -324 0
-294 -295 0
-294 -296 0
-294 -297 0
-294 -298 0
-294 -299 0
-294 -300 0
-294 -301 0
-294 -302 0
-294 -303 0
-294 -304 0
-294 -305 0
-294 -306 0
-294 -307 0
-294 -308 0
-294 -309 0
-294 -310 0
-294 -311 0
-294 -312 0
-294 -313 0
-294 -314 0
-294 -315 0
-294 -316 0
-294 -317 0
-294 -318 0
-294 -319 0
-294 -320 0
-294 -321 0
-294 -322 0
-294 -323 0
-294 -324 0
-295 -296 0
-295 -297 0
-295 -298 0
-295 -299 0
-295 -300 0
-295 -301 0
-295 -302 0
-295 -303 0
-295 -304 0
-295 -305 0
-295 -306 0
-295 -307 0
-295 -308 0
-295 -309 0
-295 -310 0
-295 -311 0
-295 -312 0
-295 -313 0
-295 -314 0
-295 -315 0
-295 -316 0
-295 -317 0
-295 -318 0
-295 -319 0
-295 -320 0
-295 -321 0
-295 -322 0
-295 -323 0
-295 -324 0
-296 -297 0
-296 -298 0
-296 -299 0
-296 -300 0
-296 -301 0
-296 -302 0
-296 -303 0
-296 -304 0
-296 -305 0
-296 -306 0
-296 -307 0
-296 -308 0
-296 -309 0
-296 -310 0
-296 -311 0
-296 -312 0
-296 -313 0
-296 -314 0
-296 -315 0
-296 -316 0
-296 -317 0
-296 -318 0
-296 -319 0
-296 -320 0
-296 -321 0
-296 -322 0
-296 -323 0
-296 -324 0
-297 -298 0
-297 -299 0
-297 -300 0
-297 -301 0
-297 -302 0
-297 -303 0
-297 -304 0
-297 -305 0
-297 -306 0
-297 -307 0
-297 -308 0
-297 -309 0
-297 -310 0
-297 -311 0
-297 -312 0
-297 -313 0
-297 -314 0
-297 -315 0
-297 -316 0
-297 -317 0
-297 -318 0
-297 -319 0
-297 -320 0
-297 -321 0
-297 -322 0
-297 -323 0
-297 -324 0
-298 -299 0
-298 -300 0
-298 -301 0
-298 -302 0
-298 -303 0
-298 -304 0
-298 -305 0
-298 -306 0
-298 -307 0
-298 -308 0
-298 -309 0
-298 -310 0
-298 -311 0
-298 -312 0
-298 -313 0
-298 -314 0
-298 -315 0
-298 -316 0
-298 -317 0
-298 -318 0
-298 -319 0
-298 -320 0
-298 -321 0
-298 -322 0
-298 -323 0
-298 -324 0
-299 -300 0
-299 -301 0
-299 -302 0
-299 -303 0
-299 -304 0
-299 -305 0
-299 -306 0
-299 -307 0
-299 -308 0
-299 -309 0
-299 -310 0
-299 -311 0
-299 -312 0
-299 -313 0
-299 -314 0
-299 -315 0
-299 -316 0
-299 -317 0
-299 -318 0
-299 -319 0
-299 -320 0
-299 -321 0
-299 -322 0
-299 -323 0
-299 -324 0
-300 -301 0
-300 -302 0
-300 -303 0
-300 -304 0
-300 -305 0
-300 -306 0
-300 -307 0
-300 -308 0
-300 -309 0
-300 -310 0
-300 -311 0
-300 -312 0
-300 -313 0
-300 -314 0
-300 -315 0
-300 -316 0
-300 -317 0
-300 -318 0
-300 -319 0
-300 -320 0
-300 -321 0
-300 -322 0
-300 -323 0
-300 -324 0
-301 -302 0
-301 -303 0
-301 -304 0
-301 -305 0
-301 -306 0
-301 -307 0
-301 -308 0
-301 -309 0
-301 -310 0
-301 -311 0
-301 -312 0
-301 -313 0
-301 -314 0
-301 -315 0
-301 -316 0
-301 -317 0
-301 -318 0
-301 -319 0
-301 -320 0
-301 -321 0
-301 -322 0
-301 -323 0
-301 -324 0
-302 -303 0
-302 -304 0
-302 -305 0
-302 -306 0
-302 -307 0
-302 -308 0
-302 -309 0
-302 -310 0
-302 -311 0
-302 -312 0
-302 -313 0
-302 -314 0
-302 -315 0
-302 -316 0
-302 -317 0
-302 -318 0
-302 -319 0
-302 -320 0
-302 -321 0
-302 -322 0
-302 -323 0
-302 -324 0
-303 -304 0
-303 -305 0
-303 -306 0
-303 -307 0
-303 -308 0
-303 -309 0
-303 -310 0
-303 -311 0
-303 -312 0
-303 -313 0
-303 -314 0
-303 -315 0
-303 -316 0
-303 -317 0
-303 -318 0
-303 -319 0
-303 -320 0
-303 -321 0
-303 -322 0
-303 -323 0
-303 -324 0
-304 -305 0
-304 -306 0
-304 -307 0
-304 -308 0
-304 -309 0
-304 -310 0
-304 -311 0
-304 -312 0
-304 -313 0
-304 -314 0
-304 -315 0
-304 -316 0
-304 -317 0
-304 -318 0
-304 -319 0
-304 -320 0
-304 -321 0
-304 -322 0
-304 -323 0
-304 -324 0
-305 -306 0
-305 -307 0
-305 -308 0
-305 -309 0
-305 -310 0
-305 -311 0
-305 -312 0
-305 -313 0
-305 -314 0
-305 -315 0
-305 -316 0
-305 -317 0
-305 -318 0
-305 -319 0
-305 -320 0
-305 -321 0
-305 -322 0
-305 -323 0
-305 -324 0
-306 -307 0
-306 -308 0
-306 -309 0
-306 -310 0
-306 -311 0
-306 -312 0
-306 -313 0
-306 -314 0
-306 -315 0
-306 -316 0
-306 -317 0
-306 -318 0
-306 -319 0
-306 -320 0
-306 -321 0
-306 -322 0
-306 -323 0
-306 -324 0
-307 -308 0
-307 -309 0
-307 -310 0
-307 -311 0
-307 -312 0
-307 -313 0
-307 -314 0
-307 -315 0
-307 -316 0
-307 -317 0
-307 -318 0
-307 -319 0
-307 -320 0
-307 -321 0
-307 -322 0
-307 -323 0
-307 -324 0
-308 -309 0
-308 -310 0
-308 -311 0
-308 -312 0
-308 -313 0
-308 -314 0
-308 -315 0
-308 -316 0
-308 -317 0
-308 -318 0
-308 -319 0
-308 -320 0
-308 -321 0
-308 -322 0
-308 -323 0
-308 -324 0
-309 -310 0
-309 -311 0
-309 -312 0
-309 -313 0
-309 -314 0
-309 -315 0
-309 -316 0
-309 -317 0
-309 -318 0
-309 -319 0
-309 -320 0
-309 -321 0
-309 -322 0
-309 -323 0
-309 -324 0
-310 -311 0
-310 -312 0
-310 -313 0
-310 -314 0
-310 -315 0
-310 -316 0
-310 -317 0
-310 -318 0
-310 -319 0
-310 -320 0
-310 -321 0
-310 -322 0
-310 -323 0
-310 -324 0
-311 -312 0
-311 -313 0
-311 -314 0
-311 -315 0
-311 -316 0
-311 -317 0
-311 -318 0
-311 -319 0
-311 -320 0
-311 -321 0
-311 -322 0
-311 -323 0
-311 -324 0
-312 -313 0
-312 -314 0
-312 -315 0
-312 -316 0
-312 -317 0
-312 -318 0
-312 -319 0
-312 -320 0
-312 -321 0
-312 -322 0
-312 -323 0
-312 -324 0
-313 -314 0
-313 -315 0
-313 -316 0
-313 -317 0
-313 -318 0
-313 -319 0
-313 -320 0
-313 -321 0
-313 -322 0
-313 -323 0
-313 -324 0
-314 -315 0
-314 -316 0
-314 -317 0
-314 -318 0
-314 -319 0
-314 -320 0
-314 -321 0
-314 -322 0
-314 -323 0
-314 -324 0
-315 -316 0
-315 -317 0
-315 -318 0
-315 -319 0
-315 -320 0
-315 -321 0
-315 -322 0
-315 -323 0
-315 -324 0
-316 -317 0
-316 -318 0
-316 -319 0
-316 -320 0
-316 -321 0
-316 -322 0
-316 -323 0
-316 -324 0
-317 -318 0
-317 -319 0
-317 -320 0
-317 -321 0
-317 -322 0
-317 -323 0
-317 -324 0
-318 -319 0
-318 -320 0
-318 -321 0
-318 -322 0
-318 -323 0
-318 -324 0
-319 -320 0
-319 -321 0
-319 -322 0
-319 -323 0
-319 -324 0
-320 -321 0
-320 -322 0
-320 -323 0
-320 -324 0
-321 -322 0
-321 -323 0
-321 -324 0
-322 -323 0
-322 -324 0
-323 -324 0
-325 -326 0
-325 -327 0
-325 -328 0
-325 -329 0
-325 -330 0
-325 -331 0
-325 -332 0
-325 -333 0
-325 -334 0
-325 -335 0
-325 -336 0
-325 -337 0
-325 -338 0
-325 -339 0
-325 -340 0
-325 -341 0
-325 -342 0
-325 -343 0
-325 -344 0
-325 -345 0
-325 -346 0
-325 -347 0
-325 -348 0
-325 -349 0
-325 -350 0
-325 -351 0
-325 -352 0
-325 -353 0
-325 -354 0
-325 -355 0
-325 -356 0
-325 -357 0
-325 -358 0
-325 -359 0
-325 -360 0
-326 -327 0
-326 -328 0
-326 -329 0
-326 -330 0
-326 -331 0
-326 -332 0
-326 -333 0
-326 -334 0
-326 -335 0
-326 -336 0
-326 -337 0
-326 -338 0
-326 -339 0
-326 -340 0
-326 -341 0
-326 -342 0
-326 -343 0
-326 -344 0
-326 -345 0
-326 -346 0
-326 -347 0
-326 -348 0
-326 -349 0
-326 -350 0
-326 -351 0
-326 -352 0
-326 -353 0
-326 -354 0
-326 -355 0
-326 -356 0
-326 -357 0
-326 -358 0
-326 -359 0
-326 -360 0
-327 -328 0
-327 -329 0
-327 -330 0
-327 -331 0
-327 -332 0
-327 -333 0
-327 -334 0
-327 -335 0
-327 -336 0
-327 -337 0
-327 -338 0
-327 -339 0
-327 -340 0
-327 -341 0
-327 -342 0
-327 -343 0
-327 -344 0
-327 -345 0
-327 -346 0
-327 -347 0
-327 -348 0
-327 -349 0
-327 -350 0
-327 -351 0
-327 -352 0
-327 -353 0
-327 -354 0
-327 -355 0
-327 -356 0
-327 -357 0
-327 -358 0
-327 -359 0
-327 -360 0
-328 -329 0
-328 -330 0
-328 -331 0
-328 -332 0
-328 -333 0
-328 -334 0
-328 -335 0
-328 -336 0
-328 -337 0
-328 -338 0
-328 -339 0
-328 -340 0
-328 -341 0
-328 -342 0
-328 -343 0
-328 -344 0
-328 -345 0
-328 -346 0
-328 -347 0
-328 -348 0
-328 -349 0
-328 -350 0
-328 -351 0
-328 -352 0
-328 -353 0
-328 -354 0
-328 -355 0
-328 -356 0
-328 -357 0
-328 -358 0
-328 -359 0
-328 -360 0
-329 -330 0
-329 -331 0
-329 -332 0
-329 -333 0
-329 -334 0
-329 -335 0
-329 -336 0
-329 -337 0
-329 -338 0
-329 -339 0
-329 -340 0
-329 -341 0
-329 -342 0
-329 -343 0
-329 -344 0
-329 -345 0
-329 -346 0
-329 -347 0
-329 -348 0
-329 -349 0
-329 -350 0
-329 -351 0
-329 -352 0
-329 -353 0
-329 -354 0
-329 -355 0
-329 -356 0
-329 -357 0
-329 -358 0
-329 -359 0
-329 -360 0
-330 -331 0
-330 -332 0
-330 -333 0
-330 -334 0
-330 -335 0
-330 -336 0
-330 -337 0
-330 -338 0
-330 -339 0
-330 -340 0
-330 -341 0
-330 -342 0
-330 -343 0
-330 -344 0
-330 -345 0
-330 -346 0
-330 -347 0
-330 -348 0
-330 -349 0
-330 -350 0
-330 -351 0
-330 -352 0
-330 -353 0
-330 -354 0
-330 -355 0
-330 -356 0
-330 -357 0
-330 -358 0
-330 -359 0
-330 -360 0
-331 -332 0
-331 -333 0
-331 -334 0
-331 -335 0
-331 -336 0
-331 -337 0
-331 -338 0
-331 -339 0
-331 -340 0
-331 -341 0
-331 -342 0
-331 -343 0
-331 -344 0
-331 -345 0
-331 -346 0
-331 -347 0
-331 -348 0
-331 -349 0
-331 -350 0
-331 -351 0
-331 -352 0
-331 -353 0
-331 -354 0
-331 -355 0
-331 -356 0
-331 -357 0
-331 -358 0
-331 -359 0
-331 -360 0
-332 -333 0
-332 -334 0
-332 -335 0
-332 -336 0
-332 -337 0
-332 -338 0
-332 -339 0
-332 -340 0
-332 -341 0
-332 -342 0
-332 -343 0
-332 -344 0
-332 -345 0
-332 -346 0
-332 -347 0
-332 -348 0
-332 -349 0
-332 -350 0
-332 -351 0
-332 -352 0
-332 -353 0
-332 -354 0
-332 -355 0
-332 -356 0
-332 -357 0
-332 -358 0
-332 -359 0
-332 -360 0
-333 -334 0
-333 -335 0
-333 -336 0
-333 -337 0
-333 -338 0
-333 -339 0
-333 -340 0
-333 -341 0
-333 -342 0
-333 -343 0
-333 -344 0
-333 -345 0
-333 -346 0
-333 -347 0
-333 -348 0
-333 -349 0
-333 -350 0
-333 -351 0
-333 -352 0
-333 -353 0
-333 -354 0
-333 -355 0
-333 -356 0
-333 -357 0
-333 -358 0
-333 -359 0
-333 -360 0
-334 -335 0
-334 -336 0
-334 -337 0
-334 -338 0
-334 -339 0
-334 -340 0
-334 -341 0
-334 -342 0
-334 -343 0
-334 -344 0
-334 -345 0
-334 -346 0
-334 -347 0
-334 -348 0
-334 -349 0
-334 -350 0
-334 -351 0
-334 -352 0
-334 -353 0
-334 -354 0
-334 -355 0
-334 -356 0
-334 -357 0
-334 -358 0
-334 -359 0
-334 -360 0
-335 -336 0
-335 -337 0
-335 -338 0
-335 -339 0
-335 -340 0
-335 -341 0
-335 -342 0
-335 -343 0
-335 -344 0
-335 -345 0
-335 -346 0
-335 -347 0
-335 -348 0
-335 -349 0
-335 -350 0
-335 -351 0
-335 -352 0
-335 -353 0
-335 -354 0
-335 -355 0
-335 -356 0
-335 -357 0
-335 -358 0
-335 -359 0
-335 -360 0
-336 -337 0
-336 -338 0
-336 -339 0
-336 -340 0
-336 -341 0
-336 -342 0
-336 -343 0
-336 -344 0
-336 -345 0
-336 -346 0
-336 -347 0
-336 -348 0
-336 -349 0
-336 -350 0
-336 -351 0
-336 -352 0
-336 -353 0
-336 -354 0
-336 -355 0
-336 -356 0
-336 -357 0
-336 -358 0
-336 -359 0
-336 -360 0
-337 -338 0
-337 -339 0
-337 -340 0
-337 -341 0
-337 -342 0
-337 -343 0
-337 -344 0
-337 -345 0
-337 -346 0
-337 -347 0
-337 -348 0
-337 -349 0
-337 -350 0
-337 -351 0
-337 -352 0
-337 -353 0
-337 -354 0
-337 -355 0
-337 -356 0
-337 -357 0
-337 -358 0
-337 -359 0
-337 -360 0
-338 -339 0
-338 -340 0
-338 -341 0
-338 -342 0
-338 -343 0
-338 -344 0
-338 -345 0
-338 -346 0
-338 -347 0
-338 -348 0
-338 -349 0
-338 -350 0
-338 -351 0
-338 -352 0
-338 -353 0
-338 -354 0
-338 -355 0
-338 -356 0
-338 -357 0
-338 -358 0
-338 -359 0
-338 -360 0
-339 -340 0
-339 -341 0
-339 -342 0
-339 -343 0
-339 -344 0
-339 -345 0
-339 -346 0
-339 -347 0
-339 -348 0
-339 -349 0
-339 -350 0
-339 -351 0
-339 -352 0
-339 -353 0
-339 -354 0
-339 -355 0
-339 -356 0
-339 -357 0
-339 -358 0
-339 -359 0
-339 -360 0
-340 -341 0
-340 -342 0
-340 -343 0
-340 -344 0
-340 -345 0
-340 -346 0
-340 -347 0
-340 -348 0
-340 -349 0
-340 -350 0
-340 -351 0
-340 -352 0
-340 -353 0
-340 -354 0
-340 -355 0
-340 -356 0
-340 -357 0
-340 -358 0
-340 -359 0
-340 -360 0
-341 -342 0
-341 -343 0
-341 -344 0
-341 -345 0
-341 -346 0
-341 -347 0
-341 -348 0
-341 -349 0
-341 -350 0
-341 -351 0
-341 -352 0
-341 -353 0
-341 -354 0
-341 -355 0
-341 -356 0
-341 -357 0
-341 -358 0
-341 -359 0
-341 -360 0
-342 -343 0
-342 -344 0
-342 -345 0
-342 -346 0
-342 -347 0
-342 -348 0
-342 -349 0
-342 -350 0
-342 -351 0
-342 -352 0
-342 -353 0
-342 -354 0
-342 -355 0
-342 -356 0
-342 -357 0
-342 -358 0
-342 -359 0
-342 -360 0
-343 -344 0
-343 -345 0
-343 -346 0
-343 -347 0
-343 -348 0
-343 -349 0
-343 -350 0
-343 -351 0
-343 -352 0
-343 -353 0
-343 -354 0
-343 -355 0
-343 -356 0
-343 -357 0
-343 -358 0
-343 -359 0
-343 -360 0
-344 -345 0
-344 -346 0
-344 -347 0
-344 -348 0
-344 -349 0
-344 -350 0
-344 -351 0
-344 -352 0
-344 -353 0
-344 -354 0
-344 -355 0
-344 -356 0
-344 -357 0
-344 -358 0
-344 -359 0
-344 -360 0
-345 -346 0
-345 -347 0
-345 -348 0
-345 -349 0
-345 -350 0
-345 -351 0
-345 -352 0
-345 -353 0
-345 -354 0
-345 -355 0
-345 -356 0
-345 -357 0
-345 -358 0
-345 -359 0
-345 -360 0
-346 -347 0
-346 -348 0
-346 -349 0
-346 -350 0
-346 -351 0
-346 -352 0
-346 -353 0
-346 -354 0
-346 -355 0
-346 -356 0
-346 -357 0
-346 -358 0
-346 -359 0
-346 -360 0
-347 -348 0
-347 -349 0
-347 -350 0
-347 -351 0
-347 -352 0
-347 -353 0
-347 -354 0
-347 -355 0
-347 -356 0
-347 -357 0
-347 -358 0
-347 -359 0
-347 -360 0
-348 -349 0
-348 -350 0
-348 -351 0
-348 -352 0
-348 -353 0
-348 -354 0
-348 -355 0
-348 -356 0
-348 -357 0
-348 -358 0
-348 -359 0
-348 -360 0
-349 -350 0
-349 -351 0
-349 -352 0
-349 -353 0
-349 -354 0
-349 -355 0
-349 -356 0
-349 -357 0
-349 -358 0
-349 -359 0
-349 -360 0
-350 -351 0
-350 -352 0
-350 -353 0
-350 -354 0
-350 -355 0
-350 -356 0
-350 -357 0
-350 -358 0
-350 -359 0
-350 -360 0
-351 -352 0
-351 -353 0
-351 -354 0
-351 -355 0
-351 -356 0
-351 -357 0
-351 -358 0
-351 -359 0
-351 -360 0
-352 -353 0
-352 -354 0
-352 -355 0
-352 -356 0
-352 -357 0
-352 -358 0
-352 -359 0
-352 -360 0
-353 -354 0
-353 -355 0
-353 -356 0
-353 -357 0
-353 -358 0
-353 -359 0
-353 -360 0
-354 -355 0
-354 -356 0
-354 -357 0
-354 -358 0
-354 -359 0
-354 -360 0
-355 -356 0
-355 -357 0
-355 -358 0
-355 -359 0
-355 -360 0
-356 -357 0
-356 -358 0
-356 -359 0
-356 -360 0
-357 -358 0
-357 -359 0
-357 -360 0
-358 -359 0
-358 -360 0
-359 -360 0
-361 -362 0
-361 -363 0
-361 -364 0
-361 -365 0
-361 -366 0
-361 -367 0
-361 -368 0
-361 -369 0
-361 -370 0
-361 -371 0
-361 -372 0
-361 -373 0
-361 -374 0
-361 -375 0
-361 -376 0
-361 -377 0
-361 -378 0
-361 -379 0
-361 -380 0
-361 -381 0
-361 -382 0
-361 -383 0
-361 -384 0
-361 -385 0
-361 -386 0
-361 -387 0
-361 -388 0
-361 -389 0
-361 -390 0
-361 -391 0
-361 -392 0
-361 -393 0
-361 -394 0
-361 -395 0
-361 -396 0
-362 -363 0
-362 -364 0
-362 -365 0
-362 -366 0
-362 -367 0
-362 -368 0
-362 -369 0
-362 -370 0
-362 -371 0
-362 -372 0
-362 -373 0
-362 -374 0
-362 -375 0
-362 -376 0
-362 -377 0
-362 -378 0
-362 -379 0
-362 -380 0
-362 -381 0
-362 -382 0
-362 -383 0
-362 -384 0
-362 -385 0
-362 -386 0
-362 -387 0
-362 -388 0
-362 -389 0
-362 -390 0
-362 -391 0
-362 -392 0
-362 -393 0
-362 -394 0
-362 -395 0
-362 -396 0
-363 -364 0
-363 -365 0
-363 -366 0
-363 -367 0
-363 -368 0
-363 -369 0
-363 -370 0
-363 -371 0
-363 -372 0
-363 -373 0
-363 -374 0
-363 -375 0
-363 -376 0
-363 -377 0
-363 -378 0
-363 -379 0
-363 -380 0
-363 -381 0
-363 -382 0
-363 -383 0
-363 -384 0
-363 -385 0
-363 -386 0
-363 -387 0
-363 -388 0
-363 -389 0
-363 -390 0
-363 -391 0
-363 -392 0
-363 -393 0
-363 -394 0
-363 -395 0
-363 -396 0
-364 -365 0
-364 -366 0
-364 -367 0
-364 -368 0
-364 -369 0
-364 -370 0
-364 -371 0
-364 -372 0
-364 -373 0
-364 -374 0
-364 -375 0
-364 -376 0
-364 -377 0
-364 -378 0
-364 -379 0
-364 -380 0
-364 -381 0
-364 -382 0
-364 -383 0
-364 -384 0
-364 -385 0
-364 -386 0
-364 -387 0
-364 -388 0
-364 -389 0
-364 -390 0
-364 -391 0
-364 -392 0
-364 -393 0
-364 -394 0
-364 -395 0
-364 -396 0
-365 -366 0
-365 -367 0
-365 -368 0
-365 -369 0
-365 -370 0
-365 -371 0
-365 -372 0
-365 -373 0
-365 -374 0
-365 -375 0
-365 -376 0
-365 -377 0
-365 -378 0
-365 -379 0
-365 -380 0
-365 -381 0
-365 -382 0
-365 -383 0
-365 -384 0
-365 -385 0
-365 -386 0
-365 -387 0
-365 -388 0
-365 -389 0
-365 -390 0
-365 -391 0
-365 -392 0
-365 -393 0
-365 -394 0
-365 -395 0
-365 -396 0
-366 -367 0
-366 -368 0
-366 -369 0
-366 -370 0
-366 -371 0
-366 -372 0
-366 -373 0
-366 -374 0
-366 -375 0
-366 -376 0
-366 -377 0
-366 -378 0
-366 -379 0
-366 -380 0
-366 -381 0
-366 -382 0
-366 -383 0
-366 -384 0
-366 -385 0
-366 -386 0
-366 -387 0
-366 -388 0
-366 -389 0
-366 -390 0
-366 -391 0
-366 -392 0
-366 -393 0
-366 -394 0
-366 -395 0
-366 -396 0
-367 -368 0
-367 -369 0
-367 -370 0
-367 -371 0
-367 -372 0
-367 -373 0
-367 -374 0
-367 -375 0
-367 -376 0
-367 -377 0
-367 -378 0
-367 -379 0
-367 -380 0
-367 -381 0
-367 -382 0
-367 -383 0
-367 -384 0
-367 -385 0
-367 -386 0
-367 -387 0
-367 -388 0
-367 -389 0
-367 -390 0
-367 -391 0
-367 -392 0
-367 -393 0
-367 -394 0
-367 -395 0
-367 -396 0
-368 -369 0
-368 -370 0
-368 -371 0
-368 -372 0
-368 -373 0
-368 -374 0
-368 -375 0
-368 -376 0
-368 -377 0
-368 -378 0
-368 -379 0
-368 -380 0
-368 -381 0
-368 -382 0
-368 -383 0
-368 -384 0
-368 -385 0
-368 -386 0
-368 -387 0
-368 -388 0
-368 -389 0
-368 -390 0
-368 -391 0
-368 -392 0
-368 -393 0
-368 -394 0
-368 -395 0
-368 -396 0
-369 -370 0
-369 -371 0
-369 -372 0
-369 -373 0
-369 -374 0
-369 -375 0
-369 -376 0
-369 -377 0
-369 -378 0
-369 -379 0
-369 -380 0
-369 -381 0
-369 -382 0
-369 -383 0
-369 -384 0
-369 -385 0
-369 -386 0
-369 -387 0
-369 -388 0
-369 -389 0
-369 -390 0
-369 -391 0
-369 -392 0
-369 -393 0
-369 -394 0
-369 -395 0
-369 -396 0
-370 -371 0
-370 -372 0
-370 -373 0
-370 -374 0
-370 -375 0
-370 -376 0
-370 -377 0
-370 -378 0
-370 -379 0
-370 -380 0
-370 -381 0
-370 -382 0
-370 -383 0
-370 -384 0
-370 -385 0
-370 -386 0
-370 -387 0
-370 -388 0
-370 -389 0
-370 -390 0
-370 -391 0
-370 -392 0
-370 -393 0
-370 -394 0
-370 -395 0
-370 -396 0
-371 -372 0
-371 -373 0
-371 -374 0
-371 -375 0
-371 -376 0
-371 -377 0
-371 -378 0
-371 -379 0
-371 -380 0
-371 -381 0
-371 -382 0
-371 -383 0
-371 -384 0
-371 -385 0
-371 -386 0
-371 -387 0
-371 -388 0
-371 -389 0
-371 -390 0
-371 -391 0
-371 -392 0
-371 -393 0
-371 -394 0
-371 -395 0
-371 -396 0
-372 -373 0
-372 -374 0
-372 -375 0
-372 -376 0
-372 -377 0
-372 -378 0
-372 -379 0
-372 -380 0
-372 -381 0
-372 -382 0
-372 -383 0
-372 -384 0
-372 -385 0
-372 -386 0
-372 -387 0
-372 -388 0
-372 -389 0
-372 -390 0
-372 -391 0
-372 -392 0
-372 -393 0
-372 -394 0
-372 -395 0
-372 -396 0
-373 -374 0
-373 -375 0
-373 -376 0
-373 -377 0
-373 -378 0
-373 -379 0
-373 -380 0
-373 -381 0
-373 -382 0
-373 -383 0
-373 -384 0
-373 -385 0
-373 -386 0
-373 -387 0
-373 -388 0
-373 -389 0
-373 -390 0
-373 -391 0
-373 -392 0
-373 -393 0
-373 -394 0
-373 -395 0
-373 -396 0
-374 -375 0
-374 -376 0
-374 -377 0
-374 -378 0
-374 -379 0
-374 -380 0
-374 -381 0
-374 -382 0
-374 -383 0
-374 -384 0
-374 -385 0
-374 -386 0
-374 -387 0
-374 -388 0
-374 -389 0
-374 -390 0
-374 -391 0
-374 -392 0
-374 -393 0
-374 -394 0
-374 -395 0
-374 -396 0
-375 -376 0
-375 -377 0
-375 -378 0
-375 -379 0
-375 -380 0
-375 -381 0
-375 -382 0
-375 -383 0
-375 -384 0
-375 -385 0
-375 -386 0
-375 -387 0
-375 -388 0
-375 -389 0
-375 -390 0
-375 -391 0
-375 -392 0
-375 -393 0
-375 -394 0
-375 -395 0
-375 -396 0
-376 -377 0
-376 -378 0
-376 -379 0
-376 -380 0
-376 -381 0
-376 -382 0
-376 -383 0
-376 -384 0
-376 -385 0
-376 -386 0
-376 -387 0
-376 -388 0
-376 -389 0
-376 -390 0
-376 -391 0
-376 -392 0
-376 -393 0
-376 -394 0
-376 -395 0
-376 -396 0
-377 -378 0
-377 -379 0
-377 -380 0
-377 -381 0
-377 -382 0
-377 -383 0
-377 -384 0
-377 -385 0
-377 -386 0
-377 -387 0
-377 -388 0
-377 -389 0
-377 -390 0
-377 -391 0
-377 -392 0
-377 -393 0
-377 -394 0
-377 -395 0
-377 -396 0
-378 -379 0
-378 -380 0
-378 -381 0
-378 -382 0
-378 -383 0
-378 -384 0
-378 -385 0
-378 -386 0
-378 -387 0
-378 -388 0
-378 -389 0
-378 -390 0
-378 -391 0
-378 -392 0
-378 -393 0
-378 -394 0
-378 -395 0
-378 -396 0
-379 -380 0
-379 -381 0
-379 -382 0
-379 -383 0
-379 -384 0
-379 -385 0
-379 -386 0
-379 -387 0
-379 -388 0
-379 -389 0
-379 -390 0
-379 -391 0
-379 -392 0
-379 -393 0
-379 -394 0
-379 -395 0
-379 -396 0
-380 -381 0
-380 -382 0
-380 -383 0
-380 -384 0
-380 -385 0
-380 -386 0
-380 -387 0
-380 -388 0
-380 -389 0
-380 -390 0
-380 -391 0
-380 -392 0
-380 -393 0
-380 -394 0
-380 -395 0
-380 -396 0
-381 -382 0
-381 -383 0
-381 -384 0
-381 -385 0
-381 -386 0
-381 -387 0
-381 -388 0
-381 -389 0
-381 -390 0
-381 -391 0
-381 -392 0
-381 -393 0
-381 -394 0
-381 -395 0
-381 -396 0
-382 -383 0
-382 -384 0
-382 -385 0
-382 -386 0
-382 -387 0
-382 -388 0
-382 -389 0
-382 -390 0
-382 -391 0
-382 -392 0
-382 -393 0
-382 -394 0
-382 -395 0
-382 -396 0
-383 -384 0
-383 -385 0
-383 -386 0
-383 -387 0
-383 -388 0
-383 -389 0
-383 -390 0
-383 -391 0
-383 -392 0
-383 -393 0
-383 -394 0
-383 -395 0
-383 -396 0
-384 -385 0
-384 -386 0
-384 -387 0
-384 -388 0
-384 -389 0
-384 -390 0
-384 -391 0
-384 -392 0
-384 -393 0
-384 -394 0
-384 -395 0
-384 -396 0
-385 -386 0
-385 -387 0
-385 -388 0
-385 -389 0
-385 -390 0
-385 -391 0
-385 -392 0
-385 -393 0
-385 -394 0
-385 -395 0
-385 -396 0
-386 -387 0
-386 -388 0
-386 -389 0
-386 -390 0
-386 -391 0
-386 -392 0
-386 -393 0
-386 -394 0
-386 -395 0
-386 -396 0
-387 -388 0
-387 -389 0
-387 -390 0
-387 -391 0
-387 -392 0
-387 -393 0
-387 -394 0
-387 -395 0
-387 -396 0
-388 -389 0
-388 -390 0
-388 -391 0
-388 -392 0
-388 -393 0
-388 -394 0
-388 -395 0
-388 -396 0
-389 -390 0
-389 -391 0
-389 -392 0
-389 -393 0
-389 -394 0
-389 -395 0
-389 -396 0
-390 -391 0
-390 -392 0
-390 -393 0
-390 -394 0
-390 -395 0
-390 -396 0
-391 -392 0
-391 -393 0
-391 -394 0
-391 -395 0
-391 -396 0
-392 -393 0
-392 -394 0
-392 -395 0
-392 -396 0
-393 -394 0
-393 -395 0
-393 -396 0
-394 -395 0
-394 -396 0
-395 -396 0
-397 -398 0
-397 -399 0
-397 -400 0
-397 -401 0
-397 -402 0
-397 -403 0
-397 -404 0
-397 -405 0
-397 -406 0
-397 -407 0
-397 -408 0
-397 -409 0
-397 -410 0
-397 -411 0
-397 -412 0
-397 -413 0
-397 -414 0
-397 -415 0
-397 -416 0
-397 -417 0
-397 -418 0
-397 -419 0
-397 -420 0
-397 -421 0
-397 -422 0
-397 -423 0
-397 -424 0
-397 -425 0
-397 -426 0
-397 -427 0
-397 -428 0
-397 -429 0
-397 -430 0
-397 -431 0
-397 -432 0
-398 -399 0
-398 -400 0
-398 -401 0
-398 -402 0
-398 -403 0
-398 -404 0
-398 -405 0
-398 -406 0
-398 -407 0
-398 -408 0
-398 -409 0
-398 -410 0
-398 -411 0
-398 -412 0
-398 -413 0
-398 -414 0
-398 -415 0
-398 -416 0
-398 -417 0
-398 -418 0
-398 -419 0
-398 -420 0
-398 -421 0
-398 -422 0
-398 -423 0
-398 -424 0
-398 -425 0
-398 -426 0
-398 -427 0
-398 -428 0
-398 -429 0
-398 -430 0
-398 -431 0
-398 -432 0
-399 -400 0
-399 -401 0
-399 -402 0
-399 -403 0
-399 -404 0
-399 -405 0
-399 -406 0
-399 -407 0
-399 -408 0
-399 -409 0
-399 -410 0
-399 -411 0
-399 -412 0
-399 -413 0
-399 -414 0
-399 -415 0
-399 -416 0
-399 -417 0
-399 -418 0
-399 -419 0
-399 -420 0
-399 -421 0
-399 -422 0
-399 -423 0
-399 -424 0
-399 -425 0
-399 -426 0
-399 -427 0
-399 -428 0
-399 -429 0
-399 -430 0
-399 -431 0
-399 -432 0
-400 -401 0
-400 -402 0
-400 -403 0
-400 -404 0
-400 -405 0
-400 -406 0
-400 -407 0
-400 -408 0
-400 -409 0
-400 -410 0
-400 -411 0
-400 -412 0
-400 -413 0
-400 -414 0
-400 -415 0
-400 -416 0
-400 -417 0
-400 -418 0
-400 -419 0
-400 -420 0
-400 -421 0
-400 -422 0
-400 -423 0
-400 -424 0
-400 -425 0
-400 -426 0
-400 -427 0
-400 -428 0
-400 -429 0
-400 -430 0
-400 -431 0
-400 -432 0
-401 -402 0
-401 -403 0
-401 -404 0
-401 -405 0
-401 -406 0
-401 -407 0
-401 -408 0
-401 -409 0
-401 -410 0
-401 -411 0
-401 -412 0
-401 -413 0
-401 -414 0
-401 -415 0
-401 -416 0
-401 -417 0
-401 -418 0
-401 -419 0
-401 -420 0
-401 -421 0
-401 -422 0
-401 -423 0
-401 -424 0
-401 -425 0
-401 -426 0
-401 -427 0
-401 -428 0
-401 -429 0
-401 -430 0
-401 -431 0
-401 -432 0
-402 -403 0
-402 -404 0
-402 -405 0
-402 -406 0
-402 -407 0
-402 -408 0
-402 -409 0
-402 -410 0
-402 -411 0
-402 -412 0
-402 -413 0
-402 -414 0
-402 -415 0
-402 -416 0
-402 -417 0
-402 -418 0
-402 -419 0
-402 -420 0
-402 -421 0
-402 -422 0
-402 -423 0
-402 -424 0
-402 -425 0
-402 -426 0
-402 -427 0
-402 -428 0
-402 -429 0
-402 -430 0
-402 -431 0
-402 -432 0
-403 -404 0
-403 -405 0
-403 -406 0
-403 -407 0
-403 -408 0
-403 -409 0
-403 -410 0
-403 -411 0
-403 -412 0
-403 -413 0
-403 -414 0
-403 -415 0
-403 -416 0
-403 -417 0
-403 -418 0
-403 -419 0
-403 -420 0
-403 -421 0
-403 -422 0
-403 -423 0
-403 -424 0
-403 -425 0
-403 -426 0
-403 -427 0
-403 -428 0
-403 -429 0
-403 -430 0
-403 -431 0
-403 -432 0
-404 -405 0
-404 -406 0
-404 -407 0
-404 -408 0
-404 -409 0
-404 -410 0
-404 -411 0
-404 -412 0
-404 -413 0
-404 -414 0
-404 -415 0
-404 -416 0
-404 -417 0
-404 -418 0
-404 -419 0
-404 -420 0
-404 -421 0
-404 -422 0
-404 -423 0
-404 -424 0
-404 -425 0
-404 -426 0
-404 -427 0
-404 -428 0
-404 -429 0
-404 -430 0
-404 -431 0
-404 -432 0
-405 -406 0
-405 -407 0
-405 -408 0
-405 -409 0
-405 -410 0
-405 -411 0
-405 -412 0
-405 -413 0
-405 -414 0
-405 -415 0
-405 -416 0
-405 -417 0
-405 -418 0
-405 -419 0
-405 -420 0
-405 -421 0
-405 -422 0
-405 -423 0
-405 -424 0
-405 -425 0
-405 -426 0
-405 -427 0
-405 -428 0
-405 -429 0
-405 -430 0
-405 -431 0
-405 -432 0
-406 -407 0
-406 -408 0
-406 -409 0
-406 -410 0
-406 -411 0
-406 -412 0
-406 -413 0
-406 -414 0
-406 -415 0
-406 -416 0
-406 -417 0
-406 -418 0
-406 -419 0
-406 -420 0
-406 -421 0
-406 -422 0
-406 -423 0
-406 -424 0
-406 -425 0
-406 -426 0
-406 -427 0
-406 -428 0
-406 -429 0
-406 -430 0
-406 -431 0
-406 -432 0
-407 -408 0
-407 -409 0
-407 -410 0
-407 -411 0
-407 -412 0
-407 -413 0
-407 -414 0
-407 -415 0
-407 -416 0
-407 -417 0
-407 -418 0
-407 -419 0
-407 -420 0
-407 -421 0
-407 -422 0
-407 -423 0
-407 -424 0
-407 -425 0
-407 -426 0
-407 -427 0
-407 -428 0
-407 -429 0
-407 -430 0
-407 -431 0
-407 -432 0
-408 -409 0
-408 -410 0
-408 -411 0
-408 -412 0
-408 -413 0
-408 -414 0
-408 -415 0
-408 -416 0
-408 -417 0
-408 -418 0
-408 -419 0
-408 -420 0
-408 -421 0
-408 -422 0
-408 -423 0
-408 -424 0
-408 -425 0
-408 -426 0
-408 -427 0
-408 -428 0
-408 -429 0
-408 -430 0
-408 -431 0
-408 -432 0
-409 -410 0
-409 -411 0
-409 -412 0
-409 -413 0
-409 -414 0
-409 -415 0
-409 -416 0
-409 -417 0
-409 -418 0
-409 -419 0
-409 -420 0
-409 -421 0
-409 -422 0
-409 -423 0
-409 -424 0
-409 -425 0
-409 -426 0
-409 -427 0
-409 -428 0
-409 -429 0
-409 -430 0
-409 -431 0
-409 -432 0
-410 -411 0
-410 -412 0
-410 -413 0
-410 -414 0
-410 -415 0
-410 -416 0
-410 -417 0
-410 -418 0
-410 -419 0
-410 -420 0
-410 -421 0
-410 -422 0
-410 -423 0
-410 -424 0
-410 -425 0
-410 -426 0
-410 -427 0
-410 -428 0
-410 -429 0
-410 -430 0
-410 -431 0
-410 -432 0
-411 -412 0
-411 -413 0
-411 -414 0
-411 -415 0
-411 -416 0
-411 -417 0
-411 -418 0
-411 -419 0
-411 -420 0
-411 -421 0
-411 -422 0
-411 -423 0
-411 -424 0
-411 -425 0
-411 -426 0
-411 -427 0
-411 -428 0
-411 -429 0
-411 -430 0
-411 -431 0
-411 -432 0
-412 -413 0
-412 -414 0
-412 -415 0
-412 -416 0
-412 -417 0
-412 -418 0
-412 -419 0
-412 -420 0
-412 -421 0
-412 -422 0
-412 -423 0
-412 -424 0
-412 -425 0
-412 -426 0
-412 -427 0
-412 -428 0
-412 -429 0
-412 -430 0
-412 -431 0
-412 -432 0
-413 -414 0
-413 -415 0
-413 -416 0
-413 -417 0
-413 -418 0
-413 -419 0
-413 -420 0
-413 -421 0
-413 -422 0
-413 -423 0
-413 -424 0
-413 -425 0
-413 -426 0
-413 -427 0
-413 -428 0
-413 -429 0
-413 -430 0
-413 -431 0
-413 -432 0
-414 -415 0
-414 -416 0
-414 -417 0
-414 -418 0
-414 -419 0
-414 -420 0
-414 -421 0
-414 -422 0
-414 -423 0
-414 -424 0
-414 -425 0
-414 -426 0
-414 -427 0
-414 -428 0
-414 -429 0
-414 -430 0
-414 -431 0
-414 -432 0
-415 -416 0
-415 -417 0
-415 -418 0
-415 -419 0
-415 -420 0
-415 -421 0
-415 -422 0
-415 -423 0
-415 -424 0
-415 -425 0
-415 -426 0
-415 -427 0
-415 -428 0
-415 -429 0
-415 -430 0
-415 -431 0
-415 -432 0
-416 -417 0
-416 -418 0
-416 -419 0
-416 -420 0
-416 -421 0
-416 -422 0
-416 -423 0
-416 -424 0
-416 -425 0
-416 -426 0
-416 -427 0
-416 -428 0
-416 -429 0
-416 -430 0
-416 -431 0
-416 -432 0
-417 -418 0
-417 -419 0
-417 -420 0
-417 -421 0
-417 -422 0
-417 -423 0
-417 -424 0
-417 -425 0
-417 -426 0
-417 -427 0
-417 -428 0
-417 -429 0
-417 -430 0
-417 -431 0
-417 -432 0
-418 -419 0
-418 -420 0
-418 -421 0
-418 -422 0
-418 -423 0
-418 -424 0
-418 -425 0
-418 -426 0
-418 -427 0
-418 -428 0
-418 -429 0
-418 -430 0
-418 -431 0
-418 -432 0
-419 -420 0
-419 -421 0
-419 -422 0
-419 -423 0
-419 -424 0
-419 -425 0
-419 -426 0
-419 -427 0
-419 -428 0
-419 -429 0
-419 -430 0
-419 -431 0
-419 -432 0
-420 -421 0
-420 -422 0
-420 -423 0
-420 -424 0
-420 -425 0
-420 -426 0
-420 -427 0
-420 -428 0
-420 -429 0
-420 -430 0
-420 -431 0
-420 -432 0
-421 -422 0
-421 -423 0
-421 -424 0
-421 -425 0
-421 -426 0
-421 -427 0
-421 -428 0
-421 -429 0
-421 -430 0
-421 -431 0
-421 -432 0
-422 -423 0
-422 -424 0
-422 -425 0
-422 -426 0
-422 -427 0
-422 -428 0
-422 -429 0
-422 -430 0
-422 -431 0
-422 -432 0
-423 -424 0
-423 -425 0
-423 -426 0
-423 -427 0
-423 -428 0
-423 -429 0
-423 -430 0
-423 -431 0
-423 -432 0
-424 -425 0
-424 -426 0
-424 -427 0
-424 -428 0
-424 -429 0
-424 -430 0
-424 -431 0
-424 -432 0
-425 -426 0
-425 -427 0
-425 -428 0
-425 -429 0
-425 -430 0
-425 -431 0
-425 -432 0
-426 -427 0
-426 -428 0
-426 -429 0
-426 -430 0
-426 -431 0
-426 -432 0
-427 -428 0
-427 -429 0
-427 -430 0
-427 -431 0
-427 -432 0
-428 -429 0
-428 -430 0
-428 -431 0
-428 -432 0
-429 -430 0
-429 -431 0
-429 -432 0
-430 -431 0
-430 -432 0
-431 -432 0
-433 -434 0
-433 -435 0
-433 -436 0
-433 -437 0
-433 -438 0
-433 -439 0
-433 -440 0
-433 -441 0
-433 -442 0
-433 -443 0
-433 -444 0
-433 -445 0
-433 -446 0
-433 -447 0
-433 -448 0
-433 -449 0
-433 -450 0
-433 -451 0
-433 -452 0
-433 -453 0
-433 -454 0
-433 -455 0
-433 -456 0
-433 -457 0
-433 -458 0
-433 -459 0
-433 -460 0
-433 -461 0
-433 -462 0
-433 -463 0
-433 -464 0
-433 -465 0
-433 -466 0
-433 -467 0
-433 -468 0
-434 -435 0
-434 -436 0
-434 -437 0
-434 -438 0
-434 -439 0
-434 -440 0
-434 -441 0
-434 -442 0
-434 -443 0
-434 -444 0
-434 -445 0
-434 -446 0
-434 -447 0
-434 -448 0
-434 -449 0
-434 -450 0
-434 -451 0
-434 -452 0
-434 -453 0
-434 -454 0
-434 -455 0
-434 -456 0
-434 -457 0
-434 -458 0
-434 -459 0
-434 -460 0
-434 -461 0
-434 -462 0
-434 -463 0
-434 -464 0
-434 -465 0
-434 -466 0
-434 -467 0
-434 -468 0
-435 -436 0
-435 -437 0
-435 -438 0
-435 -439 0
-435 -440 0
-435 -441 0
-435 -442 0
-435 -443 0
-435 -444 0
-435 -445 0
-435 -446 0
-435 -447 0
-435 -448 0
-435 -449 0
-435 -450 0
-435 -451 0
-435 -452 0
-435 -453 0
-435 -454 0
-435 -455 0
-435 -456 0
-435 -457 0
-435 -458 0
-435 -459 0
-435 -460 0
-435 -461 0
-435 -462 0
-435 -463 0
-435 -464 0
-435 -465 0
-435 -466 0
-435 -467 0
-435 -468 0
-436 -437 0
-436 -438 0
-436 -439 0
-436 -440 0
-436 -441 0
-436 -442 0
-436 -443 0
-436 -444 0
-436 -445 0
-436 -446 0
-436 -447 0
-436 -448 0
-436 -449 0
-436 -450 0
-436 -451 0
-436 -452 0
-436 -453 0
-436 -454 0
-436 -455 0
-436 -456 0
-436 -457 0
-436 -458 0
-436 -459 0
-436 -460 0
-436 -461 0
-436 -462 0
-436 -463 0
-436 -464 0
-436 -465 0
-436 -466 0
-436 -467 0
-436 -468 0
-437 -438 0
-437 -439 0
-437 -440 0
-437 -441 0
-437 -442 0
-437 -443 0
-437 -444 0
-437 -445 0
-437 -446 0
-437 -447 0
-437 -448 0
-437 -449 0
-437 -450 0
-437 -451 0
-437 -452 0
-437 -453 0
-437 -454 0
-437 -455 0
-437 -456 0
-437 -457 0
-437 -458 0
-437 -459 0
-437 -460 0
-437 -461 0
-437 -462 0
-437 -463 0
-437 -464 0
-437 -465 0
-437 -466 0
-437 -467 0
-437 -468 0
-438 -439 0
-438 -440 0
-438 -441 0
-438 -442 0
-438 -443 0
-438 -444 0
-438 -445 0
-438 -446 0
-438 -447 0
-438 -448 0
-438 -449 0
-438 -450 0
-438 -451 0
-438 -452 0
-438 -453 0
-438 -454 0
-438 -455 0
-438 -456 0
-438 -457 0
-438 -458 0
-438 -459 0
-438 -460 0
-438 -461 0
-438 -462 0
-438 -463 0
-438 -464 0
-438 -465 0
-438 -466 0
-438 -467 0
-438 -468 0
-439 -440 0
-439 -441 0
-439 -442 0
-439 -443 0
-439 -444 0
-439 -445 0
-439 -446 0
-439 -447 0
-439 -448 0
-439 -449 0
-439 -450 0
-439 -451 0
-439 -452 0
-439 -453 0
-439 -454 0
-439 -455 0
-439 -456 0
-439 -457 0
-439 -458 0
-439 -459 0
-439 -460 0
-439 -461 0
-439 -462 0
-439 -463 0
-439 -464 0
-439 -465 0
-439 -466 0
-439 -467 0
-439 -468 0
-440 -441 0
-440 -442 0
-440 -443 0
-440 -444 0
-440 -445 0
-440 -446 0
-440 -447 0
-440 -448 0
-440 -449 0
-440 -450 0
-440 -451 0
-440 -452 0
-440 -453 0
-440 -454 0
-440 -455 0
-440 -456 0
-440 -457 0
-440 -458 0
-440 -459 0
-440 -460 0
-440 -461 0
-440 -462 0
-440 -463 0
-440 -464 0
-440 -465 0
-440 -466 0
-440 -467 0
-440 -468 0
-441 -442 0
-441 -443 0
-441 -444 0
-441 -445 0
-441 -446 0
-441 -447 0
-441 -448 0
-441 -449 0
-441 -450 0
-441 -451 0
-441 -452 0
-441 -453 0
-441 -454 0
-441 -455 0
-441 -456 0
-441 -457 0
-441 -458 0
-441 -459 0
-441 -460 0
-441 -461 0
-441 -462 0
-441 -463 0
-441 -464 0
-441 -465 0
-441 -466 0
-441 -467 0
-441 -468 0
-442 -443 0
-442 -444 0
-442 -445 0
-442 -446 0
-442 -447 0
-442 -448 0
-442 -449 0
-442 -450 0
-442 -451 0
-442 -452 0
-442 -453 0
-442 -454 0
-442 -455 0
-442 -456 0
-442 -457 0
-442 -458 0
-442 -459 0
-442 -460 0
-442 -461 0
-442 -462 0
-442 -463 0
-442 -464 0
-442 -465 0
-442 -466 0
-442 -467 0
-442 -468 0
-443 -444 0
-443 -445 0
-443 -446 0
-443 -447 0
-443 -448 0
-443 -449 0
-443 -450 0
-443 -451 0
-443 -452 0
-443 -453 0
-443 -454 0
-443 -455 0
-443 -456 0
-443 -457 0
-443 -458 0
-443 -459 0
-443 -460 0
-443 -461 0
-443 -462 0
-443 -463 0
-443 -464 0
-443 -465 0
-443 -466 0
-443 -467 0
-443 -468 0
-444 -445 0
-444 -446 0
-444 -447 0
-444 -448 0
-444 -449 0
-444 -450 0
-444 -451 0
-444 -452 0
-444 -453 0
-444 -454 0
-444 -455 0
-444 -456 0
-444 -457 0
-444 -458 0
-444 -459 0
-444 -460 0
-444 -461 0
-444 -462 0
-444 -463 0
-444 -464 0
-444 -465 0
-444 -466 0
-444 -467 0
-444 -468 0
-445 -446 0
-445 -447 0
-445 -448 0
-445 -449 0
-445 -450 0
-445 -451 0
-445 -452 0
-445 -453 0
-445 -454 0
-445 -455 0
-445 -456 0
-445 -457 0
-445 -458 0
-445 -459 0
-445 -460 0
-445 -461 0
-445 -462 0
-445 -463 0
-445 -464 0
-445 -465 0
-445 -466 0
-445 -467 0
-445 -468 0
-446 -447 0
-446 -448 0
-446 -449 0
-446 -450 0
-446 -451 0
-446 -452 0
-446 -453 0
-446 -454 0
-446 -455 0
-446 -456 0
-446 -457 0
-446 -458 0
-446 -459 0
-446 -460 0
-446 -461 0
-446 -462 0
-446 -463 0
-446 -464 0
-446 -465 0
-446 -466 0
-446 -467 0
-446 -468 0
-447 -448 0
-447 -449 0
-447 -450 0
-447 -451 0
-447 -452 0
-447 -453 0
-447 -454 0
-447 -455 0
-447 -456 0
-447 -457 0
-447 -458 0
-447 -459 0
-447 -460 0
-447 -461 0
-447 -462 0
-447 -463 0
-447 -464 0
-447 -465 0
-447 -466 0
-447 -467 0
-447 -468 0
-448 -449 0
-448 -450 0
-448 -451 0
-448 -452 0
-448 -453 0
-448 -454 0
-448 -455 0
-448 -456 0
-448 -457 0
-448 -458 0
-448 -459 0
-448 -460 0
-448 -461 0
-448 -462 0
-448 -463 0
-448 -464 0
-448 -465 0
-448 -466 0
-448 -467 0
-448 -468 0
-449 -450 0
-449 -451 0
-449 -452 0
-449 -453 0
-449 -454 0
-449 -455 0
-449 -456 0
-449 -457 0
-449 -458 0
-449 -459 0
-449 -460 0
-449 -461 0
-449 -462 0
-449 -463 0
-449 -464 0
-449 -465 0
-449 -466 0
-449 -467 0
-449 -468 0
-450 -451 0
-450 -452 0
-450 -453 0
-450 -454 0
-450 -455 0
-450 -456 0
-450 -457 0
-450 -458 0
-450 -459 0
-450 -460 0
-450 -461 0
-450 -462 0
-450 -463 0
-450 -464 0
-450 -465 0
-450 -466 0
-450 -467 0
-450 -468 0
-451 -452 0
-451 -453 0
-451 -454 0
-451 -455 0
-451 -456 0
-451 -457 0
-451 -458 0
-451 -459 0
-451 -460 0
-451 -461 0
-451 -462 0
-451 -463 0
-451 -464 0
-451 -465 0
-451 -466 0
-451 -467 0
-451 -468 0
-452 -453 0
-452 -454 0
-452 -455 0
-452 -456 0
-452 -457 0
-452 -458 0
-452 -459 0
-452 -460 0
-452 -461 0
-452 -462 0
-452 -463 0
-452 -464 0
-452 -465 0
-452 -466 0
-452 -467 0
-452 -468 0
-453 -454 0
-453 -455 0
-453 -456 0
-453 -457 0
-453 -458 0
-453 -459 0
-453 -460 0
-453 -461 0
-453 -462 0
-453 -463 0
-453 -464 0
-453 -465 0
-453 -466 0
-453 -467 0
-453 -468 0
-454 -455 0
-454 -456 0
-454 -457 0
-454 -458 0
-454 -459 0
-454 -460 0
-454 -461 0
-454 -462 0
-454 -463 0
-454 -464 0
-454 -465 0
-454 -466 0
-454 -467 0
-454 -468 0
-455 -456 0
-455 -457 0
-455 -458 0
-455 -459 0
-455 -460 0
-455 -461 0
-455 -462 0
-455 -463 0
-455 -464 0
-455 -465 0
-455 -466 0
-455 -467 0
-455 -468 0
-456 -457 0
-456 -458 0
-456 -459 0
-456 -460 0
-456 -461 0
-456 -462 0
-456 -463 0
-456 -464 0
-456 -465 0
-456 -466 0
-456 -467 0
-456 -468 0
-457 -458 0
-457 -459 0
-457 -460 0
-457 -461 0
-457 -462 0
-457 -463 0
-457 -464 0
-457 -465 0
-457 -466 0
-457 -467 0
-457 -468 0
-458 -459 0
-458 -460 0
-458 -461 0
-458 -462 0
-458 -463 0
-458 -464 0
-458 -465 0
-458 -466 0
-458 -467 0
-458 -468 0
-459 -460 0
-459 -461 0
-459 -462 0
-459 -463 0
-459 -464 0
-459 -465 0
-459 -466 0
-459 -467 0
-459 -468 0
-460 -461 0
-460 -462 0
-460 -463 0
-460 -464 0
-460 -465 0
-460 -466 0
-460 -467 0
-460 -468 0
-461 -462 0
-461 -463 0
-461 -464 0
-461 -465 0
-461 -466 0
-461 -467 0
-461 -468 0
-462 -463 0
-462 -464 0
-462 -465 0
-462 -466 0
-462 -467 0
-462 -468 0
-463 -464 0
-463 -465 0
-463 -466 0
-463 -467 0
-463 -468 0
-464 -465 0
-464 -466 0
-464 -467 0
-464 -468 0
-465 -466 0
-465 -467 0
-465 -468 0
-466 -467 0
-466 -468 0
-467 -468 0
-469 -470 0
-469 -471 0
-469 -472 0
-469 -473 0
-469 -474 0
-469 -475 0
-469 -476 0
-469 -477 0
-469 -478 0
-469 -479 0
-469 -480 0
-469 -481 0
-469 -482 0
-469 -483 0
-469 -484 0
-469 -485 0
-469 -486 0
-469 -487 0
-469 -488 0
-469 -489 0
-469 -490 0
-469 -491 0
-469 -492 0
-469 -493 0
-469 -494 0
-469 -495 0
-469 -496 0
-469 -497 0
-469 -498 0
-469 -499 0
-469 -500 0
-469 -501 0
-469 -502 0
-469 -503 0
-469 -504 0
-470 -471 0
-470 -472 0
-470 -473 0
-470 -474 0
-470 -475 0
-470 -476 0
-470 -477 0
-470 -478 0
-470 -479 0
-470 -480 0
-470 -481 0
-470 -482 0
-470 -483 0
-470 -484 0
-470 -485 0
-470 -486 0
-470 -487 0
-470 -488 0
-470 -489 0
-470 -490 0
-470 -491 0
-470 -492 0
-470 -493 0
-470 -494 0
-470 -495 0
-470 -496 0
-470 -497 0
-470 -498 0
-470 -499 0
-470 -500 0
-470 -501 0
-470 -502 0
-470 -503 0
-470 -504 0
-471 -472 0
-471 -473 0
-471 -474 0
-471 -475 0
-471 -476 0
-471 -477 0
-471 -478 0
-471 -479 0
-471 -480 0
-471 -481 0
-471 -482 0
-471 -483 0
-471 -484 0
-471 -485 0
-471 -486 0
-471 -487 0
-471 -488 0
-471 -489 0
-471 -490 0
-471 -491 0
-471 -492 0
-471 -493 0
-471 -494 0
-471 -495 0
-471 -496 0
-471 -497 0
-471 -498 0
-471 -499 0
-471 -500 0
-471 -501 0
-471 -502 0
-471 -503 0
-471 -504 0
-472 -473 0
-472 -474 0
-472 -475 0
-472 -476 0
-472 -477 0
-472 -478 0
-472 -479 0
-472 -480 0
-472 -481 0
-472 -482 0
-472 -483 0
-472 -484 0
-472 -485 0
-472 -486 0
-472 -487 0
-472 -488 0
-472 -489 0
-472 -490 0
-472 -491 0
-472 -492 0
-472 -493 0
-472 -494 0
-472 -495 0
-472 -496 0
-472 -497 0
-472 -498 0
-472 -499 0
-472 -500 0
-472 -501 0
-472 -502 0
-472 -503 0
-472 -504 0
-473 -474 0
-473 -475 0
-473 -476 0
-473 -477 0
-473 -478 0
-473 -479 0
-473 -480 0
-473 -481 0
-473 -482 0
-473 -483 0
-473 -484 0
-473 -485 0
-473 -486 0
-473 -487 0
-473 -488 0
-473 -489 0
-473 -490 0
-473 -491 0
-473 -492 0
-473 -493 0
-473 -494 0
-473 -495 0
-473 -496 0
-473 -497 0
-473 -498 0
-473 -499 0
-473 -500 0
-473 -501 0
-473 -502 0
-473 -503 0
-473 -504 0
-474 -475 0
-474 -476 0
-474 -477 0
-474 -478 0
-474 -479 0
-474 -480 0
-474 -481 0
-474 -482 0
-474 -483 0
-474 -484 0
-474 -485 0
-474 -486 0
-474 -487 0
-474 -488 0
-474 -489 0
-474 -490 0
-474 -491 0
-474 -492 0
-474 -493 0
-474 -494 0
-474 -495 0
-474 -496 0
-474 -497 0
-474 -498 0
-474 -499 0
-474 -500 0
-474 -501 0
-474 -502 0
-474 -503 0
-474 -504 0
-475 -476 0
-475 -477 0
-475 -478 0
-475 -479 0
-475 -480 0
-475 -481 0
-475 -482 0
-475 -483 0
-475 -484 0
-475 -485 0
-475 -486 0
-475 -487 0
-475 -488 0
-475 -489 0
-475 -490 0
-475 -491 0
-475 -492 0
-475 -493 0
-475 -494 0
-475 -495 0
-475 -496 0
-475 -497 0
-475 -498 0
-475 -499 0
-475 -500 0
-475 -501 0
-475 -502 0
-475 -503 0
-475 -504 0
-476 -477 0
-476 -478 0
-476 -479 0
-476 -480 0
-476 -481 0
-476 -482 0
-476 -483 0
-476 -484 0
-476 -485 0
-476 -486 0
-476 -487 0
-476 -488 0
-476 -489 0
-476 -490 0
-476 -491 0
-476 -492 0
-476 -493 0
-476 -494 0
-476 -495 0
-476 -496 0
-476 -497 0
-476 -498 0
-476 -499 0
-476 -500 0
-476 -501 0
-476 -502 0
-476 -503 0
-476 -504 0
-477 -478 0
-477 -479 0
-477 -480 0
-477 -481 0
-477 -482 0
-477 -483 0
-477 -484 0
-477 -485 0
-477 -486 0
-477 -487 0
-477 -488 0
-477 -489 0
-477 -490 0
-477 -491 0
-477 -492 0
-477 -493 0
-477 -494 0
-477 -495 0
-477 -496 0
-477 -497 0
-477 -498 0
-477 -499 0
-477 -500 0
-477 -501 0
-477 -502 0
-477 -503 0
-477 -504 0
-478 -479 0
-478 -480 0
-478 -481 0
-478 -482 0
-478 -483 0
-478 -484 0
-478 -485 0
-478 -486 0
-478 -487 0
-478 -488 0
-478 -489 0
-478 -490 0
-478 -491 0
-478 -492 0
-478 -493 0
-478 -494 0
-478 -495 0
-478 -496 0
-478 -497 0
-478 -498 0
-478 -499 0
-478 -500 0
-478 -501 0
-478 -502 0
-478 -503 0
-478 -504 0
-479 -480 0
-479 -481 0
-479 -482 0
-479 -483 0
-479 -484 0
-479 -485 0
-479 -486 0
-479 -487 0
-479 -488 0
-479 -489 0
-479 -490 0
-479 -491 0
-479 -492 0
-479 -493 0
-479 -494 0
-479 -495 0
-479 -496 0
-479 -497 0
-479 -498 0
-479 -499 0
-479 -500 0
-479 -501 0
-479 -502 0
-479 -503 0
-479 -504 0
-480 -481 0
-480 -482 0
-480 -483 0
-480 -484 0
-480 -485 0
-480 -486 0
-480 -487 0
-480 -488 0
-480 -489 0
-480 -490 0
-480 -491 0
-480 -492 0
-480 -493 0
-480 -494 0
-480 -495 0
-480 -496 0
-480 -497 0
-480 -498 0
-480 -499 0
-480 -500 0
-480 -501 0
-480 -502 0
-480 -503 0
-480 -504 0
-481 -482 0
-481 -483 0
-481 -484 0
-481 -485 0
-481 -486 0
-481 -487 0
-481 -488 0
-481 -489 0
-481 -490 0
-481 -491 0
-481 -492 0
-481 -493 0
-481 -494 0
-481 -495 0
-481 -496 0
-481 -497 0
-481 -498 0
-481 -499 0
-481 -500 0
-481 -501 0
-481 -502 0
-481 -503 0
-481 -504 0
-482 -483 0
-482 -484 0
-482 -485 0
-482 -486 0
-482 -487 0
-482 -488 0
-482 -489 0
-482 -490 0
-482 -491 0
-482 -492 0
-482 -493 0
-482 -494 0
-482 -495 0
-482 -496 0
-482 -497 0
-482 -498 0
-482 -499 0
-482 -500 0
-482 -501 0
-482 -502 0
-482 -503 0
-482 -504 0
-483 -484 0
-483 -485 0
-483 -486 0
-483 -487 0
-483 -488 0
-483 -489 0
-483 -490 0
-483 -491 0
-483 -492 0
-483 -493 0
-483 -494 0
-483 -495 0
-483 -496 0
-483 -497 0
-483 -498 0
-483 -499 0
-483 -500 0
-483 -501 0
-483 -502 0
-483 -503 0
-483 -504 0
-484 -485 0
-484 -486 0
-484 -487 0
-484 -488 0
-484 -489 0
-484 -490 0
-484 -491 0
-484 -492 0
-484 -493 0
-484 -494 0
-484 -495 0
-484 -496 0
-484 -497 0
-484 -498 0
-484 -499 0
-484 -500 0
-484 -501 0
-484 -502 0
-484 -503 0
-484 -504 0
-485 -486 0
-485 -487 0
-485 -488 0
-485 -489 0
-485 -490 0
-485 -491 0
-485 -492 0
-485 -493 0
-485 -494 0
-485 -495 0
-485 -496 0
-485 -497 0
-485 -498 0
-485 -499 0
-485 -500 0
-485 -501 0
-485 -502 0
-485 -503 0
-485 -504 0
-486 -487 0
-486 -488 0
-486 -489 0
-486 -490 0
-486 -491 0
-486 -492 0
-486 -493 0
-486 -494 0
-486 -495 0
-486 -496 0
-486 -497 0
-486 -498 0
-486 -499 0
-486 -500 0
-486 -501 0
-486 -502 0
-486 -503 0
-486 -504 0
-487 -488 0
-487 -489 0
-487 -490 0
-487 -491 0
-487 -492 0
-487 -493 0
-487 -494 0
-487 -495 0
-487 -496 0
-487 -497 0
-487 -498 0
-487 -499 0
-487 -500 0
-487 -501 0
-487 -502 0
-487 -503 0
-487 -504 0
-488 -489 0
-488 -490 0
-488 -491 0
-488 -492 0
-488 -493 0
-488 -494 0
-488 -495 0
-488 -496 0
-488 -497 0
-488 -498 0
-488 -499 0
-488 -500 0
-488 -501 0
-488 -502 0
-488 -503 0
-488 -504 0
-489 -490 0
-489 -491 0
-489 -492 0
-489 -493 0
-489 -494 0
-489 -495 0
-489 -496 0
-489 -497 0
-489 -498 0
-489 -499 0
-489 -500 0
-489 -501 0
-489 -502 0
-489 -503 0
-489 -504 0
-490 -491 0
-490 -492 0
-490 -493 0
-490 -494 0
-490 -495 0
-490 -496 0
-490 -497 0
-490 -498 0
-490 -499 0
-490 -500 0
-490 -501 0
-490 -502 0
-490 -503 0
-490 -504 0
-491 -492 0
-491 -493 0
-491 -494 0
-491 -495 0
-491 -496 0
-491 -497 0
-491 -498 0
-491 -499 0
-491 -500 0
-491 -501 0
-491 -502 0
-491 -503 0
-491 -504 0
-492 -493 0
-492 -494 0
-492 -495 0
-492 -496 0
-492 -497 0
-492 -498 0
-492 -499 0
-492 -500 0
-492 -501 0
-492 -502 0
-492 -503 0
-492 -504 0
-493 -494 0
-493 -495 0
-493 -496 0
-493 -497 0
-493 -498 0
-493 -499 0
-493 -500 0
-493 -501 0
-493 -502 0
-493 -503 0
-493 -504 0
-494 -495 0
-494 -496 0
-494 -497 0
-494 -498 0
-494 -499 0
-494 -500 0
-494 -501 0
-494 -502 0
-494 -503 0
-494 -504 0
-495 -496 0
-495 -497 0
-495 -498 0
-495 -499 0
-495 -500 0
-495 -501 0
-495 -502 0
-495 -503 0
-495 -504 0
-496 -497 0
-496 -498 0
-496 -499 0
-496 -500 0
-496 -501 0
-496 -502 0
-496 -503 0
-496 -504 0
-497 -498 0
-497 -499 0
-497 -500 0
-497 -501 0
-497 -502 0
-497 -503 0
-497 -504 0
-498 -499 0
-498 -500 0
-498 -501 0
-498 -502 0
-498 -503 0
-498 -504 0
-499 -500 0
-499 -501 0
-499 -502 0
-499 -503 0
-499 -504 0
-500 -501 0
-500 -502 0
-500 -503 0
-500 -504 0
-501 -502 0
-501 -503 0
-501 -504 0
-502 -503 0
-502 -504 0
-503 -504 0
-505 -506 0
-505 -507 0
-505 -508 0
-505 -509 0
-505 -510 0
-505 -511 0
-505 -512 0
-505 -513 0
-505 -514 0
-505 -515 0
-505 -516 0
-505 -517 0
-505 -518 0
-505 -519 0
-505 -520 0
-505 -521 0
-505 -522 0
-505 -523 0
-505 -524 0
-505 -525 0
-505 -526 0
-505 -527 0
-505 -528 0
-505 -529 0
-505 -530 0
-505 -531 0
-505 -532 0
-505 -533 0
-505 -534 0
-505 -535 0
-505 -536 0
-505 -537 0
-505 -538 0
-505 -539 0
-505 -540 0
-506 -507 0
-506 -508 0
-506 -509 0
-506 -510 0
-506 -511 0
-506 -512 0
-506 -513 0
-506 -514 0
-506 -515 0
-506 -516 0
-506 -517 0
-506 -518 0
-506 -519 0
-506 -520 0
-506 -521 0
-506 -522 0
-506 -523 0
-506 -524 0
-506 -525 0
-506 -526 0
-506 -527 0
-506 -528 0
-506 -529 0
-506 -530 0
-506 -531 0
-506 -532 0
-506 -533 0
-506 -534 0
-506 -535 0
-506 -536 0
-506 -537 0
-506 -538 0
-506 -539 0
-506 -540 0
-507 -508 0
-507 -509 0
-507 -510 0
-507 -511 0
-507 -512 0
-507 -513 0
-507 -514 0
-507 -515 0
-507 -516 0
-507 -517 0
-507 -518 0
-507 -519 0
-507 -520 0
-507 -521 0
-507 -522 0
-507 -523 0
-507 -524 0
-507 -525 0
-507 -526 0
-507 -527 0
-507 -528 0
-507 -529 0
-507 -530 0
-507 -531 0
-507 -532 0
-507 -533 0
-507 -534 0
-507 -535 0
-507 -536 0
-507 -537 0
-507 -538 0
-507 -539 0
-507 -540 0
-508 -509 0
-508 -510 0
-508 -511 0
-508 -512 0
-508 -513 0
-508 -514 0
-508 -515 0
-508 -516 0
-508 -517 0
-508 -518 0
-508 -519 0
-508 -520 0
-508 -521 0
-508 -522 0
-508 -523 0
-508 -524 0
-508 -525 0
-508 -526 0
-508 -527 0
-508 -528 0
-508 -529 0
-508 -530 0
-508 -531 0
-508 -532 0
-508 -533 0
-508 -534 0
-508 -535 0
-508 -536 0
-508 -537 0
-508 -538 0
-508 -539 0
-508 -540 0
-509 -510 0
-509 -511 0
-509 -512 0
-509 -513 0
-509 -514 0
-509 -515 0
-509 -516 0
-509 -517 0
-509 -518 0
-509 -519 0
-509 -520 0
-509 -521 0
-509 -522 0
-509 -523 0
-509 -524 0
-509 -525 0
-509 -526 0
-509 -527 0
-509 -528 0
-509 -529 0
-509 -530 0
-509 -531 0
-509 -532 0
-509 -533 0
-509 -534 0
-509 -535 0
-509 -536 0
-509 -537 0
-509 -538 0
-509 -539 0
-509 -540 0
-510 -511 0
-510 -512 0
-510 -513 0
-510 -514 0
-510 -515 0
-510 -516 0
-510 -517 0
-510 -518 0
-510 -519 0
-510 -520 0
-510 -521 0
-510 -522 0
-510 -523 0
-510 -524 0
-510 -525 0
-510 -526 0
-510 -527 0
-510 -528 0
-510 -529 0
-510 -530 0
-510 -531 0
-510 -532 0
-510 -533 0
-510 -534 0
-510 -535 0
-510 -536 0
-510 -537 0
-510 -538 0
-510 -539 0
-510 -540 0
-511 -512 0
-511 -513 0
-511 -514 0
-511 -515 0
-511 -516 0
-511 -517 0
-511 -518 0
-511 -519 0
-511 -520 0
-511 -521 0
-511 -522 0
-511 -523 0
-511 -524 0
-511 -525 0
-511 -526 0
-511 -527 0
-511 -528 0
-511 -529 0
-511 -530 0
-511 -531 0
-511 -532 0
-511 -533 0
-511 -534 0
-511 -535 0
-511 -536 0
-511 -537 0
-511 -538 0
-511 -539 0
-511 -540 0
-512 -513 0
-512 -514 0
-512 -515 0
-512 -516 0
-512 -517 0
-512 -518 0
-512 -519 0
-512 -520 0
-512 -521 0
-512 -522 0
-512 -523 0
-512 -524 0
-512 -525 0
-512 -526 0
-512 -527 0
-512 -528 0
-512 -529 0
-512 -530 0
-512 -531 0
-512 -532 0
-512 -533 0
-512 -534 0
-512 -535 0
-512 -536 0
-512 -537 0
-512 -538 0
-512 -539 0
-512 -540 0
-513 -514 0
-513 -515 0
-513 -516 0
-513 -517 0
-513 -518 0
-513 -519 0
-513 -520 0
-513 -521 0
-513 -522 0
-513 -523 0
-513 -524 0
-513 -525 0
-513 -526 0
-513 -527 0
-513 -528 0
-513 -529 0
-513 -530 0
-513 -531 0
-513 -532 0
-513 -533 0
-513 -534 0
-513 -535 0
-513 -536 0
-513 -537 0
-513 -538 0
-513 -539 0
-513 -540 0
-514 -515 0
-514 -516 0
-514 -517 0
-514 -518 0
-514 -519 0
-514 -520 0
-514 -521 0
-514 -522 0
-514 -523 0
-514 -524 0
-514 -525 0
-514 -526 0
-514 -527 0
-514 -528 0
-514 -529 0
-514 -530 0
-514 -531 0
-514 -532 0
-514 -533 0
-514 -534 0
-514 -535 0
-514 -536 0
-514 -537 0
-514 -538 0
-514 -539 0
-514 -540 0
-515 -516 0
-515 -517 0
-515 -518 0
-515 -519 0
-515 -520 0
-515 -521 0
-515 -522 0
-515 -523 0
-515 -524 0
-515 -525 0
-515 -526 0
-515 -527 0
-515 -528 0
-515 -529 0
-515 -530 0
-515 -531 0
-515 -532 0
-515 -533 0
-515 -534 0
-515 -535 0
-515 -536 0
-515 -537 0
-515 -538 0
-515 -539 0
-515 -540 0
-516 -517 0
-516 -518 0
-516 -519 0
-516 -520 0
-516 -521 0
-516 -522 0
-516 -523 0
-516 -524 0
-516 -525 0
-516 -526 0
-516 -527 0
-516 -528 0
-516 -529 0
-516 -530 0
-516 -531 0
-516 -532 0
-516 -533 0
-516 -534 0
-516 -535 0
-516 -536 0
-516 -537 0
-516 -538 0
-516 -539 0
-516 -540 0
-517 -518 0
-517 -519 0
-517 -520 0
-517 -521 0
-517 -522 0
-517 -523 0
-517 -524 0
-517 -525 0
-517 -526 0
-517 -527 0
-517 -528 0
-517 -529 0
-517 -530 0
-517 -531 0
-517 -532 0
-517 -533 0
-517 -534 0
-517 -535 0
-517 -536 0
-517 -537 0
-517 -538 0
-517 -539 0
-517 -540 0
-518 -519 0
-518 -520 0
-518 -521 0
-518 -522 0
-518 -523 0
-518 -524 0
-518 -525 0
-518 -526 0
-518 -527 0
-518 -528 0
-518 -529 0
-518 -530 0
-518 -531 0
-518 -532 0
-518 -533 0
-518 -534 0
-518 -535 0
-518 -536 0
-518 -537 0
-518 -538 0
-518 -539 0
-518 -540 0
-519 -520 0
-519 -521 0
-519 -522 0
-519 -523 0
-519 -524 0
-519 -525 0
-519 -526 0
-519 -527 0
-519 -528 0
-519 -529 0
-519 -530 0
-519 -531 0
-519 -532 0
-519 -533 0
-519 -534 0
-519 -535 0
-519 -536 0
-519 -537 0
-519 -538 0
-519 -539 0
-519 -540 0
-520 -521 0
-520 -522 0
-520 -523 0
-520 -524 0
-520 -525 0
-520 -526 0
-520 -527 0
-520 -528 0
-520 -529 0
-520 -530 0
-520 -531 0
-520 -532 0
-520 -533 0
-520 -534 0
-520 -535 0
-520 -536 0
-520 -537 0
-520 -538 0
-520 -539 0
-520 -540 0
-521 -522 0
-521 -523 0
-521 -524 0
-521 -525 0
-521 -526 0
-521 -527 0
-521 -528 0
-521 -529 0
-521 -530 0
-521 -531 0
-521 -532 0
-521 -533 0
-521 -534 0
-521 -535 0
-521 -536 0
-521 -537 0
-521 -538 0
-521 -539 0
-521 -540 0
-522 -523 0
-522 -524 0
-522 -525 0
-522 -526 0
-522 -527 0
-522 -528 0
-522 -529 0
-522 -530 0
-522 -531 0
-522 -532 0
-522 -533 0
-522 -534 0
-522 -535 0
-522 -536 0
-522 -537 0
-522 -538 0
-522 -539 0
-522 -540 0
-523 -524 0
-523 -525 0
-523 -526 0
-523 -527 0
-523 -528 0
-523 -529 0
-523 -530 0
-523 -531 0
-523 -532 0
-523 -533 0
-523 -534 0
-523 -535 0
-523 -536 0
-523 -537 0
-523 -538 0
-523 -539 0
-523 -540 0
-524 -525 0
-524 -526 0
-524 -527 0
-524 -528 0
-524 -529 0
-524 -530 0
-524 -531 0
-524 -532 0
-524 -533 0
-524 -534 0
-524 -535 0
-524 -536 0
-524 -537 0
-524 -538 0
-524 -539 0
-524 -540 0
-525 -526 0
-525 -527 0
-525 -528 0
-525 -529 0
-525 -530 0
-525 -531 0
-525 -532 0
-525 -533 0
-525 -534 0
-525 -535 0
-525 -536 0
-525 -537 0
-525 -538 0
-525 -539 0
-525 -540 0
-526 -527 0
-526 -528 0
-526 -529 0
-526 -530 0
-526 -531 0
-526 -532 0
-526 -533 0
-526 -534 0
-526 -535 0
-526 -536 0
-526 -537 0
-526 -538 0
-526 -539 0
-526 -540 0
-527 -528 0
-527 -529 0
-527 -530 0
-527 -531 0
-527 -532 0
-527 -533 0
-527 -534 0
-527 -535 0
-527 -536 0
-527 -537 0
-527 -538 0
-527 -539 0
-527 -540 0
-528 -529 0
-528 -530 0
-528 -531 0
-528 -532 0
-528 -533 0
-528 -534 0
-528 -535 0
-528 -536 0
-528 -537 0
-528 -538 0
-528 -539 0
-528 -540 0
-529 -530 0
-529 -531 0
-529 -532 0
-529 -533 0
-529 -534 0
-529 -535 0
-529 -536 0
-529 -537 0
-529 -538 0
-529 -539 0
-529 -540 0
-530 -531 0
-530 -532 0
-530 -533 0
-530 -534 0
-530 -535 0
-530 -536 0
-530 -537 0
-530 -538 0
-530 -539 0
-530 -540 0
-531 -532 0
-531 -533 0
-531 -534 0
-531 -535 0
-531 -536 0
-531 -537 0
-531 -538 0
-531 -539 0
-531 -540 0
-532 -533 0
-532 -534 0
-532 -535 0
-532 -536 0
-532 -537 0
-532 -538 0
-532 -539 0
-532 -540 0
-533 -534 0
-533 -535 0
-533 -536 0
-533 -537 0
-533 -538 0
-533 -539 0
-533 -540 0
-534 -535 0
-534 -536 0
-534 -537 0
-534 -538 0
-534 -539 0
-534 -540 0
-535 -536 0
-535 -537 0
-535 -538 0
-535 -539 0
-535 -540 0
-536 -537 0
-536 -538 0
-536 -539 0
-536 -540 0
-537 -538 0
-537 -539 0
-537 -540 0
-538 -539 0
-538 -540 0
-539 -540 0
-541 -542 0
-541 -543 0
-541 -544 0
-541 -545 0
-541 -546 0
-541 -547 0
-541 -548 0
-541 -549 0
-541 -550 0
-541 -551 0
-541 -552 0
-541 -553 0
-541 -554 0
-541 -555 0
-541 -556 0
-541 -557 0
-541 -558 0
-541 -559 0
-541 -560 0
-541 -561 0
-541 -562 0
-541 -563 0
-541 -564 0
-541 -565 0
-541 -566 0
-541 -567 0
-541 -568 0
-541 -569 0
-541 -570 0
-541 -571 0
-541 -572 0
-541 -573 0
-541 -574 0
-541 -575 0
-541 -576 0
-542 -543 0
-542 -544 0
-542 -545 0
-542 -546 0
-542 -547 0
-542 -548 0
-542 -549 0
-542 -550 0
-542 -551 0
-542 -552 0
-542 -553 0
-542 -554 0
-542 -555 0
-542 -556 0
-542 -557 0
-542 -558 0
-542 -559 0
-542 -560 0
-542 -561 0
-542 -562 0
-542 -563 0
-542 -564 0
-542 -565 0
-542 -566 0
-542 -567 0
-542 -568 0
-542 -569 0
-542 -570 0
-542 -571 0
-542 -572 0
-542 -573 0
-542 -574 0
-542 -575 0
-542 -576 0
-543 -544 0
-543 -545 0
-543 -546 0
-543 -547 0
-543 -548 0
-543 -549 0
-543 -550 0
-543 -551 0
-543 -552 0
-543 -553 0
-543 -554 0
-543 -555 0
-543 -556 0
-543 -557 0
-543 -558 0
-543 -559 0
-543 -560 0
-543 -561 0
-543 -562 0
-543 -563 0
-543 -564 0
-543 -565 0
-543 -566 0
-543 -567 0
-543 -568 0
-543 -569 0
-543 -570 0
-543 -571 0
-543 -572 0
-543 -573 0
-543 -574 0
-543 -575 0
-543 -576 0
-544 -545 0
-544 -546 0
-544 -547 0
-544 -548 0
-544 -549 0
-544 -550 0
-544 -551 0
-544 -552 0
-544 -553 0
-544 -554 0
-544 -555 0
-544 -556 0
-544 -557 0
-544 -558 0
-544 -559 0
-544 -560 0
-544 -561 0
-544 -562 0
-544 -563 0
-544 -564 0
-544 -565 0
-544 -566 0
-544 -567 0
-544 -568 0
-544 -569 0
-544 -570 0
-544 -571 0
-544 -572 0
-544 -573 0
-544 -574 0
-544 -575 0
-544 -576 0
-545 -546 0
-545 -547 0
-545 -548 0
-545 -549 0
-545 -550 0
-545 -551 0
-545 -552 0
-545 -553 0
-545 -554 0
-545 -555 0
-545 -556 0
-545 -557 0
-545 -558 0
-545 -559 0
-545 -560 0
-545 -561 0
-545 -562 0
-545 -563 0
-545 -564 0
-545 -565 0
-545 -566 0
-545 -567 0
-545 -568 0
-545 -569 0
-545 -570 0
-545 -571 0
-545 -572 0
-545 -573 0
-545 -574 0
-545 -575 0
-545 -576 0
-546 -547 0
-546 -548 0
-546 -549 0
-546 -550 0
-546 -551 0
-546 -552 0
-546 -553 0
-546 -554 0
-546 -555 0
-546 -556 0
-546 -557 0
-546 -558 0
-546 -559 0
-546 -560 0
-546 -561 0
-546 -562 0
-546 -563 0
-546 -564 0
-546 -565 0
-546 -566 0
-546 -567 0
-546 -568 0
-546 -569 0
-546 -570 0
-546 -571 0
-546 -572 0
-546 -573 0
-546 -574 0
-546 -575 0
-546 -576 0
-547 -548 0
-547 -549 0
-547 -550 0
-547 -551 0
-547 -552 0
-547 -553 0
-547 -554 0
-547 -555 0
-547 -556 0
-547 -557 0
-547 -558 0
-547 -559 0
-547 -560 0
-547 -561 0
-547 -562 0
-547 -563 0
-547 -564 0
-547 -565 0
-547 -566 0
-547 -567 0
-547 -568 0
-547 -569 0
-547 -570 0
-547 -571 0
-547 -572 0
-547 -573 0
-547 -574 0
-547 -575 0
-547 -576 0
-548 -549 0
-548 -550 0
-548 -551 0
-548 -552 0
-548 -553 0
-548 -554 0
-548 -555 0
-548 -556 0
-548 -557 0
-548 -558 0
-548 -559 0
-548 -560 0
-548 -561 0
-548 -562 0
-548 -563 0
-548 -564 0
-548 -565 0
-548 -566 0
-548 -567 0
-548 -568 0
-548 -569 0
-548 -570 0
-548 -571 0
-548 -572 0
-548 -573 0
-548 -574 0
-548 -575 0
-548 -576 0
-549 -550 0
-549 -551 0
-549 -552 0
-549 -553 0
-549 -554 0
-549 -555 0
-549 -556 0
-549 -557 0
-549 -558 0
-549 -559 0
-549 -560 0
-549 -561 0
-549 -562 0
-549 -563 0
-549 -564 0
-549 -565 0
-549 -566 0
-549 -567 0
-549 -568 0
-549 -569 0
-549 -570 0
-549 -571 0
-549 -572 0
-549 -573 0
-549 -574 0
-549 -575 0
-549 -576 0
-550 -551 0
-550 -552 0
-550 -553 0
-550 -554 0
-550 -555 0
-550 -556 0
-550 -557 0
-550 -558 0
-550 -559 0
-550 -560 0
-550 -561 0
-550 -562 0
-550 -563 0
-550 -564 0
-550 -565 0
-550 -566 0
-550 -567 0
-550 -568 0
-550 -569 0
-550 -570 0
-550 -571 0
-550 -572 0
-550 -573 0
-550 -574 0
-550 -575 0
-550 -576 0
-551 -552 0
-551 -553 0
-551 -554 0
-551 -555 0
-551 -556 0
-551 -557 0
-551 -558 0
-551 -559 0
-551 -560 0
-551 -561 0
-551 -562 0
-551 -563 0
-551 -564 0
-551 -565 0
-551 -566 0
-551 -567 0
-551 -568 0
-551 -569 0
-551 -570 0
-551 -571 0
-551 -572 0
-551 -573 0
-551 -574 0
-551 -575 0
-551 -576 0
-552 -553 0
-552 -554 0
-552 -555 0
-552 -556 0
-552 -557 0
-552 -558 0
-552 -559 0
-552 -560 0
-552 -561 0
-552 -562 0
-552 -563 0
-552 -564 0
-552 -565 0
-552 -566 0
-552 -567 0
-552 -568 0
-552 -569 0
-552 -570 0
-552 -571 0
-552 -572 0
-552 -573 0
-552 -574 0
-552 -575 0
-552 -576 0
-553 -554 0
-553 -555 0
-553 -556 0
-553 -557 0
-553 -558 0
-553 -559 0
-553 -560 0
-553 -561 0
-553 -562 0
-553 -563 0
-553 -564 0
-553 -565 0
-553 -566 0
-553 -567 0
-553 -568 0
-553 -569 0
-553 -570 0
-553 -571 0
-553 -572 0
-553 -573 0
-553 -574 0
-553 -575 0
-553 -576 0
-554 -555 0
-554 -556 0
-554 -557 0
-554 -558 0
-554 -559 0
-554 -560 0
-554 -561 0
-554 -562 0
-554 -563 0
-554 -564 0
-554 -565 0
-554 -566 0
-554 -567 0
-554 -568 0
-554 -569 0
-554 -570 0
-554 -571 0
-554 -572 0
-554 -573 0
-554 -574 0
-554 -575 0
-554 -576 0
-555 -556 0
-555 -557 0
-555 -558 0
-555 -559 0
-555 -560 0
-555 -561 0
-555 -562 0
-555 -563 0
-555 -564 0
-555 -565 0
-555 -566 0
-555 -567 0
-555 -568 0
-555 -569 0
-555 -570 0
-555 -571 0
-555 -572 0
-555 -573 0
-555 -574 0
-555 -575 0
-555 -576 0
-556 -557 0
-556 -558 0
-556 -559 0
-556 -560 0
-556 -561 0
-556 -562 0
-556 -563 0
-556 -564 0
-556 -565 0
-556 -566 0
-556 -567 0
-556 -568 0
-556 -569 0
-556 -570 0
-556 -571 0
-556 -572 0
-556 -573 0
-556 -574 0
-556 -575 0
-556 -576 0
-557 -558 0
-557 -559 0
-557 -560 0
-557 -561 0
-557 -562 0
-557 -563 0
-557 -564 0
-557 -565 0
-557 -566 0
-557 -567 0
-557 -568 0
-557 -569 0
-557 -570 0
-557 -571 0
-557 -572 0
-557 -573 0
-557 -574 0
-557 -575 0
-557 -576 0
-558 -559 0
-558 -560 0
-558 -561 0
-558 -562 0
-558 -563 0
-558 -564 0
-558 -565 0
-558 -566 0
-558 -567 0
-558 -568 0
-558 -569 0
-558 -570 0
-558 -571 0
-558 -572 0
-558 -573 0
-558 -574 0
-558 -575 0
-558 -576 0
-559 -560 0
-559 -561 0
-559 -562 0
-559 -563 0
-559 -564 0
-559 -565 0
-559 -566 0
-559 -567 0
-559 -568 0
-559 -569 0
-559 -570 0
-559 -571 0
-559 -572 0
-559 -573 0
-559 -574 0
-559 -575 0
-559 -576 0
-560 -561 0
-560 -562 0
-560 -563 0
-560 -564 0
-560 -565 0
-560 -566 0
-560 -567 0
-560 -568 0
-560 -569 0
-560 -570 0
-560 -571 0
-560 -572 0
-560 -573 0
-560 -574 0
-560 -575 0
-560 -576 0
-561 -562 0
-561 -563 0
-561 -564 0
-561 -565 0
-561 -566 0
-561 -567 0
-561 -568 0
-561 -569 0
-561 -570 0
-561 -571 0
-561 -572 0
-561 -573 0
-561 -574 0
-561 -575 0
-561 -576 0
-562 -563 0
-562 -564 0
-562 -565 0
-562 -566 0
-562 -567 0
-562 -568 0
-562 -569 0
-562 -570 0
-562 -571 0
-562 -572 0
-562 -573 0
-562 -574 0
-562 -575 0
-562 -576 0
-563 -564 0
-563 -565 0
-563 -566 0
-563 -567 0
-563 -568 0
-563 -569 0
-563 -570 0
-563 -571 0
-563 -572 0
-563 -573 0
-563 -574 0
-563 -575 0
-563 -576 0
-564 -565 0
-564 -566 0
-564 -567 0
-564 -568 0
-564 -569 0
-564 -570 0
-564 -571 0
-564 -572 0
-564 -573 0
-564 -574 0
-564 -575 0
-564 -576 0
-565 -566 0
-565 -567 0
-565 -568 0
-565 -569 0
-565 -570 0
-565 -571 0
-565 -572 0
-565 -573 0
-565 -574 0
-565 -575 0
-565 -576 0
-566 -567 0
-566 -568 0
-566 -569 0
-566 -570 0
-566 -571 0
-566 -572 0
-566 -573 0
-566 -574 0
-566 -575 0
-566 -576 0
-567 -568 0
-567 -569 0
-567 -570 0
-567 -571 0
-567 -572 0
-567 -573 0
-567 -574 0
-567 -575 0
-567 -576 0
-568 -569 0
-568 -570 0
-568 -571 0
-568 -572 0
-568 -573 0
-568 -574 0
-568 -575 0
-568 -576 0
-569 -570 0
-569 -571 0
-569 -572 0
-569 -573 0
-569 -574 0
-569 -575 0
-569 -576 0
-570 -571 0
-570 -572 0
-570 -573 0
-570 -574 0
-570 -575 0
-570 -576 0
-571 -572 0
-571 -573 0
-571 -574 0
-571 -575 0
-571 -576 0
-572 -573 0
-572 -574 0
-572 -575 0
-572 -576 0
-573 -574 0
-573 -575 0
-573 -576 0
-574 -575 0
-574 -576 0
-575 -576 0
-577 -578 0
-577 -579 0
-577 -580 0
-577 -581 0
-577 -582 0
-577 -583 0
-577 -584 0
-577 -585 0
-577 -586 0
-577 -587 0
-577 -588 0
-577 -589 0
-577 -590 0
-577 -591 0
-577 -592 0
-577 -593 0
-577 -594 0
-577 -595 0
-577 -596 0
-577 -597 0
-577 -598 0
-577 -599 0
-577 -600 0
-577 -601 0
-577 -602 0
-577 -603 0
-577 -604 0
-577 -605 0
-577 -606 0
-577 -607 0
-577 -608 0
-577 -609 0
-577 -610 0
-577 -611 0
-577 -612 0
-578 -579 0
-578 -580 0
-578 -581 0
-578 -582 0
-578 -583 0
-578 -584 0
-578 -585 0
-578 -586 0
-578 -587 0
-578 -588 0
-578 -589 0
-578 -590 0
-578 -591 0
-578 -592 0
-578 -593 0
-578 -594 0
-578 -595 0
-578 -596 0
-578 -597 0
-578 -598 0
-578 -599 0
-578 -600 0
-578 -601 0
-578 -602 0
-578 -603 0
-578 -604 0
-578 -605 0
-578 -606 0
-578 -607 0
-578 -608 0
-578 -609 0
-578 -610 0
-578 -611 0
-578 -612 0
-579 -580 0
-579 -581 0
-579 -582 0
-579 -583 0
-579 -584 0
-579 -585 0
-579 -586 0
-579 -587 0
-579 -588 0
-579 -589 0
-579 -590 0
-579 -591 0
-579 -592 0
-579 -593 0
-579 -594 0
-579 -595 0
-579 -596 0
-579 -597 0
-579 -598 0
-579 -599 0
-579 -600 0
-579 -601 0
-579 -602 0
-579 -603 0
-579 -604 0
-579 -605 0
-579 -606 0
-579 -607 0
-579 -608 0
-579 -609 0
-579 -610 0
-579 -611 0
-579 -612 0
-580 -581 0
-580 -582 0
-580 -583 0
-580 -584 0
-580 -585 0
-580 -586 0
-580 -587 0
-580 -588 0
-580 -589 0
-580 -590 0
-580 -591 0
-580 -592 0
-580 -593 0
-580 -594 0
-580 -595 0
-580 -596 0
-580 -597 0
-580 -598 0
-580 -599 0
-580 -600 0
-580 -601 0
-580 -602 0
-580 -603 0
-580 -604 0
-580 -605 0
-580 -606 0
-580 -607 0
-580 -608 0
-580 -609 0
-580 -610 0
-580 -611 0
-580 -612 0
-581 -582 0
-581 -583 0
-581 -584 0
-581 -585 0
-581 -586 0
-581 -587 0
-581 -588 0
-581 -589 0
-581 -590 0
-581 -591 0
-581 -592 0
-581 -593 0
-581 -594 0
-581 -595 0
-581 -596 0
-581 -597 0
-581 -598 0
-581 -599 0
-581 -600 0
-581 -601 0
-581 -602 0
-581 -603 0
-581 -604 0
-581 -605 0
-581 -606 0
-581 -607 0
-581 -608 0
-581 -609 0
-581 -610 0
-581 -611 0
-581 -612 0
-582 -583 0
-582 -584 0
-582 -585 0
-582 -586 0
-582 -587 0
-582 -588 0
-582 -589 0
-582 -590 0
-582 -591 0
-582 -592 0
-582 -593 0
-582 -594 0
-582 -595 0
-582 -596 0
-582 -597 0
-582 -598 0
-582 -599 0
-582 -600 0
-582 -601 0
-582 -602 0
-582 -603 0
-582 -604 0
-582 -605 0
-582 -606 0
-582 -607 0
-582 -608 0
-582 -609 0
-582 -610 0
-582 -611 0
-582 -612 0
-583 -584 0
-583 -585 0
-583 -586 0
-583 -587 0
-583 -588 0
-583 -589 0
-583 -590 0
-583 -591 0
-583 -592 0
-583 -593 0
-583 -594 0
-583 -595 0
-583 -596 0
-583 -597 0
-583 -598 0
-583 -599 0
-583 -600 0
-583 -601 0
-583 -602 0
-583 -603 0
-583 -604 0
-583 -605 0
-583 -606 0
-583 -607 0
-583 -608 0
-583 -609 0
-583 -610 0
-583 -611 0
-583 -612 0
-584 -585 0
-584 -586 0
-584 -587 0
-584 -588 0
-584 -589 0
-584 -590 0
-584 -591 0
-584 -592 0
-584 -593 0
-584 -594 0
-584 -595 0
-584 -596 0
-584 -597 0
-584 -598 0
-584 -599 0
-584 -600 0
-584 -601 0
-584 -602 0
-584 -603 0
-584 -604 0
-584 -605 0
-584 -606 0
-584 -607 0
-584 -608 0
-584 -609 0
-584 -610 0
-584 -611 0
-584 -612 0
-585 -586 0
-585 -587 0
-585 -588 0
-585 -589 0
-585 -590 0
-585 -591 0
-585 -592 0
-585 -593 0
-585 -594 0
-585 -595 0
-585 -596 0
-585 -597 0
-585 -598 0
-585 -599 0
-585 -600 0
-585 -601 0
-585 -602 0
-585 -603 0
-585 -604 0
-585 -605 0
-585 -606 0
-585 -607 0
-585 -608 0
-585 -609 0
-585 -610 0
-585 -611 0
-585 -612 0
-586 -587 0
-586 -588 0
-586 -589 0
-586 -590 0
-586 -591 0
-586 -592 0
-586 -593 0
-586 -594 0
-586 -595 0
-586 -596 0
-586 -597 0
-586 -598 0
-586 -599 0
-586 -600 0
-586 -601 0
-586 -602 0
-586 -603 0
-586 -604 0
-586 -605 0
-586 -606 0
-586 -607 0
-586 -608 0
-586 -609 0
-586 -610 0
-586 -611 0
-586 -612 0
-587 -588 0
-587 -589 0
-587 -590 0
-587 -591 0
-587 -592 0
-587 -593 0
-587 -594 0
-587 -595 0
-587 -596 0
-587 -597 0
-587 -598 0
-587 -599 0
-587 -600 0
-587 -601 0
-587 -602 0
-587 -603 0
-587 -604 0
-587 -605 0
-587 -606 0
-587 -607 0
-587 -608 0
-587 -609 0
-587 -610 0
-587 -611 0
-587 -612 0
-588 -589 0
-588 -590 0
-588 -591 0
-588 -592 0
-588 -593 0
-588 -594 0
-588 -595 0
-588 -596 0
-588 -597 0
-588 -598 0
-588 -599 0
-588 -600 0
-588 -601 0
-588 -602 0
-588 -603 0
-588 -604 0
-588 -605 0
-588 -606 0
-588 -607 0
-588 -608 0
-588 -609 0
-588 -610 0
-588 -611 0
-588 -612 0
-589 -590 0
-589 -591 0
-589 -592 0
-589 -593 0
-589 -594 0
-589 -595 0
-589 -596 0
-589 -597 0
-589 -598 0
-589 -599 0
-589 -600 0
-589 -601 0
-589 -602 0
-589 -603 0
-589 -604 0
-589 -605 0
-589 -606 0
-589 -607 0
-589 -608 0
-589 -609 0
-589 -610 0
-589 -611 0
-589 -612 0
-590 -591 0
-590 -592 0
-590 -593 0
-590 -594 0
-590 -595 0
-590 -596 0
-590 -597 0
-590 -598 0
-590 -599 0
-590 -600 0
-590 -601 0
-590 -602 0
-590 -603 0
-590 -604 0
-590 -605 0
-590 -606 0
-590 -607 0
-590 -608 0
-590 -609 0
-590 -610 0
-590 -611 0
-590 -612 0
-591 -592 0
-591 -593 0
-591 -594 0
-591 -595 0
-591 -596 0
-591 -597 0
-591 -598 0
-591 -599 0
-591 -600 0
-591 -601 0
-591 -602 0
-591 -603 0
-591 -604 0
-591 -605 0
-591 -606 0
-591 -607 0
-591 -608 0
-591 -609 0
-591 -610 0
-591 -611 0
-591 -612 0
-592 -593 0
-592 -594 0
-592 -595 0
-592 -596 0
-592 -597 0
-592 -598 0
-592 -599 0
-592 -600 0
-592 -601 0
-592 -602 0
-592 -603 0
-592 -604 0
-592 -605 0
-592 -606 0
-592 -607 0
-592 -608 0
-592 -609 0
-592 -610 0
-592 -611 0
-592 -612 0
-593 -594 0
-593 -595 0
-593 -596 0
-593 -597 0
-593 -598 0
-593 -599 0
-593 -600 0
-593 -601 0
-593 -602 0
-593 -603 0
-593 -604 0
-593 -605 0
-593 -606 0
-593 -607 0
-593 -608 0
-593 -609 0
-593 -610 0
-593 -611 0
-593 -612 0
-594 -595 0
-594 -596 0
-594 -597 0
-594 -598 0
-594 -599 0
-594 -600 0
-594 -601 0
-594 -602 0
-594 -603 0
-594 -604 0
-594 -605 0
-594 -606 0
-594 -607 0
-594 -608 0
-594 -609 0
-594 -610 0
-594 -611 0
-594 -612 0
-595 -596 0
-595 -597 0
-595 -598 0
-595 -599 0
-595 -600 0
-595 -601 0
-595 -602 0
-595 -603 0
-595 -604 0
-595 -605 0
-595 -606 0
-595 -607 0
-595 -608 0
-595 -609 0
-595 -610 0
-595 -611 0
-595 -612 0
-596 -597 0
-596 -598 0
-596 -599 0
-596 -600 0
-596 -601 0
-596 -602 0
-596 -603 0
-596 -604 0
-596 -605 0
-596 -606 0
-596 -607 0
-596 -608 0
-596 -609 0
-596 -610 0
-596 -611 0
-596 -612 0
-597 -598 0
-597 -599 0
-597 -600 0
-597 -601 0
-597 -602 0
-597 -603 0
-597 -604 0
-597 -605 0
-597 -606 0
-597 -607 0
-597 -608 0
-597 -609 0
-597 -610 0
-597 -611 0
-597 -612 0
-598 -599 0
-598 -600 0
-598 -601 0
-598 -602 0
-598 -603 0
-598 -604 0
-598 -605 0
-598 -606 0
-598 -607 0
-598 -608 0
-598 -609 0
-598 -610 0
-598 -611 0
-598 -612 0
-599 -600 0
-599 -601 0
-599 -602 0
-599 -603 0
-599 -604 0
-599 -605 0
-599 -606 0
-599 -607 0
-599 -608 0
-599 -609 0
-599 -610 0
-599 -611 0
-599 -612 0
-600 -601 0
-600 -602 0
-600 -603 0
-600 -604 0
-600 -605 0
-600 -606 0
-600 -607 0
-600 -608 0
-600 -609 0
-600 -610 0
-600 -611 0
-600 -612 0
-601 -602 0
-601 -603 0
-601 -604 0
-601 -605 0
-601 -606 0
-601 -607 0
-601 -608 0
-601 -609 0
-601 -610 0
-601 -611 0
-601 -612 0
-602 -603 0
-602 -604 0
-602 -605 0
-602 -606 0
-602 -607 0
-602 -608 0
-602 -609 0
-602 -610 0
-602 -611 0
-602 -612 0
-603 -604 0
-603 -605 0
-603 -606 0
-603 -607 0
-603 -608 0
-603 -609 0
-603 -610 0
-603 -611 0
-603 -612 0
-604 -605 0
-604 -606 0
-604 -607 0
-604 -608 0
-604 -609 0
-604 -610 0
-604 -611 0
-604 -612 0
-605 -606 0
-605 -607 0
-605 -608 0
-605 -609 0
-605 -610 0
-605 -611 0
-605 -612 0
-606 -607 0
-606 -608 0
-606 -609 0
-606 -610 0
-606 -611 0
-606 -612 0
-607 -608 0
-607 -609 0
-607 -610 0
-607 -611 0
-607 -612 0
-608 -609 0
-608 -610 0
-608 -611 0
-608 -612 0
-609 -610 0
-609 -611 0
-609 -612 0
-610 -611 0
-610 -612 0
-611 -612 0
-613 -614 0
-613 -615 0
-613 -616 0
-613 -617 0
-613 -618 0
-613 -619 0
-613 -620 0
-613 -621 0
-613 -622 0
-613 -623 0
-613 -624 0
-613 -625 0
-613 -626 0
-613 -627 0
-613 -628 0
-613 -629 0
-613 -630 0
-613 -631 0
-613 -632 0
-613 -633 0
-613 -634 0
-613 -635 0
-613 -636 0
-613 -637 0
-613 -638 0
-613 -639 0
-613 -640 0
-613 -641 0
-613 -642 0
-613 -643 0
-613 -644 0
-613 -645 0
-613 -646 0
-613 -647 0
-613 -648 0
-614 -615 0
-614 -616 0
-614 -617 0
-614 -618 0
-614 -619 0
-614 -620 0
-614 -621 0
-614 -622 0
-614 -623 0
-614 -624 0
-614 -625 0
-614 -626 0
-614 -627 0
-614 -628 0
-614 -629 0
-614 -630 0
-614 -631 0
-614 -632 0
-614 -633 0
-614 -634 0
-614 -635 0
-614 -636 0
-614 -637 0
-614 -638 0
-614 -639 0
-614 -640 0
-614 -641 0
-614 -642 0
-614 -643 0
-614 -644 0
-614 -645 0
-614 -646 0
-614 -647 0
-614 -648 0
-615 -616 0
-615 -617 0
-615 -618 0
-615 -619 0
-615 -620 0
-615 -621 0
-615 -622 0
-615 -623 0
-615 -624 0
-615 -625 0
-615 -626 0
-615 -627 0
-615 -628 0
-615 -629 0
-615 -630 0
-615 -631 0
-615 -632 0
-615 -633 0
-615 -634 0
-615 -635 0
-615 -636 0
-615 -637 0
-615 -638 0
-615 -639 0
-615 -640 0
-615 -641 0
-615 -642 0
-615 -643 0
-615 -644 0
-615 -645 0
-615 -646 0
-615 -647 0
-615 -648 0
-616 -617 0
-616 -618 0
-616 -619 0
-616 -620 0
-616 -621 0
-616 -622 0
-616 -623 0
-616 -624 0
-616 -625 0
-616 -626 0
-616 -627 0
-616 -628 0
-616 -629 0
-616 -630 0
-616 -631 0
-616 -632 0
-616 -633 0
-616 -634 0
-616 -635 0
-616 -636 0
-616 -637 0
-616 -638 0
-616 -639 0
-616 -640 0
-616 -641 0
-616 -642 0
-616 -643 0
-616 -644 0
-616 -645 0
-616 -646 0
-616 -647 0
-616 -648 0
-617 -618 0
-617 -619 0
-617 -620 0
-617 -621 0
-617 -622 0
-617 -623 0
-617 -624 0
-617 -625 0
-617 -626 0
-617 -627 0
-617 -628 0
-617 -629 0
-617 -630 0
-617 -631 0
-617 -632 0
-617 -633 0
-617 -634 0
-617 -635 0
-617 -636 0
-617 -637 0
-617 -638 0
-617 -639 0
-617 -640 0
-617 -641 0
-617 -642 0
-617 -643 0
-617 -644 0
-617 -645 0
-617 -646 0
-617 -647 0
-617 -648 0
-618 -619 0
-618 -620 0
-618 -621 0
-618 -622 0
-618 -623 0
-618 -624 0
-618 -625 0
-618 -626 0
-618 -627 0
-618 -628 0
-618 -629 0
-618 -630 0
-618 -631 0
-618 -632 0
-618 -633 0
-618 -634 0
-618 -635 0
-618 -636 0
-618 -637 0
-618 -638 0
-618 -639 0
-618 -640 0
-618 -641 0
-618 -642 0
-618 -643 0
-618 -644 0
-618 -645 0
-618 -646 0
-618 -647 0
-618 -648 0
-619 -620 0
-619 -621 0
-619 -622 0
-619 -623 0
-619 -624 0
-619 -625 0
-619 -626 0
-619 -627 0
-619 -628 0
-619 -629 0
-619 -630 0
-619 -631 0
-619 -632 0
-619 -633 0
-619 -634 0
-619 -635 0
-619 -636 0
-619 -637 0
-619 -638 0
-619 -639 0
-619 -640 0
-619 -641 0
-619 -642 0
-619 -643 0
-619 -644 0
-619 -645 0
-619 -646 0
-619 -647 0
-619 -648 0
-620 -621 0
-620 -622 0
-620 -623 0
-620 -624 0
-620 -625 0
-620 -626 0
-620 -627 0
-620 -628 0
-620 -629 0
-620 -630 0
-620 -631 0
-620 -632 0
-620 -633 0
-620 -634 0
-620 -635 0
-620 -636 0
-620 -637 0
-620 -638 0
-620 -639 0
-620 -640 0
-620 -641 0
-620 -642 0
-620 -643 0
-620 -644 0
-620 -645 0
-620 -646 0
-620 -647 0
-620 -648 0
-621 -622 0
-621 -623 0
-621 -624 0
-621 -625 0
-621 -626 0
-621 -627 0
-621 -628 0
-621 -629 0
-621 -630 0
-621 -631 0
-621 -632 0
-621 -633 0
-621 -634 0
-621 -635 0
-621 -636 0
-621 -637 0
-621 -638 0
-621 -639 0
-621 -640 0
-621 -641 0
-621 -642 0
-621 -643 0
-621 -644 0
-621 -645 0
-621 -646 0
-621 -647 0
-621 -648 0
-622 -623 0
-622 -624 0
-622 -625 0
-622 -626 0
-622 -627 0
-622 -628 0
-622 -629 0
-622 -630 0
-622 -631 0
-622 -632 0
-622 -633 0
-622 -634 0
-622 -635 0
-622 -636 0
-622 -637 0
-622 -638 0
-622 -639 0
-622 -640 0
-622 -641 0
-622 -642 0
-622 -643 0
-622 -644 0
-622 -645 0
-622 -646 0
-622 -647 0
-622 -648 0
-623 -624 0
-623 -625 0
-623 -626 0
-623 -627 0
-623 -628 0
-623 -629 0
-623 -630 0
-623 -631 0
-623 -632 0
-623 -633 0
-623 -634 0
-623 -635 0
-623 -636 0
-623 -637 0
-623 -638 0
-623 -639 0
-623 -640 0
-623 -641 0
-623 -642 0
-623 -643 0
-623 -644 0
-623 -645 0
-623 -646 0
-623 -647 0
-623 -648 0
-624 -625 0
-624 -626 0
-624 -627 0
-624 -628 0
-624 -629 0
-624 -630 0
-624 -631 0
-624 -632 0
-624 -633 0
-624 -634 0
-624 -635 0
-624 -636 0
-624 -637 0
-624 -638 0
-624 -639 0
-624 -640 0
-624 -641 0
-624 -642 0
-624 -643 0
-624 -644 0
-624 -645 0
-624 -646 0
-624 -647 0
-624 -648 0
-625 -626 0
-625 -627 0
-625 -628 0
-625 -629 0
-625 -630 0
-625 -631 0
-625 -632 0
-625 -633 0
-625 -634 0
-625 -635 0
-625 -636 0
-625 -637 0
-625 -638 0
-625 -639 0
-625 -640 0
-625 -641 0
-625 -642 0
-625 -643 0
-625 -644 0
-625 -645 0
-625 -646 0
-625 -647 0
-625 -648 0
-626 -627 0
-626 -628 0
-626 -629 0
-626 -630 0
-626 -631 0
-626 -632 0
-626 -633 0
-626 -634 0
-626 -635 0
-626 -636 0
-626 -637 0
-626 -638 0
-626 -639 0
-626 -640 0
-626 -641 0
-626 -642 0
-626 -643 0
-626 -644 0
-626 -645 0
-626 -646 0
-626 -647 0
-626 -648 0
-627 -628 0
-627 -629 0
-627 -630 0
-627 -631 0
-627 -632 0
-627 -633 0
-627 -634 0
-627 -635 0
-627 -636 0
-627 -637 0
-627 -638 0
-627 -639 0
-627 -640 0
-627 -641 0
-627 -642 0
-627 -643 0
-627 -644 0
-627 -645 0
-627 -646 0
-627 -647 0
-627 -648 0
-628 -629 0
-628 -630 0
-628 -631 0
-628 -632 0
-628 -633 0
-628 -634 0
-628 -635 0
-628 -636 0
-628 -637 0
-628 -638 0
-628 -639 0
-628 -640 0
-628 -641 0
-628 -642 0
-628 -643 0
-628 -644 0
-628 -645 0
-628 -646 0
-628 -647 0
-628 -648 0
-629 -630 0
-629 -631 0
-629 -632 0
-629 -633 0
-629 -634 0
-629 -635 0
-629 -636 0
-629 -637 0
-629 -638 0
-629 -639 0
-629 -640 0
-629 -641 0
-629 -642 0
-629 -643 0
-629 -644 0
-629 -645 0
-629 -646 0
-629 -647 0
-629 -648 0
-630 -631 0
-630 -632 0
-630 -633 0
-630 -634 0
-630 -635 0
-630 -636 0
-630 -637 0
-630 -638 0
-630 -639 0
-630 -640 0
-630 -641 0
-630 -642 0
-630 -643 0
-630 -644 0
-630 -645 0
-630 -646 0
-630 -647 0
-630 -648 0
-631 -632 0
-631 -633 0
-631 -634 0
-631 -635 0
-631 -636 0
-631 -637 0
-631 -638 0
-631 -639 0
-631 -640 0
-631 -641 0
-631 -642 0
-631 -643 0
-631 -644 0
-631 -645 0
-631 -646 0
-631 -647 0
-631 -648 0
-632 -633 0
-632 -634 0
-632 -635 0
-632 -636 0
-632 -637 0
-632 -638 0
-632 -639 0
-632 -640 0
-632 -641 0
-632 -642 0
-632 -643 0
-632 -644 0
-632 -645 0
-632 -646 0
-632 -647 0
-632 -648 0
-633 -634 0
-633 -635 0
-633 -636 0
-633 -637 0
-633 -638 0
-633 -639 0
-633 -640 0
-633 -641 0
-633 -642 0
-633 -643 0
-633 -644 0
-633 -645 0
-633 -646 0
-633 -647 0
-633 -648 0
-634 -635 0
-634 -636 0
-634 -637 0
-634 -638 0
-634 -639 0
-634 -640 0
-634 -641 0
-634 -642 0
-634 -643 0
-634 -644 0
-634 -645 0
-634 -646 0
-634 -647 0
-634 -648 0
-635 -636 0
-635 -637 0
-635 -638 0
-635 -639 0
-635 -640 0
-635 -641 0
-635 -642 0
-635 -643 0
-635 -644 0
-635 -645 0
-635 -646 0
-635 -647 0
-635 -648 0
-636 -637 0
-636 -638 0
-636 -639 0
-636 -640 0
-636 -641 0
-636 -642 0
-636 -643 0
-636 -644 0
-636 -645 0
-636 -646 0
-636 -647 0
-636 -648 0
-637 -638 0
-637 -639 0
-637 -640 0
-637 -641 0
-637 -642 0
-637 -643 0
-637 -644 0
-637 -645 0
-637 -646 0
-637 -647 0
-637 -648 0
-638 -639 0
-638 -640 0
-638 -641 0
-638 -642 0
-638 -643 0
-638 -644 0
-638 -645 0
-638 -646 0
-638 -647 0
-638 -648 0
-639 -640 0
-639 -641 0
-639 -642 0
-639 -643 0
-639 -644 0
-639 -645 0
-639 -646 0
-639 -647 0
-639 -648 0
-640 -641 0
-640 -642 0
-640 -643 0
-640 -644 0
-640 -645 0
-640 -646 0
-640 -647 0
-640 -648 0
-641 -642 0
-641 -643 0
-641 -644 0
-641 -645 0
-641 -646 0
-641 -647 0
-641 -648 0
-642 -643 0
-642 -644 0
-642 -645 0
-642 -646 0
-642 -647 0
-642 -648 0
-643 -644 0
-643 -645 0
-643 -646 0
-643 -647 0
-643 -648 0
-644 -645 0
-644 -646 0
-644 -647 0
-644 -648 0
-645 -646 0
-645 -647 0
-645 -648 0
-646 -647 0
-646 -648 0
-647 -648 0
-649 -650 0
-649 -651 0
-649 -652 0
-649 -653 0
-649 -654 0
-649 -655 0
-649 -656 0
-649 -657 0
-649 -658 0
-649 -659 0
-649 -660 0
-649 -661 0
-649 -662 0
-649 -663 0
-649 -664 0
-649 -665 0
-649 -666 0
-649 -667 0
-649 -668 0
-649 -669 0
-649 -670 0
-649 -671 0
-649 -672 0
-649 -673 0
-649 -674 0
-649 -675 0
-649 -676 0
-649 -677 0
-649 -678 0
-649 -679 0
-649 -680 0
-649 -681 0
-649 -682 0
-649 -683 0
-649 -684 0
-650 -651 0
-650 -652 0
-650 -653 0
-650 -654 0
-650 -655 0
-650 -656 0
-650 -657 0
-650 -658 0
-650 -659 0
-650 -660 0
-650 -661 0
-650 -662 0
-650 -663 0
-650 -664 0
-650 -665 0
-650 -666 0
-650 -667 0
-650 -668 0
-650 -669 0
-650 -670 0
-650 -671 0
-650 -672 0
-650 -673 0
-650 -674 0
-650 -675 0
-650 -676 0
-650 -677 0
-650 -678 0
-650 -679 0
-650 -680 0
-650 -681 0
-650 -682 0
-650 -683 0
-650 -684 0
-651 -652 0
-651 -653 0
-651 -654 0
-651 -655 0
-651 -656 0
-651 -657 0
-651 -658 0
-651 -659 0
-651 -660 0
-651 -661 0
-651 -662 0
-651 -663 0
-651 -664 0
-651 -665 0
-651 -666 0
-651 -667 0
-651 -668 0
-651 -669 0
-651 -670 0
-651 -671 0
-651 -672 0
-651 -673 0
-651 -674 0
-651 -675 0
-651 -676 0
-651 -677 0
-651 -678 0
-651 -679 0
-651 -680 0
-651 -681 0
-651 -682 0
-651 -683 0
-651 -684 0
-652 -653 0
-652 -654 0
-652 -655 0
-652 -656 0
-652 -657 0
-652 -658 0
-652 -659 0
-652 -660 0
-652 -661 0
-652 -662 0
-652 -663 0
-652 -664 0
-652 -665 0
-652 -666 0
-652 -667 0
-652 -668 0
-652 -669 0
-652 -670 0
-652 -671 0
-652 -672 0
-652 -673 0
-652 -674 0
-652 -675 0
-652 -676 0
-652 -677 0
-652 -678 0
-652 -679 0
-652 -680 0
-652 -681 0
-652 -682 0
-652 -683 0
-652 -684 0
-653 -654 0
-653 -655 0
-653 -656 0
-653 -657 0
-653 -658 0
-653 -659 0
-653 -660 0
-653 -661 0
-653 -662 0
-653 -663 0
-653 -664 0
-653 -665 0
-653 -666 0
-653 -667 0
-653 -668 0
-653 -669 0
-653 -670 0
-653 -671 0
-653 -672 0
-653 -673 0
-653 -674 0
-653 -675 0
-653 -676 0
-653 -677 0
-653 -678 0
-653 -679 0
-653 -680 0
-653 -681 0
-653 -682 0
-653 -683 0
-653 -684 0
-654 -655 0
-654 -656 0
-654 -657 0
-654 -658 0
-654 -659 0
-654 -660 0
-654 -661 0
-654 -662 0
-654 -663 0
-654 -664 0
-654 -665 0
-654 -666 0
-654 -667 0
-654 -668 0
-654 -669 0
-654 -670 0
-654 -671 0
-654 -672 0
-654 -673 0
-654 -674 0
-654 -675 0
-654 -676 0
-654 -677 0
-654 -678 0
-654 -679 0
-654 -680 0
-654 -681 0
-654 -682 0
-654 -683 0
-654 -684 0
-655 -656 0
-655 -657 0
-655 -658 0
-655 -659 0
-655 -660 0
-655 -661 0
-655 -662 0
-655 -663 0
-655 -664 0
-655 -665 0
-655 -666 0
-655 -667 0
-655 -668 0
-655 -669 0
-655 -670 0
-655 -671 0
-655 -672 0
-655 -673 0
-655 -674 0
-655 -675 0
-655 -676 0
-655 -677 0
-655 -678 0
-655 -679 0
-655 -680 0
-655 -681 0
-655 -682 0
-655 -683 0
-655 -684 0
-656 -657 0
-656 -658 0
-656 -659 0
-656 -660 0
-656 -661 0
-656 -662 0
-656 -663 0
-656 -664 0
-656 -665 0
-656 -666 0
-656 -667 0
-656 -668 0
-656 -669 0
-656 -670 0
-656 -671 0
-656 -672 0
-656 -673 0
-656 -674 0
-656 -675 0
-656 -676 0
-656 -677 0
-656 -678 0
-656 -679 0
-656 -680 0
-656 -681 0
-656 -682 0
-656 -683 0
-656 -684 0
-657 -658 0
-657 -659 0
-657 -660 0
-657 -661 0
-657 -662 0
-657 -663 0
-657 -664 0
-657 -665 0
-657 -666 0
-657 -667 0
-657 -668 0
-657 -669 0
-657 -670 0
-657 -671 0
-657 -672 0
-657 -673 0
-657 -674 0
-657 -675 0
-657 -676 0
-657 -677 0
-657 -678 0
-657 -679 0
-657 -680 0
-657 -681 0
-657 -682 0
-657 -683 0
-657 -684 0
-658 -659 0
-658 -660 0
-658 -661 0
-658 -662 0
-658 -663 0
-658 -664 0
-658 -665 0
-658 -666 0
-658 -667 0
-658 -668 0
-658 -669 0
-658 -670 0
-658 -671 0
-658 -672 0
-658 -673 0
-658 -674 0
-658 -675 0
-658 -676 0
-658 -677 0
-658 -678 0
-658 -679 0
-658 -680 0
-658 -681 0
-658 -682 0
-658 -683 0
-658 -684 0
-659 -660 0
-659 -661 0
-659 -662 0
-659 -663 0
-659 -664 0
-659 -665 0
-659 -666 0
-659 -667 0
-659 -668 0
-659 -669 0
-659 -670 0
-659 -671 0
-659 -672 0
-659 -673 0
-659 -674 0
-659 -675 0
-659 -676 0
-659 -677 0
-659 -678 0
-659 -679 0
-659 -680 0
-659 -681 0
-659 -682 0
-659 -683 0
-659 -684 0
-660 -661 0
-660 -662 0
-660 -663 0
-660 -664 0
-660 -665 0
-660 -666 0
-660 -667 0
-660 -668 0
-660 -669 0
-660 -670 0
-660 -671 0
-660 -672 0
-660 -673 0
-660 -674 0
-660 -675 0
-660 -676 0
-660 -677 0
-660 -678 0
-660 -679 0
-660 -680 0
-660 -681 0
-660 -682 0
-660 -683 0
-660 -684 0
-661 -662 0
-661 -663 0
-661 -664 0
-661 -665 0
-661 -666 0
-661 -667 0
-661 -668 0
-661 -669 0
-661 -670 0
-661 -671 0
-661 -672 0
-661 -673 0
-661 -674 0
-661 -675 0
-661 -676 0
-661 -677 0
-661 -678 0
-661 -679 0
-661 -680 0
-661 -681 0
-661 -682 0
-661 -683 0
-661 -684 0
-662 -663 0
-662 -664 0
-662 -665 0
-662 -666 0
-662 -667 0
-662 -668 0
-662 -669 0
-662 -670 0
-662 -671 0
-662 -672 0
-662 -673 0
-662 -674 0
-662 -675 0
-662 -676 0
-662 -677 0
-662 -678 0
-662 -679 0
-662 -680 0
-662 -681 0
-662 -682 0
-662 -683 0
-662 -684 0
-663 -664 0
-663 -665 0
-663 -666 0
-663 -667 0
-663 -668 0
-663 -669 0
-663 -670 0
-663 -671 0
-663 -672 0
-663 -673 0
-663 -674 0
-663 -675 0
-663 -676 0
-663 -677 0
-663 -678 0
-663 -679 0
-663 -680 0
-663 -681 0
-663 -682 0
-663 -683 0
-663 -684 0
-664 -665 0
-664 -666 0
-664 -667 0
-664 -668 0
-664 -669 0
-664 -670 0
-664 -671 0
-664 -672 0
-664 -673 0
-664 -674 0
-664 -675 0
-664 -676 0
-664 -677 0
-664 -678 0
-664 -679 0
-664 -680 0
-664 -681 0
-664 -682 0
-664 -683 0
-664 -684 0
-665 -666 0
-665 -667 0
-665 -668 0
-665 -669 0
-665 -670 0
-665 -671 0
-665 -672 0
-665 -673 0
-665 -674 0
-665 -675 0
-665 -676 0
-665 -677 0
-665 -678 0
-665 -679 0
-665 -680 0
-665 -681 0
-665 -682 0
-665 -683 0
-665 -684 0
-666 -667 0
-666 -668 0
-666 -669 0
-666 -670 0
-666 -671 0
-666 -672 0
-666 -673 0
-666 -674 0
-666 -675 0
-666 -676 0
-666 -677 0
-666 -678 0
-666 -679 0
-666 -680 0
-666 -681 0
-666 -682 0
-666 -683 0
-666 -684 0
-667 -668 0
-667 -669 0
-667 -670 0
-667 -671 0
-667 -672 0
-667 -673 0
-667 -674 0
-667 -675 0
-667 -676 0
-667 -677 0
-667 -678 0
-667 -679 0
-667 -680 0
-667 -681 0
-667 -682 0
-667 -683 0
-667 -684 0
-668 -669 0
-668 -670 0
-668 -671 0
-668 -672 0
-668 -673 0
-668 -674 0
-668 -675 0
-668 -676 0
-668 -677 0
-668 -678 0
-668 -679 0
-668 -680 0
-668 -681 0
-668 -682 0
-668 -683 0
-668 -684 0
-669 -670 0
-669 -671 0
-669 -672 0
-669 -673 0
-669 -674 0
-669 -675 0
-669 -676 0
-669 -677 0
-669 -678 0
-669 -679 0
-669 -680 0
-669 -681 0
-669 -682 0
-669 -683 0
-669 -684 0
-670 -671 0
-670 -672 0
-670 -673 0
-670 -674 0
-670 -675 0
-670 -676 0
-670 -677 0
-670 -678 0
-670 -679 0
-670 -680 0
-670 -681 0
-670 -682 0
-670 -683 0
-670 -684 0
-671 -672 0
-671 -673 0
-671 -674 0
-671 -675 0
-671 -676 0
-671 -677 0
-671 -678 0
-671 -679 0
-671 -680 0
-671 -681 0
-671 -682 0
-671 -683 0
-671 -684 0
-672 -673 0
-672 -674 0
-672 -675 0
-672 -676 0
-672 -677 0
-672 -678 0
-672 -679 0
-672 -680 0
-672 -681 0
-672 -682 0
-672 -683 0
-672 -684 0
-673 -674 0
-673 -675 0
-673 -676 0
-673 -677 0
-673 -678 0
-673 -679 0
-673 -680 0
-673 -681 0
-673 -682 0
-673 -683 0
-673 -684 0
-674 -675 0
-674 -676 0
-674 -677 0
-674 -678 0
-674 -679 0
-674 -680 0
-674 -681 0
-674 -682 0
-674 -683 0
-674 -684 0
-675 -676 0
-675 -677 0
-675 -678 0
-675 -679 0
-675 -680 0
-675 -681 0
-675 -682 0
-675 -683 0
-675 -684 0
-676 -677 0
-676 -678 0
-676 -679 0
-676 -680 0
-676 -681 0
-676 -682 0
-676 -683 0
-676 -684 0
-677 -678 0
-677 -679 0
-677 -680 0
-677 -681 0
-677 -682 0
-677 -683 0
-677 -684 0
-678 -679 0
-678 -680 0
-678 -681 0
-678 -682 0
-678 -683 0
-678 -684 0
-679 -680 0
-679 -681 0
-679 -682 0
-679 -683 0
-679 -684 0
-680 -681 0
-680 -682 0
-680 -683 0
-680 -684 0
-681 -682 0
-681 -683 0
-681 -684 0
-682 -683 0
-682 -684 0
-683 -684 0
-685 -686 0
-685 -687 0
-685 -688 0
-685 -689 0
-685 -690 0
-685 -691 0
-685 -692 0
-685 -693 0
-685 -694 0
-685 -695 0
-685 -696 0
-685 -697 0
-685 -698 0
-685 -699 0
-685 -700 0
-685 -701 0
-685 -702 0
-685 -703 0
-685 -704 0
-685 -705 0
-685 -706 0
-685 -707 0
-685 -708 0
-685 -709 0
-685 -710 0
-685 -711 0
-685 -712 0
-685 -713 0
-685 -714 0
-685 -715 0
-685 -716 0
-685 -717 0
-685 -718 0
-685 -719 0
-685 -720 0
-686 -687 0
-686 -688 0
-686 -689 0
-686 -690 0
-686 -691 0
-686 -692 0
-686 -693 0
-686 -694 0
-686 -695 0
-686 -696 0
-686 -697 0
-686 -698 0
-686 -699 0
-686 -700 0
-686 -701 0
-686 -702 0
-686 -703 0
-686 -704 0
-686 -705 0
-686 -706 0
-686 -707 0
-686 -708 0
-686 -709 0
-686 -710 0
-686 -711 0
-686 -712 0
-686 -713 0
-686 -714 0
-686 -715 0
-686 -716 0
-686 -717 0
-686 -718 0
-686 -719 0
-686 -720 0
-687 -688 0
-687 -689 0
-687 -690 0
-687 -691 0
-687 -692 0
-687 -693 0
-687 -694 0
-687 -695 0
-687 -696 0
-687 -697 0
-687 -698 0
-687 -699 0
-687 -700 0
-687 -701 0
-687 -702 0
-687 -703 0
-687 -704 0
-687 -705 0
-687 -706 0
-687 -707 0
-687 -708 0
-687 -709 0
-687 -710 0
-687 -711 0
-687 -712 0
-687 -713 0
-687 -714 0
-687 -715 0
-687 -716 0
-687 -717 0
-687 -718 0
-687 -719 0
-687 -720 0
-688 -689 0
-688 -690 0
-688 -691 0
-688 -692 0
-688 -693 0
-688 -694 0
-688 -695 0
-688 -696 0
-688 -697 0
-688 -698 0
-688 -699 0
-688 -700 0
-688 -701 0
-688 -702 0
-688 -703 0
-688 -704 0
-688 -705 0
-688 -706 0
-688 -707 0
-688 -708 0
-688 -709 0
-688 -710 0
-688 -711 0
-688 -712 0
-688 -713 0
-688 -714 0
-688 -715 0
-688 -716 0
-688 -717 0
-688 -718 0
-688 -719 0
-688 -720 0
-689 -690 0
-689 -691 0
-689 -692 0
-689 -693 0
-689 -694 0
-689 -695 0
-689 -696 0
-689 -697 0
-689 -698 0
-689 -699 0
-689 -700 0
-689 -701 0
-689 -702 0
-689 -703 0
-689 -704 0
-689 -705 0
-689 -706 0
-689 -707 0
-689 -708 0
-689 -709 0
-689 -710 0
-689 -711 0
-689 -712 0
-689 -713 0
-689 -714 0
-689 -715 0
-689 -716 0
-689 -717 0
-689 -718 0
-689 -719 0
-689 -720 0
-690 -691 0
-690 -692 0
-690 -693 0
-690 -694 0
-690 -695 0
-690 -696 0
-690 -697 0
-690 -698 0
-690 -699 0
-690 -700 0
-690 -701 0
-690 -702 0
-690 -703 0
-690 -704 0
-690 -705 0
-690 -706 0
-690 -707 0
-690 -708 0
-690 -709 0
-690 -710 0
-690 -711 0
-690 -712 0
-690 -713 0
-690 -714 0
-690 -715 0
-690 -716 0
-690 -717 0
-690 -718 0
-690 -719 0
-690 -720 0
-691 -692 0
-691 -693 0
-691 -694 0
-691 -695 0
-691 -696 0
-691 -697 0
-691 -698 0
-691 -699 0
-691 -700 0
-691 -701 0
-691 -702 0
-691 -703 0
-691 -704 0
-691 -705 0
-691 -706 0
-691 -707 0
-691 -708 0
-691 -709 0
-691 -710 0
-691 -711 0
-691 -712 0
-691 -713 0
-691 -714 0
-691 -715 0
-691 -716 0
-691 -717 0
-691 -718 0
-691 -719 0
-691 -720 0
-692 -693 0
-692 -694 0
-692 -695 0
-692 -696 0
-692 -697 0
-692 -698 0
-692 -699 0
-692 -700 0
-692 -701 0
-692 -702 0
-692 -703 0
-692 -704 0
-692 -705 0
-692 -706 0
-692 -707 0
-692 -708 0
-692 -709 0
-692 -710 0
-692 -711 0
-692 -712 0
-692 -713 0
-692 -714 0
-692 -715 0
-692 -716 0
-692 -717 0
-692 -718 0
-692 -719 0
-692 -720 0
-693 -694 0
-693 -695 0
-693 -696 0
-693 -697 0
-693 -698 0
-693 -699 0
-693 -700 0
-693 -701 0
-693 -702 0
-693 -703 0
-693 -704 0
-693 -705 0
-693 -706 0
-693 -707 0
-693 -708 0
-693 -709 0
-693 -710 0
-693 -711 0
-693 -712 0
-693 -713 0
-693 -714 0
-693 -715 0
-693 -716 0
-693 -717 0
-693 -718 0
-693 -719 0
-693 -720 0
-694 -695 0
-694 -696 0
-694 -697 0
-694 -698 0
-694 -699 0
-694 -700 0
-694 -701 0
-694 -702 0
-694 -703 0
-694 -704 0
-694 -705 0
-694 -706 0
-694 -707 0
-694 -708 0
-694 -709 0
-694 -710 0
-694 -711 0
-694 -712 0
-694 -713 0
-694 -714 0
-694 -715 0
-694 -716 0
-694 -717 0
-694 -718 0
-694 -719 0
-694 -720 0
-695 -696 0
-695 -697 0
-695 -698 0
-695 -699 0
-695 -700 0
-695 -701 0
-695 -702 0
-695 -703 0
-695 -704 0
-695 -705 0
-695 -706 0
-695 -707 0
-695 -708 0
-695 -709 0
-695 -710 0
-695 -711 0
-695 -712 0
-695 -713 0
-695 -714 0
-695 -715 0
-695 -716 0
-695 -717 0
-695 -718 0
-695 -719 0
-695 -720 0
-696 -697 0
-696 -698 0
-696 -699 0
-696 -700 0
-696 -701 0
-696 -702 0
-696 -703 0
-696 -704 0
-696 -705 0
-696 -706 0
-696 -707 0
-696 -708 0
-696 -709 0
-696 -710 0
-696 -711 0
-696 -712 0
-696 -713 0
-696 -714 0
-696 -715 0
-696 -716 0
-696 -717 0
-696 -718 0
-696 -719 0
-696 -720 0
-697 -698 0
-697 -699 0
-697 -700 0
-697 -701 0
-697 -702 0
-697 -703 0
-697 -704 0
-697 -705 0
-697 -706 0
-697 -707 0
-697 -708 0
-697 -709 0
-697 -710 0
-697 -711 0
-697 -712 0
-697 -713 0
-697 -714 0
-697 -715 0
-697 -716 0
-697 -717 0
-697 -718 0
-697 -719 0
-697 -720 0
-698 -699 0
-698 -700 0
-698 -701 0
-698 -702 0
-698 -703 0
-698 -704 0
-698 -705 0
-698 -706 0
-698 -707 0
-698 -708 0
-698 -709 0
-698 -710 0
-698 -711 0
-698 -712 0
-698 -713 0
-698 -714 0
-698 -715 0
-698 -716 0
-698 -717 0
-698 -718 0
-698 -719 0
-698 -720 0
-699 -700 0
-699 -701 0
-699 -702 0
-699 -703 0
-699 -704 0
-699 -705 0
-699 -706 0
-699 -707 0
-699 -708 0
-699 -709 0
-699 -710 0
-699 -711 0
-699 -712 0
-699 -713 0
-699 -714 0
-699 -715 0
-699 -716 0
-699 -717 0
-699 -718 0
-699 -719 0
-699 -720 0
-700 -701 0
-700 -702 0
-700 -703 0
-700 -704 0
-700 -705 0
-700 -706 0
-700 -707 0
-700 -708 0
-700 -709 0
-700 -710 0
-700 -711 0
-700 -712 0
-700 -713 0
-700 -714 0
-700 -715 0
-700 -716 0
-700 -717 0
-700 -718 0
-700 -719 0
-700 -720 0
-701 -702 0
-701 -703 0
-701 -704 0
-701 -705 0
-701 -706 0
-701 -707 0
-701 -708 0
-701 -709 0
-701 -710 0
-701 -711 0
-701 -712 0
-701 -713 0
-701 -714 0
-701 -715 0
-701 -716 0
-701 -717 0
-701 -718 0
-701 -719 0
-701 -720 0
-702 -703 0
-702 -704 0
-702 -705 0
-702 -706 0
-702 -707 0
-702 -708 0
-702 -709 0
-702 -710 0
-702 -711 0
-702 -712 0
-702 -713 0
-702 -714 0
-702 -715 0
-702 -716 0
-702 -717 0
-702 -718 0
-702 -719 0
-702 -720 0
-703 -704 0
-703 -705 0
-703 -706 0
-703 -707 0
-703 -708 0
-703 -709 0
-703 -710 0
-703 -711 0
-703 -712 0
-703 -713 0
-703 -714 0
-703 -715 0
-703 -716 0
-703 -717 0
-703 -718 0
-703 -719 0
-703 -720 0
-704 -705 0
-704 -706 0
-704 -707 0
-704 -708 0
-704 -709 0
-704 -710 0
-704 -711 0
-704 -712 0
-704 -713 0
-704 -714 0
-704 -715 0
-704 -716 0
-704 -717 0
-704 -718 0
-704 -719 0
-704 -720 0
-705 -706 0
-705 -707 0
-705 -708 0
-705 -709 0
-705 -710 0
-705 -711 0
-705 -712 0
-705 -713 0
-705 -714 0
-705 -715 0
-705 -716 0
-705 -717 0
-705 -718 0
-705 -719 0
-705 -720 0
-706 -707 0
-706 -708 0
-706 -709 0
-706 -710 0
-706 -711 0
-706 -712 0
-706 -713 0
-706 -714 0
-706 -715 0
-706 -716 0
-706 -717 0
-706 -718 0
-706 -719 0
-706 -720 0
-707 -708 0
-707 -709 0
-707 -710 0
-707 -711 0
-707 -712 0
-707 -713 0
-707 -714 0
-707 -715 0
-707 -716 0
-707 -717 0
-707 -718 0
-707 -719 0
-707 -720 0
-708 -709 0
-708 -710 0
-708 -711 0
-708 -712 0
-708 -713 0
-708 -714 0
-708 -715 0
-708 -716 0
-708 -717 0
-708 -718 0
-708 -719 0
-708 -720 0
-709 -710 0
-709 -711 0
-709 -712 0
-709 -713 0
-709 -714 0
-709 -715 0
-709 -716 0
-709 -717 0
-709 -718 0
-709 -719 0
-709 -720 0
-710 -711 0
-710 -712 0
-710 -713 0
-710 -714 0
-710 -715 0
-710 -716 0
-710 -717 0
-710 -718 0
-710 -719 0
-710 -720 0
-711 -712 0
-711 -713 0
-711 -714 0
-711 -715 0
-711 -716 0
-711 -717 0
-711 -718 0
-711 -719 0
-711 -720 0
-712 -713 0
-712 -714 0
-712 -715 0
-712 -716 0
-712 -717 0
-712 -718 0
-712 -719 0
-712 -720 0
-713 -714 0
-713 -715 0
-713 -716 0
-713 -717 0
-713 -718 0
-713 -719 0
-713 -720 0
-714 -715 0
-714 -716 0
-714 -717 0
-714 -718 0
-714 -719 0
-714 -720 0
-715 -716 0
-715 -717 0
-715 -718 0
-715 -719 0
-715 -720 0
-716 -717 0
-716 -718 0
-716 -719 0
-716 -720 0
-717 -718 0
-717 -719 0
-717 -720 0
-718 -719 0
-718 -720 0
-719 -720 0
-721 -722 0
-721 -723 0
-721 -724 0
-721 -725 0
-721 -726 0
-721 -727 0
-721 -728 0
-721 -729 0
-721 -730 0
-721 -731 0
-721 -732 0
-721 -733 0
-721 -734 0
-721 -735 0
-721 -736 0
-721 -737 0
-721 -738 0
-721 -739 0
-721 -740 0
-721 -741 0
-721 -742 0
-721 -743 0
-721 -744 0
-721 -745 0
-721 -746 0
-721 -747 0
-721 -748 0
-721 -749 0
-721 -750 0
-721 -751 0
-721 -752 0
-721 -753 0
-721 -754 0
-721 -755 0
-721 -756 0
-722 -723 0
-722 -724 0
-722 -725 0
-722 -726 0
-722 -727 0
-722 -728 0
-722 -729 0
-722 -730 0
-722 -731 0
-722 -732 0
-722 -733 0
-722 -734 0
-722 -735 0
-722 -736 0
-722 -737 0
-722 -738 0
-722 -739 0
-722 -740 0
-722 -741 0
-722 -742 0
-722 -743 0
-722 -744 0
-722 -745 0
-722 -746 0
-722 -747 0
-722 -748 0
-722 -749 0
-722 -750 0
-722 -751 0
-722 -752 0
-722 -753 0
-722 -754 0
-722 -755 0
-722 -756 0
-723 -724 0
-723 -725 0
-723 -726 0
-723 -727 0
-723 -728 0
-723 -729 0
-723 -730 0
-723 -731 0
-723 -732 0
-723 -733 0
-723 -734 0
-723 -735 0
-723 -736 0
-723 -737 0
-723 -738 0
-723 -739 0
-723 -740 0
-723 -741 0
-723 -742 0
-723 -743 0
-723 -744 0
-723 -745 0
-723 -746 0
-723 -747 0
-723 -748 0
-723 -749 0
-723 -750 0
-723 -751 0
-723 -752 0
-723 -753 0
-723 -754 0
-723 -755 0
-723 -756 0
-724 -725 0
-724 -726 0
-724 -727 0
-724 -728 0
-724 -729 0
-724 -730 0
-724 -731 0
-724 -732 0
-724 -733 0
-724 -734 0
-724 -735 0
-724 -736 0
-724 -737 0
-724 -738 0
-724 -739 0
-724 -740 0
-724 -741 0
-724 -742 0
-724 -743 0
-724 -744 0
-724 -745 0
-724 -746 0
-724 -747 0
-724 -748 0
-724 -749 0
-724 -750 0
-724 -751 0
-724 -752 0
-724 -753 0
-724 -754 0
-724 -755 0
-724 -756 0
-725 -726 0
-725 -727 0
-725 -728 0
-725 -729 0
-725 -730 0
-725 -731 0
-725 -732 0
-725 -733 0
-725 -734 0
-725 -735 0
-725 -736 0
-725 -737 0
-725 -738 0
-725 -739 0
-725 -740 0
-725 -741 0
-725 -742 0
-725 -743 0
-725 -744 0
-725 -745 0
-725 -746 0
-725 -747 0
-725 -748 0
-725 -749 0
-725 -750 0
-725 -751 0
-725 -752 0
-725 -753 0
-725 -754 0
-725 -755 0
-725 -756 0
-726 -727 0
-726 -728 0
-726 -729 0
-726 -730 0
-726 -731 0
-726 -732 0
-726 -733 0
-726 -734 0
-726 -735 0
-726 -736 0
-726 -737 0
-726 -738 0
-726 -739 0
-726 -740 0
-726 -741 0
-726 -742 0
-726 -743 0
-726 -744 0
-726 -745 0
-726 -746 0
-726 -747 0
-726 -748 0
-726 -749 0
-726 -750 0
-726 -751 0
-726 -752 0
-726 -753 0
-726 -754 0
-726 -755 0
-726 -756 0
-727 -728 0
-727 -729 0
-727 -730 0
-727 -731 0
-727 -732 0
-727 -733 0
-727 -734 0
-727 -735 0
-727 -736 0
-727 -737 0
-727 -738 0
-727 -739 0
-727 -740 0
-727 -741 0
-727 -742 0
-727 -743 0
-727 -744 0
-727 -745 0
-727 -746 0
-727 -747 0
-727 -748 0
-727 -749 0
-727 -750 0
-727 -751 0
-727 -752 0
-727 -753 0
-727 -754 0
-727 -755 0
-727 -756 0
-728 -729 0
-728 -730 0
-728 -731 0
-728 -732 0
-728 -733 0
-728 -734 0
-728 -735 0
-728 -736 0
-728 -737 0
-728 -738 0
-728 -739 0
-728 -740 0
-728 -741 0
-728 -742 0
-728 -743 0
-728 -744 0
-728 -745 0
-728 -746 0
-728 -747 0
-728 -748 0
-728 -749 0
-728 -750 0
-728 -751 0
-728 -752 0
-728 -753 0
-728 -754 0
-728 -755 0
-728 -756 0
-729 -730 0
-729 -731 0
-729 -732 0
-729 -733 0
-729 -734 0
-729 -735 0
-729 -736 0
-729 -737 0
-729 -738 0
-729 -739 0
-729 -740 0
-729 -741 0
-729 -742 0
-729 -743 0
-729 -744 0
-729 -745 0
-729 -746 0
-729 -747 0
-729 -748 0
-729 -749 0
-729 -750 0
-729 -751 0
-729 -752 0
-729 -753 0
-729 -754 0
-729 -755 0
-729 -756 0
-730 -731 0
-730 -732 0
-730 -733 0
-730 -734 0
-730 -735 0
-730 -736 0
-730 -737 0
-730 -738 0
-730 -739 0
-730 -740 0
-730 -741 0
-730 -742 0
-730 -743 0
-730 -744 0
-730 -745 0
-730 -746 0
-730 -747 0
-730 -748 0
-730 -749 0
-730 -750 0
-730 -751 0
-730 -752 0
-730 -753 0
-730 -754 0
-730 -755 0
-730 -756 0
-731 -732 0
-731 -733 0
-731 -734 0
-731 -735 0
-731 -736 0
-731 -737 0
-731 -738 0
-731 -739 0
-731 -740 0
-731 -741 0
-731 -742 0
-731 -743 0
-731 -744 0
-731 -745 0
-731 -746 0
-731 -747 0
-731 -748 0
-731 -749 0
-731 -750 0
-731 -751 0
-731 -752 0
-731 -753 0
-731 -754 0
-731 -755 0
-731 -756 0
-732 -733 0
-732 -734 0
-732 -735 0
-732 -736 0
-732 -737 0
-732 -738 0
-732 -739 0
-732 -740 0
-732 -741 0
-732 -742 0
-732 -743 0
-732 -744 0
-732 -745 0
-732 -746 0
-732 -747 0
-732 -748 0
-732 -749 0
-732 -750 0
-732 -751 0
-732 -752 0
-732 -753 0
-732 -754 0
-732 -755 0
-732 -756 0
-733 -734 0
-733 -735 0
-733 -736 0
-733 -737 0
-733 -738 0
-733 -739 0
-733 -740 0
-733 -741 0
-733 -742 0
-733 -743 0
-733 -744 0
-733 -745 0
-733 -746 0
-733 -747 0
-733 -748 0
-733 -749 0
-733 -750 0
-733 -751 0
-733 -752 0
-733 -753 0
-733 -754 0
-733 -755 0
-733 -756 0
-734 -735 0
-734 -736 0
-734 -737 0
-734 -738 0
-734 -739 0
-734 -740 0
-734 -741 0
-734 -742 0
-734 -743 0
-734 -744 0
-734 -745 0
-734 -746 0
-734 -747 0
-734 -748 0
-734 -749 0
-734 -750 0
-734 -751 0
-734 -752 0
-734 -753 0
-734 -754 0
-734 -755 0
-734 -756 0
-735 -736 0
-735 -737 0
-735 -738 0
-735 -739 0
-735 -740 0
-735 -741 0
-735 -742 0
-735 -743 0
-735 -744 0
-735 -745 0
-735 -746 0
-735 -747 0
-735 -748 0
-735 -749 0
-735 -750 0
-735 -751 0
-735 -752 0
-735 -753 0
-735 -754 0
-735 -755 0
-735 -756 0
-736 -737 0
-736 -738 0
-736 -739 0
-736 -740 0
-736 -741 0
-736 -742 0
-736 -743 0
-736 -744 0
-736 -745 0
-736 -746 0
-736 -747 0
-736 -748 0
-736 -749 0
-736 -750 0
-736 -751 0
-736 -752 0
-736 -753 0
-736 -754 0
-736 -755 0
-736 -756 0
-737 -738 0
-737 -739 0
-737 -740 0
-737 -741 0
-737 -742 0
-737 -743 0
-737 -744 0
-737 -745 0
-737 -746 0
-737 -747 0
-737 -748 0
-737 -749 0
-737 -750 0
-737 -751 0
-737 -752 0
-737 -753 0
-737 -754 0
-737 -755 0
-737 -756 0
-738 -739 0
-738 -740 0
-738 -741 0
-738 -742 0
-738 -743 0
-738 -744 0
-738 -745 0
-738 -746 0
-738 -747 0
-738 -748 0
-738 -749 0
-738 -750 0
-738 -751 0
-738 -752 0
-738 -753 0
-738 -754 0
-738 -755 0
-738 -756 0
-739 -740 0
-739 -741 0
-739 -742 0
-739 -743 0
-739 -744 0
-739 -745 0
-739 -746 0
-739 -747 0
-739 -748 0
-739 -749 0
-739 -750 0
-739 -751 0
-739 -752 0
-739 -753 0
-739 -754 0
-739 -755 0
-739 -756 0
-740 -741 0
-740 -742 0
-740 -743 0
-740 -744 0
-740 -745 0
-740 -746 0
-740 -747 0
-740 -748 0
-740 -749 0
-740 -750 0
-740 -751 0
-740 -752 0
-740 -753 0
-740 -754 0
-740 -755 0
-740 -756 0
-741 -742 0
-741 -743 0
-741 -744 0
-741 -745 0
-741 -746 0
-741 -747 0
-741 -748 0
-741 -749 0
-741 -750 0
-741 -751 0
-741 -752 0
-741 -753 0
-741 -754 0
-741 -755 0
-741 -756 0
-742 -743 0
-742 -744 0
-742 -745 0
-742 -746 0
-742 -747 0
-742 -748 0
-742 -749 0
-742 -750 0
-742 -751 0
-742 -752 0
-742 -753 0
-742 -754 0
-742 -755 0
-742 -756 0
-743 -744 0
-743 -745 0
-743 -746 0
-743 -747 0
-743 -748 0
-743 -749 0
-743 -750 0
-743 -751 0
-743 -752 0
-743 -753 0
-743 -754 0
-743 -755 0
-743 -756 0
-744 -745 0
-744 -746 0
-744 -747 0
-744 -748 0
-744 -749 0
-744 -750 0
-744 -751 0
-744 -752 0
-744 -753 0
-744 -754 0
-744 -755 0
-744 -756 0
-745 -746 0
-745 -747 0
-745 -748 0
-745 -749 0
-745 -750 0
-745 -751 0
-745 -752 0
-745 -753 0
-745 -754 0
-745 -755 0
-745 -756 0
-746 -747 0
-746 -748 0
-746 -749 0
-746 -750 0
-746 -751 0
-746 -752 0
-746 -753 0
-746 -754 0
-746 -755 0
-746 -756 0
-747 -748 0
-747 -749 0
-747 -750 0
-747 -751 0
-747 -752 0
-747 -753 0
-747 -754 0
-747 -755 0
-747 -756 0
-748 -749 0
-748 -750 0
-748 -751 0
-748 -752 0
-748 -753 0
-748 -754 0
-748 -755 0
-748 -756 0
-749 -750 0
-749 -751 0
-749 -752 0
-749 -753 0
-749 -754 0
-749 -755 0
-749 -756 0
-750 -751 0
-750 -752 0
-750 -753 0
-750 -754 0
-750 -755 0
-750 -756 0
-751 -752 0
-751 -753 0
-751 -754 0
-751 -755 0
-751 -756 0
-752 -753 0
-752 -754 0
-752 -755 0
-752 -756 0
-753 -754 0
-753 -755 0
-753 -756 0
-754 -755 0
-754 -756 0
-755 -756 0
-757 -758 0
-757 -759 0
-757 -760 0
-757 -761 0
-757 -762 0
-757 -763 0
-757 -764 0
-757 -765 0
-757 -766 0
-757 -767 0
-757 -768 0
-757 -769 0
-757 -770 0
-757 -771 0
-757 -772 0
-757 -773 0
-757 -774 0
-757 -775 0
-757 -776 0
-757 -777 0
-757 -778 0
-757 -779 0
-757 -780 0
-757 -781 0
-757 -782 0
-757 -783 0
-757 -784 0
-757 -785 0
-757 -786 0
-757 -787 0
-757 -788 0
-757 -789 0
-757 -790 0
-757 -791 0
-757 -792 0
-758 -759 0
-758 -760 0
-758 -761 0
-758 -762 0
-758 -763 0
-758 -764 0
-758 -765 0
-758 -766 0
-758 -767 0
-758 -768 0
-758 -769 0
-758 -770 0
-758 -771 0
-758 -772 0
-758 -773 0
-758 -774 0
-758 -775 0
-758 -776 0
-758 -777 0
-758 -778 0
-758 -779 0
-758 -780 0
-758 -781 0
-758 -782 0
-758 -783 0
-758 -784 0
-758 -785 0
-758 -786 0
-758 -787 0
-758 -788 0
-758 -789 0
-758 -790 0
-758 -791 0
-758 -792 0
-759 -760 0
-759 -761 0
-759 -762 0
-759 -763 0
-759 -764 0
-759 -765 0
-759 -766 0
-759 -767 0
-759 -768 0
-759 -769 0
-759 -770 0
-759 -771 0
-759 -772 0
-759 -773 0
-759 -774 0
-759 -775 0
-759 -776 0
-759 -777 0
-759 -778 0
-759 -779 0
-759 -780 0
-759 -781 0
-759 -782 0
-759 -783 0
-759 -784 0
-759 -785 0
-759 -786 0
-759 -787 0
-759 -788 0
-759 -789 0
-759 -790 0
-759 -791 0
-759 -792 0
-760 -761 0
-760 -762 0
-760 -763 0
-760 -764 0
-760 -765 0
-760 -766 0
-760 -767 0
-760 -768 0
-760 -769 0
-760 -770 0
-760 -771 0
-760 -772 0
-760 -773 0
-760 -774 0
-760 -775 0
-760 -776 0
-760 -777 0
-760 -778 0
-760 -779 0
-760 -780 0
-760 -781 0
-760 -782 0
-760 -783 0
-760 -784 0
-760 -785 0
-760 -786 0
-760 -787 0
-760 -788 0
-760 -789 0
-760 -790 0
-760 -791 0
-760 -792 0
-761 -762 0
-761 -763 0
-761 -764 0
-761 -765 0
-761 -766 0
-761 -767 0
-761 -768 0
-761 -769 0
-761 -770 0
-761 -771 0
-761 -772 0
-761 -773 0
-761 -774 0
-761 -775 0
-761 -776 0
-761 -777 0
-761 -778 0
-761 -779 0
-761 -780 0
-761 -781 0
-761 -782 0
-761 -783 0
-761 -784 0
-761 -785 0
-761 -786 0
-761 -787 0
-761 -788 0
-761 -789 0
-761 -790 0
-761 -791 0
-761 -792 0
-762 -763 0
-762 -764 0
-762 -765 0
-762 -766 0
-762 -767 0
-762 -768 0
-762 -769 0
-762 -770 0
-762 -771 0
-762 -772 0
-762 -773 0
-762 -774 0
-762 -775 0
-762 -776 0
-762 -777 0
-762 -778 0
-762 -779 0
-762 -780 0
-762 -781 0
-762 -782 0
-762 -783 0
-762 -784 0
-762 -785 0
-762 -786 0
-762 -787 0
-762 -788 0
-762 -789 0
-762 -790 0
-762 -791 0
-762 -792 0
-763 -764 0
-763 -765 0
-763 -766 0
-763 -767 0
-763 -768 0
-763 -769 0
-763 -770 0
-763 -771 0
-763 -772 0
-763 -773 0
-763 -774 0
-763 -775 0
-763 -776 0
-763 -777 0
-763 -778 0
-763 -779 0
-763 -780 0
-763 -781 0
-763 -782 0
-763 -783 0
-763 -784 0
-763 -785 0
-763 -786 0
-763 -787 0
-763 -788 0
-763 -789 0
-763 -790 0
-763 -791 0
-763 -792 0
-764 -765 0
-764 -766 0
-764 -767 0
-764 -768 0
-764 -769 0
-764 -770 0
-764 -771 0
-764 -772 0
-764 -773 0
-764 -774 0
-764 -775 0
-764 -776 0
-764 -777 0
-764 -778 0
-764 -779 0
-764 -780 0
-764 -781 0
-764 -782 0
-764 -783 0
-764 -784 0
-764 -785 0
-764 -786 0
-764 -787 0
-764 -788 0
-764 -789 0
-764 -790 0
-764 -791 0
-764 -792 0
-765 -766 0
-765 -767 0
-765 -768 0
-765 -769 0
-765 -770 0
-765 -771 0
-765 -772 0
-765 -773 0
-765 -774 0
-765 -775 0
-765 -776 0
-765 -777 0
-765 -778 0
-765 -779 0
-765 -780 0
-765 -781 0
-765 -782 0
-765 -783 0
-765 -784 0
-765 -785 0
-765 -786 0
-765 -787 0
-765 -788 0
-765 -789 0
-765 -790 0
-765 -791 0
-765 -792 0
-766 -767 0
-766 -768 0
-766 -769 0
-766 -770 0
-766 -771 0
-766 -772 0
-766 -773 0
-766 -774 0
-766 -775 0
-766 -776 0
-766 -777 0
-766 -778 0
-766 -779 0
-766 -780 0
-766 -781 0
-766 -782 0
-766 -783 0
-766 -784 0
-766 -785 0
-766 -786 0
-766 -787 0
-766 -788 0
-766 -789 0
-766 -790 0
-766 -791 0
-766 -792 0
-767 -768 0
-767 -769 0
-767 -770 0
-767 -771 0
-767 -772 0
-767 -773 0
-767 -774 0
-767 -775 0
-767 -776 0
-767 -777 0
-767 -778 0
-767 -779 0
-767 -780 0
-767 -781 0
-767 -782 0
-767 -783 0
-767 -784 0
-767 -785 0
-767 -786 0
-767 -787 0
-767 -788 0
-767 -789 0
-767 -790 0
-767 -791 0
-767 -792 0
-768 -769 0
-768 -770 0
-768 -771 0
-768 -772 0
-768 -773 0
-768 -774 0
-768 -775 0
-768 -776 0
-768 -777 0
-768 -778 0
-768 -779 0
-768 -780 0
-768 -781 0
-768 -782 0
-768 -783 0
-768 -784 0
-768 -785 0
-768 -786 0
-768 -787 0
-768 -788 0
-768 -789 0
-768 -790 0
-768 -791 0
-768 -792 0
-769 -770 0
-769 -771 0
-769 -772 0
-769 -773 0
-769 -774 0
-769 -775 0
-769 -776 0
-769 -777 0
-769 -778 0
-769 -779 0
-769 -780 0
-769 -781 0
-769 -782 0
-769 -783 0
-769 -784 0
-769 -785 0
-769 -786 0
-769 -787 0
-769 -788 0
-769 -789 0
-769 -790 0
-769 -791 0
-769 -792 0
-770 -771 0
-770 -772 0
-770 -773 0
-770 -774 0
-770 -775 0
-770 -776 0
-770 -777 0
-770 -778 0
-770 -779 0
-770 -780 0
-770 -781 0
-770 -782 0
-770 -783 0
-770 -784 0
-770 -785 0
-770 -786 0
-770 -787 0
-770 -788 0
-770 -789 0
-770 -790 0
-770 -791 0
-770 -792 0
-771 -772 0
-771 -773 0
-771 -774 0
-771 -775 0
-771 -776 0
-771 -777 0
-771 -778 0
-771 -779 0
-771 -780 0
-771 -781 0
-771 -782 0
-771 -783 0
-771 -784 0
-771 -785 0
-771 -786 0
-771 -787 0
-771 -788 0
-771 -789 0
-771 -790 0
-771 -791 0
-771 -792 0
-772 -773 0
-772 -774 0
-772 -775 0
-772 -776 0
-772 -777 0
-772 -778 0
-772 -779 0
-772 -780 0
-772 -781 0
-772 -782 0
-772 -783 0
-772 -784 0
-772 -785 0
-772 -786 0
-772 -787 0
-772 -788 0
-772 -789 0
-772 -790 0
-772 -791 0
-772 -792 0
-773 -774 0
-773 -775 0
-773 -776 0
-773 -777 0
-773 -778 0
-773 -779 0
-773 -780 0
-773 -781 0
-773 -782 0
-773 -783 0
-773 -784 0
-773 -785 0
-773 -786 0
-773 -787 0
-773 -788 0
-773 -789 0
-773 -790 0
-773 -791 0
-773 -792 0
-774 -775 0
-774 -776 0
-774 -777 0
-774 -778 0
-774 -779 0
-774 -780 0
-774 -781 0
-774 -782 0
-774 -783 0
-774 -784 0
-774 -785 0
-774 -786 0
-774 -787 0
-774 -788 0
-774 -789 0
-774 -790 0
-774 -791 0
-774 -792 0
-775 -776 0
-775 -777 0
-775 -778 0
-775 -779 0
-775 -780 0
-775 -781 0
-775 -782 0
-775 -783 0
-775 -784 0
-775 -785 0
-775 -786 0
-775 -787 0
-775 -788 0
-775 -789 0
-775 -790 0
-775 -791 0
-775 -792 0
-776 -777 0
-776 -778 0
-776 -779 0
-776 -780 0
-776 -781 0
-776 -782 0
-776 -783 0
-776 -784 0
-776 -785 0
-776 -786 0
-776 -787 0
-776 -788 0
-776 -789 0
-776 -790 0
-776 -791 0
-776 -792 0
-777 -778 0
-777 -779 0
-777 -780 0
-777 -781 0
-777 -782 0
-777 -783 0
-777 -784 0
-777 -785 0
-777 -786 0
-777 -787 0
-777 -788 0
-777 -789 0
-777 -790 0
-777 -791 0
-777 -792 0
-778 -779 0
-778 -780 0
-778 -781 0
-778 -782 0
-778 -783 0
-778 -784 0
-778 -785 0
-778 -786 0
-778 -787 0
-778 -788 0
-778 -789 0
-778 -790 0
-778 -791 0
-778 -792 0
-779 -780 0
-779 -781 0
-779 -782 0
-779 -783 0
-779 -784 0
-779 -785 0
-779 -786 0
-779 -787 0
-779 -788 0
-779 -789 0
-779 -790 0
-779 -791 0
-779 -792 0
-780 -781 0
-780 -782 0
-780 -783 0
-780 -784 0
-780 -785 0
-780 -786 0
-780 -787 0
-780 -788 0
-780 -789 0
-780 -790 0
-780 -791 0
-780 -792 0
-781 -782 0
-781 -783 0
-781 -784 0
-781 -785 0
-781 -786 0
-781 -787 0
-781 -788 0
-781 -789 0
-781 -790 0
-781 -791 0
-781 -792 0
-782 -783 0
-782 -784 0
-782 -785 0
-782 -786 0
-782 -787 0
-782 -788 0
-782 -789 0
-782 -790 0
-782 -791 0
-782 -792 0
-783 -784 0
-783 -785 0
-783 -786 0
-783 -787 0
-783 -788 0
-783 -789 0
-783 -790 0
-783 -791 0
-783 -792 0
-784 -785 0
-784 -786 0
-784 -787 0
-784 -788 0
-784 -789 0
-784 -790 0
-784 -791 0
-784 -792 0
-785 -786 0
-785 -787 0
-785 -788 0
-785 -789 0
-785 -790 0
-785 -791 0
-785 -792 0
-786 -787 0
-786 -788 0
-786 -789 0
-786 -790 0
-786 -791 0
-786 -792 0
-787 -788 0
-787 -789 0
-787 -790 0
-787 -791 0
-787 -792 0
-788 -789 0
-788 -790 0
-788 -791 0
-788 -792 0
-789 -790 0
-789 -791 0
-789 -792 0
-790 -791 0
-790 -792 0
-791 -792 0
-793 -794 0
-793 -795 0
-793 -796 0
-793 -797 0
-793 -798 0
-793 -799 0
-793 -800 0
-793 -801 0
-793 -802 0
-793 -803 0
-793 -804 0
-793 -805 0
-793 -806 0
-793 -807 0
-793 -808 0
-793 -809 0
-793 -810 0
-793 -811 0
-793 -812 0
-793 -813 0
-793 -814 0
-793 -815 0
-793 -816 0
-793 -817 0
-793 -818 0
-793 -819 0
-793 -820 0
-793 -821 0
-793 -822 0
-793 -823 0
-793 -824 0
-793 -825 0
-793 -826 0
-793 -827 0
-793 -828 0
-794 -795 0
-794 -796 0
-794 -797 0
-794 -798 0
-794 -799 0
-794 -800 0
-794 -801 0
-794 -802 0
-794 -803 0
-794 -804 0
-794 -805 0
-794 -806 0
-794 -807 0
-794 -808 0
-794 -809 0
-794 -810 0
-794 -811 0
-794 -812 0
-794 -813 0
-794 -814 0
-794 -815 0
-794 -816 0
-794 -817 0
-794 -818 0
-794 -819 0
-794 -820 0
-794 -821 0
-794 -822 0
-794 -823 0
-794 -824 0
-794 -825 0
-794 -826 0
-794 -827 0
-794 -828 0
-795 -796 0
-795 -797 0
-795 -798 0
-795 -799 0
-795 -800 0
-795 -801 0
-795 -802 0
-795 -803 0
-795 -804 0
-795 -805 0
-795 -806 0
-795 -807 0
-795 -808 0
-795 -809 0
-795 -810 0
-795 -811 0
-795 -812 0
-795 -813 0
-795 -814 0
-795 -815 0
-795 -816 0
-795 -817 0
-795 -818 0
-795 -819 0
-795 -820 0
-795 -821 0
-795 -822 0
-795 -823 0
-795 -824 0
-795 -825 0
-795 -826 0
-795 -827 0
-795 -828 0
-796 -797 0
-796 -798 0
-796 -799 0
-796 -800 0
-796 -801 0
-796 -802 0
-796 -803 0
-796 -804 0
-796 -805 0
-796 -806 0
-796 -807 0
-796 -808 0
-796 -809 0
-796 -810 0
-796 -811 0
-796 -812 0
-796 -813 0
-796 -814 0
-796 -815 0
-796 -816 0
-796 -817 0
-796 -818 0
-796 -819 0
-796 -820 0
-796 -821 0
-796 -822 0
-796 -823 0
-796 -824 0
-796 -825 0
-796 -826 0
-796 -827 0
-796 -828 0
-797 -798 0
-797 -799 0
-797 -800 0
-797 -801 0
-797 -802 0
-797 -803 0
-797 -804 0
-797 -805 0
-797 -806 0
-797 -807 0
-797 -808 0
-797 -809 0
-797 -810 0
-797 -811 0
-797 -812 0
-797 -813 0
-797 -814 0
-797 -815 0
-797 -816 0
-797 -817 0
-797 -818 0
-797 -819 0
-797 -820 0
-797 -821 0
-797 -822 0
-797 -823 0
-797 -824 0
-797 -825 0
-797 -826 0
-797 -827 0
-797 -828 0
-798 -799 0
-798 -800 0
-798 -801 0
-798 -802 0
-798 -803 0
-798 -804 0
-798 -805 0
-798 -806 0
-798 -807 0
-798 -808 0
-798 -809 0
-798 -810 0
-798 -811 0
-798 -812 0
-798 -813 0
-798 -814 0
-798 -815 0
-798 -816 0
-798 -817 0
-798 -818 0
-798 -819 0
-798 -820 0
-798 -821 0
-798 -822 0
-798 -823 0
-798 -824 0
-798 -825 0
-798 -826 0
-798 -827 0
-798 -828 0
-799 -800 0
-799 -801 0
-799 -802 0
-799 -803 0
-799 -804 0
-799 -805 0
-799 -806 0
-799 -807 0
-799 -808 0
-799 -809 0
-799 -810 0
-799 -811 0
-799 -812 0
-799 -813 0
-799 -814 0
-799 -815 0
-799 -816 0
-799 -817 0
-799 -818 0
-799 -819 0
-799 -820 0
-799 -821 0
-799 -822 0
-799 -823 0
-799 -824 0
-799 -825 0
-799 -826 0
-799 -827 0
-799 -828 0
-800 -801 0
-800 -802 0
-800 -803 0
-800 -804 0
-800 -805 0
-800 -806 0
-800 -807 0
-800 -808 0
-800 -809 0
-800 -810 0
-800 -811 0
-800 -812 0
-800 -813 0
-800 -814 0
-800 -815 0
-800 -816 0
-800 -817 0
-800 -818 0
-800 -819 0
-800 -820 0
-800 -821 0
-800 -822 0
-800 -823 0
-800 -824 0
-800 -825 0
-800 -826 0
-800 -827 0
-800 -828 0
-801 -802 0
-801 -803 0
-801 -804 0
-801 -805 0
-801 -806 0
-801 -807 0
-801 -808 0
-801 -809 0
-801 -810 0
-801 -811 0
-801 -812 0
-801 -813 0
-801 -814 0
-801 -815 0
-801 -816 0
-801 -817 0
-801 -818 0
-801 -819 0
-801 -820 0
-801 -821 0
-801 -822 0
-801 -823 0
-801 -824 0
-801 -825 0
-801 -826 0
-801 -827 0
-801 -828 0
-802 -803 0
-802 -804 0
-802 -805 0
-802 -806 0
-802 -807 0
-802 -808 0
-802 -809 0
-802 -810 0
-802 -811 0
-802 -812 0
-802 -813 0
-802 -814 0
-802 -815 0
-802 -816 0
-802 -817 0
-802 -818 0
-802 -819 0
-802 -820 0
-802 -821 0
-802 -822 0
-802 -823 0
-802 -824 0
-802 -825 0
-802 -826 0
-802 -827 0
-802 -828 0
-803 -804 0
-803 -805 0
-803 -806 0
-803 -807 0
-803 -808 0
-803 -809 0
-803 -810 0
-803 -811 0
-803 -812 0
-803 -813 0
-803 -814 0
-803 -815 0
-803 -816 0
-803 -817 0
-803 -818 0
-803 -819 0
-803 -820 0
-803 -821 0
-803 -822 0
-803 -823 0
-803 -824 0
-803 -825 0
-803 -826 0
-803 -827 0
-803 -828 0
-804 -805 0
-804 -806 0
-804 -807 0
-804 -808 0
-804 -809 0
-804 -810 0
-804 -811 0
-804 -812 0
-804 -813 0
-804 -814 0
-804 -815 0
-804 -816 0
-804 -817 0
-804 -818 0
-804 -819 0
-804 -820 0
-804 -821 0
-804 -822 0
-804 -823 0
-804 -824 0
-804 -825 0
-804 -826 0
-804 -827 0
-804 -828 0
-805 -806 0
-805 -807 0
-805 -808 0
-805 -809 0
-805 -810 0
-805 -811 0
-805 -812 0
-805 -813 0
-805 -814 0
-805 -815 0
-805 -816 0
-805 -817 0
-805 -818 0
-805 -819 0
-805 -820 0
-805 -821 0
-805 -822 0
-805 -823 0
-805 -824 0
-805 -825 0
-805 -826 0
-805 -827 0
-805 -828 0
-806 -807 0
-806 -808 0
-806 -809 0
-806 -810 0
-806 -811 0
-806 -812 0
-806 -813 0
-806 -814 0
-806 -815 0
-806 -816 0
-806 -817 0
-806 -818 0
-806 -819 0
-806 -820 0
-806 -821 0
-806 -822 0
-806 -823 0
-806 -824 0
-806 -825 0
-806 -826 0
-806 -827 0
-806 -828 0
-807 -808 0
-807 -809 0
-807 -810 0
-807 -811 0
-807 -812 0
-807 -813 0
-807 -814 0
-807 -815 0
-807 -816 0
-807 -817 0
-807 -818 0
-807 -819 0
-807 -820 0
-807 -821 0
-807 -822 0
-807 -823 0
-807 -824 0
-807 -825 0
-807 -826 0
-807 -827 0
-807 -828 0
-808 -809 0
-808 -810 0
-808 -811 0
-808 -812 0
-808 -813 0
-808 -814 0
-808 -815 0
-808 -816 0
-808 -817 0
-808 -818 0
-808 -819 0
-808 -820 0
-808 -821 0
-808 -822 0
-808 -823 0
-808 -824 0
-808 -825 0
-808 -826 0
-808 -827 0
-808 -828 0
-809 -810 0
-809 -811 0
-809 -812 0
-809 -813 0
-809 -814 0
-809 -815 0
-809 -816 0
-809 -817 0
-809 -818 0
-809 -819 0
-809 -820 0
-809 -821 0
-809 -822 0
-809 -823 0
-809 -824 0
-809 -825 0
-809 -826 0
-809 -827 0
-809 -828 0
-810 -811 0
-810 -812 0
-810 -813 0
-810 -814 0
-810 -815 0
-810 -816 0
-810 -817 0
-810 -818 0
-810 -819 0
-810 -820 0
-810 -821 0
-810 -822 0
-810 -823 0
-810 -824 0
-810 -825 0
-810 -826 0
-810 -827 0
-810 -828 0
-811 -812 0
-811 -813 0
-811 -814 0
-811 -815 0
-811 -816 0
-811 -817 0
-811 -818 0
-811 -819 0
-811 -820 0
-811 -821 0
-811 -822 0
-811 -823 0
-811 -824 0
-811 -825 0
-811 -826 0
-811 -827 0
-811 -828 0
-812 -813 0
-812 -814 0
-812 -815 0
-812 -816 0
-812 -817 0
-812 -818 0
-812 -819 0
-812 -820 0
-812 -821 0
-812 -822 0
-812 -823 0
-812 -824 0
-812 -825 0
-812 -826 0
-812 -827 0
-812 -828 0
-813 -814 0
-813 -815 0
-813 -816 0
-813 -817 0
-813 -818 0
-813 -819 0
-813 -820 0
-813 -821 0
-813 -822 0
-813 -823 0
-813 -824 0
-813 -825 0
-813 -826 0
-813 -827 0
-813 -828 0
-814 -815 0
-814 -816 0
-814 -817 0
-814 -818 0
-814 -819 0
-814 -820 0
-814 -821 0
-814 -822 0
-814 -823 0
-814 -824 0
-814 -825 0
-814 -826 0
-814 -827 0
-814 -828 0
-815 -816 0
-815 -817 0
-815 -818 0
-815 -819 0
-815 -820 0
-815 -821 0
-815 -822 0
-815 -823 0
-815 -824 0
-815 -825 0
-815 -826 0
-815 -827 0
-815 -828 0
-816 -817 0
-816 -818 0
-816 -819 0
-816 -820 0
-816 -821 0
-816 -822 0
-816 -823 0
-816 -824 0
-816 -825 0
-816 -826 0
-816 -827 0
-816 -828 0
-817 -818 0
-817 -819 0
-817 -820 0
-817 -821 0
-817 -822 0
-817 -823 0
-817 -824 0
-817 -825 0
-817 -826 0
-817 -827 0
-817 -828 0
-818 -819 0
-818 -820 0
-818 -821 0
-818 -822 0
-818 -823 0
-818 -824 0
-818 -825 0
-818 -826 0
-818 -827 0
-818 -828 0
-819 -820 0
-819 -821 0
-819 -822 0
-819 -823 0
-819 -824 0
-819 -825 0
-819 -826 0
-819 -827 0
-819 -828 0
-820 -821 0
-820 -822 0
-820 -823 0
-820 -824 0
-820 -825 0
-820 -826 0
-820 -827 0
-820 -828 0
-821 -822 0
-821 -823 0
-821 -824 0
-821 -825 0
-821 -826 0
-821 -827 0
-821 -828 0
-822 -823 0
-822 -824 0
-822 -825 0
-822 -826 0
-822 -827 0
-822 -828 0
-823 -824 0
-823 -825 0
-823 -826 0
-823 -827 0
-823 -828 0
-824 -825 0
-824 -826 0
-824 -827 0
-824 -828 0
-825 -826 0
-825 -827 0
-825 -828 0
-826 -827 0
-826 -828 0
-827 -828 0
-829 -830 0
-829 -831 0
-829 -832 0
-829 -833 0
-829 -834 0
-829 -835 0
-829 -836 0
-829 -837 0
-829 -838 0
-829 -839 0
-829 -840 0
-829 -841 0
-829 -842 0
-829 -843 0
-829 -844 0
-829 -845 0
-829 -846 0
-829 -847 0
-829 -848 0
-829 -849 0
-829 -850 0
-829 -851 0
-829 -852 0
-829 -853 0
-829 -854 0
-829 -855 0
-829 -856 0
-829 -857 0
-829 -858 0
-829 -859 0
-829 -860 0
-829 -861 0
-829 -862 0
-829 -863 0
-829 -864 0
-830 -831 0
-830 -832 0
-830 -833 0
-830 -834 0
-830 -835 0
-830 -836 0
-830 -837 0
-830 -838 0
-830 -839 0
-830 -840 0
-830 -841 0
-830 -842 0
-830 -843 0
-830 -844 0
-830 -845 0
-830 -846 0
-830 -847 0
-830 -848 0
-830 -849 0
-830 -850 0
-830 -851 0
-830 -852 0
-830 -853 0
-830 -854 0
-830 -855 0
-830 -856 0
-830 -857 0
-830 -858 0
-830 -859 0
-830 -860 0
-830 -861 0
-830 -862 0
-830 -863 0
-830 -864 0
-831 -832 0
-831 -833 0
-831 -834 0
-831 -835 0
-831 -836 0
-831 -837 0
-831 -838 0
-831 -839 0
-831 -840 0
-831 -841 0
-831 -842 0
-831 -843 0
-831 -844 0
-831 -845 0
-831 -846 0
-831 -847 0
-831 -848 0
-831 -849 0
-831 -850 0
-831 -851 0
-831 -852 0
-831 -853 0
-831 -854 0
-831 -855 0
-831 -856 0
-831 -857 0
-831 -858 0
-831 -859 0
-831 -860 0
-831 -861 0
-831 -862 0
-831 -863 0
-831 -864 0
-832 -833 0
-832 -834 0
-832 -835 0
-832 -836 0
-832 -837 0
-832 -838 0
-832 -839 0
-832 -840 0
-832 -841 0
-832 -842 0
-832 -843 0
-832 -844 0
-832 -845 0
-832 -846 0
-832 -847 0
-832 -848 0
-832 -849 0
-832 -850 0
-832 -851 0
-832 -852 0
-832 -853 0
-832 -854 0
-832 -855 0
-832 -856 0
-832 -857 0
-832 -858 0
-832 -859 0
-832 -860 0
-832 -861 0
-832 -862 0
-832 -863 0
-832 -864 0
-833 -834 0
-833 -835 0
-833 -836 0
-833 -837 0
-833 -838 0
-833 -839 0
-833 -840 0
-833 -841 0
-833 -842 0
-833 -843 0
-833 -844 0
-833 -845 0
-833 -846 0
-833 -847 0
-833 -848 0
-833 -849 0
-833 -850 0
-833 -851 0
-833 -852 0
-833 -853 0
-833 -854 0
-833 -855 0
-833 -856 0
-833 -857 0
-833 -858 0
-833 -859 0
-833 -860 0
-833 -861 0
-833 -862 0
-833 -863 0
-833 -864 0
-834 -835 0
-834 -836 0
-834 -837 0
-834 -838 0
-834 -839 0
-834 -840 0
-834 -841 0
-834 -842 0
-834 -843 0
-834 -844 0
-834 -845 0
-834 -846 0
-834 -847 0
-834 -848 0
-834 -849 0
-834 -850 0
-834 -851 0
-834 -852 0
-834 -853 0
-834 -854 0
-834 -855 0
-834 -856 0
-834 -857 0
-834 -858 0
-834 -859 0
-834 -860 0
-834 -861 0
-834 -862 0
-834 -863 0
-834 -864 0
-835 -836 0
-835 -837 0
-835 -838 0
-835 -839 0
-835 -840 0
-835 -841 0
-835 -842 0
-835 -843 0
-835 -844 0
-835 -845 0
-835 -846 0
-835 -847 0
-835 -848 0
-835 -849 0
-835 -850 0
-835 -851 0
-835 -852 0
-835 -853 0
-835 -854 0
-835 -855 0
-835 -856 0
-835 -857 0
-835 -858 0
-835 -859 0
-835 -860 0
-835 -861 0
-835 -862 0
-835 -863 0
-835 -864 0
-836 -837 0
-836 -838 0
-836 -839 0
-836 -840 0
-836 -841 0
-836 -842 0
-836 -843 0
-836 -844 0
-836 -845 0
-836 -846 0
-836 -847 0
-836 -848 0
-836 -849 0
-836 -850 0
-836 -851 0
-836 -852 0
-836 -853 0
-836 -854 0
-836 -855 0
-836 -856 0
-836 -857 0
-836 -858 0
-836 -859 0
-836 -860 0
-836 -861 0
-836 -862 0
-836 -863 0
-836 -864 0
-837 -838 0
-837 -839 0
-837 -840 0
-837 -841 0
-837 -842 0
-837 -843 0
-837 -844 0
-837 -845 0
-837 -846 0
-837 -847 0
-837 -848 0
-837 -849 0
-837 -850 0
-837 -851 0
-837 -852 0
-837 -853 0
-837 -854 0
-837 -855 0
-837 -856 0
-837 -857 0
-837 -858 0
-837 -859 0
-837 -860 0
-837 -861 0
-837 -862 0
-837 -863 0
-837 -864 0
-838 -839 0
-838 -840 0
-838 -841 0
-838 -842 0
-838 -843 0
-838 -844 0
-838 -845 0
-838 -846 0
-838 -847 0
-838 -848 0
-838 -849 0
-838 -850 0
-838 -851 0
-838 -852 0
-838 -853 0
-838 -854 0
-838 -855 0
-838 -856 0
-838 -857 0
-838 -858 0
-838 -859 0
-838 -860 0
-838 -861 0
-838 -862 0
-838 -863 0
-838 -864 0
-839 -840 0
-839 -841 0
-839 -842 0
-839 -843 0
-839 -844 0
-839 -845 0
-839 -846 0
-839 -847 0
-839 -848 0
-839 -849 0
-839 -850 0
-839 -851 0
-839 -852 0
-839 -853 0
-839 -854 0
-839 -855 0
-839 -856 0
-839 -857 0
-839 -858 0
-839 -859 0
-839 -860 0
-839 -861 0
-839 -862 0
-839 -863 0
-839 -864 0
-840 -841 0
-840 -842 0
-840 -843 0
-840 -844 0
-840 -845 0
-840 -846 0
-840 -847 0
-840 -848 0
-840 -849 0
-840 -850 0
-840 -851 0
-840 -852 0
-840 -853 0
-840 -854 0
-840 -855 0
-840 -856 0
-840 -857 0
-840 -858 0
-840 -859 0
-840 -860 0
-840 -861 0
-840 -862 0
-840 -863 0
-840 -864 0
-841 -842 0
-841 -843 0
-841 -844 0
-841 -845 0
-841 -846 0
-841 -847 0
-841 -848 0
-841 -849 0
-841 -850 0
-841 -851 0
-841 -852 0
-841 -853 0
-841 -854 0
-841 -855 0
-841 -856 0
-841 -857 0
-841 -858 0
-841 -859 0
-841 -860 0
-841 -861 0
-841 -862 0
-841 -863 0
-841 -864 0
-842 -843 0
-842 -844 0
-842 -845 0
-842 -846 0
-842 -847 0
-842 -848 0
-842 -849 0
-842 -850 0
-842 -851 0
-842 -852 0
-842 -853 0
-842 -854 0
-842 -855 0
-842 -856 0
-842 -857 0
-842 -858 0
-842 -859 0
-842 -860 0
-842 -861 0
-842 -862 0
-842 -863 0
-842 -864 0
-843 -844 0
-843 -845 0
-843 -846 0
-843 -847 0
-843 -848 0
-843 -849 0
-843 -850 0
-843 -851 0
-843 -852 0
-843 -853 0
-843 -854 0
-843 -855 0
-843 -856 0
-843 -857 0
-843 -858 0
-843 -859 0
-843 -860 0
-843 -861 0
-843 -862 0
-843 -863 0
-843 -864 0
-844 -845 0
-844 -846 0
-844 -847 0
-844 -848 0
-844 -849 0
-844 -850 0
-844 -851 0
-844 -852 0
-844 -853 0
-844 -854 0
-844 -855 0
-844 -856 0
-844 -857 0
-844 -858 0
-844 -859 0
-844 -860 0
-844 -861 0
-844 -862 0
-844 -863 0
-844 -864 0
-845 -846 0
-845 -847 0
-845 -848 0
-845 -849 0
-845 -850 0
-845 -851 0
-845 -852 0
-845 -853 0
-845 -854 0
-845 -855 0
-845 -856 0
-845 -857 0
-845 -858 0
-845 -859 0
-845 -860 0
-845 -861 0
-845 -862 0
-845 -863 0
-845 -864 0
-846 -847 0
-846 -848 0
-846 -849 0
-846 -850 0
-846 -851 0
-846 -852 0
-846 -853 0
-846 -854 0
-846 -855 0
-846 -856 0
-846 -857 0
-846 -858 0
-846 -859 0
-846 -860 0
-846 -861 0
-846 -862 0
-846 -863 0
-846 -864 0
-847 -848 0
-847 -849 0
-847 -850 0
-847 -851 0
-847 -852 0
-847 -853 0
-847 -854 0
-847 -855 0
-847 -856 0
-847 -857 0
-847 -858 0
-847 -859 0
-847 -860 0
-847 -861 0
-847 -862 0
-847 -863 0
-847 -864 0
-848 -849 0
-848 -850 0
-848 -851 0
-848 -852 0
-848 -853 0
-848 -854 0
-848 -855 0
-848 -856 0
-848 -857 0
-848 -858 0
-848 -859 0
-848 -860 0
-848 -861 0
-848 -862 0
-848 -863 0
-848 -864 0
-849 -850 0
-849 -851 0
-849 -852 0
-849 -853 0
-849 -854 0
-849 -855 0
-849 -856 0
-849 -857 0
-849 -858 0
-849 -859 0
-849 -860 0
-849 -861 0
-849 -862 0
-849 -863 0
-849 -864 0
-850 -851 0
-850 -852 0
-850 -853 0
-850 -854 0
-850 -855 0
-850 -856 0
-850 -857 0
-850 -858 0
-850 -859 0
-850 -860 0
-850 -861 0
-850 -862 0
-850 -863 0
-850 -864 0
-851 -852 0
-851 -853 0
-851 -854 0
-851 -855 0
-851 -856 0
-851 -857 0
-851 -858 0
-851 -859 0
-851 -860 0
-851 -861 0
-851 -862 0
-851 -863 0
-851 -864 0
-852 -853 0
-852 -854 0
-852 -855 0
-852 -856 0
-852 -857 0
-852 -858 0
-852 -859 0
-852 -860 0
-852 -861 0
-852 -862 0
-852 -863 0
-852 -864 0
-853 -854 0
-853 -855 0
-853 -856 0
-853 -857 0
-853 -858 0
-853 -859 0
-853 -860 0
-853 -861 0
-853 -862 0
-853 -863 0
-853 -864 0
-854 -855 0
-854 -856 0
-854 -857 0
-854 -858 0
-854 -859 0
-854 -860 0
-854 -861 0
-854 -862 0
-854 -863 0
-854 -864 0
-855 -856 0
-855 -857 0
-855 -858 0
-855 -859 0
-855 -860 0
-855 -861 0
-855 -862 0
-855 -863 0
-855 -864 0
-856 -857 0
-856 -858 0
-856 -859 0
-856 -860 0
-856 -861 0
-856 -862 0
-856 -863 0
-856 -864 0
-857 -858 0
-857 -859 0
-857 -860 0
-857 -861 0
-857 -862 0
-857 -863 0
-857 -864 0
-858 -859 0
-858 -860 0
-858 -861 0
-858 -862 0
-858 -863 0
-858 -864 0
-859 -860 0
-859 -861 0
-859 -862 0
-859 -863 0
-859 -864 0
-860 -861 0
-860 -862 0
-860 -863 0
-860 -864 0
-861 -862 0
-861 -863 0
-861 -864 0
-862 -863 0
-862 -864 0
-863 -864 0
-865 -866 0
-865 -867 0
-865 -868 0
-865 -869 0
-865 -870 0
-865 -871 0
-865 -872 0
-865 -873 0
-865 -874 0
-865 -875 0
-865 -876 0
-865 -877 0
-865 -878 0
-865 -879 0
-865 -880 0
-865 -881 0
-865 -882 0
-865 -883 0
-865 -884 0
-865 -885 0
-865 -886 0
-865 -887 0
-865 -888 0
-865 -889 0
-865 -890 0
-865 -891 0
-865 -892 0
-865 -893 0
-865 -894 0
-865 -895 0
-865 -896 0
-865 -897 0
-865 -898 0
-865 -899 0
-865 -900 0
-866 -867 0
-866 -868 0
-866 -869 0
-866 -870 0
-866 -871 0
-866 -872 0
-866 -873 0
-866 -874 0
-866 -875 0
-866 -876 0
-866 -877 0
-866 -878 0
-866 -879 0
-866 -880 0
-866 -881 0
-866 -882 0
-866 -883 0
-866 -884 0
-866 -885 0
-866 -886 0
-866 -887 0
-866 -888 0
-866 -889 0
-866 -890 0
-866 -891 0
-866 -892 0
-866 -893 0
-866 -894 0
-866 -895 0
-866 -896 0
-866 -897 0
-866 -898 0
-866 -899 0
-866 -900 0
-867 -868 0
-867 -869 0
-867 -870 0
-867 -871 0
-867 -872 0
-867 -873 0
-867 -874 0
-867 -875 0
-867 -876 0
-867 -877 0
-867 -878 0
-867 -879 0
-867 -880 0
-867 -881 0
-867 -882 0
-867 -883 0
-867 -884 0
-867 -885 0
-867 -886 0
-867 -887 0
-867 -888 0
-867 -889 0
-867 -890 0
-867 -891 0
-867 -892 0
-867 -893 0
-867 -894 0
-867 -895 0
-867 -896 0
-867 -897 0
-867 -898 0
-867 -899 0
-867 -900 0
-868 -869 0
-868 -870 0
-868 -871 0
-868 -872 0
-868 -873 0
-868 -874 0
-868 -875 0
-868 -876 0
-868 -877 0
-868 -878 0
-868 -879 0
-868 -880 0
-868 -881 0
-868 -882 0
-868 -883 0
-868 -884 0
-868 -885 0
-868 -886 0
-868 -887 0
-868 -888 0
-868 -889 0
-868 -890 0
-868 -891 0
-868 -892 0
-868 -893 0
-868 -894 0
-868 -895 0
-868 -896 0
-868 -897 0
-868 -898 0
-868 -899 0
-868 -900 0
-869 -870 0
-869 -871 0
-869 -872 0
-869 -873 0
-869 -874 0
-869 -875 0
-869 -876 0
-869 -877 0
-869 -878 0
-869 -879 0
-869 -880 0
-869 -881 0
-869 -882 0
-869 -883 0
-869 -884 0
-869 -885 0
-869 -886 0
-869 -887 0
-869 -888 0
-869 -889 0
-869 -890 0
-869 -891 0
-869 -892 0
-869 -893 0
-869 -894 0
-869 -895 0
-869 -896 0
-869 -897 0
-869 -898 0
-869 -899 0
-869 -900 0
-870 -871 0
-870 -872 0
-870 -873 0
-870 -874 0
-870 -875 0
-870 -876 0
-870 -877 0
-870 -878 0
-870 -879 0
-870 -880 0
-870 -881 0
-870 -882 0
-870 -883 0
-870 -884 0
-870 -885 0
-870 -886 0
-870 -887 0
-870 -888 0
-870 -889 0
-870 -890 0
-870 -891 0
-870 -892 0
-870 -893 0
-870 -894 0
-870 -895 0
-870 -896 0
-870 -897 0
-870 -898 0
-870 -899 0
-870 -900 0
-871 -872 0
-871 -873 0
-871 -874 0
-871 -875 0
-871 -876 0
-871 -877 0
-871 -878 0
-871 -879 0
-871 -880 0
-871 -881 0
-871 -882 0
-871 -883 0
-871 -884 0
-871 -885 0
-871 -886 0
-871 -887 0
-871 -888 0
-871 -889 0
-871 -890 0
-871 -891 0
-871 -892 0
-871 -893 0
-871 -894 0
-871 -895 0
-871 -896 0
-871 -897 0
-871 -898 0
-871 -899 0
-871 -900 0
-872 -873 0
-872 -874 0
-872 -875 0
-872 -876 0
-872 -877 0
-872 -878 0
-872 -879 0
-872 -880 0
-872 -881 0
-872 -882 0
-872 -883 0
-872 -884 0
-872 -885 0
-872 -886 0
-872 -887 0
-872 -888 0
-872 -889 0
-872 -890 0
-872 -891 0
-872 -892 0
-872 -893 0
-872 -894 0
-872 -895 0
-872 -896 0
-872 -897 0
-872 -898 0
-872 -899 0
-872 -900 0
-873 -874 0
-873 -875 0
-873 -876 0
-873 -877 0
-873 -878 0
-873 -879 0
-873 -880 0
-873 -881 0
-873 -882 0
-873 -883 0
-873 -884 0
-873 -885 0
-873 -886 0
-873 -887 0
-873 -888 0
-873 -889 0
-873 -890 0
-873 -891 0
-873 -892 0
-873 -893 0
-873 -894 0
-873 -895 0
-873 -896 0
-873 -897 0
-873 -898 0
-873 -899 0
-873 -900 0
-874 -875 0
-874 -876 0
-874 -877 0
-874 -878 0
-874 -879 0
-874 -880 0
-874 -881 0
-874 -882 0
-874 -883 0
-874 -884 0
-874 -885 0
-874 -886 0
-874 -887 0
-874 -888 0
-874 -889 0
-874 -890 0
-874 -891 0
-874 -892 0
-874 -893 0
-874 -894 0
-874 -895 0
-874 -896 0
-874 -897 0
-874 -898 0
-874 -899 0
-874 -900 0
-875 -876 0
-875 -877 0
-875 -878 0
-875 -879 0
-875 -880 0
-875 -881 0
-875 -882 0
-875 -883 0
-875 -884 0
-875 -885 0
-875 -886 0
-875 -887 0
-875 -888 0
-875 -889 0
-875 -890 0
-875 -891 0
-875 -892 0
-875 -893 0
-875 -894 0
-875 -895 0
-875 -896 0
-875 -897 0
-875 -898 0
-875 -899 0
-875 -900 0
-876 -877 0
-876 -878 0
-876 -879 0
-876 -880 0
-876 -881 0
-876 -882 0
-876 -883 0
-876 -884 0
-876 -885 0
-876 -886 0
-876 -887 0
-876 -888 0
-876 -889 0
-876 -890 0
-876 -891 0
-876 -892 0
-876 -893 0
-876 -894 0
-876 -895 0
-876 -896 0
-876 -897 0
-876 -898 0
-876 -899 0
-876 -900 0
-877 -878 0
-877 -879 0
-877 -880 0
-877 -881 0
-877 -882 0
-877 -883 0
-877 -884 0
-877 -885 0
-877 -886 0
-877 -887 0
-877 -888 0
-877 -889 0
-877 -890 0
-877 -891 0
-877 -892 0
-877 -893 0
-877 -894 0
-877 -895 0
-877 -896 0
-877 -897 0
-877 -898 0
-877 -899 0
-877 -900 0
-878 -879 0
-878 -880 0
-878 -881 0
-878 -882 0
-878 -883 0
-878 -884 0
-878 -885 0
-878 -886 0
-878 -887 0
-878 -888 0
-878 -889 0
-878 -890 0
-878 -891 0
-878 -892 0
-878 -893 0
-878 -894 0
-878 -895 0
-878 -896 0
-878 -897 0
-878 -898 0
-878 -899 0
-878 -900 0
-879 -880 0
-879 -881 0
-879 -882 0
-879 -883 0
-879 -884 0
-879 -885 0
-879 -886 0
-879 -887 0
-879 -888 0
-879 -889 0
-879 -890 0
-879 -891 0
-879 -892 0
-879 -893 0
-879 -894 0
-879 -895 0
-879 -896 0
-879 -897 0
-879 -898 0
-879 -899 0
-879 -900 0
-880 -881 0
-880 -882 0
-880 -883 0
-880 -884 0
-880 -885 0
-880 -886 0
-880 -887 0
-880 -888 0
-880 -889 0
-880 -890 0
-880 -891 0
-880 -892 0
-880 -893 0
-880 -894 0
-880 -895 0
-880 -896 0
-880 -897 0
-880 -898 0
-880 -899 0
-880 -900 0
-881 -882 0
-881 -883 0
-881 -884 0
-881 -885 0
-881 -886 0
-881 -887 0
-881 -888 0
-881 -889 0
-881 -890 0
-881 -891 0
-881 -892 0
-881 -893 0
-881 -894 0
-881 -895 0
-881 -896 0
-881 -897 0
-881 -898 0
-881 -899 0
-881 -900 0
-882 -883 0
-882 -884 0
-882 -885 0
-882 -886 0
-882 -887 0
-882 -888 0
-882 -889 0
-882 -890 0
-882 -891 0
-882 -892 0
-882 -893 0
-882 -894 0
-882 -895 0
-882 -896 0
-882 -897 0
-882 -898 0
-882 -899 0
-882 -900 0
-883 -884 0
-883 -885 0
-883 -886 0
-883 -887 0
-883 -888 0
-883 -889 0
-883 -890 0
-883 -891 0
-883 -892 0
-883 -893 0
-883 -894 0
-883 -895 0
-883 -896 0
-883 -897 0
-883 -898 0
-883 -899 0
-883 -900 0
-884 -885 0
-884 -886 0
-884 -887 0
-884 -888 0
-884 -889 0
-884 -890 0
-884 -891 0
-884 -892 0
-884 -893 0
-884 -894 0
-884 -895 0
-884 -896 0
-884 -897 0
-884 -898 0
-884 -899 0
-884 -900 0
-885 -886 0
-885 -887 0
-885 -888 0
-885 -889 0
-885 -890 0
-885 -891 0
-885 -892 0
-885 -893 0
-885 -894 0
-885 -895 0
-885 -896 0
-885 -897 0
-885 -898 0
-885 -899 0
-885 -900 0
-886 -887 0
-886 -888 0
-886 -889 0
-886 -890 0
-886 -891 0
-886 -892 0
-886 -893 0
-886 -894 0
-886 -895 0
-886 -896 0
-886 -897 0
-886 -898 0
-886 -899 0
-886 -900 0
-887 -888 0
-887 -889 0
-887 -890 0
-887 -891 0
-887 -892 0
-887 -893 0
-887 -894 0
-887 -895 0
-887 -896 0
-887 -897 0
-887 -898 0
-887 -899 0
-887 -900 0
-888 -889 0
-888 -890 0
-888 -891 0
-888 -892 0
-888 -893 0
-888 -894 0
-888 -895 0
-888 -896 0
-888 -897 0
-888 -898 0
-888 -899 0
-888 -900 0
-889 -890 0
-889 -891 0
-889 -892 0
-889 -893 0
-889 -894 0
-889 -895 0
-889 -896 0
-889 -897 0
-889 -898 0
-889 -899 0
-889 -900 0
-890 -891 0
-890 -892 0
-890 -893 0
-890 -894 0
-890 -895 0
-890 -896 0
-890 -897 0
-890 -898 0
-890 -899 0
-890 -900 0
-891 -892 0
-891 -893 0
-891 -894 0
-891 -895 0
-891 -896 0
-891 -897 0
-891 -898 0
-891 -899 0
-891 -900 0
-892 -893 0
-892 -894 0
-892 -895 0
-892 -896 0
-892 -897 0
-892 -898 0
-892 -899 0
-892 -900 0
-893 -894 0
-893 -895 0
-893 -896 0
-893 -897 0
-893 -898 0
-893 -899 0
-893 -900 0
-894 -895 0
-894 -896 0
-894 -897 0
-894 -898 0
-894 -899 0
-894 -900 0
-895 -896 0
-895 -897 0
-895 -898 0
-895 -899 0
-895 -900 0
-896 -897 0
-896 -898 0
-896 -899 0
-896 -900 0
-897 -898 0
-897 -899 0
-897 -900 0
-898 -899 0
-898 -900 0
-899 -900 0
-901 -902 0
-901 -903 0
-901 -904 0
-901 -905 0
-901 -906 0
-901 -907 0
-901 -908 0
-901 -909 0
-901 -910 0
-901 -911 0
-901 -912 0
-901 -913 0
-901 -914 0
-901 -915 0
-901 -916 0
-901 -917 0
-901 -918 0
-901 -919 0
-901 -920 0
-901 -921 0
-901 -922 0
-901 -923 0
-901 -924 0
-901 -925 0
-901 -926 0
-901 -927 0
-901 -928 0
-901 -929 0
-901 -930 0
-901 -931 0
-901 -932 0
-901 -933 0
-901 -934 0
-901 -935 0
-901 -936 0
-902 -903 0
-902 -904 0
-902 -905 0
-902 -906 0
-902 -907 0
-902 -908 0
-902 -909 0
-902 -910 0
-902 -911 0
-902 -912 0
-902 -913 0
-902 -914 0
-902 -915 0
-902 -916 0
-902 -917 0
-902 -918 0
-902 -919 0
-902 -920 0
-902 -921 0
-902 -922 0
-902 -923 0
-902 -924 0
-902 -925 0
-902 -926 0
-902 -927 0
-902 -928 0
-902 -929 0
-902 -930 0
-902 -931 0
-902 -932 0
-902 -933 0
-902 -934 0
-902 -935 0
-902 -936 0
-903 -904 0
-903 -905 0
-903 -906 0
-903 -907 0
-903 -908 0
-903 -909 0
-903 -910 0
-903 -911 0
-903 -912 0
-903 -913 0
-903 -914 0
-903 -915 0
-903 -916 0
-903 -917 0
-903 -918 0
-903 -919 0
-903 -920 0
-903 -921 0
-903 -922 0
-903 -923 0
-903 -924 0
-903 -925 0
-903 -926 0
-903 -927 0
-903 -928 0
-903 -929 0
-903 -930 0
-903 -931 0
-903 -932 0
-903 -933 0
-903 -934 0
-903 -935 0
-903 -936 0
-904 -905 0
-904 -906 0
-904 -907 0
-904 -908 0
-904 -909 0
-904 -910 0
-904 -911 0
-904 -912 0
-904 -913 0
-904 -914 0
-904 -915 0
-904 -916 0
-904 -917 0
-904 -918 0
-904 -919 0
-904 -920 0
-904 -921 0
-904 -922 0
-904 -923 0
-904 -924 0
-904 -925 0
-904 -926 0
-904 -927 0
-904 -928 0
-904 -929 0
-904 -930 0
-904 -931 0
-904 -932 0
-904 -933 0
-904 -934 0
-904 -935 0
-904 -936 0
-905 -906 0
-905 -907 0
-905 -908 0
-905 -909 0
-905 -910 0
-905 -911 0
-905 -912 0
-905 -913 0
-905 -914 0
-905 -915 0
-905 -916 0
-905 -917 0
-905 -918 0
-905 -919 0
-905 -920 0
-905 -921 0
-905 -922 0
-905 -923 0
-905 -924 0
-905 -925 0
-905 -926 0
-905 -927 0
-905 -928 0
-905 -929 0
-905 -930 0
-905 -931 0
-905 -932 0
-905 -933 0
-905 -934 0
-905 -935 0
-905 -936 0
-906 -907 0
-906 -908 0
-906 -909 0
-906 -910 0
-906 -911 0
-906 -912 0
-906 -913 0
-906 -914 0
-906 -915 0
-906 -916 0
-906 -917 0
-906 -918 0
-906 -919 0
-906 -920 0
-906 -921 0
-906 -922 0
-906 -923 0
-906 -924 0
-906 -925 0
-906 -926 0
-906 -927 0
-906 -928 0
-906 -929 0
-906 -930 0
-906 -931 0
-906 -932 0
-906 -933 0
-906 -934 0
-906 -935 0
-906 -936 0
-907 -908 0
-907 -909 0
-907 -910 0
-907 -911 0
-907 -912 0
-907 -913 0
-907 -914 0
-907 -915 0
-907 -916 0
-907 -917 0
-907 -918 0
-907 -919 0
-907 -920 0
-907 -921 0
-907 -922 0
-907 -923 0
-907 -924 0
-907 -925 0
-907 -926 0
-907 -927 0
-907 -928 0
-907 -929 0
-907 -930 0
-907 -931 0
-907 -932 0
-907 -933 0
-907 -934 0
-907 -935 0
-907 -936 0
-908 -909 0
-908 -910 0
-908 -911 0
-908 -912 0
-908 -913 0
-908 -914 0
-908 -915 0
-908 -916 0
-908 -917 0
-908 -918 0
-908 -919 0
-908 -920 0
-908 -921 0
-908 -922 0
-908 -923 0
-908 -924 0
-908 -925 0
-908 -926 0
-908 -927 0
-908 -928 0
-908 -929 0
-908 -930 0
-908 -931 0
-908 -932 0
-908 -933 0
-908 -934 0
-908 -935 0
-908 -936 0
-909 -910 0
-909 -911 0
-909 -912 0
-909 -913 0
-909 -914 0
-909 -915 0
-909 -916 0
-909 -917 0
-909 -918 0
-909 -919 0
-909 -920 0
-909 -921 0
-909 -922 0
-909 -923 0
-909 -924 0
-909 -925 0
-909 -926 0
-909 -927 0
-909 -928 0
-909 -929 0
-909 -930 0
-909 -931 0
-909 -932 0
-909 -933 0
-909 -934 0
-909 -935 0
-909 -936 0
-910 -911 0
-910 -912 0
-910 -913 0
-910 -914 0
-910 -915 0
-910 -916 0
-910 -917 0
-910 -918 0
-910 -919 0
-910 -920 0
-910 -921 0
-910 -922 0
-910 -923 0
-910 -924 0
-910 -925 0
-910 -926 0
-910 -927 0
-910 -928 0
-910 -929 0
-910 -930 0
-910 -931 0
-910 -932 0
-910 -933 0
-910 -934 0
-910 -935 0
-910 -936 0
-911 -912 0
-911 -913 0
-911 -914 0
-911 -915 0
-911 -916 0
-911 -917 0
-911 -918 0
-911 -919 0
-911 -920 0
-911 -921 0
-911 -922 0
-911 -923 0
-911 -924 0
-911 -925 0
-911 -926 0
-911 -927 0
-911 -928 0
-911 -929 0
-911 -930 0
-911 -931 0
-911 -932 0
-911 -933 0
-911 -934 0
-911 -935 0
-911 -936 0
-912 -913 0
-912 -914 0
-912 -915 0
-912 -916 0
-912 -917 0
-912 -918 0
-912 -919 0
-912 -920 0
-912 -921 0
-912 -922 0
-912 -923 0
-912 -924 0
-912 -925 0
-912 -926 0
-912 -927 0
-912 -928 0
-912 -929 0
-912 -930 0
-912 -931 0
-912 -932 0
-912 -933 0
-912 -934 0
-912 -935 0
-912 -936 0
-913 -914 0
-913 -915 0
-913 -916 0
-913 -917 0
-913 -918 0
-913 -919 0
-913 -920 0
-913 -921 0
-913 -922 0
-913 -923 0
-913 -924 0
-913 -925 0
-913 -926 0
-913 -927 0
-913 -928 0
-913 -929 0
-913 -930 0
-913 -931 0
-913 -932 0
-913 -933 0
-913 -934 0
-913 -935 0
-913 -936 0
-914 -915 0
-914 -916 0
-914 -917 0
-914 -918 0
-914 -919 0
-914 -920 0
-914 -921 0
-914 -922 0
-914 -923 0
-914 -924 0
-914 -925 0
-914 -926 0
-914 -927 0
-914 -928 0
-914 -929 0
-914 -930 0
-914 -931 0
-914 -932 0
-914 -933 0
-914 -934 0
-914 -935 0
-914 -936 0
-915 -916 0
-915 -917 0
-915 -918 0
-915 -919 0
-915 -920 0
-915 -921 0
-915 -922 0
-915 -923 0
-915 -924 0
-915 -925 0
-915 -926 0
-915 -927 0
-915 -928 0
-915 -929 0
-915 -930 0
-915 -931 0
-915 -932 0
-915 -933 0
-915 -934 0
-915 -935 0
-915 -936 0
-916 -917 0
-916 -918 0
-916 -919 0
-916 -920 0
-916 -921 0
-916 -922 0
-916 -923 0
-916 -924 0
-916 -925 0
-916 -926 0
-916 -927 0
-916 -928 0
-916 -929 0
-916 -930 0
-916 -931 0
-916 -932 0
-916 -933 0
-916 -934 0
-916 -935 0
-916 -936 0
-917 -918 0
-917 -919 0
-917 -920 0
-917 -921 0
-917 -922 0
-917 -923 0
-917 -924 0
-917 -925 0
-917 -926 0
-917 -927 0
-917 -928 0
-917 -929 0
-917 -930 0
-917 -931 0
-917 -932 0
-917 -933 0
-917 -934 0
-917 -935 0
-917 -936 0
-918 -919 0
-918 -920 0
-918 -921 0
-918 -922 0
-918 -923 0
-918 -924 0
-918 -925 0
-918 -926 0
-918 -927 0
-918 -928 0
-918 -929 0
-918 -930 0
-918 -931 0
-918 -932 0
-918 -933 0
-918 -934 0
-918 -935 0
-918 -936 0
-919 -920 0
-919 -921 0
-919 -922 0
-919 -923 0
-919 -924 0
-919 -925 0
-919 -926 0
-919 -927 0
-919 -928 0
-919 -929 0
-919 -930 0
-919 -931 0
-919 -932 0
-919 -933 0
-919 -934 0
-919 -935 0
-919 -936 0
-920 -921 0
-920 -922 0
-920 -923 0
-920 -924 0
-920 -925 0
-920 -926 0
-920 -927 0
-920 -928 0
-920 -929 0
-920 -930 0
-920 -931 0
-920 -932 0
-920 -933 0
-920 -934 0
-920 -935 0
-920 -936 0
-921 -922 0
-921 -923 0
-921 -924 0
-921 -925 0
-921 -926 0
-921 -927 0
-921 -928 0
-921 -929 0
-921 -930 0
-921 -931 0
-921 -932 0
-921 -933 0
-921 -934 0
-921 -935 0
-921 -936 0
-922 -923 0
-922 -924 0
-922 -925 0
-922 -926 0
-922 -927 0
-922 -928 0
-922 -929 0
-922 -930 0
-922 -931 0
-922 -932 0
-922 -933 0
-922 -934 0
-922 -935 0
-922 -936 0
-923 -924 0
-923 -925 0
-923 -926 0
-923 -927 0
-923 -928 0
-923 -929 0
-923 -930 0
-923 -931 0
-923 -932 0
-923 -933 0
-923 -934 0
-923 -935 0
-923 -936 0
-924 -925 0
-924 -926 0
-924 -927 0
-924 -928 0
-924 -929 0
-924 -930 0
-924 -931 0
-924 -932 0
-924 -933 0
-924 -934 0
-924 -935 0
-924 -936 0
-925 -926 0
-925 -927 0
-925 -928 0
-925 -929 0
-925 -930 0
-925 -931 0
-925 -932 0
-925 -933 0
-925 -934 0
-925 -935 0
-925 -936 0
-926 -927 0
-926 -928 0
-926 -929 0
-926 -930 0
-926 -931 0
-926 -932 0
-926 -933 0
-926 -934 0
-926 -935 0
-926 -936 0
-927 -928 0
-927 -929 0
-927 -930 0
-927 -931 0
-927 -932 0
-927 -933 0
-927 -934 0
-927 -935 0
-927 -936 0
-928 -929 0
-928 -930 0
-928 -931 0
-928 -932 0
-928 -933 0
-928 -934 0
-928 -935 0
-928 -936 0
-929 -930 0
-929 -931 0
-929 -932 0
-929 -933 0
-929 -934 0
-929 -935 0
-929 -936 0
-930 -931 0
-930 -932 0
-930 -933 0
-930 -934 0
-930 -935 0
-930 -936 0
-931 -932 0
-931 -933 0
-931 -934 0
-931 -935 0
-931 -936 0
-932 -933 0
-932 -934 0
-932 -935 0
-932 -936 0
-933 -934 0
-933 -935 0
-933 -936 0
-934 -935 0
-934 -936 0
-935 -936 0
-937 -938 0
-937 -939 0
-937 -940 0
-937 -941 0
-937 -942 0
-937 -943 0
-937 -944 0
-937 -945 0
-937 -946 0
-937 -947 0
-937 -948 0
-937 -949 0
-937 -950 0
-937 -951 0
-937 -952 0
-937 -953 0
-937 -954 0
-937 -955 0
-937 -956 0
-937 -957 0
-937 -958 0
-937 -959 0
-937 -960 0
-937 -961 0
-937 -962 0
-937 -963 0
-937 -964 0
-937 -965 0
-937 -966 0
-937 -967 0
-937 -968 0
-937 -969 0
-937 -970 0
-937 -971 0
-937 -972 0
-938 -939 0
-938 -940 0
-938 -941 0
-938 -942 0
-938 -943 0
-938 -944 0
-938 -945 0
-938 -946 0
-938 -947 0
-938 -948 0
-938 -949 0
-938 -950 0
-938 -951 0
-938 -952 0
-938 -953 0
-938 -954 0
-938 -955 0
-938 -956 0
-938 -957 0
-938 -958 0
-938 -959 0
-938 -960 0
-938 -961 0
-938 -962 0
-938 -963 0
-938 -964 0
-938 -965 0
-938 -966 0
-938 -967 0
-938 -968 0
-938 -969 0
-938 -970 0
-938 -971 0
-938 -972 0
-939 -940 0
-939 -941 0
-939 -942 0
-939 -943 0
-939 -944 0
-939 -945 0
-939 -946 0
-939 -947 0
-939 -948 0
-939 -949 0
-939 -950 0
-939 -951 0
-939 -952 0
-939 -953 0
-939 -954 0
-939 -955 0
-939 -956 0
-939 -957 0
-939 -958 0
-939 -959 0
-939 -960 0
-939 -961 0
-939 -962 0
-939 -963 0
-939 -964 0
-939 -965 0
-939 -966 0
-939 -967 0
-939 -968 0
-939 -969 0
-939 -970 0
-939 -971 0
-939 -972 0
-940 -941 0
-940 -942 0
-940 -943 0
-940 -944 0
-940 -945 0
-940 -946 0
-940 -947 0
-940 -948 0
-940 -949 0
-940 -950 0
-940 -951 0
-940 -952 0
-940 -953 0
-940 -954 0
-940 -955 0
-940 -956 0
-940 -957 0
-940 -958 0
-940 -959 0
-940 -960 0
-940 -961 0
-940 -962 0
-940 -963 0
-940 -964 0
-940 -965 0
-940 -966 0
-940 -967 0
-940 -968 0
-940 -969 0
-940 -970 0
-940 -971 0
-940 -972 0
-941 -942 0
-941 -943 0
-941 -944 0
-941 -945 0
-941 -946 0
-941 -947 0
-941 -948 0
-941 -949 0
-941 -950 0
-941 -951 0
-941 -952 0
-941 -953 0
-941 -954 0
-941 -955 0
-941 -956 0
-941 -957 0
-941 -958 0
-941 -959 0
-941 -960 0
-941 -961 0
-941 -962 0
-941 -963 0
-941 -964 0
-941 -965 0
-941 -966 0
-941 -967 0
-941 -968 0
-941 -969 0
-941 -970 0
-941 -971 0
-941 -972 0
-942 -943 0
-942 -944 0
-942 -945 0
-942 -946 0
-942 -947 0
-942 -948 0
-942 -949 0
-942 -950 0
-942 -951 0
-942 -952 0
-942 -953 0
-942 -954 0
-942 -955 0
-942 -956 0
-942 -957 0
-942 -958 0
-942 -959 0
-942 -960 0
-942 -961 0
-942 -962 0
-942 -963 0
-942 -964 0
-942 -965 0
-942 -966 0
-942 -967 0
-942 -968 0
-942 -969 0
-942 -970 0
-942 -971 0
-942 -972 0
-943 -944 0
-943 -945 0
-943 -946 0
-943 -947 0
-943 -948 0
-943 -949 0
-943 -950 0
-943 -951 0
-943 -952 0
-943 -953 0
-943 -954 0
-943 -955 0
-943 -956 0
-943 -957 0
-943 -958 0
-943 -959 0
-943 -960 0
-943 -961 0
-943 -962 0
-943 -963 0
-943 -964 0
-943 -965 0
-943 -966 0
-943 -967 0
-943 -968 0
-943 -969 0
-943 -970 0
-943 -971 0
-943 -972 0
-944 -945 0
-944 -946 0
-944 -947 0
-944 -948 0
-944 -949 0
-944 -950 0
-944 -951 0
-944 -952 0
-944 -953 0
-944 -954 0
-944 -955 0
-944 -956 0
-944 -957 0
-944 -958 0
-944 -959 0
-944 -960 0
-944 -961 0
-944 -962 0
-944 -963 0
-944 -964 0
-944 -965 0
-944 -966 0
-944 -967 0
-944 -968 0
-944 -969 0
-944 -970 0
-944 -971 0
-944 -972 0
-945 -946 0
-945 -947 0
-945 -948 0
-945 -949 0
-945 -950 0
-945 -951 0
-945 -952 0
-945 -953 0
-945 -954 0
-945 -955 0
-945 -956 0
-945 -957 0
-945 -958 0
-945 -959 0
-945 -960 0
-945 -961 0
-945 -962 0
-945 -963 0
-945 -964 0
-945 -965 0
-945 -966 0
-945 -967 0
-945 -968 0
-945 -969 0
-945 -970 0
-945 -971 0
-945 -972 0
-946 -947 0
-946 -948 0
-946 -949 0
-946 -950 0
-946 -951 0
-946 -952 0
-946 -953 0
-946 -954 0
-946 -955 0
-946 -956 0
-946 -957 0
-946 -958 0
-946 -959 0
-946 -960 0
-946 -961 0
-946 -962 0
-946 -963 0
-946 -964 0
-946 -965 0
-946 -966 0
-946 -967 0
-946 -968 0
-946 -969 0
-946 -970 0
-946 -971 0
-946 -972 0
-947 -948 0
-947 -949 0
-947 -950 0
-947 -951 0
-947 -952 0
-947 -953 0
-947 -954 0
-947 -955 0
-947 -956 0
-947 -957 0
-947 -958 0
-947 -959 0
-947 -960 0
-947 -961 0
-947 -962 0
-947 -963 0
-947 -964 0
-947 -965 0
-947 -966 0
-947 -967 0
-947 -968 0
-947 -969 0
-947 -970 0
-947 -971 0
-947 -972 0
-948 -949 0
-948 -950 0
-948 -951 0
-948 -952 0
-948 -953 0
-948 -954 0
-948 -955 0
-948 -956 0
-948 -957 0
-948 -958 0
-948 -959 0
-948 -960 0
-948 -961 0
-948 -962 0
-948 -963 0
-948 -964 0
-948 -965 0
-948 -966 0
-948 -967 0
-948 -968 0
-948 -969 0
-948 -970 0
-948 -971 0
-948 -972 0
-949 -950 0
-949 -951 0
-949 -952 0
-949 -953 0
-949 -954 0
-949 -955 0
-949 -956 0
-949 -957 0
-949 -958 0
-949 -959 0
-949 -960 0
-949 -961 0
-949 -962 0
-949 -963 0
-949 -964 0
-949 -965 0
-949 -966 0
-949 -967 0
-949 -968 0
-949 -969 0
-949 -970 0
-949 -971 0
-949 -972 0
-950 -951 0
-950 -952 0
-950 -953 0
-950 -954 0
-950 -955 0
-950 -956 0
-950 -957 0
-950 -958 0
-950 -959 0
-950 -960 0
-950 -961 0
-950 -962 0
-950 -963 0
-950 -964 0
-950 -965 0
-950 -966 0
-950 -967 0
-950 -968 0
-950 -969 0
-950 -970 0
-950 -971 0
-950 -972 0
-951 -952 0
-951 -953 0
-951 -954 0
-951 -955 0
-951 -956 0
-951 -957 0
-951 -958 0
-951 -959 0
-951 -960 0
-951 -961 0
-951 -962 0
-951 -963 0
-951 -964 0
-951 -965 0
-951 -966 0
-951 -967 0
-951 -968 0
-951 -969 0
-951 -970 0
-951 -971 0
-951 -972 0
-952 -953 0
-952 -954 0
-952 -955 0
-952 -956 0
-952 -957 0
-952 -958 0
-952 -959 0
-952 -960 0
-952 -961 0
-952 -962 0
-952 -963 0
-952 -964 0
-952 -965 0
-952 -966 0
-952 -967 0
-952 -968 0
-952 -969 0
-952 -970 0
-952 -971 0
-952 -972 0
-953 -954 0
-953 -955 0
-953 -956 0
-953 -957 0
-953 -958 0
-953 -959 0
-953 -960 0
-953 -961 0
-953 -962 0
-953 -963 0
-953 -964 0
-953 -965 0
-953 -966 0
-953 -967 0
-953 -968 0
-953 -969 0
-953 -970 0
-953 -971 0
-953 -972 0
-954 -955 0
-954 -956 0
-954 -957 0
-954 -958 0
-954 -959 0
-954 -960 0
-954 -961 0
-954 -962 0
-954 -963 0
-954 -964 0
-954 -965 0
-954 -966 0
-954 -967 0
-954 -968 0
-954 -969 0
-954 -970 0
-954 -971 0
-954 -972 0
-955 -956 0
-955 -957 0
-955 -958 0
-955 -959 0
-955 -960 0
-955 -961 0
-955 -962 0
-955 -963 0
-955 -964 0
-955 -965 0
-955 -966 0
-955 -967 0
-955 -968 0
-955 -969 0
-955 -970 0
-955 -971 0
-955 -972 0
-956 -957 0
-956 -958 0
-956 -959 0
-956 -960 0
-956 -961 0
-956 -962 0
-956 -963 0
-956 -964 0
-956 -965 0
-956 -966 0
-956 -967 0
-956 -968 0
-956 -969 0
-956 -970 0
-956 -971 0
-956 -972 0
-957 -958 0
-957 -959 0
-957 -960 0
-957 -961 0
-957 -962 0
-957 -963 0
-957 -964 0
-957 -965 0
-957 -966 0
-957 -967 0
-957 -968 0
-957 -969 0
-957 -970 0
-957 -971 0
-957 -972 0
-958 -959 0
-958 -960 0
-958 -961 0
-958 -962 0
-958 -963 0
-958 -964 0
-958 -965 0
-958 -966 0
-958 -967 0
-958 -968 0
-958 -969 0
-958 -970 0
-958 -971 0
-958 -972 0
-959 -960 0
-959 -961 0
-959 -962 0
-959 -963 0
-959 -964 0
-959 -965 0
-959 -966 0
-959 -967 0
-959 -968 0
-959 -969 0
-959 -970 0
-959 -971 0
-959 -972 0
-960 -961 0
-960 -962 0
-960 -963 0
-960 -964 0
-960 -965 0
-960 -966 0
-960 -967 0
-960 -968 0
-960 -969 0
-960 -970 0
-960 -971 0
-960 -972 0
-961 -962 0
-961 -963 0
-961 -964 0
-961 -965 0
-961 -966 0
-961 -967 0
-961 -968 0
-961 -969 0
-961 -970 0
-961 -971 0
-961 -972 0
-962 -963 0
-962 -964 0
-962 -965 0
-962 -966 0
-962 -967 0
-962 -968 0
-962 -969 0
-962 -970 0
-962 -971 0
-962 -972 0
-963 -964 0
-963 -965 0
-963 -966 0
-963 -967 0
-963 -968 0
-963 -969 0
-963 -970 0
-963 -971 0
-963 -972 0
-964 -965 0
-964 -966 0
-964 -967 0
-964 -968 0
-964 -969 0
-964 -970 0
-964 -971 0
-964 -972 0
-965 -966 0
-965 -967 0
-965 -968 0
-965 -969 0
-965 -970 0
-965 -971 0
-965 -972 0
-966 -967 0
-966 -968 0
-966 -969 0
-966 -970 0
-966 -971 0
-966 -972 0
-967 -968 0
-967 -969 0
-967 -970 0
-967 -971 0
-967 -972 0
-968 -969 0
-968 -970 0
-968 -971 0
-968 -972 0
-969 -970 0
-969 -971 0
-969 -972 0
-970 -971 0
-970 -972 0
-971 -972 0
-973 -974 0
-973 -975 0
-973 -976 0
-973 -977 0
-973 -978 0
-973 -979 0
-973 -980 0
-973 -981 0
-973 -982 0
-973 -983 0
-973 -984 0
-973 -985 0
-973 -986 0
-973 -987 0
-973 -988 0
-973 -989 0
-973 -990 0
-973 -991 0
-973 -992 0
-973 -993 0
-973 -994 0
-973 -995 0
-973 -996 0
-973 -997 0
-973 -998 0
-973 -999 0
-973 -1000 0
-973 -1001 0
-973 -1002 0
-973 -1003 0
-973 -1004 0
-973 -1005 0
-973 -1006 0
-973 -1007 0
-973 -1008 0
-974 -975 0
-974 -976 0
-974 -977 0
-974 -978 0
-974 -979 0
-974 -980 0
-974 -981 0
-974 -982 0
-974 -983 0
-974 -984 0
-974 -985 0
-974 -986 0
-974 -987 0
-974 -988 0
-974 -989 0
-974 -990 0
-974 -991 0
-974 -992 0
-974 -993 0
-974 -994 0
-974 -995 0
-974 -996 0
-974 -997 0
-974 -998 0
-974 -999 0
-974 -1000 0
-974 -1001 0
-974 -1002 0
-974 -1003 0
-974 -1004 0
-974 -1005 0
-974 -1006 0
-974 -1007 0
-974 -1008 0
-975 -976 0
-975 -977 0
-975 -978 0
-975 -979 0
-975 -980 0
-975 -981 0
-975 -982 0
-975 -983 0
-975 -984 0
-975 -985 0
-975 -986 0
-975 -987 0
-975 -988 0
-975 -989 0
-975 -990 0
-975 -991 0
-975 -992 0
-975 -993 0
-975 -994 0
-975 -995 0
-975 -996 0
-975 -997 0
-975 -998 0
-975 -999 0
-975 -1000 0
-975 -1001 0
-975 -1002 0
-975 -1003 0
-975 -1004 0
-975 -1005 0
-975 -1006 0
-975 -1007 0
-975 -1008 0
-976 -977 0
-976 -978 0
-976 -979 0
-976 -980 0
-976 -981 0
-976 -982 0
-976 -983 0
-976 -984 0
-976 -985 0
-976 -986 0
-976 -987 0
-976 -988 0
-976 -989 0
-976 -990 0
-976 -991 0
-976 -992 0
-976 -993 0
-976 -994 0
-976 -995 0
-976 -996 0
-976 -997 0
-976 -998 0
-976 -999 0
-976 -1000 0
-976 -1001 0
-976 -1002 0
-976 -1003 0
-976 -1004 0
-976 -1005 0
-976 -1006 0
-976 -1007 0
-976 -1008 0
-977 -978 0
-977 -979 0
-977 -980 0
-977 -981 0
-977 -982 0
-977 -983 0
-977 -984 0
-977 -985 0
-977 -986 0
-977 -987 0
-977 -988 0
-977 -989 0
-977 -990 0
-977 -991 0
-977 -992 0
-977 -993 0
-977 -994 0
-977 -995 0
-977 -996 0
-977 -997 0
-977 -998 0
-977 -999 0
-977 -1000 0
-977 -1001 0
-977 -1002 0
-977 -1003 0
-977 -1004 0
-977 -1005 0
-977 -1006 0
-977 -1007 0
-977 -1008 0
-978 -979 0
-978 -980 0
-978 -981 0
-978 -982 0
-978 -983 0
-978 -984 0
-978 -985 0
-978 -986 0
-978 -987 0
-978 -988 0
-978 -989 0
-978 -990 0
-978 -991 0
-978 -992 0
-978 -993 0
-978 -994 0
-978 -995 0
-978 -996 0
-978 -997 0
-978 -998 0
-978 -999 0
-978 -1000 0
-978 -1001 0
-978 -1002 0
-978 -1003 0
-978 -1004 0
-978 -1005 0
-978 -1006 0
-978 -1007 0
-978 -1008 0
-979 -980 0
-979 -981 0
-979 -982 0
-979 -983 0
-979 -984 0
-979 -985 0
-979 -986 0
-979 -987 0
-979 -988 0
-979 -989 0
-979 -990 0
-979 -991 0
-979 -992 0
-979 -993 0
-979 -994 0
-979 -995 0
-979 -996 0
-979 -997 0
-979 -998 0
-979 -999 0
-979 -1000 0
-979 -1001 0
-979 -1002 0
-979 -1003 0
-979 -1004 0
-979 -1005 0
-979 -1006 0
-979 -1007 0
-979 -1008 0
-980 -981 0
-980 -982 0
-980 -983 0
-980 -984 0
-980 -985 0
-980 -986 0
-980 -987 0
-980 -988 0
-980 -989 0
-980 -990 0
-980 -991 0
-980 -992 0
-980 -993 0
-980 -994 0
-980 -995 0
-980 -996 0
-980 -997 0
-980 -998 0
-980 -999 0
-980 -1000 0
-980 -1001 0
-980 -1002 0
-980 -1003 0
-980 -1004 0
-980 -1005 0
-980 -1006 0
-980 -1007 0
-980 -1008 0
-981 -982 0
-981 -983 0
-981 -984 0
-981 -985 0
-981 -986 0
-981 -987 0
-981 -988 0
-981 -989 0
-981 -990 0
-981 -991 0
-981 -992 0
-981 -993 0
-981 -994 0
-981 -995 0
-981 -996 0
-981 -997 0
-981 -998 0
-981 -999 0
-981 -1000 0
-981 -1001 0
-981 -1002 0
-981 -1003 0
-981 -1004 0
-981 -1005 0
-981 -1006 0
-981 -1007 0
-981 -1008 0
-982 -983 0
-982 -984 0
-982 -985 0
-982 -986 0
-982 -987 0
-982 -988 0
-982 -989 0
-982 -990 0
-982 -991 0
-982 -992 0
-982 -993 0
-982 -994 0
-982 -995 0
-982 -996 0
-982 -997 0
-982 -998 0
-982 -999 0
-982 -1000 0
-982 -1001 0
-982 -1002 0
-982 -1003 0
-982 -1004 0
-982 -1005 0
-982 -1006 0
-982 -1007 0
-982 -1008 0
-983 -984 0
-983 -985 0
-983 -986 0
-983 -987 0
-983 -988 0
-983 -989 0
-983 -990 0
-983 -991 0
-983 -992 0
-983 -993 0
-983 -994 0
-983 -995 0
-983 -996 0
-983 -997 0
-983 -998 0
-983 -999 0
-983 -1000 0
-983 -1001 0
-983 -1002 0
-983 -1003 0
-983 -1004 0
-983 -1005 0
-983 -1006 0
-983 -1007 0
-983 -1008 0
-984 -985 0
-984 -986 0
-984 -987 0
-984 -988 0
-984 -989 0
-984 -990 0
-984 -991 0
-984 -992 0
-984 -993 0
-984 -994 0
-984 -995 0
-984 -996 0
-984 -997 0
-984 -998 0
-984 -999 0
-984 -1000 0
-984 -1001 0
-984 -1002 0
-984 -1003 0
-984 -1004 0
-984 -1005 0
-984 -1006 0
-984 -1007 0
-984 -1008 0
-985 -986 0
-985 -987 0
-985 -988 0
-985 -989 0
-985 -990 0
-985 -991 0
-985 -992 0
-985 -993 0
-985 -994 0
-985 -995 0
-985 -996 0
-985 -997 0
-985 -998 0
-985 -999 0
-985 -1000 0
-985 -1001 0
-985 -1002 0
-985 -1003 0
-985 -1004 0
-985 -1005 0
-985 -1006 0
-985 -1007 0
-985 -1008 0
-986 -987 0
-986 -988 0
-986 -989 0
-986 -990 0
-986 -991 0
-986 -992 0
-986 -993 0
-986 -994 0
-986 -995 0
-986 -996 0
-986 -997 0
-986 -998 0
-986 -999 0
-986 -1000 0
-986 -1001 0
-986 -1002 0
-986 -1003 0
-986 -1004 0
-986 -1005 0
-986 -1006 0
-986 -1007 0
-986 -1008 0
-987 -988 0
-987 -989 0
-987 -990 0
-987 -991 0
-987 -992 0
-987 -993 0
-987 -994 0
-987 -995 0
-987 -996 0
-987 -997 0
-987 -998 0
-987 -999 0
-987 -1000 0
-987 -1001 0
-987 -1002 0
-987 -1003 0
-987 -1004 0
-987 -1005 0
-987 -1006 0
-987 -1007 0
-987 -1008 0
-988 -989 0
-988 -990 0
-988 -991 0
-988 -992 0
-988 -993 0
-988 -994 0
-988 -995 0
-988 -996 0
-988 -997 0
-988 -998 0
-988 -999 0
-988 -1000 0
-988 -1001 0
-988 -1002 0
-988 -1003 0
-988 -1004 0
-988 -1005 0
-988 -1006 0
-988 -1007 0
-988 -1008 0
-989 -990 0
-989 -991 0
-989 -992 0
-989 -993 0
-989 -994 0
-989 -995 0
-989 -996 0
-989 -997 0
-989 -998 0
-989 -999 0
-989 -1000 0
-989 -1001 0
-989 -1002 0
-989 -1003 0
-989 -1004 0
-989 -1005 0
-989 -1006 0
-989 -1007 0
-989 -1008 0
-990 -991 0
-990 -992 0
-990 -993 0
-990 -994 0
-990 -995 0
-990 -996 0
-990 -997 0
-990 -998 0
-990 -999 0
-990 -1000 0
-990 -1001 0
-990 -1002 0
-990 -1003 0
-990 -1004 0
-990 -1005 0
-990 -1006 0
-990 -1007 0
-990 -1008 0
-991 -992 0
-991 -993 0
-991 -994 0
-991 -995 0
-991 -996 0
-991 -997 0
-991 -998 0
-991 -999 0
-991 -1000 0
-991 -1001 0
-991 -1002 0
-991 -1003 0
-991 -1004 0
-991 -1005 0
-991 -1006 0
-991 -1007 0
-991 -1008 0
-992 -993 0
-992 -994 0
-992 -995 0
-992 -996 0
-992 -997 0
-992 -998 0
-992 -999 0
-992 -1000 0
-992 -1001 0
-992 -1002 0
-992 -1003 0
-992 -1004 0
-992 -1005 0
-992 -1006 0
-992 -1007 0
-992 -1008 0
-993 -994 0
-993 -995 0
-993 -996 0
-993 -997 0
-993 -998 0
-993 -999 0
-993 -1000 0
-993 -1001 0
-993 -1002 0
-993 -1003 0
-993 -1004 0
-993 -1005 0
-993 -1006 0
-993 -1007 0
-993 -1008 0
-994 -995 0
-994 -996 0
-994 -997 0
-994 -998 0
-994 -999 0
-994 -1000 0
-994 -1001 0
-994 -1002 0
-994 -1003 0
-994 -1004 0
-994 -1005 0
-994 -1006 0
-994 -1007 0
-994 -1008 0
-995 -996 0
-995 -997 0
-995 -998 0
-995 -999 0
-995 -1000 0
-995 -1001 0
-995 -1002 0
-995 -1003 0
-995 -1004 0
-995 -1005 0
-995 -1006 0
-995 -1007 0
-995 -1008 0
-996 -997 0
-996 -998 0
-996 -999 0
-996 -1000 0
-996 -1001 0
-996 -1002 0
-996 -1003 0
-996 -1004 0
-996 -1005 0
-996 -1006 0
-996 -1007 0
-996 -1008 0
-997 -998 0
-997 -999 0
-997 -1000 0
-997 -1001 0
-997 -1002 0
-997 -1003 0
-997 -1004 0
-997 -1005 0
-997 -1006 0
-997 -1007 0
-997 -1008 0
-998 -999 0
-998 -1000 0
-998 -1001 0
-998 -1002 0
-998 -1003 0
-998 -1004 0
-998 -1005 0
-998 -1006 0
-998 -1007 0
-998 -1008 0
-999 -1000 0
-999 -1001 0
-999 -1002 0
-999 -1003 0
-999 -1004 0
-999 -1005 0
-999 -1006 0
-999 -1007 0
-999 -1008 0
-1000 -1001 0
-1000 -1002 0
-1000 -1003 0
-1000 -1004 0
-1000 -1005 0
-1000 -1006 0
-1000 -1007 0
-1000 -1008 0
-1001 -1002 0
-1001 -1003 0
-1001 -1004 0
-1001 -1005 0
-1001 -1006 0
-1001 -1007 0
-1001 -1008 0
-1002 -1003 0
-1002 -1004 0
-1002 -1005 0
-1002 -1006 0
-1002 -1007 0
-1002 -1008 0
-1003 -1004 0
-1003 -1005 0
-1003 -1006 0
-1003 -1007 0
-1003 -1008 0
-1004 -1005 0
-1004 -1006 0
-1004 -1007 0
-1004 -1008 0
-1005 -1006 0
-1005 -1007 0
-1005 -1008 0
-1006 -1007 0
-1006 -1008 0
-1007 -1008 0
-1009 -1010 0
-1009 -1011 0
-1009 -1012 0
-1009 -1013 0
-1009 -1014 0
-1009 -1015 0
-1009 -1016 0
-1009 -1017 0
-1009 -1018 0
-1009 -1019 0
-1009 -1020 0
-1009 -1021 0
-1009 -1022 0
-1009 -1023 0
-1009 -1024 0
-1009 -1025 0
-1009 -1026 0
-1009 -1027 0
-1009 -1028 0
-1009 -1029 0
-1009 -1030 0
-1009 -1031 0
-1009 -1032 0
-1009 -1033 0
-1009 -1034 0
-1009 -1035 0
-1009 -1036 0
-1009 -1037 0
-1009 -1038 0
-1009 -1039 0
-1009 -1040 0
-1009 -1041 0
-1009 -1042 0
-1009 -1043 0
-1009 -1044 0
-1010 -1011 0
-1010 -1012 0
-1010 -1013 0
-1010 -1014 0
-1010 -1015 0
-1010 -1016 0
-1010 -1017 0
-1010 -1018 0
-1010 -1019 0
-1010 -1020 0
-1010 -1021 0
-1010 -1022 0
-1010 -1023 0
-1010 -1024 0
-1010 -1025 0
-1010 -1026 0
-1010 -1027 0
-1010 -1028 0
-1010 -1029 0
-1010 -1030 0
-1010 -1031 0
-1010 -1032 0
-1010 -1033 0
-1010 -1034 0
-1010 -1035 0
-1010 -1036 0
-1010 -1037 0
-1010 -1038 0
-1010 -1039 0
-1010 -1040 0
-1010 -1041 0
-1010 -1042 0
-1010 -1043 0
-1010 -1044 0
-1011 -1012 0
-1011 -1013 0
-1011 -1014 0
-1011 -1015 0
-1011 -1016 0
-1011 -1017 0
-1011 -1018 0
-1011 -1019 0
-1011 -1020 0
-1011 -1021 0
-1011 -1022 0
-1011 -1023 0
-1011 -1024 0
-1011 -1025 0
-1011 -1026 0
-1011 -1027 0
-1011 -1028 0
-1011 -1029 0
-1011 -1030 0
-1011 -1031 0
-1011 -1032 0
-1011 -1033 0
-1011 -1034 0
-1011 -1035 0
-1011 -1036 0
-1011 -1037 0
-1011 -1038 0
-1011 -1039 0
-1011 -1040 0
-1011 -1041 0
-1011 -1042 0
-1011 -1043 0
-1011 -1044 0
-1012 -1013 0
-1012 -1014 0
-1012 -1015 0
-1012 -1016 0
-1012 -1017 0
-1012 -1018 0
-1012 -1019 0
-1012 -1020 0
-1012 -1021 0
-1012 -1022 0
-1012 -1023 0
-1012 -1024 0
-1012 -1025 0
-1012 -1026 0
-1012 -1027 0
-1012 -1028 0
-1012 -1029 0
-1012 -1030 0
-1012 -1031 0
-1012 -1032 0
-1012 -1033 0
-1012 -1034 0
-1012 -1035 0
-1012 -1036 0
-1012 -1037 0
-1012 -1038 0
-1012 -1039 0
-1012 -1040 0
-1012 -1041 0
-1012 -1042 0
-1012 -1043 0
-1012 -1044 0
-1013 -1014 0
-1013 -1015 0
-1013 -1016 0
-1013 -1017 0
-1013 -1018 0
-1013 -1019 0
-1013 -1020 0
-1013 -1021 0
-1013 -1022 0
-1013 -1023 0
-1013 -1024 0
-1013 -1025 0
-1013 -1026 0
-1013 -1027 0
-1013 -1028 0
-1013 -1029 0
-1013 -1030 0
-1013 -1031 0
-1013 -1032 0
-1013 -1033 0
-1013 -1034 0
-1013 -1035 0
-1013 -1036 0
-1013 -1037 0
-1013 -1038 0
-1013 -1039 0
-1013 -1040 0
-1013 -1041 0
-1013 -1042 0
-1013 -1043 0
-1013 -1044 0
-1014 -1015 0
-1014 -1016 0
-1014 -1017 0
-1014 -1018 0
-1014 -1019 0
-1014 -1020 0
-1014 -1021 0
-1014 -1022 0
-1014 -1023 0
-1014 -1024 0
-1014 -1025 0
-1014 -1026 0
-1014 -1027 0
-1014 -1028 0
-1014 -1029 0
-1014 -1030 0
-1014 -1031 0
-1014 -1032 0
-1014 -1033 0
-1014 -1034 0
-1014 -1035 0
-1014 -1036 0
-1014 -1037 0
-1014 -1038 0
-1014 -1039 0
-1014 -1040 0
-1014 -1041 0
-1014 -1042 0
-1014 -1043 0
-1014 -1044 0
-1015 -1016 0
-1015 -1017 0
-1015 -1018 0
-1015 -1019 0
-1015 -1020 0
-1015 -1021 0
-1015 -1022 0
-1015 -1023 0
-1015 -1024 0
-1015 -1025 0
-1015 -1026 0
-1015 -1027 0
-1015 -1028 0
-1015 -1029 0
-1015 -1030 0
-1015 -1031 0
-1015 -1032 0
-1015 -1033 0
-1015 -1034 0
-1015 -1035 0
-1015 -1036 0
-1015 -1037 0
-1015 -1038 0
-1015 -1039 0
-1015 -1040 0
-1015 -1041 0
-1015 -1042 0
-1015 -1043 0
-1015 -1044 0
-1016 -1017 0
-1016 -1018 0
-1016 -1019 0
-1016 -1020 0
-1016 -1021 0
-1016 -1022 0
-1016 -1023 0
-1016 -1024 0
-1016 -1025 0
-1016 -1026 0
-1016 -1027 0
-1016 -1028 0
-1016 -1029 0
-1016 -1030 0
-1016 -1031 0
-1016 -1032 0
-1016 -1033 0
-1016 -1034 0
-1016 -1035 0
-1016 -1036 0
-1016 -1037 0
-1016 -1038 0
-1016 -1039 0
-1016 -1040 0
-1016 -1041 0
-1016 -1042 0
-1016 -1043 0
-1016 -1044 0
-1017 -1018 0
-1017 -1019 0
-1017 -1020 0
-1017 -1021 0
-1017 -1022 0
-1017 -1023 0
-1017 -1024 0
-1017 -1025 0
-1017 -1026 0
-1017 -1027 0
-1017 -1028 0
-1017 -1029 0
-1017 -1030 0
-1017 -1031 0
-1017 -1032 0
-1017 -1033 0
-1017 -1034 0
-1017 -1035 0
-1017 -1036 0
-1017 -1037 0
-1017 -1038 0
-1017 -1039 0
-1017 -1040 0
-1017 -1041 0
-1017 -1042 0
-1017 -1043 0
-1017 -1044 0
-1018 -1019 0
-1018 -1020 0
-1018 -1021 0
-1018 -1022 0
-1018 -1023 0
-1018 -1024 0
-1018 -1025 0
-1018 -1026 0
-1018 -1027 0
-1018 -1028 0
-1018 -1029 0
-1018 -1030 0
-1018 -1031 0
-1018 -1032 0
-1018 -1033 0
-1018 -1034 0
-1018 -1035 0
-1018 -1036 0
-1018 -1037 0
-1018 -1038 0
-1018 -1039 0
-1018 -1040 0
-1018 -1041 0
-1018 -1042 0
-1018 -1043 0
-1018 -1044 0
-1019 -1020 0
-1019 -1021 0
-1019 -1022 0
-1019 -1023 0
-1019 -1024 0
-1019 -1025 0
-1019 -1026 0
-1019 -1027 0
-1019 -1028 0
-1019 -1029 0
-1019 -1030 0
-1019 -1031 0
-1019 -1032 0
-1019 -1033 0
-1019 -1034 0
-1019 -1035 0
-1019 -1036 0
-1019 -1037 0
-1019 -1038 0
-1019 -1039 0
-1019 -1040 0
-1019 -1041 0
-1019 -1042 0
-1019 -1043 0
-1019 -1044 0
-1020 -1021 0
-1020 -1022 0
-1020 -1023 0
-1020 -1024 0
-1020 -1025 0
-1020 -1026 0
-1020 -1027 0
-1020 -1028 0
-1020 -1029 0
-1020 -1030 0
-1020 -1031 0
-1020 -1032 0
-1020 -1033 0
-1020 -1034 0
-1020 -1035 0
-1020 -1036 0
-1020 -1037 0
-1020 -1038 0
-1020 -1039 0
-1020 -1040 0
-1020 -1041 0
-1020 -1042 0
-1020 -1043 0
-1020 -1044 0
-1021 -1022 0
-1021 -1023 0
-1021 -1024 0
-1021 -1025 0
-1021 -1026 0
-1021 -1027 0
-1021 -1028 0
-1021 -1029 0
-1021 -1030 0
-1021 -1031 0
-1021 -1032 0
-1021 -1033 0
-1021 -1034 0
-1021 -1035 0
-1021 -1036 0
-1021 -1037 0
-1021 -1038 0
-1021 -1039 0
-1021 -1040 0
-1021 -1041 0
-1021 -1042 0
-1021 -1043 0
-1021 -1044 0
-1022 -1023 0
-1022 -1024 0
-1022 -1025 0
-1022 -1026 0
-1022 -1027 0
-1022 -1028 0
-1022 -1029 0
-1022 -1030 0
-1022 -1031 0
-1022 -1032 0
-1022 -1033 0
-1022 -1034 0
-1022 -1035 0
-1022 -1036 0
-1022 -1037 0
-1022 -1038 0
-1022 -1039 0
-1022 -1040 0
-1022 -1041 0
-1022 -1042 0
-1022 -1043 0
-1022 -1044 0
-1023 -1024 0
-1023 -1025 0
-1023 -1026 0
-1023 -1027 0
-1023 -1028 0
-1023 -1029 0
-1023 -1030 0
-1023 -1031 0
-1023 -1032 0
-1023 -1033 0
-1023 -1034 0
-1023 -1035 0
-1023 -1036 0
-1023 -1037 0
-1023 -1038 0
-1023 -1039 0
-1023 -1040 0
-1023 -1041 0
-1023 -1042 0
-1023 -1043 0
-1023 -1044 0
-1024 -1025 0
-1024 -1026 0
-1024 -1027 0
-1024 -1028 0
-1024 -1029 0
-1024 -1030 0
-1024 -1031 0
-1024 -1032 0
-1024 -1033 0
-1024 -1034 0
-1024 -1035 0
-1024 -1036 0
-1024 -1037 0
-1024 -1038 0
-1024 -1039 0
-1024 -1040 0
-1024 -1041 0
-1024 -1042 0
-1024 -1043 0
-1024 -1044 0
-1025 -1026 0
-1025 -1027 0
-1025 -1028 0
-1025 -1029 0
-1025 -1030 0
-1025 -1031 0
-1025 -1032 0
-1025 -1033 0
-1025 -1034 0
-1025 -1035 0
-1025 -1036 0
-1025 -1037 0
-1025 -1038 0
-1025 -1039 0
-1025 -1040 0
-1025 -1041 0
-1025 -1042 0
-1025 -1043 0
-1025 -1044 0
-1026 -1027 0
-1026 -1028 0
-1026 -1029 0
-1026 -1030 0
-1026 -1031 0
-1026 -1032 0
-1026 -1033 0
-1026 -1034 0
-1026 -1035 0
-1026 -1036 0
-1026 -1037 0
-1026 -1038 0
-1026 -1039 0
-1026 -1040 0
-1026 -1041 0
-1026 -1042 0
-1026 -1043 0
-1026 -1044 0
-1027 -1028 0
-1027 -1029 0
-1027 -1030 0
-1027 -1031 0
-1027 -1032 0
-1027 -1033 0
-1027 -1034 0
-1027 -1035 0
-1027 -1036 0
-1027 -1037 0
-1027 -1038 0
-1027 -1039 0
-1027 -1040 0
-1027 -1041 0
-1027 -1042 0
-1027 -1043 0
-1027 -1044 0
-1028 -1029 0
-1028 -1030 0
-1028 -1031 0
-1028 -1032 0
-1028 -1033 0
-1028 -1034 0
-1028 -1035 0
-1028 -1036 0
-1028 -1037 0
-1028 -1038 0
-1028 -1039 0
-1028 -1040 0
-1028 -1041 0
-1028 -1042 0
-1028 -1043 0
-1028 -1044 0
-1029 -1030 0
-1029 -1031 0
-1029 -1032 0
-1029 -1033 0
-1029 -1034 0
-1029 -1035 0
-1029 -1036 0
-1029 -1037 0
-1029 -1038 0
-1029 -1039 0
-1029 -1040 0
-1029 -1041 0
-1029 -1042 0
-1029 -1043 0
-1029 -1044 0
-1030 -1031 0
-1030 -1032 0
-1030 -1033 0
-1030 -1034 0
-1030 -1035 0
-1030 -1036 0
-1030 -1037 0
-1030 -1038 0
-1030 -1039 0
-1030 -1040 0
-1030 -1041 0
-1030 -1042 0
-1030 -1043 0
-1030 -1044 0
-1031 -1032 0
-1031 -1033 0
-1031 -1034 0
-1031 -1035 0
-1031 -1036 0
-1031 -1037 0
-1031 -1038 0
-1031 -1039 0
-1031 -1040 0
-1031 -1041 0
-1031 -1042 0
-1031 -1043 0
-1031 -1044 0
-1032 -1033 0
-1032 -1034 0
-1032 -1035 0
-1032 -1036 0
-1032 -1037 0
-1032 -1038 0
-1032 -1039 0
-1032 -1040 0
-1032 -1041 0
-1032 -1042 0
-1032 -1043 0
-1032 -1044 0
-1033 -1034 0
-1033 -1035 0
-1033 -1036 0
-1033 -1037 0
-1033 -1038 0
-1033 -1039 0
-1033 -1040 0
-1033 -1041 0
-1033 -1042 0
-1033 -1043 0
-1033 -1044 0
-1034 -1035 0
-1034 -1036 0
-1034 -1037 0
-1034 -1038 0
-1034 -1039 0
-1034 -1040 0
-1034 -1041 0
-1034 -1042 0
-1034 -1043 0
-1034 -1044 0
-1035 -1036 0
-1035 -1037 0
-1035 -1038 0
-1035 -1039 0
-1035 -1040 0
-1035 -1041 0
-1035 -1042 0
-1035 -1043 0
-1035 -1044 0
-1036 -1037 0
-1036 -1038 0
-1036 -1039 0
-1036 -1040 0
-1036 -1041 0
-1036 -1042 0
-1036 -1043 0
-1036 -1044 0
-1037 -1038 0
-1037 -1039 0
-1037 -1040 0
-1037 -1041 0
-1037 -1042 0
-1037 -1043 0
-1037 -1044 0
-1038 -1039 0
-1038 -1040 0
-1038 -1041 0
-1038 -1042 0
-1038 -1043 0
-1038 -1044 0
-1039 -1040 0
-1039 -1041 0
-1039 -1042 0
-1039 -1043 0
-1039 -1044 0
-1040 -1041 0
-1040 -1042 0
-1040 -1043 0
-1040 -1044 0
-1041 -1042 0
-1041 -1043 0
-1041 -1044 0
-1042 -1043 0
-1042 -1044 0
-1043 -1044 0
-1045 -1046 0
-1045 -1047 0
-1045 -1048 0
-1045 -1049 0
-1045 -1050 0
-1045 -1051 0
-1045 -1052 0
-1045 -1053 0
-1045 -1054 0
-1045 -1055 0
-1045 -1056 0
-1045 -1057 0
-1045 -1058 0
-1045 -1059 0
-1045 -1060 0
-1045 -1061 0
-1045 -1062 0
-1045 -1063 0
-1045 -1064 0
-1045 -1065 0
-1045 -1066 0
-1045 -1067 0
-1045 -1068 0
-1045 -1069 0
-1045 -1070 0
-1045 -1071 0
-1045 -1072 0
-1045 -1073 0
-1045 -1074 0
-1045 -1075 0
-1045 -1076 0
-1045 -1077 0
-1045 -1078 0
-1045 -1079 0
-1045 -1080 0
-1046 -1047 0
-1046 -1048 0
-1046 -1049 0
-1046 -1050 0
-1046 -1051 0
-1046 -1052 0
-1046 -1053 0
-1046 -1054 0
-1046 -1055 0
-1046 -1056 0
-1046 -1057 0
-1046 -1058 0
-1046 -1059 0
-1046 -1060 0
-1046 -1061 0
-1046 -1062 0
-1046 -1063 0
-1046 -1064 0
-1046 -1065 0
-1046 -1066 0
-1046 -1067 0
-1046 -1068 0
-1046 -1069 0
-1046 -1070 0
-1046 -1071 0
-1046 -1072 0
-1046 -1073 0
-1046 -1074 0
-1046 -1075 0
-1046 -1076 0
-1046 -1077 0
-1046 -1078 0
-1046 -1079 0
-1046 -1080 0
-1047 -1048 0
-1047 -1049 0
-1047 -1050 0
-1047 -1051 0
-1047 -1052 0
-1047 -1053 0
-1047 -1054 0
-1047 -1055 0
-1047 -1056 0
-1047 -1057 0
-1047 -1058 0
-1047 -1059 0
-1047 -1060 0
-1047 -1061 0
-1047 -1062 0
-1047 -1063 0
-1047 -1064 0
-1047 -1065 0
-1047 -1066 0
-1047 -1067 0
-1047 -1068 0
-1047 -1069 0
-1047 -1070 0
-1047 -1071 0
-1047 -1072 0
-1047 -1073 0
-1047 -1074 0
-1047 -1075 0
-1047 -1076 0
-1047 -1077 0
-1047 -1078 0
-1047 -1079 0
-1047 -1080 0
-1048 -1049 0
-1048 -1050 0
-1048 -1051 0
-1048 -1052 0
-1048 -1053 0
-1048 -1054 0
-1048 -1055 0
-1048 -1056 0
-1048 -1057 0
-1048 -1058 0
-1048 -1059 0
-1048 -1060 0
-1048 -1061 0
-1048 -1062 0
-1048 -1063 0
-1048 -1064 0
-1048 -1065 0
-1048 -1066 0
-1048 -1067 0
-1048 -1068 0
-1048 -1069 0
-1048 -1070 0
-1048 -1071 0
-1048 -1072 0
-1048 -1073 0
-1048 -1074 0
-1048 -1075 0
-1048 -1076 0
-1048 -1077 0
-1048 -1078 0
-1048 -1079 0
-1048 -1080 0
-1049 -1050 0
-1049 -1051 0
-1049 -1052 0
-1049 -1053 0
-1049 -1054 0
-1049 -1055 0
-1049 -1056 0
-1049 -1057 0
-1049 -1058 0
-1049 -1059 0
-1049 -1060 0
-1049 -1061 0
-1049 -1062 0
-1049 -1063 0
-1049 -1064 0
-1049 -1065 0
-1049 -1066 0
-1049 -1067 0
-1049 -1068 0
-1049 -1069 0
-1049 -1070 0
-1049 -1071 0
-1049 -1072 0
-1049 -1073 0
-1049 -1074 0
-1049 -1075 0
-1049 -1076 0
-1049 -1077 0
-1049 -1078 0
-1049 -1079 0
-1049 -1080 0
-1050 -1051 0
-1050 -1052 0
-1050 -1053 0
-1050 -1054 0
-1050 -1055 0
-1050 -1056 0
-1050 -1057 0
-1050 -1058 0
-1050 -1059 0
-1050 -1060 0
-1050 -1061 0
-1050 -1062 0
-1050 -1063 0
-1050 -1064 0
-1050 -1065 0
-1050 -1066 0
-1050 -1067 0
-1050 -1068 0
-1050 -1069 0
-1050 -1070 0
-1050 -1071 0
-1050 -1072 0
-1050 -1073 0
-1050 -1074 0
-1050 -1075 0
-1050 -1076 0
-1050 -1077 0
-1050 -1078 0
-1050 -1079 0
-1050 -1080 0
-1051 -1052 0
-1051 -1053 0
-1051 -1054 0
-1051 -1055 0
-1051 -1056 0
-1051 -1057 0
-1051 -1058 0
-1051 -1059 0
-1051 -1060 0
-1051 -1061 0
-1051 -1062 0
-1051 -1063 0
-1051 -1064 0
-1051 -1065 0
-1051 -1066 0
-1051 -1067 0
-1051 -1068 0
-1051 -1069 0
-1051 -1070 0
-1051 -1071 0
-1051 -1072 0
-1051 -1073 0
-1051 -1074 0
-1051 -1075 0
-1051 -1076 0
-1051 -1077 0
-1051 -1078 0
-1051 -1079 0
-1051 -1080 0
-1052 -1053 0
-1052 -1054 0
-1052 -1055 0
-1052 -1056 0
-1052 -1057 0
-1052 -1058 0
-1052 -1059 0
-1052 -1060 0
-1052 -1061 0
-1052 -1062 0
-1052 -1063 0
-1052 -1064 0
-1052 -1065 0
-1052 -1066 0
-1052 -1067 0
-1052 -1068 0
-1052 -1069 0
-1052 -1070 0
-1052 -1071 0
-1052 -1072 0
-1052 -1073 0
-1052 -1074 0
-1052 -1075 0
-1052 -1076 0
-1052 -1077 0
-1052 -1078 0
-1052 -1079 0
-1052 -1080 0
-1053 -1054 0
-1053 -1055 0
-1053 -1056 0
-1053 -1057 0
-1053 -1058 0
-1053 -1059 0
-1053 -1060 0
-1053 -1061 0
-1053 -1062 0
-1053 -1063 0
-1053 -1064 0
-1053 -1065 0
-1053 -1066 0
-1053 -1067 0
-1053 -1068 0
-1053 -1069 0
-1053 -1070 0
-1053 -1071 0
-1053 -1072 0
-1053 -1073 0
-1053 -1074 0
-1053 -1075 0
-1053 -1076 0
-1053 -1077 0
-1053 -1078 0
-1053 -1079 0
-1053 -1080 0
-1054 -1055 0
-1054 -1056 0
-1054 -1057 0
-1054 -1058 0
-1054 -1059 0
-1054 -1060 0
-1054 -1061 0
-1054 -1062 0
-1054 -1063 0
-1054 -1064 0
-1054 -1065 0
-1054 -1066 0
-1054 -1067 0
-1054 -1068 0
-1054 -1069 0
-1054 -1070 0
-1054 -1071 0
-1054 -1072 0
-1054 -1073 0
-1054 -1074 0
-1054 -1075 0
-1054 -1076 0
-1054 -1077 0
-1054 -1078 0
-1054 -1079 0
-1054 -1080 0
-1055 -1056 0
-1055 -1057 0
-1055 -1058 0
-1055 -1059 0
-1055 -1060 0
-1055 -1061 0
-1055 -1062 0
-1055 -1063 0
-1055 -1064 0
-1055 -1065 0
-1055 -1066 0
-1055 -1067 0
-1055 -1068 0
-1055 -1069 0
-1055 -1070 0
-1055 -1071 0
-1055 -1072 0
-1055 -1073 0
-1055 -1074 0
-1055 -1075 0
-1055 -1076 0
-1055 -1077 0
-1055 -1078 0
-1055 -1079 0
-1055 -1080 0
-1056 -1057 0
-1056 -1058 0
-1056 -1059 0
-1056 -1060 0
-1056 -1061 0
-1056 -1062 0
-1056 -1063 0
-1056 -1064 0
-1056 -1065 0
-1056 -1066 0
-1056 -1067 0
-1056 -1068 0
-1056 -1069 0
-1056 -1070 0
-1056 -1071 0
-1056 -1072 0
-1056 -1073 0
-1056 -1074 0
-1056 -1075 0
-1056 -1076 0
-1056 -1077 0
-1056 -1078 0
-1056 -1079 0
-1056 -1080 0
-1057 -1058 0
-1057 -1059 0
-1057 -1060 0
-1057 -1061 0
-1057 -1062 0
-1057 -1063 0
-1057 -1064 0
-1057 -1065 0
-1057 -1066 0
-1057 -1067 0
-1057 -1068 0
-1057 -1069 0
-1057 -1070 0
-1057 -1071 0
-1057 -1072 0
-1057 -1073 0
-1057 -1074 0
-1057 -1075 0
-1057 -1076 0
-1057 -1077 0
-1057 -1078 0
-1057 -1079 0
-1057 -1080 0
-1058 -1059 0
-1058 -1060 0
-1058 -1061 0
-1058 -1062 0
-1058 -1063 0
-1058 -1064 0
-1058 -1065 0
-1058 -1066 0
-1058 -1067 0
-1058 -1068 0
-1058 -1069 0
-1058 -1070 0
-1058 -1071 0
-1058 -1072 0
-1058 -1073 0
-1058 -1074 0
-1058 -1075 0
-1058 -1076 0
-1058 -1077 0
-1058 -1078 0
-1058 -1079 0
-1058 -1080 0
-1059 -1060 0
-1059 -1061 0
-1059 -1062 0
-1059 -1063 0
-1059 -1064 0
-1059 -1065 0
-1059 -1066 0
-1059 -1067 0
-1059 -1068 0
-1059 -1069 0
-1059 -1070 0
-1059 -1071 0
-1059 -1072 0
-1059 -1073 0
-1059 -1074 0
-1059 -1075 0
-1059 -1076 0
-1059 -1077 0
-1059 -1078 0
-1059 -1079 0
-1059 -1080 0
-1060 -1061 0
-1060 -1062 0
-1060 -1063 0
-1060 -1064 0
-1060 -1065 0
-1060 -1066 0
-1060 -1067 0
-1060 -1068 0
-1060 -1069 0
-1060 -1070 0
-1060 -1071 0
-1060 -1072 0
-1060 -1073 0
-1060 -1074 0
-1060 -1075 0
-1060 -1076 0
-1060 -1077 0
-1060 -1078 0
-1060 -1079 0
-1060 -1080 0
-1061 -1062 0
-1061 -1063 0
-1061 -1064 0
-1061 -1065 0
-1061 -1066 0
-1061 -1067 0
-1061 -1068 0
-1061 -1069 0
-1061 -1070 0
-1061 -1071 0
-1061 -1072 0
-1061 -1073 0
-1061 -1074 0
-1061 -1075 0
-1061 -1076 0
-1061 -1077 0
-1061 -1078 0
-1061 -1079 0
-1061 -1080 0
-1062 -1063 0
-1062 -1064 0
-1062 -1065 0
-1062 -1066 0
-1062 -1067 0
-1062 -1068 0
-1062 -1069 0
-1062 -1070 0
-1062 -1071 0
-1062 -1072 0
-1062 -1073 0
-1062 -1074 0
-1062 -1075 0
-1062 -1076 0
-1062 -1077 0
-1062 -1078 0
-1062 -1079 0
-1062 -1080 0
-1063 -1064 0
-1063 -1065 0
-1063 -1066 0
-1063 -1067 0
-1063 -1068 0
-1063 -1069 0
-1063 -1070 0
-1063 -1071 0
-1063 -1072 0
-1063 -1073 0
-1063 -1074 0
-1063 -1075 0
-1063 -1076 0
-1063 -1077 0
-1063 -1078 0
-1063 -1079 0
-1063 -1080 0
-1064 -1065 0
-1064 -1066 0
-1064 -1067 0
-1064 -1068 0
-1064 -1069 0
-1064 -1070 0
-1064 -1071 0
-1064 -1072 0
-1064 -1073 0
-1064 -1074 0
-1064 -1075 0
-1064 -1076 0
-1064 -1077 0
-1064 -1078 0
-1064 -1079 0
-1064 -1080 0
-1065 -1066 0
-1065 -1067 0
-1065 -1068 0
-1065 -1069 0
-1065 -1070 0
-1065 -1071 0
-1065 -1072 0
-1065 -1073 0
-1065 -1074 0
-1065 -1075 0
-1065 -1076 0
-1065 -1077 0
-1065 -1078 0
-1065 -1079 0
-1065 -1080 0
-1066 -1067 0
-1066 -1068 0
-1066 -1069 0
-1066 -1070 0
-1066 -1071 0
-1066 -1072 0
-1066 -1073 0
-1066 -1074 0
-1066 -1075 0
-1066 -1076 0
-1066 -1077 0
-1066 -1078 0
-1066 -1079 0
-1066 -1080 0
-1067 -1068 0
-1067 -1069 0
-1067 -1070 0
-1067 -1071 0
-1067 -1072 0
-1067 -1073 0
-1067 -1074 0
-1067 -1075 0
-1067 -1076 0
-1067 -1077 0
-1067 -1078 0
-1067 -1079 0
-1067 -1080 0
-1068 -1069 0
-1068 -1070 0
-1068 -1071 0
-1068 -1072 0
-1068 -1073 0
-1068 -1074 0
-1068 -1075 0
-1068 -1076 0
-1068 -1077 0
-1068 -1078 0
-1068 -1079 0
-1068 -1080 0
-1069 -1070 0
-1069 -1071 0
-1069 -1072 0
-1069 -1073 0
-1069 -1074 0
-1069 -1075 0
-1069 -1076 0
-1069 -1077 0
-1069 -1078 0
-1069 -1079 0
-1069 -1080 0
-1070 -1071 0
-1070 -1072 0
-1070 -1073 0
-1070 -1074 0
-1070 -1075 0
-1070 -1076 0
-1070 -1077 0
-1070 -1078 0
-1070 -1079 0
-1070 -1080 0
-1071 -1072 0
-1071 -1073 0
-1071 -1074 0
-1071 -1075 0
-1071 -1076 0
-1071 -1077 0
-1071 -1078 0
-1071 -1079 0
-1071 -1080 0
-1072 -1073 0
-1072 -1074 0
-1072 -1075 0
-1072 -1076 0
-1072 -1077 0
-1072 -1078 0
-1072 -1079 0
-1072 -1080 0
-1073 -1074 0
-1073 -1075 0
-1073 -1076 0
-1073 -1077 0
-1073 -1078 0
-1073 -1079 0
-1073 -1080 0
-1074 -1075 0
-1074 -1076 0
-1074 -1077 0
-1074 -1078 0
-1074 -1079 0
-1074 -1080 0
-1075 -1076 0
-1075 -1077 0
-1075 -1078 0
-1075 -1079 0
-1075 -1080 0
-1076 -1077 0
-1076 -1078 0
-1076 -1079 0
-1076 -1080 0
-1077 -1078 0
-1077 -1079 0
-1077 -1080 0
-1078 -1079 0
-1078 -1080 0
-1079 -1080 0
-1081 -1082 0
-1081 -1083 0
-1081 -1084 0
-1081 -1085 0
-1081 -1086 0
-1081 -1087 0
-1081 -1088 0
-1081 -1089 0
-1081 -1090 0
-1081 -1091 0
-1081 -1092 0
-1081 -1093 0
-1081 -1094 0
-1081 -1095 0
-1081 -1096 0
-1081 -1097 0
-1081 -1098 0
-1081 -1099 0
-1081 -1100 0
-1081 -1101 0
-1081 -1102 0
-1081 -1103 0
-1081 -1104 0
-1081 -1105 0
-1081 -1106 0
-1081 -1107 0
-1081 -1108 0
-1081 -1109 0
-1081 -1110 0
-1081 -1111 0
-1081 -1112 0
-1081 -1113 0
-1081 -1114 0
-1081 -1115 0
-1081 -1116 0
-1082 -1083 0
-1082 -1084 0
-1082 -1085 0
-1082 -1086 0
-1082 -1087 0
-1082 -1088 0
-1082 -1089 0
-1082 -1090 0
-1082 -1091 0
-1082 -1092 0
-1082 -1093 0
-1082 -1094 0
-1082 -1095 0
-1082 -1096 0
-1082 -1097 0
-1082 -1098 0
-1082 -1099 0
-1082 -1100 0
-1082 -1101 0
-1082 -1102 0
-1082 -1103 0
-1082 -1104 0
-1082 -1105 0
-1082 -1106 0
-1082 -1107 0
-1082 -1108 0
-1082 -1109 0
-1082 -1110 0
-1082 -1111 0
-1082 -1112 0
-1082 -1113 0
-1082 -1114 0
-1082 -1115 0
-1082 -1116 0
-1083 -1084 0
-1083 -1085 0
-1083 -1086 0
-1083 -1087 0
-1083 -1088 0
-1083 -1089 0
-1083 -1090 0
-1083 -1091 0
-1083 -1092 0
-1083 -1093 0
-1083 -1094 0
-1083 -1095 0
-1083 -1096 0
-1083 -1097 0
-1083 -1098 0
-1083 -1099 0
-1083 -1100 0
-1083 -1101 0
-1083 -1102 0
-1083 -1103 0
-1083 -1104 0
-1083 -1105 0
-1083 -1106 0
-1083 -1107 0
-1083 -1108 0
-1083 -1109 0
-1083 -1110 0
-1083 -1111 0
-1083 -1112 0
-1083 -1113 0
-1083 -1114 0
-1083 -1115 0
-1083 -1116 0
-1084 -1085 0
-1084 -1086 0
-1084 -1087 0
-1084 -1088 0
-1084 -1089 0
-1084 -1090 0
-1084 -1091 0
-1084 -1092 0
-1084 -1093 0
-1084 -1094 0
-1084 -1095 0
-1084 -1096 0
-1084 -1097 0
-1084 -1098 0
-1084 -1099 0
-1084 -1100 0
-1084 -1101 0
-1084 -1102 0
-1084 -1103 0
-1084 -1104 0
-1084 -1105 0
-1084 -1106 0
-1084 -1107 0
-1084 -1108 0
-1084 -1109 0
-1084 -1110 0
-1084 -1111 0
-1084 -1112 0
-1084 -1113 0
-1084 -1114 0
-1084 -1115 0
-1084 -1116 0
-1085 -1086 0
-1085 -1087 0
-1085 -1088 0
-1085 -1089 0
-1085 -1090 0
-1085 -1091 0
-1085 -1092 0
-1085 -1093 0
-1085 -1094 0
-1085 -1095 0
-1085 -1096 0
-1085 -1097 0
-1085 -1098 0
-1085 -1099 0
-1085 -1100 0
-1085 -1101 0
-1085 -1102 0
-1085 -1103 0
-1085 -1104 0
-1085 -1105 0
-1085 -1106 0
-1085 -1107 0
-1085 -1108 0
-1085 -1109 0
-1085 -1110 0
-1085 -1111 0
-1085 -1112 0
-1085 -1113 0
-1085 -1114 0
-1085 -1115 0
-1085 -1116 0
-1086 -1087 0
-1086 -1088 0
-1086 -1089 0
-1086 -1090 0
-1086 -1091 0
-1086 -1092 0
-1086 -1093 0
-1086 -1094 0
-1086 -1095 0
-1086 -1096 0
-1086 -1097 0
-1086 -1098 0
-1086 -1099 0
-1086 -1100 0
-1086 -1101 0
-1086 -1102 0
-1086 -1103 0
-1086 -1104 0
-1086 -1105 0
-1086 -1106 0
-1086 -1107 0
-1086 -1108 0
-1086 -1109 0
-1086 -1110 0
-1086 -1111 0
-1086 -1112 0
-1086 -1113 0
-1086 -1114 0
-1086 -1115 0
-1086 -1116 0
-1087 -1088 0
-1087 -1089 0
-1087 -1090 0
-1087 -1091 0
-1087 -1092 0
-1087 -1093 0
-1087 -1094 0
-1087 -1095 0
-1087 -1096 0
-1087 -1097 0
-1087 -1098 0
-1087 -1099 0
-1087 -1100 0
-1087 -1101 0
-1087 -1102 0
-1087 -1103 0
-1087 -1104 0
-1087 -1105 0
-1087 -1106 0
-1087 -1107 0
-1087 -1108 0
-1087 -1109 0
-1087 -1110 0
-1087 -1111 0
-1087 -1112 0
-1087 -1113 0
-1087 -1114 0
-1087 -1115 0
-1087 -1116 0
-1088 -1089 0
-1088 -1090 0
-1088 -1091 0
-1088 -1092 0
-1088 -1093 0
-1088 -1094 0
-1088 -1095 0
-1088 -1096 0
-1088 -1097 0
-1088 -1098 0
-1088 -1099 0
-1088 -1100 0
-1088 -1101 0
-1088 -1102 0
-1088 -1103 0
-1088 -1104 0
-1088 -1105 0
-1088 -1106 0
-1088 -1107 0
-1088 -1108 0
-1088 -1109 0
-1088 -1110 0
-1088 -1111 0
-1088 -1112 0
-1088 -1113 0
-1088 -1114 0
-1088 -1115 0
-1088 -1116 0
-1089 -1090 0
-1089 -1091 0
-1089 -1092 0
-1089 -1093 0
-1089 -1094 0
-1089 -1095 0
-1089 -1096 0
-1089 -1097 0
-1089 -1098 0
-1089 -1099 0
-1089 -1100 0
-1089 -1101 0
-1089 -1102 0
-1089 -1103 0
-1089 -1104 0
-1089 -1105 0
-1089 -1106 0
-1089 -1107 0
-1089 -1108 0
-1089 -1109 0
-1089 -1110 0
-1089 -1111 0
-1089 -1112 0
-1089 -1113 0
-1089 -1114 0
-1089 -1115 0
-1089 -1116 0
-1090 -1091 0
-1090 -1092 0
-1090 -1093 0
-1090 -1094 0
-1090 -1095 0
-1090 -1096 0
-1090 -1097 0
-1090 -1098 0
-1090 -1099 0
-1090 -1100 0
-1090 -1101 0
-1090 -1102 0
-1090 -1103 0
-1090 -1104 0
-1090 -1105 0
-1090 -1106 0
-1090 -1107 0
-1090 -1108 0
-1090 -1109 0
-1090 -1110 0
-1090 -1111 0
-1090 -1112 0
-1090 -1113 0
-1090 -1114 0
-1090 -1115 0
-1090 -1116 0
-1091 -1092 0
-1091 -1093 0
-1091 -1094 0
-1091 -1095 0
-1091 -1096 0
-1091 -1097 0
-1091 -1098 0
-1091 -1099 0
-1091 -1100 0
-1091 -1101 0
-1091 -1102 0
-1091 -1103 0
-1091 -1104 0
-1091 -1105 0
-1091 -1106 0
-1091 -1107 0
-1091 -1108 0
-1091 -1109 0
-1091 -1110 0
-1091 -1111 0
-1091 -1112 0
-1091 -1113 0
-1091 -1114 0
-1091 -1115 0
-1091 -1116 0
-1092 -1093 0
-1092 -1094 0
-1092 -1095 0
-1092 -1096 0
-1092 -1097 0
-1092 -1098 0
-1092 -1099 0
-1092 -1100 0
-1092 -1101 0
-1092 -1102 0
-1092 -1103 0
-1092 -1104 0
-1092 -1105 0
-1092 -1106 0
-1092 -1107 0
-1092 -1108 0
-1092 -1109 0
-1092 -1110 0
-1092 -1111 0
-1092 -1112 0
-1092 -1113 0
-1092 -1114 0
-1092 -1115 0
-1092 -1116 0
-1093 -1094 0
-1093 -1095 0
-1093 -1096 0
-1093 -1097 0
-1093 -1098 0
-1093 -1099 0
-1093 -1100 0
-1093 -1101 0
-1093 -1102 0
-1093 -1103 0
-1093 -1104 0
-1093 -1105 0
-1093 -1106 0
-1093 -1107 0
-1093 -1108 0
-1093 -1109 0
-1093 -1110 0
-1093 -1111 0
-1093 -1112 0
-1093 -1113 0
-1093 -1114 0
-1093 -1115 0
-1093 -1116 0
-1094 -1095 0
-1094 -1096 0
-1094 -1097 0
-1094 -1098 0
-1094 -1099 0
-1094 -1100 0
-1094 -1101 0
-1094 -1102 0
-1094 -1103 0
-1094 -1104 0
-1094 -1105 0
-1094 -1106 0
-1094 -1107 0
-1094 -1108 0
-1094 -1109 0
-1094 -1110 0
-1094 -1111 0
-1094 -1112 0
-1094 -1113 0
-1094 -1114 0
-1094 -1115 0
-1094 -1116 0
-1095 -1096 0
-1095 -1097 0
-1095 -1098 0
-1095 -1099 0
-1095 -1100 0
-1095 -1101 0
-1095 -1102 0
-1095 -1103 0
-1095 -1104 0
-1095 -1105 0
-1095 -1106 0
-1095 -1107 0
-1095 -1108 0
-1095 -1109 0
-1095 -1110 0
-1095 -1111 0
-1095 -1112 0
-1095 -1113 0
-1095 -1114 0
-1095 -1115 0
-1095 -1116 0
-1096 -1097 0
-1096 -1098 0
-1096 -1099 0
-1096 -1100 0
-1096 -1101 0
-1096 -1102 0
-1096 -1103 0
-1096 -1104 0
-1096 -1105 0
-1096 -1106 0
-1096 -1107 0
-1096 -1108 0
-1096 -1109 0
-1096 -1110 0
-1096 -1111 0
-1096 -1112 0
-1096 -1113 0
-1096 -1114 0
-1096 -1115 0
-1096 -1116 0
-1097 -1098 0
-1097 -1099 0
-1097 -1100 0
-1097 -1101 0
-1097 -1102 0
-1097 -1103 0
-1097 -1104 0
-1097 -1105 0
-1097 -1106 0
-1097 -1107 0
-1097 -1108 0
-1097 -1109 0
-1097 -1110 0
-1097 -1111 0
-1097 -1112 0
-1097 -1113 0
-1097 -1114 0
-1097 -1115 0
-1097 -1116 0
-1098 -1099 0
-1098 -1100 0
-1098 -1101 0
-1098 -1102 0
-1098 -1103 0
-1098 -1104 0
-1098 -1105 0
-1098 -1106 0
-1098 -1107 0
-1098 -1108 0
-1098 -1109 0
-1098 -1110 0
-1098 -1111 0
-1098 -1112 0
-1098 -1113 0
-1098 -1114 0
-1098 -1115 0
-1098 -1116 0
-1099 -1100 0
-1099 -1101 0
-1099 -1102 0
-1099 -1103 0
-1099 -1104 0
-1099 -1105 0
-1099 -1106 0
-1099 -1107 0
-1099 -1108 0
-1099 -1109 0
-1099 -1110 0
-1099 -1111 0
-1099 -1112 0
-1099 -1113 0
-1099 -1114 0
-1099 -1115 0
-1099 -1116 0
-1100 -1101 0
-1100 -1102 0
-1100 -1103 0
-1100 -1104 0
-1100 -1105 0
-1100 -1106 0
-1100 -1107 0
-1100 -1108 0
-1100 -1109 0
-1100 -1110 0
-1100 -1111 0
-1100 -1112 0
-1100 -1113 0
-1100 -1114 0
-1100 -1115 0
-1100 -1116 0
-1101 -1102 0
-1101 -1103 0
-1101 -1104 0
-1101 -1105 0
-1101 -1106 0
-1101 -1107 0
-1101 -1108 0
-1101 -1109 0
-1101 -1110 0
-1101 -1111 0
-1101 -1112 0
-1101 -1113 0
-1101 -1114 0
-1101 -1115 0
-1101 -1116 0
-1102 -1103 0
-1102 -1104 0
-1102 -1105 0
-1102 -1106 0
-1102 -1107 0
-1102 -1108 0
-1102 -1109 0
-1102 -1110 0
-1102 -1111 0
-1102 -1112 0
-1102 -1113 0
-1102 -1114 0
-1102 -1115 0
-1102 -1116 0
-1103 -1104 0
-1103 -1105 0
-1103 -1106 0
-1103 -1107 0
-1103 -1108 0
-1103 -1109 0
-1103 -1110 0
-1103 -1111 0
-1103 -1112 0
-1103 -1113 0
-1103 -1114 0
-1103 -1115 0
-1103 -1116 0
-1104 -1105 0
-1104 -1106 0
-1104 -1107 0
-1104 -1108 0
-1104 -1109 0
-1104 -1110 0
-1104 -1111 0
-1104 -1112 0
-1104 -1113 0
-1104 -1114 0
-1104 -1115 0
-1104 -1116 0
-1105 -1106 0
-1105 -1107 0
-1105 -1108 0
-1105 -1109 0
-1105 -1110 0
-1105 -1111 0
-1105 -1112 0
-1105 -1113 0
-1105 -1114 0
-1105 -1115 0
-1105 -1116 0
-1106 -1107 0
-1106 -1108 0
-1106 -1109 0
-1106 -1110 0
-1106 -1111 0
-1106 -1112 0
-1106 -1113 0
-1106 -1114 0
-1106 -1115 0
-1106 -1116 0
-1107 -1108 0
-1107 -1109 0
-1107 -1110 0
-1107 -1111 0
-1107 -1112 0
-1107 -1113 0
-1107 -1114 0
-1107 -1115 0
-1107 -1116 0
-1108 -1109 0
-1108 -1110 0
-1108 -1111 0
-1108 -1112 0
-1108 -1113 0
-1108 -1114 0
-1108 -1115 0
-1108 -1116 0
-1109 -1110 0
-1109 -1111 0
-1109 -1112 0
-1109 -1113 0
-1109 -1114 0
-1109 -1115 0
-1109 -1116 0
-1110 -1111 0
-1110 -1112 0
-1110 -1113 0
-1110 -1114 0
-1110 -1115 0
-1110 -1116 0
-1111 -1112 0
-1111 -1113 0
-1111 -1114 0
-1111 -1115 0
-1111 -1116 0
-1112 -1113 0
-1112 -1114 0
-1112 -1115 0
-1112 -1116 0
-1113 -1114 0
-1113 -1115 0
-1113 -1116 0
-1114 -1115 0
-1114 -1116 0
-1115 -1116 0
-1117 -1118 0
-1117 -1119 0
-1117 -1120 0
-1117 -1121 0
-1117 -1122 0
-1117 -1123 0
-1117 -1124 0
-1117 -1125 0
-1117 -1126 0
-1117 -1127 0
-1117 -1128 0
-1117 -1129 0
-1117 -1130 0
-1117 -1131 0
-1117 -1132 0
-1117 -1133 0
-1117 -1134 0
-1117 -1135 0
-1117 -1136 0
-1117 -1137 0
-1117 -1138 0
-1117 -1139 0
-1117 -1140 0
-1117 -1141 0
-1117 -1142 0
-1117 -1143 0
-1117 -1144 0
-1117 -1145 0
-1117 -1146 0
-1117 -1147 0
-1117 -1148 0
-1117 -1149 0
-1117 -1150 0
-1117 -1151 0
-1117 -1152 0
-1118 -1119 0
-1118 -1120 0
-1118 -1121 0
-1118 -1122 0
-1118 -1123 0
-1118 -1124 0
-1118 -1125 0
-1118 -1126 0
-1118 -1127 0
-1118 -1128 0
-1118 -1129 0
-1118 -1130 0
-1118 -1131 0
-1118 -1132 0
-1118 -1133 0
-1118 -1134 0
-1118 -1135 0
-1118 -1136 0
-1118 -1137 0
-1118 -1138 0
-1118 -1139 0
-1118 -1140 0
-1118 -1141 0
-1118 -1142 0
-1118 -1143 0
-1118 -1144 0
-1118 -1145 0
-1118 -1146 0
-1118 -1147 0
-1118 -1148 0
-1118 -1149 0
-1118 -1150 0
-1118 -1151 0
-1118 -1152 0
-1119 -1120 0
-1119 -1121 0
-1119 -1122 0
-1119 -1123 0
-1119 -1124 0
-1119 -1125 0
-1119 -1126 0
-1119 -1127 0
-1119 -1128 0
-1119 -1129 0
-1119 -1130 0
-1119 -1131 0
-1119 -1132 0
-1119 -1133 0
-1119 -1134 0
-1119 -1135 0
-1119 -1136 0
-1119 -1137 0
-1119 -1138 0
-1119 -1139 0
-1119 -1140 0
-1119 -1141 0
-1119 -1142 0
-1119 -1143 0
-1119 -1144 0
-1119 -1145 0
-1119 -1146 0
-1119 -1147 0
-1119 -1148 0
-1119 -1149 0
-1119 -1150 0
-1119 -1151 0
-1119 -1152 0
-1120 -1121 0
-1120 -1122 0
-1120 -1123 0
-1120 -1124 0
-1120 -1125 0
-1120 -1126 0
-1120 -1127 0
-1120 -1128 0
-1120 -1129 0
-1120 -1130 0
-1120 -1131 0
-1120 -1132 0
-1120 -1133 0
-1120 -1134 0
-1120 -1135 0
-1120 -1136 0
-1120 -1137 0
-1120 -1138 0
-1120 -1139 0
-1120 -1140 0
-1120 -1141 0
-1120 -1142 0
-1120 -1143 0
-1120 -1144 0
-1120 -1145 0
-1120 -1146 0
-1120 -1147 0
-1120 -1148 0
-1120 -1149 0
-1120 -1150 0
-1120 -1151 0
-1120 -1152 0
-1121 -1122 0
-1121 -1123 0
-1121 -1124 0
-1121 -1125 0
-1121 -1126 0
-1121 -1127 0
-1121 -1128 0
-1121 -1129 0
-1121 -1130 0
-1121 -1131 0
-1121 -1132 0
-1121 -1133 0
-1121 -1134 0
-1121 -1135 0
-1121 -1136 0
-1121 -1137 0
-1121 -1138 0
-1121 -1139 0
-1121 -1140 0
-1121 -1141 0
-1121 -1142 0
-1121 -1143 0
-1121 -1144 0
-1121 -1145 0
-1121 -1146 0
-1121 -1147 0
-1121 -1148 0
-1121 -1149 0
-1121 -1150 0
-1121 -1151 0
-1121 -1152 0
-1122 -1123 0
-1122 -1124 0
-1122 -1125 0
-1122 -1126 0
-1122 -1127 0
-1122 -1128 0
-1122 -1129 0
-1122 -1130 0
-1122 -1131 0
-1122 -1132 0
-1122 -1133 0
-1122 -1134 0
-1122 -1135 0
-1122 -1136 0
-1122 -1137 0
-1122 -1138 0
-1122 -1139 0
-1122 -1140 0
-1122 -1141 0
-1122 -1142 0
-1122 -1143 0
-1122 -1144 0
-1122 -1145 0
-1122 -1146 0
-1122 -1147 0
-1122 -1148 0
-1122 -1149 0
-1122 -1150 0
-1122 -1151 0
-1122 -1152 0
-1123 -1124 0
-1123 -1125 0
-1123 -1126 0
-1123 -1127 0
-1123 -1128 0
-1123 -1129 0
-1123 -1130 0
-1123 -1131 0
-1123 -1132 0
-1123 -1133 0
-1123 -1134 0
-1123 -1135 0
-1123 -1136 0
-1123 -1137 0
-1123 -1138 0
-1123 -1139 0
-1123 -1140 0
-1123 -1141 0
-1123 -1142 0
-1123 -1143 0
-1123 -1144 0
-1123 -1145 0
-1123 -1146 0
-1123 -1147 0
-1123 -1148 0
-1123 -1149 0
-1123 -1150 0
-1123 -1151 0
-1123 -1152 0
-1124 -1125 0
-1124 -1126 0
-1124 -1127 0
-1124 -1128 0
-1124 -1129 0
-1124 -1130 0
-1124 -1131 0
-1124 -1132 0
-1124 -1133 0
-1124 -1134 0
-1124 -1135 0
-1124 -1136 0
-1124 -1137 0
-1124 -1138 0
-1124 -1139 0
-1124 -1140 0
-1124 -1141 0
-1124 -1142 0
-1124 -1143 0
-1124 -1144 0
-1124 -1145 0
-1124 -1146 0
-1124 -1147 0
-1124 -1148 0
-1124 -1149 0
-1124 -1150 0
-1124 -1151 0
-1124 -1152 0
-1125 -1126 0
-1125 -1127 0
-1125 -1128 0
-1125 -1129 0
-1125 -1130 0
-1125 -1131 0
-1125 -1132 0
-1125 -1133 0
-1125 -1134 0
-1125 -1135 0
-1125 -1136 0
-1125 -1137 0
-1125 -1138 0
-1125 -1139 0
-1125 -1140 0
-1125 -1141 0
-1125 -1142 0
-1125 -1143 0
-1125 -1144 0
-1125 -1145 0
-1125 -1146 0
-1125 -1147 0
-1125 -1148 0
-1125 -1149 0
-1125 -1150 0
-1125 -1151 0
-1125 -1152 0
-1126 -1127 0
-1126 -1128 0
-1126 -1129 0
-1126 -1130 0
-1126 -1131 0
-1126 -1132 0
-1126 -1133 0
-1126 -1134 0
-1126 -1135 0
-1126 -1136 0
-1126 -1137 0
-1126 -1138 0
-1126 -1139 0
-1126 -1140 0
-1126 -1141 0
-1126 -1142 0
-1126 -1143 0
-1126 -1144 0
-1126 -1145 0
-1126 -1146 0
-1126 -1147 0
-1126 -1148 0
-1126 -1149 0
-1126 -1150 0
-1126 -1151 0
-1126 -1152 0
-1127 -1128 0
-1127 -1129 0
-1127 -1130 0
-1127 -1131 0
-1127 -1132 0
-1127 -1133 0
-1127 -1134 0
-1127 -1135 0
-1127 -1136 0
-1127 -1137 0
-1127 -1138 0
-1127 -1139 0
-1127 -1140 0
-1127 -1141 0
-1127 -1142 0
-1127 -1143 0
-1127 -1144 0
-1127 -1145 0
-1127 -1146 0
-1127 -1147 0
-1127 -1148 0
-1127 -1149 0
-1127 -1150 0
-1127 -1151 0
-1127 -1152 0
-1128 -1129 0
-1128 -1130 0
-1128 -1131 0
-1128 -1132 0
-1128 -1133 0
-1128 -1134 0
-1128 -1135 0
-1128 -1136 0
-1128 -1137 0
-1128 -1138 0
-1128 -1139 0
-1128 -1140 0
-1128 -1141 0
-1128 -1142 0
-1128 -1143 0
-1128 -1144 0
-1128 -1145 0
-1128 -1146 0
-1128 -1147 0
-1128 -1148 0
-1128 -1149 0
-1128 -1150 0
-1128 -1151 0
-1128 -1152 0
-1129 -1130 0
-1129 -1131 0
-1129 -1132 0
-1129 -1133 0
-1129 -1134 0
-1129 -1135 0
-1129 -1136 0
-1129 -1137 0
-1129 -1138 0
-1129 -1139 0
-1129 -1140 0
-1129 -1141 0
-1129 -1142 0
-1129 -1143 0
-1129 -1144 0
-1129 -1145 0
-1129 -1146 0
-1129 -1147 0
-1129 -1148 0
-1129 -1149 0
-1129 -1150 0
-1129 -1151 0
-1129 -1152 0
-1130 -1131 0
-1130 -1132 0
-1130 -1133 0
-1130 -1134 0
-1130 -1135 0
-1130 -1136 0
-1130 -1137 0
-1130 -1138 0
-1130 -1139 0
-1130 -1140 0
-1130 -1141 0
-1130 -1142 0
-1130 -1143 0
-1130 -1144 0
-1130 -1145 0
-1130 -1146 0
-1130 -1147 0
-1130 -1148 0
-1130 -1149 0
-1130 -1150 0
-1130 -1151 0
-1130 -1152 0
-1131 -1132 0
-1131 -1133 0
-1131 -1134 0
-1131 -1135 0
-1131 -1136 0
-1131 -1137 0
-1131 -1138 0
-1131 -1139 0
-1131 -1140 0
-1131 -1141 0
-1131 -1142 0
-1131 -1143 0
-1131 -1144 0
-1131 -1145 0
-1131 -1146 0
-1131 -1147 0
-1131 -1148 0
-1131 -1149 0
-1131 -1150 0
-1131 -1151 0
-1131 -1152 0
-1132 -1133 0
-1132 -1134 0
-1132 -1135 0
-1132 -1136 0
-1132 -1137 0
-1132 -1138 0
-1132 -1139 0
-1132 -1140 0
-1132 -1141 0
-1132 -1142 0
-1132 -1143 0
-1132 -1144 0
-1132 -1145 0
-1132 -1146 0
-1132 -1147 0
-1132 -1148 0
-1132 -1149 0
-1132 -1150 0
-1132 -1151 0
-1132 -1152 0
-1133 -1134 0
-1133 -1135 0
-1133 -1136 0
-1133 -1137 0
-1133 -1138 0
-1133 -1139 0
-1133 -1140 0
-1133 -1141 0
-1133 -1142 0
-1133 -1143 0
-1133 -1144 0
-1133 -1145 0
-1133 -1146 0
-1133 -1147 0
-1133 -1148 0
-1133 -1149 0
-1133 -1150 0
-1133 -1151 0
-1133 -1152 0
-1134 -1135 0
-1134 -1136 0
-1134 -1137 0
-1134 -1138 0
-1134 -1139 0
-1134 -1140 0
-1134 -1141 0
-1134 -1142 0
-1134 -1143 0
-1134 -1144 0
-1134 -1145 0
-1134 -1146 0
-1134 -1147 0
-1134 -1148 0
-1134 -1149 0
-1134 -1150 0
-1134 -1151 0
-1134 -1152 0
-1135 -1136 0
-1135 -1137 0
-1135 -1138 0
-1135 -1139 0
-1135 -1140 0
-1135 -1141 0
-1135 -1142 0
-1135 -1143 0
-1135 -1144 0
-1135 -1145 0
-1135 -1146 0
-1135 -1147 0
-1135 -1148 0
-1135 -1149 0
-1135 -1150 0
-1135 -1151 0
-1135 -1152 0
-1136 -1137 0
-1136 -1138 0
-1136 -1139 0
-1136 -1140 0
-1136 -1141 0
-1136 -1142 0
-1136 -1143 0
-1136 -1144 0
-1136 -1145 0
-1136 -1146 0
-1136 -1147 0
-1136 -1148 0
-1136 -1149 0
-1136 -1150 0
-1136 -1151 0
-1136 -1152 0
-1137 -1138 0
-1137 -1139 0
-1137 -1140 0
-1137 -1141 0
-1137 -1142 0
-1137 -1143 0
-1137 -1144 0
-1137 -1145 0
-1137 -1146 0
-1137 -1147 0
-1137 -1148 0
-1137 -1149 0
-1137 -1150 0
-1137 -1151 0
-1137 -1152 0
-1138 -1139 0
-1138 -1140 0
-1138 -1141 0
-1138 -1142 0
-1138 -1143 0
-1138 -1144 0
-1138 -1145 0
-1138 -1146 0
-1138 -1147 0
-1138 -1148 0
-1138 -1149 0
-1138 -1150 0
-1138 -1151 0
-1138 -1152 0
-1139 -1140 0
-1139 -1141 0
-1139 -1142 0
-1139 -1143 0
-1139 -1144 0
-1139 -1145 0
-1139 -1146 0
-1139 -1147 0
-1139 -1148 0
-1139 -1149 0
-1139 -1150 0
-1139 -1151 0
-1139 -1152 0
-1140 -1141 0
-1140 -1142 0
-1140 -1143 0
-1140 -1144 0
-1140 -1145 0
-1140 -1146 0
-1140 -1147 0
-1140 -1148 0
-1140 -1149 0
-1140 -1150 0
-1140 -1151 0
-1140 -1152 0
-1141 -1142 0
-1141 -1143 0
-1141 -1144 0
-1141 -1145 0
-1141 -1146 0
-1141 -1147 0
-1141 -1148 0
-1141 -1149 0
-1141 -1150 0
-1141 -1151 0
-1141 -1152 0
-1142 -1143 0
-1142 -1144 0
-1142 -1145 0
-1142 -1146 0
-1142 -1147 0
-1142 -1148 0
-1142 -1149 0
-1142 -1150 0
-1142 -1151 0
-1142 -1152 0
-1143 -1144 0
-1143 -1145 0
-1143 -1146 0
-1143 -1147 0
-1143 -1148 0
-1143 -1149 0
-1143 -1150 0
-1143 -1151 0
-1143 -1152 0
-1144 -1145 0
-1144 -1146 0
-1144 -1147 0
-1144 -1148 0
-1144 -1149 0
-1144 -1150 0
-1144 -1151 0
-1144 -1152 0
-1145 -1146 0
-1145 -1147 0
-1145 -1148 0
-1145 -1149 0
-1145 -1150 0
-1145 -1151 0
-1145 -1152 0
-1146 -1147 0
-1146 -1148 0
-1146 -1149 0
-1146 -1150 0
-1146 -1151 0
-1146 -1152 0
-1147 -1148 0
-1147 -1149 0
-1147 -1150 0
-1147 -1151 0
-1147 -1152 0
-1148 -1149 0
-1148 -1150 0
-1148 -1151 0
-1148 -1152 0
-1149 -1150 0
-1149 -1151 0
-1149 -1152 0
-1150 -1151 0
-1150 -1152 0
-1151 -1152 0
-1153 -1154 0
-1153 -1155 0
-1153 -1156 0
-1153 -1157 0
-1153 -1158 0
-1153 -1159 0
-1153 -1160 0
-1153 -1161 0
-1153 -1162 0
-1153 -1163 0
-1153 -1164 0
-1153 -1165 0
-1153 -1166 0
-1153 -1167 0
-1153 -1168 0
-1153 -1169 0
-1153 -1170 0
-1153 -1171 0
-1153 -1172 0
-1153 -1173 0
-1153 -1174 0
-1153 -1175 0
-1153 -1176 0
-1153 -1177 0
-1153 -1178 0
-1153 -1179 0
-1153 -1180 0
-1153 -1181 0
-1153 -1182 0
-1153 -1183 0
-1153 -1184 0
-1153 -1185 0
-1153 -1186 0
-1153 -1187 0
-1153 -1188 0
-1154 -1155 0
-1154 -1156 0
-1154 -1157 0
-1154 -1158 0
-1154 -1159 0
-1154 -1160 0
-1154 -1161 0
-1154 -1162 0
-1154 -1163 0
-1154 -1164 0
-1154 -1165 0
-1154 -1166 0
-1154 -1167 0
-1154 -1168 0
-1154 -1169 0
-1154 -1170 0
-1154 -1171 0
-1154 -1172 0
-1154 -1173 0
-1154 -1174 0
-1154 -1175 0
-1154 -1176 0
-1154 -1177 0
-1154 -1178 0
-1154 -1179 0
-1154 -1180 0
-1154 -1181 0
-1154 -1182 0
-1154 -1183 0
-1154 -1184 0
-1154 -1185 0
-1154 -1186 0
-1154 -1187 0
-1154 -1188 0
-1155 -1156 0
-1155 -1157 0
-1155 -1158 0
-1155 -1159 0
-1155 -1160 0
-1155 -1161 0
-1155 -1162 0
-1155 -1163 0
-1155 -1164 0
-1155 -1165 0
-1155 -1166 0
-1155 -1167 0
-1155 -1168 0
-1155 -1169 0
-1155 -1170 0
-1155 -1171 0
-1155 -1172 0
-1155 -1173 0
-1155 -1174 0
-1155 -1175 0
-1155 -1176 0
-1155 -1177 0
-1155 -1178 0
-1155 -1179 0
-1155 -1180 0
-1155 -1181 0
-1155 -1182 0
-1155 -1183 0
-1155 -1184 0
-1155 -1185 0
-1155 -1186 0
-1155 -1187 0
-1155 -1188 0
-1156 -1157 0
-1156 -1158 0
-1156 -1159 0
-1156 -1160 0
-1156 -1161 0
-1156 -1162 0
-1156 -1163 0
-1156 -1164 0
-1156 -1165 0
-1156 -1166 0
-1156 -1167 0
-1156 -1168 0
-1156 -1169 0
-1156 -1170 0
-1156 -1171 0
-1156 -1172 0
-1156 -1173 0
-1156 -1174 0
-1156 -1175 0
-1156 -1176 0
-1156 -1177 0
-1156 -1178 0
-1156 -1179 0
-1156 -1180 0
-1156 -1181 0
-1156 -1182 0
-1156 -1183 0
-1156 -1184 0
-1156 -1185 0
-1156 -1186 0
-1156 -1187 0
-1156 -1188 0
-1157 -1158 0
-1157 -1159 0
-1157 -1160 0
-1157 -1161 0
-1157 -1162 0
-1157 -1163 0
-1157 -1164 0
-1157 -1165 0
-1157 -1166 0
-1157 -1167 0
-1157 -1168 0
-1157 -1169 0
-1157 -1170 0
-1157 -1171 0
-1157 -1172 0
-1157 -1173 0
-1157 -1174 0
-1157 -1175 0
-1157 -1176 0
-1157 -1177 0
-1157 -1178 0
-1157 -1179 0
-1157 -1180 0
-1157 -1181 0
-1157 -1182 0
-1157 -1183 0
-1157 -1184 0
-1157 -1185 0
-1157 -1186 0
-1157 -1187 0
-1157 -1188 0
-1158 -1159 0
-1158 -1160 0
-1158 -1161 0
-1158 -1162 0
-1158 -1163 0
-1158 -1164 0
-1158 -1165 0
-1158 -1166 0
-1158 -1167 0
-1158 -1168 0
-1158 -1169 0
-1158 -1170 0
-1158 -1171 0
-1158 -1172 0
-1158 -1173 0
-1158 -1174 0
-1158 -1175 0
-1158 -1176 0
-1158 -1177 0
-1158 -1178 0
-1158 -1179 0
-1158 -1180 0
-1158 -1181 0
-1158 -1182 0
-1158 -1183 0
-1158 -1184 0
-1158 -1185 0
-1158 -1186 0
-1158 -1187 0
-1158 -1188 0
-1159 -1160 0
-1159 -1161 0
-1159 -1162 0
-1159 -1163 0
-1159 -1164 0
-1159 -1165 0
-1159 -1166 0
-1159 -1167 0
-1159 -1168 0
-1159 -1169 0
-1159 -1170 0
-1159 -1171 0
-1159 -1172 0
-1159 -1173 0
-1159 -1174 0
-1159 -1175 0
-1159 -1176 0
-1159 -1177 0
-1159 -1178 0
-1159 -1179 0
-1159 -1180 0
-1159 -1181 0
-1159 -1182 0
-1159 -1183 0
-1159 -1184 0
-1159 -1185 0
-1159 -1186 0
-1159 -1187 0
-1159 -1188 0
-1160 -1161 0
-1160 -1162 0
-1160 -1163 0
-1160 -1164 0
-1160 -1165 0
-1160 -1166 0
-1160 -1167 0
-1160 -1168 0
-1160 -1169 0
-1160 -1170 0
-1160 -1171 0
-1160 -1172 0
-1160 -1173 0
-1160 -1174 0
-1160 -1175 0
-1160 -1176 0
-1160 -1177 0
-1160 -1178 0
-1160 -1179 0
-1160 -1180 0
-1160 -1181 0
-1160 -1182 0
-1160 -1183 0
-1160 -1184 0
-1160 -1185 0
-1160 -1186 0
-1160 -1187 0
-1160 -1188 0
-1161 -1162 0
-1161 -1163 0
-1161 -1164 0
-1161 -1165 0
-1161 -1166 0
-1161 -1167 0
-1161 -1168 0
-1161 -1169 0
-1161 -1170 0
-1161 -1171 0
-1161 -1172 0
-1161 -1173 0
-1161 -1174 0
-1161 -1175 0
-1161 -1176 0
-1161 -1177 0
-1161 -1178 0
-1161 -1179 0
-1161 -1180 0
-1161 -1181 0
-1161 -1182 0
-1161 -1183 0
-1161 -1184 0
-1161 -1185 0
-1161 -1186 0
-1161 -1187 0
-1161 -1188 0
-1162 -1163 0
-1162 -1164 0
-1162 -1165 0
-1162 -1166 0
-1162 -1167 0
-1162 -1168 0
-1162 -1169 0
-1162 -1170 0
-1162 -1171 0
-1162 -1172 0
-1162 -1173 0
-1162 -1174 0
-1162 -1175 0
-1162 -1176 0
-1162 -1177 0
-1162 -1178 0
-1162 -1179 0
-1162 -1180 0
-1162 -1181 0
-1162 -1182 0
-1162 -1183 0
-1162 -1184 0
-1162 -1185 0
-1162 -1186 0
-1162 -1187 0
-1162 -1188 0
-1163 -1164 0
-1163 -1165 0
-1163 -1166 0
-1163 -1167 0
-1163 -1168 0
-1163 -1169 0
-1163 -1170 0
-1163 -1171 0
-1163 -1172 0
-1163 -1173 0
-1163 -1174 0
-1163 -1175 0
-1163 -1176 0
-1163 -1177 0
-1163 -1178 0
-1163 -1179 0
-1163 -1180 0
-1163 -1181 0
-1163 -1182 0
-1163 -1183 0
-1163 -1184 0
-1163 -1185 0
-1163 -1186 0
-1163 -1187 0
-1163 -1188 0
-1164 -1165 0
-1164 -1166 0
-1164 -1167 0
-1164 -1168 0
-1164 -1169 0
-1164 -1170 0
-1164 -1171 0
-1164 -1172 0
-1164 -1173 0
-1164 -1174 0
-1164 -1175 0
-1164 -1176 0
-1164 -1177 0
-1164 -1178 0
-1164 -1179 0
-1164 -1180 0
-1164 -1181 0
-1164 -1182 0
-1164 -1183 0
-1164 -1184 0
-1164 -1185 0
-1164 -1186 0
-1164 -1187 0
-1164 -1188 0
-1165 -1166 0
-1165 -1167 0
-1165 -1168 0
-1165 -1169 0
-1165 -1170 0
-1165 -1171 0
-1165 -1172 0
-1165 -1173 0
-1165 -1174 0
-1165 -1175 0
-1165 -1176 0
-1165 -1177 0
-1165 -1178 0
-1165 -1179 0
-1165 -1180 0
-1165 -1181 0
-1165 -1182 0
-1165 -1183 0
-1165 -1184 0
-1165 -1185 0
-1165 -1186 0
-1165 -1187 0
-1165 -1188 0
-1166 -1167 0
-1166 -1168 0
-1166 -1169 0
-1166 -1170 0
-1166 -1171 0
-1166 -1172 0
-1166 -1173 0
-1166 -1174 0
-1166 -1175 0
-1166 -1176 0
-1166 -1177 0
-1166 -1178 0
-1166 -1179 0
-1166 -1180 0
-1166 -1181 0
-1166 -1182 0
-1166 -1183 0
-1166 -1184 0
-1166 -1185 0
-1166 -1186 0
-1166 -1187 0
-1166 -1188 0
-1167 -1168 0
-1167 -1169 0
-1167 -1170 0
-1167 -1171 0
-1167 -1172 0
-1167 -1173 0
-1167 -1174 0
-1167 -1175 0
-1167 -1176 0
-1167 -1177 0
-1167 -1178 0
-1167 -1179 0
-1167 -1180 0
-1167 -1181 0
-1167 -1182 0
-1167 -1183 0
-1167 -1184 0
-1167 -1185 0
-1167 -1186 0
-1167 -1187 0
-1167 -1188 0
-1168 -1169 0
-1168 -1170 0
-1168 -1171 0
-1168 -1172 0
-1168 -1173 0
-1168 -1174 0
-1168 -1175 0
-1168 -1176 0
-1168 -1177 0
-1168 -1178 0
-1168 -1179 0
-1168 -1180 0
-1168 -1181 0
-1168 -1182 0
-1168 -1183 0
-1168 -1184 0
-1168 -1185 0
-1168 -1186 0
-1168 -1187 0
-1168 -1188 0
-1169 -1170 0
-1169 -1171 0
-1169 -1172 0
-1169 -1173 0
-1169 -1174 0
-1169 -1175 0
-1169 -1176 0
-1169 -1177 0
-1169 -1178 0
-1169 -1179 0
-1169 -1180 0
-1169 -1181 0
-1169 -1182 0
-1169 -1183 0
-1169 -1184 0
-1169 -1185 0
-1169 -1186 0
-1169 -1187 0
-1169 -1188 0
-1170 -1171 0
-1170 -1172 0
-1170 -1173 0
-1170 -1174 0
-1170 -1175 0
-1170 -1176 0
-1170 -1177 0
-1170 -1178 0
-1170 -1179 0
-1170 -1180 0
-1170 -1181 0
-1170 -1182 0
-1170 -1183 0
-1170 -1184 0
-1170 -1185 0
-1170 -1186 0
-1170 -1187 0
-1170 -1188 0
-1171 -1172 0
-1171 -1173 0
-1171 -1174 0
-1171 -1175 0
-1171 -1176 0
-1171 -1177 0
-1171 -1178 0
-1171 -1179 0
-1171 -1180 0
-1171 -1181 0
-1171 -1182 0
-1171 -1183 0
-1171 -1184 0
-1171 -1185 0
-1171 -1186 0
-1171 -1187 0
-1171 -1188 0
-1172 -1173 0
-1172 -1174 0
-1172 -1175 0
-1172 -1176 0
-1172 -1177 0
-1172 -1178 0
-1172 -1179 0
-1172 -1180 0
-1172 -1181 0
-1172 -1182 0
-1172 -1183 0
-1172 -1184 0
-1172 -1185 0
-1172 -1186 0
-1172 -1187 0
-1172 -1188 0
-1173 -1174 0
-1173 -1175 0
-1173 -1176 0
-1173 -1177 0
-1173 -1178 0
-1173 -1179 0
-1173 -1180 0
-1173 -1181 0
-1173 -1182 0
-1173 -1183 0
-1173 -1184 0
-1173 -1185 0
-1173 -1186 0
-1173 -1187 0
-1173 -1188 0
-1174 -1175 0
-1174 -1176 0
-1174 -1177 0
-1174 -1178 0
-1174 -1179 0
-1174 -1180 0
-1174 -1181 0
-1174 -1182 0
-1174 -1183 0
-1174 -1184 0
-1174 -1185 0
-1174 -1186 0
-1174 -1187 0
-1174 -1188 0
-1175 -1176 0
-1175 -1177 0
-1175 -1178 0
-1175 -1179 0
-1175 -1180 0
-1175 -1181 0
-1175 -1182 0
-1175 -1183 0
-1175 -1184 0
-1175 -1185 0
-1175 -1186 0
-1175 -1187 0
-1175 -1188 0
-1176 -1177 0
-1176 -1178 0
-1176 -1179 0
-1176 -1180 0
-1176 -1181 0
-1176 -1182 0
-1176 -1183 0
-1176 -1184 0
-1176 -1185 0
-1176 -1186 0
-1176 -1187 0
-1176 -1188 0
-1177 -1178 0
-1177 -1179 0
-1177 -1180 0
-1177 -1181 0
-1177 -1182 0
-1177 -1183 0
-1177 -1184 0
-1177 -1185 0
-1177 -1186 0
-1177 -1187 0
-1177 -1188 0
-1178 -1179 0
-1178 -1180 0
-1178 -1181 0
-1178 -1182 0
-1178 -1183 0
-1178 -1184 0
-1178 -1185 0
-1178 -1186 0
-1178 -1187 0
-1178 -1188 0
-1179 -1180 0
-1179 -1181 0
-1179 -1182 0
-1179 -1183 0
-1179 -1184 0
-1179 -1185 0
-1179 -1186 0
-1179 -1187 0
-1179 -1188 0
-1180 -1181 0
-1180 -1182 0
-1180 -1183 0
-1180 -1184 0
-1180 -1185 0
-1180 -1186 0
-1180 -1187 0
-1180 -1188 0
-1181 -1182 0
-1181 -1183 0
-1181 -1184 0
-1181 -1185 0
-1181 -1186 0
-1181 -1187 0
-1181 -1188 0
-1182 -1183 0
-1182 -1184 0
-1182 -1185 0
-1182 -1186 0
-1182 -1187 0
-1182 -1188 0
-1183 -1184 0
-1183 -1185 0
-1183 -1186 0
-1183 -1187 0
-1183 -1188 0
-1184 -1185 0
-1184 -1186 0
-1184 -1187 0
-1184 -1188 0
-1185 -1186 0
-1185 -1187 0
-1185 -1188 0
-1186 -1187 0
-1186 -1188 0
-1187 -1188 0
-1189 -1190 0
-1189 -1191 0
-1189 -1192 0
-1189 -1193 0
-1189 -1194 0
-1189 -1195 0
-1189 -1196 0
-1189 -1197 0
-1189 -1198 0
-1189 -1199 0
-1189 -1200 0
-1189 -1201 0
-1189 -1202 0
-1189 -1203 0
-1189 -1204 0
-1189 -1205 0
-1189 -1206 0
-1189 -1207 0
-1189 -1208 0
-1189 -1209 0
-1189 -1210 0
-1189 -1211 0
-1189 -1212 0
-1189 -1213 0
-1189 -1214 0
-1189 -1215 0
-1189 -1216 0
-1189 -1217 0
-1189 -1218 0
-1189 -1219 0
-1189 -1220 0
-1189 -1221 0
-1189 -1222 0
-1189 -1223 0
-1189 -1224 0
-1190 -1191 0
-1190 -1192 0
-1190 -1193 0
-1190 -1194 0
-1190 -1195 0
-1190 -1196 0
-1190 -1197 0
-1190 -1198 0
-1190 -1199 0
-1190 -1200 0
-1190 -1201 0
-1190 -1202 0
-1190 -1203 0
-1190 -1204 0
-1190 -1205 0
-1190 -1206 0
-1190 -1207 0
-1190 -1208 0
-1190 -1209 0
-1190 -1210 0
-1190 -1211 0
-1190 -1212 0
-1190 -1213 0
-1190 -1214 0
-1190 -1215 0
-1190 -1216 0
-1190 -1217 0
-1190 -1218 0
-1190 -1219 0
-1190 -1220 0
-1190 -1221 0
-1190 -1222 0
-1190 -1223 0
-1190 -1224 0
-1191 -1192 0
-1191 -1193 0
-1191 -1194 0
-1191 -1195 0
-1191 -1196 0
-1191 -1197 0
-1191 -1198 0
-1191 -1199 0
-1191 -1200 0
-1191 -1201 0
-1191 -1202 0
-1191 -1203 0
-1191 -1204 0
-1191 -1205 0
-1191 -1206 0
-1191 -1207 0
-1191 -1208 0
-1191 -1209 0
-1191 -1210 0
-1191 -1211 0
-1191 -1212 0
-1191 -1213 0
-1191 -1214 0
-1191 -1215 0
-1191 -1216 0
-1191 -1217 0
-1191 -1218 0
-1191 -1219 0
-1191 -1220 0
-1191 -1221 0
-1191 -1222 0
-1191 -1223 0
-1191 -1224 0
-1192 -1193 0
-1192 -1194 0
-1192 -1195 0
-1192 -1196 0
-1192 -1197 0
-1192 -1198 0
-1192 -1199 0
-1192 -1200 0
-1192 -1201 0
-1192 -1202 0
-1192 -1203 0
-1192 -1204 0
-1192 -1205 0
-1192 -1206 0
-1192 -1207 0
-1192 -1208 0
-1192 -1209 0
-1192 -1210 0
-1192 -1211 0
-1192 -1212 0
-1192 -1213 0
-1192 -1214 0
-1192 -1215 0
-1192 -1216 0
-1192 -1217 0
-1192 -1218 0
-1192 -1219 0
-1192 -1220 0
-1192 -1221 0
-1192 -1222 0
-1192 -1223 0
-1192 -1224 0
-1193 -1194 0
-1193 -1195 0
-1193 -1196 0
-1193 -1197 0
-1193 -1198 0
-1193 -1199 0
-1193 -1200 0
-1193 -1201 0
-1193 -1202 0
-1193 -1203 0
-1193 -1204 0
-1193 -1205 0
-1193 -1206 0
-1193 -1207 0
-1193 -1208 0
-1193 -1209 0
-1193 -1210 0
-1193 -1211 0
-1193 -1212 0
-1193 -1213 0
-1193 -1214 0
-1193 -1215 0
-1193 -1216 0
-1193 -1217 0
-1193 -1218 0
-1193 -1219 0
-1193 -1220 0
-1193 -1221 0
-1193 -1222 0
-1193 -1223 0
-1193 -1224 0
-1194 -1195 0
-1194 -1196 0
-1194 -1197 0
-1194 -1198 0
-1194 -1199 0
-1194 -1200 0
-1194 -1201 0
-1194 -1202 0
-1194 -1203 0
-1194 -1204 0
-1194 -1205 0
-1194 -1206 0
-1194 -1207 0
-1194 -1208 0
-1194 -1209 0
-1194 -1210 0
-1194 -1211 0
-1194 -1212 0
-1194 -1213 0
-1194 -1214 0
-1194 -1215 0
-1194 -1216 0
-1194 -1217 0
-1194 -1218 0
-1194 -1219 0
-1194 -1220 0
-1194 -1221 0
-1194 -1222 0
-1194 -1223 0
-1194 -1224 0
-1195 -1196 0
-1195 -1197 0
-1195 -1198 0
-1195 -1199 0
-1195 -1200 0
-1195 -1201 0
-1195 -1202 0
-1195 -1203 0
-1195 -1204 0
-1195 -1205 0
-1195 -1206 0
-1195 -1207 0
-1195 -1208 0
-1195 -1209 0
-1195 -1210 0
-1195 -1211 0
-1195 -1212 0
-1195 -1213 0
-1195 -1214 0
-1195 -1215 0
-1195 -1216 0
-1195 -1217 0
-1195 -1218 0
-1195 -1219 0
-1195 -1220 0
-1195 -1221 0
-1195 -1222 0
-1195 -1223 0
-1195 -1224 0
-1196 -1197 0
-1196 -1198 0
-1196 -1199 0
-1196 -1200 0
-1196 -1201 0
-1196 -1202 0
-1196 -1203 0
-1196 -1204 0
-1196 -1205 0
-1196 -1206 0
-1196 -1207 0
-1196 -1208 0
-1196 -1209 0
-1196 -1210 0
-1196 -1211 0
-1196 -1212 0
-1196 -1213 0
-1196 -1214 0
-1196 -1215 0
-1196 -1216 0
-1196 -1217 0
-1196 -1218 0
-1196 -1219 0
-1196 -1220 0
-1196 -1221 0
-1196 -1222 0
-1196 -1223 0
-1196 -1224 0
-1197 -1198 0
-1197 -1199 0
-1197 -1200 0
-1197 -1201 0
-1197 -1202 0
-1197 -1203 0
-1197 -1204 0
-1197 -1205 0
-1197 -1206 0
-1197 -1207 0
-1197 -1208 0
-1197 -1209 0
-1197 -1210 0
-1197 -1211 0
-1197 -1212 0
-1197 -1213 0
-1197 -1214 0
-1197 -1215 0
-1197 -1216 0
-1197 -1217 0
-1197 -1218 0
-1197 -1219 0
-1197 -1220 0
-1197 -1221 0
-1197 -1222 0
-1197 -1223 0
-1197 -1224 0
-1198 -1199 0
-1198 -1200 0
-1198 -1201 0
-1198 -1202 0
-1198 -1203 0
-1198 -1204 0
-1198 -1205 0
-1198 -1206 0
-1198 -1207 0
-1198 -1208 0
-1198 -1209 0
-1198 -1210 0
-1198 -1211 0
-1198 -1212 0
-1198 -1213 0
-1198 -1214 0
-1198 -1215 0
-1198 -1216 0
-1198 -1217 0
-1198 -1218 0
-1198 -1219 0
-1198 -1220 0
-1198 -1221 0
-1198 -1222 0
-1198 -1223 0
-1198 -1224 0
-1199 -1200 0
-1199 -1201 0
-1199 -1202 0
-1199 -1203 0
-1199 -1204 0
-1199 -1205 0
-1199 -1206 0
-1199 -1207 0
-1199 -1208 0
-1199 -1209 0
-1199 -1210 0
-1199 -1211 0
-1199 -1212 0
-1199 -1213 0
-1199 -1214 0
-1199 -1215 0
-1199 -1216 0
-1199 -1217 0
-1199 -1218 0
-1199 -1219 0
-1199 -1220 0
-1199 -1221 0
-1199 -1222 0
-1199 -1223 0
-1199 -1224 0
-1200 -1201 0
-1200 -1202 0
-1200 -1203 0
-1200 -1204 0
-1200 -1205 0
-1200 -1206 0
-1200 -1207 0
-1200 -1208 0
-1200 -1209 0
-1200 -1210 0
-1200 -1211 0
-1200 -1212 0
-1200 -1213 0
-1200 -1214 0
-1200 -1215 0
-1200 -1216 0
-1200 -1217 0
-1200 -1218 0
-1200 -1219 0
-1200 -1220 0
-1200 -1221 0
-1200 -1222 0
-1200 -1223 0
-1200 -1224 0
-1201 -1202 0
-1201 -1203 0
-1201 -1204 0
-1201 -1205 0
-1201 -1206 0
-1201 -1207 0
-1201 -1208 0
-1201 -1209 0
-1201 -1210 0
-1201 -1211 0
-1201 -1212 0
-1201 -1213 0
-1201 -1214 0
-1201 -1215 0
-1201 -1216 0
-1201 -1217 0
-1201 -1218 0
-1201 -1219 0
-1201 -1220 0
-1201 -1221 0
-1201 -1222 0
-1201 -1223 0
-1201 -1224 0
-1202 -1203 0
-1202 -1204 0
-1202 -1205 0
-1202 -1206 0
-1202 -1207 0
-1202 -1208 0
-1202 -1209 0
-1202 -1210 0
-1202 -1211 0
-1202 -1212 0
-1202 -1213 0
-1202 -1214 0
-1202 -1215 0
-1202 -1216 0
-1202 -1217 0
-1202 -1218 0
-1202 -1219 0
-1202 -1220 0
-1202 -1221 0
-1202 -1222 0
-1202 -1223 0
-1202 -1224 0
-1203 -1204 0
-1203 -1205 0
-1203 -1206 0
-1203 -1207 0
-1203 -1208 0
-1203 -1209 0
-1203 -1210 0
-1203 -1211 0
-1203 -1212 0
-1203 -1213 0
-1203 -1214 0
-1203 -1215 0
-1203 -1216 0
-1203 -1217 0
-1203 -1218 0
-1203 -1219 0
-1203 -1220 0
-1203 -1221 0
-1203 -1222 0
-1203 -1223 0
-1203 -1224 0
-1204 -1205 0
-1204 -1206 0
-1204 -1207 0
-1204 -1208 0
-1204 -1209 0
-1204 -1210 0
-1204 -1211 0
-1204 -1212 0
-1204 -1213 0
-1204 -1214 0
-1204 -1215 0
-1204 -1216 0
-1204 -1217 0
-1204 -1218 0
-1204 -1219 0
-1204 -1220 0
-1204 -1221 0
-1204 -1222 0
-1204 -1223 0
-1204 -1224 0
-1205 -1206 0
-1205 -1207 0
-1205 -1208 0
-1205 -1209 0
-1205 -1210 0
-1205 -1211 0
-1205 -1212 0
-1205 -1213 0
-1205 -1214 0
-1205 -1215 0
-1205 -1216 0
-1205 -1217 0
-1205 -1218 0
-1205 -1219 0
-1205 -1220 0
-1205 -1221 0
-1205 -1222 0
-1205 -1223 0
-1205 -1224 0
-1206 -1207 0
-1206 -1208 0
-1206 -1209 0
-1206 -1210 0
-1206 -1211 0
-1206 -1212 0
-1206 -1213 0
-1206 -1214 0
-1206 -1215 0
-1206 -1216 0
-1206 -1217 0
-1206 -1218 0
-1206 -1219 0
-1206 -1220 0
-1206 -1221 0
-1206 -1222 0
-1206 -1223 0
-1206 -1224 0
-1207 -1208 0
-1207 -1209 0
-1207 -1210 0
-1207 -1211 0
-1207 -1212 0
-1207 -1213 0
-1207 -1214 0
-1207 -1215 0
-1207 -1216 0
-1207 -1217 0
-1207 -1218 0
-1207 -1219 0
-1207 -1220 0
-1207 -1221 0
-1207 -1222 0
-1207 -1223 0
-1207 -1224 0
-1208 -1209 0
-1208 -1210 0
-1208 -1211 0
-1208 -1212 0
-1208 -1213 0
-1208 -1214 0
-1208 -1215 0
-1208 -1216 0
-1208 -1217 0
-1208 -1218 0
-1208 -1219 0
-1208 -1220 0
-1208 -1221 0
-1208 -1222 0
-1208 -1223 0
-1208 -1224 0
-1209 -1210 0
-1209 -1211 0
-1209 -1212 0
-1209 -1213 0
-1209 -1214 0
-1209 -1215 0
-1209 -1216 0
-1209 -1217 0
-1209 -1218 0
-1209 -1219 0
-1209 -1220 0
-1209 -1221 0
-1209 -1222 0
-1209 -1223 0
-1209 -1224 0
-1210 -1211 0
-1210 -1212 0
-1210 -1213 0
-1210 -1214 0
-1210 -1215 0
-1210 -1216 0
-1210 -1217 0
-1210 -1218 0
-1210 -1219 0
-1210 -1220 0
-1210 -1221 0
-1210 -1222 0
-1210 -1223 0
-1210 -1224 0
-1211 -1212 0
-1211 -1213 0
-1211 -1214 0
-1211 -1215 0
-1211 -1216 0
-1211 -1217 0
-1211 -1218 0
-1211 -1219 0
-1211 -1220 0
-1211 -1221 0
-1211 -1222 0
-1211 -1223 0
-1211 -1224 0
-1212 -1213 0
-1212 -1214 0
-1212 -1215 0
-1212 -1216 0
-1212 -1217 0
-1212 -1218 0
-1212 -1219 0
-1212 -1220 0
-1212 -1221 0
-1212 -1222 0
-1212 -1223 0
-1212 -1224 0
-1213 -1214 0
-1213 -1215 0
-1213 -1216 0
-1213 -1217 0
-1213 -1218 0
-1213 -1219 0
-1213 -1220 0
-1213 -1221 0
-1213 -1222 0
-1213 -1223 0
-1213 -1224 0
-1214 -1215 0
-1214 -1216 0
-1214 -1217 0
-1214 -1218 0
-1214 -1219 0
-1214 -1220 0
-1214 -1221 0
-1214 -1222 0
-1214 -1223 0
-1214 -1224 0
-1215 -1216 0
-1215 -1217 0
-1215 -1218 0
-1215 -1219 0
-1215 -1220 0
-1215 -1221 0
-1215 -1222 0
-1215 -1223 0
-1215 -1224 0
-1216 -1217 0
-1216 -1218 0
-1216 -1219 0
-1216 -1220 0
-1216 -1221 0
-1216 -1222 0
-1216 -1223 0
-1216 -1224 0
-1217 -1218 0
-1217 -1219 0
-1217 -1220 0
-1217 -1221 0
-1217 -1222 0
-1217 -1223 0
-1217 -1224 0
-1218 -1219 0
-1218 -1220 0
-1218 -1221 0
-1218 -1222 0
-1218 -1223 0
-1218 -1224 0
-1219 -1220 0
-1219 -1221 0
-1219 -1222 0
-1219 -1223 0
-1219 -1224 0
-1220 -1221 0
-1220 -1222 0
-1220 -1223 0
-1220 -1224 0
-1221 -1222 0
-1221 -1223 0
-1221 -1224 0
-1222 -1223 0
-1222 -1224 0
-1223 -1224 0
-1225 -1226 0
-1225 -1227 0
-1225 -1228 0
-1225 -1229 0
-1225 -1230 0
-1225 -1231 0
-1225 -1232 0
-1225 -1233 0
-1225 -1234 0
-1225 -1235 0
-1225 -1236 0
-1225 -1237 0
-1225 -1238 0
-1225 -1239 0
-1225 -1240 0
-1225 -1241 0
-1225 -1242 0
-1225 -1243 0
-1225 -1244 0
-1225 -1245 0
-1225 -1246 0
-1225 -1247 0
-1225 -1248 0
-1225 -1249 0
-1225 -1250 0
-1225 -1251 0
-1225 -1252 0
-1225 -1253 0
-1225 -1254 0
-1225 -1255 0
-1225 -1256 0
-1225 -1257 0
-1225 -1258 0
-1225 -1259 0
-1225 -1260 0
-1226 -1227 0
-1226 -1228 0
-1226 -1229 0
-1226 -1230 0
-1226 -1231 0
-1226 -1232 0
-1226 -1233 0
-1226 -1234 0
-1226 -1235 0
-1226 -1236 0
-1226 -1237 0
-1226 -1238 0
-1226 -1239 0
-1226 -1240 0
-1226 -1241 0
-1226 -1242 0
-1226 -1243 0
-1226 -1244 0
-1226 -1245 0
-1226 -1246 0
-1226 -1247 0
-1226 -1248 0
-1226 -1249 0
-1226 -1250 0
-1226 -1251 0
-1226 -1252 0
-1226 -1253 0
-1226 -1254 0
-1226 -1255 0
-1226 -1256 0
-1226 -1257 0
-1226 -1258 0
-1226 -1259 0
-1226 -1260 0
-1227 -1228 0
-1227 -1229 0
-1227 -1230 0
-1227 -1231 0
-1227 -1232 0
-1227 -1233 0
-1227 -1234 0
-1227 -1235 0
-1227 -1236 0
-1227 -1237 0
-1227 -1238 0
-1227 -1239 0
-1227 -1240 0
-1227 -1241 0
-1227 -1242 0
-1227 -1243 0
-1227 -1244 0
-1227 -1245 0
-1227 -1246 0
-1227 -1247 0
-1227 -1248 0
-1227 -1249 0
-1227 -1250 0
-1227 -1251 0
-1227 -1252 0
-1227 -1253 0
-1227 -1254 0
-1227 -1255 0
-1227 -1256 0
-1227 -1257 0
-1227 -1258 0
-1227 -1259 0
-1227 -1260 0
-1228 -1229 0
-1228 -1230 0
-1228 -1231 0
-1228 -1232 0
-1228 -1233 0
-1228 -1234 0
-1228 -1235 0
-1228 -1236 0
-1228 -1237 0
-1228 -1238 0
-1228 -1239 0
-1228 -1240 0
-1228 -1241 0
-1228 -1242 0
-1228 -1243 0
-1228 -1244 0
-1228 -1245 0
-1228 -1246 0
-1228 -1247 0
-1228 -1248 0
-1228 -1249 0
-1228 -1250 0
-1228 -1251 0
-1228 -1252 0
-1228 -1253 0
-1228 -1254 0
-1228 -1255 0
-1228 -1256 0
-1228 -1257 0
-1228 -1258 0
-1228 -1259 0
-1228 -1260 0
-1229 -1230 0
-1229 -1231 0
-1229 -1232 0
-1229 -1233 0
-1229 -1234 0
-1229 -1235 0
-1229 -1236 0
-1229 -1237 0
-1229 -1238 0
-1229 -1239 0
-1229 -1240 0
-1229 -1241 0
-1229 -1242 0
-1229 -1243 0
-1229 -1244 0
-1229 -1245 0
-1229 -1246 0
-1229 -1247 0
-1229 -1248 0
-1229 -1249 0
-1229 -1250 0
-1229 -1251 0
-1229 -1252 0
-1229 -1253 0
-1229 -1254 0
-1229 -1255 0
-1229 -1256 0
-1229 -1257 0
-1229 -1258 0
-1229 -1259 0
-1229 -1260 0
-1230 -1231 0
-1230 -1232 0
-1230 -1233 0
-1230 -1234 0
-1230 -1235 0
-1230 -1236 0
-1230 -1237 0
-1230 -1238 0
-1230 -1239 0
-1230 -1240 0
-1230 -1241 0
-1230 -1242 0
-1230 -1243 0
-1230 -1244 0
-1230 -1245 0
-1230 -1246 0
-1230 -1247 0
-1230 -1248 0
-1230 -1249 0
-1230 -1250 0
-1230 -1251 0
-1230 -1252 0
-1230 -1253 0
-1230 -1254 0
-1230 -1255 0
-1230 -1256 0
-1230 -1257 0
-1230 -1258 0
-1230 -1259 0
-1230 -1260 0
-1231 -1232 0
-1231 -1233 0
-1231 -1234 0
-1231 -1235 0
-1231 -1236 0
-1231 -1237 0
-1231 -1238 0
-1231 -1239 0
-1231 -1240 0
-1231 -1241 0
-1231 -1242 0
-1231 -1243 0
-1231 -1244 0
-1231 -1245 0
-1231 -1246 0
-1231 -1247 0
-1231 -1248 0
-1231 -1249 0
-1231 -1250 0
-1231 -1251 0
-1231 -1252 0
-1231 -1253 0
-1231 -1254 0
-1231 -1255 0
-1231 -1256 0
-1231 -1257 0
-1231 -1258 0
-1231 -1259 0
-1231 -1260 0
-1232 -1233 0
-1232 -1234 0
-1232 -1235 0
-1232 -1236 0
-1232 -1237 0
-1232 -1238 0
-1232 -1239 0
-1232 -1240 0
-1232 -1241 0
-1232 -1242 0
-1232 -1243 0
-1232 -1244 0
-1232 -1245 0
-1232 -1246 0
-1232 -1247 0
-1232 -1248 0
-1232 -1249 0
-1232 -1250 0
-1232 -1251 0
-1232 -1252 0
-1232 -1253 0
-1232 -1254 0
-1232 -1255 0
-1232 -1256 0
-1232 -1257 0
-1232 -1258 0
-1232 -1259 0
-1232 -1260 0
-1233 -1234 0
-1233 -1235 0
-1233 -1236 0
-1233 -1237 0
-1233 -1238 0
-1233 -1239 0
-1233 -1240 0
-1233 -1241 0
-1233 -1242 0
-1233 -1243 0
-1233 -1244 0
-1233 -1245 0
-1233 -1246 0
-1233 -1247 0
-1233 -1248 0
-1233 -1249 0
-1233 -1250 0
-1233 -1251 0
-1233 -1252 0
-1233 -1253 0
-1233 -1254 0
-1233 -1255 0
-1233 -1256 0
-1233 -1257 0
-1233 -1258 0
-1233 -1259 0
-1233 -1260 0
-1234 -1235 0
-1234 -1236 0
-1234 -1237 0
-1234 -1238 0
-1234 -1239 0
-1234 -1240 0
-1234 -1241 0
-1234 -1242 0
-1234 -1243 0
-1234 -1244 0
-1234 -1245 0
-1234 -1246 0
-1234 -1247 0
-1234 -1248 0
-1234 -1249 0
-1234 -1250 0
-1234 -1251 0
-1234 -1252 0
-1234 -1253 0
-1234 -1254 0
-1234 -1255 0
-1234 -1256 0
-1234 -1257 0
-1234 -1258 0
-1234 -1259 0
-1234 -1260 0
-1235 -1236 0
-1235 -1237 0
-1235 -1238 0
-1235 -1239 0
-1235 -1240 0
-1235 -1241 0
-1235 -1242 0
-1235 -1243 0
-1235 -1244 0
-1235 -1245 0
-1235 -1246 0
-1235 -1247 0
-1235 -1248 0
-1235 -1249 0
-1235 -1250 0
-1235 -1251 0
-1235 -1252 0
-1235 -1253 0
-1235 -1254 0
-1235 -1255 0
-1235 -1256 0
-1235 -1257 0
-1235 -1258 0
-1235 -1259 0
-1235 -1260 0
-1236 -1237 0
-1236 -1238 0
-1236 -1239 0
-1236 -1240 0
-1236 -1241 0
-1236 -1242 0
-1236 -1243 0
-1236 -1244 0
-1236 -1245 0
-1236 -1246 0
-1236 -1247 0
-1236 -1248 0
-1236 -1249 0
-1236 -1250 0
-1236 -1251 0
-1236 -1252 0
-1236 -1253 0
-1236 -1254 0
-1236 -1255 0
-1236 -1256 0
-1236 -1257 0
-1236 -1258 0
-1236 -1259 0
-1236 -1260 0
-1237 -1238 0
-1237 -1239 0
-1237 -1240 0
-1237 -1241 0
-1237 -1242 0
-1237 -1243 0
-1237 -1244 0
-1237 -1245 0
-1237 -1246 0
-1237 -1247 0
-1237 -1248 0
-1237 -1249 0
-1237 -1250 0
-1237 -1251 0
-1237 -1252 0
-1237 -1253 0
-1237 -1254 0
-1237 -1255 0
-1237 -1256 0
-1237 -1257 0
-1237 -1258 0
-1237 -1259 0
-1237 -1260 0
-1238 -1239 0
-1238 -1240 0
-1238 -1241 0
-1238 -1242 0
-1238 -1243 0
-1238 -1244 0
-1238 -1245 0
-1238 -1246 0
-1238 -1247 0
-1238 -1248 0
-1238 -1249 0
-1238 -1250 0
-1238 -1251 0
-1238 -1252 0
-1238 -1253 0
-1238 -1254 0
-1238 -1255 0
-1238 -1256 0
-1238 -1257 0
-1238 -1258 0
-1238 -1259 0
-1238 -1260 0
-1239 -1240 0
-1239 -1241 0
-1239 -1242 0
-1239 -1243 0
-1239 -1244 0
-1239 -1245 0
-1239 -1246 0
-1239 -1247 0
-1239 -1248 0
-1239 -1249 0
-1239 -1250 0
-1239 -1251 0
-1239 -1252 0
-1239 -1253 0
-1239 -1254 0
-1239 -1255 0
-1239 -1256 0
-1239 -1257 0
-1239 -1258 0
-1239 -1259 0
-1239 -1260 0
-1240 -1241 0
-1240 -1242 0
-1240 -1243 0
-1240 -1244 0
-1240 -1245 0
-1240 -1246 0
-1240 -1247 0
-1240 -1248 0
-1240 -1249 0
-1240 -1250 0
-1240 -1251 0
-1240 -1252 0
-1240 -1253 0
-1240 -1254 0
-1240 -1255 0
-1240 -1256 0
-1240 -1257 0
-1240 -1258 0
-1240 -1259 0
-1240 -1260 0
-1241 -1242 0
-1241 -1243 0
-1241 -1244 0
-1241 -1245 0
-1241 -1246 0
-1241 -1247 0
-1241 -1248 0
-1241 -1249 0
-1241 -1250 0
-1241 -1251 0
-1241 -1252 0
-1241 -1253 0
-1241 -1254 0
-1241 -1255 0
-1241 -1256 0
-1241 -1257 0
-1241 -1258 0
-1241 -1259 0
-1241 -1260 0
-1242 -1243 0
-1242 -1244 0
-1242 -1245 0
-1242 -1246 0
-1242 -1247 0
-1242 -1248 0
-1242 -1249 0
-1242 -1250 0
-1242 -1251 0
-1242 -1252 0
-1242 -1253 0
-1242 -1254 0
-1242 -1255 0
-1242 -1256 0
-1242 -1257 0
-1242 -1258 0
-1242 -1259 0
-1242 -1260 0
-1243 -1244 0
-1243 -1245 0
-1243 -1246 0
-1243 -1247 0
-1243 -1248 0
-1243 -1249 0
-1243 -1250 0
-1243 -1251 0
-1243 -1252 0
-1243 -1253 0
-1243 -1254 0
-1243 -1255 0
-1243 -1256 0
-1243 -1257 0
-1243 -1258 0
-1243 -1259 0
-1243 -1260 0
-1244 -1245 0
-1244 -1246 0
-1244 -1247 0
-1244 -1248 0
-1244 -1249 0
-1244 -1250 0
-1244 -1251 0
-1244 -1252 0
-1244 -1253 0
-1244 -1254 0
-1244 -1255 0
-1244 -1256 0
-1244 -1257 0
-1244 -1258 0
-1244 -1259 0
-1244 -1260 0
-1245 -1246 0
-1245 -1247 0
-1245 -1248 0
-1245 -1249 0
-1245 -1250 0
-1245 -1251 0
-1245 -1252 0
-1245 -1253 0
-1245 -1254 0
-1245 -1255 0
-1245 -1256 0
-1245 -1257 0
-1245 -1258 0
-1245 -1259 0
-1245 -1260 0
-1246 -1247 0
-1246 -1248 0
-1246 -1249 0
-1246 -1250 0
-1246 -1251 0
-1246 -1252 0
-1246 -1253 0
-1246 -1254 0
-1246 -1255 0
-1246 -1256 0
-1246 -1257 0
-1246 -1258 0
-1246 -1259 0
-1246 -1260 0
-1247 -1248 0
-1247 -1249 0
-1247 -1250 0
-1247 -1251 0
-1247 -1252 0
-1247 -1253 0
-1247 -1254 0
-1247 -1255 0
-1247 -1256 0
-1247 -1257 0
-1247 -1258 0
-1247 -1259 0
-1247 -1260 0
-1248 -1249 0
-1248 -1250 0
-1248 -1251 0
-1248 -1252 0
-1248 -1253 0
-1248 -1254 0
-1248 -1255 0
-1248 -1256 0
-1248 -1257 0
-1248 -1258 0
-1248 -1259 0
-1248 -1260 0
-1249 -1250 0
-1249 -1251 0
-1249 -1252 0
-1249 -1253 0
-1249 -1254 0
-1249 -1255 0
-1249 -1256 0
-1249 -1257 0
-1249 -1258 0
-1249 -1259 0
-1249 -1260 0
-1250 -1251 0
-1250 -1252 0
-1250 -1253 0
-1250 -1254 0
-1250 -1255 0
-1250 -1256 0
-1250 -1257 0
-1250 -1258 0
-1250 -1259 0
-1250 -1260 0
-1251 -1252 0
-1251 -1253 0
-1251 -1254 0
-1251 -1255 0
-1251 -1256 0
-1251 -1257 0
-1251 -1258 0
-1251 -1259 0
-1251 -1260 0
-1252 -1253 0
-1252 -1254 0
-1252 -1255 0
-1252 -1256 0
-1252 -1257 0
-1252 -1258 0
-1252 -1259 0
-1252 -1260 0
-1253 -1254 0
-1253 -1255 0
-1253 -1256 0
-1253 -1257 0
-1253 -1258 0
-1253 -1259 0
-1253 -1260 0
-1254 -1255 0
-1254 -1256 0
-1254 -1257 0
-1254 -1258 0
-1254 -1259 0
-1254 -1260 0
-1255 -1256 0
-1255 -1257 0
-1255 -1258 0
-1255 -1259 0
-1255 -1260 0
-1256 -1257 0
-1256 -1258 0
-1256 -1259 0
-1256 -1260 0
-1257 -1258 0
-1257 -1259 0
-1257 -1260 0
-1258 -1259 0
-1258 -1260 0
-1259 -1260 0
-1261 -1262 0
-1261 -1263 0
-1261 -1264 0
-1261 -1265 0
-1261 -1266 0
-1261 -1267 0
-1261 -1268 0
-1261 -1269 0
-1261 -1270 0
-1261 -1271 0
-1261 -1272 0
-1261 -1273 0
-1261 -1274 0
-1261 -1275 0
-1261 -1276 0
-1261 -1277 0
-1261 -1278 0
-1261 -1279 0
-1261 -1280 0
-1261 -1281 0
-1261 -1282 0
-1261 -1283 0
-1261 -1284 0
-1261 -1285 0
-1261 -1286 0
-1261 -1287 0
-1261 -1288 0
-1261 -1289 0
-1261 -1290 0
-1261 -1291 0
-1261 -1292 0
-1261 -1293 0
-1261 -1294 0
-1261 -1295 0
-1261 -1296 0
-1262 -1263 0
-1262 -1264 0
-1262 -1265 0
-1262 -1266 0
-1262 -1267 0
-1262 -1268 0
-1262 -1269 0
-1262 -1270 0
-1262 -1271 0
-1262 -1272 0
-1262 -1273 0
-1262 -1274 0
-1262 -1275 0
-1262 -1276 0
-1262 -1277 0
-1262 -1278 0
-1262 -1279 0
-1262 -1280 0
-1262 -1281 0
-1262 -1282 0
-1262 -1283 0
-1262 -1284 0
-1262 -1285 0
-1262 -1286 0
-1262 -1287 0
-1262 -1288 0
-1262 -1289 0
-1262 -1290 0
-1262 -1291 0
-1262 -1292 0
-1262 -1293 0
-1262 -1294 0
-1262 -1295 0
-1262 -1296 0
-1263 -1264 0
-1263 -1265 0
-1263 -1266 0
-1263 -1267 0
-1263 -1268 0
-1263 -1269 0
-1263 -1270 0
-1263 -1271 0
-1263 -1272 0
-1263 -1273 0
-1263 -1274 0
-1263 -1275 0
-1263 -1276 0
-1263 -1277 0
-1263 -1278 0
-1263 -1279 0
-1263 -1280 0
-1263 -1281 0
-1263 -1282 0
-1263 -1283 0
-1263 -1284 0
-1263 -1285 0
-1263 -1286 0
-1263 -1287 0
-1263 -1288 0
-1263 -1289 0
-1263 -1290 0
-1263 -1291 0
-1263 -1292 0
-1263 -1293 0
-1263 -1294 0
-1263 -1295 0
-1263 -1296 0
-1264 -1265 0
-1264 -1266 0
-1264 -1267 0
-1264 -1268 0
-1264 -1269 0
-1264 -1270 0
-1264 -1271 0
-1264 -1272 0
-1264 -1273 0
-1264 -1274 0
-1264 -1275 0
-1264 -1276 0
-1264 -1277 0
-1264 -1278 0
-1264 -1279 0
-1264 -1280 0
-1264 -1281 0
-1264 -1282 0
-1264 -1283 0
-1264 -1284 0
-1264 -1285 0
-1264 -1286 0
-1264 -1287 0
-1264 -1288 0
-1264 -1289 0
-1264 -1290 0
-1264 -1291 0
-1264 -1292 0
-1264 -1293 0
-1264 -1294 0
-1264 -1295 0
-1264 -1296 0
-1265 -1266 0
-1265 -1267 0
-1265 -1268 0
-1265 -1269 0
-1265 -1270 0
-1265 -1271 0
-1265 -1272 0
-1265 -1273 0
-1265 -1274 0
-1265 -1275 0
-1265 -1276 0
-1265 -1277 0
-1265 -1278 0
-1265 -1279 0
-1265 -1280 0
-1265 -1281 0
-1265 -1282 0
-1265 -1283 0
-1265 -1284 0
-1265 -1285 0
-1265 -1286 0
-1265 -1287 0
-1265 -1288 0
-1265 -1289 0
-1265 -1290 0
-1265 -1291 0
-1265 -1292 0
-1265 -1293 0
-1265 -1294 0
-1265 -1295 0
-1265 -1296 0
-1266 -1267 0
-1266 -1268 0
-1266 -1269 0
-1266 -1270 0
-1266 -1271 0
-1266 -1272 0
-1266 -1273 0
-1266 -1274 0
-1266 -1275 0
-1266 -1276 0
-1266 -1277 0
-1266 -1278 0
-1266 -1279 0
-1266 -1280 0
-1266 -1281 0
-1266 -1282 0
-1266 -1283 0
-1266 -1284 0
-1266 -1285 0
-1266 -1286 0
-1266 -1287 0
-1266 -1288 0
-1266 -1289 0
-1266 -1290 0
-1266 -1291 0
-1266 -1292 0
-1266 -1293 0
-1266 -1294 0
-1266 -1295 0
-1266 -1296 0
-1267 -1268 0
-1267 -1269 0
-1267 -1270 0
-1267 -1271 0
-1267 -1272 0
-1267 -1273 0
-1267 -1274 0
-1267 -1275 0
-1267 -1276 0
-1267 -1277 0
-1267 -1278 0
-1267 -1279 0
-1267 -1280 0
-1267 -1281 0
-1267 -1282 0
-1267 -1283 0
-1267 -1284 0
-1267 -1285 0
-1267 -1286 0
-1267 -1287 0
-1267 -1288 0
-1267 -1289 0
-1267 -1290 0
-1267 -1291 0
-1267 -1292 0
-1267 -1293 0
-1267 -1294 0
-1267 -1295 0
-1267 -1296 0
-1268 -1269 0
-1268 -1270 0
-1268 -1271 0
-1268 -1272 0
-1268 -1273 0
-1268 -1274 0
-1268 -1275 0
-1268 -1276 0
-1268 -1277 0
-1268 -1278 0
-1268 -1279 0
-1268 -1280 0
-1268 -1281 0
-1268 -1282 0
-1268 -1283 0
-1268 -1284 0
-1268 -1285 0
-1268 -1286 0
-1268 -1287 0
-1268 -1288 0
-1268 -1289 0
-1268 -1290 0
-1268 -1291 0
-1268 -1292 0
-1268 -1293 0
-1268 -1294 0
-1268 -1295 0
-1268 -1296 0
-1269 -1270 0
-1269 -1271 0
-1269 -1272 0
-1269 -1273 0
-1269 -1274 0
-1269 -1275 0
-1269 -1276 0
-1269 -1277 0
-1269 -1278 0
-1269 -1279 0
-1269 -1280 0
-1269 -1281 0
-1269 -1282 0
-1269 -1283 0
-1269 -1284 0
-1269 -1285 0
-1269 -1286 0
-1269 -1287 0
-1269 -1288 0
-1269 -1289 0
-1269 -1290 0
-1269 -1291 0
-1269 -1292 0
-1269 -1293 0
-1269 -1294 0
-1269 -1295 0
-1269 -1296 0
-1270 -1271 0
-1270 -1272 0
-1270 -1273 0
-1270 -1274 0
-1270 -1275 0
-1270 -1276 0
-1270 -1277 0
-1270 -1278 0
-1270 -1279 0
-1270 -1280 0
-1270 -1281 0
-1270 -1282 0
-1270 -1283 0
-1270 -1284 0
-1270 -1285 0
-1270 -1286 0
-1270 -1287 0
-1270 -1288 0
-1270 -1289 0
-1270 -1290 0
-1270 -1291 0
-1270 -1292 0
-1270 -1293 0
-1270 -1294 0
-1270 -1295 0
-1270 -1296 0
-1271 -1272 0
-1271 -1273 0
-1271 -1274 0
-1271 -1275 0
-1271 -1276 0
-1271 -1277 0
-1271 -1278 0
-1271 -1279 0
-1271 -1280 0
-1271 -1281 0
-1271 -1282 0
-1271 -1283 0
-1271 -1284 0
-1271 -1285 0
-1271 -1286 0
-1271 -1287 0
-1271 -1288 0
-1271 -1289 0
-1271 -1290 0
-1271 -1291 0
-1271 -1292 0
-1271 -1293 0
-1271 -1294 0
-1271 -1295 0
-1271 -1296 0
-1272 -1273 0
-1272 -1274 0
-1272 -1275 0
-1272 -1276 0
-1272 -1277 0
-1272 -1278 0
-1272 -1279 0
-1272 -1280 0
-1272 -1281 0
-1272 -1282 0
-1272 -1283 0
-1272 -1284 0
-1272 -1285 0
-1272 -1286 0
-1272 -1287 0
-1272 -1288 0
-1272 -1289 0
-1272 -1290 0
-1272 -1291 0
-1272 -1292 0
-1272 -1293 0
-1272 -1294 0
-1272 -1295 0
-1272 -1296 0
-1273 -1274 0
-1273 -1275 0
-1273 -1276 0
-1273 -1277 0
-1273 -1278 0
-1273 -1279 0
-1273 -1280 0
-1273 -1281 0
-1273 -1282 0
-1273 -1283 0
-1273 -1284 0
-1273 -1285 0
-1273 -1286 0
-1273 -1287 0
-1273 -1288 0
-1273 -1289 0
-1273 -1290 0
-1273 -1291 0
-1273 -1292 0
-1273 -1293 0
-1273 -1294 0
-1273 -1295 0
-1273 -1296 0
-1274 -1275 0
-1274 -1276 0
-1274 -1277 0
-1274 -1278 0
-1274 -1279 0
-1274 -1280 0
-1274 -1281 0
-1274 -1282 0
-1274 -1283 0
-1274 -1284 0
-1274 -1285 0
-1274 -1286 0
-1274 -1287 0
-1274 -1288 0
-1274 -1289 0
-1274 -1290 0
-1274 -1291 0
-1274 -1292 0
-1274 -1293 0
-1274 -1294 0
-1274 -1295 0
-1274 -1296 0
-1275 -1276 0
-1275 -1277 0
-1275 -1278 0
-1275 -1279 0
-1275 -1280 0
-1275 -1281 0
-1275 -1282 0
-1275 -1283 0
-1275 -1284 0
-1275 -1285 0
-1275 -1286 0
-1275 -1287 0
-1275 -1288 0
-1275 -1289 0
-1275 -1290 0
-1275 -1291 0
-1275 -1292 0
-1275 -1293 0
-1275 -1294 0
-1275 -1295 0
-1275 -1296 0
-1276 -1277 0
-1276 -1278 0
-1276 -1279 0
-1276 -1280 0
-1276 -1281 0
-1276 -1282 0
-1276 -1283 0
-1276 -1284 0
-1276 -1285 0
-1276 -1286 0
-1276 -1287 0
-1276 -1288 0
-1276 -1289 0
-1276 -1290 0
-1276 -1291 0
-1276 -1292 0
-1276 -1293 0
-1276 -1294 0
-1276 -1295 0
-1276 -1296 0
-1277 -1278 0
-1277 -1279 0
-1277 -1280 0
-1277 -1281 0
-1277 -1282 0
-1277 -1283 0
-1277 -1284 0
-1277 -1285 0
-1277 -1286 0
-1277 -1287 0
-1277 -1288 0
-1277 -1289 0
-1277 -1290 0
-1277 -1291 0
-1277 -1292 0
-1277 -1293 0
-1277 -1294 0
-1277 -1295 0
-1277 -1296 0
-1278 -1279 0
-1278 -1280 0
-1278 -1281 0
-1278 -1282 0
-1278 -1283 0
-1278 -1284 0
-1278 -1285 0
-1278 -1286 0
-1278 -1287 0
-1278 -1288 0
-1278 -1289 0
-1278 -1290 0
-1278 -1291 0
-1278 -1292 0
-1278 -1293 0
-1278 -1294 0
-1278 -1295 0
-1278 -1296 0
-1279 -1280 0
-1279 -1281 0
-1279 -1282 0
-1279 -1283 0
-1279 -1284 0
-1279 -1285 0
-1279 -1286 0
-1279 -1287 0
-1279 -1288 0
-1279 -1289 0
-1279 -1290 0
-1279 -1291 0
-1279 -1292 0
-1279 -1293 0
-1279 -1294 0
-1279 -1295 0
-1279 -1296 0
-1280 -1281 0
-1280 -1282 0
-1280 -1283 0
-1280 -1284 0
-1280 -1285 0
-1280 -1286 0
-1280 -1287 0
-1280 -1288 0
-1280 -1289 0
-1280 -1290 0
-1280 -1291 0
-1280 -1292 0
-1280 -1293 0
-1280 -1294 0
-1280 -1295 0
-1280 -1296 0
-1281 -1282 0
-1281 -1283 0
-1281 -1284 0
-1281 -1285 0
-1281 -1286 0
-1281 -1287 0
-1281 -1288 0
-1281 -1289 0
-1281 -1290 0
-1281 -1291 0
-1281 -1292 0
-1281 -1293 0
-1281 -1294 0
-1281 -1295 0
-1281 -1296 0
-1282 -1283 0
-1282 -1284 0
-1282 -1285 0
-1282 -1286 0
-1282 -1287 0
-1282 -1288 0
-1282 -1289 0
-1282 -1290 0
-1282 -1291 0
-1282 -1292 0
-1282 -1293 0
-1282 -1294 0
-1282 -1295 0
-1282 -1296 0
-1283 -1284 0
-1283 -1285 0
-1283 -1286 0
-1283 -1287 0
-1283 -1288 0
-1283 -1289 0
-1283 -1290 0
-1283 -1291 0
-1283 -1292 0
-1283 -1293 0
-1283 -1294 0
-1283 -1295 0
-1283 -1296 0
-1284 -1285 0
-1284 -1286 0
-1284 -1287 0
-1284 -1288 0
-1284 -1289 0
-1284 -1290 0
-1284 -1291 0
-1284 -1292 0
-1284 -1293 0
-1284 -1294 0
-1284 -1295 0
-1284 -1296 0
-1285 -1286 0
-1285 -1287 0
-1285 -1288 0
-1285 -1289 0
-1285 -1290 0
-1285 -1291 0
-1285 -1292 0
-1285 -1293 0
-1285 -1294 0
-1285 -1295 0
-1285 -1296 0
-1286 -1287 0
-1286 -1288 0
-1286 -1289 0
-1286 -1290 0
-1286 -1291 0
-1286 -1292 0
-1286 -1293 0
-1286 -1294 0
-1286 -1295 0
-1286 -1296 0
-1287 -1288 0
-1287 -1289 0
-1287 -1290 0
-1287 -1291 0
-1287 -1292 0
-1287 -1293 0
-1287 -1294 0
-1287 -1295 0
-1287 -1296 0
-1288 -1289 0
-1288 -1290 0
-1288 -1291 0
-1288 -1292 0
-1288 -1293 0
-1288 -1294 0
-1288 -1295 0
-1288 -1296 0
-1289 -1290 0
-1289 -1291 0
-1289 -1292 0
-1289 -1293 0
-1289 -1294 0
-1289 -1295 0
-1289 -1296 0
-1290 -1291 0
-1290 -1292 0
-1290 -1293 0
-1290 -1294 0
-1290 -1295 0
-1290 -1296 0
-1291 -1292 0
-1291 -1293 0
-1291 -1294 0
-1291 -1295 0
-1291 -1296 0
-1292 -1293 0
-1292 -1294 0
-1292 -1295 0
-1292 -1296 0
-1293 -1294 0
-1293 -1295 0
-1293 -1296 0
-1294 -1295 0
-1294 -1296 0
-1295 -1296 0
1 37 73 109 145 181 217 253 289 325 361 397 433 469 505 541 577 613 649 685 721 757 793 829 865 901 937 973 1009 1045 1081 1117 1153 1189 1225 1261 0
2 38 74 110 146 182 218 254 290 326 362 398 434 470 506 542 578 614 650 686 722 758 794 830 866 902 938 974 1010 1046 1082 1118 1154 1190 1226 1262 0
3 39 75 111 147 183 219 255 291 327 363 399 435 471 507 543 579 615 651 687 723 759 795 831 867 903 939 975 1011 1047 1083 1119 1155 1191 1227 1263 0
4 40 76 112 148 184 220 256 292 328 364 400 436 472 508 544 580 616 652 688 724 760 796 832 868 904 940 976 1012 1048 1084 1120 1156 1192 1228 1264 0
5 41 77 113 149 185 221 257 293 329 365 401 437 473 509 545 581 617 653 689 725 761 797 833 869 905 941 977 1013 1049 1085 1121 1157 1193 1229 1265 0
6 42 78 114 150 186 222 258 294 330 366 402 438 474 510 546 582 618 654 690 726 762 798 834 870 906 942 978 1014 1050 1086 1122 1158 1194 1230 1266 0
7 43 79 115 151 187 223 259 295 331 367 403 439 475 511 547 583 619 655 691 727 763 799 835 871 907 943 979 1015 1051 1087 1123 1159 1195 1231 1267 0
8 44 80 116 152 188 224 260 296 332 368 404 440 476 512 548 584 620 656 692 728 764 800 836 872 908 944 980 1016 1052 1088 1124 1160 1196 1232 1268 0
9 45 81 117 153 189 225 261 297 333 369 405 441 477 513 549 585 621 657 693 729 765 801 837 873 909 945 981 1017 1053 1089 1125 1161 1197 1233 1269 0
10 46 82 118 154 190 226 262 298 334 370 406 442 478 514 550 586 622 658 694 730 766 802 838 874 910 946 982 1018 1054 1090 1126 1162 1198 1234 1270 0
11 47 83 119 155 191 227 263 299 335 371 407 443 479 515 551 587 623 659 695 731 767 803 839 875 911 947 983 1019 1055 1091 1127 1163 1199 1235 1271 0
12 48 84 120 156 192 228 264 300 336 372 408 444 480 516 552 588 624 660 696 732 768 804 840 876 912 948 984 1020 1056 1092 1128 1164 1200 1236 1272 0
13 49 85 121 157 193 229 265 301 337 373 409 445 481 517 553 589 625 661 697 733 769 805 841 877 913 949 985 1021 1057 1093 1129 1165 1201 1237 1273 0
14 50 86 122 158 194 230 266 302 338 374 410 446 482 518 554 590 626 662 698 734 770 806 842 878 914 950 986 1022 1058 1094 1130 1166 1202 1238 1274 0
15 51 87 123 159 195 231 267 303 339 375 411 447 483 519 555 591 627 663 699 735 771 807 843 879 915 951 987 1023 1059 1095 1131 1167 1203 1239 1275 0
16 52 88 124 160 196 232 268 304 340 376 412 448 484 520 556 592 628 664 700 736 772 808 844 880 916 952 988 1024 1060 1096 1132 1168 1204 1240 1276 0
17 53 89 125 161 197 233 269 305 341 377 413 449 485 521 557 593 629 665 701 737 773 809 845 881 917 953 989 1025 1061 1097 1133 1169 1205 1241 1277 0
18 54 90 126 162 198 234 270 306 342 378 414 450 486 522 558 594 630 666 702 738 774 810 846 882 918 954 990 1026 1062 1098 1134 1170 1206 1242 1278 0
19 55 91 127 163 199 235 271 307 343 379 415 451 487 523 559 595 631 667 703 739 775 811 847 883 919 955 991 1027 1063 1099 1135 1171 1207 1243 1279 0
20 56 92 128 164 200 236 272 308 344 380 416 452 488 524 560 596 632 668 704 740 776 812 848 884 920 956 992 1028 1064 1100 1136 1172 1208 1244 1280 0
21 57 93 129 165 201 237 273 309 345 381 417 453 489 525 561 597 633 669 705 741 777 813 849 885 921 957 993 1029 1065 1101 1137 1173 1209 1245 1281 0
22 58 94 130 166 202 238 274 310 346 382 418 454 490 526 562 598 634 670 706 742 778 814 850 886 922 958 994 1030 1066 1102 1138 1174 1210 1246 1282 0
23 59 95 131 167 203 239 275 311 347 383 419 455 491 527 563 599 635 671 707 743 779 815 851 887 923 959 995 1031 1067 1103 1139 1175 1211 1247 1283 0
24 60 96 132 168 204 240 276 312 348 384 420 456 492 528 564 600 636 672 708 744 780 816 852 888 924 960 996 1032 1068 1104 1140 1176 1212 1248 1284 0
25 61 97 133 169 205 241 277 313 349 385 421 457 493 529 565 601 637 673 709 745 781 817 853 889 925 961 997 1033 1069 1105 1141 1177 1213 1249 1285 0
26 62 98 134 170 206 242 278 314 350 386 422 458 494 530 566 602 638 674 710 746 782 818 854 890 926 962 998 1034 1070 1106 1142 1178 1214 1250 1286 0
27 63 99 135 171 207 243 279 315 351 387 423 459 495 531 567 603 639 675 711 747 783 819 855 891 927 963 999 1035 1071 1107 1143 1179 1215 1251 1287 0
28 64 100 136 172 208 244 280 316 352 388 424 460 496 532 568 604 640 676 712 748 784 820 856 892 928 964 1000 1036 1072 1108 1144 1180 1216 1252 1288 0
29 65 101 137 173 209 245 281 317 353 389 425 461 497 533 569 605 641 677 713 749 785 821 857 893 929 965 1001 1037 1073 1109 1145 1181 1217 1253 1289 0
30 66 102 138 174 210 246 282 318 354 390 426 462 498 534 570 606 642 678 714 750 786 822 858 894 930 966 1002 1038 1074 1110 1146 1182 1218 1254 1290 0
31 67 103 139 175 211 247 283 319 355 391 427 463 499 535 571 607 643 679 715 751 787 823 859 895 931 967 1003 1039 1075 1111 1147 1183 1219 1255 1291 0
32 68 104 140 176 212 248 284 320 356 392 428 464 500 536 572 608 644 680 716 752 788 824 860 896 932 968 1004 1040 1076 1112 1148 1184 1220 1256 1292 0
33 69 105 141 177 213 249 285 321 357 393 429 465 501 537 573 609 645 681 717 753 789 825 861 897 933 969 1005 1041 1077 1113 1149 1185 1221 1257 1293 0
34 70 106 142 178 214 250 286 322 358 394 430 466 502 538 574 610 646 682 718 754 790 826 862 898 934 970 1006 1042 1078 1114 1150 1186 1222 1258 1294 0
35 71 107 143 179 215 251 287 323 359 395 431 467 503 539 575 611 647 683 719 755 791 827 863 899 935 971 1007 1043 1079 1115 1151 1187 1223 1259 1295 0
36 72 108 144 180 216 252 288 324 360 396 432 468 504 540 576 612 648 684 720 756 792 828 864 900 936 972 1008 1044 1080 1116 1152 1188 1224 1260 1296 0
-1 -38 0
-1 -75 0
-1 -112 0
-1 -149 0
-1 -186 0
-1 -223 0
-1 -260 0
-1 -297 0
-1 -334 0
-1 -371 0
-1 -408 0
-1 -445 0
-1 -482 0
-1 -519 0
-1 -556 0
-1 -593 0
-1 -630 0
-1 -667 0
-1 -704 0
-1 -741 0
-1 -778 0
-1 -815 0
-1 -852 0
-1 -889 0
-1 -926 0
-1 -963 0
-1 -1000 0
-1 -1037 0
-1 -1074 0
-1 -1111 0
-1 -1148 0
-1 -1185 0
-1 -1222 0
-1 -1259 0
-1 -1296 0
-38 -75 0
-38 -112 0
-38 -149 0
-38 -186 0
-38 -223 0
-38 -260 0
-38 -297 0
-38 -334 0
-38 -371 0
-38 -408 0
-38 -445 0
-38 -482 0
-38 -519 0
-38 -556 0
-38 -593 0
-38 -630 0
-38 -667 0
-38 -704 0
-38 -741 0
-38 -778 0
-38 -815 0
-38 -852 0
-38 -889 0
-38 -926 0
-38 -963 0
-38 -1000 0
-38 -1037 0
-38 -1074 0
-38 -1111 0
-38 -1148 0
-38 -1185 0
-38 -1222 0
-38 -1259 0
-38 -1296 0
-75 -112 0
-75 -149 0
-75 -186 0
-75 -223 0
-75 -260 0
-75 -297 0
-75 -334 0
-75 -371 0
-75 -408 0
-75 -445 0
-75 -482 0
-75 -519 0
-75 -556 0
-75 -593 0
-75 -630 0
-75 -667 0
-75 -704 0
-75 -741 0
-75 -778 0
-75 -815 0
-75 -852 0
-75 -889 0
-75 -926 0
-75 -963 0
-75 -1000 0
-75 -1037 0
-75 -1074 0
-75 -1111 0
-75 -1148 0
-75 -1185 0
-75 -1222 0
-75 -1259 0
-75 -1296 0
-112 -149 0
-112 -186 0
-112 -223 0
-112 -260 0
-112 -297 0
-112 -334 0
-112 -371 0
-112 -408 0
-112 -445 0
-112 -482 0
-112 -519 0
-112 -556 0
-112 -593 0
-112 -630 0
-112 -667 0
-112 -704 0
-112 -741 0
-112 -778 0
-112 -815 0
-112 -852 0
-112 -889 0
-112 -926 0
-112 -963 0
-112 -1000 0
-112 -1037 0
-112 -1074 0
-112 -1111 0
-112 -1148 0
-112 -1185 0
-112 -1222 0
-112 -1259 0
-112 -1296 0
-149 -186 0
-149 -223 0
-149 -260 0
-149 -297 0
-149 -334 0
-149 -371 0
-149 -408 0
-149 -445 0
-149 -482 0
-149 -519 0
-149 -556 0
-149 -593 0
-149 -630 0
-149 -667 0
-149 -704 0
-149 -741 0
-149 -778 0
-149 -815 0
-149 -852 0
-149 -889 0
-149 -926 0
-149 -963 0
-149 -1000 0
-149 -1037 0
-149 -1074 0
-149 -1111 0
-149 -1148 0
-149 -1185 0
-149 -1222 0
-149 -1259 0
-149 -1296 0
-186 -223 0
-186 -260 0
-186 -297 0
-186 -334 0
-186 -371 0
-186 -408 0
-186 -445 0
-186 -482 0
-186 -519 0
-186 -556 0
-186 -593 0
-186 -630 0
-186 -667 0
-186 -704 0
-186 -741 0
-186 -778 0
-186 -815 0
-186 -852 0
-186 -889 0
-186 -926 0
-186 -963 0
-186 -1000 0
-186 -1037 0
-186 -1074 0
-186 -1111 0
-186 -1148 0
-186 -1185 0
-186 -1222 0
-186 -1259 0
-186 -1296 0
-223 -260 0
-223 -297 0
-223 -334 0
-223 -371 0
-223 -408 0
-223 -445 0
-223 -482 0
-223 -519 0
-223 -556 0
-223 -593 0
-223 -630 0
-223 -667 0
-223 -704 0
-223 -741 0
-223 -778 0
-223 -815 0
-223 -852 0
-223 -889 0
-223 -926 0
-223 -963 0
-223 -1000 0
-223 -1037 0
-223 -1074 0
-223 -1111 0
-223 -1148 0
-223 -1185 0
-223 -1222 0
-223 -1259 0
-223 -1296 0
-260 -297 0
-260 -334 0
-260 -371 0
-260 -408 0
-260 -445 0
-260 -482 0
-260 -519 0
-260 -556 0
-260 -593 0
-260 -630 0
-260 -667 0
-260 -704 0
-260 -741 0
-260 -778 0
-260 -815 0
-260 -852 0
-260 -889 0
-260 -926 0
-260 -963 0
-260 -1000 0
-260 -1037 0
-260 -1074 0
-260 -1111 0
-260 -1148 0
-260 -1185 0
-260 -1222 0
-260 -1259 0
-260 -1296 0
-297 -334 0
-297 -371 0
-297 -408 0
-297 -445 0
-297 -482 0
-297 -519 0
-297 -556 0
-297 -593 0
-297 -630 0
-297 -667 0
-297 -704 0
-297 -741 0
-297 -778 0
-297 -815 0
-297 -852 0
-297 -889 0
-297 -926 0
-297 -963 0
-297 -1000 0
-297 -1037 0
-297 -1074 0
-297 -1111 0
-297 -1148 0
-297 -1185 0
-297 -1222 0
-297 -1259 0
-297 -1296 0
-334 -371 0
-334 -408 0
-334 -445 0
-334 -482 0
-334 -519 0
-334 -556 0
-334 -593 0
-334 -630 0
-334 -667 0
-334 -704 0
-334 -741 0
-334 -778 0
-334 -815 0
-334 -852 0
-334 -889 0
-334 -926 0
-334 -963 0
-334 -1000 0
-334 -1037 0
-334 -1074 0
-334 -1111 0
-334 -1148 0
-334 -1185 0
-334 -1222 0
-334 -1259 0
-334 -1296 0
-371 -408 0
-371 -445 0
-371 -482 0
-371 -519 0
-371 -556 0
-371 -593 0
-371 -630 0
-371 -667 0
-371 -704 0
-371 -741 0
-371 -778 0
-371 -815 0
-371 -852 0
-371 -889 0
-371 -926 0
-371 -963 0
-371 -1000 0
-371 -1037 0
-371 -1074 0
-371 -1111 0
-371 -1148 0
-371 -1185 0
-371 -1222 0
-371 -1259 0
-371 -1296 0
-408 -445 0
-408 -482 0
-408 -519 0
-408 -556 0
-408 -593 0
-408 -630 0
-408 -667 0
-408 -704 0
-408 -741 0
-408 -778 0
-408 -815 0
-408 -852 0
-408 -889 0
-408 -926 0
-408 -963 0
-408 -1000 0
-408 -1037 0
-408 -1074 0
-408 -1111 0
-408 -1148 0
-408 -1185 0
-408 -1222 0
-408 -1259 0
-408 -1296 0
-445 -482 0
-445 -519 0
-445 -556 0
-445 -593 0
-445 -630 0
-445 -667 0
-445 -704 0
-445 -741 0
-445 -778 0
-445 -815 0
-445 -852 0
-445 -889 0
-445 -926 0
-445 -963 0
-445 -1000 0
-445 -1037 0
-445 -1074 0
-445 -1111 0
-445 -1148 0
-445 -1185 0
-445 -1222 0
-445 -1259 0
-445 -1296 0
-482 -519 0
-482 -556 0
-482 -593 0
-482 -630 0
-482 -667 0
-482 -704 0
-482 -741 0
-482 -778 0
-482 -815 0
-482 -852 0
-482 -889 0
-482 -926 0
-482 -963 0
-482 -1000 0
-482 -1037 0
-482 -1074 0
-482 -1111 0
-482 -1148 0
-482 -1185 0
-482 -1222 0
-482 -1259 0
-482 -1296 0
-519 -556 0
-519 -593 0
-519 -630 0
-519 -667 0
-519 -704 0
-519 -741 0
-519 -778 0
-519 -815 0
-519 -852 0
-519 -889 0
-519 -926 0
-519 -963 0
-519 -1000 0
-519 -1037 0
-519 -1074 0
-519 -1111 0
-519 -1148 0
-519 -1185 0
-519 -1222 0
-519 -1259 0
-519 -1296 0
-556 -593 0
-556 -630 0
-556 -667 0
-556 -704 0
-556 -741 0
-556 -778 0
-556 -815 0
-556 -852 0
-556 -889 0
-556 -926 0
-556 -963 0
-556 -1000 0
-556 -1037 0
-556 -1074 0
-556 -1111 0
-556 -1148 0
-556 -1185 0
-556 -1222 0
-556 -1259 0
-556 -1296 0
-593 -630 0
-593 -667 0
-593 -704 0
-593 -741 0
-593 -778 0
-593 -815 0
-593 -852 0
-593 -889 0
-593 -926 0
-593 -963 0
-593 -1000 0
-593 -1037 0
-593 -1074 0
-593 -1111 0
-593 -1148 0
-593 -1185 0
-593 -1222 0
-593 -1259 0
-593 -1296 0
-630 -667 0
-630 -704 0
-630 -741 0
-630 -778 0
-630 -815 0
-630 -852 0
-630 -889 0
-630 -926 0
-630 -963 0
-630 -1000 0
-630 -1037 0
-630 -1074 0
-630 -1111 0
-630 -1148 0
-630 -1185 0
-630 -1222 0
-630 -1259 0
-630 -1296 0
-667 -704 0
-667 -741 0
-667 -778 0
-667 -815 0
-667 -852 0
-667 -889 0
-667 -926 0
-667 -963 0
-667 -1000 0
-667 -1037 0
-667 -1074 0
-667 -1111 0
-667 -1148 0
-667 -1185 0
-667 -1222 0
-667 -1259 0
-667 -1296 0
-704 -741 0
-704 -778 0
-704 -815 0
-704 -852 0
-704 -889 0
-704 -926 0
-704 -963 0
-704 -1000 0
-704 -1037 0
-704 -1074 0
-704 -1111 0
-704 -1148 0
-704 -1185 0
-704 -1222 0
-704 -1259 0
-704 -1296 0
-741 -778 0
-741 -815 0
-741 -852 0
-741 -889 0
-741 -926 0
-741 -963 0
-741 -1000 0
-741 -1037 0
-741 -1074 0
-741 -1111 0
-741 -1148 0
-741 -1185 0
-741 -1222 0
-741 -1259 0
-741 -1296 0
-778 -815 0
-778 -852 0
-778 -889 0
-778 -926 0
-778 -963 0
-778 -1000 0
-778 -1037 0
-778 -1074 0
-778 -1111 0
-778 -1148 0
-778 -1185 0
-778 -1222 0
-778 -1259 0
-778 -1296 0
-815 -852 0
-815 -889 0
-815 -926 0
-815 -963 0
-815 -1000 0
-815 -1037 0
-815 -1074 0
-815 -1111 0
-815 -1148 0
-815 -1185 0
-815 -1222 0
-815 -1259 0
-815 -1296 0
-852 -889 0
-852 -926 0
-852 -963 0
-852 -1000 0
-852 -1037 0
-852 -1074 0
-852 -1111 0
-852 -1148 0
-852 -1185 0
-852 -1222 0
-852 -1259 0
-852 -1296 0
-889 -926 0
-889 -963 0
-889 -1000 0
-889 -1037 0
-889 -1074 0
-889 -1111 0
-889 -1148 0
-889 -1185 0
-889 -1222 0
-889 -1259 0
-889 -1296 0
-926 -963 0
-926 -1000 0
-926 -1037 0
-926 -1074 0
-926 -1111 0
-926 -1148 0
-926 -1185 0
-926 -1222 0
-926 -1259 0
-926 -1296 0
-963 -1000 0
-963 -1037 0
-963 -1074 0
-963 -1111 0
-963 -1148 0
-963 -1185 0
-963 -1222 0
-963 -1259 0
-963 -1296 0
-1000 -1037 0
-1000 -1074 0
-1000 -1111 0
-1000 -1148 0
-1000 -1185 0
-1000 -1222 0
-1000 -1259 0
-1000 -1296 0
-1037 -1074 0
-1037 -1111 0
-1037 -1148 0
-1037 -1185 0
-1037 -1222 0
-1037 -1259 0
-1037 -1296 0
-1074 -1111 0
-1074 -1148 0
-1074 -1185 0
-1074 -1222 0
-1074 -1259 0
-1074 -1296 0
-1111 -1148 0
-1111 -1185 0
-1111 -1222 0
-1111 -1259 0
-1111 -1296 0
-1148 -1185 0
-1148 -1222 0
-1148 -1259 0
-1148 -1296 0
-1185 -1222 0
-1185 -1259 0
-1185 -1296 0
-1222 -1259 0
-1222 -1296 0
-1259 -1296 0
-2 -39 0
-2 -76 0
-2 -113 0
-2 -150 0
-2 -187 0
-2 -224 0
-2 -261 0
-2 -298 0
-2 -335 0
-2 -372 0
-2 -409 0
-2 -446 0
-2 -483 0
-2 -520 0
-2 -557 0
-2 -594 0
-2 -631 0
-2 -668 0
-2 -705 0
-2 -742 0
-2 -779 0
-2 -816 0
-2 -853 0
-2 -890 0
-2 -927 0
-2 -964 0
-2 -1001 0
-2 -1038 0
-2 -1075 0
-2 -1112 0
-2 -1149 0
-2 -1186 0
-2 -1223 0
-2 -1260 0
-39 -76 0
-39 -113 0
-39 -150 0
-39 -187 0
-39 -224 0
-39 -261 0
-39 -298 0
-39 -335 0
-39 -372 0
-39 -409 0
-39 -446 0
-39 -483 0
-39 -520 0
-39 -557 0
-39 -594 0
-39 -631 0
-39 -668 0
-39 -705 0
-39 -742 0
-39 -779 0
-39 -816 0
-39 -853 0
-39 -890 0
-39 -927 0
-39 -964 0
-39 -1001 0
-39 -1038 0
-39 -1075 0
-39 -1112 0
-39 -1149 0
-39 -1186 0
-39 -1223 0
-39 -1260 0
-76 -113 0
-76 -150 0
-76 -187 0
-76 -224 0
-76 -261 0
-76 -298 0
-76 -335 0
-76 -372 0
-76 -409 0
-76 -446 0
-76 -483 0
-76 -520 0
-76 -557 0
-76 -594 0
-76 -631 0
-76 -668 0
-76 -705 0
-76 -742 0
-76 -779 0
-76 -816 0
-76 -853 0
-76 -890 0
-76 -927 0
-76 -964 0
-76 -1001 0
-76 -1038 0
-76 -1075 0
-76 -1112 0
-76 -1149 0
-76 -1186 0
-76 -1223 0
-76 -1260 0
-113 -150 0
-113 -187 0
-113 -224 0
-113 -261 0
-113 -298 0
-113 -335 0
-113 -372 0
-113 -409 0
-113 -446 0
-113 -483 0
-113 -520 0
-113 -557 0
-113 -594 0
-113 -631 0
-113 -668 0
-113 -705 0
-113 -742 0
-113 -779 0
-113 -816 0
-113 -853 0
-113 -890 0
-113 -927 0
-113 -964 0
-113 -1001 0
-113 -1038 0
-113 -1075 0
-113 -1112 0
-113 -1149 0
-113 -1186 0
-113 -1223 0
-113 -1260 0
-150 -187 0
-150 -224 0
-150 -261 0
-150 -298 0
-150 -335 0
-150 -372 0
-150 -409 0
-150 -446 0
-150 -483 0
-150 -520 0
-150 -557 0
-150 -594 0
-150 -631 0
-150 -668 0
-150 -705 0
-150 -742 0
-150 -779 0
-150 -816 0
-150 -853 0
-150 -890 0
-150 -927 0
-150 -964 0
-150 -1001 0
-150 -1038 0
-150 -1075 0
-150 -1112 0
-150 -1149 0
-150 -1186 0
-150 -1223 0
-150 -1260 0
-187 -224 0
-187 -261 0
-187 -298 0
-187 -335 0
-187 -372 0
-187 -409 0
-187 -446 0
-187 -483 0
-187 -520 0
-187 -557 0
-187 -594 0
-187 -631 0
-187 -668 0
-187 -705 0
-187 -742 0
-187 -779 0
-187 -816 0
-187 -853 0
-187 -890 0
-187 -927 0
-187 -964 0
-187 -1001 0
-187 -1038 0
-187 -1075 0
-187 -1112 0
-187 -1149 0
-187 -1186 0
-187 -1223 0
-187 -1260 0
-224 -261 0
-224 -298 0
-224 -335 0
-224 -372 0
-224 -409 0
-224 -446 0
-224 -483 0
-224 -520 0
-224 -557 0
-224 -594 0
-224 -631 0
-224 -668 0
-224 -705 0
-224 -742 0
-224 -779 0
-224 -816 0
-224 -853 0
-224 -890 0
-224 -927 0
-224 -964 0
-224 -1001 0
-224 -1038 0
-224 -1075 0
-224 -1112 0
-224 -1149 0
-224 -1186 0
-224 -1223 0
-224 -1260 0
-261 -298 0
-261 -335 0
-261 -372 0
-261 -409 0
-261 -446 0
-261 -483 0
-261 -520 0
-261 -557 0
-261 -594 0
-261 -631 0
-261 -668 0
-261 -705 0
-261 -742 0
-261 -779 0
-261 -816 0
-261 -853 0
-261 -890 0
-261 -927 0
-261 -964 0
-261 -1001 0
-261 -1038 0
-261 -1075 0
-261 -1112 0
-261 -1149 0
-261 -1186 0
-261 -1223 0
-261 -1260 0
-298 -335 0
-298 -372 0
-298 -409 0
-298 -446 0
-298 -483 0
-298 -520 0
-298 -557 0
-298 -594 0
-298 -631 0
-298 -668 0
-298 -705 0
-298 -742 0
-298 -779 0
-298 -816 0
-298 -853 0
-298 -890 0
-298 -927 0
-298 -964 0
-298 -1001 0
-298 -1038 0
-298 -1075 0
-298 -1112 0
-298 -1149 0
-298 -1186 0
-298 -1223 0
-298 -1260 0
-335 -372 0
-335 -409 0
-335 -446 0
-335 -483 0
-335 -520 0
-335 -557 0
-335 -594 0
-335 -631 0
-335 -668 0
-335 -705 0
-335 -742 0
-335 -779 0
-335 -816 0
-335 -853 0
-335 -890 0
-335 -927 0
-335 -964 0
-335 -1001 0
-335 -1038 0
-335 -1075 0
-335 -1112 0
-335 -1149 0
-335 -1186 0
-335 -1223 0
-335 -1260 0
-372 -409 0
-372 -446 0
-372 -483 0
-372 -520 0
-372 -557 0
-372 -594 0
-372 -631 0
-372 -668 0
-372 -705 0
-372 -742 0
-372 -779 0
-372 -816 0
-372 -853 0
-372 -890 0
-372 -927 0
-372 -964 0
-372 -1001 0
-372 -1038 0
-372 -1075 0
-372 -1112 0
-372 -1149 0
-372 -1186 0
-372 -1223 0
-372 -1260 0
-409 -446 0
-409 -483 0
-409 -520 0
-409 -557 0
-409 -594 0
-409 -631 0
-409 -668 0
-409 -705 0
-409 -742 0
-409 -779 0
-409 -816 0
-409 -853 0
-409 -890 0
-409 -927 0
-409 -964 0
-409 -1001 0
-409 -1038 0
-409 -1075 0
-409 -1112 0
-409 -1149 0
-409 -1186 0
-409 -1223 0
-409 -1260 0
-446 -483 0
-446 -520 0
-446 -557 0
-446 -594 0
-446 -631 0
-446 -668 0
-446 -705 0
-446 -742 0
-446 -779 0
-446 -816 0
-446 -853 0
-446 -890 0
-446 -927 0
-446 -964 0
-446 -1001 0
-446 -1038 0
-446 -1075 0
-446 -1112 0
-446 -1149 0
-446 -1186 0
-446 -1223 0
-446 -1260 0
-483 -520 0
-483 -557 0
-483 -594 0
-483 -631 0
-483 -668 0
-483 -705 0
-483 -742 0
-483 -779 0
-483 -816 0
-483 -853 0
-483 -890 0
-483 -927 0
-483 -964 0
-483 -1001 0
-483 -1038 0
-483 -1075 0
-483 -1112 0
-483 -1149 0
-483 -1186 0
-483 -1223 0
-483 -1260 0
-520 -557 0
-520 -594 0
-520 -631 0
-520 -668 0
-520 -705 0
-520 -742 0
-520 -779 0
-520 -816 0
-520 -853 0
-520 -890 0
-520 -927 0
-520 -964 0
-520 -1001 0
-520 -1038 0
-520 -1075 0
-520 -1112 0
-520 -1149 0
-520 -1186 0
-520 -1223 0
-520 -1260 0
-557 -594 0
-557 -631 0
-557 -668 0
-557 -705 0
-557 -742 0
-557 -779 0
-557 -816 0
-557 -853 0
-557 -890 0
-557 -927 0
-557 -964 0
-557 -1001 0
-557 -1038 0
-557 -1075 0
-557 -1112 0
-557 -1149 0
-557 -1186 0
-557 -1223 0
-557 -1260 0
-594 -631 0
-594 -668 0
-594 -705 0
-594 -742 0
-594 -779 0
-594 -816 0
-594 -853 0
-594 -890 0
-594 -927 0
-594 -964 0
-594 -1001 0
-594 -1038 0
-594 -1075 0
-594 -1112 0
-594 -1149 0
-594 -1186 0
-594 -1223 0
-594 -1260 0
-631 -668 0
-631 -705 0
-631 -742 0
-631 -779 0
-631 -816 0
-631 -853 0
-631 -890 0
-631 -927 0
-631 -964 0
-631 -1001 0
-631 -1038 0
-631 -1075 0
-631 -1112 0
-631 -1149 0
-631 -1186 0
-631 -1223 0
-631 -1260 0
-668 -705 0
-668 -742 0
-668 -779 0
-668 -816 0
-668 -853 0
-668 -890 0
-668 -927 0
-668 -964 0
-668 -1001 0
-668 -1038 0
-668 -1075 0
-668 -1112 0
-668 -1149 0
-668 -1186 0
-668 -1223 0
-668 -1260 0
-705 -742 0
-705 -779 0
-705 -816 0
-705 -853 0
-705 -890 0
-705 -927 0
-705 -964 0
-705 -1001 0
-705 -1038 0
-705 -1075 0
-705 -1112 0
-705 -1149 0
-705 -1186 0
-705 -1223 0
-705 -1260 0
-742 -779 0
-742 -816 0
-742 -853 0
-742 -890 0
-742 -927 0
-742 -964 0
-742 -1001 0
-742 -1038 0
-742 -1075 0
-742 -1112 0
-742 -1149 0
-742 -1186 0
-742 -1223 0
-742 -1260 0
-779 -816 0
-779 -853 0
-779 -890 0
-779 -927 0
-779 -964 0
-779 -1001 0
-779 -1038 0
-779 -1075 0
-779 -1112 0
-779 -1149 0
-779 -1186 0
-779 -1223 0
-779 -1260 0
-816 -853 0
-816 -890 0
-816 -927 0
-816 -964 0
-816 -1001 0
-816 -1038 0
-816 -1075 0
-816 -1112 0
-816 -1149 0
-816 -1186 0
-816 -1223 0
-816 -1260 0
-853 -890 0
-853 -927 0
-853 -964 0
-853 -1001 0
-853 -1038 0
-853 -1075 0
-853 -1112 0
-853 -1149 0
-853 -1186 0
-853 -1223 0
-853 -1260 0
-890 -927 0
-890 -964 0
-890 -1001 0
-890 -1038 0
-890 -1075 0
-890 -1112 0
-890 -1149 0
-890 -1186 0
-890 -1223 0
-890 -1260 0
-927 -964 0
-927 -1001 0
-927 -1038 0
-927 -1075 0
-927 -1112 0
-927 -1149 0
-927 -1186 0
-927 -1223 0
-927 -1260 0
-964 -1001 0
-964 -1038 0
-964 -1075 0
-964 -1112 0
-964 -1149 0
-964 -1186 0
-964 -1223 0
-964 -1260 0
-1001 -1038 0
-1001 -1075 0
-1001 -1112 0
-1001 -1149 0
-1001 -1186 0
-1001 -1223 0
-1001 -1260 0
-1038 -1075 0
-1038 -1112 0
-1038 -1149 0
-1038 -1186 0
-1038 -1223 0
-1038 -1260 0
-1075 -1112 0
-1075 -1149 0
-1075 -1186 0
-1075 -1223 0
-1075 -1260 0
-1112 -1149 0
-1112 -1186 0
-1112 -1223 0
-1112 -1260 0
-1149 -1186 0
-1149 -1223 0
-1149 -1260 0
-1186 -1223 0
-1186 -1260 0
-1223 -1260 0
-3 -40 0
-3 -77 0
-3 -114 0
-3 -151 0
-3 -188 0
-3 -225 0
-3 -262 0
-3 -299 0
-3 -336 0
-3 -373 0
-3 -410 0
-3 -447 0
-3 -484 0
-3 -521 0
-3 -558 0
-3 -595 0
-3 -632 0
-3 -669 0
-3 -706 0
-3 -743 0
-3 -780 0
-3 -817 0
-3 -854 0
-3 -891 0
-3 -928 0
-3 -965 0
-3 -1002 0
-3 -1039 0
-3 -1076 0
-3 -1113 0
-3 -1150 0
-3 -1187 0
-3 -1224 0
-40 -77 0
-40 -114 0
-40 -151 0
-40 -188 0
-40 -225 0
-40 -262 0
-40 -299 0
-40 -336 0
-40 -373 0
-40 -410 0
-40 -447 0
-40 -484 0
-40 -521 0
-40 -558 0
-40 -595 0
-40 -632 0
-40 -669 0
-40 -706 0
-40 -743 0
-40 -780 0
-40 -817 0
-40 -854 0
-40 -891 0
-40 -928 0
-40 -965 0
-40 -1002 0
-40 -1039 0
-40 -1076 0
-40 -1113 0
-40 -1150 0
-40 -1187 0
-40 -1224 0
-77 -114 0
-77 -151 0
-77 -188 0
-77 -225 0
-77 -262 0
-77 -299 0
-77 -336 0
-77 -373 0
-77 -410 0
-77 -447 0
-77 -484 0
-77 -521 0
-77 -558 0
-77 -595 0
-77 -632 0
-77 -669 0
-77 -706 0
-77 -743 0
-77 -780 0
-77 -817 0
-77 -854 0
-77 -891 0
-77 -928 0
-77 -965 0
-77 -1002 0
-77 -1039 0
-77 -1076 0
-77 -1113 0
-77 -1150 0
-77 -1187 0
-77 -1224 0
-114 -151 0
-114 -188 0
-114 -225 0
-114 -262 0
-114 -299 0
-114 -336 0
-114 -373 0
-114 -410 0
-114 -447 0
-114 -484 0
-114 -521 0
-114 -558 0
-114 -595 0
-114 -632 0
-114 -669 0
-114 -706 0
-114 -743 0
-114 -780 0
-114 -817 0
-114 -854 0
-114 -891 0
-114 -928 0
-114 -965 0
-114 -1002 0
-114 -1039 0
-114 -1076 0
-114 -1113 0
-114 -1150 0
-114 -1187 0
-114 -1224 0
-151 -188 0
-151 -225 0
-151 -262 0
-151 -299 0
-151 -336 0
-151 -373 0
-151 -410 0
-151 -447 0
-151 -484 0
-151 -521 0
-151 -558 0
-151 -595 0
-151 -632 0
-151 -669 0
-151 -706 0
-151 -743 0
-151 -780 0
-151 -817 0
-151 -854 0
-151 -891 0
-151 -928 0
-151 -965 0
-151 -1002 0
-151 -1039 0
-151 -1076 0
-151 -1113 0
-151 -1150 0
-151 -1187 0
-151 -1224 0
-188 -225 0
-188 -262 0
-188 -299 0
-188 -336 0
-188 -373 0
-188 -410 0
-188 -447 0
-188 -484 0
-188 -521 0
-188 -558 0
-188 -595 0
-188 -632 0
-188 -669 0
-188 -706 0
-188 -743 0
-188 -780 0
-188 -817 0
-188 -854 0
-188 -891 0
-188 -928 0
-188 -965 0
-188 -1002 0
-188 -1039 0
-188 -1076 0
-188 -1113 0
-188 -1150 0
-188 -1187 0
-188 -1224 0
-225 -262 0
-225 -299 0
-225 -336 0
-225 -373 0
-225 -410 0
-225 -447 0
-225 -484 0
-225 -521 0
-225 -558 0
-225 -595 0
-225 -632 0
-225 -669 0
-225 -706 0
-225 -743 0
-225 -780 0
-225 -817 0
-225 -854 0
-225 -891 0
-225 -928 0
-225 -965 0
-225 -1002 0
-225 -1039 0
-225 -1076 0
-225 -1113 0
-225 -1150 0
-225 -1187 0
-225 -1224 0
-262 -299 0
-262 -336 0
-262 -373 0
-262 -410 0
-262 -447 0
-262 -484 0
-262 -521 0
-262 -558 0
-262 -595 0
-262 -632 0
-262 -669 0
-262 -706 0
-262 -743 0
-262 -780 0
-262 -817 0
-262 -854 0
-262 -891 0
-262 -928 0
-262 -965 0
-262 -1002 0
-262 -1039 0
-262 -1076 0
-262 -1113 0
-262 -1150 0
-262 -1187 0
-262 -1224 0
-299 -336 0
-299 -373 0
-299 -410 0
-299 -447 0
-299 -484 0
-299 -521 0
-299 -558 0
-299 -595 0
-299 -632 0
-299 -669 0
-299 -706 0
-299 -743 0
-299 -780 0
-299 -817 0
-299 -854 0
-299 -891 0
-299 -928 0
-299 -965 0
-299 -1002 0
-299 -1039 0
-299 -1076 0
-299 -1113 0
-299 -1150 0
-299 -1187 0
-299 -1224 0
-336 -373 0
-336 -410 0
-336 -447 0
-336 -484 0
-336 -521 0
-336 -558 0
-336 -595 0
-336 -632 0
-336 -669 0
-336 -706 0
-336 -743 0
-336 -780 0
-336 -817 0
-336 -854 0
-336 -891 0
-336 -928 0
-336 -965 0
-336 -1002 0
-336 -1039 0
-336 -1076 0
-336 -1113 0
-336 -1150 0
-336 -1187 0
-336 -1224 0
-373 -410 0
-373 -447 0
-373 -484 0
-373 -521 0
-373 -558 0
-373 -595 0
-373 -632 0
-373 -669 0
-373 -706 0
-373 -743 0
-373 -780 0
-373 -817 0
-373 -854 0
-373 -891 0
-373 -928 0
-373 -965 0
-373 -1002 0
-373 -1039 0
-373 -1076 0
-373 -1113 0
-373 -1150 0
-373 -1187 0
-373 -1224 0
-410 -447 0
-410 -484 0
-410 -521 0
-410 -558 0
-410 -595 0
-410 -632 0
-410 -669 0
-410 -706 0
-410 -743 0
-410 -780 0
-410 -817 0
-410 -854 0
-410 -891 0
-410 -928 0
-410 -965 0
-410 -1002 0
-410 -1039 0
-410 -1076 0
-410 -1113 0
-410 -1150 0
-410 -1187 0
-410 -1224 0
-447 -484 0
-447 -521 0
-447 -558 0
-447 -595 0
-447 -632 0
-447 -669 0
-447 -706 0
-447 -743 0
-447 -780 0
-447 -817 0
-447 -854 0
-447 -891 0
-447 -928 0
-447 -965 0
-447 -1002 0
-447 -1039 0
-447 -1076 0
-447 -1113 0
-447 -1150 0
-447 -1187 0
-447 -1224 0
-484 -521 0
-484 -558 0
-484 -595 0
-484 -632 0
-484 -669 0
-484 -706 0
-484 -743 0
-484 -780 0
-484 -817 0
-484 -854 0
-484 -891 0
-484 -928 0
-484 -965 0
-484 -1002 0
-484 -1039 0
-484 -1076 0
-484 -1113 0
-484 -1150 0
-484 -1187 0
-484 -1224 0
-521 -558 0
-521 -595 0
-521 -632 0
-521 -669 0
-521 -706 0
-521 -743 0
-521 -780 0
-521 -817 0
-521 -854 0
-521 -891 0
-521 -928 0
-521 -965 0
-521 -1002 0
-521 -1039 0
-521 -1076 0
-521 -1113 0
-521 -1150 0
-521 -1187 0
-521 -1224 0
-558 -595 0
-558 -632 0
-558 -669 0
-558 -706 0
-558 -743 0
-558 -780 0
-558 -817 0
-558 -854 0
-558 -891 0
-558 -928 0
-558 -965 0
-558 -1002 0
-558 -1039 0
-558 -1076 0
-558 -1113 0
-558 -1150 0
-558 -1187 0
-558 -1224 0
-595 -632 0
-595 -669 0
-595 -706 0
-595 -743 0
-595 -780 0
-595 -817 0
-595 -854 0
-595 -891 0
-595 -928 0
-595 -965 0
-595 -1002 0
-595 -1039 0
-595 -1076 0
-595 -1113 0
-595 -1150 0
-595 -1187 0
-595 -1224 0
-632 -669 0
-632 -706 0
-632 -743 0
-632 -780 0
-632 -817 0
-632 -854 0
-632 -891 0
-632 -928 0
-632 -965 0
-632 -1002 0
-632 -1039 0
-632 -1076 0
-632 -1113 0
-632 -1150 0
-632 -1187 0
-632 -1224 0
-669 -706 0
-669 -743 0
-669 -780 0
-669 -817 0
-669 -854 0
-669 -891 0
-669 -928 0
-669 -965 0
-669 -1002 0
-669 -1039 0
-669 -1076 0
-669 -1113 0
-669 -1150 0
-669 -1187 0
-669 -1224 0
-706 -743 0
-706 -780 0
-706 -817 0
-706 -854 0
-706 -891 0
-706 -928 0
-706 -965 0
-706 -1002 0
-706 -1039 0
-706 -1076 0
-706 -1113 0
-706 -1150 0
-706 -1187 0
-706 -1224 0
-743 -780 0
-743 -817 0
-743 -854 0
-743 -891 0
-743 -928 0
-743 -965 0
-743 -1002 0
-743 -1039 0
-743 -1076 0
-743 -1113 0
-743 -1150 0
-743 -1187 0
-743 -1224 0
-780 -817 0
-780 -854 0
-780 -891 0
-780 -928 0
-780 -965 0
-780 -1002 0
-780 -1039 0
-780 -1076 0
-780 -1113 0
-780 -1150 0
-780 -1187 0
-780 -1224 0
-817 -854 0
-817 -891 0
-817 -928 0
-817 -965 0
-817 -1002 0
-817 -1039 0
-817 -1076 0
-817 -1113 0
-817 -1150 0
-817 -1187 0
-817 -1224 0
-854 -891 0
-854 -928 0
-854 -965 0
-854 -1002 0
-854 -1039 0
-854 -1076 0
-854 -1113 0
-854 -1150 0
-854 -1187 0
-854 -1224 0
-891 -928 0
-891 -965 0
-891 -1002 0
-891 -1039 0
-891 -1076 0
-891 -1113 0
-891 -1150 0
-891 -1187 0
-891 -1224 0
-928 -965 0
-928 -1002 0
-928 -1039 0
-928 -1076 0
-928 -1113 0
-928 -1150 0
-928 -1187 0
-928 -1224 0
-965 -1002 0
-965 -1039 0
-965 -1076 0
-965 -1113 0
-965 -1150 0
-965 -1187 0
-965 -1224 0
-1002 -1039 0
-1002 -1076 0
-1002 -1113 0
-1002 -1150 0
-1002 -1187 0
-1002 -1224 0
-1039 -1076 0
-1039 -1113 0
-1039 -1150 0
-1039 -1187 0
-1039 -1224 0
-1076 -1113 0
-1076 -1150 0
-1076 -1187 0
-1076 -1224 0
-1113 -1150 0
-1113 -1187 0
-1113 -1224 0
-1150 -1187 0
-1150 -1224 0
-1187 -1224 0
-4 -41 0
-4 -78 0
-4 -115 0
-4 -152 0
-4 -189 0
-4 -226 0
-4 -263 0
-4 -300 0
-4 -337 0
-4 -374 0
-4 -411 0
-4 -448 0
-4 -485 0
-4 -522 0
-4 -559 0
-4 -596 0
-4 -633 0
-4 -670 0
-4 -707 0
-4 -744 0
-4 -781 0
-4 -818 0
-4 -855 0
-4 -892 0
-4 -929 0
-4 -966 0
-4 -1003 0
-4 -1040 0
-4 -1077 0
-4 -1114 0
-4 -1151 0
-4 -1188 0
-41 -78 0
-41 -115 0
-41 -152 0
-41 -189 0
-41 -226 0
-41 -263 0
-41 -300 0
-41 -337 0
-41 -374 0
-41 -411 0
-41 -448 0
-41 -485 0
-41 -522 0
-41 -559 0
-41 -596 0
-41 -633 0
-41 -670 0
-41 -707 0
-41 -744 0
-41 -781 0
-41 -818 0
-41 -855 0
-41 -892 0
-41 -929 0
-41 -966 0
-41 -1003 0
-41 -1040 0
-41 -1077 0
-41 -1114 0
-41 -1151 0
-41 -1188 0
-78 -115 0
-78 -152 0
-78 -189 0
-78 -226 0
-78 -263 0
-78 -300 0
-78 -337 0
-78 -374 0
-78 -411 0
-78 -448 0
-78 -485 0
-78 -522 0
-78 -559 0
-78 -596 0
-78 -633 0
-78 -670 0
-78 -707 0
-78 -744 0
-78 -781 0
-78 -818 0
-78 -855 0
-78 -892 0
-78 -929 0
-78 -966 0
-78 -1003 0
-78 -1040 0
-78 -1077 0
-78 -1114 0
-78 -1151 0
-78 -1188 0
-115 -152 0
-115 -189 0
-115 -226 0
-115 -263 0
-115 -300 0
-115 -337 0
-115 -374 0
-115 -411 0
-115 -448 0
-115 -485 0
-115 -522 0
-115 -559 0
-115 -596 0
-115 -633 0
-115 -670 0
-115 -707 0
-115 -744 0
-115 -781 0
-115 -818 0
-115 -855 0
-115 -892 0
-115 -929 0
-115 -966 0
-115 -1003 0
-115 -1040 0
-115 -1077 0
-115 -1114 0
-115 -1151 0
-115 -1188 0
-152 -189 0
-152 -226 0
-152 -263 0
-152 -300 0
-152 -337 0
-152 -374 0
-152 -411 0
-152 -448 0
-152 -485 0
-152 -522 0
-152 -559 0
-152 -596 0
-152 -633 0
-152 -670 0
-152 -707 0
-152 -744 0
-152 -781 0
-152 -818 0
-152 -855 0
-152 -892 0
-152 -929 0
-152 -966 0
-152 -1003 0
-152 -1040 0
-152 -1077 0
-152 -1114 0
-152 -1151 0
-152 -1188 0
-189 -226 0
-189 -263 0
-189 -300 0
-189 -337 0
-189 -374 0
-189 -411 0
-189 -448 0
-189 -485 0
-189 -522 0
-189 -559 0
-189 -596 0
-189 -633 0
-189 -670 0
-189 -707 0
-189 -744 0
-189 -781 0
-189 -818 0
-189 -855 0
-189 -892 0
-189 -929 0
-189 -966 0
-189 -1003 0
-189 -1040 0
-189 -1077 0
-189 -1114 0
-189 -1151 0
-189 -1188 0
-226 -263 0
-226 -300 0
-226 -337 0
-226 -374 0
-226 -411 0
-226 -448 0
-226 -485 0
-226 -522 0
-226 -559 0
-226 -596 0
-226 -633 0
-226 -670 0
-226 -707 0
-226 -744 0
-226 -781 0
-226 -818 0
-226 -855 0
-226 -892 0
-226 -929 0
-226 -966 0
-226 -1003 0
-226 -1040 0
-226 -1077 0
-226 -1114 0
-226 -1151 0
-226 -1188 0
-263 -300 0
-263 -337 0
-263 -374 0
-263 -411 0
-263 -448 0
-263 -485 0
-263 -522 0
-263 -559 0
-263 -596 0
-263 -633 0
-263 -670 0
-263 -707 0
-263 -744 0
-263 -781 0
-263 -818 0
-263 -855 0
-263 -892 0
-263 -929 0
-263 -966 0
-263 -1003 0
-263 -1040 0
-263 -1077 0
-263 -1114 0
-263 -1151 0
-263 -1188 0
-300 -337 0
-300 -374 0
-300 -411 0
-300 -448 0
-300 -485 0
-300 -522 0
-300 -559 0
-300 -596 0
-300 -633 0
-300 -670 0
-300 -707 0
-300 -744 0
-300 -781 0
-300 -818 0
-300 -855 0
-300 -892 0
-300 -929 0
-300 -966 0
-300 -1003 0
-300 -1040 0
-300 -1077 0
-300 -1114 0
-300 -1151 0
-300 -1188 0
-337 -374 0
-337 -411 0
-337 -448 0
-337 -485 0
-337 -522 0
-337 -559 0
-337 -596 0
-337 -633 0
-337 -670 0
-337 -707 0
-337 -744 0
-337 -781 0
-337 -818 0
-337 -855 0
-337 -892 0
-337 -929 0
-337 -966 0
-337 -1003 0
-337 -1040 0
-337 -1077 0
-337 -1114 0
-337 -1151 0
-337 -1188 0
-374 -411 0
-374 -448 0
-374 -485 0
-374 -522 0
-374 -559 0
-374 -596 0
-374 -633 0
-374 -670 0
-374 -707 0
-374 -744 0
-374 -781 0
-374 -818 0
-374 -855 0
-374 -892 0
-374 -929 0
-374 -966 0
-374 -1003 0
-374 -1040 0
-374 -1077 0
-374 -1114 0
-374 -1151 0
-374 -1188 0
-411 -448 0
-411 -485 0
-411 -522 0
-411 -559 0
-411 -596 0
-411 -633 0
-411 -670 0
-411 -707 0
-411 -744 0
-411 -781 0
-411 -818 0
-411 -855 0
-411 -892 0
-411 -929 0
-411 -966 0
-411 -1003 0
-411 -1040 0
-411 -1077 0
-411 -1114 0
-411 -1151 0
-411 -1188 0
-448 -485 0
-448 -522 0
-448 -559 0
-448 -596 0
-448 -633 0
-448 -670 0
-448 -707 0
-448 -744 0
-448 -781 0
-448 -818 0
-448 -855 0
-448 -892 0
-448 -929 0
-448 -966 0
-448 -1003 0
-448 -1040 0
-448 -1077 0
-448 -1114 0
-448 -1151 0
-448 -1188 0
-485 -522 0
-485 -559 0
-485 -596 0
-485 -633 0
-485 -670 0
-485 -707 0
-485 -744 0
-485 -781 0
-485 -818 0
-485 -855 0
-485 -892 0
-485 -929 0
-485 -966 0
-485 -1003 0
-485 -1040 0
-485 -1077 0
-485 -1114 0
-485 -1151 0
-485 -1188 0
-522 -559 0
-522 -596 0
-522 -633 0
-522 -670 0
-522 -707 0
-522 -744 0
-522 -781 0
-522 -818 0
-522 -855 0
-522 -892 0
-522 -929 0
-522 -966 0
-522 -1003 0
-522 -1040 0
-522 -1077 0
-522 -1114 0
-522 -1151 0
-522 -1188 0
-559 -596 0
-559 -633 0
-559 -670 0
-559 -707 0
-559 -744 0
-559 -781 0
-559 -818 0
-559 -855 0
-559 -892 0
-559 -929 0
-559 -966 0
-559 -1003 0
-559 -1040 0
-559 -1077 0
-559 -1114 0
-559 -1151 0
-559 -1188 0
-596 -633 0
-596 -670 0
-596 -707 0
-596 -744 0
-596 -781 0
-596 -818 0
-596 -855 0
-596 -892 0
-596 -929 0
-596 -966 0
-596 -1003 0
-596 -1040 0
-596 -1077 0
-596 -1114 0
-596 -1151 0
-596 -1188 0
-633 -670 0
-633 -707 0
-633 -744 0
-633 -781 0
-633 -818 0
-633 -855 0
-633 -892 0
-633 -929 0
-633 -966 0
-633 -1003 0
-633 -1040 0
-633 -1077 0
-633 -1114 0
-633 -1151 0
-633 -1188 0
-670 -707 0
-670 -744 0
-670 -781 0
-670 -818 0
-670 -855 0
-670 -892 0
-670 -929 0
-670 -966 0
-670 -1003 0
-670 -1040 0
-670 -1077 0
-670 -1114 0
-670 -1151 0
-670 -1188 0
-707 -744 0
-707 -781 0
-707 -818 0
-707 -855 0
-707 -892 0
-707 -929 0
-707 -966 0
-707 -1003 0
-707 -1040 0
-707 -1077 0
-707 -1114 0
-707 -1151 0
-707 -1188 0
-744 -781 0
-744 -818 0
-744 -855 0
-744 -892 0
-744 -929 0
-744 -966 0
-744 -1003 0
-744 -1040 0
-744 -1077 0
-744 -1114 0
-744 -1151 0
-744 -1188 0
-781 -818 0
-781 -855 0
-781 -892 0
-781 -929 0
-781 -966 0
-781 -1003 0
-781 -1040 0
-781 -1077 0
-781 -1114 0
-781 -1151 0
-781 -1188 0
-818 -855 0
-818 -892 0
-818 -929 0
-818 -966 0
-818 -1003 0
-818 -1040 0
-818 -1077 0
-818 -1114 0
-818 -1151 0
-818 -1188 0
-855 -892 0
-855 -929 0
-855 -966 0
-855 -1003 0
-855 -1040 0
-855 -1077 0
-855 -1114 0
-855 -1151 0
-855 -1188 0
-892 -929 0
-892 -966 0
-892 -1003 0
-892 -1040 0
-892 -1077 0
-892 -1114 0
-892 -1151 0
-892 -1188 0
-929 -966 0
-929 -1003 0
-929 -1040 0
-929 -1077 0
-929 -1114 0
-929 -1151 0
-929 -1188 0
-966 -1003 0
-966 -1040 0
-966 -1077 0
-966 -1114 0
-966 -1151 0
-966 -1188 0
-1003 -1040 0
-1003 -1077 0
-1003 -1114 0
-1003 -1151 0
-1003 -1188 0
-1040 -1077 0
-1040 -1114 0
-1040 -1151 0
-1040 -1188 0
-1077 -1114 0
-1077 -1151 0
-1077 -1188 0
-1114 -1151 0
-1114 -1188 0
-1151 -1188 0
-5 -42 0
-5 -79 0
-5 -116 0
-5 -153 0
-5 -190 0
-5 -227 0
-5 -264 0
-5 -301 0
-5 -338 0
-5 -375 0
-5 -412 0
-5 -449 0
-5 -486 0
-5 -523 0
-5 -560 0
-5 -597 0
-5 -634 0
-5 -671 0
-5 -708 0
-5 -745 0
-5 -782 0
-5 -819 0
-5 -856 0
-5 -893 0
-5 -930 0
-5 -967 0
-5 -1004 0
-5 -1041 0
-5 -1078 0
-5 -1115 0
-5 -1152 0
-42 -79 0
-42 -116 0
-42 -153 0
-42 -190 0
-42 -227 0
-42 -264 0
-42 -301 0
-42 -338 0
-42 -375 0
-42 -412 0
-42 -449 0
-42 -486 0
-42 -523 0
-42 -560 0
-42 -597 0
-42 -634 0
-42 -671 0
-42 -708 0
-42 -745 0
-42 -782 0
-42 -819 0
-42 -856 0
-42 -893 0
-42 -930 0
-42 -967 0
-42 -1004 0
-42 -1041 0
-42 -1078 0
-42 -1115 0
-42 -1152 0
-79 -116 0
-79 -153 0
-79 -190 0
-79 -227 0
-79 -264 0
-79 -301 0
-79 -338 0
-79 -375 0
-79 -412 0
-79 -449 0
-79 -486 0
-79 -523 0
-79 -560 0
-79 -597 0
-79 -634 0
-79 -671 0
-79 -708 0
-79 -745 0
-79 -782 0
-79 -819 0
-79 -856 0
-79 -893 0
-79 -930 0
-79 -967 0
-79 -1004 0
-79 -1041 0
-79 -1078 0
-79 -1115 0
-79 -1152 0
-116 -153 0
-116 -190 0
-116 -227 0
-116 -264 0
-116 -301 0
-116 -338 0
-116 -375 0
-116 -412 0
-116 -449 0
-116 -486 0
-116 -523 0
-116 -560 0
-116 -597 0
-116 -634 0
-116 -671 0
-116 -708 0
-116 -745 0
-116 -782 0
-116 -819 0
-116 -856 0
-116 -893 0
-116 -930 0
-116 -967 0
-116 -1004 0
-116 -1041 0
-116 -1078 0
-116 -1115 0
-116 -1152 0
-153 -190 0
-153 -227 0
-153 -264 0
-153 -301 0
-153 -338 0
-153 -375 0
-153 -412 0
-153 -449 0
-153 -486 0
-153 -523 0
-153 -560 0
-153 -597 0
-153 -634 0
-153 -671 0
-153 -708 0
-153 -745 0
-153 -782 0
-153 -819 0
-153 -856 0
-153 -893 0
-153 -930 0
-153 -967 0
-153 -1004 0
-153 -1041 0
-153 -1078 0
-153 -1115 0
-153 -1152 0
-190 -227 0
-190 -264 0
-190 -301 0
-190 -338 0
-190 -375 0
-190 -412 0
-190 -449 0
-190 -486 0
-190 -523 0
-190 -560 0
-190 -597 0
-190 -634 0
-190 -671 0
-190 -708 0
-190 -745 0
-190 -782 0
-190 -819 0
-190 -856 0
-190 -893 0
-190 -930 0
-190 -967 0
-190 -1004 0
-190 -1041 0
-190 -1078 0
-190 -1115 0
-190 -1152 0
-227 -264 0
-227 -301 0
-227 -338 0
-227 -375 0
-227 -412 0
-227 -449 0
-227 -486 0
-227 -523 0
-227 -560 0
-227 -597 0
-227 -634 0
-227 -671 0
-227 -708 0
-227 -745 0
-227 -782 0
-227 -819 0
-227 -856 0
-227 -893 0
-227 -930 0
-227 -967 0
-227 -1004 0
-227 -1041 0
-227 -1078 0
-227 -1115 0
-227 -1152 0
-264 -301 0
-264 -338 0
-264 -375 0
-264 -412 0
-264 -449 0
-264 -486 0
-264 -523 0
-264 -560 0
-264 -597 0
-264 -634 0
-264 -671 0
-264 -708 0
-264 -745 0
-264 -782 0
-264 -819 0
-264 -856 0
-264 -893 0
-264 -930 0
-264 -967 0
-264 -1004 0
-264 -1041 0
-264 -1078 0
-264 -1115 0
-264 -1152 0
-301 -338 0
-301 -375 0
-301 -412 0
-301 -449 0
-301 -486 0
-301 -523 0
-301 -560 0
-301 -597 0
-301 -634 0
-301 -671 0
-301 -708 0
-301 -745 0
-301 -782 0
-301 -819 0
-301 -856 0
-301 -893 0
-301 -930 0
-301 -967 0
-301 -1004 0
-301 -1041 0
-301 -1078 0
-301 -1115 0
-301 -1152 0
-338 -375 0
-338 -412 0
-338 -449 0
-338 -486 0
-338 -523 0
-338 -560 0
-338 -597 0
-338 -634 0
-338 -671 0
-338 -708 0
-338 -745 0
-338 -782 0
-338 -819 0
-338 -856 0
-338 -893 0
-338 -930 0
-338 -967 0
-338 -1004 0
-338 -1041 0
-338 -1078 0
-338 -1115 0
-338 -1152 0
-375 -412 0
-375 -449 0
-375 -486 0
-375 -523 0
-375 -560 0
-375 -597 0
-375 -634 0
-375 -671 0
-375 -708 0
-375 -745 0
-375 -782 0
-375 -819 0
-375 -856 0
-375 -893 0
-375 -930 0
-375 -967 0
-375 -1004 0
-375 -1041 0
-375 -1078 0
-375 -1115 0
-375 -1152 0
-412 -449 0
-412 -486 0
-412 -523 0
-412 -560 0
-412 -597 0
-412 -634 0
-412 -671 0
-412 -708 0
-412 -745 0
-412 -782 0
-412 -819 0
-412 -856 0
-412 -893 0
-412 -930 0
-412 -967 0
-412 -1004 0
-412 -1041 0
-412 -1078 0
-412 -1115 0
-412 -1152 0
-449 -486 0
-449 -523 0
-449 -560 0
-449 -597 0
-449 -634 0
-449 -671 0
-449 -708 0
-449 -745 0
-449 -782 0
-449 -819 0
-449 -856 0
-449 -893 0
-449 -930 0
-449 -967 0
-449 -1004 0
-449 -1041 0
-449 -1078 0
-449 -1115 0
-449 -1152 0
-486 -523 0
-486 -560 0
-486 -597 0
-486 -634 0
-486 -671 0
-486 -708 0
-486 -745 0
-486 -782 0
-486 -819 0
-486 -856 0
-486 -893 0
-486 -930 0
-486 -967 0
-486 -1004 0
-486 -1041 0
-486 -1078 0
-486 -1115 0
-486 -1152 0
-523 -560 0
-523 -597 0
-523 -634 0
-523 -671 0
-523 -708 0
-523 -745 0
-523 -782 0
-523 -819 0
-523 -856 0
-523 -893 0
-523 -930 0
-523 -967 0
-523 -1004 0
-523 -1041 0
-523 -1078 0
-523 -1115 0
-523 -1152 0
-560 -597 0
-560 -634 0
-560 -671 0
-560 -708 0
-560 -745 0
-560 -782 0
-560 -819 0
-560 -856 0
-560 -893 0
-560 -930 0
-560 -967 0
-560 -1004 0
-560 -1041 0
-560 -1078 0
-560 -1115 0
-560 -1152 0
-597 -634 0
-597 -671 0
-597 -708 0
-597 -745 0
-597 -782 0
-597 -819 0
-597 -856 0
-597 -893 0
-597 -930 0
-597 -967 0
-597 -1004 0
-597 -1041 0
-597 -1078 0
-597 -1115 0
-597 -1152 0
-634 -671 0
-634 -708 0
-634 -745 0
-634 -782 0
-634 -819 0
-634 -856 0
-634 -893 0
-634 -930 0
-634 -967 0
-634 -1004 0
-634 -1041 0
-634 -1078 0
-634 -1115 0
-634 -1152 0
-671 -708 0
-671 -745 0
-671 -782 0
-671 -819 0
-671 -856 0
-671 -893 0
-671 -930 0
-671 -967 0
-671 -1004 0
-671 -1041 0
-671 -1078 0
-671 -1115 0
-671 -1152 0
-708 -745 0
-708 -782 0
-708 -819 0
-708 -856 0
-708 -893 0
-708 -930 0
-708 -967 0
-708 -1004 0
-708 -1041 0
-708 -1078 0
-708 -1115 0
-708 -1152 0
-745 -782 0
-745 -819 0
-745 -856 0
-745 -893 0
-745 -930 0
-745 -967 0
-745 -1004 0
-745 -1041 0
-745 -1078 0
-745 -1115 0
-745 -1152 0
-782 -819 0
-782 -856 0
-782 -893 0
-782 -930 0
-782 -967 0
-782 -1004 0
-782 -1041 0
-782 -1078 0
-782 -1115 0
-782 -1152 0
-819 -856 0
-819 -893 0
-819 -930 0
-819 -967 0
-819 -1004 0
-819 -1041 0
-819 -1078 0
-819 -1115 0
-819 -1152 0
-856 -893 0
-856 -930 0
-856 -967 0
-856 -1004 0
-856 -1041 0
-856 -1078 0
-856 -1115 0
-856 -1152 0
-893 -930 0
-893 -967 0
-893 -1004 0
-893 -1041 0
-893 -1078 0
-893 -1115 0
-893 -1152 0
-930 -967 0
-930 -1004 0
-930 -1041 0
-930 -1078 0
-930 -1115 0
-930 -1152 0
-967 -1004 0
-967 -1041 0
-967 -1078 0
-967 -1115 0
-967 -1152 0
-1004 -1041 0
-1004 -1078 0
-1004 -1115 0
-1004 -1152 0
-1041 -1078 0
-1041 -1115 0
-1041 -1152 0
-1078 -1115 0
-1078 -1152 0
-1115 -1152 0
-6 -43 0
-6 -80 0
-6 -117 0
-6 -154 0
-6 -191 0
-6 -228 0
-6 -265 0
-6 -302 0
-6 -339 0
-6 -376 0
-6 -413 0
-6 -450 0
-6 -487 0
-6 -524 0
-6 -561 0
-6 -598 0
-6 -635 0
-6 -672 0
-6 -709 0
-6 -746 0
-6 -783 0
-6 -820 0
-6 -857 0
-6 -894 0
-6 -931 0
-6 -968 0
-6 -1005 0
-6 -1042 0
-6 -1079 0
-6 -1116 0
-43 -80 0
-43 -117 0
-43 -154 0
-43 -191 0
-43 -228 0
-43 -265 0
-43 -302 0
-43 -339 0
-43 -376 0
-43 -413 0
-43 -450 0
-43 -487 0
-43 -524 0
-43 -561 0
-43 -598 0
-43 -635 0
-43 -672 0
-43 -709 0
-43 -746 0
-43 -783 0
-43 -820 0
-43 -857 0
-43 -894 0
-43 -931 0
-43 -968 0
-43 -1005 0
-43 -1042 0
-43 -1079 0
-43 -1116 0
-80 -117 0
-80 -154 0
-80 -191 0
-80 -228 0
-80 -265 0
-80 -302 0
-80 -339 0
-80 -376 0
-80 -413 0
-80 -450 0
-80 -487 0
-80 -524 0
-80 -561 0
-80 -598 0
-80 -635 0
-80 -672 0
-80 -709 0
-80 -746 0
-80 -783 0
-80 -820 0
-80 -857 0
-80 -894 0
-80 -931 0
-80 -968 0
-80 -1005 0
-80 -1042 0
-80 -1079 0
-80 -1116 0
-117 -154 0
-117 -191 0
-117 -228 0
-117 -265 0
-117 -302 0
-117 -339 0
-117 -376 0
-117 -413 0
-117 -450 0
-117 -487 0
-117 -524 0
-117 -561 0
-117 -598 0
-117 -635 0
-117 -672 0
-117 -709 0
-117 -746 0
-117 -783 0
-117 -820 0
-117 -857 0
-117 -894 0
-117 -931 0
-117 -968 0
-117 -1005 0
-117 -1042 0
-117 -1079 0
-117 -1116 0
-154 -191 0
-154 -228 0
-154 -265 0
-154 -302 0
-154 -339 0
-154 -376 0
-154 -413 0
-154 -450 0
-154 -487 0
-154 -524 0
-154 -561 0
-154 -598 0
-154 -635 0
-154 -672 0
-154 -709 0
-154 -746 0
-154 -783 0
-154 -820 0
-154 -857 0
-154 -894 0
-154 -931 0
-154 -968 0
-154 -1005 0
-154 -1042 0
-154 -1079 0
-154 -1116 0
-191 -228 0
-191 -265 0
-191 -302 0
-191 -339 0
-191 -376 0
-191 -413 0
-191 -450 0
-191 -487 0
-191 -524 0
-191 -561 0
-191 -598 0
-191 -635 0
-191 -672 0
-191 -709 0
-191 -746 0
-191 -783 0
-191 -820 0
-191 -857 0
-191 -894 0
-191 -931 0
-191 -968 0
-191 -1005 0
-191 -1042 0
-191 -1079 0
-191 -1116 0
-228 -265 0
-228 -302 0
-228 -339 0
-228 -376 0
-228 -413 0
-228 -450 0
-228 -487 0
-228 -524 0
-228 -561 0
-228 -598 0
-228 -635 0
-228 -672 0
-228 -709 0
-228 -746 0
-228 -783 0
-228 -820 0
-228 -857 0
-228 -894 0
-228 -931 0
-228 -968 0
-228 -1005 0
-228 -1042 0
-228 -1079 0
-228 -1116 0
-265 -302 0
-265 -339 0
-265 -376 0
-265 -413 0
-265 -450 0
-265 -487 0
-265 -524 0
-265 -561 0
-265 -598 0
-265 -635 0
-265 -672 0
-265 -709 0
-265 -746 0
-265 -783 0
-265 -820 0
-265 -857 0
-265 -894 0
-265 -931 0
-265 -968 0
-265 -1005 0
-265 -1042 0
-265 -1079 0
-265 -1116 0
-302 -339 0
-302 -376 0
-302 -413 0
-302 -450 0
-302 -487 0
-302 -524 0
-302 -561 0
-302 -598 0
-302 -635 0
-302 -672 0
-302 -709 0
-302 -746 0
-302 -783 0
-302 -820 0
-302 -857 0
-302 -894 0
-302 -931 0
-302 -968 0
-302 -1005 0
-302 -1042 0
-302 -1079 0
-302 -1116 0
-339 -376 0
-339 -413 0
-339 -450 0
-339 -487 0
-339 -524 0
-339 -561 0
-339 -598 0
-339 -635 0
-339 -672 0
-339 -709 0
-339 -746 0
-339 -783 0
-339 -820 0
-339 -857 0
-339 -894 0
-339 -931 0
-339 -968 0
-339 -1005 0
-339 -1042 0
-339 -1079 0
-339 -1116 0
-376 -413 0
-376 -450 0
-376 -487 0
-376 -524 0
-376 -561 0
-376 -598 0
-376 -635 0
-376 -672 0
-376 -709 0
-376 -746 0
-376 -783 0
-376 -820 0
-376 -857 0
-376 -894 0
-376 -931 0
-376 -968 0
-376 -1005 0
-376 -1042 0
-376 -1079 0
-376 -1116 0
-413 -450 0
-413 -487 0
-413 -524 0
-413 -561 0
-413 -598 0
-413 -635 0
-413 -672 0
-413 -709 0
-413 -746 0
-413 -783 0
-413 -820 0
-413 -857 0
-413 -894 0
-413 -931 0
-413 -968 0
-413 -1005 0
-413 -1042 0
-413 -1079 0
-413 -1116 0
-450 -487 0
-450 -524 0
-450 -561 0
-450 -598 0
-450 -635 0
-450 -672 0
-450 -709 0
-450 -746 0
-450 -783 0
-450 -820 0
-450 -857 0
-450 -894 0
-450 -931 0
-450 -968 0
-450 -1005 0
-450 -1042 0
-450 -1079 0
-450 -1116 0
-487 -524 0
-487 -561 0
-487 -598 0
-487 -635 0
-487 -672 0
-487 -709 0
-487 -746 0
-487 -783 0
-487 -820 0
-487 -857 0
-487 -894 0
-487 -931 0
-487 -968 0
-487 -1005 0
-487 -1042 0
-487 -1079 0
-487 -1116 0
-524 -561 0
-524 -598 0
-524 -635 0
-524 -672 0
-524 -709 0
-524 -746 0
-524 -783 0
-524 -820 0
-524 -857 0
-524 -894 0
-524 -931 0
-524 -968 0
-524 -1005 0
-524 -1042 0
-524 -1079 0
-524 -1116 0
-561 -598 0
-561 -635 0
-561 -672 0
-561 -709 0
-561 -746 0
-561 -783 0
-561 -820 0
-561 -857 0
-561 -894 0
-561 -931 0
-561 -968 0
-561 -1005 0
-561 -1042 0
-561 -1079 0
-561 -1116 0
-598 -635 0
-598 -672 0
-598 -709 0
-598 -746 0
-598 -783 0
-598 -820 0
-598 -857 0
-598 -894 0
-598 -931 0
-598 -968 0
-598 -1005 0
-598 -1042 0
-598 -1079 0
-598 -1116 0
-635 -672 0
-635 -709 0
-635 -746 0
-635 -783 0
-635 -820 0
-635 -857 0
-635 -894 0
-635 -931 0
-635 -968 0
-635 -1005 0
-635 -1042 0
-635 -1079 0
-635 -1116 0
-672 -709 0
-672 -746 0
-672 -783 0
-672 -820 0
-672 -857 0
-672 -894 0
-672 -931 0
-672 -968 0
-672 -1005 0
-672 -1042 0
-672 -1079 0
-672 -1116 0
-709 -746 0
-709 -783 0
-709 -820 0
-709 -857 0
-709 -894 0
-709 -931 0
-709 -968 0
-709 -1005 0
-709 -1042 0
-709 -1079 0
-709 -1116 0
-746 -783 0
-746 -820 0
-746 -857 0
-746 -894 0
-746 -931 0
-746 -968 0
-746 -1005 0
-746 -1042 0
-746 -1079 0
-746 -1116 0
-783 -820 0
-783 -857 0
-783 -894 0
-783 -931 0
-783 -968 0
-783 -1005 0
-783 -1042 0
-783 -1079 0
-783 -1116 0
-820 -857 0
-820 -894 0
-820 -931 0
-820 -968 0
-820 -1005 0
-820 -1042 0
-820 -1079 0
-820 -1116 0
-857 -894 0
-857 -931 0
-857 -968 0
-857 -1005 0
-857 -1042 0
-857 -1079 0
-857 -1116 0
-894 -931 0
-894 -968 0
-894 -1005 0
-894 -1042 0
-894 -1079 0
-894 -1116 0
-931 -968 0
-931 -1005 0
-931 -1042 0
-931 -1079 0
-931 -1116 0
-968 -1005 0
-968 -1042 0
-968 -1079 0
-968 -1116 0
-1005 -1042 0
-1005 -1079 0
-1005 -1116 0
-1042 -1079 0
-1042 -1116 0
-1079 -1116 0
-7 -44 0
-7 -81 0
-7 -118 0
-7 -155 0
-7 -192 0
-7 -229 0
-7 -266 0
-7 -303 0
-7 -340 0
-7 -377 0
-7 -414 0
-7 -451 0
-7 -488 0
-7 -525 0
-7 -562 0
-7 -599 0
-7 -636 0
-7 -673 0
-7 -710 0
-7 -747 0
-7 -784 0
-7 -821 0
-7 -858 0
-7 -895 0
-7 -932 0
-7 -969 0
-7 -1006 0
-7 -1043 0
-7 -1080 0
-44 -81 0
-44 -118 0
-44 -155 0
-44 -192 0
-44 -229 0
-44 -266 0
-44 -303 0
-44 -340 0
-44 -377 0
-44 -414 0
-44 -451 0
-44 -488 0
-44 -525 0
-44 -562 0
-44 -599 0
-44 -636 0
-44 -673 0
-44 -710 0
-44 -747 0
-44 -784 0
-44 -821 0
-44 -858 0
-44 -895 0
-44 -932 0
-44 -969 0
-44 -1006 0
-44 -1043 0
-44 -1080 0
-81 -118 0
-81 -155 0
-81 -192 0
-81 -229 0
-81 -266 0
-81 -303 0
-81 -340 0
-81 -377 0
-81 -414 0
-81 -451 0
-81 -488 0
-81 -525 0
-81 -562 0
-81 -599 0
-81 -636 0
-81 -673 0
-81 -710 0
-81 -747 0
-81 -784 0
-81 -821 0
-81 -858 0
-81 -895 0
-81 -932 0
-81 -969 0
-81 -1006 0
-81 -1043 0
-81 -1080 0
-118 -155 0
-118 -192 0
-118 -229 0
-118 -266 0
-118 -303 0
-118 -340 0
-118 -377 0
-118 -414 0
-118 -451 0
-118 -488 0
-118 -525 0
-118 -562 0
-118 -599 0
-118 -636 0
-118 -673 0
-118 -710 0
-118 -747 0
-118 -784 0
-118 -821 0
-118 -858 0
-118 -895 0
-118 -932 0
-118 -969 0
-118 -1006 0
-118 -1043 0
-118 -1080 0
-155 -192 0
-155 -229 0
-155 -266 0
-155 -303 0
-155 -340 0
-155 -377 0
-155 -414 0
-155 -451 0
-155 -488 0
-155 -525 0
-155 -562 0
-155 -599 0
-155 -636 0
-155 -673 0
-155 -710 0
-155 -747 0
-155 -784 0
-155 -821 0
-155 -858 0
-155 -895 0
-155 -932 0
-155 -969 0
-155 -1006 0
-155 -1043 0
-155 -1080 0
-192 -229 0
-192 -266 0
-192 -303 0
-192 -340 0
-192 -377 0
-192 -414 0
-192 -451 0
-192 -488 0
-192 -525 0
-192 -562 0
-192 -599 0
-192 -636 0
-192 -673 0
-192 -710 0
-192 -747 0
-192 -784 0
-192 -821 0
-192 -858 0
-192 -895 0
-192 -932 0
-192 -969 0
-192 -1006 0
-192 -1043 0
-192 -1080 0
-229 -266 0
-229 -303 0
-229 -340 0
-229 -377 0
-229 -414 0
-229 -451 0
-229 -488 0
-229 -525 0
-229 -562 0
-229 -599 0
-229 -636 0
-229 -673 0
-229 -710 0
-229 -747 0
-229 -784 0
-229 -821 0
-229 -858 0
-229 -895 0
-229 -932 0
-229 -969 0
-229 -1006 0
-229 -1043 0
-229 -1080 0
-266 -303 0
-266 -340 0
-266 -377 0
-266 -414 0
-266 -451 0
-266 -488 0
-266 -525 0
-266 -562 0
-266 -599 0
-266 -636 0
-266 -673 0
-266 -710 0
-266 -747 0
-266 -784 0
-266 -821 0
-266 -858 0
-266 -895 0
-266 -932 0
-266 -969 0
-266 -1006 0
-266 -1043 0
-266 -1080 0
-303 -340 0
-303 -377 0
-303 -414 0
-303 -451 0
-303 -488 0
-303 -525 0
-303 -562 0
-303 -599 0
-303 -636 0
-303 -673 0
-303 -710 0
-303 -747 0
-303 -784 0
-303 -821 0
-303 -858 0
-303 -895 0
-303 -932 0
-303 -969 0
-303 -1006 0
-303 -1043 0
-303 -1080 0
-340 -377 0
-340 -414 0
-340 -451 0
-340 -488 0
-340 -525 0
-340 -562 0
-340 -599 0
-340 -636 0
-340 -673 0
-340 -710 0
-340 -747 0
-340 -784 0
-340 -821 0
-340 -858 0
-340 -895 0
-340 -932 0
-340 -969 0
-340 -1006 0
-340 -1043 0
-340 -1080 0
-377 -414 0
-377 -451 0
-377 -488 0
-377 -525 0
-377 -562 0
-377 -599 0
-377 -636 0
-377 -673 0
-377 -710 0
-377 -747 0
-377 -784 0
-377 -821 0
-377 -858 0
-377 -895 0
-377 -932 0
-377 -969 0
-377 -1006 0
-377 -1043 0
-377 -1080 0
-414 -451 0
-414 -488 0
-414 -525 0
-414 -562 0
-414 -599 0
-414 -636 0
-414 -673 0
-414 -710 0
-414 -747 0
-414 -784 0
-414 -821 0
-414 -858 0
-414 -895 0
-414 -932 0
-414 -969 0
-414 -1006 0
-414 -1043 0
-414 -1080 0
-451 -488 0
-451 -525 0
-451 -562 0
-451 -599 0
-451 -636 0
-451 -673 0
-451 -710 0
-451 -747 0
-451 -784 0
-451 -821 0
-451 -858 0
-451 -895 0
-451 -932 0
-451 -969 0
-451 -1006 0
-451 -1043 0
-451 -1080 0
-488 -525 0
-488 -562 0
-488 -599 0
-488 -636 0
-488 -673 0
-488 -710 0
-488 -747 0
-488 -784 0
-488 -821 0
-488 -858 0
-488 -895 0
-488 -932 0
-488 -969 0
-488 -1006 0
-488 -1043 0
-488 -1080 0
-525 -562 0
-525 -599 0
-525 -636 0
-525 -673 0
-525 -710 0
-525 -747 0
-525 -784 0
-525 -821 0
-525 -858 0
-525 -895 0
-525 -932 0
-525 -969 0
-525 -1006 0
-525 -1043 0
-525 -1080 0
-562 -599 0
-562 -636 0
-562 -673 0
-562 -710 0
-562 -747 0
-562 -784 0
-562 -821 0
-562 -858 0
-562 -895 0
-562 -932 0
-562 -969 0
-562 -1006 0
-562 -1043 0
-562 -1080 0
-599 -636 0
-599 -673 0
-599 -710 0
-599 -747 0
-599 -784 0
-599 -821 0
-599 -858 0
-599 -895 0
-599 -932 0
-599 -969 0
-599 -1006 0
-599 -1043 0
-599 -1080 0
-636 -673 0
-636 -710 0
-636 -747 0
-636 -784 0
-636 -821 0
-636 -858 0
-636 -895 0
-636 -932 0
-636 -969 0
-636 -1006 0
-636 -1043 0
-636 -1080 0
-673 -710 0
-673 -747 0
-673 -784 0
-673 -821 0
-673 -858 0
-673 -895 0
-673 -932 0
-673 -969 0
-673 -1006 0
-673 -1043 0
-673 -1080 0
-710 -747 0
-710 -784 0
-710 -821 0
-710 -858 0
-710 -895 0
-710 -932 0
-710 -969 0
-710 -1006 0
-710 -1043 0
-710 -1080 0
-747 -784 0
-747 -821 0
-747 -858 0
-747 -895 0
-747 -932 0
-747 -969 0
-747 -1006 0
-747 -1043 0
-747 -1080 0
-784 -821 0
-784 -858 0
-784 -895 0
-784 -932 0
-784 -969 0
-784 -1006 0
-784 -1043 0
-784 -1080 0
-821 -858 0
-821 -895 0
-821 -932 0
-821 -969 0
-821 -1006 0
-821 -1043 0
-821 -1080 0
-858 -895 0
-858 -932 0
-858 -969 0
-858 -1006 0
-858 -1043 0
-858 -1080 0
-895 -932 0
-895 -969 0
-895 -1006 0
-895 -1043 0
-895 -1080 0
-932 -969 0
-932 -1006 0
-932 -1043 0
-932 -1080 0
-969 -1006 0
-969 -1043 0
-969 -1080 0
-1006 -1043 0
-1006 -1080 0
-1043 -1080 0
-8 -45 0
-8 -82 0
-8 -119 0
-8 -156 0
-8 -193 0
-8 -230 0
-8 -267 0
-8 -304 0
-8 -341 0
-8 -378 0
-8 -415 0
-8 -452 0
-8 -489 0
-8 -526 0
-8 -563 0
-8 -600 0
-8 -637 0
-8 -674 0
-8 -711 0
-8 -748 0
-8 -785 0
-8 -822 0
-8 -859 0
-8 -896 0
-8 -933 0
-8 -970 0
-8 -1007 0
-8 -1044 0
-45 -82 0
-45 -119 0
-45 -156 0
-45 -193 0
-45 -230 0
-45 -267 0
-45 -304 0
-45 -341 0
-45 -378 0
-45 -415 0
-45 -452 0
-45 -489 0
-45 -526 0
-45 -563 0
-45 -600 0
-45 -637 0
-45 -674 0
-45 -711 0
-45 -748 0
-45 -785 0
-45 -822 0
-45 -859 0
-45 -896 0
-45 -933 0
-45 -970 0
-45 -1007 0
-45 -1044 0
-82 -119 0
-82 -156 0
-82 -193 0
-82 -230 0
-82 -267 0
-82 -304 0
-82 -341 0
-82 -378 0
-82 -415 0
-82 -452 0
-82 -489 0
-82 -526 0
-82 -563 0
-82 -600 0
-82 -637 0
-82 -674 0
-82 -711 0
-82 -748 0
-82 -785 0
-82 -822 0
-82 -859 0
-82 -896 0
-82 -933 0
-82 -970 0
-82 -1007 0
-82 -1044 0
-119 -156 0
-119 -193 0
-119 -230 0
-119 -267 0
-119 -304 0
-119 -341 0
-119 -378 0
-119 -415 0
-119 -452 0
-119 -489 0
-119 -526 0
-119 -563 0
-119 -600 0
-119 -637 0
-119 -674 0
-119 -711 0
-119 -748 0
-119 -785 0
-119 -822 0
-119 -859 0
-119 -896 0
-119 -933 0
-119 -970 0
-119 -1007 0
-119 -1044 0
-156 -193 0
-156 -230 0
-156 -267 0
-156 -304 0
-156 -341 0
-156 -378 0
-156 -415 0
-156 -452 0
-156 -489 0
-156 -526 0
-156 -563 0
-156 -600 0
-156 -637 0
-156 -674 0
-156 -711 0
-156 -748 0
-156 -785 0
-156 -822 0
-156 -859 0
-156 -896 0
-156 -933 0
-156 -970 0
-156 -1007 0
-156 -1044 0
-193 -230 0
-193 -267 0
-193 -304 0
-193 -341 0
-193 -378 0
-193 -415 0
-193 -452 0
-193 -489 0
-193 -526 0
-193 -563 0
-193 -600 0
-193 -637 0
-193 -674 0
-193 -711 0
-193 -748 0
-193 -785 0
-193 -822 0
-193 -859 0
-193 -896 0
-193 -933 0
-193 -970 0
-193 -1007 0
-193 -1044 0
-230 -267 0
-230 -304 0
-230 -341 0
-230 -378 0
-230 -415 0
-230 -452 0
-230 -489 0
-230 -526 0
-230 -563 0
-230 -600 0
-230 -637 0
-230 -674 0
-230 -711 0
-230 -748 0
-230 -785 0
-230 -822 0
-230 -859 0
-230 -896 0
-230 -933 0
-230 -970 0
-230 -1007 0
-230 -1044 0
-267 -304 0
-267 -341 0
-267 -378 0
-267 -415 0
-267 -452 0
-267 -489 0
-267 -526 0
-267 -563 0
-267 -600 0
-267 -637 0
-267 -674 0
-267 -711 0
-267 -748 0
-267 -785 0
-267 -822 0
-267 -859 0
-267 -896 0
-267 -933 0
-267 -970 0
-267 -1007 0
-267 -1044 0
-304 -341 0
-304 -378 0
-304 -415 0
-304 -452 0
-304 -489 0
-304 -526 0
-304 -563 0
-304 -600 0
-304 -637 0
-304 -674 0
-304 -711 0
-304 -748 0
-304 -785 0
-304 -822 0
-304 -859 0
-304 -896 0
-304 -933 0
-304 -970 0
-304 -1007 0
-304 -1044 0
-341 -378 0
-341 -415 0
-341 -452 0
-341 -489 0
-341 -526 0
-341 -563 0
-341 -600 0
-341 -637 0
-341 -674 0
-341 -711 0
-341 -748 0
-341 -785 0
-341 -822 0
-341 -859 0
-341 -896 0
-341 -933 0
-341 -970 0
-341 -1007 0
-341 -1044 0
-378 -415 0
-378 -452 0
-378 -489 0
-378 -526 0
-378 -563 0
-378 -600 0
-378 -637 0
-378 -674 0
-378 -711 0
-378 -748 0
-378 -785 0
-378 -822 0
-378 -859 0
-378 -896 0
-378 -933 0
-378 -970 0
-378 -1007 0
-378 -1044 0
-415 -452 0
-415 -489 0
-415 -526 0
-415 -563 0
-415 -600 0
-415 -637 0
-415 -674 0
-415 -711 0
-415 -748 0
-415 -785 0
-415 -822 0
-415 -859 0
-415 -896 0
-415 -933 0
-415 -970 0
-415 -1007 0
-415 -1044 0
-452 -489 0
-452 -526 0
-452 -563 0
-452 -600 0
-452 -637 0
-452 -674 0
-452 -711 0
-452 -748 0
-452 -785 0
-452 -822 0
-452 -859 0
-452 -896 0
-452 -933 0
-452 -970 0
-452 -1007 0
-452 -1044 0
-489 -526 0
-489 -563 0
-489 -600 0
-489 -637 0
-489 -674 0
-489 -711 0
-489 -748 0
-489 -785 0
-489 -822 0
-489 -859 0
-489 -896 0
-489 -933 0
-489 -970 0
-489 -1007 0
-489 -1044 0
-526 -563 0
-526 -600 0
-526 -637 0
-526 -674 0
-526 -711 0
-526 -748 0
-526 -785 0
-526 -822 0
-526 -859 0
-526 -896 0
-526 -933 0
-526 -970 0
-526 -1007 0
-526 -1044 0
-563 -600 0
-563 -637 0
-563 -674 0
-563 -711 0
-563 -748 0
-563 -785 0
-563 -822 0
-563 -859 0
-563 -896 0
-563 -933 0
-563 -970 0
-563 -1007 0
-563 -1044 0
-600 -637 0
-600 -674 0
-600 -711 0
-600 -748 0
-600 -785 0
-600 -822 0
-600 -859 0
-600 -896 0
-600 -933 0
-600 -970 0
-600 -1007 0
-600 -1044 0
-637 -674 0
-637 -711 0
-637 -748 0
-637 -785 0
-637 -822 0
-637 -859 0
-637 -896 0
-637 -933 0
-637 -970 0
-637 -1007 0
-637 -1044 0
-674 -711 0
-674 -748 0
-674 -785 0
-674 -822 0
-674 -859 0
-674 -896 0
-674 -933 0
-674 -970 0
-674 -1007 0
-674 -1044 0
-711 -748 0
-711 -785 0
-711 -822 0
-711 -859 0
-711 -896 0
-711 -933 0
-711 -970 0
-711 -1007 0
-711 -1044 0
-748 -785 0
-748 -822 0
-748 -859 0
-748 -896 0
-748 -933 0
-748 -970 0
-748 -1007 0
-748 -1044 0
-785 -822 0
-785 -859 0
-785 -896 0
-785 -933 0
-785 -970 0
-785 -1007 0
-785 -1044 0
-822 -859 0
-822 -896 0
-822 -933 0
-822 -970 0
-822 -1007 0
-822 -1044 0
-859 -896 0
-859 -933 0
-859 -970 0
-859 -1007 0
-859 -1044 0
-896 -933 0
-896 -970 0
-896 -1007 0
-896 -1044 0
-933 -970 0
-933 -1007 0
-933 -1044 0
-970 -1007 0
-970 -1044 0
-1007 -1044 0
-9 -46 0
-9 -83 0
-9 -120 0
-9 -157 0
-9 -194 0
-9 -231 0
-9 -268 0
-9 -305 0
-9 -342 0
-9 -379 0
-9 -416 0
-9 -453 0
-9 -490 0
-9 -527 0
-9 -564 0
-9 -601 0
-9 -638 0
-9 -675 0
-9 -712 0
-9 -749 0
-9 -786 0
-9 -823 0
-9 -860 0
-9 -897 0
-9 -934 0
-9 -971 0
-9 -1008 0
-46 -83 0
-46 -120 0
-46 -157 0
-46 -194 0
-46 -231 0
-46 -268 0
-46 -305 0
-46 -342 0
-46 -379 0
-46 -416 0
-46 -453 0
-46 -490 0
-46 -527 0
-46 -564 0
-46 -601 0
-46 -638 0
-46 -675 0
-46 -712 0
-46 -749 0
-46 -786 0
-46 -823 0
-46 -860 0
-46 -897 0
-46 -934 0
-46 -971 0
-46 -1008 0
-83 -120 0
-83 -157 0
-83 -194 0
-83 -231 0
-83 -268 0
-83 -305 0
-83 -342 0
-83 -379 0
-83 -416 0
-83 -453 0
-83 -490 0
-83 -527 0
-83 -564 0
-83 -601 0
-83 -638 0
-83 -675 0
-83 -712 0
-83 -749 0
-83 -786 0
-83 -823 0
-83 -860 0
-83 -897 0
-83 -934 0
-83 -971 0
-83 -1008 0
-120 -157 0
-120 -194 0
-120 -231 0
-120 -268 0
-120 -305 0
-120 -342 0
-120 -379 0
-120 -416 0
-120 -453 0
-120 -490 0
-120 -527 0
-120 -564 0
-120 -601 0
-120 -638 0
-120 -675 0
-120 -712 0
-120 -749 0
-120 -786 0
-120 -823 0
-120 -860 0
-120 -897 0
-120 -934 0
-120 -971 0
-120 -1008 0
-157 -194 0
-157 -231 0
-157 -268 0
-157 -305 0
-157 -342 0
-157 -379 0
-157 -416 0
-157 -453 0
-157 -490 0
-157 -527 0
-157 -564 0
-157 -601 0
-157 -638 0
-157 -675 0
-157 -712 0
-157 -749 0
-157 -786 0
-157 -823 0
-157 -860 0
-157 -897 0
-157 -934 0
-157 -971 0
-157 -1008 0
-194 -231 0
-194 -268 0
-194 -305 0
-194 -342 0
-194 -379 0
-194 -416 0
-194 -453 0
-194 -490 0
-194 -527 0
-194 -564 0
-194 -601 0
-194 -638 0
-194 -675 0
-194 -712 0
-194 -749 0
-194 -786 0
-194 -823 0
-194 -860 0
-194 -897 0
-194 -934 0
-194 -971 0
-194 -1008 0
-231 -268 0
-231 -305 0
-231 -342 0
-231 -379 0
-231 -416 0
-231 -453 0
-231 -490 0
-231 -527 0
-231 -564 0
-231 -601 0
-231 -638 0
-231 -675 0
-231 -712 0
-231 -749 0
-231 -786 0
-231 -823 0
-231 -860 0
-231 -897 0
-231 -934 0
-231 -971 0
-231 -1008 0
-268 -305 0
-268 -342 0
-268 -379 0
-268 -416 0
-268 -453 0
-268 -490 0
-268 -527 0
-268 -564 0
-268 -601 0
-268 -638 0
-268 -675 0
-268 -712 0
-268 -749 0
-268 -786 0
-268 -823 0
-268 -860 0
-268 -897 0
-268 -934 0
-268 -971 0
-268 -1008 0
-305 -342 0
-305 -379 0
-305 -416 0
-305 -453 0
-305 -490 0
-305 -527 0
-305 -564 0
-305 -601 0
-305 -638 0
-305 -675 0
-305 -712 0
-305 -749 0
-305 -786 0
-305 -823 0
-305 -860 0
-305 -897 0
-305 -934 0
-305 -971 0
-305 -1008 0
-342 -379 0
-342 -416 0
-342 -453 0
-342 -490 0
-342 -527 0
-342 -564 0
-342 -601 0
-342 -638 0
-342 -675 0
-342 -712 0
-342 -749 0
-342 -786 0
-342 -823 0
-342 -860 0
-342 -897 0
-342 -934 0
-342 -971 0
-342 -1008 0
-379 -416 0
-379 -453 0
-379 -490 0
-379 -527 0
-379 -564 0
-379 -601 0
-379 -638 0
-379 -675 0
-379 -712 0
-379 -749 0
-379 -786 0
-379 -823 0
-379 -860 0
-379 -897 0
-379 -934 0
-379 -971 0
-379 -1008 0
-416 -453 0
-416 -490 0
-416 -527 0
-416 -564 0
-416 -601 0
-416 -638 0
-416 -675 0
-416 -712 0
-416 -749 0
-416 -786 0
-416 -823 0
-416 -860 0
-416 -897 0
-416 -934 0
-416 -971 0
-416 -1008 0
-453 -490 0
-453 -527 0
-453 -564 0
-453 -601 0
-453 -638 0
-453 -675 0
-453 -712 0
-453 -749 0
-453 -786 0
-453 -823 0
-453 -860 0
-453 -897 0
-453 -934 0
-453 -971 0
-453 -1008 0
-490 -527 0
-490 -564 0
-490 -601 0
-490 -638 0
-490 -675 0
-490 -712 0
-490 -749 0
-490 -786 0
-490 -823 0
-490 -860 0
-490 -897 0
-490 -934 0
-490 -971 0
-490 -1008 0
-527 -564 0
-527 -601 0
-527 -638 0
-527 -675 0
-527 -712 0
-527 -749 0
-527 -786 0
-527 -823 0
-527 -860 0
-527 -897 0
-527 -934 0
-527 -971 0
-527 -1008 0
-564 -601 0
-564 -638 0
-564 -675 0
-564 -712 0
-564 -749 0
-564 -786 0
-564 -823 0
-564 -860 0
-564 -897 0
-564 -934 0
-564 -971 0
-564 -1008 0
-601 -638 0
-601 -675 0
-601 -712 0
-601 -749 0
-601 -786 0
-601 -823 0
-601 -860 0
-601 -897 0
-601 -934 0
-601 -971 0
-601 -1008 0
-638 -675 0
-638 -712 0
-638 -749 0
-638 -786 0
-638 -823 0
-638 -860 0
-638 -897 0
-638 -934 0
-638 -971 0
-638 -1008 0
-675 -712 0
-675 -749 0
-675 -786 0
-675 -823 0
-675 -860 0
-675 -897 0
-675 -934 0
-675 -971 0
-675 -1008 0
-712 -749 0
-712 -786 0
-712 -823 0
-712 -860 0
-712 -897 0
-712 -934 0
-712 -971 0
-712 -1008 0
-749 -786 0
-749 -823 0
-749 -860 0
-749 -897 0
-749 -934 0
-749 -971 0
-749 -1008 0
-786 -823 0
-786 -860 0
-786 -897 0
-786 -934 0
-786 -971 0
-786 -1008 0
-823 -860 0
-823 -897 0
-823 -934 0
-823 -971 0
-823 -1008 0
-860 -897 0
-860 -934 0
-860 -971 0
-860 -1008 0
-897 -934 0
-897 -971 0
-897 -1008 0
-934 -971 0
-934 -1008 0
-971 -1008 0
-10 -47 0
-10 -84 0
-10 -121 0
-10 -158 0
-10 -195 0
-10 -232 0
-10 -269 0
-10 -306 0
-10 -343 0
-10 -380 0
-10 -417 0
-10 -454 0
-10 -491 0
-10 -528 0
-10 -565 0
-10 -602 0
-10 -639 0
-10 -676 0
-10 -713 0
-10 -750 0
-10 -787 0
-10 -824 0
-10 -861 0
-10 -898 0
-10 -935 0
-10 -972 0
-47 -84 0
-47 -121 0
-47 -158 0
-47 -195 0
-47 -232 0
-47 -269 0
-47 -306 0
-47 -343 0
-47 -380 0
-47 -417 0
-47 -454 0
-47 -491 0
-47 -528 0
-47 -565 0
-47 -602 0
-47 -639 0
-47 -676 0
-47 -713 0
-47 -750 0
-47 -787 0
-47 -824 0
-47 -861 0
-47 -898 0
-47 -935 0
-47 -972 0
-84 -121 0
-84 -158 0
-84 -195 0
-84 -232 0
-84 -269 0
-84 -306 0
-84 -343 0
-84 -380 0
-84 -417 0
-84 -454 0
-84 -491 0
-84 -528 0
-84 -565 0
-84 -602 0
-84 -639 0
-84 -676 0
-84 -713 0
-84 -750 0
-84 -787 0
-84 -824 0
-84 -861 0
-84 -898 0
-84 -935 0
-84 -972 0
-121 -158 0
-121 -195 0
-121 -232 0
-121 -269 0
-121 -306 0
-121 -343 0
-121 -380 0
-121 -417 0
-121 -454 0
-121 -491 0
-121 -528 0
-121 -565 0
-121 -602 0
-121 -639 0
-121 -676 0
-121 -713 0
-121 -750 0
-121 -787 0
-121 -824 0
-121 -861 0
-121 -898 0
-121 -935 0
-121 -972 0
-158 -195 0
-158 -232 0
-158 -269 0
-158 -306 0
-158 -343 0
-158 -380 0
-158 -417 0
-158 -454 0
-158 -491 0
-158 -528 0
-158 -565 0
-158 -602 0
-158 -639 0
-158 -676 0
-158 -713 0
-158 -750 0
-158 -787 0
-158 -824 0
-158 -861 0
-158 -898 0
-158 -935 0
-158 -972 0
-195 -232 0
-195 -269 0
-195 -306 0
-195 -343 0
-195 -380 0
-195 -417 0
-195 -454 0
-195 -491 0
-195 -528 0
-195 -565 0
-195 -602 0
-195 -639 0
-195 -676 0
-195 -713 0
-195 -750 0
-195 -787 0
-195 -824 0
-195 -861 0
-195 -898 0
-195 -935 0
-195 -972 0
-232 -269 0
-232 -306 0
-232 -343 0
-232 -380 0
-232 -417 0
-232 -454 0
-232 -491 0
-232 -528 0
-232 -565 0
-232 -602 0
-232 -639 0
-232 -676 0
-232 -713 0
-232 -750 0
-232 -787 0
-232 -824 0
-232 -861 0
-232 -898 0
-232 -935 0
-232 -972 0
-269 -306 0
-269 -343 0
-269 -380 0
-269 -417 0
-269 -454 0
-269 -491 0
-269 -528 0
-269 -565 0
-269 -602 0
-269 -639 0
-269 -676 0
-269 -713 0
-269 -750 0
-269 -787 0
-269 -824 0
-269 -861 0
-269 -898 0
-269 -935 0
-269 -972 0
-306 -343 0
-306 -380 0
-306 -417 0
-306 -454 0
-306 -491 0
-306 -528 0
-306 -565 0
-306 -602 0
-306 -639 0
-306 -676 0
-306 -713 0
-306 -750 0
-306 -787 0
-306 -824 0
-306 -861 0
-306 -898 0
-306 -935 0
-306 -972 0
-343 -380 0
-343 -417 0
-343 -454 0
-343 -491 0
-343 -528 0
-343 -565 0
-343 -602 0
-343 -639 0
-343 -676 0
-343 -713 0
-343 -750 0
-343 -787 0
-343 -824 0
-343 -861 0
-343 -898 0
-343 -935 0
-343 -972 0
-380 -417 0
-380 -454 0
-380 -491 0
-380 -528 0
-380 -565 0
-380 -602 0
-380 -639 0
-380 -676 0
-380 -713 0
-380 -750 0
-380 -787 0
-380 -824 0
-380 -861 0
-380 -898 0
-380 -935 0
-380 -972 0
-417 -454 0
-417 -491 0
-417 -528 0
-417 -565 0
-417 -602 0
-417 -639 0
-417 -676 0
-417 -713 0
-417 -750 0
-417 -787 0
-417 -824 0
-417 -861 0
-417 -898 0
-417 -935 0
-417 -972 0
-454 -491 0
-454 -528 0
-454 -565 0
-454 -602 0
-454 -639 0
-454 -676 0
-454 -713 0
-454 -750 0
-454 -787 0
-454 -824 0
-454 -861 0
-454 -898 0
-454 -935 0
-454 -972 0
-491 -528 0
-491 -565 0
-491 -602 0
-491 -639 0
-491 -676 0
-491 -713 0
-491 -750 0
-491 -787 0
-491 -824 0
-491 -861 0
-491 -898 0
-491 -935 0
-491 -972 0
-528 -565 0
-528 -602 0
-528 -639 0
-528 -676 0
-528 -713 0
-528 -750 0
-528 -787 0
-528 -824 0
-528 -861 0
-528 -898 0
-528 -935 0
-528 -972 0
-565 -602 0
-565 -639 0
-565 -676 0
-565 -713 0
-565 -750 0
-565 -787 0
-565 -824 0
-565 -861 0
-565 -898 0
-565 -935 0
-565 -972 0
-602 -639 0
-602 -676 0
-602 -713 0
-602 -750 0
-602 -787 0
-602 -824 0
-602 -861 0
-602 -898 0
-602 -935 0
-602 -972 0
-639 -676 0
-639 -713 0
-639 -750 0
-639 -787 0
-639 -824 0
-639 -861 0
-639 -898 0
-639 -935 0
-639 -972 0
-676 -713 0
-676 -750 0
-676 -787 0
-676 -824 0
-676 -861 0
-676 -898 0
-676 -935 0
-676 -972 0
-713 -750 0
-713 -787 0
-713 -824 0
-713 -861 0
-713 -898 0
-713 -935 0
-713 -972 0
-750 -787 0
-750 -824 0
-750 -861 0
-750 -898 0
-750 -935 0
-750 -972 0
-787 -824 0
-787 -861 0
-787 -898 0
-787 -935 0
-787 -972 0
-824 -861 0
-824 -898 0
-824 -935 0
-824 -972 0
-861 -898 0
-861 -935 0
-861 -972 0
-898 -935 0
-898 -972 0
-935 -972 0
-11 -48 0
-11 -85 0
-11 -122 0
-11 -159 0
-11 -196 0
-11 -233 0
-11 -270 0
-11 -307 0
-11 -344 0
-11 -381 0
-11 -418 0
-11 -455 0
-11 -492 0
-11 -529 0
-11 -566 0
-11 -603 0
-11 -640 0
-11 -677 0
-11 -714 0
-11 -751 0
-11 -788 0
-11 -825 0
-11 -862 0
-11 -899 0
-11 -936 0
-48 -85 0
-48 -122 0
-48 -159 0
-48 -196 0
-48 -233 0
-48 -270 0
-48 -307 0
-48 -344 0
-48 -381 0
-48 -418 0
-48 -455 0
-48 -492 0
-48 -529 0
-48 -566 0
-48 -603 0
-48 -640 0
-48 -677 0
-48 -714 0
-48 -751 0
-48 -788 0
-48 -825 0
-48 -862 0
-48 -899 0
-48 -936 0
-85 -122 0
-85 -159 0
-85 -196 0
-85 -233 0
-85 -270 0
-85 -307 0
-85 -344 0
-85 -381 0
-85 -418 0
-85 -455 0
-85 -492 0
-85 -529 0
-85 -566 0
-85 -603 0
-85 -640 0
-85 -677 0
-85 -714 0
-85 -751 0
-85 -788 0
-85 -825 0
-85 -862 0
-85 -899 0
-85 -936 0
-122 -159 0
-122 -196 0
-122 -233 0
-122 -270 0
-122 -307 0
-122 -344 0
-122 -381 0
-122 -418 0
-122 -455 0
-122 -492 0
-122 -529 0
-122 -566 0
-122 -603 0
-122 -640 0
-122 -677 0
-122 -714 0
-122 -751 0
-122 -788 0
-122 -825 0
-122 -862 0
-122 -899 0
-122 -936 0
-159 -196 0
-159 -233 0
-159 -270 0
-159 -307 0
-159 -344 0
-159 -381 0
-159 -418 0
-159 -455 0
-159 -492 0
-159 -529 0
-159 -566 0
-159 -603 0
-159 -640 0
-159 -677 0
-159 -714 0
-159 -751 0
-159 -788 0
-159 -825 0
-159 -862 0
-159 -899 0
-159 -936 0
-196 -233 0
-196 -270 0
-196 -307 0
-196 -344 0
-196 -381 0
-196 -418 0
-196 -455 0
-196 -492 0
-196 -529 0
-196 -566 0
-196 -603 0
-196 -640 0
-196 -677 0
-196 -714 0
-196 -751 0
-196 -788 0
-196 -825 0
-196 -862 0
-196 -899 0
-196 -936 0
-233 -270 0
-233 -307 0
-233 -344 0
-233 -381 0
-233 -418 0
-233 -455 0
-233 -492 0
-233 -529 0
-233 -566 0
-233 -603 0
-233 -640 0
-233 -677 0
-233 -714 0
-233 -751 0
-233 -788 0
-233 -825 0
-233 -862 0
-233 -899 0
-233 -936 0
-270 -307 0
-270 -344 0
-270 -381 0
-270 -418 0
-270 -455 0
-270 -492 0
-270 -529 0
-270 -566 0
-270 -603 0
-270 -640 0
-270 -677 0
-270 -714 0
-270 -751 0
-270 -788 0
-270 -825 0
-270 -862 0
-270 -899 0
-270 -936 0
-307 -344 0
-307 -381 0
-307 -418 0
-307 -455 0
-307 -492 0
-307 -529 0
-307 -566 0
-307 -603 0
-307 -640 0
-307 -677 0
-307 -714 0
-307 -751 0
-307 -788 0
-307 -825 0
-307 -862 0
-307 -899 0
-307 -936 0
-344 -381 0
-344 -418 0
-344 -455 0
-344 -492 0
-344 -529 0
-344 -566 0
-344 -603 0
-344 -640 0
-344 -677 0
-344 -714 0
-344 -751 0
-344 -788 0
-344 -825 0
-344 -862 0
-344 -899 0
-344 -936 0
-381 -418 0
-381 -455 0
-381 -492 0
-381 -529 0
-381 -566 0
-381 -603 0
-381 -640 0
-381 -677 0
-381 -714 0
-381 -751 0
-381 -788 0
-381 -825 0
-381 -862 0
-381 -899 0
-381 -936 0
-418 -455 0
-418 -492 0
-418 -529 0
-418 -566 0
-418 -603 0
-418 -640 0
-418 -677 0
-418 -714 0
-418 -751 0
-418 -788 0
-418 -825 0
-418 -862 0
-418 -899 0
-418 -936 0
-455 -492 0
-455 -529 0
-455 -566 0
-455 -603 0
-455 -640 0
-455 -677 0
-455 -714 0
-455 -751 0
-455 -788 0
-455 -825 0
-455 -862 0
-455 -899 0
-455 -936 0
-492 -529 0
-492 -566 0
-492 -603 0
-492 -640 0
-492 -677 0
-492 -714 0
-492 -751 0
-492 -788 0
-492 -825 0
-492 -862 0
-492 -899 0
-492 -936 0
-529 -566 0
-529 -603 0
-529 -640 0
-529 -677 0
-529 -714 0
-529 -751 0
-529 -788 0
-529 -825 0
-529 -862 0
-529 -899 0
-529 -936 0
-566 -603 0
-566 -640 0
-566 -677 0
-566 -714 0
-566 -751 0
-566 -788 0
-566 -825 0
-566 -862 0
-566 -899 0
-566 -936 0
-603 -640 0
-603 -677 0
-603 -714 0
-603 -751 0
-603 -788 0
-603 -825 0
-603 -862 0
-603 -899 0
-603 -936 0
-640 -677 0
-640 -714 0
-640 -751 0
-640 -788 0
-640 -825 0
-640 -862 0
-640 -899 0
-640 -936 0
-677 -714 0
-677 -751 0
-677 -788 0
-677 -825 0
-677 -862 0
-677 -899 0
-677 -936 0
-714 -751 0
-714 -788 0
-714 -825 0
-714 -862 0
-714 -899 0
-714 -936 0
-751 -788 0
-751 -825 0
-751 -862 0
-751 -899 0
-751 -936 0
-788 -825 0
-788 -862 0
-788 -899 0
-788 -936 0
-825 -862 0
-825 -899 0
-825 -936 0
-862 -899 0
-862 -936 0
-899 -936 0
-12 -49 0
-12 -86 0
-12 -123 0
-12 -160 0
-12 -197 0
-12 -234 0
-12 -271 0
-12 -308 0
-12 -345 0
-12 -382 0
-12 -419 0
-12 -456 0
-12 -493 0
-12 -530 0
-12 -567 0
-12 -604 0
-12 -641 0
-12 -678 0
-12 -715 0
-12 -752 0
-12 -789 0
-12 -826 0
-12 -863 0
-12 -900 0
-49 -86 0
-49 -123 0
-49 -160 0
-49 -197 0
-49 -234 0
-49 -271 0
-49 -308 0
-49 -345 0
-49 -382 0
-49 -419 0
-49 -456 0
-49 -493 0
-49 -530 0
-49 -567 0
-49 -604 0
-49 -641 0
-49 -678 0
-49 -715 0
-49 -752 0
-49 -789 0
-49 -826 0
-49 -863 0
-49 -900 0
-86 -123 0
-86 -160 0
-86 -197 0
-86 -234 0
-86 -271 0
-86 -308 0
-86 -345 0
-86 -382 0
-86 -419 0
-86 -456 0
-86 -493 0
-86 -530 0
-86 -567 0
-86 -604 0
-86 -641 0
-86 -678 0
-86 -715 0
-86 -752 0
-86 -789 0
-86 -826 0
-86 -863 0
-86 -900 0
-123 -160 0
-123 -197 0
-123 -234 0
-123 -271 0
-123 -308 0
-123 -345 0
-123 -382 0
-123 -419 0
-123 -456 0
-123 -493 0
-123 -530 0
-123 -567 0
-123 -604 0
-123 -641 0
-123 -678 0
-123 -715 0
-123 -752 0
-123 -789 0
-123 -826 0
-123 -863 0
-123 -900 0
-160 -197 0
-160 -234 0
-160 -271 0
-160 -308 0
-160 -345 0
-160 -382 0
-160 -419 0
-160 -456 0
-160 -493 0
-160 -530 0
-160 -567 0
-160 -604 0
-160 -641 0
-160 -678 0
-160 -715 0
-160 -752 0
-160 -789 0
-160 -826 0
-160 -863 0
-160 -900 0
-197 -234 0
-197 -271 0
-197 -308 0
-197 -345 0
-197 -382 0
-197 -419 0
-197 -456 0
-197 -493 0
-197 -530 0
-197 -567 0
-197 -604 0
-197 -641 0
-197 -678 0
-197 -715 0
-197 -752 0
-197 -789 0
-197 -826 0
-197 -863 0
-197 -900 0
-234 -271 0
-234 -308 0
-234 -345 0
-234 -382 0
-234 -419 0
-234 -456 0
-234 -493 0
-234 -530 0
-234 -567 0
-234 -604 0
-234 -641 0
-234 -678 0
-234 -715 0
-234 -752 0
-234 -789 0
-234 -826 0
-234 -863 0
-234 -900 0
-271 -308 0
-271 -345 0
-271 -382 0
-271 -419 0
-271 -456 0
-271 -493 0
-271 -530 0
-271 -567 0
-271 -604 0
-271 -641 0
-271 -678 0
-271 -715 0
-271 -752 0
-271 -789 0
-271 -826 0
-271 -863 0
-271 -900 0
-308 -345 0
-308 -382 0
-308 -419 0
-308 -456 0
-308 -493 0
-308 -530 0
-308 -567 0
-308 -604 0
-308 -641 0
-308 -678 0
-308 -715 0
-308 -752 0
-308 -789 0
-308 -826 0
-308 -863 0
-308 -900 0
-345 -382 0
-345 -419 0
-345 -456 0
-345 -493 0
-345 -530 0
-345 -567 0
-345 -604 0
-345 -641 0
-345 -678 0
-345 -715 0
-345 -752 0
-345 -789 0
-345 -826 0
-345 -863 0
-345 -900 0
-382 -419 0
-382 -456 0
-382 -493 0
-382 -530 0
-382 -567 0
-382 -604 0
-382 -641 0
-382 -678 0
-382 -715 0
-382 -752 0
-382 -789 0
-382 -826 0
-382 -863 0
-382 -900 0
-419 -456 0
-419 -493 0
-419 -530 0
-419 -567 0
-419 -604 0
-419 -641 0
-419 -678 0
-419 -715 0
-419 -752 0
-419 -789 0
-419 -826 0
-419 -863 0
-419 -900 0
-456 -493 0
-456 -530 0
-456 -567 0
-456 -604 0
-456 -641 0
-456 -678 0
-456 -715 0
-456 -752 0
-456 -789 0
-456 -826 0
-456 -863 0
-456 -900 0
-493 -530 0
-493 -567 0
-493 -604 0
-493 -641 0
-493 -678 0
-493 -715 0
-493 -752 0
-493 -789 0
-493 -826 0
-493 -863 0
-493 -900 0
-530 -567 0
-530 -604 0
-530 -641 0
-530 -678 0
-530 -715 0
-530 -752 0
-530 -789 0
-530 -826 0
-530 -863 0
-530 -900 0
-567 -604 0
-567 -641 0
-567 -678 0
-567 -715 0
-567 -752 0
-567 -789 0
-567 -826 0
-567 -863 0
-567 -900 0
-604 -641 0
-604 -678 0
-604 -715 0
-604 -752 0
-604 -789 0
-604 -826 0
-604 -863 0
-604 -900 0
-641 -678 0
-641 -715 0
-641 -752 0
-641 -789 0
-641 -826 0
-641 -863 0
-641 -900 0
-678 -715 0
-678 -752 0
-678 -789 0
-678 -826 0
-678 -863 0
-678 -900 0
-715 -752 0
-715 -789 0
-715 -826 0
-715 -863 0
-715 -900 0
-752 -789 0
-752 -826 0
-752 -863 0
-752 -900 0
-789 -826 0
-789 -863 0
-789 -900 0
-826 -863 0
-826 -900 0
-863 -900 0
-13 -50 0
-13 -87 0
-13 -124 0
-13 -161 0
-13 -198 0
-13 -235 0
-13 -272 0
-13 -309 0
-13 -346 0
-13 -383 0
-13 -420 0
-13 -457 0
-13 -494 0
-13 -531 0
-13 -568 0
-13 -605 0
-13 -642 0
-13 -679 0
-13 -716 0
-13 -753 0
-13 -790 0
-13 -827 0
-13 -864 0
-50 -87 0
-50 -124 0
-50 -161 0
-50 -198 0
-50 -235 0
-50 -272 0
-50 -309 0
-50 -346 0
-50 -383 0
-50 -420 0
-50 -457 0
-50 -494 0
-50 -531 0
-50 -568 0
-50 -605 0
-50 -642 0
-50 -679 0
-50 -716 0
-50 -753 0
-50 -790 0
-50 -827 0
-50 -864 0
-87 -124 0
-87 -161 0
-87 -198 0
-87 -235 0
-87 -272 0
-87 -309 0
-87 -346 0
-87 -383 0
-87 -420 0
-87 -457 0
-87 -494 0
-87 -531 0
-87 -568 0
-87 -605 0
-87 -642 0
-87 -679 0
-87 -716 0
-87 -753 0
-87 -790 0
-87 -827 0
-87 -864 0
-124 -161 0
-124 -198 0
-124 -235 0
-124 -272 0
-124 -309 0
-124 -346 0
-124 -383 0
-124 -420 0
-124 -457 0
-124 -494 0
-124 -531 0
-124 -568 0
-124 -605 0
-124 -642 0
-124 -679 0
-124 -716 0
-124 -753 0
-124 -790 0
-124 -827 0
-124 -864 0
-161 -198 0
-161 -235 0
-161 -272 0
-161 -309 0
-161 -346 0
-161 -383 0
-161 -420 0
-161 -457 0
-161 -494 0
-161 -531 0
-161 -568 0
-161 -605 0
-161 -642 0
-161 -679 0
-161 -716 0
-161 -753 0
-161 -790 0
-161 -827 0
-161 -864 0
-198 -235 0
-198 -272 0
-198 -309 0
-198 -346 0
-198 -383 0
-198 -420 0
-198 -457 0
-198 -494 0
-198 -531 0
-198 -568 0
-198 -605 0
-198 -642 0
-198 -679 0
-198 -716 0
-198 -753 0
-198 -790 0
-198 -827 0
-198 -864 0
-235 -272 0
-235 -309 0
-235 -346 0
-235 -383 0
-235 -420 0
-235 -457 0
-235 -494 0
-235 -531 0
-235 -568 0
-235 -605 0
-235 -642 0
-235 -679 0
-235 -716 0
-235 -753 0
-235 -790 0
-235 -827 0
-235 -864 0
-272 -309 0
-272 -346 0
-272 -383 0
-272 -420 0
-272 -457 0
-272 -494 0
-272 -531 0
-272 -568 0
-272 -605 0
-272 -642 0
-272 -679 0
-272 -716 0
-272 -753 0
-272 -790 0
-272 -827 0
-272 -864 0
-309 -346 0
-309 -383 0
-309 -420 0
-309 -457 0
-309 -494 0
-309 -531 0
-309 -568 0
-309 -605 0
-309 -642 0
-309 -679 0
-309 -716 0
-309 -753 0
-309 -790 0
-309 -827 0
-309 -864 0
-346 -383 0
-346 -420 0
-346 -457 0
-346 -494 0
-346 -531 0
-346 -568 0
-346 -605 0
-346 -642 0
-346 -679 0
-346 -716 0
-346 -753 0
-346 -790 0
-346 -827 0
-346 -864 0
-383 -420 0
-383 -457 0
-383 -494 0
-383 -531 0
-383 -568 0
-383 -605 0
-383 -642 0
-383 -679 0
-383 -716 0
-383 -753 0
-383 -790 0
-383 -827 0
-383 -864 0
-420 -457 0
-420 -494 0
-420 -531 0
-420 -568 0
-420 -605 0
-420 -642 0
-420 -679 0
-420 -716 0
-420 -753 0
-420 -790 0
-420 -827 0
-420 -864 0
-457 -494 0
-457 -531 0
-457 -568 0
-457 -605 0
-457 -642 0
-457 -679 0
-457 -716 0
-457 -753 0
-457 -790 0
-457 -827 0
-457 -864 0
-494 -531 0
-494 -568 0
-494 -605 0
-494 -642 0
-494 -679 0
-494 -716 0
-494 -753 0
-494 -790 0
-494 -827 0
-494 -864 0
-531 -568 0
-531 -605 0
-531 -642 0
-531 -679 0
-531 -716 0
-531 -753 0
-531 -790 0
-531 -827 0
-531 -864 0
-568 -605 0
-568 -642 0
-568 -679 0
-568 -716 0
-568 -753 0
-568 -790 0
-568 -827 0
-568 -864 0
-605 -642 0
-605 -679 0
-605 -716 0
-605 -753 0
-605 -790 0
-605 -827 0
-605 -864 0
-642 -679 0
-642 -716 0
-642 -753 0
-642 -790 0
-642 -827 0
-642 -864 0
-679 -716 0
-679 -753 0
-679 -790 0
-679 -827 0
-679 -864 0
-716 -753 0
-716 -790 0
-716 -827 0
-716 -864 0
-753 -790 0
-753 -827 0
-753 -864 0
-790 -827 0
-790 -864 0
-827 -864 0
-14 -51 0
-14 -88 0
-14 -125 0
-14 -162 0
-14 -199 0
-14 -236 0
-14 -273 0
-14 -310 0
-14 -347 0
-14 -384 0
-14 -421 0
-14 -458 0
-14 -495 0
-14 -532 0
-14 -569 0
-14 -606 0
-14 -643 0
-14 -680 0
-14 -717 0
-14 -754 0
-14 -791 0
-14 -828 0
-51 -88 0
-51 -125 0
-51 -162 0
-51 -199 0
-51 -236 0
-51 -273 0
-51 -310 0
-51 -347 0
-51 -384 0
-51 -421 0
-51 -458 0
-51 -495 0
-51 -532 0
-51 -569 0
-51 -606 0
-51 -643 0
-51 -680 0
-51 -717 0
-51 -754 0
-51 -791 0
-51 -828 0
-88 -125 0
-88 -162 0
-88 -199 0
-88 -236 0
-88 -273 0
-88 -310 0
-88 -347 0
-88 -384 0
-88 -421 0
-88 -458 0
-88 -495 0
-88 -532 0
-88 -569 0
-88 -606 0
-88 -643 0
-88 -680 0
-88 -717 0
-88 -754 0
-88 -791 0
-88 -828 0
-125 -162 0
-125 -199 0
-125 -236 0
-125 -273 0
-125 -310 0
-125 -347 0
-125 -384 0
-125 -421 0
-125 -458 0
-125 -495 0
-125 -532 0
-125 -569 0
-125 -606 0
-125 -643 0
-125 -680 0
-125 -717 0
-125 -754 0
-125 -791 0
-125 -828 0
-162 -199 0
-162 -236 0
-162 -273 0
-162 -310 0
-162 -347 0
-162 -384 0
-162 -421 0
-162 -458 0
-162 -495 0
-162 -532 0
-162 -569 0
-162 -606 0
-162 -643 0
-162 -680 0
-162 -717 0
-162 -754 0
-162 -791 0
-162 -828 0
-199 -236 0
-199 -273 0
-199 -310 0
-199 -347 0
-199 -384 0
-199 -421 0
-199 -458 0
-199 -495 0
-199 -532 0
-199 -569 0
-199 -606 0
-199 -643 0
-199 -680 0
-199 -717 0
-199 -754 0
-199 -791 0
-199 -828 0
-236 -273 0
-236 -310 0
-236 -347 0
-236 -384 0
-236 -421 0
-236 -458 0
-236 -495 0
-236 -532 0
-236 -569 0
-236 -606 0
-236 -643 0
-236 -680 0
-236 -717 0
-236 -754 0
-236 -791 0
-236 -828 0
-273 -310 0
-273 -347 0
-273 -384 0
-273 -421 0
-273 -458 0
-273 -495 0
-273 -532 0
-273 -569 0
-273 -606 0
-273 -643 0
-273 -680 0
-273 -717 0
-273 -754 0
-273 -791 0
-273 -828 0
-310 -347 0
-310 -384 0
-310 -421 0
-310 -458 0
-310 -495 0
-310 -532 0
-310 -569 0
-310 -606 0
-310 -643 0
-310 -680 0
-310 -717 0
-310 -754 0
-310 -791 0
-310 -828 0
-347 -384 0
-347 -421 0
-347 -458 0
-347 -495 0
-347 -532 0
-347 -569 0
-347 -606 0
-347 -643 0
-347 -680 0
-347 -717 0
-347 -754 0
-347 -791 0
-347 -828 0
-384 -421 0
-384 -458 0
-384 -495 0
-384 -532 0
-384 -569 0
-384 -606 0
-384 -643 0
-384 -680 0
-384 -717 0
-384 -754 0
-384 -791 0
-384 -828 0
-421 -458 0
-421 -495 0
-421 -532 0
-421 -569 0
-421 -606 0
-421 -643 0
-421 -680 0
-421 -717 0
-421 -754 0
-421 -791 0
-421 -828 0
-458 -495 0
-458 -532 0
-458 -569 0
-458 -606 0
-458 -643 0
-458 -680 0
-458 -717 0
-458 -754 0
-458 -791 0
-458 -828 0
-495 -532 0
-495 -569 0
-495 -606 0
-495 -643 0
-495 -680 0
-495 -717 0
-495 -754 0
-495 -791 0
-495 -828 0
-532 -569 0
-532 -606 0
-532 -643 0
-532 -680 0
-532 -717 0
-532 -754 0
-532 -791 0
-532 -828 0
-569 -606 0
-569 -643 0
-569 -680 0
-569 -717 0
-569 -754 0
-569 -791 0
-569 -828 0
-606 -643 0
-606 -680 0
-606 -717 0
-606 -754 0
-606 -791 0
-606 -828 0
-643 -680 0
-643 -717 0
-643 -754 0
-643 -791 0
-643 -828 0
-680 -717 0
-680 -754 0
-680 -791 0
-680 -828 0
-717 -754 0
-717 -791 0
-717 -828 0
-754 -791 0
-754 -828 0
-791 -828 0
-15 -52 0
-15 -89 0
-15 -126 0
-15 -163 0
-15 -200 0
-15 -237 0
-15 -274 0
-15 -311 0
-15 -348 0
-15 -385 0
-15 -422 0
-15 -459 0
-15 -496 0
-15 -533 0
-15 -570 0
-15 -607 0
-15 -644 0
-15 -681 0
-15 -718 0
-15 -755 0
-15 -792 0
-52 -89 0
-52 -126 0
-52 -163 0
-52 -200 0
-52 -237 0
-52 -274 0
-52 -311 0
-52 -348 0
-52 -385 0
-52 -422 0
-52 -459 0
-52 -496 0
-52 -533 0
-52 -570 0
-52 -607 0
-52 -644 0
-52 -681 0
-52 -718 0
-52 -755 0
-52 -792 0
-89 -126 0
-89 -163 0
-89 -200 0
-89 -237 0
-89 -274 0
-89 -311 0
-89 -348 0
-89 -385 0
-89 -422 0
-89 -459 0
-89 -496 0
-89 -533 0
-89 -570 0
-89 -607 0
-89 -644 0
-89 -681 0
-89 -718 0
-89 -755 0
-89 -792 0
-126 -163 0
-126 -200 0
-126 -237 0
-126 -274 0
-126 -311 0
-126 -348 0
-126 -385 0
-126 -422 0
-126 -459 0
-126 -496 0
-126 -533 0
-126 -570 0
-126 -607 0
-126 -644 0
-126 -681 0
-126 -718 0
-126 -755 0
-126 -792 0
-163 -200 0
-163 -237 0
-163 -274 0
-163 -311 0
-163 -348 0
-163 -385 0
-163 -422 0
-163 -459 0
-163 -496 0
-163 -533 0
-163 -570 0
-163 -607 0
-163 -644 0
-163 -681 0
-163 -718 0
-163 -755 0
-163 -792 0
-200 -237 0
-200 -274 0
-200 -311 0
-200 -348 0
-200 -385 0
-200 -422 0
-200 -459 0
-200 -496 0
-200 -533 0
-200 -570 0
-200 -607 0
-200 -644 0
-200 -681 0
-200 -718 0
-200 -755 0
-200 -792 0
-237 -274 0
-237 -311 0
-237 -348 0
-237 -385 0
-237 -422 0
-237 -459 0
-237 -496 0
-237 -533 0
-237 -570 0
-237 -607 0
-237 -644 0
-237 -681 0
-237 -718 0
-237 -755 0
-237 -792 0
-274 -311 0
-274 -348 0
-274 -385 0
-274 -422 0
-274 -459 0
-274 -496 0
-274 -533 0
-274 -570 0
-274 -607 0
-274 -644 0
-274 -681 0
-274 -718 0
-274 -755 0
-274 -792 0
-311 -348 0
-311 -385 0
-311 -422 0
-311 -459 0
-311 -496 0
-311 -533 0
-311 -570 0
-311 -607 0
-311 -644 0
-311 -681 0
-311 -718 0
-311 -755 0
-311 -792 0
-348 -385 0
-348 -422 0
-348 -459 0
-348 -496 0
-348 -533 0
-348 -570 0
-348 -607 0
-348 -644 0
-348 -681 0
-348 -718 0
-348 -755 0
-348 -792 0
-385 -422 0
-385 -459 0
-385 -496 0
-385 -533 0
-385 -570 0
-385 -607 0
-385 -644 0
-385 -681 0
-385 -718 0
-385 -755 0
-385 -792 0
-422 -459 0
-422 -496 0
-422 -533 0
-422 -570 0
-422 -607 0
-422 -644 0
-422 -681 0
-422 -718 0
-422 -755 0
-422 -792 0
-459 -496 0
-459 -533 0
-459 -570 0
-459 -607 0
-459 -644 0
-459 -681 0
-459 -718 0
-459 -755 0
-459 -792 0
-496 -533 0
-496 -570 0
-496 -607 0
-496 -644 0
-496 -681 0
-496 -718 0
-496 -755 0
-496 -792 0
-533 -570 0
-533 -607 0
-533 -644 0
-533 -681 0
-533 -718 0
-533 -755 0
-533 -792 0
-570 -607 0
-570 -644 0
-570 -681 0
-570 -718 0
-570 -755 0
-570 -792 0
-607 -644 0
-607 -681 0
-607 -718 0
-607 -755 0
-607 -792 0
-644 -681 0
-644 -718 0
-644 -755 0
-644 -792 0
-681 -718 0
-681 -755 0
-681 -792 0
-718 -755 0
-718 -792 0
-755 -792 0
-16 -53 0
-16 -90 0
-16 -127 0
-16 -164 0
-16 -201 0
-16 -238 0
-16 -275 0
-16 -312 0
-16 -349 0
-16 -386 0
-16 -423 0
-16 -460 0
-16 -497 0
-16 -534 0
-16 -571 0
-16 -608 0
-16 -645 0
-16 -682 0
-16 -719 0
-16 -756 0
-53 -90 0
-53 -127 0
-53 -164 0
-53 -201 0
-53 -238 0
-53 -275 0
-53 -312 0
-53 -349 0
-53 -386 0
-53 -423 0
-53 -460 0
-53 -497 0
-53 -534 0
-53 -571 0
-53 -608 0
-53 -645 0
-53 -682 0
-53 -719 0
-53 -756 0
-90 -127 0
-90 -164 0
-90 -201 0
-90 -238 0
-90 -275 0
-90 -312 0
-90 -349 0
-90 -386 0
-90 -423 0
-90 -460 0
-90 -497 0
-90 -534 0
-90 -571 0
-90 -608 0
-90 -645 0
-90 -682 0
-90 -719 0
-90 -756 0
-127 -164 0
-127 -201 0
-127 -238 0
-127 -275 0
-127 -312 0
-127 -349 0
-127 -386 0
-127 -423 0
-127 -460 0
-127 -497 0
-127 -534 0
-127 -571 0
-127 -608 0
-127 -645 0
-127 -682 0
-127 -719 0
-127 -756 0
-164 -201 0
-164 -238 0
-164 -275 0
-164 -312 0
-164 -349 0
-164 -386 0
-164 -423 0
-164 -460 0
-164 -497 0
-164 -534 0
-164 -571 0
-164 -608 0
-164 -645 0
-164 -682 0
-164 -719 0
-164 -756 0
-201 -238 0
-201 -275 0
-201 -312 0
-201 -349 0
-201 -386 0
-201 -423 0
-201 -460 0
-201 -497 0
-201 -534 0
-201 -571 0
-201 -608 0
-201 -645 0
-201 -682 0
-201 -719 0
-201 -756 0
-238 -275 0
-238 -312 0
-238 -349 0
-238 -386 0
-238 -423 0
-238 -460 0
-238 -497 0
-238 -534 0
-238 -571 0
-238 -608 0
-238 -645 0
-238 -682 0
-238 -719 0
-238 -756 0
-275 -312 0
-275 -349 0
-275 -386 0
-275 -423 0
-275 -460 0
-275 -497 0
-275 -534 0
-275 -571 0
-275 -608 0
-275 -645 0
-275 -682 0
-275 -719 0
-275 -756 0
-312 -349 0
-312 -386 0
-312 -423 0
-312 -460 0
-312 -497 0
-312 -534 0
-312 -571 0
-312 -608 0
-312 -645 0
-312 -682 0
-312 -719 0
-312 -756 0
-349 -386 0
-349 -423 0
-349 -460 0
-349 -497 0
-349 -534 0
-349 -571 0
-349 -608 0
-349 -645 0
-349 -682 0
-349 -719 0
-349 -756 0
-386 -423 0
-386 -460 0
-386 -497 0
-386 -534 0
-386 -571 0
-386 -608 0
-386 -645 0
-386 -682 0
-386 -719 0
-386 -756 0
-423 -460 0
-423 -497 0
-423 -534 0
-423 -571 0
-423 -608 0
-423 -645 0
-423 -682 0
-423 -719 0
-423 -756 0
-460 -497 0
-460 -534 0
-460 -571 0
-460 -608 0
-460 -645 0
-460 -682 0
-460 -719 0
-460 -756 0
-497 -534 0
-497 -571 0
-497 -608 0
-497 -645 0
-497 -682 0
-497 -719 0
-497 -756 0
-534 -571 0
-534 -608 0
-534 -645 0
-534 -682 0
-534 -719 0
-534 -756 0
-571 -608 0
-571 -645 0
-571 -682 0
-571 -719 0
-571 -756 0
-608 -645 0
-608 -682 0
-608 -719 0
-608 -756 0
-645 -682 0
-645 -719 0
-645 -756 0
-682 -719 0
-682 -756 0
-719 -756 0
-17 -54 0
-17 -91 0
-17 -128 0
-17 -165 0
-17 -202 0
-17 -239 0
-17 -276 0
-17 -313 0
-17 -350 0
-17 -387 0
-17 -424 0
-17 -461 0
-17 -498 0
-17 -535 0
-17 -572 0
-17 -609 0
-17 -646 0
-17 -683 0
-17 -720 0
-54 -91 0
-54 -128 0
-54 -165 0
-54 -202 0
-54 -239 0
-54 -276 0
-54 -313 0
-54 -350 0
-54 -387 0
-54 -424 0
-54 -461 0
-54 -498 0
-54 -535 0
-54 -572 0
-54 -609 0
-54 -646 0
-54 -683 0
-54 -720 0
-91 -128 0
-91 -165 0
-91 -202 0
-91 -239 0
-91 -276 0
-91 -313 0
-91 -350 0
-91 -387 0
-91 -424 0
-91 -461 0
-91 -498 0
-91 -535 0
-91 -572 0
-91 -609 0
-91 -646 0
-91 -683 0
-91 -720 0
-128 -165 0
-128 -202 0
-128 -239 0
-128 -276 0
-128 -313 0
-128 -350 0
-128 -387 0
-128 -424 0
-128 -461 0
-128 -498 0
-128 -535 0
-128 -572 0
-128 -609 0
-128 -646 0
-128 -683 0
-128 -720 0
-165 -202 0
-165 -239 0
-165 -276 0
-165 -313 0
-165 -350 0
-165 -387 0
-165 -424 0
-165 -461 0
-165 -498 0
-165 -535 0
-165 -572 0
-165 -609 0
-165 -646 0
-165 -683 0
-165 -720 0
-202 -239 0
-202 -276 0
-202 -313 0
-202 -350 0
-202 -387 0
-202 -424 0
-202 -461 0
-202 -498 0
-202 -535 0
-202 -572 0
-202 -609 0
-202 -646 0
-202 -683 0
-202 -720 0
-239 -276 0
-239 -313 0
-239 -350 0
-239 -387 0
-239 -424 0
-239 -461 0
-239 -498 0
-239 -535 0
-239 -572 0
-239 -609 0
-239 -646 0
-239 -683 0
-239 -720 0
-276 -313 0
-276 -350 0
-276 -387 0
-276 -424 0
-276 -461 0
-276 -498 0
-276 -535 0
-276 -572 0
-276 -609 0
-276 -646 0
-276 -683 0
-276 -720 0
-313 -350 0
-313 -387 0
-313 -424 0
-313 -461 0
-313 -498 0
-313 -535 0
-313 -572 0
-313 -609 0
-313 -646 0
-313 -683 0
-313 -720 0
-350 -387 0
-350 -424 0
-350 -461 0
-350 -498 0
-350 -535 0
-350 -572 0
-350 -609 0
-350 -646 0
-350 -683 0
-350 -720 0
-387 -424 0
-387 -461 0
-387 -498 0
-387 -535 0
-387 -572 0
-387 -609 0
-387 -646 0
-387 -683 0
-387 -720 0
-424 -461 0
-424 -498 0
-424 -535 0
-424 -572 0
-424 -609 0
-424 -646 0
-424 -683 0
-424 -720 0
-461 -498 0
-461 -535 0
-461 -572 0
-461 -609 0
-461 -646 0
-461 -683 0
-461 -720 0
-498 -535 0
-498 -572 0
-498 -609 0
-498 -646 0
-498 -683 0
-498 -720 0
-535 -572 0
-535 -609 0
-535 -646 0
-535 -683 0
-535 -720 0
-572 -609 0
-572 -646 0
-572 -683 0
-572 -720 0
-609 -646 0
-609 -683 0
-609 -720 0
-646 -683 0
-646 -720 0
-683 -720 0
-18 -55 0
-18 -92 0
-18 -129 0
-18 -166 0
-18 -203 0
-18 -240 0
-18 -277 0
-18 -314 0
-18 -351 0
-18 -388 0
-18 -425 0
-18 -462 0
-18 -499 0
-18 -536 0
-18 -573 0
-18 -610 0
-18 -647 0
-18 -684 0
-55 -92 0
-55 -129 0
-55 -166 0
-55 -203 0
-55 -240 0
-55 -277 0
-55 -314 0
-55 -351 0
-55 -388 0
-55 -425 0
-55 -462 0
-55 -499 0
-55 -536 0
-55 -573 0
-55 -610 0
-55 -647 0
-55 -684 0
-92 -129 0
-92 -166 0
-92 -203 0
-92 -240 0
-92 -277 0
-92 -314 0
-92 -351 0
-92 -388 0
-92 -425 0
-92 -462 0
-92 -499 0
-92 -536 0
-92 -573 0
-92 -610 0
-92 -647 0
-92 -684 0
-129 -166 0
-129 -203 0
-129 -240 0
-129 -277 0
-129 -314 0
-129 -351 0
-129 -388 0
-129 -425 0
-129 -462 0
-129 -499 0
-129 -536 0
-129 -573 0
-129 -610 0
-129 -647 0
-129 -684 0
-166 -203 0
-166 -240 0
-166 -277 0
-166 -314 0
-166 -351 0
-166 -388 0
-166 -425 0
-166 -462 0
-166 -499 0
-166 -536 0
-166 -573 0
-166 -610 0
-166 -647 0
-166 -684 0
-203 -240 0
-203 -277 0
-203 -314 0
-203 -351 0
-203 -388 0
-203 -425 0
-203 -462 0
-203 -499 0
-203 -536 0
-203 -573 0
-203 -610 0
-203 -647 0
-203 -684 0
-240 -277 0
-240 -314 0
-240 -351 0
-240 -388 0
-240 -425 0
-240 -462 0
-240 -499 0
-240 -536 0
-240 -573 0
-240 -610 0
-240 -647 0
-240 -684 0
-277 -314 0
-277 -351 0
-277 -388 0
-277 -425 0
-277 -462 0
-277 -499 0
-277 -536 0
-277 -573 0
-277 -610 0
-277 -647 0
-277 -684 0
-314 -351 0
-314 -388 0
-314 -425 0
-314 -462 0
-314 -499 0
-314 -536 0
-314 -573 0
-314 -610 0
-314 -647 0
-314 -684 0
-351 -388 0
-351 -425 0
-351 -462 0
-351 -499 0
-351 -536 0
-351 -573 0
-351 -610 0
-351 -647 0
-351 -684 0
-388 -425 0
-388 -462 0
-388 -499 0
-388 -536 0
-388 -573 0
-388 -610 0
-388 -647 0
-388 -684 0
-425 -462 0
-425 -499 0
-425 -536 0
-425 -573 0
-425 -610 0
-425 -647 0
-425 -684 0
-462 -499 0
-462 -536 0
-462 -573 0
-462 -610 0
-462 -647 0
-462 -684 0
-499 -536 0
-499 -573 0
-499 -610 0
-499 -647 0
-499 -684 0
-536 -573 0
-536 -610 0
-536 -647 0
-536 -684 0
-573 -610 0
-573 -647 0
-573 -684 0
-610 -647 0
-610 -684 0
-647 -684 0
-19 -56 0
-19 -93 0
-19 -130 0
-19 -167 0
-19 -204 0
-19 -241 0
-19 -278 0
-19 -315 0
-19 -352 0
-19 -389 0
-19 -426 0
-19 -463 0
-19 -500 0
-19 -537 0
-19 -574 0
-19 -611 0
-19 -648 0
-56 -93 0
-56 -130 0
-56 -167 0
-56 -204 0
-56 -241 0
-56 -278 0
-56 -315 0
-56 -352 0
-56 -389 0
-56 -426 0
-56 -463 0
-56 -500 0
-56 -537 0
-56 -574 0
-56 -611 0
-56 -648 0
-93 -130 0
-93 -167 0
-93 -204 0
-93 -241 0
-93 -278 0
-93 -315 0
-93 -352 0
-93 -389 0
-93 -426 0
-93 -463 0
-93 -500 0
-93 -537 0
-93 -574 0
-93 -611 0
-93 -648 0
-130 -167 0
-130 -204 0
-130 -241 0
-130 -278 0
-130 -315 0
-130 -352 0
-130 -389 0
-130 -426 0
-130 -463 0
-130 -500 0
-130 -537 0
-130 -574 0
-130 -611 0
-130 -648 0
-167 -204 0
-167 -241 0
-167 -278 0
-167 -315 0
-167 -352 0
-167 -389 0
-167 -426 0
-167 -463 0
-167 -500 0
-167 -537 0
-167 -574 0
-167 -611 0
-167 -648 0
-204 -241 0
-204 -278 0
-204 -315 0
-204 -352 0
-204 -389 0
-204 -426 0
-204 -463 0
-204 -500 0
-204 -537 0
-204 -574 0
-204 -611 0
-204 -648 0
-241 -278 0
-241 -315 0
-241 -352 0
-241 -389 0
-241 -426 0
-241 -463 0
-241 -500 0
-241 -537 0
-241 -574 0
-241 -611 0
-241 -648 0
-278 -315 0
-278 -352 0
-278 -389 0
-278 -426 0
-278 -463 0
-278 -500 0
-278 -537 0
-278 -574 0
-278 -611 0
-278 -648 0
-315 -352 0
-315 -389 0
-315 -426 0
-315 -463 0
-315 -500 0
-315 -537 0
-315 -574 0
-315 -611 0
-315 -648 0
-352 -389 0
-352 -426 0
-352 -463 0
-352 -500 0
-352 -537 0
-352 -574 0
-352 -611 0
-352 -648 0
-389 -426 0
-389 -463 0
-389 -500 0
-389 -537 0
-389 -574 0
-389 -611 0
-389 -648 0
-426 -463 0
-426 -500 0
-426 -537 0
-426 -574 0
-426 -611 0
-426 -648 0
-463 -500 0
-463 -537 0
-463 -574 0
-463 -611 0
-463 -648 0
-500 -537 0
-500 -574 0
-500 -611 0
-500 -648 0
-537 -574 0
-537 -611 0
-537 -648 0
-574 -611 0
-574 -648 0
-611 -648 0
-20 -57 0
-20 -94 0
-20 -131 0
-20 -168 0
-20 -205 0
-20 -242 0
-20 -279 0
-20 -316 0
-20 -353 0
-20 -390 0
-20 -427 0
-20 -464 0
-20 -501 0
-20 -538 0
-20 -575 0
-20 -612 0
-57 -94 0
-57 -131 0
-57 -168 0
-57 -205 0
-57 -242 0
-57 -279 0
-57 -316 0
-57 -353 0
-57 -390 0
-57 -427 0
-57 -464 0
-57 -501 0
-57 -538 0
-57 -575 0
-57 -612 0
-94 -131 0
-94 -168 0
-94 -205 0
-94 -242 0
-94 -279 0
-94 -316 0
-94 -353 0
-94 -390 0
-94 -427 0
-94 -464 0
-94 -501 0
-94 -538 0
-94 -575 0
-94 -612 0
-131 -168 0
-131 -205 0
-131 -242 0
-131 -279 0
-131 -316 0
-131 -353 0
-131 -390 0
-131 -427 0
-131 -464 0
-131 -501 0
-131 -538 0
-131 -575 0
-131 -612 0
-168 -205 0
-168 -242 0
-168 -279 0
-168 -316 0
-168 -353 0
-168 -390 0
-168 -427 0
-168 -464 0
-168 -501 0
-168 -538 0
-168 -575 0
-168 -612 0
-205 -242 0
-205 -279 0
-205 -316 0
-205 -353 0
-205 -390 0
-205 -427 0
-205 -464 0
-205 -501 0
-205 -538 0
-205 -575 0
-205 -612 0
-242 -279 0
-242 -316 0
-242 -353 0
-242 -390 0
-242 -427 0
-242 -464 0
-242 -501 0
-242 -538 0
-242 -575 0
-242 -612 0
-279 -316 0
-279 -353 0
-279 -390 0
-279 -427 0
-279 -464 0
-279 -501 0
-279 -538 0
-279 -575 0
-279 -612 0
-316 -353 0
-316 -390 0
-316 -427 0
-316 -464 0
-316 -501 0
-316 -538 0
-316 -575 0
-316 -612 0
-353 -390 0
-353 -427 0
-353 -464 0
-353 -501 0
-353 -538 0
-353 -575 0
-353 -612 0
-390 -427 0
-390 -464 0
-390 -501 0
-390 -538 0
-390 -575 0
-390 -612 0
-427 -464 0
-427 -501 0
-427 -538 0
-427 -575 0
-427 -612 0
-464 -501 0
-464 -538 0
-464 -575 0
-464 -612 0
-501 -538 0
-501 -575 0
-501 -612 0
-538 -575 0
-538 -612 0
-575 -612 0
-21 -58 0
-21 -95 0
-21 -132 0
-21 -169 0
-21 -206 0
-21 -243 0
-21 -280 0
-21 -317 0
-21 -354 0
-21 -391 0
-21 -428 0
-21 -465 0
-21 -502 0
-21 -539 0
-21 -576 0
-58 -95 0
-58 -132 0
-58 -169 0
-58 -206 0
-58 -243 0
-58 -280 0
-58 -317 0
-58 -354 0
-58 -391 0
-58 -428 0
-58 -465 0
-58 -502 0
-58 -539 0
-58 -576 0
-95 -132 0
-95 -169 0
-95 -206 0
-95 -243 0
-95 -280 0
-95 -317 0
-95 -354 0
-95 -391 0
-95 -428 0
-95 -465 0
-95 -502 0
-95 -539 0
-95 -576 0
-132 -169 0
-132 -206 0
-132 -243 0
-132 -280 0
-132 -317 0
-132 -354 0
-132 -391 0
-132 -428 0
-132 -465 0
-132 -502 0
-132 -539 0
-132 -576 0
-169 -206 0
-169 -243 0
-169 -280 0
-169 -317 0
-169 -354 0
-169 -391 0
-169 -428 0
-169 -465 0
-169 -502 0
-169 -539 0
-169 -576 0
-206 -243 0
-206 -280 0
-206 -317 0
-206 -354 0
-206 -391 0
-206 -428 0
-206 -465 0
-206 -502 0
-206 -539 0
-206 -576 0
-243 -280 0
-243 -317 0
-243 -354 0
-243 -391 0
-243 -428 0
-243 -465 0
-243 -502 0
-243 -539 0
-243 -576 0
-280 -317 0
-280 -354 0
-280 -391 0
-280 -428 0
-280 -465 0
-280 -502 0
-280 -539 0
-280 -576 0
-317 -354 0
-317 -391 0
-317 -428 0
-317 -465 0
-317 -502 0
-317 -539 0
-317 -576 0
-354 -391 0
-354 -428 0
-354 -465 0
-354 -502 0
-354 -539 0
-354 -576 0
-391 -428 0
-391 -465 0
-391 -502 0
-391 -539 0
-391 -576 0
-428 -465 0
-428 -502 0
-428 -539 0
-428 -576 0
-465 -502 0
-465 -539 0
-465 -576 0
-502 -539 0
-502 -576 0
-539 -576 0
-22 -59 0
-22 -96 0
-22 -133 0
-22 -170 0
-22 -207 0
-22 -244 0
-22 -281 0
-22 -318 0
-22 -355 0
-22 -392 0
-22 -429 0
-22 -466 0
-22 -503 0
-22 -540 0
-59 -96 0
-59 -133 0
-59 -170 0
-59 -207 0
-59 -244 0
-59 -281 0
-59 -318 0
-59 -355 0
-59 -392 0
-59 -429 0
-59 -466 0
-59 -503 0
-59 -540 0
-96 -133 0
-96 -170 0
-96 -207 0
-96 -244 0
-96 -281 0
-96 -318 0
-96 -355 0
-96 -392 0
-96 -429 0
-96 -466 0
-96 -503 0
-96 -540 0
-133 -170 0
-133 -207 0
-133 -244 0
-133 -281 0
-133 -318 0
-133 -355 0
-133 -392 0
-133 -429 0
-133 -466 0
-133 -503 0
-133 -540 0
-170 -207 0
-170 -244 0
-170 -281 0
-170 -318 0
-170 -355 0
-170 -392 0
-170 -429 0
-170 -466 0
-170 -503 0
-170 -540 0
-207 -244 0
-207 -281 0
-207 -318 0
-207 -355 0
-207 -392 0
-207 -429 0
-207 -466 0
-207 -503 0
-207 -540 0
-244 -281 0
-244 -318 0
-244 -355 0
-244 -392 0
-244 -429 0
-244 -466 0
-244 -503 0
-244 -540 0
-281 -318 0
-281 -355 0
-281 -392 0
-281 -429 0
-281 -466 0
-281 -503 0
-281 -540 0
-318 -355 0
-318 -392 0
-318 -429 0
-318 -466 0
-318 -503 0
-318 -540 0
-355 -392 0
-355 -429 0
-355 -466 0
-355 -503 0
-355 -540 0
-392 -429 0
-392 -466 0
-392 -503 0
-392 -540 0
-429 -466 0
-429 -503 0
-429 -540 0
-466 -503 0
-466 -540 0
-503 -540 0
-23 -60 0
-23 -97 0
-23 -134 0
-23 -171 0
-23 -208 0
-23 -245 0
-23 -282 0
-23 -319 0
-23 -356 0
-23 -393 0
-23 -430 0
-23 -467 0
-23 -504 0
-60 -97 0
-60 -134 0
-60 -171 0
-60 -208 0
-60 -245 0
-60 -282 0
-60 -319 0
-60 -356 0
-60 -393 0
-60 -430 0
-60 -467 0
-60 -504 0
-97 -134 0
-97 -171 0
-97 -208 0
-97 -245 0
-97 -282 0
-97 -319 0
-97 -356 0
-97 -393 0
-97 -430 0
-97 -467 0
-97 -504 0
-134 -171 0
-134 -208 0
-134 -245 0
-134 -282 0
-134 -319 0
-134 -356 0
-134 -393 0
-134 -430 0
-134 -467 0
-134 -504 0
-171 -208 0
-171 -245 0
-171 -282 0
-171 -319 0
-171 -356 0
-171 -393 0
-171 -430 0
-171 -467 0
-171 -504 0
-208 -245 0
-208 -282 0
-208 -319 0
-208 -356 0
-208 -393 0
-208 -430 0
-208 -467 0
-208 -504 0
-245 -282 0
-245 -319 0
-245 -356 0
-245 -393 0
-245 -430 0
-245 -467 0
-245 -504 0
-282 -319 0
-282 -356 0
-282 -393 0
-282 -430 0
-282 -467 0
-282 -504 0
-319 -356 0
-319 -393 0
-319 -430 0
-319 -467 0
-319 -504 0
-356 -393 0
-356 -430 0
-356 -467 0
-356 -504 0
-393 -430 0
-393 -467 0
-393 -504 0
-430 -467 0
-430 -504 0
-467 -504 0
-24 -61 0
-24 -98 0
-24 -135 0
-24 -172 0
-24 -209 0
-24 -246 0
-24 -283 0
-24 -320 0
-24 -357 0
-24 -394 0
-24 -431 0
-24 -468 0
-61 -98 0
-61 -135 0
-61 -172 0
-61 -209 0
-61 -246 0
-61 -283 0
-61 -320 0
-61 -357 0
-61 -394 0
-61 -431 0
-61 -468 0
-98 -135 0
-98 -172 0
-98 -209 0
-98 -246 0
-98 -283 0
-98 -320 0
-98 -357 0
-98 -394 0
-98 -431 0
-98 -468 0
-135 -172 0
-135 -209 0
-135 -246 0
-135 -283 0
-135 -320 0
-135 -357 0
-135 -394 0
-135 -431 0
-135 -468 0
-172 -209 0
-172 -246 0
-172 -283 0
-172 -320 0
-172 -357 0
-172 -394 0
-172 -431 0
-172 -468 0
-209 -246 0
-209 -283 0
-209 -320 0
-209 -357 0
-209 -394 0
-209 -431 0
-209 -468 0
-246 -283 0
-246 -320 0
-246 -357 0
-246 -394 0
-246 -431 0
-246 -468 0
-283 -320 0
-283 -357 0
-283 -394 0
-283 -431 0
-283 -468 0
-320 -357 0
-320 -394 0
-320 -431 0
-320 -468 0
-357 -394 0
-357 -431 0
-357 -468 0
-394 -431 0
-394 -468 0
-431 -468 0
-25 -62 0
-25 -99 0
-25 -136 0
-25 -173 0
-25 -210 0
-25 -247 0
-25 -284 0
-25 -321 0
-25 -358 0
-25 -395 0
-25 -432 0
-62 -99 0
-62 -136 0
-62 -173 0
-62 -210 0
-62 -247 0
-62 -284 0
-62 -321 0
-62 -358 0
-62 -395 0
-62 -432 0
-99 -136 0
-99 -173 0
-99 -210 0
-99 -247 0
-99 -284 0
-99 -321 0
-99 -358 0
-99 -395 0
-99 -432 0
-136 -173 0
-136 -210 0
-136 -247 0
-136 -284 0
-136 -321 0
-136 -358 0
-136 -395 0
-136 -432 0
-173 -210 0
-173 -247 0
-173 -284 0
-173 -321 0
-173 -358 0
-173 -395 0
-173 -432 0
-210 -247 0
-210 -284 0
-210 -321 0
-210 -358 0
-210 -395 0
-210 -432 0
-247 -284 0
-247 -321 0
-247 -358 0
-247 -395 0
-247 -432 0
-284 -321 0
-284 -358 0
-284 -395 0
-284 -432 0
-321 -358 0
-321 -395 0
-321 -432 0
-358 -395 0
-358 -432 0
-395 -432 0
-26 -63 0
-26 -100 0
-26 -137 0
-26 -174 0
-26 -211 0
-26 -248 0
-26 -285 0
-26 -322 0
-26 -359 0
-26 -396 0
-63 -100 0
-63 -137 0
-63 -174 0
-63 -211 0
-63 -248 0
-63 -285 0
-63 -322 0
-63 -359 0
-63 -396 0
-100 -137 0
-100 -174 0
-100 -211 0
-100 -248 0
-100 -285 0
-100 -322 0
-100 -359 0
-100 -396 0
-137 -174 0
-137 -211 0
-137 -248 0
-137 -285 0
-137 -322 0
-137 -359 0
-137 -396 0
-174 -211 0
-174 -248 0
-174 -285 0
-174 -322 0
-174 -359 0
-174 -396 0
-211 -248 0
-211 -285 0
-211 -322 0
-211 -359 0
-211 -396 0
-248 -285 0
-248 -322 0
-248 -359 0
-248 -396 0
-285 -322 0
-285 -359 0
-285 -396 0
-322 -359 0
-322 -396 0
-359 -396 0
-27 -64 0
-27 -101 0
-27 -138 0
-27 -175 0
-27 -212 0
-27 -249 0
-27 -286 0
-27 -323 0
-27 -360 0
-64 -101 0
-64 -138 0
-64 -175 0
-64 -212 0
-64 -249 0
-64 -286 0
-64 -323 0
-64 -360 0
-101 -138 0
-101 -175 0
-101 -212 0
-101 -249 0
-101 -286 0
-101 -323 0
-101 -360 0
-138 -175 0
-138 -212 0
-138 -249 0
-138 -286 0
-138 -323 0
-138 -360 0
-175 -212 0
-175 -249 0
-175 -286 0
-175 -323 0
-175 -360 0
-212 -249 0
-212 -286 0
-212 -323 0
-212 -360 0
-249 -286 0
-249 -323 0
-249 -360 0
-286 -323 0
-286 -360 0
-323 -360 0
-28 -65 0
-28 -102 0
-28 -139 0
-28 -176 0
-28 -213 0
-28 -250 0
-28 -287 0
-28 -324 0
-65 -102 0
-65 -139 0
-65 -176 0
-65 -213 0
-65 -250 0
-65 -287 0
-65 -324 0
-102 -139 0
-102 -176 0
-102 -213 0
-102 -250 0
-102 -287 0
-102 -324 0
-139 -176 0
-139 -213 0
-139 -250 0
-139 -287 0
-139 -324 0
-176 -213 0
-176 -250 0
-176 -287 0
-176 -324 0
-213 -250 0
-213 -287 0
-213 -324 0
-250 -287 0
-250 -324 0
-287 -324 0
-29 -66 0
-29 -103 0
-29 -140 0
-29 -177 0
-29 -214 0
-29 -251 0
-29 -288 0
-66 -103 0
-66 -140 0
-66 -177 0
-66 -214 0
-66 -251 0
-66 -288 0
-103 -140 0
-103 -177 0
-103 -214 0
-103 -251 0
-103 -288 0
-140 -177 0
-140 -214 0
-140 -251 0
-140 -288 0
-177 -214 0
-177 -251 0
-177 -288 0
-214 -251 0
-214 -288 0
-251 -288 0
-30 -67 0
-30 -104 0
-30 -141 0
-30 -178 0
-30 -215 0
-30 -252 0
-67 -104 0
-67 -141 0
-67 -178 0
-67 -215 0
-67 -252 0
-104 -141 0
-104 -178 0
-104 -215 0
-104 -252 0
-141 -178 0
-141 -215 0
-141 -252 0
-178 -215 0
-178 -252 0
-215 -252 0
-31 -68 0
-31 -105 0
-31 -142 0
-31 -179 0
-31 -216 0
-68 -105 0
-68 -142 0
-68 -179 0
-68 -216 0
-105 -142 0
-105 -179 0
-105 -216 0
-142 -179 0
-142 -216 0
-179 -216 0
-32 -69 0
-32 -106 0
-32 -143 0
-32 -180 0
-69 -106 0
-69 -143 0
-69 -180 0
-106 -143 0
-106 -180 0
-143 -180 0
-33 -70 0
-33 -107 0
-33 -144 0
-70 -107 0
-70 -144 0
-107 -144 0
-34 -71 0
-34 -108 0
-71 -108 0
-35 -72 0
-37 -74 0
-37 -111 0
-37 -148 0
-37 -185 0
-37 -222 0
-37 -259 0
-37 -296 0
-37 -333 0
-37 -370 0
-37 -407 0
-37 -444 0
-37 -481 0
-37 -518 0
-37 -555 0
-37 -592 0
-37 -629 0
-37 -666 0
-37 -703 0
-37 -740 0
-37 -777 0
-37 -814 0
-37 -851 0
-37 -888 0
-37 -925 0
-37 -962 0
-37 -999 0
-37 -1036 0
-37 -1073 0
-37 -1110 0
-37 -1147 0
-37 -1184 0
-37 -1221 0
-37 -1258 0
-37 -1295 0
-74 -111 0
-74 -148 0
-74 -185 0
-74 -222 0
-74 -259 0
-74 -296 0
-74 -333 0
-74 -370 0
-74 -407 0
-74 -444 0
-74 -481 0
-74 -518 0
-74 -555 0
-74 -592 0
-74 -629 0
-74 -666 0
-74 -703 0
-74 -740 0
-74 -777 0
-74 -814 0
-74 -851 0
-74 -888 0
-74 -925 0
-74 -962 0
-74 -999 0
-74 -1036 0
-74 -1073 0
-74 -1110 0
-74 -1147 0
-74 -1184 0
-74 -1221 0
-74 -1258 0
-74 -1295 0
-111 -148 0
-111 -185 0
-111 -222 0
-111 -259 0
-111 -296 0
-111 -333 0
-111 -370 0
-111 -407 0
-111 -444 0
-111 -481 0
-111 -518 0
-111 -555 0
-111 -592 0
-111 -629 0
-111 -666 0
-111 -703 0
-111 -740 0
-111 -777 0
-111 -814 0
-111 -851 0
-111 -888 0
-111 -925 0
-111 -962 0
-111 -999 0
-111 -1036 0
-111 -1073 0
-111 -1110 0
-111 -1147 0
-111 -1184 0
-111 -1221 0
-111 -1258 0
-111 -1295 0
-148 -185 0
-148 -222 0
-148 -259 0
-148 -296 0
-148 -333 0
-148 -370 0
-148 -407 0
-148 -444 0
-148 -481 0
-148 -518 0
-148 -555 0
-148 -592 0
-148 -629 0
-148 -666 0
-148 -703 0
-148 -740 0
-148 -777 0
-148 -814 0
-148 -851 0
-148 -888 0
-148 -925 0
-148 -962 0
-148 -999 0
-148 -1036 0
-148 -1073 0
-148 -1110 0
-148 -1147 0
-148 -1184 0
-148 -1221 0
-148 -1258 0
-148 -1295 0
-185 -222 0
-185 -259 0
-185 -296 0
-185 -333 0
-185 -370 0
-185 -407 0
-185 -444 0
-185 -481 0
-185 -518 0
-185 -555 0
-185 -592 0
-185 -629 0
-185 -666 0
-185 -703 0
-185 -740 0
-185 -777 0
-185 -814 0
-185 -851 0
-185 -888 0
-185 -925 0
-185 -962 0
-185 -999 0
-185 -1036 0
-185 -1073 0
-185 -1110 0
-185 -1147 0
-185 -1184 0
-185 -1221 0
-185 -1258 0
-185 -1295 0
-222 -259 0
-222 -296 0
-222 -333 0
-222 -370 0
-222 -407 0
-222 -444 0
-222 -481 0
-222 -518 0
-222 -555 0
-222 -592 0
-222 -629 0
-222 -666 0
-222 -703 0
-222 -740 0
-222 -777 0
-222 -814 0
-222 -851 0
-222 -888 0
-222 -925 0
-222 -962 0
-222 -999 0
-222 -1036 0
-222 -1073 0
-222 -1110 0
-222 -1147 0
-222 -1184 0
-222 -1221 0
-222 -1258 0
-222 -1295 0
-259 -296 0
-259 -333 0
-259 -370 0
-259 -407 0
-259 -444 0
-259 -481 0
-259 -518 0
-259 -555 0
-259 -592 0
-259 -629 0
-259 -666 0
-259 -703 0
-259 -740 0
-259 -777 0
-259 -814 0
-259 -851 0
-259 -888 0
-259 -925 0
-259 -962 0
-259 -999 0
-259 -1036 0
-259 -1073 0
-259 -1110 0
-259 -1147 0
-259 -1184 0
-259 -1221 0
-259 -1258 0
-259 -1295 0
-296 -333 0
-296 -370 0
-296 -407 0
-296 -444 0
-296 -481 0
-296 -518 0
-296 -555 0
-296 -592 0
-296 -629 0
-296 -666 0
-296 -703 0
-296 -740 0
-296 -777 0
-296 -814 0
-296 -851 0
-296 -888 0
-296 -925 0
-296 -962 0
-296 -999 0
-296 -1036 0
-296 -1073 0
-296 -1110 0
-296 -1147 0
-296 -1184 0
-296 -1221 0
-296 -1258 0
-296 -1295 0
-333 -370 0
-333 -407 0
-333 -444 0
-333 -481 0
-333 -518 0
-333 -555 0
-333 -592 0
-333 -629 0
-333 -666 0
-333 -703 0
-333 -740 0
-333 -777 0
-333 -814 0
-333 -851 0
-333 -888 0
-333 -925 0
-333 -962 0
-333 -999 0
-333 -1036 0
-333 -1073 0
-333 -1110 0
-333 -1147 0
-333 -1184 0
-333 -1221 0
-333 -1258 0
-333 -1295 0
-370 -407 0
-370 -444 0
-370 -481 0
-370 -518 0
-370 -555 0
-370 -592 0
-370 -629 0
-370 -666 0
-370 -703 0
-370 -740 0
-370 -777 0
-370 -814 0
-370 -851 0
-370 -888 0
-370 -925 0
-370 -962 0
-370 -999 0
-370 -1036 0
-370 -1073 0
-370 -1110 0
-370 -1147 0
-370 -1184 0
-370 -1221 0
-370 -1258 0
-370 -1295 0
-407 -444 0
-407 -481 0
-407 -518 0
-407 -555 0
-407 -592 0
-407 -629 0
-407 -666 0
-407 -703 0
-407 -740 0
-407 -777 0
-407 -814 0
-407 -851 0
-407 -888 0
-407 -925 0
-407 -962 0
-407 -999 0
-407 -1036 0
-407 -1073 0
-407 -1110 0
-407 -1147 0
-407 -1184 0
-407 -1221 0
-407 -1258 0
-407 -1295 0
-444 -481 0
-444 -518 0
-444 -555 0
-444 -592 0
-444 -629 0
-444 -666 0
-444 -703 0
-444 -740 0
-444 -777 0
-444 -814 0
-444 -851 0
-444 -888 0
-444 -925 0
-444 -962 0
-444 -999 0
-444 -1036 0
-444 -1073 0
-444 -1110 0
-444 -1147 0
-444 -1184 0
-444 -1221 0
-444 -1258 0
-444 -1295 0
-481 -518 0
-481 -555 0
-481 -592 0
-481 -629 0
-481 -666 0
-481 -703 0
-481 -740 0
-481 -777 0
-481 -814 0
-481 -851 0
-481 -888 0
-481 -925 0
-481 -962 0
-481 -999 0
-481 -1036 0
-481 -1073 0
-481 -1110 0
-481 -1147 0
-481 -1184 0
-481 -1221 0
-481 -1258 0
-481 -1295 0
-518 -555 0
-518 -592 0
-518 -629 0
-518 -666 0
-518 -703 0
-518 -740 0
-518 -777 0
-518 -814 0
-518 -851 0
-518 -888 0
-518 -925 0
-518 -962 0
-518 -999 0
-518 -1036 0
-518 -1073 0
-518 -1110 0
-518 -1147 0
-518 -1184 0
-518 -1221 0
-518 -1258 0
-518 -1295 0
-555 -592 0
-555 -629 0
-555 -666 0
-555 -703 0
-555 -740 0
-555 -777 0
-555 -814 0
-555 -851 0
-555 -888 0
-555 -925 0
-555 -962 0
-555 -999 0
-555 -1036 0
-555 -1073 0
-555 -1110 0
-555 -1147 0
-555 -1184 0
-555 -1221 0
-555 -1258 0
-555 -1295 0
-592 -629 0
-592 -666 0
-592 -703 0
-592 -740 0
-592 -777 0
-592 -814 0
-592 -851 0
-592 -888 0
-592 -925 0
-592 -962 0
-592 -999 0
-592 -1036 0
-592 -1073 0
-592 -1110 0
-592 -1147 0
-592 -1184 0
-592 -1221 0
-592 -1258 0
-592 -1295 0
-629 -666 0
-629 -703 0
-629 -740 0
-629 -777 0
-629 -814 0
-629 -851 0
-629 -888 0
-629 -925 0
-629 -962 0
-629 -999 0
-629 -1036 0
-629 -1073 0
-629 -1110 0
-629 -1147 0
-629 -1184 0
-629 -1221 0
-629 -1258 0
-629 -1295 0
-666 -703 0
-666 -740 0
-666 -777 0
-666 -814 0
-666 -851 0
-666 -888 0
-666 -925 0
-666 -962 0
-666 -999 0
-666 -1036 0
-666 -1073 0
-666 -1110 0
-666 -1147 0
-666 -1184 0
-666 -1221 0
-666 -1258 0
-666 -1295 0
-703 -740 0
-703 -777 0
-703 -814 0
-703 -851 0
-703 -888 0
-703 -925 0
-703 -962 0
-703 -999 0
-703 -1036 0
-703 -1073 0
-703 -1110 0
-703 -1147 0
-703 -1184 0
-703 -1221 0
-703 -1258 0
-703 -1295 0
-740 -777 0
-740 -814 0
-740 -851 0
-740 -888 0
-740 -925 0
-740 -962 0
-740 -999 0
-740 -1036 0
-740 -1073 0
-740 -1110 0
-740 -1147 0
-740 -1184 0
-740 -1221 0
-740 -1258 0
-740 -1295 0
-777 -814 0
-777 -851 0
-777 -888 0
-777 -925 0
-777 -962 0
-777 -999 0
-777 -1036 0
-777 -1073 0
-777 -1110 0
-777 -1147 0
-777 -1184 0
-777 -1221 0
-777 -1258 0
-777 -1295 0
-814 -851 0
-814 -888 0
-814 -925 0
-814 -962 0
-814 -999 0
-814 -1036 0
-814 -1073 0
-814 -1110 0
-814 -1147 0
-814 -1184 0
-814 -1221 0
-814 -1258 0
-814 -1295 0
-851 -888 0
-851 -925 0
-851 -962 0
-851 -999 0
-851 -1036 0
-851 -1073 0
-851 -1110 0
-851 -1147 0
-851 -1184 0
-851 -1221 0
-851 -1258 0
-851 -1295 0
-888 -925 0
-888 -962 0
-888 -999 0
-888 -1036 0
-888 -1073 0
-888 -1110 0
-888 -1147 0
-888 -1184 0
-888 -1221 0
-888 -1258 0
-888 -1295 0
-925 -962 0
-925 -999 0
-925 -1036 0
-925 -1073 0
-925 -1110 0
-925 -1147 0
-925 -1184 0
-925 -1221 0
-925 -1258 0
-925 -1295 0
-962 -999 0
-962 -1036 0
-962 -1073 0
-962 -1110 0
-962 -1147 0
-962 -1184 0
-962 -1221 0
-962 -1258 0
-962 -1295 0
-999 -1036 0
-999 -1073 0
-999 -1110 0
-999 -1147 0
-999 -1184 0
-999 -1221 0
-999 -1258 0
-999 -1295 0
-1036 -1073 0
-1036 -1110 0
-1036 -1147 0
-1036 -1184 0
-1036 -1221 0
-1036 -1258 0
-1036 -1295 0
-1073 -1110 0
-1073 -1147 0
-1073 -1184 0
-1073 -1221 0
-1073 -1258 0
-1073 -1295 0
-1110 -1147 0
-1110 -1184 0
-1110 -1221 0
-1110 -1258 0
-1110 -1295 0
-1147 -1184 0
-1147 -1221 0
-1147 -1258 0
-1147 -1295 0
-1184 -1221 0
-1184 -1258 0
-1184 -1295 0
-1221 -1258 0
-1221 -1295 0
-1258 -1295 0
-73 -110 0
-73 -147 0
-73 -184 0
-73 -221 0
-73 -258 0
-73 -295 0
-73 -332 0
-73 -369 0
-73 -406 0
-73 -443 0
-73 -480 0
-73 -517 0
-73 -554 0
-73 -591 0
-73 -628 0
-73 -665 0
-73 -702 0
-73 -739 0
-73 -776 0
-73 -813 0
-73 -850 0
-73 -887 0
-73 -924 0
-73 -961 0
-73 -998 0
-73 -1035 0
-73 -1072 0
-73 -1109 0
-73 -1146 0
-73 -1183 0
-73 -1220 0
-73 -1257 0
-73 -1294 0
-110 -147 0
-110 -184 0
-110 -221 0
-110 -258 0
-110 -295 0
-110 -332 0
-110 -369 0
-110 -406 0
-110 -443 0
-110 -480 0
-110 -517 0
-110 -554 0
-110 -591 0
-110 -628 0
-110 -665 0
-110 -702 0
-110 -739 0
-110 -776 0
-110 -813 0
-110 -850 0
-110 -887 0
-110 -924 0
-110 -961 0
-110 -998 0
-110 -1035 0
-110 -1072 0
-110 -1109 0
-110 -1146 0
-110 -1183 0
-110 -1220 0
-110 -1257 0
-110 -1294 0
-147 -184 0
-147 -221 0
-147 -258 0
-147 -295 0
-147 -332 0
-147 -369 0
-147 -406 0
-147 -443 0
-147 -480 0
-147 -517 0
-147 -554 0
-147 -591 0
-147 -628 0
-147 -665 0
-147 -702 0
-147 -739 0
-147 -776 0
-147 -813 0
-147 -850 0
-147 -887 0
-147 -924 0
-147 -961 0
-147 -998 0
-147 -1035 0
-147 -1072 0
-147 -1109 0
-147 -1146 0
-147 -1183 0
-147 -1220 0
-147 -1257 0
-147 -1294 0
-184 -221 0
-184 -258 0
-184 -295 0
-184 -332 0
-184 -369 0
-184 -406 0
-184 -443 0
-184 -480 0
-184 -517 0
-184 -554 0
-184 -591 0
-184 -628 0
-184 -665 0
-184 -702 0
-184 -739 0
-184 -776 0
-184 -813 0
-184 -850 0
-184 -887 0
-184 -924 0
-184 -961 0
-184 -998 0
-184 -1035 0
-184 -1072 0
-184 -1109 0
-184 -1146 0
-184 -1183 0
-184 -1220 0
-184 -1257 0
-184 -1294 0
-221 -258 0
-221 -295 0
-221 -332 0
-221 -369 0
-221 -406 0
-221 -443 0
-221 -480 0
-221 -517 0
-221 -554 0
-221 -591 0
-221 -628 0
-221 -665 0
-221 -702 0
-221 -739 0
-221 -776 0
-221 -813 0
-221 -850 0
-221 -887 0
-221 -924 0
-221 -961 0
-221 -998 0
-221 -1035 0
-221 -1072 0
-221 -1109 0
-221 -1146 0
-221 -1183 0
-221 -1220 0
-221 -1257 0
-221 -1294 0
-258 -295 0
-258 -332 0
-258 -369 0
-258 -406 0
-258 -443 0
-258 -480 0
-258 -517 0
-258 -554 0
-258 -591 0
-258 -628 0
-258 -665 0
-258 -702 0
-258 -739 0
-258 -776 0
-258 -813 0
-258 -850 0
-258 -887 0
-258 -924 0
-258 -961 0
-258 -998 0
-258 -1035 0
-258 -1072 0
-258 -1109 0
-258 -1146 0
-258 -1183 0
-258 -1220 0
-258 -1257 0
-258 -1294 0
-295 -332 0
-295 -369 0
-295 -406 0
-295 -443 0
-295 -480 0
-295 -517 0
-295 -554 0
-295 -591 0
-295 -628 0
-295 -665 0
-295 -702 0
-295 -739 0
-295 -776 0
-295 -813 0
-295 -850 0
-295 -887 0
-295 -924 0
-295 -961 0
-295 -998 0
-295 -1035 0
-295 -1072 0
-295 -1109 0
-295 -1146 0
-295 -1183 0
-295 -1220 0
-295 -1257 0
-295 -1294 0
-332 -369 0
-332 -406 0
-332 -443 0
-332 -480 0
-332 -517 0
-332 -554 0
-332 -591 0
-332 -628 0
-332 -665 0
-332 -702 0
-332 -739 0
-332 -776 0
-332 -813 0
-332 -850 0
-332 -887 0
-332 -924 0
-332 -961 0
-332 -998 0
-332 -1035 0
-332 -1072 0
-332 -1109 0
-332 -1146 0
-332 -1183 0
-332 -1220 0
-332 -1257 0
-332 -1294 0
-369 -406 0
-369 -443 0
-369 -480 0
-369 -517 0
-369 -554 0
-369 -591 0
-369 -628 0
-369 -665 0
-369 -702 0
-369 -739 0
-369 -776 0
-369 -813 0
-369 -850 0
-369 -887 0
-369 -924 0
-369 -961 0
-369 -998 0
-369 -1035 0
-369 -1072 0
-369 -1109 0
-369 -1146 0
-369 -1183 0
-369 -1220 0
-369 -1257 0
-369 -1294 0
-406 -443 0
-406 -480 0
-406 -517 0
-406 -554 0
-406 -591 0
-406 -628 0
-406 -665 0
-406 -702 0
-406 -739 0
-406 -776 0
-406 -813 0
-406 -850 0
-406 -887 0
-406 -924 0
-406 -961 0
-406 -998 0
-406 -1035 0
-406 -1072 0
-406 -1109 0
-406 -1146 0
-406 -1183 0
-406 -1220 0
-406 -1257 0
-406 -1294 0
-443 -480 0
-443 -517 0
-443 -554 0
-443 -591 0
-443 -628 0
-443 -665 0
-443 -702 0
-443 -739 0
-443 -776 0
-443 -813 0
-443 -850 0
-443 -887 0
-443 -924 0
-443 -961 0
-443 -998 0
-443 -1035 0
-443 -1072 0
-443 -1109 0
-443 -1146 0
-443 -1183 0
-443 -1220 0
-443 -1257 0
-443 -1294 0
-480 -517 0
-480 -554 0
-480 -591 0
-480 -628 0
-480 -665 0
-480 -702 0
-480 -739 0
-480 -776 0
-480 -813 0
-480 -850 0
-480 -887 0
-480 -924 0
-480 -961 0
-480 -998 0
-480 -1035 0
-480 -1072 0
-480 -1109 0
-480 -1146 0
-480 -1183 0
-480 -1220 0
-480 -1257 0
-480 -1294 0
-517 -554 0
-517 -591 0
-517 -628 0
-517 -665 0
-517 -702 0
-517 -739 0
-517 -776 0
-517 -813 0
-517 -850 0
-517 -887 0
-517 -924 0
-517 -961 0
-517 -998 0
-517 -1035 0
-517 -1072 0
-517 -1109 0
-517 -1146 0
-517 -1183 0
-517 -1220 0
-517 -1257 0
-517 -1294 0
-554 -591 0
-554 -628 0
-554 -665 0
-554 -702 0
-554 -739 0
-554 -776 0
-554 -813 0
-554 -850 0
-554 -887 0
-554 -924 0
-554 -961 0
-554 -998 0
-554 -1035 0
-554 -1072 0
-554 -1109 0
-554 -1146 0
-554 -1183 0
-554 -1220 0
-554 -1257 0
-554 -1294 0
-591 -628 0
-591 -665 0
-591 -702 0
-591 -739 0
-591 -776 0
-591 -813 0
-591 -850 0
-591 -887 0
-591 -924 0
-591 -961 0
-591 -998 0
-591 -1035 0
-591 -1072 0
-591 -1109 0
-591 -1146 0
-591 -1183 0
-591 -1220 0
-591 -1257 0
-591 -1294 0
-628 -665 0
-628 -702 0
-628 -739 0
-628 -776 0
-628 -813 0
-628 -850 0
-628 -887 0
-628 -924 0
-628 -961 0
-628 -998 0
-628 -1035 0
-628 -1072 0
-628 -1109 0
-628 -1146 0
-628 -1183 0
-628 -1220 0
-628 -1257 0
-628 -1294 0
-665 -702 0
-665 -739 0
-665 -776 0
-665 -813 0
-665 -850 0
-665 -887 0
-665 -924 0
-665 -961 0
-665 -998 0
-665 -1035 0
-665 -1072 0
-665 -1109 0
-665 -1146 0
-665 -1183 0
-665 -1220 0
-665 -1257 0
-665 -1294 0
-702 -739 0
-702 -776 0
-702 -813 0
-702 -850 0
-702 -887 0
-702 -924 0
-702 -961 0
-702 -998 0
-702 -1035 0
-702 -1072 0
-702 -1109 0
-702 -1146 0
-702 -1183 0
-702 -1220 0
-702 -1257 0
-702 -1294 0
-739 -776 0
-739 -813 0
-739 -850 0
-739 -887 0
-739 -924 0
-739 -961 0
-739 -998 0
-739 -1035 0
-739 -1072 0
-739 -1109 0
-739 -1146 0
-739 -1183 0
-739 -1220 0
-739 -1257 0
-739 -1294 0
-776 -813 0
-776 -850 0
-776 -887 0
-776 -924 0
-776 -961 0
-776 -998 0
-776 -1035 0
-776 -1072 0
-776 -1109 0
-776 -1146 0
-776 -1183 0
-776 -1220 0
-776 -1257 0
-776 -1294 0
-813 -850 0
-813 -887 0
-813 -924 0
-813 -961 0
-813 -998 0
-813 -1035 0
-813 -1072 0
-813 -1109 0
-813 -1146 0
-813 -1183 0
-813 -1220 0
-813 -1257 0
-813 -1294 0
-850 -887 0
-850 -924 0
-850 -961 0
-850 -998 0
-850 -1035 0
-850 -1072 0
-850 -1109 0
-850 -1146 0
-850 -1183 0
-850 -1220 0
-850 -1257 0
-850 -1294 0
-887 -924 0
-887 -961 0
-887 -998 0
-887 -1035 0
-887 -1072 0
-887 -1109 0
-887 -1146 0
-887 -1183 0
-887 -1220 0
-887 -1257 0
-887 -1294 0
-924 -961 0
-924 -998 0
-924 -1035 0
-924 -1072 0
-924 -1109 0
-924 -1146 0
-924 -1183 0
-924 -1220 0
-924 -1257 0
-924 -1294 0
-961 -998 0
-961 -1035 0
-961 -1072 0
-961 -1109 0
-961 -1146 0
-961 -1183 0
-961 -1220 0
-961 -1257 0
-961 -1294 0
-998 -1035 0
-998 -1072 0
-998 -1109 0
-998 -1146 0
-998 -1183 0
-998 -1220 0
-998 -1257 0
-998 -1294 0
-1035 -1072 0
-1035 -1109 0
-1035 -1146 0
-1035 -1183 0
-1035 -1220 0
-1035 -1257 0
-1035 -1294 0
-1072 -1109 0
-1072 -1146 0
-1072 -1183 0
-1072 -1220 0
-1072 -1257 0
-1072 -1294 0
-1109 -1146 0
-1109 -1183 0
-1109 -1220 0
-1109 -1257 0
-1109 -1294 0
-1146 -1183 0
-1146 -1220 0
-1146 -1257 0
-1146 -1294 0
-1183 -1220 0
-1183 -1257 0
-1183 -1294 0
-1220 -1257 0
-1220 -1294 0
-1257 -1294 0
-109 -146 0
-109 -183 0
-109 -220 0
-109 -257 0
-109 -294 0
-109 -331 0
-109 -368 0
-109 -405 0
-109 -442 0
-109 -479 0
-109 -516 0
-109 -553 0
-109 -590 0
-109 -627 0
-109 -664 0
-109 -701 0
-109 -738 0
-109 -775 0
-109 -812 0
-109 -849 0
-109 -886 0
-109 -923 0
-109 -960 0
-109 -997 0
-109 -1034 0
-109 -1071 0
-109 -1108 0
-109 -1145 0
-109 -1182 0
-109 -1219 0
-109 -1256 0
-109 -1293 0
-146 -183 0
-146 -220 0
-146 -257 0
-146 -294 0
-146 -331 0
-146 -368 0
-146 -405 0
-146 -442 0
-146 -479 0
-146 -516 0
-146 -553 0
-146 -590 0
-146 -627 0
-146 -664 0
-146 -701 0
-146 -738 0
-146 -775 0
-146 -812 0
-146 -849 0
-146 -886 0
-146 -923 0
-146 -960 0
-146 -997 0
-146 -1034 0
-146 -1071 0
-146 -1108 0
-146 -1145 0
-146 -1182 0
-146 -1219 0
-146 -1256 0
-146 -1293 0
-183 -220 0
-183 -257 0
-183 -294 0
-183 -331 0
-183 -368 0
-183 -405 0
-183 -442 0
-183 -479 0
-183 -516 0
-183 -553 0
-183 -590 0
-183 -627 0
-183 -664 0
-183 -701 0
-183 -738 0
-183 -775 0
-183 -812 0
-183 -849 0
-183 -886 0
-183 -923 0
-183 -960 0
-183 -997 0
-183 -1034 0
-183 -1071 0
-183 -1108 0
-183 -1145 0
-183 -1182 0
-183 -1219 0
-183 -1256 0
-183 -1293 0
-220 -257 0
-220 -294 0
-220 -331 0
-220 -368 0
-220 -405 0
-220 -442 0
-220 -479 0
-220 -516 0
-220 -553 0
-220 -590 0
-220 -627 0
-220 -664 0
-220 -701 0
-220 -738 0
-220 -775 0
-220 -812 0
-220 -849 0
-220 -886 0
-220 -923 0
-220 -960 0
-220 -997 0
-220 -1034 0
-220 -1071 0
-220 -1108 0
-220 -1145 0
-220 -1182 0
-220 -1219 0
-220 -1256 0
-220 -1293 0
-257 -294 0
-257 -331 0
-257 -368 0
-257 -405 0
-257 -442 0
-257 -479 0
-257 -516 0
-257 -553 0
-257 -590 0
-257 -627 0
-257 -664 0
-257 -701 0
-257 -738 0
-257 -775 0
-257 -812 0
-257 -849 0
-257 -886 0
-257 -923 0
-257 -960 0
-257 -997 0
-257 -1034 0
-257 -1071 0
-257 -1108 0
-257 -1145 0
-257 -1182 0
-257 -1219 0
-257 -1256 0
-257 -1293 0
-294 -331 0
-294 -368 0
-294 -405 0
-294 -442 0
-294 -479 0
-294 -516 0
-294 -553 0
-294 -590 0
-294 -627 0
-294 -664 0
-294 -701 0
-294 -738 0
-294 -775 0
-294 -812 0
-294 -849 0
-294 -886 0
-294 -923 0
-294 -960 0
-294 -997 0
-294 -1034 0
-294 -1071 0
-294 -1108 0
-294 -1145 0
-294 -1182 0
-294 -1219 0
-294 -1256 0
-294 -1293 0
-331 -368 0
-331 -405 0
-331 -442 0
-331 -479 0
-331 -516 0
-331 -553 0
-331 -590 0
-331 -627 0
-331 -664 0
-331 -701 0
-331 -738 0
-331 -775 0
-331 -812 0
-331 -849 0
-331 -886 0
-331 -923 0
-331 -960 0
-331 -997 0
-331 -1034 0
-331 -1071 0
-331 -1108 0
-331 -1145 0
-331 -1182 0
-331 -1219 0
-331 -1256 0
-331 -1293 0
-368 -405 0
-368 -442 0
-368 -479 0
-368 -516 0
-368 -553 0
-368 -590 0
-368 -627 0
-368 -664 0
-368 -701 0
-368 -738 0
-368 -775 0
-368 -812 0
-368 -849 0
-368 -886 0
-368 -923 0
-368 -960 0
-368 -997 0
-368 -1034 0
-368 -1071 0
-368 -1108 0
-368 -1145 0
-368 -1182 0
-368 -1219 0
-368 -1256 0
-368 -1293 0
-405 -442 0
-405 -479 0
-405 -516 0
-405 -553 0
-405 -590 0
-405 -627 0
-405 -664 0
-405 -701 0
-405 -738 0
-405 -775 0
-405 -812 0
-405 -849 0
-405 -886 0
-405 -923 0
-405 -960 0
-405 -997 0
-405 -1034 0
-405 -1071 0
-405 -1108 0
-405 -1145 0
-405 -1182 0
-405 -1219 0
-405 -1256 0
-405 -1293 0
-442 -479 0
-442 -516 0
-442 -553 0
-442 -590 0
-442 -627 0
-442 -664 0
-442 -701 0
-442 -738 0
-442 -775 0
-442 -812 0
-442 -849 0
-442 -886 0
-442 -923 0
-442 -960 0
-442 -997 0
-442 -1034 0
-442 -1071 0
-442 -1108 0
-442 -1145 0
-442 -1182 0
-442 -1219 0
-442 -1256 0
-442 -1293 0
-479 -516 0
-479 -553 0
-479 -590 0
-479 -627 0
-479 -664 0
-479 -701 0
-479 -738 0
-479 -775 0
-479 -812 0
-479 -849 0
-479 -886 0
-479 -923 0
-479 -960 0
-479 -997 0
-479 -1034 0
-479 -1071 0
-479 -1108 0
-479 -1145 0
-479 -1182 0
-479 -1219 0
-479 -1256 0
-479 -1293 0
-516 -553 0
-516 -590 0
-516 -627 0
-516 -664 0
-516 -701 0
-516 -738 0
-516 -775 0
-516 -812 0
-516 -849 0
-516 -886 0
-516 -923 0
-516 -960 0
-516 -997 0
-516 -1034 0
-516 -1071 0
-516 -1108 0
-516 -1145 0
-516 -1182 0
-516 -1219 0
-516 -1256 0
-516 -1293 0
-553 -590 0
-553 -627 0
-553 -664 0
-553 -701 0
-553 -738 0
-553 -775 0
-553 -812 0
-553 -849 0
-553 -886 0
-553 -923 0
-553 -960 0
-553 -997 0
-553 -1034 0
-553 -1071 0
-553 -1108 0
-553 -1145 0
-553 -1182 0
-553 -1219 0
-553 -1256 0
-553 -1293 0
-590 -627 0
-590 -664 0
-590 -701 0
-590 -738 0
-590 -775 0
-590 -812 0
-590 -849 0
-590 -886 0
-590 -923 0
-590 -960 0
-590 -997 0
-590 -1034 0
-590 -1071 0
-590 -1108 0
-590 -1145 0
-590 -1182 0
-590 -1219 0
-590 -1256 0
-590 -1293 0
-627 -664 0
-627 -701 0
-627 -738 0
-627 -775 0
-627 -812 0
-627 -849 0
-627 -886 0
-627 -923 0
-627 -960 0
-627 -997 0
-627 -1034 0
-627 -1071 0
-627 -1108 0
-627 -1145 0
-627 -1182 0
-627 -1219 0
-627 -1256 0
-627 -1293 0
-664 -701 0
-664 -738 0
-664 -775 0
-664 -812 0
-664 -849 0
-664 -886 0
-664 -923 0
-664 -960 0
-664 -997 0
-664 -1034 0
-664 -1071 0
-664 -1108 0
-664 -1145 0
-664 -1182 0
-664 -1219 0
-664 -1256 0
-664 -1293 0
-701 -738 0
-701 -775 0
-701 -812 0
-701 -849 0
-701 -886 0
-701 -923 0
-701 -960 0
-701 -997 0
-701 -1034 0
-701 -1071 0
-701 -1108 0
-701 -1145 0
-701 -1182 0
-701 -1219 0
-701 -1256 0
-701 -1293 0
-738 -775 0
-738 -812 0
-738 -849 0
-738 -886 0
-738 -923 0
-738 -960 0
-738 -997 0
-738 -1034 0
-738 -1071 0
-738 -1108 0
-738 -1145 0
-738 -1182 0
-738 -1219 0
-738 -1256 0
-738 -1293 0
-775 -812 0
-775 -849 0
-775 -886 0
-775 -923 0
-775 -960 0
-775 -997 0
-775 -1034 0
-775 -1071 0
-775 -1108 0
-775 -1145 0
-775 -1182 0
-775 -1219 0
-775 -1256 0
-775 -1293 0
-812 -849 0
-812 -886 0
-812 -923 0
-812 -960 0
-812 -997 0
-812 -1034 0
-812 -1071 0
-812 -1108 0
-812 -1145 0
-812 -1182 0
-812 -1219 0
-812 -1256 0
-812 -1293 0
-849 -886 0
-849 -923 0
-849 -960 0
-849 -997 0
-849 -1034 0
-849 -1071 0
-849 -1108 0
-849 -1145 0
-849 -1182 0
-849 -1219 0
-849 -1256 0
-849 -1293 0
-886 -923 0
-886 -960 0
-886 -997 0
-886 -1034 0
-886 -1071 0
-886 -1108 0
-886 -1145 0
-886 -1182 0
-886 -1219 0
-886 -1256 0
-886 -1293 0
-923 -960 0
-923 -997 0
-923 -1034 0
-923 -1071 0
-923 -1108 0
-923 -1145 0
-923 -1182 0
-923 -1219 0
-923 -1256 0
-923 -1293 0
-960 -997 0
-960 -1034 0
-960 -1071 0
-960 -1108 0
-960 -1145 0
-960 -1182 0
-960 -1219 0
-960 -1256 0
-960 -1293 0
-997 -1034 0
-997 -1071 0
-997 -1108 0
-997 -1145 0
-997 -1182 0
-997 -1219 0
-997 -1256 0
-997 -1293 0
-1034 -1071 0
-1034 -1108 0
-1034 -1145 0
-1034 -1182 0
-1034 -1219 0
-1034 -1256 0
-1034 -1293 0
-1071 -1108 0
-1071 -1145 0
-1071 -1182 0
-1071 -1219 0
-1071 -1256 0
-1071 -1293 0
-1108 -1145 0
-1108 -1182 0
-1108 -1219 0
-1108 -1256 0
-1108 -1293 0
-1145 -1182 0
-1145 -1219 0
-1145 -1256 0
-1145 -1293 0
-1182 -1219 0
-1182 -1256 0
-1182 -1293 0
-1219 -1256 0
-1219 -1293 0
-1256 -1293 0
-145 -182 0
-145 -219 0
-145 -256 0
-145 -293 0
-145 -330 0
-145 -367 0
-145 -404 0
-145 -441 0
-145 -478 0
-145 -515 0
-145 -552 0
-145 -589 0
-145 -626 0
-145 -663 0
-145 -700 0
-145 -737 0
-145 -774 0
-145 -811 0
-145 -848 0
-145 -885 0
-145 -922 0
-145 -959 0
-145 -996 0
-145 -1033 0
-145 -1070 0
-145 -1107 0
-145 -1144 0
-145 -1181 0
-145 -1218 0
-145 -1255 0
-145 -1292 0
-182 -219 0
-182 -256 0
-182 -293 0
-182 -330 0
-182 -367 0
-182 -404 0
-182 -441 0
-182 -478 0
-182 -515 0
-182 -552 0
-182 -589 0
-182 -626 0
-182 -663 0
-182 -700 0
-182 -737 0
-182 -774 0
-182 -811 0
-182 -848 0
-182 -885 0
-182 -922 0
-182 -959 0
-182 -996 0
-182 -1033 0
-182 -1070 0
-182 -1107 0
-182 -1144 0
-182 -1181 0
-182 -1218 0
-182 -1255 0
-182 -1292 0
-219 -256 0
-219 -293 0
-219 -330 0
-219 -367 0
-219 -404 0
-219 -441 0
-219 -478 0
-219 -515 0
-219 -552 0
-219 -589 0
-219 -626 0
-219 -663 0
-219 -700 0
-219 -737 0
-219 -774 0
-219 -811 0
-219 -848 0
-219 -885 0
-219 -922 0
-219 -959 0
-219 -996 0
-219 -1033 0
-219 -1070 0
-219 -1107 0
-219 -1144 0
-219 -1181 0
-219 -1218 0
-219 -1255 0
-219 -1292 0
-256 -293 0
-256 -330 0
-256 -367 0
-256 -404 0
-256 -441 0
-256 -478 0
-256 -515 0
-256 -552 0
-256 -589 0
-256 -626 0
-256 -663 0
-256 -700 0
-256 -737 0
-256 -774 0
-256 -811 0
-256 -848 0
-256 -885 0
-256 -922 0
-256 -959 0
-256 -996 0
-256 -1033 0
-256 -1070 0
-256 -1107 0
-256 -1144 0
-256 -1181 0
-256 -1218 0
-256 -1255 0
-256 -1292 0
-293 -330 0
-293 -367 0
-293 -404 0
-293 -441 0
-293 -478 0
-293 -515 0
-293 -552 0
-293 -589 0
-293 -626 0
-293 -663 0
-293 -700 0
-293 -737 0
-293 -774 0
-293 -811 0
-293 -848 0
-293 -885 0
-293 -922 0
-293 -959 0
-293 -996 0
-293 -1033 0
-293 -1070 0
-293 -1107 0
-293 -1144 0
-293 -1181 0
-293 -1218 0
-293 -1255 0
-293 -1292 0
-330 -367 0
-330 -404 0
-330 -441 0
-330 -478 0
-330 -515 0
-330 -552 0
-330 -589 0
-330 -626 0
-330 -663 0
-330 -700 0
-330 -737 0
-330 -774 0
-330 -811 0
-330 -848 0
-330 -885 0
-330 -922 0
-330 -959 0
-330 -996 0
-330 -1033 0
-330 -1070 0
-330 -1107 0
-330 -1144 0
-330 -1181 0
-330 -1218 0
-330 -1255 0
-330 -1292 0
-367 -404 0
-367 -441 0
-367 -478 0
-367 -515 0
-367 -552 0
-367 -589 0
-367 -626 0
-367 -663 0
-367 -700 0
-367 -737 0
-367 -774 0
-367 -811 0
-367 -848 0
-367 -885 0
-367 -922 0
-367 -959 0
-367 -996 0
-367 -1033 0
-367 -1070 0
-367 -1107 0
-367 -1144 0
-367 -1181 0
-367 -1218 0
-367 -1255 0
-367 -1292 0
-404 -441 0
-404 -478 0
-404 -515 0
-404 -552 0
-404 -589 0
-404 -626 0
-404 -663 0
-404 -700 0
-404 -737 0
-404 -774 0
-404 -811 0
-404 -848 0
-404 -885 0
-404 -922 0
-404 -959 0
-404 -996 0
-404 -1033 0
-404 -1070 0
-404 -1107 0
-404 -1144 0
-404 -1181 0
-404 -1218 0
-404 -1255 0
-404 -1292 0
-441 -478 0
-441 -515 0
-441 -552 0
-441 -589 0
-441 -626 0
-441 -663 0
-441 -700 0
-441 -737 0
-441 -774 0
-441 -811 0
-441 -848 0
-441 -885 0
-441 -922 0
-441 -959 0
-441 -996 0
-441 -1033 0
-441 -1070 0
-441 -1107 0
-441 -1144 0
-441 -1181 0
-441 -1218 0
-441 -1255 0
-441 -1292 0
-478 -515 0
-478 -552 0
-478 -589 0
-478 -626 0
-478 -663 0
-478 -700 0
-478 -737 0
-478 -774 0
-478 -811 0
-478 -848 0
-478 -885 0
-478 -922 0
-478 -959 0
-478 -996 0
-478 -1033 0
-478 -1070 0
-478 -1107 0
-478 -1144 0
-478 -1181 0
-478 -1218 0
-478 -1255 0
-478 -1292 0
-515 -552 0
-515 -589 0
-515 -626 0
-515 -663 0
-515 -700 0
-515 -737 0
-515 -774 0
-515 -811 0
-515 -848 0
-515 -885 0
-515 -922 0
-515 -959 0
-515 -996 0
-515 -1033 0
-515 -1070 0
-515 -1107 0
-515 -1144 0
-515 -1181 0
-515 -1218 0
-515 -1255 0
-515 -1292 0
-552 -589 0
-552 -626 0
-552 -663 0
-552 -700 0
-552 -737 0
-552 -774 0
-552 -811 0
-552 -848 0
-552 -885 0
-552 -922 0
-552 -959 0
-552 -996 0
-552 -1033 0
-552 -1070 0
-552 -1107 0
-552 -1144 0
-552 -1181 0
-552 -1218 0
-552 -1255 0
-552 -1292 0
-589 -626 0
-589 -663 0
-589 -700 0
-589 -737 0
-589 -774 0
-589 -811 0
-589 -848 0
-589 -885 0
-589 -922 0
-589 -959 0
-589 -996 0
-589 -1033 0
-589 -1070 0
-589 -1107 0
-589 -1144 0
-589 -1181 0
-589 -1218 0
-589 -1255 0
-589 -1292 0
-626 -663 0
-626 -700 0
-626 -737 0
-626 -774 0
-626 -811 0
-626 -848 0
-626 -885 0
-626 -922 0
-626 -959 0
-626 -996 0
-626 -1033 0
-626 -1070 0
-626 -1107 0
-626 -1144 0
-626 -1181 0
-626 -1218 0
-626 -1255 0
-626 -1292 0
-663 -700 0
-663 -737 0
-663 -774 0
-663 -811 0
-663 -848 0
-663 -885 0
-663 -922 0
-663 -959 0
-663 -996 0
-663 -1033 0
-663 -1070 0
-663 -1107 0
-663 -1144 0
-663 -1181 0
-663 -1218 0
-663 -1255 0
-663 -1292 0
-700 -737 0
-700 -774 0
-700 -811 0
-700 -848 0
-700 -885 0
-700 -922 0
-700 -959 0
-700 -996 0
-700 -1033 0
-700 -1070 0
-700 -1107 0
-700 -1144 0
-700 -1181 0
-700 -1218 0
-700 -1255 0
-700 -1292 0
-737 -774 0
-737 -811 0
-737 -848 0
-737 -885 0
-737 -922 0
-737 -959 0
-737 -996 0
-737 -1033 0
-737 -1070 0
-737 -1107 0
-737 -1144 0
-737 -1181 0
-737 -1218 0
-737 -1255 0
-737 -1292 0
-774 -811 0
-774 -848 0
-774 -885 0
-774 -922 0
-774 -959 0
-774 -996 0
-774 -1033 0
-774 -1070 0
-774 -1107 0
-774 -1144 0
-774 -1181 0
-774 -1218 0
-774 -1255 0
-774 -1292 0
-811 -848 0
-811 -885 0
-811 -922 0
-811 -959 0
-811 -996 0
-811 -1033 0
-811 -1070 0
-811 -1107 0
-811 -1144 0
-811 -1181 0
-811 -1218 0
-811 -1255 0
-811 -1292 0
-848 -885 0
-848 -922 0
-848 -959 0
-848 -996 0
-848 -1033 0
-848 -1070 0
-848 -1107 0
-848 -1144 0
-848 -1181 0
-848 -1218 0
-848 -1255 0
-848 -1292 0
-885 -922 0
-885 -959 0
-885 -996 0
-885 -1033 0
-885 -1070 0
-885 -1107 0
-885 -1144 0
-885 -1181 0
-885 -1218 0
-885 -1255 0
-885 -1292 0
-922 -959 0
-922 -996 0
-922 -1033 0
-922 -1070 0
-922 -1107 0
-922 -1144 0
-922 -1181 0
-922 -1218 0
-922 -1255 0
-922 -1292 0
-959 -996 0
-959 -1033 0
-959 -1070 0
-959 -1107 0
-959 -1144 0
-959 -1181 0
-959 -1218 0
-959 -1255 0
-959 -1292 0
-996 -1033 0
-996 -1070 0
-996 -1107 0
-996 -1144 0
-996 -1181 0
-996 -1218 0
-996 -1255 0
-996 -1292 0
-1033 -1070 0
-1033 -1107 0
-1033 -1144 0
-1033 -1181 0
-1033 -1218 0
-1033 -1255 0
-1033 -1292 0
-1070 -1107 0
-1070 -1144 0
-1070 -1181 0
-1070 -1218 0
-1070 -1255 0
-1070 -1292 0
-1107 -1144 0
-1107 -1181 0
-1107 -1218 0
-1107 -1255 0
-1107 -1292 0
-1144 -1181 0
-1144 -1218 0
-1144 -1255 0
-1144 -1292 0
-1181 -1218 0
-1181 -1255 0
-1181 -1292 0
-1218 -1255 0
-1218 -1292 0
-1255 -1292 0
-181 -218 0
-181 -255 0
-181 -292 0
-181 -329 0
-181 -366 0
-181 -403 0
-181 -440 0
-181 -477 0
-181 -514 0
-181 -551 0
-181 -588 0
-181 -625 0
-181 -662 0
-181 -699 0
-181 -736 0
-181 -773 0
-181 -810 0
-181 -847 0
-181 -884 0
-181 -921 0
-181 -958 0
-181 -995 0
-181 -1032 0
-181 -1069 0
-181 -1106 0
-181 -1143 0
-181 -1180 0
-181 -1217 0
-181 -1254 0
-181 -1291 0
-218 -255 0
-218 -292 0
-218 -329 0
-218 -366 0
-218 -403 0
-218 -440 0
-218 -477 0
-218 -514 0
-218 -551 0
-218 -588 0
-218 -625 0
-218 -662 0
-218 -699 0
-218 -736 0
-218 -773 0
-218 -810 0
-218 -847 0
-218 -884 0
-218 -921 0
-218 -958 0
-218 -995 0
-218 -1032 0
-218 -1069 0
-218 -1106 0
-218 -1143 0
-218 -1180 0
-218 -1217 0
-218 -1254 0
-218 -1291 0
-255 -292 0
-255 -329 0
-255 -366 0
-255 -403 0
-255 -440 0
-255 -477 0
-255 -514 0
-255 -551 0
-255 -588 0
-255 -625 0
-255 -662 0
-255 -699 0
-255 -736 0
-255 -773 0
-255 -810 0
-255 -847 0
-255 -884 0
-255 -921 0
-255 -958 0
-255 -995 0
-255 -1032 0
-255 -1069 0
-255 -1106 0
-255 -1143 0
-255 -1180 0
-255 -1217 0
-255 -1254 0
-255 -1291 0
-292 -329 0
-292 -366 0
-292 -403 0
-292 -440 0
-292 -477 0
-292 -514 0
-292 -551 0
-292 -588 0
-292 -625 0
-292 -662 0
-292 -699 0
-292 -736 0
-292 -773 0
-292 -810 0
-292 -847 0
-292 -884 0
-292 -921 0
-292 -958 0
-292 -995 0
-292 -1032 0
-292 -1069 0
-292 -1106 0
-292 -1143 0
-292 -1180 0
-292 -1217 0
-292 -1254 0
-292 -1291 0
-329 -366 0
-329 -403 0
-329 -440 0
-329 -477 0
-329 -514 0
-329 -551 0
-329 -588 0
-329 -625 0
-329 -662 0
-329 -699 0
-329 -736 0
-329 -773 0
-329 -810 0
-329 -847 0
-329 -884 0
-329 -921 0
-329 -958 0
-329 -995 0
-329 -1032 0
-329 -1069 0
-329 -1106 0
-329 -1143 0
-329 -1180 0
-329 -1217 0
-329 -1254 0
-329 -1291 0
-366 -403 0
-366 -440 0
-366 -477 0
-366 -514 0
-366 -551 0
-366 -588 0
-366 -625 0
-366 -662 0
-366 -699 0
-366 -736 0
-366 -773 0
-366 -810 0
-366 -847 0
-366 -884 0
-366 -921 0
-366 -958 0
-366 -995 0
-366 -1032 0
-366 -1069 0
-366 -1106 0
-366 -1143 0
-366 -1180 0
-366 -1217 0
-366 -1254 0
-366 -1291 0
-403 -440 0
-403 -477 0
-403 -514 0
-403 -551 0
-403 -588 0
-403 -625 0
-403 -662 0
-403 -699 0
-403 -736 0
-403 -773 0
-403 -810 0
-403 -847 0
-403 -884 0
-403 -921 0
-403 -958 0
-403 -995 0
-403 -1032 0
-403 -1069 0
-403 -1106 0
-403 -1143 0
-403 -1180 0
-403 -1217 0
-403 -1254 0
-403 -1291 0
-440 -477 0
-440 -514 0
-440 -551 0
-440 -588 0
-440 -625 0
-440 -662 0
-440 -699 0
-440 -736 0
-440 -773 0
-440 -810 0
-440 -847 0
-440 -884 0
-440 -921 0
-440 -958 0
-440 -995 0
-440 -1032 0
-440 -1069 0
-440 -1106 0
-440 -1143 0
-440 -1180 0
-440 -1217 0
-440 -1254 0
-440 -1291 0
-477 -514 0
-477 -551 0
-477 -588 0
-477 -625 0
-477 -662 0
-477 -699 0
-477 -736 0
-477 -773 0
-477 -810 0
-477 -847 0
-477 -884 0
-477 -921 0
-477 -958 0
-477 -995 0
-477 -1032 0
-477 -1069 0
-477 -1106 0
-477 -1143 0
-477 -1180 0
-477 -1217 0
-477 -1254 0
-477 -1291 0
-514 -551 0
-514 -588 0
-514 -625 0
-514 -662 0
-514 -699 0
-514 -736 0
-514 -773 0
-514 -810 0
-514 -847 0
-514 -884 0
-514 -921 0
-514 -958 0
-514 -995 0
-514 -1032 0
-514 -1069 0
-514 -1106 0
-514 -1143 0
-514 -1180 0
-514 -1217 0
-514 -1254 0
-514 -1291 0
-551 -588 0
-551 -625 0
-551 -662 0
-551 -699 0
-551 -736 0
-551 -773 0
-551 -810 0
-551 -847 0
-551 -884 0
-551 -921 0
-551 -958 0
-551 -995 0
-551 -1032 0
-551 -1069 0
-551 -1106 0
-551 -1143 0
-551 -1180 0
-551 -1217 0
-551 -1254 0
-551 -1291 0
-588 -625 0
-588 -662 0
-588 -699 0
-588 -736 0
-588 -773 0
-588 -810 0
-588 -847 0
-588 -884 0
-588 -921 0
-588 -958 0
-588 -995 0
-588 -1032 0
-588 -1069 0
-588 -1106 0
-588 -1143 0
-588 -1180 0
-588 -1217 0
-588 -1254 0
-588 -1291 0
-625 -662 0
-625 -699 0
-625 -736 0
-625 -773 0
-625 -810 0
-625 -847 0
-625 -884 0
-625 -921 0
-625 -958 0
-625 -995 0
-625 -1032 0
-625 -1069 0
-625 -1106 0
-625 -1143 0
-625 -1180 0
-625 -1217 0
-625 -1254 0
-625 -1291 0
-662 -699 0
-662 -736 0
-662 -773 0
-662 -810 0
-662 -847 0
-662 -884 0
-662 -921 0
-662 -958 0
-662 -995 0
-662 -1032 0
-662 -1069 0
-662 -1106 0
-662 -1143 0
-662 -1180 0
-662 -1217 0
-662 -1254 0
-662 -1291 0
-699 -736 0
-699 -773 0
-699 -810 0
-699 -847 0
-699 -884 0
-699 -921 0
-699 -958 0
-699 -995 0
-699 -1032 0
-699 -1069 0
-699 -1106 0
-699 -1143 0
-699 -1180 0
-699 -1217 0
-699 -1254 0
-699 -1291 0
-736 -773 0
-736 -810 0
-736 -847 0
-736 -884 0
-736 -921 0
-736 -958 0
-736 -995 0
-736 -1032 0
-736 -1069 0
-736 -1106 0
-736 -1143 0
-736 -1180 0
-736 -1217 0
-736 -1254 0
-736 -1291 0
-773 -810 0
-773 -847 0
-773 -884 0
-773 -921 0
-773 -958 0
-773 -995 0
-773 -1032 0
-773 -1069 0
-773 -1106 0
-773 -1143 0
-773 -1180 0
-773 -1217 0
-773 -1254 0
-773 -1291 0
-810 -847 0
-810 -884 0
-810 -921 0
-810 -958 0
-810 -995 0
-810 -1032 0
-810 -1069 0
-810 -1106 0
-810 -1143 0
-810 -1180 0
-810 -1217 0
-810 -1254 0
-810 -1291 0
-847 -884 0
-847 -921 0
-847 -958 0
-847 -995 0
-847 -1032 0
-847 -1069 0
-847 -1106 0
-847 -1143 0
-847 -1180 0
-847 -1217 0
-847 -1254 0
-847 -1291 0
-884 -921 0
-884 -958 0
-884 -995 0
-884 -1032 0
-884 -1069 0
-884 -1106 0
-884 -1143 0
-884 -1180 0
-884 -1217 0
-884 -1254 0
-884 -1291 0
-921 -958 0
-921 -995 0
-921 -1032 0
-921 -1069 0
-921 -1106 0
-921 -1143 0
-921 -1180 0
-921 -1217 0
-921 -1254 0
-921 -1291 0
-958 -995 0
-958 -1032 0
-958 -1069 0
-958 -1106 0
-958 -1143 0
-958 -1180 0
-958 -1217 0
-958 -1254 0
-958 -1291 0
-995 -1032 0
-995 -1069 0
-995 -1106 0
-995 -1143 0
-995 -1180 0
-995 -1217 0
-995 -1254 0
-995 -1291 0
-1032 -1069 0
-1032 -1106 0
-1032 -1143 0
-1032 -1180 0
-1032 -1217 0
-1032 -1254 0
-1032 -1291 0
-1069 -1106 0
-1069 -1143 0
-1069 -1180 0
-1069 -1217 0
-1069 -1254 0
-1069 -1291 0
-1106 -1143 0
-1106 -1180 0
-1106 -1217 0
-1106 -1254 0
-1106 -1291 0
-1143 -1180 0
-1143 -1217 0
-1143 -1254 0
-1143 -1291 0
-1180 -1217 0
-1180 -1254 0
-1180 -1291 0
-1217 -1254 0
-1217 -1291 0
-1254 -1291 0
-217 -254 0
-217 -291 0
-217 -328 0
-217 -365 0
-217 -402 0
-217 -439 0
-217 -476 0
-217 -513 0
-217 -550 0
-217 -587 0
-217 -624 0
-217 -661 0
-217 -698 0
-217 -735 0
-217 -772 0
-217 -809 0
-217 -846 0
-217 -883 0
-217 -920 0
-217 -957 0
-217 -994 0
-217 -1031 0
-217 -1068 0
-217 -1105 0
-217 -1142 0
-217 -1179 0
-217 -1216 0
-217 -1253 0
-217 -1290 0
-254 -291 0
-254 -328 0
-254 -365 0
-254 -402 0
-254 -439 0
-254 -476 0
-254 -513 0
-254 -550 0
-254 -587 0
-254 -624 0
-254 -661 0
-254 -698 0
-254 -735 0
-254 -772 0
-254 -809 0
-254 -846 0
-254 -883 0
-254 -920 0
-254 -957 0
-254 -994 0
-254 -1031 0
-254 -1068 0
-254 -1105 0
-254 -1142 0
-254 -1179 0
-254 -1216 0
-254 -1253 0
-254 -1290 0
-291 -328 0
-291 -365 0
-291 -402 0
-291 -439 0
-291 -476 0
-291 -513 0
-291 -550 0
-291 -587 0
-291 -624 0
-291 -661 0
-291 -698 0
-291 -735 0
-291 -772 0
-291 -809 0
-291 -846 0
-291 -883 0
-291 -920 0
-291 -957 0
-291 -994 0
-291 -1031 0
-291 -1068 0
-291 -1105 0
-291 -1142 0
-291 -1179 0
-291 -1216 0
-291 -1253 0
-291 -1290 0
-328 -365 0
-328 -402 0
-328 -439 0
-328 -476 0
-328 -513 0
-328 -550 0
-328 -587 0
-328 -624 0
-328 -661 0
-328 -698 0
-328 -735 0
-328 -772 0
-328 -809 0
-328 -846 0
-328 -883 0
-328 -920 0
-328 -957 0
-328 -994 0
-328 -1031 0
-328 -1068 0
-328 -1105 0
-328 -1142 0
-328 -1179 0
-328 -1216 0
-328 -1253 0
-328 -1290 0
-365 -402 0
-365 -439 0
-365 -476 0
-365 -513 0
-365 -550 0
-365 -587 0
-365 -624 0
-365 -661 0
-365 -698 0
-365 -735 0
-365 -772 0
-365 -809 0
-365 -846 0
-365 -883 0
-365 -920 0
-365 -957 0
-365 -994 0
-365 -1031 0
-365 -1068 0
-365 -1105 0
-365 -1142 0
-365 -1179 0
-365 -1216 0
-365 -1253 0
-365 -1290 0
-402 -439 0
-402 -476 0
-402 -513 0
-402 -550 0
-402 -587 0
-402 -624 0
-402 -661 0
-402 -698 0
-402 -735 0
-402 -772 0
-402 -809 0
-402 -846 0
-402 -883 0
-402 -920 0
-402 -957 0
-402 -994 0
-402 -1031 0
-402 -1068 0
-402 -1105 0
-402 -1142 0
-402 -1179 0
-402 -1216 0
-402 -1253 0
-402 -1290 0
-439 -476 0
-439 -513 0
-439 -550 0
-439 -587 0
-439 -624 0
-439 -661 0
-439 -698 0
-439 -735 0
-439 -772 0
-439 -809 0
-439 -846 0
-439 -883 0
-439 -920 0
-439 -957 0
-439 -994 0
-439 -1031 0
-439 -1068 0
-439 -1105 0
-439 -1142 0
-439 -1179 0
-439 -1216 0
-439 -1253 0
-439 -1290 0
-476 -513 0
-476 -550 0
-476 -587 0
-476 -624 0
-476 -661 0
-476 -698 0
-476 -735 0
-476 -772 0
-476 -809 0
-476 -846 0
-476 -883 0
-476 -920 0
-476 -957 0
-476 -994 0
-476 -1031 0
-476 -1068 0
-476 -1105 0
-476 -1142 0
-476 -1179 0
-476 -1216 0
-476 -1253 0
-476 -1290 0
-513 -550 0
-513 -587 0
-513 -624 0
-513 -661 0
-513 -698 0
-513 -735 0
-513 -772 0
-513 -809 0
-513 -846 0
-513 -883 0
-513 -920 0
-513 -957 0
-513 -994 0
-513 -1031 0
-513 -1068 0
-513 -1105 0
-513 -1142 0
-513 -1179 0
-513 -1216 0
-513 -1253 0
-513 -1290 0
-550 -587 0
-550 -624 0
-550 -661 0
-550 -698 0
-550 -735 0
-550 -772 0
-550 -809 0
-550 -846 0
-550 -883 0
-550 -920 0
-550 -957 0
-550 -994 0
-550 -1031 0
-550 -1068 0
-550 -1105 0
-550 -1142 0
-550 -1179 0
-550 -1216 0
-550 -1253 0
-550 -1290 0
-587 -624 0
-587 -661 0
-587 -698 0
-587 -735 0
-587 -772 0
-587 -809 0
-587 -846 0
-587 -883 0
-587 -920 0
-587 -957 0
-587 -994 0
-587 -1031 0
-587 -1068 0
-587 -1105 0
-587 -1142 0
-587 -1179 0
-587 -1216 0
-587 -1253 0
-587 -1290 0
-624 -661 0
-624 -698 0
-624 -735 0
-624 -772 0
-624 -809 0
-624 -846 0
-624 -883 0
-624 -920 0
-624 -957 0
-624 -994 0
-624 -1031 0
-624 -1068 0
-624 -1105 0
-624 -1142 0
-624 -1179 0
-624 -1216 0
-624 -1253 0
-624 -1290 0
-661 -698 0
-661 -735 0
-661 -772 0
-661 -809 0
-661 -846 0
-661 -883 0
-661 -920 0
-661 -957 0
-661 -994 0
-661 -1031 0
-661 -1068 0
-661 -1105 0
-661 -1142 0
-661 -1179 0
-661 -1216 0
-661 -1253 0
-661 -1290 0
-698 -735 0
-698 -772 0
-698 -809 0
-698 -846 0
-698 -883 0
-698 -920 0
-698 -957 0
-698 -994 0
-698 -1031 0
-698 -1068 0
-698 -1105 0
-698 -1142 0
-698 -1179 0
-698 -1216 0
-698 -1253 0
-698 -1290 0
-735 -772 0
-735 -809 0
-735 -846 0
-735 -883 0
-735 -920 0
-735 -957 0
-735 -994 0
-735 -1031 0
-735 -1068 0
-735 -1105 0
-735 -1142 0
-735 -1179 0
-735 -1216 0
-735 -1253 0
-735 -1290 0
-772 -809 0
-772 -846 0
-772 -883 0
-772 -920 0
-772 -957 0
-772 -994 0
-772 -1031 0
-772 -1068 0
-772 -1105 0
-772 -1142 0
-772 -1179 0
-772 -1216 0
-772 -1253 0
-772 -1290 0
-809 -846 0
-809 -883 0
-809 -920 0
-809 -957 0
-809 -994 0
-809 -1031 0
-809 -1068 0
-809 -1105 0
-809 -1142 0
-809 -1179 0
-809 -1216 0
-809 -1253 0
-809 -1290 0
-846 -883 0
-846 -920 0
-846 -957 0
-846 -994 0
-846 -1031 0
-846 -1068 0
-846 -1105 0
-846 -1142 0
-846 -1179 0
-846 -1216 0
-846 -1253 0
-846 -1290 0
-883 -920 0
-883 -957 0
-883 -994 0
-883 -1031 0
-883 -1068 0
-883 -1105 0
-883 -1142 0
-883 -1179 0
-883 -1216 0
-883 -1253 0
-883 -1290 0
-920 -957 0
-920 -994 0
-920 -1031 0
-920 -1068 0
-920 -1105 0
-920 -1142 0
-920 -1179 0
-920 -1216 0
-920 -1253 0
-920 -1290 0
-957 -994 0
-957 -1031 0
-957 -1068 0
-957 -1105 0
-957 -1142 0
-957 -1179 0
-957 -1216 0
-957 -1253 0
-957 -1290 0
-994 -1031 0
-994 -1068 0
-994 -1105 0
-994 -1142 0
-994 -1179 0
-994 -1216 0
-994 -1253 0
-994 -1290 0
-1031 -1068 0
-1031 -1105 0
-1031 -1142 0
-1031 -1179 0
-1031 -1216 0
-1031 -1253 0
-1031 -1290 0
-1068 -1105 0
-1068 -1142 0
-1068 -1179 0
-1068 -1216 0
-1068 -1253 0
-1068 -1290 0
-1105 -1142 0
-1105 -1179 0
-1105 -1216 0
-1105 -1253 0
-1105 -1290 0
-1142 -1179 0
-1142 -1216 0
-1142 -1253 0
-1142 -1290 0
-1179 -1216 0
-1179 -1253 0
-1179 -1290 0
-1216 -1253 0
-1216 -1290 0
-1253 -1290 0
-253 -290 0
-253 -327 0
-253 -364 0
-253 -401 0
-253 -438 0
-253 -475 0
-253 -512 0
-253 -549 0
-253 -586 0
-253 -623 0
-253 -660 0
-253 -697 0
-253 -734 0
-253 -771 0
-253 -808 0
-253 -845 0
-253 -882 0
-253 -919 0
-253 -956 0
-253 -993 0
-253 -1030 0
-253 -1067 0
-253 -1104 0
-253 -1141 0
-253 -1178 0
-253 -1215 0
-253 -1252 0
-253 -1289 0
-290 -327 0
-290 -364 0
-290 -401 0
-290 -438 0
-290 -475 0
-290 -512 0
-290 -549 0
-290 -586 0
-290 -623 0
-290 -660 0
-290 -697 0
-290 -734 0
-290 -771 0
-290 -808 0
-290 -845 0
-290 -882 0
-290 -919 0
-290 -956 0
-290 -993 0
-290 -1030 0
-290 -1067 0
-290 -1104 0
-290 -1141 0
-290 -1178 0
-290 -1215 0
-290 -1252 0
-290 -1289 0
-327 -364 0
-327 -401 0
-327 -438 0
-327 -475 0
-327 -512 0
-327 -549 0
-327 -586 0
-327 -623 0
-327 -660 0
-327 -697 0
-327 -734 0
-327 -771 0
-327 -808 0
-327 -845 0
-327 -882 0
-327 -919 0
-327 -956 0
-327 -993 0
-327 -1030 0
-327 -1067 0
-327 -1104 0
-327 -1141 0
-327 -1178 0
-327 -1215 0
-327 -1252 0
-327 -1289 0
-364 -401 0
-364 -438 0
-364 -475 0
-364 -512 0
-364 -549 0
-364 -586 0
-364 -623 0
-364 -660 0
-364 -697 0
-364 -734 0
-364 -771 0
-364 -808 0
-364 -845 0
-364 -882 0
-364 -919 0
-364 -956 0
-364 -993 0
-364 -1030 0
-364 -1067 0
-364 -1104 0
-364 -1141 0
-364 -1178 0
-364 -1215 0
-364 -1252 0
-364 -1289 0
-401 -438 0
-401 -475 0
-401 -512 0
-401 -549 0
-401 -586 0
-401 -623 0
-401 -660 0
-401 -697 0
-401 -734 0
-401 -771 0
-401 -808 0
-401 -845 0
-401 -882 0
-401 -919 0
-401 -956 0
-401 -993 0
-401 -1030 0
-401 -1067 0
-401 -1104 0
-401 -1141 0
-401 -1178 0
-401 -1215 0
-401 -1252 0
-401 -1289 0
-438 -475 0
-438 -512 0
-438 -549 0
-438 -586 0
-438 -623 0
-438 -660 0
-438 -697 0
-438 -734 0
-438 -771 0
-438 -808 0
-438 -845 0
-438 -882 0
-438 -919 0
-438 -956 0
-438 -993 0
-438 -1030 0
-438 -1067 0
-438 -1104 0
-438 -1141 0
-438 -1178 0
-438 -1215 0
-438 -1252 0
-438 -1289 0
-475 -512 0
-475 -549 0
-475 -586 0
-475 -623 0
-475 -660 0
-475 -697 0
-475 -734 0
-475 -771 0
-475 -808 0
-475 -845 0
-475 -882 0
-475 -919 0
-475 -956 0
-475 -993 0
-475 -1030 0
-475 -1067 0
-475 -1104 0
-475 -1141 0
-475 -1178 0
-475 -1215 0
-475 -1252 0
-475 -1289 0
-512 -549 0
-512 -586 0
-512 -623 0
-512 -660 0
-512 -697 0
-512 -734 0
-512 -771 0
-512 -808 0
-512 -845 0
-512 -882 0
-512 -919 0
-512 -956 0
-512 -993 0
-512 -1030 0
-512 -1067 0
-512 -1104 0
-512 -1141 0
-512 -1178 0
-512 -1215 0
-512 -1252 0
-512 -1289 0
-549 -586 0
-549 -623 0
-549 -660 0
-549 -697 0
-549 -734 0
-549 -771 0
-549 -808 0
-549 -845 0
-549 -882 0
-549 -919 0
-549 -956 0
-549 -993 0
-549 -1030 0
-549 -1067 0
-549 -1104 0
-549 -1141 0
-549 -1178 0
-549 -1215 0
-549 -1252 0
-549 -1289 0
-586 -623 0
-586 -660 0
-586 -697 0
-586 -734 0
-586 -771 0
-586 -808 0
-586 -845 0
-586 -882 0
-586 -919 0
-586 -956 0
-586 -993 0
-586 -1030 0
-586 -1067 0
-586 -1104 0
-586 -1141 0
-586 -1178 0
-586 -1215 0
-586 -1252 0
-586 -1289 0
-623 -660 0
-623 -697 0
-623 -734 0
-623 -771 0
-623 -808 0
-623 -845 0
-623 -882 0
-623 -919 0
-623 -956 0
-623 -993 0
-623 -1030 0
-623 -1067 0
-623 -1104 0
-623 -1141 0
-623 -1178 0
-623 -1215 0
-623 -1252 0
-623 -1289 0
-660 -697 0
-660 -734 0
-660 -771 0
-660 -808 0
-660 -845 0
-660 -882 0
-660 -919 0
-660 -956 0
-660 -993 0
-660 -1030 0
-660 -1067 0
-660 -1104 0
-660 -1141 0
-660 -1178 0
-660 -1215 0
-660 -1252 0
-660 -1289 0
-697 -734 0
-697 -771 0
-697 -808 0
-697 -845 0
-697 -882 0
-697 -919 0
-697 -956 0
-697 -993 0
-697 -1030 0
-697 -1067 0
-697 -1104 0
-697 -1141 0
-697 -1178 0
-697 -1215 0
-697 -1252 0
-697 -1289 0
-734 -771 0
-734 -808 0
-734 -845 0
-734 -882 0
-734 -919 0
-734 -956 0
-734 -993 0
-734 -1030 0
-734 -1067 0
-734 -1104 0
-734 -1141 0
-734 -1178 0
-734 -1215 0
-734 -1252 0
-734 -1289 0
-771 -808 0
-771 -845 0
-771 -882 0
-771 -919 0
-771 -956 0
-771 -993 0
-771 -1030 0
-771 -1067 0
-771 -1104 0
-771 -1141 0
-771 -1178 0
-771 -1215 0
-771 -1252 0
-771 -1289 0
-808 -845 0
-808 -882 0
-808 -919 0
-808 -956 0
-808 -993 0
-808 -1030 0
-808 -1067 0
-808 -1104 0
-808 -1141 0
-808 -1178 0
-808 -1215 0
-808 -1252 0
-808 -1289 0
-845 -882 0
-845 -919 0
-845 -956 0
-845 -993 0
-845 -1030 0
-845 -1067 0
-845 -1104 0
-845 -1141 0
-845 -1178 0
-845 -1215 0
-845 -1252 0
-845 -1289 0
-882 -919 0
-882 -956 0
-882 -993 0
-882 -1030 0
-882 -1067 0
-882 -1104 0
-882 -1141 0
-882 -1178 0
-882 -1215 0
-882 -1252 0
-882 -1289 0
-919 -956 0
-919 -993 0
-919 -1030 0
-919 -1067 0
-919 -1104 0
-919 -1141 0
-919 -1178 0
-919 -1215 0
-919 -1252 0
-919 -1289 0
-956 -993 0
-956 -1030 0
-956 -1067 0
-956 -1104 0
-956 -1141 0
-956 -1178 0
-956 -1215 0
-956 -1252 0
-956 -1289 0
-993 -1030 0
-993 -1067 0
-993 -1104 0
-993 -1141 0
-993 -1178 0
-993 -1215 0
-993 -1252 0
-993 -1289 0
-1030 -1067 0
-1030 -1104 0
-1030 -1141 0
-1030 -1178 0
-1030 -1215 0
-1030 -1252 0
-1030 -1289 0
-1067 -1104 0
-1067 -1141 0
-1067 -1178 0
-1067 -1215 0
-1067 -1252 0
-1067 -1289 0
-1104 -1141 0
-1104 -1178 0
-1104 -1215 0
-1104 -1252 0
-1104 -1289 0
-1141 -1178 0
-1141 -1215 0
-1141 -1252 0
-1141 -1289 0
-1178 -1215 0
-1178 -1252 0
-1178 -1289 0
-1215 -1252 0
-1215 -1289 0
-1252 -1289 0
-289 -326 0
-289 -363 0
-289 -400 0
-289 -437 0
-289 -474 0
-289 -511 0
-289 -548 0
-289 -585 0
-289 -622 0
-289 -659 0
-289 -696 0
-289 -733 0
-289 -770 0
-289 -807 0
-289 -844 0
-289 -881 0
-289 -918 0
-289 -955 0
-289 -992 0
-289 -1029 0
-289 -1066 0
-289 -1103 0
-289 -1140 0
-289 -1177 0
-289 -1214 0
-289 -1251 0
-289 -1288 0
-326 -363 0
-326 -400 0
-326 -437 0
-326 -474 0
-326 -511 0
-326 -548 0
-326 -585 0
-326 -622 0
-326 -659 0
-326 -696 0
-326 -733 0
-326 -770 0
-326 -807 0
-326 -844 0
-326 -881 0
-326 -918 0
-326 -955 0
-326 -992 0
-326 -1029 0
-326 -1066 0
-326 -1103 0
-326 -1140 0
-326 -1177 0
-326 -1214 0
-326 -1251 0
-326 -1288 0
-363 -400 0
-363 -437 0
-363 -474 0
-363 -511 0
-363 -548 0
-363 -585 0
-363 -622 0
-363 -659 0
-363 -696 0
-363 -733 0
-363 -770 0
-363 -807 0
-363 -844 0
-363 -881 0
-363 -918 0
-363 -955 0
-363 -992 0
-363 -1029 0
-363 -1066 0
-363 -1103 0
-363 -1140 0
-363 -1177 0
-363 -1214 0
-363 -1251 0
-363 -1288 0
-400 -437 0
-400 -474 0
-400 -511 0
-400 -548 0
-400 -585 0
-400 -622 0
-400 -659 0
-400 -696 0
-400 -733 0
-400 -770 0
-400 -807 0
-400 -844 0
-400 -881 0
-400 -918 0
-400 -955 0
-400 -992 0
-400 -1029 0
-400 -1066 0
-400 -1103 0
-400 -1140 0
-400 -1177 0
-400 -1214 0
-400 -1251 0
-400 -1288 0
-437 -474 0
-437 -511 0
-437 -548 0
-437 -585 0
-437 -622 0
-437 -659 0
-437 -696 0
-437 -733 0
-437 -770 0
-437 -807 0
-437 -844 0
-437 -881 0
-437 -918 0
-437 -955 0
-437 -992 0
-437 -1029 0
-437 -1066 0
-437 -1103 0
-437 -1140 0
-437 -1177 0
-437 -1214 0
-437 -1251 0
-437 -1288 0
-474 -511 0
-474 -548 0
-474 -585 0
-474 -622 0
-474 -659 0
-474 -696 0
-474 -733 0
-474 -770 0
-474 -807 0
-474 -844 0
-474 -881 0
-474 -918 0
-474 -955 0
-474 -992 0
-474 -1029 0
-474 -1066 0
-474 -1103 0
-474 -1140 0
-474 -1177 0
-474 -1214 0
-474 -1251 0
-474 -1288 0
-511 -548 0
-511 -585 0
-511 -622 0
-511 -659 0
-511 -696 0
-511 -733 0
-511 -770 0
-511 -807 0
-511 -844 0
-511 -881 0
-511 -918 0
-511 -955 0
-511 -992 0
-511 -1029 0
-511 -1066 0
-511 -1103 0
-511 -1140 0
-511 -1177 0
-511 -1214 0
-511 -1251 0
-511 -1288 0
-548 -585 0
-548 -622 0
-548 -659 0
-548 -696 0
-548 -733 0
-548 -770 0
-548 -807 0
-548 -844 0
-548 -881 0
-548 -918 0
-548 -955 0
-548 -992 0
-548 -1029 0
-548 -1066 0
-548 -1103 0
-548 -1140 0
-548 -1177 0
-548 -1214 0
-548 -1251 0
-548 -1288 0
-585 -622 0
-585 -659 0
-585 -696 0
-585 -733 0
-585 -770 0
-585 -807 0
-585 -844 0
-585 -881 0
-585 -918 0
-585 -955 0
-585 -992 0
-585 -1029 0
-585 -1066 0
-585 -1103 0
-585 -1140 0
-585 -1177 0
-585 -1214 0
-585 -1251 0
-585 -1288 0
-622 -659 0
-622 -696 0
-622 -733 0
-622 -770 0
-622 -807 0
-622 -844 0
-622 -881 0
-622 -918 0
-622 -955 0
-622 -992 0
-622 -1029 0
-622 -1066 0
-622 -1103 0
-622 -1140 0
-622 -1177 0
-622 -1214 0
-622 -1251 0
-622 -1288 0
-659 -696 0
-659 -733 0
-659 -770 0
-659 -807 0
-659 -844 0
-659 -881 0
-659 -918 0
-659 -955 0
-659 -992 0
-659 -1029 0
-659 -1066 0
-659 -1103 0
-659 -1140 0
-659 -1177 0
-659 -1214 0
-659 -1251 0
-659 -1288 0
-696 -733 0
-696 -770 0
-696 -807 0
-696 -844 0
-696 -881 0
-696 -918 0
-696 -955 0
-696 -992 0
-696 -1029 0
-696 -1066 0
-696 -1103 0
-696 -1140 0
-696 -1177 0
-696 -1214 0
-696 -1251 0
-696 -1288 0
-733 -770 0
-733 -807 0
-733 -844 0
-733 -881 0
-733 -918 0
-733 -955 0
-733 -992 0
-733 -1029 0
-733 -1066 0
-733 -1103 0
-733 -1140 0
-733 -1177 0
-733 -1214 0
-733 -1251 0
-733 -1288 0
-770 -807 0
-770 -844 0
-770 -881 0
-770 -918 0
-770 -955 0
-770 -992 0
-770 -1029 0
-770 -1066 0
-770 -1103 0
-770 -1140 0
-770 -1177 0
-770 -1214 0
-770 -1251 0
-770 -1288 0
-807 -844 0
-807 -881 0
-807 -918 0
-807 -955 0
-807 -992 0
-807 -1029 0
-807 -1066 0
-807 -1103 0
-807 -1140 0
-807 -1177 0
-807 -1214 0
-807 -1251 0
-807 -1288 0
-844 -881 0
-844 -918 0
-844 -955 0
-844 -992 0
-844 -1029 0
-844 -1066 0
-844 -1103 0
-844 -1140 0
-844 -1177 0
-844 -1214 0
-844 -1251 0
-844 -1288 0
-881 -918 0
-881 -955 0
-881 -992 0
-881 -1029 0
-881 -1066 0
-881 -1103 0
-881 -1140 0
-881 -1177 0
-881 -1214 0
-881 -1251 0
-881 -1288 0
-918 -955 0
-918 -992 0
-918 -1029 0
-918 -1066 0
-918 -1103 0
-918 -1140 0
-918 -1177 0
-918 -1214 0
-918 -1251 0
-918 -1288 0
-955 -992 0
-955 -1029 0
-955 -1066 0
-955 -1103 0
-955 -1140 0
-955 -1177 0
-955 -1214 0
-955 -1251 0
-955 -1288 0
-992 -1029 0
-992 -1066 0
-992 -1103 0
-992 -1140 0
-992 -1177 0
-992 -1214 0
-992 -1251 0
-992 -1288 0
-1029 -1066 0
-1029 -1103 0
-1029 -1140 0
-1029 -1177 0
-1029 -1214 0
-1029 -1251 0
-1029 -1288 0
-1066 -1103 0
-1066 -1140 0
-1066 -1177 0
-1066 -1214 0
-1066 -1251 0
-1066 -1288 0
-1103 -1140 0
-1103 -1177 0
-1103 -1214 0
-1103 -1251 0
-1103 -1288 0
-1140 -1177 0
-1140 -1214 0
-1140 -1251 0
-1140 -1288 0
-1177 -1214 0
-1177 -1251 0
-1177 -1288 0
-1214 -1251 0
-1214 -1288 0
-1251 -1288 0
-325 -362 0
-325 -399 0
-325 -436 0
-325 -473 0
-325 -510 0
-325 -547 0
-325 -584 0
-325 -621 0
-325 -658 0
-325 -695 0
-325 -732 0
-325 -769 0
-325 -806 0
-325 -843 0
-325 -880 0
-325 -917 0
-325 -954 0
-325 -991 0
-325 -1028 0
-325 -1065 0
-325 -1102 0
-325 -1139 0
-325 -1176 0
-325 -1213 0
-325 -1250 0
-325 -1287 0
-362 -399 0
-362 -436 0
-362 -473 0
-362 -510 0
-362 -547 0
-362 -584 0
-362 -621 0
-362 -658 0
-362 -695 0
-362 -732 0
-362 -769 0
-362 -806 0
-362 -843 0
-362 -880 0
-362 -917 0
-362 -954 0
-362 -991 0
-362 -1028 0
-362 -1065 0
-362 -1102 0
-362 -1139 0
-362 -1176 0
-362 -1213 0
-362 -1250 0
-362 -1287 0
-399 -436 0
-399 -473 0
-399 -510 0
-399 -547 0
-399 -584 0
-399 -621 0
-399 -658 0
-399 -695 0
-399 -732 0
-399 -769 0
-399 -806 0
-399 -843 0
-399 -880 0
-399 -917 0
-399 -954 0
-399 -991 0
-399 -1028 0
-399 -1065 0
-399 -1102 0
-399 -1139 0
-399 -1176 0
-399 -1213 0
-399 -1250 0
-399 -1287 0
-436 -473 0
-436 -510 0
-436 -547 0
-436 -584 0
-436 -621 0
-436 -658 0
-436 -695 0
-436 -732 0
-436 -769 0
-436 -806 0
-436 -843 0
-436 -880 0
-436 -917 0
-436 -954 0
-436 -991 0
-436 -1028 0
-436 -1065 0
-436 -1102 0
-436 -1139 0
-436 -1176 0
-436 -1213 0
-436 -1250 0
-436 -1287 0
-473 -510 0
-473 -547 0
-473 -584 0
-473 -621 0
-473 -658 0
-473 -695 0
-473 -732 0
-473 -769 0
-473 -806 0
-473 -843 0
-473 -880 0
-473 -917 0
-473 -954 0
-473 -991 0
-473 -1028 0
-473 -1065 0
-473 -1102 0
-473 -1139 0
-473 -1176 0
-473 -1213 0
-473 -1250 0
-473 -1287 0
-510 -547 0
-510 -584 0
-510 -621 0
-510 -658 0
-510 -695 0
-510 -732 0
-510 -769 0
-510 -806 0
-510 -843 0
-510 -880 0
-510 -917 0
-510 -954 0
-510 -991 0
-510 -1028 0
-510 -1065 0
-510 -1102 0
-510 -1139 0
-510 -1176 0
-510 -1213 0
-510 -1250 0
-510 -1287 0
-547 -584 0
-547 -621 0
-547 -658 0
-547 -695 0
-547 -732 0
-547 -769 0
-547 -806 0
-547 -843 0
-547 -880 0
-547 -917 0
-547 -954 0
-547 -991 0
-547 -1028 0
-547 -1065 0
-547 -1102 0
-547 -1139 0
-547 -1176 0
-547 -1213 0
-547 -1250 0
-547 -1287 0
-584 -621 0
-584 -658 0
-584 -695 0
-584 -732 0
-584 -769 0
-584 -806 0
-584 -843 0
-584 -880 0
-584 -917 0
-584 -954 0
-584 -991 0
-584 -1028 0
-584 -1065 0
-584 -1102 0
-584 -1139 0
-584 -1176 0
-584 -1213 0
-584 -1250 0
-584 -1287 0
-621 -658 0
-621 -695 0
-621 -732 0
-621 -769 0
-621 -806 0
-621 -843 0
-621 -880 0
-621 -917 0
-621 -954 0
-621 -991 0
-621 -1028 0
-621 -1065 0
-621 -1102 0
-621 -1139 0
-621 -1176 0
-621 -1213 0
-621 -1250 0
-621 -1287 0
-658 -695 0
-658 -732 0
-658 -769 0
-658 -806 0
-658 -843 0
-658 -880 0
-658 -917 0
-658 -954 0
-658 -991 0
-658 -1028 0
-658 -1065 0
-658 -1102 0
-658 -1139 0
-658 -1176 0
-658 -1213 0
-658 -1250 0
-658 -1287 0
-695 -732 0
-695 -769 0
-695 -806 0
-695 -843 0
-695 -880 0
-695 -917 0
-695 -954 0
-695 -991 0
-695 -1028 0
-695 -1065 0
-695 -1102 0
-695 -1139 0
-695 -1176 0
-695 -1213 0
-695 -1250 0
-695 -1287 0
-732 -769 0
-732 -806 0
-732 -843 0
-732 -880 0
-732 -917 0
-732 -954 0
-732 -991 0
-732 -1028 0
-732 -1065 0
-732 -1102 0
-732 -1139 0
-732 -1176 0
-732 -1213 0
-732 -1250 0
-732 -1287 0
-769 -806 0
-769 -843 0
-769 -880 0
-769 -917 0
-769 -954 0
-769 -991 0
-769 -1028 0
-769 -1065 0
-769 -1102 0
-769 -1139 0
-769 -1176 0
-769 -1213 0
-769 -1250 0
-769 -1287 0
-806 -843 0
-806 -880 0
-806 -917 0
-806 -954 0
-806 -991 0
-806 -1028 0
-806 -1065 0
-806 -1102 0
-806 -1139 0
-806 -1176 0
-806 -1213 0
-806 -1250 0
-806 -1287 0
-843 -880 0
-843 -917 0
-843 -954 0
-843 -991 0
-843 -1028 0
-843 -1065 0
-843 -1102 0
-843 -1139 0
-843 -1176 0
-843 -1213 0
-843 -1250 0
-843 -1287 0
-880 -917 0
-880 -954 0
-880 -991 0
-880 -1028 0
-880 -1065 0
-880 -1102 0
-880 -1139 0
-880 -1176 0
-880 -1213 0
-880 -1250 0
-880 -1287 0
-917 -954 0
-917 -991 0
-917 -1028 0
-917 -1065 0
-917 -1102 0
-917 -1139 0
-917 -1176 0
-917 -1213 0
-917 -1250 0
-917 -1287 0
-954 -991 0
-954 -1028 0
-954 -1065 0
-954 -1102 0
-954 -1139 0
-954 -1176 0
-954 -1213 0
-954 -1250 0
-954 -1287 0
-991 -1028 0
-991 -1065 0
-991 -1102 0
-991 -1139 0
-991 -1176 0
-991 -1213 0
-991 -1250 0
-991 -1287 0
-1028 -1065 0
-1028 -1102 0
-1028 -1139 0
-1028 -1176 0
-1028 -1213 0
-1028 -1250 0
-1028 -1287 0
-1065 -1102 0
-1065 -1139 0
-1065 -1176 0
-1065 -1213 0
-1065 -1250 0
-1065 -1287 0
-1102 -1139 0
-1102 -1176 0
-1102 -1213 0
-1102 -1250 0
-1102 -1287 0
-1139 -1176 0
-1139 -1213 0
-1139 -1250 0
-1139 -1287 0
-1176 -1213 0
-1176 -1250 0
-1176 -1287 0
-1213 -1250 0
-1213 -1287 0
-1250 -1287 0
-361 -398 0
-361 -435 0
-361 -472 0
-361 -509 0
-361 -546 0
-361 -583 0
-361 -620 0
-361 -657 0
-361 -694 0
-361 -731 0
-361 -768 0
-361 -805 0
-361 -842 0
-361 -879 0
-361 -916 0
-361 -953 0
-361 -990 0
-361 -1027 0
-361 -1064 0
-361 -1101 0
-361 -1138 0
-361 -1175 0
-361 -1212 0
-361 -1249 0
-361 -1286 0
-398 -435 0
-398 -472 0
-398 -509 0
-398 -546 0
-398 -583 0
-398 -620 0
-398 -657 0
-398 -694 0
-398 -731 0
-398 -768 0
-398 -805 0
-398 -842 0
-398 -879 0
-398 -916 0
-398 -953 0
-398 -990 0
-398 -1027 0
-398 -1064 0
-398 -1101 0
-398 -1138 0
-398 -1175 0
-398 -1212 0
-398 -1249 0
-398 -1286 0
-435 -472 0
-435 -509 0
-435 -546 0
-435 -583 0
-435 -620 0
-435 -657 0
-435 -694 0
-435 -731 0
-435 -768 0
-435 -805 0
-435 -842 0
-435 -879 0
-435 -916 0
-435 -953 0
-435 -990 0
-435 -1027 0
-435 -1064 0
-435 -1101 0
-435 -1138 0
-435 -1175 0
-435 -1212 0
-435 -1249 0
-435 -1286 0
-472 -509 0
-472 -546 0
-472 -583 0
-472 -620 0
-472 -657 0
-472 -694 0
-472 -731 0
-472 -768 0
-472 -805 0
-472 -842 0
-472 -879 0
-472 -916 0
-472 -953 0
-472 -990 0
-472 -1027 0
-472 -1064 0
-472 -1101 0
-472 -1138 0
-472 -1175 0
-472 -1212 0
-472 -1249 0
-472 -1286 0
-509 -546 0
-509 -583 0
-509 -620 0
-509 -657 0
-509 -694 0
-509 -731 0
-509 -768 0
-509 -805 0
-509 -842 0
-509 -879 0
-509 -916 0
-509 -953 0
-509 -990 0
-509 -1027 0
-509 -1064 0
-509 -1101 0
-509 -1138 0
-509 -1175 0
-509 -1212 0
-509 -1249 0
-509 -1286 0
-546 -583 0
-546 -620 0
-546 -657 0
-546 -694 0
-546 -731 0
-546 -768 0
-546 -805 0
-546 -842 0
-546 -879 0
-546 -916 0
-546 -953 0
-546 -990 0
-546 -1027 0
-546 -1064 0
-546 -1101 0
-546 -1138 0
-546 -1175 0
-546 -1212 0
-546 -1249 0
-546 -1286 0
-583 -620 0
-583 -657 0
-583 -694 0
-583 -731 0
-583 -768 0
-583 -805 0
-583 -842 0
-583 -879 0
-583 -916 0
-583 -953 0
-583 -990 0
-583 -1027 0
-583 -1064 0
-583 -1101 0
-583 -1138 0
-583 -1175 0
-583 -1212 0
-583 -1249 0
-583 -1286 0
-620 -657 0
-620 -694 0
-620 -731 0
-620 -768 0
-620 -805 0
-620 -842 0
-620 -879 0
-620 -916 0
-620 -953 0
-620 -990 0
-620 -1027 0
-620 -1064 0
-620 -1101 0
-620 -1138 0
-620 -1175 0
-620 -1212 0
-620 -1249 0
-620 -1286 0
-657 -694 0
-657 -731 0
-657 -768 0
-657 -805 0
-657 -842 0
-657 -879 0
-657 -916 0
-657 -953 0
-657 -990 0
-657 -1027 0
-657 -1064 0
-657 -1101 0
-657 -1138 0
-657 -1175 0
-657 -1212 0
-657 -1249 0
-657 -1286 0
-694 -731 0
-694 -768 0
-694 -805 0
-694 -842 0
-694 -879 0
-694 -916 0
-694 -953 0
-694 -990 0
-694 -1027 0
-694 -1064 0
-694 -1101 0
-694 -1138 0
-694 -1175 0
-694 -1212 0
-694 -1249 0
-694 -1286 0
-731 -768 0
-731 -805 0
-731 -842 0
-731 -879 0
-731 -916 0
-731 -953 0
-731 -990 0
-731 -1027 0
-731 -1064 0
-731 -1101 0
-731 -1138 0
-731 -1175 0
-731 -1212 0
-731 -1249 0
-731 -1286 0
-768 -805 0
-768 -842 0
-768 -879 0
-768 -916 0
-768 -953 0
-768 -990 0
-768 -1027 0
-768 -1064 0
-768 -1101 0
-768 -1138 0
-768 -1175 0
-768 -1212 0
-768 -1249 0
-768 -1286 0
-805 -842 0
-805 -879 0
-805 -916 0
-805 -953 0
-805 -990 0
-805 -1027 0
-805 -1064 0
-805 -1101 0
-805 -1138 0
-805 -1175 0
-805 -1212 0
-805 -1249 0
-805 -1286 0
-842 -879 0
-842 -916 0
-842 -953 0
-842 -990 0
-842 -1027 0
-842 -1064 0
-842 -1101 0
-842 -1138 0
-842 -1175 0
-842 -1212 0
-842 -1249 0
-842 -1286 0
-879 -916 0
-879 -953 0
-879 -990 0
-879 -1027 0
-879 -1064 0
-879 -1101 0
-879 -1138 0
-879 -1175 0
-879 -1212 0
-879 -1249 0
-879 -1286 0
-916 -953 0
-916 -990 0
-916 -1027 0
-916 -1064 0
-916 -1101 0
-916 -1138 0
-916 -1175 0
-916 -1212 0
-916 -1249 0
-916 -1286 0
-953 -990 0
-953 -1027 0
-953 -1064 0
-953 -1101 0
-953 -1138 0
-953 -1175 0
-953 -1212 0
-953 -1249 0
-953 -1286 0
-990 -1027 0
-990 -1064 0
-990 -1101 0
-990 -1138 0
-990 -1175 0
-990 -1212 0
-990 -1249 0
-990 -1286 0
-1027 -1064 0
-1027 -1101 0
-1027 -1138 0
-1027 -1175 0
-1027 -1212 0
-1027 -1249 0
-1027 -1286 0
-1064 -1101 0
-1064 -1138 0
-1064 -1175 0
-1064 -1212 0
-1064 -1249 0
-1064 -1286 0
-1101 -1138 0
-1101 -1175 0
-1101 -1212 0
-1101 -1249 0
-1101 -1286 0
-1138 -1175 0
-1138 -1212 0
-1138 -1249 0
-1138 -1286 0
-1175 -1212 0
-1175 -1249 0
-1175 -1286 0
-1212 -1249 0
-1212 -1286 0
-1249 -1286 0
-397 -434 0
-397 -471 0
-397 -508 0
-397 -545 0
-397 -582 0
-397 -619 0
-397 -656 0
-397 -693 0
-397 -730 0
-397 -767 0
-397 -804 0
-397 -841 0
-397 -878 0
-397 -915 0
-397 -952 0
-397 -989 0
-397 -1026 0
-397 -1063 0
-397 -1100 0
-397 -1137 0
-397 -1174 0
-397 -1211 0
-397 -1248 0
-397 -1285 0
-434 -471 0
-434 -508 0
-434 -545 0
-434 -582 0
-434 -619 0
-434 -656 0
-434 -693 0
-434 -730 0
-434 -767 0
-434 -804 0
-434 -841 0
-434 -878 0
-434 -915 0
-434 -952 0
-434 -989 0
-434 -1026 0
-434 -1063 0
-434 -1100 0
-434 -1137 0
-434 -1174 0
-434 -1211 0
-434 -1248 0
-434 -1285 0
-471 -508 0
-471 -545 0
-471 -582 0
-471 -619 0
-471 -656 0
-471 -693 0
-471 -730 0
-471 -767 0
-471 -804 0
-471 -841 0
-471 -878 0
-471 -915 0
-471 -952 0
-471 -989 0
-471 -1026 0
-471 -1063 0
-471 -1100 0
-471 -1137 0
-471 -1174 0
-471 -1211 0
-471 -1248 0
-471 -1285 0
-508 -545 0
-508 -582 0
-508 -619 0
-508 -656 0
-508 -693 0
-508 -730 0
-508 -767 0
-508 -804 0
-508 -841 0
-508 -878 0
-508 -915 0
-508 -952 0
-508 -989 0
-508 -1026 0
-508 -1063 0
-508 -1100 0
-508 -1137 0
-508 -1174 0
-508 -1211 0
-508 -1248 0
-508 -1285 0
-545 -582 0
-545 -619 0
-545 -656 0
-545 -693 0
-545 -730 0
-545 -767 0
-545 -804 0
-545 -841 0
-545 -878 0
-545 -915 0
-545 -952 0
-545 -989 0
-545 -1026 0
-545 -1063 0
-545 -1100 0
-545 -1137 0
-545 -1174 0
-545 -1211 0
-545 -1248 0
-545 -1285 0
-582 -619 0
-582 -656 0
-582 -693 0
-582 -730 0
-582 -767 0
-582 -804 0
-582 -841 0
-582 -878 0
-582 -915 0
-582 -952 0
-582 -989 0
-582 -1026 0
-582 -1063 0
-582 -1100 0
-582 -1137 0
-582 -1174 0
-582 -1211 0
-582 -1248 0
-582 -1285 0
-619 -656 0
-619 -693 0
-619 -730 0
-619 -767 0
-619 -804 0
-619 -841 0
-619 -878 0
-619 -915 0
-619 -952 0
-619 -989 0
-619 -1026 0
-619 -1063 0
-619 -1100 0
-619 -1137 0
-619 -1174 0
-619 -1211 0
-619 -1248 0
-619 -1285 0
-656 -693 0
-656 -730 0
-656 -767 0
-656 -804 0
-656 -841 0
-656 -878 0
-656 -915 0
-656 -952 0
-656 -989 0
-656 -1026 0
-656 -1063 0
-656 -1100 0
-656 -1137 0
-656 -1174 0
-656 -1211 0
-656 -1248 0
-656 -1285 0
-693 -730 0
-693 -767 0
-693 -804 0
-693 -841 0
-693 -878 0
-693 -915 0
-693 -952 0
-693 -989 0
-693 -1026 0
-693 -1063 0
-693 -1100 0
-693 -1137 0
-693 -1174 0
-693 -1211 0
-693 -1248 0
-693 -1285 0
-730 -767 0
-730 -804 0
-730 -841 0
-730 -878 0
-730 -915 0
-730 -952 0
-730 -989 0
-730 -1026 0
-730 -1063 0
-730 -1100 0
-730 -1137 0
-730 -1174 0
-730 -1211 0
-730 -1248 0
-730 -1285 0
-767 -804 0
-767 -841 0
-767 -878 0
-767 -915 0
-767 -952 0
-767 -989 0
-767 -1026 0
-767 -1063 0
-767 -1100 0
-767 -1137 0
-767 -1174 0
-767 -1211 0
-767 -1248 0
-767 -1285 0
-804 -841 0
-804 -878 0
-804 -915 0
-804 -952 0
-804 -989 0
-804 -1026 0
-804 -1063 0
-804 -1100 0
-804 -1137 0
-804 -1174 0
-804 -1211 0
-804 -1248 0
-804 -1285 0
-841 -878 0
-841 -915 0
-841 -952 0
-841 -989 0
-841 -1026 0
-841 -1063 0
-841 -1100 0
-841 -1137 0
-841 -1174 0
-841 -1211 0
-841 -1248 0
-841 -1285 0
-878 -915 0
-878 -952 0
-878 -989 0
-878 -1026 0
-878 -1063 0
-878 -1100 0
-878 -1137 0
-878 -1174 0
-878 -1211 0
-878 -1248 0
-878 -1285 0
-915 -952 0
-915 -989 0
-915 -1026 0
-915 -1063 0
-915 -1100 0
-915 -1137 0
-915 -1174 0
-915 -1211 0
-915 -1248 0
-915 -1285 0
-952 -989 0
-952 -1026 0
-952 -1063 0
-952 -1100 0
-952 -1137 0
-952 -1174 0
-952 -1211 0
-952 -1248 0
-952 -1285 0
-989 -1026 0
-989 -1063 0
-989 -1100 0
-989 -1137 0
-989 -1174 0
-989 -1211 0
-989 -1248 0
-989 -1285 0
-1026 -1063 0
-1026 -1100 0
-1026 -1137 0
-1026 -1174 0
-1026 -1211 0
-1026 -1248 0
-1026 -1285 0
-1063 -1100 0
-1063 -1137 0
-1063 -1174 0
-1063 -1211 0
-1063 -1248 0
-1063 -1285 0
-1100 -1137 0
-1100 -1174 0
-1100 -1211 0
-1100 -1248 0
-1100 -1285 0
-1137 -1174 0
-1137 -1211 0
-1137 -1248 0
-1137 -1285 0
-1174 -1211 0
-1174 -1248 0
-1174 -1285 0
-1211 -1248 0
-1211 -1285 0
-1248 -1285 0
-433 -470 0
-433 -507 0
-433 -544 0
-433 -581 0
-433 -618 0
-433 -655 0
-433 -692 0
-433 -729 0
-433 -766 0
-433 -803 0
-433 -840 0
-433 -877 0
-433 -914 0
-433 -951 0
-433 -988 0
-433 -1025 0
-433 -1062 0
-433 -1099 0
-433 -1136 0
-433 -1173 0
-433 -1210 0
-433 -1247 0
-433 -1284 0
-470 -507 0
-470 -544 0
-470 -581 0
-470 -618 0
-470 -655 0
-470 -692 0
-470 -729 0
-470 -766 0
-470 -803 0
-470 -840 0
-470 -877 0
-470 -914 0
-470 -951 0
-470 -988 0
-470 -1025 0
-470 -1062 0
-470 -1099 0
-470 -1136 0
-470 -1173 0
-470 -1210 0
-470 -1247 0
-470 -1284 0
-507 -544 0
-507 -581 0
-507 -618 0
-507 -655 0
-507 -692 0
-507 -729 0
-507 -766 0
-507 -803 0
-507 -840 0
-507 -877 0
-507 -914 0
-507 -951 0
-507 -988 0
-507 -1025 0
-507 -1062 0
-507 -1099 0
-507 -1136 0
-507 -1173 0
-507 -1210 0
-507 -1247 0
-507 -1284 0
-544 -581 0
-544 -618 0
-544 -655 0
-544 -692 0
-544 -729 0
-544 -766 0
-544 -803 0
-544 -840 0
-544 -877 0
-544 -914 0
-544 -951 0
-544 -988 0
-544 -1025 0
-544 -1062 0
-544 -1099 0
-544 -1136 0
-544 -1173 0
-544 -1210 0
-544 -1247 0
-544 -1284 0
-581 -618 0
-581 -655 0
-581 -692 0
-581 -729 0
-581 -766 0
-581 -803 0
-581 -840 0
-581 -877 0
-581 -914 0
-581 -951 0
-581 -988 0
-581 -1025 0
-581 -1062 0
-581 -1099 0
-581 -1136 0
-581 -1173 0
-581 -1210 0
-581 -1247 0
-581 -1284 0
-618 -655 0
-618 -692 0
-618 -729 0
-618 -766 0
-618 -803 0
-618 -840 0
-618 -877 0
-618 -914 0
-618 -951 0
-618 -988 0
-618 -1025 0
-618 -1062 0
-618 -1099 0
-618 -1136 0
-618 -1173 0
-618 -1210 0
-618 -1247 0
-618 -1284 0
-655 -692 0
-655 -729 0
-655 -766 0
-655 -803 0
-655 -840 0
-655 -877 0
-655 -914 0
-655 -951 0
-655 -988 0
-655 -1025 0
-655 -1062 0
-655 -1099 0
-655 -1136 0
-655 -1173 0
-655 -1210 0
-655 -1247 0
-655 -1284 0
-692 -729 0
-692 -766 0
-692 -803 0
-692 -840 0
-692 -877 0
-692 -914 0
-692 -951 0
-692 -988 0
-692 -1025 0
-692 -1062 0
-692 -1099 0
-692 -1136 0
-692 -1173 0
-692 -1210 0
-692 -1247 0
-692 -1284 0
-729 -766 0
-729 -803 0
-729 -840 0
-729 -877 0
-729 -914 0
-729 -951 0
-729 -988 0
-729 -1025 0
-729 -1062 0
-729 -1099 0
-729 -1136 0
-729 -1173 0
-729 -1210 0
-729 -1247 0
-729 -1284 0
-766 -803 0
-766 -840 0
-766 -877 0
-766 -914 0
-766 -951 0
-766 -988 0
-766 -1025 0
-766 -1062 0
-766 -1099 0
-766 -1136 0
-766 -1173 0
-766 -1210 0
-766 -1247 0
-766 -1284 0
-803 -840 0
-803 -877 0
-803 -914 0
-803 -951 0
-803 -988 0
-803 -1025 0
-803 -1062 0
-803 -1099 0
-803 -1136 0
-803 -1173 0
-803 -1210 0
-803 -1247 0
-803 -1284 0
-840 -877 0
-840 -914 0
-840 -951 0
-840 -988 0
-840 -1025 0
-840 -1062 0
-840 -1099 0
-840 -1136 0
-840 -1173 0
-840 -1210 0
-840 -1247 0
-840 -1284 0
-877 -914 0
-877 -951 0
-877 -988 0
-877 -1025 0
-877 -1062 0
-877 -1099 0
-877 -1136 0
-877 -1173 0
-877 -1210 0
-877 -1247 0
-877 -1284 0
-914 -951 0
-914 -988 0
-914 -1025 0
-914 -1062 0
-914 -1099 0
-914 -1136 0
-914 -1173 0
-914 -1210 0
-914 -1247 0
-914 -1284 0
-951 -988 0
-951 -1025 0
-951 -1062 0
-951 -1099 0
-951 -1136 0
-951 -1173 0
-951 -1210 0
-951 -1247 0
-951 -1284 0
-988 -1025 0
-988 -1062 0
-988 -1099 0
-988 -1136 0
-988 -1173 0
-988 -1210 0
-988 -1247 0
-988 -1284 0
-1025 -1062 0
-1025 -1099 0
-1025 -1136 0
-1025 -1173 0
-1025 -1210 0
-1025 -1247 0
-1025 -1284 0
-1062 -1099 0
-1062 -1136 0
-1062 -1173 0
-1062 -1210 0
-1062 -1247 0
-1062 -1284 0
-1099 -1136 0
-1099 -1173 0
-1099 -1210 0
-1099 -1247 0
-1099 -1284 0
-1136 -1173 0
-1136 -1210 0
-1136 -1247 0
-1136 -1284 0
-1173 -1210 0
-1173 -1247 0
-1173 -1284 0
-1210 -1247 0
-1210 -1284 0
-1247 -1284 0
-469 -506 0
-469 -543 0
-469 -580 0
-469 -617 0
-469 -654 0
-469 -691 0
-469 -728 0
-469 -765 0
-469 -802 0
-469 -839 0
-469 -876 0
-469 -913 0
-469 -950 0
-469 -987 0
-469 -1024 0
-469 -1061 0
-469 -1098 0
-469 -1135 0
-469 -1172 0
-469 -1209 0
-469 -1246 0
-469 -1283 0
-506 -543 0
-506 -580 0
-506 -617 0
-506 -654 0
-506 -691 0
-506 -728 0
-506 -765 0
-506 -802 0
-506 -839 0
-506 -876 0
-506 -913 0
-506 -950 0
-506 -987 0
-506 -1024 0
-506 -1061 0
-506 -1098 0
-506 -1135 0
-506 -1172 0
-506 -1209 0
-506 -1246 0
-506 -1283 0
-543 -580 0
-543 -617 0
-543 -654 0
-543 -691 0
-543 -728 0
-543 -765 0
-543 -802 0
-543 -839 0
-543 -876 0
-543 -913 0
-543 -950 0
-543 -987 0
-543 -1024 0
-543 -1061 0
-543 -1098 0
-543 -1135 0
-543 -1172 0
-543 -1209 0
-543 -1246 0
-543 -1283 0
-580 -617 0
-580 -654 0
-580 -691 0
-580 -728 0
-580 -765 0
-580 -802 0
-580 -839 0
-580 -876 0
-580 -913 0
-580 -950 0
-580 -987 0
-580 -1024 0
-580 -1061 0
-580 -1098 0
-580 -1135 0
-580 -1172 0
-580 -1209 0
-580 -1246 0
-580 -1283 0
-617 -654 0
-617 -691 0
-617 -728 0
-617 -765 0
-617 -802 0
-617 -839 0
-617 -876 0
-617 -913 0
-617 -950 0
-617 -987 0
-617 -1024 0
-617 -1061 0
-617 -1098 0
-617 -1135 0
-617 -1172 0
-617 -1209 0
-617 -1246 0
-617 -1283 0
-654 -691 0
-654 -728 0
-654 -765 0
-654 -802 0
-654 -839 0
-654 -876 0
-654 -913 0
-654 -950 0
-654 -987 0
-654 -1024 0
-654 -1061 0
-654 -1098 0
-654 -1135 0
-654 -1172 0
-654 -1209 0
-654 -1246 0
-654 -1283 0
-691 -728 0
-691 -765 0
-691 -802 0
-691 -839 0
-691 -876 0
-691 -913 0
-691 -950 0
-691 -987 0
-691 -1024 0
-691 -1061 0
-691 -1098 0
-691 -1135 0
-691 -1172 0
-691 -1209 0
-691 -1246 0
-691 -1283 0
-728 -765 0
-728 -802 0
-728 -839 0
-728 -876 0
-728 -913 0
-728 -950 0
-728 -987 0
-728 -1024 0
-728 -1061 0
-728 -1098 0
-728 -1135 0
-728 -1172 0
-728 -1209 0
-728 -1246 0
-728 -1283 0
-765 -802 0
-765 -839 0
-765 -876 0
-765 -913 0
-765 -950 0
-765 -987 0
-765 -1024 0
-765 -1061 0
-765 -1098 0
-765 -1135 0
-765 -1172 0
-765 -1209 0
-765 -1246 0
-765 -1283 0
-802 -839 0
-802 -876 0
-802 -913 0
-802 -950 0
-802 -987 0
-802 -1024 0
-802 -1061 0
-802 -1098 0
-802 -1135 0
-802 -1172 0
-802 -1209 0
-802 -1246 0
-802 -1283 0
-839 -876 0
-839 -913 0
-839 -950 0
-839 -987 0
-839 -1024 0
-839 -1061 0
-839 -1098 0
-839 -1135 0
-839 -1172 0
-839 -1209 0
-839 -1246 0
-839 -1283 0
-876 -913 0
-876 -950 0
-876 -987 0
-876 -1024 0
-876 -1061 0
-876 -1098 0
-876 -1135 0
-876 -1172 0
-876 -1209 0
-876 -1246 0
-876 -1283 0
-913 -950 0
-913 -987 0
-913 -1024 0
-913 -1061 0
-913 -1098 0
-913 -1135 0
-913 -1172 0
-913 -1209 0
-913 -1246 0
-913 -1283 0
-950 -987 0
-950 -1024 0
-950 -1061 0
-950 -1098 0
-950 -1135 0
-950 -1172 0
-950 -1209 0
-950 -1246 0
-950 -1283 0
-987 -1024 0
-987 -1061 0
-987 -1098 0
-987 -1135 0
-987 -1172 0
-987 -1209 0
-987 -1246 0
-987 -1283 0
-1024 -1061 0
-1024 -1098 0
-1024 -1135 0
-1024 -1172 0
-1024 -1209 0
-1024 -1246 0
-1024 -1283 0
-1061 -1098 0
-1061 -1135 0
-1061 -1172 0
-1061 -1209 0
-1061 -1246 0
-1061 -1283 0
-1098 -1135 0
-1098 -1172 0
-1098 -1209 0
-1098 -1246 0
-1098 -1283 0
-1135 -1172 0
-1135 -1209 0
-1135 -1246 0
-1135 -1283 0
-1172 -1209 0
-1172 -1246 0
-1172 -1283 0
-1209 -1246 0
-1209 -1283 0
-1246 -1283 0
-505 -542 0
-505 -579 0
-505 -616 0
-505 -653 0
-505 -690 0
-505 -727 0
-505 -764 0
-505 -801 0
-505 -838 0
-505 -875 0
-505 -912 0
-505 -949 0
-505 -986 0
-505 -1023 0
-505 -1060 0
-505 -1097 0
-505 -1134 0
-505 -1171 0
-505 -1208 0
-505 -1245 0
-505 -1282 0
-542 -579 0
-542 -616 0
-542 -653 0
-542 -690 0
-542 -727 0
-542 -764 0
-542 -801 0
-542 -838 0
-542 -875 0
-542 -912 0
-542 -949 0
-542 -986 0
-542 -1023 0
-542 -1060 0
-542 -1097 0
-542 -1134 0
-542 -1171 0
-542 -1208 0
-542 -1245 0
-542 -1282 0
-579 -616 0
-579 -653 0
-579 -690 0
-579 -727 0
-579 -764 0
-579 -801 0
-579 -838 0
-579 -875 0
-579 -912 0
-579 -949 0
-579 -986 0
-579 -1023 0
-579 -1060 0
-579 -1097 0
-579 -1134 0
-579 -1171 0
-579 -1208 0
-579 -1245 0
-579 -1282 0
-616 -653 0
-616 -690 0
-616 -727 0
-616 -764 0
-616 -801 0
-616 -838 0
-616 -875 0
-616 -912 0
-616 -949 0
-616 -986 0
-616 -1023 0
-616 -1060 0
-616 -1097 0
-616 -1134 0
-616 -1171 0
-616 -1208 0
-616 -1245 0
-616 -1282 0
-653 -690 0
-653 -727 0
-653 -764 0
-653 -801 0
-653 -838 0
-653 -875 0
-653 -912 0
-653 -949 0
-653 -986 0
-653 -1023 0
-653 -1060 0
-653 -1097 0
-653 -1134 0
-653 -1171 0
-653 -1208 0
-653 -1245 0
-653 -1282 0
-690 -727 0
-690 -764 0
-690 -801 0
-690 -838 0
-690 -875 0
-690 -912 0
-690 -949 0
-690 -986 0
-690 -1023 0
-690 -1060 0
-690 -1097 0
-690 -1134 0
-690 -1171 0
-690 -1208 0
-690 -1245 0
-690 -1282 0
-727 -764 0
-727 -801 0
-727 -838 0
-727 -875 0
-727 -912 0
-727 -949 0
-727 -986 0
-727 -1023 0
-727 -1060 0
-727 -1097 0
-727 -1134 0
-727 -1171 0
-727 -1208 0
-727 -1245 0
-727 -1282 0
-764 -801 0
-764 -838 0
-764 -875 0
-764 -912 0
-764 -949 0
-764 -986 0
-764 -1023 0
-764 -1060 0
-764 -1097 0
-764 -1134 0
-764 -1171 0
-764 -1208 0
-764 -1245 0
-764 -1282 0
-801 -838 0
-801 -875 0
-801 -912 0
-801 -949 0
-801 -986 0
-801 -1023 0
-801 -1060 0
-801 -1097 0
-801 -1134 0
-801 -1171 0
-801 -1208 0
-801 -1245 0
-801 -1282 0
-838 -875 0
-838 -912 0
-838 -949 0
-838 -986 0
-838 -1023 0
-838 -1060 0
-838 -1097 0
-838 -1134 0
-838 -1171 0
-838 -1208 0
-838 -1245 0
-838 -1282 0
-875 -912 0
-875 -949 0
-875 -986 0
-875 -1023 0
-875 -1060 0
-875 -1097 0
-875 -1134 0
-875 -1171 0
-875 -1208 0
-875 -1245 0
-875 -1282 0
-912 -949 0
-912 -986 0
-912 -1023 0
-912 -1060 0
-912 -1097 0
-912 -1134 0
-912 -1171 0
-912 -1208 0
-912 -1245 0
-912 -1282 0
-949 -986 0
-949 -1023 0
-949 -1060 0
-949 -1097 0
-949 -1134 0
-949 -1171 0
-949 -1208 0
-949 -1245 0
-949 -1282 0
-986 -1023 0
-986 -1060 0
-986 -1097 0
-986 -1134 0
-986 -1171 0
-986 -1208 0
-986 -1245 0
-986 -1282 0
-1023 -1060 0
-1023 -1097 0
-1023 -1134 0
-1023 -1171 0
-1023 -1208 0
-1023 -1245 0
-1023 -1282 0
-1060 -1097 0
-1060 -1134 0
-1060 -1171 0
-1060 -1208 0
-1060 -1245 0
-1060 -1282 0
-1097 -1134 0
-1097 -1171 0
-1097 -1208 0
-1097 -1245 0
-1097 -1282 0
-1134 -1171 0
-1134 -1208 0
-1134 -1245 0
-1134 -1282 0
-1171 -1208 0
-1171 -1245 0
-1171 -1282 0
-1208 -1245 0
-1208 -1282 0
-1245 -1282 0
-541 -578 0
-541 -615 0
-541 -652 0
-541 -689 0
-541 -726 0
-541 -763 0
-541 -800 0
-541 -837 0
-541 -874 0
-541 -911 0
-541 -948 0
-541 -985 0
-541 -1022 0
-541 -1059 0
-541 -1096 0
-541 -1133 0
-541 -1170 0
-541 -1207 0
-541 -1244 0
-541 -1281 0
-578 -615 0
-578 -652 0
-578 -689 0
-578 -726 0
-578 -763 0
-578 -800 0
-578 -837 0
-578 -874 0
-578 -911 0
-578 -948 0
-578 -985 0
-578 -1022 0
-578 -1059 0
-578 -1096 0
-578 -1133 0
-578 -1170 0
-578 -1207 0
-578 -1244 0
-578 -1281 0
-615 -652 0
-615 -689 0
-615 -726 0
-615 -763 0
-615 -800 0
-615 -837 0
-615 -874 0
-615 -911 0
-615 -948 0
-615 -985 0
-615 -1022 0
-615 -1059 0
-615 -1096 0
-615 -1133 0
-615 -1170 0
-615 -1207 0
-615 -1244 0
-615 -1281 0
-652 -689 0
-652 -726 0
-652 -763 0
-652 -800 0
-652 -837 0
-652 -874 0
-652 -911 0
-652 -948 0
-652 -985 0
-652 -1022 0
-652 -1059 0
-652 -1096 0
-652 -1133 0
-652 -1170 0
-652 -1207 0
-652 -1244 0
-652 -1281 0
-689 -726 0
-689 -763 0
-689 -800 0
-689 -837 0
-689 -874 0
-689 -911 0
-689 -948 0
-689 -985 0
-689 -1022 0
-689 -1059 0
-689 -1096 0
-689 -1133 0
-689 -1170 0
-689 -1207 0
-689 -1244 0
-689 -1281 0
-726 -763 0
-726 -800 0
-726 -837 0
-726 -874 0
-726 -911 0
-726 -948 0
-726 -985 0
-726 -1022 0
-726 -1059 0
-726 -1096 0
-726 -1133 0
-726 -1170 0
-726 -1207 0
-726 -1244 0
-726 -1281 0
-763 -800 0
-763 -837 0
-763 -874 0
-763 -911 0
-763 -948 0
-763 -985 0
-763 -1022 0
-763 -1059 0
-763 -1096 0
-763 -1133 0
-763 -1170 0
-763 -1207 0
-763 -1244 0
-763 -1281 0
-800 -837 0
-800 -874 0
-800 -911 0
-800 -948 0
-800 -985 0
-800 -1022 0
-800 -1059 0
-800 -1096 0
-800 -1133 0
-800 -1170 0
-800 -1207 0
-800 -1244 0
-800 -1281 0
-837 -874 0
-837 -911 0
-837 -948 0
-837 -985 0
-837 -1022 0
-837 -1059 0
-837 -1096 0
-837 -1133 0
-837 -1170 0
-837 -1207 0
-837 -1244 0
-837 -1281 0
-874 -911 0
-874 -948 0
-874 -985 0
-874 -1022 0
-874 -1059 0
-874 -1096 0
-874 -1133 0
-874 -1170 0
-874 -1207 0
-874 -1244 0
-874 -1281 0
-911 -948 0
-911 -985 0
-911 -1022 0
-911 -1059 0
-911 -1096 0
-911 -1133 0
-911 -1170 0
-911 -1207 0
-911 -1244 0
-911 -1281 0
-948 -985 0
-948 -1022 0
-948 -1059 0
-948 -1096 0
-948 -1133 0
-948 -1170 0
-948 -1207 0
-948 -1244 0
-948 -1281 0
-985 -1022 0
-985 -1059 0
-985 -1096 0
-985 -1133 0
-985 -1170 0
-985 -1207 0
-985 -1244 0
-985 -1281 0
-1022 -1059 0
-1022 -1096 0
-1022 -1133 0
-1022 -1170 0
-1022 -1207 0
-1022 -1244 0
-1022 -1281 0
-1059 -1096 0
-1059 -1133 0
-1059 -1170 0
-1059 -1207 0
-1059 -1244 0
-1059 -1281 0
-1096 -1133 0
-1096 -1170 0
-1096 -1207 0
-1096 -1244 0
-1096 -1281 0
-1133 -1170 0
-1133 -1207 0
-1133 -1244 0
-1133 -1281 0
-1170 -1207 0
-1170 -1244 0
-1170 -1281 0
-1207 -1244 0
-1207 -1281 0
-1244 -1281 0
-577 -614 0
-577 -651 0
-577 -688 0
-577 -725 0
-577 -762 0
-577 -799 0
-577 -836 0
-577 -873 0
-577 -910 0
-577 -947 0
-577 -984 0
-577 -1021 0
-577 -1058 0
-577 -1095 0
-577 -1132 0
-577 -1169 0
-577 -1206 0
-577 -1243 0
-577 -1280 0
-614 -651 0
-614 -688 0
-614 -725 0
-614 -762 0
-614 -799 0
-614 -836 0
-614 -873 0
-614 -910 0
-614 -947 0
-614 -984 0
-614 -1021 0
-614 -1058 0
-614 -1095 0
-614 -1132 0
-614 -1169 0
-614 -1206 0
-614 -1243 0
-614 -1280 0
-651 -688 0
-651 -725 0
-651 -762 0
-651 -799 0
-651 -836 0
-651 -873 0
-651 -910 0
-651 -947 0
-651 -984 0
-651 -1021 0
-651 -1058 0
-651 -1095 0
-651 -1132 0
-651 -1169 0
-651 -1206 0
-651 -1243 0
-651 -1280 0
-688 -725 0
-688 -762 0
-688 -799 0
-688 -836 0
-688 -873 0
-688 -910 0
-688 -947 0
-688 -984 0
-688 -1021 0
-688 -1058 0
-688 -1095 0
-688 -1132 0
-688 -1169 0
-688 -1206 0
-688 -1243 0
-688 -1280 0
-725 -762 0
-725 -799 0
-725 -836 0
-725 -873 0
-725 -910 0
-725 -947 0
-725 -984 0
-725 -1021 0
-725 -1058 0
-725 -1095 0
-725 -1132 0
-725 -1169 0
-725 -1206 0
-725 -1243 0
-725 -1280 0
-762 -799 0
-762 -836 0
-762 -873 0
-762 -910 0
-762 -947 0
-762 -984 0
-762 -1021 0
-762 -1058 0
-762 -1095 0
-762 -1132 0
-762 -1169 0
-762 -1206 0
-762 -1243 0
-762 -1280 0
-799 -836 0
-799 -873 0
-799 -910 0
-799 -947 0
-799 -984 0
-799 -1021 0
-799 -1058 0
-799 -1095 0
-799 -1132 0
-799 -1169 0
-799 -1206 0
-799 -1243 0
-799 -1280 0
-836 -873 0
-836 -910 0
-836 -947 0
-836 -984 0
-836 -1021 0
-836 -1058 0
-836 -1095 0
-836 -1132 0
-836 -1169 0
-836 -1206 0
-836 -1243 0
-836 -1280 0
-873 -910 0
-873 -947 0
-873 -984 0
-873 -1021 0
-873 -1058 0
-873 -1095 0
-873 -1132 0
-873 -1169 0
-873 -1206 0
-873 -1243 0
-873 -1280 0
-910 -947 0
-910 -984 0
-910 -1021 0
-910 -1058 0
-910 -1095 0
-910 -1132 0
-910 -1169 0
-910 -1206 0
-910 -1243 0
-910 -1280 0
-947 -984 0
-947 -1021 0
-947 -1058 0
-947 -1095 0
-947 -1132 0
-947 -1169 0
-947 -1206 0
-947 -1243 0
-947 -1280 0
-984 -1021 0
-984 -1058 0
-984 -1095 0
-984 -1132 0
-984 -1169 0
-984 -1206 0
-984 -1243 0
-984 -1280 0
-1021 -1058 0
-1021 -1095 0
-1021 -1132 0
-1021 -1169 0
-1021 -1206 0
-1021 -1243 0
-1021 -1280 0
-1058 -1095 0
-1058 -1132 0
-1058 -1169 0
-1058 -1206 0
-1058 -1243 0
-1058 -1280 0
-1095 -1132 0
-1095 -1169 0
-1095 -1206 0
-1095 -1243 0
-1095 -1280 0
-1132 -1169 0
-1132 -1206 0
-1132 -1243 0
-1132 -1280 0
-1169 -1206 0
-1169 -1243 0
-1169 -1280 0
-1206 -1243 0
-1206 -1280 0
-1243 -1280 0
-613 -650 0
-613 -687 0
-613 -724 0
-613 -761 0
-613 -798 0
-613 -835 0
-613 -872 0
-613 -909 0
-613 -946 0
-613 -983 0
-613 -1020 0
-613 -1057 0
-613 -1094 0
-613 -1131 0
-613 -1168 0
-613 -1205 0
-613 -1242 0
-613 -1279 0
-650 -687 0
-650 -724 0
-650 -761 0
-650 -798 0
-650 -835 0
-650 -872 0
-650 -909 0
-650 -946 0
-650 -983 0
-650 -1020 0
-650 -1057 0
-650 -1094 0
-650 -1131 0
-650 -1168 0
-650 -1205 0
-650 -1242 0
-650 -1279 0
-687 -724 0
-687 -761 0
-687 -798 0
-687 -835 0
-687 -872 0
-687 -909 0
-687 -946 0
-687 -983 0
-687 -1020 0
-687 -1057 0
-687 -1094 0
-687 -1131 0
-687 -1168 0
-687 -1205 0
-687 -1242 0
-687 -1279 0
-724 -761 0
-724 -798 0
-724 -835 0
-724 -872 0
-724 -909 0
-724 -946 0
-724 -983 0
-724 -1020 0
-724 -1057 0
-724 -1094 0
-724 -1131 0
-724 -1168 0
-724 -1205 0
-724 -1242 0
-724 -1279 0
-761 -798 0
-761 -835 0
-761 -872 0
-761 -909 0
-761 -946 0
-761 -983 0
-761 -1020 0
-761 -1057 0
-761 -1094 0
-761 -1131 0
-761 -1168 0
-761 -1205 0
-761 -1242 0
-761 -1279 0
-798 -835 0
-798 -872 0
-798 -909 0
-798 -946 0
-798 -983 0
-798 -1020 0
-798 -1057 0
-798 -1094 0
-798 -1131 0
-798 -1168 0
-798 -1205 0
-798 -1242 0
-798 -1279 0
-835 -872 0
-835 -909 0
-835 -946 0
-835 -983 0
-835 -1020 0
-835 -1057 0
-835 -1094 0
-835 -1131 0
-835 -1168 0
-835 -1205 0
-835 -1242 0
-835 -1279 0
-872 -909 0
-872 -946 0
-872 -983 0
-872 -1020 0
-872 -1057 0
-872 -1094 0
-872 -1131 0
-872 -1168 0
-872 -1205 0
-872 -1242 0
-872 -1279 0
-909 -946 0
-909 -983 0
-909 -1020 0
-909 -1057 0
-909 -1094 0
-909 -1131 0
-909 -1168 0
-909 -1205 0
-909 -1242 0
-909 -1279 0
-946 -983 0
-946 -1020 0
-946 -1057 0
-946 -1094 0
-946 -1131 0
-946 -1168 0
-946 -1205 0
-946 -1242 0
-946 -1279 0
-983 -1020 0
-983 -1057 0
-983 -1094 0
-983 -1131 0
-983 -1168 0
-983 -1205 0
-983 -1242 0
-983 -1279 0
-1020 -1057 0
-1020 -1094 0
-1020 -1131 0
-1020 -1168 0
-1020 -1205 0
-1020 -1242 0
-1020 -1279 0
-1057 -1094 0
-1057 -1131 0
-1057 -1168 0
-1057 -1205 0
-1057 -1242 0
-1057 -1279 0
-1094 -1131 0
-1094 -1168 0
-1094 -1205 0
-1094 -1242 0
-1094 -1279 0
-1131 -1168 0
-1131 -1205 0
-1131 -1242 0
-1131 -1279 0
-1168 -1205 0
-1168 -1242 0
-1168 -1279 0
-1205 -1242 0
-1205 -1279 0
-1242 -1279 0
-649 -686 0
-649 -723 0
-649 -760 0
-649 -797 0
-649 -834 0
-649 -871 0
-649 -908 0
-649 -945 0
-649 -982 0
-649 -1019 0
-649 -1056 0
-649 -1093 0
-649 -1130 0
-649 -1167 0
-649 -1204 0
-649 -1241 0
-649 -1278 0
-686 -723 0
-686 -760 0
-686 -797 0
-686 -834 0
-686 -871 0
-686 -908 0
-686 -945 0
-686 -982 0
-686 -1019 0
-686 -1056 0
-686 -1093 0
-686 -1130 0
-686 -1167 0
-686 -1204 0
-686 -1241 0
-686 -1278 0
-723 -760 0
-723 -797 0
-723 -834 0
-723 -871 0
-723 -908 0
-723 -945 0
-723 -982 0
-723 -1019 0
-723 -1056 0
-723 -1093 0
-723 -1130 0
-723 -1167 0
-723 -1204 0
-723 -1241 0
-723 -1278 0
-760 -797 0
-760 -834 0
-760 -871 0
-760 -908 0
-760 -945 0
-760 -982 0
-760 -1019 0
-760 -1056 0
-760 -1093 0
-760 -1130 0
-760 -1167 0
-760 -1204 0
-760 -1241 0
-760 -1278 0
-797 -834 0
-797 -871 0
-797 -908 0
-797 -945 0
-797 -982 0
-797 -1019 0
-797 -1056 0
-797 -1093 0
-797 -1130 0
-797 -1167 0
-797 -1204 0
-797 -1241 0
-797 -1278 0
-834 -871 0
-834 -908 0
-834 -945 0
-834 -982 0
-834 -1019 0
-834 -1056 0
-834 -1093 0
-834 -1130 0
-834 -1167 0
-834 -1204 0
-834 -1241 0
-834 -1278 0
-871 -908 0
-871 -945 0
-871 -982 0
-871 -1019 0
-871 -1056 0
-871 -1093 0
-871 -1130 0
-871 -1167 0
-871 -1204 0
-871 -1241 0
-871 -1278 0
-908 -945 0
-908 -982 0
-908 -1019 0
-908 -1056 0
-908 -1093 0
-908 -1130 0
-908 -1167 0
-908 -1204 0
-908 -1241 0
-908 -1278 0
-945 -982 0
-945 -1019 0
-945 -1056 0
-945 -1093 0
-945 -1130 0
-945 -1167 0
-945 -1204 0
-945 -1241 0
-945 -1278 0
-982 -1019 0
-982 -1056 0
-982 -1093 0
-982 -1130 0
-982 -1167 0
-982 -1204 0
-982 -1241 0
-982 -1278 0
-1019 -1056 0
-1019 -1093 0
-1019 -1130 0
-1019 -1167 0
-1019 -1204 0
-1019 -1241 0
-1019 -1278 0
-1056 -1093 0
-1056 -1130 0
-1056 -1167 0
-1056 -1204 0
-1056 -1241 0
-1056 -1278 0
-1093 -1130 0
-1093 -1167 0
-1093 -1204 0
-1093 -1241 0
-1093 -1278 0
-1130 -1167 0
-1130 -1204 0
-1130 -1241 0
-1130 -1278 0
-1167 -1204 0
-1167 -1241 0
-1167 -1278 0
-1204 -1241 0
-1204 -1278 0
-1241 -1278 0
-685 -722 0
-685 -759 0
-685 -796 0
-685 -833 0
-685 -870 0
-685 -907 0
-685 -944 0
-685 -981 0
-685 -1018 0
-685 -1055 0
-685 -1092 0
-685 -1129 0
-685 -1166 0
-685 -1203 0
-685 -1240 0
-685 -1277 0
-722 -759 0
-722 -796 0
-722 -833 0
-722 -870 0
-722 -907 0
-722 -944 0
-722 -981 0
-722 -1018 0
-722 -1055 0
-722 -1092 0
-722 -1129 0
-722 -1166 0
-722 -1203 0
-722 -1240 0
-722 -1277 0
-759 -796 0
-759 -833 0
-759 -870 0
-759 -907 0
-759 -944 0
-759 -981 0
-759 -1018 0
-759 -1055 0
-759 -1092 0
-759 -1129 0
-759 -1166 0
-759 -1203 0
-759 -1240 0
-759 -1277 0
-796 -833 0
-796 -870 0
-796 -907 0
-796 -944 0
-796 -981 0
-796 -1018 0
-796 -1055 0
-796 -1092 0
-796 -1129 0
-796 -1166 0
-796 -1203 0
-796 -1240 0
-796 -1277 0
-833 -870 0
-833 -907 0
-833 -944 0
-833 -981 0
-833 -1018 0
-833 -1055 0
-833 -1092 0
-833 -1129 0
-833 -1166 0
-833 -1203 0
-833 -1240 0
-833 -1277 0
-870 -907 0
-870 -944 0
-870 -981 0
-870 -1018 0
-870 -1055 0
-870 -1092 0
-870 -1129 0
-870 -1166 0
-870 -1203 0
-870 -1240 0
-870 -1277 0
-907 -944 0
-907 -981 0
-907 -1018 0
-907 -1055 0
-907 -1092 0
-907 -1129 0
-907 -1166 0
-907 -1203 0
-907 -1240 0
-907 -1277 0
-944 -981 0
-944 -1018 0
-944 -1055 0
-944 -1092 0
-944 -1129 0
-944 -1166 0
-944 -1203 0
-944 -1240 0
-944 -1277 0
-981 -1018 0
-981 -1055 0
-981 -1092 0
-981 -1129 0
-981 -1166 0
-981 -1203 0
-981 -1240 0
-981 -1277 0
-1018 -1055 0
-1018 -1092 0
-1018 -1129 0
-1018 -1166 0
-1018 -1203 0
-1018 -1240 0
-1018 -1277 0
-1055 -1092 0
-1055 -1129 0
-1055 -1166 0
-1055 -1203 0
-1055 -1240 0
-1055 -1277 0
-1092 -1129 0
-1092 -1166 0
-1092 -1203 0
-1092 -1240 0
-1092 -1277 0
-1129 -1166 0
-1129 -1203 0
-1129 -1240 0
-1129 -1277 0
-1166 -1203 0
-1166 -1240 0
-1166 -1277 0
-1203 -1240 0
-1203 -1277 0
-1240 -1277 0
-721 -758 0
-721 -795 0
-721 -832 0
-721 -869 0
-721 -906 0
-721 -943 0
-721 -980 0
-721 -1017 0
-721 -1054 0
-721 -1091 0
-721 -1128 0
-721 -1165 0
-721 -1202 0
-721 -1239 0
-721 -1276 0
-758 -795 0
-758 -832 0
-758 -869 0
-758 -906 0
-758 -943 0
-758 -980 0
-758 -1017 0
-758 -1054 0
-758 -1091 0
-758 -1128 0
-758 -1165 0
-758 -1202 0
-758 -1239 0
-758 -1276 0
-795 -832 0
-795 -869 0
-795 -906 0
-795 -943 0
-795 -980 0
-795 -1017 0
-795 -1054 0
-795 -1091 0
-795 -1128 0
-795 -1165 0
-795 -1202 0
-795 -1239 0
-795 -1276 0
-832 -869 0
-832 -906 0
-832 -943 0
-832 -980 0
-832 -1017 0
-832 -1054 0
-832 -1091 0
-832 -1128 0
-832 -1165 0
-832 -1202 0
-832 -1239 0
-832 -1276 0
-869 -906 0
-869 -943 0
-869 -980 0
-869 -1017 0
-869 -1054 0
-869 -1091 0
-869 -1128 0
-869 -1165 0
-869 -1202 0
-869 -1239 0
-869 -1276 0
-906 -943 0
-906 -980 0
-906 -1017 0
-906 -1054 0
-906 -1091 0
-906 -1128 0
-906 -1165 0
-906 -1202 0
-906 -1239 0
-906 -1276 0
-943 -980 0
-943 -1017 0
-943 -1054 0
-943 -1091 0
-943 -1128 0
-943 -1165 0
-943 -1202 0
-943 -1239 0
-943 -1276 0
-980 -1017 0
-980 -1054 0
-980 -1091 0
-980 -1128 0
-980 -1165 0
-980 -1202 0
-980 -1239 0
-980 -1276 0
-1017 -1054 0
-1017 -1091 0
-1017 -1128 0
-1017 -1165 0
-1017 -1202 0
-1017 -1239 0
-1017 -1276 0
-1054 -1091 0
-1054 -1128 0
-1054 -1165 0
-1054 -1202 0
-1054 -1239 0
-1054 -1276 0
-1091 -1128 0
-1091 -1165 0
-1091 -1202 0
-1091 -1239 0
-1091 -1276 0
-1128 -1165 0
-1128 -1202 0
-1128 -1239 0
-1128 -1276 0
-1165 -1202 0
-1165 -1239 0
-1165 -1276 0
-1202 -1239 0
-1202 -1276 0
-1239 -1276 0
-757 -794 0
-757 -831 0
-757 -868 0
-757 -905 0
-757 -942 0
-757 -979 0
-757 -1016 0
-757 -1053 0
-757 -1090 0
-757 -1127 0
-757 -1164 0
-757 -1201 0
-757 -1238 0
-757 -1275 0
-794 -831 0
-794 -868 0
-794 -905 0
-794 -942 0
-794 -979 0
-794 -1016 0
-794 -1053 0
-794 -1090 0
-794 -1127 0
-794 -1164 0
-794 -1201 0
-794 -1238 0
-794 -1275 0
-831 -868 0
-831 -905 0
-831 -942 0
-831 -979 0
-831 -1016 0
-831 -1053 0
-831 -1090 0
-831 -1127 0
-831 -1164 0
-831 -1201 0
-831 -1238 0
-831 -1275 0
-868 -905 0
-868 -942 0
-868 -979 0
-868 -1016 0
-868 -1053 0
-868 -1090 0
-868 -1127 0
-868 -1164 0
-868 -1201 0
-868 -1238 0
-868 -1275 0
-905 -942 0
-905 -979 0
-905 -1016 0
-905 -1053 0
-905 -1090 0
-905 -1127 0
-905 -1164 0
-905 -1201 0
-905 -1238 0
-905 -1275 0
-942 -979 0
-942 -1016 0
-942 -1053 0
-942 -1090 0
-942 -1127 0
-942 -1164 0
-942 -1201 0
-942 -1238 0
-942 -1275 0
-979 -1016 0
-979 -1053 0
-979 -1090 0
-979 -1127 0
-979 -1164 0
-979 -1201 0
-979 -1238 0
-979 -1275 0
-1016 -1053 0
-1016 -1090 0
-1016 -1127 0
-1016 -1164 0
-1016 -1201 0
-1016 -1238 0
-1016 -1275 0
-1053 -1090 0
-1053 -1127 0
-1053 -1164 0
-1053 -1201 0
-1053 -1238 0
-1053 -1275 0
-1090 -1127 0
-1090 -1164 0
-1090 -1201 0
-1090 -1238 0
-1090 -1275 0
-1127 -1164 0
-1127 -1201 0
-1127 -1238 0
-1127 -1275 0
-1164 -1201 0
-1164 -1238 0
-1164 -1275 0
-1201 -1238 0
-1201 -1275 0
-1238 -1275 0
-793 -830 0
-793 -867 0
-793 -904 0
-793 -941 0
-793 -978 0
-793 -1015 0
-793 -1052 0
-793 -1089 0
-793 -1126 0
-793 -1163 0
-793 -1200 0
-793 -1237 0
-793 -1274 0
-830 -867 0
-830 -904 0
-830 -941 0
-830 -978 0
-830 -1015 0
-830 -1052 0
-830 -1089 0
-830 -1126 0
-830 -1163 0
-830 -1200 0
-830 -1237 0
-830 -1274 0
-867 -904 0
-867 -941 0
-867 -978 0
-867 -1015 0
-867 -1052 0
-867 -1089 0
-867 -1126 0
-867 -1163 0
-867 -1200 0
-867 -1237 0
-867 -1274 0
-904 -941 0
-904 -978 0
-904 -1015 0
-904 -1052 0
-904 -1089 0
-904 -1126 0
-904 -1163 0
-904 -1200 0
-904 -1237 0
-904 -1274 0
-941 -978 0
-941 -1015 0
-941 -1052 0
-941 -1089 0
-941 -1126 0
-941 -1163 0
-941 -1200 0
-941 -1237 0
-941 -1274 0
-978 -1015 0
-978 -1052 0
-978 -1089 0
-978 -1126 0
-978 -1163 0
-978 -1200 0
-978 -1237 0
-978 -1274 0
-1015 -1052 0
-1015 -1089 0
-1015 -1126 0
-1015 -1163 0
-1015 -1200 0
-1015 -1237 0
-1015 -1274 0
-1052 -1089 0
-1052 -1126 0
-1052 -1163 0
-1052 -1200 0
-1052 -1237 0
-1052 -1274 0
-1089 -1126 0
-1089 -1163 0
-1089 -1200 0
-1089 -1237 0
-1089 -1274 0
-1126 -1163 0
-1126 -1200 0
-1126 -1237 0
-1126 -1274 0
-1163 -1200 0
-1163 -1237 0
-1163 -1274 0
-1200 -1237 0
-1200 -1274 0
-1237 -1274 0
-829 -866 0
-829 -903 0
-829 -940 0
-829 -977 0
-829 -1014 0
-829 -1051 0
-829 -1088 0
-829 -1125 0
-829 -1162 0
-829 -1199 0
-829 -1236 0
-829 -1273 0
-866 -903 0
-866 -940 0
-866 -977 0
-866 -1014 0
-866 -1051 0
-866 -1088 0
-866 -1125 0
-866 -1162 0
-866 -1199 0
-866 -1236 0
-866 -1273 0
-903 -940 0
-903 -977 0
-903 -1014 0
-903 -1051 0
-903 -1088 0
-903 -1125 0
-903 -1162 0
-903 -1199 0
-903 -1236 0
-903 -1273 0
-940 -977 0
-940 -1014 0
-940 -1051 0
-940 -1088 0
-940 -1125 0
-940 -1162 0
-940 -1199 0
-940 -1236 0
-940 -1273 0
-977 -1014 0
-977 -1051 0
-977 -1088 0
-977 -1125 0
-977 -1162 0
-977 -1199 0
-977 -1236 0
-977 -1273 0
-1014 -1051 0
-1014 -1088 0
-1014 -1125 0
-1014 -1162 0
-1014 -1199 0
-1014 -1236 0
-1014 -1273 0
-1051 -1088 0
-1051 -1125 0
-1051 -1162 0
-1051 -1199 0
-1051 -1236 0
-1051 -1273 0
-1088 -1125 0
-1088 -1162 0
-1088 -1199 0
-1088 -1236 0
-1088 -1273 0
-1125 -1162 0
-1125 -1199 0
-1125 -1236 0
-1125 -1273 0
-1162 -1199 0
-1162 -1236 0
-1162 -1273 0
-1199 -1236 0
-1199 -1273 0
-1236 -1273 0
-865 -902 0
-865 -939 0
-865 -976 0
-865 -1013 0
-865 -1050 0
-865 -1087 0
-865 -1124 0
-865 -1161 0
-865 -1198 0
-865 -1235 0
-865 -1272 0
-902 -939 0
-902 -976 0
-902 -1013 0
-902 -1050 0
-902 -1087 0
-902 -1124 0
-902 -1161 0
-902 -1198 0
-902 -1235 0
-902 -1272 0
-939 -976 0
-939 -1013 0
-939 -1050 0
-939 -1087 0
-939 -1124 0
-939 -1161 0
-939 -1198 0
-939 -1235 0
-939 -1272 0
-976 -1013 0
-976 -1050 0
-976 -1087 0
-976 -1124 0
-976 -1161 0
-976 -1198 0
-976 -1235 0
-976 -1272 0
-1013 -1050 0
-1013 -1087 0
-1013 -1124 0
-1013 -1161 0
-1013 -1198 0
-1013 -1235 0
-1013 -1272 0
-1050 -1087 0
-1050 -1124 0
-1050 -1161 0
-1050 -1198 0
-1050 -1235 0
-1050 -1272 0
-1087 -1124 0
-1087 -1161 0
-1087 -1198 0
-1087 -1235 0
-1087 -1272 0
-1124 -1161 0
-1124 -1198 0
-1124 -1235 0
-1124 -1272 0
-1161 -1198 0
-1161 -1235 0
-1161 -1272 0
-1198 -1235 0
-1198 -1272 0
-1235 -1272 0
-901 -938 0
-901 -975 0
-901 -1012 0
-901 -1049 0
-901 -1086 0
-901 -1123 0
-901 -1160 0
-901 -1197 0
-901 -1234 0
-901 -1271 0
-938 -975 0
-938 -1012 0
-938 -1049 0
-938 -1086 0
-938 -1123 0
-938 -1160 0
-938 -1197 0
-938 -1234 0
-938 -1271 0
-975 -1012 0
-975 -1049 0
-975 -1086 0
-975 -1123 0
-975 -1160 0
-975 -1197 0
-975 -1234 0
-975 -1271 0
-1012 -1049 0
-1012 -1086 0
-1012 -1123 0
-1012 -1160 0
-1012 -1197 0
-1012 -1234 0
-1012 -1271 0
-1049 -1086 0
-1049 -1123 0
-1049 -1160 0
-1049 -1197 0
-1049 -1234 0
-1049 -1271 0
-1086 -1123 0
-1086 -1160 0
-1086 -1197 0
-1086 -1234 0
-1086 -1271 0
-1123 -1160 0
-1123 -1197 0
-1123 -1234 0
-1123 -1271 0
-1160 -1197 0
-1160 -1234 0
-1160 -1271 0
-1197 -1234 0
-1197 -1271 0
-1234 -1271 0
-937 -974 0
-937 -1011 0
-937 -1048 0
-937 -1085 0
-937 -1122 0
-937 -1159 0
-937 -1196 0
-937 -1233 0
-937 -1270 0
-974 -1011 0
-974 -1048 0
-974 -1085 0
-974 -1122 0
-974 -1159 0
-974 -1196 0
-974 -1233 0
-974 -1270 0
-1011 -1048 0
-1011 -1085 0
-1011 -1122 0
-1011 -1159 0
-1011 -1196 0
-1011 -1233 0
-1011 -1270 0
-1048 -1085 0
-1048 -1122 0
-1048 -1159 0
-1048 -1196 0
-1048 -1233 0
-1048 -1270 0
-1085 -1122 0
-1085 -1159 0
-1085 -1196 0
-1085 -1233 0
-1085 -1270 0
-1122 -1159 0
-1122 -1196 0
-1122 -1233 0
-1122 -1270 0
-1159 -1196 0
-1159 -1233 0
-1159 -1270 0
-1196 -1233 0
-1196 -1270 0
-1233 -1270 0
-973 -1010 0
-973 -1047 0
-973 -1084 0
-973 -1121 0
-973 -1158 0
-973 -1195 0
-973 -1232 0
-973 -1269 0
-1010 -1047 0
-1010 -1084 0
-1010 -1121 0
-1010 -1158 0
-1010 -1195 0
-1010 -1232 0
-1010 -1269 0
-1047 -1084 0
-1047 -1121 0
-1047 -1158 0
-1047 -1195 0
-1047 -1232 0
-1047 -1269 0
-1084 -1121 0
-1084 -1158 0
-1084 -1195 0
-1084 -1232 0
-1084 -1269 0
-1121 -1158 0
-1121 -1195 0
-1121 -1232 0
-1121 -1269 0
-1158 -1195 0
-1158 -1232 0
-1158 -1269 0
-1195 -1232 0
-1195 -1269 0
-1232 -1269 0
-1009 -1046 0
-1009 -1083 0
-1009 -1120 0
-1009 -1157 0
-1009 -1194 0
-1009 -1231 0
-1009 -1268 0
-1046 -1083 0
-1046 -1120 0
-1046 -1157 0
-1046 -1194 0
-1046 -1231 0
-1046 -1268 0
-1083 -1120 0
-1083 -1157 0
-1083 -1194 0
-1083 -1231 0
-1083 -1268 0
-1120 -1157 0
-1120 -1194 0
-1120 -1231 0
-1120 -1268 0
-1157 -1194 0
-1157 -1231 0
-1157 -1268 0
-1194 -1231 0
-1194 -1268 0
-1231 -1268 0
-1045 -1082 0
-1045 -1119 0
-1045 -1156 0
-1045 -1193 0
-1045 -1230 0
-1045 -1267 0
-1082 -1119 0
-1082 -1156 0
-1082 -1193 0
-1082 -1230 0
-1082 -1267 0
-1119 -1156 0
-1119 -1193 0
-1119 -1230 0
-1119 -1267 0
-1156 -1193 0
-1156 -1230 0
-1156 -1267 0
-1193 -1230 0
-1193 -1267 0
-1230 -1267 0
-1081 -1118 0
-1081 -1155 0
-1081 -1192 0
-1081 -1229 0
-1081 -1266 0
-1118 -1155 0
-1118 -1192 0
-1118 -1229 0
-1118 -1266 0
-1155 -1192 0
-1155 -1229 0
-1155 -1266 0
-1192 -1229 0
-1192 -1266 0
-1229 -1266 0
-1117 -1154 0
-1117 -1191 0
-1117 -1228 0
-1117 -1265 0
-1154 -1191 0
-1154 -1228 0
-1154 -1265 0
-1191 -1228 0
-1191 -1265 0
-1228 -1265 0
-1153 -1190 0
-1153 -1227 0
-1153 -1264 0
-1190 -1227 0
-1190 -1264 0
-1227 -1264 0
-1189 -1226 0
-1189 -1263 0
-1226 -1263 0
-1225 -1262 0
-2 -37 0
-3 -38 0
-3 -73 0
-38 -73 0
-4 -39 0
-4 -74 0
-4 -109 0
-39 -74 0
-39 -109 0
-74 -109 0
-5 -40 0
-5 -75 0
-5 -110 0
-5 -145 0
-40 -75 0
-40 -110 0
-40 -145 0
-75 -110 0
-75 -145 0
-110 -145 0
-6 -41 0
-6 -76 0
-6 -111 0
-6 -146 0
-6 -181 0
-41 -76 0
-41 -111 0
-41 -146 0
-41 -181 0
-76 -111 0
-76 -146 0
-76 -181 0
-111 -146 0
-111 -181 0
-146 -181 0
-7 -42 0
-7 -77 0
-7 -112 0
-7 -147 0
-7 -182 0
-7 -217 0
-42 -77 0
-42 -112 0
-42 -147 0
-42 -182 0
-42 -217 0
-77 -112 0
-77 -147 0
-77 -182 0
-77 -217 0
-112 -147 0
-112 -182 0
-112 -217 0
-147 -182 0
-147 -217 0
-182 -217 0
-8 -43 0
-8 -78 0
-8 -113 0
-8 -148 0
-8 -183 0
-8 -218 0
-8 -253 0
-43 -78 0
-43 -113 0
-43 -148 0
-43 -183 0
-43 -218 0
-43 -253 0
-78 -113 0
-78 -148 0
-78 -183 0
-78 -218 0
-78 -253 0
-113 -148 0
-113 -183 0
-113 -218 0
-113 -253 0
-148 -183 0
-148 -218 0
-148 -253 0
-183 -218 0
-183 -253 0
-218 -253 0
-9 -44 0
-9 -79 0
-9 -114 0
-9 -149 0
-9 -184 0
-9 -219 0
-9 -254 0
-9 -289 0
-44 -79 0
-44 -114 0
-44 -149 0
-44 -184 0
-44 -219 0
-44 -254 0
-44 -289 0
-79 -114 0
-79 -149 0
-79 -184 0
-79 -219 0
-79 -254 0
-79 -289 0
-114 -149 0
-114 -184 0
-114 -219 0
-114 -254 0
-114 -289 0
-149 -184 0
-149 -219 0
-149 -254 0
-149 -289 0
-184 -219 0
-184 -254 0
-184 -289 0
-219 -254 0
-219 -289 0
-254 -289 0
-10 -45 0
-10 -80 0
-10 -115 0
-10 -150 0
-10 -185 0
-10 -220 0
-10 -255 0
-10 -290 0
-10 -325 0
-45 -80 0
-45 -115 0
-45 -150 0
-45 -185 0
-45 -220 0
-45 -255 0
-45 -290 0
-45 -325 0
-80 -115 0
-80 -150 0
-80 -185 0
-80 -220 0
-80 -255 0
-80 -290 0
-80 -325 0
-115 -150 0
-115 -185 0
-115 -220 0
-115 -255 0
-115 -290 0
-115 -325 0
-150 -185 0
-150 -220 0
-150 -255 0
-150 -290 0
-150 -325 0
-185 -220 0
-185 -255 0
-185 -290 0
-185 -325 0
-220 -255 0
-220 -290 0
-220 -325 0
-255 -290 0
-255 -325 0
-290 -325 0
-11 -46 0
-11 -81 0
-11 -116 0
-11 -151 0
-11 -186 0
-11 -221 0
-11 -256 0
-11 -291 0
-11 -326 0
-11 -361 0
-46 -81 0
-46 -116 0
-46 -151 0
-46 -186 0
-46 -221 0
-46 -256 0
-46 -291 0
-46 -326 0
-46 -361 0
-81 -116 0
-81 -151 0
-81 -186 0
-81 -221 0
-81 -256 0
-81 -291 0
-81 -326 0
-81 -361 0
-116 -151 0
-116 -186 0
-116 -221 0
-116 -256 0
-116 -291 0
-116 -326 0
-116 -361 0
-151 -186 0
-151 -221 0
-151 -256 0
-151 -291 0
-151 -326 0
-151 -361 0
-186 -221 0
-186 -256 0
-186 -291 0
-186 -326 0
-186 -361 0
-221 -256 0
-221 -291 0
-221 -326 0
-221 -361 0
-256 -291 0
-256 -326 0
-256 -361 0
-291 -326 0
-291 -361 0
-326 -361 0
-12 -47 0
-12 -82 0
-12 -117 0
-12 -152 0
-12 -187 0
-12 -222 0
-12 -257 0
-12 -292 0
-12 -327 0
-12 -362 0
-12 -397 0
-47 -82 0
-47 -117 0
-47 -152 0
-47 -187 0
-47 -222 0
-47 -257 0
-47 -292 0
-47 -327 0
-47 -362 0
-47 -397 0
-82 -117 0
-82 -152 0
-82 -187 0
-82 -222 0
-82 -257 0
-82 -292 0
-82 -327 0
-82 -362 0
-82 -397 0
-117 -152 0
-117 -187 0
-117 -222 0
-117 -257 0
-117 -292 0
-117 -327 0
-117 -362 0
-117 -397 0
-152 -187 0
-152 -222 0
-152 -257 0
-152 -292 0
-152 -327 0
-152 -362 0
-152 -397 0
-187 -222 0
-187 -257 0
-187 -292 0
-187 -327 0
-187 -362 0
-187 -397 0
-222 -257 0
-222 -292 0
-222 -327 0
-222 -362 0
-222 -397 0
-257 -292 0
-257 -327 0
-257 -362 0
-257 -397 0
-292 -327 0
-292 -362 0
-292 -397 0
-327 -362 0
-327 -397 0
-362 -397 0
-13 -48 0
-13 -83 0
-13 -118 0
-13 -153 0
-13 -188 0
-13 -223 0
-13 -258 0
-13 -293 0
-13 -328 0
-13 -363 0
-13 -398 0
-13 -433 0
-48 -83 0
-48 -118 0
-48 -153 0
-48 -188 0
-48 -223 0
-48 -258 0
-48 -293 0
-48 -328 0
-48 -363 0
-48 -398 0
-48 -433 0
-83 -118 0
-83 -153 0
-83 -188 0
-83 -223 0
-83 -258 0
-83 -293 0
-83 -328 0
-83 -363 0
-83 -398 0
-83 -433 0
-118 -153 0
-118 -188 0
-118 -223 0
-118 -258 0
-118 -293 0
-118 -328 0
-118 -363 0
-118 -398 0
-118 -433 0
-153 -188 0
-153 -223 0
-153 -258 0
-153 -293 0
-153 -328 0
-153 -363 0
-153 -398 0
-153 -433 0
-188 -223 0
-188 -258 0
-188 -293 0
-188 -328 0
-188 -363 0
-188 -398 0
-188 -433 0
-223 -258 0
-223 -293 0
-223 -328 0
-223 -363 0
-223 -398 0
-223 -433 0
-258 -293 0
-258 -328 0
-258 -363 0
-258 -398 0
-258 -433 0
-293 -328 0
-293 -363 0
-293 -398 0
-293 -433 0
-328 -363 0
-328 -398 0
-328 -433 0
-363 -398 0
-363 -433 0
-398 -433 0
-14 -49 0
-14 -84 0
-14 -119 0
-14 -154 0
-14 -189 0
-14 -224 0
-14 -259 0
-14 -294 0
-14 -329 0
-14 -364 0
-14 -399 0
-14 -434 0
-14 -469 0
-49 -84 0
-49 -119 0
-49 -154 0
-49 -189 0
-49 -224 0
-49 -259 0
-49 -294 0
-49 -329 0
-49 -364 0
-49 -399 0
-49 -434 0
-49 -469 0
-84 -119 0
-84 -154 0
-84 -189 0
-84 -224 0
-84 -259 0
-84 -294 0
-84 -329 0
-84 -364 0
-84 -399 0
-84 -434 0
-84 -469 0
-119 -154 0
-119 -189 0
-119 -224 0
-119 -259 0
-119 -294 0
-119 -329 0
-119 -364 0
-119 -399 0
-119 -434 0
-119 -469 0
-154 -189 0
-154 -224 0
-154 -259 0
-154 -294 0
-154 -329 0
-154 -364 0
-154 -399 0
-154 -434 0
-154 -469 0
-189 -224 0
-189 -259 0
-189 -294 0
-189 -329 0
-189 -364 0
-189 -399 0
-189 -434 0
-189 -469 0
-224 -259 0
-224 -294 0
-224 -329 0
-224 -364 0
-224 -399 0
-224 -434 0
-224 -469 0
-259 -294 0
-259 -329 0
-259 -364 0
-259 -399 0
-259 -434 0
-259 -469 0
-294 -329 0
-294 -364 0
-294 -399 0
-294 -434 0
-294 -469 0
-329 -364 0
-329 -399 0
-329 -434 0
-329 -469 0
-364 -399 0
-364 -434 0
-364 -469 0
-399 -434 0
-399 -469 0
-434 -469 0
-15 -50 0
-15 -85 0
-15 -120 0
-15 -155 0
-15 -190 0
-15 -225 0
-15 -260 0
-15 -295 0
-15 -330 0
-15 -365 0
-15 -400 0
-15 -435 0
-15 -470 0
-15 -505 0
-50 -85 0
-50 -120 0
-50 -155 0
-50 -190 0
-50 -225 0
-50 -260 0
-50 -295 0
-50 -330 0
-50 -365 0
-50 -400 0
-50 -435 0
-50 -470 0
-50 -505 0
-85 -120 0
-85 -155 0
-85 -190 0
-85 -225 0
-85 -260 0
-85 -295 0
-85 -330 0
-85 -365 0
-85 -400 0
-85 -435 0
-85 -470 0
-85 -505 0
-120 -155 0
-120 -190 0
-120 -225 0
-120 -260 0
-120 -295 0
-120 -330 0
-120 -365 0
-120 -400 0
-120 -435 0
-120 -470 0
-120 -505 0
-155 -190 0
-155 -225 0
-155 -260 0
-155 -295 0
-155 -330 0
-155 -365 0
-155 -400 0
-155 -435 0
-155 -470 0
-155 -505 0
-190 -225 0
-190 -260 0
-190 -295 0
-190 -330 0
-190 -365 0
-190 -400 0
-190 -435 0
-190 -470 0
-190 -505 0
-225 -260 0
-225 -295 0
-225 -330 0
-225 -365 0
-225 -400 0
-225 -435 0
-225 -470 0
-225 -505 0
-260 -295 0
-260 -330 0
-260 -365 0
-260 -400 0
-260 -435 0
-260 -470 0
-260 -505 0
-295 -330 0
-295 -365 0
-295 -400 0
-295 -435 0
-295 -470 0
-295 -505 0
-330 -365 0
-330 -400 0
-330 -435 0
-330 -470 0
-330 -505 0
-365 -400 0
-365 -435 0
-365 -470 0
-365 -505 0
-400 -435 0
-400 -470 0
-400 -505 0
-435 -470 0
-435 -505 0
-470 -505 0
-16 -51 0
-16 -86 0
-16 -121 0
-16 -156 0
-16 -191 0
-16 -226 0
-16 -261 0
-16 -296 0
-16 -331 0
-16 -366 0
-16 -401 0
-16 -436 0
-16 -471 0
-16 -506 0
-16 -541 0
-51 -86 0
-51 -121 0
-51 -156 0
-51 -191 0
-51 -226 0
-51 -261 0
-51 -296 0
-51 -331 0
-51 -366 0
-51 -401 0
-51 -436 0
-51 -471 0
-51 -506 0
-51 -541 0
-86 -121 0
-86 -156 0
-86 -191 0
-86 -226 0
-86 -261 0
-86 -296 0
-86 -331 0
-86 -366 0
-86 -401 0
-86 -436 0
-86 -471 0
-86 -506 0
-86 -541 0
-121 -156 0
-121 -191 0
-121 -226 0
-121 -261 0
-121 -296 0
-121 -331 0
-121 -366 0
-121 -401 0
-121 -436 0
-121 -471 0
-121 -506 0
-121 -541 0
-156 -191 0
-156 -226 0
-156 -261 0
-156 -296 0
-156 -331 0
-156 -366 0
-156 -401 0
-156 -436 0
-156 -471 0
-156 -506 0
-156 -541 0
-191 -226 0
-191 -261 0
-191 -296 0
-191 -331 0
-191 -366 0
-191 -401 0
-191 -436 0
-191 -471 0
-191 -506 0
-191 -541 0
-226 -261 0
-226 -296 0
-226 -331 0
-226 -366 0
-226 -401 0
-226 -436 0
-226 -471 0
-226 -506 0
-226 -541 0
-261 -296 0
-261 -331 0
-261 -366 0
-261 -401 0
-261 -436 0
-261 -471 0
-261 -506 0
-261 -541 0
-296 -331 0
-296 -366 0
-296 -401 0
-296 -436 0
-296 -471 0
-296 -506 0
-296 -541 0
-331 -366 0
-331 -401 0
-331 -436 0
-331 -471 0
-331 -506 0
-331 -541 0
-366 -401 0
-366 -436 0
-366 -471 0
-366 -506 0
-366 -541 0
-401 -436 0
-401 -471 0
-401 -506 0
-401 -541 0
-436 -471 0
-436 -506 0
-436 -541 0
-471 -506 0
-471 -541 0
-506 -541 0
-17 -52 0
-17 -87 0
-17 -122 0
-17 -157 0
-17 -192 0
-17 -227 0
-17 -262 0
-17 -297 0
-17 -332 0
-17 -367 0
-17 -402 0
-17 -437 0
-17 -472 0
-17 -507 0
-17 -542 0
-17 -577 0
-52 -87 0
-52 -122 0
-52 -157 0
-52 -192 0
-52 -227 0
-52 -262 0
-52 -297 0
-52 -332 0
-52 -367 0
-52 -402 0
-52 -437 0
-52 -472 0
-52 -507 0
-52 -542 0
-52 -577 0
-87 -122 0
-87 -157 0
-87 -192 0
-87 -227 0
-87 -262 0
-87 -297 0
-87 -332 0
-87 -367 0
-87 -402 0
-87 -437 0
-87 -472 0
-87 -507 0
-87 -542 0
-87 -577 0
-122 -157 0
-122 -192 0
-122 -227 0
-122 -262 0
-122 -297 0
-122 -332 0
-122 -367 0
-122 -402 0
-122 -437 0
-122 -472 0
-122 -507 0
-122 -542 0
-122 -577 0
-157 -192 0
-157 -227 0
-157 -262 0
-157 -297 0
-157 -332 0
-157 -367 0
-157 -402 0
-157 -437 0
-157 -472 0
-157 -507 0
-157 -542 0
-157 -577 0
-192 -227 0
-192 -262 0
-192 -297 0
-192 -332 0
-192 -367 0
-192 -402 0
-192 -437 0
-192 -472 0
-192 -507 0
-192 -542 0
-192 -577 0
-227 -262 0
-227 -297 0
-227 -332 0
-227 -367 0
-227 -402 0
-227 -437 0
-227 -472 0
-227 -507 0
-227 -542 0
-227 -577 0
-262 -297 0
-262 -332 0
-262 -367 0
-262 -402 0
-262 -437 0
-262 -472 0
-262 -507 0
-262 -542 0
-262 -577 0
-297 -332 0
-297 -367 0
-297 -402 0
-297 -437 0
-297 -472 0
-297 -507 0
-297 -542 0
-297 -577 0
-332 -367 0
-332 -402 0
-332 -437 0
-332 -472 0
-332 -507 0
-332 -542 0
-332 -577 0
-367 -402 0
-367 -437 0
-367 -472 0
-367 -507 0
-367 -542 0
-367 -577 0
-402 -437 0
-402 -472 0
-402 -507 0
-402 -542 0
-402 -577 0
-437 -472 0
-437 -507 0
-437 -542 0
-437 -577 0
-472 -507 0
-472 -542 0
-472 -577 0
-507 -542 0
-507 -577 0
-542 -577 0
-18 -53 0
-18 -88 0
-18 -123 0
-18 -158 0
-18 -193 0
-18 -228 0
-18 -263 0
-18 -298 0
-18 -333 0
-18 -368 0
-18 -403 0
-18 -438 0
-18 -473 0
-18 -508 0
-18 -543 0
-18 -578 0
-18 -613 0
-53 -88 0
-53 -123 0
-53 -158 0
-53 -193 0
-53 -228 0
-53 -263 0
-53 -298 0
-53 -333 0
-53 -368 0
-53 -403 0
-53 -438 0
-53 -473 0
-53 -508 0
-53 -543 0
-53 -578 0
-53 -613 0
-88 -123 0
-88 -158 0
-88 -193 0
-88 -228 0
-88 -263 0
-88 -298 0
-88 -333 0
-88 -368 0
-88 -403 0
-88 -438 0
-88 -473 0
-88 -508 0
-88 -543 0
-88 -578 0
-88 -613 0
-123 -158 0
-123 -193 0
-123 -228 0
-123 -263 0
-123 -298 0
-123 -333 0
-123 -368 0
-123 -403 0
-123 -438 0
-123 -473 0
-123 -508 0
-123 -543 0
-123 -578 0
-123 -613 0
-158 -193 0
-158 -228 0
-158 -263 0
-158 -298 0
-158 -333 0
-158 -368 0
-158 -403 0
-158 -438 0
-158 -473 0
-158 -508 0
-158 -543 0
-158 -578 0
-158 -613 0
-193 -228 0
-193 -263 0
-193 -298 0
-193 -333 0
-193 -368 0
-193 -403 0
-193 -438 0
-193 -473 0
-193 -508 0
-193 -543 0
-193 -578 0
-193 -613 0
-228 -263 0
-228 -298 0
-228 -333 0
-228 -368 0
-228 -403 0
-228 -438 0
-228 -473 0
-228 -508 0
-228 -543 0
-228 -578 0
-228 -613 0
-263 -298 0
-263 -333 0
-263 -368 0
-263 -403 0
-263 -438 0
-263 -473 0
-263 -508 0
-263 -543 0
-263 -578 0
-263 -613 0
-298 -333 0
-298 -368 0
-298 -403 0
-298 -438 0
-298 -473 0
-298 -508 0
-298 -543 0
-298 -578 0
-298 -613 0
-333 -368 0
-333 -403 0
-333 -438 0
-333 -473 0
-333 -508 0
-333 -543 0
-333 -578 0
-333 -613 0
-368 -403 0
-368 -438 0
-368 -473 0
-368 -508 0
-368 -543 0
-368 -578 0
-368 -613 0
-403 -438 0
-403 -473 0
-403 -508 0
-403 -543 0
-403 -578 0
-403 -613 0
-438 -473 0
-438 -508 0
-438 -543 0
-438 -578 0
-438 -613 0
-473 -508 0
-473 -543 0
-473 -578 0
-473 -613 0
-508 -543 0
-508 -578 0
-508 -613 0
-543 -578 0
-543 -613 0
-578 -613 0
-19 -54 0
-19 -89 0
-19 -124 0
-19 -159 0
-19 -194 0
-19 -229 0
-19 -264 0
-19 -299 0
-19 -334 0
-19 -369 0
-19 -404 0
-19 -439 0
-19 -474 0
-19 -509 0
-19 -544 0
-19 -579 0
-19 -614 0
-19 -649 0
-54 -89 0
-54 -124 0
-54 -159 0
-54 -194 0
-54 -229 0
-54 -264 0
-54 -299 0
-54 -334 0
-54 -369 0
-54 -404 0
-54 -439 0
-54 -474 0
-54 -509 0
-54 -544 0
-54 -579 0
-54 -614 0
-54 -649 0
-89 -124 0
-89 -159 0
-89 -194 0
-89 -229 0
-89 -264 0
-89 -299 0
-89 -334 0
-89 -369 0
-89 -404 0
-89 -439 0
-89 -474 0
-89 -509 0
-89 -544 0
-89 -579 0
-89 -614 0
-89 -649 0
-124 -159 0
-124 -194 0
-124 -229 0
-124 -264 0
-124 -299 0
-124 -334 0
-124 -369 0
-124 -404 0
-124 -439 0
-124 -474 0
-124 -509 0
-124 -544 0
-124 -579 0
-124 -614 0
-124 -649 0
-159 -194 0
-159 -229 0
-159 -264 0
-159 -299 0
-159 -334 0
-159 -369 0
-159 -404 0
-159 -439 0
-159 -474 0
-159 -509 0
-159 -544 0
-159 -579 0
-159 -614 0
-159 -649 0
-194 -229 0
-194 -264 0
-194 -299 0
-194 -334 0
-194 -369 0
-194 -404 0
-194 -439 0
-194 -474 0
-194 -509 0
-194 -544 0
-194 -579 0
-194 -614 0
-194 -649 0
-229 -264 0
-229 -299 0
-229 -334 0
-229 -369 0
-229 -404 0
-229 -439 0
-229 -474 0
-229 -509 0
-229 -544 0
-229 -579 0
-229 -614 0
-229 -649 0
-264 -299 0
-264 -334 0
-264 -369 0
-264 -404 0
-264 -439 0
-264 -474 0
-264 -509 0
-264 -544 0
-264 -579 0
-264 -614 0
-264 -649 0
-299 -334 0
-299 -369 0
-299 -404 0
-299 -439 0
-299 -474 0
-299 -509 0
-299 -544 0
-299 -579 0
-299 -614 0
-299 -649 0
-334 -369 0
-334 -404 0
-334 -439 0
-334 -474 0
-334 -509 0
-334 -544 0
-334 -579 0
-334 -614 0
-334 -649 0
-369 -404 0
-369 -439 0
-369 -474 0
-369 -509 0
-369 -544 0
-369 -579 0
-369 -614 0
-369 -649 0
-404 -439 0
-404 -474 0
-404 -509 0
-404 -544 0
-404 -579 0
-404 -614 0
-404 -649 0
-439 -474 0
-439 -509 0
-439 -544 0
-439 -579 0
-439 -614 0
-439 -649 0
-474 -509 0
-474 -544 0
-474 -579 0
-474 -614 0
-474 -649 0
-509 -544 0
-509 -579 0
-509 -614 0
-509 -649 0
-544 -579 0
-544 -614 0
-544 -649 0
-579 -614 0
-579 -649 0
-614 -649 0
-20 -55 0
-20 -90 0
-20 -125 0
-20 -160 0
-20 -195 0
-20 -230 0
-20 -265 0
-20 -300 0
-20 -335 0
-20 -370 0
-20 -405 0
-20 -440 0
-20 -475 0
-20 -510 0
-20 -545 0
-20 -580 0
-20 -615 0
-20 -650 0
-20 -685 0
-55 -90 0
-55 -125 0
-55 -160 0
-55 -195 0
-55 -230 0
-55 -265 0
-55 -300 0
-55 -335 0
-55 -370 0
-55 -405 0
-55 -440 0
-55 -475 0
-55 -510 0
-55 -545 0
-55 -580 0
-55 -615 0
-55 -650 0
-55 -685 0
-90 -125 0
-90 -160 0
-90 -195 0
-90 -230 0
-90 -265 0
-90 -300 0
-90 -335 0
-90 -370 0
-90 -405 0
-90 -440 0
-90 -475 0
-90 -510 0
-90 -545 0
-90 -580 0
-90 -615 0
-90 -650 0
-90 -685 0
-125 -160 0
-125 -195 0
-125 -230 0
-125 -265 0
-125 -300 0
-125 -335 0
-125 -370 0
-125 -405 0
-125 -440 0
-125 -475 0
-125 -510 0
-125 -545 0
-125 -580 0
-125 -615 0
-125 -650 0
-125 -685 0
-160 -195 0
-160 -230 0
-160 -265 0
-160 -300 0
-160 -335 0
-160 -370 0
-160 -405 0
-160 -440 0
-160 -475 0
-160 -510 0
-160 -545 0
-160 -580 0
-160 -615 0
-160 -650 0
-160 -685 0
-195 -230 0
-195 -265 0
-195 -300 0
-195 -335 0
-195 -370 0
-195 -405 0
-195 -440 0
-195 -475 0
-195 -510 0
-195 -545 0
-195 -580 0
-195 -615 0
-195 -650 0
-195 -685 0
-230 -265 0
-230 -300 0
-230 -335 0
-230 -370 0
-230 -405 0
-230 -440 0
-230 -475 0
-230 -510 0
-230 -545 0
-230 -580 0
-230 -615 0
-230 -650 0
-230 -685 0
-265 -300 0
-265 -335 0
-265 -370 0
-265 -405 0
-265 -440 0
-265 -475 0
-265 -510 0
-265 -545 0
-265 -580 0
-265 -615 0
-265 -650 0
-265 -685 0
-300 -335 0
-300 -370 0
-300 -405 0
-300 -440 0
-300 -475 0
-300 -510 0
-300 -545 0
-300 -580 0
-300 -615 0
-300 -650 0
-300 -685 0
-335 -370 0
-335 -405 0
-335 -440 0
-335 -475 0
-335 -510 0
-335 -545 0
-335 -580 0
-335 -615 0
-335 -650 0
-335 -685 0
-370 -405 0
-370 -440 0
-370 -475 0
-370 -510 0
-370 -545 0
-370 -580 0
-370 -615 0
-370 -650 0
-370 -685 0
-405 -440 0
-405 -475 0
-405 -510 0
-405 -545 0
-405 -580 0
-405 -615 0
-405 -650 0
-405 -685 0
-440 -475 0
-440 -510 0
-440 -545 0
-440 -580 0
-440 -615 0
-440 -650 0
-440 -685 0
-475 -510 0
-475 -545 0
-475 -580 0
-475 -615 0
-475 -650 0
-475 -685 0
-510 -545 0
-510 -580 0
-510 -615 0
-510 -650 0
-510 -685 0
-545 -580 0
-545 -615 0
-545 -650 0
-545 -685 0
-580 -615 0
-580 -650 0
-580 -685 0
-615 -650 0
-615 -685 0
-650 -685 0
-21 -56 0
-21 -91 0
-21 -126 0
-21 -161 0
-21 -196 0
-21 -231 0
-21 -266 0
-21 -301 0
-21 -336 0
-21 -371 0
-21 -406 0
-21 -441 0
-21 -476 0
-21 -511 0
-21 -546 0
-21 -581 0
-21 -616 0
-21 -651 0
-21 -686 0
-21 -721 0
-56 -91 0
-56 -126 0
-56 -161 0
-56 -196 0
-56 -231 0
-56 -266 0
-56 -301 0
-56 -336 0
-56 -371 0
-56 -406 0
-56 -441 0
-56 -476 0
-56 -511 0
-56 -546 0
-56 -581 0
-56 -616 0
-56 -651 0
-56 -686 0
-56 -721 0
-91 -126 0
-91 -161 0
-91 -196 0
-91 -231 0
-91 -266 0
-91 -301 0
-91 -336 0
-91 -371 0
-91 -406 0
-91 -441 0
-91 -476 0
-91 -511 0
-91 -546 0
-91 -581 0
-91 -616 0
-91 -651 0
-91 -686 0
-91 -721 0
-126 -161 0
-126 -196 0
-126 -231 0
-126 -266 0
-126 -301 0
-126 -336 0
-126 -371 0
-126 -406 0
-126 -441 0
-126 -476 0
-126 -511 0
-126 -546 0
-126 -581 0
-126 -616 0
-126 -651 0
-126 -686 0
-126 -721 0
-161 -196 0
-161 -231 0
-161 -266 0
-161 -301 0
-161 -336 0
-161 -371 0
-161 -406 0
-161 -441 0
-161 -476 0
-161 -511 0
-161 -546 0
-161 -581 0
-161 -616 0
-161 -651 0
-161 -686 0
-161 -721 0
-196 -231 0
-196 -266 0
-196 -301 0
-196 -336 0
-196 -371 0
-196 -406 0
-196 -441 0
-196 -476 0
-196 -511 0
-196 -546 0
-196 -581 0
-196 -616 0
-196 -651 0
-196 -686 0
-196 -721 0
-231 -266 0
-231 -301 0
-231 -336 0
-231 -371 0
-231 -406 0
-231 -441 0
-231 -476 0
-231 -511 0
-231 -546 0
-231 -581 0
-231 -616 0
-231 -651 0
-231 -686 0
-231 -721 0
-266 -301 0
-266 -336 0
-266 -371 0
-266 -406 0
-266 -441 0
-266 -476 0
-266 -511 0
-266 -546 0
-266 -581 0
-266 -616 0
-266 -651 0
-266 -686 0
-266 -721 0
-301 -336 0
-301 -371 0
-301 -406 0
-301 -441 0
-301 -476 0
-301 -511 0
-301 -546 0
-301 -581 0
-301 -616 0
-301 -651 0
-301 -686 0
-301 -721 0
-336 -371 0
-336 -406 0
-336 -441 0
-336 -476 0
-336 -511 0
-336 -546 0
-336 -581 0
-336 -616 0
-336 -651 0
-336 -686 0
-336 -721 0
-371 -406 0
-371 -441 0
-371 -476 0
-371 -511 0
-371 -546 0
-371 -581 0
-371 -616 0
-371 -651 0
-371 -686 0
-371 -721 0
-406 -441 0
-406 -476 0
-406 -511 0
-406 -546 0
-406 -581 0
-406 -616 0
-406 -651 0
-406 -686 0
-406 -721 0
-441 -476 0
-441 -511 0
-441 -546 0
-441 -581 0
-441 -616 0
-441 -651 0
-441 -686 0
-441 -721 0
-476 -511 0
-476 -546 0
-476 -581 0
-476 -616 0
-476 -651 0
-476 -686 0
-476 -721 0
-511 -546 0
-511 -581 0
-511 -616 0
-511 -651 0
-511 -686 0
-511 -721 0
-546 -581 0
-546 -616 0
-546 -651 0
-546 -686 0
-546 -721 0
-581 -616 0
-581 -651 0
-581 -686 0
-581 -721 0
-616 -651 0
-616 -686 0
-616 -721 0
-651 -686 0
-651 -721 0
-686 -721 0
-22 -57 0
-22 -92 0
-22 -127 0
-22 -162 0
-22 -197 0
-22 -232 0
-22 -267 0
-22 -302 0
-22 -337 0
-22 -372 0
-22 -407 0
-22 -442 0
-22 -477 0
-22 -512 0
-22 -547 0
-22 -582 0
-22 -617 0
-22 -652 0
-22 -687 0
-22 -722 0
-22 -757 0
-57 -92 0
-57 -127 0
-57 -162 0
-57 -197 0
-57 -232 0
-57 -267 0
-57 -302 0
-57 -337 0
-57 -372 0
-57 -407 0
-57 -442 0
-57 -477 0
-57 -512 0
-57 -547 0
-57 -582 0
-57 -617 0
-57 -652 0
-57 -687 0
-57 -722 0
-57 -757 0
-92 -127 0
-92 -162 0
-92 -197 0
-92 -232 0
-92 -267 0
-92 -302 0
-92 -337 0
-92 -372 0
-92 -407 0
-92 -442 0
-92 -477 0
-92 -512 0
-92 -547 0
-92 -582 0
-92 -617 0
-92 -652 0
-92 -687 0
-92 -722 0
-92 -757 0
-127 -162 0
-127 -197 0
-127 -232 0
-127 -267 0
-127 -302 0
-127 -337 0
-127 -372 0
-127 -407 0
-127 -442 0
-127 -477 0
-127 -512 0
-127 -547 0
-127 -582 0
-127 -617 0
-127 -652 0
-127 -687 0
-127 -722 0
-127 -757 0
-162 -197 0
-162 -232 0
-162 -267 0
-162 -302 0
-162 -337 0
-162 -372 0
-162 -407 0
-162 -442 0
-162 -477 0
-162 -512 0
-162 -547 0
-162 -582 0
-162 -617 0
-162 -652 0
-162 -687 0
-162 -722 0
-162 -757 0
-197 -232 0
-197 -267 0
-197 -302 0
-197 -337 0
-197 -372 0
-197 -407 0
-197 -442 0
-197 -477 0
-197 -512 0
-197 -547 0
-197 -582 0
-197 -617 0
-197 -652 0
-197 -687 0
-197 -722 0
-197 -757 0
-232 -267 0
-232 -302 0
-232 -337 0
-232 -372 0
-232 -407 0
-232 -442 0
-232 -477 0
-232 -512 0
-232 -547 0
-232 -582 0
-232 -617 0
-232 -652 0
-232 -687 0
-232 -722 0
-232 -757 0
-267 -302 0
-267 -337 0
-267 -372 0
-267 -407 0
-267 -442 0
-267 -477 0
-267 -512 0
-267 -547 0
-267 -582 0
-267 -617 0
-267 -652 0
-267 -687 0
-267 -722 0
-267 -757 0
-302 -337 0
-302 -372 0
-302 -407 0
-302 -442 0
-302 -477 0
-302 -512 0
-302 -547 0
-302 -582 0
-302 -617 0
-302 -652 0
-302 -687 0
-302 -722 0
-302 -757 0
-337 -372 0
-337 -407 0
-337 -442 0
-337 -477 0
-337 -512 0
-337 -547 0
-337 -582 0
-337 -617 0
-337 -652 0
-337 -687 0
-337 -722 0
-337 -757 0
-372 -407 0
-372 -442 0
-372 -477 0
-372 -512 0
-372 -547 0
-372 -582 0
-372 -617 0
-372 -652 0
-372 -687 0
-372 -722 0
-372 -757 0
-407 -442 0
-407 -477 0
-407 -512 0
-407 -547 0
-407 -582 0
-407 -617 0
-407 -652 0
-407 -687 0
-407 -722 0
-407 -757 0
-442 -477 0
-442 -512 0
-442 -547 0
-442 -582 0
-442 -617 0
-442 -652 0
-442 -687 0
-442 -722 0
-442 -757 0
-477 -512 0
-477 -547 0
-477 -582 0
-477 -617 0
-477 -652 0
-477 -687 0
-477 -722 0
-477 -757 0
-512 -547 0
-512 -582 0
-512 -617 0
-512 -652 0
-512 -687 0
-512 -722 0
-512 -757 0
-547 -582 0
-547 -617 0
-547 -652 0
-547 -687 0
-547 -722 0
-547 -757 0
-582 -617 0
-582 -652 0
-582 -687 0
-582 -722 0
-582 -757 0
-617 -652 0
-617 -687 0
-617 -722 0
-617 -757 0
-652 -687 0
-652 -722 0
-652 -757 0
-687 -722 0
-687 -757 0
-722 -757 0
-23 -58 0
-23 -93 0
-23 -128 0
-23 -163 0
-23 -198 0
-23 -233 0
-23 -268 0
-23 -303 0
-23 -338 0
-23 -373 0
-23 -408 0
-23 -443 0
-23 -478 0
-23 -513 0
-23 -548 0
-23 -583 0
-23 -618 0
-23 -653 0
-23 -688 0
-23 -723 0
-23 -758 0
-23 -793 0
-58 -93 0
-58 -128 0
-58 -163 0
-58 -198 0
-58 -233 0
-58 -268 0
-58 -303 0
-58 -338 0
-58 -373 0
-58 -408 0
-58 -443 0
-58 -478 0
-58 -513 0
-58 -548 0
-58 -583 0
-58 -618 0
-58 -653 0
-58 -688 0
-58 -723 0
-58 -758 0
-58 -793 0
-93 -128 0
-93 -163 0
-93 -198 0
-93 -233 0
-93 -268 0
-93 -303 0
-93 -338 0
-93 -373 0
-93 -408 0
-93 -443 0
-93 -478 0
-93 -513 0
-93 -548 0
-93 -583 0
-93 -618 0
-93 -653 0
-93 -688 0
-93 -723 0
-93 -758 0
-93 -793 0
-128 -163 0
-128 -198 0
-128 -233 0
-128 -268 0
-128 -303 0
-128 -338 0
-128 -373 0
-128 -408 0
-128 -443 0
-128 -478 0
-128 -513 0
-128 -548 0
-128 -583 0
-128 -618 0
-128 -653 0
-128 -688 0
-128 -723 0
-128 -758 0
-128 -793 0
-163 -198 0
-163 -233 0
-163 -268 0
-163 -303 0
-163 -338 0
-163 -373 0
-163 -408 0
-163 -443 0
-163 -478 0
-163 -513 0
-163 -548 0
-163 -583 0
-163 -618 0
-163 -653 0
-163 -688 0
-163 -723 0
-163 -758 0
-163 -793 0
-198 -233 0
-198 -268 0
-198 -303 0
-198 -338 0
-198 -373 0
-198 -408 0
-198 -443 0
-198 -478 0
-198 -513 0
-198 -548 0
-198 -583 0
-198 -618 0
-198 -653 0
-198 -688 0
-198 -723 0
-198 -758 0
-198 -793 0
-233 -268 0
-233 -303 0
-233 -338 0
-233 -373 0
-233 -408 0
-233 -443 0
-233 -478 0
-233 -513 0
-233 -548 0
-233 -583 0
-233 -618 0
-233 -653 0
-233 -688 0
-233 -723 0
-233 -758 0
-233 -793 0
-268 -303 0
-268 -338 0
-268 -373 0
-268 -408 0
-268 -443 0
-268 -478 0
-268 -513 0
-268 -548 0
-268 -583 0
-268 -618 0
-268 -653 0
-268 -688 0
-268 -723 0
-268 -758 0
-268 -793 0
-303 -338 0
-303 -373 0
-303 -408 0
-303 -443 0
-303 -478 0
-303 -513 0
-303 -548 0
-303 -583 0
-303 -618 0
-303 -653 0
-303 -688 0
-303 -723 0
-303 -758 0
-303 -793 0
-338 -373 0
-338 -408 0
-338 -443 0
-338 -478 0
-338 -513 0
-338 -548 0
-338 -583 0
-338 -618 0
-338 -653 0
-338 -688 0
-338 -723 0
-338 -758 0
-338 -793 0
-373 -408 0
-373 -443 0
-373 -478 0
-373 -513 0
-373 -548 0
-373 -583 0
-373 -618 0
-373 -653 0
-373 -688 0
-373 -723 0
-373 -758 0
-373 -793 0
-408 -443 0
-408 -478 0
-408 -513 0
-408 -548 0
-408 -583 0
-408 -618 0
-408 -653 0
-408 -688 0
-408 -723 0
-408 -758 0
-408 -793 0
-443 -478 0
-443 -513 0
-443 -548 0
-443 -583 0
-443 -618 0
-443 -653 0
-443 -688 0
-443 -723 0
-443 -758 0
-443 -793 0
-478 -513 0
-478 -548 0
-478 -583 0
-478 -618 0
-478 -653 0
-478 -688 0
-478 -723 0
-478 -758 0
-478 -793 0
-513 -548 0
-513 -583 0
-513 -618 0
-513 -653 0
-513 -688 0
-513 -723 0
-513 -758 0
-513 -793 0
-548 -583 0
-548 -618 0
-548 -653 0
-548 -688 0
-548 -723 0
-548 -758 0
-548 -793 0
-583 -618 0
-583 -653 0
-583 -688 0
-583 -723 0
-583 -758 0
-583 -793 0
-618 -653 0
-618 -688 0
-618 -723 0
-618 -758 0
-618 -793 0
-653 -688 0
-653 -723 0
-653 -758 0
-653 -793 0
-688 -723 0
-688 -758 0
-688 -793 0
-723 -758 0
-723 -793 0
-758 -793 0
-24 -59 0
-24 -94 0
-24 -129 0
-24 -164 0
-24 -199 0
-24 -234 0
-24 -269 0
-24 -304 0
-24 -339 0
-24 -374 0
-24 -409 0
-24 -444 0
-24 -479 0
-24 -514 0
-24 -549 0
-24 -584 0
-24 -619 0
-24 -654 0
-24 -689 0
-24 -724 0
-24 -759 0
-24 -794 0
-24 -829 0
-59 -94 0
-59 -129 0
-59 -164 0
-59 -199 0
-59 -234 0
-59 -269 0
-59 -304 0
-59 -339 0
-59 -374 0
-59 -409 0
-59 -444 0
-59 -479 0
-59 -514 0
-59 -549 0
-59 -584 0
-59 -619 0
-59 -654 0
-59 -689 0
-59 -724 0
-59 -759 0
-59 -794 0
-59 -829 0
-94 -129 0
-94 -164 0
-94 -199 0
-94 -234 0
-94 -269 0
-94 -304 0
-94 -339 0
-94 -374 0
-94 -409 0
-94 -444 0
-94 -479 0
-94 -514 0
-94 -549 0
-94 -584 0
-94 -619 0
-94 -654 0
-94 -689 0
-94 -724 0
-94 -759 0
-94 -794 0
-94 -829 0
-129 -164 0
-129 -199 0
-129 -234 0
-129 -269 0
-129 -304 0
-129 -339 0
-129 -374 0
-129 -409 0
-129 -444 0
-129 -479 0
-129 -514 0
-129 -549 0
-129 -584 0
-129 -619 0
-129 -654 0
-129 -689 0
-129 -724 0
-129 -759 0
-129 -794 0
-129 -829 0
-164 -199 0
-164 -234 0
-164 -269 0
-164 -304 0
-164 -339 0
-164 -374 0
-164 -409 0
-164 -444 0
-164 -479 0
-164 -514 0
-164 -549 0
-164 -584 0
-164 -619 0
-164 -654 0
-164 -689 0
-164 -724 0
-164 -759 0
-164 -794 0
-164 -829 0
-199 -234 0
-199 -269 0
-199 -304 0
-199 -339 0
-199 -374 0
-199 -409 0
-199 -444 0
-199 -479 0
-199 -514 0
-199 -549 0
-199 -584 0
-199 -619 0
-199 -654 0
-199 -689 0
-199 -724 0
-199 -759 0
-199 -794 0
-199 -829 0
-234 -269 0
-234 -304 0
-234 -339 0
-234 -374 0
-234 -409 0
-234 -444 0
-234 -479 0
-234 -514 0
-234 -549 0
-234 -584 0
-234 -619 0
-234 -654 0
-234 -689 0
-234 -724 0
-234 -759 0
-234 -794 0
-234 -829 0
-269 -304 0
-269 -339 0
-269 -374 0
-269 -409 0
-269 -444 0
-269 -479 0
-269 -514 0
-269 -549 0
-269 -584 0
-269 -619 0
-269 -654 0
-269 -689 0
-269 -724 0
-269 -759 0
-269 -794 0
-269 -829 0
-304 -339 0
-304 -374 0
-304 -409 0
-304 -444 0
-304 -479 0
-304 -514 0
-304 -549 0
-304 -584 0
-304 -619 0
-304 -654 0
-304 -689 0
-304 -724 0
-304 -759 0
-304 -794 0
-304 -829 0
-339 -374 0
-339 -409 0
-339 -444 0
-339 -479 0
-339 -514 0
-339 -549 0
-339 -584 0
-339 -619 0
-339 -654 0
-339 -689 0
-339 -724 0
-339 -759 0
-339 -794 0
-339 -829 0
-374 -409 0
-374 -444 0
-374 -479 0
-374 -514 0
-374 -549 0
-374 -584 0
-374 -619 0
-374 -654 0
-374 -689 0
-374 -724 0
-374 -759 0
-374 -794 0
-374 -829 0
-409 -444 0
-409 -479 0
-409 -514 0
-409 -549 0
-409 -584 0
-409 -619 0
-409 -654 0
-409 -689 0
-409 -724 0
-409 -759 0
-409 -794 0
-409 -829 0
-444 -479 0
-444 -514 0
-444 -549 0
-444 -584 0
-444 -619 0
-444 -654 0
-444 -689 0
-444 -724 0
-444 -759 0
-444 -794 0
-444 -829 0
-479 -514 0
-479 -549 0
-479 -584 0
-479 -619 0
-479 -654 0
-479 -689 0
-479 -724 0
-479 -759 0
-479 -794 0
-479 -829 0
-514 -549 0
-514 -584 0
-514 -619 0
-514 -654 0
-514 -689 0
-514 -724 0
-514 -759 0
-514 -794 0
-514 -829 0
-549 -584 0
-549 -619 0
-549 -654 0
-549 -689 0
-549 -724 0
-549 -759 0
-549 -794 0
-549 -829 0
-584 -619 0
-584 -654 0
-584 -689 0
-584 -724 0
-584 -759 0
-584 -794 0
-584 -829 0
-619 -654 0
-619 -689 0
-619 -724 0
-619 -759 0
-619 -794 0
-619 -829 0
-654 -689 0
-654 -724 0
-654 -759 0
-654 -794 0
-654 -829 0
-689 -724 0
-689 -759 0
-689 -794 0
-689 -829 0
-724 -759 0
-724 -794 0
-724 -829 0
-759 -794 0
-759 -829 0
-794 -829 0
-25 -60 0
-25 -95 0
-25 -130 0
-25 -165 0
-25 -200 0
-25 -235 0
-25 -270 0
-25 -305 0
-25 -340 0
-25 -375 0
-25 -410 0
-25 -445 0
-25 -480 0
-25 -515 0
-25 -550 0
-25 -585 0
-25 -620 0
-25 -655 0
-25 -690 0
-25 -725 0
-25 -760 0
-25 -795 0
-25 -830 0
-25 -865 0
-60 -95 0
-60 -130 0
-60 -165 0
-60 -200 0
-60 -235 0
-60 -270 0
-60 -305 0
-60 -340 0
-60 -375 0
-60 -410 0
-60 -445 0
-60 -480 0
-60 -515 0
-60 -550 0
-60 -585 0
-60 -620 0
-60 -655 0
-60 -690 0
-60 -725 0
-60 -760 0
-60 -795 0
-60 -830 0
-60 -865 0
-95 -130 0
-95 -165 0
-95 -200 0
-95 -235 0
-95 -270 0
-95 -305 0
-95 -340 0
-95 -375 0
-95 -410 0
-95 -445 0
-95 -480 0
-95 -515 0
-95 -550 0
-95 -585 0
-95 -620 0
-95 -655 0
-95 -690 0
-95 -725 0
-95 -760 0
-95 -795 0
-95 -830 0
-95 -865 0
-130 -165 0
-130 -200 0
-130 -235 0
-130 -270 0
-130 -305 0
-130 -340 0
-130 -375 0
-130 -410 0
-130 -445 0
-130 -480 0
-130 -515 0
-130 -550 0
-130 -585 0
-130 -620 0
-130 -655 0
-130 -690 0
-130 -725 0
-130 -760 0
-130 -795 0
-130 -830 0
-130 -865 0
-165 -200 0
-165 -235 0
-165 -270 0
-165 -305 0
-165 -340 0
-165 -375 0
-165 -410 0
-165 -445 0
-165 -480 0
-165 -515 0
-165 -550 0
-165 -585 0
-165 -620 0
-165 -655 0
-165 -690 0
-165 -725 0
-165 -760 0
-165 -795 0
-165 -830 0
-165 -865 0
-200 -235 0
-200 -270 0
-200 -305 0
-200 -340 0
-200 -375 0
-200 -410 0
-200 -445 0
-200 -480 0
-200 -515 0
-200 -550 0
-200 -585 0
-200 -620 0
-200 -655 0
-200 -690 0
-200 -725 0
-200 -760 0
-200 -795 0
-200 -830 0
-200 -865 0
-235 -270 0
-235 -305 0
-235 -340 0
-235 -375 0
-235 -410 0
-235 -445 0
-235 -480 0
-235 -515 0
-235 -550 0
-235 -585 0
-235 -620 0
-235 -655 0
-235 -690 0
-235 -725 0
-235 -760 0
-235 -795 0
-235 -830 0
-235 -865 0
-270 -305 0
-270 -340 0
-270 -375 0
-270 -410 0
-270 -445 0
-270 -480 0
-270 -515 0
-270 -550 0
-270 -585 0
-270 -620 0
-270 -655 0
-270 -690 0
-270 -725 0
-270 -760 0
-270 -795 0
-270 -830 0
-270 -865 0
-305 -340 0
-305 -375 0
-305 -410 0
-305 -445 0
-305 -480 0
-305 -515 0
-305 -550 0
-305 -585 0
-305 -620 0
-305 -655 0
-305 -690 0
-305 -725 0
-305 -760 0
-305 -795 0
-305 -830 0
-305 -865 0
-340 -375 0
-340 -410 0
-340 -445 0
-340 -480 0
-340 -515 0
-340 -550 0
-340 -585 0
-340 -620 0
-340 -655 0
-340 -690 0
-340 -725 0
-340 -760 0
-340 -795 0
-340 -830 0
-340 -865 0
-375 -410 0
-375 -445 0
-375 -480 0
-375 -515 0
-375 -550 0
-375 -585 0
-375 -620 0
-375 -655 0
-375 -690 0
-375 -725 0
-375 -760 0
-375 -795 0
-375 -830 0
-375 -865 0
-410 -445 0
-410 -480 0
-410 -515 0
-410 -550 0
-410 -585 0
-410 -620 0
-410 -655 0
-410 -690 0
-410 -725 0
-410 -760 0
-410 -795 0
-410 -830 0
-410 -865 0
-445 -480 0
-445 -515 0
-445 -550 0
-445 -585 0
-445 -620 0
-445 -655 0
-445 -690 0
-445 -725 0
-445 -760 0
-445 -795 0
-445 -830 0
-445 -865 0
-480 -515 0
-480 -550 0
-480 -585 0
-480 -620 0
-480 -655 0
-480 -690 0
-480 -725 0
-480 -760 0
-480 -795 0
-480 -830 0
-480 -865 0
-515 -550 0
-515 -585 0
-515 -620 0
-515 -655 0
-515 -690 0
-515 -725 0
-515 -760 0
-515 -795 0
-515 -830 0
-515 -865 0
-550 -585 0
-550 -620 0
-550 -655 0
-550 -690 0
-550 -725 0
-550 -760 0
-550 -795 0
-550 -830 0
-550 -865 0
-585 -620 0
-585 -655 0
-585 -690 0
-585 -725 0
-585 -760 0
-585 -795 0
-585 -830 0
-585 -865 0
-620 -655 0
-620 -690 0
-620 -725 0
-620 -760 0
-620 -795 0
-620 -830 0
-620 -865 0
-655 -690 0
-655 -725 0
-655 -760 0
-655 -795 0
-655 -830 0
-655 -865 0
-690 -725 0
-690 -760 0
-690 -795 0
-690 -830 0
-690 -865 0
-725 -760 0
-725 -795 0
-725 -830 0
-725 -865 0
-760 -795 0
-760 -830 0
-760 -865 0
-795 -830 0
-795 -865 0
-830 -865 0
-26 -61 0
-26 -96 0
-26 -131 0
-26 -166 0
-26 -201 0
-26 -236 0
-26 -271 0
-26 -306 0
-26 -341 0
-26 -376 0
-26 -411 0
-26 -446 0
-26 -481 0
-26 -516 0
-26 -551 0
-26 -586 0
-26 -621 0
-26 -656 0
-26 -691 0
-26 -726 0
-26 -761 0
-26 -796 0
-26 -831 0
-26 -866 0
-26 -901 0
-61 -96 0
-61 -131 0
-61 -166 0
-61 -201 0
-61 -236 0
-61 -271 0
-61 -306 0
-61 -341 0
-61 -376 0
-61 -411 0
-61 -446 0
-61 -481 0
-61 -516 0
-61 -551 0
-61 -586 0
-61 -621 0
-61 -656 0
-61 -691 0
-61 -726 0
-61 -761 0
-61 -796 0
-61 -831 0
-61 -866 0
-61 -901 0
-96 -131 0
-96 -166 0
-96 -201 0
-96 -236 0
-96 -271 0
-96 -306 0
-96 -341 0
-96 -376 0
-96 -411 0
-96 -446 0
-96 -481 0
-96 -516 0
-96 -551 0
-96 -586 0
-96 -621 0
-96 -656 0
-96 -691 0
-96 -726 0
-96 -761 0
-96 -796 0
-96 -831 0
-96 -866 0
-96 -901 0
-131 -166 0
-131 -201 0
-131 -236 0
-131 -271 0
-131 -306 0
-131 -341 0
-131 -376 0
-131 -411 0
-131 -446 0
-131 -481 0
-131 -516 0
-131 -551 0
-131 -586 0
-131 -621 0
-131 -656 0
-131 -691 0
-131 -726 0
-131 -761 0
-131 -796 0
-131 -831 0
-131 -866 0
-131 -901 0
-166 -201 0
-166 -236 0
-166 -271 0
-166 -306 0
-166 -341 0
-166 -376 0
-166 -411 0
-166 -446 0
-166 -481 0
-166 -516 0
-166 -551 0
-166 -586 0
-166 -621 0
-166 -656 0
-166 -691 0
-166 -726 0
-166 -761 0
-166 -796 0
-166 -831 0
-166 -866 0
-166 -901 0
-201 -236 0
-201 -271 0
-201 -306 0
-201 -341 0
-201 -376 0
-201 -411 0
-201 -446 0
-201 -481 0
-201 -516 0
-201 -551 0
-201 -586 0
-201 -621 0
-201 -656 0
-201 -691 0
-201 -726 0
-201 -761 0
-201 -796 0
-201 -831 0
-201 -866 0
-201 -901 0
-236 -271 0
-236 -306 0
-236 -341 0
-236 -376 0
-236 -411 0
-236 -446 0
-236 -481 0
-236 -516 0
-236 -551 0
-236 -586 0
-236 -621 0
-236 -656 0
-236 -691 0
-236 -726 0
-236 -761 0
-236 -796 0
-236 -831 0
-236 -866 0
-236 -901 0
-271 -306 0
-271 -341 0
-271 -376 0
-271 -411 0
-271 -446 0
-271 -481 0
-271 -516 0
-271 -551 0
-271 -586 0
-271 -621 0
-271 -656 0
-271 -691 0
-271 -726 0
-271 -761 0
-271 -796 0
-271 -831 0
-271 -866 0
-271 -901 0
-306 -341 0
-306 -376 0
-306 -411 0
-306 -446 0
-306 -481 0
-306 -516 0
-306 -551 0
-306 -586 0
-306 -621 0
-306 -656 0
-306 -691 0
-306 -726 0
-306 -761 0
-306 -796 0
-306 -831 0
-306 -866 0
-306 -901 0
-341 -376 0
-341 -411 0
-341 -446 0
-341 -481 0
-341 -516 0
-341 -551 0
-341 -586 0
-341 -621 0
-341 -656 0
-341 -691 0
-341 -726 0
-341 -761 0
-341 -796 0
-341 -831 0
-341 -866 0
-341 -901 0
-376 -411 0
-376 -446 0
-376 -481 0
-376 -516 0
-376 -551 0
-376 -586 0
-376 -621 0
-376 -656 0
-376 -691 0
-376 -726 0
-376 -761 0
-376 -796 0
-376 -831 0
-376 -866 0
-376 -901 0
-411 -446 0
-411 -481 0
-411 -516 0
-411 -551 0
-411 -586 0
-411 -621 0
-411 -656 0
-411 -691 0
-411 -726 0
-411 -761 0
-411 -796 0
-411 -831 0
-411 -866 0
-411 -901 0
-446 -481 0
-446 -516 0
-446 -551 0
-446 -586 0
-446 -621 0
-446 -656 0
-446 -691 0
-446 -726 0
-446 -761 0
-446 -796 0
-446 -831 0
-446 -866 0
-446 -901 0
-481 -516 0
-481 -551 0
-481 -586 0
-481 -621 0
-481 -656 0
-481 -691 0
-481 -726 0
-481 -761 0
-481 -796 0
-481 -831 0
-481 -866 0
-481 -901 0
-516 -551 0
-516 -586 0
-516 -621 0
-516 -656 0
-516 -691 0
-516 -726 0
-516 -761 0
-516 -796 0
-516 -831 0
-516 -866 0
-516 -901 0
-551 -586 0
-551 -621 0
-551 -656 0
-551 -691 0
-551 -726 0
-551 -761 0
-551 -796 0
-551 -831 0
-551 -866 0
-551 -901 0
-586 -621 0
-586 -656 0
-586 -691 0
-586 -726 0
-586 -761 0
-586 -796 0
-586 -831 0
-586 -866 0
-586 -901 0
-621 -656 0
-621 -691 0
-621 -726 0
-621 -761 0
-621 -796 0
-621 -831 0
-621 -866 0
-621 -901 0
-656 -691 0
-656 -726 0
-656 -761 0
-656 -796 0
-656 -831 0
-656 -866 0
-656 -901 0
-691 -726 0
-691 -761 0
-691 -796 0
-691 -831 0
-691 -866 0
-691 -901 0
-726 -761 0
-726 -796 0
-726 -831 0
-726 -866 0
-726 -901 0
-761 -796 0
-761 -831 0
-761 -866 0
-761 -901 0
-796 -831 0
-796 -866 0
-796 -901 0
-831 -866 0
-831 -901 0
-866 -901 0
-27 -62 0
-27 -97 0
-27 -132 0
-27 -167 0
-27 -202 0
-27 -237 0
-27 -272 0
-27 -307 0
-27 -342 0
-27 -377 0
-27 -412 0
-27 -447 0
-27 -482 0
-27 -517 0
-27 -552 0
-27 -587 0
-27 -622 0
-27 -657 0
-27 -692 0
-27 -727 0
-27 -762 0
-27 -797 0
-27 -832 0
-27 -867 0
-27 -902 0
-27 -937 0
-62 -97 0
-62 -132 0
-62 -167 0
-62 -202 0
-62 -237 0
-62 -272 0
-62 -307 0
-62 -342 0
-62 -377 0
-62 -412 0
-62 -447 0
-62 -482 0
-62 -517 0
-62 -552 0
-62 -587 0
-62 -622 0
-62 -657 0
-62 -692 0
-62 -727 0
-62 -762 0
-62 -797 0
-62 -832 0
-62 -867 0
-62 -902 0
-62 -937 0
-97 -132 0
-97 -167 0
-97 -202 0
-97 -237 0
-97 -272 0
-97 -307 0
-97 -342 0
-97 -377 0
-97 -412 0
-97 -447 0
-97 -482 0
-97 -517 0
-97 -552 0
-97 -587 0
-97 -622 0
-97 -657 0
-97 -692 0
-97 -727 0
-97 -762 0
-97 -797 0
-97 -832 0
-97 -867 0
-97 -902 0
-97 -937 0
-132 -167 0
-132 -202 0
-132 -237 0
-132 -272 0
-132 -307 0
-132 -342 0
-132 -377 0
-132 -412 0
-132 -447 0
-132 -482 0
-132 -517 0
-132 -552 0
-132 -587 0
-132 -622 0
-132 -657 0
-132 -692 0
-132 -727 0
-132 -762 0
-132 -797 0
-132 -832 0
-132 -867 0
-132 -902 0
-132 -937 0
-167 -202 0
-167 -237 0
-167 -272 0
-167 -307 0
-167 -342 0
-167 -377 0
-167 -412 0
-167 -447 0
-167 -482 0
-167 -517 0
-167 -552 0
-167 -587 0
-167 -622 0
-167 -657 0
-167 -692 0
-167 -727 0
-167 -762 0
-167 -797 0
-167 -832 0
-167 -867 0
-167 -902 0
-167 -937 0
-202 -237 0
-202 -272 0
-202 -307 0
-202 -342 0
-202 -377 0
-202 -412 0
-202 -447 0
-202 -482 0
-202 -517 0
-202 -552 0
-202 -587 0
-202 -622 0
-202 -657 0
-202 -692 0
-202 -727 0
-202 -762 0
-202 -797 0
-202 -832 0
-202 -867 0
-202 -902 0
-202 -937 0
-237 -272 0
-237 -307 0
-237 -342 0
-237 -377 0
-237 -412 0
-237 -447 0
-237 -482 0
-237 -517 0
-237 -552 0
-237 -587 0
-237 -622 0
-237 -657 0
-237 -692 0
-237 -727 0
-237 -762 0
-237 -797 0
-237 -832 0
-237 -867 0
-237 -902 0
-237 -937 0
-272 -307 0
-272 -342 0
-272 -377 0
-272 -412 0
-272 -447 0
-272 -482 0
-272 -517 0
-272 -552 0
-272 -587 0
-272 -622 0
-272 -657 0
-272 -692 0
-272 -727 0
-272 -762 0
-272 -797 0
-272 -832 0
-272 -867 0
-272 -902 0
-272 -937 0
-307 -342 0
-307 -377 0
-307 -412 0
-307 -447 0
-307 -482 0
-307 -517 0
-307 -552 0
-307 -587 0
-307 -622 0
-307 -657 0
-307 -692 0
-307 -727 0
-307 -762 0
-307 -797 0
-307 -832 0
-307 -867 0
-307 -902 0
-307 -937 0
-342 -377 0
-342 -412 0
-342 -447 0
-342 -482 0
-342 -517 0
-342 -552 0
-342 -587 0
-342 -622 0
-342 -657 0
-342 -692 0
-342 -727 0
-342 -762 0
-342 -797 0
-342 -832 0
-342 -867 0
-342 -902 0
-342 -937 0
-377 -412 0
-377 -447 0
-377 -482 0
-377 -517 0
-377 -552 0
-377 -587 0
-377 -622 0
-377 -657 0
-377 -692 0
-377 -727 0
-377 -762 0
-377 -797 0
-377 -832 0
-377 -867 0
-377 -902 0
-377 -937 0
-412 -447 0
-412 -482 0
-412 -517 0
-412 -552 0
-412 -587 0
-412 -622 0
-412 -657 0
-412 -692 0
-412 -727 0
-412 -762 0
-412 -797 0
-412 -832 0
-412 -867 0
-412 -902 0
-412 -937 0
-447 -482 0
-447 -517 0
-447 -552 0
-447 -587 0
-447 -622 0
-447 -657 0
-447 -692 0
-447 -727 0
-447 -762 0
-447 -797 0
-447 -832 0
-447 -867 0
-447 -902 0
-447 -937 0
-482 -517 0
-482 -552 0
-482 -587 0
-482 -622 0
-482 -657 0
-482 -692 0
-482 -727 0
-482 -762 0
-482 -797 0
-482 -832 0
-482 -867 0
-482 -902 0
-482 -937 0
-517 -552 0
-517 -587 0
-517 -622 0
-517 -657 0
-517 -692 0
-517 -727 0
-517 -762 0
-517 -797 0
-517 -832 0
-517 -867 0
-517 -902 0
-517 -937 0
-552 -587 0
-552 -622 0
-552 -657 0
-552 -692 0
-552 -727 0
-552 -762 0
-552 -797 0
-552 -832 0
-552 -867 0
-552 -902 0
-552 -937 0
-587 -622 0
-587 -657 0
-587 -692 0
-587 -727 0
-587 -762 0
-587 -797 0
-587 -832 0
-587 -867 0
-587 -902 0
-587 -937 0
-622 -657 0
-622 -692 0
-622 -727 0
-622 -762 0
-622 -797 0
-622 -832 0
-622 -867 0
-622 -902 0
-622 -937 0
-657 -692 0
-657 -727 0
-657 -762 0
-657 -797 0
-657 -832 0
-657 -867 0
-657 -902 0
-657 -937 0
-692 -727 0
-692 -762 0
-692 -797 0
-692 -832 0
-692 -867 0
-692 -902 0
-692 -937 0
-727 -762 0
-727 -797 0
-727 -832 0
-727 -867 0
-727 -902 0
-727 -937 0
-762 -797 0
-762 -832 0
-762 -867 0
-762 -902 0
-762 -937 0
-797 -832 0
-797 -867 0
-797 -902 0
-797 -937 0
-832 -867 0
-832 -902 0
-832 -937 0
-867 -902 0
-867 -937 0
-902 -937 0
-28 -63 0
-28 -98 0
-28 -133 0
-28 -168 0
-28 -203 0
-28 -238 0
-28 -273 0
-28 -308 0
-28 -343 0
-28 -378 0
-28 -413 0
-28 -448 0
-28 -483 0
-28 -518 0
-28 -553 0
-28 -588 0
-28 -623 0
-28 -658 0
-28 -693 0
-28 -728 0
-28 -763 0
-28 -798 0
-28 -833 0
-28 -868 0
-28 -903 0
-28 -938 0
-28 -973 0
-63 -98 0
-63 -133 0
-63 -168 0
-63 -203 0
-63 -238 0
-63 -273 0
-63 -308 0
-63 -343 0
-63 -378 0
-63 -413 0
-63 -448 0
-63 -483 0
-63 -518 0
-63 -553 0
-63 -588 0
-63 -623 0
-63 -658 0
-63 -693 0
-63 -728 0
-63 -763 0
-63 -798 0
-63 -833 0
-63 -868 0
-63 -903 0
-63 -938 0
-63 -973 0
-98 -133 0
-98 -168 0
-98 -203 0
-98 -238 0
-98 -273 0
-98 -308 0
-98 -343 0
-98 -378 0
-98 -413 0
-98 -448 0
-98 -483 0
-98 -518 0
-98 -553 0
-98 -588 0
-98 -623 0
-98 -658 0
-98 -693 0
-98 -728 0
-98 -763 0
-98 -798 0
-98 -833 0
-98 -868 0
-98 -903 0
-98 -938 0
-98 -973 0
-133 -168 0
-133 -203 0
-133 -238 0
-133 -273 0
-133 -308 0
-133 -343 0
-133 -378 0
-133 -413 0
-133 -448 0
-133 -483 0
-133 -518 0
-133 -553 0
-133 -588 0
-133 -623 0
-133 -658 0
-133 -693 0
-133 -728 0
-133 -763 0
-133 -798 0
-133 -833 0
-133 -868 0
-133 -903 0
-133 -938 0
-133 -973 0
-168 -203 0
-168 -238 0
-168 -273 0
-168 -308 0
-168 -343 0
-168 -378 0
-168 -413 0
-168 -448 0
-168 -483 0
-168 -518 0
-168 -553 0
-168 -588 0
-168 -623 0
-168 -658 0
-168 -693 0
-168 -728 0
-168 -763 0
-168 -798 0
-168 -833 0
-168 -868 0
-168 -903 0
-168 -938 0
-168 -973 0
-203 -238 0
-203 -273 0
-203 -308 0
-203 -343 0
-203 -378 0
-203 -413 0
-203 -448 0
-203 -483 0
-203 -518 0
-203 -553 0
-203 -588 0
-203 -623 0
-203 -658 0
-203 -693 0
-203 -728 0
-203 -763 0
-203 -798 0
-203 -833 0
-203 -868 0
-203 -903 0
-203 -938 0
-203 -973 0
-238 -273 0
-238 -308 0
-238 -343 0
-238 -378 0
-238 -413 0
-238 -448 0
-238 -483 0
-238 -518 0
-238 -553 0
-238 -588 0
-238 -623 0
-238 -658 0
-238 -693 0
-238 -728 0
-238 -763 0
-238 -798 0
-238 -833 0
-238 -868 0
-238 -903 0
-238 -938 0
-238 -973 0
-273 -308 0
-273 -343 0
-273 -378 0
-273 -413 0
-273 -448 0
-273 -483 0
-273 -518 0
-273 -553 0
-273 -588 0
-273 -623 0
-273 -658 0
-273 -693 0
-273 -728 0
-273 -763 0
-273 -798 0
-273 -833 0
-273 -868 0
-273 -903 0
-273 -938 0
-273 -973 0
-308 -343 0
-308 -378 0
-308 -413 0
-308 -448 0
-308 -483 0
-308 -518 0
-308 -553 0
-308 -588 0
-308 -623 0
-308 -658 0
-308 -693 0
-308 -728 0
-308 -763 0
-308 -798 0
-308 -833 0
-308 -868 0
-308 -903 0
-308 -938 0
-308 -973 0
-343 -378 0
-343 -413 0
-343 -448 0
-343 -483 0
-343 -518 0
-343 -553 0
-343 -588 0
-343 -623 0
-343 -658 0
-343 -693 0
-343 -728 0
-343 -763 0
-343 -798 0
-343 -833 0
-343 -868 0
-343 -903 0
-343 -938 0
-343 -973 0
-378 -413 0
-378 -448 0
-378 -483 0
-378 -518 0
-378 -553 0
-378 -588 0
-378 -623 0
-378 -658 0
-378 -693 0
-378 -728 0
-378 -763 0
-378 -798 0
-378 -833 0
-378 -868 0
-378 -903 0
-378 -938 0
-378 -973 0
-413 -448 0
-413 -483 0
-413 -518 0
-413 -553 0
-413 -588 0
-413 -623 0
-413 -658 0
-413 -693 0
-413 -728 0
-413 -763 0
-413 -798 0
-413 -833 0
-413 -868 0
-413 -903 0
-413 -938 0
-413 -973 0
-448 -483 0
-448 -518 0
-448 -553 0
-448 -588 0
-448 -623 0
-448 -658 0
-448 -693 0
-448 -728 0
-448 -763 0
-448 -798 0
-448 -833 0
-448 -868 0
-448 -903 0
-448 -938 0
-448 -973 0
-483 -518 0
-483 -553 0
-483 -588 0
-483 -623 0
-483 -658 0
-483 -693 0
-483 -728 0
-483 -763 0
-483 -798 0
-483 -833 0
-483 -868 0
-483 -903 0
-483 -938 0
-483 -973 0
-518 -553 0
-518 -588 0
-518 -623 0
-518 -658 0
-518 -693 0
-518 -728 0
-518 -763 0
-518 -798 0
-518 -833 0
-518 -868 0
-518 -903 0
-518 -938 0
-518 -973 0
-553 -588 0
-553 -623 0
-553 -658 0
-553 -693 0
-553 -728 0
-553 -763 0
-553 -798 0
-553 -833 0
-553 -868 0
-553 -903 0
-553 -938 0
-553 -973 0
-588 -623 0
-588 -658 0
-588 -693 0
-588 -728 0
-588 -763 0
-588 -798 0
-588 -833 0
-588 -868 0
-588 -903 0
-588 -938 0
-588 -973 0
-623 -658 0
-623 -693 0
-623 -728 0
-623 -763 0
-623 -798 0
-623 -833 0
-623 -868 0
-623 -903 0
-623 -938 0
-623 -973 0
-658 -693 0
-658 -728 0
-658 -763 0
-658 -798 0
-658 -833 0
-658 -868 0
-658 -903 0
-658 -938 0
-658 -973 0
-693 -728 0
-693 -763 0
-693 -798 0
-693 -833 0
-693 -868 0
-693 -903 0
-693 -938 0
-693 -973 0
-728 -763 0
-728 -798 0
-728 -833 0
-728 -868 0
-728 -903 0
-728 -938 0
-728 -973 0
-763 -798 0
-763 -833 0
-763 -868 0
-763 -903 0
-763 -938 0
-763 -973 0
-798 -833 0
-798 -868 0
-798 -903 0
-798 -938 0
-798 -973 0
-833 -868 0
-833 -903 0
-833 -938 0
-833 -973 0
-868 -903 0
-868 -938 0
-868 -973 0
-903 -938 0
-903 -973 0
-938 -973 0
-29 -64 0
-29 -99 0
-29 -134 0
-29 -169 0
-29 -204 0
-29 -239 0
-29 -274 0
-29 -309 0
-29 -344 0
-29 -379 0
-29 -414 0
-29 -449 0
-29 -484 0
-29 -519 0
-29 -554 0
-29 -589 0
-29 -624 0
-29 -659 0
-29 -694 0
-29 -729 0
-29 -764 0
-29 -799 0
-29 -834 0
-29 -869 0
-29 -904 0
-29 -939 0
-29 -974 0
-29 -1009 0
-64 -99 0
-64 -134 0
-64 -169 0
-64 -204 0
-64 -239 0
-64 -274 0
-64 -309 0
-64 -344 0
-64 -379 0
-64 -414 0
-64 -449 0
-64 -484 0
-64 -519 0
-64 -554 0
-64 -589 0
-64 -624 0
-64 -659 0
-64 -694 0
-64 -729 0
-64 -764 0
-64 -799 0
-64 -834 0
-64 -869 0
-64 -904 0
-64 -939 0
-64 -974 0
-64 -1009 0
-99 -134 0
-99 -169 0
-99 -204 0
-99 -239 0
-99 -274 0
-99 -309 0
-99 -344 0
-99 -379 0
-99 -414 0
-99 -449 0
-99 -484 0
-99 -519 0
-99 -554 0
-99 -589 0
-99 -624 0
-99 -659 0
-99 -694 0
-99 -729 0
-99 -764 0
-99 -799 0
-99 -834 0
-99 -869 0
-99 -904 0
-99 -939 0
-99 -974 0
-99 -1009 0
-134 -169 0
-134 -204 0
-134 -239 0
-134 -274 0
-134 -309 0
-134 -344 0
-134 -379 0
-134 -414 0
-134 -449 0
-134 -484 0
-134 -519 0
-134 -554 0
-134 -589 0
-134 -624 0
-134 -659 0
-134 -694 0
-134 -729 0
-134 -764 0
-134 -799 0
-134 -834 0
-134 -869 0
-134 -904 0
-134 -939 0
-134 -974 0
-134 -1009 0
-169 -204 0
-169 -239 0
-169 -274 0
-169 -309 0
-169 -344 0
-169 -379 0
-169 -414 0
-169 -449 0
-169 -484 0
-169 -519 0
-169 -554 0
-169 -589 0
-169 -624 0
-169 -659 0
-169 -694 0
-169 -729 0
-169 -764 0
-169 -799 0
-169 -834 0
-169 -869 0
-169 -904 0
-169 -939 0
-169 -974 0
-169 -1009 0
-204 -239 0
-204 -274 0
-204 -309 0
-204 -344 0
-204 -379 0
-204 -414 0
-204 -449 0
-204 -484 0
-204 -519 0
-204 -554 0
-204 -589 0
-204 -624 0
-204 -659 0
-204 -694 0
-204 -729 0
-204 -764 0
-204 -799 0
-204 -834 0
-204 -869 0
-204 -904 0
-204 -939 0
-204 -974 0
-204 -1009 0
-239 -274 0
-239 -309 0
-239 -344 0
-239 -379 0
-239 -414 0
-239 -449 0
-239 -484 0
-239 -519 0
-239 -554 0
-239 -589 0
-239 -624 0
-239 -659 0
-239 -694 0
-239 -729 0
-239 -764 0
-239 -799 0
-239 -834 0
-239 -869 0
-239 -904 0
-239 -939 0
-239 -974 0
-239 -1009 0
-274 -309 0
-274 -344 0
-274 -379 0
-274 -414 0
-274 -449 0
-274 -484 0
-274 -519 0
-274 -554 0
-274 -589 0
-274 -624 0
-274 -659 0
-274 -694 0
-274 -729 0
-274 -764 0
-274 -799 0
-274 -834 0
-274 -869 0
-274 -904 0
-274 -939 0
-274 -974 0
-274 -1009 0
-309 -344 0
-309 -379 0
-309 -414 0
-309 -449 0
-309 -484 0
-309 -519 0
-309 -554 0
-309 -589 0
-309 -624 0
-309 -659 0
-309 -694 0
-309 -729 0
-309 -764 0
-309 -799 0
-309 -834 0
-309 -869 0
-309 -904 0
-309 -939 0
-309 -974 0
-309 -1009 0
-344 -379 0
-344 -414 0
-344 -449 0
-344 -484 0
-344 -519 0
-344 -554 0
-344 -589 0
-344 -624 0
-344 -659 0
-344 -694 0
-344 -729 0
-344 -764 0
-344 -799 0
-344 -834 0
-344 -869 0
-344 -904 0
-344 -939 0
-344 -974 0
-344 -1009 0
-379 -414 0
-379 -449 0
-379 -484 0
-379 -519 0
-379 -554 0
-379 -589 0
-379 -624 0
-379 -659 0
-379 -694 0
-379 -729 0
-379 -764 0
-379 -799 0
-379 -834 0
-379 -869 0
-379 -904 0
-379 -939 0
-379 -974 0
-379 -1009 0
-414 -449 0
-414 -484 0
-414 -519 0
-414 -554 0
-414 -589 0
-414 -624 0
-414 -659 0
-414 -694 0
-414 -729 0
-414 -764 0
-414 -799 0
-414 -834 0
-414 -869 0
-414 -904 0
-414 -939 0
-414 -974 0
-414 -1009 0
-449 -484 0
-449 -519 0
-449 -554 0
-449 -589 0
-449 -624 0
-449 -659 0
-449 -694 0
-449 -729 0
-449 -764 0
-449 -799 0
-449 -834 0
-449 -869 0
-449 -904 0
-449 -939 0
-449 -974 0
-449 -1009 0
-484 -519 0
-484 -554 0
-484 -589 0
-484 -624 0
-484 -659 0
-484 -694 0
-484 -729 0
-484 -764 0
-484 -799 0
-484 -834 0
-484 -869 0
-484 -904 0
-484 -939 0
-484 -974 0
-484 -1009 0
-519 -554 0
-519 -589 0
-519 -624 0
-519 -659 0
-519 -694 0
-519 -729 0
-519 -764 0
-519 -799 0
-519 -834 0
-519 -869 0
-519 -904 0
-519 -939 0
-519 -974 0
-519 -1009 0
-554 -589 0
-554 -624 0
-554 -659 0
-554 -694 0
-554 -729 0
-554 -764 0
-554 -799 0
-554 -834 0
-554 -869 0
-554 -904 0
-554 -939 0
-554 -974 0
-554 -1009 0
-589 -624 0
-589 -659 0
-589 -694 0
-589 -729 0
-589 -764 0
-589 -799 0
-589 -834 0
-589 -869 0
-589 -904 0
-589 -939 0
-589 -974 0
-589 -1009 0
-624 -659 0
-624 -694 0
-624 -729 0
-624 -764 0
-624 -799 0
-624 -834 0
-624 -869 0
-624 -904 0
-624 -939 0
-624 -974 0
-624 -1009 0
-659 -694 0
-659 -729 0
-659 -764 0
-659 -799 0
-659 -834 0
-659 -869 0
-659 -904 0
-659 -939 0
-659 -974 0
-659 -1009 0
-694 -729 0
-694 -764 0
-694 -799 0
-694 -834 0
-694 -869 0
-694 -904 0
-694 -939 0
-694 -974 0
-694 -1009 0
-729 -764 0
-729 -799 0
-729 -834 0
-729 -869 0
-729 -904 0
-729 -939 0
-729 -974 0
-729 -1009 0
-764 -799 0
-764 -834 0
-764 -869 0
-764 -904 0
-764 -939 0
-764 -974 0
-764 -1009 0
-799 -834 0
-799 -869 0
-799 -904 0
-799 -939 0
-799 -974 0
-799 -1009 0
-834 -869 0
-834 -904 0
-834 -939 0
-834 -974 0
-834 -1009 0
-869 -904 0
-869 -939 0
-869 -974 0
-869 -1009 0
-904 -939 0
-904 -974 0
-904 -1009 0
-939 -974 0
-939 -1009 0
-974 -1009 0
-30 -65 0
-30 -100 0
-30 -135 0
-30 -170 0
-30 -205 0
-30 -240 0
-30 -275 0
-30 -310 0
-30 -345 0
-30 -380 0
-30 -415 0
-30 -450 0
-30 -485 0
-30 -520 0
-30 -555 0
-30 -590 0
-30 -625 0
-30 -660 0
-30 -695 0
-30 -730 0
-30 -765 0
-30 -800 0
-30 -835 0
-30 -870 0
-30 -905 0
-30 -940 0
-30 -975 0
-30 -1010 0
-30 -1045 0
-65 -100 0
-65 -135 0
-65 -170 0
-65 -205 0
-65 -240 0
-65 -275 0
-65 -310 0
-65 -345 0
-65 -380 0
-65 -415 0
-65 -450 0
-65 -485 0
-65 -520 0
-65 -555 0
-65 -590 0
-65 -625 0
-65 -660 0
-65 -695 0
-65 -730 0
-65 -765 0
-65 -800 0
-65 -835 0
-65 -870 0
-65 -905 0
-65 -940 0
-65 -975 0
-65 -1010 0
-65 -1045 0
-100 -135 0
-100 -170 0
-100 -205 0
-100 -240 0
-100 -275 0
-100 -310 0
-100 -345 0
-100 -380 0
-100 -415 0
-100 -450 0
-100 -485 0
-100 -520 0
-100 -555 0
-100 -590 0
-100 -625 0
-100 -660 0
-100 -695 0
-100 -730 0
-100 -765 0
-100 -800 0
-100 -835 0
-100 -870 0
-100 -905 0
-100 -940 0
-100 -975 0
-100 -1010 0
-100 -1045 0
-135 -170 0
-135 -205 0
-135 -240 0
-135 -275 0
-135 -310 0
-135 -345 0
-135 -380 0
-135 -415 0
-135 -450 0
-135 -485 0
-135 -520 0
-135 -555 0
-135 -590 0
-135 -625 0
-135 -660 0
-135 -695 0
-135 -730 0
-135 -765 0
-135 -800 0
-135 -835 0
-135 -870 0
-135 -905 0
-135 -940 0
-135 -975 0
-135 -1010 0
-135 -1045 0
-170 -205 0
-170 -240 0
-170 -275 0
-170 -310 0
-170 -345 0
-170 -380 0
-170 -415 0
-170 -450 0
-170 -485 0
-170 -520 0
-170 -555 0
-170 -590 0
-170 -625 0
-170 -660 0
-170 -695 0
-170 -730 0
-170 -765 0
-170 -800 0
-170 -835 0
-170 -870 0
-170 -905 0
-170 -940 0
-170 -975 0
-170 -1010 0
-170 -1045 0
-205 -240 0
-205 -275 0
-205 -310 0
-205 -345 0
-205 -380 0
-205 -415 0
-205 -450 0
-205 -485 0
-205 -520 0
-205 -555 0
-205 -590 0
-205 -625 0
-205 -660 0
-205 -695 0
-205 -730 0
-205 -765 0
-205 -800 0
-205 -835 0
-205 -870 0
-205 -905 0
-205 -940 0
-205 -975 0
-205 -1010 0
-205 -1045 0
-240 -275 0
-240 -310 0
-240 -345 0
-240 -380 0
-240 -415 0
-240 -450 0
-240 -485 0
-240 -520 0
-240 -555 0
-240 -590 0
-240 -625 0
-240 -660 0
-240 -695 0
-240 -730 0
-240 -765 0
-240 -800 0
-240 -835 0
-240 -870 0
-240 -905 0
-240 -940 0
-240 -975 0
-240 -1010 0
-240 -1045 0
-275 -310 0
-275 -345 0
-275 -380 0
-275 -415 0
-275 -450 0
-275 -485 0
-275 -520 0
-275 -555 0
-275 -590 0
-275 -625 0
-275 -660 0
-275 -695 0
-275 -730 0
-275 -765 0
-275 -800 0
-275 -835 0
-275 -870 0
-275 -905 0
-275 -940 0
-275 -975 0
-275 -1010 0
-275 -1045 0
-310 -345 0
-310 -380 0
-310 -415 0
-310 -450 0
-310 -485 0
-310 -520 0
-310 -555 0
-310 -590 0
-310 -625 0
-310 -660 0
-310 -695 0
-310 -730 0
-310 -765 0
-310 -800 0
-310 -835 0
-310 -870 0
-310 -905 0
-310 -940 0
-310 -975 0
-310 -1010 0
-310 -1045 0
-345 -380 0
-345 -415 0
-345 -450 0
-345 -485 0
-345 -520 0
-345 -555 0
-345 -590 0
-345 -625 0
-345 -660 0
-345 -695 0
-345 -730 0
-345 -765 0
-345 -800 0
-345 -835 0
-345 -870 0
-345 -905 0
-345 -940 0
-345 -975 0
-345 -1010 0
-345 -1045 0
-380 -415 0
-380 -450 0
-380 -485 0
-380 -520 0
-380 -555 0
-380 -590 0
-380 -625 0
-380 -660 0
-380 -695 0
-380 -730 0
-380 -765 0
-380 -800 0
-380 -835 0
-380 -870 0
-380 -905 0
-380 -940 0
-380 -975 0
-380 -1010 0
-380 -1045 0
-415 -450 0
-415 -485 0
-415 -520 0
-415 -555 0
-415 -590 0
-415 -625 0
-415 -660 0
-415 -695 0
-415 -730 0
-415 -765 0
-415 -800 0
-415 -835 0
-415 -870 0
-415 -905 0
-415 -940 0
-415 -975 0
-415 -1010 0
-415 -1045 0
-450 -485 0
-450 -520 0
-450 -555 0
-450 -590 0
-450 -625 0
-450 -660 0
-450 -695 0
-450 -730 0
-450 -765 0
-450 -800 0
-450 -835 0
-450 -870 0
-450 -905 0
-450 -940 0
-450 -975 0
-450 -1010 0
-450 -1045 0
-485 -520 0
-485 -555 0
-485 -590 0
-485 -625 0
-485 -660 0
-485 -695 0
-485 -730 0
-485 -765 0
-485 -800 0
-485 -835 0
-485 -870 0
-485 -905 0
-485 -940 0
-485 -975 0
-485 -1010 0
-485 -1045 0
-520 -555 0
-520 -590 0
-520 -625 0
-520 -660 0
-520 -695 0
-520 -730 0
-520 -765 0
-520 -800 0
-520 -835 0
-520 -870 0
-520 -905 0
-520 -940 0
-520 -975 0
-520 -1010 0
-520 -1045 0
-555 -590 0
-555 -625 0
-555 -660 0
-555 -695 0
-555 -730 0
-555 -765 0
-555 -800 0
-555 -835 0
-555 -870 0
-555 -905 0
-555 -940 0
-555 -975 0
-555 -1010 0
-555 -1045 0
-590 -625 0
-590 -660 0
-590 -695 0
-590 -730 0
-590 -765 0
-590 -800 0
-590 -835 0
-590 -870 0
-590 -905 0
-590 -940 0
-590 -975 0
-590 -1010 0
-590 -1045 0
-625 -660 0
-625 -695 0
-625 -730 0
-625 -765 0
-625 -800 0
-625 -835 0
-625 -870 0
-625 -905 0
-625 -940 0
-625 -975 0
-625 -1010 0
-625 -1045 0
-660 -695 0
-660 -730 0
-660 -765 0
-660 -800 0
-660 -835 0
-660 -870 0
-660 -905 0
-660 -940 0
-660 -975 0
-660 -1010 0
-660 -1045 0
-695 -730 0
-695 -765 0
-695 -800 0
-695 -835 0
-695 -870 0
-695 -905 0
-695 -940 0
-695 -975 0
-695 -1010 0
-695 -1045 0
-730 -765 0
-730 -800 0
-730 -835 0
-730 -870 0
-730 -905 0
-730 -940 0
-730 -975 0
-730 -1010 0
-730 -1045 0
-765 -800 0
-765 -835 0
-765 -870 0
-765 -905 0
-765 -940 0
-765 -975 0
-765 -1010 0
-765 -1045 0
-800 -835 0
-800 -870 0
-800 -905 0
-800 -940 0
-800 -975 0
-800 -1010 0
-800 -1045 0
-835 -870 0
-835 -905 0
-835 -940 0
-835 -975 0
-835 -1010 0
-835 -1045 0
-870 -905 0
-870 -940 0
-870 -975 0
-870 -1010 0
-870 -1045 0
-905 -940 0
-905 -975 0
-905 -1010 0
-905 -1045 0
-940 -975 0
-940 -1010 0
-940 -1045 0
-975 -1010 0
-975 -1045 0
-1010 -1045 0
-31 -66 0
-31 -101 0
-31 -136 0
-31 -171 0
-31 -206 0
-31 -241 0
-31 -276 0
-31 -311 0
-31 -346 0
-31 -381 0
-31 -416 0
-31 -451 0
-31 -486 0
-31 -521 0
-31 -556 0
-31 -591 0
-31 -626 0
-31 -661 0
-31 -696 0
-31 -731 0
-31 -766 0
-31 -801 0
-31 -836 0
-31 -871 0
-31 -906 0
-31 -941 0
-31 -976 0
-31 -1011 0
-31 -1046 0
-31 -1081 0
-66 -101 0
-66 -136 0
-66 -171 0
-66 -206 0
-66 -241 0
-66 -276 0
-66 -311 0
-66 -346 0
-66 -381 0
-66 -416 0
-66 -451 0
-66 -486 0
-66 -521 0
-66 -556 0
-66 -591 0
-66 -626 0
-66 -661 0
-66 -696 0
-66 -731 0
-66 -766 0
-66 -801 0
-66 -836 0
-66 -871 0
-66 -906 0
-66 -941 0
-66 -976 0
-66 -1011 0
-66 -1046 0
-66 -1081 0
-101 -136 0
-101 -171 0
-101 -206 0
-101 -241 0
-101 -276 0
-101 -311 0
-101 -346 0
-101 -381 0
-101 -416 0
-101 -451 0
-101 -486 0
-101 -521 0
-101 -556 0
-101 -591 0
-101 -626 0
-101 -661 0
-101 -696 0
-101 -731 0
-101 -766 0
-101 -801 0
-101 -836 0
-101 -871 0
-101 -906 0
-101 -941 0
-101 -976 0
-101 -1011 0
-101 -1046 0
-101 -1081 0
-136 -171 0
-136 -206 0
-136 -241 0
-136 -276 0
-136 -311 0
-136 -346 0
-136 -381 0
-136 -416 0
-136 -451 0
-136 -486 0
-136 -521 0
-136 -556 0
-136 -591 0
-136 -626 0
-136 -661 0
-136 -696 0
-136 -731 0
-136 -766 0
-136 -801 0
-136 -836 0
-136 -871 0
-136 -906 0
-136 -941 0
-136 -976 0
-136 -1011 0
-136 -1046 0
-136 -1081 0
-171 -206 0
-171 -241 0
-171 -276 0
-171 -311 0
-171 -346 0
-171 -381 0
-171 -416 0
-171 -451 0
-171 -486 0
-171 -521 0
-171 -556 0
-171 -591 0
-171 -626 0
-171 -661 0
-171 -696 0
-171 -731 0
-171 -766 0
-171 -801 0
-171 -836 0
-171 -871 0
-171 -906 0
-171 -941 0
-171 -976 0
-171 -1011 0
-171 -1046 0
-171 -1081 0
-206 -241 0
-206 -276 0
-206 -311 0
-206 -346 0
-206 -381 0
-206 -416 0
-206 -451 0
-206 -486 0
-206 -521 0
-206 -556 0
-206 -591 0
-206 -626 0
-206 -661 0
-206 -696 0
-206 -731 0
-206 -766 0
-206 -801 0
-206 -836 0
-206 -871 0
-206 -906 0
-206 -941 0
-206 -976 0
-206 -1011 0
-206 -1046 0
-206 -1081 0
-241 -276 0
-241 -311 0
-241 -346 0
-241 -381 0
-241 -416 0
-241 -451 0
-241 -486 0
-241 -521 0
-241 -556 0
-241 -591 0
-241 -626 0
-241 -661 0
-241 -696 0
-241 -731 0
-241 -766 0
-241 -801 0
-241 -836 0
-241 -871 0
-241 -906 0
-241 -941 0
-241 -976 0
-241 -1011 0
-241 -1046 0
-241 -1081 0
-276 -311 0
-276 -346 0
-276 -381 0
-276 -416 0
-276 -451 0
-276 -486 0
-276 -521 0
-276 -556 0
-276 -591 0
-276 -626 0
-276 -661 0
-276 -696 0
-276 -731 0
-276 -766 0
-276 -801 0
-276 -836 0
-276 -871 0
-276 -906 0
-276 -941 0
-276 -976 0
-276 -1011 0
-276 -1046 0
-276 -1081 0
-311 -346 0
-311 -381 0
-311 -416 0
-311 -451 0
-311 -486 0
-311 -521 0
-311 -556 0
-311 -591 0
-311 -626 0
-311 -661 0
-311 -696 0
-311 -731 0
-311 -766 0
-311 -801 0
-311 -836 0
-311 -871 0
-311 -906 0
-311 -941 0
-311 -976 0
-311 -1011 0
-311 -1046 0
-311 -1081 0
-346 -381 0
-346 -416 0
-346 -451 0
-346 -486 0
-346 -521 0
-346 -556 0
-346 -591 0
-346 -626 0
-346 -661 0
-346 -696 0
-346 -731 0
-346 -766 0
-346 -801 0
-346 -836 0
-346 -871 0
-346 -906 0
-346 -941 0
-346 -976 0
-346 -1011 0
-346 -1046 0
-346 -1081 0
-381 -416 0
-381 -451 0
-381 -486 0
-381 -521 0
-381 -556 0
-381 -591 0
-381 -626 0
-381 -661 0
-381 -696 0
-381 -731 0
-381 -766 0
-381 -801 0
-381 -836 0
-381 -871 0
-381 -906 0
-381 -941 0
-381 -976 0
-381 -1011 0
-381 -1046 0
-381 -1081 0
-416 -451 0
-416 -486 0
-416 -521 0
-416 -556 0
-416 -591 0
-416 -626 0
-416 -661 0
-416 -696 0
-416 -731 0
-416 -766 0
-416 -801 0
-416 -836 0
-416 -871 0
-416 -906 0
-416 -941 0
-416 -976 0
-416 -1011 0
-416 -1046 0
-416 -1081 0
-451 -486 0
-451 -521 0
-451 -556 0
-451 -591 0
-451 -626 0
-451 -661 0
-451 -696 0
-451 -731 0
-451 -766 0
-451 -801 0
-451 -836 0
-451 -871 0
-451 -906 0
-451 -941 0
-451 -976 0
-451 -1011 0
-451 -1046 0
-451 -1081 0
-486 -521 0
-486 -556 0
-486 -591 0
-486 -626 0
-486 -661 0
-486 -696 0
-486 -731 0
-486 -766 0
-486 -801 0
-486 -836 0
-486 -871 0
-486 -906 0
-486 -941 0
-486 -976 0
-486 -1011 0
-486 -1046 0
-486 -1081 0
-521 -556 0
-521 -591 0
-521 -626 0
-521 -661 0
-521 -696 0
-521 -731 0
-521 -766 0
-521 -801 0
-521 -836 0
-521 -871 0
-521 -906 0
-521 -941 0
-521 -976 0
-521 -1011 0
-521 -1046 0
-521 -1081 0
-556 -591 0
-556 -626 0
-556 -661 0
-556 -696 0
-556 -731 0
-556 -766 0
-556 -801 0
-556 -836 0
-556 -871 0
-556 -906 0
-556 -941 0
-556 -976 0
-556 -1011 0
-556 -1046 0
-556 -1081 0
-591 -626 0
-591 -661 0
-591 -696 0
-591 -731 0
-591 -766 0
-591 -801 0
-591 -836 0
-591 -871 0
-591 -906 0
-591 -941 0
-591 -976 0
-591 -1011 0
-591 -1046 0
-591 -1081 0
-626 -661 0
-626 -696 0
-626 -731 0
-626 -766 0
-626 -801 0
-626 -836 0
-626 -871 0
-626 -906 0
-626 -941 0
-626 -976 0
-626 -1011 0
-626 -1046 0
-626 -1081 0
-661 -696 0
-661 -731 0
-661 -766 0
-661 -801 0
-661 -836 0
-661 -871 0
-661 -906 0
-661 -941 0
-661 -976 0
-661 -1011 0
-661 -1046 0
-661 -1081 0
-696 -731 0
-696 -766 0
-696 -801 0
-696 -836 0
-696 -871 0
-696 -906 0
-696 -941 0
-696 -976 0
-696 -1011 0
-696 -1046 0
-696 -1081 0
-731 -766 0
-731 -801 0
-731 -836 0
-731 -871 0
-731 -906 0
-731 -941 0
-731 -976 0
-731 -1011 0
-731 -1046 0
-731 -1081 0
-766 -801 0
-766 -836 0
-766 -871 0
-766 -906 0
-766 -941 0
-766 -976 0
-766 -1011 0
-766 -1046 0
-766 -1081 0
-801 -836 0
-801 -871 0
-801 -906 0
-801 -941 0
-801 -976 0
-801 -1011 0
-801 -1046 0
-801 -1081 0
-836 -871 0
-836 -906 0
-836 -941 0
-836 -976 0
-836 -1011 0
-836 -1046 0
-836 -1081 0
-871 -906 0
-871 -941 0
-871 -976 0
-871 -1011 0
-871 -1046 0
-871 -1081 0
-906 -941 0
-906 -976 0
-906 -1011 0
-906 -1046 0
-906 -1081 0
-941 -976 0
-941 -1011 0
-941 -1046 0
-941 -1081 0
-976 -1011 0
-976 -1046 0
-976 -1081 0
-1011 -1046 0
-1011 -1081 0
-1046 -1081 0
-32 -67 0
-32 -102 0
-32 -137 0
-32 -172 0
-32 -207 0
-32 -242 0
-32 -277 0
-32 -312 0
-32 -347 0
-32 -382 0
-32 -417 0
-32 -452 0
-32 -487 0
-32 -522 0
-32 -557 0
-32 -592 0
-32 -627 0
-32 -662 0
-32 -697 0
-32 -732 0
-32 -767 0
-32 -802 0
-32 -837 0
-32 -872 0
-32 -907 0
-32 -942 0
-32 -977 0
-32 -1012 0
-32 -1047 0
-32 -1082 0
-32 -1117 0
-67 -102 0
-67 -137 0
-67 -172 0
-67 -207 0
-67 -242 0
-67 -277 0
-67 -312 0
-67 -347 0
-67 -382 0
-67 -417 0
-67 -452 0
-67 -487 0
-67 -522 0
-67 -557 0
-67 -592 0
-67 -627 0
-67 -662 0
-67 -697 0
-67 -732 0
-67 -767 0
-67 -802 0
-67 -837 0
-67 -872 0
-67 -907 0
-67 -942 0
-67 -977 0
-67 -1012 0
-67 -1047 0
-67 -1082 0
-67 -1117 0
-102 -137 0
-102 -172 0
-102 -207 0
-102 -242 0
-102 -277 0
-102 -312 0
-102 -347 0
-102 -382 0
-102 -417 0
-102 -452 0
-102 -487 0
-102 -522 0
-102 -557 0
-102 -592 0
-102 -627 0
-102 -662 0
-102 -697 0
-102 -732 0
-102 -767 0
-102 -802 0
-102 -837 0
-102 -872 0
-102 -907 0
-102 -942 0
-102 -977 0
-102 -1012 0
-102 -1047 0
-102 -1082 0
-102 -1117 0
-137 -172 0
-137 -207 0
-137 -242 0
-137 -277 0
-137 -312 0
-137 -347 0
-137 -382 0
-137 -417 0
-137 -452 0
-137 -487 0
-137 -522 0
-137 -557 0
-137 -592 0
-137 -627 0
-137 -662 0
-137 -697 0
-137 -732 0
-137 -767 0
-137 -802 0
-137 -837 0
-137 -872 0
-137 -907 0
-137 -942 0
-137 -977 0
-137 -1012 0
-137 -1047 0
-137 -1082 0
-137 -1117 0
-172 -207 0
-172 -242 0
-172 -277 0
-172 -312 0
-172 -347 0
-172 -382 0
-172 -417 0
-172 -452 0
-172 -487 0
-172 -522 0
-172 -557 0
-172 -592 0
-172 -627 0
-172 -662 0
-172 -697 0
-172 -732 0
-172 -767 0
-172 -802 0
-172 -837 0
-172 -872 0
-172 -907 0
-172 -942 0
-172 -977 0
-172 -1012 0
-172 -1047 0
-172 -1082 0
-172 -1117 0
-207 -242 0
-207 -277 0
-207 -312 0
-207 -347 0
-207 -382 0
-207 -417 0
-207 -452 0
-207 -487 0
-207 -522 0
-207 -557 0
-207 -592 0
-207 -627 0
-207 -662 0
-207 -697 0
-207 -732 0
-207 -767 0
-207 -802 0
-207 -837 0
-207 -872 0
-207 -907 0
-207 -942 0
-207 -977 0
-207 -1012 0
-207 -1047 0
-207 -1082 0
-207 -1117 0
-242 -277 0
-242 -312 0
-242 -347 0
-242 -382 0
-242 -417 0
-242 -452 0
-242 -487 0
-242 -522 0
-242 -557 0
-242 -592 0
-242 -627 0
-242 -662 0
-242 -697 0
-242 -732 0
-242 -767 0
-242 -802 0
-242 -837 0
-242 -872 0
-242 -907 0
-242 -942 0
-242 -977 0
-242 -1012 0
-242 -1047 0
-242 -1082 0
-242 -1117 0
-277 -312 0
-277 -347 0
-277 -382 0
-277 -417 0
-277 -452 0
-277 -487 0
-277 -522 0
-277 -557 0
-277 -592 0
-277 -627 0
-277 -662 0
-277 -697 0
-277 -732 0
-277 -767 0
-277 -802 0
-277 -837 0
-277 -872 0
-277 -907 0
-277 -942 0
-277 -977 0
-277 -1012 0
-277 -1047 0
-277 -1082 0
-277 -1117 0
-312 -347 0
-312 -382 0
-312 -417 0
-312 -452 0
-312 -487 0
-312 -522 0
-312 -557 0
-312 -592 0
-312 -627 0
-312 -662 0
-312 -697 0
-312 -732 0
-312 -767 0
-312 -802 0
-312 -837 0
-312 -872 0
-312 -907 0
-312 -942 0
-312 -977 0
-312 -1012 0
-312 -1047 0
-312 -1082 0
-312 -1117 0
-347 -382 0
-347 -417 0
-347 -452 0
-347 -487 0
-347 -522 0
-347 -557 0
-347 -592 0
-347 -627 0
-347 -662 0
-347 -697 0
-347 -732 0
-347 -767 0
-347 -802 0
-347 -837 0
-347 -872 0
-347 -907 0
-347 -942 0
-347 -977 0
-347 -1012 0
-347 -1047 0
-347 -1082 0
-347 -1117 0
-382 -417 0
-382 -452 0
-382 -487 0
-382 -522 0
-382 -557 0
-382 -592 0
-382 -627 0
-382 -662 0
-382 -697 0
-382 -732 0
-382 -767 0
-382 -802 0
-382 -837 0
-382 -872 0
-382 -907 0
-382 -942 0
-382 -977 0
-382 -1012 0
-382 -1047 0
-382 -1082 0
-382 -1117 0
-417 -452 0
-417 -487 0
-417 -522 0
-417 -557 0
-417 -592 0
-417 -627 0
-417 -662 0
-417 -697 0
-417 -732 0
-417 -767 0
-417 -802 0
-417 -837 0
-417 -872 0
-417 -907 0
-417 -942 0
-417 -977 0
-417 -1012 0
-417 -1047 0
-417 -1082 0
-417 -1117 0
-452 -487 0
-452 -522 0
-452 -557 0
-452 -592 0
-452 -627 0
-452 -662 0
-452 -697 0
-452 -732 0
-452 -767 0
-452 -802 0
-452 -837 0
-452 -872 0
-452 -907 0
-452 -942 0
-452 -977 0
-452 -1012 0
-452 -1047 0
-452 -1082 0
-452 -1117 0
-487 -522 0
-487 -557 0
-487 -592 0
-487 -627 0
-487 -662 0
-487 -697 0
-487 -732 0
-487 -767 0
-487 -802 0
-487 -837 0
-487 -872 0
-487 -907 0
-487 -942 0
-487 -977 0
-487 -1012 0
-487 -1047 0
-487 -1082 0
-487 -1117 0
-522 -557 0
-522 -592 0
-522 -627 0
-522 -662 0
-522 -697 0
-522 -732 0
-522 -767 0
-522 -802 0
-522 -837 0
-522 -872 0
-522 -907 0
-522 -942 0
-522 -977 0
-522 -1012 0
-522 -1047 0
-522 -1082 0
-522 -1117 0
-557 -592 0
-557 -627 0
-557 -662 0
-557 -697 0
-557 -732 0
-557 -767 0
-557 -802 0
-557 -837 0
-557 -872 0
-557 -907 0
-557 -942 0
-557 -977 0
-557 -1012 0
-557 -1047 0
-557 -1082 0
-557 -1117 0
-592 -627 0
-592 -662 0
-592 -697 0
-592 -732 0
-592 -767 0
-592 -802 0
-592 -837 0
-592 -872 0
-592 -907 0
-592 -942 0
-592 -977 0
-592 -1012 0
-592 -1047 0
-592 -1082 0
-592 -1117 0
-627 -662 0
-627 -697 0
-627 -732 0
-627 -767 0
-627 -802 0
-627 -837 0
-627 -872 0
-627 -907 0
-627 -942 0
-627 -977 0
-627 -1012 0
-627 -1047 0
-627 -1082 0
-627 -1117 0
-662 -697 0
-662 -732 0
-662 -767 0
-662 -802 0
-662 -837 0
-662 -872 0
-662 -907 0
-662 -942 0
-662 -977 0
-662 -1012 0
-662 -1047 0
-662 -1082 0
-662 -1117 0
-697 -732 0
-697 -767 0
-697 -802 0
-697 -837 0
-697 -872 0
-697 -907 0
-697 -942 0
-697 -977 0
-697 -1012 0
-697 -1047 0
-697 -1082 0
-697 -1117 0
-732 -767 0
-732 -802 0
-732 -837 0
-732 -872 0
-732 -907 0
-732 -942 0
-732 -977 0
-732 -1012 0
-732 -1047 0
-732 -1082 0
-732 -1117 0
-767 -802 0
-767 -837 0
-767 -872 0
-767 -907 0
-767 -942 0
-767 -977 0
-767 -1012 0
-767 -1047 0
-767 -1082 0
-767 -1117 0
-802 -837 0
-802 -872 0
-802 -907 0
-802 -942 0
-802 -977 0
-802 -1012 0
-802 -1047 0
-802 -1082 0
-802 -1117 0
-837 -872 0
-837 -907 0
-837 -942 0
-837 -977 0
-837 -1012 0
-837 -1047 0
-837 -1082 0
-837 -1117 0
-872 -907 0
-872 -942 0
-872 -977 0
-872 -1012 0
-872 -1047 0
-872 -1082 0
-872 -1117 0
-907 -942 0
-907 -977 0
-907 -1012 0
-907 -1047 0
-907 -1082 0
-907 -1117 0
-942 -977 0
-942 -1012 0
-942 -1047 0
-942 -1082 0
-942 -1117 0
-977 -1012 0
-977 -1047 0
-977 -1082 0
-977 -1117 0
-1012 -1047 0
-1012 -1082 0
-1012 -1117 0
-1047 -1082 0
-1047 -1117 0
-1082 -1117 0
-33 -68 0
-33 -103 0
-33 -138 0
-33 -173 0
-33 -208 0
-33 -243 0
-33 -278 0
-33 -313 0
-33 -348 0
-33 -383 0
-33 -418 0
-33 -453 0
-33 -488 0
-33 -523 0
-33 -558 0
-33 -593 0
-33 -628 0
-33 -663 0
-33 -698 0
-33 -733 0
-33 -768 0
-33 -803 0
-33 -838 0
-33 -873 0
-33 -908 0
-33 -943 0
-33 -978 0
-33 -1013 0
-33 -1048 0
-33 -1083 0
-33 -1118 0
-33 -1153 0
-68 -103 0
-68 -138 0
-68 -173 0
-68 -208 0
-68 -243 0
-68 -278 0
-68 -313 0
-68 -348 0
-68 -383 0
-68 -418 0
-68 -453 0
-68 -488 0
-68 -523 0
-68 -558 0
-68 -593 0
-68 -628 0
-68 -663 0
-68 -698 0
-68 -733 0
-68 -768 0
-68 -803 0
-68 -838 0
-68 -873 0
-68 -908 0
-68 -943 0
-68 -978 0
-68 -1013 0
-68 -1048 0
-68 -1083 0
-68 -1118 0
-68 -1153 0
-103 -138 0
-103 -173 0
-103 -208 0
-103 -243 0
-103 -278 0
-103 -313 0
-103 -348 0
-103 -383 0
-103 -418 0
-103 -453 0
-103 -488 0
-103 -523 0
-103 -558 0
-103 -593 0
-103 -628 0
-103 -663 0
-103 -698 0
-103 -733 0
-103 -768 0
-103 -803 0
-103 -838 0
-103 -873 0
-103 -908 0
-103 -943 0
-103 -978 0
-103 -1013 0
-103 -1048 0
-103 -1083 0
-103 -1118 0
-103 -1153 0
-138 -173 0
-138 -208 0
-138 -243 0
-138 -278 0
-138 -313 0
-138 -348 0
-138 -383 0
-138 -418 0
-138 -453 0
-138 -488 0
-138 -523 0
-138 -558 0
-138 -593 0
-138 -628 0
-138 -663 0
-138 -698 0
-138 -733 0
-138 -768 0
-138 -803 0
-138 -838 0
-138 -873 0
-138 -908 0
-138 -943 0
-138 -978 0
-138 -1013 0
-138 -1048 0
-138 -1083 0
-138 -1118 0
-138 -1153 0
-173 -208 0
-173 -243 0
-173 -278 0
-173 -313 0
-173 -348 0
-173 -383 0
-173 -418 0
-173 -453 0
-173 -488 0
-173 -523 0
-173 -558 0
-173 -593 0
-173 -628 0
-173 -663 0
-173 -698 0
-173 -733 0
-173 -768 0
-173 -803 0
-173 -838 0
-173 -873 0
-173 -908 0
-173 -943 0
-173 -978 0
-173 -1013 0
-173 -1048 0
-173 -1083 0
-173 -1118 0
-173 -1153 0
-208 -243 0
-208 -278 0
-208 -313 0
-208 -348 0
-208 -383 0
-208 -418 0
-208 -453 0
-208 -488 0
-208 -523 0
-208 -558 0
-208 -593 0
-208 -628 0
-208 -663 0
-208 -698 0
-208 -733 0
-208 -768 0
-208 -803 0
-208 -838 0
-208 -873 0
-208 -908 0
-208 -943 0
-208 -978 0
-208 -1013 0
-208 -1048 0
-208 -1083 0
-208 -1118 0
-208 -1153 0
-243 -278 0
-243 -313 0
-243 -348 0
-243 -383 0
-243 -418 0
-243 -453 0
-243 -488 0
-243 -523 0
-243 -558 0
-243 -593 0
-243 -628 0
-243 -663 0
-243 -698 0
-243 -733 0
-243 -768 0
-243 -803 0
-243 -838 0
-243 -873 0
-243 -908 0
-243 -943 0
-243 -978 0
-243 -1013 0
-243 -1048 0
-243 -1083 0
-243 -1118 0
-243 -1153 0
-278 -313 0
-278 -348 0
-278 -383 0
-278 -418 0
-278 -453 0
-278 -488 0
-278 -523 0
-278 -558 0
-278 -593 0
-278 -628 0
-278 -663 0
-278 -698 0
-278 -733 0
-278 -768 0
-278 -803 0
-278 -838 0
-278 -873 0
-278 -908 0
-278 -943 0
-278 -978 0
-278 -1013 0
-278 -1048 0
-278 -1083 0
-278 -1118 0
-278 -1153 0
-313 -348 0
-313 -383 0
-313 -418 0
-313 -453 0
-313 -488 0
-313 -523 0
-313 -558 0
-313 -593 0
-313 -628 0
-313 -663 0
-313 -698 0
-313 -733 0
-313 -768 0
-313 -803 0
-313 -838 0
-313 -873 0
-313 -908 0
-313 -943 0
-313 -978 0
-313 -1013 0
-313 -1048 0
-313 -1083 0
-313 -1118 0
-313 -1153 0
-348 -383 0
-348 -418 0
-348 -453 0
-348 -488 0
-348 -523 0
-348 -558 0
-348 -593 0
-348 -628 0
-348 -663 0
-348 -698 0
-348 -733 0
-348 -768 0
-348 -803 0
-348 -838 0
-348 -873 0
-348 -908 0
-348 -943 0
-348 -978 0
-348 -1013 0
-348 -1048 0
-348 -1083 0
-348 -1118 0
-348 -1153 0
-383 -418 0
-383 -453 0
-383 -488 0
-383 -523 0
-383 -558 0
-383 -593 0
-383 -628 0
-383 -663 0
-383 -698 0
-383 -733 0
-383 -768 0
-383 -803 0
-383 -838 0
-383 -873 0
-383 -908 0
-383 -943 0
-383 -978 0
-383 -1013 0
-383 -1048 0
-383 -1083 0
-383 -1118 0
-383 -1153 0
-418 -453 0
-418 -488 0
-418 -523 0
-418 -558 0
-418 -593 0
-418 -628 0
-418 -663 0
-418 -698 0
-418 -733 0
-418 -768 0
-418 -803 0
-418 -838 0
-418 -873 0
-418 -908 0
-418 -943 0
-418 -978 0
-418 -1013 0
-418 -1048 0
-418 -1083 0
-418 -1118 0
-418 -1153 0
-453 -488 0
-453 -523 0
-453 -558 0
-453 -593 0
-453 -628 0
-453 -663 0
-453 -698 0
-453 -733 0
-453 -768 0
-453 -803 0
-453 -838 0
-453 -873 0
-453 -908 0
-453 -943 0
-453 -978 0
-453 -1013 0
-453 -1048 0
-453 -1083 0
-453 -1118 0
-453 -1153 0
-488 -523 0
-488 -558 0
-488 -593 0
-488 -628 0
-488 -663 0
-488 -698 0
-488 -733 0
-488 -768 0
-488 -803 0
-488 -838 0
-488 -873 0
-488 -908 0
-488 -943 0
-488 -978 0
-488 -1013 0
-488 -1048 0
-488 -1083 0
-488 -1118 0
-488 -1153 0
-523 -558 0
-523 -593 0
-523 -628 0
-523 -663 0
-523 -698 0
-523 -733 0
-523 -768 0
-523 -803 0
-523 -838 0
-523 -873 0
-523 -908 0
-523 -943 0
-523 -978 0
-523 -1013 0
-523 -1048 0
-523 -1083 0
-523 -1118 0
-523 -1153 0
-558 -593 0
-558 -628 0
-558 -663 0
-558 -698 0
-558 -733 0
-558 -768 0
-558 -803 0
-558 -838 0
-558 -873 0
-558 -908 0
-558 -943 0
-558 -978 0
-558 -1013 0
-558 -1048 0
-558 -1083 0
-558 -1118 0
-558 -1153 0
-593 -628 0
-593 -663 0
-593 -698 0
-593 -733 0
-593 -768 0
-593 -803 0
-593 -838 0
-593 -873 0
-593 -908 0
-593 -943 0
-593 -978 0
-593 -1013 0
-593 -1048 0
-593 -1083 0
-593 -1118 0
-593 -1153 0
-628 -663 0
-628 -698 0
-628 -733 0
-628 -768 0
-628 -803 0
-628 -838 0
-628 -873 0
-628 -908 0
-628 -943 0
-628 -978 0
-628 -1013 0
-628 -1048 0
-628 -1083 0
-628 -1118 0
-628 -1153 0
-663 -698 0
-663 -733 0
-663 -768 0
-663 -803 0
-663 -838 0
-663 -873 0
-663 -908 0
-663 -943 0
-663 -978 0
-663 -1013 0
-663 -1048 0
-663 -1083 0
-663 -1118 0
-663 -1153 0
-698 -733 0
-698 -768 0
-698 -803 0
-698 -838 0
-698 -873 0
-698 -908 0
-698 -943 0
-698 -978 0
-698 -1013 0
-698 -1048 0
-698 -1083 0
-698 -1118 0
-698 -1153 0
-733 -768 0
-733 -803 0
-733 -838 0
-733 -873 0
-733 -908 0
-733 -943 0
-733 -978 0
-733 -1013 0
-733 -1048 0
-733 -1083 0
-733 -1118 0
-733 -1153 0
-768 -803 0
-768 -838 0
-768 -873 0
-768 -908 0
-768 -943 0
-768 -978 0
-768 -1013 0
-768 -1048 0
-768 -1083 0
-768 -1118 0
-768 -1153 0
-803 -838 0
-803 -873 0
-803 -908 0
-803 -943 0
-803 -978 0
-803 -1013 0
-803 -1048 0
-803 -1083 0
-803 -1118 0
-803 -1153 0
-838 -873 0
-838 -908 0
-838 -943 0
-838 -978 0
-838 -1013 0
-838 -1048 0
-838 -1083 0
-838 -1118 0
-838 -1153 0
-873 -908 0
-873 -943 0
-873 -978 0
-873 -1013 0
-873 -1048 0
-873 -1083 0
-873 -1118 0
-873 -1153 0
-908 -943 0
-908 -978 0
-908 -1013 0
-908 -1048 0
-908 -1083 0
-908 -1118 0
-908 -1153 0
-943 -978 0
-943 -1013 0
-943 -1048 0
-943 -1083 0
-943 -1118 0
-943 -1153 0
-978 -1013 0
-978 -1048 0
-978 -1083 0
-978 -1118 0
-978 -1153 0
-1013 -1048 0
-1013 -1083 0
-1013 -1118 0
-1013 -1153 0
-1048 -1083 0
-1048 -1118 0
-1048 -1153 0
-1083 -1118 0
-1083 -1153 0
-1118 -1153 0
-34 -69 0
-34 -104 0
-34 -139 0
-34 -174 0
-34 -209 0
-34 -244 0
-34 -279 0
-34 -314 0
-34 -349 0
-34 -384 0
-34 -419 0
-34 -454 0
-34 -489 0
-34 -524 0
-34 -559 0
-34 -594 0
-34 -629 0
-34 -664 0
-34 -699 0
-34 -734 0
-34 -769 0
-34 -804 0
-34 -839 0
-34 -874 0
-34 -909 0
-34 -944 0
-34 -979 0
-34 -1014 0
-34 -1049 0
-34 -1084 0
-34 -1119 0
-34 -1154 0
-34 -1189 0
-69 -104 0
-69 -139 0
-69 -174 0
-69 -209 0
-69 -244 0
-69 -279 0
-69 -314 0
-69 -349 0
-69 -384 0
-69 -419 0
-69 -454 0
-69 -489 0
-69 -524 0
-69 -559 0
-69 -594 0
-69 -629 0
-69 -664 0
-69 -699 0
-69 -734 0
-69 -769 0
-69 -804 0
-69 -839 0
-69 -874 0
-69 -909 0
-69 -944 0
-69 -979 0
-69 -1014 0
-69 -1049 0
-69 -1084 0
-69 -1119 0
-69 -1154 0
-69 -1189 0
-104 -139 0
-104 -174 0
-104 -209 0
-104 -244 0
-104 -279 0
-104 -314 0
-104 -349 0
-104 -384 0
-104 -419 0
-104 -454 0
-104 -489 0
-104 -524 0
-104 -559 0
-104 -594 0
-104 -629 0
-104 -664 0
-104 -699 0
-104 -734 0
-104 -769 0
-104 -804 0
-104 -839 0
-104 -874 0
-104 -909 0
-104 -944 0
-104 -979 0
-104 -1014 0
-104 -1049 0
-104 -1084 0
-104 -1119 0
-104 -1154 0
-104 -1189 0
-139 -174 0
-139 -209 0
-139 -244 0
-139 -279 0
-139 -314 0
-139 -349 0
-139 -384 0
-139 -419 0
-139 -454 0
-139 -489 0
-139 -524 0
-139 -559 0
-139 -594 0
-139 -629 0
-139 -664 0
-139 -699 0
-139 -734 0
-139 -769 0
-139 -804 0
-139 -839 0
-139 -874 0
-139 -909 0
-139 -944 0
-139 -979 0
-139 -1014 0
-139 -1049 0
-139 -1084 0
-139 -1119 0
-139 -1154 0
-139 -1189 0
-174 -209 0
-174 -244 0
-174 -279 0
-174 -314 0
-174 -349 0
-174 -384 0
-174 -419 0
-174 -454 0
-174 -489 0
-174 -524 0
-174 -559 0
-174 -594 0
-174 -629 0
-174 -664 0
-174 -699 0
-174 -734 0
-174 -769 0
-174 -804 0
-174 -839 0
-174 -874 0
-174 -909 0
-174 -944 0
-174 -979 0
-174 -1014 0
-174 -1049 0
-174 -1084 0
-174 -1119 0
-174 -1154 0
-174 -1189 0
-209 -244 0
-209 -279 0
-209 -314 0
-209 -349 0
-209 -384 0
-209 -419 0
-209 -454 0
-209 -489 0
-209 -524 0
-209 -559 0
-209 -594 0
-209 -629 0
-209 -664 0
-209 -699 0
-209 -734 0
-209 -769 0
-209 -804 0
-209 -839 0
-209 -874 0
-209 -909 0
-209 -944 0
-209 -979 0
-209 -1014 0
-209 -1049 0
-209 -1084 0
-209 -1119 0
-209 -1154 0
-209 -1189 0
-244 -279 0
-244 -314 0
-244 -349 0
-244 -384 0
-244 -419 0
-244 -454 0
-244 -489 0
-244 -524 0
-244 -559 0
-244 -594 0
-244 -629 0
-244 -664 0
-244 -699 0
-244 -734 0
-244 -769 0
-244 -804 0
-244 -839 0
-244 -874 0
-244 -909 0
-244 -944 0
-244 -979 0
-244 -1014 0
-244 -1049 0
-244 -1084 0
-244 -1119 0
-244 -1154 0
-244 -1189 0
-279 -314 0
-279 -349 0
-279 -384 0
-279 -419 0
-279 -454 0
-279 -489 0
-279 -524 0
-279 -559 0
-279 -594 0
-279 -629 0
-279 -664 0
-279 -699 0
-279 -734 0
-279 -769 0
-279 -804 0
-279 -839 0
-279 -874 0
-279 -909 0
-279 -944 0
-279 -979 0
-279 -1014 0
-279 -1049 0
-279 -1084 0
-279 -1119 0
-279 -1154 0
-279 -1189 0
-314 -349 0
-314 -384 0
-314 -419 0
-314 -454 0
-314 -489 0
-314 -524 0
-314 -559 0
-314 -594 0
-314 -629 0
-314 -664 0
-314 -699 0
-314 -734 0
-314 -769 0
-314 -804 0
-314 -839 0
-314 -874 0
-314 -909 0
-314 -944 0
-314 -979 0
-314 -1014 0
-314 -1049 0
-314 -1084 0
-314 -1119 0
-314 -1154 0
-314 -1189 0
-349 -384 0
-349 -419 0
-349 -454 0
-349 -489 0
-349 -524 0
-349 -559 0
-349 -594 0
-349 -629 0
-349 -664 0
-349 -699 0
-349 -734 0
-349 -769 0
-349 -804 0
-349 -839 0
-349 -874 0
-349 -909 0
-349 -944 0
-349 -979 0
-349 -1014 0
-349 -1049 0
-349 -1084 0
-349 -1119 0
-349 -1154 0
-349 -1189 0
-384 -419 0
-384 -454 0
-384 -489 0
-384 -524 0
-384 -559 0
-384 -594 0
-384 -629 0
-384 -664 0
-384 -699 0
-384 -734 0
-384 -769 0
-384 -804 0
-384 -839 0
-384 -874 0
-384 -909 0
-384 -944 0
-384 -979 0
-384 -1014 0
-384 -1049 0
-384 -1084 0
-384 -1119 0
-384 -1154 0
-384 -1189 0
-419 -454 0
-419 -489 0
-419 -524 0
-419 -559 0
-419 -594 0
-419 -629 0
-419 -664 0
-419 -699 0
-419 -734 0
-419 -769 0
-419 -804 0
-419 -839 0
-419 -874 0
-419 -909 0
-419 -944 0
-419 -979 0
-419 -1014 0
-419 -1049 0
-419 -1084 0
-419 -1119 0
-419 -1154 0
-419 -1189 0
-454 -489 0
-454 -524 0
-454 -559 0
-454 -594 0
-454 -629 0
-454 -664 0
-454 -699 0
-454 -734 0
-454 -769 0
-454 -804 0
-454 -839 0
-454 -874 0
-454 -909 0
-454 -944 0
-454 -979 0
-454 -1014 0
-454 -1049 0
-454 -1084 0
-454 -1119 0
-454 -1154 0
-454 -1189 0
-489 -524 0
-489 -559 0
-489 -594 0
-489 -629 0
-489 -664 0
-489 -699 0
-489 -734 0
-489 -769 0
-489 -804 0
-489 -839 0
-489 -874 0
-489 -909 0
-489 -944 0
-489 -979 0
-489 -1014 0
-489 -1049 0
-489 -1084 0
-489 -1119 0
-489 -1154 0
-489 -1189 0
-524 -559 0
-524 -594 0
-524 -629 0
-524 -664 0
-524 -699 0
-524 -734 0
-524 -769 0
-524 -804 0
-524 -839 0
-524 -874 0
-524 -909 0
-524 -944 0
-524 -979 0
-524 -1014 0
-524 -1049 0
-524 -1084 0
-524 -1119 0
-524 -1154 0
-524 -1189 0
-559 -594 0
-559 -629 0
-559 -664 0
-559 -699 0
-559 -734 0
-559 -769 0
-559 -804 0
-559 -839 0
-559 -874 0
-559 -909 0
-559 -944 0
-559 -979 0
-559 -1014 0
-559 -1049 0
-559 -1084 0
-559 -1119 0
-559 -1154 0
-559 -1189 0
-594 -629 0
-594 -664 0
-594 -699 0
-594 -734 0
-594 -769 0
-594 -804 0
-594 -839 0
-594 -874 0
-594 -909 0
-594 -944 0
-594 -979 0
-594 -1014 0
-594 -1049 0
-594 -1084 0
-594 -1119 0
-594 -1154 0
-594 -1189 0
-629 -664 0
-629 -699 0
-629 -734 0
-629 -769 0
-629 -804 0
-629 -839 0
-629 -874 0
-629 -909 0
-629 -944 0
-629 -979 0
-629 -1014 0
-629 -1049 0
-629 -1084 0
-629 -1119 0
-629 -1154 0
-629 -1189 0
-664 -699 0
-664 -734 0
-664 -769 0
-664 -804 0
-664 -839 0
-664 -874 0
-664 -909 0
-664 -944 0
-664 -979 0
-664 -1014 0
-664 -1049 0
-664 -1084 0
-664 -1119 0
-664 -1154 0
-664 -1189 0
-699 -734 0
-699 -769 0
-699 -804 0
-699 -839 0
-699 -874 0
-699 -909 0
-699 -944 0
-699 -979 0
-699 -1014 0
-699 -1049 0
-699 -1084 0
-699 -1119 0
-699 -1154 0
-699 -1189 0
-734 -769 0
-734 -804 0
-734 -839 0
-734 -874 0
-734 -909 0
-734 -944 0
-734 -979 0
-734 -1014 0
-734 -1049 0
-734 -1084 0
-734 -1119 0
-734 -1154 0
-734 -1189 0
-769 -804 0
-769 -839 0
-769 -874 0
-769 -909 0
-769 -944 0
-769 -979 0
-769 -1014 0
-769 -1049 0
-769 -1084 0
-769 -1119 0
-769 -1154 0
-769 -1189 0
-804 -839 0
-804 -874 0
-804 -909 0
-804 -944 0
-804 -979 0
-804 -1014 0
-804 -1049 0
-804 -1084 0
-804 -1119 0
-804 -1154 0
-804 -1189 0
-839 -874 0
-839 -909 0
-839 -944 0
-839 -979 0
-839 -1014 0
-839 -1049 0
-839 -1084 0
-839 -1119 0
-839 -1154 0
-839 -1189 0
-874 -909 0
-874 -944 0
-874 -979 0
-874 -1014 0
-874 -1049 0
-874 -1084 0
-874 -1119 0
-874 -1154 0
-874 -1189 0
-909 -944 0
-909 -979 0
-909 -1014 0
-909 -1049 0
-909 -1084 0
-909 -1119 0
-909 -1154 0
-909 -1189 0
-944 -979 0
-944 -1014 0
-944 -1049 0
-944 -1084 0
-944 -1119 0
-944 -1154 0
-944 -1189 0
-979 -1014 0
-979 -1049 0
-979 -1084 0
-979 -1119 0
-979 -1154 0
-979 -1189 0
-1014 -1049 0
-1014 -1084 0
-1014 -1119 0
-1014 -1154 0
-1014 -1189 0
-1049 -1084 0
-1049 -1119 0
-1049 -1154 0
-1049 -1189 0
-1084 -1119 0
-1084 -1154 0
-1084 -1189 0
-1119 -1154 0
-1119 -1189 0
-1154 -1189 0
-35 -70 0
-35 -105 0
-35 -140 0
-35 -175 0
-35 -210 0
-35 -245 0
-35 -280 0
-35 -315 0
-35 -350 0
-35 -385 0
-35 -420 0
-35 -455 0
-35 -490 0
-35 -525 0
-35 -560 0
-35 -595 0
-35 -630 0
-35 -665 0
-35 -700 0
-35 -735 0
-35 -770 0
-35 -805 0
-35 -840 0
-35 -875 0
-35 -910 0
-35 -945 0
-35 -980 0
-35 -1015 0
-35 -1050 0
-35 -1085 0
-35 -1120 0
-35 -1155 0
-35 -1190 0
-35 -1225 0
-70 -105 0
-70 -140 0
-70 -175 0
-70 -210 0
-70 -245 0
-70 -280 0
-70 -315 0
-70 -350 0
-70 -385 0
-70 -420 0
-70 -455 0
-70 -490 0
-70 -525 0
-70 -560 0
-70 -595 0
-70 -630 0
-70 -665 0
-70 -700 0
-70 -735 0
-70 -770 0
-70 -805 0
-70 -840 0
-70 -875 0
-70 -910 0
-70 -945 0
-70 -980 0
-70 -1015 0
-70 -1050 0
-70 -1085 0
-70 -1120 0
-70 -1155 0
-70 -1190 0
-70 -1225 0
-105 -140 0
-105 -175 0
-105 -210 0
-105 -245 0
-105 -280 0
-105 -315 0
-105 -350 0
-105 -385 0
-105 -420 0
-105 -455 0
-105 -490 0
-105 -525 0
-105 -560 0
-105 -595 0
-105 -630 0
-105 -665 0
-105 -700 0
-105 -735 0
-105 -770 0
-105 -805 0
-105 -840 0
-105 -875 0
-105 -910 0
-105 -945 0
-105 -980 0
-105 -1015 0
-105 -1050 0
-105 -1085 0
-105 -1120 0
-105 -1155 0
-105 -1190 0
-105 -1225 0
-140 -175 0
-140 -210 0
-140 -245 0
-140 -280 0
-140 -315 0
-140 -350 0
-140 -385 0
-140 -420 0
-140 -455 0
-140 -490 0
-140 -525 0
-140 -560 0
-140 -595 0
-140 -630 0
-140 -665 0
-140 -700 0
-140 -735 0
-140 -770 0
-140 -805 0
-140 -840 0
-140 -875 0
-140 -910 0
-140 -945 0
-140 -980 0
-140 -1015 0
-140 -1050 0
-140 -1085 0
-140 -1120 0
-140 -1155 0
-140 -1190 0
-140 -1225 0
-175 -210 0
-175 -245 0
-175 -280 0
-175 -315 0
-175 -350 0
-175 -385 0
-175 -420 0
-175 -455 0
-175 -490 0
-175 -525 0
-175 -560 0
-175 -595 0
-175 -630 0
-175 -665 0
-175 -700 0
-175 -735 0
-175 -770 0
-175 -805 0
-175 -840 0
-175 -875 0
-175 -910 0
-175 -945 0
-175 -980 0
-175 -1015 0
-175 -1050 0
-175 -1085 0
-175 -1120 0
-175 -1155 0
-175 -1190 0
-175 -1225 0
-210 -245 0
-210 -280 0
-210 -315 0
-210 -350 0
-210 -385 0
-210 -420 0
-210 -455 0
-210 -490 0
-210 -525 0
-210 -560 0
-210 -595 0
-210 -630 0
-210 -665 0
-210 -700 0
-210 -735 0
-210 -770 0
-210 -805 0
-210 -840 0
-210 -875 0
-210 -910 0
-210 -945 0
-210 -980 0
-210 -1015 0
-210 -1050 0
-210 -1085 0
-210 -1120 0
-210 -1155 0
-210 -1190 0
-210 -1225 0
-245 -280 0
-245 -315 0
-245 -350 0
-245 -385 0
-245 -420 0
-245 -455 0
-245 -490 0
-245 -525 0
-245 -560 0
-245 -595 0
-245 -630 0
-245 -665 0
-245 -700 0
-245 -735 0
-245 -770 0
-245 -805 0
-245 -840 0
-245 -875 0
-245 -910 0
-245 -945 0
-245 -980 0
-245 -1015 0
-245 -1050 0
-245 -1085 0
-245 -1120 0
-245 -1155 0
-245 -1190 0
-245 -1225 0
-280 -315 0
-280 -350 0
-280 -385 0
-280 -420 0
-280 -455 0
-280 -490 0
-280 -525 0
-280 -560 0
-280 -595 0
-280 -630 0
-280 -665 0
-280 -700 0
-280 -735 0
-280 -770 0
-280 -805 0
-280 -840 0
-280 -875 0
-280 -910 0
-280 -945 0
-280 -980 0
-280 -1015 0
-280 -1050 0
-280 -1085 0
-280 -1120 0
-280 -1155 0
-280 -1190 0
-280 -1225 0
-315 -350 0
-315 -385 0
-315 -420 0
-315 -455 0
-315 -490 0
-315 -525 0
-315 -560 0
-315 -595 0
-315 -630 0
-315 -665 0
-315 -700 0
-315 -735 0
-315 -770 0
-315 -805 0
-315 -840 0
-315 -875 0
-315 -910 0
-315 -945 0
-315 -980 0
-315 -1015 0
-315 -1050 0
-315 -1085 0
-315 -1120 0
-315 -1155 0
-315 -1190 0
-315 -1225 0
-350 -385 0
-350 -420 0
-350 -455 0
-350 -490 0
-350 -525 0
-350 -560 0
-350 -595 0
-350 -630 0
-350 -665 0
-350 -700 0
-350 -735 0
-350 -770 0
-350 -805 0
-350 -840 0
-350 -875 0
-350 -910 0
-350 -945 0
-350 -980 0
-350 -1015 0
-350 -1050 0
-350 -1085 0
-350 -1120 0
-350 -1155 0
-350 -1190 0
-350 -1225 0
-385 -420 0
-385 -455 0
-385 -490 0
-385 -525 0
-385 -560 0
-385 -595 0
-385 -630 0
-385 -665 0
-385 -700 0
-385 -735 0
-385 -770 0
-385 -805 0
-385 -840 0
-385 -875 0
-385 -910 0
-385 -945 0
-385 -980 0
-385 -1015 0
-385 -1050 0
-385 -1085 0
-385 -1120 0
-385 -1155 0
-385 -1190 0
-385 -1225 0
-420 -455 0
-420 -490 0
-420 -525 0
-420 -560 0
-420 -595 0
-420 -630 0
-420 -665 0
-420 -700 0
-420 -735 0
-420 -770 0
-420 -805 0
-420 -840 0
-420 -875 0
-420 -910 0
-420 -945 0
-420 -980 0
-420 -1015 0
-420 -1050 0
-420 -1085 0
-420 -1120 0
-420 -1155 0
-420 -1190 0
-420 -1225 0
-455 -490 0
-455 -525 0
-455 -560 0
-455 -595 0
-455 -630 0
-455 -665 0
-455 -700 0
-455 -735 0
-455 -770 0
-455 -805 0
-455 -840 0
-455 -875 0
-455 -910 0
-455 -945 0
-455 -980 0
-455 -1015 0
-455 -1050 0
-455 -1085 0
-455 -1120 0
-455 -1155 0
-455 -1190 0
-455 -1225 0
-490 -525 0
-490 -560 0
-490 -595 0
-490 -630 0
-490 -665 0
-490 -700 0
-490 -735 0
-490 -770 0
-490 -805 0
-490 -840 0
-490 -875 0
-490 -910 0
-490 -945 0
-490 -980 0
-490 -1015 0
-490 -1050 0
-490 -1085 0
-490 -1120 0
-490 -1155 0
-490 -1190 0
-490 -1225 0
-525 -560 0
-525 -595 0
-525 -630 0
-525 -665 0
-525 -700 0
-525 -735 0
-525 -770 0
-525 -805 0
-525 -840 0
-525 -875 0
-525 -910 0
-525 -945 0
-525 -980 0
-525 -1015 0
-525 -1050 0
-525 -1085 0
-525 -1120 0
-525 -1155 0
-525 -1190 0
-525 -1225 0
-560 -595 0
-560 -630 0
-560 -665 0
-560 -700 0
-560 -735 0
-560 -770 0
-560 -805 0
-560 -840 0
-560 -875 0
-560 -910 0
-560 -945 0
-560 -980 0
-560 -1015 0
-560 -1050 0
-560 -1085 0
-560 -1120 0
-560 -1155 0
-560 -1190 0
-560 -1225 0
-595 -630 0
-595 -665 0
-595 -700 0
-595 -735 0
-595 -770 0
-595 -805 0
-595 -840 0
-595 -875 0
-595 -910 0
-595 -945 0
-595 -980 0
-595 -1015 0
-595 -1050 0
-595 -1085 0
-595 -1120 0
-595 -1155 0
-595 -1190 0
-595 -1225 0
-630 -665 0
-630 -700 0
-630 -735 0
-630 -770 0
-630 -805 0
-630 -840 0
-630 -875 0
-630 -910 0
-630 -945 0
-630 -980 0
-630 -1015 0
-630 -1050 0
-630 -1085 0
-630 -1120 0
-630 -1155 0
-630 -1190 0
-630 -1225 0
-665 -700 0
-665 -735 0
-665 -770 0
-665 -805 0
-665 -840 0
-665 -875 0
-665 -910 0
-665 -945 0
-665 -980 0
-665 -1015 0
-665 -1050 0
-665 -1085 0
-665 -1120 0
-665 -1155 0
-665 -1190 0
-665 -1225 0
-700 -735 0
-700 -770 0
-700 -805 0
-700 -840 0
-700 -875 0
-700 -910 0
-700 -945 0
-700 -980 0
-700 -1015 0
-700 -1050 0
-700 -1085 0
-700 -1120 0
-700 -1155 0
-700 -1190 0
-700 -1225 0
-735 -770 0
-735 -805 0
-735 -840 0
-735 -875 0
-735 -910 0
-735 -945 0
-735 -980 0
-735 -1015 0
-735 -1050 0
-735 -1085 0
-735 -1120 0
-735 -1155 0
-735 -1190 0
-735 -1225 0
-770 -805 0
-770 -840 0
-770 -875 0
-770 -910 0
-770 -945 0
-770 -980 0
-770 -1015 0
-770 -1050 0
-770 -1085 0
-770 -1120 0
-770 -1155 0
-770 -1190 0
-770 -1225 0
-805 -840 0
-805 -875 0
-805 -910 0
-805 -945 0
-805 -980 0
-805 -1015 0
-805 -1050 0
-805 -1085 0
-805 -1120 0
-805 -1155 0
-805 -1190 0
-805 -1225 0
-840 -875 0
-840 -910 0
-840 -945 0
-840 -980 0
-840 -1015 0
-840 -1050 0
-840 -1085 0
-840 -1120 0
-840 -1155 0
-840 -1190 0
-840 -1225 0
-875 -910 0
-875 -945 0
-875 -980 0
-875 -1015 0
-875 -1050 0
-875 -1085 0
-875 -1120 0
-875 -1155 0
-875 -1190 0
-875 -1225 0
-910 -945 0
-910 -980 0
-910 -1015 0
-910 -1050 0
-910 -1085 0
-910 -1120 0
-910 -1155 0
-910 -1190 0
-910 -1225 0
-945 -980 0
-945 -1015 0
-945 -1050 0
-945 -1085 0
-945 -1120 0
-945 -1155 0
-945 -1190 0
-945 -1225 0
-980 -1015 0
-980 -1050 0
-980 -1085 0
-980 -1120 0
-980 -1155 0
-980 -1190 0
-980 -1225 0
-1015 -1050 0
-1015 -1085 0
-1015 -1120 0
-1015 -1155 0
-1015 -1190 0
-1015 -1225 0
-1050 -1085 0
-1050 -1120 0
-1050 -1155 0
-1050 -1190 0
-1050 -1225 0
-1085 -1120 0
-1085 -1155 0
-1085 -1190 0
-1085 -1225 0
-1120 -1155 0
-1120 -1190 0
-1120 -1225 0
-1155 -1190 0
-1155 -1225 0
-1190 -1225 0
-36 -71 0
-36 -106 0
-36 -141 0
-36 -176 0
-36 -211 0
-36 -246 0
-36 -281 0
-36 -316 0
-36 -351 0
-36 -386 0
-36 -421 0
-36 -456 0
-36 -491 0
-36 -526 0
-36 -561 0
-36 -596 0
-36 -631 0
-36 -666 0
-36 -701 0
-36 -736 0
-36 -771 0
-36 -806 0
-36 -841 0
-36 -876 0
-36 -911 0
-36 -946 0
-36 -981 0
-36 -1016 0
-36 -1051 0
-36 -1086 0
-36 -1121 0
-36 -1156 0
-36 -1191 0
-36 -1226 0
-36 -1261 0
-71 -106 0
-71 -141 0
-71 -176 0
-71 -211 0
-71 -246 0
-71 -281 0
-71 -316 0
-71 -351 0
-71 -386 0
-71 -421 0
-71 -456 0
-71 -491 0
-71 -526 0
-71 -561 0
-71 -596 0
-71 -631 0
-71 -666 0
-71 -701 0
-71 -736 0
-71 -771 0
-71 -806 0
-71 -841 0
-71 -876 0
-71 -911 0
-71 -946 0
-71 -981 0
-71 -1016 0
-71 -1051 0
-71 -1086 0
-71 -1121 0
-71 -1156 0
-71 -1191 0
-71 -1226 0
-71 -1261 0
-106 -141 0
-106 -176 0
-106 -211 0
-106 -246 0
-106 -281 0
-106 -316 0
-106 -351 0
-106 -386 0
-106 -421 0
-106 -456 0
-106 -491 0
-106 -526 0
-106 -561 0
-106 -596 0
-106 -631 0
-106 -666 0
-106 -701 0
-106 -736 0
-106 -771 0
-106 -806 0
-106 -841 0
-106 -876 0
-106 -911 0
-106 -946 0
-106 -981 0
-106 -1016 0
-106 -1051 0
-106 -1086 0
-106 -1121 0
-106 -1156 0
-106 -1191 0
-106 -1226 0
-106 -1261 0
-141 -176 0
-141 -211 0
-141 -246 0
-141 -281 0
-141 -316 0
-141 -351 0
-141 -386 0
-141 -421 0
-141 -456 0
-141 -491 0
-141 -526 0
-141 -561 0
-141 -596 0
-141 -631 0
-141 -666 0
-141 -701 0
-141 -736 0
-141 -771 0
-141 -806 0
-141 -841 0
-141 -876 0
-141 -911 0
-141 -946 0
-141 -981 0
-141 -1016 0
-141 -1051 0
-141 -1086 0
-141 -1121 0
-141 -1156 0
-141 -1191 0
-141 -1226 0
-141 -1261 0
-176 -211 0
-176 -246 0
-176 -281 0
-176 -316 0
-176 -351 0
-176 -386 0
-176 -421 0
-176 -456 0
-176 -491 0
-176 -526 0
-176 -561 0
-176 -596 0
-176 -631 0
-176 -666 0
-176 -701 0
-176 -736 0
-176 -771 0
-176 -806 0
-176 -841 0
-176 -876 0
-176 -911 0
-176 -946 0
-176 -981 0
-176 -1016 0
-176 -1051 0
-176 -1086 0
-176 -1121 0
-176 -1156 0
-176 -1191 0
-176 -1226 0
-176 -1261 0
-211 -246 0
-211 -281 0
-211 -316 0
-211 -351 0
-211 -386 0
-211 -421 0
-211 -456 0
-211 -491 0
-211 -526 0
-211 -561 0
-211 -596 0
-211 -631 0
-211 -666 0
-211 -701 0
-211 -736 0
-211 -771 0
-211 -806 0
-211 -841 0
-211 -876 0
-211 -911 0
-211 -946 0
-211 -981 0
-211 -1016 0
-211 -1051 0
-211 -1086 0
-211 -1121 0
-211 -1156 0
-211 -1191 0
-211 -1226 0
-211 -1261 0
-246 -281 0
-246 -316 0
-246 -351 0
-246 -386 0
-246 -421 0
-246 -456 0
-246 -491 0
-246 -526 0
-246 -561 0
-246 -596 0
-246 -631 0
-246 -666 0
-246 -701 0
-246 -736 0
-246 -771 0
-246 -806 0
-246 -841 0
-246 -876 0
-246 -911 0
-246 -946 0
-246 -981 0
-246 -1016 0
-246 -1051 0
-246 -1086 0
-246 -1121 0
-246 -1156 0
-246 -1191 0
-246 -1226 0
-246 -1261 0
-281 -316 0
-281 -351 0
-281 -386 0
-281 -421 0
-281 -456 0
-281 -491 0
-281 -526 0
-281 -561 0
-281 -596 0
-281 -631 0
-281 -666 0
-281 -701 0
-281 -736 0
-281 -771 0
-281 -806 0
-281 -841 0
-281 -876 0
-281 -911 0
-281 -946 0
-281 -981 0
-281 -1016 0
-281 -1051 0
-281 -1086 0
-281 -1121 0
-281 -1156 0
-281 -1191 0
-281 -1226 0
-281 -1261 0
-316 -351 0
-316 -386 0
-316 -421 0
-316 -456 0
-316 -491 0
-316 -526 0
-316 -561 0
-316 -596 0
-316 -631 0
-316 -666 0
-316 -701 0
-316 -736 0
-316 -771 0
-316 -806 0
-316 -841 0
-316 -876 0
-316 -911 0
-316 -946 0
-316 -981 0
-316 -1016 0
-316 -1051 0
-316 -1086 0
-316 -1121 0
-316 -1156 0
-316 -1191 0
-316 -1226 0
-316 -1261 0
-351 -386 0
-351 -421 0
-351 -456 0
-351 -491 0
-351 -526 0
-351 -561 0
-351 -596 0
-351 -631 0
-351 -666 0
-351 -701 0
-351 -736 0
-351 -771 0
-351 -806 0
-351 -841 0
-351 -876 0
-351 -911 0
-351 -946 0
-351 -981 0
-351 -1016 0
-351 -1051 0
-351 -1086 0
-351 -1121 0
-351 -1156 0
-351 -1191 0
-351 -1226 0
-351 -1261 0
-386 -421 0
-386 -456 0
-386 -491 0
-386 -526 0
-386 -561 0
-386 -596 0
-386 -631 0
-386 -666 0
-386 -701 0
-386 -736 0
-386 -771 0
-386 -806 0
-386 -841 0
-386 -876 0
-386 -911 0
-386 -946 0
-386 -981 0
-386 -1016 0
-386 -1051 0
-386 -1086 0
-386 -1121 0
-386 -1156 0
-386 -1191 0
-386 -1226 0
-386 -1261 0
-421 -456 0
-421 -491 0
-421 -526 0
-421 -561 0
-421 -596 0
-421 -631 0
-421 -666 0
-421 -701 0
-421 -736 0
-421 -771 0
-421 -806 0
-421 -841 0
-421 -876 0
-421 -911 0
-421 -946 0
-421 -981 0
-421 -1016 0
-421 -1051 0
-421 -1086 0
-421 -1121 0
-421 -1156 0
-421 -1191 0
-421 -1226 0
-421 -1261 0
-456 -491 0
-456 -526 0
-456 -561 0
-456 -596 0
-456 -631 0
-456 -666 0
-456 -701 0
-456 -736 0
-456 -771 0
-456 -806 0
-456 -841 0
-456 -876 0
-456 -911 0
-456 -946 0
-456 -981 0
-456 -1016 0
-456 -1051 0
-456 -1086 0
-456 -1121 0
-456 -1156 0
-456 -1191 0
-456 -1226 0
-456 -1261 0
-491 -526 0
-491 -561 0
-491 -596 0
-491 -631 0
-491 -666 0
-491 -701 0
-491 -736 0
-491 -771 0
-491 -806 0
-491 -841 0
-491 -876 0
-491 -911 0
-491 -946 0
-491 -981 0
-491 -1016 0
-491 -1051 0
-491 -1086 0
-491 -1121 0
-491 -1156 0
-491 -1191 0
-491 -1226 0
-491 -1261 0
-526 -561 0
-526 -596 0
-526 -631 0
-526 -666 0
-526 -701 0
-526 -736 0
-526 -771 0
-526 -806 0
-526 -841 0
-526 -876 0
-526 -911 0
-526 -946 0
-526 -981 0
-526 -1016 0
-526 -1051 0
-526 -1086 0
-526 -1121 0
-526 -1156 0
-526 -1191 0
-526 -1226 0
-526 -1261 0
-561 -596 0
-561 -631 0
-561 -666 0
-561 -701 0
-561 -736 0
-561 -771 0
-561 -806 0
-561 -841 0
-561 -876 0
-561 -911 0
-561 -946 0
-561 -981 0
-561 -1016 0
-561 -1051 0
-561 -1086 0
-561 -1121 0
-561 -1156 0
-561 -1191 0
-561 -1226 0
-561 -1261 0
-596 -631 0
-596 -666 0
-596 -701 0
-596 -736 0
-596 -771 0
-596 -806 0
-596 -841 0
-596 -876 0
-596 -911 0
-596 -946 0
-596 -981 0
-596 -1016 0
-596 -1051 0
-596 -1086 0
-596 -1121 0
-596 -1156 0
-596 -1191 0
-596 -1226 0
-596 -1261 0
-631 -666 0
-631 -701 0
-631 -736 0
-631 -771 0
-631 -806 0
-631 -841 0
-631 -876 0
-631 -911 0
-631 -946 0
-631 -981 0
-631 -1016 0
-631 -1051 0
-631 -1086 0
-631 -1121 0
-631 -1156 0
-631 -1191 0
-631 -1226 0
-631 -1261 0
-666 -701 0
-666 -736 0
-666 -771 0
-666 -806 0
-666 -841 0
-666 -876 0
-666 -911 0
-666 -946 0
-666 -981 0
-666 -1016 0
-666 -1051 0
-666 -1086 0
-666 -1121 0
-666 -1156 0
-666 -1191 0
-666 -1226 0
-666 -1261 0
-701 -736 0
-701 -771 0
-701 -806 0
-701 -841 0
-701 -876 0
-701 -911 0
-701 -946 0
-701 -981 0
-701 -1016 0
-701 -1051 0
-701 -1086 0
-701 -1121 0
-701 -1156 0
-701 -1191 0
-701 -1226 0
-701 -1261 0
-736 -771 0
-736 -806 0
-736 -841 0
-736 -876 0
-736 -911 0
-736 -946 0
-736 -981 0
-736 -1016 0
-736 -1051 0
-736 -1086 0
-736 -1121 0
-736 -1156 0
-736 -1191 0
-736 -1226 0
-736 -1261 0
-771 -806 0
-771 -841 0
-771 -876 0
-771 -911 0
-771 -946 0
-771 -981 0
-771 -1016 0
-771 -1051 0
-771 -1086 0
-771 -1121 0
-771 -1156 0
-771 -1191 0
-771 -1226 0
-771 -1261 0
-806 -841 0
-806 -876 0
-806 -911 0
-806 -946 0
-806 -981 0
-806 -1016 0
-806 -1051 0
-806 -1086 0
-806 -1121 0
-806 -1156 0
-806 -1191 0
-806 -1226 0
-806 -1261 0
-841 -876 0
-841 -911 0
-841 -946 0
-841 -981 0
-841 -1016 0
-841 -1051 0
-841 -1086 0
-841 -1121 0
-841 -1156 0
-841 -1191 0
-841 -1226 0
-841 -1261 0
-876 -911 0
-876 -946 0
-876 -981 0
-876 -1016 0
-876 -1051 0
-876 -1086 0
-876 -1121 0
-876 -1156 0
-876 -1191 0
-876 -1226 0
-876 -1261 0
-911 -946 0
-911 -981 0
-911 -1016 0
-911 -1051 0
-911 -1086 0
-911 -1121 0
-911 -1156 0
-911 -1191 0
-911 -1226 0
-911 -1261 0
-946 -981 0
-946 -1016 0
-946 -1051 0
-946 -1086 0
-946 -1121 0
-946 -1156 0
-946 -1191 0
-946 -1226 0
-946 -1261 0
-981 -1016 0
-981 -1051 0
-981 -1086 0
-981 -1121 0
-981 -1156 0
-981 -1191 0
-981 -1226 0
-981 -1261 0
-1016 -1051 0
-1016 -1086 0
-1016 -1121 0
-1016 -1156 0
-1016 -1191 0
-1016 -1226 0
-1016 -1261 0
-1051 -1086 0
-1051 -1121 0
-1051 -1156 0
-1051 -1191 0
-1051 -1226 0
-1051 -1261 0
-1086 -1121 0
-1086 -1156 0
-1086 -1191 0
-1086 -1226 0
-1086 -1261 0
-1121 -1156 0
-1121 -1191 0
-1121 -1226 0
-1121 -1261 0
-1156 -1191 0
-1156 -1226 0
-1156 -1261 0
-1191 -1226 0
-1191 -1261 0
-1226 -1261 0
-72 -107 0
-72 -142 0
-72 -177 0
-72 -212 0
-72 -247 0
-72 -282 0
-72 -317 0
-72 -352 0
-72 -387 0
-72 -422 0
-72 -457 0
-72 -492 0
-72 -527 0
-72 -562 0
-72 -597 0
-72 -632 0
-72 -667 0
-72 -702 0
-72 -737 0
-72 -772 0
-72 -807 0
-72 -842 0
-72 -877 0
-72 -912 0
-72 -947 0
-72 -982 0
-72 -1017 0
-72 -1052 0
-72 -1087 0
-72 -1122 0
-72 -1157 0
-72 -1192 0
-72 -1227 0
-72 -1262 0
-107 -142 0
-107 -177 0
-107 -212 0
-107 -247 0
-107 -282 0
-107 -317 0
-107 -352 0
-107 -387 0
-107 -422 0
-107 -457 0
-107 -492 0
-107 -527 0
-107 -562 0
-107 -597 0
-107 -632 0
-107 -667 0
-107 -702 0
-107 -737 0
-107 -772 0
-107 -807 0
-107 -842 0
-107 -877 0
-107 -912 0
-107 -947 0
-107 -982 0
-107 -1017 0
-107 -1052 0
-107 -1087 0
-107 -1122 0
-107 -1157 0
-107 -1192 0
-107 -1227 0
-107 -1262 0
-142 -177 0
-142 -212 0
-142 -247 0
-142 -282 0
-142 -317 0
-142 -352 0
-142 -387 0
-142 -422 0
-142 -457 0
-142 -492 0
-142 -527 0
-142 -562 0
-142 -597 0
-142 -632 0
-142 -667 0
-142 -702 0
-142 -737 0
-142 -772 0
-142 -807 0
-142 -842 0
-142 -877 0
-142 -912 0
-142 -947 0
-142 -982 0
-142 -1017 0
-142 -1052 0
-142 -1087 0
-142 -1122 0
-142 -1157 0
-142 -1192 0
-142 -1227 0
-142 -1262 0
-177 -212 0
-177 -247 0
-177 -282 0
-177 -317 0
-177 -352 0
-177 -387 0
-177 -422 0
-177 -457 0
-177 -492 0
-177 -527 0
-177 -562 0
-177 -597 0
-177 -632 0
-177 -667 0
-177 -702 0
-177 -737 0
-177 -772 0
-177 -807 0
-177 -842 0
-177 -877 0
-177 -912 0
-177 -947 0
-177 -982 0
-177 -1017 0
-177 -1052 0
-177 -1087 0
-177 -1122 0
-177 -1157 0
-177 -1192 0
-177 -1227 0
-177 -1262 0
-212 -247 0
-212 -282 0
-212 -317 0
-212 -352 0
-212 -387 0
-212 -422 0
-212 -457 0
-212 -492 0
-212 -527 0
-212 -562 0
-212 -597 0
-212 -632 0
-212 -667 0
-212 -702 0
-212 -737 0
-212 -772 0
-212 -807 0
-212 -842 0
-212 -877 0
-212 -912 0
-212 -947 0
-212 -982 0
-212 -1017 0
-212 -1052 0
-212 -1087 0
-212 -1122 0
-212 -1157 0
-212 -1192 0
-212 -1227 0
-212 -1262 0
-247 -282 0
-247 -317 0
-247 -352 0
-247 -387 0
-247 -422 0
-247 -457 0
-247 -492 0
-247 -527 0
-247 -562 0
-247 -597 0
-247 -632 0
-247 -667 0
-247 -702 0
-247 -737 0
-247 -772 0
-247 -807 0
-247 -842 0
-247 -877 0
-247 -912 0
-247 -947 0
-247 -982 0
-247 -1017 0
-247 -1052 0
-247 -1087 0
-247 -1122 0
-247 -1157 0
-247 -1192 0
-247 -1227 0
-247 -1262 0
-282 -317 0
-282 -352 0
-282 -387 0
-282 -422 0
-282 -457 0
-282 -492 0
-282 -527 0
-282 -562 0
-282 -597 0
-282 -632 0
-282 -667 0
-282 -702 0
-282 -737 0
-282 -772 0
-282 -807 0
-282 -842 0
-282 -877 0
-282 -912 0
-282 -947 0
-282 -982 0
-282 -1017 0
-282 -1052 0
-282 -1087 0
-282 -1122 0
-282 -1157 0
-282 -1192 0
-282 -1227 0
-282 -1262 0
-317 -352 0
-317 -387 0
-317 -422 0
-317 -457 0
-317 -492 0
-317 -527 0
-317 -562 0
-317 -597 0
-317 -632 0
-317 -667 0
-317 -702 0
-317 -737 0
-317 -772 0
-317 -807 0
-317 -842 0
-317 -877 0
-317 -912 0
-317 -947 0
-317 -982 0
-317 -1017 0
-317 -1052 0
-317 -1087 0
-317 -1122 0
-317 -1157 0
-317 -1192 0
-317 -1227 0
-317 -1262 0
-352 -387 0
-352 -422 0
-352 -457 0
-352 -492 0
-352 -527 0
-352 -562 0
-352 -597 0
-352 -632 0
-352 -667 0
-352 -702 0
-352 -737 0
-352 -772 0
-352 -807 0
-352 -842 0
-352 -877 0
-352 -912 0
-352 -947 0
-352 -982 0
-352 -1017 0
-352 -1052 0
-352 -1087 0
-352 -1122 0
-352 -1157 0
-352 -1192 0
-352 -1227 0
-352 -1262 0
-387 -422 0
-387 -457 0
-387 -492 0
-387 -527 0
-387 -562 0
-387 -597 0
-387 -632 0
-387 -667 0
-387 -702 0
-387 -737 0
-387 -772 0
-387 -807 0
-387 -842 0
-387 -877 0
-387 -912 0
-387 -947 0
-387 -982 0
-387 -1017 0
-387 -1052 0
-387 -1087 0
-387 -1122 0
-387 -1157 0
-387 -1192 0
-387 -1227 0
-387 -1262 0
-422 -457 0
-422 -492 0
-422 -527 0
-422 -562 0
-422 -597 0
-422 -632 0
-422 -667 0
-422 -702 0
-422 -737 0
-422 -772 0
-422 -807 0
-422 -842 0
-422 -877 0
-422 -912 0
-422 -947 0
-422 -982 0
-422 -1017 0
-422 -1052 0
-422 -1087 0
-422 -1122 0
-422 -1157 0
-422 -1192 0
-422 -1227 0
-422 -1262 0
-457 -492 0
-457 -527 0
-457 -562 0
-457 -597 0
-457 -632 0
-457 -667 0
-457 -702 0
-457 -737 0
-457 -772 0
-457 -807 0
-457 -842 0
-457 -877 0
-457 -912 0
-457 -947 0
-457 -982 0
-457 -1017 0
-457 -1052 0
-457 -1087 0
-457 -1122 0
-457 -1157 0
-457 -1192 0
-457 -1227 0
-457 -1262 0
-492 -527 0
-492 -562 0
-492 -597 0
-492 -632 0
-492 -667 0
-492 -702 0
-492 -737 0
-492 -772 0
-492 -807 0
-492 -842 0
-492 -877 0
-492 -912 0
-492 -947 0
-492 -982 0
-492 -1017 0
-492 -1052 0
-492 -1087 0
-492 -1122 0
-492 -1157 0
-492 -1192 0
-492 -1227 0
-492 -1262 0
-527 -562 0
-527 -597 0
-527 -632 0
-527 -667 0
-527 -702 0
-527 -737 0
-527 -772 0
-527 -807 0
-527 -842 0
-527 -877 0
-527 -912 0
-527 -947 0
-527 -982 0
-527 -1017 0
-527 -1052 0
-527 -1087 0
-527 -1122 0
-527 -1157 0
-527 -1192 0
-527 -1227 0
-527 -1262 0
-562 -597 0
-562 -632 0
-562 -667 0
-562 -702 0
-562 -737 0
-562 -772 0
-562 -807 0
-562 -842 0
-562 -877 0
-562 -912 0
-562 -947 0
-562 -982 0
-562 -1017 0
-562 -1052 0
-562 -1087 0
-562 -1122 0
-562 -1157 0
-562 -1192 0
-562 -1227 0
-562 -1262 0
-597 -632 0
-597 -667 0
-597 -702 0
-597 -737 0
-597 -772 0
-597 -807 0
-597 -842 0
-597 -877 0
-597 -912 0
-597 -947 0
-597 -982 0
-597 -1017 0
-597 -1052 0
-597 -1087 0
-597 -1122 0
-597 -1157 0
-597 -1192 0
-597 -1227 0
-597 -1262 0
-632 -667 0
-632 -702 0
-632 -737 0
-632 -772 0
-632 -807 0
-632 -842 0
-632 -877 0
-632 -912 0
-632 -947 0
-632 -982 0
-632 -1017 0
-632 -1052 0
-632 -1087 0
-632 -1122 0
-632 -1157 0
-632 -1192 0
-632 -1227 0
-632 -1262 0
-667 -702 0
-667 -737 0
-667 -772 0
-667 -807 0
-667 -842 0
-667 -877 0
-667 -912 0
-667 -947 0
-667 -982 0
-667 -1017 0
-667 -1052 0
-667 -1087 0
-667 -1122 0
-667 -1157 0
-667 -1192 0
-667 -1227 0
-667 -1262 0
-702 -737 0
-702 -772 0
-702 -807 0
-702 -842 0
-702 -877 0
-702 -912 0
-702 -947 0
-702 -982 0
-702 -1017 0
-702 -1052 0
-702 -1087 0
-702 -1122 0
-702 -1157 0
-702 -1192 0
-702 -1227 0
-702 -1262 0
-737 -772 0
-737 -807 0
-737 -842 0
-737 -877 0
-737 -912 0
-737 -947 0
-737 -982 0
-737 -1017 0
-737 -1052 0
-737 -1087 0
-737 -1122 0
-737 -1157 0
-737 -1192 0
-737 -1227 0
-737 -1262 0
-772 -807 0
-772 -842 0
-772 -877 0
-772 -912 0
-772 -947 0
-772 -982 0
-772 -1017 0
-772 -1052 0
-772 -1087 0
-772 -1122 0
-772 -1157 0
-772 -1192 0
-772 -1227 0
-772 -1262 0
-807 -842 0
-807 -877 0
-807 -912 0
-807 -947 0
-807 -982 0
-807 -1017 0
-807 -1052 0
-807 -1087 0
-807 -1122 0
-807 -1157 0
-807 -1192 0
-807 -1227 0
-807 -1262 0
-842 -877 0
-842 -912 0
-842 -947 0
-842 -982 0
-842 -1017 0
-842 -1052 0
-842 -1087 0
-842 -1122 0
-842 -1157 0
-842 -1192 0
-842 -1227 0
-842 -1262 0
-877 -912 0
-877 -947 0
-877 -982 0
-877 -1017 0
-877 -1052 0
-877 -1087 0
-877 -1122 0
-877 -1157 0
-877 -1192 0
-877 -1227 0
-877 -1262 0
-912 -947 0
-912 -982 0
-912 -1017 0
-912 -1052 0
-912 -1087 0
-912 -1122 0
-912 -1157 0
-912 -1192 0
-912 -1227 0
-912 -1262 0
-947 -982 0
-947 -1017 0
-947 -1052 0
-947 -1087 0
-947 -1122 0
-947 -1157 0
-947 -1192 0
-947 -1227 0
-947 -1262 0
-982 -1017 0
-982 -1052 0
-982 -1087 0
-982 -1122 0
-982 -1157 0
-982 -1192 0
-982 -1227 0
-982 -1262 0
-1017 -1052 0
-1017 -1087 0
-1017 -1122 0
-1017 -1157 0
-1017 -1192 0
-1017 -1227 0
-1017 -1262 0
-1052 -1087 0
-1052 -1122 0
-1052 -1157 0
-1052 -1192 0
-1052 -1227 0
-1052 -1262 0
-1087 -1122 0
-1087 -1157 0
-1087 -1192 0
-1087 -1227 0
-1087 -1262 0
-1122 -1157 0
-1122 -1192 0
-1122 -1227 0
-1122 -1262 0
-1157 -1192 0
-1157 -1227 0
-1157 -1262 0
-1192 -1227 0
-1192 -1262 0
-1227 -1262 0
-108 -143 0
-108 -178 0
-108 -213 0
-108 -248 0
-108 -283 0
-108 -318 0
-108 -353 0
-108 -388 0
-108 -423 0
-108 -458 0
-108 -493 0
-108 -528 0
-108 -563 0
-108 -598 0
-108 -633 0
-108 -668 0
-108 -703 0
-108 -738 0
-108 -773 0
-108 -808 0
-108 -843 0
-108 -878 0
-108 -913 0
-108 -948 0
-108 -983 0
-108 -1018 0
-108 -1053 0
-108 -1088 0
-108 -1123 0
-108 -1158 0
-108 -1193 0
-108 -1228 0
-108 -1263 0
-143 -178 0
-143 -213 0
-143 -248 0
-143 -283 0
-143 -318 0
-143 -353 0
-143 -388 0
-143 -423 0
-143 -458 0
-143 -493 0
-143 -528 0
-143 -563 0
-143 -598 0
-143 -633 0
-143 -668 0
-143 -703 0
-143 -738 0
-143 -773 0
-143 -808 0
-143 -843 0
-143 -878 0
-143 -913 0
-143 -948 0
-143 -983 0
-143 -1018 0
-143 -1053 0
-143 -1088 0
-143 -1123 0
-143 -1158 0
-143 -1193 0
-143 -1228 0
-143 -1263 0
-178 -213 0
-178 -248 0
-178 -283 0
-178 -318 0
-178 -353 0
-178 -388 0
-178 -423 0
-178 -458 0
-178 -493 0
-178 -528 0
-178 -563 0
-178 -598 0
-178 -633 0
-178 -668 0
-178 -703 0
-178 -738 0
-178 -773 0
-178 -808 0
-178 -843 0
-178 -878 0
-178 -913 0
-178 -948 0
-178 -983 0
-178 -1018 0
-178 -1053 0
-178 -1088 0
-178 -1123 0
-178 -1158 0
-178 -1193 0
-178 -1228 0
-178 -1263 0
-213 -248 0
-213 -283 0
-213 -318 0
-213 -353 0
-213 -388 0
-213 -423 0
-213 -458 0
-213 -493 0
-213 -528 0
-213 -563 0
-213 -598 0
-213 -633 0
-213 -668 0
-213 -703 0
-213 -738 0
-213 -773 0
-213 -808 0
-213 -843 0
-213 -878 0
-213 -913 0
-213 -948 0
-213 -983 0
-213 -1018 0
-213 -1053 0
-213 -1088 0
-213 -1123 0
-213 -1158 0
-213 -1193 0
-213 -1228 0
-213 -1263 0
-248 -283 0
-248 -318 0
-248 -353 0
-248 -388 0
-248 -423 0
-248 -458 0
-248 -493 0
-248 -528 0
-248 -563 0
-248 -598 0
-248 -633 0
-248 -668 0
-248 -703 0
-248 -738 0
-248 -773 0
-248 -808 0
-248 -843 0
-248 -878 0
-248 -913 0
-248 -948 0
-248 -983 0
-248 -1018 0
-248 -1053 0
-248 -1088 0
-248 -1123 0
-248 -1158 0
-248 -1193 0
-248 -1228 0
-248 -1263 0
-283 -318 0
-283 -353 0
-283 -388 0
-283 -423 0
-283 -458 0
-283 -493 0
-283 -528 0
-283 -563 0
-283 -598 0
-283 -633 0
-283 -668 0
-283 -703 0
-283 -738 0
-283 -773 0
-283 -808 0
-283 -843 0
-283 -878 0
-283 -913 0
-283 -948 0
-283 -983 0
-283 -1018 0
-283 -1053 0
-283 -1088 0
-283 -1123 0
-283 -1158 0
-283 -1193 0
-283 -1228 0
-283 -1263 0
-318 -353 0
-318 -388 0
-318 -423 0
-318 -458 0
-318 -493 0
-318 -528 0
-318 -563 0
-318 -598 0
-318 -633 0
-318 -668 0
-318 -703 0
-318 -738 0
-318 -773 0
-318 -808 0
-318 -843 0
-318 -878 0
-318 -913 0
-318 -948 0
-318 -983 0
-318 -1018 0
-318 -1053 0
-318 -1088 0
-318 -1123 0
-318 -1158 0
-318 -1193 0
-318 -1228 0
-318 -1263 0
-353 -388 0
-353 -423 0
-353 -458 0
-353 -493 0
-353 -528 0
-353 -563 0
-353 -598 0
-353 -633 0
-353 -668 0
-353 -703 0
-353 -738 0
-353 -773 0
-353 -808 0
-353 -843 0
-353 -878 0
-353 -913 0
-353 -948 0
-353 -983 0
-353 -1018 0
-353 -1053 0
-353 -1088 0
-353 -1123 0
-353 -1158 0
-353 -1193 0
-353 -1228 0
-353 -1263 0
-388 -423 0
-388 -458 0
-388 -493 0
-388 -528 0
-388 -563 0
-388 -598 0
-388 -633 0
-388 -668 0
-388 -703 0
-388 -738 0
-388 -773 0
-388 -808 0
-388 -843 0
-388 -878 0
-388 -913 0
-388 -948 0
-388 -983 0
-388 -1018 0
-388 -1053 0
-388 -1088 0
-388 -1123 0
-388 -1158 0
-388 -1193 0
-388 -1228 0
-388 -1263 0
-423 -458 0
-423 -493 0
-423 -528 0
-423 -563 0
-423 -598 0
-423 -633 0
-423 -668 0
-423 -703 0
-423 -738 0
-423 -773 0
-423 -808 0
-423 -843 0
-423 -878 0
-423 -913 0
-423 -948 0
-423 -983 0
-423 -1018 0
-423 -1053 0
-423 -1088 0
-423 -1123 0
-423 -1158 0
-423 -1193 0
-423 -1228 0
-423 -1263 0
-458 -493 0
-458 -528 0
-458 -563 0
-458 -598 0
-458 -633 0
-458 -668 0
-458 -703 0
-458 -738 0
-458 -773 0
-458 -808 0
-458 -843 0
-458 -878 0
-458 -913 0
-458 -948 0
-458 -983 0
-458 -1018 0
-458 -1053 0
-458 -1088 0
-458 -1123 0
-458 -1158 0
-458 -1193 0
-458 -1228 0
-458 -1263 0
-493 -528 0
-493 -563 0
-493 -598 0
-493 -633 0
-493 -668 0
-493 -703 0
-493 -738 0
-493 -773 0
-493 -808 0
-493 -843 0
-493 -878 0
-493 -913 0
-493 -948 0
-493 -983 0
-493 -1018 0
-493 -1053 0
-493 -1088 0
-493 -1123 0
-493 -1158 0
-493 -1193 0
-493 -1228 0
-493 -1263 0
-528 -563 0
-528 -598 0
-528 -633 0
-528 -668 0
-528 -703 0
-528 -738 0
-528 -773 0
-528 -808 0
-528 -843 0
-528 -878 0
-528 -913 0
-528 -948 0
-528 -983 0
-528 -1018 0
-528 -1053 0
-528 -1088 0
-528 -1123 0
-528 -1158 0
-528 -1193 0
-528 -1228 0
-528 -1263 0
-563 -598 0
-563 -633 0
-563 -668 0
-563 -703 0
-563 -738 0
-563 -773 0
-563 -808 0
-563 -843 0
-563 -878 0
-563 -913 0
-563 -948 0
-563 -983 0
-563 -1018 0
-563 -1053 0
-563 -1088 0
-563 -1123 0
-563 -1158 0
-563 -1193 0
-563 -1228 0
-563 -1263 0
-598 -633 0
-598 -668 0
-598 -703 0
-598 -738 0
-598 -773 0
-598 -808 0
-598 -843 0
-598 -878 0
-598 -913 0
-598 -948 0
-598 -983 0
-598 -1018 0
-598 -1053 0
-598 -1088 0
-598 -1123 0
-598 -1158 0
-598 -1193 0
-598 -1228 0
-598 -1263 0
-633 -668 0
-633 -703 0
-633 -738 0
-633 -773 0
-633 -808 0
-633 -843 0
-633 -878 0
-633 -913 0
-633 -948 0
-633 -983 0
-633 -1018 0
-633 -1053 0
-633 -1088 0
-633 -1123 0
-633 -1158 0
-633 -1193 0
-633 -1228 0
-633 -1263 0
-668 -703 0
-668 -738 0
-668 -773 0
-668 -808 0
-668 -843 0
-668 -878 0
-668 -913 0
-668 -948 0
-668 -983 0
-668 -1018 0
-668 -1053 0
-668 -1088 0
-668 -1123 0
-668 -1158 0
-668 -1193 0
-668 -1228 0
-668 -1263 0
-703 -738 0
-703 -773 0
-703 -808 0
-703 -843 0
-703 -878 0
-703 -913 0
-703 -948 0
-703 -983 0
-703 -1018 0
-703 -1053 0
-703 -1088 0
-703 -1123 0
-703 -1158 0
-703 -1193 0
-703 -1228 0
-703 -1263 0
-738 -773 0
-738 -808 0
-738 -843 0
-738 -878 0
-738 -913 0
-738 -948 0
-738 -983 0
-738 -1018 0
-738 -1053 0
-738 -1088 0
-738 -1123 0
-738 -1158 0
-738 -1193 0
-738 -1228 0
-738 -1263 0
-773 -808 0
-773 -843 0
-773 -878 0
-773 -913 0
-773 -948 0
-773 -983 0
-773 -1018 0
-773 -1053 0
-773 -1088 0
-773 -1123 0
-773 -1158 0
-773 -1193 0
-773 -1228 0
-773 -1263 0
-808 -843 0
-808 -878 0
-808 -913 0
-808 -948 0
-808 -983 0
-808 -1018 0
-808 -1053 0
-808 -1088 0
-808 -1123 0
-808 -1158 0
-808 -1193 0
-808 -1228 0
-808 -1263 0
-843 -878 0
-843 -913 0
-843 -948 0
-843 -983 0
-843 -1018 0
-843 -1053 0
-843 -1088 0
-843 -1123 0
-843 -1158 0
-843 -1193 0
-843 -1228 0
-843 -1263 0
-878 -913 0
-878 -948 0
-878 -983 0
-878 -1018 0
-878 -1053 0
-878 -1088 0
-878 -1123 0
-878 -1158 0
-878 -1193 0
-878 -1228 0
-878 -1263 0
-913 -948 0
-913 -983 0
-913 -1018 0
-913 -1053 0
-913 -1088 0
-913 -1123 0
-913 -1158 0
-913 -1193 0
-913 -1228 0
-913 -1263 0
-948 -983 0
-948 -1018 0
-948 -1053 0
-948 -1088 0
-948 -1123 0
-948 -1158 0
-948 -1193 0
-948 -1228 0
-948 -1263 0
-983 -1018 0
-983 -1053 0
-983 -1088 0
-983 -1123 0
-983 -1158 0
-983 -1193 0
-983 -1228 0
-983 -1263 0
-1018 -1053 0
-1018 -1088 0
-1018 -1123 0
-1018 -1158 0
-1018 -1193 0
-1018 -1228 0
-1018 -1263 0
-1053 -1088 0
-1053 -1123 0
-1053 -1158 0
-1053 -1193 0
-1053 -1228 0
-1053 -1263 0
-1088 -1123 0
-1088 -1158 0
-1088 -1193 0
-1088 -1228 0
-1088 -1263 0
-1123 -1158 0
-1123 -1193 0
-1123 -1228 0
-1123 -1263 0
-1158 -1193 0
-1158 -1228 0
-1158 -1263 0
-1193 -1228 0
-1193 -1263 0
-1228 -1263 0
-144 -179 0
-144 -214 0
-144 -249 0
-144 -284 0
-144 -319 0
-144 -354 0
-144 -389 0
-144 -424 0
-144 -459 0
-144 -494 0
-144 -529 0
-144 -564 0
-144 -599 0
-144 -634 0
-144 -669 0
-144 -704 0
-144 -739 0
-144 -774 0
-144 -809 0
-144 -844 0
-144 -879 0
-144 -914 0
-144 -949 0
-144 -984 0
-144 -1019 0
-144 -1054 0
-144 -1089 0
-144 -1124 0
-144 -1159 0
-144 -1194 0
-144 -1229 0
-144 -1264 0
-179 -214 0
-179 -249 0
-179 -284 0
-179 -319 0
-179 -354 0
-179 -389 0
-179 -424 0
-179 -459 0
-179 -494 0
-179 -529 0
-179 -564 0
-179 -599 0
-179 -634 0
-179 -669 0
-179 -704 0
-179 -739 0
-179 -774 0
-179 -809 0
-179 -844 0
-179 -879 0
-179 -914 0
-179 -949 0
-179 -984 0
-179 -1019 0
-179 -1054 0
-179 -1089 0
-179 -1124 0
-179 -1159 0
-179 -1194 0
-179 -1229 0
-179 -1264 0
-214 -249 0
-214 -284 0
-214 -319 0
-214 -354 0
-214 -389 0
-214 -424 0
-214 -459 0
-214 -494 0
-214 -529 0
-214 -564 0
-214 -599 0
-214 -634 0
-214 -669 0
-214 -704 0
-214 -739 0
-214 -774 0
-214 -809 0
-214 -844 0
-214 -879 0
-214 -914 0
-214 -949 0
-214 -984 0
-214 -1019 0
-214 -1054 0
-214 -1089 0
-214 -1124 0
-214 -1159 0
-214 -1194 0
-214 -1229 0
-214 -1264 0
-249 -284 0
-249 -319 0
-249 -354 0
-249 -389 0
-249 -424 0
-249 -459 0
-249 -494 0
-249 -529 0
-249 -564 0
-249 -599 0
-249 -634 0
-249 -669 0
-249 -704 0
-249 -739 0
-249 -774 0
-249 -809 0
-249 -844 0
-249 -879 0
-249 -914 0
-249 -949 0
-249 -984 0
-249 -1019 0
-249 -1054 0
-249 -1089 0
-249 -1124 0
-249 -1159 0
-249 -1194 0
-249 -1229 0
-249 -1264 0
-284 -319 0
-284 -354 0
-284 -389 0
-284 -424 0
-284 -459 0
-284 -494 0
-284 -529 0
-284 -564 0
-284 -599 0
-284 -634 0
-284 -669 0
-284 -704 0
-284 -739 0
-284 -774 0
-284 -809 0
-284 -844 0
-284 -879 0
-284 -914 0
-284 -949 0
-284 -984 0
-284 -1019 0
-284 -1054 0
-284 -1089 0
-284 -1124 0
-284 -1159 0
-284 -1194 0
-284 -1229 0
-284 -1264 0
-319 -354 0
-319 -389 0
-319 -424 0
-319 -459 0
-319 -494 0
-319 -529 0
-319 -564 0
-319 -599 0
-319 -634 0
-319 -669 0
-319 -704 0
-319 -739 0
-319 -774 0
-319 -809 0
-319 -844 0
-319 -879 0
-319 -914 0
-319 -949 0
-319 -984 0
-319 -1019 0
-319 -1054 0
-319 -1089 0
-319 -1124 0
-319 -1159 0
-319 -1194 0
-319 -1229 0
-319 -1264 0
-354 -389 0
-354 -424 0
-354 -459 0
-354 -494 0
-354 -529 0
-354 -564 0
-354 -599 0
-354 -634 0
-354 -669 0
-354 -704 0
-354 -739 0
-354 -774 0
-354 -809 0
-354 -844 0
-354 -879 0
-354 -914 0
-354 -949 0
-354 -984 0
-354 -1019 0
-354 -1054 0
-354 -1089 0
-354 -1124 0
-354 -1159 0
-354 -1194 0
-354 -1229 0
-354 -1264 0
-389 -424 0
-389 -459 0
-389 -494 0
-389 -529 0
-389 -564 0
-389 -599 0
-389 -634 0
-389 -669 0
-389 -704 0
-389 -739 0
-389 -774 0
-389 -809 0
-389 -844 0
-389 -879 0
-389 -914 0
-389 -949 0
-389 -984 0
-389 -1019 0
-389 -1054 0
-389 -1089 0
-389 -1124 0
-389 -1159 0
-389 -1194 0
-389 -1229 0
-389 -1264 0
-424 -459 0
-424 -494 0
-424 -529 0
-424 -564 0
-424 -599 0
-424 -634 0
-424 -669 0
-424 -704 0
-424 -739 0
-424 -774 0
-424 -809 0
-424 -844 0
-424 -879 0
-424 -914 0
-424 -949 0
-424 -984 0
-424 -1019 0
-424 -1054 0
-424 -1089 0
-424 -1124 0
-424 -1159 0
-424 -1194 0
-424 -1229 0
-424 -1264 0
-459 -494 0
-459 -529 0
-459 -564 0
-459 -599 0
-459 -634 0
-459 -669 0
-459 -704 0
-459 -739 0
-459 -774 0
-459 -809 0
-459 -844 0
-459 -879 0
-459 -914 0
-459 -949 0
-459 -984 0
-459 -1019 0
-459 -1054 0
-459 -1089 0
-459 -1124 0
-459 -1159 0
-459 -1194 0
-459 -1229 0
-459 -1264 0
-494 -529 0
-494 -564 0
-494 -599 0
-494 -634 0
-494 -669 0
-494 -704 0
-494 -739 0
-494 -774 0
-494 -809 0
-494 -844 0
-494 -879 0
-494 -914 0
-494 -949 0
-494 -984 0
-494 -1019 0
-494 -1054 0
-494 -1089 0
-494 -1124 0
-494 -1159 0
-494 -1194 0
-494 -1229 0
-494 -1264 0
-529 -564 0
-529 -599 0
-529 -634 0
-529 -669 0
-529 -704 0
-529 -739 0
-529 -774 0
-529 -809 0
-529 -844 0
-529 -879 0
-529 -914 0
-529 -949 0
-529 -984 0
-529 -1019 0
-529 -1054 0
-529 -1089 0
-529 -1124 0
-529 -1159 0
-529 -1194 0
-529 -1229 0
-529 -1264 0
-564 -599 0
-564 -634 0
-564 -669 0
-564 -704 0
-564 -739 0
-564 -774 0
-564 -809 0
-564 -844 0
-564 -879 0
-564 -914 0
-564 -949 0
-564 -984 0
-564 -1019 0
-564 -1054 0
-564 -1089 0
-564 -1124 0
-564 -1159 0
-564 -1194 0
-564 -1229 0
-564 -1264 0
-599 -634 0
-599 -669 0
-599 -704 0
-599 -739 0
-599 -774 0
-599 -809 0
-599 -844 0
-599 -879 0
-599 -914 0
-599 -949 0
-599 -984 0
-599 -1019 0
-599 -1054 0
-599 -1089 0
-599 -1124 0
-599 -1159 0
-599 -1194 0
-599 -1229 0
-599 -1264 0
-634 -669 0
-634 -704 0
-634 -739 0
-634 -774 0
-634 -809 0
-634 -844 0
-634 -879 0
-634 -914 0
-634 -949 0
-634 -984 0
-634 -1019 0
-634 -1054 0
-634 -1089 0
-634 -1124 0
-634 -1159 0
-634 -1194 0
-634 -1229 0
-634 -1264 0
-669 -704 0
-669 -739 0
-669 -774 0
-669 -809 0
-669 -844 0
-669 -879 0
-669 -914 0
-669 -949 0
-669 -984 0
-669 -1019 0
-669 -1054 0
-669 -1089 0
-669 -1124 0
-669 -1159 0
-669 -1194 0
-669 -1229 0
-669 -1264 0
-704 -739 0
-704 -774 0
-704 -809 0
-704 -844 0
-704 -879 0
-704 -914 0
-704 -949 0
-704 -984 0
-704 -1019 0
-704 -1054 0
-704 -1089 0
-704 -1124 0
-704 -1159 0
-704 -1194 0
-704 -1229 0
-704 -1264 0
-739 -774 0
-739 -809 0
-739 -844 0
-739 -879 0
-739 -914 0
-739 -949 0
-739 -984 0
-739 -1019 0
-739 -1054 0
-739 -1089 0
-739 -1124 0
-739 -1159 0
-739 -1194 0
-739 -1229 0
-739 -1264 0
-774 -809 0
-774 -844 0
-774 -879 0
-774 -914 0
-774 -949 0
-774 -984 0
-774 -1019 0
-774 -1054 0
-774 -1089 0
-774 -1124 0
-774 -1159 0
-774 -1194 0
-774 -1229 0
-774 -1264 0
-809 -844 0
-809 -879 0
-809 -914 0
-809 -949 0
-809 -984 0
-809 -1019 0
-809 -1054 0
-809 -1089 0
-809 -1124 0
-809 -1159 0
-809 -1194 0
-809 -1229 0
-809 -1264 0
-844 -879 0
-844 -914 0
-844 -949 0
-844 -984 0
-844 -1019 0
-844 -1054 0
-844 -1089 0
-844 -1124 0
-844 -1159 0
-844 -1194 0
-844 -1229 0
-844 -1264 0
-879 -914 0
-879 -949 0
-879 -984 0
-879 -1019 0
-879 -1054 0
-879 -1089 0
-879 -1124 0
-879 -1159 0
-879 -1194 0
-879 -1229 0
-879 -1264 0
-914 -949 0
-914 -984 0
-914 -1019 0
-914 -1054 0
-914 -1089 0
-914 -1124 0
-914 -1159 0
-914 -1194 0
-914 -1229 0
-914 -1264 0
-949 -984 0
-949 -1019 0
-949 -1054 0
-949 -1089 0
-949 -1124 0
-949 -1159 0
-949 -1194 0
-949 -1229 0
-949 -1264 0
-984 -1019 0
-984 -1054 0
-984 -1089 0
-984 -1124 0
-984 -1159 0
-984 -1194 0
-984 -1229 0
-984 -1264 0
-1019 -1054 0
-1019 -1089 0
-1019 -1124 0
-1019 -1159 0
-1019 -1194 0
-1019 -1229 0
-1019 -1264 0
-1054 -1089 0
-1054 -1124 0
-1054 -1159 0
-1054 -1194 0
-1054 -1229 0
-1054 -1264 0
-1089 -1124 0
-1089 -1159 0
-1089 -1194 0
-1089 -1229 0
-1089 -1264 0
-1124 -1159 0
-1124 -1194 0
-1124 -1229 0
-1124 -1264 0
-1159 -1194 0
-1159 -1229 0
-1159 -1264 0
-1194 -1229 0
-1194 -1264 0
-1229 -1264 0
-180 -215 0
-180 -250 0
-180 -285 0
-180 -320 0
-180 -355 0
-180 -390 0
-180 -425 0
-180 -460 0
-180 -495 0
-180 -530 0
-180 -565 0
-180 -600 0
-180 -635 0
-180 -670 0
-180 -705 0
-180 -740 0
-180 -775 0
-180 -810 0
-180 -845 0
-180 -880 0
-180 -915 0
-180 -950 0
-180 -985 0
-180 -1020 0
-180 -1055 0
-180 -1090 0
-180 -1125 0
-180 -1160 0
-180 -1195 0
-180 -1230 0
-180 -1265 0
-215 -250 0
-215 -285 0
-215 -320 0
-215 -355 0
-215 -390 0
-215 -425 0
-215 -460 0
-215 -495 0
-215 -530 0
-215 -565 0
-215 -600 0
-215 -635 0
-215 -670 0
-215 -705 0
-215 -740 0
-215 -775 0
-215 -810 0
-215 -845 0
-215 -880 0
-215 -915 0
-215 -950 0
-215 -985 0
-215 -1020 0
-215 -1055 0
-215 -1090 0
-215 -1125 0
-215 -1160 0
-215 -1195 0
-215 -1230 0
-215 -1265 0
-250 -285 0
-250 -320 0
-250 -355 0
-250 -390 0
-250 -425 0
-250 -460 0
-250 -495 0
-250 -530 0
-250 -565 0
-250 -600 0
-250 -635 0
-250 -670 0
-250 -705 0
-250 -740 0
-250 -775 0
-250 -810 0
-250 -845 0
-250 -880 0
-250 -915 0
-250 -950 0
-250 -985 0
-250 -1020 0
-250 -1055 0
-250 -1090 0
-250 -1125 0
-250 -1160 0
-250 -1195 0
-250 -1230 0
-250 -1265 0
-285 -320 0
-285 -355 0
-285 -390 0
-285 -425 0
-285 -460 0
-285 -495 0
-285 -530 0
-285 -565 0
-285 -600 0
-285 -635 0
-285 -670 0
-285 -705 0
-285 -740 0
-285 -775 0
-285 -810 0
-285 -845 0
-285 -880 0
-285 -915 0
-285 -950 0
-285 -985 0
-285 -1020 0
-285 -1055 0
-285 -1090 0
-285 -1125 0
-285 -1160 0
-285 -1195 0
-285 -1230 0
-285 -1265 0
-320 -355 0
-320 -390 0
-320 -425 0
-320 -460 0
-320 -495 0
-320 -530 0
-320 -565 0
-320 -600 0
-320 -635 0
-320 -670 0
-320 -705 0
-320 -740 0
-320 -775 0
-320 -810 0
-320 -845 0
-320 -880 0
-320 -915 0
-320 -950 0
-320 -985 0
-320 -1020 0
-320 -1055 0
-320 -1090 0
-320 -1125 0
-320 -1160 0
-320 -1195 0
-320 -1230 0
-320 -1265 0
-355 -390 0
-355 -425 0
-355 -460 0
-355 -495 0
-355 -530 0
-355 -565 0
-355 -600 0
-355 -635 0
-355 -670 0
-355 -705 0
-355 -740 0
-355 -775 0
-355 -810 0
-355 -845 0
-355 -880 0
-355 -915 0
-355 -950 0
-355 -985 0
-355 -1020 0
-355 -1055 0
-355 -1090 0
-355 -1125 0
-355 -1160 0
-355 -1195 0
-355 -1230 0
-355 -1265 0
-390 -425 0
-390 -460 0
-390 -495 0
-390 -530 0
-390 -565 0
-390 -600 0
-390 -635 0
-390 -670 0
-390 -705 0
-390 -740 0
-390 -775 0
-390 -810 0
-390 -845 0
-390 -880 0
-390 -915 0
-390 -950 0
-390 -985 0
-390 -1020 0
-390 -1055 0
-390 -1090 0
-390 -1125 0
-390 -1160 0
-390 -1195 0
-390 -1230 0
-390 -1265 0
-425 -460 0
-425 -495 0
-425 -530 0
-425 -565 0
-425 -600 0
-425 -635 0
-425 -670 0
-425 -705 0
-425 -740 0
-425 -775 0
-425 -810 0
-425 -845 0
-425 -880 0
-425 -915 0
-425 -950 0
-425 -985 0
-425 -1020 0
-425 -1055 0
-425 -1090 0
-425 -1125 0
-425 -1160 0
-425 -1195 0
-425 -1230 0
-425 -1265 0
-460 -495 0
-460 -530 0
-460 -565 0
-460 -600 0
-460 -635 0
-460 -670 0
-460 -705 0
-460 -740 0
-460 -775 0
-460 -810 0
-460 -845 0
-460 -880 0
-460 -915 0
-460 -950 0
-460 -985 0
-460 -1020 0
-460 -1055 0
-460 -1090 0
-460 -1125 0
-460 -1160 0
-460 -1195 0
-460 -1230 0
-460 -1265 0
-495 -530 0
-495 -565 0
-495 -600 0
-495 -635 0
-495 -670 0
-495 -705 0
-495 -740 0
-495 -775 0
-495 -810 0
-495 -845 0
-495 -880 0
-495 -915 0
-495 -950 0
-495 -985 0
-495 -1020 0
-495 -1055 0
-495 -1090 0
-495 -1125 0
-495 -1160 0
-495 -1195 0
-495 -1230 0
-495 -1265 0
-530 -565 0
-530 -600 0
-530 -635 0
-530 -670 0
-530 -705 0
-530 -740 0
-530 -775 0
-530 -810 0
-530 -845 0
-530 -880 0
-530 -915 0
-530 -950 0
-530 -985 0
-530 -1020 0
-530 -1055 0
-530 -1090 0
-530 -1125 0
-530 -1160 0
-530 -1195 0
-530 -1230 0
-530 -1265 0
-565 -600 0
-565 -635 0
-565 -670 0
-565 -705 0
-565 -740 0
-565 -775 0
-565 -810 0
-565 -845 0
-565 -880 0
-565 -915 0
-565 -950 0
-565 -985 0
-565 -1020 0
-565 -1055 0
-565 -1090 0
-565 -1125 0
-565 -1160 0
-565 -1195 0
-565 -1230 0
-565 -1265 0
-600 -635 0
-600 -670 0
-600 -705 0
-600 -740 0
-600 -775 0
-600 -810 0
-600 -845 0
-600 -880 0
-600 -915 0
-600 -950 0
-600 -985 0
-600 -1020 0
-600 -1055 0
-600 -1090 0
-600 -1125 0
-600 -1160 0
-600 -1195 0
-600 -1230 0
-600 -1265 0
-635 -670 0
-635 -705 0
-635 -740 0
-635 -775 0
-635 -810 0
-635 -845 0
-635 -880 0
-635 -915 0
-635 -950 0
-635 -985 0
-635 -1020 0
-635 -1055 0
-635 -1090 0
-635 -1125 0
-635 -1160 0
-635 -1195 0
-635 -1230 0
-635 -1265 0
-670 -705 0
-670 -740 0
-670 -775 0
-670 -810 0
-670 -845 0
-670 -880 0
-670 -915 0
-670 -950 0
-670 -985 0
-670 -1020 0
-670 -1055 0
-670 -1090 0
-670 -1125 0
-670 -1160 0
-670 -1195 0
-670 -1230 0
-670 -1265 0
-705 -740 0
-705 -775 0
-705 -810 0
-705 -845 0
-705 -880 0
-705 -915 0
-705 -950 0
-705 -985 0
-705 -1020 0
-705 -1055 0
-705 -1090 0
-705 -1125 0
-705 -1160 0
-705 -1195 0
-705 -1230 0
-705 -1265 0
-740 -775 0
-740 -810 0
-740 -845 0
-740 -880 0
-740 -915 0
-740 -950 0
-740 -985 0
-740 -1020 0
-740 -1055 0
-740 -1090 0
-740 -1125 0
-740 -1160 0
-740 -1195 0
-740 -1230 0
-740 -1265 0
-775 -810 0
-775 -845 0
-775 -880 0
-775 -915 0
-775 -950 0
-775 -985 0
-775 -1020 0
-775 -1055 0
-775 -1090 0
-775 -1125 0
-775 -1160 0
-775 -1195 0
-775 -1230 0
-775 -1265 0
-810 -845 0
-810 -880 0
-810 -915 0
-810 -950 0
-810 -985 0
-810 -1020 0
-810 -1055 0
-810 -1090 0
-810 -1125 0
-810 -1160 0
-810 -1195 0
-810 -1230 0
-810 -1265 0
-845 -880 0
-845 -915 0
-845 -950 0
-845 -985 0
-845 -1020 0
-845 -1055 0
-845 -1090 0
-845 -1125 0
-845 -1160 0
-845 -1195 0
-845 -1230 0
-845 -1265 0
-880 -915 0
-880 -950 0
-880 -985 0
-880 -1020 0
-880 -1055 0
-880 -1090 0
-880 -1125 0
-880 -1160 0
-880 -1195 0
-880 -1230 0
-880 -1265 0
-915 -950 0
-915 -985 0
-915 -1020 0
-915 -1055 0
-915 -1090 0
-915 -1125 0
-915 -1160 0
-915 -1195 0
-915 -1230 0
-915 -1265 0
-950 -985 0
-950 -1020 0
-950 -1055 0
-950 -1090 0
-950 -1125 0
-950 -1160 0
-950 -1195 0
-950 -1230 0
-950 -1265 0
-985 -1020 0
-985 -1055 0
-985 -1090 0
-985 -1125 0
-985 -1160 0
-985 -1195 0
-985 -1230 0
-985 -1265 0
-1020 -1055 0
-1020 -1090 0
-1020 -1125 0
-1020 -1160 0
-1020 -1195 0
-1020 -1230 0
-1020 -1265 0
-1055 -1090 0
-1055 -1125 0
-1055 -1160 0
-1055 -1195 0
-1055 -1230 0
-1055 -1265 0
-1090 -1125 0
-1090 -1160 0
-1090 -1195 0
-1090 -1230 0
-1090 -1265 0
-1125 -1160 0
-1125 -1195 0
-1125 -1230 0
-1125 -1265 0
-1160 -1195 0
-1160 -1230 0
-1160 -1265 0
-1195 -1230 0
-1195 -1265 0
-1230 -1265 0
-216 -251 0
-216 -286 0
-216 -321 0
-216 -356 0
-216 -391 0
-216 -426 0
-216 -461 0
-216 -496 0
-216 -531 0
-216 -566 0
-216 -601 0
-216 -636 0
-216 -671 0
-216 -706 0
-216 -741 0
-216 -776 0
-216 -811 0
-216 -846 0
-216 -881 0
-216 -916 0
-216 -951 0
-216 -986 0
-216 -1021 0
-216 -1056 0
-216 -1091 0
-216 -1126 0
-216 -1161 0
-216 -1196 0
-216 -1231 0
-216 -1266 0
-251 -286 0
-251 -321 0
-251 -356 0
-251 -391 0
-251 -426 0
-251 -461 0
-251 -496 0
-251 -531 0
-251 -566 0
-251 -601 0
-251 -636 0
-251 -671 0
-251 -706 0
-251 -741 0
-251 -776 0
-251 -811 0
-251 -846 0
-251 -881 0
-251 -916 0
-251 -951 0
-251 -986 0
-251 -1021 0
-251 -1056 0
-251 -1091 0
-251 -1126 0
-251 -1161 0
-251 -1196 0
-251 -1231 0
-251 -1266 0
-286 -321 0
-286 -356 0
-286 -391 0
-286 -426 0
-286 -461 0
-286 -496 0
-286 -531 0
-286 -566 0
-286 -601 0
-286 -636 0
-286 -671 0
-286 -706 0
-286 -741 0
-286 -776 0
-286 -811 0
-286 -846 0
-286 -881 0
-286 -916 0
-286 -951 0
-286 -986 0
-286 -1021 0
-286 -1056 0
-286 -1091 0
-286 -1126 0
-286 -1161 0
-286 -1196 0
-286 -1231 0
-286 -1266 0
-321 -356 0
-321 -391 0
-321 -426 0
-321 -461 0
-321 -496 0
-321 -531 0
-321 -566 0
-321 -601 0
-321 -636 0
-321 -671 0
-321 -706 0
-321 -741 0
-321 -776 0
-321 -811 0
-321 -846 0
-321 -881 0
-321 -916 0
-321 -951 0
-321 -986 0
-321 -1021 0
-321 -1056 0
-321 -1091 0
-321 -1126 0
-321 -1161 0
-321 -1196 0
-321 -1231 0
-321 -1266 0
-356 -391 0
-356 -426 0
-356 -461 0
-356 -496 0
-356 -531 0
-356 -566 0
-356 -601 0
-356 -636 0
-356 -671 0
-356 -706 0
-356 -741 0
-356 -776 0
-356 -811 0
-356 -846 0
-356 -881 0
-356 -916 0
-356 -951 0
-356 -986 0
-356 -1021 0
-356 -1056 0
-356 -1091 0
-356 -1126 0
-356 -1161 0
-356 -1196 0
-356 -1231 0
-356 -1266 0
-391 -426 0
-391 -461 0
-391 -496 0
-391 -531 0
-391 -566 0
-391 -601 0
-391 -636 0
-391 -671 0
-391 -706 0
-391 -741 0
-391 -776 0
-391 -811 0
-391 -846 0
-391 -881 0
-391 -916 0
-391 -951 0
-391 -986 0
-391 -1021 0
-391 -1056 0
-391 -1091 0
-391 -1126 0
-391 -1161 0
-391 -1196 0
-391 -1231 0
-391 -1266 0
-426 -461 0
-426 -496 0
-426 -531 0
-426 -566 0
-426 -601 0
-426 -636 0
-426 -671 0
-426 -706 0
-426 -741 0
-426 -776 0
-426 -811 0
-426 -846 0
-426 -881 0
-426 -916 0
-426 -951 0
-426 -986 0
-426 -1021 0
-426 -1056 0
-426 -1091 0
-426 -1126 0
-426 -1161 0
-426 -1196 0
-426 -1231 0
-426 -1266 0
-461 -496 0
-461 -531 0
-461 -566 0
-461 -601 0
-461 -636 0
-461 -671 0
-461 -706 0
-461 -741 0
-461 -776 0
-461 -811 0
-461 -846 0
-461 -881 0
-461 -916 0
-461 -951 0
-461 -986 0
-461 -1021 0
-461 -1056 0
-461 -1091 0
-461 -1126 0
-461 -1161 0
-461 -1196 0
-461 -1231 0
-461 -1266 0
-496 -531 0
-496 -566 0
-496 -601 0
-496 -636 0
-496 -671 0
-496 -706 0
-496 -741 0
-496 -776 0
-496 -811 0
-496 -846 0
-496 -881 0
-496 -916 0
-496 -951 0
-496 -986 0
-496 -1021 0
-496 -1056 0
-496 -1091 0
-496 -1126 0
-496 -1161 0
-496 -1196 0
-496 -1231 0
-496 -1266 0
-531 -566 0
-531 -601 0
-531 -636 0
-531 -671 0
-531 -706 0
-531 -741 0
-531 -776 0
-531 -811 0
-531 -846 0
-531 -881 0
-531 -916 0
-531 -951 0
-531 -986 0
-531 -1021 0
-531 -1056 0
-531 -1091 0
-531 -1126 0
-531 -1161 0
-531 -1196 0
-531 -1231 0
-531 -1266 0
-566 -601 0
-566 -636 0
-566 -671 0
-566 -706 0
-566 -741 0
-566 -776 0
-566 -811 0
-566 -846 0
-566 -881 0
-566 -916 0
-566 -951 0
-566 -986 0
-566 -1021 0
-566 -1056 0
-566 -1091 0
-566 -1126 0
-566 -1161 0
-566 -1196 0
-566 -1231 0
-566 -1266 0
-601 -636 0
-601 -671 0
-601 -706 0
-601 -741 0
-601 -776 0
-601 -811 0
-601 -846 0
-601 -881 0
-601 -916 0
-601 -951 0
-601 -986 0
-601 -1021 0
-601 -1056 0
-601 -1091 0
-601 -1126 0
-601 -1161 0
-601 -1196 0
-601 -1231 0
-601 -1266 0
-636 -671 0
-636 -706 0
-636 -741 0
-636 -776 0
-636 -811 0
-636 -846 0
-636 -881 0
-636 -916 0
-636 -951 0
-636 -986 0
-636 -1021 0
-636 -1056 0
-636 -1091 0
-636 -1126 0
-636 -1161 0
-636 -1196 0
-636 -1231 0
-636 -1266 0
-671 -706 0
-671 -741 0
-671 -776 0
-671 -811 0
-671 -846 0
-671 -881 0
-671 -916 0
-671 -951 0
-671 -986 0
-671 -1021 0
-671 -1056 0
-671 -1091 0
-671 -1126 0
-671 -1161 0
-671 -1196 0
-671 -1231 0
-671 -1266 0
-706 -741 0
-706 -776 0
-706 -811 0
-706 -846 0
-706 -881 0
-706 -916 0
-706 -951 0
-706 -986 0
-706 -1021 0
-706 -1056 0
-706 -1091 0
-706 -1126 0
-706 -1161 0
-706 -1196 0
-706 -1231 0
-706 -1266 0
-741 -776 0
-741 -811 0
-741 -846 0
-741 -881 0
-741 -916 0
-741 -951 0
-741 -986 0
-741 -1021 0
-741 -1056 0
-741 -1091 0
-741 -1126 0
-741 -1161 0
-741 -1196 0
-741 -1231 0
-741 -1266 0
-776 -811 0
-776 -846 0
-776 -881 0
-776 -916 0
-776 -951 0
-776 -986 0
-776 -1021 0
-776 -1056 0
-776 -1091 0
-776 -1126 0
-776 -1161 0
-776 -1196 0
-776 -1231 0
-776 -1266 0
-811 -846 0
-811 -881 0
-811 -916 0
-811 -951 0
-811 -986 0
-811 -1021 0
-811 -1056 0
-811 -1091 0
-811 -1126 0
-811 -1161 0
-811 -1196 0
-811 -1231 0
-811 -1266 0
-846 -881 0
-846 -916 0
-846 -951 0
-846 -986 0
-846 -1021 0
-846 -1056 0
-846 -1091 0
-846 -1126 0
-846 -1161 0
-846 -1196 0
-846 -1231 0
-846 -1266 0
-881 -916 0
-881 -951 0
-881 -986 0
-881 -1021 0
-881 -1056 0
-881 -1091 0
-881 -1126 0
-881 -1161 0
-881 -1196 0
-881 -1231 0
-881 -1266 0
-916 -951 0
-916 -986 0
-916 -1021 0
-916 -1056 0
-916 -1091 0
-916 -1126 0
-916 -1161 0
-916 -1196 0
-916 -1231 0
-916 -1266 0
-951 -986 0
-951 -1021 0
-951 -1056 0
-951 -1091 0
-951 -1126 0
-951 -1161 0
-951 -1196 0
-951 -1231 0
-951 -1266 0
-986 -1021 0
-986 -1056 0
-986 -1091 0
-986 -1126 0
-986 -1161 0
-986 -1196 0
-986 -1231 0
-986 -1266 0
-1021 -1056 0
-1021 -1091 0
-1021 -1126 0
-1021 -1161 0
-1021 -1196 0
-1021 -1231 0
-1021 -1266 0
-1056 -1091 0
-1056 -1126 0
-1056 -1161 0
-1056 -1196 0
-1056 -1231 0
-1056 -1266 0
-1091 -1126 0
-1091 -1161 0
-1091 -1196 0
-1091 -1231 0
-1091 -1266 0
-1126 -1161 0
-1126 -1196 0
-1126 -1231 0
-1126 -1266 0
-1161 -1196 0
-1161 -1231 0
-1161 -1266 0
-1196 -1231 0
-1196 -1266 0
-1231 -1266 0
-252 -287 0
-252 -322 0
-252 -357 0
-252 -392 0
-252 -427 0
-252 -462 0
-252 -497 0
-252 -532 0
-252 -567 0
-252 -602 0
-252 -637 0
-252 -672 0
-252 -707 0
-252 -742 0
-252 -777 0
-252 -812 0
-252 -847 0
-252 -882 0
-252 -917 0
-252 -952 0
-252 -987 0
-252 -1022 0
-252 -1057 0
-252 -1092 0
-252 -1127 0
-252 -1162 0
-252 -1197 0
-252 -1232 0
-252 -1267 0
-287 -322 0
-287 -357 0
-287 -392 0
-287 -427 0
-287 -462 0
-287 -497 0
-287 -532 0
-287 -567 0
-287 -602 0
-287 -637 0
-287 -672 0
-287 -707 0
-287 -742 0
-287 -777 0
-287 -812 0
-287 -847 0
-287 -882 0
-287 -917 0
-287 -952 0
-287 -987 0
-287 -1022 0
-287 -1057 0
-287 -1092 0
-287 -1127 0
-287 -1162 0
-287 -1197 0
-287 -1232 0
-287 -1267 0
-322 -357 0
-322 -392 0
-322 -427 0
-322 -462 0
-322 -497 0
-322 -532 0
-322 -567 0
-322 -602 0
-322 -637 0
-322 -672 0
-322 -707 0
-322 -742 0
-322 -777 0
-322 -812 0
-322 -847 0
-322 -882 0
-322 -917 0
-322 -952 0
-322 -987 0
-322 -1022 0
-322 -1057 0
-322 -1092 0
-322 -1127 0
-322 -1162 0
-322 -1197 0
-322 -1232 0
-322 -1267 0
-357 -392 0
-357 -427 0
-357 -462 0
-357 -497 0
-357 -532 0
-357 -567 0
-357 -602 0
-357 -637 0
-357 -672 0
-357 -707 0
-357 -742 0
-357 -777 0
-357 -812 0
-357 -847 0
-357 -882 0
-357 -917 0
-357 -952 0
-357 -987 0
-357 -1022 0
-357 -1057 0
-357 -1092 0
-357 -1127 0
-357 -1162 0
-357 -1197 0
-357 -1232 0
-357 -1267 0
-392 -427 0
-392 -462 0
-392 -497 0
-392 -532 0
-392 -567 0
-392 -602 0
-392 -637 0
-392 -672 0
-392 -707 0
-392 -742 0
-392 -777 0
-392 -812 0
-392 -847 0
-392 -882 0
-392 -917 0
-392 -952 0
-392 -987 0
-392 -1022 0
-392 -1057 0
-392 -1092 0
-392 -1127 0
-392 -1162 0
-392 -1197 0
-392 -1232 0
-392 -1267 0
-427 -462 0
-427 -497 0
-427 -532 0
-427 -567 0
-427 -602 0
-427 -637 0
-427 -672 0
-427 -707 0
-427 -742 0
-427 -777 0
-427 -812 0
-427 -847 0
-427 -882 0
-427 -917 0
-427 -952 0
-427 -987 0
-427 -1022 0
-427 -1057 0
-427 -1092 0
-427 -1127 0
-427 -1162 0
-427 -1197 0
-427 -1232 0
-427 -1267 0
-462 -497 0
-462 -532 0
-462 -567 0
-462 -602 0
-462 -637 0
-462 -672 0
-462 -707 0
-462 -742 0
-462 -777 0
-462 -812 0
-462 -847 0
-462 -882 0
-462 -917 0
-462 -952 0
-462 -987 0
-462 -1022 0
-462 -1057 0
-462 -1092 0
-462 -1127 0
-462 -1162 0
-462 -1197 0
-462 -1232 0
-462 -1267 0
-497 -532 0
-497 -567 0
-497 -602 0
-497 -637 0
-497 -672 0
-497 -707 0
-497 -742 0
-497 -777 0
-497 -812 0
-497 -847 0
-497 -882 0
-497 -917 0
-497 -952 0
-497 -987 0
-497 -1022 0
-497 -1057 0
-497 -1092 0
-497 -1127 0
-497 -1162 0
-497 -1197 0
-497 -1232 0
-497 -1267 0
-532 -567 0
-532 -602 0
-532 -637 0
-532 -672 0
-532 -707 0
-532 -742 0
-532 -777 0
-532 -812 0
-532 -847 0
-532 -882 0
-532 -917 0
-532 -952 0
-532 -987 0
-532 -1022 0
-532 -1057 0
-532 -1092 0
-532 -1127 0
-532 -1162 0
-532 -1197 0
-532 -1232 0
-532 -1267 0
-567 -602 0
-567 -637 0
-567 -672 0
-567 -707 0
-567 -742 0
-567 -777 0
-567 -812 0
-567 -847 0
-567 -882 0
-567 -917 0
-567 -952 0
-567 -987 0
-567 -1022 0
-567 -1057 0
-567 -1092 0
-567 -1127 0
-567 -1162 0
-567 -1197 0
-567 -1232 0
-567 -1267 0
-602 -637 0
-602 -672 0
-602 -707 0
-602 -742 0
-602 -777 0
-602 -812 0
-602 -847 0
-602 -882 0
-602 -917 0
-602 -952 0
-602 -987 0
-602 -1022 0
-602 -1057 0
-602 -1092 0
-602 -1127 0
-602 -1162 0
-602 -1197 0
-602 -1232 0
-602 -1267 0
-637 -672 0
-637 -707 0
-637 -742 0
-637 -777 0
-637 -812 0
-637 -847 0
-637 -882 0
-637 -917 0
-637 -952 0
-637 -987 0
-637 -1022 0
-637 -1057 0
-637 -1092 0
-637 -1127 0
-637 -1162 0
-637 -1197 0
-637 -1232 0
-637 -1267 0
-672 -707 0
-672 -742 0
-672 -777 0
-672 -812 0
-672 -847 0
-672 -882 0
-672 -917 0
-672 -952 0
-672 -987 0
-672 -1022 0
-672 -1057 0
-672 -1092 0
-672 -1127 0
-672 -1162 0
-672 -1197 0
-672 -1232 0
-672 -1267 0
-707 -742 0
-707 -777 0
-707 -812 0
-707 -847 0
-707 -882 0
-707 -917 0
-707 -952 0
-707 -987 0
-707 -1022 0
-707 -1057 0
-707 -1092 0
-707 -1127 0
-707 -1162 0
-707 -1197 0
-707 -1232 0
-707 -1267 0
-742 -777 0
-742 -812 0
-742 -847 0
-742 -882 0
-742 -917 0
-742 -952 0
-742 -987 0
-742 -1022 0
-742 -1057 0
-742 -1092 0
-742 -1127 0
-742 -1162 0
-742 -1197 0
-742 -1232 0
-742 -1267 0
-777 -812 0
-777 -847 0
-777 -882 0
-777 -917 0
-777 -952 0
-777 -987 0
-777 -1022 0
-777 -1057 0
-777 -1092 0
-777 -1127 0
-777 -1162 0
-777 -1197 0
-777 -1232 0
-777 -1267 0
-812 -847 0
-812 -882 0
-812 -917 0
-812 -952 0
-812 -987 0
-812 -1022 0
-812 -1057 0
-812 -1092 0
-812 -1127 0
-812 -1162 0
-812 -1197 0
-812 -1232 0
-812 -1267 0
-847 -882 0
-847 -917 0
-847 -952 0
-847 -987 0
-847 -1022 0
-847 -1057 0
-847 -1092 0
-847 -1127 0
-847 -1162 0
-847 -1197 0
-847 -1232 0
-847 -1267 0
-882 -917 0
-882 -952 0
-882 -987 0
-882 -1022 0
-882 -1057 0
-882 -1092 0
-882 -1127 0
-882 -1162 0
-882 -1197 0
-882 -1232 0
-882 -1267 0
-917 -952 0
-917 -987 0
-917 -1022 0
-917 -1057 0
-917 -1092 0
-917 -1127 0
-917 -1162 0
-917 -1197 0
-917 -1232 0
-917 -1267 0
-952 -987 0
-952 -1022 0
-952 -1057 0
-952 -1092 0
-952 -1127 0
-952 -1162 0
-952 -1197 0
-952 -1232 0
-952 -1267 0
-987 -1022 0
-987 -1057 0
-987 -1092 0
-987 -1127 0
-987 -1162 0
-987 -1197 0
-987 -1232 0
-987 -1267 0
-1022 -1057 0
-1022 -1092 0
-1022 -1127 0
-1022 -1162 0
-1022 -1197 0
-1022 -1232 0
-1022 -1267 0
-1057 -1092 0
-1057 -1127 0
-1057 -1162 0
-1057 -1197 0
-1057 -1232 0
-1057 -1267 0
-1092 -1127 0
-1092 -1162 0
-1092 -1197 0
-1092 -1232 0
-1092 -1267 0
-1127 -1162 0
-1127 -1197 0
-1127 -1232 0
-1127 -1267 0
-1162 -1197 0
-1162 -1232 0
-1162 -1267 0
-1197 -1232 0
-1197 -1267 0
-1232 -1267 0
-288 -323 0
-288 -358 0
-288 -393 0
-288 -428 0
-288 -463 0
-288 -498 0
-288 -533 0
-288 -568 0
-288 -603 0
-288 -638 0
-288 -673 0
-288 -708 0
-288 -743 0
-288 -778 0
-288 -813 0
-288 -848 0
-288 -883 0
-288 -918 0
-288 -953 0
-288 -988 0
-288 -1023 0
-288 -1058 0
-288 -1093 0
-288 -1128 0
-288 -1163 0
-288 -1198 0
-288 -1233 0
-288 -1268 0
-323 -358 0
-323 -393 0
-323 -428 0
-323 -463 0
-323 -498 0
-323 -533 0
-323 -568 0
-323 -603 0
-323 -638 0
-323 -673 0
-323 -708 0
-323 -743 0
-323 -778 0
-323 -813 0
-323 -848 0
-323 -883 0
-323 -918 0
-323 -953 0
-323 -988 0
-323 -1023 0
-323 -1058 0
-323 -1093 0
-323 -1128 0
-323 -1163 0
-323 -1198 0
-323 -1233 0
-323 -1268 0
-358 -393 0
-358 -428 0
-358 -463 0
-358 -498 0
-358 -533 0
-358 -568 0
-358 -603 0
-358 -638 0
-358 -673 0
-358 -708 0
-358 -743 0
-358 -778 0
-358 -813 0
-358 -848 0
-358 -883 0
-358 -918 0
-358 -953 0
-358 -988 0
-358 -1023 0
-358 -1058 0
-358 -1093 0
-358 -1128 0
-358 -1163 0
-358 -1198 0
-358 -1233 0
-358 -1268 0
-393 -428 0
-393 -463 0
-393 -498 0
-393 -533 0
-393 -568 0
-393 -603 0
-393 -638 0
-393 -673 0
-393 -708 0
-393 -743 0
-393 -778 0
-393 -813 0
-393 -848 0
-393 -883 0
-393 -918 0
-393 -953 0
-393 -988 0
-393 -1023 0
-393 -1058 0
-393 -1093 0
-393 -1128 0
-393 -1163 0
-393 -1198 0
-393 -1233 0
-393 -1268 0
-428 -463 0
-428 -498 0
-428 -533 0
-428 -568 0
-428 -603 0
-428 -638 0
-428 -673 0
-428 -708 0
-428 -743 0
-428 -778 0
-428 -813 0
-428 -848 0
-428 -883 0
-428 -918 0
-428 -953 0
-428 -988 0
-428 -1023 0
-428 -1058 0
-428 -1093 0
-428 -1128 0
-428 -1163 0
-428 -1198 0
-428 -1233 0
-428 -1268 0
-463 -498 0
-463 -533 0
-463 -568 0
-463 -603 0
-463 -638 0
-463 -673 0
-463 -708 0
-463 -743 0
-463 -778 0
-463 -813 0
-463 -848 0
-463 -883 0
-463 -918 0
-463 -953 0
-463 -988 0
-463 -1023 0
-463 -1058 0
-463 -1093 0
-463 -1128 0
-463 -1163 0
-463 -1198 0
-463 -1233 0
-463 -1268 0
-498 -533 0
-498 -568 0
-498 -603 0
-498 -638 0
-498 -673 0
-498 -708 0
-498 -743 0
-498 -778 0
-498 -813 0
-498 -848 0
-498 -883 0
-498 -918 0
-498 -953 0
-498 -988 0
-498 -1023 0
-498 -1058 0
-498 -1093 0
-498 -1128 0
-498 -1163 0
-498 -1198 0
-498 -1233 0
-498 -1268 0
-533 -568 0
-533 -603 0
-533 -638 0
-533 -673 0
-533 -708 0
-533 -743 0
-533 -778 0
-533 -813 0
-533 -848 0
-533 -883 0
-533 -918 0
-533 -953 0
-533 -988 0
-533 -1023 0
-533 -1058 0
-533 -1093 0
-533 -1128 0
-533 -1163 0
-533 -1198 0
-533 -1233 0
-533 -1268 0
-568 -603 0
-568 -638 0
-568 -673 0
-568 -708 0
-568 -743 0
-568 -778 0
-568 -813 0
-568 -848 0
-568 -883 0
-568 -918 0
-568 -953 0
-568 -988 0
-568 -1023 0
-568 -1058 0
-568 -1093 0
-568 -1128 0
-568 -1163 0
-568 -1198 0
-568 -1233 0
-568 -1268 0
-603 -638 0
-603 -673 0
-603 -708 0
-603 -743 0
-603 -778 0
-603 -813 0
-603 -848 0
-603 -883 0
-603 -918 0
-603 -953 0
-603 -988 0
-603 -1023 0
-603 -1058 0
-603 -1093 0
-603 -1128 0
-603 -1163 0
-603 -1198 0
-603 -1233 0
-603 -1268 0
-638 -673 0
-638 -708 0
-638 -743 0
-638 -778 0
-638 -813 0
-638 -848 0
-638 -883 0
-638 -918 0
-638 -953 0
-638 -988 0
-638 -1023 0
-638 -1058 0
-638 -1093 0
-638 -1128 0
-638 -1163 0
-638 -1198 0
-638 -1233 0
-638 -1268 0
-673 -708 0
-673 -743 0
-673 -778 0
-673 -813 0
-673 -848 0
-673 -883 0
-673 -918 0
-673 -953 0
-673 -988 0
-673 -1023 0
-673 -1058 0
-673 -1093 0
-673 -1128 0
-673 -1163 0
-673 -1198 0
-673 -1233 0
-673 -1268 0
-708 -743 0
-708 -778 0
-708 -813 0
-708 -848 0
-708 -883 0
-708 -918 0
-708 -953 0
-708 -988 0
-708 -1023 0
-708 -1058 0
-708 -1093 0
-708 -1128 0
-708 -1163 0
-708 -1198 0
-708 -1233 0
-708 -1268 0
-743 -778 0
-743 -813 0
-743 -848 0
-743 -883 0
-743 -918 0
-743 -953 0
-743 -988 0
-743 -1023 0
-743 -1058 0
-743 -1093 0
-743 -1128 0
-743 -1163 0
-743 -1198 0
-743 -1233 0
-743 -1268 0
-778 -813 0
-778 -848 0
-778 -883 0
-778 -918 0
-778 -953 0
-778 -988 0
-778 -1023 0
-778 -1058 0
-778 -1093 0
-778 -1128 0
-778 -1163 0
-778 -1198 0
-778 -1233 0
-778 -1268 0
-813 -848 0
-813 -883 0
-813 -918 0
-813 -953 0
-813 -988 0
-813 -1023 0
-813 -1058 0
-813 -1093 0
-813 -1128 0
-813 -1163 0
-813 -1198 0
-813 -1233 0
-813 -1268 0
-848 -883 0
-848 -918 0
-848 -953 0
-848 -988 0
-848 -1023 0
-848 -1058 0
-848 -1093 0
-848 -1128 0
-848 -1163 0
-848 -1198 0
-848 -1233 0
-848 -1268 0
-883 -918 0
-883 -953 0
-883 -988 0
-883 -1023 0
-883 -1058 0
-883 -1093 0
-883 -1128 0
-883 -1163 0
-883 -1198 0
-883 -1233 0
-883 -1268 0
-918 -953 0
-918 -988 0
-918 -1023 0
-918 -1058 0
-918 -1093 0
-918 -1128 0
-918 -1163 0
-918 -1198 0
-918 -1233 0
-918 -1268 0
-953 -988 0
-953 -1023 0
-953 -1058 0
-953 -1093 0
-953 -1128 0
-953 -1163 0
-953 -1198 0
-953 -1233 0
-953 -1268 0
-988 -1023 0
-988 -1058 0
-988 -1093 0
-988 -1128 0
-988 -1163 0
-988 -1198 0
-988 -1233 0
-988 -1268 0
-1023 -1058 0
-1023 -1093 0
-1023 -1128 0
-1023 -1163 0
-1023 -1198 0
-1023 -1233 0
-1023 -1268 0
-1058 -1093 0
-1058 -1128 0
-1058 -1163 0
-1058 -1198 0
-1058 -1233 0
-1058 -1268 0
-1093 -1128 0
-1093 -1163 0
-1093 -1198 0
-1093 -1233 0
-1093 -1268 0
-1128 -1163 0
-1128 -1198 0
-1128 -1233 0
-1128 -1268 0
-1163 -1198 0
-1163 -1233 0
-1163 -1268 0
-1198 -1233 0
-1198 -1268 0
-1233 -1268 0
-324 -359 0
-324 -394 0
-324 -429 0
-324 -464 0
-324 -499 0
-324 -534 0
-324 -569 0
-324 -604 0
-324 -639 0
-324 -674 0
-324 -709 0
-324 -744 0
-324 -779 0
-324 -814 0
-324 -849 0
-324 -884 0
-324 -919 0
-324 -954 0
-324 -989 0
-324 -1024 0
-324 -1059 0
-324 -1094 0
-324 -1129 0
-324 -1164 0
-324 -1199 0
-324 -1234 0
-324 -1269 0
-359 -394 0
-359 -429 0
-359 -464 0
-359 -499 0
-359 -534 0
-359 -569 0
-359 -604 0
-359 -639 0
-359 -674 0
-359 -709 0
-359 -744 0
-359 -779 0
-359 -814 0
-359 -849 0
-359 -884 0
-359 -919 0
-359 -954 0
-359 -989 0
-359 -1024 0
-359 -1059 0
-359 -1094 0
-359 -1129 0
-359 -1164 0
-359 -1199 0
-359 -1234 0
-359 -1269 0
-394 -429 0
-394 -464 0
-394 -499 0
-394 -534 0
-394 -569 0
-394 -604 0
-394 -639 0
-394 -674 0
-394 -709 0
-394 -744 0
-394 -779 0
-394 -814 0
-394 -849 0
-394 -884 0
-394 -919 0
-394 -954 0
-394 -989 0
-394 -1024 0
-394 -1059 0
-394 -1094 0
-394 -1129 0
-394 -1164 0
-394 -1199 0
-394 -1234 0
-394 -1269 0
-429 -464 0
-429 -499 0
-429 -534 0
-429 -569 0
-429 -604 0
-429 -639 0
-429 -674 0
-429 -709 0
-429 -744 0
-429 -779 0
-429 -814 0
-429 -849 0
-429 -884 0
-429 -919 0
-429 -954 0
-429 -989 0
-429 -1024 0
-429 -1059 0
-429 -1094 0
-429 -1129 0
-429 -1164 0
-429 -1199 0
-429 -1234 0
-429 -1269 0
-464 -499 0
-464 -534 0
-464 -569 0
-464 -604 0
-464 -639 0
-464 -674 0
-464 -709 0
-464 -744 0
-464 -779 0
-464 -814 0
-464 -849 0
-464 -884 0
-464 -919 0
-464 -954 0
-464 -989 0
-464 -1024 0
-464 -1059 0
-464 -1094 0
-464 -1129 0
-464 -1164 0
-464 -1199 0
-464 -1234 0
-464 -1269 0
-499 -534 0
-499 -569 0
-499 -604 0
-499 -639 0
-499 -674 0
-499 -709 0
-499 -744 0
-499 -779 0
-499 -814 0
-499 -849 0
-499 -884 0
-499 -919 0
-499 -954 0
-499 -989 0
-499 -1024 0
-499 -1059 0
-499 -1094 0
-499 -1129 0
-499 -1164 0
-499 -1199 0
-499 -1234 0
-499 -1269 0
-534 -569 0
-534 -604 0
-534 -639 0
-534 -674 0
-534 -709 0
-534 -744 0
-534 -779 0
-534 -814 0
-534 -849 0
-534 -884 0
-534 -919 0
-534 -954 0
-534 -989 0
-534 -1024 0
-534 -1059 0
-534 -1094 0
-534 -1129 0
-534 -1164 0
-534 -1199 0
-534 -1234 0
-534 -1269 0
-569 -604 0
-569 -639 0
-569 -674 0
-569 -709 0
-569 -744 0
-569 -779 0
-569 -814 0
-569 -849 0
-569 -884 0
-569 -919 0
-569 -954 0
-569 -989 0
-569 -1024 0
-569 -1059 0
-569 -1094 0
-569 -1129 0
-569 -1164 0
-569 -1199 0
-569 -1234 0
-569 -1269 0
-604 -639 0
-604 -674 0
-604 -709 0
-604 -744 0
-604 -779 0
-604 -814 0
-604 -849 0
-604 -884 0
-604 -919 0
-604 -954 0
-604 -989 0
-604 -1024 0
-604 -1059 0
-604 -1094 0
-604 -1129 0
-604 -1164 0
-604 -1199 0
-604 -1234 0
-604 -1269 0
-639 -674 0
-639 -709 0
-639 -744 0
-639 -779 0
-639 -814 0
-639 -849 0
-639 -884 0
-639 -919 0
-639 -954 0
-639 -989 0
-639 -1024 0
-639 -1059 0
-639 -1094 0
-639 -1129 0
-639 -1164 0
-639 -1199 0
-639 -1234 0
-639 -1269 0
-674 -709 0
-674 -744 0
-674 -779 0
-674 -814 0
-674 -849 0
-674 -884 0
-674 -919 0
-674 -954 0
-674 -989 0
-674 -1024 0
-674 -1059 0
-674 -1094 0
-674 -1129 0
-674 -1164 0
-674 -1199 0
-674 -1234 0
-674 -1269 0
-709 -744 0
-709 -779 0
-709 -814 0
-709 -849 0
-709 -884 0
-709 -919 0
-709 -954 0
-709 -989 0
-709 -1024 0
-709 -1059 0
-709 -1094 0
-709 -1129 0
-709 -1164 0
-709 -1199 0
-709 -1234 0
-709 -1269 0
-744 -779 0
-744 -814 0
-744 -849 0
-744 -884 0
-744 -919 0
-744 -954 0
-744 -989 0
-744 -1024 0
-744 -1059 0
-744 -1094 0
-744 -1129 0
-744 -1164 0
-744 -1199 0
-744 -1234 0
-744 -1269 0
-779 -814 0
-779 -849 0
-779 -884 0
-779 -919 0
-779 -954 0
-779 -989 0
-779 -1024 0
-779 -1059 0
-779 -1094 0
-779 -1129 0
-779 -1164 0
-779 -1199 0
-779 -1234 0
-779 -1269 0
-814 -849 0
-814 -884 0
-814 -919 0
-814 -954 0
-814 -989 0
-814 -1024 0
-814 -1059 0
-814 -1094 0
-814 -1129 0
-814 -1164 0
-814 -1199 0
-814 -1234 0
-814 -1269 0
-849 -884 0
-849 -919 0
-849 -954 0
-849 -989 0
-849 -1024 0
-849 -1059 0
-849 -1094 0
-849 -1129 0
-849 -1164 0
-849 -1199 0
-849 -1234 0
-849 -1269 0
-884 -919 0
-884 -954 0
-884 -989 0
-884 -1024 0
-884 -1059 0
-884 -1094 0
-884 -1129 0
-884 -1164 0
-884 -1199 0
-884 -1234 0
-884 -1269 0
-919 -954 0
-919 -989 0
-919 -1024 0
-919 -1059 0
-919 -1094 0
-919 -1129 0
-919 -1164 0
-919 -1199 0
-919 -1234 0
-919 -1269 0
-954 -989 0
-954 -1024 0
-954 -1059 0
-954 -1094 0
-954 -1129 0
-954 -1164 0
-954 -1199 0
-954 -1234 0
-954 -1269 0
-989 -1024 0
-989 -1059 0
-989 -1094 0
-989 -1129 0
-989 -1164 0
-989 -1199 0
-989 -1234 0
-989 -1269 0
-1024 -1059 0
-1024 -1094 0
-1024 -1129 0
-1024 -1164 0
-1024 -1199 0
-1024 -1234 0
-1024 -1269 0
-1059 -1094 0
-1059 -1129 0
-1059 -1164 0
-1059 -1199 0
-1059 -1234 0
-1059 -1269 0
-1094 -1129 0
-1094 -1164 0
-1094 -1199 0
-1094 -1234 0
-1094 -1269 0
-1129 -1164 0
-1129 -1199 0
-1129 -1234 0
-1129 -1269 0
-1164 -1199 0
-1164 -1234 0
-1164 -1269 0
-1199 -1234 0
-1199 -1269 0
-1234 -1269 0
-360 -395 0
-360 -430 0
-360 -465 0
-360 -500 0
-360 -535 0
-360 -570 0
-360 -605 0
-360 -640 0
-360 -675 0
-360 -710 0
-360 -745 0
-360 -780 0
-360 -815 0
-360 -850 0
-360 -885 0
-360 -920 0
-360 -955 0
-360 -990 0
-360 -1025 0
-360 -1060 0
-360 -1095 0
-360 -1130 0
-360 -1165 0
-360 -1200 0
-360 -1235 0
-360 -1270 0
-395 -430 0
-395 -465 0
-395 -500 0
-395 -535 0
-395 -570 0
-395 -605 0
-395 -640 0
-395 -675 0
-395 -710 0
-395 -745 0
-395 -780 0
-395 -815 0
-395 -850 0
-395 -885 0
-395 -920 0
-395 -955 0
-395 -990 0
-395 -1025 0
-395 -1060 0
-395 -1095 0
-395 -1130 0
-395 -1165 0
-395 -1200 0
-395 -1235 0
-395 -1270 0
-430 -465 0
-430 -500 0
-430 -535 0
-430 -570 0
-430 -605 0
-430 -640 0
-430 -675 0
-430 -710 0
-430 -745 0
-430 -780 0
-430 -815 0
-430 -850 0
-430 -885 0
-430 -920 0
-430 -955 0
-430 -990 0
-430 -1025 0
-430 -1060 0
-430 -1095 0
-430 -1130 0
-430 -1165 0
-430 -1200 0
-430 -1235 0
-430 -1270 0
-465 -500 0
-465 -535 0
-465 -570 0
-465 -605 0
-465 -640 0
-465 -675 0
-465 -710 0
-465 -745 0
-465 -780 0
-465 -815 0
-465 -850 0
-465 -885 0
-465 -920 0
-465 -955 0
-465 -990 0
-465 -1025 0
-465 -1060 0
-465 -1095 0
-465 -1130 0
-465 -1165 0
-465 -1200 0
-465 -1235 0
-465 -1270 0
-500 -535 0
-500 -570 0
-500 -605 0
-500 -640 0
-500 -675 0
-500 -710 0
-500 -745 0
-500 -780 0
-500 -815 0
-500 -850 0
-500 -885 0
-500 -920 0
-500 -955 0
-500 -990 0
-500 -1025 0
-500 -1060 0
-500 -1095 0
-500 -1130 0
-500 -1165 0
-500 -1200 0
-500 -1235 0
-500 -1270 0
-535 -570 0
-535 -605 0
-535 -640 0
-535 -675 0
-535 -710 0
-535 -745 0
-535 -780 0
-535 -815 0
-535 -850 0
-535 -885 0
-535 -920 0
-535 -955 0
-535 -990 0
-535 -1025 0
-535 -1060 0
-535 -1095 0
-535 -1130 0
-535 -1165 0
-535 -1200 0
-535 -1235 0
-535 -1270 0
-570 -605 0
-570 -640 0
-570 -675 0
-570 -710 0
-570 -745 0
-570 -780 0
-570 -815 0
-570 -850 0
-570 -885 0
-570 -920 0
-570 -955 0
-570 -990 0
-570 -1025 0
-570 -1060 0
-570 -1095 0
-570 -1130 0
-570 -1165 0
-570 -1200 0
-570 -1235 0
-570 -1270 0
-605 -640 0
-605 -675 0
-605 -710 0
-605 -745 0
-605 -780 0
-605 -815 0
-605 -850 0
-605 -885 0
-605 -920 0
-605 -955 0
-605 -990 0
-605 -1025 0
-605 -1060 0
-605 -1095 0
-605 -1130 0
-605 -1165 0
-605 -1200 0
-605 -1235 0
-605 -1270 0
-640 -675 0
-640 -710 0
-640 -745 0
-640 -780 0
-640 -815 0
-640 -850 0
-640 -885 0
-640 -920 0
-640 -955 0
-640 -990 0
-640 -1025 0
-640 -1060 0
-640 -1095 0
-640 -1130 0
-640 -1165 0
-640 -1200 0
-640 -1235 0
-640 -1270 0
-675 -710 0
-675 -745 0
-675 -780 0
-675 -815 0
-675 -850 0
-675 -885 0
-675 -920 0
-675 -955 0
-675 -990 0
-675 -1025 0
-675 -1060 0
-675 -1095 0
-675 -1130 0
-675 -1165 0
-675 -1200 0
-675 -1235 0
-675 -1270 0
-710 -745 0
-710 -780 0
-710 -815 0
-710 -850 0
-710 -885 0
-710 -920 0
-710 -955 0
-710 -990 0
-710 -1025 0
-710 -1060 0
-710 -1095 0
-710 -1130 0
-710 -1165 0
-710 -1200 0
-710 -1235 0
-710 -1270 0
-745 -780 0
-745 -815 0
-745 -850 0
-745 -885 0
-745 -920 0
-745 -955 0
-745 -990 0
-745 -1025 0
-745 -1060 0
-745 -1095 0
-745 -1130 0
-745 -1165 0
-745 -1200 0
-745 -1235 0
-745 -1270 0
-780 -815 0
-780 -850 0
-780 -885 0
-780 -920 0
-780 -955 0
-780 -990 0
-780 -1025 0
-780 -1060 0
-780 -1095 0
-780 -1130 0
-780 -1165 0
-780 -1200 0
-780 -1235 0
-780 -1270 0
-815 -850 0
-815 -885 0
-815 -920 0
-815 -955 0
-815 -990 0
-815 -1025 0
-815 -1060 0
-815 -1095 0
-815 -1130 0
-815 -1165 0
-815 -1200 0
-815 -1235 0
-815 -1270 0
-850 -885 0
-850 -920 0
-850 -955 0
-850 -990 0
-850 -1025 0
-850 -1060 0
-850 -1095 0
-850 -1130 0
-850 -1165 0
-850 -1200 0
-850 -1235 0
-850 -1270 0
-885 -920 0
-885 -955 0
-885 -990 0
-885 -1025 0
-885 -1060 0
-885 -1095 0
-885 -1130 0
-885 -1165 0
-885 -1200 0
-885 -1235 0
-885 -1270 0
-920 -955 0
-920 -990 0
-920 -1025 0
-920 -1060 0
-920 -1095 0
-920 -1130 0
-920 -1165 0
-920 -1200 0
-920 -1235 0
-920 -1270 0
-955 -990 0
-955 -1025 0
-955 -1060 0
-955 -1095 0
-955 -1130 0
-955 -1165 0
-955 -1200 0
-955 -1235 0
-955 -1270 0
-990 -1025 0
-990 -1060 0
-990 -1095 0
-990 -1130 0
-990 -1165 0
-990 -1200 0
-990 -1235 0
-990 -1270 0
-1025 -1060 0
-1025 -1095 0
-1025 -1130 0
-1025 -1165 0
-1025 -1200 0
-1025 -1235 0
-1025 -1270 0
-1060 -1095 0
-1060 -1130 0
-1060 -1165 0
-1060 -1200 0
-1060 -1235 0
-1060 -1270 0
-1095 -1130 0
-1095 -1165 0
-1095 -1200 0
-1095 -1235 0
-1095 -1270 0
-1130 -1165 0
-1130 -1200 0
-1130 -1235 0
-1130 -1270 0
-1165 -1200 0
-1165 -1235 0
-1165 -1270 0
-1200 -1235 0
-1200 -1270 0
-1235 -1270 0
-396 -431 0
-396 -466 0
-396 -501 0
-396 -536 0
-396 -571 0
-396 -606 0
-396 -641 0
-396 -676 0
-396 -711 0
-396 -746 0
-396 -781 0
-396 -816 0
-396 -851 0
-396 -886 0
-396 -921 0
-396 -956 0
-396 -991 0
-396 -1026 0
-396 -1061 0
-396 -1096 0
-396 -1131 0
-396 -1166 0
-396 -1201 0
-396 -1236 0
-396 -1271 0
-431 -466 0
-431 -501 0
-431 -536 0
-431 -571 0
-431 -606 0
-431 -641 0
-431 -676 0
-431 -711 0
-431 -746 0
-431 -781 0
-431 -816 0
-431 -851 0
-431 -886 0
-431 -921 0
-431 -956 0
-431 -991 0
-431 -1026 0
-431 -1061 0
-431 -1096 0
-431 -1131 0
-431 -1166 0
-431 -1201 0
-431 -1236 0
-431 -1271 0
-466 -501 0
-466 -536 0
-466 -571 0
-466 -606 0
-466 -641 0
-466 -676 0
-466 -711 0
-466 -746 0
-466 -781 0
-466 -816 0
-466 -851 0
-466 -886 0
-466 -921 0
-466 -956 0
-466 -991 0
-466 -1026 0
-466 -1061 0
-466 -1096 0
-466 -1131 0
-466 -1166 0
-466 -1201 0
-466 -1236 0
-466 -1271 0
-501 -536 0
-501 -571 0
-501 -606 0
-501 -641 0
-501 -676 0
-501 -711 0
-501 -746 0
-501 -781 0
-501 -816 0
-501 -851 0
-501 -886 0
-501 -921 0
-501 -956 0
-501 -991 0
-501 -1026 0
-501 -1061 0
-501 -1096 0
-501 -1131 0
-501 -1166 0
-501 -1201 0
-501 -1236 0
-501 -1271 0
-536 -571 0
-536 -606 0
-536 -641 0
-536 -676 0
-536 -711 0
-536 -746 0
-536 -781 0
-536 -816 0
-536 -851 0
-536 -886 0
-536 -921 0
-536 -956 0
-536 -991 0
-536 -1026 0
-536 -1061 0
-536 -1096 0
-536 -1131 0
-536 -1166 0
-536 -1201 0
-536 -1236 0
-536 -1271 0
-571 -606 0
-571 -641 0
-571 -676 0
-571 -711 0
-571 -746 0
-571 -781 0
-571 -816 0
-571 -851 0
-571 -886 0
-571 -921 0
-571 -956 0
-571 -991 0
-571 -1026 0
-571 -1061 0
-571 -1096 0
-571 -1131 0
-571 -1166 0
-571 -1201 0
-571 -1236 0
-571 -1271 0
-606 -641 0
-606 -676 0
-606 -711 0
-606 -746 0
-606 -781 0
-606 -816 0
-606 -851 0
-606 -886 0
-606 -921 0
-606 -956 0
-606 -991 0
-606 -1026 0
-606 -1061 0
-606 -1096 0
-606 -1131 0
-606 -1166 0
-606 -1201 0
-606 -1236 0
-606 -1271 0
-641 -676 0
-641 -711 0
-641 -746 0
-641 -781 0
-641 -816 0
-641 -851 0
-641 -886 0
-641 -921 0
-641 -956 0
-641 -991 0
-641 -1026 0
-641 -1061 0
-641 -1096 0
-641 -1131 0
-641 -1166 0
-641 -1201 0
-641 -1236 0
-641 -1271 0
-676 -711 0
-676 -746 0
-676 -781 0
-676 -816 0
-676 -851 0
-676 -886 0
-676 -921 0
-676 -956 0
-676 -991 0
-676 -1026 0
-676 -1061 0
-676 -1096 0
-676 -1131 0
-676 -1166 0
-676 -1201 0
-676 -1236 0
-676 -1271 0
-711 -746 0
-711 -781 0
-711 -816 0
-711 -851 0
-711 -886 0
-711 -921 0
-711 -956 0
-711 -991 0
-711 -1026 0
-711 -1061 0
-711 -1096 0
-711 -1131 0
-711 -1166 0
-711 -1201 0
-711 -1236 0
-711 -1271 0
-746 -781 0
-746 -816 0
-746 -851 0
-746 -886 0
-746 -921 0
-746 -956 0
-746 -991 0
-746 -1026 0
-746 -1061 0
-746 -1096 0
-746 -1131 0
-746 -1166 0
-746 -1201 0
-746 -1236 0
-746 -1271 0
-781 -816 0
-781 -851 0
-781 -886 0
-781 -921 0
-781 -956 0
-781 -991 0
-781 -1026 0
-781 -1061 0
-781 -1096 0
-781 -1131 0
-781 -1166 0
-781 -1201 0
-781 -1236 0
-781 -1271 0
-816 -851 0
-816 -886 0
-816 -921 0
-816 -956 0
-816 -991 0
-816 -1026 0
-816 -1061 0
-816 -1096 0
-816 -1131 0
-816 -1166 0
-816 -1201 0
-816 -1236 0
-816 -1271 0
-851 -886 0
-851 -921 0
-851 -956 0
-851 -991 0
-851 -1026 0
-851 -1061 0
-851 -1096 0
-851 -1131 0
-851 -1166 0
-851 -1201 0
-851 -1236 0
-851 -1271 0
-886 -921 0
-886 -956 0
-886 -991 0
-886 -1026 0
-886 -1061 0
-886 -1096 0
-886 -1131 0
-886 -1166 0
-886 -1201 0
-886 -1236 0
-886 -1271 0
-921 -956 0
-921 -991 0
-921 -1026 0
-921 -1061 0
-921 -1096 0
-921 -1131 0
-921 -1166 0
-921 -1201 0
-921 -1236 0
-921 -1271 0
-956 -991 0
-956 -1026 0
-956 -1061 0
-956 -1096 0
-956 -1131 0
-956 -1166 0
-956 -1201 0
-956 -1236 0
-956 -1271 0
-991 -1026 0
-991 -1061 0
-991 -1096 0
-991 -1131 0
-991 -1166 0
-991 -1201 0
-991 -1236 0
-991 -1271 0
-1026 -1061 0
-1026 -1096 0
-1026 -1131 0
-1026 -1166 0
-1026 -1201 0
-1026 -1236 0
-1026 -1271 0
-1061 -1096 0
-1061 -1131 0
-1061 -1166 0
-1061 -1201 0
-1061 -1236 0
-1061 -1271 0
-1096 -1131 0
-1096 -1166 0
-1096 -1201 0
-1096 -1236 0
-1096 -1271 0
-1131 -1166 0
-1131 -1201 0
-1131 -1236 0
-1131 -1271 0
-1166 -1201 0
-1166 -1236 0
-1166 -1271 0
-1201 -1236 0
-1201 -1271 0
-1236 -1271 0
-432 -467 0
-432 -502 0
-432 -537 0
-432 -572 0
-432 -607 0
-432 -642 0
-432 -677 0
-432 -712 0
-432 -747 0
-432 -782 0
-432 -817 0
-432 -852 0
-432 -887 0
-432 -922 0
-432 -957 0
-432 -992 0
-432 -1027 0
-432 -1062 0
-432 -1097 0
-432 -1132 0
-432 -1167 0
-432 -1202 0
-432 -1237 0
-432 -1272 0
-467 -502 0
-467 -537 0
-467 -572 0
-467 -607 0
-467 -642 0
-467 -677 0
-467 -712 0
-467 -747 0
-467 -782 0
-467 -817 0
-467 -852 0
-467 -887 0
-467 -922 0
-467 -957 0
-467 -992 0
-467 -1027 0
-467 -1062 0
-467 -1097 0
-467 -1132 0
-467 -1167 0
-467 -1202 0
-467 -1237 0
-467 -1272 0
-502 -537 0
-502 -572 0
-502 -607 0
-502 -642 0
-502 -677 0
-502 -712 0
-502 -747 0
-502 -782 0
-502 -817 0
-502 -852 0
-502 -887 0
-502 -922 0
-502 -957 0
-502 -992 0
-502 -1027 0
-502 -1062 0
-502 -1097 0
-502 -1132 0
-502 -1167 0
-502 -1202 0
-502 -1237 0
-502 -1272 0
-537 -572 0
-537 -607 0
-537 -642 0
-537 -677 0
-537 -712 0
-537 -747 0
-537 -782 0
-537 -817 0
-537 -852 0
-537 -887 0
-537 -922 0
-537 -957 0
-537 -992 0
-537 -1027 0
-537 -1062 0
-537 -1097 0
-537 -1132 0
-537 -1167 0
-537 -1202 0
-537 -1237 0
-537 -1272 0
-572 -607 0
-572 -642 0
-572 -677 0
-572 -712 0
-572 -747 0
-572 -782 0
-572 -817 0
-572 -852 0
-572 -887 0
-572 -922 0
-572 -957 0
-572 -992 0
-572 -1027 0
-572 -1062 0
-572 -1097 0
-572 -1132 0
-572 -1167 0
-572 -1202 0
-572 -1237 0
-572 -1272 0
-607 -642 0
-607 -677 0
-607 -712 0
-607 -747 0
-607 -782 0
-607 -817 0
-607 -852 0
-607 -887 0
-607 -922 0
-607 -957 0
-607 -992 0
-607 -1027 0
-607 -1062 0
-607 -1097 0
-607 -1132 0
-607 -1167 0
-607 -1202 0
-607 -1237 0
-607 -1272 0
-642 -677 0
-642 -712 0
-642 -747 0
-642 -782 0
-642 -817 0
-642 -852 0
-642 -887 0
-642 -922 0
-642 -957 0
-642 -992 0
-642 -1027 0
-642 -1062 0
-642 -1097 0
-642 -1132 0
-642 -1167 0
-642 -1202 0
-642 -1237 0
-642 -1272 0
-677 -712 0
-677 -747 0
-677 -782 0
-677 -817 0
-677 -852 0
-677 -887 0
-677 -922 0
-677 -957 0
-677 -992 0
-677 -1027 0
-677 -1062 0
-677 -1097 0
-677 -1132 0
-677 -1167 0
-677 -1202 0
-677 -1237 0
-677 -1272 0
-712 -747 0
-712 -782 0
-712 -817 0
-712 -852 0
-712 -887 0
-712 -922 0
-712 -957 0
-712 -992 0
-712 -1027 0
-712 -1062 0
-712 -1097 0
-712 -1132 0
-712 -1167 0
-712 -1202 0
-712 -1237 0
-712 -1272 0
-747 -782 0
-747 -817 0
-747 -852 0
-747 -887 0
-747 -922 0
-747 -957 0
-747 -992 0
-747 -1027 0
-747 -1062 0
-747 -1097 0
-747 -1132 0
-747 -1167 0
-747 -1202 0
-747 -1237 0
-747 -1272 0
-782 -817 0
-782 -852 0
-782 -887 0
-782 -922 0
-782 -957 0
-782 -992 0
-782 -1027 0
-782 -1062 0
-782 -1097 0
-782 -1132 0
-782 -1167 0
-782 -1202 0
-782 -1237 0
-782 -1272 0
-817 -852 0
-817 -887 0
-817 -922 0
-817 -957 0
-817 -992 0
-817 -1027 0
-817 -1062 0
-817 -1097 0
-817 -1132 0
-817 -1167 0
-817 -1202 0
-817 -1237 0
-817 -1272 0
-852 -887 0
-852 -922 0
-852 -957 0
-852 -992 0
-852 -1027 0
-852 -1062 0
-852 -1097 0
-852 -1132 0
-852 -1167 0
-852 -1202 0
-852 -1237 0
-852 -1272 0
-887 -922 0
-887 -957 0
-887 -992 0
-887 -1027 0
-887 -1062 0
-887 -1097 0
-887 -1132 0
-887 -1167 0
-887 -1202 0
-887 -1237 0
-887 -1272 0
-922 -957 0
-922 -992 0
-922 -1027 0
-922 -1062 0
-922 -1097 0
-922 -1132 0
-922 -1167 0
-922 -1202 0
-922 -1237 0
-922 -1272 0
-957 -992 0
-957 -1027 0
-957 -1062 0
-957 -1097 0
-957 -1132 0
-957 -1167 0
-957 -1202 0
-957 -1237 0
-957 -1272 0
-992 -1027 0
-992 -1062 0
-992 -1097 0
-992 -1132 0
-992 -1167 0
-992 -1202 0
-992 -1237 0
-992 -1272 0
-1027 -1062 0
-1027 -1097 0
-1027 -1132 0
-1027 -1167 0
-1027 -1202 0
-1027 -1237 0
-1027 -1272 0
-1062 -1097 0
-1062 -1132 0
-1062 -1167 0
-1062 -1202 0
-1062 -1237 0
-1062 -1272 0
-1097 -1132 0
-1097 -1167 0
-1097 -1202 0
-1097 -1237 0
-1097 -1272 0
-1132 -1167 0
-1132 -1202 0
-1132 -1237 0
-1132 -1272 0
-1167 -1202 0
-1167 -1237 0
-1167 -1272 0
-1202 -1237 0
-1202 -1272 0
-1237 -1272 0
-468 -503 0
-468 -538 0
-468 -573 0
-468 -608 0
-468 -643 0
-468 -678 0
-468 -713 0
-468 -748 0
-468 -783 0
-468 -818 0
-468 -853 0
-468 -888 0
-468 -923 0
-468 -958 0
-468 -993 0
-468 -1028 0
-468 -1063 0
-468 -1098 0
-468 -1133 0
-468 -1168 0
-468 -1203 0
-468 -1238 0
-468 -1273 0
-503 -538 0
-503 -573 0
-503 -608 0
-503 -643 0
-503 -678 0
-503 -713 0
-503 -748 0
-503 -783 0
-503 -818 0
-503 -853 0
-503 -888 0
-503 -923 0
-503 -958 0
-503 -993 0
-503 -1028 0
-503 -1063 0
-503 -1098 0
-503 -1133 0
-503 -1168 0
-503 -1203 0
-503 -1238 0
-503 -1273 0
-538 -573 0
-538 -608 0
-538 -643 0
-538 -678 0
-538 -713 0
-538 -748 0
-538 -783 0
-538 -818 0
-538 -853 0
-538 -888 0
-538 -923 0
-538 -958 0
-538 -993 0
-538 -1028 0
-538 -1063 0
-538 -1098 0
-538 -1133 0
-538 -1168 0
-538 -1203 0
-538 -1238 0
-538 -1273 0
-573 -608 0
-573 -643 0
-573 -678 0
-573 -713 0
-573 -748 0
-573 -783 0
-573 -818 0
-573 -853 0
-573 -888 0
-573 -923 0
-573 -958 0
-573 -993 0
-573 -1028 0
-573 -1063 0
-573 -1098 0
-573 -1133 0
-573 -1168 0
-573 -1203 0
-573 -1238 0
-573 -1273 0
-608 -643 0
-608 -678 0
-608 -713 0
-608 -748 0
-608 -783 0
-608 -818 0
-608 -853 0
-608 -888 0
-608 -923 0
-608 -958 0
-608 -993 0
-608 -1028 0
-608 -1063 0
-608 -1098 0
-608 -1133 0
-608 -1168 0
-608 -1203 0
-608 -1238 0
-608 -1273 0
-643 -678 0
-643 -713 0
-643 -748 0
-643 -783 0
-643 -818 0
-643 -853 0
-643 -888 0
-643 -923 0
-643 -958 0
-643 -993 0
-643 -1028 0
-643 -1063 0
-643 -1098 0
-643 -1133 0
-643 -1168 0
-643 -1203 0
-643 -1238 0
-643 -1273 0
-678 -713 0
-678 -748 0
-678 -783 0
-678 -818 0
-678 -853 0
-678 -888 0
-678 -923 0
-678 -958 0
-678 -993 0
-678 -1028 0
-678 -1063 0
-678 -1098 0
-678 -1133 0
-678 -1168 0
-678 -1203 0
-678 -1238 0
-678 -1273 0
-713 -748 0
-713 -783 0
-713 -818 0
-713 -853 0
-713 -888 0
-713 -923 0
-713 -958 0
-713 -993 0
-713 -1028 0
-713 -1063 0
-713 -1098 0
-713 -1133 0
-713 -1168 0
-713 -1203 0
-713 -1238 0
-713 -1273 0
-748 -783 0
-748 -818 0
-748 -853 0
-748 -888 0
-748 -923 0
-748 -958 0
-748 -993 0
-748 -1028 0
-748 -1063 0
-748 -1098 0
-748 -1133 0
-748 -1168 0
-748 -1203 0
-748 -1238 0
-748 -1273 0
-783 -818 0
-783 -853 0
-783 -888 0
-783 -923 0
-783 -958 0
-783 -993 0
-783 -1028 0
-783 -1063 0
-783 -1098 0
-783 -1133 0
-783 -1168 0
-783 -1203 0
-783 -1238 0
-783 -1273 0
-818 -853 0
-818 -888 0
-818 -923 0
-818 -958 0
-818 -993 0
-818 -1028 0
-818 -1063 0
-818 -1098 0
-818 -1133 0
-818 -1168 0
-818 -1203 0
-818 -1238 0
-818 -1273 0
-853 -888 0
-853 -923 0
-853 -958 0
-853 -993 0
-853 -1028 0
-853 -1063 0
-853 -1098 0
-853 -1133 0
-853 -1168 0
-853 -1203 0
-853 -1238 0
-853 -1273 0
-888 -923 0
-888 -958 0
-888 -993 0
-888 -1028 0
-888 -1063 0
-888 -1098 0
-888 -1133 0
-888 -1168 0
-888 -1203 0
-888 -1238 0
-888 -1273 0
-923 -958 0
-923 -993 0
-923 -1028 0
-923 -1063 0
-923 -1098 0
-923 -1133 0
-923 -1168 0
-923 -1203 0
-923 -1238 0
-923 -1273 0
-958 -993 0
-958 -1028 0
-958 -1063 0
-958 -1098 0
-958 -1133 0
-958 -1168 0
-958 -1203 0
-958 -1238 0
-958 -1273 0
-993 -1028 0
-993 -1063 0
-993 -1098 0
-993 -1133 0
-993 -1168 0
-993 -1203 0
-993 -1238 0
-993 -1273 0
-1028 -1063 0
-1028 -1098 0
-1028 -1133 0
-1028 -1168 0
-1028 -1203 0
-1028 -1238 0
-1028 -1273 0
-1063 -1098 0
-1063 -1133 0
-1063 -1168 0
-1063 -1203 0
-1063 -1238 0
-1063 -1273 0
-1098 -1133 0
-1098 -1168 0
-1098 -1203 0
-1098 -1238 0
-1098 -1273 0
-1133 -1168 0
-1133 -1203 0
-1133 -1238 0
-1133 -1273 0
-1168 -1203 0
-1168 -1238 0
-1168 -1273 0
-1203 -1238 0
-1203 -1273 0
-1238 -1273 0
-504 -539 0
-504 -574 0
-504 -609 0
-504 -644 0
-504 -679 0
-504 -714 0
-504 -749 0
-504 -784 0
-504 -819 0
-504 -854 0
-504 -889 0
-504 -924 0
-504 -959 0
-504 -994 0
-504 -1029 0
-504 -1064 0
-504 -1099 0
-504 -1134 0
-504 -1169 0
-504 -1204 0
-504 -1239 0
-504 -1274 0
-539 -574 0
-539 -609 0
-539 -644 0
-539 -679 0
-539 -714 0
-539 -749 0
-539 -784 0
-539 -819 0
-539 -854 0
-539 -889 0
-539 -924 0
-539 -959 0
-539 -994 0
-539 -1029 0
-539 -1064 0
-539 -1099 0
-539 -1134 0
-539 -1169 0
-539 -1204 0
-539 -1239 0
-539 -1274 0
-574 -609 0
-574 -644 0
-574 -679 0
-574 -714 0
-574 -749 0
-574 -784 0
-574 -819 0
-574 -854 0
-574 -889 0
-574 -924 0
-574 -959 0
-574 -994 0
-574 -1029 0
-574 -1064 0
-574 -1099 0
-574 -1134 0
-574 -1169 0
-574 -1204 0
-574 -1239 0
-574 -1274 0
-609 -644 0
-609 -679 0
-609 -714 0
-609 -749 0
-609 -784 0
-609 -819 0
-609 -854 0
-609 -889 0
-609 -924 0
-609 -959 0
-609 -994 0
-609 -1029 0
-609 -1064 0
-609 -1099 0
-609 -1134 0
-609 -1169 0
-609 -1204 0
-609 -1239 0
-609 -1274 0
-644 -679 0
-644 -714 0
-644 -749 0
-644 -784 0
-644 -819 0
-644 -854 0
-644 -889 0
-644 -924 0
-644 -959 0
-644 -994 0
-644 -1029 0
-644 -1064 0
-644 -1099 0
-644 -1134 0
-644 -1169 0
-644 -1204 0
-644 -1239 0
-644 -1274 0
-679 -714 0
-679 -749 0
-679 -784 0
-679 -819 0
-679 -854 0
-679 -889 0
-679 -924 0
-679 -959 0
-679 -994 0
-679 -1029 0
-679 -1064 0
-679 -1099 0
-679 -1134 0
-679 -1169 0
-679 -1204 0
-679 -1239 0
-679 -1274 0
-714 -749 0
-714 -784 0
-714 -819 0
-714 -854 0
-714 -889 0
-714 -924 0
-714 -959 0
-714 -994 0
-714 -1029 0
-714 -1064 0
-714 -1099 0
-714 -1134 0
-714 -1169 0
-714 -1204 0
-714 -1239 0
-714 -1274 0
-749 -784 0
-749 -819 0
-749 -854 0
-749 -889 0
-749 -924 0
-749 -959 0
-749 -994 0
-749 -1029 0
-749 -1064 0
-749 -1099 0
-749 -1134 0
-749 -1169 0
-749 -1204 0
-749 -1239 0
-749 -1274 0
-784 -819 0
-784 -854 0
-784 -889 0
-784 -924 0
-784 -959 0
-784 -994 0
-784 -1029 0
-784 -1064 0
-784 -1099 0
-784 -1134 0
-784 -1169 0
-784 -1204 0
-784 -1239 0
-784 -1274 0
-819 -854 0
-819 -889 0
-819 -924 0
-819 -959 0
-819 -994 0
-819 -1029 0
-819 -1064 0
-819 -1099 0
-819 -1134 0
-819 -1169 0
-819 -1204 0
-819 -1239 0
-819 -1274 0
-854 -889 0
-854 -924 0
-854 -959 0
-854 -994 0
-854 -1029 0
-854 -1064 0
-854 -1099 0
-854 -1134 0
-854 -1169 0
-854 -1204 0
-854 -1239 0
-854 -1274 0
-889 -924 0
-889 -959 0
-889 -994 0
-889 -1029 0
-889 -1064 0
-889 -1099 0
-889 -1134 0
-889 -1169 0
-889 -1204 0
-889 -1239 0
-889 -1274 0
-924 -959 0
-924 -994 0
-924 -1029 0
-924 -1064 0
-924 -1099 0
-924 -1134 0
-924 -1169 0
-924 -1204 0
-924 -1239 0
-924 -1274 0
-959 -994 0
-959 -1029 0
-959 -1064 0
-959 -1099 0
-959 -1134 0
-959 -1169 0
-959 -1204 0
-959 -1239 0
-959 -1274 0
-994 -1029 0
-994 -1064 0
-994 -1099 0
-994 -1134 0
-994 -1169 0
-994 -1204 0
-994 -1239 0
-994 -1274 0
-1029 -1064 0
-1029 -1099 0
-1029 -1134 0
-1029 -1169 0
-1029 -1204 0
-1029 -1239 0
-1029 -1274 0
-1064 -1099 0
-1064 -1134 0
-1064 -1169 0
-1064 -1204 0
-1064 -1239 0
-1064 -1274 0
-1099 -1134 0
-1099 -1169 0
-1099 -1204 0
-1099 -1239 0
-1099 -1274 0
-1134 -1169 0
-1134 -1204 0
-1134 -1239 0
-1134 -1274 0
-1169 -1204 0
-1169 -1239 0
-1169 -1274 0
-1204 -1239 0
-1204 -1274 0
-1239 -1274 0
-540 -575 0
-540 -610 0
-540 -645 0
-540 -680 0
-540 -715 0
-540 -750 0
-540 -785 0
-540 -820 0
-540 -855 0
-540 -890 0
-540 -925 0
-540 -960 0
-540 -995 0
-540 -1030 0
-540 -1065 0
-540 -1100 0
-540 -1135 0
-540 -1170 0
-540 -1205 0
-540 -1240 0
-540 -1275 0
-575 -610 0
-575 -645 0
-575 -680 0
-575 -715 0
-575 -750 0
-575 -785 0
-575 -820 0
-575 -855 0
-575 -890 0
-575 -925 0
-575 -960 0
-575 -995 0
-575 -1030 0
-575 -1065 0
-575 -1100 0
-575 -1135 0
-575 -1170 0
-575 -1205 0
-575 -1240 0
-575 -1275 0
-610 -645 0
-610 -680 0
-610 -715 0
-610 -750 0
-610 -785 0
-610 -820 0
-610 -855 0
-610 -890 0
-610 -925 0
-610 -960 0
-610 -995 0
-610 -1030 0
-610 -1065 0
-610 -1100 0
-610 -1135 0
-610 -1170 0
-610 -1205 0
-610 -1240 0
-610 -1275 0
-645 -680 0
-645 -715 0
-645 -750 0
-645 -785 0
-645 -820 0
-645 -855 0
-645 -890 0
-645 -925 0
-645 -960 0
-645 -995 0
-645 -1030 0
-645 -1065 0
-645 -1100 0
-645 -1135 0
-645 -1170 0
-645 -1205 0
-645 -1240 0
-645 -1275 0
-680 -715 0
-680 -750 0
-680 -785 0
-680 -820 0
-680 -855 0
-680 -890 0
-680 -925 0
-680 -960 0
-680 -995 0
-680 -1030 0
-680 -1065 0
-680 -1100 0
-680 -1135 0
-680 -1170 0
-680 -1205 0
-680 -1240 0
-680 -1275 0
-715 -750 0
-715 -785 0
-715 -820 0
-715 -855 0
-715 -890 0
-715 -925 0
-715 -960 0
-715 -995 0
-715 -1030 0
-715 -1065 0
-715 -1100 0
-715 -1135 0
-715 -1170 0
-715 -1205 0
-715 -1240 0
-715 -1275 0
-750 -785 0
-750 -820 0
-750 -855 0
-750 -890 0
-750 -925 0
-750 -960 0
-750 -995 0
-750 -1030 0
-750 -1065 0
-750 -1100 0
-750 -1135 0
-750 -1170 0
-750 -1205 0
-750 -1240 0
-750 -1275 0
-785 -820 0
-785 -855 0
-785 -890 0
-785 -925 0
-785 -960 0
-785 -995 0
-785 -1030 0
-785 -1065 0
-785 -1100 0
-785 -1135 0
-785 -1170 0
-785 -1205 0
-785 -1240 0
-785 -1275 0
-820 -855 0
-820 -890 0
-820 -925 0
-820 -960 0
-820 -995 0
-820 -1030 0
-820 -1065 0
-820 -1100 0
-820 -1135 0
-820 -1170 0
-820 -1205 0
-820 -1240 0
-820 -1275 0
-855 -890 0
-855 -925 0
-855 -960 0
-855 -995 0
-855 -1030 0
-855 -1065 0
-855 -1100 0
-855 -1135 0
-855 -1170 0
-855 -1205 0
-855 -1240 0
-855 -1275 0
-890 -925 0
-890 -960 0
-890 -995 0
-890 -1030 0
-890 -1065 0
-890 -1100 0
-890 -1135 0
-890 -1170 0
-890 -1205 0
-890 -1240 0
-890 -1275 0
-925 -960 0
-925 -995 0
-925 -1030 0
-925 -1065 0
-925 -1100 0
-925 -1135 0
-925 -1170 0
-925 -1205 0
-925 -1240 0
-925 -1275 0
-960 -995 0
-960 -1030 0
-960 -1065 0
-960 -1100 0
-960 -1135 0
-960 -1170 0
-960 -1205 0
-960 -1240 0
-960 -1275 0
-995 -1030 0
-995 -1065 0
-995 -1100 0
-995 -1135 0
-995 -1170 0
-995 -1205 0
-995 -1240 0
-995 -1275 0
-1030 -1065 0
-1030 -1100 0
-1030 -1135 0
-1030 -1170 0
-1030 -1205 0
-1030 -1240 0
-1030 -1275 0
-1065 -1100 0
-1065 -1135 0
-1065 -1170 0
-1065 -1205 0
-1065 -1240 0
-1065 -1275 0
-1100 -1135 0
-1100 -1170 0
-1100 -1205 0
-1100 -1240 0
-1100 -1275 0
-1135 -1170 0
-1135 -1205 0
-1135 -1240 0
-1135 -1275 0
-1170 -1205 0
-1170 -1240 0
-1170 -1275 0
-1205 -1240 0
-1205 -1275 0
-1240 -1275 0
-576 -611 0
-576 -646 0
-576 -681 0
-576 -716 0
-576 -751 0
-576 -786 0
-576 -821 0
-576 -856 0
-576 -891 0
-576 -926 0
-576 -961 0
-576 -996 0
-576 -1031 0
-576 -1066 0
-576 -1101 0
-576 -1136 0
-576 -1171 0
-576 -1206 0
-576 -1241 0
-576 -1276 0
-611 -646 0
-611 -681 0
-611 -716 0
-611 -751 0
-611 -786 0
-611 -821 0
-611 -856 0
-611 -891 0
-611 -926 0
-611 -961 0
-611 -996 0
-611 -1031 0
-611 -1066 0
-611 -1101 0
-611 -1136 0
-611 -1171 0
-611 -1206 0
-611 -1241 0
-611 -1276 0
-646 -681 0
-646 -716 0
-646 -751 0
-646 -786 0
-646 -821 0
-646 -856 0
-646 -891 0
-646 -926 0
-646 -961 0
-646 -996 0
-646 -1031 0
-646 -1066 0
-646 -1101 0
-646 -1136 0
-646 -1171 0
-646 -1206 0
-646 -1241 0
-646 -1276 0
-681 -716 0
-681 -751 0
-681 -786 0
-681 -821 0
-681 -856 0
-681 -891 0
-681 -926 0
-681 -961 0
-681 -996 0
-681 -1031 0
-681 -1066 0
-681 -1101 0
-681 -1136 0
-681 -1171 0
-681 -1206 0
-681 -1241 0
-681 -1276 0
-716 -751 0
-716 -786 0
-716 -821 0
-716 -856 0
-716 -891 0
-716 -926 0
-716 -961 0
-716 -996 0
-716 -1031 0
-716 -1066 0
-716 -1101 0
-716 -1136 0
-716 -1171 0
-716 -1206 0
-716 -1241 0
-716 -1276 0
-751 -786 0
-751 -821 0
-751 -856 0
-751 -891 0
-751 -926 0
-751 -961 0
-751 -996 0
-751 -1031 0
-751 -1066 0
-751 -1101 0
-751 -1136 0
-751 -1171 0
-751 -1206 0
-751 -1241 0
-751 -1276 0
-786 -821 0
-786 -856 0
-786 -891 0
-786 -926 0
-786 -961 0
-786 -996 0
-786 -1031 0
-786 -1066 0
-786 -1101 0
-786 -1136 0
-786 -1171 0
-786 -1206 0
-786 -1241 0
-786 -1276 0
-821 -856 0
-821 -891 0
-821 -926 0
-821 -961 0
-821 -996 0
-821 -1031 0
-821 -1066 0
-821 -1101 0
-821 -1136 0
-821 -1171 0
-821 -1206 0
-821 -1241 0
-821 -1276 0
-856 -891 0
-856 -926 0
-856 -961 0
-856 -996 0
-856 -1031 0
-856 -1066 0
-856 -1101 0
-856 -1136 0
-856 -1171 0
-856 -1206 0
-856 -1241 0
-856 -1276 0
-891 -926 0
-891 -961 0
-891 -996 0
-891 -1031 0
-891 -1066 0
-891 -1101 0
-891 -1136 0
-891 -1171 0
-891 -1206 0
-891 -1241 0
-891 -1276 0
-926 -961 0
-926 -996 0
-926 -1031 0
-926 -1066 0
-926 -1101 0
-926 -1136 0
-926 -1171 0
-926 -1206 0
-926 -1241 0
-926 -1276 0
-961 -996 0
-961 -1031 0
-961 -1066 0
-961 -1101 0
-961 -1136 0
-961 -1171 0
-961 -1206 0
-961 -1241 0
-961 -1276 0
-996 -1031 0
-996 -1066 0
-996 -1101 0
-996 -1136 0
-996 -1171 0
-996 -1206 0
-996 -1241 0
-996 -1276 0
-1031 -1066 0
-1031 -1101 0
-1031 -1136 0
-1031 -1171 0
-1031 -1206 0
-1031 -1241 0
-1031 -1276 0
-1066 -1101 0
-1066 -1136 0
-1066 -1171 0
-1066 -1206 0
-1066 -1241 0
-1066 -1276 0
-1101 -1136 0
-1101 -1171 0
-1101 -1206 0
-1101 -1241 0
-1101 -1276 0
-1136 -1171 0
-1136 -1206 0
-1136 -1241 0
-1136 -1276 0
-1171 -1206 0
-1171 -1241 0
-1171 -1276 0
-1206 -1241 0
-1206 -1276 0
-1241 -1276 0
-612 -647 0
-612 -682 0
-612 -717 0
-612 -752 0
-612 -787 0
-612 -822 0
-612 -857 0
-612 -892 0
-612 -927 0
-612 -962 0
-612 -997 0
-612 -1032 0
-612 -1067 0
-612 -1102 0
-612 -1137 0
-612 -1172 0
-612 -1207 0
-612 -1242 0
-612 -1277 0
-647 -682 0
-647 -717 0
-647 -752 0
-647 -787 0
-647 -822 0
-647 -857 0
-647 -892 0
-647 -927 0
-647 -962 0
-647 -997 0
-647 -1032 0
-647 -1067 0
-647 -1102 0
-647 -1137 0
-647 -1172 0
-647 -1207 0
-647 -1242 0
-647 -1277 0
-682 -717 0
-682 -752 0
-682 -787 0
-682 -822 0
-682 -857 0
-682 -892 0
-682 -927 0
-682 -962 0
-682 -997 0
-682 -1032 0
-682 -1067 0
-682 -1102 0
-682 -1137 0
-682 -1172 0
-682 -1207 0
-682 -1242 0
-682 -1277 0
-717 -752 0
-717 -787 0
-717 -822 0
-717 -857 0
-717 -892 0
-717 -927 0
-717 -962 0
-717 -997 0
-717 -1032 0
-717 -1067 0
-717 -1102 0
-717 -1137 0
-717 -1172 0
-717 -1207 0
-717 -1242 0
-717 -1277 0
-752 -787 0
-752 -822 0
-752 -857 0
-752 -892 0
-752 -927 0
-752 -962 0
-752 -997 0
-752 -1032 0
-752 -1067 0
-752 -1102 0
-752 -1137 0
-752 -1172 0
-752 -1207 0
-752 -1242 0
-752 -1277 0
-787 -822 0
-787 -857 0
-787 -892 0
-787 -927 0
-787 -962 0
-787 -997 0
-787 -1032 0
-787 -1067 0
-787 -1102 0
-787 -1137 0
-787 -1172 0
-787 -1207 0
-787 -1242 0
-787 -1277 0
-822 -857 0
-822 -892 0
-822 -927 0
-822 -962 0
-822 -997 0
-822 -1032 0
-822 -1067 0
-822 -1102 0
-822 -1137 0
-822 -1172 0
-822 -1207 0
-822 -1242 0
-822 -1277 0
-857 -892 0
-857 -927 0
-857 -962 0
-857 -997 0
-857 -1032 0
-857 -1067 0
-857 -1102 0
-857 -1137 0
-857 -1172 0
-857 -1207 0
-857 -1242 0
-857 -1277 0
-892 -927 0
-892 -962 0
-892 -997 0
-892 -1032 0
-892 -1067 0
-892 -1102 0
-892 -1137 0
-892 -1172 0
-892 -1207 0
-892 -1242 0
-892 -1277 0
-927 -962 0
-927 -997 0
-927 -1032 0
-927 -1067 0
-927 -1102 0
-927 -1137 0
-927 -1172 0
-927 -1207 0
-927 -1242 0
-927 -1277 0
-962 -997 0
-962 -1032 0
-962 -1067 0
-962 -1102 0
-962 -1137 0
-962 -1172 0
-962 -1207 0
-962 -1242 0
-962 -1277 0
-997 -1032 0
-997 -1067 0
-997 -1102 0
-997 -1137 0
-997 -1172 0
-997 -1207 0
-997 -1242 0
-997 -1277 0
-1032 -1067 0
-1032 -1102 0
-1032 -1137 0
-1032 -1172 0
-1032 -1207 0
-1032 -1242 0
-1032 -1277 0
-1067 -1102 0
-1067 -1137 0
-1067 -1172 0
-1067 -1207 0
-1067 -1242 0
-1067 -1277 0
-1102 -1137 0
-1102 -1172 0
-1102 -1207 0
-1102 -1242 0
-1102 -1277 0
-1137 -1172 0
-1137 -1207 0
-1137 -1242 0
-1137 -1277 0
-1172 -1207 0
-1172 -1242 0
-1172 -1277 0
-1207 -1242 0
-1207 -1277 0
-1242 -1277 0
-648 -683 0
-648 -718 0
-648 -753 0
-648 -788 0
-648 -823 0
-648 -858 0
-648 -893 0
-648 -928 0
-648 -963 0
-648 -998 0
-648 -1033 0
-648 -1068 0
-648 -1103 0
-648 -1138 0
-648 -1173 0
-648 -1208 0
-648 -1243 0
-648 -1278 0
-683 -718 0
-683 -753 0
-683 -788 0
-683 -823 0
-683 -858 0
-683 -893 0
-683 -928 0
-683 -963 0
-683 -998 0
-683 -1033 0
-683 -1068 0
-683 -1103 0
-683 -1138 0
-683 -1173 0
-683 -1208 0
-683 -1243 0
-683 -1278 0
-718 -753 0
-718 -788 0
-718 -823 0
-718 -858 0
-718 -893 0
-718 -928 0
-718 -963 0
-718 -998 0
-718 -1033 0
-718 -1068 0
-718 -1103 0
-718 -1138 0
-718 -1173 0
-718 -1208 0
-718 -1243 0
-718 -1278 0
-753 -788 0
-753 -823 0
-753 -858 0
-753 -893 0
-753 -928 0
-753 -963 0
-753 -998 0
-753 -1033 0
-753 -1068 0
-753 -1103 0
-753 -1138 0
-753 -1173 0
-753 -1208 0
-753 -1243 0
-753 -1278 0
-788 -823 0
-788 -858 0
-788 -893 0
-788 -928 0
-788 -963 0
-788 -998 0
-788 -1033 0
-788 -1068 0
-788 -1103 0
-788 -1138 0
-788 -1173 0
-788 -1208 0
-788 -1243 0
-788 -1278 0
-823 -858 0
-823 -893 0
-823 -928 0
-823 -963 0
-823 -998 0
-823 -1033 0
-823 -1068 0
-823 -1103 0
-823 -1138 0
-823 -1173 0
-823 -1208 0
-823 -1243 0
-823 -1278 0
-858 -893 0
-858 -928 0
-858 -963 0
-858 -998 0
-858 -1033 0
-858 -1068 0
-858 -1103 0
-858 -1138 0
-858 -1173 0
-858 -1208 0
-858 -1243 0
-858 -1278 0
-893 -928 0
-893 -963 0
-893 -998 0
-893 -1033 0
-893 -1068 0
-893 -1103 0
-893 -1138 0
-893 -1173 0
-893 -1208 0
-893 -1243 0
-893 -1278 0
-928 -963 0
-928 -998 0
-928 -1033 0
-928 -1068 0
-928 -1103 0
-928 -1138 0
-928 -1173 0
-928 -1208 0
-928 -1243 0
-928 -1278 0
-963 -998 0
-963 -1033 0
-963 -1068 0
-963 -1103 0
-963 -1138 0
-963 -1173 0
-963 -1208 0
-963 -1243 0
-963 -1278 0
-998 -1033 0
-998 -1068 0
-998 -1103 0
-998 -1138 0
-998 -1173 0
-998 -1208 0
-998 -1243 0
-998 -1278 0
-1033 -1068 0
-1033 -1103 0
-1033 -1138 0
-1033 -1173 0
-1033 -1208 0
-1033 -1243 0
-1033 -1278 0
-1068 -1103 0
-1068 -1138 0
-1068 -1173 0
-1068 -1208 0
-1068 -1243 0
-1068 -1278 0
-1103 -1138 0
-1103 -1173 0
-1103 -1208 0
-1103 -1243 0
-1103 -1278 0
-1138 -1173 0
-1138 -1208 0
-1138 -1243 0
-1138 -1278 0
-1173 -1208 0
-1173 -1243 0
-1173 -1278 0
-1208 -1243 0
-1208 -1278 0
-1243 -1278 0
-684 -719 0
-684 -754 0
-684 -789 0
-684 -824 0
-684 -859 0
-684 -894 0
-684 -929 0
-684 -964 0
-684 -999 0
-684 -1034 0
-684 -1069 0
-684 -1104 0
-684 -1139 0
-684 -1174 0
-684 -1209 0
-684 -1244 0
-684 -1279 0
-719 -754 0
-719 -789 0
-719 -824 0
-719 -859 0
-719 -894 0
-719 -929 0
-719 -964 0
-719 -999 0
-719 -1034 0
-719 -1069 0
-719 -1104 0
-719 -1139 0
-719 -1174 0
-719 -1209 0
-719 -1244 0
-719 -1279 0
-754 -789 0
-754 -824 0
-754 -859 0
-754 -894 0
-754 -929 0
-754 -964 0
-754 -999 0
-754 -1034 0
-754 -1069 0
-754 -1104 0
-754 -1139 0
-754 -1174 0
-754 -1209 0
-754 -1244 0
-754 -1279 0
-789 -824 0
-789 -859 0
-789 -894 0
-789 -929 0
-789 -964 0
-789 -999 0
-789 -1034 0
-789 -1069 0
-789 -1104 0
-789 -1139 0
-789 -1174 0
-789 -1209 0
-789 -1244 0
-789 -1279 0
-824 -859 0
-824 -894 0
-824 -929 0
-824 -964 0
-824 -999 0
-824 -1034 0
-824 -1069 0
-824 -1104 0
-824 -1139 0
-824 -1174 0
-824 -1209 0
-824 -1244 0
-824 -1279 0
-859 -894 0
-859 -929 0
-859 -964 0
-859 -999 0
-859 -1034 0
-859 -1069 0
-859 -1104 0
-859 -1139 0
-859 -1174 0
-859 -1209 0
-859 -1244 0
-859 -1279 0
-894 -929 0
-894 -964 0
-894 -999 0
-894 -1034 0
-894 -1069 0
-894 -1104 0
-894 -1139 0
-894 -1174 0
-894 -1209 0
-894 -1244 0
-894 -1279 0
-929 -964 0
-929 -999 0
-929 -1034 0
-929 -1069 0
-929 -1104 0
-929 -1139 0
-929 -1174 0
-929 -1209 0
-929 -1244 0
-929 -1279 0
-964 -999 0
-964 -1034 0
-964 -1069 0
-964 -1104 0
-964 -1139 0
-964 -1174 0
-964 -1209 0
-964 -1244 0
-964 -1279 0
-999 -1034 0
-999 -1069 0
-999 -1104 0
-999 -1139 0
-999 -1174 0
-999 -1209 0
-999 -1244 0
-999 -1279 0
-1034 -1069 0
-1034 -1104 0
-1034 -1139 0
-1034 -1174 0
-1034 -1209 0
-1034 -1244 0
-1034 -1279 0
-1069 -1104 0
-1069 -1139 0
-1069 -1174 0
-1069 -1209 0
-1069 -1244 0
-1069 -1279 0
-1104 -1139 0
-1104 -1174 0
-1104 -1209 0
-1104 -1244 0
-1104 -1279 0
-1139 -1174 0
-1139 -1209 0
-1139 -1244 0
-1139 -1279 0
-1174 -1209 0
-1174 -1244 0
-1174 -1279 0
-1209 -1244 0
-1209 -1279 0
-1244 -1279 0
-720 -755 0
-720 -790 0
-720 -825 0
-720 -860 0
-720 -895 0
-720 -930 0
-720 -965 0
-720 -1000 0
-720 -1035 0
-720 -1070 0
-720 -1105 0
-720 -1140 0
-720 -1175 0
-720 -1210 0
-720 -1245 0
-720 -1280 0
-755 -790 0
-755 -825 0
-755 -860 0
-755 -895 0
-755 -930 0
-755 -965 0
-755 -1000 0
-755 -1035 0
-755 -1070 0
-755 -1105 0
-755 -1140 0
-755 -1175 0
-755 -1210 0
-755 -1245 0
-755 -1280 0
-790 -825 0
-790 -860 0
-790 -895 0
-790 -930 0
-790 -965 0
-790 -1000 0
-790 -1035 0
-790 -1070 0
-790 -1105 0
-790 -1140 0
-790 -1175 0
-790 -1210 0
-790 -1245 0
-790 -1280 0
-825 -860 0
-825 -895 0
-825 -930 0
-825 -965 0
-825 -1000 0
-825 -1035 0
-825 -1070 0
-825 -1105 0
-825 -1140 0
-825 -1175 0
-825 -1210 0
-825 -1245 0
-825 -1280 0
-860 -895 0
-860 -930 0
-860 -965 0
-860 -1000 0
-860 -1035 0
-860 -1070 0
-860 -1105 0
-860 -1140 0
-860 -1175 0
-860 -1210 0
-860 -1245 0
-860 -1280 0
-895 -930 0
-895 -965 0
-895 -1000 0
-895 -1035 0
-895 -1070 0
-895 -1105 0
-895 -1140 0
-895 -1175 0
-895 -1210 0
-895 -1245 0
-895 -1280 0
-930 -965 0
-930 -1000 0
-930 -1035 0
-930 -1070 0
-930 -1105 0
-930 -1140 0
-930 -1175 0
-930 -1210 0
-930 -1245 0
-930 -1280 0
-965 -1000 0
-965 -1035 0
-965 -1070 0
-965 -1105 0
-965 -1140 0
-965 -1175 0
-965 -1210 0
-965 -1245 0
-965 -1280 0
-1000 -1035 0
-1000 -1070 0
-1000 -1105 0
-1000 -1140 0
-1000 -1175 0
-1000 -1210 0
-1000 -1245 0
-1000 -1280 0
-1035 -1070 0
-1035 -1105 0
-1035 -1140 0
-1035 -1175 0
-1035 -1210 0
-1035 -1245 0
-1035 -1280 0
-1070 -1105 0
-1070 -1140 0
-1070 -1175 0
-1070 -1210 0
-1070 -1245 0
-1070 -1280 0
-1105 -1140 0
-1105 -1175 0
-1105 -1210 0
-1105 -1245 0
-1105 -1280 0
-1140 -1175 0
-1140 -1210 0
-1140 -1245 0
-1140 -1280 0
-1175 -1210 0
-1175 -1245 0
-1175 -1280 0
-1210 -1245 0
-1210 -1280 0
-1245 -1280 0
-756 -791 0
-756 -826 0
-756 -861 0
-756 -896 0
-756 -931 0
-756 -966 0
-756 -1001 0
-756 -1036 0
-756 -1071 0
-756 -1106 0
-756 -1141 0
-756 -1176 0
-756 -1211 0
-756 -1246 0
-756 -1281 0
-791 -826 0
-791 -861 0
-791 -896 0
-791 -931 0
-791 -966 0
-791 -1001 0
-791 -1036 0
-791 -1071 0
-791 -1106 0
-791 -1141 0
-791 -1176 0
-791 -1211 0
-791 -1246 0
-791 -1281 0
-826 -861 0
-826 -896 0
-826 -931 0
-826 -966 0
-826 -1001 0
-826 -1036 0
-826 -1071 0
-826 -1106 0
-826 -1141 0
-826 -1176 0
-826 -1211 0
-826 -1246 0
-826 -1281 0
-861 -896 0
-861 -931 0
-861 -966 0
-861 -1001 0
-861 -1036 0
-861 -1071 0
-861 -1106 0
-861 -1141 0
-861 -1176 0
-861 -1211 0
-861 -1246 0
-861 -1281 0
-896 -931 0
-896 -966 0
-896 -1001 0
-896 -1036 0
-896 -1071 0
-896 -1106 0
-896 -1141 0
-896 -1176 0
-896 -1211 0
-896 -1246 0
-896 -1281 0
-931 -966 0
-931 -1001 0
-931 -1036 0
-931 -1071 0
-931 -1106 0
-931 -1141 0
-931 -1176 0
-931 -1211 0
-931 -1246 0
-931 -1281 0
-966 -1001 0
-966 -1036 0
-966 -1071 0
-966 -1106 0
-966 -1141 0
-966 -1176 0
-966 -1211 0
-966 -1246 0
-966 -1281 0
-1001 -1036 0
-1001 -1071 0
-1001 -1106 0
-1001 -1141 0
-1001 -1176 0
-1001 -1211 0
-1001 -1246 0
-1001 -1281 0
-1036 -1071 0
-1036 -1106 0
-1036 -1141 0
-1036 -1176 0
-1036 -1211 0
-1036 -1246 0
-1036 -1281 0
-1071 -1106 0
-1071 -1141 0
-1071 -1176 0
-1071 -1211 0
-1071 -1246 0
-1071 -1281 0
-1106 -1141 0
-1106 -1176 0
-1106 -1211 0
-1106 -1246 0
-1106 -1281 0
-1141 -1176 0
-1141 -1211 0
-1141 -1246 0
-1141 -1281 0
-1176 -1211 0
-1176 -1246 0
-1176 -1281 0
-1211 -1246 0
-1211 -1281 0
-1246 -1281 0
-792 -827 0
-792 -862 0
-792 -897 0
-792 -932 0
-792 -967 0
-792 -1002 0
-792 -1037 0
-792 -1072 0
-792 -1107 0
-792 -1142 0
-792 -1177 0
-792 -1212 0
-792 -1247 0
-792 -1282 0
-827 -862 0
-827 -897 0
-827 -932 0
-827 -967 0
-827 -1002 0
-827 -1037 0
-827 -1072 0
-827 -1107 0
-827 -1142 0
-827 -1177 0
-827 -1212 0
-827 -1247 0
-827 -1282 0
-862 -897 0
-862 -932 0
-862 -967 0
-862 -1002 0
-862 -1037 0
-862 -1072 0
-862 -1107 0
-862 -1142 0
-862 -1177 0
-862 -1212 0
-862 -1247 0
-862 -1282 0
-897 -932 0
-897 -967 0
-897 -1002 0
-897 -1037 0
-897 -1072 0
-897 -1107 0
-897 -1142 0
-897 -1177 0
-897 -1212 0
-897 -1247 0
-897 -1282 0
-932 -967 0
-932 -1002 0
-932 -1037 0
-932 -1072 0
-932 -1107 0
-932 -1142 0
-932 -1177 0
-932 -1212 0
-932 -1247 0
-932 -1282 0
-967 -1002 0
-967 -1037 0
-967 -1072 0
-967 -1107 0
-967 -1142 0
-967 -1177 0
-967 -1212 0
-967 -1247 0
-967 -1282 0
-1002 -1037 0
-1002 -1072 0
-1002 -1107 0
-1002 -1142 0
-1002 -1177 0
-1002 -1212 0
-1002 -1247 0
-1002 -1282 0
-1037 -1072 0
-1037 -1107 0
-1037 -1142 0
-1037 -1177 0
-1037 -1212 0
-1037 -1247 0
-1037 -1282 0
-1072 -1107 0
-1072 -1142 0
-1072 -1177 0
-1072 -1212 0
-1072 -1247 0
-1072 -1282 0
-1107 -1142 0
-1107 -1177 0
-1107 -1212 0
-1107 -1247 0
-1107 -1282 0
-1142 -1177 0
-1142 -1212 0
-1142 -1247 0
-1142 -1282 0
-1177 -1212 0
-1177 -1247 0
-1177 -1282 0
-1212 -1247 0
-1212 -1282 0
-1247 -1282 0
-828 -863 0
-828 -898 0
-828 -933 0
-828 -968 0
-828 -1003 0
-828 -1038 0
-828 -1073 0
-828 -1108 0
-828 -1143 0
-828 -1178 0
-828 -1213 0
-828 -1248 0
-828 -1283 0
-863 -898 0
-863 -933 0
-863 -968 0
-863 -1003 0
-863 -1038 0
-863 -1073 0
-863 -1108 0
-863 -1143 0
-863 -1178 0
-863 -1213 0
-863 -1248 0
-863 -1283 0
-898 -933 0
-898 -968 0
-898 -1003 0
-898 -1038 0
-898 -1073 0
-898 -1108 0
-898 -1143 0
-898 -1178 0
-898 -1213 0
-898 -1248 0
-898 -1283 0
-933 -968 0
-933 -1003 0
-933 -1038 0
-933 -1073 0
-933 -1108 0
-933 -1143 0
-933 -1178 0
-933 -1213 0
-933 -1248 0
-933 -1283 0
-968 -1003 0
-968 -1038 0
-968 -1073 0
-968 -1108 0
-968 -1143 0
-968 -1178 0
-968 -1213 0
-968 -1248 0
-968 -1283 0
-1003 -1038 0
-1003 -1073 0
-1003 -1108 0
-1003 -1143 0
-1003 -1178 0
-1003 -1213 0
-1003 -1248 0
-1003 -1283 0
-1038 -1073 0
-1038 -1108 0
-1038 -1143 0
-1038 -1178 0
-1038 -1213 0
-1038 -1248 0
-1038 -1283 0
-1073 -1108 0
-1073 -1143 0
-1073 -1178 0
-1073 -1213 0
-1073 -1248 0
-1073 -1283 0
-1108 -1143 0
-1108 -1178 0
-1108 -1213 0
-1108 -1248 0
-1108 -1283 0
-1143 -1178 0
-1143 -1213 0
-1143 -1248 0
-1143 -1283 0
-1178 -1213 0
-1178 -1248 0
-1178 -1283 0
-1213 -1248 0
-1213 -1283 0
-1248 -1283 0
-864 -899 0
-864 -934 0
-864 -969 0
-864 -1004 0
-864 -1039 0
-864 -1074 0
-864 -1109 0
-864 -1144 0
-864 -1179 0
-864 -1214 0
-864 -1249 0
-864 -1284 0
-899 -934 0
-899 -969 0
-899 -1004 0
-899 -1039 0
-899 -1074 0
-899 -1109 0
-899 -1144 0
-899 -1179 0
-899 -1214 0
-899 -1249 0
-899 -1284 0
-934 -969 0
-934 -1004 0
-934 -1039 0
-934 -1074 0
-934 -1109 0
-934 -1144 0
-934 -1179 0
-934 -1214 0
-934 -1249 0
-934 -1284 0
-969 -1004 0
-969 -1039 0
-969 -1074 0
-969 -1109 0
-969 -1144 0
-969 -1179 0
-969 -1214 0
-969 -1249 0
-969 -1284 0
-1004 -1039 0
-1004 -1074 0
-1004 -1109 0
-1004 -1144 0
-1004 -1179 0
-1004 -1214 0
-1004 -1249 0
-1004 -1284 0
-1039 -1074 0
-1039 -1109 0
-1039 -1144 0
-1039 -1179 0
-1039 -1214 0
-1039 -1249 0
-1039 -1284 0
-1074 -1109 0
-1074 -1144 0
-1074 -1179 0
-1074 -1214 0
-1074 -1249 0
-1074 -1284 0
-1109 -1144 0
-1109 -1179 0
-1109 -1214 0
-1109 -1249 0
-1109 -1284 0
-1144 -1179 0
-1144 -1214 0
-1144 -1249 0
-1144 -1284 0
-1179 -1214 0
-1179 -1249 0
-1179 -1284 0
-1214 -1249 0
-1214 -1284 0
-1249 -1284 0
-900 -935 0
-900 -970 0
-900 -1005 0
-900 -1040 0
-900 -1075 0
-900 -1110 0
-900 -1145 0
-900 -1180 0
-900 -1215 0
-900 -1250 0
-900 -1285 0
-935 -970 0
-935 -1005 0
-935 -1040 0
-935 -1075 0
-935 -1110 0
-935 -1145 0
-935 -1180 0
-935 -1215 0
-935 -1250 0
-935 -1285 0
-970 -1005 0
-970 -1040 0
-970 -1075 0
-970 -1110 0
-970 -1145 0
-970 -1180 0
-970 -1215 0
-970 -1250 0
-970 -1285 0
-1005 -1040 0
-1005 -1075 0
-1005 -1110 0
-1005 -1145 0
-1005 -1180 0
-1005 -1215 0
-1005 -1250 0
-1005 -1285 0
-1040 -1075 0
-1040 -1110 0
-1040 -1145 0
-1040 -1180 0
-1040 -1215 0
-1040 -1250 0
-1040 -1285 0
-1075 -1110 0
-1075 -1145 0
-1075 -1180 0
-1075 -1215 0
-1075 -1250 0
-1075 -1285 0
-1110 -1145 0
-1110 -1180 0
-1110 -1215 0
-1110 -1250 0
-1110 -1285 0
-1145 -1180 0
-1145 -1215 0
-1145 -1250 0
-1145 -1285 0
-1180 -1215 0
-1180 -1250 0
-1180 -1285 0
-1215 -1250 0
-1215 -1285 0
-1250 -1285 0
-936 -971 0
-936 -1006 0
-936 -1041 0
-936 -1076 0
-936 -1111 0
-936 -1146 0
-936 -1181 0
-936 -1216 0
-936 -1251 0
-936 -1286 0
-971 -1006 0
-971 -1041 0
-971 -1076 0
-971 -1111 0
-971 -1146 0
-971 -1181 0
-971 -1216 0
-971 -1251 0
-971 -1286 0
-1006 -1041 0
-1006 -1076 0
-1006 -1111 0
-1006 -1146 0
-1006 -1181 0
-1006 -1216 0
-1006 -1251 0
-1006 -1286 0
-1041 -1076 0
-1041 -1111 0
-1041 -1146 0
-1041 -1181 0
-1041 -1216 0
-1041 -1251 0
-1041 -1286 0
-1076 -1111 0
-1076 -1146 0
-1076 -1181 0
-1076 -1216 0
-1076 -1251 0
-1076 -1286 0
-1111 -1146 0
-1111 -1181 0
-1111 -1216 0
-1111 -1251 0
-1111 -1286 0
-1146 -1181 0
-1146 -1216 0
-1146 -1251 0
-1146 -1286 0
-1181 -1216 0
-1181 -1251 0
-1181 -1286 0
-1216 -1251 0
-1216 -1286 0
-1251 -1286 0
-972 -1007 0
-972 -1042 0
-972 -1077 0
-972 -1112 0
-972 -1147 0
-972 -1182 0
-972 -1217 0
-972 -1252 0
-972 -1287 0
-1007 -1042 0
-1007 -1077 0
-1007 -1112 0
-1007 -1147 0
-1007 -1182 0
-1007 -1217 0
-1007 -1252 0
-1007 -1287 0
-1042 -1077 0
-1042 -1112 0
-1042 -1147 0
-1042 -1182 0
-1042 -1217 0
-1042 -1252 0
-1042 -1287 0
-1077 -1112 0
-1077 -1147 0
-1077 -1182 0
-1077 -1217 0
-1077 -1252 0
-1077 -1287 0
-1112 -1147 0
-1112 -1182 0
-1112 -1217 0
-1112 -1252 0
-1112 -1287 0
-1147 -1182 0
-1147 -1217 0
-1147 -1252 0
-1147 -1287 0
-1182 -1217 0
-1182 -1252 0
-1182 -1287 0
-1217 -1252 0
-1217 -1287 0
-1252 -1287 0
-1008 -1043 0
-1008 -1078 0
-1008 -1113 0
-1008 -1148 0
-1008 -1183 0
-1008 -1218 0
-1008 -1253 0
-1008 -1288 0
-1043 -1078 0
-1043 -1113 0
-1043 -1148 0
-1043 -1183 0
-1043 -1218 0
-1043 -1253 0
-1043 -1288 0
-1078 -1113 0
-1078 -1148 0
-1078 -1183 0
-1078 -1218 0
-1078 -1253 0
-1078 -1288 0
-1113 -1148 0
-1113 -1183 0
-1113 -1218 0
-1113 -1253 0
-1113 -1288 0
-1148 -1183 0
-1148 -1218 0
-1148 -1253 0
-1148 -1288 0
-1183 -1218 0
-1183 -1253 0
-1183 -1288 0
-1218 -1253 0
-1218 -1288 0
-1253 -1288 0
-1044 -1079 0
-1044 -1114 0
-1044 -1149 0
-1044 -1184 0
-1044 -1219 0
-1044 -1254 0
-1044 -1289 0
-1079 -1114 0
-1079 -1149 0
-1079 -1184 0
-1079 -1219 0
-1079 -1254 0
-1079 -1289 0
-1114 -1149 0
-1114 -1184 0
-1114 -1219 0
-1114 -1254 0
-1114 -1289 0
-1149 -1184 0
-1149 -1219 0
-1149 -1254 0
-1149 -1289 0
-1184 -1219 0
-1184 -1254 0
-1184 -1289 0
-1219 -1254 0
-1219 -1289 0
-1254 -1289 0
-1080 -1115 0
-1080 -1150 0
-1080 -1185 0
-1080 -1220 0
-1080 -1255 0
-1080 -1290 0
-1115 -1150 0
-1115 -1185 0
-1115 -1220 0
-1115 -1255 0
-1115 -1290 0
-1150 -1185 0
-1150 -1220 0
-1150 -1255 0
-1150 -1290 0
-1185 -1220 0
-1185 -1255 0
-1185 -1290 0
-1220 -1255 0
-1220 -1290 0
-1255 -1290 0
-1116 -1151 0
-1116 -1186 0
-1116 -1221 0
-1116 -1256 0
-1116 -1291 0
-1151 -1186 0
-1151 -1221 0
-1151 -1256 0
-1151 -1291 0
-1186 -1221 0
-1186 -1256 0
-1186 -1291 0
-1221 -1256 0
-1221 -1291 0
-1256 -1291 0
-1152 -1187 0
-1152 -1222 0
-1152 -1257 0
-1152 -1292 0
-1187 -1222 0
-1187 -1257 0
-1187 -1292 0
-1222 -1257 0
-1222 -1292 0
-1257 -1292 0
-1188 -1223 0
-1188 -1258 0
-1188 -1293 0
-1223 -1258 0
-1223 -1293 0
-1258 -1293 0
-1224 -1259 0
-1224 -1294 0
-1259 -1294 0
-1260 -1295 0
