p cnf 1444 61940
1 2 3 4 5 6 7 8 9 10 11 12 13 14 15 16 17 18 19 20 21 22 23 24 25 26 27 28 29 30 31 32 33 34 35 36 37 38 0
39 40 41 42 43 44 45 46 47 48 49 50 51 52 53 54 55 56 57 58 59 60 61 62 63 64 65 66 67 68 69 70 71 72 73 74 75 76 0
77 78 79 80 81 82 83 84 85 86 87 88 89 90 91 92 93 94 95 96 97 98 99 100 101 102 103 104 105 106 107 108 109 110 111 112 113 114 0
115 116 117 118 119 120 121 122 123 124 125 126 127 128 129 130 131 132 133 134 135 136 137 138 139 140 141 142 143 144 145 146 147 148 149 150 151 152 0
153 154 155 156 157 158 159 160 161 162 163 164 165 166 167 168 169 170 171 172 173 174 175 176 177 178 179 180 181 182 183 184 185 186 187 188 189 190 0
191 192 193 194 195 196 197 198 199 200 201 202 203 204 205 206 207 208 209 210 211 212 213 214 215 216 217 218 219 220 221 222 223 224 225 226 227 228 0
229 230 231 232 233 234 235 236 237 238 239 240 241 242 243 244 245 246 247 248 249 250 251 252 253 254 255 256 257 258 259 260 261 262 263 264 265 266 0
267 268 269 270 271 272 273 274 275 276 277 278 279 280 281 282 283 284 285 286 287 288 289 290 291 292 293 294 295 296 297 298 299 300 301 302 303 304 0
305 306 307 308 309 310 311 312 313 314 315 316 317 318 319 320 321 322 323 324 325 326 327 328 329 330 331 332 333 334 335 336 337 338 339 340 341 342 0
343 344 345 346 347 348 349 350 351 352 353 354 355 356 357 358 359 360 361 362 363 364 365 366 367 368 369 370 371 372 373 374 375 376 377 378 379 380 0
381 382 383 384 385 386 387 388 389 390 391 392 393 394 395 396 397 398 399 400 401 402 403 404 405 406 407 408 409 410 411 412 413 414 415 416 417 418 0
419 420 421 422 423 424 425 426 427 428 429 430 431 432 433 434 435 436 437 438 439 440 441 442 443 444 445 446 447 448 449 450 451 452 453 454 455 456 0
457 458 459 460 461 462 463 464 465 466 467 468 469 470 471 472 473 474 475 476 477 478 479 480 481 482 483 484 485 486 487 488 489 490 491 492 493 494 0
495 496 497 498 499 500 501 502 503 504 505 506 507 508 509 510 511 512 513 514 515 516 517 518 519 520 521 522 523 524 525 526 527 528 529 530 531 532 0
533 534 535 536 537 538 539 540 541 542 543 544 545 546 547 548 549 550 551 552 553 554 555 556 557 558 559 560 561 562 563 564 565 566 567 568 569 570 0
571 572 573 574 575 576 577 578 579 580 581 582 583 584 585 586 587 588 589 590 591 592 593 594 595 596 597 598 599 600 601 602 603 604 605 606 607 608 0
609 610 611 612 613 614 615 616 617 618 619 620 621 622 623 624 625 626 627 628 629 630 631 632 633 634 635 636 637 638 639 640 641 642 643 644 645 646 0
647 648 649 650 651 652 653 654 655 656 657 658 659 660 661 662 663 664 665 666 667 668 669 670 671 672 673 674 675 676 677 678 679 680 681 682 683 684 0
685 686 687 688 689 690 691 692 693 694 695 696 697 698 699 700 701 702 703 704 705 706 707 708 709 710 711 712 713 714 715 716 717 718 719 720 721 722 0
723 724 725 726 727 728 729 730 731 732 733 734 735 736 737 738 739 740 741 742 743 744 745 746 747 748 749 750 751 752 753 754 755 756 757 758 759 760 0
761 762 763 764 765 766 767 768 769 770 771 772 773 774 775 776 777 778 779 780 781 782 783 784 785 786 787 788 789 790 791 792 793 794 795 796 797 798 0
799 800 801 802 803 804 805 806 807 808 809 810 811 812 813 814 815 816 817 818 819 820 821 822 823 824 825 826 827 828 829 830 831 832 833 834 835 836 0
837 838 839 840 841 842 843 844 845 846 847 848 849 850 851 852 853 854 855 856 857 858 859 860 861 862 863 864 865 866 867 868 869 870 871 872 873 874 0
875 876 877 878 879 880 881 882 883 884 885 886 887 888 889 890 891 892 893 894 895 896 897 898 899 900 901 902 903 904 905 906 907 908 909 910 911 912 0
913 914 915 916 917 918 919 920 921 922 923 924 925 926 927 928 929 930 931 932 933 934 935 936 937 938 939 940 941 942 943 944 945 946 947 948 949 950 0
951 952 953 954 955 956 957 958 959 960 961 962 963 964 965 966 967 968 969 970 971 972 973 974 975 976 977 978 979 980 981 982 983 984 985 986 987 988 0
989 990 991 992 993 994 995 996 997 998 999 1000 1001 1002 1003 1004 1005 1006 1007 1008 1009 1010 1011 1012 1013 1014 1015 1016 1017 1018 1019 1020 1021 1022 1023 1024 1025 1026 0
1027 1028 1029 1030 1031 1032 1033 1034 1035 1036 1037 1038 1039 1040 1041 1042 1043 1044 1045 1046 1047 1048 1049 1050 1051 1052 1053 1054 1055 1056 1057 1058 1059 1060 1061 1062 1063 1064 0
1065 1066 1067 1068 1069 1070 1071 1072 1073 1074 1075 1076 1077 1078 1079 1080 1081 1082 1083 1084 1085 1086 1087 1088 1089 1090 1091 1092 1093 1094 1095 1096 1097 1098 1099 1100 1101 1102 0
1103 1104 1105 1106 1107 1108 1109 1110 1111 1112 1113 1114 1115 1116 1117 1118 1119 1120 1121 1122 1123 1124 1125 1126 1127 1128 1129 1130 1131 1132 1133 1134 1135 1136 1137 1138 1139 1140 0
1141 1142 1143 1144 1145 1146 1147 1148 1149 1150 1151 1152 1153 1154 1155 1156 1157 1158 1159 1160 1161 1162 1163 1164 1165 1166 1167 1168 1169 1170 1171 1172 1173 1174 1175 1176 1177 1178 0
1179 1180 1181 1182 1183 1184 1185 1186 1187 1188 1189 1190 1191 1192 1193 1194 1195 1196 1197 1198 1199 1200 1201 1202 1203 1204 1205 1206 1207 1208 1209 1210 1211 1212 1213 1214 1215 1216 0
1217 1218 1219 1220 1221 1222 1223 1224 1225 1226 1227 1228 1229 1230 1231 1232 1233 1234 1235 1236 1237 1238 1239 1240 1241 1242 1243 1244 1245 1246 1247 1248 1249 1250 1251 1252 1253 1254 0
1255 1256 1257 1258 1259 1260 1261 1262 1263 1264 1265 1266 1267 1268 1269 1270 1271 1272 1273 1274 1275 1276 1277 1278 1279 1280 1281 1282 1283 1284 1285 1286 1287 1288 1289 1290 1291 1292 0
1293 1294 1295 1296 1297 1298 1299 1300 1301 1302 1303 1304 1305 1306 1307 1308 1309 1310 1311 1312 1313 1314 1315 1316 1317 1318 1319 1320 1321 1322 1323 1324 1325 1326 1327 1328 1329 1330 0
1331 1332 1333 1334 1335 1336 1337 1338 1339 1340 1341 1342 1343 1344 1345 1346 1347 1348 1349 1350 1351 1352 1353 1354 1355 1356 1357 1358 1359 1360 1361 1362 1363 1364 1365 1366 1367 1368 0
1369 1370 1371 1372 1373 1374 1375 1376 1377 1378 1379 1380 1381 1382 1383 1384 1385 1386 1387 1388 1389 1390 1391 1392 1393 1394 1395 1396 1397 1398 1399 1400 1401 1402 1403 1404 1405 1406 0
1407 1408 1409 1410 1411 1412 1413 1414 1415 1416 1417 1418 1419 1420 1421 1422 1423 1424 1425 1426 1427 1428 1429 1430 1431 1432 1433 1434 1435 1436 1437 1438 1439 1440 1441 1442 1443 1444 0
-1 -2 0
-1 -3 0
-1 -4 0
-1 -5 0
-1 -6 0
-1 -7 0
-1 -8 0
-1 -9 0
-1 -10 0
-1 -11 0
-1 -12 0
-1 -13 0
-1 -14 0
-1 -15 0
-1 -16 0
-1 -17 0
-1 -18 0
-1 -19 0
-1 -20 0
-1 -21 0
-1 -22 0
-1 -23 0
-1 -24 0
-1 -25 0
-1 -26 0
-1 -27 0
-1 -28 0
-1 -29 0
-1 -30 0
-1 -31 0
-1 -32 0
-1 -33 0
-1 -34 0
-1 -35 0
-1 -36 0
-1 -37 0
-1 -38 0
-2 -3 0
-2 -4 0
-2 -5 0
-2 -6 0
-2 -7 0
-2 -8 0
-2 -9 0
-2 -10 0
-2 -11 0
-2 -12 0
-2 -13 0
-2 -14 0
-2 -15 0
-2 -16 0
-2 -17 0
-2 -18 0
-2 -19 0
-2 -20 0
-2 -21 0
-2 -22 0
-2 -23 0
-2 -24 0
-2 -25 0
-2 -26 0
-2 -27 0
-2 -28 0
-2 -29 0
-2 -30 0
-2 -31 0
-2 -32 0
-2 -33 0
-2 -34 0
-2 -35 0
-2 -36 0
-2 -37 0
-2 -38 0
-3 -4 0
-3 -5 0
-3 -6 0
-3 -7 0
-3 -8 0
-3 -9 0
-3 -10 0
-3 -11 0
-3 -12 0
-3 -13 0
-3 -14 0
-3 -15 0
-3 -16 0
-3 -17 0
-3 -18 0
-3 -19 0
-3 -20 0
-3 -21 0
-3 -22 0
-3 -23 0
-3 -24 0
-3 -25 0
-3 -26 0
-3 -27 0
-3 -28 0
-3 -29 0
-3 -30 0
-3 -31 0
-3 -32 0
-3 -33 0
-3 -34 0
-3 -35 0
-3 -36 0
-3 -37 0
-3 -38 0
-4 -5 0
-4 -6 0
-4 -7 0
-4 -8 0
-4 -9 0
-4 -10 0
-4 -11 0
-4 -12 0
-4 -13 0
-4 -14 0
-4 -15 0
-4 -16 0
-4 -17 0
-4 -18 0
-4 -19 0
-4 -20 0
-4 -21 0
-4 -22 0
-4 -23 0
-4 -24 0
-4 -25 0
-4 -26 0
-4 -27 0
-4 -28 0
-4 -29 0
-4 -30 0
-4 -31 0
-4 -32 0
-4 -33 0
-4 -34 0
-4 -35 0
-4 -36 0
-4 -37 0
-4 -38 0
-5 -6 0
-5 -7 0
-5 -8 0
-5 -9 0
-5 -10 0
-5 -11 0
-5 -12 0
-5 -13 0
-5 -14 0
-5 -15 0
-5 -16 0
-5 -17 0
-5 -18 0
-5 -19 0
-5 -20 0
-5 -21 0
-5 -22 0
-5 -23 0
-5 -24 0
-5 -25 0
-5 -26 0
-5 -27 0
-5 -28 0
-5 -29 0
-5 -30 0
-5 -31 0
-5 -32 0
-5 -33 0
-5 -34 0
-5 -35 0
-5 -36 0
-5 -37 0
-5 -38 0
-6 -7 0
-6 -8 0
-6 -9 0
-6 -10 0
-6 -11 0
-6 -12 0
-6 -13 0
-6 -14 0
-6 -15 0
-6 -16 0
-6 -17 0
-6 -18 0
-6 -19 0
-6 -20 0
-6 -21 0
-6 -22 0
-6 -23 0
-6 -24 0
-6 -25 0
-6 -26 0
-6 -27 0
-6 -28 0
-6 -29 0
-6 -30 0
-6 -31 0
-6 -32 0
-6 -33 0
-6 -34 0
-6 -35 0
-6 -36 0
-6 -37 0
-6 -38 0
-7 -8 0
-7 -9 0
-7 -10 0
-7 -11 0
-7 -12 0
-7 -13 0
-7 -14 0
-7 -15 0
-7 -16 0
-7 -17 0
-7 -18 0
-7 -19 0
-7 -20 0
-7 -21 0
-7 -22 0
-7 -23 0
-7 -24 0
-7 -25 0
-7 -26 0
-7 -27 0
-7 -28 0
-7 -29 0
-7 -30 0
-7 -31 0
-7 -32 0
-7 -33 0
-7 -34 0
-7 -35 0
-7 -36 0
-7 -37 0
-7 -38 0
-8 -9 0
-8 -10 0
-8 -11 0
-8 -12 0
-8 -13 0
-8 -14 0
-8 -15 0
-8 -16 0
-8 -17 0
-8 -18 0
-8 -19 0
-8 -20 0
-8 -21 0
-8 -22 0
-8 -23 0
-8 -24 0
-8 -25 0
-8 -26 0
-8 -27 0
-8 -28 0
-8 -29 0
-8 -30 0
-8 -31 0
-8 -32 0
-8 -33 0
-8 -34 0
-8 -35 0
-8 -36 0
-8 -37 0
-8 -38 0
-9 -10 0
-9 -11 0
-9 -12 0
-9 -13 0
-9 -14 0
-9 -15 0
-9 -16 0
-9 -17 0
-9 -18 0
-9 -19 0
-9 -20 0
-9 -21 0
-9 -22 0
-9 -23 0
-9 -24 0
-9 -25 0
-9 -26 0
-9 -27 0
-9 -28 0
-9 -29 0
-9 -30 0
-9 -31 0
-9 -32 0
-9 -33 0
-9 -34 0
-9 -35 0
-9 -36 0
-9 -37 0
-9 -38 0
-10 -11 0
-10 -12 0
-10 -13 0
-10 -14 0
-10 -15 0
-10 -16 0
-10 -17 0
-10 -18 0
-10 -19 0
-10 -20 0
-10 -21 0
-10 -22 0
-10 -23 0
-10 -24 0
-10 -25 0
-10 -26 0
-10 -27 0
-10 -28 0
-10 -29 0
-10 -30 0
-10 -31 0
-10 -32 0
-10 -33 0
-10 -34 0
-10 -35 0
-10 -36 0
-10 -37 0
-10 -38 0
-11 -12 0
-11 -13 0
-11 -14 0
-11 -15 0
-11 -16 0
-11 -17 0
-11 -18 0
-11 -19 0
-11 -20 0
-11 -21 0
-11 -22 0
-11 -23 0
-11 -24 0
-11 -25 0
-11 -26 0
-11 -27 0
-11 -28 0
-11 -29 0
-11 -30 0
-11 -31 0
-11 -32 0
-11 -33 0
-11 -34 0
-11 -35 0
-11 -36 0
-11 -37 0
-11 -38 0
-12 -13 0
-12 -14 0
-12 -15 0
-12 -16 0
-12 -17 0
-12 -18 0
-12 -19 0
-12 -20 0
-12 -21 0
-12 -22 0
-12 -23 0
-12 -24 0
-12 -25 0
-12 -26 0
-12 -27 0
-12 -28 0
-12 -29 0
-12 -30 0
-12 -31 0
-12 -32 0
-12 -33 0
-12 -34 0
-12 -35 0
-12 -36 0
-12 -37 0
-12 -38 0
-13 -14 0
-13 -15 0
-13 -16 0
-13 -17 0
-13 -18 0
-13 -19 0
-13 -20 0
-13 -21 0
-13 -22 0
-13 -23 0
-13 -24 0
-13 -25 0
-13 -26 0
-13 -27 0
-13 -28 0
-13 -29 0
-13 -30 0
-13 -31 0
-13 -32 0
-13 -33 0
-13 -34 0
-13 -35 0
-13 -36 0
-13 -37 0
-13 -38 0
-14 -15 0
-14 -16 0
-14 -17 0
-14 -18 0
-14 -19 0
-14 -20 0
-14 -21 0
-14 -22 0
-14 -23 0
-14 -24 0
-14 -25 0
-14 -26 0
-14 -27 0
-14 -28 0
-14 -29 0
-14 -30 0
-14 -31 0
-14 -32 0
-14 -33 0
-14 -34 0
-14 -35 0
-14 -36 0
-14 -37 0
-14 -38 0
-15 -16 0
-15 -17 0
-15 -18 0
-15 -19 0
-15 -20 0
-15 -21 0
-15 -22 0
-15 -23 0
-15 -24 0
-15 -25 0
-15 -26 0
-15 -27 0
-15 -28 0
-15 -29 0
-15 -30 0
-15 -31 0
-15 -32 0
-15 -33 0
-15 -34 0
-15 -35 0
-15 -36 0
-15 -37 0
-15 -38 0
-16 -17 0
-16 -18 0
-16 -19 0
-16 -20 0
-16 -21 0
-16 -22 0
-16 -23 0
-16 -24 0
-16 -25 0
-16 -26 0
-16 -27 0
-16 -28 0
-16 -29 0
-16 -30 0
-16 -31 0
-16 -32 0
-16 -33 0
-16 -34 0
-16 -35 0
-16 -36 0
-16 -37 0
-16 -38 0
-17 -18 0
-17 -19 0
-17 -20 0
-17 -21 0
-17 -22 0
-17 -23 0
-17 -24 0
-17 -25 0
-17 -26 0
-17 -27 0
-17 -28 0
-17 -29 0
-17 -30 0
-17 -31 0
-17 -32 0
-17 -33 0
-17 -34 0
-17 -35 0
-17 -36 0
-17 -37 0
-17 -38 0
-18 -19 0
-18 -20 0
-18 -21 0
-18 -22 0
-18 -23 0
-18 -24 0
-18 -25 0
-18 -26 0
-18 -27 0
-18 -28 0
-18 -29 0
-18 -30 0
-18 -31 0
-18 -32 0
-18 -33 0
-18 -34 0
-18 -35 0
-18 -36 0
-18 -37 0
-18 -38 0
-19 -20 0
-19 -21 0
-19 -22 0
-19 -23 0
-19 -24 0
-19 -25 0
-19 -26 0
-19 -27 0
-19 -28 0
-19 -29 0
-19 -30 0
-19 -31 0
-19 -32 0
-19 -33 0
-19 -34 0
-19 -35 0
-19 -36 0
-19 -37 0
-19 -38 0
-20 -21 0
-20 -22 0
-20 -23 0
-20 -24 0
-20 -25 0
-20 -26 0
-20 -27 0
-20 -28 0
-20 -29 0
-20 -30 0
-20 -31 0
-20 -32 0
-20 -33 0
-20 -34 0
-20 -35 0
-20 -36 0
-20 -37 0
-20 -38 0
-21 -22 0
-21 -23 0
-21 -24 0
-21 -25 0
-21 -26 0
-21 -27 0
-21 -28 0
-21 -29 0
-21 -30 0
-21 -31 0
-21 -32 0
-21 -33 0
-21 -34 0
-21 -35 0
-21 -36 0
-21 -37 0
-21 -38 0
-22 -23 0
-22 -24 0
-22 -25 0
-22 -26 0
-22 -27 0
-22 -28 0
-22 -29 0
-22 -30 0
-22 -31 0
-22 -32 0
-22 -33 0
-22 -34 0
-22 -35 0
-22 -36 0
-22 -37 0
-22 -38 0
-23 -24 0
-23 -25 0
-23 -26 0
-23 -27 0
-23 -28 0
-23 -29 0
-23 -30 0
-23 -31 0
-23 -32 0
-23 -33 0
-23 -34 0
-23 -35 0
-23 -36 0
-23 -37 0
-23 -38 0
-24 -25 0
-24 -26 0
-24 -27 0
-24 -28 0
-24 -29 0
-24 -30 0
-24 -31 0
-24 -32 0
-24 -33 0
-24 -34 0
-24 -35 0
-24 -36 0
-24 -37 0
-24 -38 0
-25 -26 0
-25 -27 0
-25 -28 0
-25 -29 0
-25 -30 0
-25 -31 0
-25 -32 0
-25 -33 0
-25 -34 0
-25 -35 0
-25 -36 0
-25 -37 0
-25 -38 0
-26 -27 0
-26 -28 0
-26 -29 0
-26 -30 0
-26 -31 0
-26 -32 0
-26 -33 0
-26 -34 0
-26 -35 0
-26 -36 0
-26 -37 0
-26 -38 0
-27 -28 0
-27 -29 0
-27 -30 0
-27 -31 0
-27 -32 0
-27 -33 0
-27 -34 0
-27 -35 0
-27 -36 0
-27 -37 0
-27 -38 0
-28 -29 0
-28 -30 0
-28 -31 0
-28 -32 0
-28 -33 0
-28 -34 0
-28 -35 0
-28 -36 0
-28 -37 0
-28 -38 0
-29 -30 0
-29 -31 0
-29 -32 0
-29 -33 0
-29 -34 0
-29 -35 0
-29 -36 0
-29 -37 0
-29 -38 0
-30 -31 0
-30 -32 0
-30 -33 0
-30 -34 0
-30 -35 0
-30 -36 0
-30 -37 0
-30 -38 0
-31 -32 0
-31 -33 0
-31 -34 0
-31 -35 0
-31 -36 0
-31 -37 0
-31 -38 0
-32 -33 0
-32 -34 0
-32 -35 0
-32 -36 0
-32 -37 0
-32 -38 0
-33 -34 0
-33 -35 0
-33 -36 0
-33 -37 0
-33 -38 0
-34 -35 0
-34 -36 0
-34 -37 0
-34 -38 0
-35 -36 0
-35 -37 0
-35 -38 0
-36 -37 0
-36 -38 0
-37 -38 0
-39 -40 0
-39 -41 0
-39 -42 0
-39 -43 0
-39 -44 0
-39 -45 0
-39 -46 0
-39 -47 0
-39 -48 0
-39 -49 0
-39 -50 0
-39 -51 0
-39 -52 0
-39 -53 0
-39 -54 0
-39 -55 0
-39 -56 0
-39 -57 0
-39 -58 0
-39 -59 0
-39 -60 0
-39 -61 0
-39 -62 0
-39 -63 0
-39 -64 0
-39 -65 0
-39 -66 0
-39 -67 0
-39 -68 0
-39 -69 0
-39 -70 0
-39 -71 0
-39 -72 0
-39 -73 0
-39 -74 0
-39 -75 0
-39 -76 0
-40 -41 0
-40 -42 0
-40 -43 0
-40 -44 0
-40 -45 0
-40 -46 0
-40 -47 0
-40 -48 0
-40 -49 0
-40 -50 0
-40 -51 0
-40 -52 0
-40 -53 0
-40 -54 0
-40 -55 0
-40 -56 0
-40 -57 0
-40 -58 0
-40 -59 0
-40 -60 0
-40 -61 0
-40 -62 0
-40 -63 0
-40 -64 0
-40 -65 0
-40 -66 0
-40 -67 0
-40 -68 0
-40 -69 0
-40 -70 0
-40 -71 0
-40 -72 0
-40 -73 0
-40 -74 0
-40 -75 0
-40 -76 0
-41 -42 0
-41 -43 0
-41 -44 0
-41 -45 0
-41 -46 0
-41 -47 0
-41 -48 0
-41 -49 0
-41 -50 0
-41 -51 0
-41 -52 0
-41 -53 0
-41 -54 0
-41 -55 0
-41 -56 0
-41 -57 0
-41 -58 0
-41 -59 0
-41 -60 0
-41 -61 0
-41 -62 0
-41 -63 0
-41 -64 0
-41 -65 0
-41 -66 0
-41 -67 0
-41 -68 0
-41 -69 0
-41 -70 0
-41 -71 0
-41 -72 0
-41 -73 0
-41 -74 0
-41 -75 0
-41 -76 0
-42 -43 0
-42 -44 0
-42 -45 0
-42 -46 0
-42 -47 0
-42 -48 0
-42 -49 0
-42 -50 0
-42 -51 0
-42 -52 0
-42 -53 0
-42 -54 0
-42 -55 0
-42 -56 0
-42 -57 0
-42 -58 0
-42 -59 0
-42 -60 0
-42 -61 0
-42 -62 0
-42 -63 0
-42 -64 0
-42 -65 0
-42 -66 0
-42 -67 0
-42 -68 0
-42 -69 0
-42 -70 0
-42 -71 0
-42 -72 0
-42 -73 0
-42 -74 0
-42 -75 0
-42 -76 0
-43 -44 0
-43 -45 0
-43 -46 0
-43 -47 0
-43 -48 0
-43 -49 0
-43 -50 0
-43 -51 0
-43 -52 0
-43 -53 0
-43 -54 0
-43 -55 0
-43 -56 0
-43 -57 0
-43 -58 0
-43 -59 0
-43 -60 0
-43 -61 0
-43 -62 0
-43 -63 0
-43 -64 0
-43 -65 0
-43 -66 0
-43 -67 0
-43 -68 0
-43 -69 0
-43 -70 0
-43 -71 0
-43 -72 0
-43 -73 0
-43 -74 0
-43 -75 0
-43 -76 0
-44 -45 0
-44 -46 0
-44 -47 0
-44 -48 0
-44 -49 0
-44 -50 0
-44 -51 0
-44 -52 0
-44 -53 0
-44 -54 0
-44 -55 0
-44 -56 0
-44 -57 0
-44 -58 0
-44 -59 0
-44 -60 0
-44 -61 0
-44 -62 0
-44 -63 0
-44 -64 0
-44 -65 0
-44 -66 0
-44 -67 0
-44 -68 0
-44 -69 0
-44 -70 0
-44 -71 0
-44 -72 0
-44 -73 0
-44 -74 0
-44 -75 0
-44 -76 0
-45 -46 0
-45 -47 0
-45 -48 0
-45 -49 0
-45 -50 0
-45 -51 0
-45 -52 0
-45 -53 0
-45 -54 0
-45 -55 0
-45 -56 0
-45 -57 0
-45 -58 0
-45 -59 0
-45 -60 0
-45 -61 0
-45 -62 0
-45 -63 0
-45 -64 0
-45 -65 0
-45 -66 0
-45 -67 0
-45 -68 0
-45 -69 0
-45 -70 0
-45 -71 0
-45 -72 0
-45 -73 0
-45 -74 0
-45 -75 0
-45 -76 0
-46 -47 0
-46 -48 0
-46 -49 0
-46 -50 0
-46 -51 0
-46 -52 0
-46 -53 0
-46 -54 0
-46 -55 0
-46 -56 0
-46 -57 0
-46 -58 0
-46 -59 0
-46 -60 0
-46 -61 0
-46 -62 0
-46 -63 0
-46 -64 0
-46 -65 0
-46 -66 0
-46 -67 0
-46 -68 0
-46 -69 0
-46 -70 0
-46 -71 0
-46 -72 0
-46 -73 0
-46 -74 0
-46 -75 0
-46 -76 0
-47 -48 0
-47 -49 0
-47 -50 0
-47 -51 0
-47 -52 0
-47 -53 0
-47 -54 0
-47 -55 0
-47 -56 0
-47 -57 0
-47 -58 0
-47 -59 0
-47 -60 0
-47 -61 0
-47 -62 0
-47 -63 0
-47 -64 0
-47 -65 0
-47 -66 0
-47 -67 0
-47 -68 0
-47 -69 0
-47 -70 0
-47 -71 0
-47 -72 0
-47 -73 0
-47 -74 0
-47 -75 0
-47 -76 0
-48 -49 0
-48 -50 0
-48 -51 0
-48 -52 0
-48 -53 0
-48 -54 0
-48 -55 0
-48 -56 0
-48 -57 0
-48 -58 0
-48 -59 0
-48 -60 0
-48 -61 0
-48 -62 0
-48 -63 0
-48 -64 0
-48 -65 0
-48 -66 0
-48 -67 0
-48 -68 0
-48 -69 0
-48 -70 0
-48 -71 0
-48 -72 0
-48 -73 0
-48 -74 0
-48 -75 0
-48 -76 0
-49 -50 0
-49 -51 0
-49 -52 0
-49 -53 0
-49 -54 0
-49 -55 0
-49 -56 0
-49 -57 0
-49 -58 0
-49 -59 0
-49 -60 0
-49 -61 0
-49 -62 0
-49 -63 0
-49 -64 0
-49 -65 0
-49 -66 0
-49 -67 0
-49 -68 0
-49 -69 0
-49 -70 0
-49 -71 0
-49 -72 0
-49 -73 0
-49 -74 0
-49 -75 0
-49 -76 0
-50 -51 0
-50 -52 0
-50 -53 0
-50 -54 0
-50 -55 0
-50 -56 0
-50 -57 0
-50 -58 0
-50 -59 0
-50 -60 0
-50 -61 0
-50 -62 0
-50 -63 0
-50 -64 0
-50 -65 0
-50 -66 0
-50 -67 0
-50 -68 0
-50 -69 0
-50 -70 0
-50 -71 0
-50 -72 0
-50 -73 0
-50 -74 0
-50 -75 0
-50 -76 0
-51 -52 0
-51 -53 0
-51 -54 0
-51 -55 0
-51 -56 0
-51 -57 0
-51 -58 0
-51 -59 0
-51 -60 0
-51 -61 0
-51 -62 0
-51 -63 0
-51 -64 0
-51 -65 0
-51 -66 0
-51 -67 0
-51 -68 0
-51 -69 0
-51 -70 0
-51 -71 0
-51 -72 0
-51 -73 0
-51 -74 0
-51 -75 0
-51 -76 0
-52 -53 0
-52 -54 0
-52 -55 0
-52 -56 0
-52 -57 0
-52 -58 0
-52 -59 0
-52 -60 0
-52 -61 0
-52 -62 0
-52 -63 0
-52 -64 0
-52 -65 0
-52 -66 0
-52 -67 0
-52 -68 0
-52 -69 0
-52 -70 0
-52 -71 0
-52 -72 0
-52 -73 0
-52 -74 0
-52 -75 0
-52 -76 0
-53 -54 0
-53 -55 0
-53 -56 0
-53 -57 0
-53 -58 0
-53 -59 0
-53 -60 0
-53 -61 0
-53 -62 0
-53 -63 0
-53 -64 0
-53 -65 0
-53 -66 0
-53 -67 0
-53 -68 0
-53 -69 0
-53 -70 0
-53 -71 0
-53 -72 0
-53 -73 0
-53 -74 0
-53 -75 0
-53 -76 0
-54 -55 0
-54 -56 0
-54 -57 0
-54 -58 0
-54 -59 0
-54 -60 0
-54 -61 0
-54 -62 0
-54 -63 0
-54 -64 0
-54 -65 0
-54 -66 0
-54 -67 0
-54 -68 0
-54 -69 0
-54 -70 0
-54 -71 0
-54 -72 0
-54 -73 0
-54 -74 0
-54 -75 0
-54 -76 0
-55 -56 0
-55 -57 0
-55 -58 0
-55 -59 0
-55 -60 0
-55 -61 0
-55 -62 0
-55 -63 0
-55 -64 0
-55 -65 0
-55 -66 0
-55 -67 0
-55 -68 0
-55 -69 0
-55 -70 0
-55 -71 0
-55 -72 0
-55 -73 0
-55 -74 0
-55 -75 0
-55 -76 0
-56 -57 0
-56 -58 0
-56 -59 0
-56 -60 0
-56 -61 0
-56 -62 0
-56 -63 0
-56 -64 0
-56 -65 0
-56 -66 0
-56 -67 0
-56 -68 0
-56 -69 0
-56 -70 0
-56 -71 0
-56 -72 0
-56 -73 0
-56 -74 0
-56 -75 0
-56 -76 0
-57 -58 0
-57 -59 0
-57 -60 0
-57 -61 0
-57 -62 0
-57 -63 0
-57 -64 0
-57 -65 0
-57 -66 0
-57 -67 0
-57 -68 0
-57 -69 0
-57 -70 0
-57 -71 0
-57 -72 0
-57 -73 0
-57 -74 0
-57 -75 0
-57 -76 0
-58 -59 0
-58 -60 0
-58 -61 0
-58 -62 0
-58 -63 0
-58 -64 0
-58 -65 0
-58 -66 0
-58 -67 0
-58 -68 0
-58 -69 0
-58 -70 0
-58 -71 0
-58 -72 0
-58 -73 0
-58 -74 0
-58 -75 0
-58 -76 0
-59 -60 0
-59 -61 0
-59 -62 0
-59 -63 0
-59 -64 0
-59 -65 0
-59 -66 0
-59 -67 0
-59 -68 0
-59 -69 0
-59 -70 0
-59 -71 0
-59 -72 0
-59 -73 0
-59 -74 0
-59 -75 0
-59 -76 0
-60 -61 0
-60 -62 0
-60 -63 0
-60 -64 0
-60 -65 0
-60 -66 0
-60 -67 0
-60 -68 0
-60 -69 0
-60 -70 0
-60 -71 0
-60 -72 0
-60 -73 0
-60 -74 0
-60 -75 0
-60 -76 0
-61 -62 0
-61 -63 0
-61 -64 0
-61 -65 0
-61 -66 0
-61 -67 0
-61 -68 0
-61 -69 0
-61 -70 0
-61 -71 0
-61 -72 0
-61 -73 0
-61 -74 0
-61 -75 0
-61 -76 0
-62 -63 0
-62 -64 0
-62 -65 0
-62 -66 0
-62 -67 0
-62 -68 0
-62 -69 0
-62 -70 0
-62 -71 0
-62 -72 0
-62 -73 0
-62 -74 0
-62 -75 0
-62 -76 0
-63 -64 0
-63 -65 0
-63 -66 0
-63 -67 0
-63 -68 0
-63 -69 0
-63 -70 0
-63 -71 0
-63 -72 0
-63 -73 0
-63 -74 0
-63 -75 0
-63 -76 0
-64 -65 0
-64 -66 0
-64 -67 0
-64 -68 0
-64 -69 0
-64 -70 0
-64 -71 0
-64 -72 0
-64 -73 0
-64 -74 0
-64 -75 0
-64 -76 0
-65 -66 0
-65 -67 0
-65 -68 0
-65 -69 0
-65 -70 0
-65 -71 0
-65 -72 0
-65 -73 0
-65 -74 0
-65 -75 0
-65 -76 0
-66 -67 0
-66 -68 0
-66 -69 0
-66 -70 0
-66 -71 0
-66 -72 0
-66 -73 0
-66 -74 0
-66 -75 0
-66 -76 0
-67 -68 0
-67 -69 0
-67 -70 0
-67 -71 0
-67 -72 0
-67 -73 0
-67 -74 0
-67 -75 0
-67 -76 0
-68 -69 0
-68 -70 0
-68 -71 0
-68 -72 0
-68 -73 0
-68 -74 0
-68 -75 0
-68 -76 0
-69 -70 0
-69 -71 0
-69 -72 0
-69 -73 0
-69 -74 0
-69 -75 0
-69 -76 0
-70 -71 0
-70 -72 0
-70 -73 0
-70 -74 0
-70 -75 0
-70 -76 0
-71 -72 0
-71 -73 0
-71 -74 0
-71 -75 0
-71 -76 0
-72 -73 0
-72 -74 0
-72 -75 0
-72 -76 0
-73 -74 0
-73 -75 0
-73 -76 0
-74 -75 0
-74 -76 0
-75 -76 0
-77 -78 0
-77 -79 0
-77 -80 0
-77 -81 0
-77 -82 0
-77 -83 0
-77 -84 0
-77 -85 0
-77 -86 0
-77 -87 0
-77 -88 0
-77 -89 0
-77 -90 0
-77 -91 0
-77 -92 0
-77 -93 0
-77 -94 0
-77 -95 0
-77 -96 0
-77 -97 0
-77 -98 0
-77 -99 0
-77 -100 0
-77 -101 0
-77 -102 0
-77 -103 0
-77 -104 0
-77 -105 0
-77 -106 0
-77 -107 0
-77 -108 0
-77 -109 0
-77 -110 0
-77 -111 0
-77 -112 0
-77 -113 0
-77 -114 0
-78 -79 0
-78 -80 0
-78 -81 0
-78 -82 0
-78 -83 0
-78 -84 0
-78 -85 0
-78 -86 0
-78 -87 0
-78 -88 0
-78 -89 0
-78 -90 0
-78 -91 0
-78 -92 0
-78 -93 0
-78 -94 0
-78 -95 0
-78 -96 0
-78 -97 0
-78 -98 0
-78 -99 0
-78 -100 0
-78 -101 0
-78 -102 0
-78 -103 0
-78 -104 0
-78 -105 0
-78 -106 0
-78 -107 0
-78 -108 0
-78 -109 0
-78 -110 0
-78 -111 0
-78 -112 0
-78 -113 0
-78 -114 0
-79 -80 0
-79 -81 0
-79 -82 0
-79 -83 0
-79 -84 0
-79 -85 0
-79 -86 0
-79 -87 0
-79 -88 0
-79 -89 0
-79 -90 0
-79 -91 0
-79 -92 0
-79 -93 0
-79 -94 0
-79 -95 0
-79 -96 0
-79 -97 0
-79 -98 0
-79 -99 0
-79 -100 0
-79 -101 0
-79 -102 0
-79 -103 0
-79 -104 0
-79 -105 0
-79 -106 0
-79 -107 0
-79 -108 0
-79 -109 0
-79 -110 0
-79 -111 0
-79 -112 0
-79 -113 0
-79 -114 0
-80 -81 0
-80 -82 0
-80 -83 0
-80 -84 0
-80 -85 0
-80 -86 0
-80 -87 0
-80 -88 0
-80 -89 0
-80 -90 0
-80 -91 0
-80 -92 0
-80 -93 0
-80 -94 0
-80 -95 0
-80 -96 0
-80 -97 0
-80 -98 0
-80 -99 0
-80 -100 0
-80 -101 0
-80 -102 0
-80 -103 0
-80 -104 0
-80 -105 0
-80 -106 0
-80 -107 0
-80 -108 0
-80 -109 0
-80 -110 0
-80 -111 0
-80 -112 0
-80 -113 0
-80 -114 0
-81 -82 0
-81 -83 0
-81 -84 0
-81 -85 0
-81 -86 0
-81 -87 0
-81 -88 0
-81 -89 0
-81 -90 0
-81 -91 0
-81 -92 0
-81 -93 0
-81 -94 0
-81 -95 0
-81 -96 0
-81 -97 0
-81 -98 0
-81 -99 0
-81 -100 0
-81 -101 0
-81 -102 0
-81 -103 0
-81 -104 0
-81 -105 0
-81 -106 0
-81 -107 0
-81 -108 0
-81 -109 0
-81 -110 0
-81 -111 0
-81 -112 0
-81 -113 0
-81 -114 0
-82 -83 0
-82 -84 0
-82 -85 0
-82 -86 0
-82 -87 0
-82 -88 0
-82 -89 0
-82 -90 0
-82 -91 0
-82 -92 0
-82 -93 0
-82 -94 0
-82 -95 0
-82 -96 0
-82 -97 0
-82 -98 0
-82 -99 0
-82 -100 0
-82 -101 0
-82 -102 0
-82 -103 0
-82 -104 0
-82 -105 0
-82 -106 0
-82 -107 0
-82 -108 0
-82 -109 0
-82 -110 0
-82 -111 0
-82 -112 0
-82 -113 0
-82 -114 0
-83 -84 0
-83 -85 0
-83 -86 0
-83 -87 0
-83 -88 0
-83 -89 0
-83 -90 0
-83 -91 0
-83 -92 0
-83 -93 0
-83 -94 0
-83 -95 0
-83 -96 0
-83 -97 0
-83 -98 0
-83 -99 0
-83 -100 0
-83 -101 0
-83 -102 0
-83 -103 0
-83 -104 0
-83 -105 0
-83 -106 0
-83 -107 0
-83 -108 0
-83 -109 0
-83 -110 0
-83 -111 0
-83 -112 0
-83 -113 0
-83 -114 0
-84 -85 0
-84 -86 0
-84 -87 0
-84 -88 0
-84 -89 0
-84 -90 0
-84 -91 0
-84 -92 0
-84 -93 0
-84 -94 0
-84 -95 0
-84 -96 0
-84 -97 0
-84 -98 0
-84 -99 0
-84 -100 0
-84 -101 0
-84 -102 0
-84 -103 0
-84 -104 0
-84 -105 0
-84 -106 0
-84 -107 0
-84 -108 0
-84 -109 0
-84 -110 0
-84 -111 0
-84 -112 0
-84 -113 0
-84 -114 0
-85 -86 0
-85 -87 0
-85 -88 0
-85 -89 0
-85 -90 0
-85 -91 0
-85 -92 0
-85 -93 0
-85 -94 0
-85 -95 0
-85 -96 0
-85 -97 0
-85 -98 0
-85 -99 0
-85 -100 0
-85 -101 0
-85 -102 0
-85 -103 0
-85 -104 0
-85 -105 0
-85 -106 0
-85 -107 0
-85 -108 0
-85 -109 0
-85 -110 0
-85 -111 0
-85 -112 0
-85 -113 0
-85 -114 0
-86 -87 0
-86 -88 0
-86 -89 0
-86 -90 0
-86 -91 0
-86 -92 0
-86 -93 0
-86 -94 0
-86 -95 0
-86 -96 0
-86 -97 0
-86 -98 0
-86 -99 0
-86 -100 0
-86 -101 0
-86 -102 0
-86 -103 0
-86 -104 0
-86 -105 0
-86 -106 0
-86 -107 0
-86 -108 0
-86 -109 0
-86 -110 0
-86 -111 0
-86 -112 0
-86 -113 0
-86 -114 0
-87 -88 0
-87 -89 0
-87 -90 0
-87 -91 0
-87 -92 0
-87 -93 0
-87 -94 0
-87 -95 0
-87 -96 0
-87 -97 0
-87 -98 0
-87 -99 0
-87 -100 0
-87 -101 0
-87 -102 0
-87 -103 0
-87 -104 0
-87 -105 0
-87 -106 0
-87 -107 0
-87 -108 0
-87 -109 0
-87 -110 0
-87 -111 0
-87 -112 0
-87 -113 0
-87 -114 0
-88 -89 0
-88 -90 0
-88 -91 0
-88 -92 0
-88 -93 0
-88 -94 0
-88 -95 0
-88 -96 0
-88 -97 0
-88 -98 0
-88 -99 0
-88 -100 0
-88 -101 0
-88 -102 0
-88 -103 0
-88 -104 0
-88 -105 0
-88 -106 0
-88 -107 0
-88 -108 0
-88 -109 0
-88 -110 0
-88 -111 0
-88 -112 0
-88 -113 0
-88 -114 0
-89 -90 0
-89 -91 0
-89 -92 0
-89 -93 0
-89 -94 0
-89 -95 0
-89 -96 0
-89 -97 0
-89 -98 0
-89 -99 0
-89 -100 0
-89 -101 0
-89 -102 0
-89 -103 0
-89 -104 0
-89 -105 0
-89 -106 0
-89 -107 0
-89 -108 0
-89 -109 0
-89 -110 0
-89 -111 0
-89 -112 0
-89 -113 0
-89 -114 0
-90 -91 0
-90 -92 0
-90 -93 0
-90 -94 0
-90 -95 0
-90 -96 0
-90 -97 0
-90 -98 0
-90 -99 0
-90 -100 0
-90 -101 0
-90 -102 0
-90 -103 0
-90 -104 0
-90 -105 0
-90 -106 0
-90 -107 0
-90 -108 0
-90 -109 0
-90 -110 0
-90 -111 0
-90 -112 0
-90 -113 0
-90 -114 0
-91 -92 0
-91 -93 0
-91 -94 0
-91 -95 0
-91 -96 0
-91 -97 0
-91 -98 0
-91 -99 0
-91 -100 0
-91 -101 0
-91 -102 0
-91 -103 0
-91 -104 0
-91 -105 0
-91 -106 0
-91 -107 0
-91 -108 0
-91 -109 0
-91 -110 0
-91 -111 0
-91 -112 0
-91 -113 0
-91 -114 0
-92 -93 0
-92 -94 0
-92 -95 0
-92 -96 0
-92 -97 0
-92 -98 0
-92 -99 0
-92 -100 0
-92 -101 0
-92 -102 0
-92 -103 0
-92 -104 0
-92 -105 0
-92 -106 0
-92 -107 0
-92 -108 0
-92 -109 0
-92 -110 0
-92 -111 0
-92 -112 0
-92 -113 0
-92 -114 0
-93 -94 0
-93 -95 0
-93 -96 0
-93 -97 0
-93 -98 0
-93 -99 0
-93 -100 0
-93 -101 0
-93 -102 0
-93 -103 0
-93 -104 0
-93 -105 0
-93 -106 0
-93 -107 0
-93 -108 0
-93 -109 0
-93 -110 0
-93 -111 0
-93 -112 0
-93 -113 0
-93 -114 0
-94 -95 0
-94 -96 0
-94 -97 0
-94 -98 0
-94 -99 0
-94 -100 0
-94 -101 0
-94 -102 0
-94 -103 0
-94 -104 0
-94 -105 0
-94 -106 0
-94 -107 0
-94 -108 0
-94 -109 0
-94 -110 0
-94 -111 0
-94 -112 0
-94 -113 0
-94 -114 0
-95 -96 0
-95 -97 0
-95 -98 0
-95 -99 0
-95 -100 0
-95 -101 0
-95 -102 0
-95 -103 0
-95 -104 0
-95 -105 0
-95 -106 0
-95 -107 0
-95 -108 0
-95 -109 0
-95 -110 0
-95 -111 0
-95 -112 0
-95 -113 0
-95 -114 0
-96 -97 0
-96 -98 0
-96 -99 0
-96 -100 0
-96 -101 0
-96 -102 0
-96 -103 0
-96 -104 0
-96 -105 0
-96 -106 0
-96 -107 0
-96 -108 0
-96 -109 0
-96 -110 0
-96 -111 0
-96 -112 0
-96 -113 0
-96 -114 0
-97 -98 0
-97 -99 0
-97 -100 0
-97 -101 0
-97 -102 0
-97 -103 0
-97 -104 0
-97 -105 0
-97 -106 0
-97 -107 0
-97 -108 0
-97 -109 0
-97 -110 0
-97 -111 0
-97 -112 0
-97 -113 0
-97 -114 0
-98 -99 0
-98 -100 0
-98 -101 0
-98 -102 0
-98 -103 0
-98 -104 0
-98 -105 0
-98 -106 0
-98 -107 0
-98 -108 0
-98 -109 0
-98 -110 0
-98 -111 0
-98 -112 0
-98 -113 0
-98 -114 0
-99 -100 0
-99 -101 0
-99 -102 0
-99 -103 0
-99 -104 0
-99 -105 0
-99 -106 0
-99 -107 0
-99 -108 0
-99 -109 0
-99 -110 0
-99 -111 0
-99 -112 0
-99 -113 0
-99 -114 0
-100 -101 0
-100 -102 0
-100 -103 0
-100 -104 0
-100 -105 0
-100 -106 0
-100 -107 0
-100 -108 0
-100 -109 0
-100 -110 0
-100 -111 0
-100 -112 0
-100 -113 0
-100 -114 0
-101 -102 0
-101 -103 0
-101 -104 0
-101 -105 0
-101 -106 0
-101 -107 0
-101 -108 0
-101 -109 0
-101 -110 0
-101 -111 0
-101 -112 0
-101 -113 0
-101 -114 0
-102 -103 0
-102 -104 0
-102 -105 0
-102 -106 0
-102 -107 0
-102 -108 0
-102 -109 0
-102 -110 0
-102 -111 0
-102 -112 0
-102 -113 0
-102 -114 0
-103 -104 0
-103 -105 0
-103 -106 0
-103 -107 0
-103 -108 0
-103 -109 0
-103 -110 0
-103 -111 0
-103 -112 0
-103 -113 0
-103 -114 0
-104 -105 0
-104 -106 0
-104 -107 0
-104 -108 0
-104 -109 0
-104 -110 0
-104 -111 0
-104 -112 0
-104 -113 0
-104 -114 0
-105 -106 0
-105 -107 0
-105 -108 0
-105 -109 0
-105 -110 0
-105 -111 0
-105 -112 0
-105 -113 0
-105 -114 0
-106 -107 0
-106 -108 0
-106 -109 0
-106 -110 0
-106 -111 0
-106 -112 0
-106 -113 0
-106 -114 0
-107 -108 0
-107 -109 0
-107 -110 0
-107 -111 0
-107 -112 0
-107 -113 0
-107 -114 0
-108 -109 0
-108 -110 0
-108 -111 0
-108 -112 0
-108 -113 0
-108 -114 0
-109 -110 0
-109 -111 0
-109 -112 0
-109 -113 0
-109 -114 0
-110 -111 0
-110 -112 0
-110 -113 0
-110 -114 0
-111 -112 0
-111 -113 0
-111 -114 0
-112 -113 0
-112 -114 0
-113 -114 0
-115 -116 0
-115 -117 0
-115 -118 0
-115 -119 0
-115 -120 0
-115 -121 0
-115 -122 0
-115 -123 0
-115 -124 0
-115 -125 0
-115 -126 0
-115 -127 0
-115 -128 0
-115 -129 0
-115 -130 0
-115 -131 0
-115 -132 0
-115 -133 0
-115 -134 0
-115 -135 0
-115 -136 0
-115 -137 0
-115 -138 0
-115 -139 0
-115 -140 0
-115 -141 0
-115 -142 0
-115 -143 0
-115 -144 0
-115 -145 0
-115 -146 0
-115 -147 0
-115 -148 0
-115 -149 0
-115 -150 0
-115 -151 0
-115 -152 0
-116 -117 0
-116 -118 0
-116 -119 0
-116 -120 0
-116 -121 0
-116 -122 0
-116 -123 0
-116 -124 0
-116 -125 0
-116 -126 0
-116 -127 0
-116 -128 0
-116 -129 0
-116 -130 0
-116 -131 0
-116 -132 0
-116 -133 0
-116 -134 0
-116 -135 0
-116 -136 0
-116 -137 0
-116 -138 0
-116 -139 0
-116 -140 0
-116 -141 0
-116 -142 0
-116 -143 0
-116 -144 0
-116 -145 0
-116 -146 0
-116 -147 0
-116 -148 0
-116 -149 0
-116 -150 0
-116 -151 0
-116 -152 0
-117 -118 0
-117 -119 0
-117 -120 0
-117 -121 0
-117 -122 0
-117 -123 0
-117 -124 0
-117 -125 0
-117 -126 0
-117 -127 0
-117 -128 0
-117 -129 0
-117 -130 0
-117 -131 0
-117 -132 0
-117 -133 0
-117 -134 0
-117 -135 0
-117 -136 0
-117 -137 0
-117 -138 0
-117 -139 0
-117 -140 0
-117 -141 0
-117 -142 0
-117 -143 0
-117 -144 0
-117 -145 0
-117 -146 0
-117 -147 0
-117 -148 0
-117 -149 0
-117 -150 0
-117 -151 0
-117 -152 0
-118 -119 0
-118 -120 0
-118 -121 0
-118 -122 0
-118 -123 0
-118 -124 0
-118 -125 0
-118 -126 0
-118 -127 0
-118 -128 0
-118 -129 0
-118 -130 0
-118 -131 0
-118 -132 0
-118 -133 0
-118 -134 0
-118 -135 0
-118 -136 0
-118 -137 0
-118 -138 0
-118 -139 0
-118 -140 0
-118 -141 0
-118 -142 0
-118 -143 0
-118 -144 0
-118 -145 0
-118 -146 0
-118 -147 0
-118 -148 0
-118 -149 0
-118 -150 0
-118 -151 0
-118 -152 0
-119 -120 0
-119 -121 0
-119 -122 0
-119 -123 0
-119 -124 0
-119 -125 0
-119 -126 0
-119 -127 0
-119 -128 0
-119 -129 0
-119 -130 0
-119 -131 0
-119 -132 0
-119 -133 0
-119 -134 0
-119 -135 0
-119 -136 0
-119 -137 0
-119 -138 0
-119 -139 0
-119 -140 0
-119 -141 0
-119 -142 0
-119 -143 0
-119 -144 0
-119 -145 0
-119 -146 0
-119 -147 0
-119 -148 0
-119 -149 0
-119 -150 0
-119 -151 0
-119 -152 0
-120 -121 0
-120 -122 0
-120 -123 0
-120 -124 0
-120 -125 0
-120 -126 0
-120 -127 0
-120 -128 0
-120 -129 0
-120 -130 0
-120 -131 0
-120 -132 0
-120 -133 0
-120 -134 0
-120 -135 0
-120 -136 0
-120 -137 0
-120 -138 0
-120 -139 0
-120 -140 0
-120 -141 0
-120 -142 0
-120 -143 0
-120 -144 0
-120 -145 0
-120 -146 0
-120 -147 0
-120 -148 0
-120 -149 0
-120 -150 0
-120 -151 0
-120 -152 0
-121 -122 0
-121 -123 0
-121 -124 0
-121 -125 0
-121 -126 0
-121 -127 0
-121 -128 0
-121 -129 0
-121 -130 0
-121 -131 0
-121 -132 0
-121 -133 0
-121 -134 0
-121 -135 0
-121 -136 0
-121 -137 0
-121 -138 0
-121 -139 0
-121 -140 0
-121 -141 0
-121 -142 0
-121 -143 0
-121 -144 0
-121 -145 0
-121 -146 0
-121 -147 0
-121 -148 0
-121 -149 0
-121 -150 0
-121 -151 0
-121 -152 0
-122 -123 0
-122 -124 0
-122 -125 0
-122 -126 0
-122 -127 0
-122 -128 0
-122 -129 0
-122 -130 0
-122 -131 0
-122 -132 0
-122 -133 0
-122 -134 0
-122 -135 0
-122 -136 0
-122 -137 0
-122 -138 0
-122 -139 0
-122 -140 0
-122 -141 0
-122 -142 0
-122 -143 0
-122 -144 0
-122 -145 0
-122 -146 0
-122 -147 0
-122 -148 0
-122 -149 0
-122 -150 0
-122 -151 0
-122 -152 0
-123 -124 0
-123 -125 0
-123 -126 0
-123 -127 0
-123 -128 0
-123 -129 0
-123 -130 0
-123 -131 0
-123 -132 0
-123 -133 0
-123 -134 0
-123 -135 0
-123 -136 0
-123 -137 0
-123 -138 0
-123 -139 0
-123 -140 0
-123 -141 0
-123 -142 0
-123 -143 0
-123 -144 0
-123 -145 0
-123 -146 0
-123 -147 0
-123 -148 0
-123 -149 0
-123 -150 0
-123 -151 0
-123 -152 0
-124 -125 0
-124 -126 0
-124 -127 0
-124 -128 0
-124 -129 0
-124 -130 0
-124 -131 0
-124 -132 0
-124 -133 0
-124 -134 0
-124 -135 0
-124 -136 0
-124 -137 0
-124 -138 0
-124 -139 0
-124 -140 0
-124 -141 0
-124 -142 0
-124 -143 0
-124 -144 0
-124 -145 0
-124 -146 0
-124 -147 0
-124 -148 0
-124 -149 0
-124 -150 0
-124 -151 0
-124 -152 0
-125 -126 0
-125 -127 0
-125 -128 0
-125 -129 0
-125 -130 0
-125 -131 0
-125 -132 0
-125 -133 0
-125 -134 0
-125 -135 0
-125 -136 0
-125 -137 0
-125 -138 0
-125 -139 0
-125 -140 0
-125 -141 0
-125 -142 0
-125 -143 0
-125 -144 0
-125 -145 0
-125 -146 0
-125 -147 0
-125 -148 0
-125 -149 0
-125 -150 0
-125 -151 0
-125 -152 0
-126 -127 0
-126 -128 0
-126 -129 0
-126 -130 0
-126 -131 0
-126 -132 0
-126 -133 0
-126 -134 0
-126 -135 0
-126 -136 0
-126 -137 0
-126 -138 0
-126 -139 0
-126 -140 0
-126 -141 0
-126 -142 0
-126 -143 0
-126 -144 0
-126 -145 0
-126 -146 0
-126 -147 0
-126 -148 0
-126 -149 0
-126 -150 0
-126 -151 0
-126 -152 0
-127 -128 0
-127 -129 0
-127 -130 0
-127 -131 0
-127 -132 0
-127 -133 0
-127 -134 0
-127 -135 0
-127 -136 0
-127 -137 0
-127 -138 0
-127 -139 0
-127 -140 0
-127 -141 0
-127 -142 0
-127 -143 0
-127 -144 0
-127 -145 0
-127 -146 0
-127 -147 0
-127 -148 0
-127 -149 0
-127 -150 0
-127 -151 0
-127 -152 0
-128 -129 0
-128 -130 0
-128 -131 0
-128 -132 0
-128 -133 0
-128 -134 0
-128 -135 0
-128 -136 0
-128 -137 0
-128 -138 0
-128 -139 0
-128 -140 0
-128 -141 0
-128 -142 0
-128 -143 0
-128 -144 0
-128 -145 0
-128 -146 0
-128 -147 0
-128 -148 0
-128 -149 0
-128 -150 0
-128 -151 0
-128 -152 0
-129 -130 0
-129 -131 0
-129 -132 0
-129 -133 0
-129 -134 0
-129 -135 0
-129 -136 0
-129 -137 0
-129 -138 0
-129 -139 0
-129 -140 0
-129 -141 0
-129 -142 0
-129 -143 0
-129 -144 0
-129 -145 0
-129 -146 0
-129 -147 0
-129 -148 0
-129 -149 0
-129 -150 0
-129 -151 0
-129 -152 0
-130 -131 0
-130 -132 0
-130 -133 0
-130 -134 0
-130 -135 0
-130 -136 0
-130 -137 0
-130 -138 0
-130 -139 0
-130 -140 0
-130 -141 0
-130 -142 0
-130 -143 0
-130 -144 0
-130 -145 0
-130 -146 0
-130 -147 0
-130 -148 0
-130 -149 0
-130 -150 0
-130 -151 0
-130 -152 0
-131 -132 0
-131 -133 0
-131 -134 0
-131 -135 0
-131 -136 0
-131 -137 0
-131 -138 0
-131 -139 0
-131 -140 0
-131 -141 0
-131 -142 0
-131 -143 0
-131 -144 0
-131 -145 0
-131 -146 0
-131 -147 0
-131 -148 0
-131 -149 0
-131 -150 0
-131 -151 0
-131 -152 0
-132 -133 0
-132 -134 0
-132 -135 0
-132 -136 0
-132 -137 0
-132 -138 0
-132 -139 0
-132 -140 0
-132 -141 0
-132 -142 0
-132 -143 0
-132 -144 0
-132 -145 0
-132 -146 0
-132 -147 0
-132 -148 0
-132 -149 0
-132 -150 0
-132 -151 0
-132 -152 0
-133 -134 0
-133 -135 0
-133 -136 0
-133 -137 0
-133 -138 0
-133 -139 0
-133 -140 0
-133 -141 0
-133 -142 0
-133 -143 0
-133 -144 0
-133 -145 0
-133 -146 0
-133 -147 0
-133 -148 0
-133 -149 0
-133 -150 0
-133 -151 0
-133 -152 0
-134 -135 0
-134 -136 0
-134 -137 0
-134 -138 0
-134 -139 0
-134 -140 0
-134 -141 0
-134 -142 0
-134 -143 0
-134 -144 0
-134 -145 0
-134 -146 0
-134 -147 0
-134 -148 0
-134 -149 0
-134 -150 0
-134 -151 0
-134 -152 0
-135 -136 0
-135 -137 0
-135 -138 0
-135 -139 0
-135 -140 0
-135 -141 0
-135 -142 0
-135 -143 0
-135 -144 0
-135 -145 0
-135 -146 0
-135 -147 0
-135 -148 0
-135 -149 0
-135 -150 0
-135 -151 0
-135 -152 0
-136 -137 0
-136 -138 0
-136 -139 0
-136 -140 0
-136 -141 0
-136 -142 0
-136 -143 0
-136 -144 0
-136 -145 0
-136 -146 0
-136 -147 0
-136 -148 0
-136 -149 0
-136 -150 0
-136 -151 0
-136 -152 0
-137 -138 0
-137 -139 0
-137 -140 0
-137 -141 0
-137 -142 0
-137 -143 0
-137 -144 0
-137 -145 0
-137 -146 0
-137 -147 0
-137 -148 0
-137 -149 0
-137 -150 0
-137 -151 0
-137 -152 0
-138 -139 0
-138 -140 0
-138 -141 0
-138 -142 0
-138 -143 0
-138 -144 0
-138 -145 0
-138 -146 0
-138 -147 0
-138 -148 0
-138 -149 0
-138 -150 0
-138 -151 0
-138 -152 0
-139 -140 0
-139 -141 0
-139 -142 0
-139 -143 0
-139 -144 0
-139 -145 0
-139 -146 0
-139 -147 0
-139 -148 0
-139 -149 0
-139 -150 0
-139 -151 0
-139 -152 0
-140 -141 0
-140 -142 0
-140 -143 0
-140 -144 0
-140 -145 0
-140 -146 0
-140 -147 0
-140 -148 0
-140 -149 0
-140 -150 0
-140 -151 0
-140 -152 0
-141 -142 0
-141 -143 0
-141 -144 0
-141 -145 0
-141 -146 0
-141 -147 0
-141 -148 0
-141 -149 0
-141 -150 0
-141 -151 0
-141 -152 0
-142 -143 0
-142 -144 0
-142 -145 0
-142 -146 0
-142 -147 0
-142 -148 0
-142 -149 0
-142 -150 0
-142 -151 0
-142 -152 0
-143 -144 0
-143 -145 0
-143 -146 0
-143 -147 0
-143 -148 0
-143 -149 0
-143 -150 0
-143 -151 0
-143 -152 0
-144 -145 0
-144 -146 0
-144 -147 0
-144 -148 0
-144 -149 0
-144 -150 0
-144 -151 0
-144 -152 0
-145 -146 0
-145 -147 0
-145 -148 0
-145 -149 0
-145 -150 0
-145 -151 0
-145 -152 0
-146 -147 0
-146 -148 0
-146 -149 0
-146 -150 0
-146 -151 0
-146 -152 0
-147 -148 0
-147 -149 0
-147 -150 0
-147 -151 0
-147 -152 0
-148 -149 0
-148 -150 0
-148 -151 0
-148 -152 0
-149 -150 0
-149 -151 0
-149 -152 0
-150 -151 0
-150 -152 0
-151 -152 0
-153 -154 0
-153 -155 0
-153 -156 0
-153 -157 0
-153 -158 0
-153 -159 0
-153 -160 0
-153 -161 0
-153 -162 0
-153 -163 0
-153 -164 0
-153 -165 0
-153 -166 0
-153 -167 0
-153 -168 0
-153 -169 0
-153 -170 0
-153 -171 0
-153 -172 0
-153 -173 0
-153 -174 0
-153 -175 0
-153 -176 0
-153 -177 0
-153 -178 0
-153 -179 0
-153 -180 0
-153 -181 0
-153 -182 0
-153 -183 0
-153 -184 0
-153 -185 0
-153 -186 0
-153 -187 0
-153 -188 0
-153 -189 0
-153 -190 0
-154 -155 0
-154 -156 0
-154 -157 0
-154 -158 0
-154 -159 0
-154 -160 0
-154 -161 0
-154 -162 0
-154 -163 0
-154 -164 0
-154 -165 0
-154 -166 0
-154 -167 0
-154 -168 0
-154 -169 0
-154 -170 0
-154 -171 0
-154 -172 0
-154 -173 0
-154 -174 0
-154 -175 0
-154 -176 0
-154 -177 0
-154 -178 0
-154 -179 0
-154 -180 0
-154 -181 0
-154 -182 0
-154 -183 0
-154 -184 0
-154 -185 0
-154 -186 0
-154 -187 0
-154 -188 0
-154 -189 0
-154 -190 0
-155 -156 0
-155 -157 0
-155 -158 0
-155 -159 0
-155 -160 0
-155 -161 0
-155 -162 0
-155 -163 0
-155 -164 0
-155 -165 0
-155 -166 0
-155 -167 0
-155 -168 0
-155 -169 0
-155 -170 0
-155 -171 0
-155 -172 0
-155 -173 0
-155 -174 0
-155 -175 0
-155 -176 0
-155 -177 0
-155 -178 0
-155 -179 0
-155 -180 0
-155 -181 0
-155 -182 0
-155 -183 0
-155 -184 0
-155 -185 0
-155 -186 0
-155 -187 0
-155 -188 0
-155 -189 0
-155 -190 0
-156 -157 0
-156 -158 0
-156 -159 0
-156 -160 0
-156 -161 0
-156 -162 0
-156 -163 0
-156 -164 0
-156 -165 0
-156 -166 0
-156 -167 0
-156 -168 0
-156 -169 0
-156 -170 0
-156 -171 0
-156 -172 0
-156 -173 0
-156 -174 0
-156 -175 0
-156 -176 0
-156 -177 0
-156 -178 0
-156 -179 0
-156 -180 0
-156 -181 0
-156 -182 0
-156 -183 0
-156 -184 0
-156 -185 0
-156 -186 0
-156 -187 0
-156 -188 0
-156 -189 0
-156 -190 0
-157 -158 0
-157 -159 0
-157 -160 0
-157 -161 0
-157 -162 0
-157 -163 0
-157 -164 0
-157 -165 0
-157 -166 0
-157 -167 0
-157 -168 0
-157 -169 0
-157 -170 0
-157 -171 0
-157 -172 0
-157 -173 0
-157 -174 0
-157 -175 0
-157 -176 0
-157 -177 0
-157 -178 0
-157 -179 0
-157 -180 0
-157 -181 0
-157 -182 0
-157 -183 0
-157 -184 0
-157 -185 0
-157 -186 0
-157 -187 0
-157 -188 0
-157 -189 0
-157 -190 0
-158 -159 0
-158 -160 0
-158 -161 0
-158 -162 0
-158 -163 0
-158 -164 0
-158 -165 0
-158 -166 0
-158 -167 0
-158 -168 0
-158 -169 0
-158 -170 0
-158 -171 0
-158 -172 0
-158 -173 0
-158 -174 0
-158 -175 0
-158 -176 0
-158 -177 0
-158 -178 0
-158 -179 0
-158 -180 0
-158 -181 0
-158 -182 0
-158 -183 0
-158 -184 0
-158 -185 0
-158 -186 0
-158 -187 0
-158 -188 0
-158 -189 0
-158 -190 0
-159 -160 0
-159 -161 0
-159 -162 0
-159 -163 0
-159 -164 0
-159 -165 0
-159 -166 0
-159 -167 0
-159 -168 0
-159 -169 0
-159 -170 0
-159 -171 0
-159 -172 0
-159 -173 0
-159 -174 0
-159 -175 0
-159 -176 0
-159 -177 0
-159 -178 0
-159 -179 0
-159 -180 0
-159 -181 0
-159 -182 0
-159 -183 0
-159 -184 0
-159 -185 0
-159 -186 0
-159 -187 0
-159 -188 0
-159 -189 0
-159 -190 0
-160 -161 0
-160 -162 0
-160 -163 0
-160 -164 0
-160 -165 0
-160 -166 0
-160 -167 0
-160 -168 0
-160 -169 0
-160 -170 0
-160 -171 0
-160 -172 0
-160 -173 0
-160 -174 0
-160 -175 0
-160 -176 0
-160 -177 0
-160 -178 0
-160 -179 0
-160 -180 0
-160 -181 0
-160 -182 0
-160 -183 0
-160 -184 0
-160 -185 0
-160 -186 0
-160 -187 0
-160 -188 0
-160 -189 0
-160 -190 0
-161 -162 0
-161 -163 0
-161 -164 0
-161 -165 0
-161 -166 0
-161 -167 0
-161 -168 0
-161 -169 0
-161 -170 0
-161 -171 0
-161 -172 0
-161 -173 0
-161 -174 0
-161 -175 0
-161 -176 0
-161 -177 0
-161 -178 0
-161 -179 0
-161 -180 0
-161 -181 0
-161 -182 0
-161 -183 0
-161 -184 0
-161 -185 0
-161 -186 0
-161 -187 0
-161 -188 0
-161 -189 0
-161 -190 0
-162 -163 0
-162 -164 0
-162 -165 0
-162 -166 0
-162 -167 0
-162 -168 0
-162 -169 0
-162 -170 0
-162 -171 0
-162 -172 0
-162 -173 0
-162 -174 0
-162 -175 0
-162 -176 0
-162 -177 0
-162 -178 0
-162 -179 0
-162 -180 0
-162 -181 0
-162 -182 0
-162 -183 0
-162 -184 0
-162 -185 0
-162 -186 0
-162 -187 0
-162 -188 0
-162 -189 0
-162 -190 0
-163 -164 0
-163 -165 0
-163 -166 0
-163 -167 0
-163 -168 0
-163 -169 0
-163 -170 0
-163 -171 0
-163 -172 0
-163 -173 0
-163 -174 0
-163 -175 0
-163 -176 0
-163 -177 0
-163 -178 0
-163 -179 0
-163 -180 0
-163 -181 0
-163 -182 0
-163 -183 0
-163 -184 0
-163 -185 0
-163 -186 0
-163 -187 0
-163 -188 0
-163 -189 0
-163 -190 0
-164 -165 0
-164 -166 0
-164 -167 0
-164 -168 0
-164 -169 0
-164 -170 0
-164 -171 0
-164 -172 0
-164 -173 0
-164 -174 0
-164 -175 0
-164 -176 0
-164 -177 0
-164 -178 0
-164 -179 0
-164 -180 0
-164 -181 0
-164 -182 0
-164 -183 0
-164 -184 0
-164 -185 0
-164 -186 0
-164 -187 0
-164 -188 0
-164 -189 0
-164 -190 0
-165 -166 0
-165 -167 0
-165 -168 0
-165 -169 0
-165 -170 0
-165 -171 0
-165 -172 0
-165 -173 0
-165 -174 0
-165 -175 0
-165 -176 0
-165 -177 0
-165 -178 0
-165 -179 0
-165 -180 0
-165 -181 0
-165 -182 0
-165 -183 0
-165 -184 0
-165 -185 0
-165 -186 0
-165 -187 0
-165 -188 0
-165 -189 0
-165 -190 0
-166 -167 0
-166 -168 0
-166 -169 0
-166 -170 0
-166 -171 0
-166 -172 0
-166 -173 0
-166 -174 0
-166 -175 0
-166 -176 0
-166 -177 0
-166 -178 0
-166 -179 0
-166 -180 0
-166 -181 0
-166 -182 0
-166 -183 0
-166 -184 0
-166 -185 0
-166 -186 0
-166 -187 0
-166 -188 0
-166 -189 0
-166 -190 0
-167 -168 0
-167 -169 0
-167 -170 0
-167 -171 0
-167 -172 0
-167 -173 0
-167 -174 0
-167 -175 0
-167 -176 0
-167 -177 0
-167 -178 0
-167 -179 0
-167 -180 0
-167 -181 0
-167 -182 0
-167 -183 0
-167 -184 0
-167 -185 0
-167 -186 0
-167 -187 0
-167 -188 0
-167 -189 0
-167 -190 0
-168 -169 0
-168 -170 0
-168 -171 0
-168 -172 0
-168 -173 0
-168 -174 0
-168 -175 0
-168 -176 0
-168 -177 0
-168 -178 0
-168 -179 0
-168 -180 0
-168 -181 0
-168 -182 0
-168 -183 0
-168 -184 0
-168 -185 0
-168 -186 0
-168 -187 0
-168 -188 0
-168 -189 0
-168 -190 0
-169 -170 0
-169 -171 0
-169 -172 0
-169 -173 0
-169 -174 0
-169 -175 0
-169 -176 0
-169 -177 0
-169 -178 0
-169 -179 0
-169 -180 0
-169 -181 0
-169 -182 0
-169 -183 0
-169 -184 0
-169 -185 0
-169 -186 0
-169 -187 0
-169 -188 0
-169 -189 0
-169 -190 0
-170 -171 0
-170 -172 0
-170 -173 0
-170 -174 0
-170 -175 0
-170 -176 0
-170 -177 0
-170 -178 0
-170 -179 0
-170 -180 0
-170 -181 0
-170 -182 0
-170 -183 0
-170 -184 0
-170 -185 0
-170 -186 0
-170 -187 0
-170 -188 0
-170 -189 0
-170 -190 0
-171 -172 0
-171 -173 0
-171 -174 0
-171 -175 0
-171 -176 0
-171 -177 0
-171 -178 0
-171 -179 0
-171 -180 0
-171 -181 0
-171 -182 0
-171 -183 0
-171 -184 0
-171 -185 0
-171 -186 0
-171 -187 0
-171 -188 0
-171 -189 0
-171 -190 0
-172 -173 0
-172 -174 0
-172 -175 0
-172 -176 0
-172 -177 0
-172 -178 0
-172 -179 0
-172 -180 0
-172 -181 0
-172 -182 0
-172 -183 0
-172 -184 0
-172 -185 0
-172 -186 0
-172 -187 0
-172 -188 0
-172 -189 0
-172 -190 0
-173 -174 0
-173 -175 0
-173 -176 0
-173 -177 0
-173 -178 0
-173 -179 0
-173 -180 0
-173 -181 0
-173 -182 0
-173 -183 0
-173 -184 0
-173 -185 0
-173 -186 0
-173 -187 0
-173 -188 0
-173 -189 0
-173 -190 0
-174 -175 0
-174 -176 0
-174 -177 0
-174 -178 0
-174 -179 0
-174 -180 0
-174 -181 0
-174 -182 0
-174 -183 0
-174 -184 0
-174 -185 0
-174 -186 0
-174 -187 0
-174 -188 0
-174 -189 0
-174 -190 0
-175 -176 0
-175 -177 0
-175 -178 0
-175 -179 0
-175 -180 0
-175 -181 0
-175 -182 0
-175 -183 0
-175 -184 0
-175 -185 0
-175 -186 0
-175 -187 0
-175 -188 0
-175 -189 0
-175 -190 0
-176 -177 0
-176 -178 0
-176 -179 0
-176 -180 0
-176 -181 0
-176 -182 0
-176 -183 0
-176 -184 0
-176 -185 0
-176 -186 0
-176 -187 0
-176 -188 0
-176 -189 0
-176 -190 0
-177 -178 0
-177 -179 0
-177 -180 0
-177 -181 0
-177 -182 0
-177 -183 0
-177 -184 0
-177 -185 0
-177 -186 0
-177 -187 0
-177 -188 0
-177 -189 0
-177 -190 0
-178 -179 0
-178 -180 0
-178 -181 0
-178 -182 0
-178 -183 0
-178 -184 0
-178 -185 0
-178 -186 0
-178 -187 0
-178 -188 0
-178 -189 0
-178 -190 0
-179 -180 0
-179 -181 0
-179 -182 0
-179 -183 0
-179 -184 0
-179 -185 0
-179 -186 0
-179 -187 0
-179 -188 0
-179 -189 0
-179 -190 0
-180 -181 0
-180 -182 0
-180 -183 0
-180 -184 0
-180 -185 0
-180 -186 0
-180 -187 0
-180 -188 0
-180 -189 0
-180 -190 0
-181 -182 0
-181 -183 0
-181 -184 0
-181 -185 0
-181 -186 0
-181 -187 0
-181 -188 0
-181 -189 0
-181 -190 0
-182 -183 0
-182 -184 0
-182 -185 0
-182 -186 0
-182 -187 0
-182 -188 0
-182 -189 0
-182 -190 0
-183 -184 0
-183 -185 0
-183 -186 0
-183 -187 0
-183 -188 0
-183 -189 0
-183 -190 0
-184 -185 0
-184 -186 0
-184 -187 0
-184 -188 0
-184 -189 0
-184 -190 0
-185 -186 0
-185 -187 0
-185 -188 0
-185 -189 0
-185 -190 0
-186 -187 0
-186 -188 0
-186 -189 0
-186 -190 0
-187 -188 0
-187 -189 0
-187 -190 0
-188 -189 0
-188 -190 0
-189 -190 0
-191 -192 0
-191 -193 0
-191 -194 0
-191 -195 0
-191 -196 0
-191 -197 0
-191 -198 0
-191 -199 0
-191 -200 0
-191 -201 0
-191 -202 0
-191 -203 0
-191 -204 0
-191 -205 0
-191 -206 0
-191 -207 0
-191 -208 0
-191 -209 0
-191 -210 0
-191 -211 0
-191 -212 0
-191 -213 0
-191 -214 0
-191 -215 0
-191 -216 0
-191 -217 0
-191 -218 0
-191 -219 0
-191 -220 0
-191 -221 0
-191 -222 0
-191 -223 0
-191 -224 0
-191 -225 0
-191 -226 0
-191 -227 0
-191 -228 0
-192 -193 0
-192 -194 0
-192 -195 0
-192 -196 0
-192 -197 0
-192 -198 0
-192 -199 0
-192 -200 0
-192 -201 0
-192 -202 0
-192 -203 0
-192 -204 0
-192 -205 0
-192 -206 0
-192 -207 0
-192 -208 0
-192 -209 0
-192 -210 0
-192 -211 0
-192 -212 0
-192 -213 0
-192 -214 0
-192 -215 0
-192 -216 0
-192 -217 0
-192 -218 0
-192 -219 0
-192 -220 0
-192 -221 0
-192 -222 0
-192 -223 0
-192 -224 0
-192 -225 0
-192 -226 0
-192 -227 0
-192 -228 0
-193 -194 0
-193 -195 0
-193 -196 0
-193 -197 0
-193 -198 0
-193 -199 0
-193 -200 0
-193 -201 0
-193 -202 0
-193 -203 0
-193 -204 0
-193 -205 0
-193 -206 0
-193 -207 0
-193 -208 0
-193 -209 0
-193 -210 0
-193 -211 0
-193 -212 0
-193 -213 0
-193 -214 0
-193 -215 0
-193 -216 0
-193 -217 0
-193 -218 0
-193 -219 0
-193 -220 0
-193 -221 0
-193 -222 0
-193 -223 0
-193 -224 0
-193 -225 0
-193 -226 0
-193 -227 0
-193 -228 0
-194 -195 0
-194 -196 0
-194 -197 0
-194 -198 0
-194 -199 0
-194 -200 0
-194 -201 0
-194 -202 0
-194 -203 0
-194 -204 0
-194 -205 0
-194 -206 0
-194 -207 0
-194 -208 0
-194 -209 0
-194 -210 0
-194 -211 0
-194 -212 0
-194 -213 0
-194 -214 0
-194 -215 0
-194 -216 0
-194 -217 0
-194 -218 0
-194 -219 0
-194 -220 0
-194 -221 0
-194 -222 0
-194 -223 0
-194 -224 0
-194 -225 0
-194 -226 0
-194 -227 0
-194 -228 0
-195 -196 0
-195 -197 0
-195 -198 0
-195 -199 0
-195 -200 0
-195 -201 0
-195 -202 0
-195 -203 0
-195 -204 0
-195 -205 0
-195 -206 0
-195 -207 0
-195 -208 0
-195 -209 0
-195 -210 0
-195 -211 0
-195 -212 0
-195 -213 0
-195 -214 0
-195 -215 0
-195 -216 0
-195 -217 0
-195 -218 0
-195 -219 0
-195 -220 0
-195 -221 0
-195 -222 0
-195 -223 0
-195 -224 0
-195 -225 0
-195 -226 0
-195 -227 0
-195 -228 0
-196 -197 0
-196 -198 0
-196 -199 0
-196 -200 0
-196 -201 0
-196 -202 0
-196 -203 0
-196 -204 0
-196 -205 0
-196 -206 0
-196 -207 0
-196 -208 0
-196 -209 0
-196 -210 0
-196 -211 0
-196 -212 0
-196 -213 0
-196 -214 0
-196 -215 0
-196 -216 0
-196 -217 0
-196 -218 0
-196 -219 0
-196 -220 0
-196 -221 0
-196 -222 0
-196 -223 0
-196 -224 0
-196 -225 0
-196 -226 0
-196 -227 0
-196 -228 0
-197 -198 0
-197 -199 0
-197 -200 0
-197 -201 0
-197 -202 0
-197 -203 0
-197 -204 0
-197 -205 0
-197 -206 0
-197 -207 0
-197 -208 0
-197 -209 0
-197 -210 0
-197 -211 0
-197 -212 0
-197 -213 0
-197 -214 0
-197 -215 0
-197 -216 0
-197 -217 0
-197 -218 0
-197 -219 0
-197 -220 0
-197 -221 0
-197 -222 0
-197 -223 0
-197 -224 0
-197 -225 0
-197 -226 0
-197 -227 0
-197 -228 0
-198 -199 0
-198 -200 0
-198 -201 0
-198 -202 0
-198 -203 0
-198 -204 0
-198 -205 0
-198 -206 0
-198 -207 0
-198 -208 0
-198 -209 0
-198 -210 0
-198 -211 0
-198 -212 0
-198 -213 0
-198 -214 0
-198 -215 0
-198 -216 0
-198 -217 0
-198 -218 0
-198 -219 0
-198 -220 0
-198 -221 0
-198 -222 0
-198 -223 0
-198 -224 0
-198 -225 0
-198 -226 0
-198 -227 0
-198 -228 0
-199 -200 0
-199 -201 0
-199 -202 0
-199 -203 0
-199 -204 0
-199 -205 0
-199 -206 0
-199 -207 0
-199 -208 0
-199 -209 0
-199 -210 0
-199 -211 0
-199 -212 0
-199 -213 0
-199 -214 0
-199 -215 0
-199 -216 0
-199 -217 0
-199 -218 0
-199 -219 0
-199 -220 0
-199 -221 0
-199 -222 0
-199 -223 0
-199 -224 0
-199 -225 0
-199 -226 0
-199 -227 0
-199 -228 0
-200 -201 0
-200 -202 0
-200 -203 0
-200 -204 0
-200 -205 0
-200 -206 0
-200 -207 0
-200 -208 0
-200 -209 0
-200 -210 0
-200 -211 0
-200 -212 0
-200 -213 0
-200 -214 0
-200 -215 0
-200 -216 0
-200 -217 0
-200 -218 0
-200 -219 0
-200 -220 0
-200 -221 0
-200 -222 0
-200 -223 0
-200 -224 0
-200 -225 0
-200 -226 0
-200 -227 0
-200 -228 0
-201 -202 0
-201 -203 0
-201 -204 0
-201 -205 0
-201 -206 0
-201 -207 0
-201 -208 0
-201 -209 0
-201 -210 0
-201 -211 0
-201 -212 0
-201 -213 0
-201 -214 0
-201 -215 0
-201 -216 0
-201 -217 0
-201 -218 0
-201 -219 0
-201 -220 0
-201 -221 0
-201 -222 0
-201 -223 0
-201 -224 0
-201 -225 0
-201 -226 0
-201 -227 0
-201 -228 0
-202 -203 0
-202 -204 0
-202 -205 0
-202 -206 0
-202 -207 0
-202 -208 0
-202 -209 0
-202 -210 0
-202 -211 0
-202 -212 0
-202 -213 0
-202 -214 0
-202 -215 0
-202 -216 0
-202 -217 0
-202 -218 0
-202 -219 0
-202 -220 0
-202 -221 0
-202 -222 0
-202 -223 0
-202 -224 0
-202 -225 0
-202 -226 0
-202 -227 0
-202 -228 0
-203 -204 0
-203 -205 0
-203 -206 0
-203 -207 0
-203 -208 0
-203 -209 0
-203 -210 0
-203 -211 0
-203 -212 0
-203 -213 0
-203 -214 0
-203 -215 0
-203 -216 0
-203 -217 0
-203 -218 0
-203 -219 0
-203 -220 0
-203 -221 0
-203 -222 0
-203 -223 0
-203 -224 0
-203 -225 0
-203 -226 0
-203 -227 0
-203 -228 0
-204 -205 0
-204 -206 0
-204 -207 0
-204 -208 0
-204 -209 0
-204 -210 0
-204 -211 0
-204 -212 0
-204 -213 0
-204 -214 0
-204 -215 0
-204 -216 0
-204 -217 0
-204 -218 0
-204 -219 0
-204 -220 0
-204 -221 0
-204 -222 0
-204 -223 0
-204 -224 0
-204 -225 0
-204 -226 0
-204 -227 0
-204 -228 0
-205 -206 0
-205 -207 0
-205 -208 0
-205 -209 0
-205 -210 0
-205 -211 0
-205 -212 0
-205 -213 0
-205 -214 0
-205 -215 0
-205 -216 0
-205 -217 0
-205 -218 0
-205 -219 0
-205 -220 0
-205 -221 0
-205 -222 0
-205 -223 0
-205 -224 0
-205 -225 0
-205 -226 0
-205 -227 0
-205 -228 0
-206 -207 0
-206 -208 0
-206 -209 0
-206 -210 0
-206 -211 0
-206 -212 0
-206 -213 0
-206 -214 0
-206 -215 0
-206 -216 0
-206 -217 0
-206 -218 0
-206 -219 0
-206 -220 0
-206 -221 0
-206 -222 0
-206 -223 0
-206 -224 0
-206 -225 0
-206 -226 0
-206 -227 0
-206 -228 0
-207 -208 0
-207 -209 0
-207 -210 0
-207 -211 0
-207 -212 0
-207 -213 0
-207 -214 0
-207 -215 0
-207 -216 0
-207 -217 0
-207 -218 0
-207 -219 0
-207 -220 0
-207 -221 0
-207 -222 0
-207 -223 0
-207 -224 0
-207 -225 0
-207 -226 0
-207 -227 0
-207 -228 0
-208 -209 0
-208 -210 0
-208 -211 0
-208 -212 0
-208 -213 0
-208 -214 0
-208 -215 0
-208 -216 0
-208 -217 0
-208 -218 0
-208 -219 0
-208 -220 0
-208 -221 0
-208 -222 0
-208 -223 0
-208 -224 0
-208 -225 0
-208 -226 0
-208 -227 0
-208 -228 0
-209 -210 0
-209 -211 0
-209 -212 0
-209 -213 0
-209 -214 0
-209 -215 0
-209 -216 0
-209 -217 0
-209 -218 0
-209 -219 0
-209 -220 0
-209 -221 0
-209 -222 0
-209 -223 0
-209 -224 0
-209 -225 0
-209 -226 0
-209 -227 0
-209 -228 0
-210 -211 0
-210 -212 0
-210 -213 0
-210 -214 0
-210 -215 0
-210 -216 0
-210 -217 0
-210 -218 0
-210 -219 0
-210 -220 0
-210 -221 0
-210 -222 0
-210 -223 0
-210 -224 0
-210 -225 0
-210 -226 0
-210 -227 0
-210 -228 0
-211 -212 0
-211 -213 0
-211 -214 0
-211 -215 0
-211 -216 0
-211 -217 0
-211 -218 0
-211 -219 0
-211 -220 0
-211 -221 0
-211 -222 0
-211 -223 0
-211 -224 0
-211 -225 0
-211 -226 0
-211 -227 0
-211 -228 0
-212 -213 0
-212 -214 0
-212 -215 0
-212 -216 0
-212 -217 0
-212 -218 0
-212 -219 0
-212 -220 0
-212 -221 0
-212 -222 0
-212 -223 0
-212 -224 0
-212 -225 0
-212 -226 0
-212 -227 0
-212 -228 0
-213 -214 0
-213 -215 0
-213 -216 0
-213 -217 0
-213 -218 0
-213 -219 0
-213 -220 0
-213 -221 0
-213 -222 0
-213 -223 0
-213 -224 0
-213 -225 0
-213 -226 0
-213 -227 0
-213 -228 0
-214 -215 0
-214 -216 0
-214 -217 0
-214 -218 0
-214 -219 0
-214 -220 0
-214 -221 0
-214 -222 0
-214 -223 0
-214 -224 0
-214 -225 0
-214 -226 0
-214 -227 0
-214 -228 0
-215 -216 0
-215 -217 0
-215 -218 0
-215 -219 0
-215 -220 0
-215 -221 0
-215 -222 0
-215 -223 0
-215 -224 0
-215 -225 0
-215 -226 0
-215 -227 0
-215 -228 0
-216 -217 0
-216 -218 0
-216 -219 0
-216 -220 0
-216 -221 0
-216 -222 0
-216 -223 0
-216 -224 0
-216 -225 0
-216 -226 0
-216 -227 0
-216 -228 0
-217 -218 0
-217 -219 0
-217 -220 0
-217 -221 0
-217 -222 0
-217 -223 0
-217 -224 0
-217 -225 0
-217 -226 0
-217 -227 0
-217 -228 0
-218 -219 0
-218 -220 0
-218 -221 0
-218 -222 0
-218 -223 0
-218 -224 0
-218 -225 0
-218 -226 0
-218 -227 0
-218 -228 0
-219 -220 0
-219 -221 0
-219 -222 0
-219 -223 0
-219 -224 0
-219 -225 0
-219 -226 0
-219 -227 0
-219 -228 0
-220 -221 0
-220 -222 0
-220 -223 0
-220 -224 0
-220 -225 0
-220 -226 0
-220 -227 0
-220 -228 0
-221 -222 0
-221 -223 0
-221 -224 0
-221 -225 0
-221 -226 0
-221 -227 0
-221 -228 0
-222 -223 0
-222 -224 0
-222 -225 0
-222 -226 0
-222 -227 0
-222 -228 0
-223 -224 0
-223 -225 0
-223 -226 0
-223 -227 0
-223 -228 0
-224 -225 0
-224 -226 0
-224 -227 0
-224 -228 0
-225 -226 0
-225 -227 0
-225 -228 0
-226 -227 0
-226 -228 0
-227 -228 0
-229 -230 0
-229 -231 0
-229 -232 0
-229 -233 0
-229 -234 0
-229 -235 0
-229 -236 0
-229 -237 0
-229 -238 0
-229 -239 0
-229 -240 0
-229 -241 0
-229 -242 0
-229 -243 0
-229 -244 0
-229 -245 0
-229 -246 0
-229 -247 0
-229 -248 0
-229 -249 0
-229 -250 0
-229 -251 0
-229 -252 0
-229 -253 0
-229 -254 0
-229 -255 0
-229 -256 0
-229 -257 0
-229 -258 0
-229 -259 0
-229 -260 0
-229 -261 0
-229 -262 0
-229 -263 0
-229 -264 0
-229 -265 0
-229 -266 0
-230 -231 0
-230 -232 0
-230 -233 0
-230 -234 0
-230 -235 0
-230 -236 0
-230 -237 0
-230 -238 0
-230 -239 0
-230 -240 0
-230 -241 0
-230 -242 0
-230 -243 0
-230 -244 0
-230 -245 0
-230 -246 0
-230 -247 0
-230 -248 0
-230 -249 0
-230 -250 0
-230 -251 0
-230 -252 0
-230 -253 0
-230 -254 0
-230 -255 0
-230 -256 0
-230 -257 0
-230 -258 0
-230 -259 0
-230 -260 0
-230 -261 0
-230 -262 0
-230 -263 0
-230 -264 0
-230 -265 0
-230 -266 0
-231 -232 0
-231 -233 0
-231 -234 0
-231 -235 0
-231 -236 0
-231 -237 0
-231 -238 0
-231 -239 0
-231 -240 0
-231 -241 0
-231 -242 0
-231 -243 0
-231 -244 0
-231 -245 0
-231 -246 0
-231 -247 0
-231 -248 0
-231 -249 0
-231 -250 0
-231 -251 0
-231 -252 0
-231 -253 0
-231 -254 0
-231 -255 0
-231 -256 0
-231 -257 0
-231 -258 0
-231 -259 0
-231 -260 0
-231 -261 0
-231 -262 0
-231 -263 0
-231 -264 0
-231 -265 0
-231 -266 0
-232 -233 0
-232 -234 0
-232 -235 0
-232 -236 0
-232 -237 0
-232 -238 0
-232 -239 0
-232 -240 0
-232 -241 0
-232 -242 0
-232 -243 0
-232 -244 0
-232 -245 0
-232 -246 0
-232 -247 0
-232 -248 0
-232 -249 0
-232 -250 0
-232 -251 0
-232 -252 0
-232 -253 0
-232 -254 0
-232 -255 0
-232 -256 0
-232 -257 0
-232 -258 0
-232 -259 0
-232 -260 0
-232 -261 0
-232 -262 0
-232 -263 0
-232 -264 0
-232 -265 0
-232 -266 0
-233 -234 0
-233 -235 0
-233 -236 0
-233 -237 0
-233 -238 0
-233 -239 0
-233 -240 0
-233 -241 0
-233 -242 0
-233 -243 0
-233 -244 0
-233 -245 0
-233 -246 0
-233 -247 0
-233 -248 0
-233 -249 0
-233 -250 0
-233 -251 0
-233 -252 0
-233 -253 0
-233 -254 0
-233 -255 0
-233 -256 0
-233 -257 0
-233 -258 0
-233 -259 0
-233 -260 0
-233 -261 0
-233 -262 0
-233 -263 0
-233 -264 0
-233 -265 0
-233 -266 0
-234 -235 0
-234 -236 0
-234 -237 0
-234 -238 0
-234 -239 0
-234 -240 0
-234 -241 0
-234 -242 0
-234 -243 0
-234 -244 0
-234 -245 0
-234 -246 0
-234 -247 0
-234 -248 0
-234 -249 0
-234 -250 0
-234 -251 0
-234 -252 0
-234 -253 0
-234 -254 0
-234 -255 0
-234 -256 0
-234 -257 0
-234 -258 0
-234 -259 0
-234 -260 0
-234 -261 0
-234 -262 0
-234 -263 0
-234 -264 0
-234 -265 0
-234 -266 0
-235 -236 0
-235 -237 0
-235 -238 0
-235 -239 0
-235 -240 0
-235 -241 0
-235 -242 0
-235 -243 0
-235 -244 0
-235 -245 0
-235 -246 0
-235 -247 0
-235 -248 0
-235 -249 0
-235 -250 0
-235 -251 0
-235 -252 0
-235 -253 0
-235 -254 0
-235 -255 0
-235 -256 0
-235 -257 0
-235 -258 0
-235 -259 0
-235 -260 0
-235 -261 0
-235 -262 0
-235 -263 0
-235 -264 0
-235 -265 0
-235 -266 0
-236 -237 0
-236 -238 0
-236 -239 0
-236 -240 0
-236 -241 0
-236 -242 0
-236 -243 0
-236 -244 0
-236 -245 0
-236 -246 0
-236 -247 0
-236 -248 0
-236 -249 0
-236 -250 0
-236 -251 0
-236 -252 0
-236 -253 0
-236 -254 0
-236 -255 0
-236 -256 0
-236 -257 0
-236 -258 0
-236 -259 0
-236 -260 0
-236 -261 0
-236 -262 0
-236 -263 0
-236 -264 0
-236 -265 0
-236 -266 0
-237 -238 0
-237 -239 0
-237 -240 0
-237 -241 0
-237 -242 0
-237 -243 0
-237 -244 0
-237 -245 0
-237 -246 0
-237 -247 0
-237 -248 0
-237 -249 0
-237 -250 0
-237 -251 0
-237 -252 0
-237 -253 0
-237 -254 0
-237 -255 0
-237 -256 0
-237 -257 0
-237 -258 0
-237 -259 0
-237 -260 0
-237 -261 0
-237 -262 0
-237 -263 0
-237 -264 0
-237 -265 0
-237 -266 0
-238 -239 0
-238 -240 0
-238 -241 0
-238 -242 0
-238 -243 0
-238 -244 0
-238 -245 0
-238 -246 0
-238 -247 0
-238 -248 0
-238 -249 0
-238 -250 0
-238 -251 0
-238 -252 0
-238 -253 0
-238 -254 0
-238 -255 0
-238 -256 0
-238 -257 0
-238 -258 0
-238 -259 0
-238 -260 0
-238 -261 0
-238 -262 0
-238 -263 0
-238 -264 0
-238 -265 0
-238 -266 0
-239 -240 0
-239 -241 0
-239 -242 0
-239 -243 0
-239 -244 0
-239 -245 0
-239 -246 0
-239 -247 0
-239 -248 0
-239 -249 0
-239 -250 0
-239 -251 0
-239 -252 0
-239 -253 0
-239 -254 0
-239 -255 0
-239 -256 0
-239 -257 0
-239 -258 0
-239 -259 0
-239 -260 0
-239 -261 0
-239 -262 0
-239 -263 0
-239 -264 0
-239 -265 0
-239 -266 0
-240 -241 0
-240 -242 0
-240 -243 0
-240 -244 0
-240 -245 0
-240 -246 0
-240 -247 0
-240 -248 0
-240 -249 0
-240 -250 0
-240 -251 0
-240 -252 0
-240 -253 0
-240 -254 0
-240 -255 0
-240 -256 0
-240 -257 0
-240 -258 0
-240 -259 0
-240 -260 0
-240 -261 0
-240 -262 0
-240 -263 0
-240 -264 0
-240 -265 0
-240 -266 0
-241 -242 0
-241 -243 0
-241 -244 0
-241 -245 0
-241 -246 0
-241 -247 0
-241 -248 0
-241 -249 0
-241 -250 0
-241 -251 0
-241 -252 0
-241 -253 0
-241 -254 0
-241 -255 0
-241 -256 0
-241 -257 0
-241 -258 0
-241 -259 0
-241 -260 0
-241 -261 0
-241 -262 0
-241 -263 0
-241 -264 0
-241 -265 0
-241 -266 0
-242 -243 0
-242 -244 0
-242 -245 0
-242 -246 0
-242 -247 0
-242 -248 0
-242 -249 0
-242 -250 0
-242 -251 0
-242 -252 0
-242 -253 0
-242 -254 0
-242 -255 0
-242 -256 0
-242 -257 0
-242 -258 0
-242 -259 0
-242 -260 0
-242 -261 0
-242 -262 0
-242 -263 0
-242 -264 0
-242 -265 0
-242 -266 0
-243 -244 0
-243 -245 0
-243 -246 0
-243 -247 0
-243 -248 0
-243 -249 0
-243 -250 0
-243 -251 0
-243 -252 0
-243 -253 0
-243 -254 0
-243 -255 0
-243 -256 0
-243 -257 0
-243 -258 0
-243 -259 0
-243 -260 0
-243 -261 0
-243 -262 0
-243 -263 0
-243 -264 0
-243 -265 0
-243 -266 0
-244 -245 0
-244 -246 0
-244 -247 0
-244 -248 0
-244 -249 0
-244 -250 0
-244 -251 0
-244 -252 0
-244 -253 0
-244 -254 0
-244 -255 0
-244 -256 0
-244 -257 0
-244 -258 0
-244 -259 0
-244 -260 0
-244 -261 0
-244 -262 0
-244 -263 0
-244 -264 0
-244 -265 0
-244 -266 0
-245 -246 0
-245 -247 0
-245 -248 0
-245 -249 0
-245 -250 0
-245 -251 0
-245 -252 0
-245 -253 0
-245 -254 0
-245 -255 0
-245 -256 0
-245 -257 0
-245 -258 0
-245 -259 0
-245 -260 0
-245 -261 0
-245 -262 0
-245 -263 0
-245 -264 0
-245 -265 0
-245 -266 0
-246 -247 0
-246 -248 0
-246 -249 0
-246 -250 0
-246 -251 0
-246 -252 0
-246 -253 0
-246 -254 0
-246 -255 0
-246 -256 0
-246 -257 0
-246 -258 0
-246 -259 0
-246 -260 0
-246 -261 0
-246 -262 0
-246 -263 0
-246 -264 0
-246 -265 0
-246 -266 0
-247 -248 0
-247 -249 0
-247 -250 0
-247 -251 0
-247 -252 0
-247 -253 0
-247 -254 0
-247 -255 0
-247 -256 0
-247 -257 0
-247 -258 0
-247 -259 0
-247 -260 0
-247 -261 0
-247 -262 0
-247 -263 0
-247 -264 0
-247 -265 0
-247 -266 0
-248 -249 0
-248 -250 0
-248 -251 0
-248 -252 0
-248 -253 0
-248 -254 0
-248 -255 0
-248 -256 0
-248 -257 0
-248 -258 0
-248 -259 0
-248 -260 0
-248 -261 0
-248 -262 0
-248 -263 0
-248 -264 0
-248 -265 0
-248 -266 0
-249 -250 0
-249 -251 0
-249 -252 0
-249 -253 0
-249 -254 0
-249 -255 0
-249 -256 0
-249 -257 0
-249 -258 0
-249 -259 0
-249 -260 0
-249 -261 0
-249 -262 0
-249 -263 0
-249 -264 0
-249 -265 0
-249 -266 0
-250 -251 0
-250 -252 0
-250 -253 0
-250 -254 0
-250 -255 0
-250 -256 0
-250 -257 0
-250 -258 0
-250 -259 0
-250 -260 0
-250 -261 0
-250 -262 0
-250 -263 0
-250 -264 0
-250 -265 0
-250 -266 0
-251 -252 0
-251 -253 0
-251 -254 0
-251 -255 0
-251 -256 0
-251 -257 0
-251 -258 0
-251 -259 0
-251 -260 0
-251 -261 0
-251 -262 0
-251 -263 0
-251 -264 0
-251 -265 0
-251 -266 0
-252 -253 0
-252 -254 0
-252 -255 0
-252 -256 0
-252 -257 0
-252 -258 0
-252 -259 0
-252 -260 0
-252 -261 0
-252 -262 0
-252 -263 0
-252 -264 0
-252 -265 0
-252 -266 0
-253 -254 0
-253 -255 0
-253 -256 0
-253 -257 0
-253 -258 0
-253 -259 0
-253 -260 0
-253 -261 0
-253 -262 0
-253 -263 0
-253 -264 0
-253 -265 0
-253 -266 0
-254 -255 0
-254 -256 0
-254 -257 0
-254 -258 0
-254 -259 0
-254 -260 0
-254 -261 0
-254 -262 0
-254 -263 0
-254 -264 0
-254 -265 0
-254 -266 0
-255 -256 0
-255 -257 0
-255 -258 0
-255 -259 0
-255 -260 0
-255 -261 0
-255 -262 0
-255 -263 0
-255 -264 0
-255 -265 0
-255 -266 0
-256 -257 0
-256 -258 0
-256 -259 0
-256 -260 0
-256 -261 0
-256 -262 0
-256 -263 0
-256 -264 0
-256 -265 0
-256 -266 0
-257 -258 0
-257 -259 0
-257 -260 0
-257 -261 0
-257 -262 0
-257 -263 0
-257 -264 0
-257 -265 0
-257 -266 0
-258 -259 0
-258 -260 0
-258 -261 0
-258 -262 0
-258 -263 0
-258 -264 0
-258 -265 0
-258 -266 0
-259 -260 0
-259 -261 0
-259 -262 0
-259 -263 0
-259 -264 0
-259 -265 0
-259 -266 0
-260 -261 0
-260 -262 0
-260 -263 0
-260 -264 0
-260 -265 0
-260 -266 0
-261 -262 0
-261 -263 0
-261 -264 0
-261 -265 0
-261 -266 0
-262 -263 0
-262 -264 0
-262 -265 0
-262 -266 0
-263 -264 0
-263 -265 0
-263 -266 0
-264 -265 0
-264 -266 0
-265 -266 0
-267 -268 0
-267 -269 0
-267 -270 0
-267 -271 0
-267 -272 0
-267 -273 0
-267 -274 0
-267 -275 0
-267 -276 0
-267 -277 0
-267 -278 0
-267 -279 0
-267 -280 0
-267 -281 0
-267 -282 0
-267 -283 0
-267 -284 0
-267 -285 0
-267 -286 0
-267 -287 0
-267 -288 0
-267 -289 0
-267 -290 0
-267 -291 0
-267 -292 0
-267 -293 0
-267 -294 0
-267 -295 0
-267 -296 0
-267 -297 0
-267 -298 0
-267 -299 0
-267 -300 0
-267 -301 0
-267 -302 0
-267 -303 0
-267 -304 0
-268 -269 0
-268 -270 0
-268 -271 0
-268 -272 0
-268 -273 0
-268 -274 0
-268 -275 0
-268 -276 0
-268 -277 0
-268 -278 0
-268 -279 0
-268 -280 0
-268 -281 0
-268 -282 0
-268 -283 0
-268 -284 0
-268 -285 0
-268 -286 0
-268 -287 0
-268 -288 0
-268 -289 0
-268 -290 0
-268 -291 0
-268 -292 0
-268 -293 0
-268 -294 0
-268 -295 0
-268 -296 0
-268 -297 0
-268 -298 0
-268 -299 0
-268 -300 0
-268 -301 0
-268 -302 0
-268 -303 0
-268 -304 0
-269 -270 0
-269 -271 0
-269 -272 0
-269 -273 0
-269 -274 0
-269 -275 0
-269 -276 0
-269 -277 0
-269 -278 0
-269 -279 0
-269 -280 0
-269 -281 0
-269 -282 0
-269 -283 0
-269 -284 0
-269 -285 0
-269 -286 0
-269 -287 0
-269 -288 0
-269 -289 0
-269 -290 0
-269 -291 0
-269 -292 0
-269 -293 0
-269 -294 0
-269 -295 0
-269 -296 0
-269 -297 0
-269 -298 0
-269 -299 0
-269 -300 0
-269 -301 0
-269 -302 0
-269 -303 0
-269 -304 0
-270 -271 0
-270 -272 0
-270 -273 0
-270 -274 0
-270 -275 0
-270 -276 0
-270 -277 0
-270 -278 0
-270 -279 0
-270 -280 0
-270 -281 0
-270 -282 0
-270 -283 0
-270 -284 0
-270 -285 0
-270 -286 0
-270 -287 0
-270 -288 0
-270 -289 0
-270 -290 0
-270 -291 0
-270 -292 0
-270 -293 0
-270 -294 0
-270 -295 0
-270 -296 0
-270 -297 0
-270 -298 0
-270 -299 0
-270 -300 0
-270 -301 0
-270 -302 0
-270 -303 0
-270 -304 0
-271 -272 0
-271 -273 0
-271 -274 0
-271 -275 0
-271 -276 0
-271 -277 0
-271 -278 0
-271 -279 0
-271 -280 0
-271 -281 0
-271 -282 0
-271 -283 0
-271 -284 0
-271 -285 0
-271 -286 0
-271 -287 0
-271 -288 0
-271 -289 0
-271 -290 0
-271 -291 0
-271 -292 0
-271 -293 0
-271 -294 0
-271 -295 0
-271 -296 0
-271 -297 0
-271 -298 0
-271 -299 0
-271 -300 0
-271 -301 0
-271 -302 0
-271 -303 0
-271 -304 0
-272 -273 0
-272 -274 0
-272 -275 0
-272 -276 0
-272 -277 0
-272 -278 0
-272 -279 0
-272 -280 0
-272 -281 0
-272 -282 0
-272 -283 0
-272 -284 0
-272 -285 0
-272 -286 0
-272 -287 0
-272 -288 0
-272 -289 0
-272 -290 0
-272 -291 0
-272 -292 0
-272 -293 0
-272 -294 0
-272 -295 0
-272 -296 0
-272 -297 0
-272 -298 0
-272 -299 0
-272 -300 0
-272 -301 0
-272 -302 0
-272 -303 0
-272 -304 0
-273 -274 0
-273 -275 0
-273 -276 0
-273 -277 0
-273 -278 0
-273 -279 0
-273 -280 0
-273 -281 0
-273 -282 0
-273 -283 0
-273 -284 0
-273 -285 0
-273 -286 0
-273 -287 0
-273 -288 0
-273 -289 0
-273 -290 0
-273 -291 0
-273 -292 0
-273 -293 0
-273 -294 0
-273 -295 0
-273 -296 0
-273 -297 0
-273 -298 0
-273 -299 0
-273 -300 0
-273 -301 0
-273 -302 0
-273 -303 0
-273 -304 0
-274 -275 0
-274 -276 0
-274 -277 0
-274 -278 0
-274 -279 0
-274 -280 0
-274 -281 0
-274 -282 0
-274 -283 0
-274 -284 0
-274 -285 0
-274 -286 0
-274 -287 0
-274 -288 0
-274 -289 0
-274 -290 0
-274 -291 0
-274 -292 0
-274 -293 0
-274 -294 0
-274 -295 0
-274 -296 0
-274 -297 0
-274 -298 0
-274 -299 0
-274 -300 0
-274 -301 0
-274 -302 0
-274 -303 0
-274 -304 0
-275 -276 0
-275 -277 0
-275 -278 0
-275 -279 0
-275 -280 0
-275 -281 0
-275 -282 0
-275 -283 0
-275 -284 0
-275 -285 0
-275 -286 0
-275 -287 0
-275 -288 0
-275 -289 0
-275 -290 0
-275 -291 0
-275 -292 0
-275 -293 0
-275 -294 0
-275 -295 0
-275 -296 0
-275 -297 0
-275 -298 0
-275 -299 0
-275 -300 0
-275 -301 0
-275 -302 0
-275 -303 0
-275 -304 0
-276 -277 0
-276 -278 0
-276 -279 0
-276 -280 0
-276 -281 0
-276 -282 0
-276 -283 0
-276 -284 0
-276 -285 0
-276 -286 0
-276 -287 0
-276 -288 0
-276 -289 0
-276 -290 0
-276 -291 0
-276 -292 0
-276 -293 0
-276 -294 0
-276 -295 0
-276 -296 0
-276 -297 0
-276 -298 0
-276 -299 0
-276 -300 0
-276 -301 0
-276 -302 0
-276 -303 0
-276 -304 0
-277 -278 0
-277 -279 0
-277 -280 0
-277 -281 0
-277 -282 0
-277 -283 0
-277 -284 0
-277 -285 0
-277 -286 0
-277 -287 0
-277 -288 0
-277 -289 0
-277 -290 0
-277 -291 0
-277 -292 0
-277 -293 0
-277 -294 0
-277 -295 0
-277 -296 0
-277 -297 0
-277 -298 0
-277 -299 0
-277 -300 0
-277 -301 0
-277 -302 0
-277 -303 0
-277 -304 0
-278 -279 0
-278 -280 0
-278 -281 0
-278 -282 0
-278 -283 0
-278 -284 0
-278 -285 0
-278 -286 0
-278 -287 0
-278 -288 0
-278 -289 0
-278 -290 0
-278 -291 0
-278 -292 0
-278 -293 0
-278 -294 0
-278 -295 0
-278 -296 0
-278 -297 0
-278 -298 0
-278 -299 0
-278 -300 0
-278 -301 0
-278 -302 0
-278 -303 0
-278 -304 0
-279 -280 0
-279 -281 0
-279 -282 0
-279 -283 0
-279 -284 0
-279 -285 0
-279 -286 0
-279 -287 0
-279 -288 0
-279 -289 0
-279 -290 0
-279 -291 0
-279 -292 0
-279 -293 0
-279 -294 0
-279 -295 0
-279 -296 0
-279 -297 0
-279 -298 0
-279 -299 0
-279 -300 0
-279 -301 0
-279 -302 0
-279 -303 0
-279 -304 0
-280 -281 0
-280 -282 0
-280 -283 0
-280 -284 0
-280 -285 0
-280 -286 0
-280 -287 0
-280 -288 0
-280 -289 0
-280 -290 0
-280 -291 0
-280 -292 0
-280 -293 0
-280 -294 0
-280 -295 0
-280 -296 0
-280 -297 0
-280 -298 0
-280 -299 0
-280 -300 0
-280 -301 0
-280 -302 0
-280 -303 0
-280 -304 0
-281 -282 0
-281 -283 0
-281 -284 0
-281 -285 0
-281 -286 0
-281 -287 0
-281 -288 0
-281 -289 0
-281 -290 0
-281 -291 0
-281 -292 0
-281 -293 0
-281 -294 0
-281 -295 0
-281 -296 0
-281 -297 0
-281 -298 0
-281 -299 0
-281 -300 0
-281 -301 0
-281 -302 0
-281 -303 0
-281 -304 0
-282 -283 0
-282 -284 0
-282 -285 0
-282 -286 0
-282 -287 0
-282 -288 0
-282 -289 0
-282 -290 0
-282 -291 0
-282 -292 0
-282 -293 0
-282 -294 0
-282 -295 0
-282 -296 0
-282 -297 0
-282 -298 0
-282 -299 0
-282 -300 0
-282 -301 0
-282 -302 0
-282 -303 0
-282 -304 0
-283 -284 0
-283 -285 0
-283 -286 0
-283 -287 0
-283 -288 0
-283 -289 0
-283 -290 0
-283 -291 0
-283 -292 0
-283 -293 0
-283 -294 0
-283 -295 0
-283 -296 0
-283 -297 0
-283 -298 0
-283 -299 0
-283 -300 0
-283 -301 0
-283 -302 0
-283 -303 0
-283 -304 0
-284 -285 0
-284 -286 0
-284 -287 0
-284 -288 0
-284 -289 0
-284 -290 0
-284 -291 0
-284 -292 0
-284 -293 0
-284 -294 0
-284 -295 0
-284 -296 0
-284 -297 0
-284 -298 0
-284 -299 0
-284 -300 0
-284 -301 0
-284 -302 0
-284 -303 0
-284 -304 0
-285 -286 0
-285 -287 0
-285 -288 0
-285 -289 0
-285 -290 0
-285 -291 0
-285 -292 0
-285 -293 0
-285 -294 0
-285 -295 0
-285 -296 0
-285 -297 0
-285 -298 0
-285 -299 0
-285 -300 0
-285 -301 0
-285 -302 0
-285 -303 0
-285 -304 0
-286 -287 0
-286 -288 0
-286 -289 0
-286 -290 0
-286 -291 0
-286 -292 0
-286 -293 0
-286 -294 0
-286 -295 0
-286 -296 0
-286 -297 0
-286 -298 0
-286 -299 0
-286 -300 0
-286 -301 0
-286 -302 0
-286 -303 0
-286 -304 0
-287 -288 0
-287 -289 0
-287 -290 0
-287 -291 0
-287 -292 0
-287 -293 0
-287 -294 0
-287 -295 0
-287 -296 0
-287 -297 0
-287 -298 0
-287 -299 0
-287 -300 0
-287 -301 0
-287 -302 0
-287 -303 0
-287 -304 0
-288 -289 0
-288 -290 0
-288 -291 0
-288 -292 0
-288 -293 0
-288 -294 0
-288 -295 0
-288 -296 0
-288 -297 0
-288 -298 0
-288 -299 0
-288 -300 0
-288 -301 0
-288 -302 0
-288 -303 0
-288 -304 0
-289 -290 0
-289 -291 0
-289 -292 0
-289 -293 0
-289 -294 0
-289 -295 0
-289 -296 0
-289 -297 0
-289 -298 0
-289 -299 0
-289 -300 0
-289 -301 0
-289 -302 0
-289 -303 0
-289 -304 0
-290 -291 0
-290 -292 0
-290 -293 0
-290 -294 0
-290 -295 0
-290 -296 0
-290 -297 0
-290 -298 0
-290 -299 0
-290 -300 0
-290 -301 0
-290 -302 0
-290 -303 0
-290 -304 0
-291 -292 0
-291 -293 0
-291 -294 0
-291 -295 0
-291 -296 0
-291 -297 0
-291 -298 0
-291 -299 0
-291 -300 0
-291 -301 0
-291 -302 0
-291 -303 0
-291 -304 0
-292 -293 0
-292 -294 0
-292 -295 0
-292 -296 0
-292 -297 0
-292 -298 0
-292 -299 0
-292 -300 0
-292 -301 0
-292 -302 0
-292 -303 0
-292 -304 0
-293 -294 0
-293 -295 0
-293 -296 0
-293 -297 0
-293 -298 0
-293 -299 0
-293 -300 0
-293 -301 0
-293 -302 0
-293 -303 0
-293 -304 0
-294 -295 0
-294 -296 0
-294 -297 0
-294 -298 0
-294 -299 0
-294 -300 0
-294 -301 0
-294 -302 0
-294 -303 0
-294 -304 0
-295 -296 0
-295 -297 0
-295 -298 0
-295 -299 0
-295 -300 0
-295 -301 0
-295 -302 0
-295 -303 0
-295 -304 0
-296 -297 0
-296 -298 0
-296 -299 0
-296 -300 0
-296 -301 0
-296 -302 0
-296 -303 0
-296 -304 0
-297 -298 0
-297 -299 0
-297 -300 0
-297 -301 0
-297 -302 0
-297 -303 0
-297 -304 0
-298 -299 0
-298 -300 0
-298 -301 0
-298 -302 0
-298 -303 0
-298 -304 0
-299 -300 0
-299 -301 0
-299 -302 0
-299 -303 0
-299 -304 0
-300 -301 0
-300 -302 0
-300 -303 0
-300 -304 0
-301 -302 0
-301 -303 0
-301 -304 0
-302 -303 0
-302 -304 0
-303 -304 0
-305 -306 0
-305 -307 0
-305 -308 0
-305 -309 0
-305 -310 0
-305 -311 0
-305 -312 0
-305 -313 0
-305 -314 0
-305 -315 0
-305 -316 0
-305 -317 0
-305 -318 0
-305 -319 0
-305 -320 0
-305 -321 0
-305 -322 0
-305 -323 0
-305 -324 0
-305 -325 0
-305 -326 0
-305 -327 0
-305 -328 0
-305 -329 0
-305 -330 0
-305 -331 0
-305 -332 0
-305 -333 0
-305 -334 0
-305 -335 0
-305 -336 0
-305 -337 0
-305 -338 0
-305 -339 0
-305 -340 0
-305 -341 0
-305 -342 0
-306 -307 0
-306 -308 0
-306 -309 0
-306 -310 0
-306 -311 0
-306 -312 0
-306 -313 0
-306 -314 0
-306 -315 0
-306 -316 0
-306 -317 0
-306 -318 0
-306 -319 0
-306 -320 0
-306 -321 0
-306 -322 0
-306 -323 0
-306 -324 0
-306 -325 0
-306 -326 0
-306 -327 0
-306 -328 0
-306 -329 0
-306 -330 0
-306 -331 0
-306 -332 0
-306 -333 0
-306 -334 0
-306 -335 0
-306 -336 0
-306 -337 0
-306 -338 0
-306 -339 0
-306 -340 0
-306 -341 0
-306 -342 0
-307 -308 0
-307 -309 0
-307 -310 0
-307 -311 0
-307 -312 0
-307 -313 0
-307 -314 0
-307 -315 0
-307 -316 0
-307 -317 0
-307 -318 0
-307 -319 0
-307 -320 0
-307 -321 0
-307 -322 0
-307 -323 0
-307 -324 0
-307 -325 0
-307 -326 0
-307 -327 0
-307 -328 0
-307 -329 0
-307 -330 0
-307 -331 0
-307 -332 0
-307 -333 0
-307 -334 0
-307 -335 0
-307 -336 0
-307 -337 0
-307 -338 0
-307 -339 0
-307 -340 0
-307 -341 0
-307 -342 0
-308 -309 0
-308 -310 0
-308 -311 0
-308 -312 0
-308 -313 0
-308 -314 0
-308 -315 0
-308 -316 0
-308 -317 0
-308 -318 0
-308 -319 0
-308 -320 0
-308 -321 0
-308 -322 0
-308 -323 0
-308 -324 0
-308 -325 0
-308 -326 0
-308 -327 0
-308 -328 0
-308 -329 0
-308 -330 0
-308 -331 0
-308 -332 0
-308 -333 0
-308 -334 0
-308 -335 0
-308 -336 0
-308 -337 0
-308 -338 0
-308 -339 0
-308 -340 0
-308 -341 0
-308 -342 0
-309 -310 0
-309 -311 0
-309 -312 0
-309 -313 0
-309 -314 0
-309 -315 0
-309 -316 0
-309 -317 0
-309 -318 0
-309 -319 0
-309 -320 0
-309 -321 0
-309 -322 0
-309 -323 0
-309 -324 0
-309 -325 0
-309 -326 0
-309 -327 0
-309 -328 0
-309 -329 0
-309 -330 0
-309 -331 0
-309 -332 0
-309 -333 0
-309 -334 0
-309 -335 0
-309 -336 0
-309 -337 0
-309 -338 0
-309 -339 0
-309 -340 0
-309 -341 0
-309 -342 0
-310 -311 0
-310 -312 0
-310 -313 0
-310 -314 0
-310 -315 0
-310 -316 0
-310 -317 0
-310 -318 0
-310 -319 0
-310 -320 0
-310 -321 0
-310 -322 0
-310 -323 0
-310 -324 0
-310 -325 0
-310 -326 0
-310 -327 0
-310 -328 0
-310 -329 0
-310 -330 0
-310 -331 0
-310 -332 0
-310 -333 0
-310 -334 0
-310 -335 0
-310 -336 0
-310 -337 0
-310 -338 0
-310 -339 0
-310 -340 0
-310 -341 0
-310 -342 0
-311 -312 0
-311 -313 0
-311 -314 0
-311 -315 0
-311 -316 0
-311 -317 0
-311 -318 0
-311 -319 0
-311 -320 0
-311 -321 0
-311 -322 0
-311 -323 0
-311 -324 0
-311 -325 0
-311 -326 0
-311 -327 0
-311 -328 0
-311 -329 0
-311 -330 0
-311 -331 0
-311 -332 0
-311 -333 0
-311 -334 0
-311 -335 0
-311 -336 0
-311 -337 0
-311 -338 0
-311 -339 0
-311 -340 0
-311 -341 0
-311 -342 0
-312 -313 0
-312 -314 0
-312 -315 0
-312 -316 0
-312 -317 0
-312 -318 0
-312 -319 0
-312 -320 0
-312 -321 0
-312 -322 0
-312 -323 0
-312 -324 0
-312 -325 0
-312 -326 0
-312 -327 0
-312 -328 0
-312 -329 0
-312 -330 0
-312 -331 0
-312 -332 0
-312 -333 0
-312 -334 0
-312 -335 0
-312 -336 0
-312 -337 0
-312 -338 0
-312 -339 0
-312 -340 0
-312 -341 0
-312 -342 0
-313 -314 0
-313 -315 0
-313 -316 0
-313 -317 0
-313 -318 0
-313 -319 0
-313 -320 0
-313 -321 0
-313 -322 0
-313 -323 0
-313 -324 0
-313 -325 0
-313 -326 0
-313 -327 0
-313 -328 0
-313 -329 0
-313 -330 0
-313 -331 0
-313 -332 0
-313 -333 0
-313 -334 0
-313 -335 0
-313 -336 0
-313 -337 0
-313 -338 0
-313 -339 0
-313 -340 0
-313 -341 0
-313 -342 0
-314 -315 0
-314 -316 0
-314 -317 0
-314 -318 0
-314 -319 0
-314 -320 0
-314 -321 0
-314 -322 0
-314 -323 0
-314 -324 0
-314 -325 0
-314 -326 0
-314 -327 0
-314 -328 0
-314 -329 0
-314 -330 0
-314 -331 0
-314 -332 0
-314 -333 0
-314 -334 0
-314 -335 0
-314 -336 0
-314 -337 0
-314 -338 0
-314 -339 0
-314 -340 0
-314 -341 0
-314 -342 0
-315 -316 0
-315 -317 0
-315 -318 0
-315 -319 0
-315 -320 0
-315 -321 0
-315 -322 0
-315 -323 0
-315 -324 0
-315 -325 0
-315 -326 0
-315 -327 0
-315 -328 0
-315 -329 0
-315 -330 0
-315 -331 0
-315 -332 0
-315 -333 0
-315 -334 0
-315 -335 0
-315 -336 0
-315 -337 0
-315 -338 0
-315 -339 0
-315 -340 0
-315 -341 0
-315 -342 0
-316 -317 0
-316 -318 0
-316 -319 0
-316 -320 0
-316 -321 0
-316 -322 0
-316 -323 0
-316 -324 0
-316 -325 0
-316 -326 0
-316 -327 0
-316 -328 0
-316 -329 0
-316 -330 0
-316 -331 0
-316 -332 0
-316 -333 0
-316 -334 0
-316 -335 0
-316 -336 0
-316 -337 0
-316 -338 0
-316 -339 0
-316 -340 0
-316 -341 0
-316 -342 0
-317 -318 0
-317 -319 0
-317 -320 0
-317 -321 0
-317 -322 0
-317 -323 0
-317 -324 0
-317 -325 0
-317 -326 0
-317 -327 0
-317 -328 0
-317 -329 0
-317 -330 0
-317 -331 0
-317 -332 0
-317 -333 0
-317 -334 0
-317 -335 0
-317 -336 0
-317 -337 0
-317 -338 0
-317 -339 0
-317 -340 0
-317 -341 0
-317 -342 0
-318 -319 0
-318 -320 0
-318 -321 0
-318 -322 0
-318 -323 0
-318 -324 0
-318 -325 0
-318 -326 0
-318 -327 0
-318 -328 0
-318 -329 0
-318 -330 0
-318 -331 0
-318 -332 0
-318 -333 0
-318 -334 0
-318 -335 0
-318 -336 0
-318 -337 0
-318 -338 0
-318 -339 0
-318 -340 0
-318 -341 0
-318 -342 0
-319 -320 0
-319 -321 0
-319 -322 0
-319 -323 0
-319 -324 0
-319 -325 0
-319 -326 0
-319 -327 0
-319 -328 0
-319 -329 0
-319 -330 0
-319 -331 0
-319 -332 0
-319 -333 0
-319 -334 0
-319 -335 0
-319 -336 0
-319 -337 0
-319 -338 0
-319 -339 0
-319 -340 0
-319 -341 0
-319 -342 0
-320 -321 0
-320 -322 0
-320 -323 0
-320 -324 0
-320 -325 0
-320 -326 0
-320 -327 0
-320 -328 0
-320 -329 0
-320 -330 0
-320 -331 0
-320 -332 0
-320 -333 0
-320 -334 0
-320 -335 0
-320 -336 0
-320 -337 0
-320 -338 0
-320 -339 0
-320 -340 0
-320 -341 0
-320 -342 0
-321 -322 0
-321 -323 0
-321 -324 0
-321 -325 0
-321 -326 0
-321 -327 0
-321 -328 0
-321 -329 0
-321 -330 0
-321 -331 0
-321 -332 0
-321 -333 0
-321 -334 0
-321 -335 0
-321 -336 0
-321 -337 0
-321 -338 0
-321 -339 0
-321 -340 0
-321 -341 0
-321 -342 0
-322 -323 0
-322 -324 0
-322 -325 0
-322 -326 0
-322 -327 0
-322 -328 0
-322 -329 0
-322 -330 0
-322 -331 0
-322 -332 0
-322 -333 0
-322 -334 0
-322 -335 0
-322 -336 0
-322 -337 0
-322 -338 0
-322 -339 0
-322 -340 0
-322 -341 0
-322 -342 0
-323 -324 0
-323 -325 0
-323 -326 0
-323 -327 0
-323 -328 0
-323 -329 0
-323 -330 0
-323 -331 0
-323 -332 0
-323 -333 0
-323 -334 0
-323 -335 0
-323 -336 0
-323 -337 0
-323 -338 0
-323 -339 0
-323 -340 0
-323 -341 0
-323 -342 0
-324 -325 0
-324 -326 0
-324 -327 0
-324 -328 0
-324 -329 0
-324 -330 0
-324 -331 0
-324 -332 0
-324 -333 0
-324 -334 0
-324 -335 0
-324 -336 0
-324 -337 0
-324 -338 0
-324 -339 0
-324 -340 0
-324 -341 0
-324 -342 0
-325 -326 0
-325 -327 0
-325 -328 0
-325 -329 0
-325 -330 0
-325 -331 0
-325 -332 0
-325 -333 0
-325 -334 0
-325 -335 0
-325 -336 0
-325 -337 0
-325 -338 0
-325 -339 0
-325 -340 0
-325 -341 0
-325 -342 0
-326 -327 0
-326 -328 0
-326 -329 0
-326 -330 0
-326 -331 0
-326 -332 0
-326 -333 0
-326 -334 0
-326 -335 0
-326 -336 0
-326 -337 0
-326 -338 0
-326 -339 0
-326 -340 0
-326 -341 0
-326 -342 0
-327 -328 0
-327 -329 0
-327 -330 0
-327 -331 0
-327 -332 0
-327 -333 0
-327 -334 0
-327 -335 0
-327 -336 0
-327 -337 0
-327 -338 0
-327 -339 0
-327 -340 0
-327 -341 0
-327 -342 0
-328 -329 0
-328 -330 0
-328 -331 0
-328 -332 0
-328 -333 0
-328 -334 0
-328 -335 0
-328 -336 0
-328 -337 0
-328 -338 0
-328 -339 0
-328 -340 0
-328 -341 0
-328 -342 0
-329 -330 0
-329 -331 0
-329 -332 0
-329 -333 0
-329 -334 0
-329 -335 0
-329 -336 0
-329 -337 0
-329 -338 0
-329 -339 0
-329 -340 0
-329 -341 0
-329 -342 0
-330 -331 0
-330 -332 0
-330 -333 0
-330 -334 0
-330 -335 0
-330 -336 0
-330 -337 0
-330 -338 0
-330 -339 0
-330 -340 0
-330 -341 0
-330 -342 0
-331 -332 0
-331 -333 0
-331 -334 0
-331 -335 0
-331 -336 0
-331 -337 0
-331 -338 0
-331 -339 0
-331 -340 0
-331 -341 0
-331 -342 0
-332 -333 0
-332 -334 0
-332 -335 0
-332 -336 0
-332 -337 0
-332 -338 0
-332 -339 0
-332 -340 0
-332 -341 0
-332 -342 0
-333 -334 0
-333 -335 0
-333 -336 0
-333 -337 0
-333 -338 0
-333 -339 0
-333 -340 0
-333 -341 0
-333 -342 0
-334 -335 0
-334 -336 0
-334 -337 0
-334 -338 0
-334 -339 0
-334 -340 0
-334 -341 0
-334 -342 0
-335 -336 0
-335 -337 0
-335 -338 0
-335 -339 0
-335 -340 0
-335 -341 0
-335 -342 0
-336 -337 0
-336 -338 0
-336 -339 0
-336 -340 0
-336 -341 0
-336 -342 0
-337 -338 0
-337 -339 0
-337 -340 0
-337 -341 0
-337 -342 0
-338 -339 0
-338 -340 0
-338 -341 0
-338 -342 0
-339 -340 0
-339 -341 0
-339 -342 0
-340 -341 0
-340 -342 0
-341 -342 0
-343 -344 0
-343 -345 0
-343 -346 0
-343 -347 0
-343 -348 0
-343 -349 0
-343 -350 0
-343 -351 0
-343 -352 0
-343 -353 0
-343 -354 0
-343 -355 0
-343 -356 0
-343 -357 0
-343 -358 0
-343 -359 0
-343 -360 0
-343 -361 0
-343 -362 0
-343 -363 0
-343 -364 0
-343 -365 0
-343 -366 0
-343 -367 0
-343 -368 0
-343 -369 0
-343 -370 0
-343 -371 0
-343 -372 0
-343 -373 0
-343 -374 0
-343 -375 0
-343 -376 0
-343 -377 0
-343 -378 0
-343 -379 0
-343 -380 0
-344 -345 0
-344 -346 0
-344 -347 0
-344 -348 0
-344 -349 0
-344 -350 0
-344 -351 0
-344 -352 0
-344 -353 0
-344 -354 0
-344 -355 0
-344 -356 0
-344 -357 0
-344 -358 0
-344 -359 0
-344 -360 0
-344 -361 0
-344 -362 0
-344 -363 0
-344 -364 0
-344 -365 0
-344 -366 0
-344 -367 0
-344 -368 0
-344 -369 0
-344 -370 0
-344 -371 0
-344 -372 0
-344 -373 0
-344 -374 0
-344 -375 0
-344 -376 0
-344 -377 0
-344 -378 0
-344 -379 0
-344 -380 0
-345 -346 0
-345 -347 0
-345 -348 0
-345 -349 0
-345 -350 0
-345 -351 0
-345 -352 0
-345 -353 0
-345 -354 0
-345 -355 0
-345 -356 0
-345 -357 0
-345 -358 0
-345 -359 0
-345 -360 0
-345 -361 0
-345 -362 0
-345 -363 0
-345 -364 0
-345 -365 0
-345 -366 0
-345 -367 0
-345 -368 0
-345 -369 0
-345 -370 0
-345 -371 0
-345 -372 0
-345 -373 0
-345 -374 0
-345 -375 0
-345 -376 0
-345 -377 0
-345 -378 0
-345 -379 0
-345 -380 0
-346 -347 0
-346 -348 0
-346 -349 0
-346 -350 0
-346 -351 0
-346 -352 0
-346 -353 0
-346 -354 0
-346 -355 0
-346 -356 0
-346 -357 0
-346 -358 0
-346 -359 0
-346 -360 0
-346 -361 0
-346 -362 0
-346 -363 0
-346 -364 0
-346 -365 0
-346 -366 0
-346 -367 0
-346 -368 0
-346 -369 0
-346 -370 0
-346 -371 0
-346 -372 0
-346 -373 0
-346 -374 0
-346 -375 0
-346 -376 0
-346 -377 0
-346 -378 0
-346 -379 0
-346 -380 0
-347 -348 0
-347 -349 0
-347 -350 0
-347 -351 0
-347 -352 0
-347 -353 0
-347 -354 0
-347 -355 0
-347 -356 0
-347 -357 0
-347 -358 0
-347 -359 0
-347 -360 0
-347 -361 0
-347 -362 0
-347 -363 0
-347 -364 0
-347 -365 0
-347 -366 0
-347 -367 0
-347 -368 0
-347 -369 0
-347 -370 0
-347 -371 0
-347 -372 0
-347 -373 0
-347 -374 0
-347 -375 0
-347 -376 0
-347 -377 0
-347 -378 0
-347 -379 0
-347 -380 0
-348 -349 0
-348 -350 0
-348 -351 0
-348 -352 0
-348 -353 0
-348 -354 0
-348 -355 0
-348 -356 0
-348 -357 0
-348 -358 0
-348 -359 0
-348 -360 0
-348 -361 0
-348 -362 0
-348 -363 0
-348 -364 0
-348 -365 0
-348 -366 0
-348 -367 0
-348 -368 0
-348 -369 0
-348 -370 0
-348 -371 0
-348 -372 0
-348 -373 0
-348 -374 0
-348 -375 0
-348 -376 0
-348 -377 0
-348 -378 0
-348 -379 0
-348 -380 0
-349 -350 0
-349 -351 0
-349 -352 0
-349 -353 0
-349 -354 0
-349 -355 0
-349 -356 0
-349 -357 0
-349 -358 0
-349 -359 0
-349 -360 0
-349 -361 0
-349 -362 0
-349 -363 0
-349 -364 0
-349 -365 0
-349 -366 0
-349 -367 0
-349 -368 0
-349 -369 0
-349 -370 0
-349 -371 0
-349 -372 0
-349 -373 0
-349 -374 0
-349 -375 0
-349 -376 0
-349 -377 0
-349 -378 0
-349 -379 0
-349 -380 0
-350 -351 0
-350 -352 0
-350 -353 0
-350 -354 0
-350 -355 0
-350 -356 0
-350 -357 0
-350 -358 0
-350 -359 0
-350 -360 0
-350 -361 0
-350 -362 0
-350 -363 0
-350 -364 0
-350 -365 0
-350 -366 0
-350 -367 0
-350 -368 0
-350 -369 0
-350 -370 0
-350 -371 0
-350 -372 0
-350 -373 0
-350 -374 0
-350 -375 0
-350 -376 0
-350 -377 0
-350 -378 0
-350 -379 0
-350 -380 0
-351 -352 0
-351 -353 0
-351 -354 0
-351 -355 0
-351 -356 0
-351 -357 0
-351 -358 0
-351 -359 0
-351 -360 0
-351 -361 0
-351 -362 0
-351 -363 0
-351 -364 0
-351 -365 0
-351 -366 0
-351 -367 0
-351 -368 0
-351 -369 0
-351 -370 0
-351 -371 0
-351 -372 0
-351 -373 0
-351 -374 0
-351 -375 0
-351 -376 0
-351 -377 0
-351 -378 0
-351 -379 0
-351 -380 0
-352 -353 0
-352 -354 0
-352 -355 0
-352 -356 0
-352 -357 0
-352 -358 0
-352 -359 0
-352 -360 0
-352 -361 0
-352 -362 0
-352 -363 0
-352 -364 0
-352 -365 0
-352 -366 0
-352 -367 0
-352 -368 0
-352 -369 0
-352 -370 0
-352 -371 0
-352 -372 0
-352 -373 0
-352 -374 0
-352 -375 0
-352 -376 0
-352 -377 0
-352 -378 0
-352 -379 0
-352 -380 0
-353 -354 0
-353 -355 0
-353 -356 0
-353 -357 0
-353 -358 0
-353 -359 0
-353 -360 0
-353 -361 0
-353 -362 0
-353 -363 0
-353 -364 0
-353 -365 0
-353 -366 0
-353 -367 0
-353 -368 0
-353 -369 0
-353 -370 0
-353 -371 0
-353 -372 0
-353 -373 0
-353 -374 0
-353 -375 0
-353 -376 0
-353 -377 0
-353 -378 0
-353 -379 0
-353 -380 0
-354 -355 0
-354 -356 0
-354 -357 0
-354 -358 0
-354 -359 0
-354 -360 0
-354 -361 0
-354 -362 0
-354 -363 0
-354 -364 0
-354 -365 0
-354 -366 0
-354 -367 0
-354 -368 0
-354 -369 0
-354 -370 0
-354 -371 0
-354 -372 0
-354 -373 0
-354 -374 0
-354 -375 0
-354 -376 0
-354 -377 0
-354 -378 0
-354 -379 0
-354 -380 0
-355 -356 0
-355 -357 0
-355 -358 0
-355 -359 0
-355 -360 0
-355 -361 0
-355 -362 0
-355 -363 0
-355 -364 0
-355 -365 0
-355 -366 0
-355 -367 0
-355 -368 0
-355 -369 0
-355 -370 0
-355 -371 0
-355 -372 0
-355 -373 0
-355 -374 0
-355 -375 0
-355 -376 0
-355 -377 0
-355 -378 0
-355 -379 0
-355 -380 0
-356 -357 0
-356 -358 0
-356 -359 0
-356 -360 0
-356 -361 0
-356 -362 0
-356 -363 0
-356 -364 0
-356 -365 0
-356 -366 0
-356 -367 0
-356 -368 0
-356 -369 0
-356 -370 0
-356 -371 0
-356 -372 0
-356 -373 0
-356 -374 0
-356 -375 0
-356 -376 0
-356 -377 0
-356 -378 0
-356 -379 0
-356 -380 0
-357 -358 0
-357 -359 0
-357 -360 0
-357 -361 0
-357 -362 0
-357 -363 0
-357 -364 0
-357 -365 0
-357 -366 0
-357 -367 0
-357 -368 0
-357 -369 0
-357 -370 0
-357 -371 0
-357 -372 0
-357 -373 0
-357 -374 0
-357 -375 0
-357 -376 0
-357 -377 0
-357 -378 0
-357 -379 0
-357 -380 0
-358 -359 0
-358 -360 0
-358 -361 0
-358 -362 0
-358 -363 0
-358 -364 0
-358 -365 0
-358 -366 0
-358 -367 0
-358 -368 0
-358 -369 0
-358 -370 0
-358 -371 0
-358 -372 0
-358 -373 0
-358 -374 0
-358 -375 0
-358 -376 0
-358 -377 0
-358 -378 0
-358 -379 0
-358 -380 0
-359 -360 0
-359 -361 0
-359 -362 0
-359 -363 0
-359 -364 0
-359 -365 0
-359 -366 0
-359 -367 0
-359 -368 0
-359 -369 0
-359 -370 0
-359 -371 0
-359 -372 0
-359 -373 0
-359 -374 0
-359 -375 0
-359 -376 0
-359 -377 0
-359 -378 0
-359 -379 0
-359 -380 0
-360 -361 0
-360 -362 0
-360 -363 0
-360 -364 0
-360 -365 0
-360 -366 0
-360 -367 0
-360 -368 0
-360 -369 0
-360 -370 0
-360 -371 0
-360 -372 0
-360 -373 0
-360 -374 0
-360 -375 0
-360 -376 0
-360 -377 0
-360 -378 0
-360 -379 0
-360 -380 0
-361 -362 0
-361 -363 0
-361 -364 0
-361 -365 0
-361 -366 0
-361 -367 0
-361 -368 0
-361 -369 0
-361 -370 0
-361 -371 0
-361 -372 0
-361 -373 0
-361 -374 0
-361 -375 0
-361 -376 0
-361 -377 0
-361 -378 0
-361 -379 0
-361 -380 0
-362 -363 0
-362 -364 0
-362 -365 0
-362 -366 0
-362 -367 0
-362 -368 0
-362 -369 0
-362 -370 0
-362 -371 0
-362 -372 0
-362 -373 0
-362 -374 0
-362 -375 0
-362 -376 0
-362 -377 0
-362 -378 0
-362 -379 0
-362 -380 0
-363 -364 0
-363 -365 0
-363 -366 0
-363 -367 0
-363 -368 0
-363 -369 0
-363 -370 0
-363 -371 0
-363 -372 0
-363 -373 0
-363 -374 0
-363 -375 0
-363 -376 0
-363 -377 0
-363 -378 0
-363 -379 0
-363 -380 0
-364 -365 0
-364 -366 0
-364 -367 0
-364 -368 0
-364 -369 0
-364 -370 0
-364 -371 0
-364 -372 0
-364 -373 0
-364 -374 0
-364 -375 0
-364 -376 0
-364 -377 0
-364 -378 0
-364 -379 0
-364 -380 0
-365 -366 0
-365 -367 0
-365 -368 0
-365 -369 0
-365 -370 0
-365 -371 0
-365 -372 0
-365 -373 0
-365 -374 0
-365 -375 0
-365 -376 0
-365 -377 0
-365 -378 0
-365 -379 0
-365 -380 0
-366 -367 0
-366 -368 0
-366 -369 0
-366 -370 0
-366 -371 0
-366 -372 0
-366 -373 0
-366 -374 0
-366 -375 0
-366 -376 0
-366 -377 0
-366 -378 0
-366 -379 0
-366 -380 0
-367 -368 0
-367 -369 0
-367 -370 0
-367 -371 0
-367 -372 0
-367 -373 0
-367 -374 0
-367 -375 0
-367 -376 0
-367 -377 0
-367 -378 0
-367 -379 0
-367 -380 0
-368 -369 0
-368 -370 0
-368 -371 0
-368 -372 0
-368 -373 0
-368 -374 0
-368 -375 0
-368 -376 0
-368 -377 0
-368 -378 0
-368 -379 0
-368 -380 0
-369 -370 0
-369 -371 0
-369 -372 0
-369 -373 0
-369 -374 0
-369 -375 0
-369 -376 0
-369 -377 0
-369 -378 0
-369 -379 0
-369 -380 0
-370 -371 0
-370 -372 0
-370 -373 0
-370 -374 0
-370 -375 0
-370 -376 0
-370 -377 0
-370 -378 0
-370 -379 0
-370 -380 0
-371 -372 0
-371 -373 0
-371 -374 0
-371 -375 0
-371 -376 0
-371 -377 0
-371 -378 0
-371 -379 0
-371 -380 0
-372 -373 0
-372 -374 0
-372 -375 0
-372 -376 0
-372 -377 0
-372 -378 0
-372 -379 0
-372 -380 0
-373 -374 0
-373 -375 0
-373 -376 0
-373 -377 0
-373 -378 0
-373 -379 0
-373 -380 0
-374 -375 0
-374 -376 0
-374 -377 0
-374 -378 0
-374 -379 0
-374 -380 0
-375 -376 0
-375 -377 0
-375 -378 0
-375 -379 0
-375 -380 0
-376 -377 0
-376 -378 0
-376 -379 0
-376 -380 0
-377 -378 0
-377 -379 0
-377 -380 0
-378 -379 0
-378 -380 0
-379 -380 0
-381 -382 0
-381 -383 0
-381 -384 0
-381 -385 0
-381 -386 0
-381 -387 0
-381 -388 0
-381 -389 0
-381 -390 0
-381 -391 0
-381 -392 0
-381 -393 0
-381 -394 0
-381 -395 0
-381 -396 0
-381 -397 0
-381 -398 0
-381 -399 0
-381 -400 0
-381 -401 0
-381 -402 0
-381 -403 0
-381 -404 0
-381 -405 0
-381 -406 0
-381 -407 0
-381 -408 0
-381 -409 0
-381 -410 0
-381 -411 0
-381 -412 0
-381 -413 0
-381 -414 0
-381 -415 0
-381 -416 0
-381 -417 0
-381 -418 0
-382 -383 0
-382 -384 0
-382 -385 0
-382 -386 0
-382 -387 0
-382 -388 0
-382 -389 0
-382 -390 0
-382 -391 0
-382 -392 0
-382 -393 0
-382 -394 0
-382 -395 0
-382 -396 0
-382 -397 0
-382 -398 0
-382 -399 0
-382 -400 0
-382 -401 0
-382 -402 0
-382 -403 0
-382 -404 0
-382 -405 0
-382 -406 0
-382 -407 0
-382 -408 0
-382 -409 0
-382 -410 0
-382 -411 0
-382 -412 0
-382 -413 0
-382 -414 0
-382 -415 0
-382 -416 0
-382 -417 0
-382 -418 0
-383 -384 0
-383 -385 0
-383 -386 0
-383 -387 0
-383 -388 0
-383 -389 0
-383 -390 0
-383 -391 0
-383 -392 0
-383 -393 0
-383 -394 0
-383 -395 0
-383 -396 0
-383 -397 0
-383 -398 0
-383 -399 0
-383 -400 0
-383 -401 0
-383 -402 0
-383 -403 0
-383 -404 0
-383 -405 0
-383 -406 0
-383 -407 0
-383 -408 0
-383 -409 0
-383 -410 0
-383 -411 0
-383 -412 0
-383 -413 0
-383 -414 0
-383 -415 0
-383 -416 0
-383 -417 0
-383 -418 0
-384 -385 0
-384 -386 0
-384 -387 0
-384 -388 0
-384 -389 0
-384 -390 0
-384 -391 0
-384 -392 0
-384 -393 0
-384 -394 0
-384 -395 0
-384 -396 0
-384 -397 0
-384 -398 0
-384 -399 0
-384 -400 0
-384 -401 0
-384 -402 0
-384 -403 0
-384 -404 0
-384 -405 0
-384 -406 0
-384 -407 0
-384 -408 0
-384 -409 0
-384 -410 0
-384 -411 0
-384 -412 0
-384 -413 0
-384 -414 0
-384 -415 0
-384 -416 0
-384 -417 0
-384 -418 0
-385 -386 0
-385 -387 0
-385 -388 0
-385 -389 0
-385 -390 0
-385 -391 0
-385 -392 0
-385 -393 0
-385 -394 0
-385 -395 0
-385 -396 0
-385 -397 0
-385 -398 0
-385 -399 0
-385 -400 0
-385 -401 0
-385 -402 0
-385 -403 0
-385 -404 0
-385 -405 0
-385 -406 0
-385 -407 0
-385 -408 0
-385 -409 0
-385 -410 0
-385 -411 0
-385 -412 0
-385 -413 0
-385 -414 0
-385 -415 0
-385 -416 0
-385 -417 0
-385 -418 0
-386 -387 0
-386 -388 0
-386 -389 0
-386 -390 0
-386 -391 0
-386 -392 0
-386 -393 0
-386 -394 0
-386 -395 0
-386 -396 0
-386 -397 0
-386 -398 0
-386 -399 0
-386 -400 0
-386 -401 0
-386 -402 0
-386 -403 0
-386 -404 0
-386 -405 0
-386 -406 0
-386 -407 0
-386 -408 0
-386 -409 0
-386 -410 0
-386 -411 0
-386 -412 0
-386 -413 0
-386 -414 0
-386 -415 0
-386 -416 0
-386 -417 0
-386 -418 0
-387 -388 0
-387 -389 0
-387 -390 0
-387 -391 0
-387 -392 0
-387 -393 0
-387 -394 0
-387 -395 0
-387 -396 0
-387 -397 0
-387 -398 0
-387 -399 0
-387 -400 0
-387 -401 0
-387 -402 0
-387 -403 0
-387 -404 0
-387 -405 0
-387 -406 0
-387 -407 0
-387 -408 0
-387 -409 0
-387 -410 0
-387 -411 0
-387 -412 0
-387 -413 0
-387 -414 0
-387 -415 0
-387 -416 0
-387 -417 0
-387 -418 0
-388 -389 0
-388 -390 0
-388 -391 0
-388 -392 0
-388 -393 0
-388 -394 0
-388 -395 0
-388 -396 0
-388 -397 0
-388 -398 0
-388 -399 0
-388 -400 0
-388 -401 0
-388 -402 0
-388 -403 0
-388 -404 0
-388 -405 0
-388 -406 0
-388 -407 0
-388 -408 0
-388 -409 0
-388 -410 0
-388 -411 0
-388 -412 0
-388 -413 0
-388 -414 0
-388 -415 0
-388 -416 0
-388 -417 0
-388 -418 0
-389 -390 0
-389 -391 0
-389 -392 0
-389 -393 0
-389 -394 0
-389 -395 0
-389 -396 0
-389 -397 0
-389 -398 0
-389 -399 0
-389 -400 0
-389 -401 0
-389 -402 0
-389 -403 0
-389 -404 0
-389 -405 0
-389 -406 0
-389 -407 0
-389 -408 0
-389 -409 0
-389 -410 0
-389 -411 0
-389 -412 0
-389 -413 0
-389 -414 0
-389 -415 0
-389 -416 0
-389 -417 0
-389 -418 0
-390 -391 0
-390 -392 0
-390 -393 0
-390 -394 0
-390 -395 0
-390 -396 0
-390 -397 0
-390 -398 0
-390 -399 0
-390 -400 0
-390 -401 0
-390 -402 0
-390 -403 0
-390 -404 0
-390 -405 0
-390 -406 0
-390 -407 0
-390 -408 0
-390 -409 0
-390 -410 0
-390 -411 0
-390 -412 0
-390 -413 0
-390 -414 0
-390 -415 0
-390 -416 0
-390 -417 0
-390 -418 0
-391 -392 0
-391 -393 0
-391 -394 0
-391 -395 0
-391 -396 0
-391 -397 0
-391 -398 0
-391 -399 0
-391 -400 0
-391 -401 0
-391 -402 0
-391 -403 0
-391 -404 0
-391 -405 0
-391 -406 0
-391 -407 0
-391 -408 0
-391 -409 0
-391 -410 0
-391 -411 0
-391 -412 0
-391 -413 0
-391 -414 0
-391 -415 0
-391 -416 0
-391 -417 0
-391 -418 0
-392 -393 0
-392 -394 0
-392 -395 0
-392 -396 0
-392 -397 0
-392 -398 0
-392 -399 0
-392 -400 0
-392 -401 0
-392 -402 0
-392 -403 0
-392 -404 0
-392 -405 0
-392 -406 0
-392 -407 0
-392 -408 0
-392 -409 0
-392 -410 0
-392 -411 0
-392 -412 0
-392 -413 0
-392 -414 0
-392 -415 0
-392 -416 0
-392 -417 0
-392 -418 0
-393 -394 0
-393 -395 0
-393 -396 0
-393 -397 0
-393 -398 0
-393 -399 0
-393 -400 0
-393 -401 0
-393 -402 0
-393 -403 0
-393 -404 0
-393 -405 0
-393 -406 0
-393 -407 0
-393 -408 0
-393 -409 0
-393 -410 0
-393 -411 0
-393 -412 0
-393 -413 0
-393 -414 0
-393 -415 0
-393 -416 0
-393 -417 0
-393 -418 0
-394 -395 0
-394 -396 0
-394 -397 0
-394 -398 0
-394 -399 0
-394 -400 0
-394 -401 0
-394 -402 0
-394 -403 0
-394 -404 0
-394 -405 0
-394 -406 0
-394 -407 0
-394 -408 0
-394 -409 0
-394 -410 0
-394 -411 0
-394 -412 0
-394 -413 0
-394 -414 0
-394 -415 0
-394 -416 0
-394 -417 0
-394 -418 0
-395 -396 0
-395 -397 0
-395 -398 0
-395 -399 0
-395 -400 0
-395 -401 0
-395 -402 0
-395 -403 0
-395 -404 0
-395 -405 0
-395 -406 0
-395 -407 0
-395 -408 0
-395 -409 0
-395 -410 0
-395 -411 0
-395 -412 0
-395 -413 0
-395 -414 0
-395 -415 0
-395 -416 0
-395 -417 0
-395 -418 0
-396 -397 0
-396 -398 0
-396 -399 0
-396 -400 0
-396 -401 0
-396 -402 0
-396 -403 0
-396 -404 0
-396 -405 0
-396 -406 0
-396 -407 0
-396 -408 0
-396 -409 0
-396 -410 0
-396 -411 0
-396 -412 0
-396 -413 0
-396 -414 0
-396 -415 0
-396 -416 0
-396 -417 0
-396 -418 0
-397 -398 0
-397 -399 0
-397 -400 0
-397 -401 0
-397 -402 0
-397 -403 0
-397 -404 0
-397 -405 0
-397 -406 0
-397 -407 0
-397 -408 0
-397 -409 0
-397 -410 0
-397 -411 0
-397 -412 0
-397 -413 0
-397 -414 0
-397 -415 0
-397 -416 0
-397 -417 0
-397 -418 0
-398 -399 0
-398 -400 0
-398 -401 0
-398 -402 0
-398 -403 0
-398 -404 0
-398 -405 0
-398 -406 0
-398 -407 0
-398 -408 0
-398 -409 0
-398 -410 0
-398 -411 0
-398 -412 0
-398 -413 0
-398 -414 0
-398 -415 0
-398 -416 0
-398 -417 0
-398 -418 0
-399 -400 0
-399 -401 0
-399 -402 0
-399 -403 0
-399 -404 0
-399 -405 0
-399 -406 0
-399 -407 0
-399 -408 0
-399 -409 0
-399 -410 0
-399 -411 0
-399 -412 0
-399 -413 0
-399 -414 0
-399 -415 0
-399 -416 0
-399 -417 0
-399 -418 0
-400 -401 0
-400 -402 0
-400 -403 0
-400 -404 0
-400 -405 0
-400 -406 0
-400 -407 0
-400 -408 0
-400 -409 0
-400 -410 0
-400 -411 0
-400 -412 0
-400 -413 0
-400 -414 0
-400 -415 0
-400 -416 0
-400 -417 0
-400 -418 0
-401 -402 0
-401 -403 0
-401 -404 0
-401 -405 0
-401 -406 0
-401 -407 0
-401 -408 0
-401 -409 0
-401 -410 0
-401 -411 0
-401 -412 0
-401 -413 0
-401 -414 0
-401 -415 0
-401 -416 0
-401 -417 0
-401 -418 0
-402 -403 0
-402 -404 0
-402 -405 0
-402 -406 0
-402 -407 0
-402 -408 0
-402 -409 0
-402 -410 0
-402 -411 0
-402 -412 0
-402 -413 0
-402 -414 0
-402 -415 0
-402 -416 0
-402 -417 0
-402 -418 0
-403 -404 0
-403 -405 0
-403 -406 0
-403 -407 0
-403 -408 0
-403 -409 0
-403 -410 0
-403 -411 0
-403 -412 0
-403 -413 0
-403 -414 0
-403 -415 0
-403 -416 0
-403 -417 0
-403 -418 0
-404 -405 0
-404 -406 0
-404 -407 0
-404 -408 0
-404 -409 0
-404 -410 0
-404 -411 0
-404 -412 0
-404 -413 0
-404 -414 0
-404 -415 0
-404 -416 0
-404 -417 0
-404 -418 0
-405 -406 0
-405 -407 0
-405 -408 0
-405 -409 0
-405 -410 0
-405 -411 0
-405 -412 0
-405 -413 0
-405 -414 0
-405 -415 0
-405 -416 0
-405 -417 0
-405 -418 0
-406 -407 0
-406 -408 0
-406 -409 0
-406 -410 0
-406 -411 0
-406 -412 0
-406 -413 0
-406 -414 0
-406 -415 0
-406 -416 0
-406 -417 0
-406 -418 0
-407 -408 0
-407 -409 0
-407 -410 0
-407 -411 0
-407 -412 0
-407 -413 0
-407 -414 0
-407 -415 0
-407 -416 0
-407 -417 0
-407 -418 0
-408 -409 0
-408 -410 0
-408 -411 0
-408 -412 0
-408 -413 0
-408 -414 0
-408 -415 0
-408 -416 0
-408 -417 0
-408 -418 0
-409 -410 0
-409 -411 0
-409 -412 0
-409 -413 0
-409 -414 0
-409 -415 0
-409 -416 0
-409 -417 0
-409 -418 0
-410 -411 0
-410 -412 0
-410 -413 0
-410 -414 0
-410 -415 0
-410 -416 0
-410 -417 0
-410 -418 0
-411 -412 0
-411 -413 0
-411 -414 0
-411 -415 0
-411 -416 0
-411 -417 0
-411 -418 0
-412 -413 0
-412 -414 0
-412 -415 0
-412 -416 0
-412 -417 0
-412 -418 0
-413 -414 0
-413 -415 0
-413 -416 0
-413 -417 0
-413 -418 0
-414 -415 0
-414 -416 0
-414 -417 0
-414 -418 0
-415 -416 0
-415 -417 0
-415 -418 0
-416 -417 0
-416 -418 0
-417 -418 0
-419 -420 0
-419 -421 0
-419 -422 0
-419 -423 0
-419 -424 0
-419 -425 0
-419 -426 0
-419 -427 0
-419 -428 0
-419 -429 0
-419 -430 0
-419 -431 0
-419 -432 0
-419 -433 0
-419 -434 0
-419 -435 0
-419 -436 0
-419 -437 0
-419 -438 0
-419 -439 0
-419 -440 0
-419 -441 0
-419 -442 0
-419 -443 0
-419 -444 0
-419 -445 0
-419 -446 0
-419 -447 0
-419 -448 0
-419 -449 0
-419 -450 0
-419 -451 0
-419 -452 0
-419 -453 0
-419 -454 0
-419 -455 0
-419 -456 0
-420 -421 0
-420 -422 0
-420 -423 0
-420 -424 0
-420 -425 0
-420 -426 0
-420 -427 0
-420 -428 0
-420 -429 0
-420 -430 0
-420 -431 0
-420 -432 0
-420 -433 0
-420 -434 0
-420 -435 0
-420 -436 0
-420 -437 0
-420 -438 0
-420 -439 0
-420 -440 0
-420 -441 0
-420 -442 0
-420 -443 0
-420 -444 0
-420 -445 0
-420 -446 0
-420 -447 0
-420 -448 0
-420 -449 0
-420 -450 0
-420 -451 0
-420 -452 0
-420 -453 0
-420 -454 0
-420 -455 0
-420 -456 0
-421 -422 0
-421 -423 0
-421 -424 0
-421 -425 0
-421 -426 0
-421 -427 0
-421 -428 0
-421 -429 0
-421 -430 0
-421 -431 0
-421 -432 0
-421 -433 0
-421 -434 0
-421 -435 0
-421 -436 0
-421 -437 0
-421 -438 0
-421 -439 0
-421 -440 0
-421 -441 0
-421 -442 0
-421 -443 0
-421 -444 0
-421 -445 0
-421 -446 0
-421 -447 0
-421 -448 0
-421 -449 0
-421 -450 0
-421 -451 0
-421 -452 0
-421 -453 0
-421 -454 0
-421 -455 0
-421 -456 0
-422 -423 0
-422 -424 0
-422 -425 0
-422 -426 0
-422 -427 0
-422 -428 0
-422 -429 0
-422 -430 0
-422 -431 0
-422 -432 0
-422 -433 0
-422 -434 0
-422 -435 0
-422 -436 0
-422 -437 0
-422 -438 0
-422 -439 0
-422 -440 0
-422 -441 0
-422 -442 0
-422 -443 0
-422 -444 0
-422 -445 0
-422 -446 0
-422 -447 0
-422 -448 0
-422 -449 0
-422 -450 0
-422 -451 0
-422 -452 0
-422 -453 0
-422 -454 0
-422 -455 0
-422 -456 0
-423 -424 0
-423 -425 0
-423 -426 0
-423 -427 0
-423 -428 0
-423 -429 0
-423 -430 0
-423 -431 0
-423 -432 0
-423 -433 0
-423 -434 0
-423 -435 0
-423 -436 0
-423 -437 0
-423 -438 0
-423 -439 0
-423 -440 0
-423 -441 0
-423 -442 0
-423 -443 0
-423 -444 0
-423 -445 0
-423 -446 0
-423 -447 0
-423 -448 0
-423 -449 0
-423 -450 0
-423 -451 0
-423 -452 0
-423 -453 0
-423 -454 0
-423 -455 0
-423 -456 0
-424 -425 0
-424 -426 0
-424 -427 0
-424 -428 0
-424 -429 0
-424 -430 0
-424 -431 0
-424 -432 0
-424 -433 0
-424 -434 0
-424 -435 0
-424 -436 0
-424 -437 0
-424 -438 0
-424 -439 0
-424 -440 0
-424 -441 0
-424 -442 0
-424 -443 0
-424 -444 0
-424 -445 0
-424 -446 0
-424 -447 0
-424 -448 0
-424 -449 0
-424 -450 0
-424 -451 0
-424 -452 0
-424 -453 0
-424 -454 0
-424 -455 0
-424 -456 0
-425 -426 0
-425 -427 0
-425 -428 0
-425 -429 0
-425 -430 0
-425 -431 0
-425 -432 0
-425 -433 0
-425 -434 0
-425 -435 0
-425 -436 0
-425 -437 0
-425 -438 0
-425 -439 0
-425 -440 0
-425 -441 0
-425 -442 0
-425 -443 0
-425 -444 0
-425 -445 0
-425 -446 0
-425 -447 0
-425 -448 0
-425 -449 0
-425 -450 0
-425 -451 0
-425 -452 0
-425 -453 0
-425 -454 0
-425 -455 0
-425 -456 0
-426 -427 0
-426 -428 0
-426 -429 0
-426 -430 0
-426 -431 0
-426 -432 0
-426 -433 0
-426 -434 0
-426 -435 0
-426 -436 0
-426 -437 0
-426 -438 0
-426 -439 0
-426 -440 0
-426 -441 0
-426 -442 0
-426 -443 0
-426 -444 0
-426 -445 0
-426 -446 0
-426 -447 0
-426 -448 0
-426 -449 0
-426 -450 0
-426 -451 0
-426 -452 0
-426 -453 0
-426 -454 0
-426 -455 0
-426 -456 0
-427 -428 0
-427 -429 0
-427 -430 0
-427 -431 0
-427 -432 0
-427 -433 0
-427 -434 0
-427 -435 0
-427 -436 0
-427 -437 0
-427 -438 0
-427 -439 0
-427 -440 0
-427 -441 0
-427 -442 0
-427 -443 0
-427 -444 0
-427 -445 0
-427 -446 0
-427 -447 0
-427 -448 0
-427 -449 0
-427 -450 0
-427 -451 0
-427 -452 0
-427 -453 0
-427 -454 0
-427 -455 0
-427 -456 0
-428 -429 0
-428 -430 0
-428 -431 0
-428 -432 0
-428 -433 0
-428 -434 0
-428 -435 0
-428 -436 0
-428 -437 0
-428 -438 0
-428 -439 0
-428 -440 0
-428 -441 0
-428 -442 0
-428 -443 0
-428 -444 0
-428 -445 0
-428 -446 0
-428 -447 0
-428 -448 0
-428 -449 0
-428 -450 0
-428 -451 0
-428 -452 0
-428 -453 0
-428 -454 0
-428 -455 0
-428 -456 0
-429 -430 0
-429 -431 0
-429 -432 0
-429 -433 0
-429 -434 0
-429 -435 0
-429 -436 0
-429 -437 0
-429 -438 0
-429 -439 0
-429 -440 0
-429 -441 0
-429 -442 0
-429 -443 0
-429 -444 0
-429 -445 0
-429 -446 0
-429 -447 0
-429 -448 0
-429 -449 0
-429 -450 0
-429 -451 0
-429 -452 0
-429 -453 0
-429 -454 0
-429 -455 0
-429 -456 0
-430 -431 0
-430 -432 0
-430 -433 0
-430 -434 0
-430 -435 0
-430 -436 0
-430 -437 0
-430 -438 0
-430 -439 0
-430 -440 0
-430 -441 0
-430 -442 0
-430 -443 0
-430 -444 0
-430 -445 0
-430 -446 0
-430 -447 0
-430 -448 0
-430 -449 0
-430 -450 0
-430 -451 0
-430 -452 0
-430 -453 0
-430 -454 0
-430 -455 0
-430 -456 0
-431 -432 0
-431 -433 0
-431 -434 0
-431 -435 0
-431 -436 0
-431 -437 0
-431 -438 0
-431 -439 0
-431 -440 0
-431 -441 0
-431 -442 0
-431 -443 0
-431 -444 0
-431 -445 0
-431 -446 0
-431 -447 0
-431 -448 0
-431 -449 0
-431 -450 0
-431 -451 0
-431 -452 0
-431 -453 0
-431 -454 0
-431 -455 0
-431 -456 0
-432 -433 0
-432 -434 0
-432 -435 0
-432 -436 0
-432 -437 0
-432 -438 0
-432 -439 0
-432 -440 0
-432 -441 0
-432 -442 0
-432 -443 0
-432 -444 0
-432 -445 0
-432 -446 0
-432 -447 0
-432 -448 0
-432 -449 0
-432 -450 0
-432 -451 0
-432 -452 0
-432 -453 0
-432 -454 0
-432 -455 0
-432 -456 0
-433 -434 0
-433 -435 0
-433 -436 0
-433 -437 0
-433 -438 0
-433 -439 0
-433 -440 0
-433 -441 0
-433 -442 0
-433 -443 0
-433 -444 0
-433 -445 0
-433 -446 0
-433 -447 0
-433 -448 0
-433 -449 0
-433 -450 0
-433 -451 0
-433 -452 0
-433 -453 0
-433 -454 0
-433 -455 0
-433 -456 0
-434 -435 0
-434 -436 0
-434 -437 0
-434 -438 0
-434 -439 0
-434 -440 0
-434 -441 0
-434 -442 0
-434 -443 0
-434 -444 0
-434 -445 0
-434 -446 0
-434 -447 0
-434 -448 0
-434 -449 0
-434 -450 0
-434 -451 0
-434 -452 0
-434 -453 0
-434 -454 0
-434 -455 0
-434 -456 0
-435 -436 0
-435 -437 0
-435 -438 0
-435 -439 0
-435 -440 0
-435 -441 0
-435 -442 0
-435 -443 0
-435 -444 0
-435 -445 0
-435 -446 0
-435 -447 0
-435 -448 0
-435 -449 0
-435 -450 0
-435 -451 0
-435 -452 0
-435 -453 0
-435 -454 0
-435 -455 0
-435 -456 0
-436 -437 0
-436 -438 0
-436 -439 0
-436 -440 0
-436 -441 0
-436 -442 0
-436 -443 0
-436 -444 0
-436 -445 0
-436 -446 0
-436 -447 0
-436 -448 0
-436 -449 0
-436 -450 0
-436 -451 0
-436 -452 0
-436 -453 0
-436 -454 0
-436 -455 0
-436 -456 0
-437 -438 0
-437 -439 0
-437 -440 0
-437 -441 0
-437 -442 0
-437 -443 0
-437 -444 0
-437 -445 0
-437 -446 0
-437 -447 0
-437 -448 0
-437 -449 0
-437 -450 0
-437 -451 0
-437 -452 0
-437 -453 0
-437 -454 0
-437 -455 0
-437 -456 0
-438 -439 0
-438 -440 0
-438 -441 0
-438 -442 0
-438 -443 0
-438 -444 0
-438 -445 0
-438 -446 0
-438 -447 0
-438 -448 0
-438 -449 0
-438 -450 0
-438 -451 0
-438 -452 0
-438 -453 0
-438 -454 0
-438 -455 0
-438 -456 0
-439 -440 0
-439 -441 0
-439 -442 0
-439 -443 0
-439 -444 0
-439 -445 0
-439 -446 0
-439 -447 0
-439 -448 0
-439 -449 0
-439 -450 0
-439 -451 0
-439 -452 0
-439 -453 0
-439 -454 0
-439 -455 0
-439 -456 0
-440 -441 0
-440 -442 0
-440 -443 0
-440 -444 0
-440 -445 0
-440 -446 0
-440 -447 0
-440 -448 0
-440 -449 0
-440 -450 0
-440 -451 0
-440 -452 0
-440 -453 0
-440 -454 0
-440 -455 0
-440 -456 0
-441 -442 0
-441 -443 0
-441 -444 0
-441 -445 0
-441 -446 0
-441 -447 0
-441 -448 0
-441 -449 0
-441 -450 0
-441 -451 0
-441 -452 0
-441 -453 0
-441 -454 0
-441 -455 0
-441 -456 0
-442 -443 0
-442 -444 0
-442 -445 0
-442 -446 0
-442 -447 0
-442 -448 0
-442 -449 0
-442 -450 0
-442 -451 0
-442 -452 0
-442 -453 0
-442 -454 0
-442 -455 0
-442 -456 0
-443 -444 0
-443 -445 0
-443 -446 0
-443 -447 0
-443 -448 0
-443 -449 0
-443 -450 0
-443 -451 0
-443 -452 0
-443 -453 0
-443 -454 0
-443 -455 0
-443 -456 0
-444 -445 0
-444 -446 0
-444 -447 0
-444 -448 0
-444 -449 0
-444 -450 0
-444 -451 0
-444 -452 0
-444 -453 0
-444 -454 0
-444 -455 0
-444 -456 0
-445 -446 0
-445 -447 0
-445 -448 0
-445 -449 0
-445 -450 0
-445 -451 0
-445 -452 0
-445 -453 0
-445 -454 0
-445 -455 0
-445 -456 0
-446 -447 0
-446 -448 0
-446 -449 0
-446 -450 0
-446 -451 0
-446 -452 0
-446 -453 0
-446 -454 0
-446 -455 0
-446 -456 0
-447 -448 0
-447 -449 0
-447 -450 0
-447 -451 0
-447 -452 0
-447 -453 0
-447 -454 0
-447 -455 0
-447 -456 0
-448 -449 0
-448 -450 0
-448 -451 0
-448 -452 0
-448 -453 0
-448 -454 0
-448 -455 0
-448 -456 0
-449 -450 0
-449 -451 0
-449 -452 0
-449 -453 0
-449 -454 0
-449 -455 0
-449 -456 0
-450 -451 0
-450 -452 0
-450 -453 0
-450 -454 0
-450 -455 0
-450 -456 0
-451 -452 0
-451 -453 0
-451 -454 0
-451 -455 0
-451 -456 0
-452 -453 0
-452 -454 0
-452 -455 0
-452 -456 0
-453 -454 0
-453 -455 0
-453 -456 0
-454 -455 0
-454 -456 0
-455 -456 0
-457 -458 0
-457 -459 0
-457 -460 0
-457 -461 0
-457 -462 0
-457 -463 0
-457 -464 0
-457 -465 0
-457 -466 0
-457 -467 0
-457 -468 0
-457 -469 0
-457 -470 0
-457 -471 0
-457 -472 0
-457 -473 0
-457 -474 0
-457 -475 0
-457 -476 0
-457 -477 0
-457 -478 0
-457 -479 0
-457 -480 0
-457 -481 0
-457 -482 0
-457 -483 0
-457 -484 0
-457 -485 0
-457 -486 0
-457 -487 0
-457 -488 0
-457 -489 0
-457 -490 0
-457 -491 0
-457 -492 0
-457 -493 0
-457 -494 0
-458 -459 0
-458 -460 0
-458 -461 0
-458 -462 0
-458 -463 0
-458 -464 0
-458 -465 0
-458 -466 0
-458 -467 0
-458 -468 0
-458 -469 0
-458 -470 0
-458 -471 0
-458 -472 0
-458 -473 0
-458 -474 0
-458 -475 0
-458 -476 0
-458 -477 0
-458 -478 0
-458 -479 0
-458 -480 0
-458 -481 0
-458 -482 0
-458 -483 0
-458 -484 0
-458 -485 0
-458 -486 0
-458 -487 0
-458 -488 0
-458 -489 0
-458 -490 0
-458 -491 0
-458 -492 0
-458 -493 0
-458 -494 0
-459 -460 0
-459 -461 0
-459 -462 0
-459 -463 0
-459 -464 0
-459 -465 0
-459 -466 0
-459 -467 0
-459 -468 0
-459 -469 0
-459 -470 0
-459 -471 0
-459 -472 0
-459 -473 0
-459 -474 0
-459 -475 0
-459 -476 0
-459 -477 0
-459 -478 0
-459 -479 0
-459 -480 0
-459 -481 0
-459 -482 0
-459 -483 0
-459 -484 0
-459 -485 0
-459 -486 0
-459 -487 0
-459 -488 0
-459 -489 0
-459 -490 0
-459 -491 0
-459 -492 0
-459 -493 0
-459 -494 0
-460 -461 0
-460 -462 0
-460 -463 0
-460 -464 0
-460 -465 0
-460 -466 0
-460 -467 0
-460 -468 0
-460 -469 0
-460 -470 0
-460 -471 0
-460 -472 0
-460 -473 0
-460 -474 0
-460 -475 0
-460 -476 0
-460 -477 0
-460 -478 0
-460 -479 0
-460 -480 0
-460 -481 0
-460 -482 0
-460 -483 0
-460 -484 0
-460 -485 0
-460 -486 0
-460 -487 0
-460 -488 0
-460 -489 0
-460 -490 0
-460 -491 0
-460 -492 0
-460 -493 0
-460 -494 0
-461 -462 0
-461 -463 0
-461 -464 0
-461 -465 0
-461 -466 0
-461 -467 0
-461 -468 0
-461 -469 0
-461 -470 0
-461 -471 0
-461 -472 0
-461 -473 0
-461 -474 0
-461 -475 0
-461 -476 0
-461 -477 0
-461 -478 0
-461 -479 0
-461 -480 0
-461 -481 0
-461 -482 0
-461 -483 0
-461 -484 0
-461 -485 0
-461 -486 0
-461 -487 0
-461 -488 0
-461 -489 0
-461 -490 0
-461 -491 0
-461 -492 0
-461 -493 0
-461 -494 0
-462 -463 0
-462 -464 0
-462 -465 0
-462 -466 0
-462 -467 0
-462 -468 0
-462 -469 0
-462 -470 0
-462 -471 0
-462 -472 0
-462 -473 0
-462 -474 0
-462 -475 0
-462 -476 0
-462 -477 0
-462 -478 0
-462 -479 0
-462 -480 0
-462 -481 0
-462 -482 0
-462 -483 0
-462 -484 0
-462 -485 0
-462 -486 0
-462 -487 0
-462 -488 0
-462 -489 0
-462 -490 0
-462 -491 0
-462 -492 0
-462 -493 0
-462 -494 0
-463 -464 0
-463 -465 0
-463 -466 0
-463 -467 0
-463 -468 0
-463 -469 0
-463 -470 0
-463 -471 0
-463 -472 0
-463 -473 0
-463 -474 0
-463 -475 0
-463 -476 0
-463 -477 0
-463 -478 0
-463 -479 0
-463 -480 0
-463 -481 0
-463 -482 0
-463 -483 0
-463 -484 0
-463 -485 0
-463 -486 0
-463 -487 0
-463 -488 0
-463 -489 0
-463 -490 0
-463 -491 0
-463 -492 0
-463 -493 0
-463 -494 0
-464 -465 0
-464 -466 0
-464 -467 0
-464 -468 0
-464 -469 0
-464 -470 0
-464 -471 0
-464 -472 0
-464 -473 0
-464 -474 0
-464 -475 0
-464 -476 0
-464 -477 0
-464 -478 0
-464 -479 0
-464 -480 0
-464 -481 0
-464 -482 0
-464 -483 0
-464 -484 0
-464 -485 0
-464 -486 0
-464 -487 0
-464 -488 0
-464 -489 0
-464 -490 0
-464 -491 0
-464 -492 0
-464 -493 0
-464 -494 0
-465 -466 0
-465 -467 0
-465 -468 0
-465 -469 0
-465 -470 0
-465 -471 0
-465 -472 0
-465 -473 0
-465 -474 0
-465 -475 0
-465 -476 0
-465 -477 0
-465 -478 0
-465 -479 0
-465 -480 0
-465 -481 0
-465 -482 0
-465 -483 0
-465 -484 0
-465 -485 0
-465 -486 0
-465 -487 0
-465 -488 0
-465 -489 0
-465 -490 0
-465 -491 0
-465 -492 0
-465 -493 0
-465 -494 0
-466 -467 0
-466 -468 0
-466 -469 0
-466 -470 0
-466 -471 0
-466 -472 0
-466 -473 0
-466 -474 0
-466 -475 0
-466 -476 0
-466 -477 0
-466 -478 0
-466 -479 0
-466 -480 0
-466 -481 0
-466 -482 0
-466 -483 0
-466 -484 0
-466 -485 0
-466 -486 0
-466 -487 0
-466 -488 0
-466 -489 0
-466 -490 0
-466 -491 0
-466 -492 0
-466 -493 0
-466 -494 0
-467 -468 0
-467 -469 0
-467 -470 0
-467 -471 0
-467 -472 0
-467 -473 0
-467 -474 0
-467 -475 0
-467 -476 0
-467 -477 0
-467 -478 0
-467 -479 0
-467 -480 0
-467 -481 0
-467 -482 0
-467 -483 0
-467 -484 0
-467 -485 0
-467 -486 0
-467 -487 0
-467 -488 0
-467 -489 0
-467 -490 0
-467 -491 0
-467 -492 0
-467 -493 0
-467 -494 0
-468 -469 0
-468 -470 0
-468 -471 0
-468 -472 0
-468 -473 0
-468 -474 0
-468 -475 0
-468 -476 0
-468 -477 0
-468 -478 0
-468 -479 0
-468 -480 0
-468 -481 0
-468 -482 0
-468 -483 0
-468 -484 0
-468 -485 0
-468 -486 0
-468 -487 0
-468 -488 0
-468 -489 0
-468 -490 0
-468 -491 0
-468 -492 0
-468 -493 0
-468 -494 0
-469 -470 0
-469 -471 0
-469 -472 0
-469 -473 0
-469 -474 0
-469 -475 0
-469 -476 0
-469 -477 0
-469 -478 0
-469 -479 0
-469 -480 0
-469 -481 0
-469 -482 0
-469 -483 0
-469 -484 0
-469 -485 0
-469 -486 0
-469 -487 0
-469 -488 0
-469 -489 0
-469 -490 0
-469 -491 0
-469 -492 0
-469 -493 0
-469 -494 0
-470 -471 0
-470 -472 0
-470 -473 0
-470 -474 0
-470 -475 0
-470 -476 0
-470 -477 0
-470 -478 0
-470 -479 0
-470 -480 0
-470 -481 0
-470 -482 0
-470 -483 0
-470 -484 0
-470 -485 0
-470 -486 0
-470 -487 0
-470 -488 0
-470 -489 0
-470 -490 0
-470 -491 0
-470 -492 0
-470 -493 0
-470 -494 0
-471 -472 0
-471 -473 0
-471 -474 0
-471 -475 0
-471 -476 0
-471 -477 0
-471 -478 0
-471 -479 0
-471 -480 0
-471 -481 0
-471 -482 0
-471 -483 0
-471 -484 0
-471 -485 0
-471 -486 0
-471 -487 0
-471 -488 0
-471 -489 0
-471 -490 0
-471 -491 0
-471 -492 0
-471 -493 0
-471 -494 0
-472 -473 0
-472 -474 0
-472 -475 0
-472 -476 0
-472 -477 0
-472 -478 0
-472 -479 0
-472 -480 0
-472 -481 0
-472 -482 0
-472 -483 0
-472 -484 0
-472 -485 0
-472 -486 0
-472 -487 0
-472 -488 0
-472 -489 0
-472 -490 0
-472 -491 0
-472 -492 0
-472 -493 0
-472 -494 0
-473 -474 0
-473 -475 0
-473 -476 0
-473 -477 0
-473 -478 0
-473 -479 0
-473 -480 0
-473 -481 0
-473 -482 0
-473 -483 0
-473 -484 0
-473 -485 0
-473 -486 0
-473 -487 0
-473 -488 0
-473 -489 0
-473 -490 0
-473 -491 0
-473 -492 0
-473 -493 0
-473 -494 0
-474 -475 0
-474 -476 0
-474 -477 0
-474 -478 0
-474 -479 0
-474 -480 0
-474 -481 0
-474 -482 0
-474 -483 0
-474 -484 0
-474 -485 0
-474 -486 0
-474 -487 0
-474 -488 0
-474 -489 0
-474 -490 0
-474 -491 0
-474 -492 0
-474 -493 0
-474 -494 0
-475 -476 0
-475 -477 0
-475 -478 0
-475 -479 0
-475 -480 0
-475 -481 0
-475 -482 0
-475 -483 0
-475 -484 0
-475 -485 0
-475 -486 0
-475 -487 0
-475 -488 0
-475 -489 0
-475 -490 0
-475 -491 0
-475 -492 0
-475 -493 0
-475 -494 0
-476 -477 0
-476 -478 0
-476 -479 0
-476 -480 0
-476 -481 0
-476 -482 0
-476 -483 0
-476 -484 0
-476 -485 0
-476 -486 0
-476 -487 0
-476 -488 0
-476 -489 0
-476 -490 0
-476 -491 0
-476 -492 0
-476 -493 0
-476 -494 0
-477 -478 0
-477 -479 0
-477 -480 0
-477 -481 0
-477 -482 0
-477 -483 0
-477 -484 0
-477 -485 0
-477 -486 0
-477 -487 0
-477 -488 0
-477 -489 0
-477 -490 0
-477 -491 0
-477 -492 0
-477 -493 0
-477 -494 0
-478 -479 0
-478 -480 0
-478 -481 0
-478 -482 0
-478 -483 0
-478 -484 0
-478 -485 0
-478 -486 0
-478 -487 0
-478 -488 0
-478 -489 0
-478 -490 0
-478 -491 0
-478 -492 0
-478 -493 0
-478 -494 0
-479 -480 0
-479 -481 0
-479 -482 0
-479 -483 0
-479 -484 0
-479 -485 0
-479 -486 0
-479 -487 0
-479 -488 0
-479 -489 0
-479 -490 0
-479 -491 0
-479 -492 0
-479 -493 0
-479 -494 0
-480 -481 0
-480 -482 0
-480 -483 0
-480 -484 0
-480 -485 0
-480 -486 0
-480 -487 0
-480 -488 0
-480 -489 0
-480 -490 0
-480 -491 0
-480 -492 0
-480 -493 0
-480 -494 0
-481 -482 0
-481 -483 0
-481 -484 0
-481 -485 0
-481 -486 0
-481 -487 0
-481 -488 0
-481 -489 0
-481 -490 0
-481 -491 0
-481 -492 0
-481 -493 0
-481 -494 0
-482 -483 0
-482 -484 0
-482 -485 0
-482 -486 0
-482 -487 0
-482 -488 0
-482 -489 0
-482 -490 0
-482 -491 0
-482 -492 0
-482 -493 0
-482 -494 0
-483 -484 0
-483 -485 0
-483 -486 0
-483 -487 0
-483 -488 0
-483 -489 0
-483 -490 0
-483 -491 0
-483 -492 0
-483 -493 0
-483 -494 0
-484 -485 0
-484 -486 0
-484 -487 0
-484 -488 0
-484 -489 0
-484 -490 0
-484 -491 0
-484 -492 0
-484 -493 0
-484 -494 0
-485 -486 0
-485 -487 0
-485 -488 0
-485 -489 0
-485 -490 0
-485 -491 0
-485 -492 0
-485 -493 0
-485 -494 0
-486 -487 0
-486 -488 0
-486 -489 0
-486 -490 0
-486 -491 0
-486 -492 0
-486 -493 0
-486 -494 0
-487 -488 0
-487 -489 0
-487 -490 0
-487 -491 0
-487 -492 0
-487 -493 0
-487 -494 0
-488 -489 0
-488 -490 0
-488 -491 0
-488 -492 0
-488 -493 0
-488 -494 0
-489 -490 0
-489 -491 0
-489 -492 0
-489 -493 0
-489 -494 0
-490 -491 0
-490 -492 0
-490 -493 0
-490 -494 0
-491 -492 0
-491 -493 0
-491 -494 0
-492 -493 0
-492 -494 0
-493 -494 0
-495 -496 0
-495 -497 0
-495 -498 0
-495 -499 0
-495 -500 0
-495 -501 0
-495 -502 0
-495 -503 0
-495 -504 0
-495 -505 0
-495 -506 0
-495 -507 0
-495 -508 0
-495 -509 0
-495 -510 0
-495 -511 0
-495 -512 0
-495 -513 0
-495 -514 0
-495 -515 0
-495 -516 0
-495 -517 0
-495 -518 0
-495 -519 0
-495 -520 0
-495 -521 0
-495 -522 0
-495 -523 0
-495 -524 0
-495 -525 0
-495 -526 0
-495 -527 0
-495 -528 0
-495 -529 0
-495 -530 0
-495 -531 0
-495 -532 0
-496 -497 0
-496 -498 0
-496 -499 0
-496 -500 0
-496 -501 0
-496 -502 0
-496 -503 0
-496 -504 0
-496 -505 0
-496 -506 0
-496 -507 0
-496 -508 0
-496 -509 0
-496 -510 0
-496 -511 0
-496 -512 0
-496 -513 0
-496 -514 0
-496 -515 0
-496 -516 0
-496 -517 0
-496 -518 0
-496 -519 0
-496 -520 0
-496 -521 0
-496 -522 0
-496 -523 0
-496 -524 0
-496 -525 0
-496 -526 0
-496 -527 0
-496 -528 0
-496 -529 0
-496 -530 0
-496 -531 0
-496 -532 0
-497 -498 0
-497 -499 0
-497 -500 0
-497 -501 0
-497 -502 0
-497 -503 0
-497 -504 0
-497 -505 0
-497 -506 0
-497 -507 0
-497 -508 0
-497 -509 0
-497 -510 0
-497 -511 0
-497 -512 0
-497 -513 0
-497 -514 0
-497 -515 0
-497 -516 0
-497 -517 0
-497 -518 0
-497 -519 0
-497 -520 0
-497 -521 0
-497 -522 0
-497 -523 0
-497 -524 0
-497 -525 0
-497 -526 0
-497 -527 0
-497 -528 0
-497 -529 0
-497 -530 0
-497 -531 0
-497 -532 0
-498 -499 0
-498 -500 0
-498 -501 0
-498 -502 0
-498 -503 0
-498 -504 0
-498 -505 0
-498 -506 0
-498 -507 0
-498 -508 0
-498 -509 0
-498 -510 0
-498 -511 0
-498 -512 0
-498 -513 0
-498 -514 0
-498 -515 0
-498 -516 0
-498 -517 0
-498 -518 0
-498 -519 0
-498 -520 0
-498 -521 0
-498 -522 0
-498 -523 0
-498 -524 0
-498 -525 0
-498 -526 0
-498 -527 0
-498 -528 0
-498 -529 0
-498 -530 0
-498 -531 0
-498 -532 0
-499 -500 0
-499 -501 0
-499 -502 0
-499 -503 0
-499 -504 0
-499 -505 0
-499 -506 0
-499 -507 0
-499 -508 0
-499 -509 0
-499 -510 0
-499 -511 0
-499 -512 0
-499 -513 0
-499 -514 0
-499 -515 0
-499 -516 0
-499 -517 0
-499 -518 0
-499 -519 0
-499 -520 0
-499 -521 0
-499 -522 0
-499 -523 0
-499 -524 0
-499 -525 0
-499 -526 0
-499 -527 0
-499 -528 0
-499 -529 0
-499 -530 0
-499 -531 0
-499 -532 0
-500 -501 0
-500 -502 0
-500 -503 0
-500 -504 0
-500 -505 0
-500 -506 0
-500 -507 0
-500 -508 0
-500 -509 0
-500 -510 0
-500 -511 0
-500 -512 0
-500 -513 0
-500 -514 0
-500 -515 0
-500 -516 0
-500 -517 0
-500 -518 0
-500 -519 0
-500 -520 0
-500 -521 0
-500 -522 0
-500 -523 0
-500 -524 0
-500 -525 0
-500 -526 0
-500 -527 0
-500 -528 0
-500 -529 0
-500 -530 0
-500 -531 0
-500 -532 0
-501 -502 0
-501 -503 0
-501 -504 0
-501 -505 0
-501 -506 0
-501 -507 0
-501 -508 0
-501 -509 0
-501 -510 0
-501 -511 0
-501 -512 0
-501 -513 0
-501 -514 0
-501 -515 0
-501 -516 0
-501 -517 0
-501 -518 0
-501 -519 0
-501 -520 0
-501 -521 0
-501 -522 0
-501 -523 0
-501 -524 0
-501 -525 0
-501 -526 0
-501 -527 0
-501 -528 0
-501 -529 0
-501 -530 0
-501 -531 0
-501 -532 0
-502 -503 0
-502 -504 0
-502 -505 0
-502 -506 0
-502 -507 0
-502 -508 0
-502 -509 0
-502 -510 0
-502 -511 0
-502 -512 0
-502 -513 0
-502 -514 0
-502 -515 0
-502 -516 0
-502 -517 0
-502 -518 0
-502 -519 0
-502 -520 0
-502 -521 0
-502 -522 0
-502 -523 0
-502 -524 0
-502 -525 0
-502 -526 0
-502 -527 0
-502 -528 0
-502 -529 0
-502 -530 0
-502 -531 0
-502 -532 0
-503 -504 0
-503 -505 0
-503 -506 0
-503 -507 0
-503 -508 0
-503 -509 0
-503 -510 0
-503 -511 0
-503 -512 0
-503 -513 0
-503 -514 0
-503 -515 0
-503 -516 0
-503 -517 0
-503 -518 0
-503 -519 0
-503 -520 0
-503 -521 0
-503 -522 0
-503 -523 0
-503 -524 0
-503 -525 0
-503 -526 0
-503 -527 0
-503 -528 0
-503 -529 0
-503 -530 0
-503 -531 0
-503 -532 0
-504 -505 0
-504 -506 0
-504 -507 0
-504 -508 0
-504 -509 0
-504 -510 0
-504 -511 0
-504 -512 0
-504 -513 0
-504 -514 0
-504 -515 0
-504 -516 0
-504 -517 0
-504 -518 0
-504 -519 0
-504 -520 0
-504 -521 0
-504 -522 0
-504 -523 0
-504 -524 0
-504 -525 0
-504 -526 0
-504 -527 0
-504 -528 0
-504 -529 0
-504 -530 0
-504 -531 0
-504 -532 0
-505 -506 0
-505 -507 0
-505 -508 0
-505 -509 0
-505 -510 0
-505 -511 0
-505 -512 0
-505 -513 0
-505 -514 0
-505 -515 0
-505 -516 0
-505 -517 0
-505 -518 0
-505 -519 0
-505 -520 0
-505 -521 0
-505 -522 0
-505 -523 0
-505 -524 0
-505 -525 0
-505 -526 0
-505 -527 0
-505 -528 0
-505 -529 0
-505 -530 0
-505 -531 0
-505 -532 0
-506 -507 0
-506 -508 0
-506 -509 0
-506 -510 0
-506 -511 0
-506 -512 0
-506 -513 0
-506 -514 0
-506 -515 0
-506 -516 0
-506 -517 0
-506 -518 0
-506 -519 0
-506 -520 0
-506 -521 0
-506 -522 0
-506 -523 0
-506 -524 0
-506 -525 0
-506 -526 0
-506 -527 0
-506 -528 0
-506 -529 0
-506 -530 0
-506 -531 0
-506 -532 0
-507 -508 0
-507 -509 0
-507 -510 0
-507 -511 0
-507 -512 0
-507 -513 0
-507 -514 0
-507 -515 0
-507 -516 0
-507 -517 0
-507 -518 0
-507 -519 0
-507 -520 0
-507 -521 0
-507 -522 0
-507 -523 0
-507 -524 0
-507 -525 0
-507 -526 0
-507 -527 0
-507 -528 0
-507 -529 0
-507 -530 0
-507 -531 0
-507 -532 0
-508 -509 0
-508 -510 0
-508 -511 0
-508 -512 0
-508 -513 0
-508 -514 0
-508 -515 0
-508 -516 0
-508 -517 0
-508 -518 0
-508 -519 0
-508 -520 0
-508 -521 0
-508 -522 0
-508 -523 0
-508 -524 0
-508 -525 0
-508 -526 0
-508 -527 0
-508 -528 0
-508 -529 0
-508 -530 0
-508 -531 0
-508 -532 0
-509 -510 0
-509 -511 0
-509 -512 0
-509 -513 0
-509 -514 0
-509 -515 0
-509 -516 0
-509 -517 0
-509 -518 0
-509 -519 0
-509 -520 0
-509 -521 0
-509 -522 0
-509 -523 0
-509 -524 0
-509 -525 0
-509 -526 0
-509 -527 0
-509 -528 0
-509 -529 0
-509 -530 0
-509 -531 0
-509 -532 0
-510 -511 0
-510 -512 0
-510 -513 0
-510 -514 0
-510 -515 0
-510 -516 0
-510 -517 0
-510 -518 0
-510 -519 0
-510 -520 0
-510 -521 0
-510 -522 0
-510 -523 0
-510 -524 0
-510 -525 0
-510 -526 0
-510 -527 0
-510 -528 0
-510 -529 0
-510 -530 0
-510 -531 0
-510 -532 0
-511 -512 0
-511 -513 0
-511 -514 0
-511 -515 0
-511 -516 0
-511 -517 0
-511 -518 0
-511 -519 0
-511 -520 0
-511 -521 0
-511 -522 0
-511 -523 0
-511 -524 0
-511 -525 0
-511 -526 0
-511 -527 0
-511 -528 0
-511 -529 0
-511 -530 0
-511 -531 0
-511 -532 0
-512 -513 0
-512 -514 0
-512 -515 0
-512 -516 0
-512 -517 0
-512 -518 0
-512 -519 0
-512 -520 0
-512 -521 0
-512 -522 0
-512 -523 0
-512 -524 0
-512 -525 0
-512 -526 0
-512 -527 0
-512 -528 0
-512 -529 0
-512 -530 0
-512 -531 0
-512 -532 0
-513 -514 0
-513 -515 0
-513 -516 0
-513 -517 0
-513 -518 0
-513 -519 0
-513 -520 0
-513 -521 0
-513 -522 0
-513 -523 0
-513 -524 0
-513 -525 0
-513 -526 0
-513 -527 0
-513 -528 0
-513 -529 0
-513 -530 0
-513 -531 0
-513 -532 0
-514 -515 0
-514 -516 0
-514 -517 0
-514 -518 0
-514 -519 0
-514 -520 0
-514 -521 0
-514 -522 0
-514 -523 0
-514 -524 0
-514 -525 0
-514 -526 0
-514 -527 0
-514 -528 0
-514 -529 0
-514 -530 0
-514 -531 0
-514 -532 0
-515 -516 0
-515 -517 0
-515 -518 0
-515 -519 0
-515 -520 0
-515 -521 0
-515 -522 0
-515 -523 0
-515 -524 0
-515 -525 0
-515 -526 0
-515 -527 0
-515 -528 0
-515 -529 0
-515 -530 0
-515 -531 0
-515 -532 0
-516 -517 0
-516 -518 0
-516 -519 0
-516 -520 0
-516 -521 0
-516 -522 0
-516 -523 0
-516 -524 0
-516 -525 0
-516 -526 0
-516 -527 0
-516 -528 0
-516 -529 0
-516 -530 0
-516 -531 0
-516 -532 0
-517 -518 0
-517 -519 0
-517 -520 0
-517 -521 0
-517 -522 0
-517 -523 0
-517 -524 0
-517 -525 0
-517 -526 0
-517 -527 0
-517 -528 0
-517 -529 0
-517 -530 0
-517 -531 0
-517 -532 0
-518 -519 0
-518 -520 0
-518 -521 0
-518 -522 0
-518 -523 0
-518 -524 0
-518 -525 0
-518 -526 0
-518 -527 0
-518 -528 0
-518 -529 0
-518 -530 0
-518 -531 0
-518 -532 0
-519 -520 0
-519 -521 0
-519 -522 0
-519 -523 0
-519 -524 0
-519 -525 0
-519 -526 0
-519 -527 0
-519 -528 0
-519 -529 0
-519 -530 0
-519 -531 0
-519 -532 0
-520 -521 0
-520 -522 0
-520 -523 0
-520 -524 0
-520 -525 0
-520 -526 0
-520 -527 0
-520 -528 0
-520 -529 0
-520 -530 0
-520 -531 0
-520 -532 0
-521 -522 0
-521 -523 0
-521 -524 0
-521 -525 0
-521 -526 0
-521 -527 0
-521 -528 0
-521 -529 0
-521 -530 0
-521 -531 0
-521 -532 0
-522 -523 0
-522 -524 0
-522 -525 0
-522 -526 0
-522 -527 0
-522 -528 0
-522 -529 0
-522 -530 0
-522 -531 0
-522 -532 0
-523 -524 0
-523 -525 0
-523 -526 0
-523 -527 0
-523 -528 0
-523 -529 0
-523 -530 0
-523 -531 0
-523 -532 0
-524 -525 0
-524 -526 0
-524 -527 0
-524 -528 0
-524 -529 0
-524 -530 0
-524 -531 0
-524 -532 0
-525 -526 0
-525 -527 0
-525 -528 0
-525 -529 0
-525 -530 0
-525 -531 0
-525 -532 0
-526 -527 0
-526 -528 0
-526 -529 0
-526 -530 0
-526 -531 0
-526 -532 0
-527 -528 0
-527 -529 0
-527 -530 0
-527 -531 0
-527 -532 0
-528 -529 0
-528 -530 0
-528 -531 0
-528 -532 0
-529 -530 0
-529 -531 0
-529 -532 0
-530 -531 0
-530 -532 0
-531 -532 0
-533 -534 0
-533 -535 0
-533 -536 0
-533 -537 0
-533 -538 0
-533 -539 0
-533 -540 0
-533 -541 0
-533 -542 0
-533 -543 0
-533 -544 0
-533 -545 0
-533 -546 0
-533 -547 0
-533 -548 0
-533 -549 0
-533 -550 0
-533 -551 0
-533 -552 0
-533 -553 0
-533 -554 0
-533 -555 0
-533 -556 0
-533 -557 0
-533 -558 0
-533 -559 0
-533 -560 0
-533 -561 0
-533 -562 0
-533 -563 0
-533 -564 0
-533 -565 0
-533 -566 0
-533 -567 0
-533 -568 0
-533 -569 0
-533 -570 0
-534 -535 0
-534 -536 0
-534 -537 0
-534 -538 0
-534 -539 0
-534 -540 0
-534 -541 0
-534 -542 0
-534 -543 0
-534 -544 0
-534 -545 0
-534 -546 0
-534 -547 0
-534 -548 0
-534 -549 0
-534 -550 0
-534 -551 0
-534 -552 0
-534 -553 0
-534 -554 0
-534 -555 0
-534 -556 0
-534 -557 0
-534 -558 0
-534 -559 0
-534 -560 0
-534 -561 0
-534 -562 0
-534 -563 0
-534 -564 0
-534 -565 0
-534 -566 0
-534 -567 0
-534 -568 0
-534 -569 0
-534 -570 0
-535 -536 0
-535 -537 0
-535 -538 0
-535 -539 0
-535 -540 0
-535 -541 0
-535 -542 0
-535 -543 0
-535 -544 0
-535 -545 0
-535 -546 0
-535 -547 0
-535 -548 0
-535 -549 0
-535 -550 0
-535 -551 0
-535 -552 0
-535 -553 0
-535 -554 0
-535 -555 0
-535 -556 0
-535 -557 0
-535 -558 0
-535 -559 0
-535 -560 0
-535 -561 0
-535 -562 0
-535 -563 0
-535 -564 0
-535 -565 0
-535 -566 0
-535 -567 0
-535 -568 0
-535 -569 0
-535 -570 0
-536 -537 0
-536 -538 0
-536 -539 0
-536 -540 0
-536 -541 0
-536 -542 0
-536 -543 0
-536 -544 0
-536 -545 0
-536 -546 0
-536 -547 0
-536 -548 0
-536 -549 0
-536 -550 0
-536 -551 0
-536 -552 0
-536 -553 0
-536 -554 0
-536 -555 0
-536 -556 0
-536 -557 0
-536 -558 0
-536 -559 0
-536 -560 0
-536 -561 0
-536 -562 0
-536 -563 0
-536 -564 0
-536 -565 0
-536 -566 0
-536 -567 0
-536 -568 0
-536 -569 0
-536 -570 0
-537 -538 0
-537 -539 0
-537 -540 0
-537 -541 0
-537 -542 0
-537 -543 0
-537 -544 0
-537 -545 0
-537 -546 0
-537 -547 0
-537 -548 0
-537 -549 0
-537 -550 0
-537 -551 0
-537 -552 0
-537 -553 0
-537 -554 0
-537 -555 0
-537 -556 0
-537 -557 0
-537 -558 0
-537 -559 0
-537 -560 0
-537 -561 0
-537 -562 0
-537 -563 0
-537 -564 0
-537 -565 0
-537 -566 0
-537 -567 0
-537 -568 0
-537 -569 0
-537 -570 0
-538 -539 0
-538 -540 0
-538 -541 0
-538 -542 0
-538 -543 0
-538 -544 0
-538 -545 0
-538 -546 0
-538 -547 0
-538 -548 0
-538 -549 0
-538 -550 0
-538 -551 0
-538 -552 0
-538 -553 0
-538 -554 0
-538 -555 0
-538 -556 0
-538 -557 0
-538 -558 0
-538 -559 0
-538 -560 0
-538 -561 0
-538 -562 0
-538 -563 0
-538 -564 0
-538 -565 0
-538 -566 0
-538 -567 0
-538 -568 0
-538 -569 0
-538 -570 0
-539 -540 0
-539 -541 0
-539 -542 0
-539 -543 0
-539 -544 0
-539 -545 0
-539 -546 0
-539 -547 0
-539 -548 0
-539 -549 0
-539 -550 0
-539 -551 0
-539 -552 0
-539 -553 0
-539 -554 0
-539 -555 0
-539 -556 0
-539 -557 0
-539 -558 0
-539 -559 0
-539 -560 0
-539 -561 0
-539 -562 0
-539 -563 0
-539 -564 0
-539 -565 0
-539 -566 0
-539 -567 0
-539 -568 0
-539 -569 0
-539 -570 0
-540 -541 0
-540 -542 0
-540 -543 0
-540 -544 0
-540 -545 0
-540 -546 0
-540 -547 0
-540 -548 0
-540 -549 0
-540 -550 0
-540 -551 0
-540 -552 0
-540 -553 0
-540 -554 0
-540 -555 0
-540 -556 0
-540 -557 0
-540 -558 0
-540 -559 0
-540 -560 0
-540 -561 0
-540 -562 0
-540 -563 0
-540 -564 0
-540 -565 0
-540 -566 0
-540 -567 0
-540 -568 0
-540 -569 0
-540 -570 0
-541 -542 0
-541 -543 0
-541 -544 0
-541 -545 0
-541 -546 0
-541 -547 0
-541 -548 0
-541 -549 0
-541 -550 0
-541 -551 0
-541 -552 0
-541 -553 0
-541 -554 0
-541 -555 0
-541 -556 0
-541 -557 0
-541 -558 0
-541 -559 0
-541 -560 0
-541 -561 0
-541 -562 0
-541 -563 0
-541 -564 0
-541 -565 0
-541 -566 0
-541 -567 0
-541 -568 0
-541 -569 0
-541 -570 0
-542 -543 0
-542 -544 0
-542 -545 0
-542 -546 0
-542 -547 0
-542 -548 0
-542 -549 0
-542 -550 0
-542 -551 0
-542 -552 0
-542 -553 0
-542 -554 0
-542 -555 0
-542 -556 0
-542 -557 0
-542 -558 0
-542 -559 0
-542 -560 0
-542 -561 0
-542 -562 0
-542 -563 0
-542 -564 0
-542 -565 0
-542 -566 0
-542 -567 0
-542 -568 0
-542 -569 0
-542 -570 0
-543 -544 0
-543 -545 0
-543 -546 0
-543 -547 0
-543 -548 0
-543 -549 0
-543 -550 0
-543 -551 0
-543 -552 0
-543 -553 0
-543 -554 0
-543 -555 0
-543 -556 0
-543 -557 0
-543 -558 0
-543 -559 0
-543 -560 0
-543 -561 0
-543 -562 0
-543 -563 0
-543 -564 0
-543 -565 0
-543 -566 0
-543 -567 0
-543 -568 0
-543 -569 0
-543 -570 0
-544 -545 0
-544 -546 0
-544 -547 0
-544 -548 0
-544 -549 0
-544 -550 0
-544 -551 0
-544 -552 0
-544 -553 0
-544 -554 0
-544 -555 0
-544 -556 0
-544 -557 0
-544 -558 0
-544 -559 0
-544 -560 0
-544 -561 0
-544 -562 0
-544 -563 0
-544 -564 0
-544 -565 0
-544 -566 0
-544 -567 0
-544 -568 0
-544 -569 0
-544 -570 0
-545 -546 0
-545 -547 0
-545 -548 0
-545 -549 0
-545 -550 0
-545 -551 0
-545 -552 0
-545 -553 0
-545 -554 0
-545 -555 0
-545 -556 0
-545 -557 0
-545 -558 0
-545 -559 0
-545 -560 0
-545 -561 0
-545 -562 0
-545 -563 0
-545 -564 0
-545 -565 0
-545 -566 0
-545 -567 0
-545 -568 0
-545 -569 0
-545 -570 0
-546 -547 0
-546 -548 0
-546 -549 0
-546 -550 0
-546 -551 0
-546 -552 0
-546 -553 0
-546 -554 0
-546 -555 0
-546 -556 0
-546 -557 0
-546 -558 0
-546 -559 0
-546 -560 0
-546 -561 0
-546 -562 0
-546 -563 0
-546 -564 0
-546 -565 0
-546 -566 0
-546 -567 0
-546 -568 0
-546 -569 0
-546 -570 0
-547 -548 0
-547 -549 0
-547 -550 0
-547 -551 0
-547 -552 0
-547 -553 0
-547 -554 0
-547 -555 0
-547 -556 0
-547 -557 0
-547 -558 0
-547 -559 0
-547 -560 0
-547 -561 0
-547 -562 0
-547 -563 0
-547 -564 0
-547 -565 0
-547 -566 0
-547 -567 0
-547 -568 0
-547 -569 0
-547 -570 0
-548 -549 0
-548 -550 0
-548 -551 0
-548 -552 0
-548 -553 0
-548 -554 0
-548 -555 0
-548 -556 0
-548 -557 0
-548 -558 0
-548 -559 0
-548 -560 0
-548 -561 0
-548 -562 0
-548 -563 0
-548 -564 0
-548 -565 0
-548 -566 0
-548 -567 0
-548 -568 0
-548 -569 0
-548 -570 0
-549 -550 0
-549 -551 0
-549 -552 0
-549 -553 0
-549 -554 0
-549 -555 0
-549 -556 0
-549 -557 0
-549 -558 0
-549 -559 0
-549 -560 0
-549 -561 0
-549 -562 0
-549 -563 0
-549 -564 0
-549 -565 0
-549 -566 0
-549 -567 0
-549 -568 0
-549 -569 0
-549 -570 0
-550 -551 0
-550 -552 0
-550 -553 0
-550 -554 0
-550 -555 0
-550 -556 0
-550 -557 0
-550 -558 0
-550 -559 0
-550 -560 0
-550 -561 0
-550 -562 0
-550 -563 0
-550 -564 0
-550 -565 0
-550 -566 0
-550 -567 0
-550 -568 0
-550 -569 0
-550 -570 0
-551 -552 0
-551 -553 0
-551 -554 0
-551 -555 0
-551 -556 0
-551 -557 0
-551 -558 0
-551 -559 0
-551 -560 0
-551 -561 0
-551 -562 0
-551 -563 0
-551 -564 0
-551 -565 0
-551 -566 0
-551 -567 0
-551 -568 0
-551 -569 0
-551 -570 0
-552 -553 0
-552 -554 0
-552 -555 0
-552 -556 0
-552 -557 0
-552 -558 0
-552 -559 0
-552 -560 0
-552 -561 0
-552 -562 0
-552 -563 0
-552 -564 0
-552 -565 0
-552 -566 0
-552 -567 0
-552 -568 0
-552 -569 0
-552 -570 0
-553 -554 0
-553 -555 0
-553 -556 0
-553 -557 0
-553 -558 0
-553 -559 0
-553 -560 0
-553 -561 0
-553 -562 0
-553 -563 0
-553 -564 0
-553 -565 0
-553 -566 0
-553 -567 0
-553 -568 0
-553 -569 0
-553 -570 0
-554 -555 0
-554 -556 0
-554 -557 0
-554 -558 0
-554 -559 0
-554 -560 0
-554 -561 0
-554 -562 0
-554 -563 0
-554 -564 0
-554 -565 0
-554 -566 0
-554 -567 0
-554 -568 0
-554 -569 0
-554 -570 0
-555 -556 0
-555 -557 0
-555 -558 0
-555 -559 0
-555 -560 0
-555 -561 0
-555 -562 0
-555 -563 0
-555 -564 0
-555 -565 0
-555 -566 0
-555 -567 0
-555 -568 0
-555 -569 0
-555 -570 0
-556 -557 0
-556 -558 0
-556 -559 0
-556 -560 0
-556 -561 0
-556 -562 0
-556 -563 0
-556 -564 0
-556 -565 0
-556 -566 0
-556 -567 0
-556 -568 0
-556 -569 0
-556 -570 0
-557 -558 0
-557 -559 0
-557 -560 0
-557 -561 0
-557 -562 0
-557 -563 0
-557 -564 0
-557 -565 0
-557 -566 0
-557 -567 0
-557 -568 0
-557 -569 0
-557 -570 0
-558 -559 0
-558 -560 0
-558 -561 0
-558 -562 0
-558 -563 0
-558 -564 0
-558 -565 0
-558 -566 0
-558 -567 0
-558 -568 0
-558 -569 0
-558 -570 0
-559 -560 0
-559 -561 0
-559 -562 0
-559 -563 0
-559 -564 0
-559 -565 0
-559 -566 0
-559 -567 0
-559 -568 0
-559 -569 0
-559 -570 0
-560 -561 0
-560 -562 0
-560 -563 0
-560 -564 0
-560 -565 0
-560 -566 0
-560 -567 0
-560 -568 0
-560 -569 0
-560 -570 0
-561 -562 0
-561 -563 0
-561 -564 0
-561 -565 0
-561 -566 0
-561 -567 0
-561 -568 0
-561 -569 0
-561 -570 0
-562 -563 0
-562 -564 0
-562 -565 0
-562 -566 0
-562 -567 0
-562 -568 0
-562 -569 0
-562 -570 0
-563 -564 0
-563 -565 0
-563 -566 0
-563 -567 0
-563 -568 0
-563 -569 0
-563 -570 0
-564 -565 0
-564 -566 0
-564 -567 0
-564 -568 0
-564 -569 0
-564 -570 0
-565 -566 0
-565 -567 0
-565 -568 0
-565 -569 0
-565 -570 0
-566 -567 0
-566 -568 0
-566 -569 0
-566 -570 0
-567 -568 0
-567 -569 0
-567 -570 0
-568 -569 0
-568 -570 0
-569 -570 0
-571 -572 0
-571 -573 0
-571 -574 0
-571 -575 0
-571 -576 0
-571 -577 0
-571 -578 0
-571 -579 0
-571 -580 0
-571 -581 0
-571 -582 0
-571 -583 0
-571 -584 0
-571 -585 0
-571 -586 0
-571 -587 0
-571 -588 0
-571 -589 0
-571 -590 0
-571 -591 0
-571 -592 0
-571 -593 0
-571 -594 0
-571 -595 0
-571 -596 0
-571 -597 0
-571 -598 0
-571 -599 0
-571 -600 0
-571 -601 0
-571 -602 0
-571 -603 0
-571 -604 0
-571 -605 0
-571 -606 0
-571 -607 0
-571 -608 0
-572 -573 0
-572 -574 0
-572 -575 0
-572 -576 0
-572 -577 0
-572 -578 0
-572 -579 0
-572 -580 0
-572 -581 0
-572 -582 0
-572 -583 0
-572 -584 0
-572 -585 0
-572 -586 0
-572 -587 0
-572 -588 0
-572 -589 0
-572 -590 0
-572 -591 0
-572 -592 0
-572 -593 0
-572 -594 0
-572 -595 0
-572 -596 0
-572 -597 0
-572 -598 0
-572 -599 0
-572 -600 0
-572 -601 0
-572 -602 0
-572 -603 0
-572 -604 0
-572 -605 0
-572 -606 0
-572 -607 0
-572 -608 0
-573 -574 0
-573 -575 0
-573 -576 0
-573 -577 0
-573 -578 0
-573 -579 0
-573 -580 0
-573 -581 0
-573 -582 0
-573 -583 0
-573 -584 0
-573 -585 0
-573 -586 0
-573 -587 0
-573 -588 0
-573 -589 0
-573 -590 0
-573 -591 0
-573 -592 0
-573 -593 0
-573 -594 0
-573 -595 0
-573 -596 0
-573 -597 0
-573 -598 0
-573 -599 0
-573 -600 0
-573 -601 0
-573 -602 0
-573 -603 0
-573 -604 0
-573 -605 0
-573 -606 0
-573 -607 0
-573 -608 0
-574 -575 0
-574 -576 0
-574 -577 0
-574 -578 0
-574 -579 0
-574 -580 0
-574 -581 0
-574 -582 0
-574 -583 0
-574 -584 0
-574 -585 0
-574 -586 0
-574 -587 0
-574 -588 0
-574 -589 0
-574 -590 0
-574 -591 0
-574 -592 0
-574 -593 0
-574 -594 0
-574 -595 0
-574 -596 0
-574 -597 0
-574 -598 0
-574 -599 0
-574 -600 0
-574 -601 0
-574 -602 0
-574 -603 0
-574 -604 0
-574 -605 0
-574 -606 0
-574 -607 0
-574 -608 0
-575 -576 0
-575 -577 0
-575 -578 0
-575 -579 0
-575 -580 0
-575 -581 0
-575 -582 0
-575 -583 0
-575 -584 0
-575 -585 0
-575 -586 0
-575 -587 0
-575 -588 0
-575 -589 0
-575 -590 0
-575 -591 0
-575 -592 0
-575 -593 0
-575 -594 0
-575 -595 0
-575 -596 0
-575 -597 0
-575 -598 0
-575 -599 0
-575 -600 0
-575 -601 0
-575 -602 0
-575 -603 0
-575 -604 0
-575 -605 0
-575 -606 0
-575 -607 0
-575 -608 0
-576 -577 0
-576 -578 0
-576 -579 0
-576 -580 0
-576 -581 0
-576 -582 0
-576 -583 0
-576 -584 0
-576 -585 0
-576 -586 0
-576 -587 0
-576 -588 0
-576 -589 0
-576 -590 0
-576 -591 0
-576 -592 0
-576 -593 0
-576 -594 0
-576 -595 0
-576 -596 0
-576 -597 0
-576 -598 0
-576 -599 0
-576 -600 0
-576 -601 0
-576 -602 0
-576 -603 0
-576 -604 0
-576 -605 0
-576 -606 0
-576 -607 0
-576 -608 0
-577 -578 0
-577 -579 0
-577 -580 0
-577 -581 0
-577 -582 0
-577 -583 0
-577 -584 0
-577 -585 0
-577 -586 0
-577 -587 0
-577 -588 0
-577 -589 0
-577 -590 0
-577 -591 0
-577 -592 0
-577 -593 0
-577 -594 0
-577 -595 0
-577 -596 0
-577 -597 0
-577 -598 0
-577 -599 0
-577 -600 0
-577 -601 0
-577 -602 0
-577 -603 0
-577 -604 0
-577 -605 0
-577 -606 0
-577 -607 0
-577 -608 0
-578 -579 0
-578 -580 0
-578 -581 0
-578 -582 0
-578 -583 0
-578 -584 0
-578 -585 0
-578 -586 0
-578 -587 0
-578 -588 0
-578 -589 0
-578 -590 0
-578 -591 0
-578 -592 0
-578 -593 0
-578 -594 0
-578 -595 0
-578 -596 0
-578 -597 0
-578 -598 0
-578 -599 0
-578 -600 0
-578 -601 0
-578 -602 0
-578 -603 0
-578 -604 0
-578 -605 0
-578 -606 0
-578 -607 0
-578 -608 0
-579 -580 0
-579 -581 0
-579 -582 0
-579 -583 0
-579 -584 0
-579 -585 0
-579 -586 0
-579 -587 0
-579 -588 0
-579 -589 0
-579 -590 0
-579 -591 0
-579 -592 0
-579 -593 0
-579 -594 0
-579 -595 0
-579 -596 0
-579 -597 0
-579 -598 0
-579 -599 0
-579 -600 0
-579 -601 0
-579 -602 0
-579 -603 0
-579 -604 0
-579 -605 0
-579 -606 0
-579 -607 0
-579 -608 0
-580 -581 0
-580 -582 0
-580 -583 0
-580 -584 0
-580 -585 0
-580 -586 0
-580 -587 0
-580 -588 0
-580 -589 0
-580 -590 0
-580 -591 0
-580 -592 0
-580 -593 0
-580 -594 0
-580 -595 0
-580 -596 0
-580 -597 0
-580 -598 0
-580 -599 0
-580 -600 0
-580 -601 0
-580 -602 0
-580 -603 0
-580 -604 0
-580 -605 0
-580 -606 0
-580 -607 0
-580 -608 0
-581 -582 0
-581 -583 0
-581 -584 0
-581 -585 0
-581 -586 0
-581 -587 0
-581 -588 0
-581 -589 0
-581 -590 0
-581 -591 0
-581 -592 0
-581 -593 0
-581 -594 0
-581 -595 0
-581 -596 0
-581 -597 0
-581 -598 0
-581 -599 0
-581 -600 0
-581 -601 0
-581 -602 0
-581 -603 0
-581 -604 0
-581 -605 0
-581 -606 0
-581 -607 0
-581 -608 0
-582 -583 0
-582 -584 0
-582 -585 0
-582 -586 0
-582 -587 0
-582 -588 0
-582 -589 0
-582 -590 0
-582 -591 0
-582 -592 0
-582 -593 0
-582 -594 0
-582 -595 0
-582 -596 0
-582 -597 0
-582 -598 0
-582 -599 0
-582 -600 0
-582 -601 0
-582 -602 0
-582 -603 0
-582 -604 0
-582 -605 0
-582 -606 0
-582 -607 0
-582 -608 0
-583 -584 0
-583 -585 0
-583 -586 0
-583 -587 0
-583 -588 0
-583 -589 0
-583 -590 0
-583 -591 0
-583 -592 0
-583 -593 0
-583 -594 0
-583 -595 0
-583 -596 0
-583 -597 0
-583 -598 0
-583 -599 0
-583 -600 0
-583 -601 0
-583 -602 0
-583 -603 0
-583 -604 0
-583 -605 0
-583 -606 0
-583 -607 0
-583 -608 0
-584 -585 0
-584 -586 0
-584 -587 0
-584 -588 0
-584 -589 0
-584 -590 0
-584 -591 0
-584 -592 0
-584 -593 0
-584 -594 0
-584 -595 0
-584 -596 0
-584 -597 0
-584 -598 0
-584 -599 0
-584 -600 0
-584 -601 0
-584 -602 0
-584 -603 0
-584 -604 0
-584 -605 0
-584 -606 0
-584 -607 0
-584 -608 0
-585 -586 0
-585 -587 0
-585 -588 0
-585 -589 0
-585 -590 0
-585 -591 0
-585 -592 0
-585 -593 0
-585 -594 0
-585 -595 0
-585 -596 0
-585 -597 0
-585 -598 0
-585 -599 0
-585 -600 0
-585 -601 0
-585 -602 0
-585 -603 0
-585 -604 0
-585 -605 0
-585 -606 0
-585 -607 0
-585 -608 0
-586 -587 0
-586 -588 0
-586 -589 0
-586 -590 0
-586 -591 0
-586 -592 0
-586 -593 0
-586 -594 0
-586 -595 0
-586 -596 0
-586 -597 0
-586 -598 0
-586 -599 0
-586 -600 0
-586 -601 0
-586 -602 0
-586 -603 0
-586 -604 0
-586 -605 0
-586 -606 0
-586 -607 0
-586 -608 0
-587 -588 0
-587 -589 0
-587 -590 0
-587 -591 0
-587 -592 0
-587 -593 0
-587 -594 0
-587 -595 0
-587 -596 0
-587 -597 0
-587 -598 0
-587 -599 0
-587 -600 0
-587 -601 0
-587 -602 0
-587 -603 0
-587 -604 0
-587 -605 0
-587 -606 0
-587 -607 0
-587 -608 0
-588 -589 0
-588 -590 0
-588 -591 0
-588 -592 0
-588 -593 0
-588 -594 0
-588 -595 0
-588 -596 0
-588 -597 0
-588 -598 0
-588 -599 0
-588 -600 0
-588 -601 0
-588 -602 0
-588 -603 0
-588 -604 0
-588 -605 0
-588 -606 0
-588 -607 0
-588 -608 0
-589 -590 0
-589 -591 0
-589 -592 0
-589 -593 0
-589 -594 0
-589 -595 0
-589 -596 0
-589 -597 0
-589 -598 0
-589 -599 0
-589 -600 0
-589 -601 0
-589 -602 0
-589 -603 0
-589 -604 0
-589 -605 0
-589 -606 0
-589 -607 0
-589 -608 0
-590 -591 0
-590 -592 0
-590 -593 0
-590 -594 0
-590 -595 0
-590 -596 0
-590 -597 0
-590 -598 0
-590 -599 0
-590 -600 0
-590 -601 0
-590 -602 0
-590 -603 0
-590 -604 0
-590 -605 0
-590 -606 0
-590 -607 0
-590 -608 0
-591 -592 0
-591 -593 0
-591 -594 0
-591 -595 0
-591 -596 0
-591 -597 0
-591 -598 0
-591 -599 0
-591 -600 0
-591 -601 0
-591 -602 0
-591 -603 0
-591 -604 0
-591 -605 0
-591 -606 0
-591 -607 0
-591 -608 0
-592 -593 0
-592 -594 0
-592 -595 0
-592 -596 0
-592 -597 0
-592 -598 0
-592 -599 0
-592 -600 0
-592 -601 0
-592 -602 0
-592 -603 0
-592 -604 0
-592 -605 0
-592 -606 0
-592 -607 0
-592 -608 0
-593 -594 0
-593 -595 0
-593 -596 0
-593 -597 0
-593 -598 0
-593 -599 0
-593 -600 0
-593 -601 0
-593 -602 0
-593 -603 0
-593 -604 0
-593 -605 0
-593 -606 0
-593 -607 0
-593 -608 0
-594 -595 0
-594 -596 0
-594 -597 0
-594 -598 0
-594 -599 0
-594 -600 0
-594 -601 0
-594 -602 0
-594 -603 0
-594 -604 0
-594 -605 0
-594 -606 0
-594 -607 0
-594 -608 0
-595 -596 0
-595 -597 0
-595 -598 0
-595 -599 0
-595 -600 0
-595 -601 0
-595 -602 0
-595 -603 0
-595 -604 0
-595 -605 0
-595 -606 0
-595 -607 0
-595 -608 0
-596 -597 0
-596 -598 0
-596 -599 0
-596 -600 0
-596 -601 0
-596 -602 0
-596 -603 0
-596 -604 0
-596 -605 0
-596 -606 0
-596 -607 0
-596 -608 0
-597 -598 0
-597 -599 0
-597 -600 0
-597 -601 0
-597 -602 0
-597 -603 0
-597 -604 0
-597 -605 0
-597 -606 0
-597 -607 0
-597 -608 0
-598 -599 0
-598 -600 0
-598 -601 0
-598 -602 0
-598 -603 0
-598 -604 0
-598 -605 0
-598 -606 0
-598 -607 0
-598 -608 0
-599 -600 0
-599 -601 0
-599 -602 0
-599 -603 0
-599 -604 0
-599 -605 0
-599 -606 0
-599 -607 0
-599 -608 0
-600 -601 0
-600 -602 0
-600 -603 0
-600 -604 0
-600 -605 0
-600 -606 0
-600 -607 0
-600 -608 0
-601 -602 0
-601 -603 0
-601 -604 0
-601 -605 0
-601 -606 0
-601 -607 0
-601 -608 0
-602 -603 0
-602 -604 0
-602 -605 0
-602 -606 0
-602 -607 0
-602 -608 0
-603 -604 0
-603 -605 0
-603 -606 0
-603 -607 0
-603 -608 0
-604 -605 0
-604 -606 0
-604 -607 0
-604 -608 0
-605 -606 0
-605 -607 0
-605 -608 0
-606 -607 0
-606 -608 0
-607 -608 0
-609 -610 0
-609 -611 0
-609 -612 0
-609 -613 0
-609 -614 0
-609 -615 0
-609 -616 0
-609 -617 0
-609 -618 0
-609 -619 0
-609 -620 0
-609 -621 0
-609 -622 0
-609 -623 0
-609 -624 0
-609 -625 0
-609 -626 0
-609 -627 0
-609 -628 0
-609 -629 0
-609 -630 0
-609 -631 0
-609 -632 0
-609 -633 0
-609 -634 0
-609 -635 0
-609 -636 0
-609 -637 0
-609 -638 0
-609 -639 0
-609 -640 0
-609 -641 0
-609 -642 0
-609 -643 0
-609 -644 0
-609 -645 0
-609 -646 0
-610 -611 0
-610 -612 0
-610 -613 0
-610 -614 0
-610 -615 0
-610 -616 0
-610 -617 0
-610 -618 0
-610 -619 0
-610 -620 0
-610 -621 0
-610 -622 0
-610 -623 0
-610 -624 0
-610 -625 0
-610 -626 0
-610 -627 0
-610 -628 0
-610 -629 0
-610 -630 0
-610 -631 0
-610 -632 0
-610 -633 0
-610 -634 0
-610 -635 0
-610 -636 0
-610 -637 0
-610 -638 0
-610 -639 0
-610 -640 0
-610 -641 0
-610 -642 0
-610 -643 0
-610 -644 0
-610 -645 0
-610 -646 0
-611 -612 0
-611 -613 0
-611 -614 0
-611 -615 0
-611 -616 0
-611 -617 0
-611 -618 0
-611 -619 0
-611 -620 0
-611 -621 0
-611 -622 0
-611 -623 0
-611 -624 0
-611 -625 0
-611 -626 0
-611 -627 0
-611 -628 0
-611 -629 0
-611 -630 0
-611 -631 0
-611 -632 0
-611 -633 0
-611 -634 0
-611 -635 0
-611 -636 0
-611 -637 0
-611 -638 0
-611 -639 0
-611 -640 0
-611 -641 0
-611 -642 0
-611 -643 0
-611 -644 0
-611 -645 0
-611 -646 0
-612 -613 0
-612 -614 0
-612 -615 0
-612 -616 0
-612 -617 0
-612 -618 0
-612 -619 0
-612 -620 0
-612 -621 0
-612 -622 0
-612 -623 0
-612 -624 0
-612 -625 0
-612 -626 0
-612 -627 0
-612 -628 0
-612 -629 0
-612 -630 0
-612 -631 0
-612 -632 0
-612 -633 0
-612 -634 0
-612 -635 0
-612 -636 0
-612 -637 0
-612 -638 0
-612 -639 0
-612 -640 0
-612 -641 0
-612 -642 0
-612 -643 0
-612 -644 0
-612 -645 0
-612 -646 0
-613 -614 0
-613 -615 0
-613 -616 0
-613 -617 0
-613 -618 0
-613 -619 0
-613 -620 0
-613 -621 0
-613 -622 0
-613 -623 0
-613 -624 0
-613 -625 0
-613 -626 0
-613 -627 0
-613 -628 0
-613 -629 0
-613 -630 0
-613 -631 0
-613 -632 0
-613 -633 0
-613 -634 0
-613 -635 0
-613 -636 0
-613 -637 0
-613 -638 0
-613 -639 0
-613 -640 0
-613 -641 0
-613 -642 0
-613 -643 0
-613 -644 0
-613 -645 0
-613 -646 0
-614 -615 0
-614 -616 0
-614 -617 0
-614 -618 0
-614 -619 0
-614 -620 0
-614 -621 0
-614 -622 0
-614 -623 0
-614 -624 0
-614 -625 0
-614 -626 0
-614 -627 0
-614 -628 0
-614 -629 0
-614 -630 0
-614 -631 0
-614 -632 0
-614 -633 0
-614 -634 0
-614 -635 0
-614 -636 0
-614 -637 0
-614 -638 0
-614 -639 0
-614 -640 0
-614 -641 0
-614 -642 0
-614 -643 0
-614 -644 0
-614 -645 0
-614 -646 0
-615 -616 0
-615 -617 0
-615 -618 0
-615 -619 0
-615 -620 0
-615 -621 0
-615 -622 0
-615 -623 0
-615 -624 0
-615 -625 0
-615 -626 0
-615 -627 0
-615 -628 0
-615 -629 0
-615 -630 0
-615 -631 0
-615 -632 0
-615 -633 0
-615 -634 0
-615 -635 0
-615 -636 0
-615 -637 0
-615 -638 0
-615 -639 0
-615 -640 0
-615 -641 0
-615 -642 0
-615 -643 0
-615 -644 0
-615 -645 0
-615 -646 0
-616 -617 0
-616 -618 0
-616 -619 0
-616 -620 0
-616 -621 0
-616 -622 0
-616 -623 0
-616 -624 0
-616 -625 0
-616 -626 0
-616 -627 0
-616 -628 0
-616 -629 0
-616 -630 0
-616 -631 0
-616 -632 0
-616 -633 0
-616 -634 0
-616 -635 0
-616 -636 0
-616 -637 0
-616 -638 0
-616 -639 0
-616 -640 0
-616 -641 0
-616 -642 0
-616 -643 0
-616 -644 0
-616 -645 0
-616 -646 0
-617 -618 0
-617 -619 0
-617 -620 0
-617 -621 0
-617 -622 0
-617 -623 0
-617 -624 0
-617 -625 0
-617 -626 0
-617 -627 0
-617 -628 0
-617 -629 0
-617 -630 0
-617 -631 0
-617 -632 0
-617 -633 0
-617 -634 0
-617 -635 0
-617 -636 0
-617 -637 0
-617 -638 0
-617 -639 0
-617 -640 0
-617 -641 0
-617 -642 0
-617 -643 0
-617 -644 0
-617 -645 0
-617 -646 0
-618 -619 0
-618 -620 0
-618 -621 0
-618 -622 0
-618 -623 0
-618 -624 0
-618 -625 0
-618 -626 0
-618 -627 0
-618 -628 0
-618 -629 0
-618 -630 0
-618 -631 0
-618 -632 0
-618 -633 0
-618 -634 0
-618 -635 0
-618 -636 0
-618 -637 0
-618 -638 0
-618 -639 0
-618 -640 0
-618 -641 0
-618 -642 0
-618 -643 0
-618 -644 0
-618 -645 0
-618 -646 0
-619 -620 0
-619 -621 0
-619 -622 0
-619 -623 0
-619 -624 0
-619 -625 0
-619 -626 0
-619 -627 0
-619 -628 0
-619 -629 0
-619 -630 0
-619 -631 0
-619 -632 0
-619 -633 0
-619 -634 0
-619 -635 0
-619 -636 0
-619 -637 0
-619 -638 0
-619 -639 0
-619 -640 0
-619 -641 0
-619 -642 0
-619 -643 0
-619 -644 0
-619 -645 0
-619 -646 0
-620 -621 0
-620 -622 0
-620 -623 0
-620 -624 0
-620 -625 0
-620 -626 0
-620 -627 0
-620 -628 0
-620 -629 0
-620 -630 0
-620 -631 0
-620 -632 0
-620 -633 0
-620 -634 0
-620 -635 0
-620 -636 0
-620 -637 0
-620 -638 0
-620 -639 0
-620 -640 0
-620 -641 0
-620 -642 0
-620 -643 0
-620 -644 0
-620 -645 0
-620 -646 0
-621 -622 0
-621 -623 0
-621 -624 0
-621 -625 0
-621 -626 0
-621 -627 0
-621 -628 0
-621 -629 0
-621 -630 0
-621 -631 0
-621 -632 0
-621 -633 0
-621 -634 0
-621 -635 0
-621 -636 0
-621 -637 0
-621 -638 0
-621 -639 0
-621 -640 0
-621 -641 0
-621 -642 0
-621 -643 0
-621 -644 0
-621 -645 0
-621 -646 0
-622 -623 0
-622 -624 0
-622 -625 0
-622 -626 0
-622 -627 0
-622 -628 0
-622 -629 0
-622 -630 0
-622 -631 0
-622 -632 0
-622 -633 0
-622 -634 0
-622 -635 0
-622 -636 0
-622 -637 0
-622 -638 0
-622 -639 0
-622 -640 0
-622 -641 0
-622 -642 0
-622 -643 0
-622 -644 0
-622 -645 0
-622 -646 0
-623 -624 0
-623 -625 0
-623 -626 0
-623 -627 0
-623 -628 0
-623 -629 0
-623 -630 0
-623 -631 0
-623 -632 0
-623 -633 0
-623 -634 0
-623 -635 0
-623 -636 0
-623 -637 0
-623 -638 0
-623 -639 0
-623 -640 0
-623 -641 0
-623 -642 0
-623 -643 0
-623 -644 0
-623 -645 0
-623 -646 0
-624 -625 0
-624 -626 0
-624 -627 0
-624 -628 0
-624 -629 0
-624 -630 0
-624 -631 0
-624 -632 0
-624 -633 0
-624 -634 0
-624 -635 0
-624 -636 0
-624 -637 0
-624 -638 0
-624 -639 0
-624 -640 0
-624 -641 0
-624 -642 0
-624 -643 0
-624 -644 0
-624 -645 0
-624 -646 0
-625 -626 0
-625 -627 0
-625 -628 0
-625 -629 0
-625 -630 0
-625 -631 0
-625 -632 0
-625 -633 0
-625 -634 0
-625 -635 0
-625 -636 0
-625 -637 0
-625 -638 0
-625 -639 0
-625 -640 0
-625 -641 0
-625 -642 0
-625 -643 0
-625 -644 0
-625 -645 0
-625 -646 0
-626 -627 0
-626 -628 0
-626 -629 0
-626 -630 0
-626 -631 0
-626 -632 0
-626 -633 0
-626 -634 0
-626 -635 0
-626 -636 0
-626 -637 0
-626 -638 0
-626 -639 0
-626 -640 0
-626 -641 0
-626 -642 0
-626 -643 0
-626 -644 0
-626 -645 0
-626 -646 0
-627 -628 0
-627 -629 0
-627 -630 0
-627 -631 0
-627 -632 0
-627 -633 0
-627 -634 0
-627 -635 0
-627 -636 0
-627 -637 0
-627 -638 0
-627 -639 0
-627 -640 0
-627 -641 0
-627 -642 0
-627 -643 0
-627 -644 0
-627 -645 0
-627 -646 0
-628 -629 0
-628 -630 0
-628 -631 0
-628 -632 0
-628 -633 0
-628 -634 0
-628 -635 0
-628 -636 0
-628 -637 0
-628 -638 0
-628 -639 0
-628 -640 0
-628 -641 0
-628 -642 0
-628 -643 0
-628 -644 0
-628 -645 0
-628 -646 0
-629 -630 0
-629 -631 0
-629 -632 0
-629 -633 0
-629 -634 0
-629 -635 0
-629 -636 0
-629 -637 0
-629 -638 0
-629 -639 0
-629 -640 0
-629 -641 0
-629 -642 0
-629 -643 0
-629 -644 0
-629 -645 0
-629 -646 0
-630 -631 0
-630 -632 0
-630 -633 0
-630 -634 0
-630 -635 0
-630 -636 0
-630 -637 0
-630 -638 0
-630 -639 0
-630 -640 0
-630 -641 0
-630 -642 0
-630 -643 0
-630 -644 0
-630 -645 0
-630 -646 0
-631 -632 0
-631 -633 0
-631 -634 0
-631 -635 0
-631 -636 0
-631 -637 0
-631 -638 0
-631 -639 0
-631 -640 0
-631 -641 0
-631 -642 0
-631 -643 0
-631 -644 0
-631 -645 0
-631 -646 0
-632 -633 0
-632 -634 0
-632 -635 0
-632 -636 0
-632 -637 0
-632 -638 0
-632 -639 0
-632 -640 0
-632 -641 0
-632 -642 0
-632 -643 0
-632 -644 0
-632 -645 0
-632 -646 0
-633 -634 0
-633 -635 0
-633 -636 0
-633 -637 0
-633 -638 0
-633 -639 0
-633 -640 0
-633 -641 0
-633 -642 0
-633 -643 0
-633 -644 0
-633 -645 0
-633 -646 0
-634 -635 0
-634 -636 0
-634 -637 0
-634 -638 0
-634 -639 0
-634 -640 0
-634 -641 0
-634 -642 0
-634 -643 0
-634 -644 0
-634 -645 0
-634 -646 0
-635 -636 0
-635 -637 0
-635 -638 0
-635 -639 0
-635 -640 0
-635 -641 0
-635 -642 0
-635 -643 0
-635 -644 0
-635 -645 0
-635 -646 0
-636 -637 0
-636 -638 0
-636 -639 0
-636 -640 0
-636 -641 0
-636 -642 0
-636 -643 0
-636 -644 0
-636 -645 0
-636 -646 0
-637 -638 0
-637 -639 0
-637 -640 0
-637 -641 0
-637 -642 0
-637 -643 0
-637 -644 0
-637 -645 0
-637 -646 0
-638 -639 0
-638 -640 0
-638 -641 0
-638 -642 0
-638 -643 0
-638 -644 0
-638 -645 0
-638 -646 0
-639 -640 0
-639 -641 0
-639 -642 0
-639 -643 0
-639 -644 0
-639 -645 0
-639 -646 0
-640 -641 0
-640 -642 0
-640 -643 0
-640 -644 0
-640 -645 0
-640 -646 0
-641 -642 0
-641 -643 0
-641 -644 0
-641 -645 0
-641 -646 0
-642 -643 0
-642 -644 0
-642 -645 0
-642 -646 0
-643 -644 0
-643 -645 0
-643 -646 0
-644 -645 0
-644 -646 0
-645 -646 0
-647 -648 0
-647 -649 0
-647 -650 0
-647 -651 0
-647 -652 0
-647 -653 0
-647 -654 0
-647 -655 0
-647 -656 0
-647 -657 0
-647 -658 0
-647 -659 0
-647 -660 0
-647 -661 0
-647 -662 0
-647 -663 0
-647 -664 0
-647 -665 0
-647 -666 0
-647 -667 0
-647 -668 0
-647 -669 0
-647 -670 0
-647 -671 0
-647 -672 0
-647 -673 0
-647 -674 0
-647 -675 0
-647 -676 0
-647 -677 0
-647 -678 0
-647 -679 0
-647 -680 0
-647 -681 0
-647 -682 0
-647 -683 0
-647 -684 0
-648 -649 0
-648 -650 0
-648 -651 0
-648 -652 0
-648 -653 0
-648 -654 0
-648 -655 0
-648 -656 0
-648 -657 0
-648 -658 0
-648 -659 0
-648 -660 0
-648 -661 0
-648 -662 0
-648 -663 0
-648 -664 0
-648 -665 0
-648 -666 0
-648 -667 0
-648 -668 0
-648 -669 0
-648 -670 0
-648 -671 0
-648 -672 0
-648 -673 0
-648 -674 0
-648 -675 0
-648 -676 0
-648 -677 0
-648 -678 0
-648 -679 0
-648 -680 0
-648 -681 0
-648 -682 0
-648 -683 0
-648 -684 0
-649 -650 0
-649 -651 0
-649 -652 0
-649 -653 0
-649 -654 0
-649 -655 0
-649 -656 0
-649 -657 0
-649 -658 0
-649 -659 0
-649 -660 0
-649 -661 0
-649 -662 0
-649 -663 0
-649 -664 0
-649 -665 0
-649 -666 0
-649 -667 0
-649 -668 0
-649 -669 0
-649 -670 0
-649 -671 0
-649 -672 0
-649 -673 0
-649 -674 0
-649 -675 0
-649 -676 0
-649 -677 0
-649 -678 0
-649 -679 0
-649 -680 0
-649 -681 0
-649 -682 0
-649 -683 0
-649 -684 0
-650 -651 0
-650 -652 0
-650 -653 0
-650 -654 0
-650 -655 0
-650 -656 0
-650 -657 0
-650 -658 0
-650 -659 0
-650 -660 0
-650 -661 0
-650 -662 0
-650 -663 0
-650 -664 0
-650 -665 0
-650 -666 0
-650 -667 0
-650 -668 0
-650 -669 0
-650 -670 0
-650 -671 0
-650 -672 0
-650 -673 0
-650 -674 0
-650 -675 0
-650 -676 0
-650 -677 0
-650 -678 0
-650 -679 0
-650 -680 0
-650 -681 0
-650 -682 0
-650 -683 0
-650 -684 0
-651 -652 0
-651 -653 0
-651 -654 0
-651 -655 0
-651 -656 0
-651 -657 0
-651 -658 0
-651 -659 0
-651 -660 0
-651 -661 0
-651 -662 0
-651 -663 0
-651 -664 0
-651 -665 0
-651 -666 0
-651 -667 0
-651 -668 0
-651 -669 0
-651 -670 0
-651 -671 0
-651 -672 0
-651 -673 0
-651 -674 0
-651 -675 0
-651 -676 0
-651 -677 0
-651 -678 0
-651 -679 0
-651 -680 0
-651 -681 0
-651 -682 0
-651 -683 0
-651 -684 0
-652 -653 0
-652 -654 0
-652 -655 0
-652 -656 0
-652 -657 0
-652 -658 0
-652 -659 0
-652 -660 0
-652 -661 0
-652 -662 0
-652 -663 0
-652 -664 0
-652 -665 0
-652 -666 0
-652 -667 0
-652 -668 0
-652 -669 0
-652 -670 0
-652 -671 0
-652 -672 0
-652 -673 0
-652 -674 0
-652 -675 0
-652 -676 0
-652 -677 0
-652 -678 0
-652 -679 0
-652 -680 0
-652 -681 0
-652 -682 0
-652 -683 0
-652 -684 0
-653 -654 0
-653 -655 0
-653 -656 0
-653 -657 0
-653 -658 0
-653 -659 0
-653 -660 0
-653 -661 0
-653 -662 0
-653 -663 0
-653 -664 0
-653 -665 0
-653 -666 0
-653 -667 0
-653 -668 0
-653 -669 0
-653 -670 0
-653 -671 0
-653 -672 0
-653 -673 0
-653 -674 0
-653 -675 0
-653 -676 0
-653 -677 0
-653 -678 0
-653 -679 0
-653 -680 0
-653 -681 0
-653 -682 0
-653 -683 0
-653 -684 0
-654 -655 0
-654 -656 0
-654 -657 0
-654 -658 0
-654 -659 0
-654 -660 0
-654 -661 0
-654 -662 0
-654 -663 0
-654 -664 0
-654 -665 0
-654 -666 0
-654 -667 0
-654 -668 0
-654 -669 0
-654 -670 0
-654 -671 0
-654 -672 0
-654 -673 0
-654 -674 0
-654 -675 0
-654 -676 0
-654 -677 0
-654 -678 0
-654 -679 0
-654 -680 0
-654 -681 0
-654 -682 0
-654 -683 0
-654 -684 0
-655 -656 0
-655 -657 0
-655 -658 0
-655 -659 0
-655 -660 0
-655 -661 0
-655 -662 0
-655 -663 0
-655 -664 0
-655 -665 0
-655 -666 0
-655 -667 0
-655 -668 0
-655 -669 0
-655 -670 0
-655 -671 0
-655 -672 0
-655 -673 0
-655 -674 0
-655 -675 0
-655 -676 0
-655 -677 0
-655 -678 0
-655 -679 0
-655 -680 0
-655 -681 0
-655 -682 0
-655 -683 0
-655 -684 0
-656 -657 0
-656 -658 0
-656 -659 0
-656 -660 0
-656 -661 0
-656 -662 0
-656 -663 0
-656 -664 0
-656 -665 0
-656 -666 0
-656 -667 0
-656 -668 0
-656 -669 0
-656 -670 0
-656 -671 0
-656 -672 0
-656 -673 0
-656 -674 0
-656 -675 0
-656 -676 0
-656 -677 0
-656 -678 0
-656 -679 0
-656 -680 0
-656 -681 0
-656 -682 0
-656 -683 0
-656 -684 0
-657 -658 0
-657 -659 0
-657 -660 0
-657 -661 0
-657 -662 0
-657 -663 0
-657 -664 0
-657 -665 0
-657 -666 0
-657 -667 0
-657 -668 0
-657 -669 0
-657 -670 0
-657 -671 0
-657 -672 0
-657 -673 0
-657 -674 0
-657 -675 0
-657 -676 0
-657 -677 0
-657 -678 0
-657 -679 0
-657 -680 0
-657 -681 0
-657 -682 0
-657 -683 0
-657 -684 0
-658 -659 0
-658 -660 0
-658 -661 0
-658 -662 0
-658 -663 0
-658 -664 0
-658 -665 0
-658 -666 0
-658 -667 0
-658 -668 0
-658 -669 0
-658 -670 0
-658 -671 0
-658 -672 0
-658 -673 0
-658 -674 0
-658 -675 0
-658 -676 0
-658 -677 0
-658 -678 0
-658 -679 0
-658 -680 0
-658 -681 0
-658 -682 0
-658 -683 0
-658 -684 0
-659 -660 0
-659 -661 0
-659 -662 0
-659 -663 0
-659 -664 0
-659 -665 0
-659 -666 0
-659 -667 0
-659 -668 0
-659 -669 0
-659 -670 0
-659 -671 0
-659 -672 0
-659 -673 0
-659 -674 0
-659 -675 0
-659 -676 0
-659 -677 0
-659 -678 0
-659 -679 0
-659 -680 0
-659 -681 0
-659 -682 0
-659 -683 0
-659 -684 0
-660 -661 0
-660 -662 0
-660 -663 0
-660 -664 0
-660 -665 0
-660 -666 0
-660 -667 0
-660 -668 0
-660 -669 0
-660 -670 0
-660 -671 0
-660 -672 0
-660 -673 0
-660 -674 0
-660 -675 0
-660 -676 0
-660 -677 0
-660 -678 0
-660 -679 0
-660 -680 0
-660 -681 0
-660 -682 0
-660 -683 0
-660 -684 0
-661 -662 0
-661 -663 0
-661 -664 0
-661 -665 0
-661 -666 0
-661 -667 0
-661 -668 0
-661 -669 0
-661 -670 0
-661 -671 0
-661 -672 0
-661 -673 0
-661 -674 0
-661 -675 0
-661 -676 0
-661 -677 0
-661 -678 0
-661 -679 0
-661 -680 0
-661 -681 0
-661 -682 0
-661 -683 0
-661 -684 0
-662 -663 0
-662 -664 0
-662 -665 0
-662 -666 0
-662 -667 0
-662 -668 0
-662 -669 0
-662 -670 0
-662 -671 0
-662 -672 0
-662 -673 0
-662 -674 0
-662 -675 0
-662 -676 0
-662 -677 0
-662 -678 0
-662 -679 0
-662 -680 0
-662 -681 0
-662 -682 0
-662 -683 0
-662 -684 0
-663 -664 0
-663 -665 0
-663 -666 0
-663 -667 0
-663 -668 0
-663 -669 0
-663 -670 0
-663 -671 0
-663 -672 0
-663 -673 0
-663 -674 0
-663 -675 0
-663 -676 0
-663 -677 0
-663 -678 0
-663 -679 0
-663 -680 0
-663 -681 0
-663 -682 0
-663 -683 0
-663 -684 0
-664 -665 0
-664 -666 0
-664 -667 0
-664 -668 0
-664 -669 0
-664 -670 0
-664 -671 0
-664 -672 0
-664 -673 0
-664 -674 0
-664 -675 0
-664 -676 0
-664 -677 0
-664 -678 0
-664 -679 0
-664 -680 0
-664 -681 0
-664 -682 0
-664 -683 0
-664 -684 0
-665 -666 0
-665 -667 0
-665 -668 0
-665 -669 0
-665 -670 0
-665 -671 0
-665 -672 0
-665 -673 0
-665 -674 0
-665 -675 0
-665 -676 0
-665 -677 0
-665 -678 0
-665 -679 0
-665 -680 0
-665 -681 0
-665 -682 0
-665 -683 0
-665 -684 0
-666 -667 0
-666 -668 0
-666 -669 0
-666 -670 0
-666 -671 0
-666 -672 0
-666 -673 0
-666 -674 0
-666 -675 0
-666 -676 0
-666 -677 0
-666 -678 0
-666 -679 0
-666 -680 0
-666 -681 0
-666 -682 0
-666 -683 0
-666 -684 0
-667 -668 0
-667 -669 0
-667 -670 0
-667 -671 0
-667 -672 0
-667 -673 0
-667 -674 0
-667 -675 0
-667 -676 0
-667 -677 0
-667 -678 0
-667 -679 0
-667 -680 0
-667 -681 0
-667 -682 0
-667 -683 0
-667 -684 0
-668 -669 0
-668 -670 0
-668 -671 0
-668 -672 0
-668 -673 0
-668 -674 0
-668 -675 0
-668 -676 0
-668 -677 0
-668 -678 0
-668 -679 0
-668 -680 0
-668 -681 0
-668 -682 0
-668 -683 0
-668 -684 0
-669 -670 0
-669 -671 0
-669 -672 0
-669 -673 0
-669 -674 0
-669 -675 0
-669 -676 0
-669 -677 0
-669 -678 0
-669 -679 0
-669 -680 0
-669 -681 0
-669 -682 0
-669 -683 0
-669 -684 0
-670 -671 0
-670 -672 0
-670 -673 0
-670 -674 0
-670 -675 0
-670 -676 0
-670 -677 0
-670 -678 0
-670 -679 0
-670 -680 0
-670 -681 0
-670 -682 0
-670 -683 0
-670 -684 0
-671 -672 0
-671 -673 0
-671 -674 0
-671 -675 0
-671 -676 0
-671 -677 0
-671 -678 0
-671 -679 0
-671 -680 0
-671 -681 0
-671 -682 0
-671 -683 0
-671 -684 0
-672 -673 0
-672 -674 0
-672 -675 0
-672 -676 0
-672 -677 0
-672 -678 0
-672 -679 0
-672 -680 0
-672 -681 0
-672 -682 0
-672 -683 0
-672 -684 0
-673 -674 0
-673 -675 0
-673 -676 0
-673 -677 0
-673 -678 0
-673 -679 0
-673 -680 0
-673 -681 0
-673 -682 0
-673 -683 0
-673 -684 0
-674 -675 0
-674 -676 0
-674 -677 0
-674 -678 0
-674 -679 0
-674 -680 0
-674 -681 0
-674 -682 0
-674 -683 0
-674 -684 0
-675 -676 0
-675 -677 0
-675 -678 0
-675 -679 0
-675 -680 0
-675 -681 0
-675 -682 0
-675 -683 0
-675 -684 0
-676 -677 0
-676 -678 0
-676 -679 0
-676 -680 0
-676 -681 0
-676 -682 0
-676 -683 0
-676 -684 0
-677 -678 0
-677 -679 0
-677 -680 0
-677 -681 0
-677 -682 0
-677 -683 0
-677 -684 0
-678 -679 0
-678 -680 0
-678 -681 0
-678 -682 0
-678 -683 0
-678 -684 0
-679 -680 0
-679 -681 0
-679 -682 0
-679 -683 0
-679 -684 0
-680 -681 0
-680 -682 0
-680 -683 0
-680 -684 0
-681 -682 0
-681 -683 0
-681 -684 0
-682 -683 0
-682 -684 0
-683 -684 0
-685 -686 0
-685 -687 0
-685 -688 0
-685 -689 0
-685 -690 0
-685 -691 0
-685 -692 0
-685 -693 0
-685 -694 0
-685 -695 0
-685 -696 0
-685 -697 0
-685 -698 0
-685 -699 0
-685 -700 0
-685 -701 0
-685 -702 0
-685 -703 0
-685 -704 0
-685 -705 0
-685 -706 0
-685 -707 0
-685 -708 0
-685 -709 0
-685 -710 0
-685 -711 0
-685 -712 0
-685 -713 0
-685 -714 0
-685 -715 0
-685 -716 0
-685 -717 0
-685 -718 0
-685 -719 0
-685 -720 0
-685 -721 0
-685 -722 0
-686 -687 0
-686 -688 0
-686 -689 0
-686 -690 0
-686 -691 0
-686 -692 0
-686 -693 0
-686 -694 0
-686 -695 0
-686 -696 0
-686 -697 0
-686 -698 0
-686 -699 0
-686 -700 0
-686 -701 0
-686 -702 0
-686 -703 0
-686 -704 0
-686 -705 0
-686 -706 0
-686 -707 0
-686 -708 0
-686 -709 0
-686 -710 0
-686 -711 0
-686 -712 0
-686 -713 0
-686 -714 0
-686 -715 0
-686 -716 0
-686 -717 0
-686 -718 0
-686 -719 0
-686 -720 0
-686 -721 0
-686 -722 0
-687 -688 0
-687 -689 0
-687 -690 0
-687 -691 0
-687 -692 0
-687 -693 0
-687 -694 0
-687 -695 0
-687 -696 0
-687 -697 0
-687 -698 0
-687 -699 0
-687 -700 0
-687 -701 0
-687 -702 0
-687 -703 0
-687 -704 0
-687 -705 0
-687 -706 0
-687 -707 0
-687 -708 0
-687 -709 0
-687 -710 0
-687 -711 0
-687 -712 0
-687 -713 0
-687 -714 0
-687 -715 0
-687 -716 0
-687 -717 0
-687 -718 0
-687 -719 0
-687 -720 0
-687 -721 0
-687 -722 0
-688 -689 0
-688 -690 0
-688 -691 0
-688 -692 0
-688 -693 0
-688 -694 0
-688 -695 0
-688 -696 0
-688 -697 0
-688 -698 0
-688 -699 0
-688 -700 0
-688 -701 0
-688 -702 0
-688 -703 0
-688 -704 0
-688 -705 0
-688 -706 0
-688 -707 0
-688 -708 0
-688 -709 0
-688 -710 0
-688 -711 0
-688 -712 0
-688 -713 0
-688 -714 0
-688 -715 0
-688 -716 0
-688 -717 0
-688 -718 0
-688 -719 0
-688 -720 0
-688 -721 0
-688 -722 0
-689 -690 0
-689 -691 0
-689 -692 0
-689 -693 0
-689 -694 0
-689 -695 0
-689 -696 0
-689 -697 0
-689 -698 0
-689 -699 0
-689 -700 0
-689 -701 0
-689 -702 0
-689 -703 0
-689 -704 0
-689 -705 0
-689 -706 0
-689 -707 0
-689 -708 0
-689 -709 0
-689 -710 0
-689 -711 0
-689 -712 0
-689 -713 0
-689 -714 0
-689 -715 0
-689 -716 0
-689 -717 0
-689 -718 0
-689 -719 0
-689 -720 0
-689 -721 0
-689 -722 0
-690 -691 0
-690 -692 0
-690 -693 0
-690 -694 0
-690 -695 0
-690 -696 0
-690 -697 0
-690 -698 0
-690 -699 0
-690 -700 0
-690 -701 0
-690 -702 0
-690 -703 0
-690 -704 0
-690 -705 0
-690 -706 0
-690 -707 0
-690 -708 0
-690 -709 0
-690 -710 0
-690 -711 0
-690 -712 0
-690 -713 0
-690 -714 0
-690 -715 0
-690 -716 0
-690 -717 0
-690 -718 0
-690 -719 0
-690 -720 0
-690 -721 0
-690 -722 0
-691 -692 0
-691 -693 0
-691 -694 0
-691 -695 0
-691 -696 0
-691 -697 0
-691 -698 0
-691 -699 0
-691 -700 0
-691 -701 0
-691 -702 0
-691 -703 0
-691 -704 0
-691 -705 0
-691 -706 0
-691 -707 0
-691 -708 0
-691 -709 0
-691 -710 0
-691 -711 0
-691 -712 0
-691 -713 0
-691 -714 0
-691 -715 0
-691 -716 0
-691 -717 0
-691 -718 0
-691 -719 0
-691 -720 0
-691 -721 0
-691 -722 0
-692 -693 0
-692 -694 0
-692 -695 0
-692 -696 0
-692 -697 0
-692 -698 0
-692 -699 0
-692 -700 0
-692 -701 0
-692 -702 0
-692 -703 0
-692 -704 0
-692 -705 0
-692 -706 0
-692 -707 0
-692 -708 0
-692 -709 0
-692 -710 0
-692 -711 0
-692 -712 0
-692 -713 0
-692 -714 0
-692 -715 0
-692 -716 0
-692 -717 0
-692 -718 0
-692 -719 0
-692 -720 0
-692 -721 0
-692 -722 0
-693 -694 0
-693 -695 0
-693 -696 0
-693 -697 0
-693 -698 0
-693 -699 0
-693 -700 0
-693 -701 0
-693 -702 0
-693 -703 0
-693 -704 0
-693 -705 0
-693 -706 0
-693 -707 0
-693 -708 0
-693 -709 0
-693 -710 0
-693 -711 0
-693 -712 0
-693 -713 0
-693 -714 0
-693 -715 0
-693 -716 0
-693 -717 0
-693 -718 0
-693 -719 0
-693 -720 0
-693 -721 0
-693 -722 0
-694 -695 0
-694 -696 0
-694 -697 0
-694 -698 0
-694 -699 0
-694 -700 0
-694 -701 0
-694 -702 0
-694 -703 0
-694 -704 0
-694 -705 0
-694 -706 0
-694 -707 0
-694 -708 0
-694 -709 0
-694 -710 0
-694 -711 0
-694 -712 0
-694 -713 0
-694 -714 0
-694 -715 0
-694 -716 0
-694 -717 0
-694 -718 0
-694 -719 0
-694 -720 0
-694 -721 0
-694 -722 0
-695 -696 0
-695 -697 0
-695 -698 0
-695 -699 0
-695 -700 0
-695 -701 0
-695 -702 0
-695 -703 0
-695 -704 0
-695 -705 0
-695 -706 0
-695 -707 0
-695 -708 0
-695 -709 0
-695 -710 0
-695 -711 0
-695 -712 0
-695 -713 0
-695 -714 0
-695 -715 0
-695 -716 0
-695 -717 0
-695 -718 0
-695 -719 0
-695 -720 0
-695 -721 0
-695 -722 0
-696 -697 0
-696 -698 0
-696 -699 0
-696 -700 0
-696 -701 0
-696 -702 0
-696 -703 0
-696 -704 0
-696 -705 0
-696 -706 0
-696 -707 0
-696 -708 0
-696 -709 0
-696 -710 0
-696 -711 0
-696 -712 0
-696 -713 0
-696 -714 0
-696 -715 0
-696 -716 0
-696 -717 0
-696 -718 0
-696 -719 0
-696 -720 0
-696 -721 0
-696 -722 0
-697 -698 0
-697 -699 0
-697 -700 0
-697 -701 0
-697 -702 0
-697 -703 0
-697 -704 0
-697 -705 0
-697 -706 0
-697 -707 0
-697 -708 0
-697 -709 0
-697 -710 0
-697 -711 0
-697 -712 0
-697 -713 0
-697 -714 0
-697 -715 0
-697 -716 0
-697 -717 0
-697 -718 0
-697 -719 0
-697 -720 0
-697 -721 0
-697 -722 0
-698 -699 0
-698 -700 0
-698 -701 0
-698 -702 0
-698 -703 0
-698 -704 0
-698 -705 0
-698 -706 0
-698 -707 0
-698 -708 0
-698 -709 0
-698 -710 0
-698 -711 0
-698 -712 0
-698 -713 0
-698 -714 0
-698 -715 0
-698 -716 0
-698 -717 0
-698 -718 0
-698 -719 0
-698 -720 0
-698 -721 0
-698 -722 0
-699 -700 0
-699 -701 0
-699 -702 0
-699 -703 0
-699 -704 0
-699 -705 0
-699 -706 0
-699 -707 0
-699 -708 0
-699 -709 0
-699 -710 0
-699 -711 0
-699 -712 0
-699 -713 0
-699 -714 0
-699 -715 0
-699 -716 0
-699 -717 0
-699 -718 0
-699 -719 0
-699 -720 0
-699 -721 0
-699 -722 0
-700 -701 0
-700 -702 0
-700 -703 0
-700 -704 0
-700 -705 0
-700 -706 0
-700 -707 0
-700 -708 0
-700 -709 0
-700 -710 0
-700 -711 0
-700 -712 0
-700 -713 0
-700 -714 0
-700 -715 0
-700 -716 0
-700 -717 0
-700 -718 0
-700 -719 0
-700 -720 0
-700 -721 0
-700 -722 0
-701 -702 0
-701 -703 0
-701 -704 0
-701 -705 0
-701 -706 0
-701 -707 0
-701 -708 0
-701 -709 0
-701 -710 0
-701 -711 0
-701 -712 0
-701 -713 0
-701 -714 0
-701 -715 0
-701 -716 0
-701 -717 0
-701 -718 0
-701 -719 0
-701 -720 0
-701 -721 0
-701 -722 0
-702 -703 0
-702 -704 0
-702 -705 0
-702 -706 0
-702 -707 0
-702 -708 0
-702 -709 0
-702 -710 0
-702 -711 0
-702 -712 0
-702 -713 0
-702 -714 0
-702 -715 0
-702 -716 0
-702 -717 0
-702 -718 0
-702 -719 0
-702 -720 0
-702 -721 0
-702 -722 0
-703 -704 0
-703 -705 0
-703 -706 0
-703 -707 0
-703 -708 0
-703 -709 0
-703 -710 0
-703 -711 0
-703 -712 0
-703 -713 0
-703 -714 0
-703 -715 0
-703 -716 0
-703 -717 0
-703 -718 0
-703 -719 0
-703 -720 0
-703 -721 0
-703 -722 0
-704 -705 0
-704 -706 0
-704 -707 0
-704 -708 0
-704 -709 0
-704 -710 0
-704 -711 0
-704 -712 0
-704 -713 0
-704 -714 0
-704 -715 0
-704 -716 0
-704 -717 0
-704 -718 0
-704 -719 0
-704 -720 0
-704 -721 0
-704 -722 0
-705 -706 0
-705 -707 0
-705 -708 0
-705 -709 0
-705 -710 0
-705 -711 0
-705 -712 0
-705 -713 0
-705 -714 0
-705 -715 0
-705 -716 0
-705 -717 0
-705 -718 0
-705 -719 0
-705 -720 0
-705 -721 0
-705 -722 0
-706 -707 0
-706 -708 0
-706 -709 0
-706 -710 0
-706 -711 0
-706 -712 0
-706 -713 0
-706 -714 0
-706 -715 0
-706 -716 0
-706 -717 0
-706 -718 0
-706 -719 0
-706 -720 0
-706 -721 0
-706 -722 0
-707 -708 0
-707 -709 0
-707 -710 0
-707 -711 0
-707 -712 0
-707 -713 0
-707 -714 0
-707 -715 0
-707 -716 0
-707 -717 0
-707 -718 0
-707 -719 0
-707 -720 0
-707 -721 0
-707 -722 0
-708 -709 0
-708 -710 0
-708 -711 0
-708 -712 0
-708 -713 0
-708 -714 0
-708 -715 0
-708 -716 0
-708 -717 0
-708 -718 0
-708 -719 0
-708 -720 0
-708 -721 0
-708 -722 0
-709 -710 0
-709 -711 0
-709 -712 0
-709 -713 0
-709 -714 0
-709 -715 0
-709 -716 0
-709 -717 0
-709 -718 0
-709 -719 0
-709 -720 0
-709 -721 0
-709 -722 0
-710 -711 0
-710 -712 0
-710 -713 0
-710 -714 0
-710 -715 0
-710 -716 0
-710 -717 0
-710 -718 0
-710 -719 0
-710 -720 0
-710 -721 0
-710 -722 0
-711 -712 0
-711 -713 0
-711 -714 0
-711 -715 0
-711 -716 0
-711 -717 0
-711 -718 0
-711 -719 0
-711 -720 0
-711 -721 0
-711 -722 0
-712 -713 0
-712 -714 0
-712 -715 0
-712 -716 0
-712 -717 0
-712 -718 0
-712 -719 0
-712 -720 0
-712 -721 0
-712 -722 0
-713 -714 0
-713 -715 0
-713 -716 0
-713 -717 0
-713 -718 0
-713 -719 0
-713 -720 0
-713 -721 0
-713 -722 0
-714 -715 0
-714 -716 0
-714 -717 0
-714 -718 0
-714 -719 0
-714 -720 0
-714 -721 0
-714 -722 0
-715 -716 0
-715 -717 0
-715 -718 0
-715 -719 0
-715 -720 0
-715 -721 0
-715 -722 0
-716 -717 0
-716 -718 0
-716 -719 0
-716 -720 0
-716 -721 0
-716 -722 0
-717 -718 0
-717 -719 0
-717 -720 0
-717 -721 0
-717 -722 0
-718 -719 0
-718 -720 0
-718 -721 0
-718 -722 0
-719 -720 0
-719 -721 0
-719 -722 0
-720 -721 0
-720 -722 0
-721 -722 0
-723 -724 0
-723 -725 0
-723 -726 0
-723 -727 0
-723 -728 0
-723 -729 0
-723 -730 0
-723 -731 0
-723 -732 0
-723 -733 0
-723 -734 0
-723 -735 0
-723 -736 0
-723 -737 0
-723 -738 0
-723 -739 0
-723 -740 0
-723 -741 0
-723 -742 0
-723 -743 0
-723 -744 0
-723 -745 0
-723 -746 0
-723 -747 0
-723 -748 0
-723 -749 0
-723 -750 0
-723 -751 0
-723 -752 0
-723 -753 0
-723 -754 0
-723 -755 0
-723 -756 0
-723 -757 0
-723 -758 0
-723 -759 0
-723 -760 0
-724 -725 0
-724 -726 0
-724 -727 0
-724 -728 0
-724 -729 0
-724 -730 0
-724 -731 0
-724 -732 0
-724 -733 0
-724 -734 0
-724 -735 0
-724 -736 0
-724 -737 0
-724 -738 0
-724 -739 0
-724 -740 0
-724 -741 0
-724 -742 0
-724 -743 0
-724 -744 0
-724 -745 0
-724 -746 0
-724 -747 0
-724 -748 0
-724 -749 0
-724 -750 0
-724 -751 0
-724 -752 0
-724 -753 0
-724 -754 0
-724 -755 0
-724 -756 0
-724 -757 0
-724 -758 0
-724 -759 0
-724 -760 0
-725 -726 0
-725 -727 0
-725 -728 0
-725 -729 0
-725 -730 0
-725 -731 0
-725 -732 0
-725 -733 0
-725 -734 0
-725 -735 0
-725 -736 0
-725 -737 0
-725 -738 0
-725 -739 0
-725 -740 0
-725 -741 0
-725 -742 0
-725 -743 0
-725 -744 0
-725 -745 0
-725 -746 0
-725 -747 0
-725 -748 0
-725 -749 0
-725 -750 0
-725 -751 0
-725 -752 0
-725 -753 0
-725 -754 0
-725 -755 0
-725 -756 0
-725 -757 0
-725 -758 0
-725 -759 0
-725 -760 0
-726 -727 0
-726 -728 0
-726 -729 0
-726 -730 0
-726 -731 0
-726 -732 0
-726 -733 0
-726 -734 0
-726 -735 0
-726 -736 0
-726 -737 0
-726 -738 0
-726 -739 0
-726 -740 0
-726 -741 0
-726 -742 0
-726 -743 0
-726 -744 0
-726 -745 0
-726 -746 0
-726 -747 0
-726 -748 0
-726 -749 0
-726 -750 0
-726 -751 0
-726 -752 0
-726 -753 0
-726 -754 0
-726 -755 0
-726 -756 0
-726 -757 0
-726 -758 0
-726 -759 0
-726 -760 0
-727 -728 0
-727 -729 0
-727 -730 0
-727 -731 0
-727 -732 0
-727 -733 0
-727 -734 0
-727 -735 0
-727 -736 0
-727 -737 0
-727 -738 0
-727 -739 0
-727 -740 0
-727 -741 0
-727 -742 0
-727 -743 0
-727 -744 0
-727 -745 0
-727 -746 0
-727 -747 0
-727 -748 0
-727 -749 0
-727 -750 0
-727 -751 0
-727 -752 0
-727 -753 0
-727 -754 0
-727 -755 0
-727 -756 0
-727 -757 0
-727 -758 0
-727 -759 0
-727 -760 0
-728 -729 0
-728 -730 0
-728 -731 0
-728 -732 0
-728 -733 0
-728 -734 0
-728 -735 0
-728 -736 0
-728 -737 0
-728 -738 0
-728 -739 0
-728 -740 0
-728 -741 0
-728 -742 0
-728 -743 0
-728 -744 0
-728 -745 0
-728 -746 0
-728 -747 0
-728 -748 0
-728 -749 0
-728 -750 0
-728 -751 0
-728 -752 0
-728 -753 0
-728 -754 0
-728 -755 0
-728 -756 0
-728 -757 0
-728 -758 0
-728 -759 0
-728 -760 0
-729 -730 0
-729 -731 0
-729 -732 0
-729 -733 0
-729 -734 0
-729 -735 0
-729 -736 0
-729 -737 0
-729 -738 0
-729 -739 0
-729 -740 0
-729 -741 0
-729 -742 0
-729 -743 0
-729 -744 0
-729 -745 0
-729 -746 0
-729 -747 0
-729 -748 0
-729 -749 0
-729 -750 0
-729 -751 0
-729 -752 0
-729 -753 0
-729 -754 0
-729 -755 0
-729 -756 0
-729 -757 0
-729 -758 0
-729 -759 0
-729 -760 0
-730 -731 0
-730 -732 0
-730 -733 0
-730 -734 0
-730 -735 0
-730 -736 0
-730 -737 0
-730 -738 0
-730 -739 0
-730 -740 0
-730 -741 0
-730 -742 0
-730 -743 0
-730 -744 0
-730 -745 0
-730 -746 0
-730 -747 0
-730 -748 0
-730 -749 0
-730 -750 0
-730 -751 0
-730 -752 0
-730 -753 0
-730 -754 0
-730 -755 0
-730 -756 0
-730 -757 0
-730 -758 0
-730 -759 0
-730 -760 0
-731 -732 0
-731 -733 0
-731 -734 0
-731 -735 0
-731 -736 0
-731 -737 0
-731 -738 0
-731 -739 0
-731 -740 0
-731 -741 0
-731 -742 0
-731 -743 0
-731 -744 0
-731 -745 0
-731 -746 0
-731 -747 0
-731 -748 0
-731 -749 0
-731 -750 0
-731 -751 0
-731 -752 0
-731 -753 0
-731 -754 0
-731 -755 0
-731 -756 0
-731 -757 0
-731 -758 0
-731 -759 0
-731 -760 0
-732 -733 0
-732 -734 0
-732 -735 0
-732 -736 0
-732 -737 0
-732 -738 0
-732 -739 0
-732 -740 0
-732 -741 0
-732 -742 0
-732 -743 0
-732 -744 0
-732 -745 0
-732 -746 0
-732 -747 0
-732 -748 0
-732 -749 0
-732 -750 0
-732 -751 0
-732 -752 0
-732 -753 0
-732 -754 0
-732 -755 0
-732 -756 0
-732 -757 0
-732 -758 0
-732 -759 0
-732 -760 0
-733 -734 0
-733 -735 0
-733 -736 0
-733 -737 0
-733 -738 0
-733 -739 0
-733 -740 0
-733 -741 0
-733 -742 0
-733 -743 0
-733 -744 0
-733 -745 0
-733 -746 0
-733 -747 0
-733 -748 0
-733 -749 0
-733 -750 0
-733 -751 0
-733 -752 0
-733 -753 0
-733 -754 0
-733 -755 0
-733 -756 0
-733 -757 0
-733 -758 0
-733 -759 0
-733 -760 0
-734 -735 0
-734 -736 0
-734 -737 0
-734 -738 0
-734 -739 0
-734 -740 0
-734 -741 0
-734 -742 0
-734 -743 0
-734 -744 0
-734 -745 0
-734 -746 0
-734 -747 0
-734 -748 0
-734 -749 0
-734 -750 0
-734 -751 0
-734 -752 0
-734 -753 0
-734 -754 0
-734 -755 0
-734 -756 0
-734 -757 0
-734 -758 0
-734 -759 0
-734 -760 0
-735 -736 0
-735 -737 0
-735 -738 0
-735 -739 0
-735 -740 0
-735 -741 0
-735 -742 0
-735 -743 0
-735 -744 0
-735 -745 0
-735 -746 0
-735 -747 0
-735 -748 0
-735 -749 0
-735 -750 0
-735 -751 0
-735 -752 0
-735 -753 0
-735 -754 0
-735 -755 0
-735 -756 0
-735 -757 0
-735 -758 0
-735 -759 0
-735 -760 0
-736 -737 0
-736 -738 0
-736 -739 0
-736 -740 0
-736 -741 0
-736 -742 0
-736 -743 0
-736 -744 0
-736 -745 0
-736 -746 0
-736 -747 0
-736 -748 0
-736 -749 0
-736 -750 0
-736 -751 0
-736 -752 0
-736 -753 0
-736 -754 0
-736 -755 0
-736 -756 0
-736 -757 0
-736 -758 0
-736 -759 0
-736 -760 0
-737 -738 0
-737 -739 0
-737 -740 0
-737 -741 0
-737 -742 0
-737 -743 0
-737 -744 0
-737 -745 0
-737 -746 0
-737 -747 0
-737 -748 0
-737 -749 0
-737 -750 0
-737 -751 0
-737 -752 0
-737 -753 0
-737 -754 0
-737 -755 0
-737 -756 0
-737 -757 0
-737 -758 0
-737 -759 0
-737 -760 0
-738 -739 0
-738 -740 0
-738 -741 0
-738 -742 0
-738 -743 0
-738 -744 0
-738 -745 0
-738 -746 0
-738 -747 0
-738 -748 0
-738 -749 0
-738 -750 0
-738 -751 0
-738 -752 0
-738 -753 0
-738 -754 0
-738 -755 0
-738 -756 0
-738 -757 0
-738 -758 0
-738 -759 0
-738 -760 0
-739 -740 0
-739 -741 0
-739 -742 0
-739 -743 0
-739 -744 0
-739 -745 0
-739 -746 0
-739 -747 0
-739 -748 0
-739 -749 0
-739 -750 0
-739 -751 0
-739 -752 0
-739 -753 0
-739 -754 0
-739 -755 0
-739 -756 0
-739 -757 0
-739 -758 0
-739 -759 0
-739 -760 0
-740 -741 0
-740 -742 0
-740 -743 0
-740 -744 0
-740 -745 0
-740 -746 0
-740 -747 0
-740 -748 0
-740 -749 0
-740 -750 0
-740 -751 0
-740 -752 0
-740 -753 0
-740 -754 0
-740 -755 0
-740 -756 0
-740 -757 0
-740 -758 0
-740 -759 0
-740 -760 0
-741 -742 0
-741 -743 0
-741 -744 0
-741 -745 0
-741 -746 0
-741 -747 0
-741 -748 0
-741 -749 0
-741 -750 0
-741 -751 0
-741 -752 0
-741 -753 0
-741 -754 0
-741 -755 0
-741 -756 0
-741 -757 0
-741 -758 0
-741 -759 0
-741 -760 0
-742 -743 0
-742 -744 0
-742 -745 0
-742 -746 0
-742 -747 0
-742 -748 0
-742 -749 0
-742 -750 0
-742 -751 0
-742 -752 0
-742 -753 0
-742 -754 0
-742 -755 0
-742 -756 0
-742 -757 0
-742 -758 0
-742 -759 0
-742 -760 0
-743 -744 0
-743 -745 0
-743 -746 0
-743 -747 0
-743 -748 0
-743 -749 0
-743 -750 0
-743 -751 0
-743 -752 0
-743 -753 0
-743 -754 0
-743 -755 0
-743 -756 0
-743 -757 0
-743 -758 0
-743 -759 0
-743 -760 0
-744 -745 0
-744 -746 0
-744 -747 0
-744 -748 0
-744 -749 0
-744 -750 0
-744 -751 0
-744 -752 0
-744 -753 0
-744 -754 0
-744 -755 0
-744 -756 0
-744 -757 0
-744 -758 0
-744 -759 0
-744 -760 0
-745 -746 0
-745 -747 0
-745 -748 0
-745 -749 0
-745 -750 0
-745 -751 0
-745 -752 0
-745 -753 0
-745 -754 0
-745 -755 0
-745 -756 0
-745 -757 0
-745 -758 0
-745 -759 0
-745 -760 0
-746 -747 0
-746 -748 0
-746 -749 0
-746 -750 0
-746 -751 0
-746 -752 0
-746 -753 0
-746 -754 0
-746 -755 0
-746 -756 0
-746 -757 0
-746 -758 0
-746 -759 0
-746 -760 0
-747 -748 0
-747 -749 0
-747 -750 0
-747 -751 0
-747 -752 0
-747 -753 0
-747 -754 0
-747 -755 0
-747 -756 0
-747 -757 0
-747 -758 0
-747 -759 0
-747 -760 0
-748 -749 0
-748 -750 0
-748 -751 0
-748 -752 0
-748 -753 0
-748 -754 0
-748 -755 0
-748 -756 0
-748 -757 0
-748 -758 0
-748 -759 0
-748 -760 0
-749 -750 0
-749 -751 0
-749 -752 0
-749 -753 0
-749 -754 0
-749 -755 0
-749 -756 0
-749 -757 0
-749 -758 0
-749 -759 0
-749 -760 0
-750 -751 0
-750 -752 0
-750 -753 0
-750 -754 0
-750 -755 0
-750 -756 0
-750 -757 0
-750 -758 0
-750 -759 0
-750 -760 0
-751 -752 0
-751 -753 0
-751 -754 0
-751 -755 0
-751 -756 0
-751 -757 0
-751 -758 0
-751 -759 0
-751 -760 0
-752 -753 0
-752 -754 0
-752 -755 0
-752 -756 0
-752 -757 0
-752 -758 0
-752 -759 0
-752 -760 0
-753 -754 0
-753 -755 0
-753 -756 0
-753 -757 0
-753 -758 0
-753 -759 0
-753 -760 0
-754 -755 0
-754 -756 0
-754 -757 0
-754 -758 0
-754 -759 0
-754 -760 0
-755 -756 0
-755 -757 0
-755 -758 0
-755 -759 0
-755 -760 0
-756 -757 0
-756 -758 0
-756 -759 0
-756 -760 0
-757 -758 0
-757 -759 0
-757 -760 0
-758 -759 0
-758 -760 0
-759 -760 0
-761 -762 0
-761 -763 0
-761 -764 0
-761 -765 0
-761 -766 0
-761 -767 0
-761 -768 0
-761 -769 0
-761 -770 0
-761 -771 0
-761 -772 0
-761 -773 0
-761 -774 0
-761 -775 0
-761 -776 0
-761 -777 0
-761 -778 0
-761 -779 0
-761 -780 0
-761 -781 0
-761 -782 0
-761 -783 0
-761 -784 0
-761 -785 0
-761 -786 0
-761 -787 0
-761 -788 0
-761 -789 0
-761 -790 0
-761 -791 0
-761 -792 0
-761 -793 0
-761 -794 0
-761 -795 0
-761 -796 0
-761 -797 0
-761 -798 0
-762 -763 0
-762 -764 0
-762 -765 0
-762 -766 0
-762 -767 0
-762 -768 0
-762 -769 0
-762 -770 0
-762 -771 0
-762 -772 0
-762 -773 0
-762 -774 0
-762 -775 0
-762 -776 0
-762 -777 0
-762 -778 0
-762 -779 0
-762 -780 0
-762 -781 0
-762 -782 0
-762 -783 0
-762 -784 0
-762 -785 0
-762 -786 0
-762 -787 0
-762 -788 0
-762 -789 0
-762 -790 0
-762 -791 0
-762 -792 0
-762 -793 0
-762 -794 0
-762 -795 0
-762 -796 0
-762 -797 0
-762 -798 0
-763 -764 0
-763 -765 0
-763 -766 0
-763 -767 0
-763 -768 0
-763 -769 0
-763 -770 0
-763 -771 0
-763 -772 0
-763 -773 0
-763 -774 0
-763 -775 0
-763 -776 0
-763 -777 0
-763 -778 0
-763 -779 0
-763 -780 0
-763 -781 0
-763 -782 0
-763 -783 0
-763 -784 0
-763 -785 0
-763 -786 0
-763 -787 0
-763 -788 0
-763 -789 0
-763 -790 0
-763 -791 0
-763 -792 0
-763 -793 0
-763 -794 0
-763 -795 0
-763 -796 0
-763 -797 0
-763 -798 0
-764 -765 0
-764 -766 0
-764 -767 0
-764 -768 0
-764 -769 0
-764 -770 0
-764 -771 0
-764 -772 0
-764 -773 0
-764 -774 0
-764 -775 0
-764 -776 0
-764 -777 0
-764 -778 0
-764 -779 0
-764 -780 0
-764 -781 0
-764 -782 0
-764 -783 0
-764 -784 0
-764 -785 0
-764 -786 0
-764 -787 0
-764 -788 0
-764 -789 0
-764 -790 0
-764 -791 0
-764 -792 0
-764 -793 0
-764 -794 0
-764 -795 0
-764 -796 0
-764 -797 0
-764 -798 0
-765 -766 0
-765 -767 0
-765 -768 0
-765 -769 0
-765 -770 0
-765 -771 0
-765 -772 0
-765 -773 0
-765 -774 0
-765 -775 0
-765 -776 0
-765 -777 0
-765 -778 0
-765 -779 0
-765 -780 0
-765 -781 0
-765 -782 0
-765 -783 0
-765 -784 0
-765 -785 0
-765 -786 0
-765 -787 0
-765 -788 0
-765 -789 0
-765 -790 0
-765 -791 0
-765 -792 0
-765 -793 0
-765 -794 0
-765 -795 0
-765 -796 0
-765 -797 0
-765 -798 0
-766 -767 0
-766 -768 0
-766 -769 0
-766 -770 0
-766 -771 0
-766 -772 0
-766 -773 0
-766 -774 0
-766 -775 0
-766 -776 0
-766 -777 0
-766 -778 0
-766 -779 0
-766 -780 0
-766 -781 0
-766 -782 0
-766 -783 0
-766 -784 0
-766 -785 0
-766 -786 0
-766 -787 0
-766 -788 0
-766 -789 0
-766 -790 0
-766 -791 0
-766 -792 0
-766 -793 0
-766 -794 0
-766 -795 0
-766 -796 0
-766 -797 0
-766 -798 0
-767 -768 0
-767 -769 0
-767 -770 0
-767 -771 0
-767 -772 0
-767 -773 0
-767 -774 0
-767 -775 0
-767 -776 0
-767 -777 0
-767 -778 0
-767 -779 0
-767 -780 0
-767 -781 0
-767 -782 0
-767 -783 0
-767 -784 0
-767 -785 0
-767 -786 0
-767 -787 0
-767 -788 0
-767 -789 0
-767 -790 0
-767 -791 0
-767 -792 0
-767 -793 0
-767 -794 0
-767 -795 0
-767 -796 0
-767 -797 0
-767 -798 0
-768 -769 0
-768 -770 0
-768 -771 0
-768 -772 0
-768 -773 0
-768 -774 0
-768 -775 0
-768 -776 0
-768 -777 0
-768 -778 0
-768 -779 0
-768 -780 0
-768 -781 0
-768 -782 0
-768 -783 0
-768 -784 0
-768 -785 0
-768 -786 0
-768 -787 0
-768 -788 0
-768 -789 0
-768 -790 0
-768 -791 0
-768 -792 0
-768 -793 0
-768 -794 0
-768 -795 0
-768 -796 0
-768 -797 0
-768 -798 0
-769 -770 0
-769 -771 0
-769 -772 0
-769 -773 0
-769 -774 0
-769 -775 0
-769 -776 0
-769 -777 0
-769 -778 0
-769 -779 0
-769 -780 0
-769 -781 0
-769 -782 0
-769 -783 0
-769 -784 0
-769 -785 0
-769 -786 0
-769 -787 0
-769 -788 0
-769 -789 0
-769 -790 0
-769 -791 0
-769 -792 0
-769 -793 0
-769 -794 0
-769 -795 0
-769 -796 0
-769 -797 0
-769 -798 0
-770 -771 0
-770 -772 0
-770 -773 0
-770 -774 0
-770 -775 0
-770 -776 0
-770 -777 0
-770 -778 0
-770 -779 0
-770 -780 0
-770 -781 0
-770 -782 0
-770 -783 0
-770 -784 0
-770 -785 0
-770 -786 0
-770 -787 0
-770 -788 0
-770 -789 0
-770 -790 0
-770 -791 0
-770 -792 0
-770 -793 0
-770 -794 0
-770 -795 0
-770 -796 0
-770 -797 0
-770 -798 0
-771 -772 0
-771 -773 0
-771 -774 0
-771 -775 0
-771 -776 0
-771 -777 0
-771 -778 0
-771 -779 0
-771 -780 0
-771 -781 0
-771 -782 0
-771 -783 0
-771 -784 0
-771 -785 0
-771 -786 0
-771 -787 0
-771 -788 0
-771 -789 0
-771 -790 0
-771 -791 0
-771 -792 0
-771 -793 0
-771 -794 0
-771 -795 0
-771 -796 0
-771 -797 0
-771 -798 0
-772 -773 0
-772 -774 0
-772 -775 0
-772 -776 0
-772 -777 0
-772 -778 0
-772 -779 0
-772 -780 0
-772 -781 0
-772 -782 0
-772 -783 0
-772 -784 0
-772 -785 0
-772 -786 0
-772 -787 0
-772 -788 0
-772 -789 0
-772 -790 0
-772 -791 0
-772 -792 0
-772 -793 0
-772 -794 0
-772 -795 0
-772 -796 0
-772 -797 0
-772 -798 0
-773 -774 0
-773 -775 0
-773 -776 0
-773 -777 0
-773 -778 0
-773 -779 0
-773 -780 0
-773 -781 0
-773 -782 0
-773 -783 0
-773 -784 0
-773 -785 0
-773 -786 0
-773 -787 0
-773 -788 0
-773 -789 0
-773 -790 0
-773 -791 0
-773 -792 0
-773 -793 0
-773 -794 0
-773 -795 0
-773 -796 0
-773 -797 0
-773 -798 0
-774 -775 0
-774 -776 0
-774 -777 0
-774 -778 0
-774 -779 0
-774 -780 0
-774 -781 0
-774 -782 0
-774 -783 0
-774 -784 0
-774 -785 0
-774 -786 0
-774 -787 0
-774 -788 0
-774 -789 0
-774 -790 0
-774 -791 0
-774 -792 0
-774 -793 0
-774 -794 0
-774 -795 0
-774 -796 0
-774 -797 0
-774 -798 0
-775 -776 0
-775 -777 0
-775 -778 0
-775 -779 0
-775 -780 0
-775 -781 0
-775 -782 0
-775 -783 0
-775 -784 0
-775 -785 0
-775 -786 0
-775 -787 0
-775 -788 0
-775 -789 0
-775 -790 0
-775 -791 0
-775 -792 0
-775 -793 0
-775 -794 0
-775 -795 0
-775 -796 0
-775 -797 0
-775 -798 0
-776 -777 0
-776 -778 0
-776 -779 0
-776 -780 0
-776 -781 0
-776 -782 0
-776 -783 0
-776 -784 0
-776 -785 0
-776 -786 0
-776 -787 0
-776 -788 0
-776 -789 0
-776 -790 0
-776 -791 0
-776 -792 0
-776 -793 0
-776 -794 0
-776 -795 0
-776 -796 0
-776 -797 0
-776 -798 0
-777 -778 0
-777 -779 0
-777 -780 0
-777 -781 0
-777 -782 0
-777 -783 0
-777 -784 0
-777 -785 0
-777 -786 0
-777 -787 0
-777 -788 0
-777 -789 0
-777 -790 0
-777 -791 0
-777 -792 0
-777 -793 0
-777 -794 0
-777 -795 0
-777 -796 0
-777 -797 0
-777 -798 0
-778 -779 0
-778 -780 0
-778 -781 0
-778 -782 0
-778 -783 0
-778 -784 0
-778 -785 0
-778 -786 0
-778 -787 0
-778 -788 0
-778 -789 0
-778 -790 0
-778 -791 0
-778 -792 0
-778 -793 0
-778 -794 0
-778 -795 0
-778 -796 0
-778 -797 0
-778 -798 0
-779 -780 0
-779 -781 0
-779 -782 0
-779 -783 0
-779 -784 0
-779 -785 0
-779 -786 0
-779 -787 0
-779 -788 0
-779 -789 0
-779 -790 0
-779 -791 0
-779 -792 0
-779 -793 0
-779 -794 0
-779 -795 0
-779 -796 0
-779 -797 0
-779 -798 0
-780 -781 0
-780 -782 0
-780 -783 0
-780 -784 0
-780 -785 0
-780 -786 0
-780 -787 0
-780 -788 0
-780 -789 0
-780 -790 0
-780 -791 0
-780 -792 0
-780 -793 0
-780 -794 0
-780 -795 0
-780 -796 0
-780 -797 0
-780 -798 0
-781 -782 0
-781 -783 0
-781 -784 0
-781 -785 0
-781 -786 0
-781 -787 0
-781 -788 0
-781 -789 0
-781 -790 0
-781 -791 0
-781 -792 0
-781 -793 0
-781 -794 0
-781 -795 0
-781 -796 0
-781 -797 0
-781 -798 0
-782 -783 0
-782 -784 0
-782 -785 0
-782 -786 0
-782 -787 0
-782 -788 0
-782 -789 0
-782 -790 0
-782 -791 0
-782 -792 0
-782 -793 0
-782 -794 0
-782 -795 0
-782 -796 0
-782 -797 0
-782 -798 0
-783 -784 0
-783 -785 0
-783 -786 0
-783 -787 0
-783 -788 0
-783 -789 0
-783 -790 0
-783 -791 0
-783 -792 0
-783 -793 0
-783 -794 0
-783 -795 0
-783 -796 0
-783 -797 0
-783 -798 0
-784 -785 0
-784 -786 0
-784 -787 0
-784 -788 0
-784 -789 0
-784 -790 0
-784 -791 0
-784 -792 0
-784 -793 0
-784 -794 0
-784 -795 0
-784 -796 0
-784 -797 0
-784 -798 0
-785 -786 0
-785 -787 0
-785 -788 0
-785 -789 0
-785 -790 0
-785 -791 0
-785 -792 0
-785 -793 0
-785 -794 0
-785 -795 0
-785 -796 0
-785 -797 0
-785 -798 0
-786 -787 0
-786 -788 0
-786 -789 0
-786 -790 0
-786 -791 0
-786 -792 0
-786 -793 0
-786 -794 0
-786 -795 0
-786 -796 0
-786 -797 0
-786 -798 0
-787 -788 0
-787 -789 0
-787 -790 0
-787 -791 0
-787 -792 0
-787 -793 0
-787 -794 0
-787 -795 0
-787 -796 0
-787 -797 0
-787 -798 0
-788 -789 0
-788 -790 0
-788 -791 0
-788 -792 0
-788 -793 0
-788 -794 0
-788 -795 0
-788 -796 0
-788 -797 0
-788 -798 0
-789 -790 0
-789 -791 0
-789 -792 0
-789 -793 0
-789 -794 0
-789 -795 0
-789 -796 0
-789 -797 0
-789 -798 0
-790 -791 0
-790 -792 0
-790 -793 0
-790 -794 0
-790 -795 0
-790 -796 0
-790 -797 0
-790 -798 0
-791 -792 0
-791 -793 0
-791 -794 0
-791 -795 0
-791 -796 0
-791 -797 0
-791 -798 0
-792 -793 0
-792 -794 0
-792 -795 0
-792 -796 0
-792 -797 0
-792 -798 0
-793 -794 0
-793 -795 0
-793 -796 0
-793 -797 0
-793 -798 0
-794 -795 0
-794 -796 0
-794 -797 0
-794 -798 0
-795 -796 0
-795 -797 0
-795 -798 0
-796 -797 0
-796 -798 0
-797 -798 0
-799 -800 0
-799 -801 0
-799 -802 0
-799 -803 0
-799 -804 0
-799 -805 0
-799 -806 0
-799 -807 0
-799 -808 0
-799 -809 0
-799 -810 0
-799 -811 0
-799 -812 0
-799 -813 0
-799 -814 0
-799 -815 0
-799 -816 0
-799 -817 0
-799 -818 0
-799 -819 0
-799 -820 0
-799 -821 0
-799 -822 0
-799 -823 0
-799 -824 0
-799 -825 0
-799 -826 0
-799 -827 0
-799 -828 0
-799 -829 0
-799 -830 0
-799 -831 0
-799 -832 0
-799 -833 0
-799 -834 0
-799 -835 0
-799 -836 0
-800 -801 0
-800 -802 0
-800 -803 0
-800 -804 0
-800 -805 0
-800 -806 0
-800 -807 0
-800 -808 0
-800 -809 0
-800 -810 0
-800 -811 0
-800 -812 0
-800 -813 0
-800 -814 0
-800 -815 0
-800 -816 0
-800 -817 0
-800 -818 0
-800 -819 0
-800 -820 0
-800 -821 0
-800 -822 0
-800 -823 0
-800 -824 0
-800 -825 0
-800 -826 0
-800 -827 0
-800 -828 0
-800 -829 0
-800 -830 0
-800 -831 0
-800 -832 0
-800 -833 0
-800 -834 0
-800 -835 0
-800 -836 0
-801 -802 0
-801 -803 0
-801 -804 0
-801 -805 0
-801 -806 0
-801 -807 0
-801 -808 0
-801 -809 0
-801 -810 0
-801 -811 0
-801 -812 0
-801 -813 0
-801 -814 0
-801 -815 0
-801 -816 0
-801 -817 0
-801 -818 0
-801 -819 0
-801 -820 0
-801 -821 0
-801 -822 0
-801 -823 0
-801 -824 0
-801 -825 0
-801 -826 0
-801 -827 0
-801 -828 0
-801 -829 0
-801 -830 0
-801 -831 0
-801 -832 0
-801 -833 0
-801 -834 0
-801 -835 0
-801 -836 0
-802 -803 0
-802 -804 0
-802 -805 0
-802 -806 0
-802 -807 0
-802 -808 0
-802 -809 0
-802 -810 0
-802 -811 0
-802 -812 0
-802 -813 0
-802 -814 0
-802 -815 0
-802 -816 0
-802 -817 0
-802 -818 0
-802 -819 0
-802 -820 0
-802 -821 0
-802 -822 0
-802 -823 0
-802 -824 0
-802 -825 0
-802 -826 0
-802 -827 0
-802 -828 0
-802 -829 0
-802 -830 0
-802 -831 0
-802 -832 0
-802 -833 0
-802 -834 0
-802 -835 0
-802 -836 0
-803 -804 0
-803 -805 0
-803 -806 0
-803 -807 0
-803 -808 0
-803 -809 0
-803 -810 0
-803 -811 0
-803 -812 0
-803 -813 0
-803 -814 0
-803 -815 0
-803 -816 0
-803 -817 0
-803 -818 0
-803 -819 0
-803 -820 0
-803 -821 0
-803 -822 0
-803 -823 0
-803 -824 0
-803 -825 0
-803 -826 0
-803 -827 0
-803 -828 0
-803 -829 0
-803 -830 0
-803 -831 0
-803 -832 0
-803 -833 0
-803 -834 0
-803 -835 0
-803 -836 0
-804 -805 0
-804 -806 0
-804 -807 0
-804 -808 0
-804 -809 0
-804 -810 0
-804 -811 0
-804 -812 0
-804 -813 0
-804 -814 0
-804 -815 0
-804 -816 0
-804 -817 0
-804 -818 0
-804 -819 0
-804 -820 0
-804 -821 0
-804 -822 0
-804 -823 0
-804 -824 0
-804 -825 0
-804 -826 0
-804 -827 0
-804 -828 0
-804 -829 0
-804 -830 0
-804 -831 0
-804 -832 0
-804 -833 0
-804 -834 0
-804 -835 0
-804 -836 0
-805 -806 0
-805 -807 0
-805 -808 0
-805 -809 0
-805 -810 0
-805 -811 0
-805 -812 0
-805 -813 0
-805 -814 0
-805 -815 0
-805 -816 0
-805 -817 0
-805 -818 0
-805 -819 0
-805 -820 0
-805 -821 0
-805 -822 0
-805 -823 0
-805 -824 0
-805 -825 0
-805 -826 0
-805 -827 0
-805 -828 0
-805 -829 0
-805 -830 0
-805 -831 0
-805 -832 0
-805 -833 0
-805 -834 0
-805 -835 0
-805 -836 0
-806 -807 0
-806 -808 0
-806 -809 0
-806 -810 0
-806 -811 0
-806 -812 0
-806 -813 0
-806 -814 0
-806 -815 0
-806 -816 0
-806 -817 0
-806 -818 0
-806 -819 0
-806 -820 0
-806 -821 0
-806 -822 0
-806 -823 0
-806 -824 0
-806 -825 0
-806 -826 0
-806 -827 0
-806 -828 0
-806 -829 0
-806 -830 0
-806 -831 0
-806 -832 0
-806 -833 0
-806 -834 0
-806 -835 0
-806 -836 0
-807 -808 0
-807 -809 0
-807 -810 0
-807 -811 0
-807 -812 0
-807 -813 0
-807 -814 0
-807 -815 0
-807 -816 0
-807 -817 0
-807 -818 0
-807 -819 0
-807 -820 0
-807 -821 0
-807 -822 0
-807 -823 0
-807 -824 0
-807 -825 0
-807 -826 0
-807 -827 0
-807 -828 0
-807 -829 0
-807 -830 0
-807 -831 0
-807 -832 0
-807 -833 0
-807 -834 0
-807 -835 0
-807 -836 0
-808 -809 0
-808 -810 0
-808 -811 0
-808 -812 0
-808 -813 0
-808 -814 0
-808 -815 0
-808 -816 0
-808 -817 0
-808 -818 0
-808 -819 0
-808 -820 0
-808 -821 0
-808 -822 0
-808 -823 0
-808 -824 0
-808 -825 0
-808 -826 0
-808 -827 0
-808 -828 0
-808 -829 0
-808 -830 0
-808 -831 0
-808 -832 0
-808 -833 0
-808 -834 0
-808 -835 0
-808 -836 0
-809 -810 0
-809 -811 0
-809 -812 0
-809 -813 0
-809 -814 0
-809 -815 0
-809 -816 0
-809 -817 0
-809 -818 0
-809 -819 0
-809 -820 0
-809 -821 0
-809 -822 0
-809 -823 0
-809 -824 0
-809 -825 0
-809 -826 0
-809 -827 0
-809 -828 0
-809 -829 0
-809 -830 0
-809 -831 0
-809 -832 0
-809 -833 0
-809 -834 0
-809 -835 0
-809 -836 0
-810 -811 0
-810 -812 0
-810 -813 0
-810 -814 0
-810 -815 0
-810 -816 0
-810 -817 0
-810 -818 0
-810 -819 0
-810 -820 0
-810 -821 0
-810 -822 0
-810 -823 0
-810 -824 0
-810 -825 0
-810 -826 0
-810 -827 0
-810 -828 0
-810 -829 0
-810 -830 0
-810 -831 0
-810 -832 0
-810 -833 0
-810 -834 0
-810 -835 0
-810 -836 0
-811 -812 0
-811 -813 0
-811 -814 0
-811 -815 0
-811 -816 0
-811 -817 0
-811 -818 0
-811 -819 0
-811 -820 0
-811 -821 0
-811 -822 0
-811 -823 0
-811 -824 0
-811 -825 0
-811 -826 0
-811 -827 0
-811 -828 0
-811 -829 0
-811 -830 0
-811 -831 0
-811 -832 0
-811 -833 0
-811 -834 0
-811 -835 0
-811 -836 0
-812 -813 0
-812 -814 0
-812 -815 0
-812 -816 0
-812 -817 0
-812 -818 0
-812 -819 0
-812 -820 0
-812 -821 0
-812 -822 0
-812 -823 0
-812 -824 0
-812 -825 0
-812 -826 0
-812 -827 0
-812 -828 0
-812 -829 0
-812 -830 0
-812 -831 0
-812 -832 0
-812 -833 0
-812 -834 0
-812 -835 0
-812 -836 0
-813 -814 0
-813 -815 0
-813 -816 0
-813 -817 0
-813 -818 0
-813 -819 0
-813 -820 0
-813 -821 0
-813 -822 0
-813 -823 0
-813 -824 0
-813 -825 0
-813 -826 0
-813 -827 0
-813 -828 0
-813 -829 0
-813 -830 0
-813 -831 0
-813 -832 0
-813 -833 0
-813 -834 0
-813 -835 0
-813 -836 0
-814 -815 0
-814 -816 0
-814 -817 0
-814 -818 0
-814 -819 0
-814 -820 0
-814 -821 0
-814 -822 0
-814 -823 0
-814 -824 0
-814 -825 0
-814 -826 0
-814 -827 0
-814 -828 0
-814 -829 0
-814 -830 0
-814 -831 0
-814 -832 0
-814 -833 0
-814 -834 0
-814 -835 0
-814 -836 0
-815 -816 0
-815 -817 0
-815 -818 0
-815 -819 0
-815 -820 0
-815 -821 0
-815 -822 0
-815 -823 0
-815 -824 0
-815 -825 0
-815 -826 0
-815 -827 0
-815 -828 0
-815 -829 0
-815 -830 0
-815 -831 0
-815 -832 0
-815 -833 0
-815 -834 0
-815 -835 0
-815 -836 0
-816 -817 0
-816 -818 0
-816 -819 0
-816 -820 0
-816 -821 0
-816 -822 0
-816 -823 0
-816 -824 0
-816 -825 0
-816 -826 0
-816 -827 0
-816 -828 0
-816 -829 0
-816 -830 0
-816 -831 0
-816 -832 0
-816 -833 0
-816 -834 0
-816 -835 0
-816 -836 0
-817 -818 0
-817 -819 0
-817 -820 0
-817 -821 0
-817 -822 0
-817 -823 0
-817 -824 0
-817 -825 0
-817 -826 0
-817 -827 0
-817 -828 0
-817 -829 0
-817 -830 0
-817 -831 0
-817 -832 0
-817 -833 0
-817 -834 0
-817 -835 0
-817 -836 0
-818 -819 0
-818 -820 0
-818 -821 0
-818 -822 0
-818 -823 0
-818 -824 0
-818 -825 0
-818 -826 0
-818 -827 0
-818 -828 0
-818 -829 0
-818 -830 0
-818 -831 0
-818 -832 0
-818 -833 0
-818 -834 0
-818 -835 0
-818 -836 0
-819 -820 0
-819 -821 0
-819 -822 0
-819 -823 0
-819 -824 0
-819 -825 0
-819 -826 0
-819 -827 0
-819 -828 0
-819 -829 0
-819 -830 0
-819 -831 0
-819 -832 0
-819 -833 0
-819 -834 0
-819 -835 0
-819 -836 0
-820 -821 0
-820 -822 0
-820 -823 0
-820 -824 0
-820 -825 0
-820 -826 0
-820 -827 0
-820 -828 0
-820 -829 0
-820 -830 0
-820 -831 0
-820 -832 0
-820 -833 0
-820 -834 0
-820 -835 0
-820 -836 0
-821 -822 0
-821 -823 0
-821 -824 0
-821 -825 0
-821 -826 0
-821 -827 0
-821 -828 0
-821 -829 0
-821 -830 0
-821 -831 0
-821 -832 0
-821 -833 0
-821 -834 0
-821 -835 0
-821 -836 0
-822 -823 0
-822 -824 0
-822 -825 0
-822 -826 0
-822 -827 0
-822 -828 0
-822 -829 0
-822 -830 0
-822 -831 0
-822 -832 0
-822 -833 0
-822 -834 0
-822 -835 0
-822 -836 0
-823 -824 0
-823 -825 0
-823 -826 0
-823 -827 0
-823 -828 0
-823 -829 0
-823 -830 0
-823 -831 0
-823 -832 0
-823 -833 0
-823 -834 0
-823 -835 0
-823 -836 0
-824 -825 0
-824 -826 0
-824 -827 0
-824 -828 0
-824 -829 0
-824 -830 0
-824 -831 0
-824 -832 0
-824 -833 0
-824 -834 0
-824 -835 0
-824 -836 0
-825 -826 0
-825 -827 0
-825 -828 0
-825 -829 0
-825 -830 0
-825 -831 0
-825 -832 0
-825 -833 0
-825 -834 0
-825 -835 0
-825 -836 0
-826 -827 0
-826 -828 0
-826 -829 0
-826 -830 0
-826 -831 0
-826 -832 0
-826 -833 0
-826 -834 0
-826 -835 0
-826 -836 0
-827 -828 0
-827 -829 0
-827 -830 0
-827 -831 0
-827 -832 0
-827 -833 0
-827 -834 0
-827 -835 0
-827 -836 0
-828 -829 0
-828 -830 0
-828 -831 0
-828 -832 0
-828 -833 0
-828 -834 0
-828 -835 0
-828 -836 0
-829 -830 0
-829 -831 0
-829 -832 0
-829 -833 0
-829 -834 0
-829 -835 0
-829 -836 0
-830 -831 0
-830 -832 0
-830 -833 0
-830 -834 0
-830 -835 0
-830 -836 0
-831 -832 0
-831 -833 0
-831 -834 0
-831 -835 0
-831 -836 0
-832 -833 0
-832 -834 0
-832 -835 0
-832 -836 0
-833 -834 0
-833 -835 0
-833 -836 0
-834 -835 0
-834 -836 0
-835 -836 0
-837 -838 0
-837 -839 0
-837 -840 0
-837 -841 0
-837 -842 0
-837 -843 0
-837 -844 0
-837 -845 0
-837 -846 0
-837 -847 0
-837 -848 0
-837 -849 0
-837 -850 0
-837 -851 0
-837 -852 0
-837 -853 0
-837 -854 0
-837 -855 0
-837 -856 0
-837 -857 0
-837 -858 0
-837 -859 0
-837 -860 0
-837 -861 0
-837 -862 0
-837 -863 0
-837 -864 0
-837 -865 0
-837 -866 0
-837 -867 0
-837 -868 0
-837 -869 0
-837 -870 0
-837 -871 0
-837 -872 0
-837 -873 0
-837 -874 0
-838 -839 0
-838 -840 0
-838 -841 0
-838 -842 0
-838 -843 0
-838 -844 0
-838 -845 0
-838 -846 0
-838 -847 0
-838 -848 0
-838 -849 0
-838 -850 0
-838 -851 0
-838 -852 0
-838 -853 0
-838 -854 0
-838 -855 0
-838 -856 0
-838 -857 0
-838 -858 0
-838 -859 0
-838 -860 0
-838 -861 0
-838 -862 0
-838 -863 0
-838 -864 0
-838 -865 0
-838 -866 0
-838 -867 0
-838 -868 0
-838 -869 0
-838 -870 0
-838 -871 0
-838 -872 0
-838 -873 0
-838 -874 0
-839 -840 0
-839 -841 0
-839 -842 0
-839 -843 0
-839 -844 0
-839 -845 0
-839 -846 0
-839 -847 0
-839 -848 0
-839 -849 0
-839 -850 0
-839 -851 0
-839 -852 0
-839 -853 0
-839 -854 0
-839 -855 0
-839 -856 0
-839 -857 0
-839 -858 0
-839 -859 0
-839 -860 0
-839 -861 0
-839 -862 0
-839 -863 0
-839 -864 0
-839 -865 0
-839 -866 0
-839 -867 0
-839 -868 0
-839 -869 0
-839 -870 0
-839 -871 0
-839 -872 0
-839 -873 0
-839 -874 0
-840 -841 0
-840 -842 0
-840 -843 0
-840 -844 0
-840 -845 0
-840 -846 0
-840 -847 0
-840 -848 0
-840 -849 0
-840 -850 0
-840 -851 0
-840 -852 0
-840 -853 0
-840 -854 0
-840 -855 0
-840 -856 0
-840 -857 0
-840 -858 0
-840 -859 0
-840 -860 0
-840 -861 0
-840 -862 0
-840 -863 0
-840 -864 0
-840 -865 0
-840 -866 0
-840 -867 0
-840 -868 0
-840 -869 0
-840 -870 0
-840 -871 0
-840 -872 0
-840 -873 0
-840 -874 0
-841 -842 0
-841 -843 0
-841 -844 0
-841 -845 0
-841 -846 0
-841 -847 0
-841 -848 0
-841 -849 0
-841 -850 0
-841 -851 0
-841 -852 0
-841 -853 0
-841 -854 0
-841 -855 0
-841 -856 0
-841 -857 0
-841 -858 0
-841 -859 0
-841 -860 0
-841 -861 0
-841 -862 0
-841 -863 0
-841 -864 0
-841 -865 0
-841 -866 0
-841 -867 0
-841 -868 0
-841 -869 0
-841 -870 0
-841 -871 0
-841 -872 0
-841 -873 0
-841 -874 0
-842 -843 0
-842 -844 0
-842 -845 0
-842 -846 0
-842 -847 0
-842 -848 0
-842 -849 0
-842 -850 0
-842 -851 0
-842 -852 0
-842 -853 0
-842 -854 0
-842 -855 0
-842 -856 0
-842 -857 0
-842 -858 0
-842 -859 0
-842 -860 0
-842 -861 0
-842 -862 0
-842 -863 0
-842 -864 0
-842 -865 0
-842 -866 0
-842 -867 0
-842 -868 0
-842 -869 0
-842 -870 0
-842 -871 0
-842 -872 0
-842 -873 0
-842 -874 0
-843 -844 0
-843 -845 0
-843 -846 0
-843 -847 0
-843 -848 0
-843 -849 0
-843 -850 0
-843 -851 0
-843 -852 0
-843 -853 0
-843 -854 0
-843 -855 0
-843 -856 0
-843 -857 0
-843 -858 0
-843 -859 0
-843 -860 0
-843 -861 0
-843 -862 0
-843 -863 0
-843 -864 0
-843 -865 0
-843 -866 0
-843 -867 0
-843 -868 0
-843 -869 0
-843 -870 0
-843 -871 0
-843 -872 0
-843 -873 0
-843 -874 0
-844 -845 0
-844 -846 0
-844 -847 0
-844 -848 0
-844 -849 0
-844 -850 0
-844 -851 0
-844 -852 0
-844 -853 0
-844 -854 0
-844 -855 0
-844 -856 0
-844 -857 0
-844 -858 0
-844 -859 0
-844 -860 0
-844 -861 0
-844 -862 0
-844 -863 0
-844 -864 0
-844 -865 0
-844 -866 0
-844 -867 0
-844 -868 0
-844 -869 0
-844 -870 0
-844 -871 0
-844 -872 0
-844 -873 0
-844 -874 0
-845 -846 0
-845 -847 0
-845 -848 0
-845 -849 0
-845 -850 0
-845 -851 0
-845 -852 0
-845 -853 0
-845 -854 0
-845 -855 0
-845 -856 0
-845 -857 0
-845 -858 0
-845 -859 0
-845 -860 0
-845 -861 0
-845 -862 0
-845 -863 0
-845 -864 0
-845 -865 0
-845 -866 0
-845 -867 0
-845 -868 0
-845 -869 0
-845 -870 0
-845 -871 0
-845 -872 0
-845 -873 0
-845 -874 0
-846 -847 0
-846 -848 0
-846 -849 0
-846 -850 0
-846 -851 0
-846 -852 0
-846 -853 0
-846 -854 0
-846 -855 0
-846 -856 0
-846 -857 0
-846 -858 0
-846 -859 0
-846 -860 0
-846 -861 0
-846 -862 0
-846 -863 0
-846 -864 0
-846 -865 0
-846 -866 0
-846 -867 0
-846 -868 0
-846 -869 0
-846 -870 0
-846 -871 0
-846 -872 0
-846 -873 0
-846 -874 0
-847 -848 0
-847 -849 0
-847 -850 0
-847 -851 0
-847 -852 0
-847 -853 0
-847 -854 0
-847 -855 0
-847 -856 0
-847 -857 0
-847 -858 0
-847 -859 0
-847 -860 0
-847 -861 0
-847 -862 0
-847 -863 0
-847 -864 0
-847 -865 0
-847 -866 0
-847 -867 0
-847 -868 0
-847 -869 0
-847 -870 0
-847 -871 0
-847 -872 0
-847 -873 0
-847 -874 0
-848 -849 0
-848 -850 0
-848 -851 0
-848 -852 0
-848 -853 0
-848 -854 0
-848 -855 0
-848 -856 0
-848 -857 0
-848 -858 0
-848 -859 0
-848 -860 0
-848 -861 0
-848 -862 0
-848 -863 0
-848 -864 0
-848 -865 0
-848 -866 0
-848 -867 0
-848 -868 0
-848 -869 0
-848 -870 0
-848 -871 0
-848 -872 0
-848 -873 0
-848 -874 0
-849 -850 0
-849 -851 0
-849 -852 0
-849 -853 0
-849 -854 0
-849 -855 0
-849 -856 0
-849 -857 0
-849 -858 0
-849 -859 0
-849 -860 0
-849 -861 0
-849 -862 0
-849 -863 0
-849 -864 0
-849 -865 0
-849 -866 0
-849 -867 0
-849 -868 0
-849 -869 0
-849 -870 0
-849 -871 0
-849 -872 0
-849 -873 0
-849 -874 0
-850 -851 0
-850 -852 0
-850 -853 0
-850 -854 0
-850 -855 0
-850 -856 0
-850 -857 0
-850 -858 0
-850 -859 0
-850 -860 0
-850 -861 0
-850 -862 0
-850 -863 0
-850 -864 0
-850 -865 0
-850 -866 0
-850 -867 0
-850 -868 0
-850 -869 0
-850 -870 0
-850 -871 0
-850 -872 0
-850 -873 0
-850 -874 0
-851 -852 0
-851 -853 0
-851 -854 0
-851 -855 0
-851 -856 0
-851 -857 0
-851 -858 0
-851 -859 0
-851 -860 0
-851 -861 0
-851 -862 0
-851 -863 0
-851 -864 0
-851 -865 0
-851 -866 0
-851 -867 0
-851 -868 0
-851 -869 0
-851 -870 0
-851 -871 0
-851 -872 0
-851 -873 0
-851 -874 0
-852 -853 0
-852 -854 0
-852 -855 0
-852 -856 0
-852 -857 0
-852 -858 0
-852 -859 0
-852 -860 0
-852 -861 0
-852 -862 0
-852 -863 0
-852 -864 0
-852 -865 0
-852 -866 0
-852 -867 0
-852 -868 0
-852 -869 0
-852 -870 0
-852 -871 0
-852 -872 0
-852 -873 0
-852 -874 0
-853 -854 0
-853 -855 0
-853 -856 0
-853 -857 0
-853 -858 0
-853 -859 0
-853 -860 0
-853 -861 0
-853 -862 0
-853 -863 0
-853 -864 0
-853 -865 0
-853 -866 0
-853 -867 0
-853 -868 0
-853 -869 0
-853 -870 0
-853 -871 0
-853 -872 0
-853 -873 0
-853 -874 0
-854 -855 0
-854 -856 0
-854 -857 0
-854 -858 0
-854 -859 0
-854 -860 0
-854 -861 0
-854 -862 0
-854 -863 0
-854 -864 0
-854 -865 0
-854 -866 0
-854 -867 0
-854 -868 0
-854 -869 0
-854 -870 0
-854 -871 0
-854 -872 0
-854 -873 0
-854 -874 0
-855 -856 0
-855 -857 0
-855 -858 0
-855 -859 0
-855 -860 0
-855 -861 0
-855 -862 0
-855 -863 0
-855 -864 0
-855 -865 0
-855 -866 0
-855 -867 0
-855 -868 0
-855 -869 0
-855 -870 0
-855 -871 0
-855 -872 0
-855 -873 0
-855 -874 0
-856 -857 0
-856 -858 0
-856 -859 0
-856 -860 0
-856 -861 0
-856 -862 0
-856 -863 0
-856 -864 0
-856 -865 0
-856 -866 0
-856 -867 0
-856 -868 0
-856 -869 0
-856 -870 0
-856 -871 0
-856 -872 0
-856 -873 0
-856 -874 0
-857 -858 0
-857 -859 0
-857 -860 0
-857 -861 0
-857 -862 0
-857 -863 0
-857 -864 0
-857 -865 0
-857 -866 0
-857 -867 0
-857 -868 0
-857 -869 0
-857 -870 0
-857 -871 0
-857 -872 0
-857 -873 0
-857 -874 0
-858 -859 0
-858 -860 0
-858 -861 0
-858 -862 0
-858 -863 0
-858 -864 0
-858 -865 0
-858 -866 0
-858 -867 0
-858 -868 0
-858 -869 0
-858 -870 0
-858 -871 0
-858 -872 0
-858 -873 0
-858 -874 0
-859 -860 0
-859 -861 0
-859 -862 0
-859 -863 0
-859 -864 0
-859 -865 0
-859 -866 0
-859 -867 0
-859 -868 0
-859 -869 0
-859 -870 0
-859 -871 0
-859 -872 0
-859 -873 0
-859 -874 0
-860 -861 0
-860 -862 0
-860 -863 0
-860 -864 0
-860 -865 0
-860 -866 0
-860 -867 0
-860 -868 0
-860 -869 0
-860 -870 0
-860 -871 0
-860 -872 0
-860 -873 0
-860 -874 0
-861 -862 0
-861 -863 0
-861 -864 0
-861 -865 0
-861 -866 0
-861 -867 0
-861 -868 0
-861 -869 0
-861 -870 0
-861 -871 0
-861 -872 0
-861 -873 0
-861 -874 0
-862 -863 0
-862 -864 0
-862 -865 0
-862 -866 0
-862 -867 0
-862 -868 0
-862 -869 0
-862 -870 0
-862 -871 0
-862 -872 0
-862 -873 0
-862 -874 0
-863 -864 0
-863 -865 0
-863 -866 0
-863 -867 0
-863 -868 0
-863 -869 0
-863 -870 0
-863 -871 0
-863 -872 0
-863 -873 0
-863 -874 0
-864 -865 0
-864 -866 0
-864 -867 0
-864 -868 0
-864 -869 0
-864 -870 0
-864 -871 0
-864 -872 0
-864 -873 0
-864 -874 0
-865 -866 0
-865 -867 0
-865 -868 0
-865 -869 0
-865 -870 0
-865 -871 0
-865 -872 0
-865 -873 0
-865 -874 0
-866 -867 0
-866 -868 0
-866 -869 0
-866 -870 0
-866 -871 0
-866 -872 0
-866 -873 0
-866 -874 0
-867 -868 0
-867 -869 0
-867 -870 0
-867 -871 0
-867 -872 0
-867 -873 0
-867 -874 0
-868 -869 0
-868 -870 0
-868 -871 0
-868 -872 0
-868 -873 0
-868 -874 0
-869 -870 0
-869 -871 0
-869 -872 0
-869 -873 0
-869 -874 0
-870 -871 0
-870 -872 0
-870 -873 0
-870 -874 0
-871 -872 0
-871 -873 0
-871 -874 0
-872 -873 0
-872 -874 0
-873 -874 0
-875 -876 0
-875 -877 0
-875 -878 0
-875 -879 0
-875 -880 0
-875 -881 0
-875 -882 0
-875 -883 0
-875 -884 0
-875 -885 0
-875 -886 0
-875 -887 0
-875 -888 0
-875 -889 0
-875 -890 0
-875 -891 0
-875 -892 0
-875 -893 0
-875 -894 0
-875 -895 0
-875 -896 0
-875 -897 0
-875 -898 0
-875 -899 0
-875 -900 0
-875 -901 0
-875 -902 0
-875 -903 0
-875 -904 0
-875 -905 0
-875 -906 0
-875 -907 0
-875 -908 0
-875 -909 0
-875 -910 0
-875 -911 0
-875 -912 0
-876 -877 0
-876 -878 0
-876 -879 0
-876 -880 0
-876 -881 0
-876 -882 0
-876 -883 0
-876 -884 0
-876 -885 0
-876 -886 0
-876 -887 0
-876 -888 0
-876 -889 0
-876 -890 0
-876 -891 0
-876 -892 0
-876 -893 0
-876 -894 0
-876 -895 0
-876 -896 0
-876 -897 0
-876 -898 0
-876 -899 0
-876 -900 0
-876 -901 0
-876 -902 0
-876 -903 0
-876 -904 0
-876 -905 0
-876 -906 0
-876 -907 0
-876 -908 0
-876 -909 0
-876 -910 0
-876 -911 0
-876 -912 0
-877 -878 0
-877 -879 0
-877 -880 0
-877 -881 0
-877 -882 0
-877 -883 0
-877 -884 0
-877 -885 0
-877 -886 0
-877 -887 0
-877 -888 0
-877 -889 0
-877 -890 0
-877 -891 0
-877 -892 0
-877 -893 0
-877 -894 0
-877 -895 0
-877 -896 0
-877 -897 0
-877 -898 0
-877 -899 0
-877 -900 0
-877 -901 0
-877 -902 0
-877 -903 0
-877 -904 0
-877 -905 0
-877 -906 0
-877 -907 0
-877 -908 0
-877 -909 0
-877 -910 0
-877 -911 0
-877 -912 0
-878 -879 0
-878 -880 0
-878 -881 0
-878 -882 0
-878 -883 0
-878 -884 0
-878 -885 0
-878 -886 0
-878 -887 0
-878 -888 0
-878 -889 0
-878 -890 0
-878 -891 0
-878 -892 0
-878 -893 0
-878 -894 0
-878 -895 0
-878 -896 0
-878 -897 0
-878 -898 0
-878 -899 0
-878 -900 0
-878 -901 0
-878 -902 0
-878 -903 0
-878 -904 0
-878 -905 0
-878 -906 0
-878 -907 0
-878 -908 0
-878 -909 0
-878 -910 0
-878 -911 0
-878 -912 0
-879 -880 0
-879 -881 0
-879 -882 0
-879 -883 0
-879 -884 0
-879 -885 0
-879 -886 0
-879 -887 0
-879 -888 0
-879 -889 0
-879 -890 0
-879 -891 0
-879 -892 0
-879 -893 0
-879 -894 0
-879 -895 0
-879 -896 0
-879 -897 0
-879 -898 0
-879 -899 0
-879 -900 0
-879 -901 0
-879 -902 0
-879 -903 0
-879 -904 0
-879 -905 0
-879 -906 0
-879 -907 0
-879 -908 0
-879 -909 0
-879 -910 0
-879 -911 0
-879 -912 0
-880 -881 0
-880 -882 0
-880 -883 0
-880 -884 0
-880 -885 0
-880 -886 0
-880 -887 0
-880 -888 0
-880 -889 0
-880 -890 0
-880 -891 0
-880 -892 0
-880 -893 0
-880 -894 0
-880 -895 0
-880 -896 0
-880 -897 0
-880 -898 0
-880 -899 0
-880 -900 0
-880 -901 0
-880 -902 0
-880 -903 0
-880 -904 0
-880 -905 0
-880 -906 0
-880 -907 0
-880 -908 0
-880 -909 0
-880 -910 0
-880 -911 0
-880 -912 0
-881 -882 0
-881 -883 0
-881 -884 0
-881 -885 0
-881 -886 0
-881 -887 0
-881 -888 0
-881 -889 0
-881 -890 0
-881 -891 0
-881 -892 0
-881 -893 0
-881 -894 0
-881 -895 0
-881 -896 0
-881 -897 0
-881 -898 0
-881 -899 0
-881 -900 0
-881 -901 0
-881 -902 0
-881 -903 0
-881 -904 0
-881 -905 0
-881 -906 0
-881 -907 0
-881 -908 0
-881 -909 0
-881 -910 0
-881 -911 0
-881 -912 0
-882 -883 0
-882 -884 0
-882 -885 0
-882 -886 0
-882 -887 0
-882 -888 0
-882 -889 0
-882 -890 0
-882 -891 0
-882 -892 0
-882 -893 0
-882 -894 0
-882 -895 0
-882 -896 0
-882 -897 0
-882 -898 0
-882 -899 0
-882 -900 0
-882 -901 0
-882 -902 0
-882 -903 0
-882 -904 0
-882 -905 0
-882 -906 0
-882 -907 0
-882 -908 0
-882 -909 0
-882 -910 0
-882 -911 0
-882 -912 0
-883 -884 0
-883 -885 0
-883 -886 0
-883 -887 0
-883 -888 0
-883 -889 0
-883 -890 0
-883 -891 0
-883 -892 0
-883 -893 0
-883 -894 0
-883 -895 0
-883 -896 0
-883 -897 0
-883 -898 0
-883 -899 0
-883 -900 0
-883 -901 0
-883 -902 0
-883 -903 0
-883 -904 0
-883 -905 0
-883 -906 0
-883 -907 0
-883 -908 0
-883 -909 0
-883 -910 0
-883 -911 0
-883 -912 0
-884 -885 0
-884 -886 0
-884 -887 0
-884 -888 0
-884 -889 0
-884 -890 0
-884 -891 0
-884 -892 0
-884 -893 0
-884 -894 0
-884 -895 0
-884 -896 0
-884 -897 0
-884 -898 0
-884 -899 0
-884 -900 0
-884 -901 0
-884 -902 0
-884 -903 0
-884 -904 0
-884 -905 0
-884 -906 0
-884 -907 0
-884 -908 0
-884 -909 0
-884 -910 0
-884 -911 0
-884 -912 0
-885 -886 0
-885 -887 0
-885 -888 0
-885 -889 0
-885 -890 0
-885 -891 0
-885 -892 0
-885 -893 0
-885 -894 0
-885 -895 0
-885 -896 0
-885 -897 0
-885 -898 0
-885 -899 0
-885 -900 0
-885 -901 0
-885 -902 0
-885 -903 0
-885 -904 0
-885 -905 0
-885 -906 0
-885 -907 0
-885 -908 0
-885 -909 0
-885 -910 0
-885 -911 0
-885 -912 0
-886 -887 0
-886 -888 0
-886 -889 0
-886 -890 0
-886 -891 0
-886 -892 0
-886 -893 0
-886 -894 0
-886 -895 0
-886 -896 0
-886 -897 0
-886 -898 0
-886 -899 0
-886 -900 0
-886 -901 0
-886 -902 0
-886 -903 0
-886 -904 0
-886 -905 0
-886 -906 0
-886 -907 0
-886 -908 0
-886 -909 0
-886 -910 0
-886 -911 0
-886 -912 0
-887 -888 0
-887 -889 0
-887 -890 0
-887 -891 0
-887 -892 0
-887 -893 0
-887 -894 0
-887 -895 0
-887 -896 0
-887 -897 0
-887 -898 0
-887 -899 0
-887 -900 0
-887 -901 0
-887 -902 0
-887 -903 0
-887 -904 0
-887 -905 0
-887 -906 0
-887 -907 0
-887 -908 0
-887 -909 0
-887 -910 0
-887 -911 0
-887 -912 0
-888 -889 0
-888 -890 0
-888 -891 0
-888 -892 0
-888 -893 0
-888 -894 0
-888 -895 0
-888 -896 0
-888 -897 0
-888 -898 0
-888 -899 0
-888 -900 0
-888 -901 0
-888 -902 0
-888 -903 0
-888 -904 0
-888 -905 0
-888 -906 0
-888 -907 0
-888 -908 0
-888 -909 0
-888 -910 0
-888 -911 0
-888 -912 0
-889 -890 0
-889 -891 0
-889 -892 0
-889 -893 0
-889 -894 0
-889 -895 0
-889 -896 0
-889 -897 0
-889 -898 0
-889 -899 0
-889 -900 0
-889 -901 0
-889 -902 0
-889 -903 0
-889 -904 0
-889 -905 0
-889 -906 0
-889 -907 0
-889 -908 0
-889 -909 0
-889 -910 0
-889 -911 0
-889 -912 0
-890 -891 0
-890 -892 0
-890 -893 0
-890 -894 0
-890 -895 0
-890 -896 0
-890 -897 0
-890 -898 0
-890 -899 0
-890 -900 0
-890 -901 0
-890 -902 0
-890 -903 0
-890 -904 0
-890 -905 0
-890 -906 0
-890 -907 0
-890 -908 0
-890 -909 0
-890 -910 0
-890 -911 0
-890 -912 0
-891 -892 0
-891 -893 0
-891 -894 0
-891 -895 0
-891 -896 0
-891 -897 0
-891 -898 0
-891 -899 0
-891 -900 0
-891 -901 0
-891 -902 0
-891 -903 0
-891 -904 0
-891 -905 0
-891 -906 0
-891 -907 0
-891 -908 0
-891 -909 0
-891 -910 0
-891 -911 0
-891 -912 0
-892 -893 0
-892 -894 0
-892 -895 0
-892 -896 0
-892 -897 0
-892 -898 0
-892 -899 0
-892 -900 0
-892 -901 0
-892 -902 0
-892 -903 0
-892 -904 0
-892 -905 0
-892 -906 0
-892 -907 0
-892 -908 0
-892 -909 0
-892 -910 0
-892 -911 0
-892 -912 0
-893 -894 0
-893 -895 0
-893 -896 0
-893 -897 0
-893 -898 0
-893 -899 0
-893 -900 0
-893 -901 0
-893 -902 0
-893 -903 0
-893 -904 0
-893 -905 0
-893 -906 0
-893 -907 0
-893 -908 0
-893 -909 0
-893 -910 0
-893 -911 0
-893 -912 0
-894 -895 0
-894 -896 0
-894 -897 0
-894 -898 0
-894 -899 0
-894 -900 0
-894 -901 0
-894 -902 0
-894 -903 0
-894 -904 0
-894 -905 0
-894 -906 0
-894 -907 0
-894 -908 0
-894 -909 0
-894 -910 0
-894 -911 0
-894 -912 0
-895 -896 0
-895 -897 0
-895 -898 0
-895 -899 0
-895 -900 0
-895 -901 0
-895 -902 0
-895 -903 0
-895 -904 0
-895 -905 0
-895 -906 0
-895 -907 0
-895 -908 0
-895 -909 0
-895 -910 0
-895 -911 0
-895 -912 0
-896 -897 0
-896 -898 0
-896 -899 0
-896 -900 0
-896 -901 0
-896 -902 0
-896 -903 0
-896 -904 0
-896 -905 0
-896 -906 0
-896 -907 0
-896 -908 0
-896 -909 0
-896 -910 0
-896 -911 0
-896 -912 0
-897 -898 0
-897 -899 0
-897 -900 0
-897 -901 0
-897 -902 0
-897 -903 0
-897 -904 0
-897 -905 0
-897 -906 0
-897 -907 0
-897 -908 0
-897 -909 0
-897 -910 0
-897 -911 0
-897 -912 0
-898 -899 0
-898 -900 0
-898 -901 0
-898 -902 0
-898 -903 0
-898 -904 0
-898 -905 0
-898 -906 0
-898 -907 0
-898 -908 0
-898 -909 0
-898 -910 0
-898 -911 0
-898 -912 0
-899 -900 0
-899 -901 0
-899 -902 0
-899 -903 0
-899 -904 0
-899 -905 0
-899 -906 0
-899 -907 0
-899 -908 0
-899 -909 0
-899 -910 0
-899 -911 0
-899 -912 0
-900 -901 0
-900 -902 0
-900 -903 0
-900 -904 0
-900 -905 0
-900 -906 0
-900 -907 0
-900 -908 0
-900 -909 0
-900 -910 0
-900 -911 0
-900 -912 0
-901 -902 0
-901 -903 0
-901 -904 0
-901 -905 0
-901 -906 0
-901 -907 0
-901 -908 0
-901 -909 0
-901 -910 0
-901 -911 0
-901 -912 0
-902 -903 0
-902 -904 0
-902 -905 0
-902 -906 0
-902 -907 0
-902 -908 0
-902 -909 0
-902 -910 0
-902 -911 0
-902 -912 0
-903 -904 0
-903 -905 0
-903 -906 0
-903 -907 0
-903 -908 0
-903 -909 0
-903 -910 0
-903 -911 0
-903 -912 0
-904 -905 0
-904 -906 0
-904 -907 0
-904 -908 0
-904 -909 0
-904 -910 0
-904 -911 0
-904 -912 0
-905 -906 0
-905 -907 0
-905 -908 0
-905 -909 0
-905 -910 0
-905 -911 0
-905 -912 0
-906 -907 0
-906 -908 0
-906 -909 0
-906 -910 0
-906 -911 0
-906 -912 0
-907 -908 0
-907 -909 0
-907 -910 0
-907 -911 0
-907 -912 0
-908 -909 0
-908 -910 0
-908 -911 0
-908 -912 0
-909 -910 0
-909 -911 0
-909 -912 0
-910 -911 0
-910 -912 0
-911 -912 0
-913 -914 0
-913 -915 0
-913 -916 0
-913 -917 0
-913 -918 0
-913 -919 0
-913 -920 0
-913 -921 0
-913 -922 0
-913 -923 0
-913 -924 0
-913 -925 0
-913 -926 0
-913 -927 0
-913 -928 0
-913 -929 0
-913 -930 0
-913 -931 0
-913 -932 0
-913 -933 0
-913 -934 0
-913 -935 0
-913 -936 0
-913 -937 0
-913 -938 0
-913 -939 0
-913 -940 0
-913 -941 0
-913 -942 0
-913 -943 0
-913 -944 0
-913 -945 0
-913 -946 0
-913 -947 0
-913 -948 0
-913 -949 0
-913 -950 0
-914 -915 0
-914 -916 0
-914 -917 0
-914 -918 0
-914 -919 0
-914 -920 0
-914 -921 0
-914 -922 0
-914 -923 0
-914 -924 0
-914 -925 0
-914 -926 0
-914 -927 0
-914 -928 0
-914 -929 0
-914 -930 0
-914 -931 0
-914 -932 0
-914 -933 0
-914 -934 0
-914 -935 0
-914 -936 0
-914 -937 0
-914 -938 0
-914 -939 0
-914 -940 0
-914 -941 0
-914 -942 0
-914 -943 0
-914 -944 0
-914 -945 0
-914 -946 0
-914 -947 0
-914 -948 0
-914 -949 0
-914 -950 0
-915 -916 0
-915 -917 0
-915 -918 0
-915 -919 0
-915 -920 0
-915 -921 0
-915 -922 0
-915 -923 0
-915 -924 0
-915 -925 0
-915 -926 0
-915 -927 0
-915 -928 0
-915 -929 0
-915 -930 0
-915 -931 0
-915 -932 0
-915 -933 0
-915 -934 0
-915 -935 0
-915 -936 0
-915 -937 0
-915 -938 0
-915 -939 0
-915 -940 0
-915 -941 0
-915 -942 0
-915 -943 0
-915 -944 0
-915 -945 0
-915 -946 0
-915 -947 0
-915 -948 0
-915 -949 0
-915 -950 0
-916 -917 0
-916 -918 0
-916 -919 0
-916 -920 0
-916 -921 0
-916 -922 0
-916 -923 0
-916 -924 0
-916 -925 0
-916 -926 0
-916 -927 0
-916 -928 0
-916 -929 0
-916 -930 0
-916 -931 0
-916 -932 0
-916 -933 0
-916 -934 0
-916 -935 0
-916 -936 0
-916 -937 0
-916 -938 0
-916 -939 0
-916 -940 0
-916 -941 0
-916 -942 0
-916 -943 0
-916 -944 0
-916 -945 0
-916 -946 0
-916 -947 0
-916 -948 0
-916 -949 0
-916 -950 0
-917 -918 0
-917 -919 0
-917 -920 0
-917 -921 0
-917 -922 0
-917 -923 0
-917 -924 0
-917 -925 0
-917 -926 0
-917 -927 0
-917 -928 0
-917 -929 0
-917 -930 0
-917 -931 0
-917 -932 0
-917 -933 0
-917 -934 0
-917 -935 0
-917 -936 0
-917 -937 0
-917 -938 0
-917 -939 0
-917 -940 0
-917 -941 0
-917 -942 0
-917 -943 0
-917 -944 0
-917 -945 0
-917 -946 0
-917 -947 0
-917 -948 0
-917 -949 0
-917 -950 0
-918 -919 0
-918 -920 0
-918 -921 0
-918 -922 0
-918 -923 0
-918 -924 0
-918 -925 0
-918 -926 0
-918 -927 0
-918 -928 0
-918 -929 0
-918 -930 0
-918 -931 0
-918 -932 0
-918 -933 0
-918 -934 0
-918 -935 0
-918 -936 0
-918 -937 0
-918 -938 0
-918 -939 0
-918 -940 0
-918 -941 0
-918 -942 0
-918 -943 0
-918 -944 0
-918 -945 0
-918 -946 0
-918 -947 0
-918 -948 0
-918 -949 0
-918 -950 0
-919 -920 0
-919 -921 0
-919 -922 0
-919 -923 0
-919 -924 0
-919 -925 0
-919 -926 0
-919 -927 0
-919 -928 0
-919 -929 0
-919 -930 0
-919 -931 0
-919 -932 0
-919 -933 0
-919 -934 0
-919 -935 0
-919 -936 0
-919 -937 0
-919 -938 0
-919 -939 0
-919 -940 0
-919 -941 0
-919 -942 0
-919 -943 0
-919 -944 0
-919 -945 0
-919 -946 0
-919 -947 0
-919 -948 0
-919 -949 0
-919 -950 0
-920 -921 0
-920 -922 0
-920 -923 0
-920 -924 0
-920 -925 0
-920 -926 0
-920 -927 0
-920 -928 0
-920 -929 0
-920 -930 0
-920 -931 0
-920 -932 0
-920 -933 0
-920 -934 0
-920 -935 0
-920 -936 0
-920 -937 0
-920 -938 0
-920 -939 0
-920 -940 0
-920 -941 0
-920 -942 0
-920 -943 0
-920 -944 0
-920 -945 0
-920 -946 0
-920 -947 0
-920 -948 0
-920 -949 0
-920 -950 0
-921 -922 0
-921 -923 0
-921 -924 0
-921 -925 0
-921 -926 0
-921 -927 0
-921 -928 0
-921 -929 0
-921 -930 0
-921 -931 0
-921 -932 0
-921 -933 0
-921 -934 0
-921 -935 0
-921 -936 0
-921 -937 0
-921 -938 0
-921 -939 0
-921 -940 0
-921 -941 0
-921 -942 0
-921 -943 0
-921 -944 0
-921 -945 0
-921 -946 0
-921 -947 0
-921 -948 0
-921 -949 0
-921 -950 0
-922 -923 0
-922 -924 0
-922 -925 0
-922 -926 0
-922 -927 0
-922 -928 0
-922 -929 0
-922 -930 0
-922 -931 0
-922 -932 0
-922 -933 0
-922 -934 0
-922 -935 0
-922 -936 0
-922 -937 0
-922 -938 0
-922 -939 0
-922 -940 0
-922 -941 0
-922 -942 0
-922 -943 0
-922 -944 0
-922 -945 0
-922 -946 0
-922 -947 0
-922 -948 0
-922 -949 0
-922 -950 0
-923 -924 0
-923 -925 0
-923 -926 0
-923 -927 0
-923 -928 0
-923 -929 0
-923 -930 0
-923 -931 0
-923 -932 0
-923 -933 0
-923 -934 0
-923 -935 0
-923 -936 0
-923 -937 0
-923 -938 0
-923 -939 0
-923 -940 0
-923 -941 0
-923 -942 0
-923 -943 0
-923 -944 0
-923 -945 0
-923 -946 0
-923 -947 0
-923 -948 0
-923 -949 0
-923 -950 0
-924 -925 0
-924 -926 0
-924 -927 0
-924 -928 0
-924 -929 0
-924 -930 0
-924 -931 0
-924 -932 0
-924 -933 0
-924 -934 0
-924 -935 0
-924 -936 0
-924 -937 0
-924 -938 0
-924 -939 0
-924 -940 0
-924 -941 0
-924 -942 0
-924 -943 0
-924 -944 0
-924 -945 0
-924 -946 0
-924 -947 0
-924 -948 0
-924 -949 0
-924 -950 0
-925 -926 0
-925 -927 0
-925 -928 0
-925 -929 0
-925 -930 0
-925 -931 0
-925 -932 0
-925 -933 0
-925 -934 0
-925 -935 0
-925 -936 0
-925 -937 0
-925 -938 0
-925 -939 0
-925 -940 0
-925 -941 0
-925 -942 0
-925 -943 0
-925 -944 0
-925 -945 0
-925 -946 0
-925 -947 0
-925 -948 0
-925 -949 0
-925 -950 0
-926 -927 0
-926 -928 0
-926 -929 0
-926 -930 0
-926 -931 0
-926 -932 0
-926 -933 0
-926 -934 0
-926 -935 0
-926 -936 0
-926 -937 0
-926 -938 0
-926 -939 0
-926 -940 0
-926 -941 0
-926 -942 0
-926 -943 0
-926 -944 0
-926 -945 0
-926 -946 0
-926 -947 0
-926 -948 0
-926 -949 0
-926 -950 0
-927 -928 0
-927 -929 0
-927 -930 0
-927 -931 0
-927 -932 0
-927 -933 0
-927 -934 0
-927 -935 0
-927 -936 0
-927 -937 0
-927 -938 0
-927 -939 0
-927 -940 0
-927 -941 0
-927 -942 0
-927 -943 0
-927 -944 0
-927 -945 0
-927 -946 0
-927 -947 0
-927 -948 0
-927 -949 0
-927 -950 0
-928 -929 0
-928 -930 0
-928 -931 0
-928 -932 0
-928 -933 0
-928 -934 0
-928 -935 0
-928 -936 0
-928 -937 0
-928 -938 0
-928 -939 0
-928 -940 0
-928 -941 0
-928 -942 0
-928 -943 0
-928 -944 0
-928 -945 0
-928 -946 0
-928 -947 0
-928 -948 0
-928 -949 0
-928 -950 0
-929 -930 0
-929 -931 0
-929 -932 0
-929 -933 0
-929 -934 0
-929 -935 0
-929 -936 0
-929 -937 0
-929 -938 0
-929 -939 0
-929 -940 0
-929 -941 0
-929 -942 0
-929 -943 0
-929 -944 0
-929 -945 0
-929 -946 0
-929 -947 0
-929 -948 0
-929 -949 0
-929 -950 0
-930 -931 0
-930 -932 0
-930 -933 0
-930 -934 0
-930 -935 0
-930 -936 0
-930 -937 0
-930 -938 0
-930 -939 0
-930 -940 0
-930 -941 0
-930 -942 0
-930 -943 0
-930 -944 0
-930 -945 0
-930 -946 0
-930 -947 0
-930 -948 0
-930 -949 0
-930 -950 0
-931 -932 0
-931 -933 0
-931 -934 0
-931 -935 0
-931 -936 0
-931 -937 0
-931 -938 0
-931 -939 0
-931 -940 0
-931 -941 0
-931 -942 0
-931 -943 0
-931 -944 0
-931 -945 0
-931 -946 0
-931 -947 0
-931 -948 0
-931 -949 0
-931 -950 0
-932 -933 0
-932 -934 0
-932 -935 0
-932 -936 0
-932 -937 0
-932 -938 0
-932 -939 0
-932 -940 0
-932 -941 0
-932 -942 0
-932 -943 0
-932 -944 0
-932 -945 0
-932 -946 0
-932 -947 0
-932 -948 0
-932 -949 0
-932 -950 0
-933 -934 0
-933 -935 0
-933 -936 0
-933 -937 0
-933 -938 0
-933 -939 0
-933 -940 0
-933 -941 0
-933 -942 0
-933 -943 0
-933 -944 0
-933 -945 0
-933 -946 0
-933 -947 0
-933 -948 0
-933 -949 0
-933 -950 0
-934 -935 0
-934 -936 0
-934 -937 0
-934 -938 0
-934 -939 0
-934 -940 0
-934 -941 0
-934 -942 0
-934 -943 0
-934 -944 0
-934 -945 0
-934 -946 0
-934 -947 0
-934 -948 0
-934 -949 0
-934 -950 0
-935 -936 0
-935 -937 0
-935 -938 0
-935 -939 0
-935 -940 0
-935 -941 0
-935 -942 0
-935 -943 0
-935 -944 0
-935 -945 0
-935 -946 0
-935 -947 0
-935 -948 0
-935 -949 0
-935 -950 0
-936 -937 0
-936 -938 0
-936 -939 0
-936 -940 0
-936 -941 0
-936 -942 0
-936 -943 0
-936 -944 0
-936 -945 0
-936 -946 0
-936 -947 0
-936 -948 0
-936 -949 0
-936 -950 0
-937 -938 0
-937 -939 0
-937 -940 0
-937 -941 0
-937 -942 0
-937 -943 0
-937 -944 0
-937 -945 0
-937 -946 0
-937 -947 0
-937 -948 0
-937 -949 0
-937 -950 0
-938 -939 0
-938 -940 0
-938 -941 0
-938 -942 0
-938 -943 0
-938 -944 0
-938 -945 0
-938 -946 0
-938 -947 0
-938 -948 0
-938 -949 0
-938 -950 0
-939 -940 0
-939 -941 0
-939 -942 0
-939 -943 0
-939 -944 0
-939 -945 0
-939 -946 0
-939 -947 0
-939 -948 0
-939 -949 0
-939 -950 0
-940 -941 0
-940 -942 0
-940 -943 0
-940 -944 0
-940 -945 0
-940 -946 0
-940 -947 0
-940 -948 0
-940 -949 0
-940 -950 0
-941 -942 0
-941 -943 0
-941 -944 0
-941 -945 0
-941 -946 0
-941 -947 0
-941 -948 0
-941 -949 0
-941 -950 0
-942 -943 0
-942 -944 0
-942 -945 0
-942 -946 0
-942 -947 0
-942 -948 0
-942 -949 0
-942 -950 0
-943 -944 0
-943 -945 0
-943 -946 0
-943 -947 0
-943 -948 0
-943 -949 0
-943 -950 0
-944 -945 0
-944 -946 0
-944 -947 0
-944 -948 0
-944 -949 0
-944 -950 0
-945 -946 0
-945 -947 0
-945 -948 0
-945 -949 0
-945 -950 0
-946 -947 0
-946 -948 0
-946 -949 0
-946 -950 0
-947 -948 0
-947 -949 0
-947 -950 0
-948 -949 0
-948 -950 0
-949 -950 0
-951 -952 0
-951 -953 0
-951 -954 0
-951 -955 0
-951 -956 0
-951 -957 0
-951 -958 0
-951 -959 0
-951 -960 0
-951 -961 0
-951 -962 0
-951 -963 0
-951 -964 0
-951 -965 0
-951 -966 0
-951 -967 0
-951 -968 0
-951 -969 0
-951 -970 0
-951 -971 0
-951 -972 0
-951 -973 0
-951 -974 0
-951 -975 0
-951 -976 0
-951 -977 0
-951 -978 0
-951 -979 0
-951 -980 0
-951 -981 0
-951 -982 0
-951 -983 0
-951 -984 0
-951 -985 0
-951 -986 0
-951 -987 0
-951 -988 0
-952 -953 0
-952 -954 0
-952 -955 0
-952 -956 0
-952 -957 0
-952 -958 0
-952 -959 0
-952 -960 0
-952 -961 0
-952 -962 0
-952 -963 0
-952 -964 0
-952 -965 0
-952 -966 0
-952 -967 0
-952 -968 0
-952 -969 0
-952 -970 0
-952 -971 0
-952 -972 0
-952 -973 0
-952 -974 0
-952 -975 0
-952 -976 0
-952 -977 0
-952 -978 0
-952 -979 0
-952 -980 0
-952 -981 0
-952 -982 0
-952 -983 0
-952 -984 0
-952 -985 0
-952 -986 0
-952 -987 0
-952 -988 0
-953 -954 0
-953 -955 0
-953 -956 0
-953 -957 0
-953 -958 0
-953 -959 0
-953 -960 0
-953 -961 0
-953 -962 0
-953 -963 0
-953 -964 0
-953 -965 0
-953 -966 0
-953 -967 0
-953 -968 0
-953 -969 0
-953 -970 0
-953 -971 0
-953 -972 0
-953 -973 0
-953 -974 0
-953 -975 0
-953 -976 0
-953 -977 0
-953 -978 0
-953 -979 0
-953 -980 0
-953 -981 0
-953 -982 0
-953 -983 0
-953 -984 0
-953 -985 0
-953 -986 0
-953 -987 0
-953 -988 0
-954 -955 0
-954 -956 0
-954 -957 0
-954 -958 0
-954 -959 0
-954 -960 0
-954 -961 0
-954 -962 0
-954 -963 0
-954 -964 0
-954 -965 0
-954 -966 0
-954 -967 0
-954 -968 0
-954 -969 0
-954 -970 0
-954 -971 0
-954 -972 0
-954 -973 0
-954 -974 0
-954 -975 0
-954 -976 0
-954 -977 0
-954 -978 0
-954 -979 0
-954 -980 0
-954 -981 0
-954 -982 0
-954 -983 0
-954 -984 0
-954 -985 0
-954 -986 0
-954 -987 0
-954 -988 0
-955 -956 0
-955 -957 0
-955 -958 0
-955 -959 0
-955 -960 0
-955 -961 0
-955 -962 0
-955 -963 0
-955 -964 0
-955 -965 0
-955 -966 0
-955 -967 0
-955 -968 0
-955 -969 0
-955 -970 0
-955 -971 0
-955 -972 0
-955 -973 0
-955 -974 0
-955 -975 0
-955 -976 0
-955 -977 0
-955 -978 0
-955 -979 0
-955 -980 0
-955 -981 0
-955 -982 0
-955 -983 0
-955 -984 0
-955 -985 0
-955 -986 0
-955 -987 0
-955 -988 0
-956 -957 0
-956 -958 0
-956 -959 0
-956 -960 0
-956 -961 0
-956 -962 0
-956 -963 0
-956 -964 0
-956 -965 0
-956 -966 0
-956 -967 0
-956 -968 0
-956 -969 0
-956 -970 0
-956 -971 0
-956 -972 0
-956 -973 0
-956 -974 0
-956 -975 0
-956 -976 0
-956 -977 0
-956 -978 0
-956 -979 0
-956 -980 0
-956 -981 0
-956 -982 0
-956 -983 0
-956 -984 0
-956 -985 0
-956 -986 0
-956 -987 0
-956 -988 0
-957 -958 0
-957 -959 0
-957 -960 0
-957 -961 0
-957 -962 0
-957 -963 0
-957 -964 0
-957 -965 0
-957 -966 0
-957 -967 0
-957 -968 0
-957 -969 0
-957 -970 0
-957 -971 0
-957 -972 0
-957 -973 0
-957 -974 0
-957 -975 0
-957 -976 0
-957 -977 0
-957 -978 0
-957 -979 0
-957 -980 0
-957 -981 0
-957 -982 0
-957 -983 0
-957 -984 0
-957 -985 0
-957 -986 0
-957 -987 0
-957 -988 0
-958 -959 0
-958 -960 0
-958 -961 0
-958 -962 0
-958 -963 0
-958 -964 0
-958 -965 0
-958 -966 0
-958 -967 0
-958 -968 0
-958 -969 0
-958 -970 0
-958 -971 0
-958 -972 0
-958 -973 0
-958 -974 0
-958 -975 0
-958 -976 0
-958 -977 0
-958 -978 0
-958 -979 0
-958 -980 0
-958 -981 0
-958 -982 0
-958 -983 0
-958 -984 0
-958 -985 0
-958 -986 0
-958 -987 0
-958 -988 0
-959 -960 0
-959 -961 0
-959 -962 0
-959 -963 0
-959 -964 0
-959 -965 0
-959 -966 0
-959 -967 0
-959 -968 0
-959 -969 0
-959 -970 0
-959 -971 0
-959 -972 0
-959 -973 0
-959 -974 0
-959 -975 0
-959 -976 0
-959 -977 0
-959 -978 0
-959 -979 0
-959 -980 0
-959 -981 0
-959 -982 0
-959 -983 0
-959 -984 0
-959 -985 0
-959 -986 0
-959 -987 0
-959 -988 0
-960 -961 0
-960 -962 0
-960 -963 0
-960 -964 0
-960 -965 0
-960 -966 0
-960 -967 0
-960 -968 0
-960 -969 0
-960 -970 0
-960 -971 0
-960 -972 0
-960 -973 0
-960 -974 0
-960 -975 0
-960 -976 0
-960 -977 0
-960 -978 0
-960 -979 0
-960 -980 0
-960 -981 0
-960 -982 0
-960 -983 0
-960 -984 0
-960 -985 0
-960 -986 0
-960 -987 0
-960 -988 0
-961 -962 0
-961 -963 0
-961 -964 0
-961 -965 0
-961 -966 0
-961 -967 0
-961 -968 0
-961 -969 0
-961 -970 0
-961 -971 0
-961 -972 0
-961 -973 0
-961 -974 0
-961 -975 0
-961 -976 0
-961 -977 0
-961 -978 0
-961 -979 0
-961 -980 0
-961 -981 0
-961 -982 0
-961 -983 0
-961 -984 0
-961 -985 0
-961 -986 0
-961 -987 0
-961 -988 0
-962 -963 0
-962 -964 0
-962 -965 0
-962 -966 0
-962 -967 0
-962 -968 0
-962 -969 0
-962 -970 0
-962 -971 0
-962 -972 0
-962 -973 0
-962 -974 0
-962 -975 0
-962 -976 0
-962 -977 0
-962 -978 0
-962 -979 0
-962 -980 0
-962 -981 0
-962 -982 0
-962 -983 0
-962 -984 0
-962 -985 0
-962 -986 0
-962 -987 0
-962 -988 0
-963 -964 0
-963 -965 0
-963 -966 0
-963 -967 0
-963 -968 0
-963 -969 0
-963 -970 0
-963 -971 0
-963 -972 0
-963 -973 0
-963 -974 0
-963 -975 0
-963 -976 0
-963 -977 0
-963 -978 0
-963 -979 0
-963 -980 0
-963 -981 0
-963 -982 0
-963 -983 0
-963 -984 0
-963 -985 0
-963 -986 0
-963 -987 0
-963 -988 0
-964 -965 0
-964 -966 0
-964 -967 0
-964 -968 0
-964 -969 0
-964 -970 0
-964 -971 0
-964 -972 0
-964 -973 0
-964 -974 0
-964 -975 0
-964 -976 0
-964 -977 0
-964 -978 0
-964 -979 0
-964 -980 0
-964 -981 0
-964 -982 0
-964 -983 0
-964 -984 0
-964 -985 0
-964 -986 0
-964 -987 0
-964 -988 0
-965 -966 0
-965 -967 0
-965 -968 0
-965 -969 0
-965 -970 0
-965 -971 0
-965 -972 0
-965 -973 0
-965 -974 0
-965 -975 0
-965 -976 0
-965 -977 0
-965 -978 0
-965 -979 0
-965 -980 0
-965 -981 0
-965 -982 0
-965 -983 0
-965 -984 0
-965 -985 0
-965 -986 0
-965 -987 0
-965 -988 0
-966 -967 0
-966 -968 0
-966 -969 0
-966 -970 0
-966 -971 0
-966 -972 0
-966 -973 0
-966 -974 0
-966 -975 0
-966 -976 0
-966 -977 0
-966 -978 0
-966 -979 0
-966 -980 0
-966 -981 0
-966 -982 0
-966 -983 0
-966 -984 0
-966 -985 0
-966 -986 0
-966 -987 0
-966 -988 0
-967 -968 0
-967 -969 0
-967 -970 0
-967 -971 0
-967 -972 0
-967 -973 0
-967 -974 0
-967 -975 0
-967 -976 0
-967 -977 0
-967 -978 0
-967 -979 0
-967 -980 0
-967 -981 0
-967 -982 0
-967 -983 0
-967 -984 0
-967 -985 0
-967 -986 0
-967 -987 0
-967 -988 0
-968 -969 0
-968 -970 0
-968 -971 0
-968 -972 0
-968 -973 0
-968 -974 0
-968 -975 0
-968 -976 0
-968 -977 0
-968 -978 0
-968 -979 0
-968 -980 0
-968 -981 0
-968 -982 0
-968 -983 0
-968 -984 0
-968 -985 0
-968 -986 0
-968 -987 0
-968 -988 0
-969 -970 0
-969 -971 0
-969 -972 0
-969 -973 0
-969 -974 0
-969 -975 0
-969 -976 0
-969 -977 0
-969 -978 0
-969 -979 0
-969 -980 0
-969 -981 0
-969 -982 0
-969 -983 0
-969 -984 0
-969 -985 0
-969 -986 0
-969 -987 0
-969 -988 0
-970 -971 0
-970 -972 0
-970 -973 0
-970 -974 0
-970 -975 0
-970 -976 0
-970 -977 0
-970 -978 0
-970 -979 0
-970 -980 0
-970 -981 0
-970 -982 0
-970 -983 0
-970 -984 0
-970 -985 0
-970 -986 0
-970 -987 0
-970 -988 0
-971 -972 0
-971 -973 0
-971 -974 0
-971 -975 0
-971 -976 0
-971 -977 0
-971 -978 0
-971 -979 0
-971 -980 0
-971 -981 0
-971 -982 0
-971 -983 0
-971 -984 0
-971 -985 0
-971 -986 0
-971 -987 0
-971 -988 0
-972 -973 0
-972 -974 0
-972 -975 0
-972 -976 0
-972 -977 0
-972 -978 0
-972 -979 0
-972 -980 0
-972 -981 0
-972 -982 0
-972 -983 0
-972 -984 0
-972 -985 0
-972 -986 0
-972 -987 0
-972 -988 0
-973 -974 0
-973 -975 0
-973 -976 0
-973 -977 0
-973 -978 0
-973 -979 0
-973 -980 0
-973 -981 0
-973 -982 0
-973 -983 0
-973 -984 0
-973 -985 0
-973 -986 0
-973 -987 0
-973 -988 0
-974 -975 0
-974 -976 0
-974 -977 0
-974 -978 0
-974 -979 0
-974 -980 0
-974 -981 0
-974 -982 0
-974 -983 0
-974 -984 0
-974 -985 0
-974 -986 0
-974 -987 0
-974 -988 0
-975 -976 0
-975 -977 0
-975 -978 0
-975 -979 0
-975 -980 0
-975 -981 0
-975 -982 0
-975 -983 0
-975 -984 0
-975 -985 0
-975 -986 0
-975 -987 0
-975 -988 0
-976 -977 0
-976 -978 0
-976 -979 0
-976 -980 0
-976 -981 0
-976 -982 0
-976 -983 0
-976 -984 0
-976 -985 0
-976 -986 0
-976 -987 0
-976 -988 0
-977 -978 0
-977 -979 0
-977 -980 0
-977 -981 0
-977 -982 0
-977 -983 0
-977 -984 0
-977 -985 0
-977 -986 0
-977 -987 0
-977 -988 0
-978 -979 0
-978 -980 0
-978 -981 0
-978 -982 0
-978 -983 0
-978 -984 0
-978 -985 0
-978 -986 0
-978 -987 0
-978 -988 0
-979 -980 0
-979 -981 0
-979 -982 0
-979 -983 0
-979 -984 0
-979 -985 0
-979 -986 0
-979 -987 0
-979 -988 0
-980 -981 0
-980 -982 0
-980 -983 0
-980 -984 0
-980 -985 0
-980 -986 0
-980 -987 0
-980 -988 0
-981 -982 0
-981 -983 0
-981 -984 0
-981 -985 0
-981 -986 0
-981 -987 0
-981 -988 0
-982 -983 0
-982 -984 0
-982 -985 0
-982 -986 0
-982 -987 0
-982 -988 0
-983 -984 0
-983 -985 0
-983 -986 0
-983 -987 0
-983 -988 0
-984 -985 0
-984 -986 0
-984 -987 0
-984 -988 0
-985 -986 0
-985 -987 0
-985 -988 0
-986 -987 0
-986 -988 0
-987 -988 0
-989 -990 0
-989 -991 0
-989 -992 0
-989 -993 0
-989 -994 0
-989 -995 0
-989 -996 0
-989 -997 0
-989 -998 0
-989 -999 0
-989 -1000 0
-989 -1001 0
-989 -1002 0
-989 -1003 0
-989 -1004 0
-989 -1005 0
-989 -1006 0
-989 -1007 0
-989 -1008 0
-989 -1009 0
-989 -1010 0
-989 -1011 0
-989 -1012 0
-989 -1013 0
-989 -1014 0
-989 -1015 0
-989 -1016 0
-989 -1017 0
-989 -1018 0
-989 -1019 0
-989 -1020 0
-989 -1021 0
-989 -1022 0
-989 -1023 0
-989 -1024 0
-989 -1025 0
-989 -1026 0
-990 -991 0
-990 -992 0
-990 -993 0
-990 -994 0
-990 -995 0
-990 -996 0
-990 -997 0
-990 -998 0
-990 -999 0
-990 -1000 0
-990 -1001 0
-990 -1002 0
-990 -1003 0
-990 -1004 0
-990 -1005 0
-990 -1006 0
-990 -1007 0
-990 -1008 0
-990 -1009 0
-990 -1010 0
-990 -1011 0
-990 -1012 0
-990 -1013 0
-990 -1014 0
-990 -1015 0
-990 -1016 0
-990 -1017 0
-990 -1018 0
-990 -1019 0
-990 -1020 0
-990 -1021 0
-990 -1022 0
-990 -1023 0
-990 -1024 0
-990 -1025 0
-990 -1026 0
-991 -992 0
-991 -993 0
-991 -994 0
-991 -995 0
-991 -996 0
-991 -997 0
-991 -998 0
-991 -999 0
-991 -1000 0
-991 -1001 0
-991 -1002 0
-991 -1003 0
-991 -1004 0
-991 -1005 0
-991 -1006 0
-991 -1007 0
-991 -1008 0
-991 -1009 0
-991 -1010 0
-991 -1011 0
-991 -1012 0
-991 -1013 0
-991 -1014 0
-991 -1015 0
-991 -1016 0
-991 -1017 0
-991 -1018 0
-991 -1019 0
-991 -1020 0
-991 -1021 0
-991 -1022 0
-991 -1023 0
-991 -1024 0
-991 -1025 0
-991 -1026 0
-992 -993 0
-992 -994 0
-992 -995 0
-992 -996 0
-992 -997 0
-992 -998 0
-992 -999 0
-992 -1000 0
-992 -1001 0
-992 -1002 0
-992 -1003 0
-992 -1004 0
-992 -1005 0
-992 -1006 0
-992 -1007 0
-992 -1008 0
-992 -1009 0
-992 -1010 0
-992 -1011 0
-992 -1012 0
-992 -1013 0
-992 -1014 0
-992 -1015 0
-992 -1016 0
-992 -1017 0
-992 -1018 0
-992 -1019 0
-992 -1020 0
-992 -1021 0
-992 -1022 0
-992 -1023 0
-992 -1024 0
-992 -1025 0
-992 -1026 0
-993 -994 0
-993 -995 0
-993 -996 0
-993 -997 0
-993 -998 0
-993 -999 0
-993 -1000 0
-993 -1001 0
-993 -1002 0
-993 -1003 0
-993 -1004 0
-993 -1005 0
-993 -1006 0
-993 -1007 0
-993 -1008 0
-993 -1009 0
-993 -1010 0
-993 -1011 0
-993 -1012 0
-993 -1013 0
-993 -1014 0
-993 -1015 0
-993 -1016 0
-993 -1017 0
-993 -1018 0
-993 -1019 0
-993 -1020 0
-993 -1021 0
-993 -1022 0
-993 -1023 0
-993 -1024 0
-993 -1025 0
-993 -1026 0
-994 -995 0
-994 -996 0
-994 -997 0
-994 -998 0
-994 -999 0
-994 -1000 0
-994 -1001 0
-994 -1002 0
-994 -1003 0
-994 -1004 0
-994 -1005 0
-994 -1006 0
-994 -1007 0
-994 -1008 0
-994 -1009 0
-994 -1010 0
-994 -1011 0
-994 -1012 0
-994 -1013 0
-994 -1014 0
-994 -1015 0
-994 -1016 0
-994 -1017 0
-994 -1018 0
-994 -1019 0
-994 -1020 0
-994 -1021 0
-994 -1022 0
-994 -1023 0
-994 -1024 0
-994 -1025 0
-994 -1026 0
-995 -996 0
-995 -997 0
-995 -998 0
-995 -999 0
-995 -1000 0
-995 -1001 0
-995 -1002 0
-995 -1003 0
-995 -1004 0
-995 -1005 0
-995 -1006 0
-995 -1007 0
-995 -1008 0
-995 -1009 0
-995 -1010 0
-995 -1011 0
-995 -1012 0
-995 -1013 0
-995 -1014 0
-995 -1015 0
-995 -1016 0
-995 -1017 0
-995 -1018 0
-995 -1019 0
-995 -1020 0
-995 -1021 0
-995 -1022 0
-995 -1023 0
-995 -1024 0
-995 -1025 0
-995 -1026 0
-996 -997 0
-996 -998 0
-996 -999 0
-996 -1000 0
-996 -1001 0
-996 -1002 0
-996 -1003 0
-996 -1004 0
-996 -1005 0
-996 -1006 0
-996 -1007 0
-996 -1008 0
-996 -1009 0
-996 -1010 0
-996 -1011 0
-996 -1012 0
-996 -1013 0
-996 -1014 0
-996 -1015 0
-996 -1016 0
-996 -1017 0
-996 -1018 0
-996 -1019 0
-996 -1020 0
-996 -1021 0
-996 -1022 0
-996 -1023 0
-996 -1024 0
-996 -1025 0
-996 -1026 0
-997 -998 0
-997 -999 0
-997 -1000 0
-997 -1001 0
-997 -1002 0
-997 -1003 0
-997 -1004 0
-997 -1005 0
-997 -1006 0
-997 -1007 0
-997 -1008 0
-997 -1009 0
-997 -1010 0
-997 -1011 0
-997 -1012 0
-997 -1013 0
-997 -1014 0
-997 -1015 0
-997 -1016 0
-997 -1017 0
-997 -1018 0
-997 -1019 0
-997 -1020 0
-997 -1021 0
-997 -1022 0
-997 -1023 0
-997 -1024 0
-997 -1025 0
-997 -1026 0
-998 -999 0
-998 -1000 0
-998 -1001 0
-998 -1002 0
-998 -1003 0
-998 -1004 0
-998 -1005 0
-998 -1006 0
-998 -1007 0
-998 -1008 0
-998 -1009 0
-998 -1010 0
-998 -1011 0
-998 -1012 0
-998 -1013 0
-998 -1014 0
-998 -1015 0
-998 -1016 0
-998 -1017 0
-998 -1018 0
-998 -1019 0
-998 -1020 0
-998 -1021 0
-998 -1022 0
-998 -1023 0
-998 -1024 0
-998 -1025 0
-998 -1026 0
-999 -1000 0
-999 -1001 0
-999 -1002 0
-999 -1003 0
-999 -1004 0
-999 -1005 0
-999 -1006 0
-999 -1007 0
-999 -1008 0
-999 -1009 0
-999 -1010 0
-999 -1011 0
-999 -1012 0
-999 -1013 0
-999 -1014 0
-999 -1015 0
-999 -1016 0
-999 -1017 0
-999 -1018 0
-999 -1019 0
-999 -1020 0
-999 -1021 0
-999 -1022 0
-999 -1023 0
-999 -1024 0
-999 -1025 0
-999 -1026 0
-1000 -1001 0
-1000 -1002 0
-1000 -1003 0
-1000 -1004 0
-1000 -1005 0
-1000 -1006 0
-1000 -1007 0
-1000 -1008 0
-1000 -1009 0
-1000 -1010 0
-1000 -1011 0
-1000 -1012 0
-1000 -1013 0
-1000 -1014 0
-1000 -1015 0
-1000 -1016 0
-1000 -1017 0
-1000 -1018 0
-1000 -1019 0
-1000 -1020 0
-1000 -1021 0
-1000 -1022 0
-1000 -1023 0
-1000 -1024 0
-1000 -1025 0
-1000 -1026 0
-1001 -1002 0
-1001 -1003 0
-1001 -1004 0
-1001 -1005 0
-1001 -1006 0
-1001 -1007 0
-1001 -1008 0
-1001 -1009 0
-1001 -1010 0
-1001 -1011 0
-1001 -1012 0
-1001 -1013 0
-1001 -1014 0
-1001 -1015 0
-1001 -1016 0
-1001 -1017 0
-1001 -1018 0
-1001 -1019 0
-1001 -1020 0
-1001 -1021 0
-1001 -1022 0
-1001 -1023 0
-1001 -1024 0
-1001 -1025 0
-1001 -1026 0
-1002 -1003 0
-1002 -1004 0
-1002 -1005 0
-1002 -1006 0
-1002 -1007 0
-1002 -1008 0
-1002 -1009 0
-1002 -1010 0
-1002 -1011 0
-1002 -1012 0
-1002 -1013 0
-1002 -1014 0
-1002 -1015 0
-1002 -1016 0
-1002 -1017 0
-1002 -1018 0
-1002 -1019 0
-1002 -1020 0
-1002 -1021 0
-1002 -1022 0
-1002 -1023 0
-1002 -1024 0
-1002 -1025 0
-1002 -1026 0
-1003 -1004 0
-1003 -1005 0
-1003 -1006 0
-1003 -1007 0
-1003 -1008 0
-1003 -1009 0
-1003 -1010 0
-1003 -1011 0
-1003 -1012 0
-1003 -1013 0
-1003 -1014 0
-1003 -1015 0
-1003 -1016 0
-1003 -1017 0
-1003 -1018 0
-1003 -1019 0
-1003 -1020 0
-1003 -1021 0
-1003 -1022 0
-1003 -1023 0
-1003 -1024 0
-1003 -1025 0
-1003 -1026 0
-1004 -1005 0
-1004 -1006 0
-1004 -1007 0
-1004 -1008 0
-1004 -1009 0
-1004 -1010 0
-1004 -1011 0
-1004 -1012 0
-1004 -1013 0
-1004 -1014 0
-1004 -1015 0
-1004 -1016 0
-1004 -1017 0
-1004 -1018 0
-1004 -1019 0
-1004 -1020 0
-1004 -1021 0
-1004 -1022 0
-1004 -1023 0
-1004 -1024 0
-1004 -1025 0
-1004 -1026 0
-1005 -1006 0
-1005 -1007 0
-1005 -1008 0
-1005 -1009 0
-1005 -1010 0
-1005 -1011 0
-1005 -1012 0
-1005 -1013 0
-1005 -1014 0
-1005 -1015 0
-1005 -1016 0
-1005 -1017 0
-1005 -1018 0
-1005 -1019 0
-1005 -1020 0
-1005 -1021 0
-1005 -1022 0
-1005 -1023 0
-1005 -1024 0
-1005 -1025 0
-1005 -1026 0
-1006 -1007 0
-1006 -1008 0
-1006 -1009 0
-1006 -1010 0
-1006 -1011 0
-1006 -1012 0
-1006 -1013 0
-1006 -1014 0
-1006 -1015 0
-1006 -1016 0
-1006 -1017 0
-1006 -1018 0
-1006 -1019 0
-1006 -1020 0
-1006 -1021 0
-1006 -1022 0
-1006 -1023 0
-1006 -1024 0
-1006 -1025 0
-1006 -1026 0
-1007 -1008 0
-1007 -1009 0
-1007 -1010 0
-1007 -1011 0
-1007 -1012 0
-1007 -1013 0
-1007 -1014 0
-1007 -1015 0
-1007 -1016 0
-1007 -1017 0
-1007 -1018 0
-1007 -1019 0
-1007 -1020 0
-1007 -1021 0
-1007 -1022 0
-1007 -1023 0
-1007 -1024 0
-1007 -1025 0
-1007 -1026 0
-1008 -1009 0
-1008 -1010 0
-1008 -1011 0
-1008 -1012 0
-1008 -1013 0
-1008 -1014 0
-1008 -1015 0
-1008 -1016 0
-1008 -1017 0
-1008 -1018 0
-1008 -1019 0
-1008 -1020 0
-1008 -1021 0
-1008 -1022 0
-1008 -1023 0
-1008 -1024 0
-1008 -1025 0
-1008 -1026 0
-1009 -1010 0
-1009 -1011 0
-1009 -1012 0
-1009 -1013 0
-1009 -1014 0
-1009 -1015 0
-1009 -1016 0
-1009 -1017 0
-1009 -1018 0
-1009 -1019 0
-1009 -1020 0
-1009 -1021 0
-1009 -1022 0
-1009 -1023 0
-1009 -1024 0
-1009 -1025 0
-1009 -1026 0
-1010 -1011 0
-1010 -1012 0
-1010 -1013 0
-1010 -1014 0
-1010 -1015 0
-1010 -1016 0
-1010 -1017 0
-1010 -1018 0
-1010 -1019 0
-1010 -1020 0
-1010 -1021 0
-1010 -1022 0
-1010 -1023 0
-1010 -1024 0
-1010 -1025 0
-1010 -1026 0
-1011 -1012 0
-1011 -1013 0
-1011 -1014 0
-1011 -1015 0
-1011 -1016 0
-1011 -1017 0
-1011 -1018 0
-1011 -1019 0
-1011 -1020 0
-1011 -1021 0
-1011 -1022 0
-1011 -1023 0
-1011 -1024 0
-1011 -1025 0
-1011 -1026 0
-1012 -1013 0
-1012 -1014 0
-1012 -1015 0
-1012 -1016 0
-1012 -1017 0
-1012 -1018 0
-1012 -1019 0
-1012 -1020 0
-1012 -1021 0
-1012 -1022 0
-1012 -1023 0
-1012 -1024 0
-1012 -1025 0
-1012 -1026 0
-1013 -1014 0
-1013 -1015 0
-1013 -1016 0
-1013 -1017 0
-1013 -1018 0
-1013 -1019 0
-1013 -1020 0
-1013 -1021 0
-1013 -1022 0
-1013 -1023 0
-1013 -1024 0
-1013 -1025 0
-1013 -1026 0
-1014 -1015 0
-1014 -1016 0
-1014 -1017 0
-1014 -1018 0
-1014 -1019 0
-1014 -1020 0
-1014 -1021 0
-1014 -1022 0
-1014 -1023 0
-1014 -1024 0
-1014 -1025 0
-1014 -1026 0
-1015 -1016 0
-1015 -1017 0
-1015 -1018 0
-1015 -1019 0
-1015 -1020 0
-1015 -1021 0
-1015 -1022 0
-1015 -1023 0
-1015 -1024 0
-1015 -1025 0
-1015 -1026 0
-1016 -1017 0
-1016 -1018 0
-1016 -1019 0
-1016 -1020 0
-1016 -1021 0
-1016 -1022 0
-1016 -1023 0
-1016 -1024 0
-1016 -1025 0
-1016 -1026 0
-1017 -1018 0
-1017 -1019 0
-1017 -1020 0
-1017 -1021 0
-1017 -1022 0
-1017 -1023 0
-1017 -1024 0
-1017 -1025 0
-1017 -1026 0
-1018 -1019 0
-1018 -1020 0
-1018 -1021 0
-1018 -1022 0
-1018 -1023 0
-1018 -1024 0
-1018 -1025 0
-1018 -1026 0
-1019 -1020 0
-1019 -1021 0
-1019 -1022 0
-1019 -1023 0
-1019 -1024 0
-1019 -1025 0
-1019 -1026 0
-1020 -1021 0
-1020 -1022 0
-1020 -1023 0
-1020 -1024 0
-1020 -1025 0
-1020 -1026 0
-1021 -1022 0
-1021 -1023 0
-1021 -1024 0
-1021 -1025 0
-1021 -1026 0
-1022 -1023 0
-1022 -1024 0
-1022 -1025 0
-1022 -1026 0
-1023 -1024 0
-1023 -1025 0
-1023 -1026 0
-1024 -1025 0
-1024 -1026 0
-1025 -1026 0
-1027 -1028 0
-1027 -1029 0
-1027 -1030 0
-1027 -1031 0
-1027 -1032 0
-1027 -1033 0
-1027 -1034 0
-1027 -1035 0
-1027 -1036 0
-1027 -1037 0
-1027 -1038 0
-1027 -1039 0
-1027 -1040 0
-1027 -1041 0
-1027 -1042 0
-1027 -1043 0
-1027 -1044 0
-1027 -1045 0
-1027 -1046 0
-1027 -1047 0
-1027 -1048 0
-1027 -1049 0
-1027 -1050 0
-1027 -1051 0
-1027 -1052 0
-1027 -1053 0
-1027 -1054 0
-1027 -1055 0
-1027 -1056 0
-1027 -1057 0
-1027 -1058 0
-1027 -1059 0
-1027 -1060 0
-1027 -1061 0
-1027 -1062 0
-1027 -1063 0
-1027 -1064 0
-1028 -1029 0
-1028 -1030 0
-1028 -1031 0
-1028 -1032 0
-1028 -1033 0
-1028 -1034 0
-1028 -1035 0
-1028 -1036 0
-1028 -1037 0
-1028 -1038 0
-1028 -1039 0
-1028 -1040 0
-1028 -1041 0
-1028 -1042 0
-1028 -1043 0
-1028 -1044 0
-1028 -1045 0
-1028 -1046 0
-1028 -1047 0
-1028 -1048 0
-1028 -1049 0
-1028 -1050 0
-1028 -1051 0
-1028 -1052 0
-1028 -1053 0
-1028 -1054 0
-1028 -1055 0
-1028 -1056 0
-1028 -1057 0
-1028 -1058 0
-1028 -1059 0
-1028 -1060 0
-1028 -1061 0
-1028 -1062 0
-1028 -1063 0
-1028 -1064 0
-1029 -1030 0
-1029 -1031 0
-1029 -1032 0
-1029 -1033 0
-1029 -1034 0
-1029 -1035 0
-1029 -1036 0
-1029 -1037 0
-1029 -1038 0
-1029 -1039 0
-1029 -1040 0
-1029 -1041 0
-1029 -1042 0
-1029 -1043 0
-1029 -1044 0
-1029 -1045 0
-1029 -1046 0
-1029 -1047 0
-1029 -1048 0
-1029 -1049 0
-1029 -1050 0
-1029 -1051 0
-1029 -1052 0
-1029 -1053 0
-1029 -1054 0
-1029 -1055 0
-1029 -1056 0
-1029 -1057 0
-1029 -1058 0
-1029 -1059 0
-1029 -1060 0
-1029 -1061 0
-1029 -1062 0
-1029 -1063 0
-1029 -1064 0
-1030 -1031 0
-1030 -1032 0
-1030 -1033 0
-1030 -1034 0
-1030 -1035 0
-1030 -1036 0
-1030 -1037 0
-1030 -1038 0
-1030 -1039 0
-1030 -1040 0
-1030 -1041 0
-1030 -1042 0
-1030 -1043 0
-1030 -1044 0
-1030 -1045 0
-1030 -1046 0
-1030 -1047 0
-1030 -1048 0
-1030 -1049 0
-1030 -1050 0
-1030 -1051 0
-1030 -1052 0
-1030 -1053 0
-1030 -1054 0
-1030 -1055 0
-1030 -1056 0
-1030 -1057 0
-1030 -1058 0
-1030 -1059 0
-1030 -1060 0
-1030 -1061 0
-1030 -1062 0
-1030 -1063 0
-1030 -1064 0
-1031 -1032 0
-1031 -1033 0
-1031 -1034 0
-1031 -1035 0
-1031 -1036 0
-1031 -1037 0
-1031 -1038 0
-1031 -1039 0
-1031 -1040 0
-1031 -1041 0
-1031 -1042 0
-1031 -1043 0
-1031 -1044 0
-1031 -1045 0
-1031 -1046 0
-1031 -1047 0
-1031 -1048 0
-1031 -1049 0
-1031 -1050 0
-1031 -1051 0
-1031 -1052 0
-1031 -1053 0
-1031 -1054 0
-1031 -1055 0
-1031 -1056 0
-1031 -1057 0
-1031 -1058 0
-1031 -1059 0
-1031 -1060 0
-1031 -1061 0
-1031 -1062 0
-1031 -1063 0
-1031 -1064 0
-1032 -1033 0
-1032 -1034 0
-1032 -1035 0
-1032 -1036 0
-1032 -1037 0
-1032 -1038 0
-1032 -1039 0
-1032 -1040 0
-1032 -1041 0
-1032 -1042 0
-1032 -1043 0
-1032 -1044 0
-1032 -1045 0
-1032 -1046 0
-1032 -1047 0
-1032 -1048 0
-1032 -1049 0
-1032 -1050 0
-1032 -1051 0
-1032 -1052 0
-1032 -1053 0
-1032 -1054 0
-1032 -1055 0
-1032 -1056 0
-1032 -1057 0
-1032 -1058 0
-1032 -1059 0
-1032 -1060 0
-1032 -1061 0
-1032 -1062 0
-1032 -1063 0
-1032 -1064 0
-1033 -1034 0
-1033 -1035 0
-1033 -1036 0
-1033 -1037 0
-1033 -1038 0
-1033 -1039 0
-1033 -1040 0
-1033 -1041 0
-1033 -1042 0
-1033 -1043 0
-1033 -1044 0
-1033 -1045 0
-1033 -1046 0
-1033 -1047 0
-1033 -1048 0
-1033 -1049 0
-1033 -1050 0
-1033 -1051 0
-1033 -1052 0
-1033 -1053 0
-1033 -1054 0
-1033 -1055 0
-1033 -1056 0
-1033 -1057 0
-1033 -1058 0
-1033 -1059 0
-1033 -1060 0
-1033 -1061 0
-1033 -1062 0
-1033 -1063 0
-1033 -1064 0
-1034 -1035 0
-1034 -1036 0
-1034 -1037 0
-1034 -1038 0
-1034 -1039 0
-1034 -1040 0
-1034 -1041 0
-1034 -1042 0
-1034 -1043 0
-1034 -1044 0
-1034 -1045 0
-1034 -1046 0
-1034 -1047 0
-1034 -1048 0
-1034 -1049 0
-1034 -1050 0
-1034 -1051 0
-1034 -1052 0
-1034 -1053 0
-1034 -1054 0
-1034 -1055 0
-1034 -1056 0
-1034 -1057 0
-1034 -1058 0
-1034 -1059 0
-1034 -1060 0
-1034 -1061 0
-1034 -1062 0
-1034 -1063 0
-1034 -1064 0
-1035 -1036 0
-1035 -1037 0
-1035 -1038 0
-1035 -1039 0
-1035 -1040 0
-1035 -1041 0
-1035 -1042 0
-1035 -1043 0
-1035 -1044 0
-1035 -1045 0
-1035 -1046 0
-1035 -1047 0
-1035 -1048 0
-1035 -1049 0
-1035 -1050 0
-1035 -1051 0
-1035 -1052 0
-1035 -1053 0
-1035 -1054 0
-1035 -1055 0
-1035 -1056 0
-1035 -1057 0
-1035 -1058 0
-1035 -1059 0
-1035 -1060 0
-1035 -1061 0
-1035 -1062 0
-1035 -1063 0
-1035 -1064 0
-1036 -1037 0
-1036 -1038 0
-1036 -1039 0
-1036 -1040 0
-1036 -1041 0
-1036 -1042 0
-1036 -1043 0
-1036 -1044 0
-1036 -1045 0
-1036 -1046 0
-1036 -1047 0
-1036 -1048 0
-1036 -1049 0
-1036 -1050 0
-1036 -1051 0
-1036 -1052 0
-1036 -1053 0
-1036 -1054 0
-1036 -1055 0
-1036 -1056 0
-1036 -1057 0
-1036 -1058 0
-1036 -1059 0
-1036 -1060 0
-1036 -1061 0
-1036 -1062 0
-1036 -1063 0
-1036 -1064 0
-1037 -1038 0
-1037 -1039 0
-1037 -1040 0
-1037 -1041 0
-1037 -1042 0
-1037 -1043 0
-1037 -1044 0
-1037 -1045 0
-1037 -1046 0
-1037 -1047 0
-1037 -1048 0
-1037 -1049 0
-1037 -1050 0
-1037 -1051 0
-1037 -1052 0
-1037 -1053 0
-1037 -1054 0
-1037 -1055 0
-1037 -1056 0
-1037 -1057 0
-1037 -1058 0
-1037 -1059 0
-1037 -1060 0
-1037 -1061 0
-1037 -1062 0
-1037 -1063 0
-1037 -1064 0
-1038 -1039 0
-1038 -1040 0
-1038 -1041 0
-1038 -1042 0
-1038 -1043 0
-1038 -1044 0
-1038 -1045 0
-1038 -1046 0
-1038 -1047 0
-1038 -1048 0
-1038 -1049 0
-1038 -1050 0
-1038 -1051 0
-1038 -1052 0
-1038 -1053 0
-1038 -1054 0
-1038 -1055 0
-1038 -1056 0
-1038 -1057 0
-1038 -1058 0
-1038 -1059 0
-1038 -1060 0
-1038 -1061 0
-1038 -1062 0
-1038 -1063 0
-1038 -1064 0
-1039 -1040 0
-1039 -1041 0
-1039 -1042 0
-1039 -1043 0
-1039 -1044 0
-1039 -1045 0
-1039 -1046 0
-1039 -1047 0
-1039 -1048 0
-1039 -1049 0
-1039 -1050 0
-1039 -1051 0
-1039 -1052 0
-1039 -1053 0
-1039 -1054 0
-1039 -1055 0
-1039 -1056 0
-1039 -1057 0
-1039 -1058 0
-1039 -1059 0
-1039 -1060 0
-1039 -1061 0
-1039 -1062 0
-1039 -1063 0
-1039 -1064 0
-1040 -1041 0
-1040 -1042 0
-1040 -1043 0
-1040 -1044 0
-1040 -1045 0
-1040 -1046 0
-1040 -1047 0
-1040 -1048 0
-1040 -1049 0
-1040 -1050 0
-1040 -1051 0
-1040 -1052 0
-1040 -1053 0
-1040 -1054 0
-1040 -1055 0
-1040 -1056 0
-1040 -1057 0
-1040 -1058 0
-1040 -1059 0
-1040 -1060 0
-1040 -1061 0
-1040 -1062 0
-1040 -1063 0
-1040 -1064 0
-1041 -1042 0
-1041 -1043 0
-1041 -1044 0
-1041 -1045 0
-1041 -1046 0
-1041 -1047 0
-1041 -1048 0
-1041 -1049 0
-1041 -1050 0
-1041 -1051 0
-1041 -1052 0
-1041 -1053 0
-1041 -1054 0
-1041 -1055 0
-1041 -1056 0
-1041 -1057 0
-1041 -1058 0
-1041 -1059 0
-1041 -1060 0
-1041 -1061 0
-1041 -1062 0
-1041 -1063 0
-1041 -1064 0
-1042 -1043 0
-1042 -1044 0
-1042 -1045 0
-1042 -1046 0
-1042 -1047 0
-1042 -1048 0
-1042 -1049 0
-1042 -1050 0
-1042 -1051 0
-1042 -1052 0
-1042 -1053 0
-1042 -1054 0
-1042 -1055 0
-1042 -1056 0
-1042 -1057 0
-1042 -1058 0
-1042 -1059 0
-1042 -1060 0
-1042 -1061 0
-1042 -1062 0
-1042 -1063 0
-1042 -1064 0
-1043 -1044 0
-1043 -1045 0
-1043 -1046 0
-1043 -1047 0
-1043 -1048 0
-1043 -1049 0
-1043 -1050 0
-1043 -1051 0
-1043 -1052 0
-1043 -1053 0
-1043 -1054 0
-1043 -1055 0
-1043 -1056 0
-1043 -1057 0
-1043 -1058 0
-1043 -1059 0
-1043 -1060 0
-1043 -1061 0
-1043 -1062 0
-1043 -1063 0
-1043 -1064 0
-1044 -1045 0
-1044 -1046 0
-1044 -1047 0
-1044 -1048 0
-1044 -1049 0
-1044 -1050 0
-1044 -1051 0
-1044 -1052 0
-1044 -1053 0
-1044 -1054 0
-1044 -1055 0
-1044 -1056 0
-1044 -1057 0
-1044 -1058 0
-1044 -1059 0
-1044 -1060 0
-1044 -1061 0
-1044 -1062 0
-1044 -1063 0
-1044 -1064 0
-1045 -1046 0
-1045 -1047 0
-1045 -1048 0
-1045 -1049 0
-1045 -1050 0
-1045 -1051 0
-1045 -1052 0
-1045 -1053 0
-1045 -1054 0
-1045 -1055 0
-1045 -1056 0
-1045 -1057 0
-1045 -1058 0
-1045 -1059 0
-1045 -1060 0
-1045 -1061 0
-1045 -1062 0
-1045 -1063 0
-1045 -1064 0
-1046 -1047 0
-1046 -1048 0
-1046 -1049 0
-1046 -1050 0
-1046 -1051 0
-1046 -1052 0
-1046 -1053 0
-1046 -1054 0
-1046 -1055 0
-1046 -1056 0
-1046 -1057 0
-1046 -1058 0
-1046 -1059 0
-1046 -1060 0
-1046 -1061 0
-1046 -1062 0
-1046 -1063 0
-1046 -1064 0
-1047 -1048 0
-1047 -1049 0
-1047 -1050 0
-1047 -1051 0
-1047 -1052 0
-1047 -1053 0
-1047 -1054 0
-1047 -1055 0
-1047 -1056 0
-1047 -1057 0
-1047 -1058 0
-1047 -1059 0
-1047 -1060 0
-1047 -1061 0
-1047 -1062 0
-1047 -1063 0
-1047 -1064 0
-1048 -1049 0
-1048 -1050 0
-1048 -1051 0
-1048 -1052 0
-1048 -1053 0
-1048 -1054 0
-1048 -1055 0
-1048 -1056 0
-1048 -1057 0
-1048 -1058 0
-1048 -1059 0
-1048 -1060 0
-1048 -1061 0
-1048 -1062 0
-1048 -1063 0
-1048 -1064 0
-1049 -1050 0
-1049 -1051 0
-1049 -1052 0
-1049 -1053 0
-1049 -1054 0
-1049 -1055 0
-1049 -1056 0
-1049 -1057 0
-1049 -1058 0
-1049 -1059 0
-1049 -1060 0
-1049 -1061 0
-1049 -1062 0
-1049 -1063 0
-1049 -1064 0
-1050 -1051 0
-1050 -1052 0
-1050 -1053 0
-1050 -1054 0
-1050 -1055 0
-1050 -1056 0
-1050 -1057 0
-1050 -1058 0
-1050 -1059 0
-1050 -1060 0
-1050 -1061 0
-1050 -1062 0
-1050 -1063 0
-1050 -1064 0
-1051 -1052 0
-1051 -1053 0
-1051 -1054 0
-1051 -1055 0
-1051 -1056 0
-1051 -1057 0
-1051 -1058 0
-1051 -1059 0
-1051 -1060 0
-1051 -1061 0
-1051 -1062 0
-1051 -1063 0
-1051 -1064 0
-1052 -1053 0
-1052 -1054 0
-1052 -1055 0
-1052 -1056 0
-1052 -1057 0
-1052 -1058 0
-1052 -1059 0
-1052 -1060 0
-1052 -1061 0
-1052 -1062 0
-1052 -1063 0
-1052 -1064 0
-1053 -1054 0
-1053 -1055 0
-1053 -1056 0
-1053 -1057 0
-1053 -1058 0
-1053 -1059 0
-1053 -1060 0
-1053 -1061 0
-1053 -1062 0
-1053 -1063 0
-1053 -1064 0
-1054 -1055 0
-1054 -1056 0
-1054 -1057 0
-1054 -1058 0
-1054 -1059 0
-1054 -1060 0
-1054 -1061 0
-1054 -1062 0
-1054 -1063 0
-1054 -1064 0
-1055 -1056 0
-1055 -1057 0
-1055 -1058 0
-1055 -1059 0
-1055 -1060 0
-1055 -1061 0
-1055 -1062 0
-1055 -1063 0
-1055 -1064 0
-1056 -1057 0
-1056 -1058 0
-1056 -1059 0
-1056 -1060 0
-1056 -1061 0
-1056 -1062 0
-1056 -1063 0
-1056 -1064 0
-1057 -1058 0
-1057 -1059 0
-1057 -1060 0
-1057 -1061 0
-1057 -1062 0
-1057 -1063 0
-1057 -1064 0
-1058 -1059 0
-1058 -1060 0
-1058 -1061 0
-1058 -1062 0
-1058 -1063 0
-1058 -1064 0
-1059 -1060 0
-1059 -1061 0
-1059 -1062 0
-1059 -1063 0
-1059 -1064 0
-1060 -1061 0
-1060 -1062 0
-1060 -1063 0
-1060 -1064 0
-1061 -1062 0
-1061 -1063 0
-1061 -1064 0
-1062 -1063 0
-1062 -1064 0
-1063 -1064 0
-1065 -1066 0
-1065 -1067 0
-1065 -1068 0
-1065 -1069 0
-1065 -1070 0
-1065 -1071 0
-1065 -1072 0
-1065 -1073 0
-1065 -1074 0
-1065 -1075 0
-1065 -1076 0
-1065 -1077 0
-1065 -1078 0
-1065 -1079 0
-1065 -1080 0
-1065 -1081 0
-1065 -1082 0
-1065 -1083 0
-1065 -1084 0
-1065 -1085 0
-1065 -1086 0
-1065 -1087 0
-1065 -1088 0
-1065 -1089 0
-1065 -1090 0
-1065 -1091 0
-1065 -1092 0
-1065 -1093 0
-1065 -1094 0
-1065 -1095 0
-1065 -1096 0
-1065 -1097 0
-1065 -1098 0
-1065 -1099 0
-1065 -1100 0
-1065 -1101 0
-1065 -1102 0
-1066 -1067 0
-1066 -1068 0
-1066 -1069 0
-1066 -1070 0
-1066 -1071 0
-1066 -1072 0
-1066 -1073 0
-1066 -1074 0
-1066 -1075 0
-1066 -1076 0
-1066 -1077 0
-1066 -1078 0
-1066 -1079 0
-1066 -1080 0
-1066 -1081 0
-1066 -1082 0
-1066 -1083 0
-1066 -1084 0
-1066 -1085 0
-1066 -1086 0
-1066 -1087 0
-1066 -1088 0
-1066 -1089 0
-1066 -1090 0
-1066 -1091 0
-1066 -1092 0
-1066 -1093 0
-1066 -1094 0
-1066 -1095 0
-1066 -1096 0
-1066 -1097 0
-1066 -1098 0
-1066 -1099 0
-1066 -1100 0
-1066 -1101 0
-1066 -1102 0
-1067 -1068 0
-1067 -1069 0
-1067 -1070 0
-1067 -1071 0
-1067 -1072 0
-1067 -1073 0
-1067 -1074 0
-1067 -1075 0
-1067 -1076 0
-1067 -1077 0
-1067 -1078 0
-1067 -1079 0
-1067 -1080 0
-1067 -1081 0
-1067 -1082 0
-1067 -1083 0
-1067 -1084 0
-1067 -1085 0
-1067 -1086 0
-1067 -1087 0
-1067 -1088 0
-1067 -1089 0
-1067 -1090 0
-1067 -1091 0
-1067 -1092 0
-1067 -1093 0
-1067 -1094 0
-1067 -1095 0
-1067 -1096 0
-1067 -1097 0
-1067 -1098 0
-1067 -1099 0
-1067 -1100 0
-1067 -1101 0
-1067 -1102 0
-1068 -1069 0
-1068 -1070 0
-1068 -1071 0
-1068 -1072 0
-1068 -1073 0
-1068 -1074 0
-1068 -1075 0
-1068 -1076 0
-1068 -1077 0
-1068 -1078 0
-1068 -1079 0
-1068 -1080 0
-1068 -1081 0
-1068 -1082 0
-1068 -1083 0
-1068 -1084 0
-1068 -1085 0
-1068 -1086 0
-1068 -1087 0
-1068 -1088 0
-1068 -1089 0
-1068 -1090 0
-1068 -1091 0
-1068 -1092 0
-1068 -1093 0
-1068 -1094 0
-1068 -1095 0
-1068 -1096 0
-1068 -1097 0
-1068 -1098 0
-1068 -1099 0
-1068 -1100 0
-1068 -1101 0
-1068 -1102 0
-1069 -1070 0
-1069 -1071 0
-1069 -1072 0
-1069 -1073 0
-1069 -1074 0
-1069 -1075 0
-1069 -1076 0
-1069 -1077 0
-1069 -1078 0
-1069 -1079 0
-1069 -1080 0
-1069 -1081 0
-1069 -1082 0
-1069 -1083 0
-1069 -1084 0
-1069 -1085 0
-1069 -1086 0
-1069 -1087 0
-1069 -1088 0
-1069 -1089 0
-1069 -1090 0
-1069 -1091 0
-1069 -1092 0
-1069 -1093 0
-1069 -1094 0
-1069 -1095 0
-1069 -1096 0
-1069 -1097 0
-1069 -1098 0
-1069 -1099 0
-1069 -1100 0
-1069 -1101 0
-1069 -1102 0
-1070 -1071 0
-1070 -1072 0
-1070 -1073 0
-1070 -1074 0
-1070 -1075 0
-1070 -1076 0
-1070 -1077 0
-1070 -1078 0
-1070 -1079 0
-1070 -1080 0
-1070 -1081 0
-1070 -1082 0
-1070 -1083 0
-1070 -1084 0
-1070 -1085 0
-1070 -1086 0
-1070 -1087 0
-1070 -1088 0
-1070 -1089 0
-1070 -1090 0
-1070 -1091 0
-1070 -1092 0
-1070 -1093 0
-1070 -1094 0
-1070 -1095 0
-1070 -1096 0
-1070 -1097 0
-1070 -1098 0
-1070 -1099 0
-1070 -1100 0
-1070 -1101 0
-1070 -1102 0
-1071 -1072 0
-1071 -1073 0
-1071 -1074 0
-1071 -1075 0
-1071 -1076 0
-1071 -1077 0
-1071 -1078 0
-1071 -1079 0
-1071 -1080 0
-1071 -1081 0
-1071 -1082 0
-1071 -1083 0
-1071 -1084 0
-1071 -1085 0
-1071 -1086 0
-1071 -1087 0
-1071 -1088 0
-1071 -1089 0
-1071 -1090 0
-1071 -1091 0
-1071 -1092 0
-1071 -1093 0
-1071 -1094 0
-1071 -1095 0
-1071 -1096 0
-1071 -1097 0
-1071 -1098 0
-1071 -1099 0
-1071 -1100 0
-1071 -1101 0
-1071 -1102 0
-1072 -1073 0
-1072 -1074 0
-1072 -1075 0
-1072 -1076 0
-1072 -1077 0
-1072 -1078 0
-1072 -1079 0
-1072 -1080 0
-1072 -1081 0
-1072 -1082 0
-1072 -1083 0
-1072 -1084 0
-1072 -1085 0
-1072 -1086 0
-1072 -1087 0
-1072 -1088 0
-1072 -1089 0
-1072 -1090 0
-1072 -1091 0
-1072 -1092 0
-1072 -1093 0
-1072 -1094 0
-1072 -1095 0
-1072 -1096 0
-1072 -1097 0
-1072 -1098 0
-1072 -1099 0
-1072 -1100 0
-1072 -1101 0
-1072 -1102 0
-1073 -1074 0
-1073 -1075 0
-1073 -1076 0
-1073 -1077 0
-1073 -1078 0
-1073 -1079 0
-1073 -1080 0
-1073 -1081 0
-1073 -1082 0
-1073 -1083 0
-1073 -1084 0
-1073 -1085 0
-1073 -1086 0
-1073 -1087 0
-1073 -1088 0
-1073 -1089 0
-1073 -1090 0
-1073 -1091 0
-1073 -1092 0
-1073 -1093 0
-1073 -1094 0
-1073 -1095 0
-1073 -1096 0
-1073 -1097 0
-1073 -1098 0
-1073 -1099 0
-1073 -1100 0
-1073 -1101 0
-1073 -1102 0
-1074 -1075 0
-1074 -1076 0
-1074 -1077 0
-1074 -1078 0
-1074 -1079 0
-1074 -1080 0
-1074 -1081 0
-1074 -1082 0
-1074 -1083 0
-1074 -1084 0
-1074 -1085 0
-1074 -1086 0
-1074 -1087 0
-1074 -1088 0
-1074 -1089 0
-1074 -1090 0
-1074 -1091 0
-1074 -1092 0
-1074 -1093 0
-1074 -1094 0
-1074 -1095 0
-1074 -1096 0
-1074 -1097 0
-1074 -1098 0
-1074 -1099 0
-1074 -1100 0
-1074 -1101 0
-1074 -1102 0
-1075 -1076 0
-1075 -1077 0
-1075 -1078 0
-1075 -1079 0
-1075 -1080 0
-1075 -1081 0
-1075 -1082 0
-1075 -1083 0
-1075 -1084 0
-1075 -1085 0
-1075 -1086 0
-1075 -1087 0
-1075 -1088 0
-1075 -1089 0
-1075 -1090 0
-1075 -1091 0
-1075 -1092 0
-1075 -1093 0
-1075 -1094 0
-1075 -1095 0
-1075 -1096 0
-1075 -1097 0
-1075 -1098 0
-1075 -1099 0
-1075 -1100 0
-1075 -1101 0
-1075 -1102 0
-1076 -1077 0
-1076 -1078 0
-1076 -1079 0
-1076 -1080 0
-1076 -1081 0
-1076 -1082 0
-1076 -1083 0
-1076 -1084 0
-1076 -1085 0
-1076 -1086 0
-1076 -1087 0
-1076 -1088 0
-1076 -1089 0
-1076 -1090 0
-1076 -1091 0
-1076 -1092 0
-1076 -1093 0
-1076 -1094 0
-1076 -1095 0
-1076 -1096 0
-1076 -1097 0
-1076 -1098 0
-1076 -1099 0
-1076 -1100 0
-1076 -1101 0
-1076 -1102 0
-1077 -1078 0
-1077 -1079 0
-1077 -1080 0
-1077 -1081 0
-1077 -1082 0
-1077 -1083 0
-1077 -1084 0
-1077 -1085 0
-1077 -1086 0
-1077 -1087 0
-1077 -1088 0
-1077 -1089 0
-1077 -1090 0
-1077 -1091 0
-1077 -1092 0
-1077 -1093 0
-1077 -1094 0
-1077 -1095 0
-1077 -1096 0
-1077 -1097 0
-1077 -1098 0
-1077 -1099 0
-1077 -1100 0
-1077 -1101 0
-1077 -1102 0
-1078 -1079 0
-1078 -1080 0
-1078 -1081 0
-1078 -1082 0
-1078 -1083 0
-1078 -1084 0
-1078 -1085 0
-1078 -1086 0
-1078 -1087 0
-1078 -1088 0
-1078 -1089 0
-1078 -1090 0
-1078 -1091 0
-1078 -1092 0
-1078 -1093 0
-1078 -1094 0
-1078 -1095 0
-1078 -1096 0
-1078 -1097 0
-1078 -1098 0
-1078 -1099 0
-1078 -1100 0
-1078 -1101 0
-1078 -1102 0
-1079 -1080 0
-1079 -1081 0
-1079 -1082 0
-1079 -1083 0
-1079 -1084 0
-1079 -1085 0
-1079 -1086 0
-1079 -1087 0
-1079 -1088 0
-1079 -1089 0
-1079 -1090 0
-1079 -1091 0
-1079 -1092 0
-1079 -1093 0
-1079 -1094 0
-1079 -1095 0
-1079 -1096 0
-1079 -1097 0
-1079 -1098 0
-1079 -1099 0
-1079 -1100 0
-1079 -1101 0
-1079 -1102 0
-1080 -1081 0
-1080 -1082 0
-1080 -1083 0
-1080 -1084 0
-1080 -1085 0
-1080 -1086 0
-1080 -1087 0
-1080 -1088 0
-1080 -1089 0
-1080 -1090 0
-1080 -1091 0
-1080 -1092 0
-1080 -1093 0
-1080 -1094 0
-1080 -1095 0
-1080 -1096 0
-1080 -1097 0
-1080 -1098 0
-1080 -1099 0
-1080 -1100 0
-1080 -1101 0
-1080 -1102 0
-1081 -1082 0
-1081 -1083 0
-1081 -1084 0
-1081 -1085 0
-1081 -1086 0
-1081 -1087 0
-1081 -1088 0
-1081 -1089 0
-1081 -1090 0
-1081 -1091 0
-1081 -1092 0
-1081 -1093 0
-1081 -1094 0
-1081 -1095 0
-1081 -1096 0
-1081 -1097 0
-1081 -1098 0
-1081 -1099 0
-1081 -1100 0
-1081 -1101 0
-1081 -1102 0
-1082 -1083 0
-1082 -1084 0
-1082 -1085 0
-1082 -1086 0
-1082 -1087 0
-1082 -1088 0
-1082 -1089 0
-1082 -1090 0
-1082 -1091 0
-1082 -1092 0
-1082 -1093 0
-1082 -1094 0
-1082 -1095 0
-1082 -1096 0
-1082 -1097 0
-1082 -1098 0
-1082 -1099 0
-1082 -1100 0
-1082 -1101 0
-1082 -1102 0
-1083 -1084 0
-1083 -1085 0
-1083 -1086 0
-1083 -1087 0
-1083 -1088 0
-1083 -1089 0
-1083 -1090 0
-1083 -1091 0
-1083 -1092 0
-1083 -1093 0
-1083 -1094 0
-1083 -1095 0
-1083 -1096 0
-1083 -1097 0
-1083 -1098 0
-1083 -1099 0
-1083 -1100 0
-1083 -1101 0
-1083 -1102 0
-1084 -1085 0
-1084 -1086 0
-1084 -1087 0
-1084 -1088 0
-1084 -1089 0
-1084 -1090 0
-1084 -1091 0
-1084 -1092 0
-1084 -1093 0
-1084 -1094 0
-1084 -1095 0
-1084 -1096 0
-1084 -1097 0
-1084 -1098 0
-1084 -1099 0
-1084 -1100 0
-1084 -1101 0
-1084 -1102 0
-1085 -1086 0
-1085 -1087 0
-1085 -1088 0
-1085 -1089 0
-1085 -1090 0
-1085 -1091 0
-1085 -1092 0
-1085 -1093 0
-1085 -1094 0
-1085 -1095 0
-1085 -1096 0
-1085 -1097 0
-1085 -1098 0
-1085 -1099 0
-1085 -1100 0
-1085 -1101 0
-1085 -1102 0
-1086 -1087 0
-1086 -1088 0
-1086 -1089 0
-1086 -1090 0
-1086 -1091 0
-1086 -1092 0
-1086 -1093 0
-1086 -1094 0
-1086 -1095 0
-1086 -1096 0
-1086 -1097 0
-1086 -1098 0
-1086 -1099 0
-1086 -1100 0
-1086 -1101 0
-1086 -1102 0
-1087 -1088 0
-1087 -1089 0
-1087 -1090 0
-1087 -1091 0
-1087 -1092 0
-1087 -1093 0
-1087 -1094 0
-1087 -1095 0
-1087 -1096 0
-1087 -1097 0
-1087 -1098 0
-1087 -1099 0
-1087 -1100 0
-1087 -1101 0
-1087 -1102 0
-1088 -1089 0
-1088 -1090 0
-1088 -1091 0
-1088 -1092 0
-1088 -1093 0
-1088 -1094 0
-1088 -1095 0
-1088 -1096 0
-1088 -1097 0
-1088 -1098 0
-1088 -1099 0
-1088 -1100 0
-1088 -1101 0
-1088 -1102 0
-1089 -1090 0
-1089 -1091 0
-1089 -1092 0
-1089 -1093 0
-1089 -1094 0
-1089 -1095 0
-1089 -1096 0
-1089 -1097 0
-1089 -1098 0
-1089 -1099 0
-1089 -1100 0
-1089 -1101 0
-1089 -1102 0
-1090 -1091 0
-1090 -1092 0
-1090 -1093 0
-1090 -1094 0
-1090 -1095 0
-1090 -1096 0
-1090 -1097 0
-1090 -1098 0
-1090 -1099 0
-1090 -1100 0
-1090 -1101 0
-1090 -1102 0
-1091 -1092 0
-1091 -1093 0
-1091 -1094 0
-1091 -1095 0
-1091 -1096 0
-1091 -1097 0
-1091 -1098 0
-1091 -1099 0
-1091 -1100 0
-1091 -1101 0
-1091 -1102 0
-1092 -1093 0
-1092 -1094 0
-1092 -1095 0
-1092 -1096 0
-1092 -1097 0
-1092 -1098 0
-1092 -1099 0
-1092 -1100 0
-1092 -1101 0
-1092 -1102 0
-1093 -1094 0
-1093 -1095 0
-1093 -1096 0
-1093 -1097 0
-1093 -1098 0
-1093 -1099 0
-1093 -1100 0
-1093 -1101 0
-1093 -1102 0
-1094 -1095 0
-1094 -1096 0
-1094 -1097 0
-1094 -1098 0
-1094 -1099 0
-1094 -1100 0
-1094 -1101 0
-1094 -1102 0
-1095 -1096 0
-1095 -1097 0
-1095 -1098 0
-1095 -1099 0
-1095 -1100 0
-1095 -1101 0
-1095 -1102 0
-1096 -1097 0
-1096 -1098 0
-1096 -1099 0
-1096 -1100 0
-1096 -1101 0
-1096 -1102 0
-1097 -1098 0
-1097 -1099 0
-1097 -1100 0
-1097 -1101 0
-1097 -1102 0
-1098 -1099 0
-1098 -1100 0
-1098 -1101 0
-1098 -1102 0
-1099 -1100 0
-1099 -1101 0
-1099 -1102 0
-1100 -1101 0
-1100 -1102 0
-1101 -1102 0
-1103 -1104 0
-1103 -1105 0
-1103 -1106 0
-1103 -1107 0
-1103 -1108 0
-1103 -1109 0
-1103 -1110 0
-1103 -1111 0
-1103 -1112 0
-1103 -1113 0
-1103 -1114 0
-1103 -1115 0
-1103 -1116 0
-1103 -1117 0
-1103 -1118 0
-1103 -1119 0
-1103 -1120 0
-1103 -1121 0
-1103 -1122 0
-1103 -1123 0
-1103 -1124 0
-1103 -1125 0
-1103 -1126 0
-1103 -1127 0
-1103 -1128 0
-1103 -1129 0
-1103 -1130 0
-1103 -1131 0
-1103 -1132 0
-1103 -1133 0
-1103 -1134 0
-1103 -1135 0
-1103 -1136 0
-1103 -1137 0
-1103 -1138 0
-1103 -1139 0
-1103 -1140 0
-1104 -1105 0
-1104 -1106 0
-1104 -1107 0
-1104 -1108 0
-1104 -1109 0
-1104 -1110 0
-1104 -1111 0
-1104 -1112 0
-1104 -1113 0
-1104 -1114 0
-1104 -1115 0
-1104 -1116 0
-1104 -1117 0
-1104 -1118 0
-1104 -1119 0
-1104 -1120 0
-1104 -1121 0
-1104 -1122 0
-1104 -1123 0
-1104 -1124 0
-1104 -1125 0
-1104 -1126 0
-1104 -1127 0
-1104 -1128 0
-1104 -1129 0
-1104 -1130 0
-1104 -1131 0
-1104 -1132 0
-1104 -1133 0
-1104 -1134 0
-1104 -1135 0
-1104 -1136 0
-1104 -1137 0
-1104 -1138 0
-1104 -1139 0
-1104 -1140 0
-1105 -1106 0
-1105 -1107 0
-1105 -1108 0
-1105 -1109 0
-1105 -1110 0
-1105 -1111 0
-1105 -1112 0
-1105 -1113 0
-1105 -1114 0
-1105 -1115 0
-1105 -1116 0
-1105 -1117 0
-1105 -1118 0
-1105 -1119 0
-1105 -1120 0
-1105 -1121 0
-1105 -1122 0
-1105 -1123 0
-1105 -1124 0
-1105 -1125 0
-1105 -1126 0
-1105 -1127 0
-1105 -1128 0
-1105 -1129 0
-1105 -1130 0
-1105 -1131 0
-1105 -1132 0
-1105 -1133 0
-1105 -1134 0
-1105 -1135 0
-1105 -1136 0
-1105 -1137 0
-1105 -1138 0
-1105 -1139 0
-1105 -1140 0
-1106 -1107 0
-1106 -1108 0
-1106 -1109 0
-1106 -1110 0
-1106 -1111 0
-1106 -1112 0
-1106 -1113 0
-1106 -1114 0
-1106 -1115 0
-1106 -1116 0
-1106 -1117 0
-1106 -1118 0
-1106 -1119 0
-1106 -1120 0
-1106 -1121 0
-1106 -1122 0
-1106 -1123 0
-1106 -1124 0
-1106 -1125 0
-1106 -1126 0
-1106 -1127 0
-1106 -1128 0
-1106 -1129 0
-1106 -1130 0
-1106 -1131 0
-1106 -1132 0
-1106 -1133 0
-1106 -1134 0
-1106 -1135 0
-1106 -1136 0
-1106 -1137 0
-1106 -1138 0
-1106 -1139 0
-1106 -1140 0
-1107 -1108 0
-1107 -1109 0
-1107 -1110 0
-1107 -1111 0
-1107 -1112 0
-1107 -1113 0
-1107 -1114 0
-1107 -1115 0
-1107 -1116 0
-1107 -1117 0
-1107 -1118 0
-1107 -1119 0
-1107 -1120 0
-1107 -1121 0
-1107 -1122 0
-1107 -1123 0
-1107 -1124 0
-1107 -1125 0
-1107 -1126 0
-1107 -1127 0
-1107 -1128 0
-1107 -1129 0
-1107 -1130 0
-1107 -1131 0
-1107 -1132 0
-1107 -1133 0
-1107 -1134 0
-1107 -1135 0
-1107 -1136 0
-1107 -1137 0
-1107 -1138 0
-1107 -1139 0
-1107 -1140 0
-1108 -1109 0
-1108 -1110 0
-1108 -1111 0
-1108 -1112 0
-1108 -1113 0
-1108 -1114 0
-1108 -1115 0
-1108 -1116 0
-1108 -1117 0
-1108 -1118 0
-1108 -1119 0
-1108 -1120 0
-1108 -1121 0
-1108 -1122 0
-1108 -1123 0
-1108 -1124 0
-1108 -1125 0
-1108 -1126 0
-1108 -1127 0
-1108 -1128 0
-1108 -1129 0
-1108 -1130 0
-1108 -1131 0
-1108 -1132 0
-1108 -1133 0
-1108 -1134 0
-1108 -1135 0
-1108 -1136 0
-1108 -1137 0
-1108 -1138 0
-1108 -1139 0
-1108 -1140 0
-1109 -1110 0
-1109 -1111 0
-1109 -1112 0
-1109 -1113 0
-1109 -1114 0
-1109 -1115 0
-1109 -1116 0
-1109 -1117 0
-1109 -1118 0
-1109 -1119 0
-1109 -1120 0
-1109 -1121 0
-1109 -1122 0
-1109 -1123 0
-1109 -1124 0
-1109 -1125 0
-1109 -1126 0
-1109 -1127 0
-1109 -1128 0
-1109 -1129 0
-1109 -1130 0
-1109 -1131 0
-1109 -1132 0
-1109 -1133 0
-1109 -1134 0
-1109 -1135 0
-1109 -1136 0
-1109 -1137 0
-1109 -1138 0
-1109 -1139 0
-1109 -1140 0
-1110 -1111 0
-1110 -1112 0
-1110 -1113 0
-1110 -1114 0
-1110 -1115 0
-1110 -1116 0
-1110 -1117 0
-1110 -1118 0
-1110 -1119 0
-1110 -1120 0
-1110 -1121 0
-1110 -1122 0
-1110 -1123 0
-1110 -1124 0
-1110 -1125 0
-1110 -1126 0
-1110 -1127 0
-1110 -1128 0
-1110 -1129 0
-1110 -1130 0
-1110 -1131 0
-1110 -1132 0
-1110 -1133 0
-1110 -1134 0
-1110 -1135 0
-1110 -1136 0
-1110 -1137 0
-1110 -1138 0
-1110 -1139 0
-1110 -1140 0
-1111 -1112 0
-1111 -1113 0
-1111 -1114 0
-1111 -1115 0
-1111 -1116 0
-1111 -1117 0
-1111 -1118 0
-1111 -1119 0
-1111 -1120 0
-1111 -1121 0
-1111 -1122 0
-1111 -1123 0
-1111 -1124 0
-1111 -1125 0
-1111 -1126 0
-1111 -1127 0
-1111 -1128 0
-1111 -1129 0
-1111 -1130 0
-1111 -1131 0
-1111 -1132 0
-1111 -1133 0
-1111 -1134 0
-1111 -1135 0
-1111 -1136 0
-1111 -1137 0
-1111 -1138 0
-1111 -1139 0
-1111 -1140 0
-1112 -1113 0
-1112 -1114 0
-1112 -1115 0
-1112 -1116 0
-1112 -1117 0
-1112 -1118 0
-1112 -1119 0
-1112 -1120 0
-1112 -1121 0
-1112 -1122 0
-1112 -1123 0
-1112 -1124 0
-1112 -1125 0
-1112 -1126 0
-1112 -1127 0
-1112 -1128 0
-1112 -1129 0
-1112 -1130 0
-1112 -1131 0
-1112 -1132 0
-1112 -1133 0
-1112 -1134 0
-1112 -1135 0
-1112 -1136 0
-1112 -1137 0
-1112 -1138 0
-1112 -1139 0
-1112 -1140 0
-1113 -1114 0
-1113 -1115 0
-1113 -1116 0
-1113 -1117 0
-1113 -1118 0
-1113 -1119 0
-1113 -1120 0
-1113 -1121 0
-1113 -1122 0
-1113 -1123 0
-1113 -1124 0
-1113 -1125 0
-1113 -1126 0
-1113 -1127 0
-1113 -1128 0
-1113 -1129 0
-1113 -1130 0
-1113 -1131 0
-1113 -1132 0
-1113 -1133 0
-1113 -1134 0
-1113 -1135 0
-1113 -1136 0
-1113 -1137 0
-1113 -1138 0
-1113 -1139 0
-1113 -1140 0
-1114 -1115 0
-1114 -1116 0
-1114 -1117 0
-1114 -1118 0
-1114 -1119 0
-1114 -1120 0
-1114 -1121 0
-1114 -1122 0
-1114 -1123 0
-1114 -1124 0
-1114 -1125 0
-1114 -1126 0
-1114 -1127 0
-1114 -1128 0
-1114 -1129 0
-1114 -1130 0
-1114 -1131 0
-1114 -1132 0
-1114 -1133 0
-1114 -1134 0
-1114 -1135 0
-1114 -1136 0
-1114 -1137 0
-1114 -1138 0
-1114 -1139 0
-1114 -1140 0
-1115 -1116 0
-1115 -1117 0
-1115 -1118 0
-1115 -1119 0
-1115 -1120 0
-1115 -1121 0
-1115 -1122 0
-1115 -1123 0
-1115 -1124 0
-1115 -1125 0
-1115 -1126 0
-1115 -1127 0
-1115 -1128 0
-1115 -1129 0
-1115 -1130 0
-1115 -1131 0
-1115 -1132 0
-1115 -1133 0
-1115 -1134 0
-1115 -1135 0
-1115 -1136 0
-1115 -1137 0
-1115 -1138 0
-1115 -1139 0
-1115 -1140 0
-1116 -1117 0
-1116 -1118 0
-1116 -1119 0
-1116 -1120 0
-1116 -1121 0
-1116 -1122 0
-1116 -1123 0
-1116 -1124 0
-1116 -1125 0
-1116 -1126 0
-1116 -1127 0
-1116 -1128 0
-1116 -1129 0
-1116 -1130 0
-1116 -1131 0
-1116 -1132 0
-1116 -1133 0
-1116 -1134 0
-1116 -1135 0
-1116 -1136 0
-1116 -1137 0
-1116 -1138 0
-1116 -1139 0
-1116 -1140 0
-1117 -1118 0
-1117 -1119 0
-1117 -1120 0
-1117 -1121 0
-1117 -1122 0
-1117 -1123 0
-1117 -1124 0
-1117 -1125 0
-1117 -1126 0
-1117 -1127 0
-1117 -1128 0
-1117 -1129 0
-1117 -1130 0
-1117 -1131 0
-1117 -1132 0
-1117 -1133 0
-1117 -1134 0
-1117 -1135 0
-1117 -1136 0
-1117 -1137 0
-1117 -1138 0
-1117 -1139 0
-1117 -1140 0
-1118 -1119 0
-1118 -1120 0
-1118 -1121 0
-1118 -1122 0
-1118 -1123 0
-1118 -1124 0
-1118 -1125 0
-1118 -1126 0
-1118 -1127 0
-1118 -1128 0
-1118 -1129 0
-1118 -1130 0
-1118 -1131 0
-1118 -1132 0
-1118 -1133 0
-1118 -1134 0
-1118 -1135 0
-1118 -1136 0
-1118 -1137 0
-1118 -1138 0
-1118 -1139 0
-1118 -1140 0
-1119 -1120 0
-1119 -1121 0
-1119 -1122 0
-1119 -1123 0
-1119 -1124 0
-1119 -1125 0
-1119 -1126 0
-1119 -1127 0
-1119 -1128 0
-1119 -1129 0
-1119 -1130 0
-1119 -1131 0
-1119 -1132 0
-1119 -1133 0
-1119 -1134 0
-1119 -1135 0
-1119 -1136 0
-1119 -1137 0
-1119 -1138 0
-1119 -1139 0
-1119 -1140 0
-1120 -1121 0
-1120 -1122 0
-1120 -1123 0
-1120 -1124 0
-1120 -1125 0
-1120 -1126 0
-1120 -1127 0
-1120 -1128 0
-1120 -1129 0
-1120 -1130 0
-1120 -1131 0
-1120 -1132 0
-1120 -1133 0
-1120 -1134 0
-1120 -1135 0
-1120 -1136 0
-1120 -1137 0
-1120 -1138 0
-1120 -1139 0
-1120 -1140 0
-1121 -1122 0
-1121 -1123 0
-1121 -1124 0
-1121 -1125 0
-1121 -1126 0
-1121 -1127 0
-1121 -1128 0
-1121 -1129 0
-1121 -1130 0
-1121 -1131 0
-1121 -1132 0
-1121 -1133 0
-1121 -1134 0
-1121 -1135 0
-1121 -1136 0
-1121 -1137 0
-1121 -1138 0
-1121 -1139 0
-1121 -1140 0
-1122 -1123 0
-1122 -1124 0
-1122 -1125 0
-1122 -1126 0
-1122 -1127 0
-1122 -1128 0
-1122 -1129 0
-1122 -1130 0
-1122 -1131 0
-1122 -1132 0
-1122 -1133 0
-1122 -1134 0
-1122 -1135 0
-1122 -1136 0
-1122 -1137 0
-1122 -1138 0
-1122 -1139 0
-1122 -1140 0
-1123 -1124 0
-1123 -1125 0
-1123 -1126 0
-1123 -1127 0
-1123 -1128 0
-1123 -1129 0
-1123 -1130 0
-1123 -1131 0
-1123 -1132 0
-1123 -1133 0
-1123 -1134 0
-1123 -1135 0
-1123 -1136 0
-1123 -1137 0
-1123 -1138 0
-1123 -1139 0
-1123 -1140 0
-1124 -1125 0
-1124 -1126 0
-1124 -1127 0
-1124 -1128 0
-1124 -1129 0
-1124 -1130 0
-1124 -1131 0
-1124 -1132 0
-1124 -1133 0
-1124 -1134 0
-1124 -1135 0
-1124 -1136 0
-1124 -1137 0
-1124 -1138 0
-1124 -1139 0
-1124 -1140 0
-1125 -1126 0
-1125 -1127 0
-1125 -1128 0
-1125 -1129 0
-1125 -1130 0
-1125 -1131 0
-1125 -1132 0
-1125 -1133 0
-1125 -1134 0
-1125 -1135 0
-1125 -1136 0
-1125 -1137 0
-1125 -1138 0
-1125 -1139 0
-1125 -1140 0
-1126 -1127 0
-1126 -1128 0
-1126 -1129 0
-1126 -1130 0
-1126 -1131 0
-1126 -1132 0
-1126 -1133 0
-1126 -1134 0
-1126 -1135 0
-1126 -1136 0
-1126 -1137 0
-1126 -1138 0
-1126 -1139 0
-1126 -1140 0
-1127 -1128 0
-1127 -1129 0
-1127 -1130 0
-1127 -1131 0
-1127 -1132 0
-1127 -1133 0
-1127 -1134 0
-1127 -1135 0
-1127 -1136 0
-1127 -1137 0
-1127 -1138 0
-1127 -1139 0
-1127 -1140 0
-1128 -1129 0
-1128 -1130 0
-1128 -1131 0
-1128 -1132 0
-1128 -1133 0
-1128 -1134 0
-1128 -1135 0
-1128 -1136 0
-1128 -1137 0
-1128 -1138 0
-1128 -1139 0
-1128 -1140 0
-1129 -1130 0
-1129 -1131 0
-1129 -1132 0
-1129 -1133 0
-1129 -1134 0
-1129 -1135 0
-1129 -1136 0
-1129 -1137 0
-1129 -1138 0
-1129 -1139 0
-1129 -1140 0
-1130 -1131 0
-1130 -1132 0
-1130 -1133 0
-1130 -1134 0
-1130 -1135 0
-1130 -1136 0
-1130 -1137 0
-1130 -1138 0
-1130 -1139 0
-1130 -1140 0
-1131 -1132 0
-1131 -1133 0
-1131 -1134 0
-1131 -1135 0
-1131 -1136 0
-1131 -1137 0
-1131 -1138 0
-1131 -1139 0
-1131 -1140 0
-1132 -1133 0
-1132 -1134 0
-1132 -1135 0
-1132 -1136 0
-1132 -1137 0
-1132 -1138 0
-1132 -1139 0
-1132 -1140 0
-1133 -1134 0
-1133 -1135 0
-1133 -1136 0
-1133 -1137 0
-1133 -1138 0
-1133 -1139 0
-1133 -1140 0
-1134 -1135 0
-1134 -1136 0
-1134 -1137 0
-1134 -1138 0
-1134 -1139 0
-1134 -1140 0
-1135 -1136 0
-1135 -1137 0
-1135 -1138 0
-1135 -1139 0
-1135 -1140 0
-1136 -1137 0
-1136 -1138 0
-1136 -1139 0
-1136 -1140 0
-1137 -1138 0
-1137 -1139 0
-1137 -1140 0
-1138 -1139 0
-1138 -1140 0
-1139 -1140 0
-1141 -1142 0
-1141 -1143 0
-1141 -1144 0
-1141 -1145 0
-1141 -1146 0
-1141 -1147 0
-1141 -1148 0
-1141 -1149 0
-1141 -1150 0
-1141 -1151 0
-1141 -1152 0
-1141 -1153 0
-1141 -1154 0
-1141 -1155 0
-1141 -1156 0
-1141 -1157 0
-1141 -1158 0
-1141 -1159 0
-1141 -1160 0
-1141 -1161 0
-1141 -1162 0
-1141 -1163 0
-1141 -1164 0
-1141 -1165 0
-1141 -1166 0
-1141 -1167 0
-1141 -1168 0
-1141 -1169 0
-1141 -1170 0
-1141 -1171 0
-1141 -1172 0
-1141 -1173 0
-1141 -1174 0
-1141 -1175 0
-1141 -1176 0
-1141 -1177 0
-1141 -1178 0
-1142 -1143 0
-1142 -1144 0
-1142 -1145 0
-1142 -1146 0
-1142 -1147 0
-1142 -1148 0
-1142 -1149 0
-1142 -1150 0
-1142 -1151 0
-1142 -1152 0
-1142 -1153 0
-1142 -1154 0
-1142 -1155 0
-1142 -1156 0
-1142 -1157 0
-1142 -1158 0
-1142 -1159 0
-1142 -1160 0
-1142 -1161 0
-1142 -1162 0
-1142 -1163 0
-1142 -1164 0
-1142 -1165 0
-1142 -1166 0
-1142 -1167 0
-1142 -1168 0
-1142 -1169 0
-1142 -1170 0
-1142 -1171 0
-1142 -1172 0
-1142 -1173 0
-1142 -1174 0
-1142 -1175 0
-1142 -1176 0
-1142 -1177 0
-1142 -1178 0
-1143 -1144 0
-1143 -1145 0
-1143 -1146 0
-1143 -1147 0
-1143 -1148 0
-1143 -1149 0
-1143 -1150 0
-1143 -1151 0
-1143 -1152 0
-1143 -1153 0
-1143 -1154 0
-1143 -1155 0
-1143 -1156 0
-1143 -1157 0
-1143 -1158 0
-1143 -1159 0
-1143 -1160 0
-1143 -1161 0
-1143 -1162 0
-1143 -1163 0
-1143 -1164 0
-1143 -1165 0
-1143 -1166 0
-1143 -1167 0
-1143 -1168 0
-1143 -1169 0
-1143 -1170 0
-1143 -1171 0
-1143 -1172 0
-1143 -1173 0
-1143 -1174 0
-1143 -1175 0
-1143 -1176 0
-1143 -1177 0
-1143 -1178 0
-1144 -1145 0
-1144 -1146 0
-1144 -1147 0
-1144 -1148 0
-1144 -1149 0
-1144 -1150 0
-1144 -1151 0
-1144 -1152 0
-1144 -1153 0
-1144 -1154 0
-1144 -1155 0
-1144 -1156 0
-1144 -1157 0
-1144 -1158 0
-1144 -1159 0
-1144 -1160 0
-1144 -1161 0
-1144 -1162 0
-1144 -1163 0
-1144 -1164 0
-1144 -1165 0
-1144 -1166 0
-1144 -1167 0
-1144 -1168 0
-1144 -1169 0
-1144 -1170 0
-1144 -1171 0
-1144 -1172 0
-1144 -1173 0
-1144 -1174 0
-1144 -1175 0
-1144 -1176 0
-1144 -1177 0
-1144 -1178 0
-1145 -1146 0
-1145 -1147 0
-1145 -1148 0
-1145 -1149 0
-1145 -1150 0
-1145 -1151 0
-1145 -1152 0
-1145 -1153 0
-1145 -1154 0
-1145 -1155 0
-1145 -1156 0
-1145 -1157 0
-1145 -1158 0
-1145 -1159 0
-1145 -1160 0
-1145 -1161 0
-1145 -1162 0
-1145 -1163 0
-1145 -1164 0
-1145 -1165 0
-1145 -1166 0
-1145 -1167 0
-1145 -1168 0
-1145 -1169 0
-1145 -1170 0
-1145 -1171 0
-1145 -1172 0
-1145 -1173 0
-1145 -1174 0
-1145 -1175 0
-1145 -1176 0
-1145 -1177 0
-1145 -1178 0
-1146 -1147 0
-1146 -1148 0
-1146 -1149 0
-1146 -1150 0
-1146 -1151 0
-1146 -1152 0
-1146 -1153 0
-1146 -1154 0
-1146 -1155 0
-1146 -1156 0
-1146 -1157 0
-1146 -1158 0
-1146 -1159 0
-1146 -1160 0
-1146 -1161 0
-1146 -1162 0
-1146 -1163 0
-1146 -1164 0
-1146 -1165 0
-1146 -1166 0
-1146 -1167 0
-1146 -1168 0
-1146 -1169 0
-1146 -1170 0
-1146 -1171 0
-1146 -1172 0
-1146 -1173 0
-1146 -1174 0
-1146 -1175 0
-1146 -1176 0
-1146 -1177 0
-1146 -1178 0
-1147 -1148 0
-1147 -1149 0
-1147 -1150 0
-1147 -1151 0
-1147 -1152 0
-1147 -1153 0
-1147 -1154 0
-1147 -1155 0
-1147 -1156 0
-1147 -1157 0
-1147 -1158 0
-1147 -1159 0
-1147 -1160 0
-1147 -1161 0
-1147 -1162 0
-1147 -1163 0
-1147 -1164 0
-1147 -1165 0
-1147 -1166 0
-1147 -1167 0
-1147 -1168 0
-1147 -1169 0
-1147 -1170 0
-1147 -1171 0
-1147 -1172 0
-1147 -1173 0
-1147 -1174 0
-1147 -1175 0
-1147 -1176 0
-1147 -1177 0
-1147 -1178 0
-1148 -1149 0
-1148 -1150 0
-1148 -1151 0
-1148 -1152 0
-1148 -1153 0
-1148 -1154 0
-1148 -1155 0
-1148 -1156 0
-1148 -1157 0
-1148 -1158 0
-1148 -1159 0
-1148 -1160 0
-1148 -1161 0
-1148 -1162 0
-1148 -1163 0
-1148 -1164 0
-1148 -1165 0
-1148 -1166 0
-1148 -1167 0
-1148 -1168 0
-1148 -1169 0
-1148 -1170 0
-1148 -1171 0
-1148 -1172 0
-1148 -1173 0
-1148 -1174 0
-1148 -1175 0
-1148 -1176 0
-1148 -1177 0
-1148 -1178 0
-1149 -1150 0
-1149 -1151 0
-1149 -1152 0
-1149 -1153 0
-1149 -1154 0
-1149 -1155 0
-1149 -1156 0
-1149 -1157 0
-1149 -1158 0
-1149 -1159 0
-1149 -1160 0
-1149 -1161 0
-1149 -1162 0
-1149 -1163 0
-1149 -1164 0
-1149 -1165 0
-1149 -1166 0
-1149 -1167 0
-1149 -1168 0
-1149 -1169 0
-1149 -1170 0
-1149 -1171 0
-1149 -1172 0
-1149 -1173 0
-1149 -1174 0
-1149 -1175 0
-1149 -1176 0
-1149 -1177 0
-1149 -1178 0
-1150 -1151 0
-1150 -1152 0
-1150 -1153 0
-1150 -1154 0
-1150 -1155 0
-1150 -1156 0
-1150 -1157 0
-1150 -1158 0
-1150 -1159 0
-1150 -1160 0
-1150 -1161 0
-1150 -1162 0
-1150 -1163 0
-1150 -1164 0
-1150 -1165 0
-1150 -1166 0
-1150 -1167 0
-1150 -1168 0
-1150 -1169 0
-1150 -1170 0
-1150 -1171 0
-1150 -1172 0
-1150 -1173 0
-1150 -1174 0
-1150 -1175 0
-1150 -1176 0
-1150 -1177 0
-1150 -1178 0
-1151 -1152 0
-1151 -1153 0
-1151 -1154 0
-1151 -1155 0
-1151 -1156 0
-1151 -1157 0
-1151 -1158 0
-1151 -1159 0
-1151 -1160 0
-1151 -1161 0
-1151 -1162 0
-1151 -1163 0
-1151 -1164 0
-1151 -1165 0
-1151 -1166 0
-1151 -1167 0
-1151 -1168 0
-1151 -1169 0
-1151 -1170 0
-1151 -1171 0
-1151 -1172 0
-1151 -1173 0
-1151 -1174 0
-1151 -1175 0
-1151 -1176 0
-1151 -1177 0
-1151 -1178 0
-1152 -1153 0
-1152 -1154 0
-1152 -1155 0
-1152 -1156 0
-1152 -1157 0
-1152 -1158 0
-1152 -1159 0
-1152 -1160 0
-1152 -1161 0
-1152 -1162 0
-1152 -1163 0
-1152 -1164 0
-1152 -1165 0
-1152 -1166 0
-1152 -1167 0
-1152 -1168 0
-1152 -1169 0
-1152 -1170 0
-1152 -1171 0
-1152 -1172 0
-1152 -1173 0
-1152 -1174 0
-1152 -1175 0
-1152 -1176 0
-1152 -1177 0
-1152 -1178 0
-1153 -1154 0
-1153 -1155 0
-1153 -1156 0
-1153 -1157 0
-1153 -1158 0
-1153 -1159 0
-1153 -1160 0
-1153 -1161 0
-1153 -1162 0
-1153 -1163 0
-1153 -1164 0
-1153 -1165 0
-1153 -1166 0
-1153 -1167 0
-1153 -1168 0
-1153 -1169 0
-1153 -1170 0
-1153 -1171 0
-1153 -1172 0
-1153 -1173 0
-1153 -1174 0
-1153 -1175 0
-1153 -1176 0
-1153 -1177 0
-1153 -1178 0
-1154 -1155 0
-1154 -1156 0
-1154 -1157 0
-1154 -1158 0
-1154 -1159 0
-1154 -1160 0
-1154 -1161 0
-1154 -1162 0
-1154 -1163 0
-1154 -1164 0
-1154 -1165 0
-1154 -1166 0
-1154 -1167 0
-1154 -1168 0
-1154 -1169 0
-1154 -1170 0
-1154 -1171 0
-1154 -1172 0
-1154 -1173 0
-1154 -1174 0
-1154 -1175 0
-1154 -1176 0
-1154 -1177 0
-1154 -1178 0
-1155 -1156 0
-1155 -1157 0
-1155 -1158 0
-1155 -1159 0
-1155 -1160 0
-1155 -1161 0
-1155 -1162 0
-1155 -1163 0
-1155 -1164 0
-1155 -1165 0
-1155 -1166 0
-1155 -1167 0
-1155 -1168 0
-1155 -1169 0
-1155 -1170 0
-1155 -1171 0
-1155 -1172 0
-1155 -1173 0
-1155 -1174 0
-1155 -1175 0
-1155 -1176 0
-1155 -1177 0
-1155 -1178 0
-1156 -1157 0
-1156 -1158 0
-1156 -1159 0
-1156 -1160 0
-1156 -1161 0
-1156 -1162 0
-1156 -1163 0
-1156 -1164 0
-1156 -1165 0
-1156 -1166 0
-1156 -1167 0
-1156 -1168 0
-1156 -1169 0
-1156 -1170 0
-1156 -1171 0
-1156 -1172 0
-1156 -1173 0
-1156 -1174 0
-1156 -1175 0
-1156 -1176 0
-1156 -1177 0
-1156 -1178 0
-1157 -1158 0
-1157 -1159 0
-1157 -1160 0
-1157 -1161 0
-1157 -1162 0
-1157 -1163 0
-1157 -1164 0
-1157 -1165 0
-1157 -1166 0
-1157 -1167 0
-1157 -1168 0
-1157 -1169 0
-1157 -1170 0
-1157 -1171 0
-1157 -1172 0
-1157 -1173 0
-1157 -1174 0
-1157 -1175 0
-1157 -1176 0
-1157 -1177 0
-1157 -1178 0
-1158 -1159 0
-1158 -1160 0
-1158 -1161 0
-1158 -1162 0
-1158 -1163 0
-1158 -1164 0
-1158 -1165 0
-1158 -1166 0
-1158 -1167 0
-1158 -1168 0
-1158 -1169 0
-1158 -1170 0
-1158 -1171 0
-1158 -1172 0
-1158 -1173 0
-1158 -1174 0
-1158 -1175 0
-1158 -1176 0
-1158 -1177 0
-1158 -1178 0
-1159 -1160 0
-1159 -1161 0
-1159 -1162 0
-1159 -1163 0
-1159 -1164 0
-1159 -1165 0
-1159 -1166 0
-1159 -1167 0
-1159 -1168 0
-1159 -1169 0
-1159 -1170 0
-1159 -1171 0
-1159 -1172 0
-1159 -1173 0
-1159 -1174 0
-1159 -1175 0
-1159 -1176 0
-1159 -1177 0
-1159 -1178 0
-1160 -1161 0
-1160 -1162 0
-1160 -1163 0
-1160 -1164 0
-1160 -1165 0
-1160 -1166 0
-1160 -1167 0
-1160 -1168 0
-1160 -1169 0
-1160 -1170 0
-1160 -1171 0
-1160 -1172 0
-1160 -1173 0
-1160 -1174 0
-1160 -1175 0
-1160 -1176 0
-1160 -1177 0
-1160 -1178 0
-1161 -1162 0
-1161 -1163 0
-1161 -1164 0
-1161 -1165 0
-1161 -1166 0
-1161 -1167 0
-1161 -1168 0
-1161 -1169 0
-1161 -1170 0
-1161 -1171 0
-1161 -1172 0
-1161 -1173 0
-1161 -1174 0
-1161 -1175 0
-1161 -1176 0
-1161 -1177 0
-1161 -1178 0
-1162 -1163 0
-1162 -1164 0
-1162 -1165 0
-1162 -1166 0
-1162 -1167 0
-1162 -1168 0
-1162 -1169 0
-1162 -1170 0
-1162 -1171 0
-1162 -1172 0
-1162 -1173 0
-1162 -1174 0
-1162 -1175 0
-1162 -1176 0
-1162 -1177 0
-1162 -1178 0
-1163 -1164 0
-1163 -1165 0
-1163 -1166 0
-1163 -1167 0
-1163 -1168 0
-1163 -1169 0
-1163 -1170 0
-1163 -1171 0
-1163 -1172 0
-1163 -1173 0
-1163 -1174 0
-1163 -1175 0
-1163 -1176 0
-1163 -1177 0
-1163 -1178 0
-1164 -1165 0
-1164 -1166 0
-1164 -1167 0
-1164 -1168 0
-1164 -1169 0
-1164 -1170 0
-1164 -1171 0
-1164 -1172 0
-1164 -1173 0
-1164 -1174 0
-1164 -1175 0
-1164 -1176 0
-1164 -1177 0
-1164 -1178 0
-1165 -1166 0
-1165 -1167 0
-1165 -1168 0
-1165 -1169 0
-1165 -1170 0
-1165 -1171 0
-1165 -1172 0
-1165 -1173 0
-1165 -1174 0
-1165 -1175 0
-1165 -1176 0
-1165 -1177 0
-1165 -1178 0
-1166 -1167 0
-1166 -1168 0
-1166 -1169 0
-1166 -1170 0
-1166 -1171 0
-1166 -1172 0
-1166 -1173 0
-1166 -1174 0
-1166 -1175 0
-1166 -1176 0
-1166 -1177 0
-1166 -1178 0
-1167 -1168 0
-1167 -1169 0
-1167 -1170 0
-1167 -1171 0
-1167 -1172 0
-1167 -1173 0
-1167 -1174 0
-1167 -1175 0
-1167 -1176 0
-1167 -1177 0
-1167 -1178 0
-1168 -1169 0
-1168 -1170 0
-1168 -1171 0
-1168 -1172 0
-1168 -1173 0
-1168 -1174 0
-1168 -1175 0
-1168 -1176 0
-1168 -1177 0
-1168 -1178 0
-1169 -1170 0
-1169 -1171 0
-1169 -1172 0
-1169 -1173 0
-1169 -1174 0
-1169 -1175 0
-1169 -1176 0
-1169 -1177 0
-1169 -1178 0
-1170 -1171 0
-1170 -1172 0
-1170 -1173 0
-1170 -1174 0
-1170 -1175 0
-1170 -1176 0
-1170 -1177 0
-1170 -1178 0
-1171 -1172 0
-1171 -1173 0
-1171 -1174 0
-1171 -1175 0
-1171 -1176 0
-1171 -1177 0
-1171 -1178 0
-1172 -1173 0
-1172 -1174 0
-1172 -1175 0
-1172 -1176 0
-1172 -1177 0
-1172 -1178 0
-1173 -1174 0
-1173 -1175 0
-1173 -1176 0
-1173 -1177 0
-1173 -1178 0
-1174 -1175 0
-1174 -1176 0
-1174 -1177 0
-1174 -1178 0
-1175 -1176 0
-1175 -1177 0
-1175 -1178 0
-1176 -1177 0
-1176 -1178 0
-1177 -1178 0
-1179 -1180 0
-1179 -1181 0
-1179 -1182 0
-1179 -1183 0
-1179 -1184 0
-1179 -1185 0
-1179 -1186 0
-1179 -1187 0
-1179 -1188 0
-1179 -1189 0
-1179 -1190 0
-1179 -1191 0
-1179 -1192 0
-1179 -1193 0
-1179 -1194 0
-1179 -1195 0
-1179 -1196 0
-1179 -1197 0
-1179 -1198 0
-1179 -1199 0
-1179 -1200 0
-1179 -1201 0
-1179 -1202 0
-1179 -1203 0
-1179 -1204 0
-1179 -1205 0
-1179 -1206 0
-1179 -1207 0
-1179 -1208 0
-1179 -1209 0
-1179 -1210 0
-1179 -1211 0
-1179 -1212 0
-1179 -1213 0
-1179 -1214 0
-1179 -1215 0
-1179 -1216 0
-1180 -1181 0
-1180 -1182 0
-1180 -1183 0
-1180 -1184 0
-1180 -1185 0
-1180 -1186 0
-1180 -1187 0
-1180 -1188 0
-1180 -1189 0
-1180 -1190 0
-1180 -1191 0
-1180 -1192 0
-1180 -1193 0
-1180 -1194 0
-1180 -1195 0
-1180 -1196 0
-1180 -1197 0
-1180 -1198 0
-1180 -1199 0
-1180 -1200 0
-1180 -1201 0
-1180 -1202 0
-1180 -1203 0
-1180 -1204 0
-1180 -1205 0
-1180 -1206 0
-1180 -1207 0
-1180 -1208 0
-1180 -1209 0
-1180 -1210 0
-1180 -1211 0
-1180 -1212 0
-1180 -1213 0
-1180 -1214 0
-1180 -1215 0
-1180 -1216 0
-1181 -1182 0
-1181 -1183 0
-1181 -1184 0
-1181 -1185 0
-1181 -1186 0
-1181 -1187 0
-1181 -1188 0
-1181 -1189 0
-1181 -1190 0
-1181 -1191 0
-1181 -1192 0
-1181 -1193 0
-1181 -1194 0
-1181 -1195 0
-1181 -1196 0
-1181 -1197 0
-1181 -1198 0
-1181 -1199 0
-1181 -1200 0
-1181 -1201 0
-1181 -1202 0
-1181 -1203 0
-1181 -1204 0
-1181 -1205 0
-1181 -1206 0
-1181 -1207 0
-1181 -1208 0
-1181 -1209 0
-1181 -1210 0
-1181 -1211 0
-1181 -1212 0
-1181 -1213 0
-1181 -1214 0
-1181 -1215 0
-1181 -1216 0
-1182 -1183 0
-1182 -1184 0
-1182 -1185 0
-1182 -1186 0
-1182 -1187 0
-1182 -1188 0
-1182 -1189 0
-1182 -1190 0
-1182 -1191 0
-1182 -1192 0
-1182 -1193 0
-1182 -1194 0
-1182 -1195 0
-1182 -1196 0
-1182 -1197 0
-1182 -1198 0
-1182 -1199 0
-1182 -1200 0
-1182 -1201 0
-1182 -1202 0
-1182 -1203 0
-1182 -1204 0
-1182 -1205 0
-1182 -1206 0
-1182 -1207 0
-1182 -1208 0
-1182 -1209 0
-1182 -1210 0
-1182 -1211 0
-1182 -1212 0
-1182 -1213 0
-1182 -1214 0
-1182 -1215 0
-1182 -1216 0
-1183 -1184 0
-1183 -1185 0
-1183 -1186 0
-1183 -1187 0
-1183 -1188 0
-1183 -1189 0
-1183 -1190 0
-1183 -1191 0
-1183 -1192 0
-1183 -1193 0
-1183 -1194 0
-1183 -1195 0
-1183 -1196 0
-1183 -1197 0
-1183 -1198 0
-1183 -1199 0
-1183 -1200 0
-1183 -1201 0
-1183 -1202 0
-1183 -1203 0
-1183 -1204 0
-1183 -1205 0
-1183 -1206 0
-1183 -1207 0
-1183 -1208 0
-1183 -1209 0
-1183 -1210 0
-1183 -1211 0
-1183 -1212 0
-1183 -1213 0
-1183 -1214 0
-1183 -1215 0
-1183 -1216 0
-1184 -1185 0
-1184 -1186 0
-1184 -1187 0
-1184 -1188 0
-1184 -1189 0
-1184 -1190 0
-1184 -1191 0
-1184 -1192 0
-1184 -1193 0
-1184 -1194 0
-1184 -1195 0
-1184 -1196 0
-1184 -1197 0
-1184 -1198 0
-1184 -1199 0
-1184 -1200 0
-1184 -1201 0
-1184 -1202 0
-1184 -1203 0
-1184 -1204 0
-1184 -1205 0
-1184 -1206 0
-1184 -1207 0
-1184 -1208 0
-1184 -1209 0
-1184 -1210 0
-1184 -1211 0
-1184 -1212 0
-1184 -1213 0
-1184 -1214 0
-1184 -1215 0
-1184 -1216 0
-1185 -1186 0
-1185 -1187 0
-1185 -1188 0
-1185 -1189 0
-1185 -1190 0
-1185 -1191 0
-1185 -1192 0
-1185 -1193 0
-1185 -1194 0
-1185 -1195 0
-1185 -1196 0
-1185 -1197 0
-1185 -1198 0
-1185 -1199 0
-1185 -1200 0
-1185 -1201 0
-1185 -1202 0
-1185 -1203 0
-1185 -1204 0
-1185 -1205 0
-1185 -1206 0
-1185 -1207 0
-1185 -1208 0
-1185 -1209 0
-1185 -1210 0
-1185 -1211 0
-1185 -1212 0
-1185 -1213 0
-1185 -1214 0
-1185 -1215 0
-1185 -1216 0
-1186 -1187 0
-1186 -1188 0
-1186 -1189 0
-1186 -1190 0
-1186 -1191 0
-1186 -1192 0
-1186 -1193 0
-1186 -1194 0
-1186 -1195 0
-1186 -1196 0
-1186 -1197 0
-1186 -1198 0
-1186 -1199 0
-1186 -1200 0
-1186 -1201 0
-1186 -1202 0
-1186 -1203 0
-1186 -1204 0
-1186 -1205 0
-1186 -1206 0
-1186 -1207 0
-1186 -1208 0
-1186 -1209 0
-1186 -1210 0
-1186 -1211 0
-1186 -1212 0
-1186 -1213 0
-1186 -1214 0
-1186 -1215 0
-1186 -1216 0
-1187 -1188 0
-1187 -1189 0
-1187 -1190 0
-1187 -1191 0
-1187 -1192 0
-1187 -1193 0
-1187 -1194 0
-1187 -1195 0
-1187 -1196 0
-1187 -1197 0
-1187 -1198 0
-1187 -1199 0
-1187 -1200 0
-1187 -1201 0
-1187 -1202 0
-1187 -1203 0
-1187 -1204 0
-1187 -1205 0
-1187 -1206 0
-1187 -1207 0
-1187 -1208 0
-1187 -1209 0
-1187 -1210 0
-1187 -1211 0
-1187 -1212 0
-1187 -1213 0
-1187 -1214 0
-1187 -1215 0
-1187 -1216 0
-1188 -1189 0
-1188 -1190 0
-1188 -1191 0
-1188 -1192 0
-1188 -1193 0
-1188 -1194 0
-1188 -1195 0
-1188 -1196 0
-1188 -1197 0
-1188 -1198 0
-1188 -1199 0
-1188 -1200 0
-1188 -1201 0
-1188 -1202 0
-1188 -1203 0
-1188 -1204 0
-1188 -1205 0
-1188 -1206 0
-1188 -1207 0
-1188 -1208 0
-1188 -1209 0
-1188 -1210 0
-1188 -1211 0
-1188 -1212 0
-1188 -1213 0
-1188 -1214 0
-1188 -1215 0
-1188 -1216 0
-1189 -1190 0
-1189 -1191 0
-1189 -1192 0
-1189 -1193 0
-1189 -1194 0
-1189 -1195 0
-1189 -1196 0
-1189 -1197 0
-1189 -1198 0
-1189 -1199 0
-1189 -1200 0
-1189 -1201 0
-1189 -1202 0
-1189 -1203 0
-1189 -1204 0
-1189 -1205 0
-1189 -1206 0
-1189 -1207 0
-1189 -1208 0
-1189 -1209 0
-1189 -1210 0
-1189 -1211 0
-1189 -1212 0
-1189 -1213 0
-1189 -1214 0
-1189 -1215 0
-1189 -1216 0
-1190 -1191 0
-1190 -1192 0
-1190 -1193 0
-1190 -1194 0
-1190 -1195 0
-1190 -1196 0
-1190 -1197 0
-1190 -1198 0
-1190 -1199 0
-1190 -1200 0
-1190 -1201 0
-1190 -1202 0
-1190 -1203 0
-1190 -1204 0
-1190 -1205 0
-1190 -1206 0
-1190 -1207 0
-1190 -1208 0
-1190 -1209 0
-1190 -1210 0
-1190 -1211 0
-1190 -1212 0
-1190 -1213 0
-1190 -1214 0
-1190 -1215 0
-1190 -1216 0
-1191 -1192 0
-1191 -1193 0
-1191 -1194 0
-1191 -1195 0
-1191 -1196 0
-1191 -1197 0
-1191 -1198 0
-1191 -1199 0
-1191 -1200 0
-1191 -1201 0
-1191 -1202 0
-1191 -1203 0
-1191 -1204 0
-1191 -1205 0
-1191 -1206 0
-1191 -1207 0
-1191 -1208 0
-1191 -1209 0
-1191 -1210 0
-1191 -1211 0
-1191 -1212 0
-1191 -1213 0
-1191 -1214 0
-1191 -1215 0
-1191 -1216 0
-1192 -1193 0
-1192 -1194 0
-1192 -1195 0
-1192 -1196 0
-1192 -1197 0
-1192 -1198 0
-1192 -1199 0
-1192 -1200 0
-1192 -1201 0
-1192 -1202 0
-1192 -1203 0
-1192 -1204 0
-1192 -1205 0
-1192 -1206 0
-1192 -1207 0
-1192 -1208 0
-1192 -1209 0
-1192 -1210 0
-1192 -1211 0
-1192 -1212 0
-1192 -1213 0
-1192 -1214 0
-1192 -1215 0
-1192 -1216 0
-1193 -1194 0
-1193 -1195 0
-1193 -1196 0
-1193 -1197 0
-1193 -1198 0
-1193 -1199 0
-1193 -1200 0
-1193 -1201 0
-1193 -1202 0
-1193 -1203 0
-1193 -1204 0
-1193 -1205 0
-1193 -1206 0
-1193 -1207 0
-1193 -1208 0
-1193 -1209 0
-1193 -1210 0
-1193 -1211 0
-1193 -1212 0
-1193 -1213 0
-1193 -1214 0
-1193 -1215 0
-1193 -1216 0
-1194 -1195 0
-1194 -1196 0
-1194 -1197 0
-1194 -1198 0
-1194 -1199 0
-1194 -1200 0
-1194 -1201 0
-1194 -1202 0
-1194 -1203 0
-1194 -1204 0
-1194 -1205 0
-1194 -1206 0
-1194 -1207 0
-1194 -1208 0
-1194 -1209 0
-1194 -1210 0
-1194 -1211 0
-1194 -1212 0
-1194 -1213 0
-1194 -1214 0
-1194 -1215 0
-1194 -1216 0
-1195 -1196 0
-1195 -1197 0
-1195 -1198 0
-1195 -1199 0
-1195 -1200 0
-1195 -1201 0
-1195 -1202 0
-1195 -1203 0
-1195 -1204 0
-1195 -1205 0
-1195 -1206 0
-1195 -1207 0
-1195 -1208 0
-1195 -1209 0
-1195 -1210 0
-1195 -1211 0
-1195 -1212 0
-1195 -1213 0
-1195 -1214 0
-1195 -1215 0
-1195 -1216 0
-1196 -1197 0
-1196 -1198 0
-1196 -1199 0
-1196 -1200 0
-1196 -1201 0
-1196 -1202 0
-1196 -1203 0
-1196 -1204 0
-1196 -1205 0
-1196 -1206 0
-1196 -1207 0
-1196 -1208 0
-1196 -1209 0
-1196 -1210 0
-1196 -1211 0
-1196 -1212 0
-1196 -1213 0
-1196 -1214 0
-1196 -1215 0
-1196 -1216 0
-1197 -1198 0
-1197 -1199 0
-1197 -1200 0
-1197 -1201 0
-1197 -1202 0
-1197 -1203 0
-1197 -1204 0
-1197 -1205 0
-1197 -1206 0
-1197 -1207 0
-1197 -1208 0
-1197 -1209 0
-1197 -1210 0
-1197 -1211 0
-1197 -1212 0
-1197 -1213 0
-1197 -1214 0
-1197 -1215 0
-1197 -1216 0
-1198 -1199 0
-1198 -1200 0
-1198 -1201 0
-1198 -1202 0
-1198 -1203 0
-1198 -1204 0
-1198 -1205 0
-1198 -1206 0
-1198 -1207 0
-1198 -1208 0
-1198 -1209 0
-1198 -1210 0
-1198 -1211 0
-1198 -1212 0
-1198 -1213 0
-1198 -1214 0
-1198 -1215 0
-1198 -1216 0
-1199 -1200 0
-1199 -1201 0
-1199 -1202 0
-1199 -1203 0
-1199 -1204 0
-1199 -1205 0
-1199 -1206 0
-1199 -1207 0
-1199 -1208 0
-1199 -1209 0
-1199 -1210 0
-1199 -1211 0
-1199 -1212 0
-1199 -1213 0
-1199 -1214 0
-1199 -1215 0
-1199 -1216 0
-1200 -1201 0
-1200 -1202 0
-1200 -1203 0
-1200 -1204 0
-1200 -1205 0
-1200 -1206 0
-1200 -1207 0
-1200 -1208 0
-1200 -1209 0
-1200 -1210 0
-1200 -1211 0
-1200 -1212 0
-1200 -1213 0
-1200 -1214 0
-1200 -1215 0
-1200 -1216 0
-1201 -1202 0
-1201 -1203 0
-1201 -1204 0
-1201 -1205 0
-1201 -1206 0
-1201 -1207 0
-1201 -1208 0
-1201 -1209 0
-1201 -1210 0
-1201 -1211 0
-1201 -1212 0
-1201 -1213 0
-1201 -1214 0
-1201 -1215 0
-1201 -1216 0
-1202 -1203 0
-1202 -1204 0
-1202 -1205 0
-1202 -1206 0
-1202 -1207 0
-1202 -1208 0
-1202 -1209 0
-1202 -1210 0
-1202 -1211 0
-1202 -1212 0
-1202 -1213 0
-1202 -1214 0
-1202 -1215 0
-1202 -1216 0
-1203 -1204 0
-1203 -1205 0
-1203 -1206 0
-1203 -1207 0
-1203 -1208 0
-1203 -1209 0
-1203 -1210 0
-1203 -1211 0
-1203 -1212 0
-1203 -1213 0
-1203 -1214 0
-1203 -1215 0
-1203 -1216 0
-1204 -1205 0
-1204 -1206 0
-1204 -1207 0
-1204 -1208 0
-1204 -1209 0
-1204 -1210 0
-1204 -1211 0
-1204 -1212 0
-1204 -1213 0
-1204 -1214 0
-1204 -1215 0
-1204 -1216 0
-1205 -1206 0
-1205 -1207 0
-1205 -1208 0
-1205 -1209 0
-1205 -1210 0
-1205 -1211 0
-1205 -1212 0
-1205 -1213 0
-1205 -1214 0
-1205 -1215 0
-1205 -1216 0
-1206 -1207 0
-1206 -1208 0
-1206 -1209 0
-1206 -1210 0
-1206 -1211 0
-1206 -1212 0
-1206 -1213 0
-1206 -1214 0
-1206 -1215 0
-1206 -1216 0
-1207 -1208 0
-1207 -1209 0
-1207 -1210 0
-1207 -1211 0
-1207 -1212 0
-1207 -1213 0
-1207 -1214 0
-1207 -1215 0
-1207 -1216 0
-1208 -1209 0
-1208 -1210 0
-1208 -1211 0
-1208 -1212 0
-1208 -1213 0
-1208 -1214 0
-1208 -1215 0
-1208 -1216 0
-1209 -1210 0
-1209 -1211 0
-1209 -1212 0
-1209 -1213 0
-1209 -1214 0
-1209 -1215 0
-1209 -1216 0
-1210 -1211 0
-1210 -1212 0
-1210 -1213 0
-1210 -1214 0
-1210 -1215 0
-1210 -1216 0
-1211 -1212 0
-1211 -1213 0
-1211 -1214 0
-1211 -1215 0
-1211 -1216 0
-1212 -1213 0
-1212 -1214 0
-1212 -1215 0
-1212 -1216 0
-1213 -1214 0
-1213 -1215 0
-1213 -1216 0
-1214 -1215 0
-1214 -1216 0
-1215 -1216 0
-1217 -1218 0
-1217 -1219 0
-1217 -1220 0
-1217 -1221 0
-1217 -1222 0
-1217 -1223 0
-1217 -1224 0
-1217 -1225 0
-1217 -1226 0
-1217 -1227 0
-1217 -1228 0
-1217 -1229 0
-1217 -1230 0
-1217 -1231 0
-1217 -1232 0
-1217 -1233 0
-1217 -1234 0
-1217 -1235 0
-1217 -1236 0
-1217 -1237 0
-1217 -1238 0
-1217 -1239 0
-1217 -1240 0
-1217 -1241 0
-1217 -1242 0
-1217 -1243 0
-1217 -1244 0
-1217 -1245 0
-1217 -1246 0
-1217 -1247 0
-1217 -1248 0
-1217 -1249 0
-1217 -1250 0
-1217 -1251 0
-1217 -1252 0
-1217 -1253 0
-1217 -1254 0
-1218 -1219 0
-1218 -1220 0
-1218 -1221 0
-1218 -1222 0
-1218 -1223 0
-1218 -1224 0
-1218 -1225 0
-1218 -1226 0
-1218 -1227 0
-1218 -1228 0
-1218 -1229 0
-1218 -1230 0
-1218 -1231 0
-1218 -1232 0
-1218 -1233 0
-1218 -1234 0
-1218 -1235 0
-1218 -1236 0
-1218 -1237 0
-1218 -1238 0
-1218 -1239 0
-1218 -1240 0
-1218 -1241 0
-1218 -1242 0
-1218 -1243 0
-1218 -1244 0
-1218 -1245 0
-1218 -1246 0
-1218 -1247 0
-1218 -1248 0
-1218 -1249 0
-1218 -1250 0
-1218 -1251 0
-1218 -1252 0
-1218 -1253 0
-1218 -1254 0
-1219 -1220 0
-1219 -1221 0
-1219 -1222 0
-1219 -1223 0
-1219 -1224 0
-1219 -1225 0
-1219 -1226 0
-1219 -1227 0
-1219 -1228 0
-1219 -1229 0
-1219 -1230 0
-1219 -1231 0
-1219 -1232 0
-1219 -1233 0
-1219 -1234 0
-1219 -1235 0
-1219 -1236 0
-1219 -1237 0
-1219 -1238 0
-1219 -1239 0
-1219 -1240 0
-1219 -1241 0
-1219 -1242 0
-1219 -1243 0
-1219 -1244 0
-1219 -1245 0
-1219 -1246 0
-1219 -1247 0
-1219 -1248 0
-1219 -1249 0
-1219 -1250 0
-1219 -1251 0
-1219 -1252 0
-1219 -1253 0
-1219 -1254 0
-1220 -1221 0
-1220 -1222 0
-1220 -1223 0
-1220 -1224 0
-1220 -1225 0
-1220 -1226 0
-1220 -1227 0
-1220 -1228 0
-1220 -1229 0
-1220 -1230 0
-1220 -1231 0
-1220 -1232 0
-1220 -1233 0
-1220 -1234 0
-1220 -1235 0
-1220 -1236 0
-1220 -1237 0
-1220 -1238 0
-1220 -1239 0
-1220 -1240 0
-1220 -1241 0
-1220 -1242 0
-1220 -1243 0
-1220 -1244 0
-1220 -1245 0
-1220 -1246 0
-1220 -1247 0
-1220 -1248 0
-1220 -1249 0
-1220 -1250 0
-1220 -1251 0
-1220 -1252 0
-1220 -1253 0
-1220 -1254 0
-1221 -1222 0
-1221 -1223 0
-1221 -1224 0
-1221 -1225 0
-1221 -1226 0
-1221 -1227 0
-1221 -1228 0
-1221 -1229 0
-1221 -1230 0
-1221 -1231 0
-1221 -1232 0
-1221 -1233 0
-1221 -1234 0
-1221 -1235 0
-1221 -1236 0
-1221 -1237 0
-1221 -1238 0
-1221 -1239 0
-1221 -1240 0
-1221 -1241 0
-1221 -1242 0
-1221 -1243 0
-1221 -1244 0
-1221 -1245 0
-1221 -1246 0
-1221 -1247 0
-1221 -1248 0
-1221 -1249 0
-1221 -1250 0
-1221 -1251 0
-1221 -1252 0
-1221 -1253 0
-1221 -1254 0
-1222 -1223 0
-1222 -1224 0
-1222 -1225 0
-1222 -1226 0
-1222 -1227 0
-1222 -1228 0
-1222 -1229 0
-1222 -1230 0
-1222 -1231 0
-1222 -1232 0
-1222 -1233 0
-1222 -1234 0
-1222 -1235 0
-1222 -1236 0
-1222 -1237 0
-1222 -1238 0
-1222 -1239 0
-1222 -1240 0
-1222 -1241 0
-1222 -1242 0
-1222 -1243 0
-1222 -1244 0
-1222 -1245 0
-1222 -1246 0
-1222 -1247 0
-1222 -1248 0
-1222 -1249 0
-1222 -1250 0
-1222 -1251 0
-1222 -1252 0
-1222 -1253 0
-1222 -1254 0
-1223 -1224 0
-1223 -1225 0
-1223 -1226 0
-1223 -1227 0
-1223 -1228 0
-1223 -1229 0
-1223 -1230 0
-1223 -1231 0
-1223 -1232 0
-1223 -1233 0
-1223 -1234 0
-1223 -1235 0
-1223 -1236 0
-1223 -1237 0
-1223 -1238 0
-1223 -1239 0
-1223 -1240 0
-1223 -1241 0
-1223 -1242 0
-1223 -1243 0
-1223 -1244 0
-1223 -1245 0
-1223 -1246 0
-1223 -1247 0
-1223 -1248 0
-1223 -1249 0
-1223 -1250 0
-1223 -1251 0
-1223 -1252 0
-1223 -1253 0
-1223 -1254 0
-1224 -1225 0
-1224 -1226 0
-1224 -1227 0
-1224 -1228 0
-1224 -1229 0
-1224 -1230 0
-1224 -1231 0
-1224 -1232 0
-1224 -1233 0
-1224 -1234 0
-1224 -1235 0
-1224 -1236 0
-1224 -1237 0
-1224 -1238 0
-1224 -1239 0
-1224 -1240 0
-1224 -1241 0
-1224 -1242 0
-1224 -1243 0
-1224 -1244 0
-1224 -1245 0
-1224 -1246 0
-1224 -1247 0
-1224 -1248 0
-1224 -1249 0
-1224 -1250 0
-1224 -1251 0
-1224 -1252 0
-1224 -1253 0
-1224 -1254 0
-1225 -1226 0
-1225 -1227 0
-1225 -1228 0
-1225 -1229 0
-1225 -1230 0
-1225 -1231 0
-1225 -1232 0
-1225 -1233 0
-1225 -1234 0
-1225 -1235 0
-1225 -1236 0
-1225 -1237 0
-1225 -1238 0
-1225 -1239 0
-1225 -1240 0
-1225 -1241 0
-1225 -1242 0
-1225 -1243 0
-1225 -1244 0
-1225 -1245 0
-1225 -1246 0
-1225 -1247 0
-1225 -1248 0
-1225 -1249 0
-1225 -1250 0
-1225 -1251 0
-1225 -1252 0
-1225 -1253 0
-1225 -1254 0
-1226 -1227 0
-1226 -1228 0
-1226 -1229 0
-1226 -1230 0
-1226 -1231 0
-1226 -1232 0
-1226 -1233 0
-1226 -1234 0
-1226 -1235 0
-1226 -1236 0
-1226 -1237 0
-1226 -1238 0
-1226 -1239 0
-1226 -1240 0
-1226 -1241 0
-1226 -1242 0
-1226 -1243 0
-1226 -1244 0
-1226 -1245 0
-1226 -1246 0
-1226 -1247 0
-1226 -1248 0
-1226 -1249 0
-1226 -1250 0
-1226 -1251 0
-1226 -1252 0
-1226 -1253 0
-1226 -1254 0
-1227 -1228 0
-1227 -1229 0
-1227 -1230 0
-1227 -1231 0
-1227 -1232 0
-1227 -1233 0
-1227 -1234 0
-1227 -1235 0
-1227 -1236 0
-1227 -1237 0
-1227 -1238 0
-1227 -1239 0
-1227 -1240 0
-1227 -1241 0
-1227 -1242 0
-1227 -1243 0
-1227 -1244 0
-1227 -1245 0
-1227 -1246 0
-1227 -1247 0
-1227 -1248 0
-1227 -1249 0
-1227 -1250 0
-1227 -1251 0
-1227 -1252 0
-1227 -1253 0
-1227 -1254 0
-1228 -1229 0
-1228 -1230 0
-1228 -1231 0
-1228 -1232 0
-1228 -1233 0
-1228 -1234 0
-1228 -1235 0
-1228 -1236 0
-1228 -1237 0
-1228 -1238 0
-1228 -1239 0
-1228 -1240 0
-1228 -1241 0
-1228 -1242 0
-1228 -1243 0
-1228 -1244 0
-1228 -1245 0
-1228 -1246 0
-1228 -1247 0
-1228 -1248 0
-1228 -1249 0
-1228 -1250 0
-1228 -1251 0
-1228 -1252 0
-1228 -1253 0
-1228 -1254 0
-1229 -1230 0
-1229 -1231 0
-1229 -1232 0
-1229 -1233 0
-1229 -1234 0
-1229 -1235 0
-1229 -1236 0
-1229 -1237 0
-1229 -1238 0
-1229 -1239 0
-1229 -1240 0
-1229 -1241 0
-1229 -1242 0
-1229 -1243 0
-1229 -1244 0
-1229 -1245 0
-1229 -1246 0
-1229 -1247 0
-1229 -1248 0
-1229 -1249 0
-1229 -1250 0
-1229 -1251 0
-1229 -1252 0
-1229 -1253 0
-1229 -1254 0
-1230 -1231 0
-1230 -1232 0
-1230 -1233 0
-1230 -1234 0
-1230 -1235 0
-1230 -1236 0
-1230 -1237 0
-1230 -1238 0
-1230 -1239 0
-1230 -1240 0
-1230 -1241 0
-1230 -1242 0
-1230 -1243 0
-1230 -1244 0
-1230 -1245 0
-1230 -1246 0
-1230 -1247 0
-1230 -1248 0
-1230 -1249 0
-1230 -1250 0
-1230 -1251 0
-1230 -1252 0
-1230 -1253 0
-1230 -1254 0
-1231 -1232 0
-1231 -1233 0
-1231 -1234 0
-1231 -1235 0
-1231 -1236 0
-1231 -1237 0
-1231 -1238 0
-1231 -1239 0
-1231 -1240 0
-1231 -1241 0
-1231 -1242 0
-1231 -1243 0
-1231 -1244 0
-1231 -1245 0
-1231 -1246 0
-1231 -1247 0
-1231 -1248 0
-1231 -1249 0
-1231 -1250 0
-1231 -1251 0
-1231 -1252 0
-1231 -1253 0
-1231 -1254 0
-1232 -1233 0
-1232 -1234 0
-1232 -1235 0
-1232 -1236 0
-1232 -1237 0
-1232 -1238 0
-1232 -1239 0
-1232 -1240 0
-1232 -1241 0
-1232 -1242 0
-1232 -1243 0
-1232 -1244 0
-1232 -1245 0
-1232 -1246 0
-1232 -1247 0
-1232 -1248 0
-1232 -1249 0
-1232 -1250 0
-1232 -1251 0
-1232 -1252 0
-1232 -1253 0
-1232 -1254 0
-1233 -1234 0
-1233 -1235 0
-1233 -1236 0
-1233 -1237 0
-1233 -1238 0
-1233 -1239 0
-1233 -1240 0
-1233 -1241 0
-1233 -1242 0
-1233 -1243 0
-1233 -1244 0
-1233 -1245 0
-1233 -1246 0
-1233 -1247 0
-1233 -1248 0
-1233 -1249 0
-1233 -1250 0
-1233 -1251 0
-1233 -1252 0
-1233 -1253 0
-1233 -1254 0
-1234 -1235 0
-1234 -1236 0
-1234 -1237 0
-1234 -1238 0
-1234 -1239 0
-1234 -1240 0
-1234 -1241 0
-1234 -1242 0
-1234 -1243 0
-1234 -1244 0
-1234 -1245 0
-1234 -1246 0
-1234 -1247 0
-1234 -1248 0
-1234 -1249 0
-1234 -1250 0
-1234 -1251 0
-1234 -1252 0
-1234 -1253 0
-1234 -1254 0
-1235 -1236 0
-1235 -1237 0
-1235 -1238 0
-1235 -1239 0
-1235 -1240 0
-1235 -1241 0
-1235 -1242 0
-1235 -1243 0
-1235 -1244 0
-1235 -1245 0
-1235 -1246 0
-1235 -1247 0
-1235 -1248 0
-1235 -1249 0
-1235 -1250 0
-1235 -1251 0
-1235 -1252 0
-1235 -1253 0
-1235 -1254 0
-1236 -1237 0
-1236 -1238 0
-1236 -1239 0
-1236 -1240 0
-1236 -1241 0
-1236 -1242 0
-1236 -1243 0
-1236 -1244 0
-1236 -1245 0
-1236 -1246 0
-1236 -1247 0
-1236 -1248 0
-1236 -1249 0
-1236 -1250 0
-1236 -1251 0
-1236 -1252 0
-1236 -1253 0
-1236 -1254 0
-1237 -1238 0
-1237 -1239 0
-1237 -1240 0
-1237 -1241 0
-1237 -1242 0
-1237 -1243 0
-1237 -1244 0
-1237 -1245 0
-1237 -1246 0
-1237 -1247 0
-1237 -1248 0
-1237 -1249 0
-1237 -1250 0
-1237 -1251 0
-1237 -1252 0
-1237 -1253 0
-1237 -1254 0
-1238 -1239 0
-1238 -1240 0
-1238 -1241 0
-1238 -1242 0
-1238 -1243 0
-1238 -1244 0
-1238 -1245 0
-1238 -1246 0
-1238 -1247 0
-1238 -1248 0
-1238 -1249 0
-1238 -1250 0
-1238 -1251 0
-1238 -1252 0
-1238 -1253 0
-1238 -1254 0
-1239 -1240 0
-1239 -1241 0
-1239 -1242 0
-1239 -1243 0
-1239 -1244 0
-1239 -1245 0
-1239 -1246 0
-1239 -1247 0
-1239 -1248 0
-1239 -1249 0
-1239 -1250 0
-1239 -1251 0
-1239 -1252 0
-1239 -1253 0
-1239 -1254 0
-1240 -1241 0
-1240 -1242 0
-1240 -1243 0
-1240 -1244 0
-1240 -1245 0
-1240 -1246 0
-1240 -1247 0
-1240 -1248 0
-1240 -1249 0
-1240 -1250 0
-1240 -1251 0
-1240 -1252 0
-1240 -1253 0
-1240 -1254 0
-1241 -1242 0
-1241 -1243 0
-1241 -1244 0
-1241 -1245 0
-1241 -1246 0
-1241 -1247 0
-1241 -1248 0
-1241 -1249 0
-1241 -1250 0
-1241 -1251 0
-1241 -1252 0
-1241 -1253 0
-1241 -1254 0
-1242 -1243 0
-1242 -1244 0
-1242 -1245 0
-1242 -1246 0
-1242 -1247 0
-1242 -1248 0
-1242 -1249 0
-1242 -1250 0
-1242 -1251 0
-1242 -1252 0
-1242 -1253 0
-1242 -1254 0
-1243 -1244 0
-1243 -1245 0
-1243 -1246 0
-1243 -1247 0
-1243 -1248 0
-1243 -1249 0
-1243 -1250 0
-1243 -1251 0
-1243 -1252 0
-1243 -1253 0
-1243 -1254 0
-1244 -1245 0
-1244 -1246 0
-1244 -1247 0
-1244 -1248 0
-1244 -1249 0
-1244 -1250 0
-1244 -1251 0
-1244 -1252 0
-1244 -1253 0
-1244 -1254 0
-1245 -1246 0
-1245 -1247 0
-1245 -1248 0
-1245 -1249 0
-1245 -1250 0
-1245 -1251 0
-1245 -1252 0
-1245 -1253 0
-1245 -1254 0
-1246 -1247 0
-1246 -1248 0
-1246 -1249 0
-1246 -1250 0
-1246 -1251 0
-1246 -1252 0
-1246 -1253 0
-1246 -1254 0
-1247 -1248 0
-1247 -1249 0
-1247 -1250 0
-1247 -1251 0
-1247 -1252 0
-1247 -1253 0
-1247 -1254 0
-1248 -1249 0
-1248 -1250 0
-1248 -1251 0
-1248 -1252 0
-1248 -1253 0
-1248 -1254 0
-1249 -1250 0
-1249 -1251 0
-1249 -1252 0
-1249 -1253 0
-1249 -1254 0
-1250 -1251 0
-1250 -1252 0
-1250 -1253 0
-1250 -1254 0
-1251 -1252 0
-1251 -1253 0
-1251 -1254 0
-1252 -1253 0
-1252 -1254 0
-1253 -1254 0
-1255 -1256 0
-1255 -1257 0
-1255 -1258 0
-1255 -1259 0
-1255 -1260 0
-1255 -1261 0
-1255 -1262 0
-1255 -1263 0
-1255 -1264 0
-1255 -1265 0
-1255 -1266 0
-1255 -1267 0
-1255 -1268 0
-1255 -1269 0
-1255 -1270 0
-1255 -1271 0
-1255 -1272 0
-1255 -1273 0
-1255 -1274 0
-1255 -1275 0
-1255 -1276 0
-1255 -1277 0
-1255 -1278 0
-1255 -1279 0
-1255 -1280 0
-1255 -1281 0
-1255 -1282 0
-1255 -1283 0
-1255 -1284 0
-1255 -1285 0
-1255 -1286 0
-1255 -1287 0
-1255 -1288 0
-1255 -1289 0
-1255 -1290 0
-1255 -1291 0
-1255 -1292 0
-1256 -1257 0
-1256 -1258 0
-1256 -1259 0
-1256 -1260 0
-1256 -1261 0
-1256 -1262 0
-1256 -1263 0
-1256 -1264 0
-1256 -1265 0
-1256 -1266 0
-1256 -1267 0
-1256 -1268 0
-1256 -1269 0
-1256 -1270 0
-1256 -1271 0
-1256 -1272 0
-1256 -1273 0
-1256 -1274 0
-1256 -1275 0
-1256 -1276 0
-1256 -1277 0
-1256 -1278 0
-1256 -1279 0
-1256 -1280 0
-1256 -1281 0
-1256 -1282 0
-1256 -1283 0
-1256 -1284 0
-1256 -1285 0
-1256 -1286 0
-1256 -1287 0
-1256 -1288 0
-1256 -1289 0
-1256 -1290 0
-1256 -1291 0
-1256 -1292 0
-1257 -1258 0
-1257 -1259 0
-1257 -1260 0
-1257 -1261 0
-1257 -1262 0
-1257 -1263 0
-1257 -1264 0
-1257 -1265 0
-1257 -1266 0
-1257 -1267 0
-1257 -1268 0
-1257 -1269 0
-1257 -1270 0
-1257 -1271 0
-1257 -1272 0
-1257 -1273 0
-1257 -1274 0
-1257 -1275 0
-1257 -1276 0
-1257 -1277 0
-1257 -1278 0
-1257 -1279 0
-1257 -1280 0
-1257 -1281 0
-1257 -1282 0
-1257 -1283 0
-1257 -1284 0
-1257 -1285 0
-1257 -1286 0
-1257 -1287 0
-1257 -1288 0
-1257 -1289 0
-1257 -1290 0
-1257 -1291 0
-1257 -1292 0
-1258 -1259 0
-1258 -1260 0
-1258 -1261 0
-1258 -1262 0
-1258 -1263 0
-1258 -1264 0
-1258 -1265 0
-1258 -1266 0
-1258 -1267 0
-1258 -1268 0
-1258 -1269 0
-1258 -1270 0
-1258 -1271 0
-1258 -1272 0
-1258 -1273 0
-1258 -1274 0
-1258 -1275 0
-1258 -1276 0
-1258 -1277 0
-1258 -1278 0
-1258 -1279 0
-1258 -1280 0
-1258 -1281 0
-1258 -1282 0
-1258 -1283 0
-1258 -1284 0
-1258 -1285 0
-1258 -1286 0
-1258 -1287 0
-1258 -1288 0
-1258 -1289 0
-1258 -1290 0
-1258 -1291 0
-1258 -1292 0
-1259 -1260 0
-1259 -1261 0
-1259 -1262 0
-1259 -1263 0
-1259 -1264 0
-1259 -1265 0
-1259 -1266 0
-1259 -1267 0
-1259 -1268 0
-1259 -1269 0
-1259 -1270 0
-1259 -1271 0
-1259 -1272 0
-1259 -1273 0
-1259 -1274 0
-1259 -1275 0
-1259 -1276 0
-1259 -1277 0
-1259 -1278 0
-1259 -1279 0
-1259 -1280 0
-1259 -1281 0
-1259 -1282 0
-1259 -1283 0
-1259 -1284 0
-1259 -1285 0
-1259 -1286 0
-1259 -1287 0
-1259 -1288 0
-1259 -1289 0
-1259 -1290 0
-1259 -1291 0
-1259 -1292 0
-1260 -1261 0
-1260 -1262 0
-1260 -1263 0
-1260 -1264 0
-1260 -1265 0
-1260 -1266 0
-1260 -1267 0
-1260 -1268 0
-1260 -1269 0
-1260 -1270 0
-1260 -1271 0
-1260 -1272 0
-1260 -1273 0
-1260 -1274 0
-1260 -1275 0
-1260 -1276 0
-1260 -1277 0
-1260 -1278 0
-1260 -1279 0
-1260 -1280 0
-1260 -1281 0
-1260 -1282 0
-1260 -1283 0
-1260 -1284 0
-1260 -1285 0
-1260 -1286 0
-1260 -1287 0
-1260 -1288 0
-1260 -1289 0
-1260 -1290 0
-1260 -1291 0
-1260 -1292 0
-1261 -1262 0
-1261 -1263 0
-1261 -1264 0
-1261 -1265 0
-1261 -1266 0
-1261 -1267 0
-1261 -1268 0
-1261 -1269 0
-1261 -1270 0
-1261 -1271 0
-1261 -1272 0
-1261 -1273 0
-1261 -1274 0
-1261 -1275 0
-1261 -1276 0
-1261 -1277 0
-1261 -1278 0
-1261 -1279 0
-1261 -1280 0
-1261 -1281 0
-1261 -1282 0
-1261 -1283 0
-1261 -1284 0
-1261 -1285 0
-1261 -1286 0
-1261 -1287 0
-1261 -1288 0
-1261 -1289 0
-1261 -1290 0
-1261 -1291 0
-1261 -1292 0
-1262 -1263 0
-1262 -1264 0
-1262 -1265 0
-1262 -1266 0
-1262 -1267 0
-1262 -1268 0
-1262 -1269 0
-1262 -1270 0
-1262 -1271 0
-1262 -1272 0
-1262 -1273 0
-1262 -1274 0
-1262 -1275 0
-1262 -1276 0
-1262 -1277 0
-1262 -1278 0
-1262 -1279 0
-1262 -1280 0
-1262 -1281 0
-1262 -1282 0
-1262 -1283 0
-1262 -1284 0
-1262 -1285 0
-1262 -1286 0
-1262 -1287 0
-1262 -1288 0
-1262 -1289 0
-1262 -1290 0
-1262 -1291 0
-1262 -1292 0
-1263 -1264 0
-1263 -1265 0
-1263 -1266 0
-1263 -1267 0
-1263 -1268 0
-1263 -1269 0
-1263 -1270 0
-1263 -1271 0
-1263 -1272 0
-1263 -1273 0
-1263 -1274 0
-1263 -1275 0
-1263 -1276 0
-1263 -1277 0
-1263 -1278 0
-1263 -1279 0
-1263 -1280 0
-1263 -1281 0
-1263 -1282 0
-1263 -1283 0
-1263 -1284 0
-1263 -1285 0
-1263 -1286 0
-1263 -1287 0
-1263 -1288 0
-1263 -1289 0
-1263 -1290 0
-1263 -1291 0
-1263 -1292 0
-1264 -1265 0
-1264 -1266 0
-1264 -1267 0
-1264 -1268 0
-1264 -1269 0
-1264 -1270 0
-1264 -1271 0
-1264 -1272 0
-1264 -1273 0
-1264 -1274 0
-1264 -1275 0
-1264 -1276 0
-1264 -1277 0
-1264 -1278 0
-1264 -1279 0
-1264 -1280 0
-1264 -1281 0
-1264 -1282 0
-1264 -1283 0
-1264 -1284 0
-1264 -1285 0
-1264 -1286 0
-1264 -1287 0
-1264 -1288 0
-1264 -1289 0
-1264 -1290 0
-1264 -1291 0
-1264 -1292 0
-1265 -1266 0
-1265 -1267 0
-1265 -1268 0
-1265 -1269 0
-1265 -1270 0
-1265 -1271 0
-1265 -1272 0
-1265 -1273 0
-1265 -1274 0
-1265 -1275 0
-1265 -1276 0
-1265 -1277 0
-1265 -1278 0
-1265 -1279 0
-1265 -1280 0
-1265 -1281 0
-1265 -1282 0
-1265 -1283 0
-1265 -1284 0
-1265 -1285 0
-1265 -1286 0
-1265 -1287 0
-1265 -1288 0
-1265 -1289 0
-1265 -1290 0
-1265 -1291 0
-1265 -1292 0
-1266 -1267 0
-1266 -1268 0
-1266 -1269 0
-1266 -1270 0
-1266 -1271 0
-1266 -1272 0
-1266 -1273 0
-1266 -1274 0
-1266 -1275 0
-1266 -1276 0
-1266 -1277 0
-1266 -1278 0
-1266 -1279 0
-1266 -1280 0
-1266 -1281 0
-1266 -1282 0
-1266 -1283 0
-1266 -1284 0
-1266 -1285 0
-1266 -1286 0
-1266 -1287 0
-1266 -1288 0
-1266 -1289 0
-1266 -1290 0
-1266 -1291 0
-1266 -1292 0
-1267 -1268 0
-1267 -1269 0
-1267 -1270 0
-1267 -1271 0
-1267 -1272 0
-1267 -1273 0
-1267 -1274 0
-1267 -1275 0
-1267 -1276 0
-1267 -1277 0
-1267 -1278 0
-1267 -1279 0
-1267 -1280 0
-1267 -1281 0
-1267 -1282 0
-1267 -1283 0
-1267 -1284 0
-1267 -1285 0
-1267 -1286 0
-1267 -1287 0
-1267 -1288 0
-1267 -1289 0
-1267 -1290 0
-1267 -1291 0
-1267 -1292 0
-1268 -1269 0
-1268 -1270 0
-1268 -1271 0
-1268 -1272 0
-1268 -1273 0
-1268 -1274 0
-1268 -1275 0
-1268 -1276 0
-1268 -1277 0
-1268 -1278 0
-1268 -1279 0
-1268 -1280 0
-1268 -1281 0
-1268 -1282 0
-1268 -1283 0
-1268 -1284 0
-1268 -1285 0
-1268 -1286 0
-1268 -1287 0
-1268 -1288 0
-1268 -1289 0
-1268 -1290 0
-1268 -1291 0
-1268 -1292 0
-1269 -1270 0
-1269 -1271 0
-1269 -1272 0
-1269 -1273 0
-1269 -1274 0
-1269 -1275 0
-1269 -1276 0
-1269 -1277 0
-1269 -1278 0
-1269 -1279 0
-1269 -1280 0
-1269 -1281 0
-1269 -1282 0
-1269 -1283 0
-1269 -1284 0
-1269 -1285 0
-1269 -1286 0
-1269 -1287 0
-1269 -1288 0
-1269 -1289 0
-1269 -1290 0
-1269 -1291 0
-1269 -1292 0
-1270 -1271 0
-1270 -1272 0
-1270 -1273 0
-1270 -1274 0
-1270 -1275 0
-1270 -1276 0
-1270 -1277 0
-1270 -1278 0
-1270 -1279 0
-1270 -1280 0
-1270 -1281 0
-1270 -1282 0
-1270 -1283 0
-1270 -1284 0
-1270 -1285 0
-1270 -1286 0
-1270 -1287 0
-1270 -1288 0
-1270 -1289 0
-1270 -1290 0
-1270 -1291 0
-1270 -1292 0
-1271 -1272 0
-1271 -1273 0
-1271 -1274 0
-1271 -1275 0
-1271 -1276 0
-1271 -1277 0
-1271 -1278 0
-1271 -1279 0
-1271 -1280 0
-1271 -1281 0
-1271 -1282 0
-1271 -1283 0
-1271 -1284 0
-1271 -1285 0
-1271 -1286 0
-1271 -1287 0
-1271 -1288 0
-1271 -1289 0
-1271 -1290 0
-1271 -1291 0
-1271 -1292 0
-1272 -1273 0
-1272 -1274 0
-1272 -1275 0
-1272 -1276 0
-1272 -1277 0
-1272 -1278 0
-1272 -1279 0
-1272 -1280 0
-1272 -1281 0
-1272 -1282 0
-1272 -1283 0
-1272 -1284 0
-1272 -1285 0
-1272 -1286 0
-1272 -1287 0
-1272 -1288 0
-1272 -1289 0
-1272 -1290 0
-1272 -1291 0
-1272 -1292 0
-1273 -1274 0
-1273 -1275 0
-1273 -1276 0
-1273 -1277 0
-1273 -1278 0
-1273 -1279 0
-1273 -1280 0
-1273 -1281 0
-1273 -1282 0
-1273 -1283 0
-1273 -1284 0
-1273 -1285 0
-1273 -1286 0
-1273 -1287 0
-1273 -1288 0
-1273 -1289 0
-1273 -1290 0
-1273 -1291 0
-1273 -1292 0
-1274 -1275 0
-1274 -1276 0
-1274 -1277 0
-1274 -1278 0
-1274 -1279 0
-1274 -1280 0
-1274 -1281 0
-1274 -1282 0
-1274 -1283 0
-1274 -1284 0
-1274 -1285 0
-1274 -1286 0
-1274 -1287 0
-1274 -1288 0
-1274 -1289 0
-1274 -1290 0
-1274 -1291 0
-1274 -1292 0
-1275 -1276 0
-1275 -1277 0
-1275 -1278 0
-1275 -1279 0
-1275 -1280 0
-1275 -1281 0
-1275 -1282 0
-1275 -1283 0
-1275 -1284 0
-1275 -1285 0
-1275 -1286 0
-1275 -1287 0
-1275 -1288 0
-1275 -1289 0
-1275 -1290 0
-1275 -1291 0
-1275 -1292 0
-1276 -1277 0
-1276 -1278 0
-1276 -1279 0
-1276 -1280 0
-1276 -1281 0
-1276 -1282 0
-1276 -1283 0
-1276 -1284 0
-1276 -1285 0
-1276 -1286 0
-1276 -1287 0
-1276 -1288 0
-1276 -1289 0
-1276 -1290 0
-1276 -1291 0
-1276 -1292 0
-1277 -1278 0
-1277 -1279 0
-1277 -1280 0
-1277 -1281 0
-1277 -1282 0
-1277 -1283 0
-1277 -1284 0
-1277 -1285 0
-1277 -1286 0
-1277 -1287 0
-1277 -1288 0
-1277 -1289 0
-1277 -1290 0
-1277 -1291 0
-1277 -1292 0
-1278 -1279 0
-1278 -1280 0
-1278 -1281 0
-1278 -1282 0
-1278 -1283 0
-1278 -1284 0
-1278 -1285 0
-1278 -1286 0
-1278 -1287 0
-1278 -1288 0
-1278 -1289 0
-1278 -1290 0
-1278 -1291 0
-1278 -1292 0
-1279 -1280 0
-1279 -1281 0
-1279 -1282 0
-1279 -1283 0
-1279 -1284 0
-1279 -1285 0
-1279 -1286 0
-1279 -1287 0
-1279 -1288 0
-1279 -1289 0
-1279 -1290 0
-1279 -1291 0
-1279 -1292 0
-1280 -1281 0
-1280 -1282 0
-1280 -1283 0
-1280 -1284 0
-1280 -1285 0
-1280 -1286 0
-1280 -1287 0
-1280 -1288 0
-1280 -1289 0
-1280 -1290 0
-1280 -1291 0
-1280 -1292 0
-1281 -1282 0
-1281 -1283 0
-1281 -1284 0
-1281 -1285 0
-1281 -1286 0
-1281 -1287 0
-1281 -1288 0
-1281 -1289 0
-1281 -1290 0
-1281 -1291 0
-1281 -1292 0
-1282 -1283 0
-1282 -1284 0
-1282 -1285 0
-1282 -1286 0
-1282 -1287 0
-1282 -1288 0
-1282 -1289 0
-1282 -1290 0
-1282 -1291 0
-1282 -1292 0
-1283 -1284 0
-1283 -1285 0
-1283 -1286 0
-1283 -1287 0
-1283 -1288 0
-1283 -1289 0
-1283 -1290 0
-1283 -1291 0
-1283 -1292 0
-1284 -1285 0
-1284 -1286 0
-1284 -1287 0
-1284 -1288 0
-1284 -1289 0
-1284 -1290 0
-1284 -1291 0
-1284 -1292 0
-1285 -1286 0
-1285 -1287 0
-1285 -1288 0
-1285 -1289 0
-1285 -1290 0
-1285 -1291 0
-1285 -1292 0
-1286 -1287 0
-1286 -1288 0
-1286 -1289 0
-1286 -1290 0
-1286 -1291 0
-1286 -1292 0
-1287 -1288 0
-1287 -1289 0
-1287 -1290 0
-1287 -1291 0
-1287 -1292 0
-1288 -1289 0
-1288 -1290 0
-1288 -1291 0
-1288 -1292 0
-1289 -1290 0
-1289 -1291 0
-1289 -1292 0
-1290 -1291 0
-1290 -1292 0
-1291 -1292 0
-1293 -1294 0
-1293 -1295 0
-1293 -1296 0
-1293 -1297 0
-1293 -1298 0
-1293 -1299 0
-1293 -1300 0
-1293 -1301 0
-1293 -1302 0
-1293 -1303 0
-1293 -1304 0
-1293 -1305 0
-1293 -1306 0
-1293 -1307 0
-1293 -1308 0
-1293 -1309 0
-1293 -1310 0
-1293 -1311 0
-1293 -1312 0
-1293 -1313 0
-1293 -1314 0
-1293 -1315 0
-1293 -1316 0
-1293 -1317 0
-1293 -1318 0
-1293 -1319 0
-1293 -1320 0
-1293 -1321 0
-1293 -1322 0
-1293 -1323 0
-1293 -1324 0
-1293 -1325 0
-1293 -1326 0
-1293 -1327 0
-1293 -1328 0
-1293 -1329 0
-1293 -1330 0
-1294 -1295 0
-1294 -1296 0
-1294 -1297 0
-1294 -1298 0
-1294 -1299 0
-1294 -1300 0
-1294 -1301 0
-1294 -1302 0
-1294 -1303 0
-1294 -1304 0
-1294 -1305 0
-1294 -1306 0
-1294 -1307 0
-1294 -1308 0
-1294 -1309 0
-1294 -1310 0
-1294 -1311 0
-1294 -1312 0
-1294 -1313 0
-1294 -1314 0
-1294 -1315 0
-1294 -1316 0
-1294 -1317 0
-1294 -1318 0
-1294 -1319 0
-1294 -1320 0
-1294 -1321 0
-1294 -1322 0
-1294 -1323 0
-1294 -1324 0
-1294 -1325 0
-1294 -1326 0
-1294 -1327 0
-1294 -1328 0
-1294 -1329 0
-1294 -1330 0
-1295 -1296 0
-1295 -1297 0
-1295 -1298 0
-1295 -1299 0
-1295 -1300 0
-1295 -1301 0
-1295 -1302 0
-1295 -1303 0
-1295 -1304 0
-1295 -1305 0
-1295 -1306 0
-1295 -1307 0
-1295 -1308 0
-1295 -1309 0
-1295 -1310 0
-1295 -1311 0
-1295 -1312 0
-1295 -1313 0
-1295 -1314 0
-1295 -1315 0
-1295 -1316 0
-1295 -1317 0
-1295 -1318 0
-1295 -1319 0
-1295 -1320 0
-1295 -1321 0
-1295 -1322 0
-1295 -1323 0
-1295 -1324 0
-1295 -1325 0
-1295 -1326 0
-1295 -1327 0
-1295 -1328 0
-1295 -1329 0
-1295 -1330 0
-1296 -1297 0
-1296 -1298 0
-1296 -1299 0
-1296 -1300 0
-1296 -1301 0
-1296 -1302 0
-1296 -1303 0
-1296 -1304 0
-1296 -1305 0
-1296 -1306 0
-1296 -1307 0
-1296 -1308 0
-1296 -1309 0
-1296 -1310 0
-1296 -1311 0
-1296 -1312 0
-1296 -1313 0
-1296 -1314 0
-1296 -1315 0
-1296 -1316 0
-1296 -1317 0
-1296 -1318 0
-1296 -1319 0
-1296 -1320 0
-1296 -1321 0
-1296 -1322 0
-1296 -1323 0
-1296 -1324 0
-1296 -1325 0
-1296 -1326 0
-1296 -1327 0
-1296 -1328 0
-1296 -1329 0
-1296 -1330 0
-1297 -1298 0
-1297 -1299 0
-1297 -1300 0
-1297 -1301 0
-1297 -1302 0
-1297 -1303 0
-1297 -1304 0
-1297 -1305 0
-1297 -1306 0
-1297 -1307 0
-1297 -1308 0
-1297 -1309 0
-1297 -1310 0
-1297 -1311 0
-1297 -1312 0
-1297 -1313 0
-1297 -1314 0
-1297 -1315 0
-1297 -1316 0
-1297 -1317 0
-1297 -1318 0
-1297 -1319 0
-1297 -1320 0
-1297 -1321 0
-1297 -1322 0
-1297 -1323 0
-1297 -1324 0
-1297 -1325 0
-1297 -1326 0
-1297 -1327 0
-1297 -1328 0
-1297 -1329 0
-1297 -1330 0
-1298 -1299 0
-1298 -1300 0
-1298 -1301 0
-1298 -1302 0
-1298 -1303 0
-1298 -1304 0
-1298 -1305 0
-1298 -1306 0
-1298 -1307 0
-1298 -1308 0
-1298 -1309 0
-1298 -1310 0
-1298 -1311 0
-1298 -1312 0
-1298 -1313 0
-1298 -1314 0
-1298 -1315 0
-1298 -1316 0
-1298 -1317 0
-1298 -1318 0
-1298 -1319 0
-1298 -1320 0
-1298 -1321 0
-1298 -1322 0
-1298 -1323 0
-1298 -1324 0
-1298 -1325 0
-1298 -1326 0
-1298 -1327 0
-1298 -1328 0
-1298 -1329 0
-1298 -1330 0
-1299 -1300 0
-1299 -1301 0
-1299 -1302 0
-1299 -1303 0
-1299 -1304 0
-1299 -1305 0
-1299 -1306 0
-1299 -1307 0
-1299 -1308 0
-1299 -1309 0
-1299 -1310 0
-1299 -1311 0
-1299 -1312 0
-1299 -1313 0
-1299 -1314 0
-1299 -1315 0
-1299 -1316 0
-1299 -1317 0
-1299 -1318 0
-1299 -1319 0
-1299 -1320 0
-1299 -1321 0
-1299 -1322 0
-1299 -1323 0
-1299 -1324 0
-1299 -1325 0
-1299 -1326 0
-1299 -1327 0
-1299 -1328 0
-1299 -1329 0
-1299 -1330 0
-1300 -1301 0
-1300 -1302 0
-1300 -1303 0
-1300 -1304 0
-1300 -1305 0
-1300 -1306 0
-1300 -1307 0
-1300 -1308 0
-1300 -1309 0
-1300 -1310 0
-1300 -1311 0
-1300 -1312 0
-1300 -1313 0
-1300 -1314 0
-1300 -1315 0
-1300 -1316 0
-1300 -1317 0
-1300 -1318 0
-1300 -1319 0
-1300 -1320 0
-1300 -1321 0
-1300 -1322 0
-1300 -1323 0
-1300 -1324 0
-1300 -1325 0
-1300 -1326 0
-1300 -1327 0
-1300 -1328 0
-1300 -1329 0
-1300 -1330 0
-1301 -1302 0
-1301 -1303 0
-1301 -1304 0
-1301 -1305 0
-1301 -1306 0
-1301 -1307 0
-1301 -1308 0
-1301 -1309 0
-1301 -1310 0
-1301 -1311 0
-1301 -1312 0
-1301 -1313 0
-1301 -1314 0
-1301 -1315 0
-1301 -1316 0
-1301 -1317 0
-1301 -1318 0
-1301 -1319 0
-1301 -1320 0
-1301 -1321 0
-1301 -1322 0
-1301 -1323 0
-1301 -1324 0
-1301 -1325 0
-1301 -1326 0
-1301 -1327 0
-1301 -1328 0
-1301 -1329 0
-1301 -1330 0
-1302 -1303 0
-1302 -1304 0
-1302 -1305 0
-1302 -1306 0
-1302 -1307 0
-1302 -1308 0
-1302 -1309 0
-1302 -1310 0
-1302 -1311 0
-1302 -1312 0
-1302 -1313 0
-1302 -1314 0
-1302 -1315 0
-1302 -1316 0
-1302 -1317 0
-1302 -1318 0
-1302 -1319 0
-1302 -1320 0
-1302 -1321 0
-1302 -1322 0
-1302 -1323 0
-1302 -1324 0
-1302 -1325 0
-1302 -1326 0
-1302 -1327 0
-1302 -1328 0
-1302 -1329 0
-1302 -1330 0
-1303 -1304 0
-1303 -1305 0
-1303 -1306 0
-1303 -1307 0
-1303 -1308 0
-1303 -1309 0
-1303 -1310 0
-1303 -1311 0
-1303 -1312 0
-1303 -1313 0
-1303 -1314 0
-1303 -1315 0
-1303 -1316 0
-1303 -1317 0
-1303 -1318 0
-1303 -1319 0
-1303 -1320 0
-1303 -1321 0
-1303 -1322 0
-1303 -1323 0
-1303 -1324 0
-1303 -1325 0
-1303 -1326 0
-1303 -1327 0
-1303 -1328 0
-1303 -1329 0
-1303 -1330 0
-1304 -1305 0
-1304 -1306 0
-1304 -1307 0
-1304 -1308 0
-1304 -1309 0
-1304 -1310 0
-1304 -1311 0
-1304 -1312 0
-1304 -1313 0
-1304 -1314 0
-1304 -1315 0
-1304 -1316 0
-1304 -1317 0
-1304 -1318 0
-1304 -1319 0
-1304 -1320 0
-1304 -1321 0
-1304 -1322 0
-1304 -1323 0
-1304 -1324 0
-1304 -1325 0
-1304 -1326 0
-1304 -1327 0
-1304 -1328 0
-1304 -1329 0
-1304 -1330 0
-1305 -1306 0
-1305 -1307 0
-1305 -1308 0
-1305 -1309 0
-1305 -1310 0
-1305 -1311 0
-1305 -1312 0
-1305 -1313 0
-1305 -1314 0
-1305 -1315 0
-1305 -1316 0
-1305 -1317 0
-1305 -1318 0
-1305 -1319 0
-1305 -1320 0
-1305 -1321 0
-1305 -1322 0
-1305 -1323 0
-1305 -1324 0
-1305 -1325 0
-1305 -1326 0
-1305 -1327 0
-1305 -1328 0
-1305 -1329 0
-1305 -1330 0
-1306 -1307 0
-1306 -1308 0
-1306 -1309 0
-1306 -1310 0
-1306 -1311 0
-1306 -1312 0
-1306 -1313 0
-1306 -1314 0
-1306 -1315 0
-1306 -1316 0
-1306 -1317 0
-1306 -1318 0
-1306 -1319 0
-1306 -1320 0
-1306 -1321 0
-1306 -1322 0
-1306 -1323 0
-1306 -1324 0
-1306 -1325 0
-1306 -1326 0
-1306 -1327 0
-1306 -1328 0
-1306 -1329 0
-1306 -1330 0
-1307 -1308 0
-1307 -1309 0
-1307 -1310 0
-1307 -1311 0
-1307 -1312 0
-1307 -1313 0
-1307 -1314 0
-1307 -1315 0
-1307 -1316 0
-1307 -1317 0
-1307 -1318 0
-1307 -1319 0
-1307 -1320 0
-1307 -1321 0
-1307 -1322 0
-1307 -1323 0
-1307 -1324 0
-1307 -1325 0
-1307 -1326 0
-1307 -1327 0
-1307 -1328 0
-1307 -1329 0
-1307 -1330 0
-1308 -1309 0
-1308 -1310 0
-1308 -1311 0
-1308 -1312 0
-1308 -1313 0
-1308 -1314 0
-1308 -1315 0
-1308 -1316 0
-1308 -1317 0
-1308 -1318 0
-1308 -1319 0
-1308 -1320 0
-1308 -1321 0
-1308 -1322 0
-1308 -1323 0
-1308 -1324 0
-1308 -1325 0
-1308 -1326 0
-1308 -1327 0
-1308 -1328 0
-1308 -1329 0
-1308 -1330 0
-1309 -1310 0
-1309 -1311 0
-1309 -1312 0
-1309 -1313 0
-1309 -1314 0
-1309 -1315 0
-1309 -1316 0
-1309 -1317 0
-1309 -1318 0
-1309 -1319 0
-1309 -1320 0
-1309 -1321 0
-1309 -1322 0
-1309 -1323 0
-1309 -1324 0
-1309 -1325 0
-1309 -1326 0
-1309 -1327 0
-1309 -1328 0
-1309 -1329 0
-1309 -1330 0
-1310 -1311 0
-1310 -1312 0
-1310 -1313 0
-1310 -1314 0
-1310 -1315 0
-1310 -1316 0
-1310 -1317 0
-1310 -1318 0
-1310 -1319 0
-1310 -1320 0
-1310 -1321 0
-1310 -1322 0
-1310 -1323 0
-1310 -1324 0
-1310 -1325 0
-1310 -1326 0
-1310 -1327 0
-1310 -1328 0
-1310 -1329 0
-1310 -1330 0
-1311 -1312 0
-1311 -1313 0
-1311 -1314 0
-1311 -1315 0
-1311 -1316 0
-1311 -1317 0
-1311 -1318 0
-1311 -1319 0
-1311 -1320 0
-1311 -1321 0
-1311 -1322 0
-1311 -1323 0
-1311 -1324 0
-1311 -1325 0
-1311 -1326 0
-1311 -1327 0
-1311 -1328 0
-1311 -1329 0
-1311 -1330 0
-1312 -1313 0
-1312 -1314 0
-1312 -1315 0
-1312 -1316 0
-1312 -1317 0
-1312 -1318 0
-1312 -1319 0
-1312 -1320 0
-1312 -1321 0
-1312 -1322 0
-1312 -1323 0
-1312 -1324 0
-1312 -1325 0
-1312 -1326 0
-1312 -1327 0
-1312 -1328 0
-1312 -1329 0
-1312 -1330 0
-1313 -1314 0
-1313 -1315 0
-1313 -1316 0
-1313 -1317 0
-1313 -1318 0
-1313 -1319 0
-1313 -1320 0
-1313 -1321 0
-1313 -1322 0
-1313 -1323 0
-1313 -1324 0
-1313 -1325 0
-1313 -1326 0
-1313 -1327 0
-1313 -1328 0
-1313 -1329 0
-1313 -1330 0
-1314 -1315 0
-1314 -1316 0
-1314 -1317 0
-1314 -1318 0
-1314 -1319 0
-1314 -1320 0
-1314 -1321 0
-1314 -1322 0
-1314 -1323 0
-1314 -1324 0
-1314 -1325 0
-1314 -1326 0
-1314 -1327 0
-1314 -1328 0
-1314 -1329 0
-1314 -1330 0
-1315 -1316 0
-1315 -1317 0
-1315 -1318 0
-1315 -1319 0
-1315 -1320 0
-1315 -1321 0
-1315 -1322 0
-1315 -1323 0
-1315 -1324 0
-1315 -1325 0
-1315 -1326 0
-1315 -1327 0
-1315 -1328 0
-1315 -1329 0
-1315 -1330 0
-1316 -1317 0
-1316 -1318 0
-1316 -1319 0
-1316 -1320 0
-1316 -1321 0
-1316 -1322 0
-1316 -1323 0
-1316 -1324 0
-1316 -1325 0
-1316 -1326 0
-1316 -1327 0
-1316 -1328 0
-1316 -1329 0
-1316 -1330 0
-1317 -1318 0
-1317 -1319 0
-1317 -1320 0
-1317 -1321 0
-1317 -1322 0
-1317 -1323 0
-1317 -1324 0
-1317 -1325 0
-1317 -1326 0
-1317 -1327 0
-1317 -1328 0
-1317 -1329 0
-1317 -1330 0
-1318 -1319 0
-1318 -1320 0
-1318 -1321 0
-1318 -1322 0
-1318 -1323 0
-1318 -1324 0
-1318 -1325 0
-1318 -1326 0
-1318 -1327 0
-1318 -1328 0
-1318 -1329 0
-1318 -1330 0
-1319 -1320 0
-1319 -1321 0
-1319 -1322 0
-1319 -1323 0
-1319 -1324 0
-1319 -1325 0
-1319 -1326 0
-1319 -1327 0
-1319 -1328 0
-1319 -1329 0
-1319 -1330 0
-1320 -1321 0
-1320 -1322 0
-1320 -1323 0
-1320 -1324 0
-1320 -1325 0
-1320 -1326 0
-1320 -1327 0
-1320 -1328 0
-1320 -1329 0
-1320 -1330 0
-1321 -1322 0
-1321 -1323 0
-1321 -1324 0
-1321 -1325 0
-1321 -1326 0
-1321 -1327 0
-1321 -1328 0
-1321 -1329 0
-1321 -1330 0
-1322 -1323 0
-1322 -1324 0
-1322 -1325 0
-1322 -1326 0
-1322 -1327 0
-1322 -1328 0
-1322 -1329 0
-1322 -1330 0
-1323 -1324 0
-1323 -1325 0
-1323 -1326 0
-1323 -1327 0
-1323 -1328 0
-1323 -1329 0
-1323 -1330 0
-1324 -1325 0
-1324 -1326 0
-1324 -1327 0
-1324 -1328 0
-1324 -1329 0
-1324 -1330 0
-1325 -1326 0
-1325 -1327 0
-1325 -1328 0
-1325 -1329 0
-1325 -1330 0
-1326 -1327 0
-1326 -1328 0
-1326 -1329 0
-1326 -1330 0
-1327 -1328 0
-1327 -1329 0
-1327 -1330 0
-1328 -1329 0
-1328 -1330 0
-1329 -1330 0
-1331 -1332 0
-1331 -1333 0
-1331 -1334 0
-1331 -1335 0
-1331 -1336 0
-1331 -1337 0
-1331 -1338 0
-1331 -1339 0
-1331 -1340 0
-1331 -1341 0
-1331 -1342 0
-1331 -1343 0
-1331 -1344 0
-1331 -1345 0
-1331 -1346 0
-1331 -1347 0
-1331 -1348 0
-1331 -1349 0
-1331 -1350 0
-1331 -1351 0
-1331 -1352 0
-1331 -1353 0
-1331 -1354 0
-1331 -1355 0
-1331 -1356 0
-1331 -1357 0
-1331 -1358 0
-1331 -1359 0
-1331 -1360 0
-1331 -1361 0
-1331 -1362 0
-1331 -1363 0
-1331 -1364 0
-1331 -1365 0
-1331 -1366 0
-1331 -1367 0
-1331 -1368 0
-1332 -1333 0
-1332 -1334 0
-1332 -1335 0
-1332 -1336 0
-1332 -1337 0
-1332 -1338 0
-1332 -1339 0
-1332 -1340 0
-1332 -1341 0
-1332 -1342 0
-1332 -1343 0
-1332 -1344 0
-1332 -1345 0
-1332 -1346 0
-1332 -1347 0
-1332 -1348 0
-1332 -1349 0
-1332 -1350 0
-1332 -1351 0
-1332 -1352 0
-1332 -1353 0
-1332 -1354 0
-1332 -1355 0
-1332 -1356 0
-1332 -1357 0
-1332 -1358 0
-1332 -1359 0
-1332 -1360 0
-1332 -1361 0
-1332 -1362 0
-1332 -1363 0
-1332 -1364 0
-1332 -1365 0
-1332 -1366 0
-1332 -1367 0
-1332 -1368 0
-1333 -1334 0
-1333 -1335 0
-1333 -1336 0
-1333 -1337 0
-1333 -1338 0
-1333 -1339 0
-1333 -1340 0
-1333 -1341 0
-1333 -1342 0
-1333 -1343 0
-1333 -1344 0
-1333 -1345 0
-1333 -1346 0
-1333 -1347 0
-1333 -1348 0
-1333 -1349 0
-1333 -1350 0
-1333 -1351 0
-1333 -1352 0
-1333 -1353 0
-1333 -1354 0
-1333 -1355 0
-1333 -1356 0
-1333 -1357 0
-1333 -1358 0
-1333 -1359 0
-1333 -1360 0
-1333 -1361 0
-1333 -1362 0
-1333 -1363 0
-1333 -1364 0
-1333 -1365 0
-1333 -1366 0
-1333 -1367 0
-1333 -1368 0
-1334 -1335 0
-1334 -1336 0
-1334 -1337 0
-1334 -1338 0
-1334 -1339 0
-1334 -1340 0
-1334 -1341 0
-1334 -1342 0
-1334 -1343 0
-1334 -1344 0
-1334 -1345 0
-1334 -1346 0
-1334 -1347 0
-1334 -1348 0
-1334 -1349 0
-1334 -1350 0
-1334 -1351 0
-1334 -1352 0
-1334 -1353 0
-1334 -1354 0
-1334 -1355 0
-1334 -1356 0
-1334 -1357 0
-1334 -1358 0
-1334 -1359 0
-1334 -1360 0
-1334 -1361 0
-1334 -1362 0
-1334 -1363 0
-1334 -1364 0
-1334 -1365 0
-1334 -1366 0
-1334 -1367 0
-1334 -1368 0
-1335 -1336 0
-1335 -1337 0
-1335 -1338 0
-1335 -1339 0
-1335 -1340 0
-1335 -1341 0
-1335 -1342 0
-1335 -1343 0
-1335 -1344 0
-1335 -1345 0
-1335 -1346 0
-1335 -1347 0
-1335 -1348 0
-1335 -1349 0
-1335 -1350 0
-1335 -1351 0
-1335 -1352 0
-1335 -1353 0
-1335 -1354 0
-1335 -1355 0
-1335 -1356 0
-1335 -1357 0
-1335 -1358 0
-1335 -1359 0
-1335 -1360 0
-1335 -1361 0
-1335 -1362 0
-1335 -1363 0
-1335 -1364 0
-1335 -1365 0
-1335 -1366 0
-1335 -1367 0
-1335 -1368 0
-1336 -1337 0
-1336 -1338 0
-1336 -1339 0
-1336 -1340 0
-1336 -1341 0
-1336 -1342 0
-1336 -1343 0
-1336 -1344 0
-1336 -1345 0
-1336 -1346 0
-1336 -1347 0
-1336 -1348 0
-1336 -1349 0
-1336 -1350 0
-1336 -1351 0
-1336 -1352 0
-1336 -1353 0
-1336 -1354 0
-1336 -1355 0
-1336 -1356 0
-1336 -1357 0
-1336 -1358 0
-1336 -1359 0
-1336 -1360 0
-1336 -1361 0
-1336 -1362 0
-1336 -1363 0
-1336 -1364 0
-1336 -1365 0
-1336 -1366 0
-1336 -1367 0
-1336 -1368 0
-1337 -1338 0
-1337 -1339 0
-1337 -1340 0
-1337 -1341 0
-1337 -1342 0
-1337 -1343 0
-1337 -1344 0
-1337 -1345 0
-1337 -1346 0
-1337 -1347 0
-1337 -1348 0
-1337 -1349 0
-1337 -1350 0
-1337 -1351 0
-1337 -1352 0
-1337 -1353 0
-1337 -1354 0
-1337 -1355 0
-1337 -1356 0
-1337 -1357 0
-1337 -1358 0
-1337 -1359 0
-1337 -1360 0
-1337 -1361 0
-1337 -1362 0
-1337 -1363 0
-1337 -1364 0
-1337 -1365 0
-1337 -1366 0
-1337 -1367 0
-1337 -1368 0
-1338 -1339 0
-1338 -1340 0
-1338 -1341 0
-1338 -1342 0
-1338 -1343 0
-1338 -1344 0
-1338 -1345 0
-1338 -1346 0
-1338 -1347 0
-1338 -1348 0
-1338 -1349 0
-1338 -1350 0
-1338 -1351 0
-1338 -1352 0
-1338 -1353 0
-1338 -1354 0
-1338 -1355 0
-1338 -1356 0
-1338 -1357 0
-1338 -1358 0
-1338 -1359 0
-1338 -1360 0
-1338 -1361 0
-1338 -1362 0
-1338 -1363 0
-1338 -1364 0
-1338 -1365 0
-1338 -1366 0
-1338 -1367 0
-1338 -1368 0
-1339 -1340 0
-1339 -1341 0
-1339 -1342 0
-1339 -1343 0
-1339 -1344 0
-1339 -1345 0
-1339 -1346 0
-1339 -1347 0
-1339 -1348 0
-1339 -1349 0
-1339 -1350 0
-1339 -1351 0
-1339 -1352 0
-1339 -1353 0
-1339 -1354 0
-1339 -1355 0
-1339 -1356 0
-1339 -1357 0
-1339 -1358 0
-1339 -1359 0
-1339 -1360 0
-1339 -1361 0
-1339 -1362 0
-1339 -1363 0
-1339 -1364 0
-1339 -1365 0
-1339 -1366 0
-1339 -1367 0
-1339 -1368 0
-1340 -1341 0
-1340 -1342 0
-1340 -1343 0
-1340 -1344 0
-1340 -1345 0
-1340 -1346 0
-1340 -1347 0
-1340 -1348 0
-1340 -1349 0
-1340 -1350 0
-1340 -1351 0
-1340 -1352 0
-1340 -1353 0
-1340 -1354 0
-1340 -1355 0
-1340 -1356 0
-1340 -1357 0
-1340 -1358 0
-1340 -1359 0
-1340 -1360 0
-1340 -1361 0
-1340 -1362 0
-1340 -1363 0
-1340 -1364 0
-1340 -1365 0
-1340 -1366 0
-1340 -1367 0
-1340 -1368 0
-1341 -1342 0
-1341 -1343 0
-1341 -1344 0
-1341 -1345 0
-1341 -1346 0
-1341 -1347 0
-1341 -1348 0
-1341 -1349 0
-1341 -1350 0
-1341 -1351 0
-1341 -1352 0
-1341 -1353 0
-1341 -1354 0
-1341 -1355 0
-1341 -1356 0
-1341 -1357 0
-1341 -1358 0
-1341 -1359 0
-1341 -1360 0
-1341 -1361 0
-1341 -1362 0
-1341 -1363 0
-1341 -1364 0
-1341 -1365 0
-1341 -1366 0
-1341 -1367 0
-1341 -1368 0
-1342 -1343 0
-1342 -1344 0
-1342 -1345 0
-1342 -1346 0
-1342 -1347 0
-1342 -1348 0
-1342 -1349 0
-1342 -1350 0
-1342 -1351 0
-1342 -1352 0
-1342 -1353 0
-1342 -1354 0
-1342 -1355 0
-1342 -1356 0
-1342 -1357 0
-1342 -1358 0
-1342 -1359 0
-1342 -1360 0
-1342 -1361 0
-1342 -1362 0
-1342 -1363 0
-1342 -1364 0
-1342 -1365 0
-1342 -1366 0
-1342 -1367 0
-1342 -1368 0
-1343 -1344 0
-1343 -1345 0
-1343 -1346 0
-1343 -1347 0
-1343 -1348 0
-1343 -1349 0
-1343 -1350 0
-1343 -1351 0
-1343 -1352 0
-1343 -1353 0
-1343 -1354 0
-1343 -1355 0
-1343 -1356 0
-1343 -1357 0
-1343 -1358 0
-1343 -1359 0
-1343 -1360 0
-1343 -1361 0
-1343 -1362 0
-1343 -1363 0
-1343 -1364 0
-1343 -1365 0
-1343 -1366 0
-1343 -1367 0
-1343 -1368 0
-1344 -1345 0
-1344 -1346 0
-1344 -1347 0
-1344 -1348 0
-1344 -1349 0
-1344 -1350 0
-1344 -1351 0
-1344 -1352 0
-1344 -1353 0
-1344 -1354 0
-1344 -1355 0
-1344 -1356 0
-1344 -1357 0
-1344 -1358 0
-1344 -1359 0
-1344 -1360 0
-1344 -1361 0
-1344 -1362 0
-1344 -1363 0
-1344 -1364 0
-1344 -1365 0
-1344 -1366 0
-1344 -1367 0
-1344 -1368 0
-1345 -1346 0
-1345 -1347 0
-1345 -1348 0
-1345 -1349 0
-1345 -1350 0
-1345 -1351 0
-1345 -1352 0
-1345 -1353 0
-1345 -1354 0
-1345 -1355 0
-1345 -1356 0
-1345 -1357 0
-1345 -1358 0
-1345 -1359 0
-1345 -1360 0
-1345 -1361 0
-1345 -1362 0
-1345 -1363 0
-1345 -1364 0
-1345 -1365 0
-1345 -1366 0
-1345 -1367 0
-1345 -1368 0
-1346 -1347 0
-1346 -1348 0
-1346 -1349 0
-1346 -1350 0
-1346 -1351 0
-1346 -1352 0
-1346 -1353 0
-1346 -1354 0
-1346 -1355 0
-1346 -1356 0
-1346 -1357 0
-1346 -1358 0
-1346 -1359 0
-1346 -1360 0
-1346 -1361 0
-1346 -1362 0
-1346 -1363 0
-1346 -1364 0
-1346 -1365 0
-1346 -1366 0
-1346 -1367 0
-1346 -1368 0
-1347 -1348 0
-1347 -1349 0
-1347 -1350 0
-1347 -1351 0
-1347 -1352 0
-1347 -1353 0
-1347 -1354 0
-1347 -1355 0
-1347 -1356 0
-1347 -1357 0
-1347 -1358 0
-1347 -1359 0
-1347 -1360 0
-1347 -1361 0
-1347 -1362 0
-1347 -1363 0
-1347 -1364 0
-1347 -1365 0
-1347 -1366 0
-1347 -1367 0
-1347 -1368 0
-1348 -1349 0
-1348 -1350 0
-1348 -1351 0
-1348 -1352 0
-1348 -1353 0
-1348 -1354 0
-1348 -1355 0
-1348 -1356 0
-1348 -1357 0
-1348 -1358 0
-1348 -1359 0
-1348 -1360 0
-1348 -1361 0
-1348 -1362 0
-1348 -1363 0
-1348 -1364 0
-1348 -1365 0
-1348 -1366 0
-1348 -1367 0
-1348 -1368 0
-1349 -1350 0
-1349 -1351 0
-1349 -1352 0
-1349 -1353 0
-1349 -1354 0
-1349 -1355 0
-1349 -1356 0
-1349 -1357 0
-1349 -1358 0
-1349 -1359 0
-1349 -1360 0
-1349 -1361 0
-1349 -1362 0
-1349 -1363 0
-1349 -1364 0
-1349 -1365 0
-1349 -1366 0
-1349 -1367 0
-1349 -1368 0
-1350 -1351 0
-1350 -1352 0
-1350 -1353 0
-1350 -1354 0
-1350 -1355 0
-1350 -1356 0
-1350 -1357 0
-1350 -1358 0
-1350 -1359 0
-1350 -1360 0
-1350 -1361 0
-1350 -1362 0
-1350 -1363 0
-1350 -1364 0
-1350 -1365 0
-1350 -1366 0
-1350 -1367 0
-1350 -1368 0
-1351 -1352 0
-1351 -1353 0
-1351 -1354 0
-1351 -1355 0
-1351 -1356 0
-1351 -1357 0
-1351 -1358 0
-1351 -1359 0
-1351 -1360 0
-1351 -1361 0
-1351 -1362 0
-1351 -1363 0
-1351 -1364 0
-1351 -1365 0
-1351 -1366 0
-1351 -1367 0
-1351 -1368 0
-1352 -1353 0
-1352 -1354 0
-1352 -1355 0
-1352 -1356 0
-1352 -1357 0
-1352 -1358 0
-1352 -1359 0
-1352 -1360 0
-1352 -1361 0
-1352 -1362 0
-1352 -1363 0
-1352 -1364 0
-1352 -1365 0
-1352 -1366 0
-1352 -1367 0
-1352 -1368 0
-1353 -1354 0
-1353 -1355 0
-1353 -1356 0
-1353 -1357 0
-1353 -1358 0
-1353 -1359 0
-1353 -1360 0
-1353 -1361 0
-1353 -1362 0
-1353 -1363 0
-1353 -1364 0
-1353 -1365 0
-1353 -1366 0
-1353 -1367 0
-1353 -1368 0
-1354 -1355 0
-1354 -1356 0
-1354 -1357 0
-1354 -1358 0
-1354 -1359 0
-1354 -1360 0
-1354 -1361 0
-1354 -1362 0
-1354 -1363 0
-1354 -1364 0
-1354 -1365 0
-1354 -1366 0
-1354 -1367 0
-1354 -1368 0
-1355 -1356 0
-1355 -1357 0
-1355 -1358 0
-1355 -1359 0
-1355 -1360 0
-1355 -1361 0
-1355 -1362 0
-1355 -1363 0
-1355 -1364 0
-1355 -1365 0
-1355 -1366 0
-1355 -1367 0
-1355 -1368 0
-1356 -1357 0
-1356 -1358 0
-1356 -1359 0
-1356 -1360 0
-1356 -1361 0
-1356 -1362 0
-1356 -1363 0
-1356 -1364 0
-1356 -1365 0
-1356 -1366 0
-1356 -1367 0
-1356 -1368 0
-1357 -1358 0
-1357 -1359 0
-1357 -1360 0
-1357 -1361 0
-1357 -1362 0
-1357 -1363 0
-1357 -1364 0
-1357 -1365 0
-1357 -1366 0
-1357 -1367 0
-1357 -1368 0
-1358 -1359 0
-1358 -1360 0
-1358 -1361 0
-1358 -1362 0
-1358 -1363 0
-1358 -1364 0
-1358 -1365 0
-1358 -1366 0
-1358 -1367 0
-1358 -1368 0
-1359 -1360 0
-1359 -1361 0
-1359 -1362 0
-1359 -1363 0
-1359 -1364 0
-1359 -1365 0
-1359 -1366 0
-1359 -1367 0
-1359 -1368 0
-1360 -1361 0
-1360 -1362 0
-1360 -1363 0
-1360 -1364 0
-1360 -1365 0
-1360 -1366 0
-1360 -1367 0
-1360 -1368 0
-1361 -1362 0
-1361 -1363 0
-1361 -1364 0
-1361 -1365 0
-1361 -1366 0
-1361 -1367 0
-1361 -1368 0
-1362 -1363 0
-1362 -1364 0
-1362 -1365 0
-1362 -1366 0
-1362 -1367 0
-1362 -1368 0
-1363 -1364 0
-1363 -1365 0
-1363 -1366 0
-1363 -1367 0
-1363 -1368 0
-1364 -1365 0
-1364 -1366 0
-1364 -1367 0
-1364 -1368 0
-1365 -1366 0
-1365 -1367 0
-1365 -1368 0
-1366 -1367 0
-1366 -1368 0
-1367 -1368 0
-1369 -1370 0
-1369 -1371 0
-1369 -1372 0
-1369 -1373 0
-1369 -1374 0
-1369 -1375 0
-1369 -1376 0
-1369 -1377 0
-1369 -1378 0
-1369 -1379 0
-1369 -1380 0
-1369 -1381 0
-1369 -1382 0
-1369 -1383 0
-1369 -1384 0
-1369 -1385 0
-1369 -1386 0
-1369 -1387 0
-1369 -1388 0
-1369 -1389 0
-1369 -1390 0
-1369 -1391 0
-1369 -1392 0
-1369 -1393 0
-1369 -1394 0
-1369 -1395 0
-1369 -1396 0
-1369 -1397 0
-1369 -1398 0
-1369 -1399 0
-1369 -1400 0
-1369 -1401 0
-1369 -1402 0
-1369 -1403 0
-1369 -1404 0
-1369 -1405 0
-1369 -1406 0
-1370 -1371 0
-1370 -1372 0
-1370 -1373 0
-1370 -1374 0
-1370 -1375 0
-1370 -1376 0
-1370 -1377 0
-1370 -1378 0
-1370 -1379 0
-1370 -1380 0
-1370 -1381 0
-1370 -1382 0
-1370 -1383 0
-1370 -1384 0
-1370 -1385 0
-1370 -1386 0
-1370 -1387 0
-1370 -1388 0
-1370 -1389 0
-1370 -1390 0
-1370 -1391 0
-1370 -1392 0
-1370 -1393 0
-1370 -1394 0
-1370 -1395 0
-1370 -1396 0
-1370 -1397 0
-1370 -1398 0
-1370 -1399 0
-1370 -1400 0
-1370 -1401 0
-1370 -1402 0
-1370 -1403 0
-1370 -1404 0
-1370 -1405 0
-1370 -1406 0
-1371 -1372 0
-1371 -1373 0
-1371 -1374 0
-1371 -1375 0
-1371 -1376 0
-1371 -1377 0
-1371 -1378 0
-1371 -1379 0
-1371 -1380 0
-1371 -1381 0
-1371 -1382 0
-1371 -1383 0
-1371 -1384 0
-1371 -1385 0
-1371 -1386 0
-1371 -1387 0
-1371 -1388 0
-1371 -1389 0
-1371 -1390 0
-1371 -1391 0
-1371 -1392 0
-1371 -1393 0
-1371 -1394 0
-1371 -1395 0
-1371 -1396 0
-1371 -1397 0
-1371 -1398 0
-1371 -1399 0
-1371 -1400 0
-1371 -1401 0
-1371 -1402 0
-1371 -1403 0
-1371 -1404 0
-1371 -1405 0
-1371 -1406 0
-1372 -1373 0
-1372 -1374 0
-1372 -1375 0
-1372 -1376 0
-1372 -1377 0
-1372 -1378 0
-1372 -1379 0
-1372 -1380 0
-1372 -1381 0
-1372 -1382 0
-1372 -1383 0
-1372 -1384 0
-1372 -1385 0
-1372 -1386 0
-1372 -1387 0
-1372 -1388 0
-1372 -1389 0
-1372 -1390 0
-1372 -1391 0
-1372 -1392 0
-1372 -1393 0
-1372 -1394 0
-1372 -1395 0
-1372 -1396 0
-1372 -1397 0
-1372 -1398 0
-1372 -1399 0
-1372 -1400 0
-1372 -1401 0
-1372 -1402 0
-1372 -1403 0
-1372 -1404 0
-1372 -1405 0
-1372 -1406 0
-1373 -1374 0
-1373 -1375 0
-1373 -1376 0
-1373 -1377 0
-1373 -1378 0
-1373 -1379 0
-1373 -1380 0
-1373 -1381 0
-1373 -1382 0
-1373 -1383 0
-1373 -1384 0
-1373 -1385 0
-1373 -1386 0
-1373 -1387 0
-1373 -1388 0
-1373 -1389 0
-1373 -1390 0
-1373 -1391 0
-1373 -1392 0
-1373 -1393 0
-1373 -1394 0
-1373 -1395 0
-1373 -1396 0
-1373 -1397 0
-1373 -1398 0
-1373 -1399 0
-1373 -1400 0
-1373 -1401 0
-1373 -1402 0
-1373 -1403 0
-1373 -1404 0
-1373 -1405 0
-1373 -1406 0
-1374 -1375 0
-1374 -1376 0
-1374 -1377 0
-1374 -1378 0
-1374 -1379 0
-1374 -1380 0
-1374 -1381 0
-1374 -1382 0
-1374 -1383 0
-1374 -1384 0
-1374 -1385 0
-1374 -1386 0
-1374 -1387 0
-1374 -1388 0
-1374 -1389 0
-1374 -1390 0
-1374 -1391 0
-1374 -1392 0
-1374 -1393 0
-1374 -1394 0
-1374 -1395 0
-1374 -1396 0
-1374 -1397 0
-1374 -1398 0
-1374 -1399 0
-1374 -1400 0
-1374 -1401 0
-1374 -1402 0
-1374 -1403 0
-1374 -1404 0
-1374 -1405 0
-1374 -1406 0
-1375 -1376 0
-1375 -1377 0
-1375 -1378 0
-1375 -1379 0
-1375 -1380 0
-1375 -1381 0
-1375 -1382 0
-1375 -1383 0
-1375 -1384 0
-1375 -1385 0
-1375 -1386 0
-1375 -1387 0
-1375 -1388 0
-1375 -1389 0
-1375 -1390 0
-1375 -1391 0
-1375 -1392 0
-1375 -1393 0
-1375 -1394 0
-1375 -1395 0
-1375 -1396 0
-1375 -1397 0
-1375 -1398 0
-1375 -1399 0
-1375 -1400 0
-1375 -1401 0
-1375 -1402 0
-1375 -1403 0
-1375 -1404 0
-1375 -1405 0
-1375 -1406 0
-1376 -1377 0
-1376 -1378 0
-1376 -1379 0
-1376 -1380 0
-1376 -1381 0
-1376 -1382 0
-1376 -1383 0
-1376 -1384 0
-1376 -1385 0
-1376 -1386 0
-1376 -1387 0
-1376 -1388 0
-1376 -1389 0
-1376 -1390 0
-1376 -1391 0
-1376 -1392 0
-1376 -1393 0
-1376 -1394 0
-1376 -1395 0
-1376 -1396 0
-1376 -1397 0
-1376 -1398 0
-1376 -1399 0
-1376 -1400 0
-1376 -1401 0
-1376 -1402 0
-1376 -1403 0
-1376 -1404 0
-1376 -1405 0
-1376 -1406 0
-1377 -1378 0
-1377 -1379 0
-1377 -1380 0
-1377 -1381 0
-1377 -1382 0
-1377 -1383 0
-1377 -1384 0
-1377 -1385 0
-1377 -1386 0
-1377 -1387 0
-1377 -1388 0
-1377 -1389 0
-1377 -1390 0
-1377 -1391 0
-1377 -1392 0
-1377 -1393 0
-1377 -1394 0
-1377 -1395 0
-1377 -1396 0
-1377 -1397 0
-1377 -1398 0
-1377 -1399 0
-1377 -1400 0
-1377 -1401 0
-1377 -1402 0
-1377 -1403 0
-1377 -1404 0
-1377 -1405 0
-1377 -1406 0
-1378 -1379 0
-1378 -1380 0
-1378 -1381 0
-1378 -1382 0
-1378 -1383 0
-1378 -1384 0
-1378 -1385 0
-1378 -1386 0
-1378 -1387 0
-1378 -1388 0
-1378 -1389 0
-1378 -1390 0
-1378 -1391 0
-1378 -1392 0
-1378 -1393 0
-1378 -1394 0
-1378 -1395 0
-1378 -1396 0
-1378 -1397 0
-1378 -1398 0
-1378 -1399 0
-1378 -1400 0
-1378 -1401 0
-1378 -1402 0
-1378 -1403 0
-1378 -1404 0
-1378 -1405 0
-1378 -1406 0
-1379 -1380 0
-1379 -1381 0
-1379 -1382 0
-1379 -1383 0
-1379 -1384 0
-1379 -1385 0
-1379 -1386 0
-1379 -1387 0
-1379 -1388 0
-1379 -1389 0
-1379 -1390 0
-1379 -1391 0
-1379 -1392 0
-1379 -1393 0
-1379 -1394 0
-1379 -1395 0
-1379 -1396 0
-1379 -1397 0
-1379 -1398 0
-1379 -1399 0
-1379 -1400 0
-1379 -1401 0
-1379 -1402 0
-1379 -1403 0
-1379 -1404 0
-1379 -1405 0
-1379 -1406 0
-1380 -1381 0
-1380 -1382 0
-1380 -1383 0
-1380 -1384 0
-1380 -1385 0
-1380 -1386 0
-1380 -1387 0
-1380 -1388 0
-1380 -1389 0
-1380 -1390 0
-1380 -1391 0
-1380 -1392 0
-1380 -1393 0
-1380 -1394 0
-1380 -1395 0
-1380 -1396 0
-1380 -1397 0
-1380 -1398 0
-1380 -1399 0
-1380 -1400 0
-1380 -1401 0
-1380 -1402 0
-1380 -1403 0
-1380 -1404 0
-1380 -1405 0
-1380 -1406 0
-1381 -1382 0
-1381 -1383 0
-1381 -1384 0
-1381 -1385 0
-1381 -1386 0
-1381 -1387 0
-1381 -1388 0
-1381 -1389 0
-1381 -1390 0
-1381 -1391 0
-1381 -1392 0
-1381 -1393 0
-1381 -1394 0
-1381 -1395 0
-1381 -1396 0
-1381 -1397 0
-1381 -1398 0
-1381 -1399 0
-1381 -1400 0
-1381 -1401 0
-1381 -1402 0
-1381 -1403 0
-1381 -1404 0
-1381 -1405 0
-1381 -1406 0
-1382 -1383 0
-1382 -1384 0
-1382 -1385 0
-1382 -1386 0
-1382 -1387 0
-1382 -1388 0
-1382 -1389 0
-1382 -1390 0
-1382 -1391 0
-1382 -1392 0
-1382 -1393 0
-1382 -1394 0
-1382 -1395 0
-1382 -1396 0
-1382 -1397 0
-1382 -1398 0
-1382 -1399 0
-1382 -1400 0
-1382 -1401 0
-1382 -1402 0
-1382 -1403 0
-1382 -1404 0
-1382 -1405 0
-1382 -1406 0
-1383 -1384 0
-1383 -1385 0
-1383 -1386 0
-1383 -1387 0
-1383 -1388 0
-1383 -1389 0
-1383 -1390 0
-1383 -1391 0
-1383 -1392 0
-1383 -1393 0
-1383 -1394 0
-1383 -1395 0
-1383 -1396 0
-1383 -1397 0
-1383 -1398 0
-1383 -1399 0
-1383 -1400 0
-1383 -1401 0
-1383 -1402 0
-1383 -1403 0
-1383 -1404 0
-1383 -1405 0
-1383 -1406 0
-1384 -1385 0
-1384 -1386 0
-1384 -1387 0
-1384 -1388 0
-1384 -1389 0
-1384 -1390 0
-1384 -1391 0
-1384 -1392 0
-1384 -1393 0
-1384 -1394 0
-1384 -1395 0
-1384 -1396 0
-1384 -1397 0
-1384 -1398 0
-1384 -1399 0
-1384 -1400 0
-1384 -1401 0
-1384 -1402 0
-1384 -1403 0
-1384 -1404 0
-1384 -1405 0
-1384 -1406 0
-1385 -1386 0
-1385 -1387 0
-1385 -1388 0
-1385 -1389 0
-1385 -1390 0
-1385 -1391 0
-1385 -1392 0
-1385 -1393 0
-1385 -1394 0
-1385 -1395 0
-1385 -1396 0
-1385 -1397 0
-1385 -1398 0
-1385 -1399 0
-1385 -1400 0
-1385 -1401 0
-1385 -1402 0
-1385 -1403 0
-1385 -1404 0
-1385 -1405 0
-1385 -1406 0
-1386 -1387 0
-1386 -1388 0
-1386 -1389 0
-1386 -1390 0
-1386 -1391 0
-1386 -1392 0
-1386 -1393 0
-1386 -1394 0
-1386 -1395 0
-1386 -1396 0
-1386 -1397 0
-1386 -1398 0
-1386 -1399 0
-1386 -1400 0
-1386 -1401 0
-1386 -1402 0
-1386 -1403 0
-1386 -1404 0
-1386 -1405 0
-1386 -1406 0
-1387 -1388 0
-1387 -1389 0
-1387 -1390 0
-1387 -1391 0
-1387 -1392 0
-1387 -1393 0
-1387 -1394 0
-1387 -1395 0
-1387 -1396 0
-1387 -1397 0
-1387 -1398 0
-1387 -1399 0
-1387 -1400 0
-1387 -1401 0
-1387 -1402 0
-1387 -1403 0
-1387 -1404 0
-1387 -1405 0
-1387 -1406 0
-1388 -1389 0
-1388 -1390 0
-1388 -1391 0
-1388 -1392 0
-1388 -1393 0
-1388 -1394 0
-1388 -1395 0
-1388 -1396 0
-1388 -1397 0
-1388 -1398 0
-1388 -1399 0
-1388 -1400 0
-1388 -1401 0
-1388 -1402 0
-1388 -1403 0
-1388 -1404 0
-1388 -1405 0
-1388 -1406 0
-1389 -1390 0
-1389 -1391 0
-1389 -1392 0
-1389 -1393 0
-1389 -1394 0
-1389 -1395 0
-1389 -1396 0
-1389 -1397 0
-1389 -1398 0
-1389 -1399 0
-1389 -1400 0
-1389 -1401 0
-1389 -1402 0
-1389 -1403 0
-1389 -1404 0
-1389 -1405 0
-1389 -1406 0
-1390 -1391 0
-1390 -1392 0
-1390 -1393 0
-1390 -1394 0
-1390 -1395 0
-1390 -1396 0
-1390 -1397 0
-1390 -1398 0
-1390 -1399 0
-1390 -1400 0
-1390 -1401 0
-1390 -1402 0
-1390 -1403 0
-1390 -1404 0
-1390 -1405 0
-1390 -1406 0
-1391 -1392 0
-1391 -1393 0
-1391 -1394 0
-1391 -1395 0
-1391 -1396 0
-1391 -1397 0
-1391 -1398 0
-1391 -1399 0
-1391 -1400 0
-1391 -1401 0
-1391 -1402 0
-1391 -1403 0
-1391 -1404 0
-1391 -1405 0
-1391 -1406 0
-1392 -1393 0
-1392 -1394 0
-1392 -1395 0
-1392 -1396 0
-1392 -1397 0
-1392 -1398 0
-1392 -1399 0
-1392 -1400 0
-1392 -1401 0
-1392 -1402 0
-1392 -1403 0
-1392 -1404 0
-1392 -1405 0
-1392 -1406 0
-1393 -1394 0
-1393 -1395 0
-1393 -1396 0
-1393 -1397 0
-1393 -1398 0
-1393 -1399 0
-1393 -1400 0
-1393 -1401 0
-1393 -1402 0
-1393 -1403 0
-1393 -1404 0
-1393 -1405 0
-1393 -1406 0
-1394 -1395 0
-1394 -1396 0
-1394 -1397 0
-1394 -1398 0
-1394 -1399 0
-1394 -1400 0
-1394 -1401 0
-1394 -1402 0
-1394 -1403 0
-1394 -1404 0
-1394 -1405 0
-1394 -1406 0
-1395 -1396 0
-1395 -1397 0
-1395 -1398 0
-1395 -1399 0
-1395 -1400 0
-1395 -1401 0
-1395 -1402 0
-1395 -1403 0
-1395 -1404 0
-1395 -1405 0
-1395 -1406 0
-1396 -1397 0
-1396 -1398 0
-1396 -1399 0
-1396 -1400 0
-1396 -1401 0
-1396 -1402 0
-1396 -1403 0
-1396 -1404 0
-1396 -1405 0
-1396 -1406 0
-1397 -1398 0
-1397 -1399 0
-1397 -1400 0
-1397 -1401 0
-1397 -1402 0
-1397 -1403 0
-1397 -1404 0
-1397 -1405 0
-1397 -1406 0
-1398 -1399 0
-1398 -1400 0
-1398 -1401 0
-1398 -1402 0
-1398 -1403 0
-1398 -1404 0
-1398 -1405 0
-1398 -1406 0
-1399 -1400 0
-1399 -1401 0
-1399 -1402 0
-1399 -1403 0
-1399 -1404 0
-1399 -1405 0
-1399 -1406 0
-1400 -1401 0
-1400 -1402 0
-1400 -1403 0
-1400 -1404 0
-1400 -1405 0
-1400 -1406 0
-1401 -1402 0
-1401 -1403 0
-1401 -1404 0
-1401 -1405 0
-1401 -1406 0
-1402 -1403 0
-1402 -1404 0
-1402 -1405 0
-1402 -1406 0
-1403 -1404 0
-1403 -1405 0
-1403 -1406 0
-1404 -1405 0
-1404 -1406 0
-1405 -1406 0
-1407 -1408 0
-1407 -1409 0
-1407 -1410 0
-1407 -1411 0
-1407 -1412 0
-1407 -1413 0
-1407 -1414 0
-1407 -1415 0
-1407 -1416 0
-1407 -1417 0
-1407 -1418 0
-1407 -1419 0
-1407 -1420 0
-1407 -1421 0
-1407 -1422 0
-1407 -1423 0
-1407 -1424 0
-1407 -1425 0
-1407 -1426 0
-1407 -1427 0
-1407 -1428 0
-1407 -1429 0
-1407 -1430 0
-1407 -1431 0
-1407 -1432 0
-1407 -1433 0
-1407 -1434 0
-1407 -1435 0
-1407 -1436 0
-1407 -1437 0
-1407 -1438 0
-1407 -1439 0
-1407 -1440 0
-1407 -1441 0
-1407 -1442 0
-1407 -1443 0
-1407 -1444 0
-1408 -1409 0
-1408 -1410 0
-1408 -1411 0
-1408 -1412 0
-1408 -1413 0
-1408 -1414 0
-1408 -1415 0
-1408 -1416 0
-1408 -1417 0
-1408 -1418 0
-1408 -1419 0
-1408 -1420 0
-1408 -1421 0
-1408 -1422 0
-1408 -1423 0
-1408 -1424 0
-1408 -1425 0
-1408 -1426 0
-1408 -1427 0
-1408 -1428 0
-1408 -1429 0
-1408 -1430 0
-1408 -1431 0
-1408 -1432 0
-1408 -1433 0
-1408 -1434 0
-1408 -1435 0
-1408 -1436 0
-1408 -1437 0
-1408 -1438 0
-1408 -1439 0
-1408 -1440 0
-1408 -1441 0
-1408 -1442 0
-1408 -1443 0
-1408 -1444 0
-1409 -1410 0
-1409 -1411 0
-1409 -1412 0
-1409 -1413 0
-1409 -1414 0
-1409 -1415 0
-1409 -1416 0
-1409 -1417 0
-1409 -1418 0
-1409 -1419 0
-1409 -1420 0
-1409 -1421 0
-1409 -1422 0
-1409 -1423 0
-1409 -1424 0
-1409 -1425 0
-1409 -1426 0
-1409 -1427 0
-1409 -1428 0
-1409 -1429 0
-1409 -1430 0
-1409 -1431 0
-1409 -1432 0
-1409 -1433 0
-1409 -1434 0
-1409 -1435 0
-1409 -1436 0
-1409 -1437 0
-1409 -1438 0
-1409 -1439 0
-1409 -1440 0
-1409 -1441 0
-1409 -1442 0
-1409 -1443 0
-1409 -1444 0
-1410 -1411 0
-1410 -1412 0
-1410 -1413 0
-1410 -1414 0
-1410 -1415 0
-1410 -1416 0
-1410 -1417 0
-1410 -1418 0
-1410 -1419 0
-1410 -1420 0
-1410 -1421 0
-1410 -1422 0
-1410 -1423 0
-1410 -1424 0
-1410 -1425 0
-1410 -1426 0
-1410 -1427 0
-1410 -1428 0
-1410 -1429 0
-1410 -1430 0
-1410 -1431 0
-1410 -1432 0
-1410 -1433 0
-1410 -1434 0
-1410 -1435 0
-1410 -1436 0
-1410 -1437 0
-1410 -1438 0
-1410 -1439 0
-1410 -1440 0
-1410 -1441 0
-1410 -1442 0
-1410 -1443 0
-1410 -1444 0
-1411 -1412 0
-1411 -1413 0
-1411 -1414 0
-1411 -1415 0
-1411 -1416 0
-1411 -1417 0
-1411 -1418 0
-1411 -1419 0
-1411 -1420 0
-1411 -1421 0
-1411 -1422 0
-1411 -1423 0
-1411 -1424 0
-1411 -1425 0
-1411 -1426 0
-1411 -1427 0
-1411 -1428 0
-1411 -1429 0
-1411 -1430 0
-1411 -1431 0
-1411 -1432 0
-1411 -1433 0
-1411 -1434 0
-1411 -1435 0
-1411 -1436 0
-1411 -1437 0
-1411 -1438 0
-1411 -1439 0
-1411 -1440 0
-1411 -1441 0
-1411 -1442 0
-1411 -1443 0
-1411 -1444 0
-1412 -1413 0
-1412 -1414 0
-1412 -1415 0
-1412 -1416 0
-1412 -1417 0
-1412 -1418 0
-1412 -1419 0
-1412 -1420 0
-1412 -1421 0
-1412 -1422 0
-1412 -1423 0
-1412 -1424 0
-1412 -1425 0
-1412 -1426 0
-1412 -1427 0
-1412 -1428 0
-1412 -1429 0
-1412 -1430 0
-1412 -1431 0
-1412 -1432 0
-1412 -1433 0
-1412 -1434 0
-1412 -1435 0
-1412 -1436 0
-1412 -1437 0
-1412 -1438 0
-1412 -1439 0
-1412 -1440 0
-1412 -1441 0
-1412 -1442 0
-1412 -1443 0
-1412 -1444 0
-1413 -1414 0
-1413 -1415 0
-1413 -1416 0
-1413 -1417 0
-1413 -1418 0
-1413 -1419 0
-1413 -1420 0
-1413 -1421 0
-1413 -1422 0
-1413 -1423 0
-1413 -1424 0
-1413 -1425 0
-1413 -1426 0
-1413 -1427 0
-1413 -1428 0
-1413 -1429 0
-1413 -1430 0
-1413 -1431 0
-1413 -1432 0
-1413 -1433 0
-1413 -1434 0
-1413 -1435 0
-1413 -1436 0
-1413 -1437 0
-1413 -1438 0
-1413 -1439 0
-1413 -1440 0
-1413 -1441 0
-1413 -1442 0
-1413 -1443 0
-1413 -1444 0
-1414 -1415 0
-1414 -1416 0
-1414 -1417 0
-1414 -1418 0
-1414 -1419 0
-1414 -1420 0
-1414 -1421 0
-1414 -1422 0
-1414 -1423 0
-1414 -1424 0
-1414 -1425 0
-1414 -1426 0
-1414 -1427 0
-1414 -1428 0
-1414 -1429 0
-1414 -1430 0
-1414 -1431 0
-1414 -1432 0
-1414 -1433 0
-1414 -1434 0
-1414 -1435 0
-1414 -1436 0
-1414 -1437 0
-1414 -1438 0
-1414 -1439 0
-1414 -1440 0
-1414 -1441 0
-1414 -1442 0
-1414 -1443 0
-1414 -1444 0
-1415 -1416 0
-1415 -1417 0
-1415 -1418 0
-1415 -1419 0
-1415 -1420 0
-1415 -1421 0
-1415 -1422 0
-1415 -1423 0
-1415 -1424 0
-1415 -1425 0
-1415 -1426 0
-1415 -1427 0
-1415 -1428 0
-1415 -1429 0
-1415 -1430 0
-1415 -1431 0
-1415 -1432 0
-1415 -1433 0
-1415 -1434 0
-1415 -1435 0
-1415 -1436 0
-1415 -1437 0
-1415 -1438 0
-1415 -1439 0
-1415 -1440 0
-1415 -1441 0
-1415 -1442 0
-1415 -1443 0
-1415 -1444 0
-1416 -1417 0
-1416 -1418 0
-1416 -1419 0
-1416 -1420 0
-1416 -1421 0
-1416 -1422 0
-1416 -1423 0
-1416 -1424 0
-1416 -1425 0
-1416 -1426 0
-1416 -1427 0
-1416 -1428 0
-1416 -1429 0
-1416 -1430 0
-1416 -1431 0
-1416 -1432 0
-1416 -1433 0
-1416 -1434 0
-1416 -1435 0
-1416 -1436 0
-1416 -1437 0
-1416 -1438 0
-1416 -1439 0
-1416 -1440 0
-1416 -1441 0
-1416 -1442 0
-1416 -1443 0
-1416 -1444 0
-1417 -1418 0
-1417 -1419 0
-1417 -1420 0
-1417 -1421 0
-1417 -1422 0
-1417 -1423 0
-1417 -1424 0
-1417 -1425 0
-1417 -1426 0
-1417 -1427 0
-1417 -1428 0
-1417 -1429 0
-1417 -1430 0
-1417 -1431 0
-1417 -1432 0
-1417 -1433 0
-1417 -1434 0
-1417 -1435 0
-1417 -1436 0
-1417 -1437 0
-1417 -1438 0
-1417 -1439 0
-1417 -1440 0
-1417 -1441 0
-1417 -1442 0
-1417 -1443 0
-1417 -1444 0
-1418 -1419 0
-1418 -1420 0
-1418 -1421 0
-1418 -1422 0
-1418 -1423 0
-1418 -1424 0
-1418 -1425 0
-1418 -1426 0
-1418 -1427 0
-1418 -1428 0
-1418 -1429 0
-1418 -1430 0
-1418 -1431 0
-1418 -1432 0
-1418 -1433 0
-1418 -1434 0
-1418 -1435 0
-1418 -1436 0
-1418 -1437 0
-1418 -1438 0
-1418 -1439 0
-1418 -1440 0
-1418 -1441 0
-1418 -1442 0
-1418 -1443 0
-1418 -1444 0
-1419 -1420 0
-1419 -1421 0
-1419 -1422 0
-1419 -1423 0
-1419 -1424 0
-1419 -1425 0
-1419 -1426 0
-1419 -1427 0
-1419 -1428 0
-1419 -1429 0
-1419 -1430 0
-1419 -1431 0
-1419 -1432 0
-1419 -1433 0
-1419 -1434 0
-1419 -1435 0
-1419 -1436 0
-1419 -1437 0
-1419 -1438 0
-1419 -1439 0
-1419 -1440 0
-1419 -1441 0
-1419 -1442 0
-1419 -1443 0
-1419 -1444 0
-1420 -1421 0
-1420 -1422 0
-1420 -1423 0
-1420 -1424 0
-1420 -1425 0
-1420 -1426 0
-1420 -1427 0
-1420 -1428 0
-1420 -1429 0
-1420 -1430 0
-1420 -1431 0
-1420 -1432 0
-1420 -1433 0
-1420 -1434 0
-1420 -1435 0
-1420 -1436 0
-1420 -1437 0
-1420 -1438 0
-1420 -1439 0
-1420 -1440 0
-1420 -1441 0
-1420 -1442 0
-1420 -1443 0
-1420 -1444 0
-1421 -1422 0
-1421 -1423 0
-1421 -1424 0
-1421 -1425 0
-1421 -1426 0
-1421 -1427 0
-1421 -1428 0
-1421 -1429 0
-1421 -1430 0
-1421 -1431 0
-1421 -1432 0
-1421 -1433 0
-1421 -1434 0
-1421 -1435 0
-1421 -1436 0
-1421 -1437 0
-1421 -1438 0
-1421 -1439 0
-1421 -1440 0
-1421 -1441 0
-1421 -1442 0
-1421 -1443 0
-1421 -1444 0
-1422 -1423 0
-1422 -1424 0
-1422 -1425 0
-1422 -1426 0
-1422 -1427 0
-1422 -1428 0
-1422 -1429 0
-1422 -1430 0
-1422 -1431 0
-1422 -1432 0
-1422 -1433 0
-1422 -1434 0
-1422 -1435 0
-1422 -1436 0
-1422 -1437 0
-1422 -1438 0
-1422 -1439 0
-1422 -1440 0
-1422 -1441 0
-1422 -1442 0
-1422 -1443 0
-1422 -1444 0
-1423 -1424 0
-1423 -1425 0
-1423 -1426 0
-1423 -1427 0
-1423 -1428 0
-1423 -1429 0
-1423 -1430 0
-1423 -1431 0
-1423 -1432 0
-1423 -1433 0
-1423 -1434 0
-1423 -1435 0
-1423 -1436 0
-1423 -1437 0
-1423 -1438 0
-1423 -1439 0
-1423 -1440 0
-1423 -1441 0
-1423 -1442 0
-1423 -1443 0
-1423 -1444 0
-1424 -1425 0
-1424 -1426 0
-1424 -1427 0
-1424 -1428 0
-1424 -1429 0
-1424 -1430 0
-1424 -1431 0
-1424 -1432 0
-1424 -1433 0
-1424 -1434 0
-1424 -1435 0
-1424 -1436 0
-1424 -1437 0
-1424 -1438 0
-1424 -1439 0
-1424 -1440 0
-1424 -1441 0
-1424 -1442 0
-1424 -1443 0
-1424 -1444 0
-1425 -1426 0
-1425 -1427 0
-1425 -1428 0
-1425 -1429 0
-1425 -1430 0
-1425 -1431 0
-1425 -1432 0
-1425 -1433 0
-1425 -1434 0
-1425 -1435 0
-1425 -1436 0
-1425 -1437 0
-1425 -1438 0
-1425 -1439 0
-1425 -1440 0
-1425 -1441 0
-1425 -1442 0
-1425 -1443 0
-1425 -1444 0
-1426 -1427 0
-1426 -1428 0
-1426 -1429 0
-1426 -1430 0
-1426 -1431 0
-1426 -1432 0
-1426 -1433 0
-1426 -1434 0
-1426 -1435 0
-1426 -1436 0
-1426 -1437 0
-1426 -1438 0
-1426 -1439 0
-1426 -1440 0
-1426 -1441 0
-1426 -1442 0
-1426 -1443 0
-1426 -1444 0
-1427 -1428 0
-1427 -1429 0
-1427 -1430 0
-1427 -1431 0
-1427 -1432 0
-1427 -1433 0
-1427 -1434 0
-1427 -1435 0
-1427 -1436 0
-1427 -1437 0
-1427 -1438 0
-1427 -1439 0
-1427 -1440 0
-1427 -1441 0
-1427 -1442 0
-1427 -1443 0
-1427 -1444 0
-1428 -1429 0
-1428 -1430 0
-1428 -1431 0
-1428 -1432 0
-1428 -1433 0
-1428 -1434 0
-1428 -1435 0
-1428 -1436 0
-1428 -1437 0
-1428 -1438 0
-1428 -1439 0
-1428 -1440 0
-1428 -1441 0
-1428 -1442 0
-1428 -1443 0
-1428 -1444 0
-1429 -1430 0
-1429 -1431 0
-1429 -1432 0
-1429 -1433 0
-1429 -1434 0
-1429 -1435 0
-1429 -1436 0
-1429 -1437 0
-1429 -1438 0
-1429 -1439 0
-1429 -1440 0
-1429 -1441 0
-1429 -1442 0
-1429 -1443 0
-1429 -1444 0
-1430 -1431 0
-1430 -1432 0
-1430 -1433 0
-1430 -1434 0
-1430 -1435 0
-1430 -1436 0
-1430 -1437 0
-1430 -1438 0
-1430 -1439 0
-1430 -1440 0
-1430 -1441 0
-1430 -1442 0
-1430 -1443 0
-1430 -1444 0
-1431 -1432 0
-1431 -1433 0
-1431 -1434 0
-1431 -1435 0
-1431 -1436 0
-1431 -1437 0
-1431 -1438 0
-1431 -1439 0
-1431 -1440 0
-1431 -1441 0
-1431 -1442 0
-1431 -1443 0
-1431 -1444 0
-1432 -1433 0
-1432 -1434 0
-1432 -1435 0
-1432 -1436 0
-1432 -1437 0
-1432 -1438 0
-1432 -1439 0
-1432 -1440 0
-1432 -1441 0
-1432 -1442 0
-1432 -1443 0
-1432 -1444 0
-1433 -1434 0
-1433 -1435 0
-1433 -1436 0
-1433 -1437 0
-1433 -1438 0
-1433 -1439 0
-1433 -1440 0
-1433 -1441 0
-1433 -1442 0
-1433 -1443 0
-1433 -1444 0
-1434 -1435 0
-1434 -1436 0
-1434 -1437 0
-1434 -1438 0
-1434 -1439 0
-1434 -1440 0
-1434 -1441 0
-1434 -1442 0
-1434 -1443 0
-1434 -1444 0
-1435 -1436 0
-1435 -1437 0
-1435 -1438 0
-1435 -1439 0
-1435 -1440 0
-1435 -1441 0
-1435 -1442 0
-1435 -1443 0
-1435 -1444 0
-1436 -1437 0
-1436 -1438 0
-1436 -1439 0
-1436 -1440 0
-1436 -1441 0
-1436 -1442 0
-1436 -1443 0
-1436 -1444 0
-1437 -1438 0
-1437 -1439 0
-1437 -1440 0
-1437 -1441 0
-1437 -1442 0
-1437 -1443 0
-1437 -1444 0
-1438 -1439 0
-1438 -1440 0
-1438 -1441 0
-1438 -1442 0
-1438 -1443 0
-1438 -1444 0
-1439 -1440 0
-1439 -1441 0
-1439 -1442 0
-1439 -1443 0
-1439 -1444 0
-1440 -1441 0
-1440 -1442 0
-1440 -1443 0
-1440 -1444 0
-1441 -1442 0
-1441 -1443 0
-1441 -1444 0
-1442 -1443 0
-1442 -1444 0
-1443 -1444 0
1 39 77 115 153 191 229 267 305 343 381 419 457 495 533 571 609 647 685 723 761 799 837 875 913 951 989 1027 1065 1103 1141 1179 1217 1255 1293 1331 1369 1407 0
2 40 78 116 154 192 230 268 306 344 382 420 458 496 534 572 610 648 686 724 762 800 838 876 914 952 990 1028 1066 1104 1142 1180 1218 1256 1294 1332 1370 1408 0
3 41 79 117 155 193 231 269 307 345 383 421 459 497 535 573 611 649 687 725 763 801 839 877 915 953 991 1029 1067 1105 1143 1181 1219 1257 1295 1333 1371 1409 0
4 42 80 118 156 194 232 270 308 346 384 422 460 498 536 574 612 650 688 726 764 802 840 878 916 954 992 1030 1068 1106 1144 1182 1220 1258 1296 1334 1372 1410 0
5 43 81 119 157 195 233 271 309 347 385 423 461 499 537 575 613 651 689 727 765 803 841 879 917 955 993 1031 1069 1107 1145 1183 1221 1259 1297 1335 1373 1411 0
6 44 82 120 158 196 234 272 310 348 386 424 462 500 538 576 614 652 690 728 766 804 842 880 918 956 994 1032 1070 1108 1146 1184 1222 1260 1298 1336 1374 1412 0
7 45 83 121 159 197 235 273 311 349 387 425 463 501 539 577 615 653 691 729 767 805 843 881 919 957 995 1033 1071 1109 1147 1185 1223 1261 1299 1337 1375 1413 0
8 46 84 122 160 198 236 274 312 350 388 426 464 502 540 578 616 654 692 730 768 806 844 882 920 958 996 1034 1072 1110 1148 1186 1224 1262 1300 1338 1376 1414 0
9 47 85 123 161 199 237 275 313 351 389 427 465 503 541 579 617 655 693 731 769 807 845 883 921 959 997 1035 1073 1111 1149 1187 1225 1263 1301 1339 1377 1415 0
10 48 86 124 162 200 238 276 314 352 390 428 466 504 542 580 618 656 694 732 770 808 846 884 922 960 998 1036 1074 1112 1150 1188 1226 1264 1302 1340 1378 1416 0
11 49 87 125 163 201 239 277 315 353 391 429 467 505 543 581 619 657 695 733 771 809 847 885 923 961 999 1037 1075 1113 1151 1189 1227 1265 1303 1341 1379 1417 0
12 50 88 126 164 202 240 278 316 354 392 430 468 506 544 582 620 658 696 734 772 810 848 886 924 962 1000 1038 1076 1114 1152 1190 1228 1266 1304 1342 1380 1418 0
13 51 89 127 165 203 241 279 317 355 393 431 469 507 545 583 621 659 697 735 773 811 849 887 925 963 1001 1039 1077 1115 1153 1191 1229 1267 1305 1343 1381 1419 0
14 52 90 128 166 204 242 280 318 356 394 432 470 508 546 584 622 660 698 736 774 812 850 888 926 964 1002 1040 1078 1116 1154 1192 1230 1268 1306 1344 1382 1420 0
15 53 91 129 167 205 243 281 319 357 395 433 471 509 547 585 623 661 699 737 775 813 851 889 927 965 1003 1041 1079 1117 1155 1193 1231 1269 1307 1345 1383 1421 0
16 54 92 130 168 206 244 282 320 358 396 434 472 510 548 586 624 662 700 738 776 814 852 890 928 966 1004 1042 1080 1118 1156 1194 1232 1270 1308 1346 1384 1422 0
17 55 93 131 169 207 245 283 321 359 397 435 473 511 549 587 625 663 701 739 777 815 853 891 929 967 1005 1043 1081 1119 1157 1195 1233 1271 1309 1347 1385 1423 0
18 56 94 132 170 208 246 284 322 360 398 436 474 512 550 588 626 664 702 740 778 816 854 892 930 968 1006 1044 1082 1120 1158 1196 1234 1272 1310 1348 1386 1424 0
19 57 95 133 171 209 247 285 323 361 399 437 475 513 551 589 627 665 703 741 779 817 855 893 931 969 1007 1045 1083 1121 1159 1197 1235 1273 1311 1349 1387 1425 0
20 58 96 134 172 210 248 286 324 362 400 438 476 514 552 590 628 666 704 742 780 818 856 894 932 970 1008 1046 1084 1122 1160 1198 1236 1274 1312 1350 1388 1426 0
21 59 97 135 173 211 249 287 325 363 401 439 477 515 553 591 629 667 705 743 781 819 857 895 933 971 1009 1047 1085 1123 1161 1199 1237 1275 1313 1351 1389 1427 0
22 60 98 136 174 212 250 288 326 364 402 440 478 516 554 592 630 668 706 744 782 820 858 896 934 972 1010 1048 1086 1124 1162 1200 1238 1276 1314 1352 1390 1428 0
23 61 99 137 175 213 251 289 327 365 403 441 479 517 555 593 631 669 707 745 783 821 859 897 935 973 1011 1049 1087 1125 1163 1201 1239 1277 1315 1353 1391 1429 0
24 62 100 138 176 214 252 290 328 366 404 442 480 518 556 594 632 670 708 746 784 822 860 898 936 974 1012 1050 1088 1126 1164 1202 1240 1278 1316 1354 1392 1430 0
25 63 101 139 177 215 253 291 329 367 405 443 481 519 557 595 633 671 709 747 785 823 861 899 937 975 1013 1051 1089 1127 1165 1203 1241 1279 1317 1355 1393 1431 0
26 64 102 140 178 216 254 292 330 368 406 444 482 520 558 596 634 672 710 748 786 824 862 900 938 976 1014 1052 1090 1128 1166 1204 1242 1280 1318 1356 1394 1432 0
27 65 103 141 179 217 255 293 331 369 407 445 483 521 559 597 635 673 711 749 787 825 863 901 939 977 1015 1053 1091 1129 1167 1205 1243 1281 1319 1357 1395 1433 0
28 66 104 142 180 218 256 294 332 370 408 446 484 522 560 598 636 674 712 750 788 826 864 902 940 978 1016 1054 1092 1130 1168 1206 1244 1282 1320 1358 1396 1434 0
29 67 105 143 181 219 257 295 333 371 409 447 485 523 561 599 637 675 713 751 789 827 865 903 941 979 1017 1055 1093 1131 1169 1207 1245 1283 1321 1359 1397 1435 0
30 68 106 144 182 220 258 296 334 372 410 448 486 524 562 600 638 676 714 752 790 828 866 904 942 980 1018 1056 1094 1132 1170 1208 1246 1284 1322 1360 1398 1436 0
31 69 107 145 183 221 259 297 335 373 411 449 487 525 563 601 639 677 715 753 791 829 867 905 943 981 1019 1057 1095 1133 1171 1209 1247 1285 1323 1361 1399 1437 0
32 70 108 146 184 222 260 298 336 374 412 450 488 526 564 602 640 678 716 754 792 830 868 906 944 982 1020 1058 1096 1134 1172 1210 1248 1286 1324 1362 1400 1438 0
33 71 109 147 185 223 261 299 337 375 413 451 489 527 565 603 641 679 717 755 793 831 869 907 945 983 1021 1059 1097 1135 1173 1211 1249 1287 1325 1363 1401 1439 0
34 72 110 148 186 224 262 300 338 376 414 452 490 528 566 604 642 680 718 756 794 832 870 908 946 984 1022 1060 1098 1136 1174 1212 1250 1288 1326 1364 1402 1440 0
35 73 111 149 187 225 263 301 339 377 415 453 491 529 567 605 643 681 719 757 795 833 871 909 947 985 1023 1061 1099 1137 1175 1213 1251 1289 1327 1365 1403 1441 0
36 74 112 150 188 226 264 302 340 378 416 454 492 530 568 606 644 682 720 758 796 834 872 910 948 986 1024 1062 1100 1138 1176 1214 1252 1290 1328 1366 1404 1442 0
37 75 113 151 189 227 265 303 341 379 417 455 493 531 569 607 645 683 721 759 797 835 873 911 949 987 1025 1063 1101 1139 1177 1215 1253 1291 1329 1367 1405 1443 0
38 76 114 152 190 228 266 304 342 380 418 456 494 532 570 608 646 684 722 760 798 836 874 912 950 988 1026 1064 1102 1140 1178 1216 1254 1292 1330 1368 1406 1444 0
-1 -40 0
-1 -79 0
-1 -118 0
-1 -157 0
-1 -196 0
-1 -235 0
-1 -274 0
-1 -313 0
-1 -352 0
-1 -391 0
-1 -430 0
-1 -469 0
-1 -508 0
-1 -547 0
-1 -586 0
-1 -625 0
-1 -664 0
-1 -703 0
-1 -742 0
-1 -781 0
-1 -820 0
-1 -859 0
-1 -898 0
-1 -937 0
-1 -976 0
-1 -1015 0
-1 -1054 0
-1 -1093 0
-1 -1132 0
-1 -1171 0
-1 -1210 0
-1 -1249 0
-1 -1288 0
-1 -1327 0
-1 -1366 0
-1 -1405 0
-1 -1444 0
-40 -79 0
-40 -118 0
-40 -157 0
-40 -196 0
-40 -235 0
-40 -274 0
-40 -313 0
-40 -352 0
-40 -391 0
-40 -430 0
-40 -469 0
-40 -508 0
-40 -547 0
-40 -586 0
-40 -625 0
-40 -664 0
-40 -703 0
-40 -742 0
-40 -781 0
-40 -820 0
-40 -859 0
-40 -898 0
-40 -937 0
-40 -976 0
-40 -1015 0
-40 -1054 0
-40 -1093 0
-40 -1132 0
-40 -1171 0
-40 -1210 0
-40 -1249 0
-40 -1288 0
-40 -1327 0
-40 -1366 0
-40 -1405 0
-40 -1444 0
-79 -118 0
-79 -157 0
-79 -196 0
-79 -235 0
-79 -274 0
-79 -313 0
-79 -352 0
-79 -391 0
-79 -430 0
-79 -469 0
-79 -508 0
-79 -547 0
-79 -586 0
-79 -625 0
-79 -664 0
-79 -703 0
-79 -742 0
-79 -781 0
-79 -820 0
-79 -859 0
-79 -898 0
-79 -937 0
-79 -976 0
-79 -1015 0
-79 -1054 0
-79 -1093 0
-79 -1132 0
-79 -1171 0
-79 -1210 0
-79 -1249 0
-79 -1288 0
-79 -1327 0
-79 -1366 0
-79 -1405 0
-79 -1444 0
-118 -157 0
-118 -196 0
-118 -235 0
-118 -274 0
-118 -313 0
-118 -352 0
-118 -391 0
-118 -430 0
-118 -469 0
-118 -508 0
-118 -547 0
-118 -586 0
-118 -625 0
-118 -664 0
-118 -703 0
-118 -742 0
-118 -781 0
-118 -820 0
-118 -859 0
-118 -898 0
-118 -937 0
-118 -976 0
-118 -1015 0
-118 -1054 0
-118 -1093 0
-118 -1132 0
-118 -1171 0
-118 -1210 0
-118 -1249 0
-118 -1288 0
-118 -1327 0
-118 -1366 0
-118 -1405 0
-118 -1444 0
-157 -196 0
-157 -235 0
-157 -274 0
-157 -313 0
-157 -352 0
-157 -391 0
-157 -430 0
-157 -469 0
-157 -508 0
-157 -547 0
-157 -586 0
-157 -625 0
-157 -664 0
-157 -703 0
-157 -742 0
-157 -781 0
-157 -820 0
-157 -859 0
-157 -898 0
-157 -937 0
-157 -976 0
-157 -1015 0
-157 -1054 0
-157 -1093 0
-157 -1132 0
-157 -1171 0
-157 -1210 0
-157 -1249 0
-157 -1288 0
-157 -1327 0
-157 -1366 0
-157 -1405 0
-157 -1444 0
-196 -235 0
-196 -274 0
-196 -313 0
-196 -352 0
-196 -391 0
-196 -430 0
-196 -469 0
-196 -508 0
-196 -547 0
-196 -586 0
-196 -625 0
-196 -664 0
-196 -703 0
-196 -742 0
-196 -781 0
-196 -820 0
-196 -859 0
-196 -898 0
-196 -937 0
-196 -976 0
-196 -1015 0
-196 -1054 0
-196 -1093 0
-196 -1132 0
-196 -1171 0
-196 -1210 0
-196 -1249 0
-196 -1288 0
-196 -1327 0
-196 -1366 0
-196 -1405 0
-196 -1444 0
-235 -274 0
-235 -313 0
-235 -352 0
-235 -391 0
-235 -430 0
-235 -469 0
-235 -508 0
-235 -547 0
-235 -586 0
-235 -625 0
-235 -664 0
-235 -703 0
-235 -742 0
-235 -781 0
-235 -820 0
-235 -859 0
-235 -898 0
-235 -937 0
-235 -976 0
-235 -1015 0
-235 -1054 0
-235 -1093 0
-235 -1132 0
-235 -1171 0
-235 -1210 0
-235 -1249 0
-235 -1288 0
-235 -1327 0
-235 -1366 0
-235 -1405 0
-235 -1444 0
-274 -313 0
-274 -352 0
-274 -391 0
-274 -430 0
-274 -469 0
-274 -508 0
-274 -547 0
-274 -586 0
-274 -625 0
-274 -664 0
-274 -703 0
-274 -742 0
-274 -781 0
-274 -820 0
-274 -859 0
-274 -898 0
-274 -937 0
-274 -976 0
-274 -1015 0
-274 -1054 0
-274 -1093 0
-274 -1132 0
-274 -1171 0
-274 -1210 0
-274 -1249 0
-274 -1288 0
-274 -1327 0
-274 -1366 0
-274 -1405 0
-274 -1444 0
-313 -352 0
-313 -391 0
-313 -430 0
-313 -469 0
-313 -508 0
-313 -547 0
-313 -586 0
-313 -625 0
-313 -664 0
-313 -703 0
-313 -742 0
-313 -781 0
-313 -820 0
-313 -859 0
-313 -898 0
-313 -937 0
-313 -976 0
-313 -1015 0
-313 -1054 0
-313 -1093 0
-313 -1132 0
-313 -1171 0
-313 -1210 0
-313 -1249 0
-313 -1288 0
-313 -1327 0
-313 -1366 0
-313 -1405 0
-313 -1444 0
-352 -391 0
-352 -430 0
-352 -469 0
-352 -508 0
-352 -547 0
-352 -586 0
-352 -625 0
-352 -664 0
-352 -703 0
-352 -742 0
-352 -781 0
-352 -820 0
-352 -859 0
-352 -898 0
-352 -937 0
-352 -976 0
-352 -1015 0
-352 -1054 0
-352 -1093 0
-352 -1132 0
-352 -1171 0
-352 -1210 0
-352 -1249 0
-352 -1288 0
-352 -1327 0
-352 -1366 0
-352 -1405 0
-352 -1444 0
-391 -430 0
-391 -469 0
-391 -508 0
-391 -547 0
-391 -586 0
-391 -625 0
-391 -664 0
-391 -703 0
-391 -742 0
-391 -781 0
-391 -820 0
-391 -859 0
-391 -898 0
-391 -937 0
-391 -976 0
-391 -1015 0
-391 -1054 0
-391 -1093 0
-391 -1132 0
-391 -1171 0
-391 -1210 0
-391 -1249 0
-391 -1288 0
-391 -1327 0
-391 -1366 0
-391 -1405 0
-391 -1444 0
-430 -469 0
-430 -508 0
-430 -547 0
-430 -586 0
-430 -625 0
-430 -664 0
-430 -703 0
-430 -742 0
-430 -781 0
-430 -820 0
-430 -859 0
-430 -898 0
-430 -937 0
-430 -976 0
-430 -1015 0
-430 -1054 0
-430 -1093 0
-430 -1132 0
-430 -1171 0
-430 -1210 0
-430 -1249 0
-430 -1288 0
-430 -1327 0
-430 -1366 0
-430 -1405 0
-430 -1444 0
-469 -508 0
-469 -547 0
-469 -586 0
-469 -625 0
-469 -664 0
-469 -703 0
-469 -742 0
-469 -781 0
-469 -820 0
-469 -859 0
-469 -898 0
-469 -937 0
-469 -976 0
-469 -1015 0
-469 -1054 0
-469 -1093 0
-469 -1132 0
-469 -1171 0
-469 -1210 0
-469 -1249 0
-469 -1288 0
-469 -1327 0
-469 -1366 0
-469 -1405 0
-469 -1444 0
-508 -547 0
-508 -586 0
-508 -625 0
-508 -664 0
-508 -703 0
-508 -742 0
-508 -781 0
-508 -820 0
-508 -859 0
-508 -898 0
-508 -937 0
-508 -976 0
-508 -1015 0
-508 -1054 0
-508 -1093 0
-508 -1132 0
-508 -1171 0
-508 -1210 0
-508 -1249 0
-508 -1288 0
-508 -1327 0
-508 -1366 0
-508 -1405 0
-508 -1444 0
-547 -586 0
-547 -625 0
-547 -664 0
-547 -703 0
-547 -742 0
-547 -781 0
-547 -820 0
-547 -859 0
-547 -898 0
-547 -937 0
-547 -976 0
-547 -1015 0
-547 -1054 0
-547 -1093 0
-547 -1132 0
-547 -1171 0
-547 -1210 0
-547 -1249 0
-547 -1288 0
-547 -1327 0
-547 -1366 0
-547 -1405 0
-547 -1444 0
-586 -625 0
-586 -664 0
-586 -703 0
-586 -742 0
-586 -781 0
-586 -820 0
-586 -859 0
-586 -898 0
-586 -937 0
-586 -976 0
-586 -1015 0
-586 -1054 0
-586 -1093 0
-586 -1132 0
-586 -1171 0
-586 -1210 0
-586 -1249 0
-586 -1288 0
-586 -1327 0
-586 -1366 0
-586 -1405 0
-586 -1444 0
-625 -664 0
-625 -703 0
-625 -742 0
-625 -781 0
-625 -820 0
-625 -859 0
-625 -898 0
-625 -937 0
-625 -976 0
-625 -1015 0
-625 -1054 0
-625 -1093 0
-625 -1132 0
-625 -1171 0
-625 -1210 0
-625 -1249 0
-625 -1288 0
-625 -1327 0
-625 -1366 0
-625 -1405 0
-625 -1444 0
-664 -703 0
-664 -742 0
-664 -781 0
-664 -820 0
-664 -859 0
-664 -898 0
-664 -937 0
-664 -976 0
-664 -1015 0
-664 -1054 0
-664 -1093 0
-664 -1132 0
-664 -1171 0
-664 -1210 0
-664 -1249 0
-664 -1288 0
-664 -1327 0
-664 -1366 0
-664 -1405 0
-664 -1444 0
-703 -742 0
-703 -781 0
-703 -820 0
-703 -859 0
-703 -898 0
-703 -937 0
-703 -976 0
-703 -1015 0
-703 -1054 0
-703 -1093 0
-703 -1132 0
-703 -1171 0
-703 -1210 0
-703 -1249 0
-703 -1288 0
-703 -1327 0
-703 -1366 0
-703 -1405 0
-703 -1444 0
-742 -781 0
-742 -820 0
-742 -859 0
-742 -898 0
-742 -937 0
-742 -976 0
-742 -1015 0
-742 -1054 0
-742 -1093 0
-742 -1132 0
-742 -1171 0
-742 -1210 0
-742 -1249 0
-742 -1288 0
-742 -1327 0
-742 -1366 0
-742 -1405 0
-742 -1444 0
-781 -820 0
-781 -859 0
-781 -898 0
-781 -937 0
-781 -976 0
-781 -1015 0
-781 -1054 0
-781 -1093 0
-781 -1132 0
-781 -1171 0
-781 -1210 0
-781 -1249 0
-781 -1288 0
-781 -1327 0
-781 -1366 0
-781 -1405 0
-781 -1444 0
-820 -859 0
-820 -898 0
-820 -937 0
-820 -976 0
-820 -1015 0
-820 -1054 0
-820 -1093 0
-820 -1132 0
-820 -1171 0
-820 -1210 0
-820 -1249 0
-820 -1288 0
-820 -1327 0
-820 -1366 0
-820 -1405 0
-820 -1444 0
-859 -898 0
-859 -937 0
-859 -976 0
-859 -1015 0
-859 -1054 0
-859 -1093 0
-859 -1132 0
-859 -1171 0
-859 -1210 0
-859 -1249 0
-859 -1288 0
-859 -1327 0
-859 -1366 0
-859 -1405 0
-859 -1444 0
-898 -937 0
-898 -976 0
-898 -1015 0
-898 -1054 0
-898 -1093 0
-898 -1132 0
-898 -1171 0
-898 -1210 0
-898 -1249 0
-898 -1288 0
-898 -1327 0
-898 -1366 0
-898 -1405 0
-898 -1444 0
-937 -976 0
-937 -1015 0
-937 -1054 0
-937 -1093 0
-937 -1132 0
-937 -1171 0
-937 -1210 0
-937 -1249 0
-937 -1288 0
-937 -1327 0
-937 -1366 0
-937 -1405 0
-937 -1444 0
-976 -1015 0
-976 -1054 0
-976 -1093 0
-976 -1132 0
-976 -1171 0
-976 -1210 0
-976 -1249 0
-976 -1288 0
-976 -1327 0
-976 -1366 0
-976 -1405 0
-976 -1444 0
-1015 -1054 0
-1015 -1093 0
-1015 -1132 0
-1015 -1171 0
-1015 -1210 0
-1015 -1249 0
-1015 -1288 0
-1015 -1327 0
-1015 -1366 0
-1015 -1405 0
-1015 -1444 0
-1054 -1093 0
-1054 -1132 0
-1054 -1171 0
-1054 -1210 0
-1054 -1249 0
-1054 -1288 0
-1054 -1327 0
-1054 -1366 0
-1054 -1405 0
-1054 -1444 0
-1093 -1132 0
-1093 -1171 0
-1093 -1210 0
-1093 -1249 0
-1093 -1288 0
-1093 -1327 0
-1093 -1366 0
-1093 -1405 0
-1093 -1444 0
-1132 -1171 0
-1132 -1210 0
-1132 -1249 0
-1132 -1288 0
-1132 -1327 0
-1132 -1366 0
-1132 -1405 0
-1132 -1444 0
-1171 -1210 0
-1171 -1249 0
-1171 -1288 0
-1171 -1327 0
-1171 -1366 0
-1171 -1405 0
-1171 -1444 0
-1210 -1249 0
-1210 -1288 0
-1210 -1327 0
-1210 -1366 0
-1210 -1405 0
-1210 -1444 0
-1249 -1288 0
-1249 -1327 0
-1249 -1366 0
-1249 -1405 0
-1249 -1444 0
-1288 -1327 0
-1288 -1366 0
-1288 -1405 0
-1288 -1444 0
-1327 -1366 0
-1327 -1405 0
-1327 -1444 0
-1366 -1405 0
-1366 -1444 0
-1405 -1444 0
-2 -41 0
-2 -80 0
-2 -119 0
-2 -158 0
-2 -197 0
-2 -236 0
-2 -275 0
-2 -314 0
-2 -353 0
-2 -392 0
-2 -431 0
-2 -470 0
-2 -509 0
-2 -548 0
-2 -587 0
-2 -626 0
-2 -665 0
-2 -704 0
-2 -743 0
-2 -782 0
-2 -821 0
-2 -860 0
-2 -899 0
-2 -938 0
-2 -977 0
-2 -1016 0
-2 -1055 0
-2 -1094 0
-2 -1133 0
-2 -1172 0
-2 -1211 0
-2 -1250 0
-2 -1289 0
-2 -1328 0
-2 -1367 0
-2 -1406 0
-41 -80 0
-41 -119 0
-41 -158 0
-41 -197 0
-41 -236 0
-41 -275 0
-41 -314 0
-41 -353 0
-41 -392 0
-41 -431 0
-41 -470 0
-41 -509 0
-41 -548 0
-41 -587 0
-41 -626 0
-41 -665 0
-41 -704 0
-41 -743 0
-41 -782 0
-41 -821 0
-41 -860 0
-41 -899 0
-41 -938 0
-41 -977 0
-41 -1016 0
-41 -1055 0
-41 -1094 0
-41 -1133 0
-41 -1172 0
-41 -1211 0
-41 -1250 0
-41 -1289 0
-41 -1328 0
-41 -1367 0
-41 -1406 0
-80 -119 0
-80 -158 0
-80 -197 0
-80 -236 0
-80 -275 0
-80 -314 0
-80 -353 0
-80 -392 0
-80 -431 0
-80 -470 0
-80 -509 0
-80 -548 0
-80 -587 0
-80 -626 0
-80 -665 0
-80 -704 0
-80 -743 0
-80 -782 0
-80 -821 0
-80 -860 0
-80 -899 0
-80 -938 0
-80 -977 0
-80 -1016 0
-80 -1055 0
-80 -1094 0
-80 -1133 0
-80 -1172 0
-80 -1211 0
-80 -1250 0
-80 -1289 0
-80 -1328 0
-80 -1367 0
-80 -1406 0
-119 -158 0
-119 -197 0
-119 -236 0
-119 -275 0
-119 -314 0
-119 -353 0
-119 -392 0
-119 -431 0
-119 -470 0
-119 -509 0
-119 -548 0
-119 -587 0
-119 -626 0
-119 -665 0
-119 -704 0
-119 -743 0
-119 -782 0
-119 -821 0
-119 -860 0
-119 -899 0
-119 -938 0
-119 -977 0
-119 -1016 0
-119 -1055 0
-119 -1094 0
-119 -1133 0
-119 -1172 0
-119 -1211 0
-119 -1250 0
-119 -1289 0
-119 -1328 0
-119 -1367 0
-119 -1406 0
-158 -197 0
-158 -236 0
-158 -275 0
-158 -314 0
-158 -353 0
-158 -392 0
-158 -431 0
-158 -470 0
-158 -509 0
-158 -548 0
-158 -587 0
-158 -626 0
-158 -665 0
-158 -704 0
-158 -743 0
-158 -782 0
-158 -821 0
-158 -860 0
-158 -899 0
-158 -938 0
-158 -977 0
-158 -1016 0
-158 -1055 0
-158 -1094 0
-158 -1133 0
-158 -1172 0
-158 -1211 0
-158 -1250 0
-158 -1289 0
-158 -1328 0
-158 -1367 0
-158 -1406 0
-197 -236 0
-197 -275 0
-197 -314 0
-197 -353 0
-197 -392 0
-197 -431 0
-197 -470 0
-197 -509 0
-197 -548 0
-197 -587 0
-197 -626 0
-197 -665 0
-197 -704 0
-197 -743 0
-197 -782 0
-197 -821 0
-197 -860 0
-197 -899 0
-197 -938 0
-197 -977 0
-197 -1016 0
-197 -1055 0
-197 -1094 0
-197 -1133 0
-197 -1172 0
-197 -1211 0
-197 -1250 0
-197 -1289 0
-197 -1328 0
-197 -1367 0
-197 -1406 0
-236 -275 0
-236 -314 0
-236 -353 0
-236 -392 0
-236 -431 0
-236 -470 0
-236 -509 0
-236 -548 0
-236 -587 0
-236 -626 0
-236 -665 0
-236 -704 0
-236 -743 0
-236 -782 0
-236 -821 0
-236 -860 0
-236 -899 0
-236 -938 0
-236 -977 0
-236 -1016 0
-236 -1055 0
-236 -1094 0
-236 -1133 0
-236 -1172 0
-236 -1211 0
-236 -1250 0
-236 -1289 0
-236 -1328 0
-236 -1367 0
-236 -1406 0
-275 -314 0
-275 -353 0
-275 -392 0
-275 -431 0
-275 -470 0
-275 -509 0
-275 -548 0
-275 -587 0
-275 -626 0
-275 -665 0
-275 -704 0
-275 -743 0
-275 -782 0
-275 -821 0
-275 -860 0
-275 -899 0
-275 -938 0
-275 -977 0
-275 -1016 0
-275 -1055 0
-275 -1094 0
-275 -1133 0
-275 -1172 0
-275 -1211 0
-275 -1250 0
-275 -1289 0
-275 -1328 0
-275 -1367 0
-275 -1406 0
-314 -353 0
-314 -392 0
-314 -431 0
-314 -470 0
-314 -509 0
-314 -548 0
-314 -587 0
-314 -626 0
-314 -665 0
-314 -704 0
-314 -743 0
-314 -782 0
-314 -821 0
-314 -860 0
-314 -899 0
-314 -938 0
-314 -977 0
-314 -1016 0
-314 -1055 0
-314 -1094 0
-314 -1133 0
-314 -1172 0
-314 -1211 0
-314 -1250 0
-314 -1289 0
-314 -1328 0
-314 -1367 0
-314 -1406 0
-353 -392 0
-353 -431 0
-353 -470 0
-353 -509 0
-353 -548 0
-353 -587 0
-353 -626 0
-353 -665 0
-353 -704 0
-353 -743 0
-353 -782 0
-353 -821 0
-353 -860 0
-353 -899 0
-353 -938 0
-353 -977 0
-353 -1016 0
-353 -1055 0
-353 -1094 0
-353 -1133 0
-353 -1172 0
-353 -1211 0
-353 -1250 0
-353 -1289 0
-353 -1328 0
-353 -1367 0
-353 -1406 0
-392 -431 0
-392 -470 0
-392 -509 0
-392 -548 0
-392 -587 0
-392 -626 0
-392 -665 0
-392 -704 0
-392 -743 0
-392 -782 0
-392 -821 0
-392 -860 0
-392 -899 0
-392 -938 0
-392 -977 0
-392 -1016 0
-392 -1055 0
-392 -1094 0
-392 -1133 0
-392 -1172 0
-392 -1211 0
-392 -1250 0
-392 -1289 0
-392 -1328 0
-392 -1367 0
-392 -1406 0
-431 -470 0
-431 -509 0
-431 -548 0
-431 -587 0
-431 -626 0
-431 -665 0
-431 -704 0
-431 -743 0
-431 -782 0
-431 -821 0
-431 -860 0
-431 -899 0
-431 -938 0
-431 -977 0
-431 -1016 0
-431 -1055 0
-431 -1094 0
-431 -1133 0
-431 -1172 0
-431 -1211 0
-431 -1250 0
-431 -1289 0
-431 -1328 0
-431 -1367 0
-431 -1406 0
-470 -509 0
-470 -548 0
-470 -587 0
-470 -626 0
-470 -665 0
-470 -704 0
-470 -743 0
-470 -782 0
-470 -821 0
-470 -860 0
-470 -899 0
-470 -938 0
-470 -977 0
-470 -1016 0
-470 -1055 0
-470 -1094 0
-470 -1133 0
-470 -1172 0
-470 -1211 0
-470 -1250 0
-470 -1289 0
-470 -1328 0
-470 -1367 0
-470 -1406 0
-509 -548 0
-509 -587 0
-509 -626 0
-509 -665 0
-509 -704 0
-509 -743 0
-509 -782 0
-509 -821 0
-509 -860 0
-509 -899 0
-509 -938 0
-509 -977 0
-509 -1016 0
-509 -1055 0
-509 -1094 0
-509 -1133 0
-509 -1172 0
-509 -1211 0
-509 -1250 0
-509 -1289 0
-509 -1328 0
-509 -1367 0
-509 -1406 0
-548 -587 0
-548 -626 0
-548 -665 0
-548 -704 0
-548 -743 0
-548 -782 0
-548 -821 0
-548 -860 0
-548 -899 0
-548 -938 0
-548 -977 0
-548 -1016 0
-548 -1055 0
-548 -1094 0
-548 -1133 0
-548 -1172 0
-548 -1211 0
-548 -1250 0
-548 -1289 0
-548 -1328 0
-548 -1367 0
-548 -1406 0
-587 -626 0
-587 -665 0
-587 -704 0
-587 -743 0
-587 -782 0
-587 -821 0
-587 -860 0
-587 -899 0
-587 -938 0
-587 -977 0
-587 -1016 0
-587 -1055 0
-587 -1094 0
-587 -1133 0
-587 -1172 0
-587 -1211 0
-587 -1250 0
-587 -1289 0
-587 -1328 0
-587 -1367 0
-587 -1406 0
-626 -665 0
-626 -704 0
-626 -743 0
-626 -782 0
-626 -821 0
-626 -860 0
-626 -899 0
-626 -938 0
-626 -977 0
-626 -1016 0
-626 -1055 0
-626 -1094 0
-626 -1133 0
-626 -1172 0
-626 -1211 0
-626 -1250 0
-626 -1289 0
-626 -1328 0
-626 -1367 0
-626 -1406 0
-665 -704 0
-665 -743 0
-665 -782 0
-665 -821 0
-665 -860 0
-665 -899 0
-665 -938 0
-665 -977 0
-665 -1016 0
-665 -1055 0
-665 -1094 0
-665 -1133 0
-665 -1172 0
-665 -1211 0
-665 -1250 0
-665 -1289 0
-665 -1328 0
-665 -1367 0
-665 -1406 0
-704 -743 0
-704 -782 0
-704 -821 0
-704 -860 0
-704 -899 0
-704 -938 0
-704 -977 0
-704 -1016 0
-704 -1055 0
-704 -1094 0
-704 -1133 0
-704 -1172 0
-704 -1211 0
-704 -1250 0
-704 -1289 0
-704 -1328 0
-704 -1367 0
-704 -1406 0
-743 -782 0
-743 -821 0
-743 -860 0
-743 -899 0
-743 -938 0
-743 -977 0
-743 -1016 0
-743 -1055 0
-743 -1094 0
-743 -1133 0
-743 -1172 0
-743 -1211 0
-743 -1250 0
-743 -1289 0
-743 -1328 0
-743 -1367 0
-743 -1406 0
-782 -821 0
-782 -860 0
-782 -899 0
-782 -938 0
-782 -977 0
-782 -1016 0
-782 -1055 0
-782 -1094 0
-782 -1133 0
-782 -1172 0
-782 -1211 0
-782 -1250 0
-782 -1289 0
-782 -1328 0
-782 -1367 0
-782 -1406 0
-821 -860 0
-821 -899 0
-821 -938 0
-821 -977 0
-821 -1016 0
-821 -1055 0
-821 -1094 0
-821 -1133 0
-821 -1172 0
-821 -1211 0
-821 -1250 0
-821 -1289 0
-821 -1328 0
-821 -1367 0
-821 -1406 0
-860 -899 0
-860 -938 0
-860 -977 0
-860 -1016 0
-860 -1055 0
-860 -1094 0
-860 -1133 0
-860 -1172 0
-860 -1211 0
-860 -1250 0
-860 -1289 0
-860 -1328 0
-860 -1367 0
-860 -1406 0
-899 -938 0
-899 -977 0
-899 -1016 0
-899 -1055 0
-899 -1094 0
-899 -1133 0
-899 -1172 0
-899 -1211 0
-899 -1250 0
-899 -1289 0
-899 -1328 0
-899 -1367 0
-899 -1406 0
-938 -977 0
-938 -1016 0
-938 -1055 0
-938 -1094 0
-938 -1133 0
-938 -1172 0
-938 -1211 0
-938 -1250 0
-938 -1289 0
-938 -1328 0
-938 -1367 0
-938 -1406 0
-977 -1016 0
-977 -1055 0
-977 -1094 0
-977 -1133 0
-977 -1172 0
-977 -1211 0
-977 -1250 0
-977 -1289 0
-977 -1328 0
-977 -1367 0
-977 -1406 0
-1016 -1055 0
-1016 -1094 0
-1016 -1133 0
-1016 -1172 0
-1016 -1211 0
-1016 -1250 0
-1016 -1289 0
-1016 -1328 0
-1016 -1367 0
-1016 -1406 0
-1055 -1094 0
-1055 -1133 0
-1055 -1172 0
-1055 -1211 0
-1055 -1250 0
-1055 -1289 0
-1055 -1328 0
-1055 -1367 0
-1055 -1406 0
-1094 -1133 0
-1094 -1172 0
-1094 -1211 0
-1094 -1250 0
-1094 -1289 0
-1094 -1328 0
-1094 -1367 0
-1094 -1406 0
-1133 -1172 0
-1133 -1211 0
-1133 -1250 0
-1133 -1289 0
-1133 -1328 0
-1133 -1367 0
-1133 -1406 0
-1172 -1211 0
-1172 -1250 0
-1172 -1289 0
-1172 -1328 0
-1172 -1367 0
-1172 -1406 0
-1211 -1250 0
-1211 -1289 0
-1211 -1328 0
-1211 -1367 0
-1211 -1406 0
-1250 -1289 0
-1250 -1328 0
-1250 -1367 0
-1250 -1406 0
-1289 -1328 0
-1289 -1367 0
-1289 -1406 0
-1328 -1367 0
-1328 -1406 0
-1367 -1406 0
-3 -42 0
-3 -81 0
-3 -120 0
-3 -159 0
-3 -198 0
-3 -237 0
-3 -276 0
-3 -315 0
-3 -354 0
-3 -393 0
-3 -432 0
-3 -471 0
-3 -510 0
-3 -549 0
-3 -588 0
-3 -627 0
-3 -666 0
-3 -705 0
-3 -744 0
-3 -783 0
-3 -822 0
-3 -861 0
-3 -900 0
-3 -939 0
-3 -978 0
-3 -1017 0
-3 -1056 0
-3 -1095 0
-3 -1134 0
-3 -1173 0
-3 -1212 0
-3 -1251 0
-3 -1290 0
-3 -1329 0
-3 -1368 0
-42 -81 0
-42 -120 0
-42 -159 0
-42 -198 0
-42 -237 0
-42 -276 0
-42 -315 0
-42 -354 0
-42 -393 0
-42 -432 0
-42 -471 0
-42 -510 0
-42 -549 0
-42 -588 0
-42 -627 0
-42 -666 0
-42 -705 0
-42 -744 0
-42 -783 0
-42 -822 0
-42 -861 0
-42 -900 0
-42 -939 0
-42 -978 0
-42 -1017 0
-42 -1056 0
-42 -1095 0
-42 -1134 0
-42 -1173 0
-42 -1212 0
-42 -1251 0
-42 -1290 0
-42 -1329 0
-42 -1368 0
-81 -120 0
-81 -159 0
-81 -198 0
-81 -237 0
-81 -276 0
-81 -315 0
-81 -354 0
-81 -393 0
-81 -432 0
-81 -471 0
-81 -510 0
-81 -549 0
-81 -588 0
-81 -627 0
-81 -666 0
-81 -705 0
-81 -744 0
-81 -783 0
-81 -822 0
-81 -861 0
-81 -900 0
-81 -939 0
-81 -978 0
-81 -1017 0
-81 -1056 0
-81 -1095 0
-81 -1134 0
-81 -1173 0
-81 -1212 0
-81 -1251 0
-81 -1290 0
-81 -1329 0
-81 -1368 0
-120 -159 0
-120 -198 0
-120 -237 0
-120 -276 0
-120 -315 0
-120 -354 0
-120 -393 0
-120 -432 0
-120 -471 0
-120 -510 0
-120 -549 0
-120 -588 0
-120 -627 0
-120 -666 0
-120 -705 0
-120 -744 0
-120 -783 0
-120 -822 0
-120 -861 0
-120 -900 0
-120 -939 0
-120 -978 0
-120 -1017 0
-120 -1056 0
-120 -1095 0
-120 -1134 0
-120 -1173 0
-120 -1212 0
-120 -1251 0
-120 -1290 0
-120 -1329 0
-120 -1368 0
-159 -198 0
-159 -237 0
-159 -276 0
-159 -315 0
-159 -354 0
-159 -393 0
-159 -432 0
-159 -471 0
-159 -510 0
-159 -549 0
-159 -588 0
-159 -627 0
-159 -666 0
-159 -705 0
-159 -744 0
-159 -783 0
-159 -822 0
-159 -861 0
-159 -900 0
-159 -939 0
-159 -978 0
-159 -1017 0
-159 -1056 0
-159 -1095 0
-159 -1134 0
-159 -1173 0
-159 -1212 0
-159 -1251 0
-159 -1290 0
-159 -1329 0
-159 -1368 0
-198 -237 0
-198 -276 0
-198 -315 0
-198 -354 0
-198 -393 0
-198 -432 0
-198 -471 0
-198 -510 0
-198 -549 0
-198 -588 0
-198 -627 0
-198 -666 0
-198 -705 0
-198 -744 0
-198 -783 0
-198 -822 0
-198 -861 0
-198 -900 0
-198 -939 0
-198 -978 0
-198 -1017 0
-198 -1056 0
-198 -1095 0
-198 -1134 0
-198 -1173 0
-198 -1212 0
-198 -1251 0
-198 -1290 0
-198 -1329 0
-198 -1368 0
-237 -276 0
-237 -315 0
-237 -354 0
-237 -393 0
-237 -432 0
-237 -471 0
-237 -510 0
-237 -549 0
-237 -588 0
-237 -627 0
-237 -666 0
-237 -705 0
-237 -744 0
-237 -783 0
-237 -822 0
-237 -861 0
-237 -900 0
-237 -939 0
-237 -978 0
-237 -1017 0
-237 -1056 0
-237 -1095 0
-237 -1134 0
-237 -1173 0
-237 -1212 0
-237 -1251 0
-237 -1290 0
-237 -1329 0
-237 -1368 0
-276 -315 0
-276 -354 0
-276 -393 0
-276 -432 0
-276 -471 0
-276 -510 0
-276 -549 0
-276 -588 0
-276 -627 0
-276 -666 0
-276 -705 0
-276 -744 0
-276 -783 0
-276 -822 0
-276 -861 0
-276 -900 0
-276 -939 0
-276 -978 0
-276 -1017 0
-276 -1056 0
-276 -1095 0
-276 -1134 0
-276 -1173 0
-276 -1212 0
-276 -1251 0
-276 -1290 0
-276 -1329 0
-276 -1368 0
-315 -354 0
-315 -393 0
-315 -432 0
-315 -471 0
-315 -510 0
-315 -549 0
-315 -588 0
-315 -627 0
-315 -666 0
-315 -705 0
-315 -744 0
-315 -783 0
-315 -822 0
-315 -861 0
-315 -900 0
-315 -939 0
-315 -978 0
-315 -1017 0
-315 -1056 0
-315 -1095 0
-315 -1134 0
-315 -1173 0
-315 -1212 0
-315 -1251 0
-315 -1290 0
-315 -1329 0
-315 -1368 0
-354 -393 0
-354 -432 0
-354 -471 0
-354 -510 0
-354 -549 0
-354 -588 0
-354 -627 0
-354 -666 0
-354 -705 0
-354 -744 0
-354 -783 0
-354 -822 0
-354 -861 0
-354 -900 0
-354 -939 0
-354 -978 0
-354 -1017 0
-354 -1056 0
-354 -1095 0
-354 -1134 0
-354 -1173 0
-354 -1212 0
-354 -1251 0
-354 -1290 0
-354 -1329 0
-354 -1368 0
-393 -432 0
-393 -471 0
-393 -510 0
-393 -549 0
-393 -588 0
-393 -627 0
-393 -666 0
-393 -705 0
-393 -744 0
-393 -783 0
-393 -822 0
-393 -861 0
-393 -900 0
-393 -939 0
-393 -978 0
-393 -1017 0
-393 -1056 0
-393 -1095 0
-393 -1134 0
-393 -1173 0
-393 -1212 0
-393 -1251 0
-393 -1290 0
-393 -1329 0
-393 -1368 0
-432 -471 0
-432 -510 0
-432 -549 0
-432 -588 0
-432 -627 0
-432 -666 0
-432 -705 0
-432 -744 0
-432 -783 0
-432 -822 0
-432 -861 0
-432 -900 0
-432 -939 0
-432 -978 0
-432 -1017 0
-432 -1056 0
-432 -1095 0
-432 -1134 0
-432 -1173 0
-432 -1212 0
-432 -1251 0
-432 -1290 0
-432 -1329 0
-432 -1368 0
-471 -510 0
-471 -549 0
-471 -588 0
-471 -627 0
-471 -666 0
-471 -705 0
-471 -744 0
-471 -783 0
-471 -822 0
-471 -861 0
-471 -900 0
-471 -939 0
-471 -978 0
-471 -1017 0
-471 -1056 0
-471 -1095 0
-471 -1134 0
-471 -1173 0
-471 -1212 0
-471 -1251 0
-471 -1290 0
-471 -1329 0
-471 -1368 0
-510 -549 0
-510 -588 0
-510 -627 0
-510 -666 0
-510 -705 0
-510 -744 0
-510 -783 0
-510 -822 0
-510 -861 0
-510 -900 0
-510 -939 0
-510 -978 0
-510 -1017 0
-510 -1056 0
-510 -1095 0
-510 -1134 0
-510 -1173 0
-510 -1212 0
-510 -1251 0
-510 -1290 0
-510 -1329 0
-510 -1368 0
-549 -588 0
-549 -627 0
-549 -666 0
-549 -705 0
-549 -744 0
-549 -783 0
-549 -822 0
-549 -861 0
-549 -900 0
-549 -939 0
-549 -978 0
-549 -1017 0
-549 -1056 0
-549 -1095 0
-549 -1134 0
-549 -1173 0
-549 -1212 0
-549 -1251 0
-549 -1290 0
-549 -1329 0
-549 -1368 0
-588 -627 0
-588 -666 0
-588 -705 0
-588 -744 0
-588 -783 0
-588 -822 0
-588 -861 0
-588 -900 0
-588 -939 0
-588 -978 0
-588 -1017 0
-588 -1056 0
-588 -1095 0
-588 -1134 0
-588 -1173 0
-588 -1212 0
-588 -1251 0
-588 -1290 0
-588 -1329 0
-588 -1368 0
-627 -666 0
-627 -705 0
-627 -744 0
-627 -783 0
-627 -822 0
-627 -861 0
-627 -900 0
-627 -939 0
-627 -978 0
-627 -1017 0
-627 -1056 0
-627 -1095 0
-627 -1134 0
-627 -1173 0
-627 -1212 0
-627 -1251 0
-627 -1290 0
-627 -1329 0
-627 -1368 0
-666 -705 0
-666 -744 0
-666 -783 0
-666 -822 0
-666 -861 0
-666 -900 0
-666 -939 0
-666 -978 0
-666 -1017 0
-666 -1056 0
-666 -1095 0
-666 -1134 0
-666 -1173 0
-666 -1212 0
-666 -1251 0
-666 -1290 0
-666 -1329 0
-666 -1368 0
-705 -744 0
-705 -783 0
-705 -822 0
-705 -861 0
-705 -900 0
-705 -939 0
-705 -978 0
-705 -1017 0
-705 -1056 0
-705 -1095 0
-705 -1134 0
-705 -1173 0
-705 -1212 0
-705 -1251 0
-705 -1290 0
-705 -1329 0
-705 -1368 0
-744 -783 0
-744 -822 0
-744 -861 0
-744 -900 0
-744 -939 0
-744 -978 0
-744 -1017 0
-744 -1056 0
-744 -1095 0
-744 -1134 0
-744 -1173 0
-744 -1212 0
-744 -1251 0
-744 -1290 0
-744 -1329 0
-744 -1368 0
-783 -822 0
-783 -861 0
-783 -900 0
-783 -939 0
-783 -978 0
-783 -1017 0
-783 -1056 0
-783 -1095 0
-783 -1134 0
-783 -1173 0
-783 -1212 0
-783 -1251 0
-783 -1290 0
-783 -1329 0
-783 -1368 0
-822 -861 0
-822 -900 0
-822 -939 0
-822 -978 0
-822 -1017 0
-822 -1056 0
-822 -1095 0
-822 -1134 0
-822 -1173 0
-822 -1212 0
-822 -1251 0
-822 -1290 0
-822 -1329 0
-822 -1368 0
-861 -900 0
-861 -939 0
-861 -978 0
-861 -1017 0
-861 -1056 0
-861 -1095 0
-861 -1134 0
-861 -1173 0
-861 -1212 0
-861 -1251 0
-861 -1290 0
-861 -1329 0
-861 -1368 0
-900 -939 0
-900 -978 0
-900 -1017 0
-900 -1056 0
-900 -1095 0
-900 -1134 0
-900 -1173 0
-900 -1212 0
-900 -1251 0
-900 -1290 0
-900 -1329 0
-900 -1368 0
-939 -978 0
-939 -1017 0
-939 -1056 0
-939 -1095 0
-939 -1134 0
-939 -1173 0
-939 -1212 0
-939 -1251 0
-939 -1290 0
-939 -1329 0
-939 -1368 0
-978 -1017 0
-978 -1056 0
-978 -1095 0
-978 -1134 0
-978 -1173 0
-978 -1212 0
-978 -1251 0
-978 -1290 0
-978 -1329 0
-978 -1368 0
-1017 -1056 0
-1017 -1095 0
-1017 -1134 0
-1017 -1173 0
-1017 -1212 0
-1017 -1251 0
-1017 -1290 0
-1017 -1329 0
-1017 -1368 0
-1056 -1095 0
-1056 -1134 0
-1056 -1173 0
-1056 -1212 0
-1056 -1251 0
-1056 -1290 0
-1056 -1329 0
-1056 -1368 0
-1095 -1134 0
-1095 -1173 0
-1095 -1212 0
-1095 -1251 0
-1095 -1290 0
-1095 -1329 0
-1095 -1368 0
-1134 -1173 0
-1134 -1212 0
-1134 -1251 0
-1134 -1290 0
-1134 -1329 0
-1134 -1368 0
-1173 -1212 0
-1173 -1251 0
-1173 -1290 0
-1173 -1329 0
-1173 -1368 0
-1212 -1251 0
-1212 -1290 0
-1212 -1329 0
-1212 -1368 0
-1251 -1290 0
-1251 -1329 0
-1251 -1368 0
-1290 -1329 0
-1290 -1368 0
-1329 -1368 0
-4 -43 0
-4 -82 0
-4 -121 0
-4 -160 0
-4 -199 0
-4 -238 0
-4 -277 0
-4 -316 0
-4 -355 0
-4 -394 0
-4 -433 0
-4 -472 0
-4 -511 0
-4 -550 0
-4 -589 0
-4 -628 0
-4 -667 0
-4 -706 0
-4 -745 0
-4 -784 0
-4 -823 0
-4 -862 0
-4 -901 0
-4 -940 0
-4 -979 0
-4 -1018 0
-4 -1057 0
-4 -1096 0
-4 -1135 0
-4 -1174 0
-4 -1213 0
-4 -1252 0
-4 -1291 0
-4 -1330 0
-43 -82 0
-43 -121 0
-43 -160 0
-43 -199 0
-43 -238 0
-43 -277 0
-43 -316 0
-43 -355 0
-43 -394 0
-43 -433 0
-43 -472 0
-43 -511 0
-43 -550 0
-43 -589 0
-43 -628 0
-43 -667 0
-43 -706 0
-43 -745 0
-43 -784 0
-43 -823 0
-43 -862 0
-43 -901 0
-43 -940 0
-43 -979 0
-43 -1018 0
-43 -1057 0
-43 -1096 0
-43 -1135 0
-43 -1174 0
-43 -1213 0
-43 -1252 0
-43 -1291 0
-43 -1330 0
-82 -121 0
-82 -160 0
-82 -199 0
-82 -238 0
-82 -277 0
-82 -316 0
-82 -355 0
-82 -394 0
-82 -433 0
-82 -472 0
-82 -511 0
-82 -550 0
-82 -589 0
-82 -628 0
-82 -667 0
-82 -706 0
-82 -745 0
-82 -784 0
-82 -823 0
-82 -862 0
-82 -901 0
-82 -940 0
-82 -979 0
-82 -1018 0
-82 -1057 0
-82 -1096 0
-82 -1135 0
-82 -1174 0
-82 -1213 0
-82 -1252 0
-82 -1291 0
-82 -1330 0
-121 -160 0
-121 -199 0
-121 -238 0
-121 -277 0
-121 -316 0
-121 -355 0
-121 -394 0
-121 -433 0
-121 -472 0
-121 -511 0
-121 -550 0
-121 -589 0
-121 -628 0
-121 -667 0
-121 -706 0
-121 -745 0
-121 -784 0
-121 -823 0
-121 -862 0
-121 -901 0
-121 -940 0
-121 -979 0
-121 -1018 0
-121 -1057 0
-121 -1096 0
-121 -1135 0
-121 -1174 0
-121 -1213 0
-121 -1252 0
-121 -1291 0
-121 -1330 0
-160 -199 0
-160 -238 0
-160 -277 0
-160 -316 0
-160 -355 0
-160 -394 0
-160 -433 0
-160 -472 0
-160 -511 0
-160 -550 0
-160 -589 0
-160 -628 0
-160 -667 0
-160 -706 0
-160 -745 0
-160 -784 0
-160 -823 0
-160 -862 0
-160 -901 0
-160 -940 0
-160 -979 0
-160 -1018 0
-160 -1057 0
-160 -1096 0
-160 -1135 0
-160 -1174 0
-160 -1213 0
-160 -1252 0
-160 -1291 0
-160 -1330 0
-199 -238 0
-199 -277 0
-199 -316 0
-199 -355 0
-199 -394 0
-199 -433 0
-199 -472 0
-199 -511 0
-199 -550 0
-199 -589 0
-199 -628 0
-199 -667 0
-199 -706 0
-199 -745 0
-199 -784 0
-199 -823 0
-199 -862 0
-199 -901 0
-199 -940 0
-199 -979 0
-199 -1018 0
-199 -1057 0
-199 -1096 0
-199 -1135 0
-199 -1174 0
-199 -1213 0
-199 -1252 0
-199 -1291 0
-199 -1330 0
-238 -277 0
-238 -316 0
-238 -355 0
-238 -394 0
-238 -433 0
-238 -472 0
-238 -511 0
-238 -550 0
-238 -589 0
-238 -628 0
-238 -667 0
-238 -706 0
-238 -745 0
-238 -784 0
-238 -823 0
-238 -862 0
-238 -901 0
-238 -940 0
-238 -979 0
-238 -1018 0
-238 -1057 0
-238 -1096 0
-238 -1135 0
-238 -1174 0
-238 -1213 0
-238 -1252 0
-238 -1291 0
-238 -1330 0
-277 -316 0
-277 -355 0
-277 -394 0
-277 -433 0
-277 -472 0
-277 -511 0
-277 -550 0
-277 -589 0
-277 -628 0
-277 -667 0
-277 -706 0
-277 -745 0
-277 -784 0
-277 -823 0
-277 -862 0
-277 -901 0
-277 -940 0
-277 -979 0
-277 -1018 0
-277 -1057 0
-277 -1096 0
-277 -1135 0
-277 -1174 0
-277 -1213 0
-277 -1252 0
-277 -1291 0
-277 -1330 0
-316 -355 0
-316 -394 0
-316 -433 0
-316 -472 0
-316 -511 0
-316 -550 0
-316 -589 0
-316 -628 0
-316 -667 0
-316 -706 0
-316 -745 0
-316 -784 0
-316 -823 0
-316 -862 0
-316 -901 0
-316 -940 0
-316 -979 0
-316 -1018 0
-316 -1057 0
-316 -1096 0
-316 -1135 0
-316 -1174 0
-316 -1213 0
-316 -1252 0
-316 -1291 0
-316 -1330 0
-355 -394 0
-355 -433 0
-355 -472 0
-355 -511 0
-355 -550 0
-355 -589 0
-355 -628 0
-355 -667 0
-355 -706 0
-355 -745 0
-355 -784 0
-355 -823 0
-355 -862 0
-355 -901 0
-355 -940 0
-355 -979 0
-355 -1018 0
-355 -1057 0
-355 -1096 0
-355 -1135 0
-355 -1174 0
-355 -1213 0
-355 -1252 0
-355 -1291 0
-355 -1330 0
-394 -433 0
-394 -472 0
-394 -511 0
-394 -550 0
-394 -589 0
-394 -628 0
-394 -667 0
-394 -706 0
-394 -745 0
-394 -784 0
-394 -823 0
-394 -862 0
-394 -901 0
-394 -940 0
-394 -979 0
-394 -1018 0
-394 -1057 0
-394 -1096 0
-394 -1135 0
-394 -1174 0
-394 -1213 0
-394 -1252 0
-394 -1291 0
-394 -1330 0
-433 -472 0
-433 -511 0
-433 -550 0
-433 -589 0
-433 -628 0
-433 -667 0
-433 -706 0
-433 -745 0
-433 -784 0
-433 -823 0
-433 -862 0
-433 -901 0
-433 -940 0
-433 -979 0
-433 -1018 0
-433 -1057 0
-433 -1096 0
-433 -1135 0
-433 -1174 0
-433 -1213 0
-433 -1252 0
-433 -1291 0
-433 -1330 0
-472 -511 0
-472 -550 0
-472 -589 0
-472 -628 0
-472 -667 0
-472 -706 0
-472 -745 0
-472 -784 0
-472 -823 0
-472 -862 0
-472 -901 0
-472 -940 0
-472 -979 0
-472 -1018 0
-472 -1057 0
-472 -1096 0
-472 -1135 0
-472 -1174 0
-472 -1213 0
-472 -1252 0
-472 -1291 0
-472 -1330 0
-511 -550 0
-511 -589 0
-511 -628 0
-511 -667 0
-511 -706 0
-511 -745 0
-511 -784 0
-511 -823 0
-511 -862 0
-511 -901 0
-511 -940 0
-511 -979 0
-511 -1018 0
-511 -1057 0
-511 -1096 0
-511 -1135 0
-511 -1174 0
-511 -1213 0
-511 -1252 0
-511 -1291 0
-511 -1330 0
-550 -589 0
-550 -628 0
-550 -667 0
-550 -706 0
-550 -745 0
-550 -784 0
-550 -823 0
-550 -862 0
-550 -901 0
-550 -940 0
-550 -979 0
-550 -1018 0
-550 -1057 0
-550 -1096 0
-550 -1135 0
-550 -1174 0
-550 -1213 0
-550 -1252 0
-550 -1291 0
-550 -1330 0
-589 -628 0
-589 -667 0
-589 -706 0
-589 -745 0
-589 -784 0
-589 -823 0
-589 -862 0
-589 -901 0
-589 -940 0
-589 -979 0
-589 -1018 0
-589 -1057 0
-589 -1096 0
-589 -1135 0
-589 -1174 0
-589 -1213 0
-589 -1252 0
-589 -1291 0
-589 -1330 0
-628 -667 0
-628 -706 0
-628 -745 0
-628 -784 0
-628 -823 0
-628 -862 0
-628 -901 0
-628 -940 0
-628 -979 0
-628 -1018 0
-628 -1057 0
-628 -1096 0
-628 -1135 0
-628 -1174 0
-628 -1213 0
-628 -1252 0
-628 -1291 0
-628 -1330 0
-667 -706 0
-667 -745 0
-667 -784 0
-667 -823 0
-667 -862 0
-667 -901 0
-667 -940 0
-667 -979 0
-667 -1018 0
-667 -1057 0
-667 -1096 0
-667 -1135 0
-667 -1174 0
-667 -1213 0
-667 -1252 0
-667 -1291 0
-667 -1330 0
-706 -745 0
-706 -784 0
-706 -823 0
-706 -862 0
-706 -901 0
-706 -940 0
-706 -979 0
-706 -1018 0
-706 -1057 0
-706 -1096 0
-706 -1135 0
-706 -1174 0
-706 -1213 0
-706 -1252 0
-706 -1291 0
-706 -1330 0
-745 -784 0
-745 -823 0
-745 -862 0
-745 -901 0
-745 -940 0
-745 -979 0
-745 -1018 0
-745 -1057 0
-745 -1096 0
-745 -1135 0
-745 -1174 0
-745 -1213 0
-745 -1252 0
-745 -1291 0
-745 -1330 0
-784 -823 0
-784 -862 0
-784 -901 0
-784 -940 0
-784 -979 0
-784 -1018 0
-784 -1057 0
-784 -1096 0
-784 -1135 0
-784 -1174 0
-784 -1213 0
-784 -1252 0
-784 -1291 0
-784 -1330 0
-823 -862 0
-823 -901 0
-823 -940 0
-823 -979 0
-823 -1018 0
-823 -1057 0
-823 -1096 0
-823 -1135 0
-823 -1174 0
-823 -1213 0
-823 -1252 0
-823 -1291 0
-823 -1330 0
-862 -901 0
-862 -940 0
-862 -979 0
-862 -1018 0
-862 -1057 0
-862 -1096 0
-862 -1135 0
-862 -1174 0
-862 -1213 0
-862 -1252 0
-862 -1291 0
-862 -1330 0
-901 -940 0
-901 -979 0
-901 -1018 0
-901 -1057 0
-901 -1096 0
-901 -1135 0
-901 -1174 0
-901 -1213 0
-901 -1252 0
-901 -1291 0
-901 -1330 0
-940 -979 0
-940 -1018 0
-940 -1057 0
-940 -1096 0
-940 -1135 0
-940 -1174 0
-940 -1213 0
-940 -1252 0
-940 -1291 0
-940 -1330 0
-979 -1018 0
-979 -1057 0
-979 -1096 0
-979 -1135 0
-979 -1174 0
-979 -1213 0
-979 -1252 0
-979 -1291 0
-979 -1330 0
-1018 -1057 0
-1018 -1096 0
-1018 -1135 0
-1018 -1174 0
-1018 -1213 0
-1018 -1252 0
-1018 -1291 0
-1018 -1330 0
-1057 -1096 0
-1057 -1135 0
-1057 -1174 0
-1057 -1213 0
-1057 -1252 0
-1057 -1291 0
-1057 -1330 0
-1096 -1135 0
-1096 -1174 0
-1096 -1213 0
-1096 -1252 0
-1096 -1291 0
-1096 -1330 0
-1135 -1174 0
-1135 -1213 0
-1135 -1252 0
-1135 -1291 0
-1135 -1330 0
-1174 -1213 0
-1174 -1252 0
-1174 -1291 0
-1174 -1330 0
-1213 -1252 0
-1213 -1291 0
-1213 -1330 0
-1252 -1291 0
-1252 -1330 0
-1291 -1330 0
-5 -44 0
-5 -83 0
-5 -122 0
-5 -161 0
-5 -200 0
-5 -239 0
-5 -278 0
-5 -317 0
-5 -356 0
-5 -395 0
-5 -434 0
-5 -473 0
-5 -512 0
-5 -551 0
-5 -590 0
-5 -629 0
-5 -668 0
-5 -707 0
-5 -746 0
-5 -785 0
-5 -824 0
-5 -863 0
-5 -902 0
-5 -941 0
-5 -980 0
-5 -1019 0
-5 -1058 0
-5 -1097 0
-5 -1136 0
-5 -1175 0
-5 -1214 0
-5 -1253 0
-5 -1292 0
-44 -83 0
-44 -122 0
-44 -161 0
-44 -200 0
-44 -239 0
-44 -278 0
-44 -317 0
-44 -356 0
-44 -395 0
-44 -434 0
-44 -473 0
-44 -512 0
-44 -551 0
-44 -590 0
-44 -629 0
-44 -668 0
-44 -707 0
-44 -746 0
-44 -785 0
-44 -824 0
-44 -863 0
-44 -902 0
-44 -941 0
-44 -980 0
-44 -1019 0
-44 -1058 0
-44 -1097 0
-44 -1136 0
-44 -1175 0
-44 -1214 0
-44 -1253 0
-44 -1292 0
-83 -122 0
-83 -161 0
-83 -200 0
-83 -239 0
-83 -278 0
-83 -317 0
-83 -356 0
-83 -395 0
-83 -434 0
-83 -473 0
-83 -512 0
-83 -551 0
-83 -590 0
-83 -629 0
-83 -668 0
-83 -707 0
-83 -746 0
-83 -785 0
-83 -824 0
-83 -863 0
-83 -902 0
-83 -941 0
-83 -980 0
-83 -1019 0
-83 -1058 0
-83 -1097 0
-83 -1136 0
-83 -1175 0
-83 -1214 0
-83 -1253 0
-83 -1292 0
-122 -161 0
-122 -200 0
-122 -239 0
-122 -278 0
-122 -317 0
-122 -356 0
-122 -395 0
-122 -434 0
-122 -473 0
-122 -512 0
-122 -551 0
-122 -590 0
-122 -629 0
-122 -668 0
-122 -707 0
-122 -746 0
-122 -785 0
-122 -824 0
-122 -863 0
-122 -902 0
-122 -941 0
-122 -980 0
-122 -1019 0
-122 -1058 0
-122 -1097 0
-122 -1136 0
-122 -1175 0
-122 -1214 0
-122 -1253 0
-122 -1292 0
-161 -200 0
-161 -239 0
-161 -278 0
-161 -317 0
-161 -356 0
-161 -395 0
-161 -434 0
-161 -473 0
-161 -512 0
-161 -551 0
-161 -590 0
-161 -629 0
-161 -668 0
-161 -707 0
-161 -746 0
-161 -785 0
-161 -824 0
-161 -863 0
-161 -902 0
-161 -941 0
-161 -980 0
-161 -1019 0
-161 -1058 0
-161 -1097 0
-161 -1136 0
-161 -1175 0
-161 -1214 0
-161 -1253 0
-161 -1292 0
-200 -239 0
-200 -278 0
-200 -317 0
-200 -356 0
-200 -395 0
-200 -434 0
-200 -473 0
-200 -512 0
-200 -551 0
-200 -590 0
-200 -629 0
-200 -668 0
-200 -707 0
-200 -746 0
-200 -785 0
-200 -824 0
-200 -863 0
-200 -902 0
-200 -941 0
-200 -980 0
-200 -1019 0
-200 -1058 0
-200 -1097 0
-200 -1136 0
-200 -1175 0
-200 -1214 0
-200 -1253 0
-200 -1292 0
-239 -278 0
-239 -317 0
-239 -356 0
-239 -395 0
-239 -434 0
-239 -473 0
-239 -512 0
-239 -551 0
-239 -590 0
-239 -629 0
-239 -668 0
-239 -707 0
-239 -746 0
-239 -785 0
-239 -824 0
-239 -863 0
-239 -902 0
-239 -941 0
-239 -980 0
-239 -1019 0
-239 -1058 0
-239 -1097 0
-239 -1136 0
-239 -1175 0
-239 -1214 0
-239 -1253 0
-239 -1292 0
-278 -317 0
-278 -356 0
-278 -395 0
-278 -434 0
-278 -473 0
-278 -512 0
-278 -551 0
-278 -590 0
-278 -629 0
-278 -668 0
-278 -707 0
-278 -746 0
-278 -785 0
-278 -824 0
-278 -863 0
-278 -902 0
-278 -941 0
-278 -980 0
-278 -1019 0
-278 -1058 0
-278 -1097 0
-278 -1136 0
-278 -1175 0
-278 -1214 0
-278 -1253 0
-278 -1292 0
-317 -356 0
-317 -395 0
-317 -434 0
-317 -473 0
-317 -512 0
-317 -551 0
-317 -590 0
-317 -629 0
-317 -668 0
-317 -707 0
-317 -746 0
-317 -785 0
-317 -824 0
-317 -863 0
-317 -902 0
-317 -941 0
-317 -980 0
-317 -1019 0
-317 -1058 0
-317 -1097 0
-317 -1136 0
-317 -1175 0
-317 -1214 0
-317 -1253 0
-317 -1292 0
-356 -395 0
-356 -434 0
-356 -473 0
-356 -512 0
-356 -551 0
-356 -590 0
-356 -629 0
-356 -668 0
-356 -707 0
-356 -746 0
-356 -785 0
-356 -824 0
-356 -863 0
-356 -902 0
-356 -941 0
-356 -980 0
-356 -1019 0
-356 -1058 0
-356 -1097 0
-356 -1136 0
-356 -1175 0
-356 -1214 0
-356 -1253 0
-356 -1292 0
-395 -434 0
-395 -473 0
-395 -512 0
-395 -551 0
-395 -590 0
-395 -629 0
-395 -668 0
-395 -707 0
-395 -746 0
-395 -785 0
-395 -824 0
-395 -863 0
-395 -902 0
-395 -941 0
-395 -980 0
-395 -1019 0
-395 -1058 0
-395 -1097 0
-395 -1136 0
-395 -1175 0
-395 -1214 0
-395 -1253 0
-395 -1292 0
-434 -473 0
-434 -512 0
-434 -551 0
-434 -590 0
-434 -629 0
-434 -668 0
-434 -707 0
-434 -746 0
-434 -785 0
-434 -824 0
-434 -863 0
-434 -902 0
-434 -941 0
-434 -980 0
-434 -1019 0
-434 -1058 0
-434 -1097 0
-434 -1136 0
-434 -1175 0
-434 -1214 0
-434 -1253 0
-434 -1292 0
-473 -512 0
-473 -551 0
-473 -590 0
-473 -629 0
-473 -668 0
-473 -707 0
-473 -746 0
-473 -785 0
-473 -824 0
-473 -863 0
-473 -902 0
-473 -941 0
-473 -980 0
-473 -1019 0
-473 -1058 0
-473 -1097 0
-473 -1136 0
-473 -1175 0
-473 -1214 0
-473 -1253 0
-473 -1292 0
-512 -551 0
-512 -590 0
-512 -629 0
-512 -668 0
-512 -707 0
-512 -746 0
-512 -785 0
-512 -824 0
-512 -863 0
-512 -902 0
-512 -941 0
-512 -980 0
-512 -1019 0
-512 -1058 0
-512 -1097 0
-512 -1136 0
-512 -1175 0
-512 -1214 0
-512 -1253 0
-512 -1292 0
-551 -590 0
-551 -629 0
-551 -668 0
-551 -707 0
-551 -746 0
-551 -785 0
-551 -824 0
-551 -863 0
-551 -902 0
-551 -941 0
-551 -980 0
-551 -1019 0
-551 -1058 0
-551 -1097 0
-551 -1136 0
-551 -1175 0
-551 -1214 0
-551 -1253 0
-551 -1292 0
-590 -629 0
-590 -668 0
-590 -707 0
-590 -746 0
-590 -785 0
-590 -824 0
-590 -863 0
-590 -902 0
-590 -941 0
-590 -980 0
-590 -1019 0
-590 -1058 0
-590 -1097 0
-590 -1136 0
-590 -1175 0
-590 -1214 0
-590 -1253 0
-590 -1292 0
-629 -668 0
-629 -707 0
-629 -746 0
-629 -785 0
-629 -824 0
-629 -863 0
-629 -902 0
-629 -941 0
-629 -980 0
-629 -1019 0
-629 -1058 0
-629 -1097 0
-629 -1136 0
-629 -1175 0
-629 -1214 0
-629 -1253 0
-629 -1292 0
-668 -707 0
-668 -746 0
-668 -785 0
-668 -824 0
-668 -863 0
-668 -902 0
-668 -941 0
-668 -980 0
-668 -1019 0
-668 -1058 0
-668 -1097 0
-668 -1136 0
-668 -1175 0
-668 -1214 0
-668 -1253 0
-668 -1292 0
-707 -746 0
-707 -785 0
-707 -824 0
-707 -863 0
-707 -902 0
-707 -941 0
-707 -980 0
-707 -1019 0
-707 -1058 0
-707 -1097 0
-707 -1136 0
-707 -1175 0
-707 -1214 0
-707 -1253 0
-707 -1292 0
-746 -785 0
-746 -824 0
-746 -863 0
-746 -902 0
-746 -941 0
-746 -980 0
-746 -1019 0
-746 -1058 0
-746 -1097 0
-746 -1136 0
-746 -1175 0
-746 -1214 0
-746 -1253 0
-746 -1292 0
-785 -824 0
-785 -863 0
-785 -902 0
-785 -941 0
-785 -980 0
-785 -1019 0
-785 -1058 0
-785 -1097 0
-785 -1136 0
-785 -1175 0
-785 -1214 0
-785 -1253 0
-785 -1292 0
-824 -863 0
-824 -902 0
-824 -941 0
-824 -980 0
-824 -1019 0
-824 -1058 0
-824 -1097 0
-824 -1136 0
-824 -1175 0
-824 -1214 0
-824 -1253 0
-824 -1292 0
-863 -902 0
-863 -941 0
-863 -980 0
-863 -1019 0
-863 -1058 0
-863 -1097 0
-863 -1136 0
-863 -1175 0
-863 -1214 0
-863 -1253 0
-863 -1292 0
-902 -941 0
-902 -980 0
-902 -1019 0
-902 -1058 0
-902 -1097 0
-902 -1136 0
-902 -1175 0
-902 -1214 0
-902 -1253 0
-902 -1292 0
-941 -980 0
-941 -1019 0
-941 -1058 0
-941 -1097 0
-941 -1136 0
-941 -1175 0
-941 -1214 0
-941 -1253 0
-941 -1292 0
-980 -1019 0
-980 -1058 0
-980 -1097 0
-980 -1136 0
-980 -1175 0
-980 -1214 0
-980 -1253 0
-980 -1292 0
-1019 -1058 0
-1019 -1097 0
-1019 -1136 0
-1019 -1175 0
-1019 -1214 0
-1019 -1253 0
-1019 -1292 0
-1058 -1097 0
-1058 -1136 0
-1058 -1175 0
-1058 -1214 0
-1058 -1253 0
-1058 -1292 0
-1097 -1136 0
-1097 -1175 0
-1097 -1214 0
-1097 -1253 0
-1097 -1292 0
-1136 -1175 0
-1136 -1214 0
-1136 -1253 0
-1136 -1292 0
-1175 -1214 0
-1175 -1253 0
-1175 -1292 0
-1214 -1253 0
-1214 -1292 0
-1253 -1292 0
-6 -45 0
-6 -84 0
-6 -123 0
-6 -162 0
-6 -201 0
-6 -240 0
-6 -279 0
-6 -318 0
-6 -357 0
-6 -396 0
-6 -435 0
-6 -474 0
-6 -513 0
-6 -552 0
-6 -591 0
-6 -630 0
-6 -669 0
-6 -708 0
-6 -747 0
-6 -786 0
-6 -825 0
-6 -864 0
-6 -903 0
-6 -942 0
-6 -981 0
-6 -1020 0
-6 -1059 0
-6 -1098 0
-6 -1137 0
-6 -1176 0
-6 -1215 0
-6 -1254 0
-45 -84 0
-45 -123 0
-45 -162 0
-45 -201 0
-45 -240 0
-45 -279 0
-45 -318 0
-45 -357 0
-45 -396 0
-45 -435 0
-45 -474 0
-45 -513 0
-45 -552 0
-45 -591 0
-45 -630 0
-45 -669 0
-45 -708 0
-45 -747 0
-45 -786 0
-45 -825 0
-45 -864 0
-45 -903 0
-45 -942 0
-45 -981 0
-45 -1020 0
-45 -1059 0
-45 -1098 0
-45 -1137 0
-45 -1176 0
-45 -1215 0
-45 -1254 0
-84 -123 0
-84 -162 0
-84 -201 0
-84 -240 0
-84 -279 0
-84 -318 0
-84 -357 0
-84 -396 0
-84 -435 0
-84 -474 0
-84 -513 0
-84 -552 0
-84 -591 0
-84 -630 0
-84 -669 0
-84 -708 0
-84 -747 0
-84 -786 0
-84 -825 0
-84 -864 0
-84 -903 0
-84 -942 0
-84 -981 0
-84 -1020 0
-84 -1059 0
-84 -1098 0
-84 -1137 0
-84 -1176 0
-84 -1215 0
-84 -1254 0
-123 -162 0
-123 -201 0
-123 -240 0
-123 -279 0
-123 -318 0
-123 -357 0
-123 -396 0
-123 -435 0
-123 -474 0
-123 -513 0
-123 -552 0
-123 -591 0
-123 -630 0
-123 -669 0
-123 -708 0
-123 -747 0
-123 -786 0
-123 -825 0
-123 -864 0
-123 -903 0
-123 -942 0
-123 -981 0
-123 -1020 0
-123 -1059 0
-123 -1098 0
-123 -1137 0
-123 -1176 0
-123 -1215 0
-123 -1254 0
-162 -201 0
-162 -240 0
-162 -279 0
-162 -318 0
-162 -357 0
-162 -396 0
-162 -435 0
-162 -474 0
-162 -513 0
-162 -552 0
-162 -591 0
-162 -630 0
-162 -669 0
-162 -708 0
-162 -747 0
-162 -786 0
-162 -825 0
-162 -864 0
-162 -903 0
-162 -942 0
-162 -981 0
-162 -1020 0
-162 -1059 0
-162 -1098 0
-162 -1137 0
-162 -1176 0
-162 -1215 0
-162 -1254 0
-201 -240 0
-201 -279 0
-201 -318 0
-201 -357 0
-201 -396 0
-201 -435 0
-201 -474 0
-201 -513 0
-201 -552 0
-201 -591 0
-201 -630 0
-201 -669 0
-201 -708 0
-201 -747 0
-201 -786 0
-201 -825 0
-201 -864 0
-201 -903 0
-201 -942 0
-201 -981 0
-201 -1020 0
-201 -1059 0
-201 -1098 0
-201 -1137 0
-201 -1176 0
-201 -1215 0
-201 -1254 0
-240 -279 0
-240 -318 0
-240 -357 0
-240 -396 0
-240 -435 0
-240 -474 0
-240 -513 0
-240 -552 0
-240 -591 0
-240 -630 0
-240 -669 0
-240 -708 0
-240 -747 0
-240 -786 0
-240 -825 0
-240 -864 0
-240 -903 0
-240 -942 0
-240 -981 0
-240 -1020 0
-240 -1059 0
-240 -1098 0
-240 -1137 0
-240 -1176 0
-240 -1215 0
-240 -1254 0
-279 -318 0
-279 -357 0
-279 -396 0
-279 -435 0
-279 -474 0
-279 -513 0
-279 -552 0
-279 -591 0
-279 -630 0
-279 -669 0
-279 -708 0
-279 -747 0
-279 -786 0
-279 -825 0
-279 -864 0
-279 -903 0
-279 -942 0
-279 -981 0
-279 -1020 0
-279 -1059 0
-279 -1098 0
-279 -1137 0
-279 -1176 0
-279 -1215 0
-279 -1254 0
-318 -357 0
-318 -396 0
-318 -435 0
-318 -474 0
-318 -513 0
-318 -552 0
-318 -591 0
-318 -630 0
-318 -669 0
-318 -708 0
-318 -747 0
-318 -786 0
-318 -825 0
-318 -864 0
-318 -903 0
-318 -942 0
-318 -981 0
-318 -1020 0
-318 -1059 0
-318 -1098 0
-318 -1137 0
-318 -1176 0
-318 -1215 0
-318 -1254 0
-357 -396 0
-357 -435 0
-357 -474 0
-357 -513 0
-357 -552 0
-357 -591 0
-357 -630 0
-357 -669 0
-357 -708 0
-357 -747 0
-357 -786 0
-357 -825 0
-357 -864 0
-357 -903 0
-357 -942 0
-357 -981 0
-357 -1020 0
-357 -1059 0
-357 -1098 0
-357 -1137 0
-357 -1176 0
-357 -1215 0
-357 -1254 0
-396 -435 0
-396 -474 0
-396 -513 0
-396 -552 0
-396 -591 0
-396 -630 0
-396 -669 0
-396 -708 0
-396 -747 0
-396 -786 0
-396 -825 0
-396 -864 0
-396 -903 0
-396 -942 0
-396 -981 0
-396 -1020 0
-396 -1059 0
-396 -1098 0
-396 -1137 0
-396 -1176 0
-396 -1215 0
-396 -1254 0
-435 -474 0
-435 -513 0
-435 -552 0
-435 -591 0
-435 -630 0
-435 -669 0
-435 -708 0
-435 -747 0
-435 -786 0
-435 -825 0
-435 -864 0
-435 -903 0
-435 -942 0
-435 -981 0
-435 -1020 0
-435 -1059 0
-435 -1098 0
-435 -1137 0
-435 -1176 0
-435 -1215 0
-435 -1254 0
-474 -513 0
-474 -552 0
-474 -591 0
-474 -630 0
-474 -669 0
-474 -708 0
-474 -747 0
-474 -786 0
-474 -825 0
-474 -864 0
-474 -903 0
-474 -942 0
-474 -981 0
-474 -1020 0
-474 -1059 0
-474 -1098 0
-474 -1137 0
-474 -1176 0
-474 -1215 0
-474 -1254 0
-513 -552 0
-513 -591 0
-513 -630 0
-513 -669 0
-513 -708 0
-513 -747 0
-513 -786 0
-513 -825 0
-513 -864 0
-513 -903 0
-513 -942 0
-513 -981 0
-513 -1020 0
-513 -1059 0
-513 -1098 0
-513 -1137 0
-513 -1176 0
-513 -1215 0
-513 -1254 0
-552 -591 0
-552 -630 0
-552 -669 0
-552 -708 0
-552 -747 0
-552 -786 0
-552 -825 0
-552 -864 0
-552 -903 0
-552 -942 0
-552 -981 0
-552 -1020 0
-552 -1059 0
-552 -1098 0
-552 -1137 0
-552 -1176 0
-552 -1215 0
-552 -1254 0
-591 -630 0
-591 -669 0
-591 -708 0
-591 -747 0
-591 -786 0
-591 -825 0
-591 -864 0
-591 -903 0
-591 -942 0
-591 -981 0
-591 -1020 0
-591 -1059 0
-591 -1098 0
-591 -1137 0
-591 -1176 0
-591 -1215 0
-591 -1254 0
-630 -669 0
-630 -708 0
-630 -747 0
-630 -786 0
-630 -825 0
-630 -864 0
-630 -903 0
-630 -942 0
-630 -981 0
-630 -1020 0
-630 -1059 0
-630 -1098 0
-630 -1137 0
-630 -1176 0
-630 -1215 0
-630 -1254 0
-669 -708 0
-669 -747 0
-669 -786 0
-669 -825 0
-669 -864 0
-669 -903 0
-669 -942 0
-669 -981 0
-669 -1020 0
-669 -1059 0
-669 -1098 0
-669 -1137 0
-669 -1176 0
-669 -1215 0
-669 -1254 0
-708 -747 0
-708 -786 0
-708 -825 0
-708 -864 0
-708 -903 0
-708 -942 0
-708 -981 0
-708 -1020 0
-708 -1059 0
-708 -1098 0
-708 -1137 0
-708 -1176 0
-708 -1215 0
-708 -1254 0
-747 -786 0
-747 -825 0
-747 -864 0
-747 -903 0
-747 -942 0
-747 -981 0
-747 -1020 0
-747 -1059 0
-747 -1098 0
-747 -1137 0
-747 -1176 0
-747 -1215 0
-747 -1254 0
-786 -825 0
-786 -864 0
-786 -903 0
-786 -942 0
-786 -981 0
-786 -1020 0
-786 -1059 0
-786 -1098 0
-786 -1137 0
-786 -1176 0
-786 -1215 0
-786 -1254 0
-825 -864 0
-825 -903 0
-825 -942 0
-825 -981 0
-825 -1020 0
-825 -1059 0
-825 -1098 0
-825 -1137 0
-825 -1176 0
-825 -1215 0
-825 -1254 0
-864 -903 0
-864 -942 0
-864 -981 0
-864 -1020 0
-864 -1059 0
-864 -1098 0
-864 -1137 0
-864 -1176 0
-864 -1215 0
-864 -1254 0
-903 -942 0
-903 -981 0
-903 -1020 0
-903 -1059 0
-903 -1098 0
-903 -1137 0
-903 -1176 0
-903 -1215 0
-903 -1254 0
-942 -981 0
-942 -1020 0
-942 -1059 0
-942 -1098 0
-942 -1137 0
-942 -1176 0
-942 -1215 0
-942 -1254 0
-981 -1020 0
-981 -1059 0
-981 -1098 0
-981 -1137 0
-981 -1176 0
-981 -1215 0
-981 -1254 0
-1020 -1059 0
-1020 -1098 0
-1020 -1137 0
-1020 -1176 0
-1020 -1215 0
-1020 -1254 0
-1059 -1098 0
-1059 -1137 0
-1059 -1176 0
-1059 -1215 0
-1059 -1254 0
-1098 -1137 0
-1098 -1176 0
-1098 -1215 0
-1098 -1254 0
-1137 -1176 0
-1137 -1215 0
-1137 -1254 0
-1176 -1215 0
-1176 -1254 0
-1215 -1254 0
-7 -46 0
-7 -85 0
-7 -124 0
-7 -163 0
-7 -202 0
-7 -241 0
-7 -280 0
-7 -319 0
-7 -358 0
-7 -397 0
-7 -436 0
-7 -475 0
-7 -514 0
-7 -553 0
-7 -592 0
-7 -631 0
-7 -670 0
-7 -709 0
-7 -748 0
-7 -787 0
-7 -826 0
-7 -865 0
-7 -904 0
-7 -943 0
-7 -982 0
-7 -1021 0
-7 -1060 0
-7 -1099 0
-7 -1138 0
-7 -1177 0
-7 -1216 0
-46 -85 0
-46 -124 0
-46 -163 0
-46 -202 0
-46 -241 0
-46 -280 0
-46 -319 0
-46 -358 0
-46 -397 0
-46 -436 0
-46 -475 0
-46 -514 0
-46 -553 0
-46 -592 0
-46 -631 0
-46 -670 0
-46 -709 0
-46 -748 0
-46 -787 0
-46 -826 0
-46 -865 0
-46 -904 0
-46 -943 0
-46 -982 0
-46 -1021 0
-46 -1060 0
-46 -1099 0
-46 -1138 0
-46 -1177 0
-46 -1216 0
-85 -124 0
-85 -163 0
-85 -202 0
-85 -241 0
-85 -280 0
-85 -319 0
-85 -358 0
-85 -397 0
-85 -436 0
-85 -475 0
-85 -514 0
-85 -553 0
-85 -592 0
-85 -631 0
-85 -670 0
-85 -709 0
-85 -748 0
-85 -787 0
-85 -826 0
-85 -865 0
-85 -904 0
-85 -943 0
-85 -982 0
-85 -1021 0
-85 -1060 0
-85 -1099 0
-85 -1138 0
-85 -1177 0
-85 -1216 0
-124 -163 0
-124 -202 0
-124 -241 0
-124 -280 0
-124 -319 0
-124 -358 0
-124 -397 0
-124 -436 0
-124 -475 0
-124 -514 0
-124 -553 0
-124 -592 0
-124 -631 0
-124 -670 0
-124 -709 0
-124 -748 0
-124 -787 0
-124 -826 0
-124 -865 0
-124 -904 0
-124 -943 0
-124 -982 0
-124 -1021 0
-124 -1060 0
-124 -1099 0
-124 -1138 0
-124 -1177 0
-124 -1216 0
-163 -202 0
-163 -241 0
-163 -280 0
-163 -319 0
-163 -358 0
-163 -397 0
-163 -436 0
-163 -475 0
-163 -514 0
-163 -553 0
-163 -592 0
-163 -631 0
-163 -670 0
-163 -709 0
-163 -748 0
-163 -787 0
-163 -826 0
-163 -865 0
-163 -904 0
-163 -943 0
-163 -982 0
-163 -1021 0
-163 -1060 0
-163 -1099 0
-163 -1138 0
-163 -1177 0
-163 -1216 0
-202 -241 0
-202 -280 0
-202 -319 0
-202 -358 0
-202 -397 0
-202 -436 0
-202 -475 0
-202 -514 0
-202 -553 0
-202 -592 0
-202 -631 0
-202 -670 0
-202 -709 0
-202 -748 0
-202 -787 0
-202 -826 0
-202 -865 0
-202 -904 0
-202 -943 0
-202 -982 0
-202 -1021 0
-202 -1060 0
-202 -1099 0
-202 -1138 0
-202 -1177 0
-202 -1216 0
-241 -280 0
-241 -319 0
-241 -358 0
-241 -397 0
-241 -436 0
-241 -475 0
-241 -514 0
-241 -553 0
-241 -592 0
-241 -631 0
-241 -670 0
-241 -709 0
-241 -748 0
-241 -787 0
-241 -826 0
-241 -865 0
-241 -904 0
-241 -943 0
-241 -982 0
-241 -1021 0
-241 -1060 0
-241 -1099 0
-241 -1138 0
-241 -1177 0
-241 -1216 0
-280 -319 0
-280 -358 0
-280 -397 0
-280 -436 0
-280 -475 0
-280 -514 0
-280 -553 0
-280 -592 0
-280 -631 0
-280 -670 0
-280 -709 0
-280 -748 0
-280 -787 0
-280 -826 0
-280 -865 0
-280 -904 0
-280 -943 0
-280 -982 0
-280 -1021 0
-280 -1060 0
-280 -1099 0
-280 -1138 0
-280 -1177 0
-280 -1216 0
-319 -358 0
-319 -397 0
-319 -436 0
-319 -475 0
-319 -514 0
-319 -553 0
-319 -592 0
-319 -631 0
-319 -670 0
-319 -709 0
-319 -748 0
-319 -787 0
-319 -826 0
-319 -865 0
-319 -904 0
-319 -943 0
-319 -982 0
-319 -1021 0
-319 -1060 0
-319 -1099 0
-319 -1138 0
-319 -1177 0
-319 -1216 0
-358 -397 0
-358 -436 0
-358 -475 0
-358 -514 0
-358 -553 0
-358 -592 0
-358 -631 0
-358 -670 0
-358 -709 0
-358 -748 0
-358 -787 0
-358 -826 0
-358 -865 0
-358 -904 0
-358 -943 0
-358 -982 0
-358 -1021 0
-358 -1060 0
-358 -1099 0
-358 -1138 0
-358 -1177 0
-358 -1216 0
-397 -436 0
-397 -475 0
-397 -514 0
-397 -553 0
-397 -592 0
-397 -631 0
-397 -670 0
-397 -709 0
-397 -748 0
-397 -787 0
-397 -826 0
-397 -865 0
-397 -904 0
-397 -943 0
-397 -982 0
-397 -1021 0
-397 -1060 0
-397 -1099 0
-397 -1138 0
-397 -1177 0
-397 -1216 0
-436 -475 0
-436 -514 0
-436 -553 0
-436 -592 0
-436 -631 0
-436 -670 0
-436 -709 0
-436 -748 0
-436 -787 0
-436 -826 0
-436 -865 0
-436 -904 0
-436 -943 0
-436 -982 0
-436 -1021 0
-436 -1060 0
-436 -1099 0
-436 -1138 0
-436 -1177 0
-436 -1216 0
-475 -514 0
-475 -553 0
-475 -592 0
-475 -631 0
-475 -670 0
-475 -709 0
-475 -748 0
-475 -787 0
-475 -826 0
-475 -865 0
-475 -904 0
-475 -943 0
-475 -982 0
-475 -1021 0
-475 -1060 0
-475 -1099 0
-475 -1138 0
-475 -1177 0
-475 -1216 0
-514 -553 0
-514 -592 0
-514 -631 0
-514 -670 0
-514 -709 0
-514 -748 0
-514 -787 0
-514 -826 0
-514 -865 0
-514 -904 0
-514 -943 0
-514 -982 0
-514 -1021 0
-514 -1060 0
-514 -1099 0
-514 -1138 0
-514 -1177 0
-514 -1216 0
-553 -592 0
-553 -631 0
-553 -670 0
-553 -709 0
-553 -748 0
-553 -787 0
-553 -826 0
-553 -865 0
-553 -904 0
-553 -943 0
-553 -982 0
-553 -1021 0
-553 -1060 0
-553 -1099 0
-553 -1138 0
-553 -1177 0
-553 -1216 0
-592 -631 0
-592 -670 0
-592 -709 0
-592 -748 0
-592 -787 0
-592 -826 0
-592 -865 0
-592 -904 0
-592 -943 0
-592 -982 0
-592 -1021 0
-592 -1060 0
-592 -1099 0
-592 -1138 0
-592 -1177 0
-592 -1216 0
-631 -670 0
-631 -709 0
-631 -748 0
-631 -787 0
-631 -826 0
-631 -865 0
-631 -904 0
-631 -943 0
-631 -982 0
-631 -1021 0
-631 -1060 0
-631 -1099 0
-631 -1138 0
-631 -1177 0
-631 -1216 0
-670 -709 0
-670 -748 0
-670 -787 0
-670 -826 0
-670 -865 0
-670 -904 0
-670 -943 0
-670 -982 0
-670 -1021 0
-670 -1060 0
-670 -1099 0
-670 -1138 0
-670 -1177 0
-670 -1216 0
-709 -748 0
-709 -787 0
-709 -826 0
-709 -865 0
-709 -904 0
-709 -943 0
-709 -982 0
-709 -1021 0
-709 -1060 0
-709 -1099 0
-709 -1138 0
-709 -1177 0
-709 -1216 0
-748 -787 0
-748 -826 0
-748 -865 0
-748 -904 0
-748 -943 0
-748 -982 0
-748 -1021 0
-748 -1060 0
-748 -1099 0
-748 -1138 0
-748 -1177 0
-748 -1216 0
-787 -826 0
-787 -865 0
-787 -904 0
-787 -943 0
-787 -982 0
-787 -1021 0
-787 -1060 0
-787 -1099 0
-787 -1138 0
-787 -1177 0
-787 -1216 0
-826 -865 0
-826 -904 0
-826 -943 0
-826 -982 0
-826 -1021 0
-826 -1060 0
-826 -1099 0
-826 -1138 0
-826 -1177 0
-826 -1216 0
-865 -904 0
-865 -943 0
-865 -982 0
-865 -1021 0
-865 -1060 0
-865 -1099 0
-865 -1138 0
-865 -1177 0
-865 -1216 0
-904 -943 0
-904 -982 0
-904 -1021 0
-904 -1060 0
-904 -1099 0
-904 -1138 0
-904 -1177 0
-904 -1216 0
-943 -982 0
-943 -1021 0
-943 -1060 0
-943 -1099 0
-943 -1138 0
-943 -1177 0
-943 -1216 0
-982 -1021 0
-982 -1060 0
-982 -1099 0
-982 -1138 0
-982 -1177 0
-982 -1216 0
-1021 -1060 0
-1021 -1099 0
-1021 -1138 0
-1021 -1177 0
-1021 -1216 0
-1060 -1099 0
-1060 -1138 0
-1060 -1177 0
-1060 -1216 0
-1099 -1138 0
-1099 -1177 0
-1099 -1216 0
-1138 -1177 0
-1138 -1216 0
-1177 -1216 0
-8 -47 0
-8 -86 0
-8 -125 0
-8 -164 0
-8 -203 0
-8 -242 0
-8 -281 0
-8 -320 0
-8 -359 0
-8 -398 0
-8 -437 0
-8 -476 0
-8 -515 0
-8 -554 0
-8 -593 0
-8 -632 0
-8 -671 0
-8 -710 0
-8 -749 0
-8 -788 0
-8 -827 0
-8 -866 0
-8 -905 0
-8 -944 0
-8 -983 0
-8 -1022 0
-8 -1061 0
-8 -1100 0
-8 -1139 0
-8 -1178 0
-47 -86 0
-47 -125 0
-47 -164 0
-47 -203 0
-47 -242 0
-47 -281 0
-47 -320 0
-47 -359 0
-47 -398 0
-47 -437 0
-47 -476 0
-47 -515 0
-47 -554 0
-47 -593 0
-47 -632 0
-47 -671 0
-47 -710 0
-47 -749 0
-47 -788 0
-47 -827 0
-47 -866 0
-47 -905 0
-47 -944 0
-47 -983 0
-47 -1022 0
-47 -1061 0
-47 -1100 0
-47 -1139 0
-47 -1178 0
-86 -125 0
-86 -164 0
-86 -203 0
-86 -242 0
-86 -281 0
-86 -320 0
-86 -359 0
-86 -398 0
-86 -437 0
-86 -476 0
-86 -515 0
-86 -554 0
-86 -593 0
-86 -632 0
-86 -671 0
-86 -710 0
-86 -749 0
-86 -788 0
-86 -827 0
-86 -866 0
-86 -905 0
-86 -944 0
-86 -983 0
-86 -1022 0
-86 -1061 0
-86 -1100 0
-86 -1139 0
-86 -1178 0
-125 -164 0
-125 -203 0
-125 -242 0
-125 -281 0
-125 -320 0
-125 -359 0
-125 -398 0
-125 -437 0
-125 -476 0
-125 -515 0
-125 -554 0
-125 -593 0
-125 -632 0
-125 -671 0
-125 -710 0
-125 -749 0
-125 -788 0
-125 -827 0
-125 -866 0
-125 -905 0
-125 -944 0
-125 -983 0
-125 -1022 0
-125 -1061 0
-125 -1100 0
-125 -1139 0
-125 -1178 0
-164 -203 0
-164 -242 0
-164 -281 0
-164 -320 0
-164 -359 0
-164 -398 0
-164 -437 0
-164 -476 0
-164 -515 0
-164 -554 0
-164 -593 0
-164 -632 0
-164 -671 0
-164 -710 0
-164 -749 0
-164 -788 0
-164 -827 0
-164 -866 0
-164 -905 0
-164 -944 0
-164 -983 0
-164 -1022 0
-164 -1061 0
-164 -1100 0
-164 -1139 0
-164 -1178 0
-203 -242 0
-203 -281 0
-203 -320 0
-203 -359 0
-203 -398 0
-203 -437 0
-203 -476 0
-203 -515 0
-203 -554 0
-203 -593 0
-203 -632 0
-203 -671 0
-203 -710 0
-203 -749 0
-203 -788 0
-203 -827 0
-203 -866 0
-203 -905 0
-203 -944 0
-203 -983 0
-203 -1022 0
-203 -1061 0
-203 -1100 0
-203 -1139 0
-203 -1178 0
-242 -281 0
-242 -320 0
-242 -359 0
-242 -398 0
-242 -437 0
-242 -476 0
-242 -515 0
-242 -554 0
-242 -593 0
-242 -632 0
-242 -671 0
-242 -710 0
-242 -749 0
-242 -788 0
-242 -827 0
-242 -866 0
-242 -905 0
-242 -944 0
-242 -983 0
-242 -1022 0
-242 -1061 0
-242 -1100 0
-242 -1139 0
-242 -1178 0
-281 -320 0
-281 -359 0
-281 -398 0
-281 -437 0
-281 -476 0
-281 -515 0
-281 -554 0
-281 -593 0
-281 -632 0
-281 -671 0
-281 -710 0
-281 -749 0
-281 -788 0
-281 -827 0
-281 -866 0
-281 -905 0
-281 -944 0
-281 -983 0
-281 -1022 0
-281 -1061 0
-281 -1100 0
-281 -1139 0
-281 -1178 0
-320 -359 0
-320 -398 0
-320 -437 0
-320 -476 0
-320 -515 0
-320 -554 0
-320 -593 0
-320 -632 0
-320 -671 0
-320 -710 0
-320 -749 0
-320 -788 0
-320 -827 0
-320 -866 0
-320 -905 0
-320 -944 0
-320 -983 0
-320 -1022 0
-320 -1061 0
-320 -1100 0
-320 -1139 0
-320 -1178 0
-359 -398 0
-359 -437 0
-359 -476 0
-359 -515 0
-359 -554 0
-359 -593 0
-359 -632 0
-359 -671 0
-359 -710 0
-359 -749 0
-359 -788 0
-359 -827 0
-359 -866 0
-359 -905 0
-359 -944 0
-359 -983 0
-359 -1022 0
-359 -1061 0
-359 -1100 0
-359 -1139 0
-359 -1178 0
-398 -437 0
-398 -476 0
-398 -515 0
-398 -554 0
-398 -593 0
-398 -632 0
-398 -671 0
-398 -710 0
-398 -749 0
-398 -788 0
-398 -827 0
-398 -866 0
-398 -905 0
-398 -944 0
-398 -983 0
-398 -1022 0
-398 -1061 0
-398 -1100 0
-398 -1139 0
-398 -1178 0
-437 -476 0
-437 -515 0
-437 -554 0
-437 -593 0
-437 -632 0
-437 -671 0
-437 -710 0
-437 -749 0
-437 -788 0
-437 -827 0
-437 -866 0
-437 -905 0
-437 -944 0
-437 -983 0
-437 -1022 0
-437 -1061 0
-437 -1100 0
-437 -1139 0
-437 -1178 0
-476 -515 0
-476 -554 0
-476 -593 0
-476 -632 0
-476 -671 0
-476 -710 0
-476 -749 0
-476 -788 0
-476 -827 0
-476 -866 0
-476 -905 0
-476 -944 0
-476 -983 0
-476 -1022 0
-476 -1061 0
-476 -1100 0
-476 -1139 0
-476 -1178 0
-515 -554 0
-515 -593 0
-515 -632 0
-515 -671 0
-515 -710 0
-515 -749 0
-515 -788 0
-515 -827 0
-515 -866 0
-515 -905 0
-515 -944 0
-515 -983 0
-515 -1022 0
-515 -1061 0
-515 -1100 0
-515 -1139 0
-515 -1178 0
-554 -593 0
-554 -632 0
-554 -671 0
-554 -710 0
-554 -749 0
-554 -788 0
-554 -827 0
-554 -866 0
-554 -905 0
-554 -944 0
-554 -983 0
-554 -1022 0
-554 -1061 0
-554 -1100 0
-554 -1139 0
-554 -1178 0
-593 -632 0
-593 -671 0
-593 -710 0
-593 -749 0
-593 -788 0
-593 -827 0
-593 -866 0
-593 -905 0
-593 -944 0
-593 -983 0
-593 -1022 0
-593 -1061 0
-593 -1100 0
-593 -1139 0
-593 -1178 0
-632 -671 0
-632 -710 0
-632 -749 0
-632 -788 0
-632 -827 0
-632 -866 0
-632 -905 0
-632 -944 0
-632 -983 0
-632 -1022 0
-632 -1061 0
-632 -1100 0
-632 -1139 0
-632 -1178 0
-671 -710 0
-671 -749 0
-671 -788 0
-671 -827 0
-671 -866 0
-671 -905 0
-671 -944 0
-671 -983 0
-671 -1022 0
-671 -1061 0
-671 -1100 0
-671 -1139 0
-671 -1178 0
-710 -749 0
-710 -788 0
-710 -827 0
-710 -866 0
-710 -905 0
-710 -944 0
-710 -983 0
-710 -1022 0
-710 -1061 0
-710 -1100 0
-710 -1139 0
-710 -1178 0
-749 -788 0
-749 -827 0
-749 -866 0
-749 -905 0
-749 -944 0
-749 -983 0
-749 -1022 0
-749 -1061 0
-749 -1100 0
-749 -1139 0
-749 -1178 0
-788 -827 0
-788 -866 0
-788 -905 0
-788 -944 0
-788 -983 0
-788 -1022 0
-788 -1061 0
-788 -1100 0
-788 -1139 0
-788 -1178 0
-827 -866 0
-827 -905 0
-827 -944 0
-827 -983 0
-827 -1022 0
-827 -1061 0
-827 -1100 0
-827 -1139 0
-827 -1178 0
-866 -905 0
-866 -944 0
-866 -983 0
-866 -1022 0
-866 -1061 0
-866 -1100 0
-866 -1139 0
-866 -1178 0
-905 -944 0
-905 -983 0
-905 -1022 0
-905 -1061 0
-905 -1100 0
-905 -1139 0
-905 -1178 0
-944 -983 0
-944 -1022 0
-944 -1061 0
-944 -1100 0
-944 -1139 0
-944 -1178 0
-983 -1022 0
-983 -1061 0
-983 -1100 0
-983 -1139 0
-983 -1178 0
-1022 -1061 0
-1022 -1100 0
-1022 -1139 0
-1022 -1178 0
-1061 -1100 0
-1061 -1139 0
-1061 -1178 0
-1100 -1139 0
-1100 -1178 0
-1139 -1178 0
-9 -48 0
-9 -87 0
-9 -126 0
-9 -165 0
-9 -204 0
-9 -243 0
-9 -282 0
-9 -321 0
-9 -360 0
-9 -399 0
-9 -438 0
-9 -477 0
-9 -516 0
-9 -555 0
-9 -594 0
-9 -633 0
-9 -672 0
-9 -711 0
-9 -750 0
-9 -789 0
-9 -828 0
-9 -867 0
-9 -906 0
-9 -945 0
-9 -984 0
-9 -1023 0
-9 -1062 0
-9 -1101 0
-9 -1140 0
-48 -87 0
-48 -126 0
-48 -165 0
-48 -204 0
-48 -243 0
-48 -282 0
-48 -321 0
-48 -360 0
-48 -399 0
-48 -438 0
-48 -477 0
-48 -516 0
-48 -555 0
-48 -594 0
-48 -633 0
-48 -672 0
-48 -711 0
-48 -750 0
-48 -789 0
-48 -828 0
-48 -867 0
-48 -906 0
-48 -945 0
-48 -984 0
-48 -1023 0
-48 -1062 0
-48 -1101 0
-48 -1140 0
-87 -126 0
-87 -165 0
-87 -204 0
-87 -243 0
-87 -282 0
-87 -321 0
-87 -360 0
-87 -399 0
-87 -438 0
-87 -477 0
-87 -516 0
-87 -555 0
-87 -594 0
-87 -633 0
-87 -672 0
-87 -711 0
-87 -750 0
-87 -789 0
-87 -828 0
-87 -867 0
-87 -906 0
-87 -945 0
-87 -984 0
-87 -1023 0
-87 -1062 0
-87 -1101 0
-87 -1140 0
-126 -165 0
-126 -204 0
-126 -243 0
-126 -282 0
-126 -321 0
-126 -360 0
-126 -399 0
-126 -438 0
-126 -477 0
-126 -516 0
-126 -555 0
-126 -594 0
-126 -633 0
-126 -672 0
-126 -711 0
-126 -750 0
-126 -789 0
-126 -828 0
-126 -867 0
-126 -906 0
-126 -945 0
-126 -984 0
-126 -1023 0
-126 -1062 0
-126 -1101 0
-126 -1140 0
-165 -204 0
-165 -243 0
-165 -282 0
-165 -321 0
-165 -360 0
-165 -399 0
-165 -438 0
-165 -477 0
-165 -516 0
-165 -555 0
-165 -594 0
-165 -633 0
-165 -672 0
-165 -711 0
-165 -750 0
-165 -789 0
-165 -828 0
-165 -867 0
-165 -906 0
-165 -945 0
-165 -984 0
-165 -1023 0
-165 -1062 0
-165 -1101 0
-165 -1140 0
-204 -243 0
-204 -282 0
-204 -321 0
-204 -360 0
-204 -399 0
-204 -438 0
-204 -477 0
-204 -516 0
-204 -555 0
-204 -594 0
-204 -633 0
-204 -672 0
-204 -711 0
-204 -750 0
-204 -789 0
-204 -828 0
-204 -867 0
-204 -906 0
-204 -945 0
-204 -984 0
-204 -1023 0
-204 -1062 0
-204 -1101 0
-204 -1140 0
-243 -282 0
-243 -321 0
-243 -360 0
-243 -399 0
-243 -438 0
-243 -477 0
-243 -516 0
-243 -555 0
-243 -594 0
-243 -633 0
-243 -672 0
-243 -711 0
-243 -750 0
-243 -789 0
-243 -828 0
-243 -867 0
-243 -906 0
-243 -945 0
-243 -984 0
-243 -1023 0
-243 -1062 0
-243 -1101 0
-243 -1140 0
-282 -321 0
-282 -360 0
-282 -399 0
-282 -438 0
-282 -477 0
-282 -516 0
-282 -555 0
-282 -594 0
-282 -633 0
-282 -672 0
-282 -711 0
-282 -750 0
-282 -789 0
-282 -828 0
-282 -867 0
-282 -906 0
-282 -945 0
-282 -984 0
-282 -1023 0
-282 -1062 0
-282 -1101 0
-282 -1140 0
-321 -360 0
-321 -399 0
-321 -438 0
-321 -477 0
-321 -516 0
-321 -555 0
-321 -594 0
-321 -633 0
-321 -672 0
-321 -711 0
-321 -750 0
-321 -789 0
-321 -828 0
-321 -867 0
-321 -906 0
-321 -945 0
-321 -984 0
-321 -1023 0
-321 -1062 0
-321 -1101 0
-321 -1140 0
-360 -399 0
-360 -438 0
-360 -477 0
-360 -516 0
-360 -555 0
-360 -594 0
-360 -633 0
-360 -672 0
-360 -711 0
-360 -750 0
-360 -789 0
-360 -828 0
-360 -867 0
-360 -906 0
-360 -945 0
-360 -984 0
-360 -1023 0
-360 -1062 0
-360 -1101 0
-360 -1140 0
-399 -438 0
-399 -477 0
-399 -516 0
-399 -555 0
-399 -594 0
-399 -633 0
-399 -672 0
-399 -711 0
-399 -750 0
-399 -789 0
-399 -828 0
-399 -867 0
-399 -906 0
-399 -945 0
-399 -984 0
-399 -1023 0
-399 -1062 0
-399 -1101 0
-399 -1140 0
-438 -477 0
-438 -516 0
-438 -555 0
-438 -594 0
-438 -633 0
-438 -672 0
-438 -711 0
-438 -750 0
-438 -789 0
-438 -828 0
-438 -867 0
-438 -906 0
-438 -945 0
-438 -984 0
-438 -1023 0
-438 -1062 0
-438 -1101 0
-438 -1140 0
-477 -516 0
-477 -555 0
-477 -594 0
-477 -633 0
-477 -672 0
-477 -711 0
-477 -750 0
-477 -789 0
-477 -828 0
-477 -867 0
-477 -906 0
-477 -945 0
-477 -984 0
-477 -1023 0
-477 -1062 0
-477 -1101 0
-477 -1140 0
-516 -555 0
-516 -594 0
-516 -633 0
-516 -672 0
-516 -711 0
-516 -750 0
-516 -789 0
-516 -828 0
-516 -867 0
-516 -906 0
-516 -945 0
-516 -984 0
-516 -1023 0
-516 -1062 0
-516 -1101 0
-516 -1140 0
-555 -594 0
-555 -633 0
-555 -672 0
-555 -711 0
-555 -750 0
-555 -789 0
-555 -828 0
-555 -867 0
-555 -906 0
-555 -945 0
-555 -984 0
-555 -1023 0
-555 -1062 0
-555 -1101 0
-555 -1140 0
-594 -633 0
-594 -672 0
-594 -711 0
-594 -750 0
-594 -789 0
-594 -828 0
-594 -867 0
-594 -906 0
-594 -945 0
-594 -984 0
-594 -1023 0
-594 -1062 0
-594 -1101 0
-594 -1140 0
-633 -672 0
-633 -711 0
-633 -750 0
-633 -789 0
-633 -828 0
-633 -867 0
-633 -906 0
-633 -945 0
-633 -984 0
-633 -1023 0
-633 -1062 0
-633 -1101 0
-633 -1140 0
-672 -711 0
-672 -750 0
-672 -789 0
-672 -828 0
-672 -867 0
-672 -906 0
-672 -945 0
-672 -984 0
-672 -1023 0
-672 -1062 0
-672 -1101 0
-672 -1140 0
-711 -750 0
-711 -789 0
-711 -828 0
-711 -867 0
-711 -906 0
-711 -945 0
-711 -984 0
-711 -1023 0
-711 -1062 0
-711 -1101 0
-711 -1140 0
-750 -789 0
-750 -828 0
-750 -867 0
-750 -906 0
-750 -945 0
-750 -984 0
-750 -1023 0
-750 -1062 0
-750 -1101 0
-750 -1140 0
-789 -828 0
-789 -867 0
-789 -906 0
-789 -945 0
-789 -984 0
-789 -1023 0
-789 -1062 0
-789 -1101 0
-789 -1140 0
-828 -867 0
-828 -906 0
-828 -945 0
-828 -984 0
-828 -1023 0
-828 -1062 0
-828 -1101 0
-828 -1140 0
-867 -906 0
-867 -945 0
-867 -984 0
-867 -1023 0
-867 -1062 0
-867 -1101 0
-867 -1140 0
-906 -945 0
-906 -984 0
-906 -1023 0
-906 -1062 0
-906 -1101 0
-906 -1140 0
-945 -984 0
-945 -1023 0
-945 -1062 0
-945 -1101 0
-945 -1140 0
-984 -1023 0
-984 -1062 0
-984 -1101 0
-984 -1140 0
-1023 -1062 0
-1023 -1101 0
-1023 -1140 0
-1062 -1101 0
-1062 -1140 0
-1101 -1140 0
-10 -49 0
-10 -88 0
-10 -127 0
-10 -166 0
-10 -205 0
-10 -244 0
-10 -283 0
-10 -322 0
-10 -361 0
-10 -400 0
-10 -439 0
-10 -478 0
-10 -517 0
-10 -556 0
-10 -595 0
-10 -634 0
-10 -673 0
-10 -712 0
-10 -751 0
-10 -790 0
-10 -829 0
-10 -868 0
-10 -907 0
-10 -946 0
-10 -985 0
-10 -1024 0
-10 -1063 0
-10 -1102 0
-49 -88 0
-49 -127 0
-49 -166 0
-49 -205 0
-49 -244 0
-49 -283 0
-49 -322 0
-49 -361 0
-49 -400 0
-49 -439 0
-49 -478 0
-49 -517 0
-49 -556 0
-49 -595 0
-49 -634 0
-49 -673 0
-49 -712 0
-49 -751 0
-49 -790 0
-49 -829 0
-49 -868 0
-49 -907 0
-49 -946 0
-49 -985 0
-49 -1024 0
-49 -1063 0
-49 -1102 0
-88 -127 0
-88 -166 0
-88 -205 0
-88 -244 0
-88 -283 0
-88 -322 0
-88 -361 0
-88 -400 0
-88 -439 0
-88 -478 0
-88 -517 0
-88 -556 0
-88 -595 0
-88 -634 0
-88 -673 0
-88 -712 0
-88 -751 0
-88 -790 0
-88 -829 0
-88 -868 0
-88 -907 0
-88 -946 0
-88 -985 0
-88 -1024 0
-88 -1063 0
-88 -1102 0
-127 -166 0
-127 -205 0
-127 -244 0
-127 -283 0
-127 -322 0
-127 -361 0
-127 -400 0
-127 -439 0
-127 -478 0
-127 -517 0
-127 -556 0
-127 -595 0
-127 -634 0
-127 -673 0
-127 -712 0
-127 -751 0
-127 -790 0
-127 -829 0
-127 -868 0
-127 -907 0
-127 -946 0
-127 -985 0
-127 -1024 0
-127 -1063 0
-127 -1102 0
-166 -205 0
-166 -244 0
-166 -283 0
-166 -322 0
-166 -361 0
-166 -400 0
-166 -439 0
-166 -478 0
-166 -517 0
-166 -556 0
-166 -595 0
-166 -634 0
-166 -673 0
-166 -712 0
-166 -751 0
-166 -790 0
-166 -829 0
-166 -868 0
-166 -907 0
-166 -946 0
-166 -985 0
-166 -1024 0
-166 -1063 0
-166 -1102 0
-205 -244 0
-205 -283 0
-205 -322 0
-205 -361 0
-205 -400 0
-205 -439 0
-205 -478 0
-205 -517 0
-205 -556 0
-205 -595 0
-205 -634 0
-205 -673 0
-205 -712 0
-205 -751 0
-205 -790 0
-205 -829 0
-205 -868 0
-205 -907 0
-205 -946 0
-205 -985 0
-205 -1024 0
-205 -1063 0
-205 -1102 0
-244 -283 0
-244 -322 0
-244 -361 0
-244 -400 0
-244 -439 0
-244 -478 0
-244 -517 0
-244 -556 0
-244 -595 0
-244 -634 0
-244 -673 0
-244 -712 0
-244 -751 0
-244 -790 0
-244 -829 0
-244 -868 0
-244 -907 0
-244 -946 0
-244 -985 0
-244 -1024 0
-244 -1063 0
-244 -1102 0
-283 -322 0
-283 -361 0
-283 -400 0
-283 -439 0
-283 -478 0
-283 -517 0
-283 -556 0
-283 -595 0
-283 -634 0
-283 -673 0
-283 -712 0
-283 -751 0
-283 -790 0
-283 -829 0
-283 -868 0
-283 -907 0
-283 -946 0
-283 -985 0
-283 -1024 0
-283 -1063 0
-283 -1102 0
-322 -361 0
-322 -400 0
-322 -439 0
-322 -478 0
-322 -517 0
-322 -556 0
-322 -595 0
-322 -634 0
-322 -673 0
-322 -712 0
-322 -751 0
-322 -790 0
-322 -829 0
-322 -868 0
-322 -907 0
-322 -946 0
-322 -985 0
-322 -1024 0
-322 -1063 0
-322 -1102 0
-361 -400 0
-361 -439 0
-361 -478 0
-361 -517 0
-361 -556 0
-361 -595 0
-361 -634 0
-361 -673 0
-361 -712 0
-361 -751 0
-361 -790 0
-361 -829 0
-361 -868 0
-361 -907 0
-361 -946 0
-361 -985 0
-361 -1024 0
-361 -1063 0
-361 -1102 0
-400 -439 0
-400 -478 0
-400 -517 0
-400 -556 0
-400 -595 0
-400 -634 0
-400 -673 0
-400 -712 0
-400 -751 0
-400 -790 0
-400 -829 0
-400 -868 0
-400 -907 0
-400 -946 0
-400 -985 0
-400 -1024 0
-400 -1063 0
-400 -1102 0
-439 -478 0
-439 -517 0
-439 -556 0
-439 -595 0
-439 -634 0
-439 -673 0
-439 -712 0
-439 -751 0
-439 -790 0
-439 -829 0
-439 -868 0
-439 -907 0
-439 -946 0
-439 -985 0
-439 -1024 0
-439 -1063 0
-439 -1102 0
-478 -517 0
-478 -556 0
-478 -595 0
-478 -634 0
-478 -673 0
-478 -712 0
-478 -751 0
-478 -790 0
-478 -829 0
-478 -868 0
-478 -907 0
-478 -946 0
-478 -985 0
-478 -1024 0
-478 -1063 0
-478 -1102 0
-517 -556 0
-517 -595 0
-517 -634 0
-517 -673 0
-517 -712 0
-517 -751 0
-517 -790 0
-517 -829 0
-517 -868 0
-517 -907 0
-517 -946 0
-517 -985 0
-517 -1024 0
-517 -1063 0
-517 -1102 0
-556 -595 0
-556 -634 0
-556 -673 0
-556 -712 0
-556 -751 0
-556 -790 0
-556 -829 0
-556 -868 0
-556 -907 0
-556 -946 0
-556 -985 0
-556 -1024 0
-556 -1063 0
-556 -1102 0
-595 -634 0
-595 -673 0
-595 -712 0
-595 -751 0
-595 -790 0
-595 -829 0
-595 -868 0
-595 -907 0
-595 -946 0
-595 -985 0
-595 -1024 0
-595 -1063 0
-595 -1102 0
-634 -673 0
-634 -712 0
-634 -751 0
-634 -790 0
-634 -829 0
-634 -868 0
-634 -907 0
-634 -946 0
-634 -985 0
-634 -1024 0
-634 -1063 0
-634 -1102 0
-673 -712 0
-673 -751 0
-673 -790 0
-673 -829 0
-673 -868 0
-673 -907 0
-673 -946 0
-673 -985 0
-673 -1024 0
-673 -1063 0
-673 -1102 0
-712 -751 0
-712 -790 0
-712 -829 0
-712 -868 0
-712 -907 0
-712 -946 0
-712 -985 0
-712 -1024 0
-712 -1063 0
-712 -1102 0
-751 -790 0
-751 -829 0
-751 -868 0
-751 -907 0
-751 -946 0
-751 -985 0
-751 -1024 0
-751 -1063 0
-751 -1102 0
-790 -829 0
-790 -868 0
-790 -907 0
-790 -946 0
-790 -985 0
-790 -1024 0
-790 -1063 0
-790 -1102 0
-829 -868 0
-829 -907 0
-829 -946 0
-829 -985 0
-829 -1024 0
-829 -1063 0
-829 -1102 0
-868 -907 0
-868 -946 0
-868 -985 0
-868 -1024 0
-868 -1063 0
-868 -1102 0
-907 -946 0
-907 -985 0
-907 -1024 0
-907 -1063 0
-907 -1102 0
-946 -985 0
-946 -1024 0
-946 -1063 0
-946 -1102 0
-985 -1024 0
-985 -1063 0
-985 -1102 0
-1024 -1063 0
-1024 -1102 0
-1063 -1102 0
-11 -50 0
-11 -89 0
-11 -128 0
-11 -167 0
-11 -206 0
-11 -245 0
-11 -284 0
-11 -323 0
-11 -362 0
-11 -401 0
-11 -440 0
-11 -479 0
-11 -518 0
-11 -557 0
-11 -596 0
-11 -635 0
-11 -674 0
-11 -713 0
-11 -752 0
-11 -791 0
-11 -830 0
-11 -869 0
-11 -908 0
-11 -947 0
-11 -986 0
-11 -1025 0
-11 -1064 0
-50 -89 0
-50 -128 0
-50 -167 0
-50 -206 0
-50 -245 0
-50 -284 0
-50 -323 0
-50 -362 0
-50 -401 0
-50 -440 0
-50 -479 0
-50 -518 0
-50 -557 0
-50 -596 0
-50 -635 0
-50 -674 0
-50 -713 0
-50 -752 0
-50 -791 0
-50 -830 0
-50 -869 0
-50 -908 0
-50 -947 0
-50 -986 0
-50 -1025 0
-50 -1064 0
-89 -128 0
-89 -167 0
-89 -206 0
-89 -245 0
-89 -284 0
-89 -323 0
-89 -362 0
-89 -401 0
-89 -440 0
-89 -479 0
-89 -518 0
-89 -557 0
-89 -596 0
-89 -635 0
-89 -674 0
-89 -713 0
-89 -752 0
-89 -791 0
-89 -830 0
-89 -869 0
-89 -908 0
-89 -947 0
-89 -986 0
-89 -1025 0
-89 -1064 0
-128 -167 0
-128 -206 0
-128 -245 0
-128 -284 0
-128 -323 0
-128 -362 0
-128 -401 0
-128 -440 0
-128 -479 0
-128 -518 0
-128 -557 0
-128 -596 0
-128 -635 0
-128 -674 0
-128 -713 0
-128 -752 0
-128 -791 0
-128 -830 0
-128 -869 0
-128 -908 0
-128 -947 0
-128 -986 0
-128 -1025 0
-128 -1064 0
-167 -206 0
-167 -245 0
-167 -284 0
-167 -323 0
-167 -362 0
-167 -401 0
-167 -440 0
-167 -479 0
-167 -518 0
-167 -557 0
-167 -596 0
-167 -635 0
-167 -674 0
-167 -713 0
-167 -752 0
-167 -791 0
-167 -830 0
-167 -869 0
-167 -908 0
-167 -947 0
-167 -986 0
-167 -1025 0
-167 -1064 0
-206 -245 0
-206 -284 0
-206 -323 0
-206 -362 0
-206 -401 0
-206 -440 0
-206 -479 0
-206 -518 0
-206 -557 0
-206 -596 0
-206 -635 0
-206 -674 0
-206 -713 0
-206 -752 0
-206 -791 0
-206 -830 0
-206 -869 0
-206 -908 0
-206 -947 0
-206 -986 0
-206 -1025 0
-206 -1064 0
-245 -284 0
-245 -323 0
-245 -362 0
-245 -401 0
-245 -440 0
-245 -479 0
-245 -518 0
-245 -557 0
-245 -596 0
-245 -635 0
-245 -674 0
-245 -713 0
-245 -752 0
-245 -791 0
-245 -830 0
-245 -869 0
-245 -908 0
-245 -947 0
-245 -986 0
-245 -1025 0
-245 -1064 0
-284 -323 0
-284 -362 0
-284 -401 0
-284 -440 0
-284 -479 0
-284 -518 0
-284 -557 0
-284 -596 0
-284 -635 0
-284 -674 0
-284 -713 0
-284 -752 0
-284 -791 0
-284 -830 0
-284 -869 0
-284 -908 0
-284 -947 0
-284 -986 0
-284 -1025 0
-284 -1064 0
-323 -362 0
-323 -401 0
-323 -440 0
-323 -479 0
-323 -518 0
-323 -557 0
-323 -596 0
-323 -635 0
-323 -674 0
-323 -713 0
-323 -752 0
-323 -791 0
-323 -830 0
-323 -869 0
-323 -908 0
-323 -947 0
-323 -986 0
-323 -1025 0
-323 -1064 0
-362 -401 0
-362 -440 0
-362 -479 0
-362 -518 0
-362 -557 0
-362 -596 0
-362 -635 0
-362 -674 0
-362 -713 0
-362 -752 0
-362 -791 0
-362 -830 0
-362 -869 0
-362 -908 0
-362 -947 0
-362 -986 0
-362 -1025 0
-362 -1064 0
-401 -440 0
-401 -479 0
-401 -518 0
-401 -557 0
-401 -596 0
-401 -635 0
-401 -674 0
-401 -713 0
-401 -752 0
-401 -791 0
-401 -830 0
-401 -869 0
-401 -908 0
-401 -947 0
-401 -986 0
-401 -1025 0
-401 -1064 0
-440 -479 0
-440 -518 0
-440 -557 0
-440 -596 0
-440 -635 0
-440 -674 0
-440 -713 0
-440 -752 0
-440 -791 0
-440 -830 0
-440 -869 0
-440 -908 0
-440 -947 0
-440 -986 0
-440 -1025 0
-440 -1064 0
-479 -518 0
-479 -557 0
-479 -596 0
-479 -635 0
-479 -674 0
-479 -713 0
-479 -752 0
-479 -791 0
-479 -830 0
-479 -869 0
-479 -908 0
-479 -947 0
-479 -986 0
-479 -1025 0
-479 -1064 0
-518 -557 0
-518 -596 0
-518 -635 0
-518 -674 0
-518 -713 0
-518 -752 0
-518 -791 0
-518 -830 0
-518 -869 0
-518 -908 0
-518 -947 0
-518 -986 0
-518 -1025 0
-518 -1064 0
-557 -596 0
-557 -635 0
-557 -674 0
-557 -713 0
-557 -752 0
-557 -791 0
-557 -830 0
-557 -869 0
-557 -908 0
-557 -947 0
-557 -986 0
-557 -1025 0
-557 -1064 0
-596 -635 0
-596 -674 0
-596 -713 0
-596 -752 0
-596 -791 0
-596 -830 0
-596 -869 0
-596 -908 0
-596 -947 0
-596 -986 0
-596 -1025 0
-596 -1064 0
-635 -674 0
-635 -713 0
-635 -752 0
-635 -791 0
-635 -830 0
-635 -869 0
-635 -908 0
-635 -947 0
-635 -986 0
-635 -1025 0
-635 -1064 0
-674 -713 0
-674 -752 0
-674 -791 0
-674 -830 0
-674 -869 0
-674 -908 0
-674 -947 0
-674 -986 0
-674 -1025 0
-674 -1064 0
-713 -752 0
-713 -791 0
-713 -830 0
-713 -869 0
-713 -908 0
-713 -947 0
-713 -986 0
-713 -1025 0
-713 -1064 0
-752 -791 0
-752 -830 0
-752 -869 0
-752 -908 0
-752 -947 0
-752 -986 0
-752 -1025 0
-752 -1064 0
-791 -830 0
-791 -869 0
-791 -908 0
-791 -947 0
-791 -986 0
-791 -1025 0
-791 -1064 0
-830 -869 0
-830 -908 0
-830 -947 0
-830 -986 0
-830 -1025 0
-830 -1064 0
-869 -908 0
-869 -947 0
-869 -986 0
-869 -1025 0
-869 -1064 0
-908 -947 0
-908 -986 0
-908 -1025 0
-908 -1064 0
-947 -986 0
-947 -1025 0
-947 -1064 0
-986 -1025 0
-986 -1064 0
-1025 -1064 0
-12 -51 0
-12 -90 0
-12 -129 0
-12 -168 0
-12 -207 0
-12 -246 0
-12 -285 0
-12 -324 0
-12 -363 0
-12 -402 0
-12 -441 0
-12 -480 0
-12 -519 0
-12 -558 0
-12 -597 0
-12 -636 0
-12 -675 0
-12 -714 0
-12 -753 0
-12 -792 0
-12 -831 0
-12 -870 0
-12 -909 0
-12 -948 0
-12 -987 0
-12 -1026 0
-51 -90 0
-51 -129 0
-51 -168 0
-51 -207 0
-51 -246 0
-51 -285 0
-51 -324 0
-51 -363 0
-51 -402 0
-51 -441 0
-51 -480 0
-51 -519 0
-51 -558 0
-51 -597 0
-51 -636 0
-51 -675 0
-51 -714 0
-51 -753 0
-51 -792 0
-51 -831 0
-51 -870 0
-51 -909 0
-51 -948 0
-51 -987 0
-51 -1026 0
-90 -129 0
-90 -168 0
-90 -207 0
-90 -246 0
-90 -285 0
-90 -324 0
-90 -363 0
-90 -402 0
-90 -441 0
-90 -480 0
-90 -519 0
-90 -558 0
-90 -597 0
-90 -636 0
-90 -675 0
-90 -714 0
-90 -753 0
-90 -792 0
-90 -831 0
-90 -870 0
-90 -909 0
-90 -948 0
-90 -987 0
-90 -1026 0
-129 -168 0
-129 -207 0
-129 -246 0
-129 -285 0
-129 -324 0
-129 -363 0
-129 -402 0
-129 -441 0
-129 -480 0
-129 -519 0
-129 -558 0
-129 -597 0
-129 -636 0
-129 -675 0
-129 -714 0
-129 -753 0
-129 -792 0
-129 -831 0
-129 -870 0
-129 -909 0
-129 -948 0
-129 -987 0
-129 -1026 0
-168 -207 0
-168 -246 0
-168 -285 0
-168 -324 0
-168 -363 0
-168 -402 0
-168 -441 0
-168 -480 0
-168 -519 0
-168 -558 0
-168 -597 0
-168 -636 0
-168 -675 0
-168 -714 0
-168 -753 0
-168 -792 0
-168 -831 0
-168 -870 0
-168 -909 0
-168 -948 0
-168 -987 0
-168 -1026 0
-207 -246 0
-207 -285 0
-207 -324 0
-207 -363 0
-207 -402 0
-207 -441 0
-207 -480 0
-207 -519 0
-207 -558 0
-207 -597 0
-207 -636 0
-207 -675 0
-207 -714 0
-207 -753 0
-207 -792 0
-207 -831 0
-207 -870 0
-207 -909 0
-207 -948 0
-207 -987 0
-207 -1026 0
-246 -285 0
-246 -324 0
-246 -363 0
-246 -402 0
-246 -441 0
-246 -480 0
-246 -519 0
-246 -558 0
-246 -597 0
-246 -636 0
-246 -675 0
-246 -714 0
-246 -753 0
-246 -792 0
-246 -831 0
-246 -870 0
-246 -909 0
-246 -948 0
-246 -987 0
-246 -1026 0
-285 -324 0
-285 -363 0
-285 -402 0
-285 -441 0
-285 -480 0
-285 -519 0
-285 -558 0
-285 -597 0
-285 -636 0
-285 -675 0
-285 -714 0
-285 -753 0
-285 -792 0
-285 -831 0
-285 -870 0
-285 -909 0
-285 -948 0
-285 -987 0
-285 -1026 0
-324 -363 0
-324 -402 0
-324 -441 0
-324 -480 0
-324 -519 0
-324 -558 0
-324 -597 0
-324 -636 0
-324 -675 0
-324 -714 0
-324 -753 0
-324 -792 0
-324 -831 0
-324 -870 0
-324 -909 0
-324 -948 0
-324 -987 0
-324 -1026 0
-363 -402 0
-363 -441 0
-363 -480 0
-363 -519 0
-363 -558 0
-363 -597 0
-363 -636 0
-363 -675 0
-363 -714 0
-363 -753 0
-363 -792 0
-363 -831 0
-363 -870 0
-363 -909 0
-363 -948 0
-363 -987 0
-363 -1026 0
-402 -441 0
-402 -480 0
-402 -519 0
-402 -558 0
-402 -597 0
-402 -636 0
-402 -675 0
-402 -714 0
-402 -753 0
-402 -792 0
-402 -831 0
-402 -870 0
-402 -909 0
-402 -948 0
-402 -987 0
-402 -1026 0
-441 -480 0
-441 -519 0
-441 -558 0
-441 -597 0
-441 -636 0
-441 -675 0
-441 -714 0
-441 -753 0
-441 -792 0
-441 -831 0
-441 -870 0
-441 -909 0
-441 -948 0
-441 -987 0
-441 -1026 0
-480 -519 0
-480 -558 0
-480 -597 0
-480 -636 0
-480 -675 0
-480 -714 0
-480 -753 0
-480 -792 0
-480 -831 0
-480 -870 0
-480 -909 0
-480 -948 0
-480 -987 0
-480 -1026 0
-519 -558 0
-519 -597 0
-519 -636 0
-519 -675 0
-519 -714 0
-519 -753 0
-519 -792 0
-519 -831 0
-519 -870 0
-519 -909 0
-519 -948 0
-519 -987 0
-519 -1026 0
-558 -597 0
-558 -636 0
-558 -675 0
-558 -714 0
-558 -753 0
-558 -792 0
-558 -831 0
-558 -870 0
-558 -909 0
-558 -948 0
-558 -987 0
-558 -1026 0
-597 -636 0
-597 -675 0
-597 -714 0
-597 -753 0
-597 -792 0
-597 -831 0
-597 -870 0
-597 -909 0
-597 -948 0
-597 -987 0
-597 -1026 0
-636 -675 0
-636 -714 0
-636 -753 0
-636 -792 0
-636 -831 0
-636 -870 0
-636 -909 0
-636 -948 0
-636 -987 0
-636 -1026 0
-675 -714 0
-675 -753 0
-675 -792 0
-675 -831 0
-675 -870 0
-675 -909 0
-675 -948 0
-675 -987 0
-675 -1026 0
-714 -753 0
-714 -792 0
-714 -831 0
-714 -870 0
-714 -909 0
-714 -948 0
-714 -987 0
-714 -1026 0
-753 -792 0
-753 -831 0
-753 -870 0
-753 -909 0
-753 -948 0
-753 -987 0
-753 -1026 0
-792 -831 0
-792 -870 0
-792 -909 0
-792 -948 0
-792 -987 0
-792 -1026 0
-831 -870 0
-831 -909 0
-831 -948 0
-831 -987 0
-831 -1026 0
-870 -909 0
-870 -948 0
-870 -987 0
-870 -1026 0
-909 -948 0
-909 -987 0
-909 -1026 0
-948 -987 0
-948 -1026 0
-987 -1026 0
-13 -52 0
-13 -91 0
-13 -130 0
-13 -169 0
-13 -208 0
-13 -247 0
-13 -286 0
-13 -325 0
-13 -364 0
-13 -403 0
-13 -442 0
-13 -481 0
-13 -520 0
-13 -559 0
-13 -598 0
-13 -637 0
-13 -676 0
-13 -715 0
-13 -754 0
-13 -793 0
-13 -832 0
-13 -871 0
-13 -910 0
-13 -949 0
-13 -988 0
-52 -91 0
-52 -130 0
-52 -169 0
-52 -208 0
-52 -247 0
-52 -286 0
-52 -325 0
-52 -364 0
-52 -403 0
-52 -442 0
-52 -481 0
-52 -520 0
-52 -559 0
-52 -598 0
-52 -637 0
-52 -676 0
-52 -715 0
-52 -754 0
-52 -793 0
-52 -832 0
-52 -871 0
-52 -910 0
-52 -949 0
-52 -988 0
-91 -130 0
-91 -169 0
-91 -208 0
-91 -247 0
-91 -286 0
-91 -325 0
-91 -364 0
-91 -403 0
-91 -442 0
-91 -481 0
-91 -520 0
-91 -559 0
-91 -598 0
-91 -637 0
-91 -676 0
-91 -715 0
-91 -754 0
-91 -793 0
-91 -832 0
-91 -871 0
-91 -910 0
-91 -949 0
-91 -988 0
-130 -169 0
-130 -208 0
-130 -247 0
-130 -286 0
-130 -325 0
-130 -364 0
-130 -403 0
-130 -442 0
-130 -481 0
-130 -520 0
-130 -559 0
-130 -598 0
-130 -637 0
-130 -676 0
-130 -715 0
-130 -754 0
-130 -793 0
-130 -832 0
-130 -871 0
-130 -910 0
-130 -949 0
-130 -988 0
-169 -208 0
-169 -247 0
-169 -286 0
-169 -325 0
-169 -364 0
-169 -403 0
-169 -442 0
-169 -481 0
-169 -520 0
-169 -559 0
-169 -598 0
-169 -637 0
-169 -676 0
-169 -715 0
-169 -754 0
-169 -793 0
-169 -832 0
-169 -871 0
-169 -910 0
-169 -949 0
-169 -988 0
-208 -247 0
-208 -286 0
-208 -325 0
-208 -364 0
-208 -403 0
-208 -442 0
-208 -481 0
-208 -520 0
-208 -559 0
-208 -598 0
-208 -637 0
-208 -676 0
-208 -715 0
-208 -754 0
-208 -793 0
-208 -832 0
-208 -871 0
-208 -910 0
-208 -949 0
-208 -988 0
-247 -286 0
-247 -325 0
-247 -364 0
-247 -403 0
-247 -442 0
-247 -481 0
-247 -520 0
-247 -559 0
-247 -598 0
-247 -637 0
-247 -676 0
-247 -715 0
-247 -754 0
-247 -793 0
-247 -832 0
-247 -871 0
-247 -910 0
-247 -949 0
-247 -988 0
-286 -325 0
-286 -364 0
-286 -403 0
-286 -442 0
-286 -481 0
-286 -520 0
-286 -559 0
-286 -598 0
-286 -637 0
-286 -676 0
-286 -715 0
-286 -754 0
-286 -793 0
-286 -832 0
-286 -871 0
-286 -910 0
-286 -949 0
-286 -988 0
-325 -364 0
-325 -403 0
-325 -442 0
-325 -481 0
-325 -520 0
-325 -559 0
-325 -598 0
-325 -637 0
-325 -676 0
-325 -715 0
-325 -754 0
-325 -793 0
-325 -832 0
-325 -871 0
-325 -910 0
-325 -949 0
-325 -988 0
-364 -403 0
-364 -442 0
-364 -481 0
-364 -520 0
-364 -559 0
-364 -598 0
-364 -637 0
-364 -676 0
-364 -715 0
-364 -754 0
-364 -793 0
-364 -832 0
-364 -871 0
-364 -910 0
-364 -949 0
-364 -988 0
-403 -442 0
-403 -481 0
-403 -520 0
-403 -559 0
-403 -598 0
-403 -637 0
-403 -676 0
-403 -715 0
-403 -754 0
-403 -793 0
-403 -832 0
-403 -871 0
-403 -910 0
-403 -949 0
-403 -988 0
-442 -481 0
-442 -520 0
-442 -559 0
-442 -598 0
-442 -637 0
-442 -676 0
-442 -715 0
-442 -754 0
-442 -793 0
-442 -832 0
-442 -871 0
-442 -910 0
-442 -949 0
-442 -988 0
-481 -520 0
-481 -559 0
-481 -598 0
-481 -637 0
-481 -676 0
-481 -715 0
-481 -754 0
-481 -793 0
-481 -832 0
-481 -871 0
-481 -910 0
-481 -949 0
-481 -988 0
-520 -559 0
-520 -598 0
-520 -637 0
-520 -676 0
-520 -715 0
-520 -754 0
-520 -793 0
-520 -832 0
-520 -871 0
-520 -910 0
-520 -949 0
-520 -988 0
-559 -598 0
-559 -637 0
-559 -676 0
-559 -715 0
-559 -754 0
-559 -793 0
-559 -832 0
-559 -871 0
-559 -910 0
-559 -949 0
-559 -988 0
-598 -637 0
-598 -676 0
-598 -715 0
-598 -754 0
-598 -793 0
-598 -832 0
-598 -871 0
-598 -910 0
-598 -949 0
-598 -988 0
-637 -676 0
-637 -715 0
-637 -754 0
-637 -793 0
-637 -832 0
-637 -871 0
-637 -910 0
-637 -949 0
-637 -988 0
-676 -715 0
-676 -754 0
-676 -793 0
-676 -832 0
-676 -871 0
-676 -910 0
-676 -949 0
-676 -988 0
-715 -754 0
-715 -793 0
-715 -832 0
-715 -871 0
-715 -910 0
-715 -949 0
-715 -988 0
-754 -793 0
-754 -832 0
-754 -871 0
-754 -910 0
-754 -949 0
-754 -988 0
-793 -832 0
-793 -871 0
-793 -910 0
-793 -949 0
-793 -988 0
-832 -871 0
-832 -910 0
-832 -949 0
-832 -988 0
-871 -910 0
-871 -949 0
-871 -988 0
-910 -949 0
-910 -988 0
-949 -988 0
-14 -53 0
-14 -92 0
-14 -131 0
-14 -170 0
-14 -209 0
-14 -248 0
-14 -287 0
-14 -326 0
-14 -365 0
-14 -404 0
-14 -443 0
-14 -482 0
-14 -521 0
-14 -560 0
-14 -599 0
-14 -638 0
-14 -677 0
-14 -716 0
-14 -755 0
-14 -794 0
-14 -833 0
-14 -872 0
-14 -911 0
-14 -950 0
-53 -92 0
-53 -131 0
-53 -170 0
-53 -209 0
-53 -248 0
-53 -287 0
-53 -326 0
-53 -365 0
-53 -404 0
-53 -443 0
-53 -482 0
-53 -521 0
-53 -560 0
-53 -599 0
-53 -638 0
-53 -677 0
-53 -716 0
-53 -755 0
-53 -794 0
-53 -833 0
-53 -872 0
-53 -911 0
-53 -950 0
-92 -131 0
-92 -170 0
-92 -209 0
-92 -248 0
-92 -287 0
-92 -326 0
-92 -365 0
-92 -404 0
-92 -443 0
-92 -482 0
-92 -521 0
-92 -560 0
-92 -599 0
-92 -638 0
-92 -677 0
-92 -716 0
-92 -755 0
-92 -794 0
-92 -833 0
-92 -872 0
-92 -911 0
-92 -950 0
-131 -170 0
-131 -209 0
-131 -248 0
-131 -287 0
-131 -326 0
-131 -365 0
-131 -404 0
-131 -443 0
-131 -482 0
-131 -521 0
-131 -560 0
-131 -599 0
-131 -638 0
-131 -677 0
-131 -716 0
-131 -755 0
-131 -794 0
-131 -833 0
-131 -872 0
-131 -911 0
-131 -950 0
-170 -209 0
-170 -248 0
-170 -287 0
-170 -326 0
-170 -365 0
-170 -404 0
-170 -443 0
-170 -482 0
-170 -521 0
-170 -560 0
-170 -599 0
-170 -638 0
-170 -677 0
-170 -716 0
-170 -755 0
-170 -794 0
-170 -833 0
-170 -872 0
-170 -911 0
-170 -950 0
-209 -248 0
-209 -287 0
-209 -326 0
-209 -365 0
-209 -404 0
-209 -443 0
-209 -482 0
-209 -521 0
-209 -560 0
-209 -599 0
-209 -638 0
-209 -677 0
-209 -716 0
-209 -755 0
-209 -794 0
-209 -833 0
-209 -872 0
-209 -911 0
-209 -950 0
-248 -287 0
-248 -326 0
-248 -365 0
-248 -404 0
-248 -443 0
-248 -482 0
-248 -521 0
-248 -560 0
-248 -599 0
-248 -638 0
-248 -677 0
-248 -716 0
-248 -755 0
-248 -794 0
-248 -833 0
-248 -872 0
-248 -911 0
-248 -950 0
-287 -326 0
-287 -365 0
-287 -404 0
-287 -443 0
-287 -482 0
-287 -521 0
-287 -560 0
-287 -599 0
-287 -638 0
-287 -677 0
-287 -716 0
-287 -755 0
-287 -794 0
-287 -833 0
-287 -872 0
-287 -911 0
-287 -950 0
-326 -365 0
-326 -404 0
-326 -443 0
-326 -482 0
-326 -521 0
-326 -560 0
-326 -599 0
-326 -638 0
-326 -677 0
-326 -716 0
-326 -755 0
-326 -794 0
-326 -833 0
-326 -872 0
-326 -911 0
-326 -950 0
-365 -404 0
-365 -443 0
-365 -482 0
-365 -521 0
-365 -560 0
-365 -599 0
-365 -638 0
-365 -677 0
-365 -716 0
-365 -755 0
-365 -794 0
-365 -833 0
-365 -872 0
-365 -911 0
-365 -950 0
-404 -443 0
-404 -482 0
-404 -521 0
-404 -560 0
-404 -599 0
-404 -638 0
-404 -677 0
-404 -716 0
-404 -755 0
-404 -794 0
-404 -833 0
-404 -872 0
-404 -911 0
-404 -950 0
-443 -482 0
-443 -521 0
-443 -560 0
-443 -599 0
-443 -638 0
-443 -677 0
-443 -716 0
-443 -755 0
-443 -794 0
-443 -833 0
-443 -872 0
-443 -911 0
-443 -950 0
-482 -521 0
-482 -560 0
-482 -599 0
-482 -638 0
-482 -677 0
-482 -716 0
-482 -755 0
-482 -794 0
-482 -833 0
-482 -872 0
-482 -911 0
-482 -950 0
-521 -560 0
-521 -599 0
-521 -638 0
-521 -677 0
-521 -716 0
-521 -755 0
-521 -794 0
-521 -833 0
-521 -872 0
-521 -911 0
-521 -950 0
-560 -599 0
-560 -638 0
-560 -677 0
-560 -716 0
-560 -755 0
-560 -794 0
-560 -833 0
-560 -872 0
-560 -911 0
-560 -950 0
-599 -638 0
-599 -677 0
-599 -716 0
-599 -755 0
-599 -794 0
-599 -833 0
-599 -872 0
-599 -911 0
-599 -950 0
-638 -677 0
-638 -716 0
-638 -755 0
-638 -794 0
-638 -833 0
-638 -872 0
-638 -911 0
-638 -950 0
-677 -716 0
-677 -755 0
-677 -794 0
-677 -833 0
-677 -872 0
-677 -911 0
-677 -950 0
-716 -755 0
-716 -794 0
-716 -833 0
-716 -872 0
-716 -911 0
-716 -950 0
-755 -794 0
-755 -833 0
-755 -872 0
-755 -911 0
-755 -950 0
-794 -833 0
-794 -872 0
-794 -911 0
-794 -950 0
-833 -872 0
-833 -911 0
-833 -950 0
-872 -911 0
-872 -950 0
-911 -950 0
-15 -54 0
-15 -93 0
-15 -132 0
-15 -171 0
-15 -210 0
-15 -249 0
-15 -288 0
-15 -327 0
-15 -366 0
-15 -405 0
-15 -444 0
-15 -483 0
-15 -522 0
-15 -561 0
-15 -600 0
-15 -639 0
-15 -678 0
-15 -717 0
-15 -756 0
-15 -795 0
-15 -834 0
-15 -873 0
-15 -912 0
-54 -93 0
-54 -132 0
-54 -171 0
-54 -210 0
-54 -249 0
-54 -288 0
-54 -327 0
-54 -366 0
-54 -405 0
-54 -444 0
-54 -483 0
-54 -522 0
-54 -561 0
-54 -600 0
-54 -639 0
-54 -678 0
-54 -717 0
-54 -756 0
-54 -795 0
-54 -834 0
-54 -873 0
-54 -912 0
-93 -132 0
-93 -171 0
-93 -210 0
-93 -249 0
-93 -288 0
-93 -327 0
-93 -366 0
-93 -405 0
-93 -444 0
-93 -483 0
-93 -522 0
-93 -561 0
-93 -600 0
-93 -639 0
-93 -678 0
-93 -717 0
-93 -756 0
-93 -795 0
-93 -834 0
-93 -873 0
-93 -912 0
-132 -171 0
-132 -210 0
-132 -249 0
-132 -288 0
-132 -327 0
-132 -366 0
-132 -405 0
-132 -444 0
-132 -483 0
-132 -522 0
-132 -561 0
-132 -600 0
-132 -639 0
-132 -678 0
-132 -717 0
-132 -756 0
-132 -795 0
-132 -834 0
-132 -873 0
-132 -912 0
-171 -210 0
-171 -249 0
-171 -288 0
-171 -327 0
-171 -366 0
-171 -405 0
-171 -444 0
-171 -483 0
-171 -522 0
-171 -561 0
-171 -600 0
-171 -639 0
-171 -678 0
-171 -717 0
-171 -756 0
-171 -795 0
-171 -834 0
-171 -873 0
-171 -912 0
-210 -249 0
-210 -288 0
-210 -327 0
-210 -366 0
-210 -405 0
-210 -444 0
-210 -483 0
-210 -522 0
-210 -561 0
-210 -600 0
-210 -639 0
-210 -678 0
-210 -717 0
-210 -756 0
-210 -795 0
-210 -834 0
-210 -873 0
-210 -912 0
-249 -288 0
-249 -327 0
-249 -366 0
-249 -405 0
-249 -444 0
-249 -483 0
-249 -522 0
-249 -561 0
-249 -600 0
-249 -639 0
-249 -678 0
-249 -717 0
-249 -756 0
-249 -795 0
-249 -834 0
-249 -873 0
-249 -912 0
-288 -327 0
-288 -366 0
-288 -405 0
-288 -444 0
-288 -483 0
-288 -522 0
-288 -561 0
-288 -600 0
-288 -639 0
-288 -678 0
-288 -717 0
-288 -756 0
-288 -795 0
-288 -834 0
-288 -873 0
-288 -912 0
-327 -366 0
-327 -405 0
-327 -444 0
-327 -483 0
-327 -522 0
-327 -561 0
-327 -600 0
-327 -639 0
-327 -678 0
-327 -717 0
-327 -756 0
-327 -795 0
-327 -834 0
-327 -873 0
-327 -912 0
-366 -405 0
-366 -444 0
-366 -483 0
-366 -522 0
-366 -561 0
-366 -600 0
-366 -639 0
-366 -678 0
-366 -717 0
-366 -756 0
-366 -795 0
-366 -834 0
-366 -873 0
-366 -912 0
-405 -444 0
-405 -483 0
-405 -522 0
-405 -561 0
-405 -600 0
-405 -639 0
-405 -678 0
-405 -717 0
-405 -756 0
-405 -795 0
-405 -834 0
-405 -873 0
-405 -912 0
-444 -483 0
-444 -522 0
-444 -561 0
-444 -600 0
-444 -639 0
-444 -678 0
-444 -717 0
-444 -756 0
-444 -795 0
-444 -834 0
-444 -873 0
-444 -912 0
-483 -522 0
-483 -561 0
-483 -600 0
-483 -639 0
-483 -678 0
-483 -717 0
-483 -756 0
-483 -795 0
-483 -834 0
-483 -873 0
-483 -912 0
-522 -561 0
-522 -600 0
-522 -639 0
-522 -678 0
-522 -717 0
-522 -756 0
-522 -795 0
-522 -834 0
-522 -873 0
-522 -912 0
-561 -600 0
-561 -639 0
-561 -678 0
-561 -717 0
-561 -756 0
-561 -795 0
-561 -834 0
-561 -873 0
-561 -912 0
-600 -639 0
-600 -678 0
-600 -717 0
-600 -756 0
-600 -795 0
-600 -834 0
-600 -873 0
-600 -912 0
-639 -678 0
-639 -717 0
-639 -756 0
-639 -795 0
-639 -834 0
-639 -873 0
-639 -912 0
-678 -717 0
-678 -756 0
-678 -795 0
-678 -834 0
-678 -873 0
-678 -912 0
-717 -756 0
-717 -795 0
-717 -834 0
-717 -873 0
-717 -912 0
-756 -795 0
-756 -834 0
-756 -873 0
-756 -912 0
-795 -834 0
-795 -873 0
-795 -912 0
-834 -873 0
-834 -912 0
-873 -912 0
-16 -55 0
-16 -94 0
-16 -133 0
-16 -172 0
-16 -211 0
-16 -250 0
-16 -289 0
-16 -328 0
-16 -367 0
-16 -406 0
-16 -445 0
-16 -484 0
-16 -523 0
-16 -562 0
-16 -601 0
-16 -640 0
-16 -679 0
-16 -718 0
-16 -757 0
-16 -796 0
-16 -835 0
-16 -874 0
-55 -94 0
-55 -133 0
-55 -172 0
-55 -211 0
-55 -250 0
-55 -289 0
-55 -328 0
-55 -367 0
-55 -406 0
-55 -445 0
-55 -484 0
-55 -523 0
-55 -562 0
-55 -601 0
-55 -640 0
-55 -679 0
-55 -718 0
-55 -757 0
-55 -796 0
-55 -835 0
-55 -874 0
-94 -133 0
-94 -172 0
-94 -211 0
-94 -250 0
-94 -289 0
-94 -328 0
-94 -367 0
-94 -406 0
-94 -445 0
-94 -484 0
-94 -523 0
-94 -562 0
-94 -601 0
-94 -640 0
-94 -679 0
-94 -718 0
-94 -757 0
-94 -796 0
-94 -835 0
-94 -874 0
-133 -172 0
-133 -211 0
-133 -250 0
-133 -289 0
-133 -328 0
-133 -367 0
-133 -406 0
-133 -445 0
-133 -484 0
-133 -523 0
-133 -562 0
-133 -601 0
-133 -640 0
-133 -679 0
-133 -718 0
-133 -757 0
-133 -796 0
-133 -835 0
-133 -874 0
-172 -211 0
-172 -250 0
-172 -289 0
-172 -328 0
-172 -367 0
-172 -406 0
-172 -445 0
-172 -484 0
-172 -523 0
-172 -562 0
-172 -601 0
-172 -640 0
-172 -679 0
-172 -718 0
-172 -757 0
-172 -796 0
-172 -835 0
-172 -874 0
-211 -250 0
-211 -289 0
-211 -328 0
-211 -367 0
-211 -406 0
-211 -445 0
-211 -484 0
-211 -523 0
-211 -562 0
-211 -601 0
-211 -640 0
-211 -679 0
-211 -718 0
-211 -757 0
-211 -796 0
-211 -835 0
-211 -874 0
-250 -289 0
-250 -328 0
-250 -367 0
-250 -406 0
-250 -445 0
-250 -484 0
-250 -523 0
-250 -562 0
-250 -601 0
-250 -640 0
-250 -679 0
-250 -718 0
-250 -757 0
-250 -796 0
-250 -835 0
-250 -874 0
-289 -328 0
-289 -367 0
-289 -406 0
-289 -445 0
-289 -484 0
-289 -523 0
-289 -562 0
-289 -601 0
-289 -640 0
-289 -679 0
-289 -718 0
-289 -757 0
-289 -796 0
-289 -835 0
-289 -874 0
-328 -367 0
-328 -406 0
-328 -445 0
-328 -484 0
-328 -523 0
-328 -562 0
-328 -601 0
-328 -640 0
-328 -679 0
-328 -718 0
-328 -757 0
-328 -796 0
-328 -835 0
-328 -874 0
-367 -406 0
-367 -445 0
-367 -484 0
-367 -523 0
-367 -562 0
-367 -601 0
-367 -640 0
-367 -679 0
-367 -718 0
-367 -757 0
-367 -796 0
-367 -835 0
-367 -874 0
-406 -445 0
-406 -484 0
-406 -523 0
-406 -562 0
-406 -601 0
-406 -640 0
-406 -679 0
-406 -718 0
-406 -757 0
-406 -796 0
-406 -835 0
-406 -874 0
-445 -484 0
-445 -523 0
-445 -562 0
-445 -601 0
-445 -640 0
-445 -679 0
-445 -718 0
-445 -757 0
-445 -796 0
-445 -835 0
-445 -874 0
-484 -523 0
-484 -562 0
-484 -601 0
-484 -640 0
-484 -679 0
-484 -718 0
-484 -757 0
-484 -796 0
-484 -835 0
-484 -874 0
-523 -562 0
-523 -601 0
-523 -640 0
-523 -679 0
-523 -718 0
-523 -757 0
-523 -796 0
-523 -835 0
-523 -874 0
-562 -601 0
-562 -640 0
-562 -679 0
-562 -718 0
-562 -757 0
-562 -796 0
-562 -835 0
-562 -874 0
-601 -640 0
-601 -679 0
-601 -718 0
-601 -757 0
-601 -796 0
-601 -835 0
-601 -874 0
-640 -679 0
-640 -718 0
-640 -757 0
-640 -796 0
-640 -835 0
-640 -874 0
-679 -718 0
-679 -757 0
-679 -796 0
-679 -835 0
-679 -874 0
-718 -757 0
-718 -796 0
-718 -835 0
-718 -874 0
-757 -796 0
-757 -835 0
-757 -874 0
-796 -835 0
-796 -874 0
-835 -874 0
-17 -56 0
-17 -95 0
-17 -134 0
-17 -173 0
-17 -212 0
-17 -251 0
-17 -290 0
-17 -329 0
-17 -368 0
-17 -407 0
-17 -446 0
-17 -485 0
-17 -524 0
-17 -563 0
-17 -602 0
-17 -641 0
-17 -680 0
-17 -719 0
-17 -758 0
-17 -797 0
-17 -836 0
-56 -95 0
-56 -134 0
-56 -173 0
-56 -212 0
-56 -251 0
-56 -290 0
-56 -329 0
-56 -368 0
-56 -407 0
-56 -446 0
-56 -485 0
-56 -524 0
-56 -563 0
-56 -602 0
-56 -641 0
-56 -680 0
-56 -719 0
-56 -758 0
-56 -797 0
-56 -836 0
-95 -134 0
-95 -173 0
-95 -212 0
-95 -251 0
-95 -290 0
-95 -329 0
-95 -368 0
-95 -407 0
-95 -446 0
-95 -485 0
-95 -524 0
-95 -563 0
-95 -602 0
-95 -641 0
-95 -680 0
-95 -719 0
-95 -758 0
-95 -797 0
-95 -836 0
-134 -173 0
-134 -212 0
-134 -251 0
-134 -290 0
-134 -329 0
-134 -368 0
-134 -407 0
-134 -446 0
-134 -485 0
-134 -524 0
-134 -563 0
-134 -602 0
-134 -641 0
-134 -680 0
-134 -719 0
-134 -758 0
-134 -797 0
-134 -836 0
-173 -212 0
-173 -251 0
-173 -290 0
-173 -329 0
-173 -368 0
-173 -407 0
-173 -446 0
-173 -485 0
-173 -524 0
-173 -563 0
-173 -602 0
-173 -641 0
-173 -680 0
-173 -719 0
-173 -758 0
-173 -797 0
-173 -836 0
-212 -251 0
-212 -290 0
-212 -329 0
-212 -368 0
-212 -407 0
-212 -446 0
-212 -485 0
-212 -524 0
-212 -563 0
-212 -602 0
-212 -641 0
-212 -680 0
-212 -719 0
-212 -758 0
-212 -797 0
-212 -836 0
-251 -290 0
-251 -329 0
-251 -368 0
-251 -407 0
-251 -446 0
-251 -485 0
-251 -524 0
-251 -563 0
-251 -602 0
-251 -641 0
-251 -680 0
-251 -719 0
-251 -758 0
-251 -797 0
-251 -836 0
-290 -329 0
-290 -368 0
-290 -407 0
-290 -446 0
-290 -485 0
-290 -524 0
-290 -563 0
-290 -602 0
-290 -641 0
-290 -680 0
-290 -719 0
-290 -758 0
-290 -797 0
-290 -836 0
-329 -368 0
-329 -407 0
-329 -446 0
-329 -485 0
-329 -524 0
-329 -563 0
-329 -602 0
-329 -641 0
-329 -680 0
-329 -719 0
-329 -758 0
-329 -797 0
-329 -836 0
-368 -407 0
-368 -446 0
-368 -485 0
-368 -524 0
-368 -563 0
-368 -602 0
-368 -641 0
-368 -680 0
-368 -719 0
-368 -758 0
-368 -797 0
-368 -836 0
-407 -446 0
-407 -485 0
-407 -524 0
-407 -563 0
-407 -602 0
-407 -641 0
-407 -680 0
-407 -719 0
-407 -758 0
-407 -797 0
-407 -836 0
-446 -485 0
-446 -524 0
-446 -563 0
-446 -602 0
-446 -641 0
-446 -680 0
-446 -719 0
-446 -758 0
-446 -797 0
-446 -836 0
-485 -524 0
-485 -563 0
-485 -602 0
-485 -641 0
-485 -680 0
-485 -719 0
-485 -758 0
-485 -797 0
-485 -836 0
-524 -563 0
-524 -602 0
-524 -641 0
-524 -680 0
-524 -719 0
-524 -758 0
-524 -797 0
-524 -836 0
-563 -602 0
-563 -641 0
-563 -680 0
-563 -719 0
-563 -758 0
-563 -797 0
-563 -836 0
-602 -641 0
-602 -680 0
-602 -719 0
-602 -758 0
-602 -797 0
-602 -836 0
-641 -680 0
-641 -719 0
-641 -758 0
-641 -797 0
-641 -836 0
-680 -719 0
-680 -758 0
-680 -797 0
-680 -836 0
-719 -758 0
-719 -797 0
-719 -836 0
-758 -797 0
-758 -836 0
-797 -836 0
-18 -57 0
-18 -96 0
-18 -135 0
-18 -174 0
-18 -213 0
-18 -252 0
-18 -291 0
-18 -330 0
-18 -369 0
-18 -408 0
-18 -447 0
-18 -486 0
-18 -525 0
-18 -564 0
-18 -603 0
-18 -642 0
-18 -681 0
-18 -720 0
-18 -759 0
-18 -798 0
-57 -96 0
-57 -135 0
-57 -174 0
-57 -213 0
-57 -252 0
-57 -291 0
-57 -330 0
-57 -369 0
-57 -408 0
-57 -447 0
-57 -486 0
-57 -525 0
-57 -564 0
-57 -603 0
-57 -642 0
-57 -681 0
-57 -720 0
-57 -759 0
-57 -798 0
-96 -135 0
-96 -174 0
-96 -213 0
-96 -252 0
-96 -291 0
-96 -330 0
-96 -369 0
-96 -408 0
-96 -447 0
-96 -486 0
-96 -525 0
-96 -564 0
-96 -603 0
-96 -642 0
-96 -681 0
-96 -720 0
-96 -759 0
-96 -798 0
-135 -174 0
-135 -213 0
-135 -252 0
-135 -291 0
-135 -330 0
-135 -369 0
-135 -408 0
-135 -447 0
-135 -486 0
-135 -525 0
-135 -564 0
-135 -603 0
-135 -642 0
-135 -681 0
-135 -720 0
-135 -759 0
-135 -798 0
-174 -213 0
-174 -252 0
-174 -291 0
-174 -330 0
-174 -369 0
-174 -408 0
-174 -447 0
-174 -486 0
-174 -525 0
-174 -564 0
-174 -603 0
-174 -642 0
-174 -681 0
-174 -720 0
-174 -759 0
-174 -798 0
-213 -252 0
-213 -291 0
-213 -330 0
-213 -369 0
-213 -408 0
-213 -447 0
-213 -486 0
-213 -525 0
-213 -564 0
-213 -603 0
-213 -642 0
-213 -681 0
-213 -720 0
-213 -759 0
-213 -798 0
-252 -291 0
-252 -330 0
-252 -369 0
-252 -408 0
-252 -447 0
-252 -486 0
-252 -525 0
-252 -564 0
-252 -603 0
-252 -642 0
-252 -681 0
-252 -720 0
-252 -759 0
-252 -798 0
-291 -330 0
-291 -369 0
-291 -408 0
-291 -447 0
-291 -486 0
-291 -525 0
-291 -564 0
-291 -603 0
-291 -642 0
-291 -681 0
-291 -720 0
-291 -759 0
-291 -798 0
-330 -369 0
-330 -408 0
-330 -447 0
-330 -486 0
-330 -525 0
-330 -564 0
-330 -603 0
-330 -642 0
-330 -681 0
-330 -720 0
-330 -759 0
-330 -798 0
-369 -408 0
-369 -447 0
-369 -486 0
-369 -525 0
-369 -564 0
-369 -603 0
-369 -642 0
-369 -681 0
-369 -720 0
-369 -759 0
-369 -798 0
-408 -447 0
-408 -486 0
-408 -525 0
-408 -564 0
-408 -603 0
-408 -642 0
-408 -681 0
-408 -720 0
-408 -759 0
-408 -798 0
-447 -486 0
-447 -525 0
-447 -564 0
-447 -603 0
-447 -642 0
-447 -681 0
-447 -720 0
-447 -759 0
-447 -798 0
-486 -525 0
-486 -564 0
-486 -603 0
-486 -642 0
-486 -681 0
-486 -720 0
-486 -759 0
-486 -798 0
-525 -564 0
-525 -603 0
-525 -642 0
-525 -681 0
-525 -720 0
-525 -759 0
-525 -798 0
-564 -603 0
-564 -642 0
-564 -681 0
-564 -720 0
-564 -759 0
-564 -798 0
-603 -642 0
-603 -681 0
-603 -720 0
-603 -759 0
-603 -798 0
-642 -681 0
-642 -720 0
-642 -759 0
-642 -798 0
-681 -720 0
-681 -759 0
-681 -798 0
-720 -759 0
-720 -798 0
-759 -798 0
-19 -58 0
-19 -97 0
-19 -136 0
-19 -175 0
-19 -214 0
-19 -253 0
-19 -292 0
-19 -331 0
-19 -370 0
-19 -409 0
-19 -448 0
-19 -487 0
-19 -526 0
-19 -565 0
-19 -604 0
-19 -643 0
-19 -682 0
-19 -721 0
-19 -760 0
-58 -97 0
-58 -136 0
-58 -175 0
-58 -214 0
-58 -253 0
-58 -292 0
-58 -331 0
-58 -370 0
-58 -409 0
-58 -448 0
-58 -487 0
-58 -526 0
-58 -565 0
-58 -604 0
-58 -643 0
-58 -682 0
-58 -721 0
-58 -760 0
-97 -136 0
-97 -175 0
-97 -214 0
-97 -253 0
-97 -292 0
-97 -331 0
-97 -370 0
-97 -409 0
-97 -448 0
-97 -487 0
-97 -526 0
-97 -565 0
-97 -604 0
-97 -643 0
-97 -682 0
-97 -721 0
-97 -760 0
-136 -175 0
-136 -214 0
-136 -253 0
-136 -292 0
-136 -331 0
-136 -370 0
-136 -409 0
-136 -448 0
-136 -487 0
-136 -526 0
-136 -565 0
-136 -604 0
-136 -643 0
-136 -682 0
-136 -721 0
-136 -760 0
-175 -214 0
-175 -253 0
-175 -292 0
-175 -331 0
-175 -370 0
-175 -409 0
-175 -448 0
-175 -487 0
-175 -526 0
-175 -565 0
-175 -604 0
-175 -643 0
-175 -682 0
-175 -721 0
-175 -760 0
-214 -253 0
-214 -292 0
-214 -331 0
-214 -370 0
-214 -409 0
-214 -448 0
-214 -487 0
-214 -526 0
-214 -565 0
-214 -604 0
-214 -643 0
-214 -682 0
-214 -721 0
-214 -760 0
-253 -292 0
-253 -331 0
-253 -370 0
-253 -409 0
-253 -448 0
-253 -487 0
-253 -526 0
-253 -565 0
-253 -604 0
-253 -643 0
-253 -682 0
-253 -721 0
-253 -760 0
-292 -331 0
-292 -370 0
-292 -409 0
-292 -448 0
-292 -487 0
-292 -526 0
-292 -565 0
-292 -604 0
-292 -643 0
-292 -682 0
-292 -721 0
-292 -760 0
-331 -370 0
-331 -409 0
-331 -448 0
-331 -487 0
-331 -526 0
-331 -565 0
-331 -604 0
-331 -643 0
-331 -682 0
-331 -721 0
-331 -760 0
-370 -409 0
-370 -448 0
-370 -487 0
-370 -526 0
-370 -565 0
-370 -604 0
-370 -643 0
-370 -682 0
-370 -721 0
-370 -760 0
-409 -448 0
-409 -487 0
-409 -526 0
-409 -565 0
-409 -604 0
-409 -643 0
-409 -682 0
-409 -721 0
-409 -760 0
-448 -487 0
-448 -526 0
-448 -565 0
-448 -604 0
-448 -643 0
-448 -682 0
-448 -721 0
-448 -760 0
-487 -526 0
-487 -565 0
-487 -604 0
-487 -643 0
-487 -682 0
-487 -721 0
-487 -760 0
-526 -565 0
-526 -604 0
-526 -643 0
-526 -682 0
-526 -721 0
-526 -760 0
-565 -604 0
-565 -643 0
-565 -682 0
-565 -721 0
-565 -760 0
-604 -643 0
-604 -682 0
-604 -721 0
-604 -760 0
-643 -682 0
-643 -721 0
-643 -760 0
-682 -721 0
-682 -760 0
-721 -760 0
-20 -59 0
-20 -98 0
-20 -137 0
-20 -176 0
-20 -215 0
-20 -254 0
-20 -293 0
-20 -332 0
-20 -371 0
-20 -410 0
-20 -449 0
-20 -488 0
-20 -527 0
-20 -566 0
-20 -605 0
-20 -644 0
-20 -683 0
-20 -722 0
-59 -98 0
-59 -137 0
-59 -176 0
-59 -215 0
-59 -254 0
-59 -293 0
-59 -332 0
-59 -371 0
-59 -410 0
-59 -449 0
-59 -488 0
-59 -527 0
-59 -566 0
-59 -605 0
-59 -644 0
-59 -683 0
-59 -722 0
-98 -137 0
-98 -176 0
-98 -215 0
-98 -254 0
-98 -293 0
-98 -332 0
-98 -371 0
-98 -410 0
-98 -449 0
-98 -488 0
-98 -527 0
-98 -566 0
-98 -605 0
-98 -644 0
-98 -683 0
-98 -722 0
-137 -176 0
-137 -215 0
-137 -254 0
-137 -293 0
-137 -332 0
-137 -371 0
-137 -410 0
-137 -449 0
-137 -488 0
-137 -527 0
-137 -566 0
-137 -605 0
-137 -644 0
-137 -683 0
-137 -722 0
-176 -215 0
-176 -254 0
-176 -293 0
-176 -332 0
-176 -371 0
-176 -410 0
-176 -449 0
-176 -488 0
-176 -527 0
-176 -566 0
-176 -605 0
-176 -644 0
-176 -683 0
-176 -722 0
-215 -254 0
-215 -293 0
-215 -332 0
-215 -371 0
-215 -410 0
-215 -449 0
-215 -488 0
-215 -527 0
-215 -566 0
-215 -605 0
-215 -644 0
-215 -683 0
-215 -722 0
-254 -293 0
-254 -332 0
-254 -371 0
-254 -410 0
-254 -449 0
-254 -488 0
-254 -527 0
-254 -566 0
-254 -605 0
-254 -644 0
-254 -683 0
-254 -722 0
-293 -332 0
-293 -371 0
-293 -410 0
-293 -449 0
-293 -488 0
-293 -527 0
-293 -566 0
-293 -605 0
-293 -644 0
-293 -683 0
-293 -722 0
-332 -371 0
-332 -410 0
-332 -449 0
-332 -488 0
-332 -527 0
-332 -566 0
-332 -605 0
-332 -644 0
-332 -683 0
-332 -722 0
-371 -410 0
-371 -449 0
-371 -488 0
-371 -527 0
-371 -566 0
-371 -605 0
-371 -644 0
-371 -683 0
-371 -722 0
-410 -449 0
-410 -488 0
-410 -527 0
-410 -566 0
-410 -605 0
-410 -644 0
-410 -683 0
-410 -722 0
-449 -488 0
-449 -527 0
-449 -566 0
-449 -605 0
-449 -644 0
-449 -683 0
-449 -722 0
-488 -527 0
-488 -566 0
-488 -605 0
-488 -644 0
-488 -683 0
-488 -722 0
-527 -566 0
-527 -605 0
-527 -644 0
-527 -683 0
-527 -722 0
-566 -605 0
-566 -644 0
-566 -683 0
-566 -722 0
-605 -644 0
-605 -683 0
-605 -722 0
-644 -683 0
-644 -722 0
-683 -722 0
-21 -60 0
-21 -99 0
-21 -138 0
-21 -177 0
-21 -216 0
-21 -255 0
-21 -294 0
-21 -333 0
-21 -372 0
-21 -411 0
-21 -450 0
-21 -489 0
-21 -528 0
-21 -567 0
-21 -606 0
-21 -645 0
-21 -684 0
-60 -99 0
-60 -138 0
-60 -177 0
-60 -216 0
-60 -255 0
-60 -294 0
-60 -333 0
-60 -372 0
-60 -411 0
-60 -450 0
-60 -489 0
-60 -528 0
-60 -567 0
-60 -606 0
-60 -645 0
-60 -684 0
-99 -138 0
-99 -177 0
-99 -216 0
-99 -255 0
-99 -294 0
-99 -333 0
-99 -372 0
-99 -411 0
-99 -450 0
-99 -489 0
-99 -528 0
-99 -567 0
-99 -606 0
-99 -645 0
-99 -684 0
-138 -177 0
-138 -216 0
-138 -255 0
-138 -294 0
-138 -333 0
-138 -372 0
-138 -411 0
-138 -450 0
-138 -489 0
-138 -528 0
-138 -567 0
-138 -606 0
-138 -645 0
-138 -684 0
-177 -216 0
-177 -255 0
-177 -294 0
-177 -333 0
-177 -372 0
-177 -411 0
-177 -450 0
-177 -489 0
-177 -528 0
-177 -567 0
-177 -606 0
-177 -645 0
-177 -684 0
-216 -255 0
-216 -294 0
-216 -333 0
-216 -372 0
-216 -411 0
-216 -450 0
-216 -489 0
-216 -528 0
-216 -567 0
-216 -606 0
-216 -645 0
-216 -684 0
-255 -294 0
-255 -333 0
-255 -372 0
-255 -411 0
-255 -450 0
-255 -489 0
-255 -528 0
-255 -567 0
-255 -606 0
-255 -645 0
-255 -684 0
-294 -333 0
-294 -372 0
-294 -411 0
-294 -450 0
-294 -489 0
-294 -528 0
-294 -567 0
-294 -606 0
-294 -645 0
-294 -684 0
-333 -372 0
-333 -411 0
-333 -450 0
-333 -489 0
-333 -528 0
-333 -567 0
-333 -606 0
-333 -645 0
-333 -684 0
-372 -411 0
-372 -450 0
-372 -489 0
-372 -528 0
-372 -567 0
-372 -606 0
-372 -645 0
-372 -684 0
-411 -450 0
-411 -489 0
-411 -528 0
-411 -567 0
-411 -606 0
-411 -645 0
-411 -684 0
-450 -489 0
-450 -528 0
-450 -567 0
-450 -606 0
-450 -645 0
-450 -684 0
-489 -528 0
-489 -567 0
-489 -606 0
-489 -645 0
-489 -684 0
-528 -567 0
-528 -606 0
-528 -645 0
-528 -684 0
-567 -606 0
-567 -645 0
-567 -684 0
-606 -645 0
-606 -684 0
-645 -684 0
-22 -61 0
-22 -100 0
-22 -139 0
-22 -178 0
-22 -217 0
-22 -256 0
-22 -295 0
-22 -334 0
-22 -373 0
-22 -412 0
-22 -451 0
-22 -490 0
-22 -529 0
-22 -568 0
-22 -607 0
-22 -646 0
-61 -100 0
-61 -139 0
-61 -178 0
-61 -217 0
-61 -256 0
-61 -295 0
-61 -334 0
-61 -373 0
-61 -412 0
-61 -451 0
-61 -490 0
-61 -529 0
-61 -568 0
-61 -607 0
-61 -646 0
-100 -139 0
-100 -178 0
-100 -217 0
-100 -256 0
-100 -295 0
-100 -334 0
-100 -373 0
-100 -412 0
-100 -451 0
-100 -490 0
-100 -529 0
-100 -568 0
-100 -607 0
-100 -646 0
-139 -178 0
-139 -217 0
-139 -256 0
-139 -295 0
-139 -334 0
-139 -373 0
-139 -412 0
-139 -451 0
-139 -490 0
-139 -529 0
-139 -568 0
-139 -607 0
-139 -646 0
-178 -217 0
-178 -256 0
-178 -295 0
-178 -334 0
-178 -373 0
-178 -412 0
-178 -451 0
-178 -490 0
-178 -529 0
-178 -568 0
-178 -607 0
-178 -646 0
-217 -256 0
-217 -295 0
-217 -334 0
-217 -373 0
-217 -412 0
-217 -451 0
-217 -490 0
-217 -529 0
-217 -568 0
-217 -607 0
-217 -646 0
-256 -295 0
-256 -334 0
-256 -373 0
-256 -412 0
-256 -451 0
-256 -490 0
-256 -529 0
-256 -568 0
-256 -607 0
-256 -646 0
-295 -334 0
-295 -373 0
-295 -412 0
-295 -451 0
-295 -490 0
-295 -529 0
-295 -568 0
-295 -607 0
-295 -646 0
-334 -373 0
-334 -412 0
-334 -451 0
-334 -490 0
-334 -529 0
-334 -568 0
-334 -607 0
-334 -646 0
-373 -412 0
-373 -451 0
-373 -490 0
-373 -529 0
-373 -568 0
-373 -607 0
-373 -646 0
-412 -451 0
-412 -490 0
-412 -529 0
-412 -568 0
-412 -607 0
-412 -646 0
-451 -490 0
-451 -529 0
-451 -568 0
-451 -607 0
-451 -646 0
-490 -529 0
-490 -568 0
-490 -607 0
-490 -646 0
-529 -568 0
-529 -607 0
-529 -646 0
-568 -607 0
-568 -646 0
-607 -646 0
-23 -62 0
-23 -101 0
-23 -140 0
-23 -179 0
-23 -218 0
-23 -257 0
-23 -296 0
-23 -335 0
-23 -374 0
-23 -413 0
-23 -452 0
-23 -491 0
-23 -530 0
-23 -569 0
-23 -608 0
-62 -101 0
-62 -140 0
-62 -179 0
-62 -218 0
-62 -257 0
-62 -296 0
-62 -335 0
-62 -374 0
-62 -413 0
-62 -452 0
-62 -491 0
-62 -530 0
-62 -569 0
-62 -608 0
-101 -140 0
-101 -179 0
-101 -218 0
-101 -257 0
-101 -296 0
-101 -335 0
-101 -374 0
-101 -413 0
-101 -452 0
-101 -491 0
-101 -530 0
-101 -569 0
-101 -608 0
-140 -179 0
-140 -218 0
-140 -257 0
-140 -296 0
-140 -335 0
-140 -374 0
-140 -413 0
-140 -452 0
-140 -491 0
-140 -530 0
-140 -569 0
-140 -608 0
-179 -218 0
-179 -257 0
-179 -296 0
-179 -335 0
-179 -374 0
-179 -413 0
-179 -452 0
-179 -491 0
-179 -530 0
-179 -569 0
-179 -608 0
-218 -257 0
-218 -296 0
-218 -335 0
-218 -374 0
-218 -413 0
-218 -452 0
-218 -491 0
-218 -530 0
-218 -569 0
-218 -608 0
-257 -296 0
-257 -335 0
-257 -374 0
-257 -413 0
-257 -452 0
-257 -491 0
-257 -530 0
-257 -569 0
-257 -608 0
-296 -335 0
-296 -374 0
-296 -413 0
-296 -452 0
-296 -491 0
-296 -530 0
-296 -569 0
-296 -608 0
-335 -374 0
-335 -413 0
-335 -452 0
-335 -491 0
-335 -530 0
-335 -569 0
-335 -608 0
-374 -413 0
-374 -452 0
-374 -491 0
-374 -530 0
-374 -569 0
-374 -608 0
-413 -452 0
-413 -491 0
-413 -530 0
-413 -569 0
-413 -608 0
-452 -491 0
-452 -530 0
-452 -569 0
-452 -608 0
-491 -530 0
-491 -569 0
-491 -608 0
-530 -569 0
-530 -608 0
-569 -608 0
-24 -63 0
-24 -102 0
-24 -141 0
-24 -180 0
-24 -219 0
-24 -258 0
-24 -297 0
-24 -336 0
-24 -375 0
-24 -414 0
-24 -453 0
-24 -492 0
-24 -531 0
-24 -570 0
-63 -102 0
-63 -141 0
-63 -180 0
-63 -219 0
-63 -258 0
-63 -297 0
-63 -336 0
-63 -375 0
-63 -414 0
-63 -453 0
-63 -492 0
-63 -531 0
-63 -570 0
-102 -141 0
-102 -180 0
-102 -219 0
-102 -258 0
-102 -297 0
-102 -336 0
-102 -375 0
-102 -414 0
-102 -453 0
-102 -492 0
-102 -531 0
-102 -570 0
-141 -180 0
-141 -219 0
-141 -258 0
-141 -297 0
-141 -336 0
-141 -375 0
-141 -414 0
-141 -453 0
-141 -492 0
-141 -531 0
-141 -570 0
-180 -219 0
-180 -258 0
-180 -297 0
-180 -336 0
-180 -375 0
-180 -414 0
-180 -453 0
-180 -492 0
-180 -531 0
-180 -570 0
-219 -258 0
-219 -297 0
-219 -336 0
-219 -375 0
-219 -414 0
-219 -453 0
-219 -492 0
-219 -531 0
-219 -570 0
-258 -297 0
-258 -336 0
-258 -375 0
-258 -414 0
-258 -453 0
-258 -492 0
-258 -531 0
-258 -570 0
-297 -336 0
-297 -375 0
-297 -414 0
-297 -453 0
-297 -492 0
-297 -531 0
-297 -570 0
-336 -375 0
-336 -414 0
-336 -453 0
-336 -492 0
-336 -531 0
-336 -570 0
-375 -414 0
-375 -453 0
-375 -492 0
-375 -531 0
-375 -570 0
-414 -453 0
-414 -492 0
-414 -531 0
-414 -570 0
-453 -492 0
-453 -531 0
-453 -570 0
-492 -531 0
-492 -570 0
-531 -570 0
-25 -64 0
-25 -103 0
-25 -142 0
-25 -181 0
-25 -220 0
-25 -259 0
-25 -298 0
-25 -337 0
-25 -376 0
-25 -415 0
-25 -454 0
-25 -493 0
-25 -532 0
-64 -103 0
-64 -142 0
-64 -181 0
-64 -220 0
-64 -259 0
-64 -298 0
-64 -337 0
-64 -376 0
-64 -415 0
-64 -454 0
-64 -493 0
-64 -532 0
-103 -142 0
-103 -181 0
-103 -220 0
-103 -259 0
-103 -298 0
-103 -337 0
-103 -376 0
-103 -415 0
-103 -454 0
-103 -493 0
-103 -532 0
-142 -181 0
-142 -220 0
-142 -259 0
-142 -298 0
-142 -337 0
-142 -376 0
-142 -415 0
-142 -454 0
-142 -493 0
-142 -532 0
-181 -220 0
-181 -259 0
-181 -298 0
-181 -337 0
-181 -376 0
-181 -415 0
-181 -454 0
-181 -493 0
-181 -532 0
-220 -259 0
-220 -298 0
-220 -337 0
-220 -376 0
-220 -415 0
-220 -454 0
-220 -493 0
-220 -532 0
-259 -298 0
-259 -337 0
-259 -376 0
-259 -415 0
-259 -454 0
-259 -493 0
-259 -532 0
-298 -337 0
-298 -376 0
-298 -415 0
-298 -454 0
-298 -493 0
-298 -532 0
-337 -376 0
-337 -415 0
-337 -454 0
-337 -493 0
-337 -532 0
-376 -415 0
-376 -454 0
-376 -493 0
-376 -532 0
-415 -454 0
-415 -493 0
-415 -532 0
-454 -493 0
-454 -532 0
-493 -532 0
-26 -65 0
-26 -104 0
-26 -143 0
-26 -182 0
-26 -221 0
-26 -260 0
-26 -299 0
-26 -338 0
-26 -377 0
-26 -416 0
-26 -455 0
-26 -494 0
-65 -104 0
-65 -143 0
-65 -182 0
-65 -221 0
-65 -260 0
-65 -299 0
-65 -338 0
-65 -377 0
-65 -416 0
-65 -455 0
-65 -494 0
-104 -143 0
-104 -182 0
-104 -221 0
-104 -260 0
-104 -299 0
-104 -338 0
-104 -377 0
-104 -416 0
-104 -455 0
-104 -494 0
-143 -182 0
-143 -221 0
-143 -260 0
-143 -299 0
-143 -338 0
-143 -377 0
-143 -416 0
-143 -455 0
-143 -494 0
-182 -221 0
-182 -260 0
-182 -299 0
-182 -338 0
-182 -377 0
-182 -416 0
-182 -455 0
-182 -494 0
-221 -260 0
-221 -299 0
-221 -338 0
-221 -377 0
-221 -416 0
-221 -455 0
-221 -494 0
-260 -299 0
-260 -338 0
-260 -377 0
-260 -416 0
-260 -455 0
-260 -494 0
-299 -338 0
-299 -377 0
-299 -416 0
-299 -455 0
-299 -494 0
-338 -377 0
-338 -416 0
-338 -455 0
-338 -494 0
-377 -416 0
-377 -455 0
-377 -494 0
-416 -455 0
-416 -494 0
-455 -494 0
-27 -66 0
-27 -105 0
-27 -144 0
-27 -183 0
-27 -222 0
-27 -261 0
-27 -300 0
-27 -339 0
-27 -378 0
-27 -417 0
-27 -456 0
-66 -105 0
-66 -144 0
-66 -183 0
-66 -222 0
-66 -261 0
-66 -300 0
-66 -339 0
-66 -378 0
-66 -417 0
-66 -456 0
-105 -144 0
-105 -183 0
-105 -222 0
-105 -261 0
-105 -300 0
-105 -339 0
-105 -378 0
-105 -417 0
-105 -456 0
-144 -183 0
-144 -222 0
-144 -261 0
-144 -300 0
-144 -339 0
-144 -378 0
-144 -417 0
-144 -456 0
-183 -222 0
-183 -261 0
-183 -300 0
-183 -339 0
-183 -378 0
-183 -417 0
-183 -456 0
-222 -261 0
-222 -300 0
-222 -339 0
-222 -378 0
-222 -417 0
-222 -456 0
-261 -300 0
-261 -339 0
-261 -378 0
-261 -417 0
-261 -456 0
-300 -339 0
-300 -378 0
-300 -417 0
-300 -456 0
-339 -378 0
-339 -417 0
-339 -456 0
-378 -417 0
-378 -456 0
-417 -456 0
-28 -67 0
-28 -106 0
-28 -145 0
-28 -184 0
-28 -223 0
-28 -262 0
-28 -301 0
-28 -340 0
-28 -379 0
-28 -418 0
-67 -106 0
-67 -145 0
-67 -184 0
-67 -223 0
-67 -262 0
-67 -301 0
-67 -340 0
-67 -379 0
-67 -418 0
-106 -145 0
-106 -184 0
-106 -223 0
-106 -262 0
-106 -301 0
-106 -340 0
-106 -379 0
-106 -418 0
-145 -184 0
-145 -223 0
-145 -262 0
-145 -301 0
-145 -340 0
-145 -379 0
-145 -418 0
-184 -223 0
-184 -262 0
-184 -301 0
-184 -340 0
-184 -379 0
-184 -418 0
-223 -262 0
-223 -301 0
-223 -340 0
-223 -379 0
-223 -418 0
-262 -301 0
-262 -340 0
-262 -379 0
-262 -418 0
-301 -340 0
-301 -379 0
-301 -418 0
-340 -379 0
-340 -418 0
-379 -418 0
-29 -68 0
-29 -107 0
-29 -146 0
-29 -185 0
-29 -224 0
-29 -263 0
-29 -302 0
-29 -341 0
-29 -380 0
-68 -107 0
-68 -146 0
-68 -185 0
-68 -224 0
-68 -263 0
-68 -302 0
-68 -341 0
-68 -380 0
-107 -146 0
-107 -185 0
-107 -224 0
-107 -263 0
-107 -302 0
-107 -341 0
-107 -380 0
-146 -185 0
-146 -224 0
-146 -263 0
-146 -302 0
-146 -341 0
-146 -380 0
-185 -224 0
-185 -263 0
-185 -302 0
-185 -341 0
-185 -380 0
-224 -263 0
-224 -302 0
-224 -341 0
-224 -380 0
-263 -302 0
-263 -341 0
-263 -380 0
-302 -341 0
-302 -380 0
-341 -380 0
-30 -69 0
-30 -108 0
-30 -147 0
-30 -186 0
-30 -225 0
-30 -264 0
-30 -303 0
-30 -342 0
-69 -108 0
-69 -147 0
-69 -186 0
-69 -225 0
-69 -264 0
-69 -303 0
-69 -342 0
-108 -147 0
-108 -186 0
-108 -225 0
-108 -264 0
-108 -303 0
-108 -342 0
-147 -186 0
-147 -225 0
-147 -264 0
-147 -303 0
-147 -342 0
-186 -225 0
-186 -264 0
-186 -303 0
-186 -342 0
-225 -264 0
-225 -303 0
-225 -342 0
-264 -303 0
-264 -342 0
-303 -342 0
-31 -70 0
-31 -109 0
-31 -148 0
-31 -187 0
-31 -226 0
-31 -265 0
-31 -304 0
-70 -109 0
-70 -148 0
-70 -187 0
-70 -226 0
-70 -265 0
-70 -304 0
-109 -148 0
-109 -187 0
-109 -226 0
-109 -265 0
-109 -304 0
-148 -187 0
-148 -226 0
-148 -265 0
-148 -304 0
-187 -226 0
-187 -265 0
-187 -304 0
-226 -265 0
-226 -304 0
-265 -304 0
-32 -71 0
-32 -110 0
-32 -149 0
-32 -188 0
-32 -227 0
-32 -266 0
-71 -110 0
-71 -149 0
-71 -188 0
-71 -227 0
-71 -266 0
-110 -149 0
-110 -188 0
-110 -227 0
-110 -266 0
-149 -188 0
-149 -227 0
-149 -266 0
-188 -227 0
-188 -266 0
-227 -266 0
-33 -72 0
-33 -111 0
-33 -150 0
-33 -189 0
-33 -228 0
-72 -111 0
-72 -150 0
-72 -189 0
-72 -228 0
-111 -150 0
-111 -189 0
-111 -228 0
-150 -189 0
-150 -228 0
-189 -228 0
-34 -73 0
-34 -112 0
-34 -151 0
-34 -190 0
-73 -112 0
-73 -151 0
-73 -190 0
-112 -151 0
-112 -190 0
-151 -190 0
-35 -74 0
-35 -113 0
-35 -152 0
-74 -113 0
-74 -152 0
-113 -152 0
-36 -75 0
-36 -114 0
-75 -114 0
-37 -76 0
-39 -78 0
-39 -117 0
-39 -156 0
-39 -195 0
-39 -234 0
-39 -273 0
-39 -312 0
-39 -351 0
-39 -390 0
-39 -429 0
-39 -468 0
-39 -507 0
-39 -546 0
-39 -585 0
-39 -624 0
-39 -663 0
-39 -702 0
-39 -741 0
-39 -780 0
-39 -819 0
-39 -858 0
-39 -897 0
-39 -936 0
-39 -975 0
-39 -1014 0
-39 -1053 0
-39 -1092 0
-39 -1131 0
-39 -1170 0
-39 -1209 0
-39 -1248 0
-39 -1287 0
-39 -1326 0
-39 -1365 0
-39 -1404 0
-39 -1443 0
-78 -117 0
-78 -156 0
-78 -195 0
-78 -234 0
-78 -273 0
-78 -312 0
-78 -351 0
-78 -390 0
-78 -429 0
-78 -468 0
-78 -507 0
-78 -546 0
-78 -585 0
-78 -624 0
-78 -663 0
-78 -702 0
-78 -741 0
-78 -780 0
-78 -819 0
-78 -858 0
-78 -897 0
-78 -936 0
-78 -975 0
-78 -1014 0
-78 -1053 0
-78 -1092 0
-78 -1131 0
-78 -1170 0
-78 -1209 0
-78 -1248 0
-78 -1287 0
-78 -1326 0
-78 -1365 0
-78 -1404 0
-78 -1443 0
-117 -156 0
-117 -195 0
-117 -234 0
-117 -273 0
-117 -312 0
-117 -351 0
-117 -390 0
-117 -429 0
-117 -468 0
-117 -507 0
-117 -546 0
-117 -585 0
-117 -624 0
-117 -663 0
-117 -702 0
-117 -741 0
-117 -780 0
-117 -819 0
-117 -858 0
-117 -897 0
-117 -936 0
-117 -975 0
-117 -1014 0
-117 -1053 0
-117 -1092 0
-117 -1131 0
-117 -1170 0
-117 -1209 0
-117 -1248 0
-117 -1287 0
-117 -1326 0
-117 -1365 0
-117 -1404 0
-117 -1443 0
-156 -195 0
-156 -234 0
-156 -273 0
-156 -312 0
-156 -351 0
-156 -390 0
-156 -429 0
-156 -468 0
-156 -507 0
-156 -546 0
-156 -585 0
-156 -624 0
-156 -663 0
-156 -702 0
-156 -741 0
-156 -780 0
-156 -819 0
-156 -858 0
-156 -897 0
-156 -936 0
-156 -975 0
-156 -1014 0
-156 -1053 0
-156 -1092 0
-156 -1131 0
-156 -1170 0
-156 -1209 0
-156 -1248 0
-156 -1287 0
-156 -1326 0
-156 -1365 0
-156 -1404 0
-156 -1443 0
-195 -234 0
-195 -273 0
-195 -312 0
-195 -351 0
-195 -390 0
-195 -429 0
-195 -468 0
-195 -507 0
-195 -546 0
-195 -585 0
-195 -624 0
-195 -663 0
-195 -702 0
-195 -741 0
-195 -780 0
-195 -819 0
-195 -858 0
-195 -897 0
-195 -936 0
-195 -975 0
-195 -1014 0
-195 -1053 0
-195 -1092 0
-195 -1131 0
-195 -1170 0
-195 -1209 0
-195 -1248 0
-195 -1287 0
-195 -1326 0
-195 -1365 0
-195 -1404 0
-195 -1443 0
-234 -273 0
-234 -312 0
-234 -351 0
-234 -390 0
-234 -429 0
-234 -468 0
-234 -507 0
-234 -546 0
-234 -585 0
-234 -624 0
-234 -663 0
-234 -702 0
-234 -741 0
-234 -780 0
-234 -819 0
-234 -858 0
-234 -897 0
-234 -936 0
-234 -975 0
-234 -1014 0
-234 -1053 0
-234 -1092 0
-234 -1131 0
-234 -1170 0
-234 -1209 0
-234 -1248 0
-234 -1287 0
-234 -1326 0
-234 -1365 0
-234 -1404 0
-234 -1443 0
-273 -312 0
-273 -351 0
-273 -390 0
-273 -429 0
-273 -468 0
-273 -507 0
-273 -546 0
-273 -585 0
-273 -624 0
-273 -663 0
-273 -702 0
-273 -741 0
-273 -780 0
-273 -819 0
-273 -858 0
-273 -897 0
-273 -936 0
-273 -975 0
-273 -1014 0
-273 -1053 0
-273 -1092 0
-273 -1131 0
-273 -1170 0
-273 -1209 0
-273 -1248 0
-273 -1287 0
-273 -1326 0
-273 -1365 0
-273 -1404 0
-273 -1443 0
-312 -351 0
-312 -390 0
-312 -429 0
-312 -468 0
-312 -507 0
-312 -546 0
-312 -585 0
-312 -624 0
-312 -663 0
-312 -702 0
-312 -741 0
-312 -780 0
-312 -819 0
-312 -858 0
-312 -897 0
-312 -936 0
-312 -975 0
-312 -1014 0
-312 -1053 0
-312 -1092 0
-312 -1131 0
-312 -1170 0
-312 -1209 0
-312 -1248 0
-312 -1287 0
-312 -1326 0
-312 -1365 0
-312 -1404 0
-312 -1443 0
-351 -390 0
-351 -429 0
-351 -468 0
-351 -507 0
-351 -546 0
-351 -585 0
-351 -624 0
-351 -663 0
-351 -702 0
-351 -741 0
-351 -780 0
-351 -819 0
-351 -858 0
-351 -897 0
-351 -936 0
-351 -975 0
-351 -1014 0
-351 -1053 0
-351 -1092 0
-351 -1131 0
-351 -1170 0
-351 -1209 0
-351 -1248 0
-351 -1287 0
-351 -1326 0
-351 -1365 0
-351 -1404 0
-351 -1443 0
-390 -429 0
-390 -468 0
-390 -507 0
-390 -546 0
-390 -585 0
-390 -624 0
-390 -663 0
-390 -702 0
-390 -741 0
-390 -780 0
-390 -819 0
-390 -858 0
-390 -897 0
-390 -936 0
-390 -975 0
-390 -1014 0
-390 -1053 0
-390 -1092 0
-390 -1131 0
-390 -1170 0
-390 -1209 0
-390 -1248 0
-390 -1287 0
-390 -1326 0
-390 -1365 0
-390 -1404 0
-390 -1443 0
-429 -468 0
-429 -507 0
-429 -546 0
-429 -585 0
-429 -624 0
-429 -663 0
-429 -702 0
-429 -741 0
-429 -780 0
-429 -819 0
-429 -858 0
-429 -897 0
-429 -936 0
-429 -975 0
-429 -1014 0
-429 -1053 0
-429 -1092 0
-429 -1131 0
-429 -1170 0
-429 -1209 0
-429 -1248 0
-429 -1287 0
-429 -1326 0
-429 -1365 0
-429 -1404 0
-429 -1443 0
-468 -507 0
-468 -546 0
-468 -585 0
-468 -624 0
-468 -663 0
-468 -702 0
-468 -741 0
-468 -780 0
-468 -819 0
-468 -858 0
-468 -897 0
-468 -936 0
-468 -975 0
-468 -1014 0
-468 -1053 0
-468 -1092 0
-468 -1131 0
-468 -1170 0
-468 -1209 0
-468 -1248 0
-468 -1287 0
-468 -1326 0
-468 -1365 0
-468 -1404 0
-468 -1443 0
-507 -546 0
-507 -585 0
-507 -624 0
-507 -663 0
-507 -702 0
-507 -741 0
-507 -780 0
-507 -819 0
-507 -858 0
-507 -897 0
-507 -936 0
-507 -975 0
-507 -1014 0
-507 -1053 0
-507 -1092 0
-507 -1131 0
-507 -1170 0
-507 -1209 0
-507 -1248 0
-507 -1287 0
-507 -1326 0
-507 -1365 0
-507 -1404 0
-507 -1443 0
-546 -585 0
-546 -624 0
-546 -663 0
-546 -702 0
-546 -741 0
-546 -780 0
-546 -819 0
-546 -858 0
-546 -897 0
-546 -936 0
-546 -975 0
-546 -1014 0
-546 -1053 0
-546 -1092 0
-546 -1131 0
-546 -1170 0
-546 -1209 0
-546 -1248 0
-546 -1287 0
-546 -1326 0
-546 -1365 0
-546 -1404 0
-546 -1443 0
-585 -624 0
-585 -663 0
-585 -702 0
-585 -741 0
-585 -780 0
-585 -819 0
-585 -858 0
-585 -897 0
-585 -936 0
-585 -975 0
-585 -1014 0
-585 -1053 0
-585 -1092 0
-585 -1131 0
-585 -1170 0
-585 -1209 0
-585 -1248 0
-585 -1287 0
-585 -1326 0
-585 -1365 0
-585 -1404 0
-585 -1443 0
-624 -663 0
-624 -702 0
-624 -741 0
-624 -780 0
-624 -819 0
-624 -858 0
-624 -897 0
-624 -936 0
-624 -975 0
-624 -1014 0
-624 -1053 0
-624 -1092 0
-624 -1131 0
-624 -1170 0
-624 -1209 0
-624 -1248 0
-624 -1287 0
-624 -1326 0
-624 -1365 0
-624 -1404 0
-624 -1443 0
-663 -702 0
-663 -741 0
-663 -780 0
-663 -819 0
-663 -858 0
-663 -897 0
-663 -936 0
-663 -975 0
-663 -1014 0
-663 -1053 0
-663 -1092 0
-663 -1131 0
-663 -1170 0
-663 -1209 0
-663 -1248 0
-663 -1287 0
-663 -1326 0
-663 -1365 0
-663 -1404 0
-663 -1443 0
-702 -741 0
-702 -780 0
-702 -819 0
-702 -858 0
-702 -897 0
-702 -936 0
-702 -975 0
-702 -1014 0
-702 -1053 0
-702 -1092 0
-702 -1131 0
-702 -1170 0
-702 -1209 0
-702 -1248 0
-702 -1287 0
-702 -1326 0
-702 -1365 0
-702 -1404 0
-702 -1443 0
-741 -780 0
-741 -819 0
-741 -858 0
-741 -897 0
-741 -936 0
-741 -975 0
-741 -1014 0
-741 -1053 0
-741 -1092 0
-741 -1131 0
-741 -1170 0
-741 -1209 0
-741 -1248 0
-741 -1287 0
-741 -1326 0
-741 -1365 0
-741 -1404 0
-741 -1443 0
-780 -819 0
-780 -858 0
-780 -897 0
-780 -936 0
-780 -975 0
-780 -1014 0
-780 -1053 0
-780 -1092 0
-780 -1131 0
-780 -1170 0
-780 -1209 0
-780 -1248 0
-780 -1287 0
-780 -1326 0
-780 -1365 0
-780 -1404 0
-780 -1443 0
-819 -858 0
-819 -897 0
-819 -936 0
-819 -975 0
-819 -1014 0
-819 -1053 0
-819 -1092 0
-819 -1131 0
-819 -1170 0
-819 -1209 0
-819 -1248 0
-819 -1287 0
-819 -1326 0
-819 -1365 0
-819 -1404 0
-819 -1443 0
-858 -897 0
-858 -936 0
-858 -975 0
-858 -1014 0
-858 -1053 0
-858 -1092 0
-858 -1131 0
-858 -1170 0
-858 -1209 0
-858 -1248 0
-858 -1287 0
-858 -1326 0
-858 -1365 0
-858 -1404 0
-858 -1443 0
-897 -936 0
-897 -975 0
-897 -1014 0
-897 -1053 0
-897 -1092 0
-897 -1131 0
-897 -1170 0
-897 -1209 0
-897 -1248 0
-897 -1287 0
-897 -1326 0
-897 -1365 0
-897 -1404 0
-897 -1443 0
-936 -975 0
-936 -1014 0
-936 -1053 0
-936 -1092 0
-936 -1131 0
-936 -1170 0
-936 -1209 0
-936 -1248 0
-936 -1287 0
-936 -1326 0
-936 -1365 0
-936 -1404 0
-936 -1443 0
-975 -1014 0
-975 -1053 0
-975 -1092 0
-975 -1131 0
-975 -1170 0
-975 -1209 0
-975 -1248 0
-975 -1287 0
-975 -1326 0
-975 -1365 0
-975 -1404 0
-975 -1443 0
-1014 -1053 0
-1014 -1092 0
-1014 -1131 0
-1014 -1170 0
-1014 -1209 0
-1014 -1248 0
-1014 -1287 0
-1014 -1326 0
-1014 -1365 0
-1014 -1404 0
-1014 -1443 0
-1053 -1092 0
-1053 -1131 0
-1053 -1170 0
-1053 -1209 0
-1053 -1248 0
-1053 -1287 0
-1053 -1326 0
-1053 -1365 0
-1053 -1404 0
-1053 -1443 0
-1092 -1131 0
-1092 -1170 0
-1092 -1209 0
-1092 -1248 0
-1092 -1287 0
-1092 -1326 0
-1092 -1365 0
-1092 -1404 0
-1092 -1443 0
-1131 -1170 0
-1131 -1209 0
-1131 -1248 0
-1131 -1287 0
-1131 -1326 0
-1131 -1365 0
-1131 -1404 0
-1131 -1443 0
-1170 -1209 0
-1170 -1248 0
-1170 -1287 0
-1170 -1326 0
-1170 -1365 0
-1170 -1404 0
-1170 -1443 0
-1209 -1248 0
-1209 -1287 0
-1209 -1326 0
-1209 -1365 0
-1209 -1404 0
-1209 -1443 0
-1248 -1287 0
-1248 -1326 0
-1248 -1365 0
-1248 -1404 0
-1248 -1443 0
-1287 -1326 0
-1287 -1365 0
-1287 -1404 0
-1287 -1443 0
-1326 -1365 0
-1326 -1404 0
-1326 -1443 0
-1365 -1404 0
-1365 -1443 0
-1404 -1443 0
-77 -116 0
-77 -155 0
-77 -194 0
-77 -233 0
-77 -272 0
-77 -311 0
-77 -350 0
-77 -389 0
-77 -428 0
-77 -467 0
-77 -506 0
-77 -545 0
-77 -584 0
-77 -623 0
-77 -662 0
-77 -701 0
-77 -740 0
-77 -779 0
-77 -818 0
-77 -857 0
-77 -896 0
-77 -935 0
-77 -974 0
-77 -1013 0
-77 -1052 0
-77 -1091 0
-77 -1130 0
-77 -1169 0
-77 -1208 0
-77 -1247 0
-77 -1286 0
-77 -1325 0
-77 -1364 0
-77 -1403 0
-77 -1442 0
-116 -155 0
-116 -194 0
-116 -233 0
-116 -272 0
-116 -311 0
-116 -350 0
-116 -389 0
-116 -428 0
-116 -467 0
-116 -506 0
-116 -545 0
-116 -584 0
-116 -623 0
-116 -662 0
-116 -701 0
-116 -740 0
-116 -779 0
-116 -818 0
-116 -857 0
-116 -896 0
-116 -935 0
-116 -974 0
-116 -1013 0
-116 -1052 0
-116 -1091 0
-116 -1130 0
-116 -1169 0
-116 -1208 0
-116 -1247 0
-116 -1286 0
-116 -1325 0
-116 -1364 0
-116 -1403 0
-116 -1442 0
-155 -194 0
-155 -233 0
-155 -272 0
-155 -311 0
-155 -350 0
-155 -389 0
-155 -428 0
-155 -467 0
-155 -506 0
-155 -545 0
-155 -584 0
-155 -623 0
-155 -662 0
-155 -701 0
-155 -740 0
-155 -779 0
-155 -818 0
-155 -857 0
-155 -896 0
-155 -935 0
-155 -974 0
-155 -1013 0
-155 -1052 0
-155 -1091 0
-155 -1130 0
-155 -1169 0
-155 -1208 0
-155 -1247 0
-155 -1286 0
-155 -1325 0
-155 -1364 0
-155 -1403 0
-155 -1442 0
-194 -233 0
-194 -272 0
-194 -311 0
-194 -350 0
-194 -389 0
-194 -428 0
-194 -467 0
-194 -506 0
-194 -545 0
-194 -584 0
-194 -623 0
-194 -662 0
-194 -701 0
-194 -740 0
-194 -779 0
-194 -818 0
-194 -857 0
-194 -896 0
-194 -935 0
-194 -974 0
-194 -1013 0
-194 -1052 0
-194 -1091 0
-194 -1130 0
-194 -1169 0
-194 -1208 0
-194 -1247 0
-194 -1286 0
-194 -1325 0
-194 -1364 0
-194 -1403 0
-194 -1442 0
-233 -272 0
-233 -311 0
-233 -350 0
-233 -389 0
-233 -428 0
-233 -467 0
-233 -506 0
-233 -545 0
-233 -584 0
-233 -623 0
-233 -662 0
-233 -701 0
-233 -740 0
-233 -779 0
-233 -818 0
-233 -857 0
-233 -896 0
-233 -935 0
-233 -974 0
-233 -1013 0
-233 -1052 0
-233 -1091 0
-233 -1130 0
-233 -1169 0
-233 -1208 0
-233 -1247 0
-233 -1286 0
-233 -1325 0
-233 -1364 0
-233 -1403 0
-233 -1442 0
-272 -311 0
-272 -350 0
-272 -389 0
-272 -428 0
-272 -467 0
-272 -506 0
-272 -545 0
-272 -584 0
-272 -623 0
-272 -662 0
-272 -701 0
-272 -740 0
-272 -779 0
-272 -818 0
-272 -857 0
-272 -896 0
-272 -935 0
-272 -974 0
-272 -1013 0
-272 -1052 0
-272 -1091 0
-272 -1130 0
-272 -1169 0
-272 -1208 0
-272 -1247 0
-272 -1286 0
-272 -1325 0
-272 -1364 0
-272 -1403 0
-272 -1442 0
-311 -350 0
-311 -389 0
-311 -428 0
-311 -467 0
-311 -506 0
-311 -545 0
-311 -584 0
-311 -623 0
-311 -662 0
-311 -701 0
-311 -740 0
-311 -779 0
-311 -818 0
-311 -857 0
-311 -896 0
-311 -935 0
-311 -974 0
-311 -1013 0
-311 -1052 0
-311 -1091 0
-311 -1130 0
-311 -1169 0
-311 -1208 0
-311 -1247 0
-311 -1286 0
-311 -1325 0
-311 -1364 0
-311 -1403 0
-311 -1442 0
-350 -389 0
-350 -428 0
-350 -467 0
-350 -506 0
-350 -545 0
-350 -584 0
-350 -623 0
-350 -662 0
-350 -701 0
-350 -740 0
-350 -779 0
-350 -818 0
-350 -857 0
-350 -896 0
-350 -935 0
-350 -974 0
-350 -1013 0
-350 -1052 0
-350 -1091 0
-350 -1130 0
-350 -1169 0
-350 -1208 0
-350 -1247 0
-350 -1286 0
-350 -1325 0
-350 -1364 0
-350 -1403 0
-350 -1442 0
-389 -428 0
-389 -467 0
-389 -506 0
-389 -545 0
-389 -584 0
-389 -623 0
-389 -662 0
-389 -701 0
-389 -740 0
-389 -779 0
-389 -818 0
-389 -857 0
-389 -896 0
-389 -935 0
-389 -974 0
-389 -1013 0
-389 -1052 0
-389 -1091 0
-389 -1130 0
-389 -1169 0
-389 -1208 0
-389 -1247 0
-389 -1286 0
-389 -1325 0
-389 -1364 0
-389 -1403 0
-389 -1442 0
-428 -467 0
-428 -506 0
-428 -545 0
-428 -584 0
-428 -623 0
-428 -662 0
-428 -701 0
-428 -740 0
-428 -779 0
-428 -818 0
-428 -857 0
-428 -896 0
-428 -935 0
-428 -974 0
-428 -1013 0
-428 -1052 0
-428 -1091 0
-428 -1130 0
-428 -1169 0
-428 -1208 0
-428 -1247 0
-428 -1286 0
-428 -1325 0
-428 -1364 0
-428 -1403 0
-428 -1442 0
-467 -506 0
-467 -545 0
-467 -584 0
-467 -623 0
-467 -662 0
-467 -701 0
-467 -740 0
-467 -779 0
-467 -818 0
-467 -857 0
-467 -896 0
-467 -935 0
-467 -974 0
-467 -1013 0
-467 -1052 0
-467 -1091 0
-467 -1130 0
-467 -1169 0
-467 -1208 0
-467 -1247 0
-467 -1286 0
-467 -1325 0
-467 -1364 0
-467 -1403 0
-467 -1442 0
-506 -545 0
-506 -584 0
-506 -623 0
-506 -662 0
-506 -701 0
-506 -740 0
-506 -779 0
-506 -818 0
-506 -857 0
-506 -896 0
-506 -935 0
-506 -974 0
-506 -1013 0
-506 -1052 0
-506 -1091 0
-506 -1130 0
-506 -1169 0
-506 -1208 0
-506 -1247 0
-506 -1286 0
-506 -1325 0
-506 -1364 0
-506 -1403 0
-506 -1442 0
-545 -584 0
-545 -623 0
-545 -662 0
-545 -701 0
-545 -740 0
-545 -779 0
-545 -818 0
-545 -857 0
-545 -896 0
-545 -935 0
-545 -974 0
-545 -1013 0
-545 -1052 0
-545 -1091 0
-545 -1130 0
-545 -1169 0
-545 -1208 0
-545 -1247 0
-545 -1286 0
-545 -1325 0
-545 -1364 0
-545 -1403 0
-545 -1442 0
-584 -623 0
-584 -662 0
-584 -701 0
-584 -740 0
-584 -779 0
-584 -818 0
-584 -857 0
-584 -896 0
-584 -935 0
-584 -974 0
-584 -1013 0
-584 -1052 0
-584 -1091 0
-584 -1130 0
-584 -1169 0
-584 -1208 0
-584 -1247 0
-584 -1286 0
-584 -1325 0
-584 -1364 0
-584 -1403 0
-584 -1442 0
-623 -662 0
-623 -701 0
-623 -740 0
-623 -779 0
-623 -818 0
-623 -857 0
-623 -896 0
-623 -935 0
-623 -974 0
-623 -1013 0
-623 -1052 0
-623 -1091 0
-623 -1130 0
-623 -1169 0
-623 -1208 0
-623 -1247 0
-623 -1286 0
-623 -1325 0
-623 -1364 0
-623 -1403 0
-623 -1442 0
-662 -701 0
-662 -740 0
-662 -779 0
-662 -818 0
-662 -857 0
-662 -896 0
-662 -935 0
-662 -974 0
-662 -1013 0
-662 -1052 0
-662 -1091 0
-662 -1130 0
-662 -1169 0
-662 -1208 0
-662 -1247 0
-662 -1286 0
-662 -1325 0
-662 -1364 0
-662 -1403 0
-662 -1442 0
-701 -740 0
-701 -779 0
-701 -818 0
-701 -857 0
-701 -896 0
-701 -935 0
-701 -974 0
-701 -1013 0
-701 -1052 0
-701 -1091 0
-701 -1130 0
-701 -1169 0
-701 -1208 0
-701 -1247 0
-701 -1286 0
-701 -1325 0
-701 -1364 0
-701 -1403 0
-701 -1442 0
-740 -779 0
-740 -818 0
-740 -857 0
-740 -896 0
-740 -935 0
-740 -974 0
-740 -1013 0
-740 -1052 0
-740 -1091 0
-740 -1130 0
-740 -1169 0
-740 -1208 0
-740 -1247 0
-740 -1286 0
-740 -1325 0
-740 -1364 0
-740 -1403 0
-740 -1442 0
-779 -818 0
-779 -857 0
-779 -896 0
-779 -935 0
-779 -974 0
-779 -1013 0
-779 -1052 0
-779 -1091 0
-779 -1130 0
-779 -1169 0
-779 -1208 0
-779 -1247 0
-779 -1286 0
-779 -1325 0
-779 -1364 0
-779 -1403 0
-779 -1442 0
-818 -857 0
-818 -896 0
-818 -935 0
-818 -974 0
-818 -1013 0
-818 -1052 0
-818 -1091 0
-818 -1130 0
-818 -1169 0
-818 -1208 0
-818 -1247 0
-818 -1286 0
-818 -1325 0
-818 -1364 0
-818 -1403 0
-818 -1442 0
-857 -896 0
-857 -935 0
-857 -974 0
-857 -1013 0
-857 -1052 0
-857 -1091 0
-857 -1130 0
-857 -1169 0
-857 -1208 0
-857 -1247 0
-857 -1286 0
-857 -1325 0
-857 -1364 0
-857 -1403 0
-857 -1442 0
-896 -935 0
-896 -974 0
-896 -1013 0
-896 -1052 0
-896 -1091 0
-896 -1130 0
-896 -1169 0
-896 -1208 0
-896 -1247 0
-896 -1286 0
-896 -1325 0
-896 -1364 0
-896 -1403 0
-896 -1442 0
-935 -974 0
-935 -1013 0
-935 -1052 0
-935 -1091 0
-935 -1130 0
-935 -1169 0
-935 -1208 0
-935 -1247 0
-935 -1286 0
-935 -1325 0
-935 -1364 0
-935 -1403 0
-935 -1442 0
-974 -1013 0
-974 -1052 0
-974 -1091 0
-974 -1130 0
-974 -1169 0
-974 -1208 0
-974 -1247 0
-974 -1286 0
-974 -1325 0
-974 -1364 0
-974 -1403 0
-974 -1442 0
-1013 -1052 0
-1013 -1091 0
-1013 -1130 0
-1013 -1169 0
-1013 -1208 0
-1013 -1247 0
-1013 -1286 0
-1013 -1325 0
-1013 -1364 0
-1013 -1403 0
-1013 -1442 0
-1052 -1091 0
-1052 -1130 0
-1052 -1169 0
-1052 -1208 0
-1052 -1247 0
-1052 -1286 0
-1052 -1325 0
-1052 -1364 0
-1052 -1403 0
-1052 -1442 0
-1091 -1130 0
-1091 -1169 0
-1091 -1208 0
-1091 -1247 0
-1091 -1286 0
-1091 -1325 0
-1091 -1364 0
-1091 -1403 0
-1091 -1442 0
-1130 -1169 0
-1130 -1208 0
-1130 -1247 0
-1130 -1286 0
-1130 -1325 0
-1130 -1364 0
-1130 -1403 0
-1130 -1442 0
-1169 -1208 0
-1169 -1247 0
-1169 -1286 0
-1169 -1325 0
-1169 -1364 0
-1169 -1403 0
-1169 -1442 0
-1208 -1247 0
-1208 -1286 0
-1208 -1325 0
-1208 -1364 0
-1208 -1403 0
-1208 -1442 0
-1247 -1286 0
-1247 -1325 0
-1247 -1364 0
-1247 -1403 0
-1247 -1442 0
-1286 -1325 0
-1286 -1364 0
-1286 -1403 0
-1286 -1442 0
-1325 -1364 0
-1325 -1403 0
-1325 -1442 0
-1364 -1403 0
-1364 -1442 0
-1403 -1442 0
-115 -154 0
-115 -193 0
-115 -232 0
-115 -271 0
-115 -310 0
-115 -349 0
-115 -388 0
-115 -427 0
-115 -466 0
-115 -505 0
-115 -544 0
-115 -583 0
-115 -622 0
-115 -661 0
-115 -700 0
-115 -739 0
-115 -778 0
-115 -817 0
-115 -856 0
-115 -895 0
-115 -934 0
-115 -973 0
-115 -1012 0
-115 -1051 0
-115 -1090 0
-115 -1129 0
-115 -1168 0
-115 -1207 0
-115 -1246 0
-115 -1285 0
-115 -1324 0
-115 -1363 0
-115 -1402 0
-115 -1441 0
-154 -193 0
-154 -232 0
-154 -271 0
-154 -310 0
-154 -349 0
-154 -388 0
-154 -427 0
-154 -466 0
-154 -505 0
-154 -544 0
-154 -583 0
-154 -622 0
-154 -661 0
-154 -700 0
-154 -739 0
-154 -778 0
-154 -817 0
-154 -856 0
-154 -895 0
-154 -934 0
-154 -973 0
-154 -1012 0
-154 -1051 0
-154 -1090 0
-154 -1129 0
-154 -1168 0
-154 -1207 0
-154 -1246 0
-154 -1285 0
-154 -1324 0
-154 -1363 0
-154 -1402 0
-154 -1441 0
-193 -232 0
-193 -271 0
-193 -310 0
-193 -349 0
-193 -388 0
-193 -427 0
-193 -466 0
-193 -505 0
-193 -544 0
-193 -583 0
-193 -622 0
-193 -661 0
-193 -700 0
-193 -739 0
-193 -778 0
-193 -817 0
-193 -856 0
-193 -895 0
-193 -934 0
-193 -973 0
-193 -1012 0
-193 -1051 0
-193 -1090 0
-193 -1129 0
-193 -1168 0
-193 -1207 0
-193 -1246 0
-193 -1285 0
-193 -1324 0
-193 -1363 0
-193 -1402 0
-193 -1441 0
-232 -271 0
-232 -310 0
-232 -349 0
-232 -388 0
-232 -427 0
-232 -466 0
-232 -505 0
-232 -544 0
-232 -583 0
-232 -622 0
-232 -661 0
-232 -700 0
-232 -739 0
-232 -778 0
-232 -817 0
-232 -856 0
-232 -895 0
-232 -934 0
-232 -973 0
-232 -1012 0
-232 -1051 0
-232 -1090 0
-232 -1129 0
-232 -1168 0
-232 -1207 0
-232 -1246 0
-232 -1285 0
-232 -1324 0
-232 -1363 0
-232 -1402 0
-232 -1441 0
-271 -310 0
-271 -349 0
-271 -388 0
-271 -427 0
-271 -466 0
-271 -505 0
-271 -544 0
-271 -583 0
-271 -622 0
-271 -661 0
-271 -700 0
-271 -739 0
-271 -778 0
-271 -817 0
-271 -856 0
-271 -895 0
-271 -934 0
-271 -973 0
-271 -1012 0
-271 -1051 0
-271 -1090 0
-271 -1129 0
-271 -1168 0
-271 -1207 0
-271 -1246 0
-271 -1285 0
-271 -1324 0
-271 -1363 0
-271 -1402 0
-271 -1441 0
-310 -349 0
-310 -388 0
-310 -427 0
-310 -466 0
-310 -505 0
-310 -544 0
-310 -583 0
-310 -622 0
-310 -661 0
-310 -700 0
-310 -739 0
-310 -778 0
-310 -817 0
-310 -856 0
-310 -895 0
-310 -934 0
-310 -973 0
-310 -1012 0
-310 -1051 0
-310 -1090 0
-310 -1129 0
-310 -1168 0
-310 -1207 0
-310 -1246 0
-310 -1285 0
-310 -1324 0
-310 -1363 0
-310 -1402 0
-310 -1441 0
-349 -388 0
-349 -427 0
-349 -466 0
-349 -505 0
-349 -544 0
-349 -583 0
-349 -622 0
-349 -661 0
-349 -700 0
-349 -739 0
-349 -778 0
-349 -817 0
-349 -856 0
-349 -895 0
-349 -934 0
-349 -973 0
-349 -1012 0
-349 -1051 0
-349 -1090 0
-349 -1129 0
-349 -1168 0
-349 -1207 0
-349 -1246 0
-349 -1285 0
-349 -1324 0
-349 -1363 0
-349 -1402 0
-349 -1441 0
-388 -427 0
-388 -466 0
-388 -505 0
-388 -544 0
-388 -583 0
-388 -622 0
-388 -661 0
-388 -700 0
-388 -739 0
-388 -778 0
-388 -817 0
-388 -856 0
-388 -895 0
-388 -934 0
-388 -973 0
-388 -1012 0
-388 -1051 0
-388 -1090 0
-388 -1129 0
-388 -1168 0
-388 -1207 0
-388 -1246 0
-388 -1285 0
-388 -1324 0
-388 -1363 0
-388 -1402 0
-388 -1441 0
-427 -466 0
-427 -505 0
-427 -544 0
-427 -583 0
-427 -622 0
-427 -661 0
-427 -700 0
-427 -739 0
-427 -778 0
-427 -817 0
-427 -856 0
-427 -895 0
-427 -934 0
-427 -973 0
-427 -1012 0
-427 -1051 0
-427 -1090 0
-427 -1129 0
-427 -1168 0
-427 -1207 0
-427 -1246 0
-427 -1285 0
-427 -1324 0
-427 -1363 0
-427 -1402 0
-427 -1441 0
-466 -505 0
-466 -544 0
-466 -583 0
-466 -622 0
-466 -661 0
-466 -700 0
-466 -739 0
-466 -778 0
-466 -817 0
-466 -856 0
-466 -895 0
-466 -934 0
-466 -973 0
-466 -1012 0
-466 -1051 0
-466 -1090 0
-466 -1129 0
-466 -1168 0
-466 -1207 0
-466 -1246 0
-466 -1285 0
-466 -1324 0
-466 -1363 0
-466 -1402 0
-466 -1441 0
-505 -544 0
-505 -583 0
-505 -622 0
-505 -661 0
-505 -700 0
-505 -739 0
-505 -778 0
-505 -817 0
-505 -856 0
-505 -895 0
-505 -934 0
-505 -973 0
-505 -1012 0
-505 -1051 0
-505 -1090 0
-505 -1129 0
-505 -1168 0
-505 -1207 0
-505 -1246 0
-505 -1285 0
-505 -1324 0
-505 -1363 0
-505 -1402 0
-505 -1441 0
-544 -583 0
-544 -622 0
-544 -661 0
-544 -700 0
-544 -739 0
-544 -778 0
-544 -817 0
-544 -856 0
-544 -895 0
-544 -934 0
-544 -973 0
-544 -1012 0
-544 -1051 0
-544 -1090 0
-544 -1129 0
-544 -1168 0
-544 -1207 0
-544 -1246 0
-544 -1285 0
-544 -1324 0
-544 -1363 0
-544 -1402 0
-544 -1441 0
-583 -622 0
-583 -661 0
-583 -700 0
-583 -739 0
-583 -778 0
-583 -817 0
-583 -856 0
-583 -895 0
-583 -934 0
-583 -973 0
-583 -1012 0
-583 -1051 0
-583 -1090 0
-583 -1129 0
-583 -1168 0
-583 -1207 0
-583 -1246 0
-583 -1285 0
-583 -1324 0
-583 -1363 0
-583 -1402 0
-583 -1441 0
-622 -661 0
-622 -700 0
-622 -739 0
-622 -778 0
-622 -817 0
-622 -856 0
-622 -895 0
-622 -934 0
-622 -973 0
-622 -1012 0
-622 -1051 0
-622 -1090 0
-622 -1129 0
-622 -1168 0
-622 -1207 0
-622 -1246 0
-622 -1285 0
-622 -1324 0
-622 -1363 0
-622 -1402 0
-622 -1441 0
-661 -700 0
-661 -739 0
-661 -778 0
-661 -817 0
-661 -856 0
-661 -895 0
-661 -934 0
-661 -973 0
-661 -1012 0
-661 -1051 0
-661 -1090 0
-661 -1129 0
-661 -1168 0
-661 -1207 0
-661 -1246 0
-661 -1285 0
-661 -1324 0
-661 -1363 0
-661 -1402 0
-661 -1441 0
-700 -739 0
-700 -778 0
-700 -817 0
-700 -856 0
-700 -895 0
-700 -934 0
-700 -973 0
-700 -1012 0
-700 -1051 0
-700 -1090 0
-700 -1129 0
-700 -1168 0
-700 -1207 0
-700 -1246 0
-700 -1285 0
-700 -1324 0
-700 -1363 0
-700 -1402 0
-700 -1441 0
-739 -778 0
-739 -817 0
-739 -856 0
-739 -895 0
-739 -934 0
-739 -973 0
-739 -1012 0
-739 -1051 0
-739 -1090 0
-739 -1129 0
-739 -1168 0
-739 -1207 0
-739 -1246 0
-739 -1285 0
-739 -1324 0
-739 -1363 0
-739 -1402 0
-739 -1441 0
-778 -817 0
-778 -856 0
-778 -895 0
-778 -934 0
-778 -973 0
-778 -1012 0
-778 -1051 0
-778 -1090 0
-778 -1129 0
-778 -1168 0
-778 -1207 0
-778 -1246 0
-778 -1285 0
-778 -1324 0
-778 -1363 0
-778 -1402 0
-778 -1441 0
-817 -856 0
-817 -895 0
-817 -934 0
-817 -973 0
-817 -1012 0
-817 -1051 0
-817 -1090 0
-817 -1129 0
-817 -1168 0
-817 -1207 0
-817 -1246 0
-817 -1285 0
-817 -1324 0
-817 -1363 0
-817 -1402 0
-817 -1441 0
-856 -895 0
-856 -934 0
-856 -973 0
-856 -1012 0
-856 -1051 0
-856 -1090 0
-856 -1129 0
-856 -1168 0
-856 -1207 0
-856 -1246 0
-856 -1285 0
-856 -1324 0
-856 -1363 0
-856 -1402 0
-856 -1441 0
-895 -934 0
-895 -973 0
-895 -1012 0
-895 -1051 0
-895 -1090 0
-895 -1129 0
-895 -1168 0
-895 -1207 0
-895 -1246 0
-895 -1285 0
-895 -1324 0
-895 -1363 0
-895 -1402 0
-895 -1441 0
-934 -973 0
-934 -1012 0
-934 -1051 0
-934 -1090 0
-934 -1129 0
-934 -1168 0
-934 -1207 0
-934 -1246 0
-934 -1285 0
-934 -1324 0
-934 -1363 0
-934 -1402 0
-934 -1441 0
-973 -1012 0
-973 -1051 0
-973 -1090 0
-973 -1129 0
-973 -1168 0
-973 -1207 0
-973 -1246 0
-973 -1285 0
-973 -1324 0
-973 -1363 0
-973 -1402 0
-973 -1441 0
-1012 -1051 0
-1012 -1090 0
-1012 -1129 0
-1012 -1168 0
-1012 -1207 0
-1012 -1246 0
-1012 -1285 0
-1012 -1324 0
-1012 -1363 0
-1012 -1402 0
-1012 -1441 0
-1051 -1090 0
-1051 -1129 0
-1051 -1168 0
-1051 -1207 0
-1051 -1246 0
-1051 -1285 0
-1051 -1324 0
-1051 -1363 0
-1051 -1402 0
-1051 -1441 0
-1090 -1129 0
-1090 -1168 0
-1090 -1207 0
-1090 -1246 0
-1090 -1285 0
-1090 -1324 0
-1090 -1363 0
-1090 -1402 0
-1090 -1441 0
-1129 -1168 0
-1129 -1207 0
-1129 -1246 0
-1129 -1285 0
-1129 -1324 0
-1129 -1363 0
-1129 -1402 0
-1129 -1441 0
-1168 -1207 0
-1168 -1246 0
-1168 -1285 0
-1168 -1324 0
-1168 -1363 0
-1168 -1402 0
-1168 -1441 0
-1207 -1246 0
-1207 -1285 0
-1207 -1324 0
-1207 -1363 0
-1207 -1402 0
-1207 -1441 0
-1246 -1285 0
-1246 -1324 0
-1246 -1363 0
-1246 -1402 0
-1246 -1441 0
-1285 -1324 0
-1285 -1363 0
-1285 -1402 0
-1285 -1441 0
-1324 -1363 0
-1324 -1402 0
-1324 -1441 0
-1363 -1402 0
-1363 -1441 0
-1402 -1441 0
-153 -192 0
-153 -231 0
-153 -270 0
-153 -309 0
-153 -348 0
-153 -387 0
-153 -426 0
-153 -465 0
-153 -504 0
-153 -543 0
-153 -582 0
-153 -621 0
-153 -660 0
-153 -699 0
-153 -738 0
-153 -777 0
-153 -816 0
-153 -855 0
-153 -894 0
-153 -933 0
-153 -972 0
-153 -1011 0
-153 -1050 0
-153 -1089 0
-153 -1128 0
-153 -1167 0
-153 -1206 0
-153 -1245 0
-153 -1284 0
-153 -1323 0
-153 -1362 0
-153 -1401 0
-153 -1440 0
-192 -231 0
-192 -270 0
-192 -309 0
-192 -348 0
-192 -387 0
-192 -426 0
-192 -465 0
-192 -504 0
-192 -543 0
-192 -582 0
-192 -621 0
-192 -660 0
-192 -699 0
-192 -738 0
-192 -777 0
-192 -816 0
-192 -855 0
-192 -894 0
-192 -933 0
-192 -972 0
-192 -1011 0
-192 -1050 0
-192 -1089 0
-192 -1128 0
-192 -1167 0
-192 -1206 0
-192 -1245 0
-192 -1284 0
-192 -1323 0
-192 -1362 0
-192 -1401 0
-192 -1440 0
-231 -270 0
-231 -309 0
-231 -348 0
-231 -387 0
-231 -426 0
-231 -465 0
-231 -504 0
-231 -543 0
-231 -582 0
-231 -621 0
-231 -660 0
-231 -699 0
-231 -738 0
-231 -777 0
-231 -816 0
-231 -855 0
-231 -894 0
-231 -933 0
-231 -972 0
-231 -1011 0
-231 -1050 0
-231 -1089 0
-231 -1128 0
-231 -1167 0
-231 -1206 0
-231 -1245 0
-231 -1284 0
-231 -1323 0
-231 -1362 0
-231 -1401 0
-231 -1440 0
-270 -309 0
-270 -348 0
-270 -387 0
-270 -426 0
-270 -465 0
-270 -504 0
-270 -543 0
-270 -582 0
-270 -621 0
-270 -660 0
-270 -699 0
-270 -738 0
-270 -777 0
-270 -816 0
-270 -855 0
-270 -894 0
-270 -933 0
-270 -972 0
-270 -1011 0
-270 -1050 0
-270 -1089 0
-270 -1128 0
-270 -1167 0
-270 -1206 0
-270 -1245 0
-270 -1284 0
-270 -1323 0
-270 -1362 0
-270 -1401 0
-270 -1440 0
-309 -348 0
-309 -387 0
-309 -426 0
-309 -465 0
-309 -504 0
-309 -543 0
-309 -582 0
-309 -621 0
-309 -660 0
-309 -699 0
-309 -738 0
-309 -777 0
-309 -816 0
-309 -855 0
-309 -894 0
-309 -933 0
-309 -972 0
-309 -1011 0
-309 -1050 0
-309 -1089 0
-309 -1128 0
-309 -1167 0
-309 -1206 0
-309 -1245 0
-309 -1284 0
-309 -1323 0
-309 -1362 0
-309 -1401 0
-309 -1440 0
-348 -387 0
-348 -426 0
-348 -465 0
-348 -504 0
-348 -543 0
-348 -582 0
-348 -621 0
-348 -660 0
-348 -699 0
-348 -738 0
-348 -777 0
-348 -816 0
-348 -855 0
-348 -894 0
-348 -933 0
-348 -972 0
-348 -1011 0
-348 -1050 0
-348 -1089 0
-348 -1128 0
-348 -1167 0
-348 -1206 0
-348 -1245 0
-348 -1284 0
-348 -1323 0
-348 -1362 0
-348 -1401 0
-348 -1440 0
-387 -426 0
-387 -465 0
-387 -504 0
-387 -543 0
-387 -582 0
-387 -621 0
-387 -660 0
-387 -699 0
-387 -738 0
-387 -777 0
-387 -816 0
-387 -855 0
-387 -894 0
-387 -933 0
-387 -972 0
-387 -1011 0
-387 -1050 0
-387 -1089 0
-387 -1128 0
-387 -1167 0
-387 -1206 0
-387 -1245 0
-387 -1284 0
-387 -1323 0
-387 -1362 0
-387 -1401 0
-387 -1440 0
-426 -465 0
-426 -504 0
-426 -543 0
-426 -582 0
-426 -621 0
-426 -660 0
-426 -699 0
-426 -738 0
-426 -777 0
-426 -816 0
-426 -855 0
-426 -894 0
-426 -933 0
-426 -972 0
-426 -1011 0
-426 -1050 0
-426 -1089 0
-426 -1128 0
-426 -1167 0
-426 -1206 0
-426 -1245 0
-426 -1284 0
-426 -1323 0
-426 -1362 0
-426 -1401 0
-426 -1440 0
-465 -504 0
-465 -543 0
-465 -582 0
-465 -621 0
-465 -660 0
-465 -699 0
-465 -738 0
-465 -777 0
-465 -816 0
-465 -855 0
-465 -894 0
-465 -933 0
-465 -972 0
-465 -1011 0
-465 -1050 0
-465 -1089 0
-465 -1128 0
-465 -1167 0
-465 -1206 0
-465 -1245 0
-465 -1284 0
-465 -1323 0
-465 -1362 0
-465 -1401 0
-465 -1440 0
-504 -543 0
-504 -582 0
-504 -621 0
-504 -660 0
-504 -699 0
-504 -738 0
-504 -777 0
-504 -816 0
-504 -855 0
-504 -894 0
-504 -933 0
-504 -972 0
-504 -1011 0
-504 -1050 0
-504 -1089 0
-504 -1128 0
-504 -1167 0
-504 -1206 0
-504 -1245 0
-504 -1284 0
-504 -1323 0
-504 -1362 0
-504 -1401 0
-504 -1440 0
-543 -582 0
-543 -621 0
-543 -660 0
-543 -699 0
-543 -738 0
-543 -777 0
-543 -816 0
-543 -855 0
-543 -894 0
-543 -933 0
-543 -972 0
-543 -1011 0
-543 -1050 0
-543 -1089 0
-543 -1128 0
-543 -1167 0
-543 -1206 0
-543 -1245 0
-543 -1284 0
-543 -1323 0
-543 -1362 0
-543 -1401 0
-543 -1440 0
-582 -621 0
-582 -660 0
-582 -699 0
-582 -738 0
-582 -777 0
-582 -816 0
-582 -855 0
-582 -894 0
-582 -933 0
-582 -972 0
-582 -1011 0
-582 -1050 0
-582 -1089 0
-582 -1128 0
-582 -1167 0
-582 -1206 0
-582 -1245 0
-582 -1284 0
-582 -1323 0
-582 -1362 0
-582 -1401 0
-582 -1440 0
-621 -660 0
-621 -699 0
-621 -738 0
-621 -777 0
-621 -816 0
-621 -855 0
-621 -894 0
-621 -933 0
-621 -972 0
-621 -1011 0
-621 -1050 0
-621 -1089 0
-621 -1128 0
-621 -1167 0
-621 -1206 0
-621 -1245 0
-621 -1284 0
-621 -1323 0
-621 -1362 0
-621 -1401 0
-621 -1440 0
-660 -699 0
-660 -738 0
-660 -777 0
-660 -816 0
-660 -855 0
-660 -894 0
-660 -933 0
-660 -972 0
-660 -1011 0
-660 -1050 0
-660 -1089 0
-660 -1128 0
-660 -1167 0
-660 -1206 0
-660 -1245 0
-660 -1284 0
-660 -1323 0
-660 -1362 0
-660 -1401 0
-660 -1440 0
-699 -738 0
-699 -777 0
-699 -816 0
-699 -855 0
-699 -894 0
-699 -933 0
-699 -972 0
-699 -1011 0
-699 -1050 0
-699 -1089 0
-699 -1128 0
-699 -1167 0
-699 -1206 0
-699 -1245 0
-699 -1284 0
-699 -1323 0
-699 -1362 0
-699 -1401 0
-699 -1440 0
-738 -777 0
-738 -816 0
-738 -855 0
-738 -894 0
-738 -933 0
-738 -972 0
-738 -1011 0
-738 -1050 0
-738 -1089 0
-738 -1128 0
-738 -1167 0
-738 -1206 0
-738 -1245 0
-738 -1284 0
-738 -1323 0
-738 -1362 0
-738 -1401 0
-738 -1440 0
-777 -816 0
-777 -855 0
-777 -894 0
-777 -933 0
-777 -972 0
-777 -1011 0
-777 -1050 0
-777 -1089 0
-777 -1128 0
-777 -1167 0
-777 -1206 0
-777 -1245 0
-777 -1284 0
-777 -1323 0
-777 -1362 0
-777 -1401 0
-777 -1440 0
-816 -855 0
-816 -894 0
-816 -933 0
-816 -972 0
-816 -1011 0
-816 -1050 0
-816 -1089 0
-816 -1128 0
-816 -1167 0
-816 -1206 0
-816 -1245 0
-816 -1284 0
-816 -1323 0
-816 -1362 0
-816 -1401 0
-816 -1440 0
-855 -894 0
-855 -933 0
-855 -972 0
-855 -1011 0
-855 -1050 0
-855 -1089 0
-855 -1128 0
-855 -1167 0
-855 -1206 0
-855 -1245 0
-855 -1284 0
-855 -1323 0
-855 -1362 0
-855 -1401 0
-855 -1440 0
-894 -933 0
-894 -972 0
-894 -1011 0
-894 -1050 0
-894 -1089 0
-894 -1128 0
-894 -1167 0
-894 -1206 0
-894 -1245 0
-894 -1284 0
-894 -1323 0
-894 -1362 0
-894 -1401 0
-894 -1440 0
-933 -972 0
-933 -1011 0
-933 -1050 0
-933 -1089 0
-933 -1128 0
-933 -1167 0
-933 -1206 0
-933 -1245 0
-933 -1284 0
-933 -1323 0
-933 -1362 0
-933 -1401 0
-933 -1440 0
-972 -1011 0
-972 -1050 0
-972 -1089 0
-972 -1128 0
-972 -1167 0
-972 -1206 0
-972 -1245 0
-972 -1284 0
-972 -1323 0
-972 -1362 0
-972 -1401 0
-972 -1440 0
-1011 -1050 0
-1011 -1089 0
-1011 -1128 0
-1011 -1167 0
-1011 -1206 0
-1011 -1245 0
-1011 -1284 0
-1011 -1323 0
-1011 -1362 0
-1011 -1401 0
-1011 -1440 0
-1050 -1089 0
-1050 -1128 0
-1050 -1167 0
-1050 -1206 0
-1050 -1245 0
-1050 -1284 0
-1050 -1323 0
-1050 -1362 0
-1050 -1401 0
-1050 -1440 0
-1089 -1128 0
-1089 -1167 0
-1089 -1206 0
-1089 -1245 0
-1089 -1284 0
-1089 -1323 0
-1089 -1362 0
-1089 -1401 0
-1089 -1440 0
-1128 -1167 0
-1128 -1206 0
-1128 -1245 0
-1128 -1284 0
-1128 -1323 0
-1128 -1362 0
-1128 -1401 0
-1128 -1440 0
-1167 -1206 0
-1167 -1245 0
-1167 -1284 0
-1167 -1323 0
-1167 -1362 0
-1167 -1401 0
-1167 -1440 0
-1206 -1245 0
-1206 -1284 0
-1206 -1323 0
-1206 -1362 0
-1206 -1401 0
-1206 -1440 0
-1245 -1284 0
-1245 -1323 0
-1245 -1362 0
-1245 -1401 0
-1245 -1440 0
-1284 -1323 0
-1284 -1362 0
-1284 -1401 0
-1284 -1440 0
-1323 -1362 0
-1323 -1401 0
-1323 -1440 0
-1362 -1401 0
-1362 -1440 0
-1401 -1440 0
-191 -230 0
-191 -269 0
-191 -308 0
-191 -347 0
-191 -386 0
-191 -425 0
-191 -464 0
-191 -503 0
-191 -542 0
-191 -581 0
-191 -620 0
-191 -659 0
-191 -698 0
-191 -737 0
-191 -776 0
-191 -815 0
-191 -854 0
-191 -893 0
-191 -932 0
-191 -971 0
-191 -1010 0
-191 -1049 0
-191 -1088 0
-191 -1127 0
-191 -1166 0
-191 -1205 0
-191 -1244 0
-191 -1283 0
-191 -1322 0
-191 -1361 0
-191 -1400 0
-191 -1439 0
-230 -269 0
-230 -308 0
-230 -347 0
-230 -386 0
-230 -425 0
-230 -464 0
-230 -503 0
-230 -542 0
-230 -581 0
-230 -620 0
-230 -659 0
-230 -698 0
-230 -737 0
-230 -776 0
-230 -815 0
-230 -854 0
-230 -893 0
-230 -932 0
-230 -971 0
-230 -1010 0
-230 -1049 0
-230 -1088 0
-230 -1127 0
-230 -1166 0
-230 -1205 0
-230 -1244 0
-230 -1283 0
-230 -1322 0
-230 -1361 0
-230 -1400 0
-230 -1439 0
-269 -308 0
-269 -347 0
-269 -386 0
-269 -425 0
-269 -464 0
-269 -503 0
-269 -542 0
-269 -581 0
-269 -620 0
-269 -659 0
-269 -698 0
-269 -737 0
-269 -776 0
-269 -815 0
-269 -854 0
-269 -893 0
-269 -932 0
-269 -971 0
-269 -1010 0
-269 -1049 0
-269 -1088 0
-269 -1127 0
-269 -1166 0
-269 -1205 0
-269 -1244 0
-269 -1283 0
-269 -1322 0
-269 -1361 0
-269 -1400 0
-269 -1439 0
-308 -347 0
-308 -386 0
-308 -425 0
-308 -464 0
-308 -503 0
-308 -542 0
-308 -581 0
-308 -620 0
-308 -659 0
-308 -698 0
-308 -737 0
-308 -776 0
-308 -815 0
-308 -854 0
-308 -893 0
-308 -932 0
-308 -971 0
-308 -1010 0
-308 -1049 0
-308 -1088 0
-308 -1127 0
-308 -1166 0
-308 -1205 0
-308 -1244 0
-308 -1283 0
-308 -1322 0
-308 -1361 0
-308 -1400 0
-308 -1439 0
-347 -386 0
-347 -425 0
-347 -464 0
-347 -503 0
-347 -542 0
-347 -581 0
-347 -620 0
-347 -659 0
-347 -698 0
-347 -737 0
-347 -776 0
-347 -815 0
-347 -854 0
-347 -893 0
-347 -932 0
-347 -971 0
-347 -1010 0
-347 -1049 0
-347 -1088 0
-347 -1127 0
-347 -1166 0
-347 -1205 0
-347 -1244 0
-347 -1283 0
-347 -1322 0
-347 -1361 0
-347 -1400 0
-347 -1439 0
-386 -425 0
-386 -464 0
-386 -503 0
-386 -542 0
-386 -581 0
-386 -620 0
-386 -659 0
-386 -698 0
-386 -737 0
-386 -776 0
-386 -815 0
-386 -854 0
-386 -893 0
-386 -932 0
-386 -971 0
-386 -1010 0
-386 -1049 0
-386 -1088 0
-386 -1127 0
-386 -1166 0
-386 -1205 0
-386 -1244 0
-386 -1283 0
-386 -1322 0
-386 -1361 0
-386 -1400 0
-386 -1439 0
-425 -464 0
-425 -503 0
-425 -542 0
-425 -581 0
-425 -620 0
-425 -659 0
-425 -698 0
-425 -737 0
-425 -776 0
-425 -815 0
-425 -854 0
-425 -893 0
-425 -932 0
-425 -971 0
-425 -1010 0
-425 -1049 0
-425 -1088 0
-425 -1127 0
-425 -1166 0
-425 -1205 0
-425 -1244 0
-425 -1283 0
-425 -1322 0
-425 -1361 0
-425 -1400 0
-425 -1439 0
-464 -503 0
-464 -542 0
-464 -581 0
-464 -620 0
-464 -659 0
-464 -698 0
-464 -737 0
-464 -776 0
-464 -815 0
-464 -854 0
-464 -893 0
-464 -932 0
-464 -971 0
-464 -1010 0
-464 -1049 0
-464 -1088 0
-464 -1127 0
-464 -1166 0
-464 -1205 0
-464 -1244 0
-464 -1283 0
-464 -1322 0
-464 -1361 0
-464 -1400 0
-464 -1439 0
-503 -542 0
-503 -581 0
-503 -620 0
-503 -659 0
-503 -698 0
-503 -737 0
-503 -776 0
-503 -815 0
-503 -854 0
-503 -893 0
-503 -932 0
-503 -971 0
-503 -1010 0
-503 -1049 0
-503 -1088 0
-503 -1127 0
-503 -1166 0
-503 -1205 0
-503 -1244 0
-503 -1283 0
-503 -1322 0
-503 -1361 0
-503 -1400 0
-503 -1439 0
-542 -581 0
-542 -620 0
-542 -659 0
-542 -698 0
-542 -737 0
-542 -776 0
-542 -815 0
-542 -854 0
-542 -893 0
-542 -932 0
-542 -971 0
-542 -1010 0
-542 -1049 0
-542 -1088 0
-542 -1127 0
-542 -1166 0
-542 -1205 0
-542 -1244 0
-542 -1283 0
-542 -1322 0
-542 -1361 0
-542 -1400 0
-542 -1439 0
-581 -620 0
-581 -659 0
-581 -698 0
-581 -737 0
-581 -776 0
-581 -815 0
-581 -854 0
-581 -893 0
-581 -932 0
-581 -971 0
-581 -1010 0
-581 -1049 0
-581 -1088 0
-581 -1127 0
-581 -1166 0
-581 -1205 0
-581 -1244 0
-581 -1283 0
-581 -1322 0
-581 -1361 0
-581 -1400 0
-581 -1439 0
-620 -659 0
-620 -698 0
-620 -737 0
-620 -776 0
-620 -815 0
-620 -854 0
-620 -893 0
-620 -932 0
-620 -971 0
-620 -1010 0
-620 -1049 0
-620 -1088 0
-620 -1127 0
-620 -1166 0
-620 -1205 0
-620 -1244 0
-620 -1283 0
-620 -1322 0
-620 -1361 0
-620 -1400 0
-620 -1439 0
-659 -698 0
-659 -737 0
-659 -776 0
-659 -815 0
-659 -854 0
-659 -893 0
-659 -932 0
-659 -971 0
-659 -1010 0
-659 -1049 0
-659 -1088 0
-659 -1127 0
-659 -1166 0
-659 -1205 0
-659 -1244 0
-659 -1283 0
-659 -1322 0
-659 -1361 0
-659 -1400 0
-659 -1439 0
-698 -737 0
-698 -776 0
-698 -815 0
-698 -854 0
-698 -893 0
-698 -932 0
-698 -971 0
-698 -1010 0
-698 -1049 0
-698 -1088 0
-698 -1127 0
-698 -1166 0
-698 -1205 0
-698 -1244 0
-698 -1283 0
-698 -1322 0
-698 -1361 0
-698 -1400 0
-698 -1439 0
-737 -776 0
-737 -815 0
-737 -854 0
-737 -893 0
-737 -932 0
-737 -971 0
-737 -1010 0
-737 -1049 0
-737 -1088 0
-737 -1127 0
-737 -1166 0
-737 -1205 0
-737 -1244 0
-737 -1283 0
-737 -1322 0
-737 -1361 0
-737 -1400 0
-737 -1439 0
-776 -815 0
-776 -854 0
-776 -893 0
-776 -932 0
-776 -971 0
-776 -1010 0
-776 -1049 0
-776 -1088 0
-776 -1127 0
-776 -1166 0
-776 -1205 0
-776 -1244 0
-776 -1283 0
-776 -1322 0
-776 -1361 0
-776 -1400 0
-776 -1439 0
-815 -854 0
-815 -893 0
-815 -932 0
-815 -971 0
-815 -1010 0
-815 -1049 0
-815 -1088 0
-815 -1127 0
-815 -1166 0
-815 -1205 0
-815 -1244 0
-815 -1283 0
-815 -1322 0
-815 -1361 0
-815 -1400 0
-815 -1439 0
-854 -893 0
-854 -932 0
-854 -971 0
-854 -1010 0
-854 -1049 0
-854 -1088 0
-854 -1127 0
-854 -1166 0
-854 -1205 0
-854 -1244 0
-854 -1283 0
-854 -1322 0
-854 -1361 0
-854 -1400 0
-854 -1439 0
-893 -932 0
-893 -971 0
-893 -1010 0
-893 -1049 0
-893 -1088 0
-893 -1127 0
-893 -1166 0
-893 -1205 0
-893 -1244 0
-893 -1283 0
-893 -1322 0
-893 -1361 0
-893 -1400 0
-893 -1439 0
-932 -971 0
-932 -1010 0
-932 -1049 0
-932 -1088 0
-932 -1127 0
-932 -1166 0
-932 -1205 0
-932 -1244 0
-932 -1283 0
-932 -1322 0
-932 -1361 0
-932 -1400 0
-932 -1439 0
-971 -1010 0
-971 -1049 0
-971 -1088 0
-971 -1127 0
-971 -1166 0
-971 -1205 0
-971 -1244 0
-971 -1283 0
-971 -1322 0
-971 -1361 0
-971 -1400 0
-971 -1439 0
-1010 -1049 0
-1010 -1088 0
-1010 -1127 0
-1010 -1166 0
-1010 -1205 0
-1010 -1244 0
-1010 -1283 0
-1010 -1322 0
-1010 -1361 0
-1010 -1400 0
-1010 -1439 0
-1049 -1088 0
-1049 -1127 0
-1049 -1166 0
-1049 -1205 0
-1049 -1244 0
-1049 -1283 0
-1049 -1322 0
-1049 -1361 0
-1049 -1400 0
-1049 -1439 0
-1088 -1127 0
-1088 -1166 0
-1088 -1205 0
-1088 -1244 0
-1088 -1283 0
-1088 -1322 0
-1088 -1361 0
-1088 -1400 0
-1088 -1439 0
-1127 -1166 0
-1127 -1205 0
-1127 -1244 0
-1127 -1283 0
-1127 -1322 0
-1127 -1361 0
-1127 -1400 0
-1127 -1439 0
-1166 -1205 0
-1166 -1244 0
-1166 -1283 0
-1166 -1322 0
-1166 -1361 0
-1166 -1400 0
-1166 -1439 0
-1205 -1244 0
-1205 -1283 0
-1205 -1322 0
-1205 -1361 0
-1205 -1400 0
-1205 -1439 0
-1244 -1283 0
-1244 -1322 0
-1244 -1361 0
-1244 -1400 0
-1244 -1439 0
-1283 -1322 0
-1283 -1361 0
-1283 -1400 0
-1283 -1439 0
-1322 -1361 0
-1322 -1400 0
-1322 -1439 0
-1361 -1400 0
-1361 -1439 0
-1400 -1439 0
-229 -268 0
-229 -307 0
-229 -346 0
-229 -385 0
-229 -424 0
-229 -463 0
-229 -502 0
-229 -541 0
-229 -580 0
-229 -619 0
-229 -658 0
-229 -697 0
-229 -736 0
-229 -775 0
-229 -814 0
-229 -853 0
-229 -892 0
-229 -931 0
-229 -970 0
-229 -1009 0
-229 -1048 0
-229 -1087 0
-229 -1126 0
-229 -1165 0
-229 -1204 0
-229 -1243 0
-229 -1282 0
-229 -1321 0
-229 -1360 0
-229 -1399 0
-229 -1438 0
-268 -307 0
-268 -346 0
-268 -385 0
-268 -424 0
-268 -463 0
-268 -502 0
-268 -541 0
-268 -580 0
-268 -619 0
-268 -658 0
-268 -697 0
-268 -736 0
-268 -775 0
-268 -814 0
-268 -853 0
-268 -892 0
-268 -931 0
-268 -970 0
-268 -1009 0
-268 -1048 0
-268 -1087 0
-268 -1126 0
-268 -1165 0
-268 -1204 0
-268 -1243 0
-268 -1282 0
-268 -1321 0
-268 -1360 0
-268 -1399 0
-268 -1438 0
-307 -346 0
-307 -385 0
-307 -424 0
-307 -463 0
-307 -502 0
-307 -541 0
-307 -580 0
-307 -619 0
-307 -658 0
-307 -697 0
-307 -736 0
-307 -775 0
-307 -814 0
-307 -853 0
-307 -892 0
-307 -931 0
-307 -970 0
-307 -1009 0
-307 -1048 0
-307 -1087 0
-307 -1126 0
-307 -1165 0
-307 -1204 0
-307 -1243 0
-307 -1282 0
-307 -1321 0
-307 -1360 0
-307 -1399 0
-307 -1438 0
-346 -385 0
-346 -424 0
-346 -463 0
-346 -502 0
-346 -541 0
-346 -580 0
-346 -619 0
-346 -658 0
-346 -697 0
-346 -736 0
-346 -775 0
-346 -814 0
-346 -853 0
-346 -892 0
-346 -931 0
-346 -970 0
-346 -1009 0
-346 -1048 0
-346 -1087 0
-346 -1126 0
-346 -1165 0
-346 -1204 0
-346 -1243 0
-346 -1282 0
-346 -1321 0
-346 -1360 0
-346 -1399 0
-346 -1438 0
-385 -424 0
-385 -463 0
-385 -502 0
-385 -541 0
-385 -580 0
-385 -619 0
-385 -658 0
-385 -697 0
-385 -736 0
-385 -775 0
-385 -814 0
-385 -853 0
-385 -892 0
-385 -931 0
-385 -970 0
-385 -1009 0
-385 -1048 0
-385 -1087 0
-385 -1126 0
-385 -1165 0
-385 -1204 0
-385 -1243 0
-385 -1282 0
-385 -1321 0
-385 -1360 0
-385 -1399 0
-385 -1438 0
-424 -463 0
-424 -502 0
-424 -541 0
-424 -580 0
-424 -619 0
-424 -658 0
-424 -697 0
-424 -736 0
-424 -775 0
-424 -814 0
-424 -853 0
-424 -892 0
-424 -931 0
-424 -970 0
-424 -1009 0
-424 -1048 0
-424 -1087 0
-424 -1126 0
-424 -1165 0
-424 -1204 0
-424 -1243 0
-424 -1282 0
-424 -1321 0
-424 -1360 0
-424 -1399 0
-424 -1438 0
-463 -502 0
-463 -541 0
-463 -580 0
-463 -619 0
-463 -658 0
-463 -697 0
-463 -736 0
-463 -775 0
-463 -814 0
-463 -853 0
-463 -892 0
-463 -931 0
-463 -970 0
-463 -1009 0
-463 -1048 0
-463 -1087 0
-463 -1126 0
-463 -1165 0
-463 -1204 0
-463 -1243 0
-463 -1282 0
-463 -1321 0
-463 -1360 0
-463 -1399 0
-463 -1438 0
-502 -541 0
-502 -580 0
-502 -619 0
-502 -658 0
-502 -697 0
-502 -736 0
-502 -775 0
-502 -814 0
-502 -853 0
-502 -892 0
-502 -931 0
-502 -970 0
-502 -1009 0
-502 -1048 0
-502 -1087 0
-502 -1126 0
-502 -1165 0
-502 -1204 0
-502 -1243 0
-502 -1282 0
-502 -1321 0
-502 -1360 0
-502 -1399 0
-502 -1438 0
-541 -580 0
-541 -619 0
-541 -658 0
-541 -697 0
-541 -736 0
-541 -775 0
-541 -814 0
-541 -853 0
-541 -892 0
-541 -931 0
-541 -970 0
-541 -1009 0
-541 -1048 0
-541 -1087 0
-541 -1126 0
-541 -1165 0
-541 -1204 0
-541 -1243 0
-541 -1282 0
-541 -1321 0
-541 -1360 0
-541 -1399 0
-541 -1438 0
-580 -619 0
-580 -658 0
-580 -697 0
-580 -736 0
-580 -775 0
-580 -814 0
-580 -853 0
-580 -892 0
-580 -931 0
-580 -970 0
-580 -1009 0
-580 -1048 0
-580 -1087 0
-580 -1126 0
-580 -1165 0
-580 -1204 0
-580 -1243 0
-580 -1282 0
-580 -1321 0
-580 -1360 0
-580 -1399 0
-580 -1438 0
-619 -658 0
-619 -697 0
-619 -736 0
-619 -775 0
-619 -814 0
-619 -853 0
-619 -892 0
-619 -931 0
-619 -970 0
-619 -1009 0
-619 -1048 0
-619 -1087 0
-619 -1126 0
-619 -1165 0
-619 -1204 0
-619 -1243 0
-619 -1282 0
-619 -1321 0
-619 -1360 0
-619 -1399 0
-619 -1438 0
-658 -697 0
-658 -736 0
-658 -775 0
-658 -814 0
-658 -853 0
-658 -892 0
-658 -931 0
-658 -970 0
-658 -1009 0
-658 -1048 0
-658 -1087 0
-658 -1126 0
-658 -1165 0
-658 -1204 0
-658 -1243 0
-658 -1282 0
-658 -1321 0
-658 -1360 0
-658 -1399 0
-658 -1438 0
-697 -736 0
-697 -775 0
-697 -814 0
-697 -853 0
-697 -892 0
-697 -931 0
-697 -970 0
-697 -1009 0
-697 -1048 0
-697 -1087 0
-697 -1126 0
-697 -1165 0
-697 -1204 0
-697 -1243 0
-697 -1282 0
-697 -1321 0
-697 -1360 0
-697 -1399 0
-697 -1438 0
-736 -775 0
-736 -814 0
-736 -853 0
-736 -892 0
-736 -931 0
-736 -970 0
-736 -1009 0
-736 -1048 0
-736 -1087 0
-736 -1126 0
-736 -1165 0
-736 -1204 0
-736 -1243 0
-736 -1282 0
-736 -1321 0
-736 -1360 0
-736 -1399 0
-736 -1438 0
-775 -814 0
-775 -853 0
-775 -892 0
-775 -931 0
-775 -970 0
-775 -1009 0
-775 -1048 0
-775 -1087 0
-775 -1126 0
-775 -1165 0
-775 -1204 0
-775 -1243 0
-775 -1282 0
-775 -1321 0
-775 -1360 0
-775 -1399 0
-775 -1438 0
-814 -853 0
-814 -892 0
-814 -931 0
-814 -970 0
-814 -1009 0
-814 -1048 0
-814 -1087 0
-814 -1126 0
-814 -1165 0
-814 -1204 0
-814 -1243 0
-814 -1282 0
-814 -1321 0
-814 -1360 0
-814 -1399 0
-814 -1438 0
-853 -892 0
-853 -931 0
-853 -970 0
-853 -1009 0
-853 -1048 0
-853 -1087 0
-853 -1126 0
-853 -1165 0
-853 -1204 0
-853 -1243 0
-853 -1282 0
-853 -1321 0
-853 -1360 0
-853 -1399 0
-853 -1438 0
-892 -931 0
-892 -970 0
-892 -1009 0
-892 -1048 0
-892 -1087 0
-892 -1126 0
-892 -1165 0
-892 -1204 0
-892 -1243 0
-892 -1282 0
-892 -1321 0
-892 -1360 0
-892 -1399 0
-892 -1438 0
-931 -970 0
-931 -1009 0
-931 -1048 0
-931 -1087 0
-931 -1126 0
-931 -1165 0
-931 -1204 0
-931 -1243 0
-931 -1282 0
-931 -1321 0
-931 -1360 0
-931 -1399 0
-931 -1438 0
-970 -1009 0
-970 -1048 0
-970 -1087 0
-970 -1126 0
-970 -1165 0
-970 -1204 0
-970 -1243 0
-970 -1282 0
-970 -1321 0
-970 -1360 0
-970 -1399 0
-970 -1438 0
-1009 -1048 0
-1009 -1087 0
-1009 -1126 0
-1009 -1165 0
-1009 -1204 0
-1009 -1243 0
-1009 -1282 0
-1009 -1321 0
-1009 -1360 0
-1009 -1399 0
-1009 -1438 0
-1048 -1087 0
-1048 -1126 0
-1048 -1165 0
-1048 -1204 0
-1048 -1243 0
-1048 -1282 0
-1048 -1321 0
-1048 -1360 0
-1048 -1399 0
-1048 -1438 0
-1087 -1126 0
-1087 -1165 0
-1087 -1204 0
-1087 -1243 0
-1087 -1282 0
-1087 -1321 0
-1087 -1360 0
-1087 -1399 0
-1087 -1438 0
-1126 -1165 0
-1126 -1204 0
-1126 -1243 0
-1126 -1282 0
-1126 -1321 0
-1126 -1360 0
-1126 -1399 0
-1126 -1438 0
-1165 -1204 0
-1165 -1243 0
-1165 -1282 0
-1165 -1321 0
-1165 -1360 0
-1165 -1399 0
-1165 -1438 0
-1204 -1243 0
-1204 -1282 0
-1204 -1321 0
-1204 -1360 0
-1204 -1399 0
-1204 -1438 0
-1243 -1282 0
-1243 -1321 0
-1243 -1360 0
-1243 -1399 0
-1243 -1438 0
-1282 -1321 0
-1282 -1360 0
-1282 -1399 0
-1282 -1438 0
-1321 -1360 0
-1321 -1399 0
-1321 -1438 0
-1360 -1399 0
-1360 -1438 0
-1399 -1438 0
-267 -306 0
-267 -345 0
-267 -384 0
-267 -423 0
-267 -462 0
-267 -501 0
-267 -540 0
-267 -579 0
-267 -618 0
-267 -657 0
-267 -696 0
-267 -735 0
-267 -774 0
-267 -813 0
-267 -852 0
-267 -891 0
-267 -930 0
-267 -969 0
-267 -1008 0
-267 -1047 0
-267 -1086 0
-267 -1125 0
-267 -1164 0
-267 -1203 0
-267 -1242 0
-267 -1281 0
-267 -1320 0
-267 -1359 0
-267 -1398 0
-267 -1437 0
-306 -345 0
-306 -384 0
-306 -423 0
-306 -462 0
-306 -501 0
-306 -540 0
-306 -579 0
-306 -618 0
-306 -657 0
-306 -696 0
-306 -735 0
-306 -774 0
-306 -813 0
-306 -852 0
-306 -891 0
-306 -930 0
-306 -969 0
-306 -1008 0
-306 -1047 0
-306 -1086 0
-306 -1125 0
-306 -1164 0
-306 -1203 0
-306 -1242 0
-306 -1281 0
-306 -1320 0
-306 -1359 0
-306 -1398 0
-306 -1437 0
-345 -384 0
-345 -423 0
-345 -462 0
-345 -501 0
-345 -540 0
-345 -579 0
-345 -618 0
-345 -657 0
-345 -696 0
-345 -735 0
-345 -774 0
-345 -813 0
-345 -852 0
-345 -891 0
-345 -930 0
-345 -969 0
-345 -1008 0
-345 -1047 0
-345 -1086 0
-345 -1125 0
-345 -1164 0
-345 -1203 0
-345 -1242 0
-345 -1281 0
-345 -1320 0
-345 -1359 0
-345 -1398 0
-345 -1437 0
-384 -423 0
-384 -462 0
-384 -501 0
-384 -540 0
-384 -579 0
-384 -618 0
-384 -657 0
-384 -696 0
-384 -735 0
-384 -774 0
-384 -813 0
-384 -852 0
-384 -891 0
-384 -930 0
-384 -969 0
-384 -1008 0
-384 -1047 0
-384 -1086 0
-384 -1125 0
-384 -1164 0
-384 -1203 0
-384 -1242 0
-384 -1281 0
-384 -1320 0
-384 -1359 0
-384 -1398 0
-384 -1437 0
-423 -462 0
-423 -501 0
-423 -540 0
-423 -579 0
-423 -618 0
-423 -657 0
-423 -696 0
-423 -735 0
-423 -774 0
-423 -813 0
-423 -852 0
-423 -891 0
-423 -930 0
-423 -969 0
-423 -1008 0
-423 -1047 0
-423 -1086 0
-423 -1125 0
-423 -1164 0
-423 -1203 0
-423 -1242 0
-423 -1281 0
-423 -1320 0
-423 -1359 0
-423 -1398 0
-423 -1437 0
-462 -501 0
-462 -540 0
-462 -579 0
-462 -618 0
-462 -657 0
-462 -696 0
-462 -735 0
-462 -774 0
-462 -813 0
-462 -852 0
-462 -891 0
-462 -930 0
-462 -969 0
-462 -1008 0
-462 -1047 0
-462 -1086 0
-462 -1125 0
-462 -1164 0
-462 -1203 0
-462 -1242 0
-462 -1281 0
-462 -1320 0
-462 -1359 0
-462 -1398 0
-462 -1437 0
-501 -540 0
-501 -579 0
-501 -618 0
-501 -657 0
-501 -696 0
-501 -735 0
-501 -774 0
-501 -813 0
-501 -852 0
-501 -891 0
-501 -930 0
-501 -969 0
-501 -1008 0
-501 -1047 0
-501 -1086 0
-501 -1125 0
-501 -1164 0
-501 -1203 0
-501 -1242 0
-501 -1281 0
-501 -1320 0
-501 -1359 0
-501 -1398 0
-501 -1437 0
-540 -579 0
-540 -618 0
-540 -657 0
-540 -696 0
-540 -735 0
-540 -774 0
-540 -813 0
-540 -852 0
-540 -891 0
-540 -930 0
-540 -969 0
-540 -1008 0
-540 -1047 0
-540 -1086 0
-540 -1125 0
-540 -1164 0
-540 -1203 0
-540 -1242 0
-540 -1281 0
-540 -1320 0
-540 -1359 0
-540 -1398 0
-540 -1437 0
-579 -618 0
-579 -657 0
-579 -696 0
-579 -735 0
-579 -774 0
-579 -813 0
-579 -852 0
-579 -891 0
-579 -930 0
-579 -969 0
-579 -1008 0
-579 -1047 0
-579 -1086 0
-579 -1125 0
-579 -1164 0
-579 -1203 0
-579 -1242 0
-579 -1281 0
-579 -1320 0
-579 -1359 0
-579 -1398 0
-579 -1437 0
-618 -657 0
-618 -696 0
-618 -735 0
-618 -774 0
-618 -813 0
-618 -852 0
-618 -891 0
-618 -930 0
-618 -969 0
-618 -1008 0
-618 -1047 0
-618 -1086 0
-618 -1125 0
-618 -1164 0
-618 -1203 0
-618 -1242 0
-618 -1281 0
-618 -1320 0
-618 -1359 0
-618 -1398 0
-618 -1437 0
-657 -696 0
-657 -735 0
-657 -774 0
-657 -813 0
-657 -852 0
-657 -891 0
-657 -930 0
-657 -969 0
-657 -1008 0
-657 -1047 0
-657 -1086 0
-657 -1125 0
-657 -1164 0
-657 -1203 0
-657 -1242 0
-657 -1281 0
-657 -1320 0
-657 -1359 0
-657 -1398 0
-657 -1437 0
-696 -735 0
-696 -774 0
-696 -813 0
-696 -852 0
-696 -891 0
-696 -930 0
-696 -969 0
-696 -1008 0
-696 -1047 0
-696 -1086 0
-696 -1125 0
-696 -1164 0
-696 -1203 0
-696 -1242 0
-696 -1281 0
-696 -1320 0
-696 -1359 0
-696 -1398 0
-696 -1437 0
-735 -774 0
-735 -813 0
-735 -852 0
-735 -891 0
-735 -930 0
-735 -969 0
-735 -1008 0
-735 -1047 0
-735 -1086 0
-735 -1125 0
-735 -1164 0
-735 -1203 0
-735 -1242 0
-735 -1281 0
-735 -1320 0
-735 -1359 0
-735 -1398 0
-735 -1437 0
-774 -813 0
-774 -852 0
-774 -891 0
-774 -930 0
-774 -969 0
-774 -1008 0
-774 -1047 0
-774 -1086 0
-774 -1125 0
-774 -1164 0
-774 -1203 0
-774 -1242 0
-774 -1281 0
-774 -1320 0
-774 -1359 0
-774 -1398 0
-774 -1437 0
-813 -852 0
-813 -891 0
-813 -930 0
-813 -969 0
-813 -1008 0
-813 -1047 0
-813 -1086 0
-813 -1125 0
-813 -1164 0
-813 -1203 0
-813 -1242 0
-813 -1281 0
-813 -1320 0
-813 -1359 0
-813 -1398 0
-813 -1437 0
-852 -891 0
-852 -930 0
-852 -969 0
-852 -1008 0
-852 -1047 0
-852 -1086 0
-852 -1125 0
-852 -1164 0
-852 -1203 0
-852 -1242 0
-852 -1281 0
-852 -1320 0
-852 -1359 0
-852 -1398 0
-852 -1437 0
-891 -930 0
-891 -969 0
-891 -1008 0
-891 -1047 0
-891 -1086 0
-891 -1125 0
-891 -1164 0
-891 -1203 0
-891 -1242 0
-891 -1281 0
-891 -1320 0
-891 -1359 0
-891 -1398 0
-891 -1437 0
-930 -969 0
-930 -1008 0
-930 -1047 0
-930 -1086 0
-930 -1125 0
-930 -1164 0
-930 -1203 0
-930 -1242 0
-930 -1281 0
-930 -1320 0
-930 -1359 0
-930 -1398 0
-930 -1437 0
-969 -1008 0
-969 -1047 0
-969 -1086 0
-969 -1125 0
-969 -1164 0
-969 -1203 0
-969 -1242 0
-969 -1281 0
-969 -1320 0
-969 -1359 0
-969 -1398 0
-969 -1437 0
-1008 -1047 0
-1008 -1086 0
-1008 -1125 0
-1008 -1164 0
-1008 -1203 0
-1008 -1242 0
-1008 -1281 0
-1008 -1320 0
-1008 -1359 0
-1008 -1398 0
-1008 -1437 0
-1047 -1086 0
-1047 -1125 0
-1047 -1164 0
-1047 -1203 0
-1047 -1242 0
-1047 -1281 0
-1047 -1320 0
-1047 -1359 0
-1047 -1398 0
-1047 -1437 0
-1086 -1125 0
-1086 -1164 0
-1086 -1203 0
-1086 -1242 0
-1086 -1281 0
-1086 -1320 0
-1086 -1359 0
-1086 -1398 0
-1086 -1437 0
-1125 -1164 0
-1125 -1203 0
-1125 -1242 0
-1125 -1281 0
-1125 -1320 0
-1125 -1359 0
-1125 -1398 0
-1125 -1437 0
-1164 -1203 0
-1164 -1242 0
-1164 -1281 0
-1164 -1320 0
-1164 -1359 0
-1164 -1398 0
-1164 -1437 0
-1203 -1242 0
-1203 -1281 0
-1203 -1320 0
-1203 -1359 0
-1203 -1398 0
-1203 -1437 0
-1242 -1281 0
-1242 -1320 0
-1242 -1359 0
-1242 -1398 0
-1242 -1437 0
-1281 -1320 0
-1281 -1359 0
-1281 -1398 0
-1281 -1437 0
-1320 -1359 0
-1320 -1398 0
-1320 -1437 0
-1359 -1398 0
-1359 -1437 0
-1398 -1437 0
-305 -344 0
-305 -383 0
-305 -422 0
-305 -461 0
-305 -500 0
-305 -539 0
-305 -578 0
-305 -617 0
-305 -656 0
-305 -695 0
-305 -734 0
-305 -773 0
-305 -812 0
-305 -851 0
-305 -890 0
-305 -929 0
-305 -968 0
-305 -1007 0
-305 -1046 0
-305 -1085 0
-305 -1124 0
-305 -1163 0
-305 -1202 0
-305 -1241 0
-305 -1280 0
-305 -1319 0
-305 -1358 0
-305 -1397 0
-305 -1436 0
-344 -383 0
-344 -422 0
-344 -461 0
-344 -500 0
-344 -539 0
-344 -578 0
-344 -617 0
-344 -656 0
-344 -695 0
-344 -734 0
-344 -773 0
-344 -812 0
-344 -851 0
-344 -890 0
-344 -929 0
-344 -968 0
-344 -1007 0
-344 -1046 0
-344 -1085 0
-344 -1124 0
-344 -1163 0
-344 -1202 0
-344 -1241 0
-344 -1280 0
-344 -1319 0
-344 -1358 0
-344 -1397 0
-344 -1436 0
-383 -422 0
-383 -461 0
-383 -500 0
-383 -539 0
-383 -578 0
-383 -617 0
-383 -656 0
-383 -695 0
-383 -734 0
-383 -773 0
-383 -812 0
-383 -851 0
-383 -890 0
-383 -929 0
-383 -968 0
-383 -1007 0
-383 -1046 0
-383 -1085 0
-383 -1124 0
-383 -1163 0
-383 -1202 0
-383 -1241 0
-383 -1280 0
-383 -1319 0
-383 -1358 0
-383 -1397 0
-383 -1436 0
-422 -461 0
-422 -500 0
-422 -539 0
-422 -578 0
-422 -617 0
-422 -656 0
-422 -695 0
-422 -734 0
-422 -773 0
-422 -812 0
-422 -851 0
-422 -890 0
-422 -929 0
-422 -968 0
-422 -1007 0
-422 -1046 0
-422 -1085 0
-422 -1124 0
-422 -1163 0
-422 -1202 0
-422 -1241 0
-422 -1280 0
-422 -1319 0
-422 -1358 0
-422 -1397 0
-422 -1436 0
-461 -500 0
-461 -539 0
-461 -578 0
-461 -617 0
-461 -656 0
-461 -695 0
-461 -734 0
-461 -773 0
-461 -812 0
-461 -851 0
-461 -890 0
-461 -929 0
-461 -968 0
-461 -1007 0
-461 -1046 0
-461 -1085 0
-461 -1124 0
-461 -1163 0
-461 -1202 0
-461 -1241 0
-461 -1280 0
-461 -1319 0
-461 -1358 0
-461 -1397 0
-461 -1436 0
-500 -539 0
-500 -578 0
-500 -617 0
-500 -656 0
-500 -695 0
-500 -734 0
-500 -773 0
-500 -812 0
-500 -851 0
-500 -890 0
-500 -929 0
-500 -968 0
-500 -1007 0
-500 -1046 0
-500 -1085 0
-500 -1124 0
-500 -1163 0
-500 -1202 0
-500 -1241 0
-500 -1280 0
-500 -1319 0
-500 -1358 0
-500 -1397 0
-500 -1436 0
-539 -578 0
-539 -617 0
-539 -656 0
-539 -695 0
-539 -734 0
-539 -773 0
-539 -812 0
-539 -851 0
-539 -890 0
-539 -929 0
-539 -968 0
-539 -1007 0
-539 -1046 0
-539 -1085 0
-539 -1124 0
-539 -1163 0
-539 -1202 0
-539 -1241 0
-539 -1280 0
-539 -1319 0
-539 -1358 0
-539 -1397 0
-539 -1436 0
-578 -617 0
-578 -656 0
-578 -695 0
-578 -734 0
-578 -773 0
-578 -812 0
-578 -851 0
-578 -890 0
-578 -929 0
-578 -968 0
-578 -1007 0
-578 -1046 0
-578 -1085 0
-578 -1124 0
-578 -1163 0
-578 -1202 0
-578 -1241 0
-578 -1280 0
-578 -1319 0
-578 -1358 0
-578 -1397 0
-578 -1436 0
-617 -656 0
-617 -695 0
-617 -734 0
-617 -773 0
-617 -812 0
-617 -851 0
-617 -890 0
-617 -929 0
-617 -968 0
-617 -1007 0
-617 -1046 0
-617 -1085 0
-617 -1124 0
-617 -1163 0
-617 -1202 0
-617 -1241 0
-617 -1280 0
-617 -1319 0
-617 -1358 0
-617 -1397 0
-617 -1436 0
-656 -695 0
-656 -734 0
-656 -773 0
-656 -812 0
-656 -851 0
-656 -890 0
-656 -929 0
-656 -968 0
-656 -1007 0
-656 -1046 0
-656 -1085 0
-656 -1124 0
-656 -1163 0
-656 -1202 0
-656 -1241 0
-656 -1280 0
-656 -1319 0
-656 -1358 0
-656 -1397 0
-656 -1436 0
-695 -734 0
-695 -773 0
-695 -812 0
-695 -851 0
-695 -890 0
-695 -929 0
-695 -968 0
-695 -1007 0
-695 -1046 0
-695 -1085 0
-695 -1124 0
-695 -1163 0
-695 -1202 0
-695 -1241 0
-695 -1280 0
-695 -1319 0
-695 -1358 0
-695 -1397 0
-695 -1436 0
-734 -773 0
-734 -812 0
-734 -851 0
-734 -890 0
-734 -929 0
-734 -968 0
-734 -1007 0
-734 -1046 0
-734 -1085 0
-734 -1124 0
-734 -1163 0
-734 -1202 0
-734 -1241 0
-734 -1280 0
-734 -1319 0
-734 -1358 0
-734 -1397 0
-734 -1436 0
-773 -812 0
-773 -851 0
-773 -890 0
-773 -929 0
-773 -968 0
-773 -1007 0
-773 -1046 0
-773 -1085 0
-773 -1124 0
-773 -1163 0
-773 -1202 0
-773 -1241 0
-773 -1280 0
-773 -1319 0
-773 -1358 0
-773 -1397 0
-773 -1436 0
-812 -851 0
-812 -890 0
-812 -929 0
-812 -968 0
-812 -1007 0
-812 -1046 0
-812 -1085 0
-812 -1124 0
-812 -1163 0
-812 -1202 0
-812 -1241 0
-812 -1280 0
-812 -1319 0
-812 -1358 0
-812 -1397 0
-812 -1436 0
-851 -890 0
-851 -929 0
-851 -968 0
-851 -1007 0
-851 -1046 0
-851 -1085 0
-851 -1124 0
-851 -1163 0
-851 -1202 0
-851 -1241 0
-851 -1280 0
-851 -1319 0
-851 -1358 0
-851 -1397 0
-851 -1436 0
-890 -929 0
-890 -968 0
-890 -1007 0
-890 -1046 0
-890 -1085 0
-890 -1124 0
-890 -1163 0
-890 -1202 0
-890 -1241 0
-890 -1280 0
-890 -1319 0
-890 -1358 0
-890 -1397 0
-890 -1436 0
-929 -968 0
-929 -1007 0
-929 -1046 0
-929 -1085 0
-929 -1124 0
-929 -1163 0
-929 -1202 0
-929 -1241 0
-929 -1280 0
-929 -1319 0
-929 -1358 0
-929 -1397 0
-929 -1436 0
-968 -1007 0
-968 -1046 0
-968 -1085 0
-968 -1124 0
-968 -1163 0
-968 -1202 0
-968 -1241 0
-968 -1280 0
-968 -1319 0
-968 -1358 0
-968 -1397 0
-968 -1436 0
-1007 -1046 0
-1007 -1085 0
-1007 -1124 0
-1007 -1163 0
-1007 -1202 0
-1007 -1241 0
-1007 -1280 0
-1007 -1319 0
-1007 -1358 0
-1007 -1397 0
-1007 -1436 0
-1046 -1085 0
-1046 -1124 0
-1046 -1163 0
-1046 -1202 0
-1046 -1241 0
-1046 -1280 0
-1046 -1319 0
-1046 -1358 0
-1046 -1397 0
-1046 -1436 0
-1085 -1124 0
-1085 -1163 0
-1085 -1202 0
-1085 -1241 0
-1085 -1280 0
-1085 -1319 0
-1085 -1358 0
-1085 -1397 0
-1085 -1436 0
-1124 -1163 0
-1124 -1202 0
-1124 -1241 0
-1124 -1280 0
-1124 -1319 0
-1124 -1358 0
-1124 -1397 0
-1124 -1436 0
-1163 -1202 0
-1163 -1241 0
-1163 -1280 0
-1163 -1319 0
-1163 -1358 0
-1163 -1397 0
-1163 -1436 0
-1202 -1241 0
-1202 -1280 0
-1202 -1319 0
-1202 -1358 0
-1202 -1397 0
-1202 -1436 0
-1241 -1280 0
-1241 -1319 0
-1241 -1358 0
-1241 -1397 0
-1241 -1436 0
-1280 -1319 0
-1280 -1358 0
-1280 -1397 0
-1280 -1436 0
-1319 -1358 0
-1319 -1397 0
-1319 -1436 0
-1358 -1397 0
-1358 -1436 0
-1397 -1436 0
-343 -382 0
-343 -421 0
-343 -460 0
-343 -499 0
-343 -538 0
-343 -577 0
-343 -616 0
-343 -655 0
-343 -694 0
-343 -733 0
-343 -772 0
-343 -811 0
-343 -850 0
-343 -889 0
-343 -928 0
-343 -967 0
-343 -1006 0
-343 -1045 0
-343 -1084 0
-343 -1123 0
-343 -1162 0
-343 -1201 0
-343 -1240 0
-343 -1279 0
-343 -1318 0
-343 -1357 0
-343 -1396 0
-343 -1435 0
-382 -421 0
-382 -460 0
-382 -499 0
-382 -538 0
-382 -577 0
-382 -616 0
-382 -655 0
-382 -694 0
-382 -733 0
-382 -772 0
-382 -811 0
-382 -850 0
-382 -889 0
-382 -928 0
-382 -967 0
-382 -1006 0
-382 -1045 0
-382 -1084 0
-382 -1123 0
-382 -1162 0
-382 -1201 0
-382 -1240 0
-382 -1279 0
-382 -1318 0
-382 -1357 0
-382 -1396 0
-382 -1435 0
-421 -460 0
-421 -499 0
-421 -538 0
-421 -577 0
-421 -616 0
-421 -655 0
-421 -694 0
-421 -733 0
-421 -772 0
-421 -811 0
-421 -850 0
-421 -889 0
-421 -928 0
-421 -967 0
-421 -1006 0
-421 -1045 0
-421 -1084 0
-421 -1123 0
-421 -1162 0
-421 -1201 0
-421 -1240 0
-421 -1279 0
-421 -1318 0
-421 -1357 0
-421 -1396 0
-421 -1435 0
-460 -499 0
-460 -538 0
-460 -577 0
-460 -616 0
-460 -655 0
-460 -694 0
-460 -733 0
-460 -772 0
-460 -811 0
-460 -850 0
-460 -889 0
-460 -928 0
-460 -967 0
-460 -1006 0
-460 -1045 0
-460 -1084 0
-460 -1123 0
-460 -1162 0
-460 -1201 0
-460 -1240 0
-460 -1279 0
-460 -1318 0
-460 -1357 0
-460 -1396 0
-460 -1435 0
-499 -538 0
-499 -577 0
-499 -616 0
-499 -655 0
-499 -694 0
-499 -733 0
-499 -772 0
-499 -811 0
-499 -850 0
-499 -889 0
-499 -928 0
-499 -967 0
-499 -1006 0
-499 -1045 0
-499 -1084 0
-499 -1123 0
-499 -1162 0
-499 -1201 0
-499 -1240 0
-499 -1279 0
-499 -1318 0
-499 -1357 0
-499 -1396 0
-499 -1435 0
-538 -577 0
-538 -616 0
-538 -655 0
-538 -694 0
-538 -733 0
-538 -772 0
-538 -811 0
-538 -850 0
-538 -889 0
-538 -928 0
-538 -967 0
-538 -1006 0
-538 -1045 0
-538 -1084 0
-538 -1123 0
-538 -1162 0
-538 -1201 0
-538 -1240 0
-538 -1279 0
-538 -1318 0
-538 -1357 0
-538 -1396 0
-538 -1435 0
-577 -616 0
-577 -655 0
-577 -694 0
-577 -733 0
-577 -772 0
-577 -811 0
-577 -850 0
-577 -889 0
-577 -928 0
-577 -967 0
-577 -1006 0
-577 -1045 0
-577 -1084 0
-577 -1123 0
-577 -1162 0
-577 -1201 0
-577 -1240 0
-577 -1279 0
-577 -1318 0
-577 -1357 0
-577 -1396 0
-577 -1435 0
-616 -655 0
-616 -694 0
-616 -733 0
-616 -772 0
-616 -811 0
-616 -850 0
-616 -889 0
-616 -928 0
-616 -967 0
-616 -1006 0
-616 -1045 0
-616 -1084 0
-616 -1123 0
-616 -1162 0
-616 -1201 0
-616 -1240 0
-616 -1279 0
-616 -1318 0
-616 -1357 0
-616 -1396 0
-616 -1435 0
-655 -694 0
-655 -733 0
-655 -772 0
-655 -811 0
-655 -850 0
-655 -889 0
-655 -928 0
-655 -967 0
-655 -1006 0
-655 -1045 0
-655 -1084 0
-655 -1123 0
-655 -1162 0
-655 -1201 0
-655 -1240 0
-655 -1279 0
-655 -1318 0
-655 -1357 0
-655 -1396 0
-655 -1435 0
-694 -733 0
-694 -772 0
-694 -811 0
-694 -850 0
-694 -889 0
-694 -928 0
-694 -967 0
-694 -1006 0
-694 -1045 0
-694 -1084 0
-694 -1123 0
-694 -1162 0
-694 -1201 0
-694 -1240 0
-694 -1279 0
-694 -1318 0
-694 -1357 0
-694 -1396 0
-694 -1435 0
-733 -772 0
-733 -811 0
-733 -850 0
-733 -889 0
-733 -928 0
-733 -967 0
-733 -1006 0
-733 -1045 0
-733 -1084 0
-733 -1123 0
-733 -1162 0
-733 -1201 0
-733 -1240 0
-733 -1279 0
-733 -1318 0
-733 -1357 0
-733 -1396 0
-733 -1435 0
-772 -811 0
-772 -850 0
-772 -889 0
-772 -928 0
-772 -967 0
-772 -1006 0
-772 -1045 0
-772 -1084 0
-772 -1123 0
-772 -1162 0
-772 -1201 0
-772 -1240 0
-772 -1279 0
-772 -1318 0
-772 -1357 0
-772 -1396 0
-772 -1435 0
-811 -850 0
-811 -889 0
-811 -928 0
-811 -967 0
-811 -1006 0
-811 -1045 0
-811 -1084 0
-811 -1123 0
-811 -1162 0
-811 -1201 0
-811 -1240 0
-811 -1279 0
-811 -1318 0
-811 -1357 0
-811 -1396 0
-811 -1435 0
-850 -889 0
-850 -928 0
-850 -967 0
-850 -1006 0
-850 -1045 0
-850 -1084 0
-850 -1123 0
-850 -1162 0
-850 -1201 0
-850 -1240 0
-850 -1279 0
-850 -1318 0
-850 -1357 0
-850 -1396 0
-850 -1435 0
-889 -928 0
-889 -967 0
-889 -1006 0
-889 -1045 0
-889 -1084 0
-889 -1123 0
-889 -1162 0
-889 -1201 0
-889 -1240 0
-889 -1279 0
-889 -1318 0
-889 -1357 0
-889 -1396 0
-889 -1435 0
-928 -967 0
-928 -1006 0
-928 -1045 0
-928 -1084 0
-928 -1123 0
-928 -1162 0
-928 -1201 0
-928 -1240 0
-928 -1279 0
-928 -1318 0
-928 -1357 0
-928 -1396 0
-928 -1435 0
-967 -1006 0
-967 -1045 0
-967 -1084 0
-967 -1123 0
-967 -1162 0
-967 -1201 0
-967 -1240 0
-967 -1279 0
-967 -1318 0
-967 -1357 0
-967 -1396 0
-967 -1435 0
-1006 -1045 0
-1006 -1084 0
-1006 -1123 0
-1006 -1162 0
-1006 -1201 0
-1006 -1240 0
-1006 -1279 0
-1006 -1318 0
-1006 -1357 0
-1006 -1396 0
-1006 -1435 0
-1045 -1084 0
-1045 -1123 0
-1045 -1162 0
-1045 -1201 0
-1045 -1240 0
-1045 -1279 0
-1045 -1318 0
-1045 -1357 0
-1045 -1396 0
-1045 -1435 0
-1084 -1123 0
-1084 -1162 0
-1084 -1201 0
-1084 -1240 0
-1084 -1279 0
-1084 -1318 0
-1084 -1357 0
-1084 -1396 0
-1084 -1435 0
-1123 -1162 0
-1123 -1201 0
-1123 -1240 0
-1123 -1279 0
-1123 -1318 0
-1123 -1357 0
-1123 -1396 0
-1123 -1435 0
-1162 -1201 0
-1162 -1240 0
-1162 -1279 0
-1162 -1318 0
-1162 -1357 0
-1162 -1396 0
-1162 -1435 0
-1201 -1240 0
-1201 -1279 0
-1201 -1318 0
-1201 -1357 0
-1201 -1396 0
-1201 -1435 0
-1240 -1279 0
-1240 -1318 0
-1240 -1357 0
-1240 -1396 0
-1240 -1435 0
-1279 -1318 0
-1279 -1357 0
-1279 -1396 0
-1279 -1435 0
-1318 -1357 0
-1318 -1396 0
-1318 -1435 0
-1357 -1396 0
-1357 -1435 0
-1396 -1435 0
-381 -420 0
-381 -459 0
-381 -498 0
-381 -537 0
-381 -576 0
-381 -615 0
-381 -654 0
-381 -693 0
-381 -732 0
-381 -771 0
-381 -810 0
-381 -849 0
-381 -888 0
-381 -927 0
-381 -966 0
-381 -1005 0
-381 -1044 0
-381 -1083 0
-381 -1122 0
-381 -1161 0
-381 -1200 0
-381 -1239 0
-381 -1278 0
-381 -1317 0
-381 -1356 0
-381 -1395 0
-381 -1434 0
-420 -459 0
-420 -498 0
-420 -537 0
-420 -576 0
-420 -615 0
-420 -654 0
-420 -693 0
-420 -732 0
-420 -771 0
-420 -810 0
-420 -849 0
-420 -888 0
-420 -927 0
-420 -966 0
-420 -1005 0
-420 -1044 0
-420 -1083 0
-420 -1122 0
-420 -1161 0
-420 -1200 0
-420 -1239 0
-420 -1278 0
-420 -1317 0
-420 -1356 0
-420 -1395 0
-420 -1434 0
-459 -498 0
-459 -537 0
-459 -576 0
-459 -615 0
-459 -654 0
-459 -693 0
-459 -732 0
-459 -771 0
-459 -810 0
-459 -849 0
-459 -888 0
-459 -927 0
-459 -966 0
-459 -1005 0
-459 -1044 0
-459 -1083 0
-459 -1122 0
-459 -1161 0
-459 -1200 0
-459 -1239 0
-459 -1278 0
-459 -1317 0
-459 -1356 0
-459 -1395 0
-459 -1434 0
-498 -537 0
-498 -576 0
-498 -615 0
-498 -654 0
-498 -693 0
-498 -732 0
-498 -771 0
-498 -810 0
-498 -849 0
-498 -888 0
-498 -927 0
-498 -966 0
-498 -1005 0
-498 -1044 0
-498 -1083 0
-498 -1122 0
-498 -1161 0
-498 -1200 0
-498 -1239 0
-498 -1278 0
-498 -1317 0
-498 -1356 0
-498 -1395 0
-498 -1434 0
-537 -576 0
-537 -615 0
-537 -654 0
-537 -693 0
-537 -732 0
-537 -771 0
-537 -810 0
-537 -849 0
-537 -888 0
-537 -927 0
-537 -966 0
-537 -1005 0
-537 -1044 0
-537 -1083 0
-537 -1122 0
-537 -1161 0
-537 -1200 0
-537 -1239 0
-537 -1278 0
-537 -1317 0
-537 -1356 0
-537 -1395 0
-537 -1434 0
-576 -615 0
-576 -654 0
-576 -693 0
-576 -732 0
-576 -771 0
-576 -810 0
-576 -849 0
-576 -888 0
-576 -927 0
-576 -966 0
-576 -1005 0
-576 -1044 0
-576 -1083 0
-576 -1122 0
-576 -1161 0
-576 -1200 0
-576 -1239 0
-576 -1278 0
-576 -1317 0
-576 -1356 0
-576 -1395 0
-576 -1434 0
-615 -654 0
-615 -693 0
-615 -732 0
-615 -771 0
-615 -810 0
-615 -849 0
-615 -888 0
-615 -927 0
-615 -966 0
-615 -1005 0
-615 -1044 0
-615 -1083 0
-615 -1122 0
-615 -1161 0
-615 -1200 0
-615 -1239 0
-615 -1278 0
-615 -1317 0
-615 -1356 0
-615 -1395 0
-615 -1434 0
-654 -693 0
-654 -732 0
-654 -771 0
-654 -810 0
-654 -849 0
-654 -888 0
-654 -927 0
-654 -966 0
-654 -1005 0
-654 -1044 0
-654 -1083 0
-654 -1122 0
-654 -1161 0
-654 -1200 0
-654 -1239 0
-654 -1278 0
-654 -1317 0
-654 -1356 0
-654 -1395 0
-654 -1434 0
-693 -732 0
-693 -771 0
-693 -810 0
-693 -849 0
-693 -888 0
-693 -927 0
-693 -966 0
-693 -1005 0
-693 -1044 0
-693 -1083 0
-693 -1122 0
-693 -1161 0
-693 -1200 0
-693 -1239 0
-693 -1278 0
-693 -1317 0
-693 -1356 0
-693 -1395 0
-693 -1434 0
-732 -771 0
-732 -810 0
-732 -849 0
-732 -888 0
-732 -927 0
-732 -966 0
-732 -1005 0
-732 -1044 0
-732 -1083 0
-732 -1122 0
-732 -1161 0
-732 -1200 0
-732 -1239 0
-732 -1278 0
-732 -1317 0
-732 -1356 0
-732 -1395 0
-732 -1434 0
-771 -810 0
-771 -849 0
-771 -888 0
-771 -927 0
-771 -966 0
-771 -1005 0
-771 -1044 0
-771 -1083 0
-771 -1122 0
-771 -1161 0
-771 -1200 0
-771 -1239 0
-771 -1278 0
-771 -1317 0
-771 -1356 0
-771 -1395 0
-771 -1434 0
-810 -849 0
-810 -888 0
-810 -927 0
-810 -966 0
-810 -1005 0
-810 -1044 0
-810 -1083 0
-810 -1122 0
-810 -1161 0
-810 -1200 0
-810 -1239 0
-810 -1278 0
-810 -1317 0
-810 -1356 0
-810 -1395 0
-810 -1434 0
-849 -888 0
-849 -927 0
-849 -966 0
-849 -1005 0
-849 -1044 0
-849 -1083 0
-849 -1122 0
-849 -1161 0
-849 -1200 0
-849 -1239 0
-849 -1278 0
-849 -1317 0
-849 -1356 0
-849 -1395 0
-849 -1434 0
-888 -927 0
-888 -966 0
-888 -1005 0
-888 -1044 0
-888 -1083 0
-888 -1122 0
-888 -1161 0
-888 -1200 0
-888 -1239 0
-888 -1278 0
-888 -1317 0
-888 -1356 0
-888 -1395 0
-888 -1434 0
-927 -966 0
-927 -1005 0
-927 -1044 0
-927 -1083 0
-927 -1122 0
-927 -1161 0
-927 -1200 0
-927 -1239 0
-927 -1278 0
-927 -1317 0
-927 -1356 0
-927 -1395 0
-927 -1434 0
-966 -1005 0
-966 -1044 0
-966 -1083 0
-966 -1122 0
-966 -1161 0
-966 -1200 0
-966 -1239 0
-966 -1278 0
-966 -1317 0
-966 -1356 0
-966 -1395 0
-966 -1434 0
-1005 -1044 0
-1005 -1083 0
-1005 -1122 0
-1005 -1161 0
-1005 -1200 0
-1005 -1239 0
-1005 -1278 0
-1005 -1317 0
-1005 -1356 0
-1005 -1395 0
-1005 -1434 0
-1044 -1083 0
-1044 -1122 0
-1044 -1161 0
-1044 -1200 0
-1044 -1239 0
-1044 -1278 0
-1044 -1317 0
-1044 -1356 0
-1044 -1395 0
-1044 -1434 0
-1083 -1122 0
-1083 -1161 0
-1083 -1200 0
-1083 -1239 0
-1083 -1278 0
-1083 -1317 0
-1083 -1356 0
-1083 -1395 0
-1083 -1434 0
-1122 -1161 0
-1122 -1200 0
-1122 -1239 0
-1122 -1278 0
-1122 -1317 0
-1122 -1356 0
-1122 -1395 0
-1122 -1434 0
-1161 -1200 0
-1161 -1239 0
-1161 -1278 0
-1161 -1317 0
-1161 -1356 0
-1161 -1395 0
-1161 -1434 0
-1200 -1239 0
-1200 -1278 0
-1200 -1317 0
-1200 -1356 0
-1200 -1395 0
-1200 -1434 0
-1239 -1278 0
-1239 -1317 0
-1239 -1356 0
-1239 -1395 0
-1239 -1434 0
-1278 -1317 0
-1278 -1356 0
-1278 -1395 0
-1278 -1434 0
-1317 -1356 0
-1317 -1395 0
-1317 -1434 0
-1356 -1395 0
-1356 -1434 0
-1395 -1434 0
-419 -458 0
-419 -497 0
-419 -536 0
-419 -575 0
-419 -614 0
-419 -653 0
-419 -692 0
-419 -731 0
-419 -770 0
-419 -809 0
-419 -848 0
-419 -887 0
-419 -926 0
-419 -965 0
-419 -1004 0
-419 -1043 0
-419 -1082 0
-419 -1121 0
-419 -1160 0
-419 -1199 0
-419 -1238 0
-419 -1277 0
-419 -1316 0
-419 -1355 0
-419 -1394 0
-419 -1433 0
-458 -497 0
-458 -536 0
-458 -575 0
-458 -614 0
-458 -653 0
-458 -692 0
-458 -731 0
-458 -770 0
-458 -809 0
-458 -848 0
-458 -887 0
-458 -926 0
-458 -965 0
-458 -1004 0
-458 -1043 0
-458 -1082 0
-458 -1121 0
-458 -1160 0
-458 -1199 0
-458 -1238 0
-458 -1277 0
-458 -1316 0
-458 -1355 0
-458 -1394 0
-458 -1433 0
-497 -536 0
-497 -575 0
-497 -614 0
-497 -653 0
-497 -692 0
-497 -731 0
-497 -770 0
-497 -809 0
-497 -848 0
-497 -887 0
-497 -926 0
-497 -965 0
-497 -1004 0
-497 -1043 0
-497 -1082 0
-497 -1121 0
-497 -1160 0
-497 -1199 0
-497 -1238 0
-497 -1277 0
-497 -1316 0
-497 -1355 0
-497 -1394 0
-497 -1433 0
-536 -575 0
-536 -614 0
-536 -653 0
-536 -692 0
-536 -731 0
-536 -770 0
-536 -809 0
-536 -848 0
-536 -887 0
-536 -926 0
-536 -965 0
-536 -1004 0
-536 -1043 0
-536 -1082 0
-536 -1121 0
-536 -1160 0
-536 -1199 0
-536 -1238 0
-536 -1277 0
-536 -1316 0
-536 -1355 0
-536 -1394 0
-536 -1433 0
-575 -614 0
-575 -653 0
-575 -692 0
-575 -731 0
-575 -770 0
-575 -809 0
-575 -848 0
-575 -887 0
-575 -926 0
-575 -965 0
-575 -1004 0
-575 -1043 0
-575 -1082 0
-575 -1121 0
-575 -1160 0
-575 -1199 0
-575 -1238 0
-575 -1277 0
-575 -1316 0
-575 -1355 0
-575 -1394 0
-575 -1433 0
-614 -653 0
-614 -692 0
-614 -731 0
-614 -770 0
-614 -809 0
-614 -848 0
-614 -887 0
-614 -926 0
-614 -965 0
-614 -1004 0
-614 -1043 0
-614 -1082 0
-614 -1121 0
-614 -1160 0
-614 -1199 0
-614 -1238 0
-614 -1277 0
-614 -1316 0
-614 -1355 0
-614 -1394 0
-614 -1433 0
-653 -692 0
-653 -731 0
-653 -770 0
-653 -809 0
-653 -848 0
-653 -887 0
-653 -926 0
-653 -965 0
-653 -1004 0
-653 -1043 0
-653 -1082 0
-653 -1121 0
-653 -1160 0
-653 -1199 0
-653 -1238 0
-653 -1277 0
-653 -1316 0
-653 -1355 0
-653 -1394 0
-653 -1433 0
-692 -731 0
-692 -770 0
-692 -809 0
-692 -848 0
-692 -887 0
-692 -926 0
-692 -965 0
-692 -1004 0
-692 -1043 0
-692 -1082 0
-692 -1121 0
-692 -1160 0
-692 -1199 0
-692 -1238 0
-692 -1277 0
-692 -1316 0
-692 -1355 0
-692 -1394 0
-692 -1433 0
-731 -770 0
-731 -809 0
-731 -848 0
-731 -887 0
-731 -926 0
-731 -965 0
-731 -1004 0
-731 -1043 0
-731 -1082 0
-731 -1121 0
-731 -1160 0
-731 -1199 0
-731 -1238 0
-731 -1277 0
-731 -1316 0
-731 -1355 0
-731 -1394 0
-731 -1433 0
-770 -809 0
-770 -848 0
-770 -887 0
-770 -926 0
-770 -965 0
-770 -1004 0
-770 -1043 0
-770 -1082 0
-770 -1121 0
-770 -1160 0
-770 -1199 0
-770 -1238 0
-770 -1277 0
-770 -1316 0
-770 -1355 0
-770 -1394 0
-770 -1433 0
-809 -848 0
-809 -887 0
-809 -926 0
-809 -965 0
-809 -1004 0
-809 -1043 0
-809 -1082 0
-809 -1121 0
-809 -1160 0
-809 -1199 0
-809 -1238 0
-809 -1277 0
-809 -1316 0
-809 -1355 0
-809 -1394 0
-809 -1433 0
-848 -887 0
-848 -926 0
-848 -965 0
-848 -1004 0
-848 -1043 0
-848 -1082 0
-848 -1121 0
-848 -1160 0
-848 -1199 0
-848 -1238 0
-848 -1277 0
-848 -1316 0
-848 -1355 0
-848 -1394 0
-848 -1433 0
-887 -926 0
-887 -965 0
-887 -1004 0
-887 -1043 0
-887 -1082 0
-887 -1121 0
-887 -1160 0
-887 -1199 0
-887 -1238 0
-887 -1277 0
-887 -1316 0
-887 -1355 0
-887 -1394 0
-887 -1433 0
-926 -965 0
-926 -1004 0
-926 -1043 0
-926 -1082 0
-926 -1121 0
-926 -1160 0
-926 -1199 0
-926 -1238 0
-926 -1277 0
-926 -1316 0
-926 -1355 0
-926 -1394 0
-926 -1433 0
-965 -1004 0
-965 -1043 0
-965 -1082 0
-965 -1121 0
-965 -1160 0
-965 -1199 0
-965 -1238 0
-965 -1277 0
-965 -1316 0
-965 -1355 0
-965 -1394 0
-965 -1433 0
-1004 -1043 0
-1004 -1082 0
-1004 -1121 0
-1004 -1160 0
-1004 -1199 0
-1004 -1238 0
-1004 -1277 0
-1004 -1316 0
-1004 -1355 0
-1004 -1394 0
-1004 -1433 0
-1043 -1082 0
-1043 -1121 0
-1043 -1160 0
-1043 -1199 0
-1043 -1238 0
-1043 -1277 0
-1043 -1316 0
-1043 -1355 0
-1043 -1394 0
-1043 -1433 0
-1082 -1121 0
-1082 -1160 0
-1082 -1199 0
-1082 -1238 0
-1082 -1277 0
-1082 -1316 0
-1082 -1355 0
-1082 -1394 0
-1082 -1433 0
-1121 -1160 0
-1121 -1199 0
-1121 -1238 0
-1121 -1277 0
-1121 -1316 0
-1121 -1355 0
-1121 -1394 0
-1121 -1433 0
-1160 -1199 0
-1160 -1238 0
-1160 -1277 0
-1160 -1316 0
-1160 -1355 0
-1160 -1394 0
-1160 -1433 0
-1199 -1238 0
-1199 -1277 0
-1199 -1316 0
-1199 -1355 0
-1199 -1394 0
-1199 -1433 0
-1238 -1277 0
-1238 -1316 0
-1238 -1355 0
-1238 -1394 0
-1238 -1433 0
-1277 -1316 0
-1277 -1355 0
-1277 -1394 0
-1277 -1433 0
-1316 -1355 0
-1316 -1394 0
-1316 -1433 0
-1355 -1394 0
-1355 -1433 0
-1394 -1433 0
-457 -496 0
-457 -535 0
-457 -574 0
-457 -613 0
-457 -652 0
-457 -691 0
-457 -730 0
-457 -769 0
-457 -808 0
-457 -847 0
-457 -886 0
-457 -925 0
-457 -964 0
-457 -1003 0
-457 -1042 0
-457 -1081 0
-457 -1120 0
-457 -1159 0
-457 -1198 0
-457 -1237 0
-457 -1276 0
-457 -1315 0
-457 -1354 0
-457 -1393 0
-457 -1432 0
-496 -535 0
-496 -574 0
-496 -613 0
-496 -652 0
-496 -691 0
-496 -730 0
-496 -769 0
-496 -808 0
-496 -847 0
-496 -886 0
-496 -925 0
-496 -964 0
-496 -1003 0
-496 -1042 0
-496 -1081 0
-496 -1120 0
-496 -1159 0
-496 -1198 0
-496 -1237 0
-496 -1276 0
-496 -1315 0
-496 -1354 0
-496 -1393 0
-496 -1432 0
-535 -574 0
-535 -613 0
-535 -652 0
-535 -691 0
-535 -730 0
-535 -769 0
-535 -808 0
-535 -847 0
-535 -886 0
-535 -925 0
-535 -964 0
-535 -1003 0
-535 -1042 0
-535 -1081 0
-535 -1120 0
-535 -1159 0
-535 -1198 0
-535 -1237 0
-535 -1276 0
-535 -1315 0
-535 -1354 0
-535 -1393 0
-535 -1432 0
-574 -613 0
-574 -652 0
-574 -691 0
-574 -730 0
-574 -769 0
-574 -808 0
-574 -847 0
-574 -886 0
-574 -925 0
-574 -964 0
-574 -1003 0
-574 -1042 0
-574 -1081 0
-574 -1120 0
-574 -1159 0
-574 -1198 0
-574 -1237 0
-574 -1276 0
-574 -1315 0
-574 -1354 0
-574 -1393 0
-574 -1432 0
-613 -652 0
-613 -691 0
-613 -730 0
-613 -769 0
-613 -808 0
-613 -847 0
-613 -886 0
-613 -925 0
-613 -964 0
-613 -1003 0
-613 -1042 0
-613 -1081 0
-613 -1120 0
-613 -1159 0
-613 -1198 0
-613 -1237 0
-613 -1276 0
-613 -1315 0
-613 -1354 0
-613 -1393 0
-613 -1432 0
-652 -691 0
-652 -730 0
-652 -769 0
-652 -808 0
-652 -847 0
-652 -886 0
-652 -925 0
-652 -964 0
-652 -1003 0
-652 -1042 0
-652 -1081 0
-652 -1120 0
-652 -1159 0
-652 -1198 0
-652 -1237 0
-652 -1276 0
-652 -1315 0
-652 -1354 0
-652 -1393 0
-652 -1432 0
-691 -730 0
-691 -769 0
-691 -808 0
-691 -847 0
-691 -886 0
-691 -925 0
-691 -964 0
-691 -1003 0
-691 -1042 0
-691 -1081 0
-691 -1120 0
-691 -1159 0
-691 -1198 0
-691 -1237 0
-691 -1276 0
-691 -1315 0
-691 -1354 0
-691 -1393 0
-691 -1432 0
-730 -769 0
-730 -808 0
-730 -847 0
-730 -886 0
-730 -925 0
-730 -964 0
-730 -1003 0
-730 -1042 0
-730 -1081 0
-730 -1120 0
-730 -1159 0
-730 -1198 0
-730 -1237 0
-730 -1276 0
-730 -1315 0
-730 -1354 0
-730 -1393 0
-730 -1432 0
-769 -808 0
-769 -847 0
-769 -886 0
-769 -925 0
-769 -964 0
-769 -1003 0
-769 -1042 0
-769 -1081 0
-769 -1120 0
-769 -1159 0
-769 -1198 0
-769 -1237 0
-769 -1276 0
-769 -1315 0
-769 -1354 0
-769 -1393 0
-769 -1432 0
-808 -847 0
-808 -886 0
-808 -925 0
-808 -964 0
-808 -1003 0
-808 -1042 0
-808 -1081 0
-808 -1120 0
-808 -1159 0
-808 -1198 0
-808 -1237 0
-808 -1276 0
-808 -1315 0
-808 -1354 0
-808 -1393 0
-808 -1432 0
-847 -886 0
-847 -925 0
-847 -964 0
-847 -1003 0
-847 -1042 0
-847 -1081 0
-847 -1120 0
-847 -1159 0
-847 -1198 0
-847 -1237 0
-847 -1276 0
-847 -1315 0
-847 -1354 0
-847 -1393 0
-847 -1432 0
-886 -925 0
-886 -964 0
-886 -1003 0
-886 -1042 0
-886 -1081 0
-886 -1120 0
-886 -1159 0
-886 -1198 0
-886 -1237 0
-886 -1276 0
-886 -1315 0
-886 -1354 0
-886 -1393 0
-886 -1432 0
-925 -964 0
-925 -1003 0
-925 -1042 0
-925 -1081 0
-925 -1120 0
-925 -1159 0
-925 -1198 0
-925 -1237 0
-925 -1276 0
-925 -1315 0
-925 -1354 0
-925 -1393 0
-925 -1432 0
-964 -1003 0
-964 -1042 0
-964 -1081 0
-964 -1120 0
-964 -1159 0
-964 -1198 0
-964 -1237 0
-964 -1276 0
-964 -1315 0
-964 -1354 0
-964 -1393 0
-964 -1432 0
-1003 -1042 0
-1003 -1081 0
-1003 -1120 0
-1003 -1159 0
-1003 -1198 0
-1003 -1237 0
-1003 -1276 0
-1003 -1315 0
-1003 -1354 0
-1003 -1393 0
-1003 -1432 0
-1042 -1081 0
-1042 -1120 0
-1042 -1159 0
-1042 -1198 0
-1042 -1237 0
-1042 -1276 0
-1042 -1315 0
-1042 -1354 0
-1042 -1393 0
-1042 -1432 0
-1081 -1120 0
-1081 -1159 0
-1081 -1198 0
-1081 -1237 0
-1081 -1276 0
-1081 -1315 0
-1081 -1354 0
-1081 -1393 0
-1081 -1432 0
-1120 -1159 0
-1120 -1198 0
-1120 -1237 0
-1120 -1276 0
-1120 -1315 0
-1120 -1354 0
-1120 -1393 0
-1120 -1432 0
-1159 -1198 0
-1159 -1237 0
-1159 -1276 0
-1159 -1315 0
-1159 -1354 0
-1159 -1393 0
-1159 -1432 0
-1198 -1237 0
-1198 -1276 0
-1198 -1315 0
-1198 -1354 0
-1198 -1393 0
-1198 -1432 0
-1237 -1276 0
-1237 -1315 0
-1237 -1354 0
-1237 -1393 0
-1237 -1432 0
-1276 -1315 0
-1276 -1354 0
-1276 -1393 0
-1276 -1432 0
-1315 -1354 0
-1315 -1393 0
-1315 -1432 0
-1354 -1393 0
-1354 -1432 0
-1393 -1432 0
-495 -534 0
-495 -573 0
-495 -612 0
-495 -651 0
-495 -690 0
-495 -729 0
-495 -768 0
-495 -807 0
-495 -846 0
-495 -885 0
-495 -924 0
-495 -963 0
-495 -1002 0
-495 -1041 0
-495 -1080 0
-495 -1119 0
-495 -1158 0
-495 -1197 0
-495 -1236 0
-495 -1275 0
-495 -1314 0
-495 -1353 0
-495 -1392 0
-495 -1431 0
-534 -573 0
-534 -612 0
-534 -651 0
-534 -690 0
-534 -729 0
-534 -768 0
-534 -807 0
-534 -846 0
-534 -885 0
-534 -924 0
-534 -963 0
-534 -1002 0
-534 -1041 0
-534 -1080 0
-534 -1119 0
-534 -1158 0
-534 -1197 0
-534 -1236 0
-534 -1275 0
-534 -1314 0
-534 -1353 0
-534 -1392 0
-534 -1431 0
-573 -612 0
-573 -651 0
-573 -690 0
-573 -729 0
-573 -768 0
-573 -807 0
-573 -846 0
-573 -885 0
-573 -924 0
-573 -963 0
-573 -1002 0
-573 -1041 0
-573 -1080 0
-573 -1119 0
-573 -1158 0
-573 -1197 0
-573 -1236 0
-573 -1275 0
-573 -1314 0
-573 -1353 0
-573 -1392 0
-573 -1431 0
-612 -651 0
-612 -690 0
-612 -729 0
-612 -768 0
-612 -807 0
-612 -846 0
-612 -885 0
-612 -924 0
-612 -963 0
-612 -1002 0
-612 -1041 0
-612 -1080 0
-612 -1119 0
-612 -1158 0
-612 -1197 0
-612 -1236 0
-612 -1275 0
-612 -1314 0
-612 -1353 0
-612 -1392 0
-612 -1431 0
-651 -690 0
-651 -729 0
-651 -768 0
-651 -807 0
-651 -846 0
-651 -885 0
-651 -924 0
-651 -963 0
-651 -1002 0
-651 -1041 0
-651 -1080 0
-651 -1119 0
-651 -1158 0
-651 -1197 0
-651 -1236 0
-651 -1275 0
-651 -1314 0
-651 -1353 0
-651 -1392 0
-651 -1431 0
-690 -729 0
-690 -768 0
-690 -807 0
-690 -846 0
-690 -885 0
-690 -924 0
-690 -963 0
-690 -1002 0
-690 -1041 0
-690 -1080 0
-690 -1119 0
-690 -1158 0
-690 -1197 0
-690 -1236 0
-690 -1275 0
-690 -1314 0
-690 -1353 0
-690 -1392 0
-690 -1431 0
-729 -768 0
-729 -807 0
-729 -846 0
-729 -885 0
-729 -924 0
-729 -963 0
-729 -1002 0
-729 -1041 0
-729 -1080 0
-729 -1119 0
-729 -1158 0
-729 -1197 0
-729 -1236 0
-729 -1275 0
-729 -1314 0
-729 -1353 0
-729 -1392 0
-729 -1431 0
-768 -807 0
-768 -846 0
-768 -885 0
-768 -924 0
-768 -963 0
-768 -1002 0
-768 -1041 0
-768 -1080 0
-768 -1119 0
-768 -1158 0
-768 -1197 0
-768 -1236 0
-768 -1275 0
-768 -1314 0
-768 -1353 0
-768 -1392 0
-768 -1431 0
-807 -846 0
-807 -885 0
-807 -924 0
-807 -963 0
-807 -1002 0
-807 -1041 0
-807 -1080 0
-807 -1119 0
-807 -1158 0
-807 -1197 0
-807 -1236 0
-807 -1275 0
-807 -1314 0
-807 -1353 0
-807 -1392 0
-807 -1431 0
-846 -885 0
-846 -924 0
-846 -963 0
-846 -1002 0
-846 -1041 0
-846 -1080 0
-846 -1119 0
-846 -1158 0
-846 -1197 0
-846 -1236 0
-846 -1275 0
-846 -1314 0
-846 -1353 0
-846 -1392 0
-846 -1431 0
-885 -924 0
-885 -963 0
-885 -1002 0
-885 -1041 0
-885 -1080 0
-885 -1119 0
-885 -1158 0
-885 -1197 0
-885 -1236 0
-885 -1275 0
-885 -1314 0
-885 -1353 0
-885 -1392 0
-885 -1431 0
-924 -963 0
-924 -1002 0
-924 -1041 0
-924 -1080 0
-924 -1119 0
-924 -1158 0
-924 -1197 0
-924 -1236 0
-924 -1275 0
-924 -1314 0
-924 -1353 0
-924 -1392 0
-924 -1431 0
-963 -1002 0
-963 -1041 0
-963 -1080 0
-963 -1119 0
-963 -1158 0
-963 -1197 0
-963 -1236 0
-963 -1275 0
-963 -1314 0
-963 -1353 0
-963 -1392 0
-963 -1431 0
-1002 -1041 0
-1002 -1080 0
-1002 -1119 0
-1002 -1158 0
-1002 -1197 0
-1002 -1236 0
-1002 -1275 0
-1002 -1314 0
-1002 -1353 0
-1002 -1392 0
-1002 -1431 0
-1041 -1080 0
-1041 -1119 0
-1041 -1158 0
-1041 -1197 0
-1041 -1236 0
-1041 -1275 0
-1041 -1314 0
-1041 -1353 0
-1041 -1392 0
-1041 -1431 0
-1080 -1119 0
-1080 -1158 0
-1080 -1197 0
-1080 -1236 0
-1080 -1275 0
-1080 -1314 0
-1080 -1353 0
-1080 -1392 0
-1080 -1431 0
-1119 -1158 0
-1119 -1197 0
-1119 -1236 0
-1119 -1275 0
-1119 -1314 0
-1119 -1353 0
-1119 -1392 0
-1119 -1431 0
-1158 -1197 0
-1158 -1236 0
-1158 -1275 0
-1158 -1314 0
-1158 -1353 0
-1158 -1392 0
-1158 -1431 0
-1197 -1236 0
-1197 -1275 0
-1197 -1314 0
-1197 -1353 0
-1197 -1392 0
-1197 -1431 0
-1236 -1275 0
-1236 -1314 0
-1236 -1353 0
-1236 -1392 0
-1236 -1431 0
-1275 -1314 0
-1275 -1353 0
-1275 -1392 0
-1275 -1431 0
-1314 -1353 0
-1314 -1392 0
-1314 -1431 0
-1353 -1392 0
-1353 -1431 0
-1392 -1431 0
-533 -572 0
-533 -611 0
-533 -650 0
-533 -689 0
-533 -728 0
-533 -767 0
-533 -806 0
-533 -845 0
-533 -884 0
-533 -923 0
-533 -962 0
-533 -1001 0
-533 -1040 0
-533 -1079 0
-533 -1118 0
-533 -1157 0
-533 -1196 0
-533 -1235 0
-533 -1274 0
-533 -1313 0
-533 -1352 0
-533 -1391 0
-533 -1430 0
-572 -611 0
-572 -650 0
-572 -689 0
-572 -728 0
-572 -767 0
-572 -806 0
-572 -845 0
-572 -884 0
-572 -923 0
-572 -962 0
-572 -1001 0
-572 -1040 0
-572 -1079 0
-572 -1118 0
-572 -1157 0
-572 -1196 0
-572 -1235 0
-572 -1274 0
-572 -1313 0
-572 -1352 0
-572 -1391 0
-572 -1430 0
-611 -650 0
-611 -689 0
-611 -728 0
-611 -767 0
-611 -806 0
-611 -845 0
-611 -884 0
-611 -923 0
-611 -962 0
-611 -1001 0
-611 -1040 0
-611 -1079 0
-611 -1118 0
-611 -1157 0
-611 -1196 0
-611 -1235 0
-611 -1274 0
-611 -1313 0
-611 -1352 0
-611 -1391 0
-611 -1430 0
-650 -689 0
-650 -728 0
-650 -767 0
-650 -806 0
-650 -845 0
-650 -884 0
-650 -923 0
-650 -962 0
-650 -1001 0
-650 -1040 0
-650 -1079 0
-650 -1118 0
-650 -1157 0
-650 -1196 0
-650 -1235 0
-650 -1274 0
-650 -1313 0
-650 -1352 0
-650 -1391 0
-650 -1430 0
-689 -728 0
-689 -767 0
-689 -806 0
-689 -845 0
-689 -884 0
-689 -923 0
-689 -962 0
-689 -1001 0
-689 -1040 0
-689 -1079 0
-689 -1118 0
-689 -1157 0
-689 -1196 0
-689 -1235 0
-689 -1274 0
-689 -1313 0
-689 -1352 0
-689 -1391 0
-689 -1430 0
-728 -767 0
-728 -806 0
-728 -845 0
-728 -884 0
-728 -923 0
-728 -962 0
-728 -1001 0
-728 -1040 0
-728 -1079 0
-728 -1118 0
-728 -1157 0
-728 -1196 0
-728 -1235 0
-728 -1274 0
-728 -1313 0
-728 -1352 0
-728 -1391 0
-728 -1430 0
-767 -806 0
-767 -845 0
-767 -884 0
-767 -923 0
-767 -962 0
-767 -1001 0
-767 -1040 0
-767 -1079 0
-767 -1118 0
-767 -1157 0
-767 -1196 0
-767 -1235 0
-767 -1274 0
-767 -1313 0
-767 -1352 0
-767 -1391 0
-767 -1430 0
-806 -845 0
-806 -884 0
-806 -923 0
-806 -962 0
-806 -1001 0
-806 -1040 0
-806 -1079 0
-806 -1118 0
-806 -1157 0
-806 -1196 0
-806 -1235 0
-806 -1274 0
-806 -1313 0
-806 -1352 0
-806 -1391 0
-806 -1430 0
-845 -884 0
-845 -923 0
-845 -962 0
-845 -1001 0
-845 -1040 0
-845 -1079 0
-845 -1118 0
-845 -1157 0
-845 -1196 0
-845 -1235 0
-845 -1274 0
-845 -1313 0
-845 -1352 0
-845 -1391 0
-845 -1430 0
-884 -923 0
-884 -962 0
-884 -1001 0
-884 -1040 0
-884 -1079 0
-884 -1118 0
-884 -1157 0
-884 -1196 0
-884 -1235 0
-884 -1274 0
-884 -1313 0
-884 -1352 0
-884 -1391 0
-884 -1430 0
-923 -962 0
-923 -1001 0
-923 -1040 0
-923 -1079 0
-923 -1118 0
-923 -1157 0
-923 -1196 0
-923 -1235 0
-923 -1274 0
-923 -1313 0
-923 -1352 0
-923 -1391 0
-923 -1430 0
-962 -1001 0
-962 -1040 0
-962 -1079 0
-962 -1118 0
-962 -1157 0
-962 -1196 0
-962 -1235 0
-962 -1274 0
-962 -1313 0
-962 -1352 0
-962 -1391 0
-962 -1430 0
-1001 -1040 0
-1001 -1079 0
-1001 -1118 0
-1001 -1157 0
-1001 -1196 0
-1001 -1235 0
-1001 -1274 0
-1001 -1313 0
-1001 -1352 0
-1001 -1391 0
-1001 -1430 0
-1040 -1079 0
-1040 -1118 0
-1040 -1157 0
-1040 -1196 0
-1040 -1235 0
-1040 -1274 0
-1040 -1313 0
-1040 -1352 0
-1040 -1391 0
-1040 -1430 0
-1079 -1118 0
-1079 -1157 0
-1079 -1196 0
-1079 -1235 0
-1079 -1274 0
-1079 -1313 0
-1079 -1352 0
-1079 -1391 0
-1079 -1430 0
-1118 -1157 0
-1118 -1196 0
-1118 -1235 0
-1118 -1274 0
-1118 -1313 0
-1118 -1352 0
-1118 -1391 0
-1118 -1430 0
-1157 -1196 0
-1157 -1235 0
-1157 -1274 0
-1157 -1313 0
-1157 -1352 0
-1157 -1391 0
-1157 -1430 0
-1196 -1235 0
-1196 -1274 0
-1196 -1313 0
-1196 -1352 0
-1196 -1391 0
-1196 -1430 0
-1235 -1274 0
-1235 -1313 0
-1235 -1352 0
-1235 -1391 0
-1235 -1430 0
-1274 -1313 0
-1274 -1352 0
-1274 -1391 0
-1274 -1430 0
-1313 -1352 0
-1313 -1391 0
-1313 -1430 0
-1352 -1391 0
-1352 -1430 0
-1391 -1430 0
-571 -610 0
-571 -649 0
-571 -688 0
-571 -727 0
-571 -766 0
-571 -805 0
-571 -844 0
-571 -883 0
-571 -922 0
-571 -961 0
-571 -1000 0
-571 -1039 0
-571 -1078 0
-571 -1117 0
-571 -1156 0
-571 -1195 0
-571 -1234 0
-571 -1273 0
-571 -1312 0
-571 -1351 0
-571 -1390 0
-571 -1429 0
-610 -649 0
-610 -688 0
-610 -727 0
-610 -766 0
-610 -805 0
-610 -844 0
-610 -883 0
-610 -922 0
-610 -961 0
-610 -1000 0
-610 -1039 0
-610 -1078 0
-610 -1117 0
-610 -1156 0
-610 -1195 0
-610 -1234 0
-610 -1273 0
-610 -1312 0
-610 -1351 0
-610 -1390 0
-610 -1429 0
-649 -688 0
-649 -727 0
-649 -766 0
-649 -805 0
-649 -844 0
-649 -883 0
-649 -922 0
-649 -961 0
-649 -1000 0
-649 -1039 0
-649 -1078 0
-649 -1117 0
-649 -1156 0
-649 -1195 0
-649 -1234 0
-649 -1273 0
-649 -1312 0
-649 -1351 0
-649 -1390 0
-649 -1429 0
-688 -727 0
-688 -766 0
-688 -805 0
-688 -844 0
-688 -883 0
-688 -922 0
-688 -961 0
-688 -1000 0
-688 -1039 0
-688 -1078 0
-688 -1117 0
-688 -1156 0
-688 -1195 0
-688 -1234 0
-688 -1273 0
-688 -1312 0
-688 -1351 0
-688 -1390 0
-688 -1429 0
-727 -766 0
-727 -805 0
-727 -844 0
-727 -883 0
-727 -922 0
-727 -961 0
-727 -1000 0
-727 -1039 0
-727 -1078 0
-727 -1117 0
-727 -1156 0
-727 -1195 0
-727 -1234 0
-727 -1273 0
-727 -1312 0
-727 -1351 0
-727 -1390 0
-727 -1429 0
-766 -805 0
-766 -844 0
-766 -883 0
-766 -922 0
-766 -961 0
-766 -1000 0
-766 -1039 0
-766 -1078 0
-766 -1117 0
-766 -1156 0
-766 -1195 0
-766 -1234 0
-766 -1273 0
-766 -1312 0
-766 -1351 0
-766 -1390 0
-766 -1429 0
-805 -844 0
-805 -883 0
-805 -922 0
-805 -961 0
-805 -1000 0
-805 -1039 0
-805 -1078 0
-805 -1117 0
-805 -1156 0
-805 -1195 0
-805 -1234 0
-805 -1273 0
-805 -1312 0
-805 -1351 0
-805 -1390 0
-805 -1429 0
-844 -883 0
-844 -922 0
-844 -961 0
-844 -1000 0
-844 -1039 0
-844 -1078 0
-844 -1117 0
-844 -1156 0
-844 -1195 0
-844 -1234 0
-844 -1273 0
-844 -1312 0
-844 -1351 0
-844 -1390 0
-844 -1429 0
-883 -922 0
-883 -961 0
-883 -1000 0
-883 -1039 0
-883 -1078 0
-883 -1117 0
-883 -1156 0
-883 -1195 0
-883 -1234 0
-883 -1273 0
-883 -1312 0
-883 -1351 0
-883 -1390 0
-883 -1429 0
-922 -961 0
-922 -1000 0
-922 -1039 0
-922 -1078 0
-922 -1117 0
-922 -1156 0
-922 -1195 0
-922 -1234 0
-922 -1273 0
-922 -1312 0
-922 -1351 0
-922 -1390 0
-922 -1429 0
-961 -1000 0
-961 -1039 0
-961 -1078 0
-961 -1117 0
-961 -1156 0
-961 -1195 0
-961 -1234 0
-961 -1273 0
-961 -1312 0
-961 -1351 0
-961 -1390 0
-961 -1429 0
-1000 -1039 0
-1000 -1078 0
-1000 -1117 0
-1000 -1156 0
-1000 -1195 0
-1000 -1234 0
-1000 -1273 0
-1000 -1312 0
-1000 -1351 0
-1000 -1390 0
-1000 -1429 0
-1039 -1078 0
-1039 -1117 0
-1039 -1156 0
-1039 -1195 0
-1039 -1234 0
-1039 -1273 0
-1039 -1312 0
-1039 -1351 0
-1039 -1390 0
-1039 -1429 0
-1078 -1117 0
-1078 -1156 0
-1078 -1195 0
-1078 -1234 0
-1078 -1273 0
-1078 -1312 0
-1078 -1351 0
-1078 -1390 0
-1078 -1429 0
-1117 -1156 0
-1117 -1195 0
-1117 -1234 0
-1117 -1273 0
-1117 -1312 0
-1117 -1351 0
-1117 -1390 0
-1117 -1429 0
-1156 -1195 0
-1156 -1234 0
-1156 -1273 0
-1156 -1312 0
-1156 -1351 0
-1156 -1390 0
-1156 -1429 0
-1195 -1234 0
-1195 -1273 0
-1195 -1312 0
-1195 -1351 0
-1195 -1390 0
-1195 -1429 0
-1234 -1273 0
-1234 -1312 0
-1234 -1351 0
-1234 -1390 0
-1234 -1429 0
-1273 -1312 0
-1273 -1351 0
-1273 -1390 0
-1273 -1429 0
-1312 -1351 0
-1312 -1390 0
-1312 -1429 0
-1351 -1390 0
-1351 -1429 0
-1390 -1429 0
-609 -648 0
-609 -687 0
-609 -726 0
-609 -765 0
-609 -804 0
-609 -843 0
-609 -882 0
-609 -921 0
-609 -960 0
-609 -999 0
-609 -1038 0
-609 -1077 0
-609 -1116 0
-609 -1155 0
-609 -1194 0
-609 -1233 0
-609 -1272 0
-609 -1311 0
-609 -1350 0
-609 -1389 0
-609 -1428 0
-648 -687 0
-648 -726 0
-648 -765 0
-648 -804 0
-648 -843 0
-648 -882 0
-648 -921 0
-648 -960 0
-648 -999 0
-648 -1038 0
-648 -1077 0
-648 -1116 0
-648 -1155 0
-648 -1194 0
-648 -1233 0
-648 -1272 0
-648 -1311 0
-648 -1350 0
-648 -1389 0
-648 -1428 0
-687 -726 0
-687 -765 0
-687 -804 0
-687 -843 0
-687 -882 0
-687 -921 0
-687 -960 0
-687 -999 0
-687 -1038 0
-687 -1077 0
-687 -1116 0
-687 -1155 0
-687 -1194 0
-687 -1233 0
-687 -1272 0
-687 -1311 0
-687 -1350 0
-687 -1389 0
-687 -1428 0
-726 -765 0
-726 -804 0
-726 -843 0
-726 -882 0
-726 -921 0
-726 -960 0
-726 -999 0
-726 -1038 0
-726 -1077 0
-726 -1116 0
-726 -1155 0
-726 -1194 0
-726 -1233 0
-726 -1272 0
-726 -1311 0
-726 -1350 0
-726 -1389 0
-726 -1428 0
-765 -804 0
-765 -843 0
-765 -882 0
-765 -921 0
-765 -960 0
-765 -999 0
-765 -1038 0
-765 -1077 0
-765 -1116 0
-765 -1155 0
-765 -1194 0
-765 -1233 0
-765 -1272 0
-765 -1311 0
-765 -1350 0
-765 -1389 0
-765 -1428 0
-804 -843 0
-804 -882 0
-804 -921 0
-804 -960 0
-804 -999 0
-804 -1038 0
-804 -1077 0
-804 -1116 0
-804 -1155 0
-804 -1194 0
-804 -1233 0
-804 -1272 0
-804 -1311 0
-804 -1350 0
-804 -1389 0
-804 -1428 0
-843 -882 0
-843 -921 0
-843 -960 0
-843 -999 0
-843 -1038 0
-843 -1077 0
-843 -1116 0
-843 -1155 0
-843 -1194 0
-843 -1233 0
-843 -1272 0
-843 -1311 0
-843 -1350 0
-843 -1389 0
-843 -1428 0
-882 -921 0
-882 -960 0
-882 -999 0
-882 -1038 0
-882 -1077 0
-882 -1116 0
-882 -1155 0
-882 -1194 0
-882 -1233 0
-882 -1272 0
-882 -1311 0
-882 -1350 0
-882 -1389 0
-882 -1428 0
-921 -960 0
-921 -999 0
-921 -1038 0
-921 -1077 0
-921 -1116 0
-921 -1155 0
-921 -1194 0
-921 -1233 0
-921 -1272 0
-921 -1311 0
-921 -1350 0
-921 -1389 0
-921 -1428 0
-960 -999 0
-960 -1038 0
-960 -1077 0
-960 -1116 0
-960 -1155 0
-960 -1194 0
-960 -1233 0
-960 -1272 0
-960 -1311 0
-960 -1350 0
-960 -1389 0
-960 -1428 0
-999 -1038 0
-999 -1077 0
-999 -1116 0
-999 -1155 0
-999 -1194 0
-999 -1233 0
-999 -1272 0
-999 -1311 0
-999 -1350 0
-999 -1389 0
-999 -1428 0
-1038 -1077 0
-1038 -1116 0
-1038 -1155 0
-1038 -1194 0
-1038 -1233 0
-1038 -1272 0
-1038 -1311 0
-1038 -1350 0
-1038 -1389 0
-1038 -1428 0
-1077 -1116 0
-1077 -1155 0
-1077 -1194 0
-1077 -1233 0
-1077 -1272 0
-1077 -1311 0
-1077 -1350 0
-1077 -1389 0
-1077 -1428 0
-1116 -1155 0
-1116 -1194 0
-1116 -1233 0
-1116 -1272 0
-1116 -1311 0
-1116 -1350 0
-1116 -1389 0
-1116 -1428 0
-1155 -1194 0
-1155 -1233 0
-1155 -1272 0
-1155 -1311 0
-1155 -1350 0
-1155 -1389 0
-1155 -1428 0
-1194 -1233 0
-1194 -1272 0
-1194 -1311 0
-1194 -1350 0
-1194 -1389 0
-1194 -1428 0
-1233 -1272 0
-1233 -1311 0
-1233 -1350 0
-1233 -1389 0
-1233 -1428 0
-1272 -1311 0
-1272 -1350 0
-1272 -1389 0
-1272 -1428 0
-1311 -1350 0
-1311 -1389 0
-1311 -1428 0
-1350 -1389 0
-1350 -1428 0
-1389 -1428 0
-647 -686 0
-647 -725 0
-647 -764 0
-647 -803 0
-647 -842 0
-647 -881 0
-647 -920 0
-647 -959 0
-647 -998 0
-647 -1037 0
-647 -1076 0
-647 -1115 0
-647 -1154 0
-647 -1193 0
-647 -1232 0
-647 -1271 0
-647 -1310 0
-647 -1349 0
-647 -1388 0
-647 -1427 0
-686 -725 0
-686 -764 0
-686 -803 0
-686 -842 0
-686 -881 0
-686 -920 0
-686 -959 0
-686 -998 0
-686 -1037 0
-686 -1076 0
-686 -1115 0
-686 -1154 0
-686 -1193 0
-686 -1232 0
-686 -1271 0
-686 -1310 0
-686 -1349 0
-686 -1388 0
-686 -1427 0
-725 -764 0
-725 -803 0
-725 -842 0
-725 -881 0
-725 -920 0
-725 -959 0
-725 -998 0
-725 -1037 0
-725 -1076 0
-725 -1115 0
-725 -1154 0
-725 -1193 0
-725 -1232 0
-725 -1271 0
-725 -1310 0
-725 -1349 0
-725 -1388 0
-725 -1427 0
-764 -803 0
-764 -842 0
-764 -881 0
-764 -920 0
-764 -959 0
-764 -998 0
-764 -1037 0
-764 -1076 0
-764 -1115 0
-764 -1154 0
-764 -1193 0
-764 -1232 0
-764 -1271 0
-764 -1310 0
-764 -1349 0
-764 -1388 0
-764 -1427 0
-803 -842 0
-803 -881 0
-803 -920 0
-803 -959 0
-803 -998 0
-803 -1037 0
-803 -1076 0
-803 -1115 0
-803 -1154 0
-803 -1193 0
-803 -1232 0
-803 -1271 0
-803 -1310 0
-803 -1349 0
-803 -1388 0
-803 -1427 0
-842 -881 0
-842 -920 0
-842 -959 0
-842 -998 0
-842 -1037 0
-842 -1076 0
-842 -1115 0
-842 -1154 0
-842 -1193 0
-842 -1232 0
-842 -1271 0
-842 -1310 0
-842 -1349 0
-842 -1388 0
-842 -1427 0
-881 -920 0
-881 -959 0
-881 -998 0
-881 -1037 0
-881 -1076 0
-881 -1115 0
-881 -1154 0
-881 -1193 0
-881 -1232 0
-881 -1271 0
-881 -1310 0
-881 -1349 0
-881 -1388 0
-881 -1427 0
-920 -959 0
-920 -998 0
-920 -1037 0
-920 -1076 0
-920 -1115 0
-920 -1154 0
-920 -1193 0
-920 -1232 0
-920 -1271 0
-920 -1310 0
-920 -1349 0
-920 -1388 0
-920 -1427 0
-959 -998 0
-959 -1037 0
-959 -1076 0
-959 -1115 0
-959 -1154 0
-959 -1193 0
-959 -1232 0
-959 -1271 0
-959 -1310 0
-959 -1349 0
-959 -1388 0
-959 -1427 0
-998 -1037 0
-998 -1076 0
-998 -1115 0
-998 -1154 0
-998 -1193 0
-998 -1232 0
-998 -1271 0
-998 -1310 0
-998 -1349 0
-998 -1388 0
-998 -1427 0
-1037 -1076 0
-1037 -1115 0
-1037 -1154 0
-1037 -1193 0
-1037 -1232 0
-1037 -1271 0
-1037 -1310 0
-1037 -1349 0
-1037 -1388 0
-1037 -1427 0
-1076 -1115 0
-1076 -1154 0
-1076 -1193 0
-1076 -1232 0
-1076 -1271 0
-1076 -1310 0
-1076 -1349 0
-1076 -1388 0
-1076 -1427 0
-1115 -1154 0
-1115 -1193 0
-1115 -1232 0
-1115 -1271 0
-1115 -1310 0
-1115 -1349 0
-1115 -1388 0
-1115 -1427 0
-1154 -1193 0
-1154 -1232 0
-1154 -1271 0
-1154 -1310 0
-1154 -1349 0
-1154 -1388 0
-1154 -1427 0
-1193 -1232 0
-1193 -1271 0
-1193 -1310 0
-1193 -1349 0
-1193 -1388 0
-1193 -1427 0
-1232 -1271 0
-1232 -1310 0
-1232 -1349 0
-1232 -1388 0
-1232 -1427 0
-1271 -1310 0
-1271 -1349 0
-1271 -1388 0
-1271 -1427 0
-1310 -1349 0
-1310 -1388 0
-1310 -1427 0
-1349 -1388 0
-1349 -1427 0
-1388 -1427 0
-685 -724 0
-685 -763 0
-685 -802 0
-685 -841 0
-685 -880 0
-685 -919 0
-685 -958 0
-685 -997 0
-685 -1036 0
-685 -1075 0
-685 -1114 0
-685 -1153 0
-685 -1192 0
-685 -1231 0
-685 -1270 0
-685 -1309 0
-685 -1348 0
-685 -1387 0
-685 -1426 0
-724 -763 0
-724 -802 0
-724 -841 0
-724 -880 0
-724 -919 0
-724 -958 0
-724 -997 0
-724 -1036 0
-724 -1075 0
-724 -1114 0
-724 -1153 0
-724 -1192 0
-724 -1231 0
-724 -1270 0
-724 -1309 0
-724 -1348 0
-724 -1387 0
-724 -1426 0
-763 -802 0
-763 -841 0
-763 -880 0
-763 -919 0
-763 -958 0
-763 -997 0
-763 -1036 0
-763 -1075 0
-763 -1114 0
-763 -1153 0
-763 -1192 0
-763 -1231 0
-763 -1270 0
-763 -1309 0
-763 -1348 0
-763 -1387 0
-763 -1426 0
-802 -841 0
-802 -880 0
-802 -919 0
-802 -958 0
-802 -997 0
-802 -1036 0
-802 -1075 0
-802 -1114 0
-802 -1153 0
-802 -1192 0
-802 -1231 0
-802 -1270 0
-802 -1309 0
-802 -1348 0
-802 -1387 0
-802 -1426 0
-841 -880 0
-841 -919 0
-841 -958 0
-841 -997 0
-841 -1036 0
-841 -1075 0
-841 -1114 0
-841 -1153 0
-841 -1192 0
-841 -1231 0
-841 -1270 0
-841 -1309 0
-841 -1348 0
-841 -1387 0
-841 -1426 0
-880 -919 0
-880 -958 0
-880 -997 0
-880 -1036 0
-880 -1075 0
-880 -1114 0
-880 -1153 0
-880 -1192 0
-880 -1231 0
-880 -1270 0
-880 -1309 0
-880 -1348 0
-880 -1387 0
-880 -1426 0
-919 -958 0
-919 -997 0
-919 -1036 0
-919 -1075 0
-919 -1114 0
-919 -1153 0
-919 -1192 0
-919 -1231 0
-919 -1270 0
-919 -1309 0
-919 -1348 0
-919 -1387 0
-919 -1426 0
-958 -997 0
-958 -1036 0
-958 -1075 0
-958 -1114 0
-958 -1153 0
-958 -1192 0
-958 -1231 0
-958 -1270 0
-958 -1309 0
-958 -1348 0
-958 -1387 0
-958 -1426 0
-997 -1036 0
-997 -1075 0
-997 -1114 0
-997 -1153 0
-997 -1192 0
-997 -1231 0
-997 -1270 0
-997 -1309 0
-997 -1348 0
-997 -1387 0
-997 -1426 0
-1036 -1075 0
-1036 -1114 0
-1036 -1153 0
-1036 -1192 0
-1036 -1231 0
-1036 -1270 0
-1036 -1309 0
-1036 -1348 0
-1036 -1387 0
-1036 -1426 0
-1075 -1114 0
-1075 -1153 0
-1075 -1192 0
-1075 -1231 0
-1075 -1270 0
-1075 -1309 0
-1075 -1348 0
-1075 -1387 0
-1075 -1426 0
-1114 -1153 0
-1114 -1192 0
-1114 -1231 0
-1114 -1270 0
-1114 -1309 0
-1114 -1348 0
-1114 -1387 0
-1114 -1426 0
-1153 -1192 0
-1153 -1231 0
-1153 -1270 0
-1153 -1309 0
-1153 -1348 0
-1153 -1387 0
-1153 -1426 0
-1192 -1231 0
-1192 -1270 0
-1192 -1309 0
-1192 -1348 0
-1192 -1387 0
-1192 -1426 0
-1231 -1270 0
-1231 -1309 0
-1231 -1348 0
-1231 -1387 0
-1231 -1426 0
-1270 -1309 0
-1270 -1348 0
-1270 -1387 0
-1270 -1426 0
-1309 -1348 0
-1309 -1387 0
-1309 -1426 0
-1348 -1387 0
-1348 -1426 0
-1387 -1426 0
-723 -762 0
-723 -801 0
-723 -840 0
-723 -879 0
-723 -918 0
-723 -957 0
-723 -996 0
-723 -1035 0
-723 -1074 0
-723 -1113 0
-723 -1152 0
-723 -1191 0
-723 -1230 0
-723 -1269 0
-723 -1308 0
-723 -1347 0
-723 -1386 0
-723 -1425 0
-762 -801 0
-762 -840 0
-762 -879 0
-762 -918 0
-762 -957 0
-762 -996 0
-762 -1035 0
-762 -1074 0
-762 -1113 0
-762 -1152 0
-762 -1191 0
-762 -1230 0
-762 -1269 0
-762 -1308 0
-762 -1347 0
-762 -1386 0
-762 -1425 0
-801 -840 0
-801 -879 0
-801 -918 0
-801 -957 0
-801 -996 0
-801 -1035 0
-801 -1074 0
-801 -1113 0
-801 -1152 0
-801 -1191 0
-801 -1230 0
-801 -1269 0
-801 -1308 0
-801 -1347 0
-801 -1386 0
-801 -1425 0
-840 -879 0
-840 -918 0
-840 -957 0
-840 -996 0
-840 -1035 0
-840 -1074 0
-840 -1113 0
-840 -1152 0
-840 -1191 0
-840 -1230 0
-840 -1269 0
-840 -1308 0
-840 -1347 0
-840 -1386 0
-840 -1425 0
-879 -918 0
-879 -957 0
-879 -996 0
-879 -1035 0
-879 -1074 0
-879 -1113 0
-879 -1152 0
-879 -1191 0
-879 -1230 0
-879 -1269 0
-879 -1308 0
-879 -1347 0
-879 -1386 0
-879 -1425 0
-918 -957 0
-918 -996 0
-918 -1035 0
-918 -1074 0
-918 -1113 0
-918 -1152 0
-918 -1191 0
-918 -1230 0
-918 -1269 0
-918 -1308 0
-918 -1347 0
-918 -1386 0
-918 -1425 0
-957 -996 0
-957 -1035 0
-957 -1074 0
-957 -1113 0
-957 -1152 0
-957 -1191 0
-957 -1230 0
-957 -1269 0
-957 -1308 0
-957 -1347 0
-957 -1386 0
-957 -1425 0
-996 -1035 0
-996 -1074 0
-996 -1113 0
-996 -1152 0
-996 -1191 0
-996 -1230 0
-996 -1269 0
-996 -1308 0
-996 -1347 0
-996 -1386 0
-996 -1425 0
-1035 -1074 0
-1035 -1113 0
-1035 -1152 0
-1035 -1191 0
-1035 -1230 0
-1035 -1269 0
-1035 -1308 0
-1035 -1347 0
-1035 -1386 0
-1035 -1425 0
-1074 -1113 0
-1074 -1152 0
-1074 -1191 0
-1074 -1230 0
-1074 -1269 0
-1074 -1308 0
-1074 -1347 0
-1074 -1386 0
-1074 -1425 0
-1113 -1152 0
-1113 -1191 0
-1113 -1230 0
-1113 -1269 0
-1113 -1308 0
-1113 -1347 0
-1113 -1386 0
-1113 -1425 0
-1152 -1191 0
-1152 -1230 0
-1152 -1269 0
-1152 -1308 0
-1152 -1347 0
-1152 -1386 0
-1152 -1425 0
-1191 -1230 0
-1191 -1269 0
-1191 -1308 0
-1191 -1347 0
-1191 -1386 0
-1191 -1425 0
-1230 -1269 0
-1230 -1308 0
-1230 -1347 0
-1230 -1386 0
-1230 -1425 0
-1269 -1308 0
-1269 -1347 0
-1269 -1386 0
-1269 -1425 0
-1308 -1347 0
-1308 -1386 0
-1308 -1425 0
-1347 -1386 0
-1347 -1425 0
-1386 -1425 0
-761 -800 0
-761 -839 0
-761 -878 0
-761 -917 0
-761 -956 0
-761 -995 0
-761 -1034 0
-761 -1073 0
-761 -1112 0
-761 -1151 0
-761 -1190 0
-761 -1229 0
-761 -1268 0
-761 -1307 0
-761 -1346 0
-761 -1385 0
-761 -1424 0
-800 -839 0
-800 -878 0
-800 -917 0
-800 -956 0
-800 -995 0
-800 -1034 0
-800 -1073 0
-800 -1112 0
-800 -1151 0
-800 -1190 0
-800 -1229 0
-800 -1268 0
-800 -1307 0
-800 -1346 0
-800 -1385 0
-800 -1424 0
-839 -878 0
-839 -917 0
-839 -956 0
-839 -995 0
-839 -1034 0
-839 -1073 0
-839 -1112 0
-839 -1151 0
-839 -1190 0
-839 -1229 0
-839 -1268 0
-839 -1307 0
-839 -1346 0
-839 -1385 0
-839 -1424 0
-878 -917 0
-878 -956 0
-878 -995 0
-878 -1034 0
-878 -1073 0
-878 -1112 0
-878 -1151 0
-878 -1190 0
-878 -1229 0
-878 -1268 0
-878 -1307 0
-878 -1346 0
-878 -1385 0
-878 -1424 0
-917 -956 0
-917 -995 0
-917 -1034 0
-917 -1073 0
-917 -1112 0
-917 -1151 0
-917 -1190 0
-917 -1229 0
-917 -1268 0
-917 -1307 0
-917 -1346 0
-917 -1385 0
-917 -1424 0
-956 -995 0
-956 -1034 0
-956 -1073 0
-956 -1112 0
-956 -1151 0
-956 -1190 0
-956 -1229 0
-956 -1268 0
-956 -1307 0
-956 -1346 0
-956 -1385 0
-956 -1424 0
-995 -1034 0
-995 -1073 0
-995 -1112 0
-995 -1151 0
-995 -1190 0
-995 -1229 0
-995 -1268 0
-995 -1307 0
-995 -1346 0
-995 -1385 0
-995 -1424 0
-1034 -1073 0
-1034 -1112 0
-1034 -1151 0
-1034 -1190 0
-1034 -1229 0
-1034 -1268 0
-1034 -1307 0
-1034 -1346 0
-1034 -1385 0
-1034 -1424 0
-1073 -1112 0
-1073 -1151 0
-1073 -1190 0
-1073 -1229 0
-1073 -1268 0
-1073 -1307 0
-1073 -1346 0
-1073 -1385 0
-1073 -1424 0
-1112 -1151 0
-1112 -1190 0
-1112 -1229 0
-1112 -1268 0
-1112 -1307 0
-1112 -1346 0
-1112 -1385 0
-1112 -1424 0
-1151 -1190 0
-1151 -1229 0
-1151 -1268 0
-1151 -1307 0
-1151 -1346 0
-1151 -1385 0
-1151 -1424 0
-1190 -1229 0
-1190 -1268 0
-1190 -1307 0
-1190 -1346 0
-1190 -1385 0
-1190 -1424 0
-1229 -1268 0
-1229 -1307 0
-1229 -1346 0
-1229 -1385 0
-1229 -1424 0
-1268 -1307 0
-1268 -1346 0
-1268 -1385 0
-1268 -1424 0
-1307 -1346 0
-1307 -1385 0
-1307 -1424 0
-1346 -1385 0
-1346 -1424 0
-1385 -1424 0
-799 -838 0
-799 -877 0
-799 -916 0
-799 -955 0
-799 -994 0
-799 -1033 0
-799 -1072 0
-799 -1111 0
-799 -1150 0
-799 -1189 0
-799 -1228 0
-799 -1267 0
-799 -1306 0
-799 -1345 0
-799 -1384 0
-799 -1423 0
-838 -877 0
-838 -916 0
-838 -955 0
-838 -994 0
-838 -1033 0
-838 -1072 0
-838 -1111 0
-838 -1150 0
-838 -1189 0
-838 -1228 0
-838 -1267 0
-838 -1306 0
-838 -1345 0
-838 -1384 0
-838 -1423 0
-877 -916 0
-877 -955 0
-877 -994 0
-877 -1033 0
-877 -1072 0
-877 -1111 0
-877 -1150 0
-877 -1189 0
-877 -1228 0
-877 -1267 0
-877 -1306 0
-877 -1345 0
-877 -1384 0
-877 -1423 0
-916 -955 0
-916 -994 0
-916 -1033 0
-916 -1072 0
-916 -1111 0
-916 -1150 0
-916 -1189 0
-916 -1228 0
-916 -1267 0
-916 -1306 0
-916 -1345 0
-916 -1384 0
-916 -1423 0
-955 -994 0
-955 -1033 0
-955 -1072 0
-955 -1111 0
-955 -1150 0
-955 -1189 0
-955 -1228 0
-955 -1267 0
-955 -1306 0
-955 -1345 0
-955 -1384 0
-955 -1423 0
-994 -1033 0
-994 -1072 0
-994 -1111 0
-994 -1150 0
-994 -1189 0
-994 -1228 0
-994 -1267 0
-994 -1306 0
-994 -1345 0
-994 -1384 0
-994 -1423 0
-1033 -1072 0
-1033 -1111 0
-1033 -1150 0
-1033 -1189 0
-1033 -1228 0
-1033 -1267 0
-1033 -1306 0
-1033 -1345 0
-1033 -1384 0
-1033 -1423 0
-1072 -1111 0
-1072 -1150 0
-1072 -1189 0
-1072 -1228 0
-1072 -1267 0
-1072 -1306 0
-1072 -1345 0
-1072 -1384 0
-1072 -1423 0
-1111 -1150 0
-1111 -1189 0
-1111 -1228 0
-1111 -1267 0
-1111 -1306 0
-1111 -1345 0
-1111 -1384 0
-1111 -1423 0
-1150 -1189 0
-1150 -1228 0
-1150 -1267 0
-1150 -1306 0
-1150 -1345 0
-1150 -1384 0
-1150 -1423 0
-1189 -1228 0
-1189 -1267 0
-1189 -1306 0
-1189 -1345 0
-1189 -1384 0
-1189 -1423 0
-1228 -1267 0
-1228 -1306 0
-1228 -1345 0
-1228 -1384 0
-1228 -1423 0
-1267 -1306 0
-1267 -1345 0
-1267 -1384 0
-1267 -1423 0
-1306 -1345 0
-1306 -1384 0
-1306 -1423 0
-1345 -1384 0
-1345 -1423 0
-1384 -1423 0
-837 -876 0
-837 -915 0
-837 -954 0
-837 -993 0
-837 -1032 0
-837 -1071 0
-837 -1110 0
-837 -1149 0
-837 -1188 0
-837 -1227 0
-837 -1266 0
-837 -1305 0
-837 -1344 0
-837 -1383 0
-837 -1422 0
-876 -915 0
-876 -954 0
-876 -993 0
-876 -1032 0
-876 -1071 0
-876 -1110 0
-876 -1149 0
-876 -1188 0
-876 -1227 0
-876 -1266 0
-876 -1305 0
-876 -1344 0
-876 -1383 0
-876 -1422 0
-915 -954 0
-915 -993 0
-915 -1032 0
-915 -1071 0
-915 -1110 0
-915 -1149 0
-915 -1188 0
-915 -1227 0
-915 -1266 0
-915 -1305 0
-915 -1344 0
-915 -1383 0
-915 -1422 0
-954 -993 0
-954 -1032 0
-954 -1071 0
-954 -1110 0
-954 -1149 0
-954 -1188 0
-954 -1227 0
-954 -1266 0
-954 -1305 0
-954 -1344 0
-954 -1383 0
-954 -1422 0
-993 -1032 0
-993 -1071 0
-993 -1110 0
-993 -1149 0
-993 -1188 0
-993 -1227 0
-993 -1266 0
-993 -1305 0
-993 -1344 0
-993 -1383 0
-993 -1422 0
-1032 -1071 0
-1032 -1110 0
-1032 -1149 0
-1032 -1188 0
-1032 -1227 0
-1032 -1266 0
-1032 -1305 0
-1032 -1344 0
-1032 -1383 0
-1032 -1422 0
-1071 -1110 0
-1071 -1149 0
-1071 -1188 0
-1071 -1227 0
-1071 -1266 0
-1071 -1305 0
-1071 -1344 0
-1071 -1383 0
-1071 -1422 0
-1110 -1149 0
-1110 -1188 0
-1110 -1227 0
-1110 -1266 0
-1110 -1305 0
-1110 -1344 0
-1110 -1383 0
-1110 -1422 0
-1149 -1188 0
-1149 -1227 0
-1149 -1266 0
-1149 -1305 0
-1149 -1344 0
-1149 -1383 0
-1149 -1422 0
-1188 -1227 0
-1188 -1266 0
-1188 -1305 0
-1188 -1344 0
-1188 -1383 0
-1188 -1422 0
-1227 -1266 0
-1227 -1305 0
-1227 -1344 0
-1227 -1383 0
-1227 -1422 0
-1266 -1305 0
-1266 -1344 0
-1266 -1383 0
-1266 -1422 0
-1305 -1344 0
-1305 -1383 0
-1305 -1422 0
-1344 -1383 0
-1344 -1422 0
-1383 -1422 0
-875 -914 0
-875 -953 0
-875 -992 0
-875 -1031 0
-875 -1070 0
-875 -1109 0
-875 -1148 0
-875 -1187 0
-875 -1226 0
-875 -1265 0
-875 -1304 0
-875 -1343 0
-875 -1382 0
-875 -1421 0
-914 -953 0
-914 -992 0
-914 -1031 0
-914 -1070 0
-914 -1109 0
-914 -1148 0
-914 -1187 0
-914 -1226 0
-914 -1265 0
-914 -1304 0
-914 -1343 0
-914 -1382 0
-914 -1421 0
-953 -992 0
-953 -1031 0
-953 -1070 0
-953 -1109 0
-953 -1148 0
-953 -1187 0
-953 -1226 0
-953 -1265 0
-953 -1304 0
-953 -1343 0
-953 -1382 0
-953 -1421 0
-992 -1031 0
-992 -1070 0
-992 -1109 0
-992 -1148 0
-992 -1187 0
-992 -1226 0
-992 -1265 0
-992 -1304 0
-992 -1343 0
-992 -1382 0
-992 -1421 0
-1031 -1070 0
-1031 -1109 0
-1031 -1148 0
-1031 -1187 0
-1031 -1226 0
-1031 -1265 0
-1031 -1304 0
-1031 -1343 0
-1031 -1382 0
-1031 -1421 0
-1070 -1109 0
-1070 -1148 0
-1070 -1187 0
-1070 -1226 0
-1070 -1265 0
-1070 -1304 0
-1070 -1343 0
-1070 -1382 0
-1070 -1421 0
-1109 -1148 0
-1109 -1187 0
-1109 -1226 0
-1109 -1265 0
-1109 -1304 0
-1109 -1343 0
-1109 -1382 0
-1109 -1421 0
-1148 -1187 0
-1148 -1226 0
-1148 -1265 0
-1148 -1304 0
-1148 -1343 0
-1148 -1382 0
-1148 -1421 0
-1187 -1226 0
-1187 -1265 0
-1187 -1304 0
-1187 -1343 0
-1187 -1382 0
-1187 -1421 0
-1226 -1265 0
-1226 -1304 0
-1226 -1343 0
-1226 -1382 0
-1226 -1421 0
-1265 -1304 0
-1265 -1343 0
-1265 -1382 0
-1265 -1421 0
-1304 -1343 0
-1304 -1382 0
-1304 -1421 0
-1343 -1382 0
-1343 -1421 0
-1382 -1421 0
-913 -952 0
-913 -991 0
-913 -1030 0
-913 -1069 0
-913 -1108 0
-913 -1147 0
-913 -1186 0
-913 -1225 0
-913 -1264 0
-913 -1303 0
-913 -1342 0
-913 -1381 0
-913 -1420 0
-952 -991 0
-952 -1030 0
-952 -1069 0
-952 -1108 0
-952 -1147 0
-952 -1186 0
-952 -1225 0
-952 -1264 0
-952 -1303 0
-952 -1342 0
-952 -1381 0
-952 -1420 0
-991 -1030 0
-991 -1069 0
-991 -1108 0
-991 -1147 0
-991 -1186 0
-991 -1225 0
-991 -1264 0
-991 -1303 0
-991 -1342 0
-991 -1381 0
-991 -1420 0
-1030 -1069 0
-1030 -1108 0
-1030 -1147 0
-1030 -1186 0
-1030 -1225 0
-1030 -1264 0
-1030 -1303 0
-1030 -1342 0
-1030 -1381 0
-1030 -1420 0
-1069 -1108 0
-1069 -1147 0
-1069 -1186 0
-1069 -1225 0
-1069 -1264 0
-1069 -1303 0
-1069 -1342 0
-1069 -1381 0
-1069 -1420 0
-1108 -1147 0
-1108 -1186 0
-1108 -1225 0
-1108 -1264 0
-1108 -1303 0
-1108 -1342 0
-1108 -1381 0
-1108 -1420 0
-1147 -1186 0
-1147 -1225 0
-1147 -1264 0
-1147 -1303 0
-1147 -1342 0
-1147 -1381 0
-1147 -1420 0
-1186 -1225 0
-1186 -1264 0
-1186 -1303 0
-1186 -1342 0
-1186 -1381 0
-1186 -1420 0
-1225 -1264 0
-1225 -1303 0
-1225 -1342 0
-1225 -1381 0
-1225 -1420 0
-1264 -1303 0
-1264 -1342 0
-1264 -1381 0
-1264 -1420 0
-1303 -1342 0
-1303 -1381 0
-1303 -1420 0
-1342 -1381 0
-1342 -1420 0
-1381 -1420 0
-951 -990 0
-951 -1029 0
-951 -1068 0
-951 -1107 0
-951 -1146 0
-951 -1185 0
-951 -1224 0
-951 -1263 0
-951 -1302 0
-951 -1341 0
-951 -1380 0
-951 -1419 0
-990 -1029 0
-990 -1068 0
-990 -1107 0
-990 -1146 0
-990 -1185 0
-990 -1224 0
-990 -1263 0
-990 -1302 0
-990 -1341 0
-990 -1380 0
-990 -1419 0
-1029 -1068 0
-1029 -1107 0
-1029 -1146 0
-1029 -1185 0
-1029 -1224 0
-1029 -1263 0
-1029 -1302 0
-1029 -1341 0
-1029 -1380 0
-1029 -1419 0
-1068 -1107 0
-1068 -1146 0
-1068 -1185 0
-1068 -1224 0
-1068 -1263 0
-1068 -1302 0
-1068 -1341 0
-1068 -1380 0
-1068 -1419 0
-1107 -1146 0
-1107 -1185 0
-1107 -1224 0
-1107 -1263 0
-1107 -1302 0
-1107 -1341 0
-1107 -1380 0
-1107 -1419 0
-1146 -1185 0
-1146 -1224 0
-1146 -1263 0
-1146 -1302 0
-1146 -1341 0
-1146 -1380 0
-1146 -1419 0
-1185 -1224 0
-1185 -1263 0
-1185 -1302 0
-1185 -1341 0
-1185 -1380 0
-1185 -1419 0
-1224 -1263 0
-1224 -1302 0
-1224 -1341 0
-1224 -1380 0
-1224 -1419 0
-1263 -1302 0
-1263 -1341 0
-1263 -1380 0
-1263 -1419 0
-1302 -1341 0
-1302 -1380 0
-1302 -1419 0
-1341 -1380 0
-1341 -1419 0
-1380 -1419 0
-989 -1028 0
-989 -1067 0
-989 -1106 0
-989 -1145 0
-989 -1184 0
-989 -1223 0
-989 -1262 0
-989 -1301 0
-989 -1340 0
-989 -1379 0
-989 -1418 0
-1028 -1067 0
-1028 -1106 0
-1028 -1145 0
-1028 -1184 0
-1028 -1223 0
-1028 -1262 0
-1028 -1301 0
-1028 -1340 0
-1028 -1379 0
-1028 -1418 0
-1067 -1106 0
-1067 -1145 0
-1067 -1184 0
-1067 -1223 0
-1067 -1262 0
-1067 -1301 0
-1067 -1340 0
-1067 -1379 0
-1067 -1418 0
-1106 -1145 0
-1106 -1184 0
-1106 -1223 0
-1106 -1262 0
-1106 -1301 0
-1106 -1340 0
-1106 -1379 0
-1106 -1418 0
-1145 -1184 0
-1145 -1223 0
-1145 -1262 0
-1145 -1301 0
-1145 -1340 0
-1145 -1379 0
-1145 -1418 0
-1184 -1223 0
-1184 -1262 0
-1184 -1301 0
-1184 -1340 0
-1184 -1379 0
-1184 -1418 0
-1223 -1262 0
-1223 -1301 0
-1223 -1340 0
-1223 -1379 0
-1223 -1418 0
-1262 -1301 0
-1262 -1340 0
-1262 -1379 0
-1262 -1418 0
-1301 -1340 0
-1301 -1379 0
-1301 -1418 0
-1340 -1379 0
-1340 -1418 0
-1379 -1418 0
-1027 -1066 0
-1027 -1105 0
-1027 -1144 0
-1027 -1183 0
-1027 -1222 0
-1027 -1261 0
-1027 -1300 0
-1027 -1339 0
-1027 -1378 0
-1027 -1417 0
-1066 -1105 0
-1066 -1144 0
-1066 -1183 0
-1066 -1222 0
-1066 -1261 0
-1066 -1300 0
-1066 -1339 0
-1066 -1378 0
-1066 -1417 0
-1105 -1144 0
-1105 -1183 0
-1105 -1222 0
-1105 -1261 0
-1105 -1300 0
-1105 -1339 0
-1105 -1378 0
-1105 -1417 0
-1144 -1183 0
-1144 -1222 0
-1144 -1261 0
-1144 -1300 0
-1144 -1339 0
-1144 -1378 0
-1144 -1417 0
-1183 -1222 0
-1183 -1261 0
-1183 -1300 0
-1183 -1339 0
-1183 -1378 0
-1183 -1417 0
-1222 -1261 0
-1222 -1300 0
-1222 -1339 0
-1222 -1378 0
-1222 -1417 0
-1261 -1300 0
-1261 -1339 0
-1261 -1378 0
-1261 -1417 0
-1300 -1339 0
-1300 -1378 0
-1300 -1417 0
-1339 -1378 0
-1339 -1417 0
-1378 -1417 0
-1065 -1104 0
-1065 -1143 0
-1065 -1182 0
-1065 -1221 0
-1065 -1260 0
-1065 -1299 0
-1065 -1338 0
-1065 -1377 0
-1065 -1416 0
-1104 -1143 0
-1104 -1182 0
-1104 -1221 0
-1104 -1260 0
-1104 -1299 0
-1104 -1338 0
-1104 -1377 0
-1104 -1416 0
-1143 -1182 0
-1143 -1221 0
-1143 -1260 0
-1143 -1299 0
-1143 -1338 0
-1143 -1377 0
-1143 -1416 0
-1182 -1221 0
-1182 -1260 0
-1182 -1299 0
-1182 -1338 0
-1182 -1377 0
-1182 -1416 0
-1221 -1260 0
-1221 -1299 0
-1221 -1338 0
-1221 -1377 0
-1221 -1416 0
-1260 -1299 0
-1260 -1338 0
-1260 -1377 0
-1260 -1416 0
-1299 -1338 0
-1299 -1377 0
-1299 -1416 0
-1338 -1377 0
-1338 -1416 0
-1377 -1416 0
-1103 -1142 0
-1103 -1181 0
-1103 -1220 0
-1103 -1259 0
-1103 -1298 0
-1103 -1337 0
-1103 -1376 0
-1103 -1415 0
-1142 -1181 0
-1142 -1220 0
-1142 -1259 0
-1142 -1298 0
-1142 -1337 0
-1142 -1376 0
-1142 -1415 0
-1181 -1220 0
-1181 -1259 0
-1181 -1298 0
-1181 -1337 0
-1181 -1376 0
-1181 -1415 0
-1220 -1259 0
-1220 -1298 0
-1220 -1337 0
-1220 -1376 0
-1220 -1415 0
-1259 -1298 0
-1259 -1337 0
-1259 -1376 0
-1259 -1415 0
-1298 -1337 0
-1298 -1376 0
-1298 -1415 0
-1337 -1376 0
-1337 -1415 0
-1376 -1415 0
-1141 -1180 0
-1141 -1219 0
-1141 -1258 0
-1141 -1297 0
-1141 -1336 0
-1141 -1375 0
-1141 -1414 0
-1180 -1219 0
-1180 -1258 0
-1180 -1297 0
-1180 -1336 0
-1180 -1375 0
-1180 -1414 0
-1219 -1258 0
-1219 -1297 0
-1219 -1336 0
-1219 -1375 0
-1219 -1414 0
-1258 -1297 0
-1258 -1336 0
-1258 -1375 0
-1258 -1414 0
-1297 -1336 0
-1297 -1375 0
-1297 -1414 0
-1336 -1375 0
-1336 -1414 0
-1375 -1414 0
-1179 -1218 0
-1179 -1257 0
-1179 -1296 0
-1179 -1335 0
-1179 -1374 0
-1179 -1413 0
-1218 -1257 0
-1218 -1296 0
-1218 -1335 0
-1218 -1374 0
-1218 -1413 0
-1257 -1296 0
-1257 -1335 0
-1257 -1374 0
-1257 -1413 0
-1296 -1335 0
-1296 -1374 0
-1296 -1413 0
-1335 -1374 0
-1335 -1413 0
-1374 -1413 0
-1217 -1256 0
-1217 -1295 0
-1217 -1334 0
-1217 -1373 0
-1217 -1412 0
-1256 -1295 0
-1256 -1334 0
-1256 -1373 0
-1256 -1412 0
-1295 -1334 0
-1295 -1373 0
-1295 -1412 0
-1334 -1373 0
-1334 -1412 0
-1373 -1412 0
-1255 -1294 0
-1255 -1333 0
-1255 -1372 0
-1255 -1411 0
-1294 -1333 0
-1294 -1372 0
-1294 -1411 0
-1333 -1372 0
-1333 -1411 0
-1372 -1411 0
-1293 -1332 0
-1293 -1371 0
-1293 -1410 0
-1332 -1371 0
-1332 -1410 0
-1371 -1410 0
-1331 -1370 0
-1331 -1409 0
-1370 -1409 0
-1369 -1408 0
-2 -39 0
-3 -40 0
-3 -77 0
-40 -77 0
-4 -41 0
-4 -78 0
-4 -115 0
-41 -78 0
-41 -115 0
-78 -115 0
-5 -42 0
-5 -79 0
-5 -116 0
-5 -153 0
-42 -79 0
-42 -116 0
-42 -153 0
-79 -116 0
-79 -153 0
-116 -153 0
-6 -43 0
-6 -80 0
-6 -117 0
-6 -154 0
-6 -191 0
-43 -80 0
-43 -117 0
-43 -154 0
-43 -191 0
-80 -117 0
-80 -154 0
-80 -191 0
-117 -154 0
-117 -191 0
-154 -191 0
-7 -44 0
-7 -81 0
-7 -118 0
-7 -155 0
-7 -192 0
-7 -229 0
-44 -81 0
-44 -118 0
-44 -155 0
-44 -192 0
-44 -229 0
-81 -118 0
-81 -155 0
-81 -192 0
-81 -229 0
-118 -155 0
-118 -192 0
-118 -229 0
-155 -192 0
-155 -229 0
-192 -229 0
-8 -45 0
-8 -82 0
-8 -119 0
-8 -156 0
-8 -193 0
-8 -230 0
-8 -267 0
-45 -82 0
-45 -119 0
-45 -156 0
-45 -193 0
-45 -230 0
-45 -267 0
-82 -119 0
-82 -156 0
-82 -193 0
-82 -230 0
-82 -267 0
-119 -156 0
-119 -193 0
-119 -230 0
-119 -267 0
-156 -193 0
-156 -230 0
-156 -267 0
-193 -230 0
-193 -267 0
-230 -267 0
-9 -46 0
-9 -83 0
-9 -120 0
-9 -157 0
-9 -194 0
-9 -231 0
-9 -268 0
-9 -305 0
-46 -83 0
-46 -120 0
-46 -157 0
-46 -194 0
-46 -231 0
-46 -268 0
-46 -305 0
-83 -120 0
-83 -157 0
-83 -194 0
-83 -231 0
-83 -268 0
-83 -305 0
-120 -157 0
-120 -194 0
-120 -231 0
-120 -268 0
-120 -305 0
-157 -194 0
-157 -231 0
-157 -268 0
-157 -305 0
-194 -231 0
-194 -268 0
-194 -305 0
-231 -268 0
-231 -305 0
-268 -305 0
-10 -47 0
-10 -84 0
-10 -121 0
-10 -158 0
-10 -195 0
-10 -232 0
-10 -269 0
-10 -306 0
-10 -343 0
-47 -84 0
-47 -121 0
-47 -158 0
-47 -195 0
-47 -232 0
-47 -269 0
-47 -306 0
-47 -343 0
-84 -121 0
-84 -158 0
-84 -195 0
-84 -232 0
-84 -269 0
-84 -306 0
-84 -343 0
-121 -158 0
-121 -195 0
-121 -232 0
-121 -269 0
-121 -306 0
-121 -343 0
-158 -195 0
-158 -232 0
-158 -269 0
-158 -306 0
-158 -343 0
-195 -232 0
-195 -269 0
-195 -306 0
-195 -343 0
-232 -269 0
-232 -306 0
-232 -343 0
-269 -306 0
-269 -343 0
-306 -343 0
-11 -48 0
-11 -85 0
-11 -122 0
-11 -159 0
-11 -196 0
-11 -233 0
-11 -270 0
-11 -307 0
-11 -344 0
-11 -381 0
-48 -85 0
-48 -122 0
-48 -159 0
-48 -196 0
-48 -233 0
-48 -270 0
-48 -307 0
-48 -344 0
-48 -381 0
-85 -122 0
-85 -159 0
-85 -196 0
-85 -233 0
-85 -270 0
-85 -307 0
-85 -344 0
-85 -381 0
-122 -159 0
-122 -196 0
-122 -233 0
-122 -270 0
-122 -307 0
-122 -344 0
-122 -381 0
-159 -196 0
-159 -233 0
-159 -270 0
-159 -307 0
-159 -344 0
-159 -381 0
-196 -233 0
-196 -270 0
-196 -307 0
-196 -344 0
-196 -381 0
-233 -270 0
-233 -307 0
-233 -344 0
-233 -381 0
-270 -307 0
-270 -344 0
-270 -381 0
-307 -344 0
-307 -381 0
-344 -381 0
-12 -49 0
-12 -86 0
-12 -123 0
-12 -160 0
-12 -197 0
-12 -234 0
-12 -271 0
-12 -308 0
-12 -345 0
-12 -382 0
-12 -419 0
-49 -86 0
-49 -123 0
-49 -160 0
-49 -197 0
-49 -234 0
-49 -271 0
-49 -308 0
-49 -345 0
-49 -382 0
-49 -419 0
-86 -123 0
-86 -160 0
-86 -197 0
-86 -234 0
-86 -271 0
-86 -308 0
-86 -345 0
-86 -382 0
-86 -419 0
-123 -160 0
-123 -197 0
-123 -234 0
-123 -271 0
-123 -308 0
-123 -345 0
-123 -382 0
-123 -419 0
-160 -197 0
-160 -234 0
-160 -271 0
-160 -308 0
-160 -345 0
-160 -382 0
-160 -419 0
-197 -234 0
-197 -271 0
-197 -308 0
-197 -345 0
-197 -382 0
-197 -419 0
-234 -271 0
-234 -308 0
-234 -345 0
-234 -382 0
-234 -419 0
-271 -308 0
-271 -345 0
-271 -382 0
-271 -419 0
-308 -345 0
-308 -382 0
-308 -419 0
-345 -382 0
-345 -419 0
-382 -419 0
-13 -50 0
-13 -87 0
-13 -124 0
-13 -161 0
-13 -198 0
-13 -235 0
-13 -272 0
-13 -309 0
-13 -346 0
-13 -383 0
-13 -420 0
-13 -457 0
-50 -87 0
-50 -124 0
-50 -161 0
-50 -198 0
-50 -235 0
-50 -272 0
-50 -309 0
-50 -346 0
-50 -383 0
-50 -420 0
-50 -457 0
-87 -124 0
-87 -161 0
-87 -198 0
-87 -235 0
-87 -272 0
-87 -309 0
-87 -346 0
-87 -383 0
-87 -420 0
-87 -457 0
-124 -161 0
-124 -198 0
-124 -235 0
-124 -272 0
-124 -309 0
-124 -346 0
-124 -383 0
-124 -420 0
-124 -457 0
-161 -198 0
-161 -235 0
-161 -272 0
-161 -309 0
-161 -346 0
-161 -383 0
-161 -420 0
-161 -457 0
-198 -235 0
-198 -272 0
-198 -309 0
-198 -346 0
-198 -383 0
-198 -420 0
-198 -457 0
-235 -272 0
-235 -309 0
-235 -346 0
-235 -383 0
-235 -420 0
-235 -457 0
-272 -309 0
-272 -346 0
-272 -383 0
-272 -420 0
-272 -457 0
-309 -346 0
-309 -383 0
-309 -420 0
-309 -457 0
-346 -383 0
-346 -420 0
-346 -457 0
-383 -420 0
-383 -457 0
-420 -457 0
-14 -51 0
-14 -88 0
-14 -125 0
-14 -162 0
-14 -199 0
-14 -236 0
-14 -273 0
-14 -310 0
-14 -347 0
-14 -384 0
-14 -421 0
-14 -458 0
-14 -495 0
-51 -88 0
-51 -125 0
-51 -162 0
-51 -199 0
-51 -236 0
-51 -273 0
-51 -310 0
-51 -347 0
-51 -384 0
-51 -421 0
-51 -458 0
-51 -495 0
-88 -125 0
-88 -162 0
-88 -199 0
-88 -236 0
-88 -273 0
-88 -310 0
-88 -347 0
-88 -384 0
-88 -421 0
-88 -458 0
-88 -495 0
-125 -162 0
-125 -199 0
-125 -236 0
-125 -273 0
-125 -310 0
-125 -347 0
-125 -384 0
-125 -421 0
-125 -458 0
-125 -495 0
-162 -199 0
-162 -236 0
-162 -273 0
-162 -310 0
-162 -347 0
-162 -384 0
-162 -421 0
-162 -458 0
-162 -495 0
-199 -236 0
-199 -273 0
-199 -310 0
-199 -347 0
-199 -384 0
-199 -421 0
-199 -458 0
-199 -495 0
-236 -273 0
-236 -310 0
-236 -347 0
-236 -384 0
-236 -421 0
-236 -458 0
-236 -495 0
-273 -310 0
-273 -347 0
-273 -384 0
-273 -421 0
-273 -458 0
-273 -495 0
-310 -347 0
-310 -384 0
-310 -421 0
-310 -458 0
-310 -495 0
-347 -384 0
-347 -421 0
-347 -458 0
-347 -495 0
-384 -421 0
-384 -458 0
-384 -495 0
-421 -458 0
-421 -495 0
-458 -495 0
-15 -52 0
-15 -89 0
-15 -126 0
-15 -163 0
-15 -200 0
-15 -237 0
-15 -274 0
-15 -311 0
-15 -348 0
-15 -385 0
-15 -422 0
-15 -459 0
-15 -496 0
-15 -533 0
-52 -89 0
-52 -126 0
-52 -163 0
-52 -200 0
-52 -237 0
-52 -274 0
-52 -311 0
-52 -348 0
-52 -385 0
-52 -422 0
-52 -459 0
-52 -496 0
-52 -533 0
-89 -126 0
-89 -163 0
-89 -200 0
-89 -237 0
-89 -274 0
-89 -311 0
-89 -348 0
-89 -385 0
-89 -422 0
-89 -459 0
-89 -496 0
-89 -533 0
-126 -163 0
-126 -200 0
-126 -237 0
-126 -274 0
-126 -311 0
-126 -348 0
-126 -385 0
-126 -422 0
-126 -459 0
-126 -496 0
-126 -533 0
-163 -200 0
-163 -237 0
-163 -274 0
-163 -311 0
-163 -348 0
-163 -385 0
-163 -422 0
-163 -459 0
-163 -496 0
-163 -533 0
-200 -237 0
-200 -274 0
-200 -311 0
-200 -348 0
-200 -385 0
-200 -422 0
-200 -459 0
-200 -496 0
-200 -533 0
-237 -274 0
-237 -311 0
-237 -348 0
-237 -385 0
-237 -422 0
-237 -459 0
-237 -496 0
-237 -533 0
-274 -311 0
-274 -348 0
-274 -385 0
-274 -422 0
-274 -459 0
-274 -496 0
-274 -533 0
-311 -348 0
-311 -385 0
-311 -422 0
-311 -459 0
-311 -496 0
-311 -533 0
-348 -385 0
-348 -422 0
-348 -459 0
-348 -496 0
-348 -533 0
-385 -422 0
-385 -459 0
-385 -496 0
-385 -533 0
-422 -459 0
-422 -496 0
-422 -533 0
-459 -496 0
-459 -533 0
-496 -533 0
-16 -53 0
-16 -90 0
-16 -127 0
-16 -164 0
-16 -201 0
-16 -238 0
-16 -275 0
-16 -312 0
-16 -349 0
-16 -386 0
-16 -423 0
-16 -460 0
-16 -497 0
-16 -534 0
-16 -571 0
-53 -90 0
-53 -127 0
-53 -164 0
-53 -201 0
-53 -238 0
-53 -275 0
-53 -312 0
-53 -349 0
-53 -386 0
-53 -423 0
-53 -460 0
-53 -497 0
-53 -534 0
-53 -571 0
-90 -127 0
-90 -164 0
-90 -201 0
-90 -238 0
-90 -275 0
-90 -312 0
-90 -349 0
-90 -386 0
-90 -423 0
-90 -460 0
-90 -497 0
-90 -534 0
-90 -571 0
-127 -164 0
-127 -201 0
-127 -238 0
-127 -275 0
-127 -312 0
-127 -349 0
-127 -386 0
-127 -423 0
-127 -460 0
-127 -497 0
-127 -534 0
-127 -571 0
-164 -201 0
-164 -238 0
-164 -275 0
-164 -312 0
-164 -349 0
-164 -386 0
-164 -423 0
-164 -460 0
-164 -497 0
-164 -534 0
-164 -571 0
-201 -238 0
-201 -275 0
-201 -312 0
-201 -349 0
-201 -386 0
-201 -423 0
-201 -460 0
-201 -497 0
-201 -534 0
-201 -571 0
-238 -275 0
-238 -312 0
-238 -349 0
-238 -386 0
-238 -423 0
-238 -460 0
-238 -497 0
-238 -534 0
-238 -571 0
-275 -312 0
-275 -349 0
-275 -386 0
-275 -423 0
-275 -460 0
-275 -497 0
-275 -534 0
-275 -571 0
-312 -349 0
-312 -386 0
-312 -423 0
-312 -460 0
-312 -497 0
-312 -534 0
-312 -571 0
-349 -386 0
-349 -423 0
-349 -460 0
-349 -497 0
-349 -534 0
-349 -571 0
-386 -423 0
-386 -460 0
-386 -497 0
-386 -534 0
-386 -571 0
-423 -460 0
-423 -497 0
-423 -534 0
-423 -571 0
-460 -497 0
-460 -534 0
-460 -571 0
-497 -534 0
-497 -571 0
-534 -571 0
-17 -54 0
-17 -91 0
-17 -128 0
-17 -165 0
-17 -202 0
-17 -239 0
-17 -276 0
-17 -313 0
-17 -350 0
-17 -387 0
-17 -424 0
-17 -461 0
-17 -498 0
-17 -535 0
-17 -572 0
-17 -609 0
-54 -91 0
-54 -128 0
-54 -165 0
-54 -202 0
-54 -239 0
-54 -276 0
-54 -313 0
-54 -350 0
-54 -387 0
-54 -424 0
-54 -461 0
-54 -498 0
-54 -535 0
-54 -572 0
-54 -609 0
-91 -128 0
-91 -165 0
-91 -202 0
-91 -239 0
-91 -276 0
-91 -313 0
-91 -350 0
-91 -387 0
-91 -424 0
-91 -461 0
-91 -498 0
-91 -535 0
-91 -572 0
-91 -609 0
-128 -165 0
-128 -202 0
-128 -239 0
-128 -276 0
-128 -313 0
-128 -350 0
-128 -387 0
-128 -424 0
-128 -461 0
-128 -498 0
-128 -535 0
-128 -572 0
-128 -609 0
-165 -202 0
-165 -239 0
-165 -276 0
-165 -313 0
-165 -350 0
-165 -387 0
-165 -424 0
-165 -461 0
-165 -498 0
-165 -535 0
-165 -572 0
-165 -609 0
-202 -239 0
-202 -276 0
-202 -313 0
-202 -350 0
-202 -387 0
-202 -424 0
-202 -461 0
-202 -498 0
-202 -535 0
-202 -572 0
-202 -609 0
-239 -276 0
-239 -313 0
-239 -350 0
-239 -387 0
-239 -424 0
-239 -461 0
-239 -498 0
-239 -535 0
-239 -572 0
-239 -609 0
-276 -313 0
-276 -350 0
-276 -387 0
-276 -424 0
-276 -461 0
-276 -498 0
-276 -535 0
-276 -572 0
-276 -609 0
-313 -350 0
-313 -387 0
-313 -424 0
-313 -461 0
-313 -498 0
-313 -535 0
-313 -572 0
-313 -609 0
-350 -387 0
-350 -424 0
-350 -461 0
-350 -498 0
-350 -535 0
-350 -572 0
-350 -609 0
-387 -424 0
-387 -461 0
-387 -498 0
-387 -535 0
-387 -572 0
-387 -609 0
-424 -461 0
-424 -498 0
-424 -535 0
-424 -572 0
-424 -609 0
-461 -498 0
-461 -535 0
-461 -572 0
-461 -609 0
-498 -535 0
-498 -572 0
-498 -609 0
-535 -572 0
-535 -609 0
-572 -609 0
-18 -55 0
-18 -92 0
-18 -129 0
-18 -166 0
-18 -203 0
-18 -240 0
-18 -277 0
-18 -314 0
-18 -351 0
-18 -388 0
-18 -425 0
-18 -462 0
-18 -499 0
-18 -536 0
-18 -573 0
-18 -610 0
-18 -647 0
-55 -92 0
-55 -129 0
-55 -166 0
-55 -203 0
-55 -240 0
-55 -277 0
-55 -314 0
-55 -351 0
-55 -388 0
-55 -425 0
-55 -462 0
-55 -499 0
-55 -536 0
-55 -573 0
-55 -610 0
-55 -647 0
-92 -129 0
-92 -166 0
-92 -203 0
-92 -240 0
-92 -277 0
-92 -314 0
-92 -351 0
-92 -388 0
-92 -425 0
-92 -462 0
-92 -499 0
-92 -536 0
-92 -573 0
-92 -610 0
-92 -647 0
-129 -166 0
-129 -203 0
-129 -240 0
-129 -277 0
-129 -314 0
-129 -351 0
-129 -388 0
-129 -425 0
-129 -462 0
-129 -499 0
-129 -536 0
-129 -573 0
-129 -610 0
-129 -647 0
-166 -203 0
-166 -240 0
-166 -277 0
-166 -314 0
-166 -351 0
-166 -388 0
-166 -425 0
-166 -462 0
-166 -499 0
-166 -536 0
-166 -573 0
-166 -610 0
-166 -647 0
-203 -240 0
-203 -277 0
-203 -314 0
-203 -351 0
-203 -388 0
-203 -425 0
-203 -462 0
-203 -499 0
-203 -536 0
-203 -573 0
-203 -610 0
-203 -647 0
-240 -277 0
-240 -314 0
-240 -351 0
-240 -388 0
-240 -425 0
-240 -462 0
-240 -499 0
-240 -536 0
-240 -573 0
-240 -610 0
-240 -647 0
-277 -314 0
-277 -351 0
-277 -388 0
-277 -425 0
-277 -462 0
-277 -499 0
-277 -536 0
-277 -573 0
-277 -610 0
-277 -647 0
-314 -351 0
-314 -388 0
-314 -425 0
-314 -462 0
-314 -499 0
-314 -536 0
-314 -573 0
-314 -610 0
-314 -647 0
-351 -388 0
-351 -425 0
-351 -462 0
-351 -499 0
-351 -536 0
-351 -573 0
-351 -610 0
-351 -647 0
-388 -425 0
-388 -462 0
-388 -499 0
-388 -536 0
-388 -573 0
-388 -610 0
-388 -647 0
-425 -462 0
-425 -499 0
-425 -536 0
-425 -573 0
-425 -610 0
-425 -647 0
-462 -499 0
-462 -536 0
-462 -573 0
-462 -610 0
-462 -647 0
-499 -536 0
-499 -573 0
-499 -610 0
-499 -647 0
-536 -573 0
-536 -610 0
-536 -647 0
-573 -610 0
-573 -647 0
-610 -647 0
-19 -56 0
-19 -93 0
-19 -130 0
-19 -167 0
-19 -204 0
-19 -241 0
-19 -278 0
-19 -315 0
-19 -352 0
-19 -389 0
-19 -426 0
-19 -463 0
-19 -500 0
-19 -537 0
-19 -574 0
-19 -611 0
-19 -648 0
-19 -685 0
-56 -93 0
-56 -130 0
-56 -167 0
-56 -204 0
-56 -241 0
-56 -278 0
-56 -315 0
-56 -352 0
-56 -389 0
-56 -426 0
-56 -463 0
-56 -500 0
-56 -537 0
-56 -574 0
-56 -611 0
-56 -648 0
-56 -685 0
-93 -130 0
-93 -167 0
-93 -204 0
-93 -241 0
-93 -278 0
-93 -315 0
-93 -352 0
-93 -389 0
-93 -426 0
-93 -463 0
-93 -500 0
-93 -537 0
-93 -574 0
-93 -611 0
-93 -648 0
-93 -685 0
-130 -167 0
-130 -204 0
-130 -241 0
-130 -278 0
-130 -315 0
-130 -352 0
-130 -389 0
-130 -426 0
-130 -463 0
-130 -500 0
-130 -537 0
-130 -574 0
-130 -611 0
-130 -648 0
-130 -685 0
-167 -204 0
-167 -241 0
-167 -278 0
-167 -315 0
-167 -352 0
-167 -389 0
-167 -426 0
-167 -463 0
-167 -500 0
-167 -537 0
-167 -574 0
-167 -611 0
-167 -648 0
-167 -685 0
-204 -241 0
-204 -278 0
-204 -315 0
-204 -352 0
-204 -389 0
-204 -426 0
-204 -463 0
-204 -500 0
-204 -537 0
-204 -574 0
-204 -611 0
-204 -648 0
-204 -685 0
-241 -278 0
-241 -315 0
-241 -352 0
-241 -389 0
-241 -426 0
-241 -463 0
-241 -500 0
-241 -537 0
-241 -574 0
-241 -611 0
-241 -648 0
-241 -685 0
-278 -315 0
-278 -352 0
-278 -389 0
-278 -426 0
-278 -463 0
-278 -500 0
-278 -537 0
-278 -574 0
-278 -611 0
-278 -648 0
-278 -685 0
-315 -352 0
-315 -389 0
-315 -426 0
-315 -463 0
-315 -500 0
-315 -537 0
-315 -574 0
-315 -611 0
-315 -648 0
-315 -685 0
-352 -389 0
-352 -426 0
-352 -463 0
-352 -500 0
-352 -537 0
-352 -574 0
-352 -611 0
-352 -648 0
-352 -685 0
-389 -426 0
-389 -463 0
-389 -500 0
-389 -537 0
-389 -574 0
-389 -611 0
-389 -648 0
-389 -685 0
-426 -463 0
-426 -500 0
-426 -537 0
-426 -574 0
-426 -611 0
-426 -648 0
-426 -685 0
-463 -500 0
-463 -537 0
-463 -574 0
-463 -611 0
-463 -648 0
-463 -685 0
-500 -537 0
-500 -574 0
-500 -611 0
-500 -648 0
-500 -685 0
-537 -574 0
-537 -611 0
-537 -648 0
-537 -685 0
-574 -611 0
-574 -648 0
-574 -685 0
-611 -648 0
-611 -685 0
-648 -685 0
-20 -57 0
-20 -94 0
-20 -131 0
-20 -168 0
-20 -205 0
-20 -242 0
-20 -279 0
-20 -316 0
-20 -353 0
-20 -390 0
-20 -427 0
-20 -464 0
-20 -501 0
-20 -538 0
-20 -575 0
-20 -612 0
-20 -649 0
-20 -686 0
-20 -723 0
-57 -94 0
-57 -131 0
-57 -168 0
-57 -205 0
-57 -242 0
-57 -279 0
-57 -316 0
-57 -353 0
-57 -390 0
-57 -427 0
-57 -464 0
-57 -501 0
-57 -538 0
-57 -575 0
-57 -612 0
-57 -649 0
-57 -686 0
-57 -723 0
-94 -131 0
-94 -168 0
-94 -205 0
-94 -242 0
-94 -279 0
-94 -316 0
-94 -353 0
-94 -390 0
-94 -427 0
-94 -464 0
-94 -501 0
-94 -538 0
-94 -575 0
-94 -612 0
-94 -649 0
-94 -686 0
-94 -723 0
-131 -168 0
-131 -205 0
-131 -242 0
-131 -279 0
-131 -316 0
-131 -353 0
-131 -390 0
-131 -427 0
-131 -464 0
-131 -501 0
-131 -538 0
-131 -575 0
-131 -612 0
-131 -649 0
-131 -686 0
-131 -723 0
-168 -205 0
-168 -242 0
-168 -279 0
-168 -316 0
-168 -353 0
-168 -390 0
-168 -427 0
-168 -464 0
-168 -501 0
-168 -538 0
-168 -575 0
-168 -612 0
-168 -649 0
-168 -686 0
-168 -723 0
-205 -242 0
-205 -279 0
-205 -316 0
-205 -353 0
-205 -390 0
-205 -427 0
-205 -464 0
-205 -501 0
-205 -538 0
-205 -575 0
-205 -612 0
-205 -649 0
-205 -686 0
-205 -723 0
-242 -279 0
-242 -316 0
-242 -353 0
-242 -390 0
-242 -427 0
-242 -464 0
-242 -501 0
-242 -538 0
-242 -575 0
-242 -612 0
-242 -649 0
-242 -686 0
-242 -723 0
-279 -316 0
-279 -353 0
-279 -390 0
-279 -427 0
-279 -464 0
-279 -501 0
-279 -538 0
-279 -575 0
-279 -612 0
-279 -649 0
-279 -686 0
-279 -723 0
-316 -353 0
-316 -390 0
-316 -427 0
-316 -464 0
-316 -501 0
-316 -538 0
-316 -575 0
-316 -612 0
-316 -649 0
-316 -686 0
-316 -723 0
-353 -390 0
-353 -427 0
-353 -464 0
-353 -501 0
-353 -538 0
-353 -575 0
-353 -612 0
-353 -649 0
-353 -686 0
-353 -723 0
-390 -427 0
-390 -464 0
-390 -501 0
-390 -538 0
-390 -575 0
-390 -612 0
-390 -649 0
-390 -686 0
-390 -723 0
-427 -464 0
-427 -501 0
-427 -538 0
-427 -575 0
-427 -612 0
-427 -649 0
-427 -686 0
-427 -723 0
-464 -501 0
-464 -538 0
-464 -575 0
-464 -612 0
-464 -649 0
-464 -686 0
-464 -723 0
-501 -538 0
-501 -575 0
-501 -612 0
-501 -649 0
-501 -686 0
-501 -723 0
-538 -575 0
-538 -612 0
-538 -649 0
-538 -686 0
-538 -723 0
-575 -612 0
-575 -649 0
-575 -686 0
-575 -723 0
-612 -649 0
-612 -686 0
-612 -723 0
-649 -686 0
-649 -723 0
-686 -723 0
-21 -58 0
-21 -95 0
-21 -132 0
-21 -169 0
-21 -206 0
-21 -243 0
-21 -280 0
-21 -317 0
-21 -354 0
-21 -391 0
-21 -428 0
-21 -465 0
-21 -502 0
-21 -539 0
-21 -576 0
-21 -613 0
-21 -650 0
-21 -687 0
-21 -724 0
-21 -761 0
-58 -95 0
-58 -132 0
-58 -169 0
-58 -206 0
-58 -243 0
-58 -280 0
-58 -317 0
-58 -354 0
-58 -391 0
-58 -428 0
-58 -465 0
-58 -502 0
-58 -539 0
-58 -576 0
-58 -613 0
-58 -650 0
-58 -687 0
-58 -724 0
-58 -761 0
-95 -132 0
-95 -169 0
-95 -206 0
-95 -243 0
-95 -280 0
-95 -317 0
-95 -354 0
-95 -391 0
-95 -428 0
-95 -465 0
-95 -502 0
-95 -539 0
-95 -576 0
-95 -613 0
-95 -650 0
-95 -687 0
-95 -724 0
-95 -761 0
-132 -169 0
-132 -206 0
-132 -243 0
-132 -280 0
-132 -317 0
-132 -354 0
-132 -391 0
-132 -428 0
-132 -465 0
-132 -502 0
-132 -539 0
-132 -576 0
-132 -613 0
-132 -650 0
-132 -687 0
-132 -724 0
-132 -761 0
-169 -206 0
-169 -243 0
-169 -280 0
-169 -317 0
-169 -354 0
-169 -391 0
-169 -428 0
-169 -465 0
-169 -502 0
-169 -539 0
-169 -576 0
-169 -613 0
-169 -650 0
-169 -687 0
-169 -724 0
-169 -761 0
-206 -243 0
-206 -280 0
-206 -317 0
-206 -354 0
-206 -391 0
-206 -428 0
-206 -465 0
-206 -502 0
-206 -539 0
-206 -576 0
-206 -613 0
-206 -650 0
-206 -687 0
-206 -724 0
-206 -761 0
-243 -280 0
-243 -317 0
-243 -354 0
-243 -391 0
-243 -428 0
-243 -465 0
-243 -502 0
-243 -539 0
-243 -576 0
-243 -613 0
-243 -650 0
-243 -687 0
-243 -724 0
-243 -761 0
-280 -317 0
-280 -354 0
-280 -391 0
-280 -428 0
-280 -465 0
-280 -502 0
-280 -539 0
-280 -576 0
-280 -613 0
-280 -650 0
-280 -687 0
-280 -724 0
-280 -761 0
-317 -354 0
-317 -391 0
-317 -428 0
-317 -465 0
-317 -502 0
-317 -539 0
-317 -576 0
-317 -613 0
-317 -650 0
-317 -687 0
-317 -724 0
-317 -761 0
-354 -391 0
-354 -428 0
-354 -465 0
-354 -502 0
-354 -539 0
-354 -576 0
-354 -613 0
-354 -650 0
-354 -687 0
-354 -724 0
-354 -761 0
-391 -428 0
-391 -465 0
-391 -502 0
-391 -539 0
-391 -576 0
-391 -613 0
-391 -650 0
-391 -687 0
-391 -724 0
-391 -761 0
-428 -465 0
-428 -502 0
-428 -539 0
-428 -576 0
-428 -613 0
-428 -650 0
-428 -687 0
-428 -724 0
-428 -761 0
-465 -502 0
-465 -539 0
-465 -576 0
-465 -613 0
-465 -650 0
-465 -687 0
-465 -724 0
-465 -761 0
-502 -539 0
-502 -576 0
-502 -613 0
-502 -650 0
-502 -687 0
-502 -724 0
-502 -761 0
-539 -576 0
-539 -613 0
-539 -650 0
-539 -687 0
-539 -724 0
-539 -761 0
-576 -613 0
-576 -650 0
-576 -687 0
-576 -724 0
-576 -761 0
-613 -650 0
-613 -687 0
-613 -724 0
-613 -761 0
-650 -687 0
-650 -724 0
-650 -761 0
-687 -724 0
-687 -761 0
-724 -761 0
-22 -59 0
-22 -96 0
-22 -133 0
-22 -170 0
-22 -207 0
-22 -244 0
-22 -281 0
-22 -318 0
-22 -355 0
-22 -392 0
-22 -429 0
-22 -466 0
-22 -503 0
-22 -540 0
-22 -577 0
-22 -614 0
-22 -651 0
-22 -688 0
-22 -725 0
-22 -762 0
-22 -799 0
-59 -96 0
-59 -133 0
-59 -170 0
-59 -207 0
-59 -244 0
-59 -281 0
-59 -318 0
-59 -355 0
-59 -392 0
-59 -429 0
-59 -466 0
-59 -503 0
-59 -540 0
-59 -577 0
-59 -614 0
-59 -651 0
-59 -688 0
-59 -725 0
-59 -762 0
-59 -799 0
-96 -133 0
-96 -170 0
-96 -207 0
-96 -244 0
-96 -281 0
-96 -318 0
-96 -355 0
-96 -392 0
-96 -429 0
-96 -466 0
-96 -503 0
-96 -540 0
-96 -577 0
-96 -614 0
-96 -651 0
-96 -688 0
-96 -725 0
-96 -762 0
-96 -799 0
-133 -170 0
-133 -207 0
-133 -244 0
-133 -281 0
-133 -318 0
-133 -355 0
-133 -392 0
-133 -429 0
-133 -466 0
-133 -503 0
-133 -540 0
-133 -577 0
-133 -614 0
-133 -651 0
-133 -688 0
-133 -725 0
-133 -762 0
-133 -799 0
-170 -207 0
-170 -244 0
-170 -281 0
-170 -318 0
-170 -355 0
-170 -392 0
-170 -429 0
-170 -466 0
-170 -503 0
-170 -540 0
-170 -577 0
-170 -614 0
-170 -651 0
-170 -688 0
-170 -725 0
-170 -762 0
-170 -799 0
-207 -244 0
-207 -281 0
-207 -318 0
-207 -355 0
-207 -392 0
-207 -429 0
-207 -466 0
-207 -503 0
-207 -540 0
-207 -577 0
-207 -614 0
-207 -651 0
-207 -688 0
-207 -725 0
-207 -762 0
-207 -799 0
-244 -281 0
-244 -318 0
-244 -355 0
-244 -392 0
-244 -429 0
-244 -466 0
-244 -503 0
-244 -540 0
-244 -577 0
-244 -614 0
-244 -651 0
-244 -688 0
-244 -725 0
-244 -762 0
-244 -799 0
-281 -318 0
-281 -355 0
-281 -392 0
-281 -429 0
-281 -466 0
-281 -503 0
-281 -540 0
-281 -577 0
-281 -614 0
-281 -651 0
-281 -688 0
-281 -725 0
-281 -762 0
-281 -799 0
-318 -355 0
-318 -392 0
-318 -429 0
-318 -466 0
-318 -503 0
-318 -540 0
-318 -577 0
-318 -614 0
-318 -651 0
-318 -688 0
-318 -725 0
-318 -762 0
-318 -799 0
-355 -392 0
-355 -429 0
-355 -466 0
-355 -503 0
-355 -540 0
-355 -577 0
-355 -614 0
-355 -651 0
-355 -688 0
-355 -725 0
-355 -762 0
-355 -799 0
-392 -429 0
-392 -466 0
-392 -503 0
-392 -540 0
-392 -577 0
-392 -614 0
-392 -651 0
-392 -688 0
-392 -725 0
-392 -762 0
-392 -799 0
-429 -466 0
-429 -503 0
-429 -540 0
-429 -577 0
-429 -614 0
-429 -651 0
-429 -688 0
-429 -725 0
-429 -762 0
-429 -799 0
-466 -503 0
-466 -540 0
-466 -577 0
-466 -614 0
-466 -651 0
-466 -688 0
-466 -725 0
-466 -762 0
-466 -799 0
-503 -540 0
-503 -577 0
-503 -614 0
-503 -651 0
-503 -688 0
-503 -725 0
-503 -762 0
-503 -799 0
-540 -577 0
-540 -614 0
-540 -651 0
-540 -688 0
-540 -725 0
-540 -762 0
-540 -799 0
-577 -614 0
-577 -651 0
-577 -688 0
-577 -725 0
-577 -762 0
-577 -799 0
-614 -651 0
-614 -688 0
-614 -725 0
-614 -762 0
-614 -799 0
-651 -688 0
-651 -725 0
-651 -762 0
-651 -799 0
-688 -725 0
-688 -762 0
-688 -799 0
-725 -762 0
-725 -799 0
-762 -799 0
-23 -60 0
-23 -97 0
-23 -134 0
-23 -171 0
-23 -208 0
-23 -245 0
-23 -282 0
-23 -319 0
-23 -356 0
-23 -393 0
-23 -430 0
-23 -467 0
-23 -504 0
-23 -541 0
-23 -578 0
-23 -615 0
-23 -652 0
-23 -689 0
-23 -726 0
-23 -763 0
-23 -800 0
-23 -837 0
-60 -97 0
-60 -134 0
-60 -171 0
-60 -208 0
-60 -245 0
-60 -282 0
-60 -319 0
-60 -356 0
-60 -393 0
-60 -430 0
-60 -467 0
-60 -504 0
-60 -541 0
-60 -578 0
-60 -615 0
-60 -652 0
-60 -689 0
-60 -726 0
-60 -763 0
-60 -800 0
-60 -837 0
-97 -134 0
-97 -171 0
-97 -208 0
-97 -245 0
-97 -282 0
-97 -319 0
-97 -356 0
-97 -393 0
-97 -430 0
-97 -467 0
-97 -504 0
-97 -541 0
-97 -578 0
-97 -615 0
-97 -652 0
-97 -689 0
-97 -726 0
-97 -763 0
-97 -800 0
-97 -837 0
-134 -171 0
-134 -208 0
-134 -245 0
-134 -282 0
-134 -319 0
-134 -356 0
-134 -393 0
-134 -430 0
-134 -467 0
-134 -504 0
-134 -541 0
-134 -578 0
-134 -615 0
-134 -652 0
-134 -689 0
-134 -726 0
-134 -763 0
-134 -800 0
-134 -837 0
-171 -208 0
-171 -245 0
-171 -282 0
-171 -319 0
-171 -356 0
-171 -393 0
-171 -430 0
-171 -467 0
-171 -504 0
-171 -541 0
-171 -578 0
-171 -615 0
-171 -652 0
-171 -689 0
-171 -726 0
-171 -763 0
-171 -800 0
-171 -837 0
-208 -245 0
-208 -282 0
-208 -319 0
-208 -356 0
-208 -393 0
-208 -430 0
-208 -467 0
-208 -504 0
-208 -541 0
-208 -578 0
-208 -615 0
-208 -652 0
-208 -689 0
-208 -726 0
-208 -763 0
-208 -800 0
-208 -837 0
-245 -282 0
-245 -319 0
-245 -356 0
-245 -393 0
-245 -430 0
-245 -467 0
-245 -504 0
-245 -541 0
-245 -578 0
-245 -615 0
-245 -652 0
-245 -689 0
-245 -726 0
-245 -763 0
-245 -800 0
-245 -837 0
-282 -319 0
-282 -356 0
-282 -393 0
-282 -430 0
-282 -467 0
-282 -504 0
-282 -541 0
-282 -578 0
-282 -615 0
-282 -652 0
-282 -689 0
-282 -726 0
-282 -763 0
-282 -800 0
-282 -837 0
-319 -356 0
-319 -393 0
-319 -430 0
-319 -467 0
-319 -504 0
-319 -541 0
-319 -578 0
-319 -615 0
-319 -652 0
-319 -689 0
-319 -726 0
-319 -763 0
-319 -800 0
-319 -837 0
-356 -393 0
-356 -430 0
-356 -467 0
-356 -504 0
-356 -541 0
-356 -578 0
-356 -615 0
-356 -652 0
-356 -689 0
-356 -726 0
-356 -763 0
-356 -800 0
-356 -837 0
-393 -430 0
-393 -467 0
-393 -504 0
-393 -541 0
-393 -578 0
-393 -615 0
-393 -652 0
-393 -689 0
-393 -726 0
-393 -763 0
-393 -800 0
-393 -837 0
-430 -467 0
-430 -504 0
-430 -541 0
-430 -578 0
-430 -615 0
-430 -652 0
-430 -689 0
-430 -726 0
-430 -763 0
-430 -800 0
-430 -837 0
-467 -504 0
-467 -541 0
-467 -578 0
-467 -615 0
-467 -652 0
-467 -689 0
-467 -726 0
-467 -763 0
-467 -800 0
-467 -837 0
-504 -541 0
-504 -578 0
-504 -615 0
-504 -652 0
-504 -689 0
-504 -726 0
-504 -763 0
-504 -800 0
-504 -837 0
-541 -578 0
-541 -615 0
-541 -652 0
-541 -689 0
-541 -726 0
-541 -763 0
-541 -800 0
-541 -837 0
-578 -615 0
-578 -652 0
-578 -689 0
-578 -726 0
-578 -763 0
-578 -800 0
-578 -837 0
-615 -652 0
-615 -689 0
-615 -726 0
-615 -763 0
-615 -800 0
-615 -837 0
-652 -689 0
-652 -726 0
-652 -763 0
-652 -800 0
-652 -837 0
-689 -726 0
-689 -763 0
-689 -800 0
-689 -837 0
-726 -763 0
-726 -800 0
-726 -837 0
-763 -800 0
-763 -837 0
-800 -837 0
-24 -61 0
-24 -98 0
-24 -135 0
-24 -172 0
-24 -209 0
-24 -246 0
-24 -283 0
-24 -320 0
-24 -357 0
-24 -394 0
-24 -431 0
-24 -468 0
-24 -505 0
-24 -542 0
-24 -579 0
-24 -616 0
-24 -653 0
-24 -690 0
-24 -727 0
-24 -764 0
-24 -801 0
-24 -838 0
-24 -875 0
-61 -98 0
-61 -135 0
-61 -172 0
-61 -209 0
-61 -246 0
-61 -283 0
-61 -320 0
-61 -357 0
-61 -394 0
-61 -431 0
-61 -468 0
-61 -505 0
-61 -542 0
-61 -579 0
-61 -616 0
-61 -653 0
-61 -690 0
-61 -727 0
-61 -764 0
-61 -801 0
-61 -838 0
-61 -875 0
-98 -135 0
-98 -172 0
-98 -209 0
-98 -246 0
-98 -283 0
-98 -320 0
-98 -357 0
-98 -394 0
-98 -431 0
-98 -468 0
-98 -505 0
-98 -542 0
-98 -579 0
-98 -616 0
-98 -653 0
-98 -690 0
-98 -727 0
-98 -764 0
-98 -801 0
-98 -838 0
-98 -875 0
-135 -172 0
-135 -209 0
-135 -246 0
-135 -283 0
-135 -320 0
-135 -357 0
-135 -394 0
-135 -431 0
-135 -468 0
-135 -505 0
-135 -542 0
-135 -579 0
-135 -616 0
-135 -653 0
-135 -690 0
-135 -727 0
-135 -764 0
-135 -801 0
-135 -838 0
-135 -875 0
-172 -209 0
-172 -246 0
-172 -283 0
-172 -320 0
-172 -357 0
-172 -394 0
-172 -431 0
-172 -468 0
-172 -505 0
-172 -542 0
-172 -579 0
-172 -616 0
-172 -653 0
-172 -690 0
-172 -727 0
-172 -764 0
-172 -801 0
-172 -838 0
-172 -875 0
-209 -246 0
-209 -283 0
-209 -320 0
-209 -357 0
-209 -394 0
-209 -431 0
-209 -468 0
-209 -505 0
-209 -542 0
-209 -579 0
-209 -616 0
-209 -653 0
-209 -690 0
-209 -727 0
-209 -764 0
-209 -801 0
-209 -838 0
-209 -875 0
-246 -283 0
-246 -320 0
-246 -357 0
-246 -394 0
-246 -431 0
-246 -468 0
-246 -505 0
-246 -542 0
-246 -579 0
-246 -616 0
-246 -653 0
-246 -690 0
-246 -727 0
-246 -764 0
-246 -801 0
-246 -838 0
-246 -875 0
-283 -320 0
-283 -357 0
-283 -394 0
-283 -431 0
-283 -468 0
-283 -505 0
-283 -542 0
-283 -579 0
-283 -616 0
-283 -653 0
-283 -690 0
-283 -727 0
-283 -764 0
-283 -801 0
-283 -838 0
-283 -875 0
-320 -357 0
-320 -394 0
-320 -431 0
-320 -468 0
-320 -505 0
-320 -542 0
-320 -579 0
-320 -616 0
-320 -653 0
-320 -690 0
-320 -727 0
-320 -764 0
-320 -801 0
-320 -838 0
-320 -875 0
-357 -394 0
-357 -431 0
-357 -468 0
-357 -505 0
-357 -542 0
-357 -579 0
-357 -616 0
-357 -653 0
-357 -690 0
-357 -727 0
-357 -764 0
-357 -801 0
-357 -838 0
-357 -875 0
-394 -431 0
-394 -468 0
-394 -505 0
-394 -542 0
-394 -579 0
-394 -616 0
-394 -653 0
-394 -690 0
-394 -727 0
-394 -764 0
-394 -801 0
-394 -838 0
-394 -875 0
-431 -468 0
-431 -505 0
-431 -542 0
-431 -579 0
-431 -616 0
-431 -653 0
-431 -690 0
-431 -727 0
-431 -764 0
-431 -801 0
-431 -838 0
-431 -875 0
-468 -505 0
-468 -542 0
-468 -579 0
-468 -616 0
-468 -653 0
-468 -690 0
-468 -727 0
-468 -764 0
-468 -801 0
-468 -838 0
-468 -875 0
-505 -542 0
-505 -579 0
-505 -616 0
-505 -653 0
-505 -690 0
-505 -727 0
-505 -764 0
-505 -801 0
-505 -838 0
-505 -875 0
-542 -579 0
-542 -616 0
-542 -653 0
-542 -690 0
-542 -727 0
-542 -764 0
-542 -801 0
-542 -838 0
-542 -875 0
-579 -616 0
-579 -653 0
-579 -690 0
-579 -727 0
-579 -764 0
-579 -801 0
-579 -838 0
-579 -875 0
-616 -653 0
-616 -690 0
-616 -727 0
-616 -764 0
-616 -801 0
-616 -838 0
-616 -875 0
-653 -690 0
-653 -727 0
-653 -764 0
-653 -801 0
-653 -838 0
-653 -875 0
-690 -727 0
-690 -764 0
-690 -801 0
-690 -838 0
-690 -875 0
-727 -764 0
-727 -801 0
-727 -838 0
-727 -875 0
-764 -801 0
-764 -838 0
-764 -875 0
-801 -838 0
-801 -875 0
-838 -875 0
-25 -62 0
-25 -99 0
-25 -136 0
-25 -173 0
-25 -210 0
-25 -247 0
-25 -284 0
-25 -321 0
-25 -358 0
-25 -395 0
-25 -432 0
-25 -469 0
-25 -506 0
-25 -543 0
-25 -580 0
-25 -617 0
-25 -654 0
-25 -691 0
-25 -728 0
-25 -765 0
-25 -802 0
-25 -839 0
-25 -876 0
-25 -913 0
-62 -99 0
-62 -136 0
-62 -173 0
-62 -210 0
-62 -247 0
-62 -284 0
-62 -321 0
-62 -358 0
-62 -395 0
-62 -432 0
-62 -469 0
-62 -506 0
-62 -543 0
-62 -580 0
-62 -617 0
-62 -654 0
-62 -691 0
-62 -728 0
-62 -765 0
-62 -802 0
-62 -839 0
-62 -876 0
-62 -913 0
-99 -136 0
-99 -173 0
-99 -210 0
-99 -247 0
-99 -284 0
-99 -321 0
-99 -358 0
-99 -395 0
-99 -432 0
-99 -469 0
-99 -506 0
-99 -543 0
-99 -580 0
-99 -617 0
-99 -654 0
-99 -691 0
-99 -728 0
-99 -765 0
-99 -802 0
-99 -839 0
-99 -876 0
-99 -913 0
-136 -173 0
-136 -210 0
-136 -247 0
-136 -284 0
-136 -321 0
-136 -358 0
-136 -395 0
-136 -432 0
-136 -469 0
-136 -506 0
-136 -543 0
-136 -580 0
-136 -617 0
-136 -654 0
-136 -691 0
-136 -728 0
-136 -765 0
-136 -802 0
-136 -839 0
-136 -876 0
-136 -913 0
-173 -210 0
-173 -247 0
-173 -284 0
-173 -321 0
-173 -358 0
-173 -395 0
-173 -432 0
-173 -469 0
-173 -506 0
-173 -543 0
-173 -580 0
-173 -617 0
-173 -654 0
-173 -691 0
-173 -728 0
-173 -765 0
-173 -802 0
-173 -839 0
-173 -876 0
-173 -913 0
-210 -247 0
-210 -284 0
-210 -321 0
-210 -358 0
-210 -395 0
-210 -432 0
-210 -469 0
-210 -506 0
-210 -543 0
-210 -580 0
-210 -617 0
-210 -654 0
-210 -691 0
-210 -728 0
-210 -765 0
-210 -802 0
-210 -839 0
-210 -876 0
-210 -913 0
-247 -284 0
-247 -321 0
-247 -358 0
-247 -395 0
-247 -432 0
-247 -469 0
-247 -506 0
-247 -543 0
-247 -580 0
-247 -617 0
-247 -654 0
-247 -691 0
-247 -728 0
-247 -765 0
-247 -802 0
-247 -839 0
-247 -876 0
-247 -913 0
-284 -321 0
-284 -358 0
-284 -395 0
-284 -432 0
-284 -469 0
-284 -506 0
-284 -543 0
-284 -580 0
-284 -617 0
-284 -654 0
-284 -691 0
-284 -728 0
-284 -765 0
-284 -802 0
-284 -839 0
-284 -876 0
-284 -913 0
-321 -358 0
-321 -395 0
-321 -432 0
-321 -469 0
-321 -506 0
-321 -543 0
-321 -580 0
-321 -617 0
-321 -654 0
-321 -691 0
-321 -728 0
-321 -765 0
-321 -802 0
-321 -839 0
-321 -876 0
-321 -913 0
-358 -395 0
-358 -432 0
-358 -469 0
-358 -506 0
-358 -543 0
-358 -580 0
-358 -617 0
-358 -654 0
-358 -691 0
-358 -728 0
-358 -765 0
-358 -802 0
-358 -839 0
-358 -876 0
-358 -913 0
-395 -432 0
-395 -469 0
-395 -506 0
-395 -543 0
-395 -580 0
-395 -617 0
-395 -654 0
-395 -691 0
-395 -728 0
-395 -765 0
-395 -802 0
-395 -839 0
-395 -876 0
-395 -913 0
-432 -469 0
-432 -506 0
-432 -543 0
-432 -580 0
-432 -617 0
-432 -654 0
-432 -691 0
-432 -728 0
-432 -765 0
-432 -802 0
-432 -839 0
-432 -876 0
-432 -913 0
-469 -506 0
-469 -543 0
-469 -580 0
-469 -617 0
-469 -654 0
-469 -691 0
-469 -728 0
-469 -765 0
-469 -802 0
-469 -839 0
-469 -876 0
-469 -913 0
-506 -543 0
-506 -580 0
-506 -617 0
-506 -654 0
-506 -691 0
-506 -728 0
-506 -765 0
-506 -802 0
-506 -839 0
-506 -876 0
-506 -913 0
-543 -580 0
-543 -617 0
-543 -654 0
-543 -691 0
-543 -728 0
-543 -765 0
-543 -802 0
-543 -839 0
-543 -876 0
-543 -913 0
-580 -617 0
-580 -654 0
-580 -691 0
-580 -728 0
-580 -765 0
-580 -802 0
-580 -839 0
-580 -876 0
-580 -913 0
-617 -654 0
-617 -691 0
-617 -728 0
-617 -765 0
-617 -802 0
-617 -839 0
-617 -876 0
-617 -913 0
-654 -691 0
-654 -728 0
-654 -765 0
-654 -802 0
-654 -839 0
-654 -876 0
-654 -913 0
-691 -728 0
-691 -765 0
-691 -802 0
-691 -839 0
-691 -876 0
-691 -913 0
-728 -765 0
-728 -802 0
-728 -839 0
-728 -876 0
-728 -913 0
-765 -802 0
-765 -839 0
-765 -876 0
-765 -913 0
-802 -839 0
-802 -876 0
-802 -913 0
-839 -876 0
-839 -913 0
-876 -913 0
-26 -63 0
-26 -100 0
-26 -137 0
-26 -174 0
-26 -211 0
-26 -248 0
-26 -285 0
-26 -322 0
-26 -359 0
-26 -396 0
-26 -433 0
-26 -470 0
-26 -507 0
-26 -544 0
-26 -581 0
-26 -618 0
-26 -655 0
-26 -692 0
-26 -729 0
-26 -766 0
-26 -803 0
-26 -840 0
-26 -877 0
-26 -914 0
-26 -951 0
-63 -100 0
-63 -137 0
-63 -174 0
-63 -211 0
-63 -248 0
-63 -285 0
-63 -322 0
-63 -359 0
-63 -396 0
-63 -433 0
-63 -470 0
-63 -507 0
-63 -544 0
-63 -581 0
-63 -618 0
-63 -655 0
-63 -692 0
-63 -729 0
-63 -766 0
-63 -803 0
-63 -840 0
-63 -877 0
-63 -914 0
-63 -951 0
-100 -137 0
-100 -174 0
-100 -211 0
-100 -248 0
-100 -285 0
-100 -322 0
-100 -359 0
-100 -396 0
-100 -433 0
-100 -470 0
-100 -507 0
-100 -544 0
-100 -581 0
-100 -618 0
-100 -655 0
-100 -692 0
-100 -729 0
-100 -766 0
-100 -803 0
-100 -840 0
-100 -877 0
-100 -914 0
-100 -951 0
-137 -174 0
-137 -211 0
-137 -248 0
-137 -285 0
-137 -322 0
-137 -359 0
-137 -396 0
-137 -433 0
-137 -470 0
-137 -507 0
-137 -544 0
-137 -581 0
-137 -618 0
-137 -655 0
-137 -692 0
-137 -729 0
-137 -766 0
-137 -803 0
-137 -840 0
-137 -877 0
-137 -914 0
-137 -951 0
-174 -211 0
-174 -248 0
-174 -285 0
-174 -322 0
-174 -359 0
-174 -396 0
-174 -433 0
-174 -470 0
-174 -507 0
-174 -544 0
-174 -581 0
-174 -618 0
-174 -655 0
-174 -692 0
-174 -729 0
-174 -766 0
-174 -803 0
-174 -840 0
-174 -877 0
-174 -914 0
-174 -951 0
-211 -248 0
-211 -285 0
-211 -322 0
-211 -359 0
-211 -396 0
-211 -433 0
-211 -470 0
-211 -507 0
-211 -544 0
-211 -581 0
-211 -618 0
-211 -655 0
-211 -692 0
-211 -729 0
-211 -766 0
-211 -803 0
-211 -840 0
-211 -877 0
-211 -914 0
-211 -951 0
-248 -285 0
-248 -322 0
-248 -359 0
-248 -396 0
-248 -433 0
-248 -470 0
-248 -507 0
-248 -544 0
-248 -581 0
-248 -618 0
-248 -655 0
-248 -692 0
-248 -729 0
-248 -766 0
-248 -803 0
-248 -840 0
-248 -877 0
-248 -914 0
-248 -951 0
-285 -322 0
-285 -359 0
-285 -396 0
-285 -433 0
-285 -470 0
-285 -507 0
-285 -544 0
-285 -581 0
-285 -618 0
-285 -655 0
-285 -692 0
-285 -729 0
-285 -766 0
-285 -803 0
-285 -840 0
-285 -877 0
-285 -914 0
-285 -951 0
-322 -359 0
-322 -396 0
-322 -433 0
-322 -470 0
-322 -507 0
-322 -544 0
-322 -581 0
-322 -618 0
-322 -655 0
-322 -692 0
-322 -729 0
-322 -766 0
-322 -803 0
-322 -840 0
-322 -877 0
-322 -914 0
-322 -951 0
-359 -396 0
-359 -433 0
-359 -470 0
-359 -507 0
-359 -544 0
-359 -581 0
-359 -618 0
-359 -655 0
-359 -692 0
-359 -729 0
-359 -766 0
-359 -803 0
-359 -840 0
-359 -877 0
-359 -914 0
-359 -951 0
-396 -433 0
-396 -470 0
-396 -507 0
-396 -544 0
-396 -581 0
-396 -618 0
-396 -655 0
-396 -692 0
-396 -729 0
-396 -766 0
-396 -803 0
-396 -840 0
-396 -877 0
-396 -914 0
-396 -951 0
-433 -470 0
-433 -507 0
-433 -544 0
-433 -581 0
-433 -618 0
-433 -655 0
-433 -692 0
-433 -729 0
-433 -766 0
-433 -803 0
-433 -840 0
-433 -877 0
-433 -914 0
-433 -951 0
-470 -507 0
-470 -544 0
-470 -581 0
-470 -618 0
-470 -655 0
-470 -692 0
-470 -729 0
-470 -766 0
-470 -803 0
-470 -840 0
-470 -877 0
-470 -914 0
-470 -951 0
-507 -544 0
-507 -581 0
-507 -618 0
-507 -655 0
-507 -692 0
-507 -729 0
-507 -766 0
-507 -803 0
-507 -840 0
-507 -877 0
-507 -914 0
-507 -951 0
-544 -581 0
-544 -618 0
-544 -655 0
-544 -692 0
-544 -729 0
-544 -766 0
-544 -803 0
-544 -840 0
-544 -877 0
-544 -914 0
-544 -951 0
-581 -618 0
-581 -655 0
-581 -692 0
-581 -729 0
-581 -766 0
-581 -803 0
-581 -840 0
-581 -877 0
-581 -914 0
-581 -951 0
-618 -655 0
-618 -692 0
-618 -729 0
-618 -766 0
-618 -803 0
-618 -840 0
-618 -877 0
-618 -914 0
-618 -951 0
-655 -692 0
-655 -729 0
-655 -766 0
-655 -803 0
-655 -840 0
-655 -877 0
-655 -914 0
-655 -951 0
-692 -729 0
-692 -766 0
-692 -803 0
-692 -840 0
-692 -877 0
-692 -914 0
-692 -951 0
-729 -766 0
-729 -803 0
-729 -840 0
-729 -877 0
-729 -914 0
-729 -951 0
-766 -803 0
-766 -840 0
-766 -877 0
-766 -914 0
-766 -951 0
-803 -840 0
-803 -877 0
-803 -914 0
-803 -951 0
-840 -877 0
-840 -914 0
-840 -951 0
-877 -914 0
-877 -951 0
-914 -951 0
-27 -64 0
-27 -101 0
-27 -138 0
-27 -175 0
-27 -212 0
-27 -249 0
-27 -286 0
-27 -323 0
-27 -360 0
-27 -397 0
-27 -434 0
-27 -471 0
-27 -508 0
-27 -545 0
-27 -582 0
-27 -619 0
-27 -656 0
-27 -693 0
-27 -730 0
-27 -767 0
-27 -804 0
-27 -841 0
-27 -878 0
-27 -915 0
-27 -952 0
-27 -989 0
-64 -101 0
-64 -138 0
-64 -175 0
-64 -212 0
-64 -249 0
-64 -286 0
-64 -323 0
-64 -360 0
-64 -397 0
-64 -434 0
-64 -471 0
-64 -508 0
-64 -545 0
-64 -582 0
-64 -619 0
-64 -656 0
-64 -693 0
-64 -730 0
-64 -767 0
-64 -804 0
-64 -841 0
-64 -878 0
-64 -915 0
-64 -952 0
-64 -989 0
-101 -138 0
-101 -175 0
-101 -212 0
-101 -249 0
-101 -286 0
-101 -323 0
-101 -360 0
-101 -397 0
-101 -434 0
-101 -471 0
-101 -508 0
-101 -545 0
-101 -582 0
-101 -619 0
-101 -656 0
-101 -693 0
-101 -730 0
-101 -767 0
-101 -804 0
-101 -841 0
-101 -878 0
-101 -915 0
-101 -952 0
-101 -989 0
-138 -175 0
-138 -212 0
-138 -249 0
-138 -286 0
-138 -323 0
-138 -360 0
-138 -397 0
-138 -434 0
-138 -471 0
-138 -508 0
-138 -545 0
-138 -582 0
-138 -619 0
-138 -656 0
-138 -693 0
-138 -730 0
-138 -767 0
-138 -804 0
-138 -841 0
-138 -878 0
-138 -915 0
-138 -952 0
-138 -989 0
-175 -212 0
-175 -249 0
-175 -286 0
-175 -323 0
-175 -360 0
-175 -397 0
-175 -434 0
-175 -471 0
-175 -508 0
-175 -545 0
-175 -582 0
-175 -619 0
-175 -656 0
-175 -693 0
-175 -730 0
-175 -767 0
-175 -804 0
-175 -841 0
-175 -878 0
-175 -915 0
-175 -952 0
-175 -989 0
-212 -249 0
-212 -286 0
-212 -323 0
-212 -360 0
-212 -397 0
-212 -434 0
-212 -471 0
-212 -508 0
-212 -545 0
-212 -582 0
-212 -619 0
-212 -656 0
-212 -693 0
-212 -730 0
-212 -767 0
-212 -804 0
-212 -841 0
-212 -878 0
-212 -915 0
-212 -952 0
-212 -989 0
-249 -286 0
-249 -323 0
-249 -360 0
-249 -397 0
-249 -434 0
-249 -471 0
-249 -508 0
-249 -545 0
-249 -582 0
-249 -619 0
-249 -656 0
-249 -693 0
-249 -730 0
-249 -767 0
-249 -804 0
-249 -841 0
-249 -878 0
-249 -915 0
-249 -952 0
-249 -989 0
-286 -323 0
-286 -360 0
-286 -397 0
-286 -434 0
-286 -471 0
-286 -508 0
-286 -545 0
-286 -582 0
-286 -619 0
-286 -656 0
-286 -693 0
-286 -730 0
-286 -767 0
-286 -804 0
-286 -841 0
-286 -878 0
-286 -915 0
-286 -952 0
-286 -989 0
-323 -360 0
-323 -397 0
-323 -434 0
-323 -471 0
-323 -508 0
-323 -545 0
-323 -582 0
-323 -619 0
-323 -656 0
-323 -693 0
-323 -730 0
-323 -767 0
-323 -804 0
-323 -841 0
-323 -878 0
-323 -915 0
-323 -952 0
-323 -989 0
-360 -397 0
-360 -434 0
-360 -471 0
-360 -508 0
-360 -545 0
-360 -582 0
-360 -619 0
-360 -656 0
-360 -693 0
-360 -730 0
-360 -767 0
-360 -804 0
-360 -841 0
-360 -878 0
-360 -915 0
-360 -952 0
-360 -989 0
-397 -434 0
-397 -471 0
-397 -508 0
-397 -545 0
-397 -582 0
-397 -619 0
-397 -656 0
-397 -693 0
-397 -730 0
-397 -767 0
-397 -804 0
-397 -841 0
-397 -878 0
-397 -915 0
-397 -952 0
-397 -989 0
-434 -471 0
-434 -508 0
-434 -545 0
-434 -582 0
-434 -619 0
-434 -656 0
-434 -693 0
-434 -730 0
-434 -767 0
-434 -804 0
-434 -841 0
-434 -878 0
-434 -915 0
-434 -952 0
-434 -989 0
-471 -508 0
-471 -545 0
-471 -582 0
-471 -619 0
-471 -656 0
-471 -693 0
-471 -730 0
-471 -767 0
-471 -804 0
-471 -841 0
-471 -878 0
-471 -915 0
-471 -952 0
-471 -989 0
-508 -545 0
-508 -582 0
-508 -619 0
-508 -656 0
-508 -693 0
-508 -730 0
-508 -767 0
-508 -804 0
-508 -841 0
-508 -878 0
-508 -915 0
-508 -952 0
-508 -989 0
-545 -582 0
-545 -619 0
-545 -656 0
-545 -693 0
-545 -730 0
-545 -767 0
-545 -804 0
-545 -841 0
-545 -878 0
-545 -915 0
-545 -952 0
-545 -989 0
-582 -619 0
-582 -656 0
-582 -693 0
-582 -730 0
-582 -767 0
-582 -804 0
-582 -841 0
-582 -878 0
-582 -915 0
-582 -952 0
-582 -989 0
-619 -656 0
-619 -693 0
-619 -730 0
-619 -767 0
-619 -804 0
-619 -841 0
-619 -878 0
-619 -915 0
-619 -952 0
-619 -989 0
-656 -693 0
-656 -730 0
-656 -767 0
-656 -804 0
-656 -841 0
-656 -878 0
-656 -915 0
-656 -952 0
-656 -989 0
-693 -730 0
-693 -767 0
-693 -804 0
-693 -841 0
-693 -878 0
-693 -915 0
-693 -952 0
-693 -989 0
-730 -767 0
-730 -804 0
-730 -841 0
-730 -878 0
-730 -915 0
-730 -952 0
-730 -989 0
-767 -804 0
-767 -841 0
-767 -878 0
-767 -915 0
-767 -952 0
-767 -989 0
-804 -841 0
-804 -878 0
-804 -915 0
-804 -952 0
-804 -989 0
-841 -878 0
-841 -915 0
-841 -952 0
-841 -989 0
-878 -915 0
-878 -952 0
-878 -989 0
-915 -952 0
-915 -989 0
-952 -989 0
-28 -65 0
-28 -102 0
-28 -139 0
-28 -176 0
-28 -213 0
-28 -250 0
-28 -287 0
-28 -324 0
-28 -361 0
-28 -398 0
-28 -435 0
-28 -472 0
-28 -509 0
-28 -546 0
-28 -583 0
-28 -620 0
-28 -657 0
-28 -694 0
-28 -731 0
-28 -768 0
-28 -805 0
-28 -842 0
-28 -879 0
-28 -916 0
-28 -953 0
-28 -990 0
-28 -1027 0
-65 -102 0
-65 -139 0
-65 -176 0
-65 -213 0
-65 -250 0
-65 -287 0
-65 -324 0
-65 -361 0
-65 -398 0
-65 -435 0
-65 -472 0
-65 -509 0
-65 -546 0
-65 -583 0
-65 -620 0
-65 -657 0
-65 -694 0
-65 -731 0
-65 -768 0
-65 -805 0
-65 -842 0
-65 -879 0
-65 -916 0
-65 -953 0
-65 -990 0
-65 -1027 0
-102 -139 0
-102 -176 0
-102 -213 0
-102 -250 0
-102 -287 0
-102 -324 0
-102 -361 0
-102 -398 0
-102 -435 0
-102 -472 0
-102 -509 0
-102 -546 0
-102 -583 0
-102 -620 0
-102 -657 0
-102 -694 0
-102 -731 0
-102 -768 0
-102 -805 0
-102 -842 0
-102 -879 0
-102 -916 0
-102 -953 0
-102 -990 0
-102 -1027 0
-139 -176 0
-139 -213 0
-139 -250 0
-139 -287 0
-139 -324 0
-139 -361 0
-139 -398 0
-139 -435 0
-139 -472 0
-139 -509 0
-139 -546 0
-139 -583 0
-139 -620 0
-139 -657 0
-139 -694 0
-139 -731 0
-139 -768 0
-139 -805 0
-139 -842 0
-139 -879 0
-139 -916 0
-139 -953 0
-139 -990 0
-139 -1027 0
-176 -213 0
-176 -250 0
-176 -287 0
-176 -324 0
-176 -361 0
-176 -398 0
-176 -435 0
-176 -472 0
-176 -509 0
-176 -546 0
-176 -583 0
-176 -620 0
-176 -657 0
-176 -694 0
-176 -731 0
-176 -768 0
-176 -805 0
-176 -842 0
-176 -879 0
-176 -916 0
-176 -953 0
-176 -990 0
-176 -1027 0
-213 -250 0
-213 -287 0
-213 -324 0
-213 -361 0
-213 -398 0
-213 -435 0
-213 -472 0
-213 -509 0
-213 -546 0
-213 -583 0
-213 -620 0
-213 -657 0
-213 -694 0
-213 -731 0
-213 -768 0
-213 -805 0
-213 -842 0
-213 -879 0
-213 -916 0
-213 -953 0
-213 -990 0
-213 -1027 0
-250 -287 0
-250 -324 0
-250 -361 0
-250 -398 0
-250 -435 0
-250 -472 0
-250 -509 0
-250 -546 0
-250 -583 0
-250 -620 0
-250 -657 0
-250 -694 0
-250 -731 0
-250 -768 0
-250 -805 0
-250 -842 0
-250 -879 0
-250 -916 0
-250 -953 0
-250 -990 0
-250 -1027 0
-287 -324 0
-287 -361 0
-287 -398 0
-287 -435 0
-287 -472 0
-287 -509 0
-287 -546 0
-287 -583 0
-287 -620 0
-287 -657 0
-287 -694 0
-287 -731 0
-287 -768 0
-287 -805 0
-287 -842 0
-287 -879 0
-287 -916 0
-287 -953 0
-287 -990 0
-287 -1027 0
-324 -361 0
-324 -398 0
-324 -435 0
-324 -472 0
-324 -509 0
-324 -546 0
-324 -583 0
-324 -620 0
-324 -657 0
-324 -694 0
-324 -731 0
-324 -768 0
-324 -805 0
-324 -842 0
-324 -879 0
-324 -916 0
-324 -953 0
-324 -990 0
-324 -1027 0
-361 -398 0
-361 -435 0
-361 -472 0
-361 -509 0
-361 -546 0
-361 -583 0
-361 -620 0
-361 -657 0
-361 -694 0
-361 -731 0
-361 -768 0
-361 -805 0
-361 -842 0
-361 -879 0
-361 -916 0
-361 -953 0
-361 -990 0
-361 -1027 0
-398 -435 0
-398 -472 0
-398 -509 0
-398 -546 0
-398 -583 0
-398 -620 0
-398 -657 0
-398 -694 0
-398 -731 0
-398 -768 0
-398 -805 0
-398 -842 0
-398 -879 0
-398 -916 0
-398 -953 0
-398 -990 0
-398 -1027 0
-435 -472 0
-435 -509 0
-435 -546 0
-435 -583 0
-435 -620 0
-435 -657 0
-435 -694 0
-435 -731 0
-435 -768 0
-435 -805 0
-435 -842 0
-435 -879 0
-435 -916 0
-435 -953 0
-435 -990 0
-435 -1027 0
-472 -509 0
-472 -546 0
-472 -583 0
-472 -620 0
-472 -657 0
-472 -694 0
-472 -731 0
-472 -768 0
-472 -805 0
-472 -842 0
-472 -879 0
-472 -916 0
-472 -953 0
-472 -990 0
-472 -1027 0
-509 -546 0
-509 -583 0
-509 -620 0
-509 -657 0
-509 -694 0
-509 -731 0
-509 -768 0
-509 -805 0
-509 -842 0
-509 -879 0
-509 -916 0
-509 -953 0
-509 -990 0
-509 -1027 0
-546 -583 0
-546 -620 0
-546 -657 0
-546 -694 0
-546 -731 0
-546 -768 0
-546 -805 0
-546 -842 0
-546 -879 0
-546 -916 0
-546 -953 0
-546 -990 0
-546 -1027 0
-583 -620 0
-583 -657 0
-583 -694 0
-583 -731 0
-583 -768 0
-583 -805 0
-583 -842 0
-583 -879 0
-583 -916 0
-583 -953 0
-583 -990 0
-583 -1027 0
-620 -657 0
-620 -694 0
-620 -731 0
-620 -768 0
-620 -805 0
-620 -842 0
-620 -879 0
-620 -916 0
-620 -953 0
-620 -990 0
-620 -1027 0
-657 -694 0
-657 -731 0
-657 -768 0
-657 -805 0
-657 -842 0
-657 -879 0
-657 -916 0
-657 -953 0
-657 -990 0
-657 -1027 0
-694 -731 0
-694 -768 0
-694 -805 0
-694 -842 0
-694 -879 0
-694 -916 0
-694 -953 0
-694 -990 0
-694 -1027 0
-731 -768 0
-731 -805 0
-731 -842 0
-731 -879 0
-731 -916 0
-731 -953 0
-731 -990 0
-731 -1027 0
-768 -805 0
-768 -842 0
-768 -879 0
-768 -916 0
-768 -953 0
-768 -990 0
-768 -1027 0
-805 -842 0
-805 -879 0
-805 -916 0
-805 -953 0
-805 -990 0
-805 -1027 0
-842 -879 0
-842 -916 0
-842 -953 0
-842 -990 0
-842 -1027 0
-879 -916 0
-879 -953 0
-879 -990 0
-879 -1027 0
-916 -953 0
-916 -990 0
-916 -1027 0
-953 -990 0
-953 -1027 0
-990 -1027 0
-29 -66 0
-29 -103 0
-29 -140 0
-29 -177 0
-29 -214 0
-29 -251 0
-29 -288 0
-29 -325 0
-29 -362 0
-29 -399 0
-29 -436 0
-29 -473 0
-29 -510 0
-29 -547 0
-29 -584 0
-29 -621 0
-29 -658 0
-29 -695 0
-29 -732 0
-29 -769 0
-29 -806 0
-29 -843 0
-29 -880 0
-29 -917 0
-29 -954 0
-29 -991 0
-29 -1028 0
-29 -1065 0
-66 -103 0
-66 -140 0
-66 -177 0
-66 -214 0
-66 -251 0
-66 -288 0
-66 -325 0
-66 -362 0
-66 -399 0
-66 -436 0
-66 -473 0
-66 -510 0
-66 -547 0
-66 -584 0
-66 -621 0
-66 -658 0
-66 -695 0
-66 -732 0
-66 -769 0
-66 -806 0
-66 -843 0
-66 -880 0
-66 -917 0
-66 -954 0
-66 -991 0
-66 -1028 0
-66 -1065 0
-103 -140 0
-103 -177 0
-103 -214 0
-103 -251 0
-103 -288 0
-103 -325 0
-103 -362 0
-103 -399 0
-103 -436 0
-103 -473 0
-103 -510 0
-103 -547 0
-103 -584 0
-103 -621 0
-103 -658 0
-103 -695 0
-103 -732 0
-103 -769 0
-103 -806 0
-103 -843 0
-103 -880 0
-103 -917 0
-103 -954 0
-103 -991 0
-103 -1028 0
-103 -1065 0
-140 -177 0
-140 -214 0
-140 -251 0
-140 -288 0
-140 -325 0
-140 -362 0
-140 -399 0
-140 -436 0
-140 -473 0
-140 -510 0
-140 -547 0
-140 -584 0
-140 -621 0
-140 -658 0
-140 -695 0
-140 -732 0
-140 -769 0
-140 -806 0
-140 -843 0
-140 -880 0
-140 -917 0
-140 -954 0
-140 -991 0
-140 -1028 0
-140 -1065 0
-177 -214 0
-177 -251 0
-177 -288 0
-177 -325 0
-177 -362 0
-177 -399 0
-177 -436 0
-177 -473 0
-177 -510 0
-177 -547 0
-177 -584 0
-177 -621 0
-177 -658 0
-177 -695 0
-177 -732 0
-177 -769 0
-177 -806 0
-177 -843 0
-177 -880 0
-177 -917 0
-177 -954 0
-177 -991 0
-177 -1028 0
-177 -1065 0
-214 -251 0
-214 -288 0
-214 -325 0
-214 -362 0
-214 -399 0
-214 -436 0
-214 -473 0
-214 -510 0
-214 -547 0
-214 -584 0
-214 -621 0
-214 -658 0
-214 -695 0
-214 -732 0
-214 -769 0
-214 -806 0
-214 -843 0
-214 -880 0
-214 -917 0
-214 -954 0
-214 -991 0
-214 -1028 0
-214 -1065 0
-251 -288 0
-251 -325 0
-251 -362 0
-251 -399 0
-251 -436 0
-251 -473 0
-251 -510 0
-251 -547 0
-251 -584 0
-251 -621 0
-251 -658 0
-251 -695 0
-251 -732 0
-251 -769 0
-251 -806 0
-251 -843 0
-251 -880 0
-251 -917 0
-251 -954 0
-251 -991 0
-251 -1028 0
-251 -1065 0
-288 -325 0
-288 -362 0
-288 -399 0
-288 -436 0
-288 -473 0
-288 -510 0
-288 -547 0
-288 -584 0
-288 -621 0
-288 -658 0
-288 -695 0
-288 -732 0
-288 -769 0
-288 -806 0
-288 -843 0
-288 -880 0
-288 -917 0
-288 -954 0
-288 -991 0
-288 -1028 0
-288 -1065 0
-325 -362 0
-325 -399 0
-325 -436 0
-325 -473 0
-325 -510 0
-325 -547 0
-325 -584 0
-325 -621 0
-325 -658 0
-325 -695 0
-325 -732 0
-325 -769 0
-325 -806 0
-325 -843 0
-325 -880 0
-325 -917 0
-325 -954 0
-325 -991 0
-325 -1028 0
-325 -1065 0
-362 -399 0
-362 -436 0
-362 -473 0
-362 -510 0
-362 -547 0
-362 -584 0
-362 -621 0
-362 -658 0
-362 -695 0
-362 -732 0
-362 -769 0
-362 -806 0
-362 -843 0
-362 -880 0
-362 -917 0
-362 -954 0
-362 -991 0
-362 -1028 0
-362 -1065 0
-399 -436 0
-399 -473 0
-399 -510 0
-399 -547 0
-399 -584 0
-399 -621 0
-399 -658 0
-399 -695 0
-399 -732 0
-399 -769 0
-399 -806 0
-399 -843 0
-399 -880 0
-399 -917 0
-399 -954 0
-399 -991 0
-399 -1028 0
-399 -1065 0
-436 -473 0
-436 -510 0
-436 -547 0
-436 -584 0
-436 -621 0
-436 -658 0
-436 -695 0
-436 -732 0
-436 -769 0
-436 -806 0
-436 -843 0
-436 -880 0
-436 -917 0
-436 -954 0
-436 -991 0
-436 -1028 0
-436 -1065 0
-473 -510 0
-473 -547 0
-473 -584 0
-473 -621 0
-473 -658 0
-473 -695 0
-473 -732 0
-473 -769 0
-473 -806 0
-473 -843 0
-473 -880 0
-473 -917 0
-473 -954 0
-473 -991 0
-473 -1028 0
-473 -1065 0
-510 -547 0
-510 -584 0
-510 -621 0
-510 -658 0
-510 -695 0
-510 -732 0
-510 -769 0
-510 -806 0
-510 -843 0
-510 -880 0
-510 -917 0
-510 -954 0
-510 -991 0
-510 -1028 0
-510 -1065 0
-547 -584 0
-547 -621 0
-547 -658 0
-547 -695 0
-547 -732 0
-547 -769 0
-547 -806 0
-547 -843 0
-547 -880 0
-547 -917 0
-547 -954 0
-547 -991 0
-547 -1028 0
-547 -1065 0
-584 -621 0
-584 -658 0
-584 -695 0
-584 -732 0
-584 -769 0
-584 -806 0
-584 -843 0
-584 -880 0
-584 -917 0
-584 -954 0
-584 -991 0
-584 -1028 0
-584 -1065 0
-621 -658 0
-621 -695 0
-621 -732 0
-621 -769 0
-621 -806 0
-621 -843 0
-621 -880 0
-621 -917 0
-621 -954 0
-621 -991 0
-621 -1028 0
-621 -1065 0
-658 -695 0
-658 -732 0
-658 -769 0
-658 -806 0
-658 -843 0
-658 -880 0
-658 -917 0
-658 -954 0
-658 -991 0
-658 -1028 0
-658 -1065 0
-695 -732 0
-695 -769 0
-695 -806 0
-695 -843 0
-695 -880 0
-695 -917 0
-695 -954 0
-695 -991 0
-695 -1028 0
-695 -1065 0
-732 -769 0
-732 -806 0
-732 -843 0
-732 -880 0
-732 -917 0
-732 -954 0
-732 -991 0
-732 -1028 0
-732 -1065 0
-769 -806 0
-769 -843 0
-769 -880 0
-769 -917 0
-769 -954 0
-769 -991 0
-769 -1028 0
-769 -1065 0
-806 -843 0
-806 -880 0
-806 -917 0
-806 -954 0
-806 -991 0
-806 -1028 0
-806 -1065 0
-843 -880 0
-843 -917 0
-843 -954 0
-843 -991 0
-843 -1028 0
-843 -1065 0
-880 -917 0
-880 -954 0
-880 -991 0
-880 -1028 0
-880 -1065 0
-917 -954 0
-917 -991 0
-917 -1028 0
-917 -1065 0
-954 -991 0
-954 -1028 0
-954 -1065 0
-991 -1028 0
-991 -1065 0
-1028 -1065 0
-30 -67 0
-30 -104 0
-30 -141 0
-30 -178 0
-30 -215 0
-30 -252 0
-30 -289 0
-30 -326 0
-30 -363 0
-30 -400 0
-30 -437 0
-30 -474 0
-30 -511 0
-30 -548 0
-30 -585 0
-30 -622 0
-30 -659 0
-30 -696 0
-30 -733 0
-30 -770 0
-30 -807 0
-30 -844 0
-30 -881 0
-30 -918 0
-30 -955 0
-30 -992 0
-30 -1029 0
-30 -1066 0
-30 -1103 0
-67 -104 0
-67 -141 0
-67 -178 0
-67 -215 0
-67 -252 0
-67 -289 0
-67 -326 0
-67 -363 0
-67 -400 0
-67 -437 0
-67 -474 0
-67 -511 0
-67 -548 0
-67 -585 0
-67 -622 0
-67 -659 0
-67 -696 0
-67 -733 0
-67 -770 0
-67 -807 0
-67 -844 0
-67 -881 0
-67 -918 0
-67 -955 0
-67 -992 0
-67 -1029 0
-67 -1066 0
-67 -1103 0
-104 -141 0
-104 -178 0
-104 -215 0
-104 -252 0
-104 -289 0
-104 -326 0
-104 -363 0
-104 -400 0
-104 -437 0
-104 -474 0
-104 -511 0
-104 -548 0
-104 -585 0
-104 -622 0
-104 -659 0
-104 -696 0
-104 -733 0
-104 -770 0
-104 -807 0
-104 -844 0
-104 -881 0
-104 -918 0
-104 -955 0
-104 -992 0
-104 -1029 0
-104 -1066 0
-104 -1103 0
-141 -178 0
-141 -215 0
-141 -252 0
-141 -289 0
-141 -326 0
-141 -363 0
-141 -400 0
-141 -437 0
-141 -474 0
-141 -511 0
-141 -548 0
-141 -585 0
-141 -622 0
-141 -659 0
-141 -696 0
-141 -733 0
-141 -770 0
-141 -807 0
-141 -844 0
-141 -881 0
-141 -918 0
-141 -955 0
-141 -992 0
-141 -1029 0
-141 -1066 0
-141 -1103 0
-178 -215 0
-178 -252 0
-178 -289 0
-178 -326 0
-178 -363 0
-178 -400 0
-178 -437 0
-178 -474 0
-178 -511 0
-178 -548 0
-178 -585 0
-178 -622 0
-178 -659 0
-178 -696 0
-178 -733 0
-178 -770 0
-178 -807 0
-178 -844 0
-178 -881 0
-178 -918 0
-178 -955 0
-178 -992 0
-178 -1029 0
-178 -1066 0
-178 -1103 0
-215 -252 0
-215 -289 0
-215 -326 0
-215 -363 0
-215 -400 0
-215 -437 0
-215 -474 0
-215 -511 0
-215 -548 0
-215 -585 0
-215 -622 0
-215 -659 0
-215 -696 0
-215 -733 0
-215 -770 0
-215 -807 0
-215 -844 0
-215 -881 0
-215 -918 0
-215 -955 0
-215 -992 0
-215 -1029 0
-215 -1066 0
-215 -1103 0
-252 -289 0
-252 -326 0
-252 -363 0
-252 -400 0
-252 -437 0
-252 -474 0
-252 -511 0
-252 -548 0
-252 -585 0
-252 -622 0
-252 -659 0
-252 -696 0
-252 -733 0
-252 -770 0
-252 -807 0
-252 -844 0
-252 -881 0
-252 -918 0
-252 -955 0
-252 -992 0
-252 -1029 0
-252 -1066 0
-252 -1103 0
-289 -326 0
-289 -363 0
-289 -400 0
-289 -437 0
-289 -474 0
-289 -511 0
-289 -548 0
-289 -585 0
-289 -622 0
-289 -659 0
-289 -696 0
-289 -733 0
-289 -770 0
-289 -807 0
-289 -844 0
-289 -881 0
-289 -918 0
-289 -955 0
-289 -992 0
-289 -1029 0
-289 -1066 0
-289 -1103 0
-326 -363 0
-326 -400 0
-326 -437 0
-326 -474 0
-326 -511 0
-326 -548 0
-326 -585 0
-326 -622 0
-326 -659 0
-326 -696 0
-326 -733 0
-326 -770 0
-326 -807 0
-326 -844 0
-326 -881 0
-326 -918 0
-326 -955 0
-326 -992 0
-326 -1029 0
-326 -1066 0
-326 -1103 0
-363 -400 0
-363 -437 0
-363 -474 0
-363 -511 0
-363 -548 0
-363 -585 0
-363 -622 0
-363 -659 0
-363 -696 0
-363 -733 0
-363 -770 0
-363 -807 0
-363 -844 0
-363 -881 0
-363 -918 0
-363 -955 0
-363 -992 0
-363 -1029 0
-363 -1066 0
-363 -1103 0
-400 -437 0
-400 -474 0
-400 -511 0
-400 -548 0
-400 -585 0
-400 -622 0
-400 -659 0
-400 -696 0
-400 -733 0
-400 -770 0
-400 -807 0
-400 -844 0
-400 -881 0
-400 -918 0
-400 -955 0
-400 -992 0
-400 -1029 0
-400 -1066 0
-400 -1103 0
-437 -474 0
-437 -511 0
-437 -548 0
-437 -585 0
-437 -622 0
-437 -659 0
-437 -696 0
-437 -733 0
-437 -770 0
-437 -807 0
-437 -844 0
-437 -881 0
-437 -918 0
-437 -955 0
-437 -992 0
-437 -1029 0
-437 -1066 0
-437 -1103 0
-474 -511 0
-474 -548 0
-474 -585 0
-474 -622 0
-474 -659 0
-474 -696 0
-474 -733 0
-474 -770 0
-474 -807 0
-474 -844 0
-474 -881 0
-474 -918 0
-474 -955 0
-474 -992 0
-474 -1029 0
-474 -1066 0
-474 -1103 0
-511 -548 0
-511 -585 0
-511 -622 0
-511 -659 0
-511 -696 0
-511 -733 0
-511 -770 0
-511 -807 0
-511 -844 0
-511 -881 0
-511 -918 0
-511 -955 0
-511 -992 0
-511 -1029 0
-511 -1066 0
-511 -1103 0
-548 -585 0
-548 -622 0
-548 -659 0
-548 -696 0
-548 -733 0
-548 -770 0
-548 -807 0
-548 -844 0
-548 -881 0
-548 -918 0
-548 -955 0
-548 -992 0
-548 -1029 0
-548 -1066 0
-548 -1103 0
-585 -622 0
-585 -659 0
-585 -696 0
-585 -733 0
-585 -770 0
-585 -807 0
-585 -844 0
-585 -881 0
-585 -918 0
-585 -955 0
-585 -992 0
-585 -1029 0
-585 -1066 0
-585 -1103 0
-622 -659 0
-622 -696 0
-622 -733 0
-622 -770 0
-622 -807 0
-622 -844 0
-622 -881 0
-622 -918 0
-622 -955 0
-622 -992 0
-622 -1029 0
-622 -1066 0
-622 -1103 0
-659 -696 0
-659 -733 0
-659 -770 0
-659 -807 0
-659 -844 0
-659 -881 0
-659 -918 0
-659 -955 0
-659 -992 0
-659 -1029 0
-659 -1066 0
-659 -1103 0
-696 -733 0
-696 -770 0
-696 -807 0
-696 -844 0
-696 -881 0
-696 -918 0
-696 -955 0
-696 -992 0
-696 -1029 0
-696 -1066 0
-696 -1103 0
-733 -770 0
-733 -807 0
-733 -844 0
-733 -881 0
-733 -918 0
-733 -955 0
-733 -992 0
-733 -1029 0
-733 -1066 0
-733 -1103 0
-770 -807 0
-770 -844 0
-770 -881 0
-770 -918 0
-770 -955 0
-770 -992 0
-770 -1029 0
-770 -1066 0
-770 -1103 0
-807 -844 0
-807 -881 0
-807 -918 0
-807 -955 0
-807 -992 0
-807 -1029 0
-807 -1066 0
-807 -1103 0
-844 -881 0
-844 -918 0
-844 -955 0
-844 -992 0
-844 -1029 0
-844 -1066 0
-844 -1103 0
-881 -918 0
-881 -955 0
-881 -992 0
-881 -1029 0
-881 -1066 0
-881 -1103 0
-918 -955 0
-918 -992 0
-918 -1029 0
-918 -1066 0
-918 -1103 0
-955 -992 0
-955 -1029 0
-955 -1066 0
-955 -1103 0
-992 -1029 0
-992 -1066 0
-992 -1103 0
-1029 -1066 0
-1029 -1103 0
-1066 -1103 0
-31 -68 0
-31 -105 0
-31 -142 0
-31 -179 0
-31 -216 0
-31 -253 0
-31 -290 0
-31 -327 0
-31 -364 0
-31 -401 0
-31 -438 0
-31 -475 0
-31 -512 0
-31 -549 0
-31 -586 0
-31 -623 0
-31 -660 0
-31 -697 0
-31 -734 0
-31 -771 0
-31 -808 0
-31 -845 0
-31 -882 0
-31 -919 0
-31 -956 0
-31 -993 0
-31 -1030 0
-31 -1067 0
-31 -1104 0
-31 -1141 0
-68 -105 0
-68 -142 0
-68 -179 0
-68 -216 0
-68 -253 0
-68 -290 0
-68 -327 0
-68 -364 0
-68 -401 0
-68 -438 0
-68 -475 0
-68 -512 0
-68 -549 0
-68 -586 0
-68 -623 0
-68 -660 0
-68 -697 0
-68 -734 0
-68 -771 0
-68 -808 0
-68 -845 0
-68 -882 0
-68 -919 0
-68 -956 0
-68 -993 0
-68 -1030 0
-68 -1067 0
-68 -1104 0
-68 -1141 0
-105 -142 0
-105 -179 0
-105 -216 0
-105 -253 0
-105 -290 0
-105 -327 0
-105 -364 0
-105 -401 0
-105 -438 0
-105 -475 0
-105 -512 0
-105 -549 0
-105 -586 0
-105 -623 0
-105 -660 0
-105 -697 0
-105 -734 0
-105 -771 0
-105 -808 0
-105 -845 0
-105 -882 0
-105 -919 0
-105 -956 0
-105 -993 0
-105 -1030 0
-105 -1067 0
-105 -1104 0
-105 -1141 0
-142 -179 0
-142 -216 0
-142 -253 0
-142 -290 0
-142 -327 0
-142 -364 0
-142 -401 0
-142 -438 0
-142 -475 0
-142 -512 0
-142 -549 0
-142 -586 0
-142 -623 0
-142 -660 0
-142 -697 0
-142 -734 0
-142 -771 0
-142 -808 0
-142 -845 0
-142 -882 0
-142 -919 0
-142 -956 0
-142 -993 0
-142 -1030 0
-142 -1067 0
-142 -1104 0
-142 -1141 0
-179 -216 0
-179 -253 0
-179 -290 0
-179 -327 0
-179 -364 0
-179 -401 0
-179 -438 0
-179 -475 0
-179 -512 0
-179 -549 0
-179 -586 0
-179 -623 0
-179 -660 0
-179 -697 0
-179 -734 0
-179 -771 0
-179 -808 0
-179 -845 0
-179 -882 0
-179 -919 0
-179 -956 0
-179 -993 0
-179 -1030 0
-179 -1067 0
-179 -1104 0
-179 -1141 0
-216 -253 0
-216 -290 0
-216 -327 0
-216 -364 0
-216 -401 0
-216 -438 0
-216 -475 0
-216 -512 0
-216 -549 0
-216 -586 0
-216 -623 0
-216 -660 0
-216 -697 0
-216 -734 0
-216 -771 0
-216 -808 0
-216 -845 0
-216 -882 0
-216 -919 0
-216 -956 0
-216 -993 0
-216 -1030 0
-216 -1067 0
-216 -1104 0
-216 -1141 0
-253 -290 0
-253 -327 0
-253 -364 0
-253 -401 0
-253 -438 0
-253 -475 0
-253 -512 0
-253 -549 0
-253 -586 0
-253 -623 0
-253 -660 0
-253 -697 0
-253 -734 0
-253 -771 0
-253 -808 0
-253 -845 0
-253 -882 0
-253 -919 0
-253 -956 0
-253 -993 0
-253 -1030 0
-253 -1067 0
-253 -1104 0
-253 -1141 0
-290 -327 0
-290 -364 0
-290 -401 0
-290 -438 0
-290 -475 0
-290 -512 0
-290 -549 0
-290 -586 0
-290 -623 0
-290 -660 0
-290 -697 0
-290 -734 0
-290 -771 0
-290 -808 0
-290 -845 0
-290 -882 0
-290 -919 0
-290 -956 0
-290 -993 0
-290 -1030 0
-290 -1067 0
-290 -1104 0
-290 -1141 0
-327 -364 0
-327 -401 0
-327 -438 0
-327 -475 0
-327 -512 0
-327 -549 0
-327 -586 0
-327 -623 0
-327 -660 0
-327 -697 0
-327 -734 0
-327 -771 0
-327 -808 0
-327 -845 0
-327 -882 0
-327 -919 0
-327 -956 0
-327 -993 0
-327 -1030 0
-327 -1067 0
-327 -1104 0
-327 -1141 0
-364 -401 0
-364 -438 0
-364 -475 0
-364 -512 0
-364 -549 0
-364 -586 0
-364 -623 0
-364 -660 0
-364 -697 0
-364 -734 0
-364 -771 0
-364 -808 0
-364 -845 0
-364 -882 0
-364 -919 0
-364 -956 0
-364 -993 0
-364 -1030 0
-364 -1067 0
-364 -1104 0
-364 -1141 0
-401 -438 0
-401 -475 0
-401 -512 0
-401 -549 0
-401 -586 0
-401 -623 0
-401 -660 0
-401 -697 0
-401 -734 0
-401 -771 0
-401 -808 0
-401 -845 0
-401 -882 0
-401 -919 0
-401 -956 0
-401 -993 0
-401 -1030 0
-401 -1067 0
-401 -1104 0
-401 -1141 0
-438 -475 0
-438 -512 0
-438 -549 0
-438 -586 0
-438 -623 0
-438 -660 0
-438 -697 0
-438 -734 0
-438 -771 0
-438 -808 0
-438 -845 0
-438 -882 0
-438 -919 0
-438 -956 0
-438 -993 0
-438 -1030 0
-438 -1067 0
-438 -1104 0
-438 -1141 0
-475 -512 0
-475 -549 0
-475 -586 0
-475 -623 0
-475 -660 0
-475 -697 0
-475 -734 0
-475 -771 0
-475 -808 0
-475 -845 0
-475 -882 0
-475 -919 0
-475 -956 0
-475 -993 0
-475 -1030 0
-475 -1067 0
-475 -1104 0
-475 -1141 0
-512 -549 0
-512 -586 0
-512 -623 0
-512 -660 0
-512 -697 0
-512 -734 0
-512 -771 0
-512 -808 0
-512 -845 0
-512 -882 0
-512 -919 0
-512 -956 0
-512 -993 0
-512 -1030 0
-512 -1067 0
-512 -1104 0
-512 -1141 0
-549 -586 0
-549 -623 0
-549 -660 0
-549 -697 0
-549 -734 0
-549 -771 0
-549 -808 0
-549 -845 0
-549 -882 0
-549 -919 0
-549 -956 0
-549 -993 0
-549 -1030 0
-549 -1067 0
-549 -1104 0
-549 -1141 0
-586 -623 0
-586 -660 0
-586 -697 0
-586 -734 0
-586 -771 0
-586 -808 0
-586 -845 0
-586 -882 0
-586 -919 0
-586 -956 0
-586 -993 0
-586 -1030 0
-586 -1067 0
-586 -1104 0
-586 -1141 0
-623 -660 0
-623 -697 0
-623 -734 0
-623 -771 0
-623 -808 0
-623 -845 0
-623 -882 0
-623 -919 0
-623 -956 0
-623 -993 0
-623 -1030 0
-623 -1067 0
-623 -1104 0
-623 -1141 0
-660 -697 0
-660 -734 0
-660 -771 0
-660 -808 0
-660 -845 0
-660 -882 0
-660 -919 0
-660 -956 0
-660 -993 0
-660 -1030 0
-660 -1067 0
-660 -1104 0
-660 -1141 0
-697 -734 0
-697 -771 0
-697 -808 0
-697 -845 0
-697 -882 0
-697 -919 0
-697 -956 0
-697 -993 0
-697 -1030 0
-697 -1067 0
-697 -1104 0
-697 -1141 0
-734 -771 0
-734 -808 0
-734 -845 0
-734 -882 0
-734 -919 0
-734 -956 0
-734 -993 0
-734 -1030 0
-734 -1067 0
-734 -1104 0
-734 -1141 0
-771 -808 0
-771 -845 0
-771 -882 0
-771 -919 0
-771 -956 0
-771 -993 0
-771 -1030 0
-771 -1067 0
-771 -1104 0
-771 -1141 0
-808 -845 0
-808 -882 0
-808 -919 0
-808 -956 0
-808 -993 0
-808 -1030 0
-808 -1067 0
-808 -1104 0
-808 -1141 0
-845 -882 0
-845 -919 0
-845 -956 0
-845 -993 0
-845 -1030 0
-845 -1067 0
-845 -1104 0
-845 -1141 0
-882 -919 0
-882 -956 0
-882 -993 0
-882 -1030 0
-882 -1067 0
-882 -1104 0
-882 -1141 0
-919 -956 0
-919 -993 0
-919 -1030 0
-919 -1067 0
-919 -1104 0
-919 -1141 0
-956 -993 0
-956 -1030 0
-956 -1067 0
-956 -1104 0
-956 -1141 0
-993 -1030 0
-993 -1067 0
-993 -1104 0
-993 -1141 0
-1030 -1067 0
-1030 -1104 0
-1030 -1141 0
-1067 -1104 0
-1067 -1141 0
-1104 -1141 0
-32 -69 0
-32 -106 0
-32 -143 0
-32 -180 0
-32 -217 0
-32 -254 0
-32 -291 0
-32 -328 0
-32 -365 0
-32 -402 0
-32 -439 0
-32 -476 0
-32 -513 0
-32 -550 0
-32 -587 0
-32 -624 0
-32 -661 0
-32 -698 0
-32 -735 0
-32 -772 0
-32 -809 0
-32 -846 0
-32 -883 0
-32 -920 0
-32 -957 0
-32 -994 0
-32 -1031 0
-32 -1068 0
-32 -1105 0
-32 -1142 0
-32 -1179 0
-69 -106 0
-69 -143 0
-69 -180 0
-69 -217 0
-69 -254 0
-69 -291 0
-69 -328 0
-69 -365 0
-69 -402 0
-69 -439 0
-69 -476 0
-69 -513 0
-69 -550 0
-69 -587 0
-69 -624 0
-69 -661 0
-69 -698 0
-69 -735 0
-69 -772 0
-69 -809 0
-69 -846 0
-69 -883 0
-69 -920 0
-69 -957 0
-69 -994 0
-69 -1031 0
-69 -1068 0
-69 -1105 0
-69 -1142 0
-69 -1179 0
-106 -143 0
-106 -180 0
-106 -217 0
-106 -254 0
-106 -291 0
-106 -328 0
-106 -365 0
-106 -402 0
-106 -439 0
-106 -476 0
-106 -513 0
-106 -550 0
-106 -587 0
-106 -624 0
-106 -661 0
-106 -698 0
-106 -735 0
-106 -772 0
-106 -809 0
-106 -846 0
-106 -883 0
-106 -920 0
-106 -957 0
-106 -994 0
-106 -1031 0
-106 -1068 0
-106 -1105 0
-106 -1142 0
-106 -1179 0
-143 -180 0
-143 -217 0
-143 -254 0
-143 -291 0
-143 -328 0
-143 -365 0
-143 -402 0
-143 -439 0
-143 -476 0
-143 -513 0
-143 -550 0
-143 -587 0
-143 -624 0
-143 -661 0
-143 -698 0
-143 -735 0
-143 -772 0
-143 -809 0
-143 -846 0
-143 -883 0
-143 -920 0
-143 -957 0
-143 -994 0
-143 -1031 0
-143 -1068 0
-143 -1105 0
-143 -1142 0
-143 -1179 0
-180 -217 0
-180 -254 0
-180 -291 0
-180 -328 0
-180 -365 0
-180 -402 0
-180 -439 0
-180 -476 0
-180 -513 0
-180 -550 0
-180 -587 0
-180 -624 0
-180 -661 0
-180 -698 0
-180 -735 0
-180 -772 0
-180 -809 0
-180 -846 0
-180 -883 0
-180 -920 0
-180 -957 0
-180 -994 0
-180 -1031 0
-180 -1068 0
-180 -1105 0
-180 -1142 0
-180 -1179 0
-217 -254 0
-217 -291 0
-217 -328 0
-217 -365 0
-217 -402 0
-217 -439 0
-217 -476 0
-217 -513 0
-217 -550 0
-217 -587 0
-217 -624 0
-217 -661 0
-217 -698 0
-217 -735 0
-217 -772 0
-217 -809 0
-217 -846 0
-217 -883 0
-217 -920 0
-217 -957 0
-217 -994 0
-217 -1031 0
-217 -1068 0
-217 -1105 0
-217 -1142 0
-217 -1179 0
-254 -291 0
-254 -328 0
-254 -365 0
-254 -402 0
-254 -439 0
-254 -476 0
-254 -513 0
-254 -550 0
-254 -587 0
-254 -624 0
-254 -661 0
-254 -698 0
-254 -735 0
-254 -772 0
-254 -809 0
-254 -846 0
-254 -883 0
-254 -920 0
-254 -957 0
-254 -994 0
-254 -1031 0
-254 -1068 0
-254 -1105 0
-254 -1142 0
-254 -1179 0
-291 -328 0
-291 -365 0
-291 -402 0
-291 -439 0
-291 -476 0
-291 -513 0
-291 -550 0
-291 -587 0
-291 -624 0
-291 -661 0
-291 -698 0
-291 -735 0
-291 -772 0
-291 -809 0
-291 -846 0
-291 -883 0
-291 -920 0
-291 -957 0
-291 -994 0
-291 -1031 0
-291 -1068 0
-291 -1105 0
-291 -1142 0
-291 -1179 0
-328 -365 0
-328 -402 0
-328 -439 0
-328 -476 0
-328 -513 0
-328 -550 0
-328 -587 0
-328 -624 0
-328 -661 0
-328 -698 0
-328 -735 0
-328 -772 0
-328 -809 0
-328 -846 0
-328 -883 0
-328 -920 0
-328 -957 0
-328 -994 0
-328 -1031 0
-328 -1068 0
-328 -1105 0
-328 -1142 0
-328 -1179 0
-365 -402 0
-365 -439 0
-365 -476 0
-365 -513 0
-365 -550 0
-365 -587 0
-365 -624 0
-365 -661 0
-365 -698 0
-365 -735 0
-365 -772 0
-365 -809 0
-365 -846 0
-365 -883 0
-365 -920 0
-365 -957 0
-365 -994 0
-365 -1031 0
-365 -1068 0
-365 -1105 0
-365 -1142 0
-365 -1179 0
-402 -439 0
-402 -476 0
-402 -513 0
-402 -550 0
-402 -587 0
-402 -624 0
-402 -661 0
-402 -698 0
-402 -735 0
-402 -772 0
-402 -809 0
-402 -846 0
-402 -883 0
-402 -920 0
-402 -957 0
-402 -994 0
-402 -1031 0
-402 -1068 0
-402 -1105 0
-402 -1142 0
-402 -1179 0
-439 -476 0
-439 -513 0
-439 -550 0
-439 -587 0
-439 -624 0
-439 -661 0
-439 -698 0
-439 -735 0
-439 -772 0
-439 -809 0
-439 -846 0
-439 -883 0
-439 -920 0
-439 -957 0
-439 -994 0
-439 -1031 0
-439 -1068 0
-439 -1105 0
-439 -1142 0
-439 -1179 0
-476 -513 0
-476 -550 0
-476 -587 0
-476 -624 0
-476 -661 0
-476 -698 0
-476 -735 0
-476 -772 0
-476 -809 0
-476 -846 0
-476 -883 0
-476 -920 0
-476 -957 0
-476 -994 0
-476 -1031 0
-476 -1068 0
-476 -1105 0
-476 -1142 0
-476 -1179 0
-513 -550 0
-513 -587 0
-513 -624 0
-513 -661 0
-513 -698 0
-513 -735 0
-513 -772 0
-513 -809 0
-513 -846 0
-513 -883 0
-513 -920 0
-513 -957 0
-513 -994 0
-513 -1031 0
-513 -1068 0
-513 -1105 0
-513 -1142 0
-513 -1179 0
-550 -587 0
-550 -624 0
-550 -661 0
-550 -698 0
-550 -735 0
-550 -772 0
-550 -809 0
-550 -846 0
-550 -883 0
-550 -920 0
-550 -957 0
-550 -994 0
-550 -1031 0
-550 -1068 0
-550 -1105 0
-550 -1142 0
-550 -1179 0
-587 -624 0
-587 -661 0
-587 -698 0
-587 -735 0
-587 -772 0
-587 -809 0
-587 -846 0
-587 -883 0
-587 -920 0
-587 -957 0
-587 -994 0
-587 -1031 0
-587 -1068 0
-587 -1105 0
-587 -1142 0
-587 -1179 0
-624 -661 0
-624 -698 0
-624 -735 0
-624 -772 0
-624 -809 0
-624 -846 0
-624 -883 0
-624 -920 0
-624 -957 0
-624 -994 0
-624 -1031 0
-624 -1068 0
-624 -1105 0
-624 -1142 0
-624 -1179 0
-661 -698 0
-661 -735 0
-661 -772 0
-661 -809 0
-661 -846 0
-661 -883 0
-661 -920 0
-661 -957 0
-661 -994 0
-661 -1031 0
-661 -1068 0
-661 -1105 0
-661 -1142 0
-661 -1179 0
-698 -735 0
-698 -772 0
-698 -809 0
-698 -846 0
-698 -883 0
-698 -920 0
-698 -957 0
-698 -994 0
-698 -1031 0
-698 -1068 0
-698 -1105 0
-698 -1142 0
-698 -1179 0
-735 -772 0
-735 -809 0
-735 -846 0
-735 -883 0
-735 -920 0
-735 -957 0
-735 -994 0
-735 -1031 0
-735 -1068 0
-735 -1105 0
-735 -1142 0
-735 -1179 0
-772 -809 0
-772 -846 0
-772 -883 0
-772 -920 0
-772 -957 0
-772 -994 0
-772 -1031 0
-772 -1068 0
-772 -1105 0
-772 -1142 0
-772 -1179 0
-809 -846 0
-809 -883 0
-809 -920 0
-809 -957 0
-809 -994 0
-809 -1031 0
-809 -1068 0
-809 -1105 0
-809 -1142 0
-809 -1179 0
-846 -883 0
-846 -920 0
-846 -957 0
-846 -994 0
-846 -1031 0
-846 -1068 0
-846 -1105 0
-846 -1142 0
-846 -1179 0
-883 -920 0
-883 -957 0
-883 -994 0
-883 -1031 0
-883 -1068 0
-883 -1105 0
-883 -1142 0
-883 -1179 0
-920 -957 0
-920 -994 0
-920 -1031 0
-920 -1068 0
-920 -1105 0
-920 -1142 0
-920 -1179 0
-957 -994 0
-957 -1031 0
-957 -1068 0
-957 -1105 0
-957 -1142 0
-957 -1179 0
-994 -1031 0
-994 -1068 0
-994 -1105 0
-994 -1142 0
-994 -1179 0
-1031 -1068 0
-1031 -1105 0
-1031 -1142 0
-1031 -1179 0
-1068 -1105 0
-1068 -1142 0
-1068 -1179 0
-1105 -1142 0
-1105 -1179 0
-1142 -1179 0
-33 -70 0
-33 -107 0
-33 -144 0
-33 -181 0
-33 -218 0
-33 -255 0
-33 -292 0
-33 -329 0
-33 -366 0
-33 -403 0
-33 -440 0
-33 -477 0
-33 -514 0
-33 -551 0
-33 -588 0
-33 -625 0
-33 -662 0
-33 -699 0
-33 -736 0
-33 -773 0
-33 -810 0
-33 -847 0
-33 -884 0
-33 -921 0
-33 -958 0
-33 -995 0
-33 -1032 0
-33 -1069 0
-33 -1106 0
-33 -1143 0
-33 -1180 0
-33 -1217 0
-70 -107 0
-70 -144 0
-70 -181 0
-70 -218 0
-70 -255 0
-70 -292 0
-70 -329 0
-70 -366 0
-70 -403 0
-70 -440 0
-70 -477 0
-70 -514 0
-70 -551 0
-70 -588 0
-70 -625 0
-70 -662 0
-70 -699 0
-70 -736 0
-70 -773 0
-70 -810 0
-70 -847 0
-70 -884 0
-70 -921 0
-70 -958 0
-70 -995 0
-70 -1032 0
-70 -1069 0
-70 -1106 0
-70 -1143 0
-70 -1180 0
-70 -1217 0
-107 -144 0
-107 -181 0
-107 -218 0
-107 -255 0
-107 -292 0
-107 -329 0
-107 -366 0
-107 -403 0
-107 -440 0
-107 -477 0
-107 -514 0
-107 -551 0
-107 -588 0
-107 -625 0
-107 -662 0
-107 -699 0
-107 -736 0
-107 -773 0
-107 -810 0
-107 -847 0
-107 -884 0
-107 -921 0
-107 -958 0
-107 -995 0
-107 -1032 0
-107 -1069 0
-107 -1106 0
-107 -1143 0
-107 -1180 0
-107 -1217 0
-144 -181 0
-144 -218 0
-144 -255 0
-144 -292 0
-144 -329 0
-144 -366 0
-144 -403 0
-144 -440 0
-144 -477 0
-144 -514 0
-144 -551 0
-144 -588 0
-144 -625 0
-144 -662 0
-144 -699 0
-144 -736 0
-144 -773 0
-144 -810 0
-144 -847 0
-144 -884 0
-144 -921 0
-144 -958 0
-144 -995 0
-144 -1032 0
-144 -1069 0
-144 -1106 0
-144 -1143 0
-144 -1180 0
-144 -1217 0
-181 -218 0
-181 -255 0
-181 -292 0
-181 -329 0
-181 -366 0
-181 -403 0
-181 -440 0
-181 -477 0
-181 -514 0
-181 -551 0
-181 -588 0
-181 -625 0
-181 -662 0
-181 -699 0
-181 -736 0
-181 -773 0
-181 -810 0
-181 -847 0
-181 -884 0
-181 -921 0
-181 -958 0
-181 -995 0
-181 -1032 0
-181 -1069 0
-181 -1106 0
-181 -1143 0
-181 -1180 0
-181 -1217 0
-218 -255 0
-218 -292 0
-218 -329 0
-218 -366 0
-218 -403 0
-218 -440 0
-218 -477 0
-218 -514 0
-218 -551 0
-218 -588 0
-218 -625 0
-218 -662 0
-218 -699 0
-218 -736 0
-218 -773 0
-218 -810 0
-218 -847 0
-218 -884 0
-218 -921 0
-218 -958 0
-218 -995 0
-218 -1032 0
-218 -1069 0
-218 -1106 0
-218 -1143 0
-218 -1180 0
-218 -1217 0
-255 -292 0
-255 -329 0
-255 -366 0
-255 -403 0
-255 -440 0
-255 -477 0
-255 -514 0
-255 -551 0
-255 -588 0
-255 -625 0
-255 -662 0
-255 -699 0
-255 -736 0
-255 -773 0
-255 -810 0
-255 -847 0
-255 -884 0
-255 -921 0
-255 -958 0
-255 -995 0
-255 -1032 0
-255 -1069 0
-255 -1106 0
-255 -1143 0
-255 -1180 0
-255 -1217 0
-292 -329 0
-292 -366 0
-292 -403 0
-292 -440 0
-292 -477 0
-292 -514 0
-292 -551 0
-292 -588 0
-292 -625 0
-292 -662 0
-292 -699 0
-292 -736 0
-292 -773 0
-292 -810 0
-292 -847 0
-292 -884 0
-292 -921 0
-292 -958 0
-292 -995 0
-292 -1032 0
-292 -1069 0
-292 -1106 0
-292 -1143 0
-292 -1180 0
-292 -1217 0
-329 -366 0
-329 -403 0
-329 -440 0
-329 -477 0
-329 -514 0
-329 -551 0
-329 -588 0
-329 -625 0
-329 -662 0
-329 -699 0
-329 -736 0
-329 -773 0
-329 -810 0
-329 -847 0
-329 -884 0
-329 -921 0
-329 -958 0
-329 -995 0
-329 -1032 0
-329 -1069 0
-329 -1106 0
-329 -1143 0
-329 -1180 0
-329 -1217 0
-366 -403 0
-366 -440 0
-366 -477 0
-366 -514 0
-366 -551 0
-366 -588 0
-366 -625 0
-366 -662 0
-366 -699 0
-366 -736 0
-366 -773 0
-366 -810 0
-366 -847 0
-366 -884 0
-366 -921 0
-366 -958 0
-366 -995 0
-366 -1032 0
-366 -1069 0
-366 -1106 0
-366 -1143 0
-366 -1180 0
-366 -1217 0
-403 -440 0
-403 -477 0
-403 -514 0
-403 -551 0
-403 -588 0
-403 -625 0
-403 -662 0
-403 -699 0
-403 -736 0
-403 -773 0
-403 -810 0
-403 -847 0
-403 -884 0
-403 -921 0
-403 -958 0
-403 -995 0
-403 -1032 0
-403 -1069 0
-403 -1106 0
-403 -1143 0
-403 -1180 0
-403 -1217 0
-440 -477 0
-440 -514 0
-440 -551 0
-440 -588 0
-440 -625 0
-440 -662 0
-440 -699 0
-440 -736 0
-440 -773 0
-440 -810 0
-440 -847 0
-440 -884 0
-440 -921 0
-440 -958 0
-440 -995 0
-440 -1032 0
-440 -1069 0
-440 -1106 0
-440 -1143 0
-440 -1180 0
-440 -1217 0
-477 -514 0
-477 -551 0
-477 -588 0
-477 -625 0
-477 -662 0
-477 -699 0
-477 -736 0
-477 -773 0
-477 -810 0
-477 -847 0
-477 -884 0
-477 -921 0
-477 -958 0
-477 -995 0
-477 -1032 0
-477 -1069 0
-477 -1106 0
-477 -1143 0
-477 -1180 0
-477 -1217 0
-514 -551 0
-514 -588 0
-514 -625 0
-514 -662 0
-514 -699 0
-514 -736 0
-514 -773 0
-514 -810 0
-514 -847 0
-514 -884 0
-514 -921 0
-514 -958 0
-514 -995 0
-514 -1032 0
-514 -1069 0
-514 -1106 0
-514 -1143 0
-514 -1180 0
-514 -1217 0
-551 -588 0
-551 -625 0
-551 -662 0
-551 -699 0
-551 -736 0
-551 -773 0
-551 -810 0
-551 -847 0
-551 -884 0
-551 -921 0
-551 -958 0
-551 -995 0
-551 -1032 0
-551 -1069 0
-551 -1106 0
-551 -1143 0
-551 -1180 0
-551 -1217 0
-588 -625 0
-588 -662 0
-588 -699 0
-588 -736 0
-588 -773 0
-588 -810 0
-588 -847 0
-588 -884 0
-588 -921 0
-588 -958 0
-588 -995 0
-588 -1032 0
-588 -1069 0
-588 -1106 0
-588 -1143 0
-588 -1180 0
-588 -1217 0
-625 -662 0
-625 -699 0
-625 -736 0
-625 -773 0
-625 -810 0
-625 -847 0
-625 -884 0
-625 -921 0
-625 -958 0
-625 -995 0
-625 -1032 0
-625 -1069 0
-625 -1106 0
-625 -1143 0
-625 -1180 0
-625 -1217 0
-662 -699 0
-662 -736 0
-662 -773 0
-662 -810 0
-662 -847 0
-662 -884 0
-662 -921 0
-662 -958 0
-662 -995 0
-662 -1032 0
-662 -1069 0
-662 -1106 0
-662 -1143 0
-662 -1180 0
-662 -1217 0
-699 -736 0
-699 -773 0
-699 -810 0
-699 -847 0
-699 -884 0
-699 -921 0
-699 -958 0
-699 -995 0
-699 -1032 0
-699 -1069 0
-699 -1106 0
-699 -1143 0
-699 -1180 0
-699 -1217 0
-736 -773 0
-736 -810 0
-736 -847 0
-736 -884 0
-736 -921 0
-736 -958 0
-736 -995 0
-736 -1032 0
-736 -1069 0
-736 -1106 0
-736 -1143 0
-736 -1180 0
-736 -1217 0
-773 -810 0
-773 -847 0
-773 -884 0
-773 -921 0
-773 -958 0
-773 -995 0
-773 -1032 0
-773 -1069 0
-773 -1106 0
-773 -1143 0
-773 -1180 0
-773 -1217 0
-810 -847 0
-810 -884 0
-810 -921 0
-810 -958 0
-810 -995 0
-810 -1032 0
-810 -1069 0
-810 -1106 0
-810 -1143 0
-810 -1180 0
-810 -1217 0
-847 -884 0
-847 -921 0
-847 -958 0
-847 -995 0
-847 -1032 0
-847 -1069 0
-847 -1106 0
-847 -1143 0
-847 -1180 0
-847 -1217 0
-884 -921 0
-884 -958 0
-884 -995 0
-884 -1032 0
-884 -1069 0
-884 -1106 0
-884 -1143 0
-884 -1180 0
-884 -1217 0
-921 -958 0
-921 -995 0
-921 -1032 0
-921 -1069 0
-921 -1106 0
-921 -1143 0
-921 -1180 0
-921 -1217 0
-958 -995 0
-958 -1032 0
-958 -1069 0
-958 -1106 0
-958 -1143 0
-958 -1180 0
-958 -1217 0
-995 -1032 0
-995 -1069 0
-995 -1106 0
-995 -1143 0
-995 -1180 0
-995 -1217 0
-1032 -1069 0
-1032 -1106 0
-1032 -1143 0
-1032 -1180 0
-1032 -1217 0
-1069 -1106 0
-1069 -1143 0
-1069 -1180 0
-1069 -1217 0
-1106 -1143 0
-1106 -1180 0
-1106 -1217 0
-1143 -1180 0
-1143 -1217 0
-1180 -1217 0
-34 -71 0
-34 -108 0
-34 -145 0
-34 -182 0
-34 -219 0
-34 -256 0
-34 -293 0
-34 -330 0
-34 -367 0
-34 -404 0
-34 -441 0
-34 -478 0
-34 -515 0
-34 -552 0
-34 -589 0
-34 -626 0
-34 -663 0
-34 -700 0
-34 -737 0
-34 -774 0
-34 -811 0
-34 -848 0
-34 -885 0
-34 -922 0
-34 -959 0
-34 -996 0
-34 -1033 0
-34 -1070 0
-34 -1107 0
-34 -1144 0
-34 -1181 0
-34 -1218 0
-34 -1255 0
-71 -108 0
-71 -145 0
-71 -182 0
-71 -219 0
-71 -256 0
-71 -293 0
-71 -330 0
-71 -367 0
-71 -404 0
-71 -441 0
-71 -478 0
-71 -515 0
-71 -552 0
-71 -589 0
-71 -626 0
-71 -663 0
-71 -700 0
-71 -737 0
-71 -774 0
-71 -811 0
-71 -848 0
-71 -885 0
-71 -922 0
-71 -959 0
-71 -996 0
-71 -1033 0
-71 -1070 0
-71 -1107 0
-71 -1144 0
-71 -1181 0
-71 -1218 0
-71 -1255 0
-108 -145 0
-108 -182 0
-108 -219 0
-108 -256 0
-108 -293 0
-108 -330 0
-108 -367 0
-108 -404 0
-108 -441 0
-108 -478 0
-108 -515 0
-108 -552 0
-108 -589 0
-108 -626 0
-108 -663 0
-108 -700 0
-108 -737 0
-108 -774 0
-108 -811 0
-108 -848 0
-108 -885 0
-108 -922 0
-108 -959 0
-108 -996 0
-108 -1033 0
-108 -1070 0
-108 -1107 0
-108 -1144 0
-108 -1181 0
-108 -1218 0
-108 -1255 0
-145 -182 0
-145 -219 0
-145 -256 0
-145 -293 0
-145 -330 0
-145 -367 0
-145 -404 0
-145 -441 0
-145 -478 0
-145 -515 0
-145 -552 0
-145 -589 0
-145 -626 0
-145 -663 0
-145 -700 0
-145 -737 0
-145 -774 0
-145 -811 0
-145 -848 0
-145 -885 0
-145 -922 0
-145 -959 0
-145 -996 0
-145 -1033 0
-145 -1070 0
-145 -1107 0
-145 -1144 0
-145 -1181 0
-145 -1218 0
-145 -1255 0
-182 -219 0
-182 -256 0
-182 -293 0
-182 -330 0
-182 -367 0
-182 -404 0
-182 -441 0
-182 -478 0
-182 -515 0
-182 -552 0
-182 -589 0
-182 -626 0
-182 -663 0
-182 -700 0
-182 -737 0
-182 -774 0
-182 -811 0
-182 -848 0
-182 -885 0
-182 -922 0
-182 -959 0
-182 -996 0
-182 -1033 0
-182 -1070 0
-182 -1107 0
-182 -1144 0
-182 -1181 0
-182 -1218 0
-182 -1255 0
-219 -256 0
-219 -293 0
-219 -330 0
-219 -367 0
-219 -404 0
-219 -441 0
-219 -478 0
-219 -515 0
-219 -552 0
-219 -589 0
-219 -626 0
-219 -663 0
-219 -700 0
-219 -737 0
-219 -774 0
-219 -811 0
-219 -848 0
-219 -885 0
-219 -922 0
-219 -959 0
-219 -996 0
-219 -1033 0
-219 -1070 0
-219 -1107 0
-219 -1144 0
-219 -1181 0
-219 -1218 0
-219 -1255 0
-256 -293 0
-256 -330 0
-256 -367 0
-256 -404 0
-256 -441 0
-256 -478 0
-256 -515 0
-256 -552 0
-256 -589 0
-256 -626 0
-256 -663 0
-256 -700 0
-256 -737 0
-256 -774 0
-256 -811 0
-256 -848 0
-256 -885 0
-256 -922 0
-256 -959 0
-256 -996 0
-256 -1033 0
-256 -1070 0
-256 -1107 0
-256 -1144 0
-256 -1181 0
-256 -1218 0
-256 -1255 0
-293 -330 0
-293 -367 0
-293 -404 0
-293 -441 0
-293 -478 0
-293 -515 0
-293 -552 0
-293 -589 0
-293 -626 0
-293 -663 0
-293 -700 0
-293 -737 0
-293 -774 0
-293 -811 0
-293 -848 0
-293 -885 0
-293 -922 0
-293 -959 0
-293 -996 0
-293 -1033 0
-293 -1070 0
-293 -1107 0
-293 -1144 0
-293 -1181 0
-293 -1218 0
-293 -1255 0
-330 -367 0
-330 -404 0
-330 -441 0
-330 -478 0
-330 -515 0
-330 -552 0
-330 -589 0
-330 -626 0
-330 -663 0
-330 -700 0
-330 -737 0
-330 -774 0
-330 -811 0
-330 -848 0
-330 -885 0
-330 -922 0
-330 -959 0
-330 -996 0
-330 -1033 0
-330 -1070 0
-330 -1107 0
-330 -1144 0
-330 -1181 0
-330 -1218 0
-330 -1255 0
-367 -404 0
-367 -441 0
-367 -478 0
-367 -515 0
-367 -552 0
-367 -589 0
-367 -626 0
-367 -663 0
-367 -700 0
-367 -737 0
-367 -774 0
-367 -811 0
-367 -848 0
-367 -885 0
-367 -922 0
-367 -959 0
-367 -996 0
-367 -1033 0
-367 -1070 0
-367 -1107 0
-367 -1144 0
-367 -1181 0
-367 -1218 0
-367 -1255 0
-404 -441 0
-404 -478 0
-404 -515 0
-404 -552 0
-404 -589 0
-404 -626 0
-404 -663 0
-404 -700 0
-404 -737 0
-404 -774 0
-404 -811 0
-404 -848 0
-404 -885 0
-404 -922 0
-404 -959 0
-404 -996 0
-404 -1033 0
-404 -1070 0
-404 -1107 0
-404 -1144 0
-404 -1181 0
-404 -1218 0
-404 -1255 0
-441 -478 0
-441 -515 0
-441 -552 0
-441 -589 0
-441 -626 0
-441 -663 0
-441 -700 0
-441 -737 0
-441 -774 0
-441 -811 0
-441 -848 0
-441 -885 0
-441 -922 0
-441 -959 0
-441 -996 0
-441 -1033 0
-441 -1070 0
-441 -1107 0
-441 -1144 0
-441 -1181 0
-441 -1218 0
-441 -1255 0
-478 -515 0
-478 -552 0
-478 -589 0
-478 -626 0
-478 -663 0
-478 -700 0
-478 -737 0
-478 -774 0
-478 -811 0
-478 -848 0
-478 -885 0
-478 -922 0
-478 -959 0
-478 -996 0
-478 -1033 0
-478 -1070 0
-478 -1107 0
-478 -1144 0
-478 -1181 0
-478 -1218 0
-478 -1255 0
-515 -552 0
-515 -589 0
-515 -626 0
-515 -663 0
-515 -700 0
-515 -737 0
-515 -774 0
-515 -811 0
-515 -848 0
-515 -885 0
-515 -922 0
-515 -959 0
-515 -996 0
-515 -1033 0
-515 -1070 0
-515 -1107 0
-515 -1144 0
-515 -1181 0
-515 -1218 0
-515 -1255 0
-552 -589 0
-552 -626 0
-552 -663 0
-552 -700 0
-552 -737 0
-552 -774 0
-552 -811 0
-552 -848 0
-552 -885 0
-552 -922 0
-552 -959 0
-552 -996 0
-552 -1033 0
-552 -1070 0
-552 -1107 0
-552 -1144 0
-552 -1181 0
-552 -1218 0
-552 -1255 0
-589 -626 0
-589 -663 0
-589 -700 0
-589 -737 0
-589 -774 0
-589 -811 0
-589 -848 0
-589 -885 0
-589 -922 0
-589 -959 0
-589 -996 0
-589 -1033 0
-589 -1070 0
-589 -1107 0
-589 -1144 0
-589 -1181 0
-589 -1218 0
-589 -1255 0
-626 -663 0
-626 -700 0
-626 -737 0
-626 -774 0
-626 -811 0
-626 -848 0
-626 -885 0
-626 -922 0
-626 -959 0
-626 -996 0
-626 -1033 0
-626 -1070 0
-626 -1107 0
-626 -1144 0
-626 -1181 0
-626 -1218 0
-626 -1255 0
-663 -700 0
-663 -737 0
-663 -774 0
-663 -811 0
-663 -848 0
-663 -885 0
-663 -922 0
-663 -959 0
-663 -996 0
-663 -1033 0
-663 -1070 0
-663 -1107 0
-663 -1144 0
-663 -1181 0
-663 -1218 0
-663 -1255 0
-700 -737 0
-700 -774 0
-700 -811 0
-700 -848 0
-700 -885 0
-700 -922 0
-700 -959 0
-700 -996 0
-700 -1033 0
-700 -1070 0
-700 -1107 0
-700 -1144 0
-700 -1181 0
-700 -1218 0
-700 -1255 0
-737 -774 0
-737 -811 0
-737 -848 0
-737 -885 0
-737 -922 0
-737 -959 0
-737 -996 0
-737 -1033 0
-737 -1070 0
-737 -1107 0
-737 -1144 0
-737 -1181 0
-737 -1218 0
-737 -1255 0
-774 -811 0
-774 -848 0
-774 -885 0
-774 -922 0
-774 -959 0
-774 -996 0
-774 -1033 0
-774 -1070 0
-774 -1107 0
-774 -1144 0
-774 -1181 0
-774 -1218 0
-774 -1255 0
-811 -848 0
-811 -885 0
-811 -922 0
-811 -959 0
-811 -996 0
-811 -1033 0
-811 -1070 0
-811 -1107 0
-811 -1144 0
-811 -1181 0
-811 -1218 0
-811 -1255 0
-848 -885 0
-848 -922 0
-848 -959 0
-848 -996 0
-848 -1033 0
-848 -1070 0
-848 -1107 0
-848 -1144 0
-848 -1181 0
-848 -1218 0
-848 -1255 0
-885 -922 0
-885 -959 0
-885 -996 0
-885 -1033 0
-885 -1070 0
-885 -1107 0
-885 -1144 0
-885 -1181 0
-885 -1218 0
-885 -1255 0
-922 -959 0
-922 -996 0
-922 -1033 0
-922 -1070 0
-922 -1107 0
-922 -1144 0
-922 -1181 0
-922 -1218 0
-922 -1255 0
-959 -996 0
-959 -1033 0
-959 -1070 0
-959 -1107 0
-959 -1144 0
-959 -1181 0
-959 -1218 0
-959 -1255 0
-996 -1033 0
-996 -1070 0
-996 -1107 0
-996 -1144 0
-996 -1181 0
-996 -1218 0
-996 -1255 0
-1033 -1070 0
-1033 -1107 0
-1033 -1144 0
-1033 -1181 0
-1033 -1218 0
-1033 -1255 0
-1070 -1107 0
-1070 -1144 0
-1070 -1181 0
-1070 -1218 0
-1070 -1255 0
-1107 -1144 0
-1107 -1181 0
-1107 -1218 0
-1107 -1255 0
-1144 -1181 0
-1144 -1218 0
-1144 -1255 0
-1181 -1218 0
-1181 -1255 0
-1218 -1255 0
-35 -72 0
-35 -109 0
-35 -146 0
-35 -183 0
-35 -220 0
-35 -257 0
-35 -294 0
-35 -331 0
-35 -368 0
-35 -405 0
-35 -442 0
-35 -479 0
-35 -516 0
-35 -553 0
-35 -590 0
-35 -627 0
-35 -664 0
-35 -701 0
-35 -738 0
-35 -775 0
-35 -812 0
-35 -849 0
-35 -886 0
-35 -923 0
-35 -960 0
-35 -997 0
-35 -1034 0
-35 -1071 0
-35 -1108 0
-35 -1145 0
-35 -1182 0
-35 -1219 0
-35 -1256 0
-35 -1293 0
-72 -109 0
-72 -146 0
-72 -183 0
-72 -220 0
-72 -257 0
-72 -294 0
-72 -331 0
-72 -368 0
-72 -405 0
-72 -442 0
-72 -479 0
-72 -516 0
-72 -553 0
-72 -590 0
-72 -627 0
-72 -664 0
-72 -701 0
-72 -738 0
-72 -775 0
-72 -812 0
-72 -849 0
-72 -886 0
-72 -923 0
-72 -960 0
-72 -997 0
-72 -1034 0
-72 -1071 0
-72 -1108 0
-72 -1145 0
-72 -1182 0
-72 -1219 0
-72 -1256 0
-72 -1293 0
-109 -146 0
-109 -183 0
-109 -220 0
-109 -257 0
-109 -294 0
-109 -331 0
-109 -368 0
-109 -405 0
-109 -442 0
-109 -479 0
-109 -516 0
-109 -553 0
-109 -590 0
-109 -627 0
-109 -664 0
-109 -701 0
-109 -738 0
-109 -775 0
-109 -812 0
-109 -849 0
-109 -886 0
-109 -923 0
-109 -960 0
-109 -997 0
-109 -1034 0
-109 -1071 0
-109 -1108 0
-109 -1145 0
-109 -1182 0
-109 -1219 0
-109 -1256 0
-109 -1293 0
-146 -183 0
-146 -220 0
-146 -257 0
-146 -294 0
-146 -331 0
-146 -368 0
-146 -405 0
-146 -442 0
-146 -479 0
-146 -516 0
-146 -553 0
-146 -590 0
-146 -627 0
-146 -664 0
-146 -701 0
-146 -738 0
-146 -775 0
-146 -812 0
-146 -849 0
-146 -886 0
-146 -923 0
-146 -960 0
-146 -997 0
-146 -1034 0
-146 -1071 0
-146 -1108 0
-146 -1145 0
-146 -1182 0
-146 -1219 0
-146 -1256 0
-146 -1293 0
-183 -220 0
-183 -257 0
-183 -294 0
-183 -331 0
-183 -368 0
-183 -405 0
-183 -442 0
-183 -479 0
-183 -516 0
-183 -553 0
-183 -590 0
-183 -627 0
-183 -664 0
-183 -701 0
-183 -738 0
-183 -775 0
-183 -812 0
-183 -849 0
-183 -886 0
-183 -923 0
-183 -960 0
-183 -997 0
-183 -1034 0
-183 -1071 0
-183 -1108 0
-183 -1145 0
-183 -1182 0
-183 -1219 0
-183 -1256 0
-183 -1293 0
-220 -257 0
-220 -294 0
-220 -331 0
-220 -368 0
-220 -405 0
-220 -442 0
-220 -479 0
-220 -516 0
-220 -553 0
-220 -590 0
-220 -627 0
-220 -664 0
-220 -701 0
-220 -738 0
-220 -775 0
-220 -812 0
-220 -849 0
-220 -886 0
-220 -923 0
-220 -960 0
-220 -997 0
-220 -1034 0
-220 -1071 0
-220 -1108 0
-220 -1145 0
-220 -1182 0
-220 -1219 0
-220 -1256 0
-220 -1293 0
-257 -294 0
-257 -331 0
-257 -368 0
-257 -405 0
-257 -442 0
-257 -479 0
-257 -516 0
-257 -553 0
-257 -590 0
-257 -627 0
-257 -664 0
-257 -701 0
-257 -738 0
-257 -775 0
-257 -812 0
-257 -849 0
-257 -886 0
-257 -923 0
-257 -960 0
-257 -997 0
-257 -1034 0
-257 -1071 0
-257 -1108 0
-257 -1145 0
-257 -1182 0
-257 -1219 0
-257 -1256 0
-257 -1293 0
-294 -331 0
-294 -368 0
-294 -405 0
-294 -442 0
-294 -479 0
-294 -516 0
-294 -553 0
-294 -590 0
-294 -627 0
-294 -664 0
-294 -701 0
-294 -738 0
-294 -775 0
-294 -812 0
-294 -849 0
-294 -886 0
-294 -923 0
-294 -960 0
-294 -997 0
-294 -1034 0
-294 -1071 0
-294 -1108 0
-294 -1145 0
-294 -1182 0
-294 -1219 0
-294 -1256 0
-294 -1293 0
-331 -368 0
-331 -405 0
-331 -442 0
-331 -479 0
-331 -516 0
-331 -553 0
-331 -590 0
-331 -627 0
-331 -664 0
-331 -701 0
-331 -738 0
-331 -775 0
-331 -812 0
-331 -849 0
-331 -886 0
-331 -923 0
-331 -960 0
-331 -997 0
-331 -1034 0
-331 -1071 0
-331 -1108 0
-331 -1145 0
-331 -1182 0
-331 -1219 0
-331 -1256 0
-331 -1293 0
-368 -405 0
-368 -442 0
-368 -479 0
-368 -516 0
-368 -553 0
-368 -590 0
-368 -627 0
-368 -664 0
-368 -701 0
-368 -738 0
-368 -775 0
-368 -812 0
-368 -849 0
-368 -886 0
-368 -923 0
-368 -960 0
-368 -997 0
-368 -1034 0
-368 -1071 0
-368 -1108 0
-368 -1145 0
-368 -1182 0
-368 -1219 0
-368 -1256 0
-368 -1293 0
-405 -442 0
-405 -479 0
-405 -516 0
-405 -553 0
-405 -590 0
-405 -627 0
-405 -664 0
-405 -701 0
-405 -738 0
-405 -775 0
-405 -812 0
-405 -849 0
-405 -886 0
-405 -923 0
-405 -960 0
-405 -997 0
-405 -1034 0
-405 -1071 0
-405 -1108 0
-405 -1145 0
-405 -1182 0
-405 -1219 0
-405 -1256 0
-405 -1293 0
-442 -479 0
-442 -516 0
-442 -553 0
-442 -590 0
-442 -627 0
-442 -664 0
-442 -701 0
-442 -738 0
-442 -775 0
-442 -812 0
-442 -849 0
-442 -886 0
-442 -923 0
-442 -960 0
-442 -997 0
-442 -1034 0
-442 -1071 0
-442 -1108 0
-442 -1145 0
-442 -1182 0
-442 -1219 0
-442 -1256 0
-442 -1293 0
-479 -516 0
-479 -553 0
-479 -590 0
-479 -627 0
-479 -664 0
-479 -701 0
-479 -738 0
-479 -775 0
-479 -812 0
-479 -849 0
-479 -886 0
-479 -923 0
-479 -960 0
-479 -997 0
-479 -1034 0
-479 -1071 0
-479 -1108 0
-479 -1145 0
-479 -1182 0
-479 -1219 0
-479 -1256 0
-479 -1293 0
-516 -553 0
-516 -590 0
-516 -627 0
-516 -664 0
-516 -701 0
-516 -738 0
-516 -775 0
-516 -812 0
-516 -849 0
-516 -886 0
-516 -923 0
-516 -960 0
-516 -997 0
-516 -1034 0
-516 -1071 0
-516 -1108 0
-516 -1145 0
-516 -1182 0
-516 -1219 0
-516 -1256 0
-516 -1293 0
-553 -590 0
-553 -627 0
-553 -664 0
-553 -701 0
-553 -738 0
-553 -775 0
-553 -812 0
-553 -849 0
-553 -886 0
-553 -923 0
-553 -960 0
-553 -997 0
-553 -1034 0
-553 -1071 0
-553 -1108 0
-553 -1145 0
-553 -1182 0
-553 -1219 0
-553 -1256 0
-553 -1293 0
-590 -627 0
-590 -664 0
-590 -701 0
-590 -738 0
-590 -775 0
-590 -812 0
-590 -849 0
-590 -886 0
-590 -923 0
-590 -960 0
-590 -997 0
-590 -1034 0
-590 -1071 0
-590 -1108 0
-590 -1145 0
-590 -1182 0
-590 -1219 0
-590 -1256 0
-590 -1293 0
-627 -664 0
-627 -701 0
-627 -738 0
-627 -775 0
-627 -812 0
-627 -849 0
-627 -886 0
-627 -923 0
-627 -960 0
-627 -997 0
-627 -1034 0
-627 -1071 0
-627 -1108 0
-627 -1145 0
-627 -1182 0
-627 -1219 0
-627 -1256 0
-627 -1293 0
-664 -701 0
-664 -738 0
-664 -775 0
-664 -812 0
-664 -849 0
-664 -886 0
-664 -923 0
-664 -960 0
-664 -997 0
-664 -1034 0
-664 -1071 0
-664 -1108 0
-664 -1145 0
-664 -1182 0
-664 -1219 0
-664 -1256 0
-664 -1293 0
-701 -738 0
-701 -775 0
-701 -812 0
-701 -849 0
-701 -886 0
-701 -923 0
-701 -960 0
-701 -997 0
-701 -1034 0
-701 -1071 0
-701 -1108 0
-701 -1145 0
-701 -1182 0
-701 -1219 0
-701 -1256 0
-701 -1293 0
-738 -775 0
-738 -812 0
-738 -849 0
-738 -886 0
-738 -923 0
-738 -960 0
-738 -997 0
-738 -1034 0
-738 -1071 0
-738 -1108 0
-738 -1145 0
-738 -1182 0
-738 -1219 0
-738 -1256 0
-738 -1293 0
-775 -812 0
-775 -849 0
-775 -886 0
-775 -923 0
-775 -960 0
-775 -997 0
-775 -1034 0
-775 -1071 0
-775 -1108 0
-775 -1145 0
-775 -1182 0
-775 -1219 0
-775 -1256 0
-775 -1293 0
-812 -849 0
-812 -886 0
-812 -923 0
-812 -960 0
-812 -997 0
-812 -1034 0
-812 -1071 0
-812 -1108 0
-812 -1145 0
-812 -1182 0
-812 -1219 0
-812 -1256 0
-812 -1293 0
-849 -886 0
-849 -923 0
-849 -960 0
-849 -997 0
-849 -1034 0
-849 -1071 0
-849 -1108 0
-849 -1145 0
-849 -1182 0
-849 -1219 0
-849 -1256 0
-849 -1293 0
-886 -923 0
-886 -960 0
-886 -997 0
-886 -1034 0
-886 -1071 0
-886 -1108 0
-886 -1145 0
-886 -1182 0
-886 -1219 0
-886 -1256 0
-886 -1293 0
-923 -960 0
-923 -997 0
-923 -1034 0
-923 -1071 0
-923 -1108 0
-923 -1145 0
-923 -1182 0
-923 -1219 0
-923 -1256 0
-923 -1293 0
-960 -997 0
-960 -1034 0
-960 -1071 0
-960 -1108 0
-960 -1145 0
-960 -1182 0
-960 -1219 0
-960 -1256 0
-960 -1293 0
-997 -1034 0
-997 -1071 0
-997 -1108 0
-997 -1145 0
-997 -1182 0
-997 -1219 0
-997 -1256 0
-997 -1293 0
-1034 -1071 0
-1034 -1108 0
-1034 -1145 0
-1034 -1182 0
-1034 -1219 0
-1034 -1256 0
-1034 -1293 0
-1071 -1108 0
-1071 -1145 0
-1071 -1182 0
-1071 -1219 0
-1071 -1256 0
-1071 -1293 0
-1108 -1145 0
-1108 -1182 0
-1108 -1219 0
-1108 -1256 0
-1108 -1293 0
-1145 -1182 0
-1145 -1219 0
-1145 -1256 0
-1145 -1293 0
-1182 -1219 0
-1182 -1256 0
-1182 -1293 0
-1219 -1256 0
-1219 -1293 0
-1256 -1293 0
-36 -73 0
-36 -110 0
-36 -147 0
-36 -184 0
-36 -221 0
-36 -258 0
-36 -295 0
-36 -332 0
-36 -369 0
-36 -406 0
-36 -443 0
-36 -480 0
-36 -517 0
-36 -554 0
-36 -591 0
-36 -628 0
-36 -665 0
-36 -702 0
-36 -739 0
-36 -776 0
-36 -813 0
-36 -850 0
-36 -887 0
-36 -924 0
-36 -961 0
-36 -998 0
-36 -1035 0
-36 -1072 0
-36 -1109 0
-36 -1146 0
-36 -1183 0
-36 -1220 0
-36 -1257 0
-36 -1294 0
-36 -1331 0
-73 -110 0
-73 -147 0
-73 -184 0
-73 -221 0
-73 -258 0
-73 -295 0
-73 -332 0
-73 -369 0
-73 -406 0
-73 -443 0
-73 -480 0
-73 -517 0
-73 -554 0
-73 -591 0
-73 -628 0
-73 -665 0
-73 -702 0
-73 -739 0
-73 -776 0
-73 -813 0
-73 -850 0
-73 -887 0
-73 -924 0
-73 -961 0
-73 -998 0
-73 -1035 0
-73 -1072 0
-73 -1109 0
-73 -1146 0
-73 -1183 0
-73 -1220 0
-73 -1257 0
-73 -1294 0
-73 -1331 0
-110 -147 0
-110 -184 0
-110 -221 0
-110 -258 0
-110 -295 0
-110 -332 0
-110 -369 0
-110 -406 0
-110 -443 0
-110 -480 0
-110 -517 0
-110 -554 0
-110 -591 0
-110 -628 0
-110 -665 0
-110 -702 0
-110 -739 0
-110 -776 0
-110 -813 0
-110 -850 0
-110 -887 0
-110 -924 0
-110 -961 0
-110 -998 0
-110 -1035 0
-110 -1072 0
-110 -1109 0
-110 -1146 0
-110 -1183 0
-110 -1220 0
-110 -1257 0
-110 -1294 0
-110 -1331 0
-147 -184 0
-147 -221 0
-147 -258 0
-147 -295 0
-147 -332 0
-147 -369 0
-147 -406 0
-147 -443 0
-147 -480 0
-147 -517 0
-147 -554 0
-147 -591 0
-147 -628 0
-147 -665 0
-147 -702 0
-147 -739 0
-147 -776 0
-147 -813 0
-147 -850 0
-147 -887 0
-147 -924 0
-147 -961 0
-147 -998 0
-147 -1035 0
-147 -1072 0
-147 -1109 0
-147 -1146 0
-147 -1183 0
-147 -1220 0
-147 -1257 0
-147 -1294 0
-147 -1331 0
-184 -221 0
-184 -258 0
-184 -295 0
-184 -332 0
-184 -369 0
-184 -406 0
-184 -443 0
-184 -480 0
-184 -517 0
-184 -554 0
-184 -591 0
-184 -628 0
-184 -665 0
-184 -702 0
-184 -739 0
-184 -776 0
-184 -813 0
-184 -850 0
-184 -887 0
-184 -924 0
-184 -961 0
-184 -998 0
-184 -1035 0
-184 -1072 0
-184 -1109 0
-184 -1146 0
-184 -1183 0
-184 -1220 0
-184 -1257 0
-184 -1294 0
-184 -1331 0
-221 -258 0
-221 -295 0
-221 -332 0
-221 -369 0
-221 -406 0
-221 -443 0
-221 -480 0
-221 -517 0
-221 -554 0
-221 -591 0
-221 -628 0
-221 -665 0
-221 -702 0
-221 -739 0
-221 -776 0
-221 -813 0
-221 -850 0
-221 -887 0
-221 -924 0
-221 -961 0
-221 -998 0
-221 -1035 0
-221 -1072 0
-221 -1109 0
-221 -1146 0
-221 -1183 0
-221 -1220 0
-221 -1257 0
-221 -1294 0
-221 -1331 0
-258 -295 0
-258 -332 0
-258 -369 0
-258 -406 0
-258 -443 0
-258 -480 0
-258 -517 0
-258 -554 0
-258 -591 0
-258 -628 0
-258 -665 0
-258 -702 0
-258 -739 0
-258 -776 0
-258 -813 0
-258 -850 0
-258 -887 0
-258 -924 0
-258 -961 0
-258 -998 0
-258 -1035 0
-258 -1072 0
-258 -1109 0
-258 -1146 0
-258 -1183 0
-258 -1220 0
-258 -1257 0
-258 -1294 0
-258 -1331 0
-295 -332 0
-295 -369 0
-295 -406 0
-295 -443 0
-295 -480 0
-295 -517 0
-295 -554 0
-295 -591 0
-295 -628 0
-295 -665 0
-295 -702 0
-295 -739 0
-295 -776 0
-295 -813 0
-295 -850 0
-295 -887 0
-295 -924 0
-295 -961 0
-295 -998 0
-295 -1035 0
-295 -1072 0
-295 -1109 0
-295 -1146 0
-295 -1183 0
-295 -1220 0
-295 -1257 0
-295 -1294 0
-295 -1331 0
-332 -369 0
-332 -406 0
-332 -443 0
-332 -480 0
-332 -517 0
-332 -554 0
-332 -591 0
-332 -628 0
-332 -665 0
-332 -702 0
-332 -739 0
-332 -776 0
-332 -813 0
-332 -850 0
-332 -887 0
-332 -924 0
-332 -961 0
-332 -998 0
-332 -1035 0
-332 -1072 0
-332 -1109 0
-332 -1146 0
-332 -1183 0
-332 -1220 0
-332 -1257 0
-332 -1294 0
-332 -1331 0
-369 -406 0
-369 -443 0
-369 -480 0
-369 -517 0
-369 -554 0
-369 -591 0
-369 -628 0
-369 -665 0
-369 -702 0
-369 -739 0
-369 -776 0
-369 -813 0
-369 -850 0
-369 -887 0
-369 -924 0
-369 -961 0
-369 -998 0
-369 -1035 0
-369 -1072 0
-369 -1109 0
-369 -1146 0
-369 -1183 0
-369 -1220 0
-369 -1257 0
-369 -1294 0
-369 -1331 0
-406 -443 0
-406 -480 0
-406 -517 0
-406 -554 0
-406 -591 0
-406 -628 0
-406 -665 0
-406 -702 0
-406 -739 0
-406 -776 0
-406 -813 0
-406 -850 0
-406 -887 0
-406 -924 0
-406 -961 0
-406 -998 0
-406 -1035 0
-406 -1072 0
-406 -1109 0
-406 -1146 0
-406 -1183 0
-406 -1220 0
-406 -1257 0
-406 -1294 0
-406 -1331 0
-443 -480 0
-443 -517 0
-443 -554 0
-443 -591 0
-443 -628 0
-443 -665 0
-443 -702 0
-443 -739 0
-443 -776 0
-443 -813 0
-443 -850 0
-443 -887 0
-443 -924 0
-443 -961 0
-443 -998 0
-443 -1035 0
-443 -1072 0
-443 -1109 0
-443 -1146 0
-443 -1183 0
-443 -1220 0
-443 -1257 0
-443 -1294 0
-443 -1331 0
-480 -517 0
-480 -554 0
-480 -591 0
-480 -628 0
-480 -665 0
-480 -702 0
-480 -739 0
-480 -776 0
-480 -813 0
-480 -850 0
-480 -887 0
-480 -924 0
-480 -961 0
-480 -998 0
-480 -1035 0
-480 -1072 0
-480 -1109 0
-480 -1146 0
-480 -1183 0
-480 -1220 0
-480 -1257 0
-480 -1294 0
-480 -1331 0
-517 -554 0
-517 -591 0
-517 -628 0
-517 -665 0
-517 -702 0
-517 -739 0
-517 -776 0
-517 -813 0
-517 -850 0
-517 -887 0
-517 -924 0
-517 -961 0
-517 -998 0
-517 -1035 0
-517 -1072 0
-517 -1109 0
-517 -1146 0
-517 -1183 0
-517 -1220 0
-517 -1257 0
-517 -1294 0
-517 -1331 0
-554 -591 0
-554 -628 0
-554 -665 0
-554 -702 0
-554 -739 0
-554 -776 0
-554 -813 0
-554 -850 0
-554 -887 0
-554 -924 0
-554 -961 0
-554 -998 0
-554 -1035 0
-554 -1072 0
-554 -1109 0
-554 -1146 0
-554 -1183 0
-554 -1220 0
-554 -1257 0
-554 -1294 0
-554 -1331 0
-591 -628 0
-591 -665 0
-591 -702 0
-591 -739 0
-591 -776 0
-591 -813 0
-591 -850 0
-591 -887 0
-591 -924 0
-591 -961 0
-591 -998 0
-591 -1035 0
-591 -1072 0
-591 -1109 0
-591 -1146 0
-591 -1183 0
-591 -1220 0
-591 -1257 0
-591 -1294 0
-591 -1331 0
-628 -665 0
-628 -702 0
-628 -739 0
-628 -776 0
-628 -813 0
-628 -850 0
-628 -887 0
-628 -924 0
-628 -961 0
-628 -998 0
-628 -1035 0
-628 -1072 0
-628 -1109 0
-628 -1146 0
-628 -1183 0
-628 -1220 0
-628 -1257 0
-628 -1294 0
-628 -1331 0
-665 -702 0
-665 -739 0
-665 -776 0
-665 -813 0
-665 -850 0
-665 -887 0
-665 -924 0
-665 -961 0
-665 -998 0
-665 -1035 0
-665 -1072 0
-665 -1109 0
-665 -1146 0
-665 -1183 0
-665 -1220 0
-665 -1257 0
-665 -1294 0
-665 -1331 0
-702 -739 0
-702 -776 0
-702 -813 0
-702 -850 0
-702 -887 0
-702 -924 0
-702 -961 0
-702 -998 0
-702 -1035 0
-702 -1072 0
-702 -1109 0
-702 -1146 0
-702 -1183 0
-702 -1220 0
-702 -1257 0
-702 -1294 0
-702 -1331 0
-739 -776 0
-739 -813 0
-739 -850 0
-739 -887 0
-739 -924 0
-739 -961 0
-739 -998 0
-739 -1035 0
-739 -1072 0
-739 -1109 0
-739 -1146 0
-739 -1183 0
-739 -1220 0
-739 -1257 0
-739 -1294 0
-739 -1331 0
-776 -813 0
-776 -850 0
-776 -887 0
-776 -924 0
-776 -961 0
-776 -998 0
-776 -1035 0
-776 -1072 0
-776 -1109 0
-776 -1146 0
-776 -1183 0
-776 -1220 0
-776 -1257 0
-776 -1294 0
-776 -1331 0
-813 -850 0
-813 -887 0
-813 -924 0
-813 -961 0
-813 -998 0
-813 -1035 0
-813 -1072 0
-813 -1109 0
-813 -1146 0
-813 -1183 0
-813 -1220 0
-813 -1257 0
-813 -1294 0
-813 -1331 0
-850 -887 0
-850 -924 0
-850 -961 0
-850 -998 0
-850 -1035 0
-850 -1072 0
-850 -1109 0
-850 -1146 0
-850 -1183 0
-850 -1220 0
-850 -1257 0
-850 -1294 0
-850 -1331 0
-887 -924 0
-887 -961 0
-887 -998 0
-887 -1035 0
-887 -1072 0
-887 -1109 0
-887 -1146 0
-887 -1183 0
-887 -1220 0
-887 -1257 0
-887 -1294 0
-887 -1331 0
-924 -961 0
-924 -998 0
-924 -1035 0
-924 -1072 0
-924 -1109 0
-924 -1146 0
-924 -1183 0
-924 -1220 0
-924 -1257 0
-924 -1294 0
-924 -1331 0
-961 -998 0
-961 -1035 0
-961 -1072 0
-961 -1109 0
-961 -1146 0
-961 -1183 0
-961 -1220 0
-961 -1257 0
-961 -1294 0
-961 -1331 0
-998 -1035 0
-998 -1072 0
-998 -1109 0
-998 -1146 0
-998 -1183 0
-998 -1220 0
-998 -1257 0
-998 -1294 0
-998 -1331 0
-1035 -1072 0
-1035 -1109 0
-1035 -1146 0
-1035 -1183 0
-1035 -1220 0
-1035 -1257 0
-1035 -1294 0
-1035 -1331 0
-1072 -1109 0
-1072 -1146 0
-1072 -1183 0
-1072 -1220 0
-1072 -1257 0
-1072 -1294 0
-1072 -1331 0
-1109 -1146 0
-1109 -1183 0
-1109 -1220 0
-1109 -1257 0
-1109 -1294 0
-1109 -1331 0
-1146 -1183 0
-1146 -1220 0
-1146 -1257 0
-1146 -1294 0
-1146 -1331 0
-1183 -1220 0
-1183 -1257 0
-1183 -1294 0
-1183 -1331 0
-1220 -1257 0
-1220 -1294 0
-1220 -1331 0
-1257 -1294 0
-1257 -1331 0
-1294 -1331 0
-37 -74 0
-37 -111 0
-37 -148 0
-37 -185 0
-37 -222 0
-37 -259 0
-37 -296 0
-37 -333 0
-37 -370 0
-37 -407 0
-37 -444 0
-37 -481 0
-37 -518 0
-37 -555 0
-37 -592 0
-37 -629 0
-37 -666 0
-37 -703 0
-37 -740 0
-37 -777 0
-37 -814 0
-37 -851 0
-37 -888 0
-37 -925 0
-37 -962 0
-37 -999 0
-37 -1036 0
-37 -1073 0
-37 -1110 0
-37 -1147 0
-37 -1184 0
-37 -1221 0
-37 -1258 0
-37 -1295 0
-37 -1332 0
-37 -1369 0
-74 -111 0
-74 -148 0
-74 -185 0
-74 -222 0
-74 -259 0
-74 -296 0
-74 -333 0
-74 -370 0
-74 -407 0
-74 -444 0
-74 -481 0
-74 -518 0
-74 -555 0
-74 -592 0
-74 -629 0
-74 -666 0
-74 -703 0
-74 -740 0
-74 -777 0
-74 -814 0
-74 -851 0
-74 -888 0
-74 -925 0
-74 -962 0
-74 -999 0
-74 -1036 0
-74 -1073 0
-74 -1110 0
-74 -1147 0
-74 -1184 0
-74 -1221 0
-74 -1258 0
-74 -1295 0
-74 -1332 0
-74 -1369 0
-111 -148 0
-111 -185 0
-111 -222 0
-111 -259 0
-111 -296 0
-111 -333 0
-111 -370 0
-111 -407 0
-111 -444 0
-111 -481 0
-111 -518 0
-111 -555 0
-111 -592 0
-111 -629 0
-111 -666 0
-111 -703 0
-111 -740 0
-111 -777 0
-111 -814 0
-111 -851 0
-111 -888 0
-111 -925 0
-111 -962 0
-111 -999 0
-111 -1036 0
-111 -1073 0
-111 -1110 0
-111 -1147 0
-111 -1184 0
-111 -1221 0
-111 -1258 0
-111 -1295 0
-111 -1332 0
-111 -1369 0
-148 -185 0
-148 -222 0
-148 -259 0
-148 -296 0
-148 -333 0
-148 -370 0
-148 -407 0
-148 -444 0
-148 -481 0
-148 -518 0
-148 -555 0
-148 -592 0
-148 -629 0
-148 -666 0
-148 -703 0
-148 -740 0
-148 -777 0
-148 -814 0
-148 -851 0
-148 -888 0
-148 -925 0
-148 -962 0
-148 -999 0
-148 -1036 0
-148 -1073 0
-148 -1110 0
-148 -1147 0
-148 -1184 0
-148 -1221 0
-148 -1258 0
-148 -1295 0
-148 -1332 0
-148 -1369 0
-185 -222 0
-185 -259 0
-185 -296 0
-185 -333 0
-185 -370 0
-185 -407 0
-185 -444 0
-185 -481 0
-185 -518 0
-185 -555 0
-185 -592 0
-185 -629 0
-185 -666 0
-185 -703 0
-185 -740 0
-185 -777 0
-185 -814 0
-185 -851 0
-185 -888 0
-185 -925 0
-185 -962 0
-185 -999 0
-185 -1036 0
-185 -1073 0
-185 -1110 0
-185 -1147 0
-185 -1184 0
-185 -1221 0
-185 -1258 0
-185 -1295 0
-185 -1332 0
-185 -1369 0
-222 -259 0
-222 -296 0
-222 -333 0
-222 -370 0
-222 -407 0
-222 -444 0
-222 -481 0
-222 -518 0
-222 -555 0
-222 -592 0
-222 -629 0
-222 -666 0
-222 -703 0
-222 -740 0
-222 -777 0
-222 -814 0
-222 -851 0
-222 -888 0
-222 -925 0
-222 -962 0
-222 -999 0
-222 -1036 0
-222 -1073 0
-222 -1110 0
-222 -1147 0
-222 -1184 0
-222 -1221 0
-222 -1258 0
-222 -1295 0
-222 -1332 0
-222 -1369 0
-259 -296 0
-259 -333 0
-259 -370 0
-259 -407 0
-259 -444 0
-259 -481 0
-259 -518 0
-259 -555 0
-259 -592 0
-259 -629 0
-259 -666 0
-259 -703 0
-259 -740 0
-259 -777 0
-259 -814 0
-259 -851 0
-259 -888 0
-259 -925 0
-259 -962 0
-259 -999 0
-259 -1036 0
-259 -1073 0
-259 -1110 0
-259 -1147 0
-259 -1184 0
-259 -1221 0
-259 -1258 0
-259 -1295 0
-259 -1332 0
-259 -1369 0
-296 -333 0
-296 -370 0
-296 -407 0
-296 -444 0
-296 -481 0
-296 -518 0
-296 -555 0
-296 -592 0
-296 -629 0
-296 -666 0
-296 -703 0
-296 -740 0
-296 -777 0
-296 -814 0
-296 -851 0
-296 -888 0
-296 -925 0
-296 -962 0
-296 -999 0
-296 -1036 0
-296 -1073 0
-296 -1110 0
-296 -1147 0
-296 -1184 0
-296 -1221 0
-296 -1258 0
-296 -1295 0
-296 -1332 0
-296 -1369 0
-333 -370 0
-333 -407 0
-333 -444 0
-333 -481 0
-333 -518 0
-333 -555 0
-333 -592 0
-333 -629 0
-333 -666 0
-333 -703 0
-333 -740 0
-333 -777 0
-333 -814 0
-333 -851 0
-333 -888 0
-333 -925 0
-333 -962 0
-333 -999 0
-333 -1036 0
-333 -1073 0
-333 -1110 0
-333 -1147 0
-333 -1184 0
-333 -1221 0
-333 -1258 0
-333 -1295 0
-333 -1332 0
-333 -1369 0
-370 -407 0
-370 -444 0
-370 -481 0
-370 -518 0
-370 -555 0
-370 -592 0
-370 -629 0
-370 -666 0
-370 -703 0
-370 -740 0
-370 -777 0
-370 -814 0
-370 -851 0
-370 -888 0
-370 -925 0
-370 -962 0
-370 -999 0
-370 -1036 0
-370 -1073 0
-370 -1110 0
-370 -1147 0
-370 -1184 0
-370 -1221 0
-370 -1258 0
-370 -1295 0
-370 -1332 0
-370 -1369 0
-407 -444 0
-407 -481 0
-407 -518 0
-407 -555 0
-407 -592 0
-407 -629 0
-407 -666 0
-407 -703 0
-407 -740 0
-407 -777 0
-407 -814 0
-407 -851 0
-407 -888 0
-407 -925 0
-407 -962 0
-407 -999 0
-407 -1036 0
-407 -1073 0
-407 -1110 0
-407 -1147 0
-407 -1184 0
-407 -1221 0
-407 -1258 0
-407 -1295 0
-407 -1332 0
-407 -1369 0
-444 -481 0
-444 -518 0
-444 -555 0
-444 -592 0
-444 -629 0
-444 -666 0
-444 -703 0
-444 -740 0
-444 -777 0
-444 -814 0
-444 -851 0
-444 -888 0
-444 -925 0
-444 -962 0
-444 -999 0
-444 -1036 0
-444 -1073 0
-444 -1110 0
-444 -1147 0
-444 -1184 0
-444 -1221 0
-444 -1258 0
-444 -1295 0
-444 -1332 0
-444 -1369 0
-481 -518 0
-481 -555 0
-481 -592 0
-481 -629 0
-481 -666 0
-481 -703 0
-481 -740 0
-481 -777 0
-481 -814 0
-481 -851 0
-481 -888 0
-481 -925 0
-481 -962 0
-481 -999 0
-481 -1036 0
-481 -1073 0
-481 -1110 0
-481 -1147 0
-481 -1184 0
-481 -1221 0
-481 -1258 0
-481 -1295 0
-481 -1332 0
-481 -1369 0
-518 -555 0
-518 -592 0
-518 -629 0
-518 -666 0
-518 -703 0
-518 -740 0
-518 -777 0
-518 -814 0
-518 -851 0
-518 -888 0
-518 -925 0
-518 -962 0
-518 -999 0
-518 -1036 0
-518 -1073 0
-518 -1110 0
-518 -1147 0
-518 -1184 0
-518 -1221 0
-518 -1258 0
-518 -1295 0
-518 -1332 0
-518 -1369 0
-555 -592 0
-555 -629 0
-555 -666 0
-555 -703 0
-555 -740 0
-555 -777 0
-555 -814 0
-555 -851 0
-555 -888 0
-555 -925 0
-555 -962 0
-555 -999 0
-555 -1036 0
-555 -1073 0
-555 -1110 0
-555 -1147 0
-555 -1184 0
-555 -1221 0
-555 -1258 0
-555 -1295 0
-555 -1332 0
-555 -1369 0
-592 -629 0
-592 -666 0
-592 -703 0
-592 -740 0
-592 -777 0
-592 -814 0
-592 -851 0
-592 -888 0
-592 -925 0
-592 -962 0
-592 -999 0
-592 -1036 0
-592 -1073 0
-592 -1110 0
-592 -1147 0
-592 -1184 0
-592 -1221 0
-592 -1258 0
-592 -1295 0
-592 -1332 0
-592 -1369 0
-629 -666 0
-629 -703 0
-629 -740 0
-629 -777 0
-629 -814 0
-629 -851 0
-629 -888 0
-629 -925 0
-629 -962 0
-629 -999 0
-629 -1036 0
-629 -1073 0
-629 -1110 0
-629 -1147 0
-629 -1184 0
-629 -1221 0
-629 -1258 0
-629 -1295 0
-629 -1332 0
-629 -1369 0
-666 -703 0
-666 -740 0
-666 -777 0
-666 -814 0
-666 -851 0
-666 -888 0
-666 -925 0
-666 -962 0
-666 -999 0
-666 -1036 0
-666 -1073 0
-666 -1110 0
-666 -1147 0
-666 -1184 0
-666 -1221 0
-666 -1258 0
-666 -1295 0
-666 -1332 0
-666 -1369 0
-703 -740 0
-703 -777 0
-703 -814 0
-703 -851 0
-703 -888 0
-703 -925 0
-703 -962 0
-703 -999 0
-703 -1036 0
-703 -1073 0
-703 -1110 0
-703 -1147 0
-703 -1184 0
-703 -1221 0
-703 -1258 0
-703 -1295 0
-703 -1332 0
-703 -1369 0
-740 -777 0
-740 -814 0
-740 -851 0
-740 -888 0
-740 -925 0
-740 -962 0
-740 -999 0
-740 -1036 0
-740 -1073 0
-740 -1110 0
-740 -1147 0
-740 -1184 0
-740 -1221 0
-740 -1258 0
-740 -1295 0
-740 -1332 0
-740 -1369 0
-777 -814 0
-777 -851 0
-777 -888 0
-777 -925 0
-777 -962 0
-777 -999 0
-777 -1036 0
-777 -1073 0
-777 -1110 0
-777 -1147 0
-777 -1184 0
-777 -1221 0
-777 -1258 0
-777 -1295 0
-777 -1332 0
-777 -1369 0
-814 -851 0
-814 -888 0
-814 -925 0
-814 -962 0
-814 -999 0
-814 -1036 0
-814 -1073 0
-814 -1110 0
-814 -1147 0
-814 -1184 0
-814 -1221 0
-814 -1258 0
-814 -1295 0
-814 -1332 0
-814 -1369 0
-851 -888 0
-851 -925 0
-851 -962 0
-851 -999 0
-851 -1036 0
-851 -1073 0
-851 -1110 0
-851 -1147 0
-851 -1184 0
-851 -1221 0
-851 -1258 0
-851 -1295 0
-851 -1332 0
-851 -1369 0
-888 -925 0
-888 -962 0
-888 -999 0
-888 -1036 0
-888 -1073 0
-888 -1110 0
-888 -1147 0
-888 -1184 0
-888 -1221 0
-888 -1258 0
-888 -1295 0
-888 -1332 0
-888 -1369 0
-925 -962 0
-925 -999 0
-925 -1036 0
-925 -1073 0
-925 -1110 0
-925 -1147 0
-925 -1184 0
-925 -1221 0
-925 -1258 0
-925 -1295 0
-925 -1332 0
-925 -1369 0
-962 -999 0
-962 -1036 0
-962 -1073 0
-962 -1110 0
-962 -1147 0
-962 -1184 0
-962 -1221 0
-962 -1258 0
-962 -1295 0
-962 -1332 0
-962 -1369 0
-999 -1036 0
-999 -1073 0
-999 -1110 0
-999 -1147 0
-999 -1184 0
-999 -1221 0
-999 -1258 0
-999 -1295 0
-999 -1332 0
-999 -1369 0
-1036 -1073 0
-1036 -1110 0
-1036 -1147 0
-1036 -1184 0
-1036 -1221 0
-1036 -1258 0
-1036 -1295 0
-1036 -1332 0
-1036 -1369 0
-1073 -1110 0
-1073 -1147 0
-1073 -1184 0
-1073 -1221 0
-1073 -1258 0
-1073 -1295 0
-1073 -1332 0
-1073 -1369 0
-1110 -1147 0
-1110 -1184 0
-1110 -1221 0
-1110 -1258 0
-1110 -1295 0
-1110 -1332 0
-1110 -1369 0
-1147 -1184 0
-1147 -1221 0
-1147 -1258 0
-1147 -1295 0
-1147 -1332 0
-1147 -1369 0
-1184 -1221 0
-1184 -1258 0
-1184 -1295 0
-1184 -1332 0
-1184 -1369 0
-1221 -1258 0
-1221 -1295 0
-1221 -1332 0
-1221 -1369 0
-1258 -1295 0
-1258 -1332 0
-1258 -1369 0
-1295 -1332 0
-1295 -1369 0
-1332 -1369 0
-38 -75 0
-38 -112 0
-38 -149 0
-38 -186 0
-38 -223 0
-38 -260 0
-38 -297 0
-38 -334 0
-38 -371 0
-38 -408 0
-38 -445 0
-38 -482 0
-38 -519 0
-38 -556 0
-38 -593 0
-38 -630 0
-38 -667 0
-38 -704 0
-38 -741 0
-38 -778 0
-38 -815 0
-38 -852 0
-38 -889 0
-38 -926 0
-38 -963 0
-38 -1000 0
-38 -1037 0
-38 -1074 0
-38 -1111 0
-38 -1148 0
-38 -1185 0
-38 -1222 0
-38 -1259 0
-38 -1296 0
-38 -1333 0
-38 -1370 0
-38 -1407 0
-75 -112 0
-75 -149 0
-75 -186 0
-75 -223 0
-75 -260 0
-75 -297 0
-75 -334 0
-75 -371 0
-75 -408 0
-75 -445 0
-75 -482 0
-75 -519 0
-75 -556 0
-75 -593 0
-75 -630 0
-75 -667 0
-75 -704 0
-75 -741 0
-75 -778 0
-75 -815 0
-75 -852 0
-75 -889 0
-75 -926 0
-75 -963 0
-75 -1000 0
-75 -1037 0
-75 -1074 0
-75 -1111 0
-75 -1148 0
-75 -1185 0
-75 -1222 0
-75 -1259 0
-75 -1296 0
-75 -1333 0
-75 -1370 0
-75 -1407 0
-112 -149 0
-112 -186 0
-112 -223 0
-112 -260 0
-112 -297 0
-112 -334 0
-112 -371 0
-112 -408 0
-112 -445 0
-112 -482 0
-112 -519 0
-112 -556 0
-112 -593 0
-112 -630 0
-112 -667 0
-112 -704 0
-112 -741 0
-112 -778 0
-112 -815 0
-112 -852 0
-112 -889 0
-112 -926 0
-112 -963 0
-112 -1000 0
-112 -1037 0
-112 -1074 0
-112 -1111 0
-112 -1148 0
-112 -1185 0
-112 -1222 0
-112 -1259 0
-112 -1296 0
-112 -1333 0
-112 -1370 0
-112 -1407 0
-149 -186 0
-149 -223 0
-149 -260 0
-149 -297 0
-149 -334 0
-149 -371 0
-149 -408 0
-149 -445 0
-149 -482 0
-149 -519 0
-149 -556 0
-149 -593 0
-149 -630 0
-149 -667 0
-149 -704 0
-149 -741 0
-149 -778 0
-149 -815 0
-149 -852 0
-149 -889 0
-149 -926 0
-149 -963 0
-149 -1000 0
-149 -1037 0
-149 -1074 0
-149 -1111 0
-149 -1148 0
-149 -1185 0
-149 -1222 0
-149 -1259 0
-149 -1296 0
-149 -1333 0
-149 -1370 0
-149 -1407 0
-186 -223 0
-186 -260 0
-186 -297 0
-186 -334 0
-186 -371 0
-186 -408 0
-186 -445 0
-186 -482 0
-186 -519 0
-186 -556 0
-186 -593 0
-186 -630 0
-186 -667 0
-186 -704 0
-186 -741 0
-186 -778 0
-186 -815 0
-186 -852 0
-186 -889 0
-186 -926 0
-186 -963 0
-186 -1000 0
-186 -1037 0
-186 -1074 0
-186 -1111 0
-186 -1148 0
-186 -1185 0
-186 -1222 0
-186 -1259 0
-186 -1296 0
-186 -1333 0
-186 -1370 0
-186 -1407 0
-223 -260 0
-223 -297 0
-223 -334 0
-223 -371 0
-223 -408 0
-223 -445 0
-223 -482 0
-223 -519 0
-223 -556 0
-223 -593 0
-223 -630 0
-223 -667 0
-223 -704 0
-223 -741 0
-223 -778 0
-223 -815 0
-223 -852 0
-223 -889 0
-223 -926 0
-223 -963 0
-223 -1000 0
-223 -1037 0
-223 -1074 0
-223 -1111 0
-223 -1148 0
-223 -1185 0
-223 -1222 0
-223 -1259 0
-223 -1296 0
-223 -1333 0
-223 -1370 0
-223 -1407 0
-260 -297 0
-260 -334 0
-260 -371 0
-260 -408 0
-260 -445 0
-260 -482 0
-260 -519 0
-260 -556 0
-260 -593 0
-260 -630 0
-260 -667 0
-260 -704 0
-260 -741 0
-260 -778 0
-260 -815 0
-260 -852 0
-260 -889 0
-260 -926 0
-260 -963 0
-260 -1000 0
-260 -1037 0
-260 -1074 0
-260 -1111 0
-260 -1148 0
-260 -1185 0
-260 -1222 0
-260 -1259 0
-260 -1296 0
-260 -1333 0
-260 -1370 0
-260 -1407 0
-297 -334 0
-297 -371 0
-297 -408 0
-297 -445 0
-297 -482 0
-297 -519 0
-297 -556 0
-297 -593 0
-297 -630 0
-297 -667 0
-297 -704 0
-297 -741 0
-297 -778 0
-297 -815 0
-297 -852 0
-297 -889 0
-297 -926 0
-297 -963 0
-297 -1000 0
-297 -1037 0
-297 -1074 0
-297 -1111 0
-297 -1148 0
-297 -1185 0
-297 -1222 0
-297 -1259 0
-297 -1296 0
-297 -1333 0
-297 -1370 0
-297 -1407 0
-334 -371 0
-334 -408 0
-334 -445 0
-334 -482 0
-334 -519 0
-334 -556 0
-334 -593 0
-334 -630 0
-334 -667 0
-334 -704 0
-334 -741 0
-334 -778 0
-334 -815 0
-334 -852 0
-334 -889 0
-334 -926 0
-334 -963 0
-334 -1000 0
-334 -1037 0
-334 -1074 0
-334 -1111 0
-334 -1148 0
-334 -1185 0
-334 -1222 0
-334 -1259 0
-334 -1296 0
-334 -1333 0
-334 -1370 0
-334 -1407 0
-371 -408 0
-371 -445 0
-371 -482 0
-371 -519 0
-371 -556 0
-371 -593 0
-371 -630 0
-371 -667 0
-371 -704 0
-371 -741 0
-371 -778 0
-371 -815 0
-371 -852 0
-371 -889 0
-371 -926 0
-371 -963 0
-371 -1000 0
-371 -1037 0
-371 -1074 0
-371 -1111 0
-371 -1148 0
-371 -1185 0
-371 -1222 0
-371 -1259 0
-371 -1296 0
-371 -1333 0
-371 -1370 0
-371 -1407 0
-408 -445 0
-408 -482 0
-408 -519 0
-408 -556 0
-408 -593 0
-408 -630 0
-408 -667 0
-408 -704 0
-408 -741 0
-408 -778 0
-408 -815 0
-408 -852 0
-408 -889 0
-408 -926 0
-408 -963 0
-408 -1000 0
-408 -1037 0
-408 -1074 0
-408 -1111 0
-408 -1148 0
-408 -1185 0
-408 -1222 0
-408 -1259 0
-408 -1296 0
-408 -1333 0
-408 -1370 0
-408 -1407 0
-445 -482 0
-445 -519 0
-445 -556 0
-445 -593 0
-445 -630 0
-445 -667 0
-445 -704 0
-445 -741 0
-445 -778 0
-445 -815 0
-445 -852 0
-445 -889 0
-445 -926 0
-445 -963 0
-445 -1000 0
-445 -1037 0
-445 -1074 0
-445 -1111 0
-445 -1148 0
-445 -1185 0
-445 -1222 0
-445 -1259 0
-445 -1296 0
-445 -1333 0
-445 -1370 0
-445 -1407 0
-482 -519 0
-482 -556 0
-482 -593 0
-482 -630 0
-482 -667 0
-482 -704 0
-482 -741 0
-482 -778 0
-482 -815 0
-482 -852 0
-482 -889 0
-482 -926 0
-482 -963 0
-482 -1000 0
-482 -1037 0
-482 -1074 0
-482 -1111 0
-482 -1148 0
-482 -1185 0
-482 -1222 0
-482 -1259 0
-482 -1296 0
-482 -1333 0
-482 -1370 0
-482 -1407 0
-519 -556 0
-519 -593 0
-519 -630 0
-519 -667 0
-519 -704 0
-519 -741 0
-519 -778 0
-519 -815 0
-519 -852 0
-519 -889 0
-519 -926 0
-519 -963 0
-519 -1000 0
-519 -1037 0
-519 -1074 0
-519 -1111 0
-519 -1148 0
-519 -1185 0
-519 -1222 0
-519 -1259 0
-519 -1296 0
-519 -1333 0
-519 -1370 0
-519 -1407 0
-556 -593 0
-556 -630 0
-556 -667 0
-556 -704 0
-556 -741 0
-556 -778 0
-556 -815 0
-556 -852 0
-556 -889 0
-556 -926 0
-556 -963 0
-556 -1000 0
-556 -1037 0
-556 -1074 0
-556 -1111 0
-556 -1148 0
-556 -1185 0
-556 -1222 0
-556 -1259 0
-556 -1296 0
-556 -1333 0
-556 -1370 0
-556 -1407 0
-593 -630 0
-593 -667 0
-593 -704 0
-593 -741 0
-593 -778 0
-593 -815 0
-593 -852 0
-593 -889 0
-593 -926 0
-593 -963 0
-593 -1000 0
-593 -1037 0
-593 -1074 0
-593 -1111 0
-593 -1148 0
-593 -1185 0
-593 -1222 0
-593 -1259 0
-593 -1296 0
-593 -1333 0
-593 -1370 0
-593 -1407 0
-630 -667 0
-630 -704 0
-630 -741 0
-630 -778 0
-630 -815 0
-630 -852 0
-630 -889 0
-630 -926 0
-630 -963 0
-630 -1000 0
-630 -1037 0
-630 -1074 0
-630 -1111 0
-630 -1148 0
-630 -1185 0
-630 -1222 0
-630 -1259 0
-630 -1296 0
-630 -1333 0
-630 -1370 0
-630 -1407 0
-667 -704 0
-667 -741 0
-667 -778 0
-667 -815 0
-667 -852 0
-667 -889 0
-667 -926 0
-667 -963 0
-667 -1000 0
-667 -1037 0
-667 -1074 0
-667 -1111 0
-667 -1148 0
-667 -1185 0
-667 -1222 0
-667 -1259 0
-667 -1296 0
-667 -1333 0
-667 -1370 0
-667 -1407 0
-704 -741 0
-704 -778 0
-704 -815 0
-704 -852 0
-704 -889 0
-704 -926 0
-704 -963 0
-704 -1000 0
-704 -1037 0
-704 -1074 0
-704 -1111 0
-704 -1148 0
-704 -1185 0
-704 -1222 0
-704 -1259 0
-704 -1296 0
-704 -1333 0
-704 -1370 0
-704 -1407 0
-741 -778 0
-741 -815 0
-741 -852 0
-741 -889 0
-741 -926 0
-741 -963 0
-741 -1000 0
-741 -1037 0
-741 -1074 0
-741 -1111 0
-741 -1148 0
-741 -1185 0
-741 -1222 0
-741 -1259 0
-741 -1296 0
-741 -1333 0
-741 -1370 0
-741 -1407 0
-778 -815 0
-778 -852 0
-778 -889 0
-778 -926 0
-778 -963 0
-778 -1000 0
-778 -1037 0
-778 -1074 0
-778 -1111 0
-778 -1148 0
-778 -1185 0
-778 -1222 0
-778 -1259 0
-778 -1296 0
-778 -1333 0
-778 -1370 0
-778 -1407 0
-815 -852 0
-815 -889 0
-815 -926 0
-815 -963 0
-815 -1000 0
-815 -1037 0
-815 -1074 0
-815 -1111 0
-815 -1148 0
-815 -1185 0
-815 -1222 0
-815 -1259 0
-815 -1296 0
-815 -1333 0
-815 -1370 0
-815 -1407 0
-852 -889 0
-852 -926 0
-852 -963 0
-852 -1000 0
-852 -1037 0
-852 -1074 0
-852 -1111 0
-852 -1148 0
-852 -1185 0
-852 -1222 0
-852 -1259 0
-852 -1296 0
-852 -1333 0
-852 -1370 0
-852 -1407 0
-889 -926 0
-889 -963 0
-889 -1000 0
-889 -1037 0
-889 -1074 0
-889 -1111 0
-889 -1148 0
-889 -1185 0
-889 -1222 0
-889 -1259 0
-889 -1296 0
-889 -1333 0
-889 -1370 0
-889 -1407 0
-926 -963 0
-926 -1000 0
-926 -1037 0
-926 -1074 0
-926 -1111 0
-926 -1148 0
-926 -1185 0
-926 -1222 0
-926 -1259 0
-926 -1296 0
-926 -1333 0
-926 -1370 0
-926 -1407 0
-963 -1000 0
-963 -1037 0
-963 -1074 0
-963 -1111 0
-963 -1148 0
-963 -1185 0
-963 -1222 0
-963 -1259 0
-963 -1296 0
-963 -1333 0
-963 -1370 0
-963 -1407 0
-1000 -1037 0
-1000 -1074 0
-1000 -1111 0
-1000 -1148 0
-1000 -1185 0
-1000 -1222 0
-1000 -1259 0
-1000 -1296 0
-1000 -1333 0
-1000 -1370 0
-1000 -1407 0
-1037 -1074 0
-1037 -1111 0
-1037 -1148 0
-1037 -1185 0
-1037 -1222 0
-1037 -1259 0
-1037 -1296 0
-1037 -1333 0
-1037 -1370 0
-1037 -1407 0
-1074 -1111 0
-1074 -1148 0
-1074 -1185 0
-1074 -1222 0
-1074 -1259 0
-1074 -1296 0
-1074 -1333 0
-1074 -1370 0
-1074 -1407 0
-1111 -1148 0
-1111 -1185 0
-1111 -1222 0
-1111 -1259 0
-1111 -1296 0
-1111 -1333 0
-1111 -1370 0
-1111 -1407 0
-1148 -1185 0
-1148 -1222 0
-1148 -1259 0
-1148 -1296 0
-1148 -1333 0
-1148 -1370 0
-1148 -1407 0
-1185 -1222 0
-1185 -1259 0
-1185 -1296 0
-1185 -1333 0
-1185 -1370 0
-1185 -1407 0
-1222 -1259 0
-1222 -1296 0
-1222 -1333 0
-1222 -1370 0
-1222 -1407 0
-1259 -1296 0
-1259 -1333 0
-1259 -1370 0
-1259 -1407 0
-1296 -1333 0
-1296 -1370 0
-1296 -1407 0
-1333 -1370 0
-1333 -1407 0
-1370 -1407 0
-76 -113 0
-76 -150 0
-76 -187 0
-76 -224 0
-76 -261 0
-76 -298 0
-76 -335 0
-76 -372 0
-76 -409 0
-76 -446 0
-76 -483 0
-76 -520 0
-76 -557 0
-76 -594 0
-76 -631 0
-76 -668 0
-76 -705 0
-76 -742 0
-76 -779 0
-76 -816 0
-76 -853 0
-76 -890 0
-76 -927 0
-76 -964 0
-76 -1001 0
-76 -1038 0
-76 -1075 0
-76 -1112 0
-76 -1149 0
-76 -1186 0
-76 -1223 0
-76 -1260 0
-76 -1297 0
-76 -1334 0
-76 -1371 0
-76 -1408 0
-113 -150 0
-113 -187 0
-113 -224 0
-113 -261 0
-113 -298 0
-113 -335 0
-113 -372 0
-113 -409 0
-113 -446 0
-113 -483 0
-113 -520 0
-113 -557 0
-113 -594 0
-113 -631 0
-113 -668 0
-113 -705 0
-113 -742 0
-113 -779 0
-113 -816 0
-113 -853 0
-113 -890 0
-113 -927 0
-113 -964 0
-113 -1001 0
-113 -1038 0
-113 -1075 0
-113 -1112 0
-113 -1149 0
-113 -1186 0
-113 -1223 0
-113 -1260 0
-113 -1297 0
-113 -1334 0
-113 -1371 0
-113 -1408 0
-150 -187 0
-150 -224 0
-150 -261 0
-150 -298 0
-150 -335 0
-150 -372 0
-150 -409 0
-150 -446 0
-150 -483 0
-150 -520 0
-150 -557 0
-150 -594 0
-150 -631 0
-150 -668 0
-150 -705 0
-150 -742 0
-150 -779 0
-150 -816 0
-150 -853 0
-150 -890 0
-150 -927 0
-150 -964 0
-150 -1001 0
-150 -1038 0
-150 -1075 0
-150 -1112 0
-150 -1149 0
-150 -1186 0
-150 -1223 0
-150 -1260 0
-150 -1297 0
-150 -1334 0
-150 -1371 0
-150 -1408 0
-187 -224 0
-187 -261 0
-187 -298 0
-187 -335 0
-187 -372 0
-187 -409 0
-187 -446 0
-187 -483 0
-187 -520 0
-187 -557 0
-187 -594 0
-187 -631 0
-187 -668 0
-187 -705 0
-187 -742 0
-187 -779 0
-187 -816 0
-187 -853 0
-187 -890 0
-187 -927 0
-187 -964 0
-187 -1001 0
-187 -1038 0
-187 -1075 0
-187 -1112 0
-187 -1149 0
-187 -1186 0
-187 -1223 0
-187 -1260 0
-187 -1297 0
-187 -1334 0
-187 -1371 0
-187 -1408 0
-224 -261 0
-224 -298 0
-224 -335 0
-224 -372 0
-224 -409 0
-224 -446 0
-224 -483 0
-224 -520 0
-224 -557 0
-224 -594 0
-224 -631 0
-224 -668 0
-224 -705 0
-224 -742 0
-224 -779 0
-224 -816 0
-224 -853 0
-224 -890 0
-224 -927 0
-224 -964 0
-224 -1001 0
-224 -1038 0
-224 -1075 0
-224 -1112 0
-224 -1149 0
-224 -1186 0
-224 -1223 0
-224 -1260 0
-224 -1297 0
-224 -1334 0
-224 -1371 0
-224 -1408 0
-261 -298 0
-261 -335 0
-261 -372 0
-261 -409 0
-261 -446 0
-261 -483 0
-261 -520 0
-261 -557 0
-261 -594 0
-261 -631 0
-261 -668 0
-261 -705 0
-261 -742 0
-261 -779 0
-261 -816 0
-261 -853 0
-261 -890 0
-261 -927 0
-261 -964 0
-261 -1001 0
-261 -1038 0
-261 -1075 0
-261 -1112 0
-261 -1149 0
-261 -1186 0
-261 -1223 0
-261 -1260 0
-261 -1297 0
-261 -1334 0
-261 -1371 0
-261 -1408 0
-298 -335 0
-298 -372 0
-298 -409 0
-298 -446 0
-298 -483 0
-298 -520 0
-298 -557 0
-298 -594 0
-298 -631 0
-298 -668 0
-298 -705 0
-298 -742 0
-298 -779 0
-298 -816 0
-298 -853 0
-298 -890 0
-298 -927 0
-298 -964 0
-298 -1001 0
-298 -1038 0
-298 -1075 0
-298 -1112 0
-298 -1149 0
-298 -1186 0
-298 -1223 0
-298 -1260 0
-298 -1297 0
-298 -1334 0
-298 -1371 0
-298 -1408 0
-335 -372 0
-335 -409 0
-335 -446 0
-335 -483 0
-335 -520 0
-335 -557 0
-335 -594 0
-335 -631 0
-335 -668 0
-335 -705 0
-335 -742 0
-335 -779 0
-335 -816 0
-335 -853 0
-335 -890 0
-335 -927 0
-335 -964 0
-335 -1001 0
-335 -1038 0
-335 -1075 0
-335 -1112 0
-335 -1149 0
-335 -1186 0
-335 -1223 0
-335 -1260 0
-335 -1297 0
-335 -1334 0
-335 -1371 0
-335 -1408 0
-372 -409 0
-372 -446 0
-372 -483 0
-372 -520 0
-372 -557 0
-372 -594 0
-372 -631 0
-372 -668 0
-372 -705 0
-372 -742 0
-372 -779 0
-372 -816 0
-372 -853 0
-372 -890 0
-372 -927 0
-372 -964 0
-372 -1001 0
-372 -1038 0
-372 -1075 0
-372 -1112 0
-372 -1149 0
-372 -1186 0
-372 -1223 0
-372 -1260 0
-372 -1297 0
-372 -1334 0
-372 -1371 0
-372 -1408 0
-409 -446 0
-409 -483 0
-409 -520 0
-409 -557 0
-409 -594 0
-409 -631 0
-409 -668 0
-409 -705 0
-409 -742 0
-409 -779 0
-409 -816 0
-409 -853 0
-409 -890 0
-409 -927 0
-409 -964 0
-409 -1001 0
-409 -1038 0
-409 -1075 0
-409 -1112 0
-409 -1149 0
-409 -1186 0
-409 -1223 0
-409 -1260 0
-409 -1297 0
-409 -1334 0
-409 -1371 0
-409 -1408 0
-446 -483 0
-446 -520 0
-446 -557 0
-446 -594 0
-446 -631 0
-446 -668 0
-446 -705 0
-446 -742 0
-446 -779 0
-446 -816 0
-446 -853 0
-446 -890 0
-446 -927 0
-446 -964 0
-446 -1001 0
-446 -1038 0
-446 -1075 0
-446 -1112 0
-446 -1149 0
-446 -1186 0
-446 -1223 0
-446 -1260 0
-446 -1297 0
-446 -1334 0
-446 -1371 0
-446 -1408 0
-483 -520 0
-483 -557 0
-483 -594 0
-483 -631 0
-483 -668 0
-483 -705 0
-483 -742 0
-483 -779 0
-483 -816 0
-483 -853 0
-483 -890 0
-483 -927 0
-483 -964 0
-483 -1001 0
-483 -1038 0
-483 -1075 0
-483 -1112 0
-483 -1149 0
-483 -1186 0
-483 -1223 0
-483 -1260 0
-483 -1297 0
-483 -1334 0
-483 -1371 0
-483 -1408 0
-520 -557 0
-520 -594 0
-520 -631 0
-520 -668 0
-520 -705 0
-520 -742 0
-520 -779 0
-520 -816 0
-520 -853 0
-520 -890 0
-520 -927 0
-520 -964 0
-520 -1001 0
-520 -1038 0
-520 -1075 0
-520 -1112 0
-520 -1149 0
-520 -1186 0
-520 -1223 0
-520 -1260 0
-520 -1297 0
-520 -1334 0
-520 -1371 0
-520 -1408 0
-557 -594 0
-557 -631 0
-557 -668 0
-557 -705 0
-557 -742 0
-557 -779 0
-557 -816 0
-557 -853 0
-557 -890 0
-557 -927 0
-557 -964 0
-557 -1001 0
-557 -1038 0
-557 -1075 0
-557 -1112 0
-557 -1149 0
-557 -1186 0
-557 -1223 0
-557 -1260 0
-557 -1297 0
-557 -1334 0
-557 -1371 0
-557 -1408 0
-594 -631 0
-594 -668 0
-594 -705 0
-594 -742 0
-594 -779 0
-594 -816 0
-594 -853 0
-594 -890 0
-594 -927 0
-594 -964 0
-594 -1001 0
-594 -1038 0
-594 -1075 0
-594 -1112 0
-594 -1149 0
-594 -1186 0
-594 -1223 0
-594 -1260 0
-594 -1297 0
-594 -1334 0
-594 -1371 0
-594 -1408 0
-631 -668 0
-631 -705 0
-631 -742 0
-631 -779 0
-631 -816 0
-631 -853 0
-631 -890 0
-631 -927 0
-631 -964 0
-631 -1001 0
-631 -1038 0
-631 -1075 0
-631 -1112 0
-631 -1149 0
-631 -1186 0
-631 -1223 0
-631 -1260 0
-631 -1297 0
-631 -1334 0
-631 -1371 0
-631 -1408 0
-668 -705 0
-668 -742 0
-668 -779 0
-668 -816 0
-668 -853 0
-668 -890 0
-668 -927 0
-668 -964 0
-668 -1001 0
-668 -1038 0
-668 -1075 0
-668 -1112 0
-668 -1149 0
-668 -1186 0
-668 -1223 0
-668 -1260 0
-668 -1297 0
-668 -1334 0
-668 -1371 0
-668 -1408 0
-705 -742 0
-705 -779 0
-705 -816 0
-705 -853 0
-705 -890 0
-705 -927 0
-705 -964 0
-705 -1001 0
-705 -1038 0
-705 -1075 0
-705 -1112 0
-705 -1149 0
-705 -1186 0
-705 -1223 0
-705 -1260 0
-705 -1297 0
-705 -1334 0
-705 -1371 0
-705 -1408 0
-742 -779 0
-742 -816 0
-742 -853 0
-742 -890 0
-742 -927 0
-742 -964 0
-742 -1001 0
-742 -1038 0
-742 -1075 0
-742 -1112 0
-742 -1149 0
-742 -1186 0
-742 -1223 0
-742 -1260 0
-742 -1297 0
-742 -1334 0
-742 -1371 0
-742 -1408 0
-779 -816 0
-779 -853 0
-779 -890 0
-779 -927 0
-779 -964 0
-779 -1001 0
-779 -1038 0
-779 -1075 0
-779 -1112 0
-779 -1149 0
-779 -1186 0
-779 -1223 0
-779 -1260 0
-779 -1297 0
-779 -1334 0
-779 -1371 0
-779 -1408 0
-816 -853 0
-816 -890 0
-816 -927 0
-816 -964 0
-816 -1001 0
-816 -1038 0
-816 -1075 0
-816 -1112 0
-816 -1149 0
-816 -1186 0
-816 -1223 0
-816 -1260 0
-816 -1297 0
-816 -1334 0
-816 -1371 0
-816 -1408 0
-853 -890 0
-853 -927 0
-853 -964 0
-853 -1001 0
-853 -1038 0
-853 -1075 0
-853 -1112 0
-853 -1149 0
-853 -1186 0
-853 -1223 0
-853 -1260 0
-853 -1297 0
-853 -1334 0
-853 -1371 0
-853 -1408 0
-890 -927 0
-890 -964 0
-890 -1001 0
-890 -1038 0
-890 -1075 0
-890 -1112 0
-890 -1149 0
-890 -1186 0
-890 -1223 0
-890 -1260 0
-890 -1297 0
-890 -1334 0
-890 -1371 0
-890 -1408 0
-927 -964 0
-927 -1001 0
-927 -1038 0
-927 -1075 0
-927 -1112 0
-927 -1149 0
-927 -1186 0
-927 -1223 0
-927 -1260 0
-927 -1297 0
-927 -1334 0
-927 -1371 0
-927 -1408 0
-964 -1001 0
-964 -1038 0
-964 -1075 0
-964 -1112 0
-964 -1149 0
-964 -1186 0
-964 -1223 0
-964 -1260 0
-964 -1297 0
-964 -1334 0
-964 -1371 0
-964 -1408 0
-1001 -1038 0
-1001 -1075 0
-1001 -1112 0
-1001 -1149 0
-1001 -1186 0
-1001 -1223 0
-1001 -1260 0
-1001 -1297 0
-1001 -1334 0
-1001 -1371 0
-1001 -1408 0
-1038 -1075 0
-1038 -1112 0
-1038 -1149 0
-1038 -1186 0
-1038 -1223 0
-1038 -1260 0
-1038 -1297 0
-1038 -1334 0
-1038 -1371 0
-1038 -1408 0
-1075 -1112 0
-1075 -1149 0
-1075 -1186 0
-1075 -1223 0
-1075 -1260 0
-1075 -1297 0
-1075 -1334 0
-1075 -1371 0
-1075 -1408 0
-1112 -1149 0
-1112 -1186 0
-1112 -1223 0
-1112 -1260 0
-1112 -1297 0
-1112 -1334 0
-1112 -1371 0
-1112 -1408 0
-1149 -1186 0
-1149 -1223 0
-1149 -1260 0
-1149 -1297 0
-1149 -1334 0
-1149 -1371 0
-1149 -1408 0
-1186 -1223 0
-1186 -1260 0
-1186 -1297 0
-1186 -1334 0
-1186 -1371 0
-1186 -1408 0
-1223 -1260 0
-1223 -1297 0
-1223 -1334 0
-1223 -1371 0
-1223 -1408 0
-1260 -1297 0
-1260 -1334 0
-1260 -1371 0
-1260 -1408 0
-1297 -1334 0
-1297 -1371 0
-1297 -1408 0
-1334 -1371 0
-1334 -1408 0
-1371 -1408 0
-114 -151 0
-114 -188 0
-114 -225 0
-114 -262 0
-114 -299 0
-114 -336 0
-114 -373 0
-114 -410 0
-114 -447 0
-114 -484 0
-114 -521 0
-114 -558 0
-114 -595 0
-114 -632 0
-114 -669 0
-114 -706 0
-114 -743 0
-114 -780 0
-114 -817 0
-114 -854 0
-114 -891 0
-114 -928 0
-114 -965 0
-114 -1002 0
-114 -1039 0
-114 -1076 0
-114 -1113 0
-114 -1150 0
-114 -1187 0
-114 -1224 0
-114 -1261 0
-114 -1298 0
-114 -1335 0
-114 -1372 0
-114 -1409 0
-151 -188 0
-151 -225 0
-151 -262 0
-151 -299 0
-151 -336 0
-151 -373 0
-151 -410 0
-151 -447 0
-151 -484 0
-151 -521 0
-151 -558 0
-151 -595 0
-151 -632 0
-151 -669 0
-151 -706 0
-151 -743 0
-151 -780 0
-151 -817 0
-151 -854 0
-151 -891 0
-151 -928 0
-151 -965 0
-151 -1002 0
-151 -1039 0
-151 -1076 0
-151 -1113 0
-151 -1150 0
-151 -1187 0
-151 -1224 0
-151 -1261 0
-151 -1298 0
-151 -1335 0
-151 -1372 0
-151 -1409 0
-188 -225 0
-188 -262 0
-188 -299 0
-188 -336 0
-188 -373 0
-188 -410 0
-188 -447 0
-188 -484 0
-188 -521 0
-188 -558 0
-188 -595 0
-188 -632 0
-188 -669 0
-188 -706 0
-188 -743 0
-188 -780 0
-188 -817 0
-188 -854 0
-188 -891 0
-188 -928 0
-188 -965 0
-188 -1002 0
-188 -1039 0
-188 -1076 0
-188 -1113 0
-188 -1150 0
-188 -1187 0
-188 -1224 0
-188 -1261 0
-188 -1298 0
-188 -1335 0
-188 -1372 0
-188 -1409 0
-225 -262 0
-225 -299 0
-225 -336 0
-225 -373 0
-225 -410 0
-225 -447 0
-225 -484 0
-225 -521 0
-225 -558 0
-225 -595 0
-225 -632 0
-225 -669 0
-225 -706 0
-225 -743 0
-225 -780 0
-225 -817 0
-225 -854 0
-225 -891 0
-225 -928 0
-225 -965 0
-225 -1002 0
-225 -1039 0
-225 -1076 0
-225 -1113 0
-225 -1150 0
-225 -1187 0
-225 -1224 0
-225 -1261 0
-225 -1298 0
-225 -1335 0
-225 -1372 0
-225 -1409 0
-262 -299 0
-262 -336 0
-262 -373 0
-262 -410 0
-262 -447 0
-262 -484 0
-262 -521 0
-262 -558 0
-262 -595 0
-262 -632 0
-262 -669 0
-262 -706 0
-262 -743 0
-262 -780 0
-262 -817 0
-262 -854 0
-262 -891 0
-262 -928 0
-262 -965 0
-262 -1002 0
-262 -1039 0
-262 -1076 0
-262 -1113 0
-262 -1150 0
-262 -1187 0
-262 -1224 0
-262 -1261 0
-262 -1298 0
-262 -1335 0
-262 -1372 0
-262 -1409 0
-299 -336 0
-299 -373 0
-299 -410 0
-299 -447 0
-299 -484 0
-299 -521 0
-299 -558 0
-299 -595 0
-299 -632 0
-299 -669 0
-299 -706 0
-299 -743 0
-299 -780 0
-299 -817 0
-299 -854 0
-299 -891 0
-299 -928 0
-299 -965 0
-299 -1002 0
-299 -1039 0
-299 -1076 0
-299 -1113 0
-299 -1150 0
-299 -1187 0
-299 -1224 0
-299 -1261 0
-299 -1298 0
-299 -1335 0
-299 -1372 0
-299 -1409 0
-336 -373 0
-336 -410 0
-336 -447 0
-336 -484 0
-336 -521 0
-336 -558 0
-336 -595 0
-336 -632 0
-336 -669 0
-336 -706 0
-336 -743 0
-336 -780 0
-336 -817 0
-336 -854 0
-336 -891 0
-336 -928 0
-336 -965 0
-336 -1002 0
-336 -1039 0
-336 -1076 0
-336 -1113 0
-336 -1150 0
-336 -1187 0
-336 -1224 0
-336 -1261 0
-336 -1298 0
-336 -1335 0
-336 -1372 0
-336 -1409 0
-373 -410 0
-373 -447 0
-373 -484 0
-373 -521 0
-373 -558 0
-373 -595 0
-373 -632 0
-373 -669 0
-373 -706 0
-373 -743 0
-373 -780 0
-373 -817 0
-373 -854 0
-373 -891 0
-373 -928 0
-373 -965 0
-373 -1002 0
-373 -1039 0
-373 -1076 0
-373 -1113 0
-373 -1150 0
-373 -1187 0
-373 -1224 0
-373 -1261 0
-373 -1298 0
-373 -1335 0
-373 -1372 0
-373 -1409 0
-410 -447 0
-410 -484 0
-410 -521 0
-410 -558 0
-410 -595 0
-410 -632 0
-410 -669 0
-410 -706 0
-410 -743 0
-410 -780 0
-410 -817 0
-410 -854 0
-410 -891 0
-410 -928 0
-410 -965 0
-410 -1002 0
-410 -1039 0
-410 -1076 0
-410 -1113 0
-410 -1150 0
-410 -1187 0
-410 -1224 0
-410 -1261 0
-410 -1298 0
-410 -1335 0
-410 -1372 0
-410 -1409 0
-447 -484 0
-447 -521 0
-447 -558 0
-447 -595 0
-447 -632 0
-447 -669 0
-447 -706 0
-447 -743 0
-447 -780 0
-447 -817 0
-447 -854 0
-447 -891 0
-447 -928 0
-447 -965 0
-447 -1002 0
-447 -1039 0
-447 -1076 0
-447 -1113 0
-447 -1150 0
-447 -1187 0
-447 -1224 0
-447 -1261 0
-447 -1298 0
-447 -1335 0
-447 -1372 0
-447 -1409 0
-484 -521 0
-484 -558 0
-484 -595 0
-484 -632 0
-484 -669 0
-484 -706 0
-484 -743 0
-484 -780 0
-484 -817 0
-484 -854 0
-484 -891 0
-484 -928 0
-484 -965 0
-484 -1002 0
-484 -1039 0
-484 -1076 0
-484 -1113 0
-484 -1150 0
-484 -1187 0
-484 -1224 0
-484 -1261 0
-484 -1298 0
-484 -1335 0
-484 -1372 0
-484 -1409 0
-521 -558 0
-521 -595 0
-521 -632 0
-521 -669 0
-521 -706 0
-521 -743 0
-521 -780 0
-521 -817 0
-521 -854 0
-521 -891 0
-521 -928 0
-521 -965 0
-521 -1002 0
-521 -1039 0
-521 -1076 0
-521 -1113 0
-521 -1150 0
-521 -1187 0
-521 -1224 0
-521 -1261 0
-521 -1298 0
-521 -1335 0
-521 -1372 0
-521 -1409 0
-558 -595 0
-558 -632 0
-558 -669 0
-558 -706 0
-558 -743 0
-558 -780 0
-558 -817 0
-558 -854 0
-558 -891 0
-558 -928 0
-558 -965 0
-558 -1002 0
-558 -1039 0
-558 -1076 0
-558 -1113 0
-558 -1150 0
-558 -1187 0
-558 -1224 0
-558 -1261 0
-558 -1298 0
-558 -1335 0
-558 -1372 0
-558 -1409 0
-595 -632 0
-595 -669 0
-595 -706 0
-595 -743 0
-595 -780 0
-595 -817 0
-595 -854 0
-595 -891 0
-595 -928 0
-595 -965 0
-595 -1002 0
-595 -1039 0
-595 -1076 0
-595 -1113 0
-595 -1150 0
-595 -1187 0
-595 -1224 0
-595 -1261 0
-595 -1298 0
-595 -1335 0
-595 -1372 0
-595 -1409 0
-632 -669 0
-632 -706 0
-632 -743 0
-632 -780 0
-632 -817 0
-632 -854 0
-632 -891 0
-632 -928 0
-632 -965 0
-632 -1002 0
-632 -1039 0
-632 -1076 0
-632 -1113 0
-632 -1150 0
-632 -1187 0
-632 -1224 0
-632 -1261 0
-632 -1298 0
-632 -1335 0
-632 -1372 0
-632 -1409 0
-669 -706 0
-669 -743 0
-669 -780 0
-669 -817 0
-669 -854 0
-669 -891 0
-669 -928 0
-669 -965 0
-669 -1002 0
-669 -1039 0
-669 -1076 0
-669 -1113 0
-669 -1150 0
-669 -1187 0
-669 -1224 0
-669 -1261 0
-669 -1298 0
-669 -1335 0
-669 -1372 0
-669 -1409 0
-706 -743 0
-706 -780 0
-706 -817 0
-706 -854 0
-706 -891 0
-706 -928 0
-706 -965 0
-706 -1002 0
-706 -1039 0
-706 -1076 0
-706 -1113 0
-706 -1150 0
-706 -1187 0
-706 -1224 0
-706 -1261 0
-706 -1298 0
-706 -1335 0
-706 -1372 0
-706 -1409 0
-743 -780 0
-743 -817 0
-743 -854 0
-743 -891 0
-743 -928 0
-743 -965 0
-743 -1002 0
-743 -1039 0
-743 -1076 0
-743 -1113 0
-743 -1150 0
-743 -1187 0
-743 -1224 0
-743 -1261 0
-743 -1298 0
-743 -1335 0
-743 -1372 0
-743 -1409 0
-780 -817 0
-780 -854 0
-780 -891 0
-780 -928 0
-780 -965 0
-780 -1002 0
-780 -1039 0
-780 -1076 0
-780 -1113 0
-780 -1150 0
-780 -1187 0
-780 -1224 0
-780 -1261 0
-780 -1298 0
-780 -1335 0
-780 -1372 0
-780 -1409 0
-817 -854 0
-817 -891 0
-817 -928 0
-817 -965 0
-817 -1002 0
-817 -1039 0
-817 -1076 0
-817 -1113 0
-817 -1150 0
-817 -1187 0
-817 -1224 0
-817 -1261 0
-817 -1298 0
-817 -1335 0
-817 -1372 0
-817 -1409 0
-854 -891 0
-854 -928 0
-854 -965 0
-854 -1002 0
-854 -1039 0
-854 -1076 0
-854 -1113 0
-854 -1150 0
-854 -1187 0
-854 -1224 0
-854 -1261 0
-854 -1298 0
-854 -1335 0
-854 -1372 0
-854 -1409 0
-891 -928 0
-891 -965 0
-891 -1002 0
-891 -1039 0
-891 -1076 0
-891 -1113 0
-891 -1150 0
-891 -1187 0
-891 -1224 0
-891 -1261 0
-891 -1298 0
-891 -1335 0
-891 -1372 0
-891 -1409 0
-928 -965 0
-928 -1002 0
-928 -1039 0
-928 -1076 0
-928 -1113 0
-928 -1150 0
-928 -1187 0
-928 -1224 0
-928 -1261 0
-928 -1298 0
-928 -1335 0
-928 -1372 0
-928 -1409 0
-965 -1002 0
-965 -1039 0
-965 -1076 0
-965 -1113 0
-965 -1150 0
-965 -1187 0
-965 -1224 0
-965 -1261 0
-965 -1298 0
-965 -1335 0
-965 -1372 0
-965 -1409 0
-1002 -1039 0
-1002 -1076 0
-1002 -1113 0
-1002 -1150 0
-1002 -1187 0
-1002 -1224 0
-1002 -1261 0
-1002 -1298 0
-1002 -1335 0
-1002 -1372 0
-1002 -1409 0
-1039 -1076 0
-1039 -1113 0
-1039 -1150 0
-1039 -1187 0
-1039 -1224 0
-1039 -1261 0
-1039 -1298 0
-1039 -1335 0
-1039 -1372 0
-1039 -1409 0
-1076 -1113 0
-1076 -1150 0
-1076 -1187 0
-1076 -1224 0
-1076 -1261 0
-1076 -1298 0
-1076 -1335 0
-1076 -1372 0
-1076 -1409 0
-1113 -1150 0
-1113 -1187 0
-1113 -1224 0
-1113 -1261 0
-1113 -1298 0
-1113 -1335 0
-1113 -1372 0
-1113 -1409 0
-1150 -1187 0
-1150 -1224 0
-1150 -1261 0
-1150 -1298 0
-1150 -1335 0
-1150 -1372 0
-1150 -1409 0
-1187 -1224 0
-1187 -1261 0
-1187 -1298 0
-1187 -1335 0
-1187 -1372 0
-1187 -1409 0
-1224 -1261 0
-1224 -1298 0
-1224 -1335 0
-1224 -1372 0
-1224 -1409 0
-1261 -1298 0
-1261 -1335 0
-1261 -1372 0
-1261 -1409 0
-1298 -1335 0
-1298 -1372 0
-1298 -1409 0
-1335 -1372 0
-1335 -1409 0
-1372 -1409 0
-152 -189 0
-152 -226 0
-152 -263 0
-152 -300 0
-152 -337 0
-152 -374 0
-152 -411 0
-152 -448 0
-152 -485 0
-152 -522 0
-152 -559 0
-152 -596 0
-152 -633 0
-152 -670 0
-152 -707 0
-152 -744 0
-152 -781 0
-152 -818 0
-152 -855 0
-152 -892 0
-152 -929 0
-152 -966 0
-152 -1003 0
-152 -1040 0
-152 -1077 0
-152 -1114 0
-152 -1151 0
-152 -1188 0
-152 -1225 0
-152 -1262 0
-152 -1299 0
-152 -1336 0
-152 -1373 0
-152 -1410 0
-189 -226 0
-189 -263 0
-189 -300 0
-189 -337 0
-189 -374 0
-189 -411 0
-189 -448 0
-189 -485 0
-189 -522 0
-189 -559 0
-189 -596 0
-189 -633 0
-189 -670 0
-189 -707 0
-189 -744 0
-189 -781 0
-189 -818 0
-189 -855 0
-189 -892 0
-189 -929 0
-189 -966 0
-189 -1003 0
-189 -1040 0
-189 -1077 0
-189 -1114 0
-189 -1151 0
-189 -1188 0
-189 -1225 0
-189 -1262 0
-189 -1299 0
-189 -1336 0
-189 -1373 0
-189 -1410 0
-226 -263 0
-226 -300 0
-226 -337 0
-226 -374 0
-226 -411 0
-226 -448 0
-226 -485 0
-226 -522 0
-226 -559 0
-226 -596 0
-226 -633 0
-226 -670 0
-226 -707 0
-226 -744 0
-226 -781 0
-226 -818 0
-226 -855 0
-226 -892 0
-226 -929 0
-226 -966 0
-226 -1003 0
-226 -1040 0
-226 -1077 0
-226 -1114 0
-226 -1151 0
-226 -1188 0
-226 -1225 0
-226 -1262 0
-226 -1299 0
-226 -1336 0
-226 -1373 0
-226 -1410 0
-263 -300 0
-263 -337 0
-263 -374 0
-263 -411 0
-263 -448 0
-263 -485 0
-263 -522 0
-263 -559 0
-263 -596 0
-263 -633 0
-263 -670 0
-263 -707 0
-263 -744 0
-263 -781 0
-263 -818 0
-263 -855 0
-263 -892 0
-263 -929 0
-263 -966 0
-263 -1003 0
-263 -1040 0
-263 -1077 0
-263 -1114 0
-263 -1151 0
-263 -1188 0
-263 -1225 0
-263 -1262 0
-263 -1299 0
-263 -1336 0
-263 -1373 0
-263 -1410 0
-300 -337 0
-300 -374 0
-300 -411 0
-300 -448 0
-300 -485 0
-300 -522 0
-300 -559 0
-300 -596 0
-300 -633 0
-300 -670 0
-300 -707 0
-300 -744 0
-300 -781 0
-300 -818 0
-300 -855 0
-300 -892 0
-300 -929 0
-300 -966 0
-300 -1003 0
-300 -1040 0
-300 -1077 0
-300 -1114 0
-300 -1151 0
-300 -1188 0
-300 -1225 0
-300 -1262 0
-300 -1299 0
-300 -1336 0
-300 -1373 0
-300 -1410 0
-337 -374 0
-337 -411 0
-337 -448 0
-337 -485 0
-337 -522 0
-337 -559 0
-337 -596 0
-337 -633 0
-337 -670 0
-337 -707 0
-337 -744 0
-337 -781 0
-337 -818 0
-337 -855 0
-337 -892 0
-337 -929 0
-337 -966 0
-337 -1003 0
-337 -1040 0
-337 -1077 0
-337 -1114 0
-337 -1151 0
-337 -1188 0
-337 -1225 0
-337 -1262 0
-337 -1299 0
-337 -1336 0
-337 -1373 0
-337 -1410 0
-374 -411 0
-374 -448 0
-374 -485 0
-374 -522 0
-374 -559 0
-374 -596 0
-374 -633 0
-374 -670 0
-374 -707 0
-374 -744 0
-374 -781 0
-374 -818 0
-374 -855 0
-374 -892 0
-374 -929 0
-374 -966 0
-374 -1003 0
-374 -1040 0
-374 -1077 0
-374 -1114 0
-374 -1151 0
-374 -1188 0
-374 -1225 0
-374 -1262 0
-374 -1299 0
-374 -1336 0
-374 -1373 0
-374 -1410 0
-411 -448 0
-411 -485 0
-411 -522 0
-411 -559 0
-411 -596 0
-411 -633 0
-411 -670 0
-411 -707 0
-411 -744 0
-411 -781 0
-411 -818 0
-411 -855 0
-411 -892 0
-411 -929 0
-411 -966 0
-411 -1003 0
-411 -1040 0
-411 -1077 0
-411 -1114 0
-411 -1151 0
-411 -1188 0
-411 -1225 0
-411 -1262 0
-411 -1299 0
-411 -1336 0
-411 -1373 0
-411 -1410 0
-448 -485 0
-448 -522 0
-448 -559 0
-448 -596 0
-448 -633 0
-448 -670 0
-448 -707 0
-448 -744 0
-448 -781 0
-448 -818 0
-448 -855 0
-448 -892 0
-448 -929 0
-448 -966 0
-448 -1003 0
-448 -1040 0
-448 -1077 0
-448 -1114 0
-448 -1151 0
-448 -1188 0
-448 -1225 0
-448 -1262 0
-448 -1299 0
-448 -1336 0
-448 -1373 0
-448 -1410 0
-485 -522 0
-485 -559 0
-485 -596 0
-485 -633 0
-485 -670 0
-485 -707 0
-485 -744 0
-485 -781 0
-485 -818 0
-485 -855 0
-485 -892 0
-485 -929 0
-485 -966 0
-485 -1003 0
-485 -1040 0
-485 -1077 0
-485 -1114 0
-485 -1151 0
-485 -1188 0
-485 -1225 0
-485 -1262 0
-485 -1299 0
-485 -1336 0
-485 -1373 0
-485 -1410 0
-522 -559 0
-522 -596 0
-522 -633 0
-522 -670 0
-522 -707 0
-522 -744 0
-522 -781 0
-522 -818 0
-522 -855 0
-522 -892 0
-522 -929 0
-522 -966 0
-522 -1003 0
-522 -1040 0
-522 -1077 0
-522 -1114 0
-522 -1151 0
-522 -1188 0
-522 -1225 0
-522 -1262 0
-522 -1299 0
-522 -1336 0
-522 -1373 0
-522 -1410 0
-559 -596 0
-559 -633 0
-559 -670 0
-559 -707 0
-559 -744 0
-559 -781 0
-559 -818 0
-559 -855 0
-559 -892 0
-559 -929 0
-559 -966 0
-559 -1003 0
-559 -1040 0
-559 -1077 0
-559 -1114 0
-559 -1151 0
-559 -1188 0
-559 -1225 0
-559 -1262 0
-559 -1299 0
-559 -1336 0
-559 -1373 0
-559 -1410 0
-596 -633 0
-596 -670 0
-596 -707 0
-596 -744 0
-596 -781 0
-596 -818 0
-596 -855 0
-596 -892 0
-596 -929 0
-596 -966 0
-596 -1003 0
-596 -1040 0
-596 -1077 0
-596 -1114 0
-596 -1151 0
-596 -1188 0
-596 -1225 0
-596 -1262 0
-596 -1299 0
-596 -1336 0
-596 -1373 0
-596 -1410 0
-633 -670 0
-633 -707 0
-633 -744 0
-633 -781 0
-633 -818 0
-633 -855 0
-633 -892 0
-633 -929 0
-633 -966 0
-633 -1003 0
-633 -1040 0
-633 -1077 0
-633 -1114 0
-633 -1151 0
-633 -1188 0
-633 -1225 0
-633 -1262 0
-633 -1299 0
-633 -1336 0
-633 -1373 0
-633 -1410 0
-670 -707 0
-670 -744 0
-670 -781 0
-670 -818 0
-670 -855 0
-670 -892 0
-670 -929 0
-670 -966 0
-670 -1003 0
-670 -1040 0
-670 -1077 0
-670 -1114 0
-670 -1151 0
-670 -1188 0
-670 -1225 0
-670 -1262 0
-670 -1299 0
-670 -1336 0
-670 -1373 0
-670 -1410 0
-707 -744 0
-707 -781 0
-707 -818 0
-707 -855 0
-707 -892 0
-707 -929 0
-707 -966 0
-707 -1003 0
-707 -1040 0
-707 -1077 0
-707 -1114 0
-707 -1151 0
-707 -1188 0
-707 -1225 0
-707 -1262 0
-707 -1299 0
-707 -1336 0
-707 -1373 0
-707 -1410 0
-744 -781 0
-744 -818 0
-744 -855 0
-744 -892 0
-744 -929 0
-744 -966 0
-744 -1003 0
-744 -1040 0
-744 -1077 0
-744 -1114 0
-744 -1151 0
-744 -1188 0
-744 -1225 0
-744 -1262 0
-744 -1299 0
-744 -1336 0
-744 -1373 0
-744 -1410 0
-781 -818 0
-781 -855 0
-781 -892 0
-781 -929 0
-781 -966 0
-781 -1003 0
-781 -1040 0
-781 -1077 0
-781 -1114 0
-781 -1151 0
-781 -1188 0
-781 -1225 0
-781 -1262 0
-781 -1299 0
-781 -1336 0
-781 -1373 0
-781 -1410 0
-818 -855 0
-818 -892 0
-818 -929 0
-818 -966 0
-818 -1003 0
-818 -1040 0
-818 -1077 0
-818 -1114 0
-818 -1151 0
-818 -1188 0
-818 -1225 0
-818 -1262 0
-818 -1299 0
-818 -1336 0
-818 -1373 0
-818 -1410 0
-855 -892 0
-855 -929 0
-855 -966 0
-855 -1003 0
-855 -1040 0
-855 -1077 0
-855 -1114 0
-855 -1151 0
-855 -1188 0
-855 -1225 0
-855 -1262 0
-855 -1299 0
-855 -1336 0
-855 -1373 0
-855 -1410 0
-892 -929 0
-892 -966 0
-892 -1003 0
-892 -1040 0
-892 -1077 0
-892 -1114 0
-892 -1151 0
-892 -1188 0
-892 -1225 0
-892 -1262 0
-892 -1299 0
-892 -1336 0
-892 -1373 0
-892 -1410 0
-929 -966 0
-929 -1003 0
-929 -1040 0
-929 -1077 0
-929 -1114 0
-929 -1151 0
-929 -1188 0
-929 -1225 0
-929 -1262 0
-929 -1299 0
-929 -1336 0
-929 -1373 0
-929 -1410 0
-966 -1003 0
-966 -1040 0
-966 -1077 0
-966 -1114 0
-966 -1151 0
-966 -1188 0
-966 -1225 0
-966 -1262 0
-966 -1299 0
-966 -1336 0
-966 -1373 0
-966 -1410 0
-1003 -1040 0
-1003 -1077 0
-1003 -1114 0
-1003 -1151 0
-1003 -1188 0
-1003 -1225 0
-1003 -1262 0
-1003 -1299 0
-1003 -1336 0
-1003 -1373 0
-1003 -1410 0
-1040 -1077 0
-1040 -1114 0
-1040 -1151 0
-1040 -1188 0
-1040 -1225 0
-1040 -1262 0
-1040 -1299 0
-1040 -1336 0
-1040 -1373 0
-1040 -1410 0
-1077 -1114 0
-1077 -1151 0
-1077 -1188 0
-1077 -1225 0
-1077 -1262 0
-1077 -1299 0
-1077 -1336 0
-1077 -1373 0
-1077 -1410 0
-1114 -1151 0
-1114 -1188 0
-1114 -1225 0
-1114 -1262 0
-1114 -1299 0
-1114 -1336 0
-1114 -1373 0
-1114 -1410 0
-1151 -1188 0
-1151 -1225 0
-1151 -1262 0
-1151 -1299 0
-1151 -1336 0
-1151 -1373 0
-1151 -1410 0
-1188 -1225 0
-1188 -1262 0
-1188 -1299 0
-1188 -1336 0
-1188 -1373 0
-1188 -1410 0
-1225 -1262 0
-1225 -1299 0
-1225 -1336 0
-1225 -1373 0
-1225 -1410 0
-1262 -1299 0
-1262 -1336 0
-1262 -1373 0
-1262 -1410 0
-1299 -1336 0
-1299 -1373 0
-1299 -1410 0
-1336 -1373 0
-1336 -1410 0
-1373 -1410 0
-190 -227 0
-190 -264 0
-190 -301 0
-190 -338 0
-190 -375 0
-190 -412 0
-190 -449 0
-190 -486 0
-190 -523 0
-190 -560 0
-190 -597 0
-190 -634 0
-190 -671 0
-190 -708 0
-190 -745 0
-190 -782 0
-190 -819 0
-190 -856 0
-190 -893 0
-190 -930 0
-190 -967 0
-190 -1004 0
-190 -1041 0
-190 -1078 0
-190 -1115 0
-190 -1152 0
-190 -1189 0
-190 -1226 0
-190 -1263 0
-190 -1300 0
-190 -1337 0
-190 -1374 0
-190 -1411 0
-227 -264 0
-227 -301 0
-227 -338 0
-227 -375 0
-227 -412 0
-227 -449 0
-227 -486 0
-227 -523 0
-227 -560 0
-227 -597 0
-227 -634 0
-227 -671 0
-227 -708 0
-227 -745 0
-227 -782 0
-227 -819 0
-227 -856 0
-227 -893 0
-227 -930 0
-227 -967 0
-227 -1004 0
-227 -1041 0
-227 -1078 0
-227 -1115 0
-227 -1152 0
-227 -1189 0
-227 -1226 0
-227 -1263 0
-227 -1300 0
-227 -1337 0
-227 -1374 0
-227 -1411 0
-264 -301 0
-264 -338 0
-264 -375 0
-264 -412 0
-264 -449 0
-264 -486 0
-264 -523 0
-264 -560 0
-264 -597 0
-264 -634 0
-264 -671 0
-264 -708 0
-264 -745 0
-264 -782 0
-264 -819 0
-264 -856 0
-264 -893 0
-264 -930 0
-264 -967 0
-264 -1004 0
-264 -1041 0
-264 -1078 0
-264 -1115 0
-264 -1152 0
-264 -1189 0
-264 -1226 0
-264 -1263 0
-264 -1300 0
-264 -1337 0
-264 -1374 0
-264 -1411 0
-301 -338 0
-301 -375 0
-301 -412 0
-301 -449 0
-301 -486 0
-301 -523 0
-301 -560 0
-301 -597 0
-301 -634 0
-301 -671 0
-301 -708 0
-301 -745 0
-301 -782 0
-301 -819 0
-301 -856 0
-301 -893 0
-301 -930 0
-301 -967 0
-301 -1004 0
-301 -1041 0
-301 -1078 0
-301 -1115 0
-301 -1152 0
-301 -1189 0
-301 -1226 0
-301 -1263 0
-301 -1300 0
-301 -1337 0
-301 -1374 0
-301 -1411 0
-338 -375 0
-338 -412 0
-338 -449 0
-338 -486 0
-338 -523 0
-338 -560 0
-338 -597 0
-338 -634 0
-338 -671 0
-338 -708 0
-338 -745 0
-338 -782 0
-338 -819 0
-338 -856 0
-338 -893 0
-338 -930 0
-338 -967 0
-338 -1004 0
-338 -1041 0
-338 -1078 0
-338 -1115 0
-338 -1152 0
-338 -1189 0
-338 -1226 0
-338 -1263 0
-338 -1300 0
-338 -1337 0
-338 -1374 0
-338 -1411 0
-375 -412 0
-375 -449 0
-375 -486 0
-375 -523 0
-375 -560 0
-375 -597 0
-375 -634 0
-375 -671 0
-375 -708 0
-375 -745 0
-375 -782 0
-375 -819 0
-375 -856 0
-375 -893 0
-375 -930 0
-375 -967 0
-375 -1004 0
-375 -1041 0
-375 -1078 0
-375 -1115 0
-375 -1152 0
-375 -1189 0
-375 -1226 0
-375 -1263 0
-375 -1300 0
-375 -1337 0
-375 -1374 0
-375 -1411 0
-412 -449 0
-412 -486 0
-412 -523 0
-412 -560 0
-412 -597 0
-412 -634 0
-412 -671 0
-412 -708 0
-412 -745 0
-412 -782 0
-412 -819 0
-412 -856 0
-412 -893 0
-412 -930 0
-412 -967 0
-412 -1004 0
-412 -1041 0
-412 -1078 0
-412 -1115 0
-412 -1152 0
-412 -1189 0
-412 -1226 0
-412 -1263 0
-412 -1300 0
-412 -1337 0
-412 -1374 0
-412 -1411 0
-449 -486 0
-449 -523 0
-449 -560 0
-449 -597 0
-449 -634 0
-449 -671 0
-449 -708 0
-449 -745 0
-449 -782 0
-449 -819 0
-449 -856 0
-449 -893 0
-449 -930 0
-449 -967 0
-449 -1004 0
-449 -1041 0
-449 -1078 0
-449 -1115 0
-449 -1152 0
-449 -1189 0
-449 -1226 0
-449 -1263 0
-449 -1300 0
-449 -1337 0
-449 -1374 0
-449 -1411 0
-486 -523 0
-486 -560 0
-486 -597 0
-486 -634 0
-486 -671 0
-486 -708 0
-486 -745 0
-486 -782 0
-486 -819 0
-486 -856 0
-486 -893 0
-486 -930 0
-486 -967 0
-486 -1004 0
-486 -1041 0
-486 -1078 0
-486 -1115 0
-486 -1152 0
-486 -1189 0
-486 -1226 0
-486 -1263 0
-486 -1300 0
-486 -1337 0
-486 -1374 0
-486 -1411 0
-523 -560 0
-523 -597 0
-523 -634 0
-523 -671 0
-523 -708 0
-523 -745 0
-523 -782 0
-523 -819 0
-523 -856 0
-523 -893 0
-523 -930 0
-523 -967 0
-523 -1004 0
-523 -1041 0
-523 -1078 0
-523 -1115 0
-523 -1152 0
-523 -1189 0
-523 -1226 0
-523 -1263 0
-523 -1300 0
-523 -1337 0
-523 -1374 0
-523 -1411 0
-560 -597 0
-560 -634 0
-560 -671 0
-560 -708 0
-560 -745 0
-560 -782 0
-560 -819 0
-560 -856 0
-560 -893 0
-560 -930 0
-560 -967 0
-560 -1004 0
-560 -1041 0
-560 -1078 0
-560 -1115 0
-560 -1152 0
-560 -1189 0
-560 -1226 0
-560 -1263 0
-560 -1300 0
-560 -1337 0
-560 -1374 0
-560 -1411 0
-597 -634 0
-597 -671 0
-597 -708 0
-597 -745 0
-597 -782 0
-597 -819 0
-597 -856 0
-597 -893 0
-597 -930 0
-597 -967 0
-597 -1004 0
-597 -1041 0
-597 -1078 0
-597 -1115 0
-597 -1152 0
-597 -1189 0
-597 -1226 0
-597 -1263 0
-597 -1300 0
-597 -1337 0
-597 -1374 0
-597 -1411 0
-634 -671 0
-634 -708 0
-634 -745 0
-634 -782 0
-634 -819 0
-634 -856 0
-634 -893 0
-634 -930 0
-634 -967 0
-634 -1004 0
-634 -1041 0
-634 -1078 0
-634 -1115 0
-634 -1152 0
-634 -1189 0
-634 -1226 0
-634 -1263 0
-634 -1300 0
-634 -1337 0
-634 -1374 0
-634 -1411 0
-671 -708 0
-671 -745 0
-671 -782 0
-671 -819 0
-671 -856 0
-671 -893 0
-671 -930 0
-671 -967 0
-671 -1004 0
-671 -1041 0
-671 -1078 0
-671 -1115 0
-671 -1152 0
-671 -1189 0
-671 -1226 0
-671 -1263 0
-671 -1300 0
-671 -1337 0
-671 -1374 0
-671 -1411 0
-708 -745 0
-708 -782 0
-708 -819 0
-708 -856 0
-708 -893 0
-708 -930 0
-708 -967 0
-708 -1004 0
-708 -1041 0
-708 -1078 0
-708 -1115 0
-708 -1152 0
-708 -1189 0
-708 -1226 0
-708 -1263 0
-708 -1300 0
-708 -1337 0
-708 -1374 0
-708 -1411 0
-745 -782 0
-745 -819 0
-745 -856 0
-745 -893 0
-745 -930 0
-745 -967 0
-745 -1004 0
-745 -1041 0
-745 -1078 0
-745 -1115 0
-745 -1152 0
-745 -1189 0
-745 -1226 0
-745 -1263 0
-745 -1300 0
-745 -1337 0
-745 -1374 0
-745 -1411 0
-782 -819 0
-782 -856 0
-782 -893 0
-782 -930 0
-782 -967 0
-782 -1004 0
-782 -1041 0
-782 -1078 0
-782 -1115 0
-782 -1152 0
-782 -1189 0
-782 -1226 0
-782 -1263 0
-782 -1300 0
-782 -1337 0
-782 -1374 0
-782 -1411 0
-819 -856 0
-819 -893 0
-819 -930 0
-819 -967 0
-819 -1004 0
-819 -1041 0
-819 -1078 0
-819 -1115 0
-819 -1152 0
-819 -1189 0
-819 -1226 0
-819 -1263 0
-819 -1300 0
-819 -1337 0
-819 -1374 0
-819 -1411 0
-856 -893 0
-856 -930 0
-856 -967 0
-856 -1004 0
-856 -1041 0
-856 -1078 0
-856 -1115 0
-856 -1152 0
-856 -1189 0
-856 -1226 0
-856 -1263 0
-856 -1300 0
-856 -1337 0
-856 -1374 0
-856 -1411 0
-893 -930 0
-893 -967 0
-893 -1004 0
-893 -1041 0
-893 -1078 0
-893 -1115 0
-893 -1152 0
-893 -1189 0
-893 -1226 0
-893 -1263 0
-893 -1300 0
-893 -1337 0
-893 -1374 0
-893 -1411 0
-930 -967 0
-930 -1004 0
-930 -1041 0
-930 -1078 0
-930 -1115 0
-930 -1152 0
-930 -1189 0
-930 -1226 0
-930 -1263 0
-930 -1300 0
-930 -1337 0
-930 -1374 0
-930 -1411 0
-967 -1004 0
-967 -1041 0
-967 -1078 0
-967 -1115 0
-967 -1152 0
-967 -1189 0
-967 -1226 0
-967 -1263 0
-967 -1300 0
-967 -1337 0
-967 -1374 0
-967 -1411 0
-1004 -1041 0
-1004 -1078 0
-1004 -1115 0
-1004 -1152 0
-1004 -1189 0
-1004 -1226 0
-1004 -1263 0
-1004 -1300 0
-1004 -1337 0
-1004 -1374 0
-1004 -1411 0
-1041 -1078 0
-1041 -1115 0
-1041 -1152 0
-1041 -1189 0
-1041 -1226 0
-1041 -1263 0
-1041 -1300 0
-1041 -1337 0
-1041 -1374 0
-1041 -1411 0
-1078 -1115 0
-1078 -1152 0
-1078 -1189 0
-1078 -1226 0
-1078 -1263 0
-1078 -1300 0
-1078 -1337 0
-1078 -1374 0
-1078 -1411 0
-1115 -1152 0
-1115 -1189 0
-1115 -1226 0
-1115 -1263 0
-1115 -1300 0
-1115 -1337 0
-1115 -1374 0
-1115 -1411 0
-1152 -1189 0
-1152 -1226 0
-1152 -1263 0
-1152 -1300 0
-1152 -1337 0
-1152 -1374 0
-1152 -1411 0
-1189 -1226 0
-1189 -1263 0
-1189 -1300 0
-1189 -1337 0
-1189 -1374 0
-1189 -1411 0
-1226 -1263 0
-1226 -1300 0
-1226 -1337 0
-1226 -1374 0
-1226 -1411 0
-1263 -1300 0
-1263 -1337 0
-1263 -1374 0
-1263 -1411 0
-1300 -1337 0
-1300 -1374 0
-1300 -1411 0
-1337 -1374 0
-1337 -1411 0
-1374 -1411 0
-228 -265 0
-228 -302 0
-228 -339 0
-228 -376 0
-228 -413 0
-228 -450 0
-228 -487 0
-228 -524 0
-228 -561 0
-228 -598 0
-228 -635 0
-228 -672 0
-228 -709 0
-228 -746 0
-228 -783 0
-228 -820 0
-228 -857 0
-228 -894 0
-228 -931 0
-228 -968 0
-228 -1005 0
-228 -1042 0
-228 -1079 0
-228 -1116 0
-228 -1153 0
-228 -1190 0
-228 -1227 0
-228 -1264 0
-228 -1301 0
-228 -1338 0
-228 -1375 0
-228 -1412 0
-265 -302 0
-265 -339 0
-265 -376 0
-265 -413 0
-265 -450 0
-265 -487 0
-265 -524 0
-265 -561 0
-265 -598 0
-265 -635 0
-265 -672 0
-265 -709 0
-265 -746 0
-265 -783 0
-265 -820 0
-265 -857 0
-265 -894 0
-265 -931 0
-265 -968 0
-265 -1005 0
-265 -1042 0
-265 -1079 0
-265 -1116 0
-265 -1153 0
-265 -1190 0
-265 -1227 0
-265 -1264 0
-265 -1301 0
-265 -1338 0
-265 -1375 0
-265 -1412 0
-302 -339 0
-302 -376 0
-302 -413 0
-302 -450 0
-302 -487 0
-302 -524 0
-302 -561 0
-302 -598 0
-302 -635 0
-302 -672 0
-302 -709 0
-302 -746 0
-302 -783 0
-302 -820 0
-302 -857 0
-302 -894 0
-302 -931 0
-302 -968 0
-302 -1005 0
-302 -1042 0
-302 -1079 0
-302 -1116 0
-302 -1153 0
-302 -1190 0
-302 -1227 0
-302 -1264 0
-302 -1301 0
-302 -1338 0
-302 -1375 0
-302 -1412 0
-339 -376 0
-339 -413 0
-339 -450 0
-339 -487 0
-339 -524 0
-339 -561 0
-339 -598 0
-339 -635 0
-339 -672 0
-339 -709 0
-339 -746 0
-339 -783 0
-339 -820 0
-339 -857 0
-339 -894 0
-339 -931 0
-339 -968 0
-339 -1005 0
-339 -1042 0
-339 -1079 0
-339 -1116 0
-339 -1153 0
-339 -1190 0
-339 -1227 0
-339 -1264 0
-339 -1301 0
-339 -1338 0
-339 -1375 0
-339 -1412 0
-376 -413 0
-376 -450 0
-376 -487 0
-376 -524 0
-376 -561 0
-376 -598 0
-376 -635 0
-376 -672 0
-376 -709 0
-376 -746 0
-376 -783 0
-376 -820 0
-376 -857 0
-376 -894 0
-376 -931 0
-376 -968 0
-376 -1005 0
-376 -1042 0
-376 -1079 0
-376 -1116 0
-376 -1153 0
-376 -1190 0
-376 -1227 0
-376 -1264 0
-376 -1301 0
-376 -1338 0
-376 -1375 0
-376 -1412 0
-413 -450 0
-413 -487 0
-413 -524 0
-413 -561 0
-413 -598 0
-413 -635 0
-413 -672 0
-413 -709 0
-413 -746 0
-413 -783 0
-413 -820 0
-413 -857 0
-413 -894 0
-413 -931 0
-413 -968 0
-413 -1005 0
-413 -1042 0
-413 -1079 0
-413 -1116 0
-413 -1153 0
-413 -1190 0
-413 -1227 0
-413 -1264 0
-413 -1301 0
-413 -1338 0
-413 -1375 0
-413 -1412 0
-450 -487 0
-450 -524 0
-450 -561 0
-450 -598 0
-450 -635 0
-450 -672 0
-450 -709 0
-450 -746 0
-450 -783 0
-450 -820 0
-450 -857 0
-450 -894 0
-450 -931 0
-450 -968 0
-450 -1005 0
-450 -1042 0
-450 -1079 0
-450 -1116 0
-450 -1153 0
-450 -1190 0
-450 -1227 0
-450 -1264 0
-450 -1301 0
-450 -1338 0
-450 -1375 0
-450 -1412 0
-487 -524 0
-487 -561 0
-487 -598 0
-487 -635 0
-487 -672 0
-487 -709 0
-487 -746 0
-487 -783 0
-487 -820 0
-487 -857 0
-487 -894 0
-487 -931 0
-487 -968 0
-487 -1005 0
-487 -1042 0
-487 -1079 0
-487 -1116 0
-487 -1153 0
-487 -1190 0
-487 -1227 0
-487 -1264 0
-487 -1301 0
-487 -1338 0
-487 -1375 0
-487 -1412 0
-524 -561 0
-524 -598 0
-524 -635 0
-524 -672 0
-524 -709 0
-524 -746 0
-524 -783 0
-524 -820 0
-524 -857 0
-524 -894 0
-524 -931 0
-524 -968 0
-524 -1005 0
-524 -1042 0
-524 -1079 0
-524 -1116 0
-524 -1153 0
-524 -1190 0
-524 -1227 0
-524 -1264 0
-524 -1301 0
-524 -1338 0
-524 -1375 0
-524 -1412 0
-561 -598 0
-561 -635 0
-561 -672 0
-561 -709 0
-561 -746 0
-561 -783 0
-561 -820 0
-561 -857 0
-561 -894 0
-561 -931 0
-561 -968 0
-561 -1005 0
-561 -1042 0
-561 -1079 0
-561 -1116 0
-561 -1153 0
-561 -1190 0
-561 -1227 0
-561 -1264 0
-561 -1301 0
-561 -1338 0
-561 -1375 0
-561 -1412 0
-598 -635 0
-598 -672 0
-598 -709 0
-598 -746 0
-598 -783 0
-598 -820 0
-598 -857 0
-598 -894 0
-598 -931 0
-598 -968 0
-598 -1005 0
-598 -1042 0
-598 -1079 0
-598 -1116 0
-598 -1153 0
-598 -1190 0
-598 -1227 0
-598 -1264 0
-598 -1301 0
-598 -1338 0
-598 -1375 0
-598 -1412 0
-635 -672 0
-635 -709 0
-635 -746 0
-635 -783 0
-635 -820 0
-635 -857 0
-635 -894 0
-635 -931 0
-635 -968 0
-635 -1005 0
-635 -1042 0
-635 -1079 0
-635 -1116 0
-635 -1153 0
-635 -1190 0
-635 -1227 0
-635 -1264 0
-635 -1301 0
-635 -1338 0
-635 -1375 0
-635 -1412 0
-672 -709 0
-672 -746 0
-672 -783 0
-672 -820 0
-672 -857 0
-672 -894 0
-672 -931 0
-672 -968 0
-672 -1005 0
-672 -1042 0
-672 -1079 0
-672 -1116 0
-672 -1153 0
-672 -1190 0
-672 -1227 0
-672 -1264 0
-672 -1301 0
-672 -1338 0
-672 -1375 0
-672 -1412 0
-709 -746 0
-709 -783 0
-709 -820 0
-709 -857 0
-709 -894 0
-709 -931 0
-709 -968 0
-709 -1005 0
-709 -1042 0
-709 -1079 0
-709 -1116 0
-709 -1153 0
-709 -1190 0
-709 -1227 0
-709 -1264 0
-709 -1301 0
-709 -1338 0
-709 -1375 0
-709 -1412 0
-746 -783 0
-746 -820 0
-746 -857 0
-746 -894 0
-746 -931 0
-746 -968 0
-746 -1005 0
-746 -1042 0
-746 -1079 0
-746 -1116 0
-746 -1153 0
-746 -1190 0
-746 -1227 0
-746 -1264 0
-746 -1301 0
-746 -1338 0
-746 -1375 0
-746 -1412 0
-783 -820 0
-783 -857 0
-783 -894 0
-783 -931 0
-783 -968 0
-783 -1005 0
-783 -1042 0
-783 -1079 0
-783 -1116 0
-783 -1153 0
-783 -1190 0
-783 -1227 0
-783 -1264 0
-783 -1301 0
-783 -1338 0
-783 -1375 0
-783 -1412 0
-820 -857 0
-820 -894 0
-820 -931 0
-820 -968 0
-820 -1005 0
-820 -1042 0
-820 -1079 0
-820 -1116 0
-820 -1153 0
-820 -1190 0
-820 -1227 0
-820 -1264 0
-820 -1301 0
-820 -1338 0
-820 -1375 0
-820 -1412 0
-857 -894 0
-857 -931 0
-857 -968 0
-857 -1005 0
-857 -1042 0
-857 -1079 0
-857 -1116 0
-857 -1153 0
-857 -1190 0
-857 -1227 0
-857 -1264 0
-857 -1301 0
-857 -1338 0
-857 -1375 0
-857 -1412 0
-894 -931 0
-894 -968 0
-894 -1005 0
-894 -1042 0
-894 -1079 0
-894 -1116 0
-894 -1153 0
-894 -1190 0
-894 -1227 0
-894 -1264 0
-894 -1301 0
-894 -1338 0
-894 -1375 0
-894 -1412 0
-931 -968 0
-931 -1005 0
-931 -1042 0
-931 -1079 0
-931 -1116 0
-931 -1153 0
-931 -1190 0
-931 -1227 0
-931 -1264 0
-931 -1301 0
-931 -1338 0
-931 -1375 0
-931 -1412 0
-968 -1005 0
-968 -1042 0
-968 -1079 0
-968 -1116 0
-968 -1153 0
-968 -1190 0
-968 -1227 0
-968 -1264 0
-968 -1301 0
-968 -1338 0
-968 -1375 0
-968 -1412 0
-1005 -1042 0
-1005 -1079 0
-1005 -1116 0
-1005 -1153 0
-1005 -1190 0
-1005 -1227 0
-1005 -1264 0
-1005 -1301 0
-1005 -1338 0
-1005 -1375 0
-1005 -1412 0
-1042 -1079 0
-1042 -1116 0
-1042 -1153 0
-1042 -1190 0
-1042 -1227 0
-1042 -1264 0
-1042 -1301 0
-1042 -1338 0
-1042 -1375 0
-1042 -1412 0
-1079 -1116 0
-1079 -1153 0
-1079 -1190 0
-1079 -1227 0
-1079 -1264 0
-1079 -1301 0
-1079 -1338 0
-1079 -1375 0
-1079 -1412 0
-1116 -1153 0
-1116 -1190 0
-1116 -1227 0
-1116 -1264 0
-1116 -1301 0
-1116 -1338 0
-1116 -1375 0
-1116 -1412 0
-1153 -1190 0
-1153 -1227 0
-1153 -1264 0
-1153 -1301 0
-1153 -1338 0
-1153 -1375 0
-1153 -1412 0
-1190 -1227 0
-1190 -1264 0
-1190 -1301 0
-1190 -1338 0
-1190 -1375 0
-1190 -1412 0
-1227 -1264 0
-1227 -1301 0
-1227 -1338 0
-1227 -1375 0
-1227 -1412 0
-1264 -1301 0
-1264 -1338 0
-1264 -1375 0
-1264 -1412 0
-1301 -1338 0
-1301 -1375 0
-1301 -1412 0
-1338 -1375 0
-1338 -1412 0
-1375 -1412 0
-266 -303 0
-266 -340 0
-266 -377 0
-266 -414 0
-266 -451 0
-266 -488 0
-266 -525 0
-266 -562 0
-266 -599 0
-266 -636 0
-266 -673 0
-266 -710 0
-266 -747 0
-266 -784 0
-266 -821 0
-266 -858 0
-266 -895 0
-266 -932 0
-266 -969 0
-266 -1006 0
-266 -1043 0
-266 -1080 0
-266 -1117 0
-266 -1154 0
-266 -1191 0
-266 -1228 0
-266 -1265 0
-266 -1302 0
-266 -1339 0
-266 -1376 0
-266 -1413 0
-303 -340 0
-303 -377 0
-303 -414 0
-303 -451 0
-303 -488 0
-303 -525 0
-303 -562 0
-303 -599 0
-303 -636 0
-303 -673 0
-303 -710 0
-303 -747 0
-303 -784 0
-303 -821 0
-303 -858 0
-303 -895 0
-303 -932 0
-303 -969 0
-303 -1006 0
-303 -1043 0
-303 -1080 0
-303 -1117 0
-303 -1154 0
-303 -1191 0
-303 -1228 0
-303 -1265 0
-303 -1302 0
-303 -1339 0
-303 -1376 0
-303 -1413 0
-340 -377 0
-340 -414 0
-340 -451 0
-340 -488 0
-340 -525 0
-340 -562 0
-340 -599 0
-340 -636 0
-340 -673 0
-340 -710 0
-340 -747 0
-340 -784 0
-340 -821 0
-340 -858 0
-340 -895 0
-340 -932 0
-340 -969 0
-340 -1006 0
-340 -1043 0
-340 -1080 0
-340 -1117 0
-340 -1154 0
-340 -1191 0
-340 -1228 0
-340 -1265 0
-340 -1302 0
-340 -1339 0
-340 -1376 0
-340 -1413 0
-377 -414 0
-377 -451 0
-377 -488 0
-377 -525 0
-377 -562 0
-377 -599 0
-377 -636 0
-377 -673 0
-377 -710 0
-377 -747 0
-377 -784 0
-377 -821 0
-377 -858 0
-377 -895 0
-377 -932 0
-377 -969 0
-377 -1006 0
-377 -1043 0
-377 -1080 0
-377 -1117 0
-377 -1154 0
-377 -1191 0
-377 -1228 0
-377 -1265 0
-377 -1302 0
-377 -1339 0
-377 -1376 0
-377 -1413 0
-414 -451 0
-414 -488 0
-414 -525 0
-414 -562 0
-414 -599 0
-414 -636 0
-414 -673 0
-414 -710 0
-414 -747 0
-414 -784 0
-414 -821 0
-414 -858 0
-414 -895 0
-414 -932 0
-414 -969 0
-414 -1006 0
-414 -1043 0
-414 -1080 0
-414 -1117 0
-414 -1154 0
-414 -1191 0
-414 -1228 0
-414 -1265 0
-414 -1302 0
-414 -1339 0
-414 -1376 0
-414 -1413 0
-451 -488 0
-451 -525 0
-451 -562 0
-451 -599 0
-451 -636 0
-451 -673 0
-451 -710 0
-451 -747 0
-451 -784 0
-451 -821 0
-451 -858 0
-451 -895 0
-451 -932 0
-451 -969 0
-451 -1006 0
-451 -1043 0
-451 -1080 0
-451 -1117 0
-451 -1154 0
-451 -1191 0
-451 -1228 0
-451 -1265 0
-451 -1302 0
-451 -1339 0
-451 -1376 0
-451 -1413 0
-488 -525 0
-488 -562 0
-488 -599 0
-488 -636 0
-488 -673 0
-488 -710 0
-488 -747 0
-488 -784 0
-488 -821 0
-488 -858 0
-488 -895 0
-488 -932 0
-488 -969 0
-488 -1006 0
-488 -1043 0
-488 -1080 0
-488 -1117 0
-488 -1154 0
-488 -1191 0
-488 -1228 0
-488 -1265 0
-488 -1302 0
-488 -1339 0
-488 -1376 0
-488 -1413 0
-525 -562 0
-525 -599 0
-525 -636 0
-525 -673 0
-525 -710 0
-525 -747 0
-525 -784 0
-525 -821 0
-525 -858 0
-525 -895 0
-525 -932 0
-525 -969 0
-525 -1006 0
-525 -1043 0
-525 -1080 0
-525 -1117 0
-525 -1154 0
-525 -1191 0
-525 -1228 0
-525 -1265 0
-525 -1302 0
-525 -1339 0
-525 -1376 0
-525 -1413 0
-562 -599 0
-562 -636 0
-562 -673 0
-562 -710 0
-562 -747 0
-562 -784 0
-562 -821 0
-562 -858 0
-562 -895 0
-562 -932 0
-562 -969 0
-562 -1006 0
-562 -1043 0
-562 -1080 0
-562 -1117 0
-562 -1154 0
-562 -1191 0
-562 -1228 0
-562 -1265 0
-562 -1302 0
-562 -1339 0
-562 -1376 0
-562 -1413 0
-599 -636 0
-599 -673 0
-599 -710 0
-599 -747 0
-599 -784 0
-599 -821 0
-599 -858 0
-599 -895 0
-599 -932 0
-599 -969 0
-599 -1006 0
-599 -1043 0
-599 -1080 0
-599 -1117 0
-599 -1154 0
-599 -1191 0
-599 -1228 0
-599 -1265 0
-599 -1302 0
-599 -1339 0
-599 -1376 0
-599 -1413 0
-636 -673 0
-636 -710 0
-636 -747 0
-636 -784 0
-636 -821 0
-636 -858 0
-636 -895 0
-636 -932 0
-636 -969 0
-636 -1006 0
-636 -1043 0
-636 -1080 0
-636 -1117 0
-636 -1154 0
-636 -1191 0
-636 -1228 0
-636 -1265 0
-636 -1302 0
-636 -1339 0
-636 -1376 0
-636 -1413 0
-673 -710 0
-673 -747 0
-673 -784 0
-673 -821 0
-673 -858 0
-673 -895 0
-673 -932 0
-673 -969 0
-673 -1006 0
-673 -1043 0
-673 -1080 0
-673 -1117 0
-673 -1154 0
-673 -1191 0
-673 -1228 0
-673 -1265 0
-673 -1302 0
-673 -1339 0
-673 -1376 0
-673 -1413 0
-710 -747 0
-710 -784 0
-710 -821 0
-710 -858 0
-710 -895 0
-710 -932 0
-710 -969 0
-710 -1006 0
-710 -1043 0
-710 -1080 0
-710 -1117 0
-710 -1154 0
-710 -1191 0
-710 -1228 0
-710 -1265 0
-710 -1302 0
-710 -1339 0
-710 -1376 0
-710 -1413 0
-747 -784 0
-747 -821 0
-747 -858 0
-747 -895 0
-747 -932 0
-747 -969 0
-747 -1006 0
-747 -1043 0
-747 -1080 0
-747 -1117 0
-747 -1154 0
-747 -1191 0
-747 -1228 0
-747 -1265 0
-747 -1302 0
-747 -1339 0
-747 -1376 0
-747 -1413 0
-784 -821 0
-784 -858 0
-784 -895 0
-784 -932 0
-784 -969 0
-784 -1006 0
-784 -1043 0
-784 -1080 0
-784 -1117 0
-784 -1154 0
-784 -1191 0
-784 -1228 0
-784 -1265 0
-784 -1302 0
-784 -1339 0
-784 -1376 0
-784 -1413 0
-821 -858 0
-821 -895 0
-821 -932 0
-821 -969 0
-821 -1006 0
-821 -1043 0
-821 -1080 0
-821 -1117 0
-821 -1154 0
-821 -1191 0
-821 -1228 0
-821 -1265 0
-821 -1302 0
-821 -1339 0
-821 -1376 0
-821 -1413 0
-858 -895 0
-858 -932 0
-858 -969 0
-858 -1006 0
-858 -1043 0
-858 -1080 0
-858 -1117 0
-858 -1154 0
-858 -1191 0
-858 -1228 0
-858 -1265 0
-858 -1302 0
-858 -1339 0
-858 -1376 0
-858 -1413 0
-895 -932 0
-895 -969 0
-895 -1006 0
-895 -1043 0
-895 -1080 0
-895 -1117 0
-895 -1154 0
-895 -1191 0
-895 -1228 0
-895 -1265 0
-895 -1302 0
-895 -1339 0
-895 -1376 0
-895 -1413 0
-932 -969 0
-932 -1006 0
-932 -1043 0
-932 -1080 0
-932 -1117 0
-932 -1154 0
-932 -1191 0
-932 -1228 0
-932 -1265 0
-932 -1302 0
-932 -1339 0
-932 -1376 0
-932 -1413 0
-969 -1006 0
-969 -1043 0
-969 -1080 0
-969 -1117 0
-969 -1154 0
-969 -1191 0
-969 -1228 0
-969 -1265 0
-969 -1302 0
-969 -1339 0
-969 -1376 0
-969 -1413 0
-1006 -1043 0
-1006 -1080 0
-1006 -1117 0
-1006 -1154 0
-1006 -1191 0
-1006 -1228 0
-1006 -1265 0
-1006 -1302 0
-1006 -1339 0
-1006 -1376 0
-1006 -1413 0
-1043 -1080 0
-1043 -1117 0
-1043 -1154 0
-1043 -1191 0
-1043 -1228 0
-1043 -1265 0
-1043 -1302 0
-1043 -1339 0
-1043 -1376 0
-1043 -1413 0
-1080 -1117 0
-1080 -1154 0
-1080 -1191 0
-1080 -1228 0
-1080 -1265 0
-1080 -1302 0
-1080 -1339 0
-1080 -1376 0
-1080 -1413 0
-1117 -1154 0
-1117 -1191 0
-1117 -1228 0
-1117 -1265 0
-1117 -1302 0
-1117 -1339 0
-1117 -1376 0
-1117 -1413 0
-1154 -1191 0
-1154 -1228 0
-1154 -1265 0
-1154 -1302 0
-1154 -1339 0
-1154 -1376 0
-1154 -1413 0
-1191 -1228 0
-1191 -1265 0
-1191 -1302 0
-1191 -1339 0
-1191 -1376 0
-1191 -1413 0
-1228 -1265 0
-1228 -1302 0
-1228 -1339 0
-1228 -1376 0
-1228 -1413 0
-1265 -1302 0
-1265 -1339 0
-1265 -1376 0
-1265 -1413 0
-1302 -1339 0
-1302 -1376 0
-1302 -1413 0
-1339 -1376 0
-1339 -1413 0
-1376 -1413 0
-304 -341 0
-304 -378 0
-304 -415 0
-304 -452 0
-304 -489 0
-304 -526 0
-304 -563 0
-304 -600 0
-304 -637 0
-304 -674 0
-304 -711 0
-304 -748 0
-304 -785 0
-304 -822 0
-304 -859 0
-304 -896 0
-304 -933 0
-304 -970 0
-304 -1007 0
-304 -1044 0
-304 -1081 0
-304 -1118 0
-304 -1155 0
-304 -1192 0
-304 -1229 0
-304 -1266 0
-304 -1303 0
-304 -1340 0
-304 -1377 0
-304 -1414 0
-341 -378 0
-341 -415 0
-341 -452 0
-341 -489 0
-341 -526 0
-341 -563 0
-341 -600 0
-341 -637 0
-341 -674 0
-341 -711 0
-341 -748 0
-341 -785 0
-341 -822 0
-341 -859 0
-341 -896 0
-341 -933 0
-341 -970 0
-341 -1007 0
-341 -1044 0
-341 -1081 0
-341 -1118 0
-341 -1155 0
-341 -1192 0
-341 -1229 0
-341 -1266 0
-341 -1303 0
-341 -1340 0
-341 -1377 0
-341 -1414 0
-378 -415 0
-378 -452 0
-378 -489 0
-378 -526 0
-378 -563 0
-378 -600 0
-378 -637 0
-378 -674 0
-378 -711 0
-378 -748 0
-378 -785 0
-378 -822 0
-378 -859 0
-378 -896 0
-378 -933 0
-378 -970 0
-378 -1007 0
-378 -1044 0
-378 -1081 0
-378 -1118 0
-378 -1155 0
-378 -1192 0
-378 -1229 0
-378 -1266 0
-378 -1303 0
-378 -1340 0
-378 -1377 0
-378 -1414 0
-415 -452 0
-415 -489 0
-415 -526 0
-415 -563 0
-415 -600 0
-415 -637 0
-415 -674 0
-415 -711 0
-415 -748 0
-415 -785 0
-415 -822 0
-415 -859 0
-415 -896 0
-415 -933 0
-415 -970 0
-415 -1007 0
-415 -1044 0
-415 -1081 0
-415 -1118 0
-415 -1155 0
-415 -1192 0
-415 -1229 0
-415 -1266 0
-415 -1303 0
-415 -1340 0
-415 -1377 0
-415 -1414 0
-452 -489 0
-452 -526 0
-452 -563 0
-452 -600 0
-452 -637 0
-452 -674 0
-452 -711 0
-452 -748 0
-452 -785 0
-452 -822 0
-452 -859 0
-452 -896 0
-452 -933 0
-452 -970 0
-452 -1007 0
-452 -1044 0
-452 -1081 0
-452 -1118 0
-452 -1155 0
-452 -1192 0
-452 -1229 0
-452 -1266 0
-452 -1303 0
-452 -1340 0
-452 -1377 0
-452 -1414 0
-489 -526 0
-489 -563 0
-489 -600 0
-489 -637 0
-489 -674 0
-489 -711 0
-489 -748 0
-489 -785 0
-489 -822 0
-489 -859 0
-489 -896 0
-489 -933 0
-489 -970 0
-489 -1007 0
-489 -1044 0
-489 -1081 0
-489 -1118 0
-489 -1155 0
-489 -1192 0
-489 -1229 0
-489 -1266 0
-489 -1303 0
-489 -1340 0
-489 -1377 0
-489 -1414 0
-526 -563 0
-526 -600 0
-526 -637 0
-526 -674 0
-526 -711 0
-526 -748 0
-526 -785 0
-526 -822 0
-526 -859 0
-526 -896 0
-526 -933 0
-526 -970 0
-526 -1007 0
-526 -1044 0
-526 -1081 0
-526 -1118 0
-526 -1155 0
-526 -1192 0
-526 -1229 0
-526 -1266 0
-526 -1303 0
-526 -1340 0
-526 -1377 0
-526 -1414 0
-563 -600 0
-563 -637 0
-563 -674 0
-563 -711 0
-563 -748 0
-563 -785 0
-563 -822 0
-563 -859 0
-563 -896 0
-563 -933 0
-563 -970 0
-563 -1007 0
-563 -1044 0
-563 -1081 0
-563 -1118 0
-563 -1155 0
-563 -1192 0
-563 -1229 0
-563 -1266 0
-563 -1303 0
-563 -1340 0
-563 -1377 0
-563 -1414 0
-600 -637 0
-600 -674 0
-600 -711 0
-600 -748 0
-600 -785 0
-600 -822 0
-600 -859 0
-600 -896 0
-600 -933 0
-600 -970 0
-600 -1007 0
-600 -1044 0
-600 -1081 0
-600 -1118 0
-600 -1155 0
-600 -1192 0
-600 -1229 0
-600 -1266 0
-600 -1303 0
-600 -1340 0
-600 -1377 0
-600 -1414 0
-637 -674 0
-637 -711 0
-637 -748 0
-637 -785 0
-637 -822 0
-637 -859 0
-637 -896 0
-637 -933 0
-637 -970 0
-637 -1007 0
-637 -1044 0
-637 -1081 0
-637 -1118 0
-637 -1155 0
-637 -1192 0
-637 -1229 0
-637 -1266 0
-637 -1303 0
-637 -1340 0
-637 -1377 0
-637 -1414 0
-674 -711 0
-674 -748 0
-674 -785 0
-674 -822 0
-674 -859 0
-674 -896 0
-674 -933 0
-674 -970 0
-674 -1007 0
-674 -1044 0
-674 -1081 0
-674 -1118 0
-674 -1155 0
-674 -1192 0
-674 -1229 0
-674 -1266 0
-674 -1303 0
-674 -1340 0
-674 -1377 0
-674 -1414 0
-711 -748 0
-711 -785 0
-711 -822 0
-711 -859 0
-711 -896 0
-711 -933 0
-711 -970 0
-711 -1007 0
-711 -1044 0
-711 -1081 0
-711 -1118 0
-711 -1155 0
-711 -1192 0
-711 -1229 0
-711 -1266 0
-711 -1303 0
-711 -1340 0
-711 -1377 0
-711 -1414 0
-748 -785 0
-748 -822 0
-748 -859 0
-748 -896 0
-748 -933 0
-748 -970 0
-748 -1007 0
-748 -1044 0
-748 -1081 0
-748 -1118 0
-748 -1155 0
-748 -1192 0
-748 -1229 0
-748 -1266 0
-748 -1303 0
-748 -1340 0
-748 -1377 0
-748 -1414 0
-785 -822 0
-785 -859 0
-785 -896 0
-785 -933 0
-785 -970 0
-785 -1007 0
-785 -1044 0
-785 -1081 0
-785 -1118 0
-785 -1155 0
-785 -1192 0
-785 -1229 0
-785 -1266 0
-785 -1303 0
-785 -1340 0
-785 -1377 0
-785 -1414 0
-822 -859 0
-822 -896 0
-822 -933 0
-822 -970 0
-822 -1007 0
-822 -1044 0
-822 -1081 0
-822 -1118 0
-822 -1155 0
-822 -1192 0
-822 -1229 0
-822 -1266 0
-822 -1303 0
-822 -1340 0
-822 -1377 0
-822 -1414 0
-859 -896 0
-859 -933 0
-859 -970 0
-859 -1007 0
-859 -1044 0
-859 -1081 0
-859 -1118 0
-859 -1155 0
-859 -1192 0
-859 -1229 0
-859 -1266 0
-859 -1303 0
-859 -1340 0
-859 -1377 0
-859 -1414 0
-896 -933 0
-896 -970 0
-896 -1007 0
-896 -1044 0
-896 -1081 0
-896 -1118 0
-896 -1155 0
-896 -1192 0
-896 -1229 0
-896 -1266 0
-896 -1303 0
-896 -1340 0
-896 -1377 0
-896 -1414 0
-933 -970 0
-933 -1007 0
-933 -1044 0
-933 -1081 0
-933 -1118 0
-933 -1155 0
-933 -1192 0
-933 -1229 0
-933 -1266 0
-933 -1303 0
-933 -1340 0
-933 -1377 0
-933 -1414 0
-970 -1007 0
-970 -1044 0
-970 -1081 0
-970 -1118 0
-970 -1155 0
-970 -1192 0
-970 -1229 0
-970 -1266 0
-970 -1303 0
-970 -1340 0
-970 -1377 0
-970 -1414 0
-1007 -1044 0
-1007 -1081 0
-1007 -1118 0
-1007 -1155 0
-1007 -1192 0
-1007 -1229 0
-1007 -1266 0
-1007 -1303 0
-1007 -1340 0
-1007 -1377 0
-1007 -1414 0
-1044 -1081 0
-1044 -1118 0
-1044 -1155 0
-1044 -1192 0
-1044 -1229 0
-1044 -1266 0
-1044 -1303 0
-1044 -1340 0
-1044 -1377 0
-1044 -1414 0
-1081 -1118 0
-1081 -1155 0
-1081 -1192 0
-1081 -1229 0
-1081 -1266 0
-1081 -1303 0
-1081 -1340 0
-1081 -1377 0
-1081 -1414 0
-1118 -1155 0
-1118 -1192 0
-1118 -1229 0
-1118 -1266 0
-1118 -1303 0
-1118 -1340 0
-1118 -1377 0
-1118 -1414 0
-1155 -1192 0
-1155 -1229 0
-1155 -1266 0
-1155 -1303 0
-1155 -1340 0
-1155 -1377 0
-1155 -1414 0
-1192 -1229 0
-1192 -1266 0
-1192 -1303 0
-1192 -1340 0
-1192 -1377 0
-1192 -1414 0
-1229 -1266 0
-1229 -1303 0
-1229 -1340 0
-1229 -1377 0
-1229 -1414 0
-1266 -1303 0
-1266 -1340 0
-1266 -1377 0
-1266 -1414 0
-1303 -1340 0
-1303 -1377 0
-1303 -1414 0
-1340 -1377 0
-1340 -1414 0
-1377 -1414 0
-342 -379 0
-342 -416 0
-342 -453 0
-342 -490 0
-342 -527 0
-342 -564 0
-342 -601 0
-342 -638 0
-342 -675 0
-342 -712 0
-342 -749 0
-342 -786 0
-342 -823 0
-342 -860 0
-342 -897 0
-342 -934 0
-342 -971 0
-342 -1008 0
-342 -1045 0
-342 -1082 0
-342 -1119 0
-342 -1156 0
-342 -1193 0
-342 -1230 0
-342 -1267 0
-342 -1304 0
-342 -1341 0
-342 -1378 0
-342 -1415 0
-379 -416 0
-379 -453 0
-379 -490 0
-379 -527 0
-379 -564 0
-379 -601 0
-379 -638 0
-379 -675 0
-379 -712 0
-379 -749 0
-379 -786 0
-379 -823 0
-379 -860 0
-379 -897 0
-379 -934 0
-379 -971 0
-379 -1008 0
-379 -1045 0
-379 -1082 0
-379 -1119 0
-379 -1156 0
-379 -1193 0
-379 -1230 0
-379 -1267 0
-379 -1304 0
-379 -1341 0
-379 -1378 0
-379 -1415 0
-416 -453 0
-416 -490 0
-416 -527 0
-416 -564 0
-416 -601 0
-416 -638 0
-416 -675 0
-416 -712 0
-416 -749 0
-416 -786 0
-416 -823 0
-416 -860 0
-416 -897 0
-416 -934 0
-416 -971 0
-416 -1008 0
-416 -1045 0
-416 -1082 0
-416 -1119 0
-416 -1156 0
-416 -1193 0
-416 -1230 0
-416 -1267 0
-416 -1304 0
-416 -1341 0
-416 -1378 0
-416 -1415 0
-453 -490 0
-453 -527 0
-453 -564 0
-453 -601 0
-453 -638 0
-453 -675 0
-453 -712 0
-453 -749 0
-453 -786 0
-453 -823 0
-453 -860 0
-453 -897 0
-453 -934 0
-453 -971 0
-453 -1008 0
-453 -1045 0
-453 -1082 0
-453 -1119 0
-453 -1156 0
-453 -1193 0
-453 -1230 0
-453 -1267 0
-453 -1304 0
-453 -1341 0
-453 -1378 0
-453 -1415 0
-490 -527 0
-490 -564 0
-490 -601 0
-490 -638 0
-490 -675 0
-490 -712 0
-490 -749 0
-490 -786 0
-490 -823 0
-490 -860 0
-490 -897 0
-490 -934 0
-490 -971 0
-490 -1008 0
-490 -1045 0
-490 -1082 0
-490 -1119 0
-490 -1156 0
-490 -1193 0
-490 -1230 0
-490 -1267 0
-490 -1304 0
-490 -1341 0
-490 -1378 0
-490 -1415 0
-527 -564 0
-527 -601 0
-527 -638 0
-527 -675 0
-527 -712 0
-527 -749 0
-527 -786 0
-527 -823 0
-527 -860 0
-527 -897 0
-527 -934 0
-527 -971 0
-527 -1008 0
-527 -1045 0
-527 -1082 0
-527 -1119 0
-527 -1156 0
-527 -1193 0
-527 -1230 0
-527 -1267 0
-527 -1304 0
-527 -1341 0
-527 -1378 0
-527 -1415 0
-564 -601 0
-564 -638 0
-564 -675 0
-564 -712 0
-564 -749 0
-564 -786 0
-564 -823 0
-564 -860 0
-564 -897 0
-564 -934 0
-564 -971 0
-564 -1008 0
-564 -1045 0
-564 -1082 0
-564 -1119 0
-564 -1156 0
-564 -1193 0
-564 -1230 0
-564 -1267 0
-564 -1304 0
-564 -1341 0
-564 -1378 0
-564 -1415 0
-601 -638 0
-601 -675 0
-601 -712 0
-601 -749 0
-601 -786 0
-601 -823 0
-601 -860 0
-601 -897 0
-601 -934 0
-601 -971 0
-601 -1008 0
-601 -1045 0
-601 -1082 0
-601 -1119 0
-601 -1156 0
-601 -1193 0
-601 -1230 0
-601 -1267 0
-601 -1304 0
-601 -1341 0
-601 -1378 0
-601 -1415 0
-638 -675 0
-638 -712 0
-638 -749 0
-638 -786 0
-638 -823 0
-638 -860 0
-638 -897 0
-638 -934 0
-638 -971 0
-638 -1008 0
-638 -1045 0
-638 -1082 0
-638 -1119 0
-638 -1156 0
-638 -1193 0
-638 -1230 0
-638 -1267 0
-638 -1304 0
-638 -1341 0
-638 -1378 0
-638 -1415 0
-675 -712 0
-675 -749 0
-675 -786 0
-675 -823 0
-675 -860 0
-675 -897 0
-675 -934 0
-675 -971 0
-675 -1008 0
-675 -1045 0
-675 -1082 0
-675 -1119 0
-675 -1156 0
-675 -1193 0
-675 -1230 0
-675 -1267 0
-675 -1304 0
-675 -1341 0
-675 -1378 0
-675 -1415 0
-712 -749 0
-712 -786 0
-712 -823 0
-712 -860 0
-712 -897 0
-712 -934 0
-712 -971 0
-712 -1008 0
-712 -1045 0
-712 -1082 0
-712 -1119 0
-712 -1156 0
-712 -1193 0
-712 -1230 0
-712 -1267 0
-712 -1304 0
-712 -1341 0
-712 -1378 0
-712 -1415 0
-749 -786 0
-749 -823 0
-749 -860 0
-749 -897 0
-749 -934 0
-749 -971 0
-749 -1008 0
-749 -1045 0
-749 -1082 0
-749 -1119 0
-749 -1156 0
-749 -1193 0
-749 -1230 0
-749 -1267 0
-749 -1304 0
-749 -1341 0
-749 -1378 0
-749 -1415 0
-786 -823 0
-786 -860 0
-786 -897 0
-786 -934 0
-786 -971 0
-786 -1008 0
-786 -1045 0
-786 -1082 0
-786 -1119 0
-786 -1156 0
-786 -1193 0
-786 -1230 0
-786 -1267 0
-786 -1304 0
-786 -1341 0
-786 -1378 0
-786 -1415 0
-823 -860 0
-823 -897 0
-823 -934 0
-823 -971 0
-823 -1008 0
-823 -1045 0
-823 -1082 0
-823 -1119 0
-823 -1156 0
-823 -1193 0
-823 -1230 0
-823 -1267 0
-823 -1304 0
-823 -1341 0
-823 -1378 0
-823 -1415 0
-860 -897 0
-860 -934 0
-860 -971 0
-860 -1008 0
-860 -1045 0
-860 -1082 0
-860 -1119 0
-860 -1156 0
-860 -1193 0
-860 -1230 0
-860 -1267 0
-860 -1304 0
-860 -1341 0
-860 -1378 0
-860 -1415 0
-897 -934 0
-897 -971 0
-897 -1008 0
-897 -1045 0
-897 -1082 0
-897 -1119 0
-897 -1156 0
-897 -1193 0
-897 -1230 0
-897 -1267 0
-897 -1304 0
-897 -1341 0
-897 -1378 0
-897 -1415 0
-934 -971 0
-934 -1008 0
-934 -1045 0
-934 -1082 0
-934 -1119 0
-934 -1156 0
-934 -1193 0
-934 -1230 0
-934 -1267 0
-934 -1304 0
-934 -1341 0
-934 -1378 0
-934 -1415 0
-971 -1008 0
-971 -1045 0
-971 -1082 0
-971 -1119 0
-971 -1156 0
-971 -1193 0
-971 -1230 0
-971 -1267 0
-971 -1304 0
-971 -1341 0
-971 -1378 0
-971 -1415 0
-1008 -1045 0
-1008 -1082 0
-1008 -1119 0
-1008 -1156 0
-1008 -1193 0
-1008 -1230 0
-1008 -1267 0
-1008 -1304 0
-1008 -1341 0
-1008 -1378 0
-1008 -1415 0
-1045 -1082 0
-1045 -1119 0
-1045 -1156 0
-1045 -1193 0
-1045 -1230 0
-1045 -1267 0
-1045 -1304 0
-1045 -1341 0
-1045 -1378 0
-1045 -1415 0
-1082 -1119 0
-1082 -1156 0
-1082 -1193 0
-1082 -1230 0
-1082 -1267 0
-1082 -1304 0
-1082 -1341 0
-1082 -1378 0
-1082 -1415 0
-1119 -1156 0
-1119 -1193 0
-1119 -1230 0
-1119 -1267 0
-1119 -1304 0
-1119 -1341 0
-1119 -1378 0
-1119 -1415 0
-1156 -1193 0
-1156 -1230 0
-1156 -1267 0
-1156 -1304 0
-1156 -1341 0
-1156 -1378 0
-1156 -1415 0
-1193 -1230 0
-1193 -1267 0
-1193 -1304 0
-1193 -1341 0
-1193 -1378 0
-1193 -1415 0
-1230 -1267 0
-1230 -1304 0
-1230 -1341 0
-1230 -1378 0
-1230 -1415 0
-1267 -1304 0
-1267 -1341 0
-1267 -1378 0
-1267 -1415 0
-1304 -1341 0
-1304 -1378 0
-1304 -1415 0
-1341 -1378 0
-1341 -1415 0
-1378 -1415 0
-380 -417 0
-380 -454 0
-380 -491 0
-380 -528 0
-380 -565 0
-380 -602 0
-380 -639 0
-380 -676 0
-380 -713 0
-380 -750 0
-380 -787 0
-380 -824 0
-380 -861 0
-380 -898 0
-380 -935 0
-380 -972 0
-380 -1009 0
-380 -1046 0
-380 -1083 0
-380 -1120 0
-380 -1157 0
-380 -1194 0
-380 -1231 0
-380 -1268 0
-380 -1305 0
-380 -1342 0
-380 -1379 0
-380 -1416 0
-417 -454 0
-417 -491 0
-417 -528 0
-417 -565 0
-417 -602 0
-417 -639 0
-417 -676 0
-417 -713 0
-417 -750 0
-417 -787 0
-417 -824 0
-417 -861 0
-417 -898 0
-417 -935 0
-417 -972 0
-417 -1009 0
-417 -1046 0
-417 -1083 0
-417 -1120 0
-417 -1157 0
-417 -1194 0
-417 -1231 0
-417 -1268 0
-417 -1305 0
-417 -1342 0
-417 -1379 0
-417 -1416 0
-454 -491 0
-454 -528 0
-454 -565 0
-454 -602 0
-454 -639 0
-454 -676 0
-454 -713 0
-454 -750 0
-454 -787 0
-454 -824 0
-454 -861 0
-454 -898 0
-454 -935 0
-454 -972 0
-454 -1009 0
-454 -1046 0
-454 -1083 0
-454 -1120 0
-454 -1157 0
-454 -1194 0
-454 -1231 0
-454 -1268 0
-454 -1305 0
-454 -1342 0
-454 -1379 0
-454 -1416 0
-491 -528 0
-491 -565 0
-491 -602 0
-491 -639 0
-491 -676 0
-491 -713 0
-491 -750 0
-491 -787 0
-491 -824 0
-491 -861 0
-491 -898 0
-491 -935 0
-491 -972 0
-491 -1009 0
-491 -1046 0
-491 -1083 0
-491 -1120 0
-491 -1157 0
-491 -1194 0
-491 -1231 0
-491 -1268 0
-491 -1305 0
-491 -1342 0
-491 -1379 0
-491 -1416 0
-528 -565 0
-528 -602 0
-528 -639 0
-528 -676 0
-528 -713 0
-528 -750 0
-528 -787 0
-528 -824 0
-528 -861 0
-528 -898 0
-528 -935 0
-528 -972 0
-528 -1009 0
-528 -1046 0
-528 -1083 0
-528 -1120 0
-528 -1157 0
-528 -1194 0
-528 -1231 0
-528 -1268 0
-528 -1305 0
-528 -1342 0
-528 -1379 0
-528 -1416 0
-565 -602 0
-565 -639 0
-565 -676 0
-565 -713 0
-565 -750 0
-565 -787 0
-565 -824 0
-565 -861 0
-565 -898 0
-565 -935 0
-565 -972 0
-565 -1009 0
-565 -1046 0
-565 -1083 0
-565 -1120 0
-565 -1157 0
-565 -1194 0
-565 -1231 0
-565 -1268 0
-565 -1305 0
-565 -1342 0
-565 -1379 0
-565 -1416 0
-602 -639 0
-602 -676 0
-602 -713 0
-602 -750 0
-602 -787 0
-602 -824 0
-602 -861 0
-602 -898 0
-602 -935 0
-602 -972 0
-602 -1009 0
-602 -1046 0
-602 -1083 0
-602 -1120 0
-602 -1157 0
-602 -1194 0
-602 -1231 0
-602 -1268 0
-602 -1305 0
-602 -1342 0
-602 -1379 0
-602 -1416 0
-639 -676 0
-639 -713 0
-639 -750 0
-639 -787 0
-639 -824 0
-639 -861 0
-639 -898 0
-639 -935 0
-639 -972 0
-639 -1009 0
-639 -1046 0
-639 -1083 0
-639 -1120 0
-639 -1157 0
-639 -1194 0
-639 -1231 0
-639 -1268 0
-639 -1305 0
-639 -1342 0
-639 -1379 0
-639 -1416 0
-676 -713 0
-676 -750 0
-676 -787 0
-676 -824 0
-676 -861 0
-676 -898 0
-676 -935 0
-676 -972 0
-676 -1009 0
-676 -1046 0
-676 -1083 0
-676 -1120 0
-676 -1157 0
-676 -1194 0
-676 -1231 0
-676 -1268 0
-676 -1305 0
-676 -1342 0
-676 -1379 0
-676 -1416 0
-713 -750 0
-713 -787 0
-713 -824 0
-713 -861 0
-713 -898 0
-713 -935 0
-713 -972 0
-713 -1009 0
-713 -1046 0
-713 -1083 0
-713 -1120 0
-713 -1157 0
-713 -1194 0
-713 -1231 0
-713 -1268 0
-713 -1305 0
-713 -1342 0
-713 -1379 0
-713 -1416 0
-750 -787 0
-750 -824 0
-750 -861 0
-750 -898 0
-750 -935 0
-750 -972 0
-750 -1009 0
-750 -1046 0
-750 -1083 0
-750 -1120 0
-750 -1157 0
-750 -1194 0
-750 -1231 0
-750 -1268 0
-750 -1305 0
-750 -1342 0
-750 -1379 0
-750 -1416 0
-787 -824 0
-787 -861 0
-787 -898 0
-787 -935 0
-787 -972 0
-787 -1009 0
-787 -1046 0
-787 -1083 0
-787 -1120 0
-787 -1157 0
-787 -1194 0
-787 -1231 0
-787 -1268 0
-787 -1305 0
-787 -1342 0
-787 -1379 0
-787 -1416 0
-824 -861 0
-824 -898 0
-824 -935 0
-824 -972 0
-824 -1009 0
-824 -1046 0
-824 -1083 0
-824 -1120 0
-824 -1157 0
-824 -1194 0
-824 -1231 0
-824 -1268 0
-824 -1305 0
-824 -1342 0
-824 -1379 0
-824 -1416 0
-861 -898 0
-861 -935 0
-861 -972 0
-861 -1009 0
-861 -1046 0
-861 -1083 0
-861 -1120 0
-861 -1157 0
-861 -1194 0
-861 -1231 0
-861 -1268 0
-861 -1305 0
-861 -1342 0
-861 -1379 0
-861 -1416 0
-898 -935 0
-898 -972 0
-898 -1009 0
-898 -1046 0
-898 -1083 0
-898 -1120 0
-898 -1157 0
-898 -1194 0
-898 -1231 0
-898 -1268 0
-898 -1305 0
-898 -1342 0
-898 -1379 0
-898 -1416 0
-935 -972 0
-935 -1009 0
-935 -1046 0
-935 -1083 0
-935 -1120 0
-935 -1157 0
-935 -1194 0
-935 -1231 0
-935 -1268 0
-935 -1305 0
-935 -1342 0
-935 -1379 0
-935 -1416 0
-972 -1009 0
-972 -1046 0
-972 -1083 0
-972 -1120 0
-972 -1157 0
-972 -1194 0
-972 -1231 0
-972 -1268 0
-972 -1305 0
-972 -1342 0
-972 -1379 0
-972 -1416 0
-1009 -1046 0
-1009 -1083 0
-1009 -1120 0
-1009 -1157 0
-1009 -1194 0
-1009 -1231 0
-1009 -1268 0
-1009 -1305 0
-1009 -1342 0
-1009 -1379 0
-1009 -1416 0
-1046 -1083 0
-1046 -1120 0
-1046 -1157 0
-1046 -1194 0
-1046 -1231 0
-1046 -1268 0
-1046 -1305 0
-1046 -1342 0
-1046 -1379 0
-1046 -1416 0
-1083 -1120 0
-1083 -1157 0
-1083 -1194 0
-1083 -1231 0
-1083 -1268 0
-1083 -1305 0
-1083 -1342 0
-1083 -1379 0
-1083 -1416 0
-1120 -1157 0
-1120 -1194 0
-1120 -1231 0
-1120 -1268 0
-1120 -1305 0
-1120 -1342 0
-1120 -1379 0
-1120 -1416 0
-1157 -1194 0
-1157 -1231 0
-1157 -1268 0
-1157 -1305 0
-1157 -1342 0
-1157 -1379 0
-1157 -1416 0
-1194 -1231 0
-1194 -1268 0
-1194 -1305 0
-1194 -1342 0
-1194 -1379 0
-1194 -1416 0
-1231 -1268 0
-1231 -1305 0
-1231 -1342 0
-1231 -1379 0
-1231 -1416 0
-1268 -1305 0
-1268 -1342 0
-1268 -1379 0
-1268 -1416 0
-1305 -1342 0
-1305 -1379 0
-1305 -1416 0
-1342 -1379 0
-1342 -1416 0
-1379 -1416 0
-418 -455 0
-418 -492 0
-418 -529 0
-418 -566 0
-418 -603 0
-418 -640 0
-418 -677 0
-418 -714 0
-418 -751 0
-418 -788 0
-418 -825 0
-418 -862 0
-418 -899 0
-418 -936 0
-418 -973 0
-418 -1010 0
-418 -1047 0
-418 -1084 0
-418 -1121 0
-418 -1158 0
-418 -1195 0
-418 -1232 0
-418 -1269 0
-418 -1306 0
-418 -1343 0
-418 -1380 0
-418 -1417 0
-455 -492 0
-455 -529 0
-455 -566 0
-455 -603 0
-455 -640 0
-455 -677 0
-455 -714 0
-455 -751 0
-455 -788 0
-455 -825 0
-455 -862 0
-455 -899 0
-455 -936 0
-455 -973 0
-455 -1010 0
-455 -1047 0
-455 -1084 0
-455 -1121 0
-455 -1158 0
-455 -1195 0
-455 -1232 0
-455 -1269 0
-455 -1306 0
-455 -1343 0
-455 -1380 0
-455 -1417 0
-492 -529 0
-492 -566 0
-492 -603 0
-492 -640 0
-492 -677 0
-492 -714 0
-492 -751 0
-492 -788 0
-492 -825 0
-492 -862 0
-492 -899 0
-492 -936 0
-492 -973 0
-492 -1010 0
-492 -1047 0
-492 -1084 0
-492 -1121 0
-492 -1158 0
-492 -1195 0
-492 -1232 0
-492 -1269 0
-492 -1306 0
-492 -1343 0
-492 -1380 0
-492 -1417 0
-529 -566 0
-529 -603 0
-529 -640 0
-529 -677 0
-529 -714 0
-529 -751 0
-529 -788 0
-529 -825 0
-529 -862 0
-529 -899 0
-529 -936 0
-529 -973 0
-529 -1010 0
-529 -1047 0
-529 -1084 0
-529 -1121 0
-529 -1158 0
-529 -1195 0
-529 -1232 0
-529 -1269 0
-529 -1306 0
-529 -1343 0
-529 -1380 0
-529 -1417 0
-566 -603 0
-566 -640 0
-566 -677 0
-566 -714 0
-566 -751 0
-566 -788 0
-566 -825 0
-566 -862 0
-566 -899 0
-566 -936 0
-566 -973 0
-566 -1010 0
-566 -1047 0
-566 -1084 0
-566 -1121 0
-566 -1158 0
-566 -1195 0
-566 -1232 0
-566 -1269 0
-566 -1306 0
-566 -1343 0
-566 -1380 0
-566 -1417 0
-603 -640 0
-603 -677 0
-603 -714 0
-603 -751 0
-603 -788 0
-603 -825 0
-603 -862 0
-603 -899 0
-603 -936 0
-603 -973 0
-603 -1010 0
-603 -1047 0
-603 -1084 0
-603 -1121 0
-603 -1158 0
-603 -1195 0
-603 -1232 0
-603 -1269 0
-603 -1306 0
-603 -1343 0
-603 -1380 0
-603 -1417 0
-640 -677 0
-640 -714 0
-640 -751 0
-640 -788 0
-640 -825 0
-640 -862 0
-640 -899 0
-640 -936 0
-640 -973 0
-640 -1010 0
-640 -1047 0
-640 -1084 0
-640 -1121 0
-640 -1158 0
-640 -1195 0
-640 -1232 0
-640 -1269 0
-640 -1306 0
-640 -1343 0
-640 -1380 0
-640 -1417 0
-677 -714 0
-677 -751 0
-677 -788 0
-677 -825 0
-677 -862 0
-677 -899 0
-677 -936 0
-677 -973 0
-677 -1010 0
-677 -1047 0
-677 -1084 0
-677 -1121 0
-677 -1158 0
-677 -1195 0
-677 -1232 0
-677 -1269 0
-677 -1306 0
-677 -1343 0
-677 -1380 0
-677 -1417 0
-714 -751 0
-714 -788 0
-714 -825 0
-714 -862 0
-714 -899 0
-714 -936 0
-714 -973 0
-714 -1010 0
-714 -1047 0
-714 -1084 0
-714 -1121 0
-714 -1158 0
-714 -1195 0
-714 -1232 0
-714 -1269 0
-714 -1306 0
-714 -1343 0
-714 -1380 0
-714 -1417 0
-751 -788 0
-751 -825 0
-751 -862 0
-751 -899 0
-751 -936 0
-751 -973 0
-751 -1010 0
-751 -1047 0
-751 -1084 0
-751 -1121 0
-751 -1158 0
-751 -1195 0
-751 -1232 0
-751 -1269 0
-751 -1306 0
-751 -1343 0
-751 -1380 0
-751 -1417 0
-788 -825 0
-788 -862 0
-788 -899 0
-788 -936 0
-788 -973 0
-788 -1010 0
-788 -1047 0
-788 -1084 0
-788 -1121 0
-788 -1158 0
-788 -1195 0
-788 -1232 0
-788 -1269 0
-788 -1306 0
-788 -1343 0
-788 -1380 0
-788 -1417 0
-825 -862 0
-825 -899 0
-825 -936 0
-825 -973 0
-825 -1010 0
-825 -1047 0
-825 -1084 0
-825 -1121 0
-825 -1158 0
-825 -1195 0
-825 -1232 0
-825 -1269 0
-825 -1306 0
-825 -1343 0
-825 -1380 0
-825 -1417 0
-862 -899 0
-862 -936 0
-862 -973 0
-862 -1010 0
-862 -1047 0
-862 -1084 0
-862 -1121 0
-862 -1158 0
-862 -1195 0
-862 -1232 0
-862 -1269 0
-862 -1306 0
-862 -1343 0
-862 -1380 0
-862 -1417 0
-899 -936 0
-899 -973 0
-899 -1010 0
-899 -1047 0
-899 -1084 0
-899 -1121 0
-899 -1158 0
-899 -1195 0
-899 -1232 0
-899 -1269 0
-899 -1306 0
-899 -1343 0
-899 -1380 0
-899 -1417 0
-936 -973 0
-936 -1010 0
-936 -1047 0
-936 -1084 0
-936 -1121 0
-936 -1158 0
-936 -1195 0
-936 -1232 0
-936 -1269 0
-936 -1306 0
-936 -1343 0
-936 -1380 0
-936 -1417 0
-973 -1010 0
-973 -1047 0
-973 -1084 0
-973 -1121 0
-973 -1158 0
-973 -1195 0
-973 -1232 0
-973 -1269 0
-973 -1306 0
-973 -1343 0
-973 -1380 0
-973 -1417 0
-1010 -1047 0
-1010 -1084 0
-1010 -1121 0
-1010 -1158 0
-1010 -1195 0
-1010 -1232 0
-1010 -1269 0
-1010 -1306 0
-1010 -1343 0
-1010 -1380 0
-1010 -1417 0
-1047 -1084 0
-1047 -1121 0
-1047 -1158 0
-1047 -1195 0
-1047 -1232 0
-1047 -1269 0
-1047 -1306 0
-1047 -1343 0
-1047 -1380 0
-1047 -1417 0
-1084 -1121 0
-1084 -1158 0
-1084 -1195 0
-1084 -1232 0
-1084 -1269 0
-1084 -1306 0
-1084 -1343 0
-1084 -1380 0
-1084 -1417 0
-1121 -1158 0
-1121 -1195 0
-1121 -1232 0
-1121 -1269 0
-1121 -1306 0
-1121 -1343 0
-1121 -1380 0
-1121 -1417 0
-1158 -1195 0
-1158 -1232 0
-1158 -1269 0
-1158 -1306 0
-1158 -1343 0
-1158 -1380 0
-1158 -1417 0
-1195 -1232 0
-1195 -1269 0
-1195 -1306 0
-1195 -1343 0
-1195 -1380 0
-1195 -1417 0
-1232 -1269 0
-1232 -1306 0
-1232 -1343 0
-1232 -1380 0
-1232 -1417 0
-1269 -1306 0
-1269 -1343 0
-1269 -1380 0
-1269 -1417 0
-1306 -1343 0
-1306 -1380 0
-1306 -1417 0
-1343 -1380 0
-1343 -1417 0
-1380 -1417 0
-456 -493 0
-456 -530 0
-456 -567 0
-456 -604 0
-456 -641 0
-456 -678 0
-456 -715 0
-456 -752 0
-456 -789 0
-456 -826 0
-456 -863 0
-456 -900 0
-456 -937 0
-456 -974 0
-456 -1011 0
-456 -1048 0
-456 -1085 0
-456 -1122 0
-456 -1159 0
-456 -1196 0
-456 -1233 0
-456 -1270 0
-456 -1307 0
-456 -1344 0
-456 -1381 0
-456 -1418 0
-493 -530 0
-493 -567 0
-493 -604 0
-493 -641 0
-493 -678 0
-493 -715 0
-493 -752 0
-493 -789 0
-493 -826 0
-493 -863 0
-493 -900 0
-493 -937 0
-493 -974 0
-493 -1011 0
-493 -1048 0
-493 -1085 0
-493 -1122 0
-493 -1159 0
-493 -1196 0
-493 -1233 0
-493 -1270 0
-493 -1307 0
-493 -1344 0
-493 -1381 0
-493 -1418 0
-530 -567 0
-530 -604 0
-530 -641 0
-530 -678 0
-530 -715 0
-530 -752 0
-530 -789 0
-530 -826 0
-530 -863 0
-530 -900 0
-530 -937 0
-530 -974 0
-530 -1011 0
-530 -1048 0
-530 -1085 0
-530 -1122 0
-530 -1159 0
-530 -1196 0
-530 -1233 0
-530 -1270 0
-530 -1307 0
-530 -1344 0
-530 -1381 0
-530 -1418 0
-567 -604 0
-567 -641 0
-567 -678 0
-567 -715 0
-567 -752 0
-567 -789 0
-567 -826 0
-567 -863 0
-567 -900 0
-567 -937 0
-567 -974 0
-567 -1011 0
-567 -1048 0
-567 -1085 0
-567 -1122 0
-567 -1159 0
-567 -1196 0
-567 -1233 0
-567 -1270 0
-567 -1307 0
-567 -1344 0
-567 -1381 0
-567 -1418 0
-604 -641 0
-604 -678 0
-604 -715 0
-604 -752 0
-604 -789 0
-604 -826 0
-604 -863 0
-604 -900 0
-604 -937 0
-604 -974 0
-604 -1011 0
-604 -1048 0
-604 -1085 0
-604 -1122 0
-604 -1159 0
-604 -1196 0
-604 -1233 0
-604 -1270 0
-604 -1307 0
-604 -1344 0
-604 -1381 0
-604 -1418 0
-641 -678 0
-641 -715 0
-641 -752 0
-641 -789 0
-641 -826 0
-641 -863 0
-641 -900 0
-641 -937 0
-641 -974 0
-641 -1011 0
-641 -1048 0
-641 -1085 0
-641 -1122 0
-641 -1159 0
-641 -1196 0
-641 -1233 0
-641 -1270 0
-641 -1307 0
-641 -1344 0
-641 -1381 0
-641 -1418 0
-678 -715 0
-678 -752 0
-678 -789 0
-678 -826 0
-678 -863 0
-678 -900 0
-678 -937 0
-678 -974 0
-678 -1011 0
-678 -1048 0
-678 -1085 0
-678 -1122 0
-678 -1159 0
-678 -1196 0
-678 -1233 0
-678 -1270 0
-678 -1307 0
-678 -1344 0
-678 -1381 0
-678 -1418 0
-715 -752 0
-715 -789 0
-715 -826 0
-715 -863 0
-715 -900 0
-715 -937 0
-715 -974 0
-715 -1011 0
-715 -1048 0
-715 -1085 0
-715 -1122 0
-715 -1159 0
-715 -1196 0
-715 -1233 0
-715 -1270 0
-715 -1307 0
-715 -1344 0
-715 -1381 0
-715 -1418 0
-752 -789 0
-752 -826 0
-752 -863 0
-752 -900 0
-752 -937 0
-752 -974 0
-752 -1011 0
-752 -1048 0
-752 -1085 0
-752 -1122 0
-752 -1159 0
-752 -1196 0
-752 -1233 0
-752 -1270 0
-752 -1307 0
-752 -1344 0
-752 -1381 0
-752 -1418 0
-789 -826 0
-789 -863 0
-789 -900 0
-789 -937 0
-789 -974 0
-789 -1011 0
-789 -1048 0
-789 -1085 0
-789 -1122 0
-789 -1159 0
-789 -1196 0
-789 -1233 0
-789 -1270 0
-789 -1307 0
-789 -1344 0
-789 -1381 0
-789 -1418 0
-826 -863 0
-826 -900 0
-826 -937 0
-826 -974 0
-826 -1011 0
-826 -1048 0
-826 -1085 0
-826 -1122 0
-826 -1159 0
-826 -1196 0
-826 -1233 0
-826 -1270 0
-826 -1307 0
-826 -1344 0
-826 -1381 0
-826 -1418 0
-863 -900 0
-863 -937 0
-863 -974 0
-863 -1011 0
-863 -1048 0
-863 -1085 0
-863 -1122 0
-863 -1159 0
-863 -1196 0
-863 -1233 0
-863 -1270 0
-863 -1307 0
-863 -1344 0
-863 -1381 0
-863 -1418 0
-900 -937 0
-900 -974 0
-900 -1011 0
-900 -1048 0
-900 -1085 0
-900 -1122 0
-900 -1159 0
-900 -1196 0
-900 -1233 0
-900 -1270 0
-900 -1307 0
-900 -1344 0
-900 -1381 0
-900 -1418 0
-937 -974 0
-937 -1011 0
-937 -1048 0
-937 -1085 0
-937 -1122 0
-937 -1159 0
-937 -1196 0
-937 -1233 0
-937 -1270 0
-937 -1307 0
-937 -1344 0
-937 -1381 0
-937 -1418 0
-974 -1011 0
-974 -1048 0
-974 -1085 0
-974 -1122 0
-974 -1159 0
-974 -1196 0
-974 -1233 0
-974 -1270 0
-974 -1307 0
-974 -1344 0
-974 -1381 0
-974 -1418 0
-1011 -1048 0
-1011 -1085 0
-1011 -1122 0
-1011 -1159 0
-1011 -1196 0
-1011 -1233 0
-1011 -1270 0
-1011 -1307 0
-1011 -1344 0
-1011 -1381 0
-1011 -1418 0
-1048 -1085 0
-1048 -1122 0
-1048 -1159 0
-1048 -1196 0
-1048 -1233 0
-1048 -1270 0
-1048 -1307 0
-1048 -1344 0
-1048 -1381 0
-1048 -1418 0
-1085 -1122 0
-1085 -1159 0
-1085 -1196 0
-1085 -1233 0
-1085 -1270 0
-1085 -1307 0
-1085 -1344 0
-1085 -1381 0
-1085 -1418 0
-1122 -1159 0
-1122 -1196 0
-1122 -1233 0
-1122 -1270 0
-1122 -1307 0
-1122 -1344 0
-1122 -1381 0
-1122 -1418 0
-1159 -1196 0
-1159 -1233 0
-1159 -1270 0
-1159 -1307 0
-1159 -1344 0
-1159 -1381 0
-1159 -1418 0
-1196 -1233 0
-1196 -1270 0
-1196 -1307 0
-1196 -1344 0
-1196 -1381 0
-1196 -1418 0
-1233 -1270 0
-1233 -1307 0
-1233 -1344 0
-1233 -1381 0
-1233 -1418 0
-1270 -1307 0
-1270 -1344 0
-1270 -1381 0
-1270 -1418 0
-1307 -1344 0
-1307 -1381 0
-1307 -1418 0
-1344 -1381 0
-1344 -1418 0
-1381 -1418 0
-494 -531 0
-494 -568 0
-494 -605 0
-494 -642 0
-494 -679 0
-494 -716 0
-494 -753 0
-494 -790 0
-494 -827 0
-494 -864 0
-494 -901 0
-494 -938 0
-494 -975 0
-494 -1012 0
-494 -1049 0
-494 -1086 0
-494 -1123 0
-494 -1160 0
-494 -1197 0
-494 -1234 0
-494 -1271 0
-494 -1308 0
-494 -1345 0
-494 -1382 0
-494 -1419 0
-531 -568 0
-531 -605 0
-531 -642 0
-531 -679 0
-531 -716 0
-531 -753 0
-531 -790 0
-531 -827 0
-531 -864 0
-531 -901 0
-531 -938 0
-531 -975 0
-531 -1012 0
-531 -1049 0
-531 -1086 0
-531 -1123 0
-531 -1160 0
-531 -1197 0
-531 -1234 0
-531 -1271 0
-531 -1308 0
-531 -1345 0
-531 -1382 0
-531 -1419 0
-568 -605 0
-568 -642 0
-568 -679 0
-568 -716 0
-568 -753 0
-568 -790 0
-568 -827 0
-568 -864 0
-568 -901 0
-568 -938 0
-568 -975 0
-568 -1012 0
-568 -1049 0
-568 -1086 0
-568 -1123 0
-568 -1160 0
-568 -1197 0
-568 -1234 0
-568 -1271 0
-568 -1308 0
-568 -1345 0
-568 -1382 0
-568 -1419 0
-605 -642 0
-605 -679 0
-605 -716 0
-605 -753 0
-605 -790 0
-605 -827 0
-605 -864 0
-605 -901 0
-605 -938 0
-605 -975 0
-605 -1012 0
-605 -1049 0
-605 -1086 0
-605 -1123 0
-605 -1160 0
-605 -1197 0
-605 -1234 0
-605 -1271 0
-605 -1308 0
-605 -1345 0
-605 -1382 0
-605 -1419 0
-642 -679 0
-642 -716 0
-642 -753 0
-642 -790 0
-642 -827 0
-642 -864 0
-642 -901 0
-642 -938 0
-642 -975 0
-642 -1012 0
-642 -1049 0
-642 -1086 0
-642 -1123 0
-642 -1160 0
-642 -1197 0
-642 -1234 0
-642 -1271 0
-642 -1308 0
-642 -1345 0
-642 -1382 0
-642 -1419 0
-679 -716 0
-679 -753 0
-679 -790 0
-679 -827 0
-679 -864 0
-679 -901 0
-679 -938 0
-679 -975 0
-679 -1012 0
-679 -1049 0
-679 -1086 0
-679 -1123 0
-679 -1160 0
-679 -1197 0
-679 -1234 0
-679 -1271 0
-679 -1308 0
-679 -1345 0
-679 -1382 0
-679 -1419 0
-716 -753 0
-716 -790 0
-716 -827 0
-716 -864 0
-716 -901 0
-716 -938 0
-716 -975 0
-716 -1012 0
-716 -1049 0
-716 -1086 0
-716 -1123 0
-716 -1160 0
-716 -1197 0
-716 -1234 0
-716 -1271 0
-716 -1308 0
-716 -1345 0
-716 -1382 0
-716 -1419 0
-753 -790 0
-753 -827 0
-753 -864 0
-753 -901 0
-753 -938 0
-753 -975 0
-753 -1012 0
-753 -1049 0
-753 -1086 0
-753 -1123 0
-753 -1160 0
-753 -1197 0
-753 -1234 0
-753 -1271 0
-753 -1308 0
-753 -1345 0
-753 -1382 0
-753 -1419 0
-790 -827 0
-790 -864 0
-790 -901 0
-790 -938 0
-790 -975 0
-790 -1012 0
-790 -1049 0
-790 -1086 0
-790 -1123 0
-790 -1160 0
-790 -1197 0
-790 -1234 0
-790 -1271 0
-790 -1308 0
-790 -1345 0
-790 -1382 0
-790 -1419 0
-827 -864 0
-827 -901 0
-827 -938 0
-827 -975 0
-827 -1012 0
-827 -1049 0
-827 -1086 0
-827 -1123 0
-827 -1160 0
-827 -1197 0
-827 -1234 0
-827 -1271 0
-827 -1308 0
-827 -1345 0
-827 -1382 0
-827 -1419 0
-864 -901 0
-864 -938 0
-864 -975 0
-864 -1012 0
-864 -1049 0
-864 -1086 0
-864 -1123 0
-864 -1160 0
-864 -1197 0
-864 -1234 0
-864 -1271 0
-864 -1308 0
-864 -1345 0
-864 -1382 0
-864 -1419 0
-901 -938 0
-901 -975 0
-901 -1012 0
-901 -1049 0
-901 -1086 0
-901 -1123 0
-901 -1160 0
-901 -1197 0
-901 -1234 0
-901 -1271 0
-901 -1308 0
-901 -1345 0
-901 -1382 0
-901 -1419 0
-938 -975 0
-938 -1012 0
-938 -1049 0
-938 -1086 0
-938 -1123 0
-938 -1160 0
-938 -1197 0
-938 -1234 0
-938 -1271 0
-938 -1308 0
-938 -1345 0
-938 -1382 0
-938 -1419 0
-975 -1012 0
-975 -1049 0
-975 -1086 0
-975 -1123 0
-975 -1160 0
-975 -1197 0
-975 -1234 0
-975 -1271 0
-975 -1308 0
-975 -1345 0
-975 -1382 0
-975 -1419 0
-1012 -1049 0
-1012 -1086 0
-1012 -1123 0
-1012 -1160 0
-1012 -1197 0
-1012 -1234 0
-1012 -1271 0
-1012 -1308 0
-1012 -1345 0
-1012 -1382 0
-1012 -1419 0
-1049 -1086 0
-1049 -1123 0
-1049 -1160 0
-1049 -1197 0
-1049 -1234 0
-1049 -1271 0
-1049 -1308 0
-1049 -1345 0
-1049 -1382 0
-1049 -1419 0
-1086 -1123 0
-1086 -1160 0
-1086 -1197 0
-1086 -1234 0
-1086 -1271 0
-1086 -1308 0
-1086 -1345 0
-1086 -1382 0
-1086 -1419 0
-1123 -1160 0
-1123 -1197 0
-1123 -1234 0
-1123 -1271 0
-1123 -1308 0
-1123 -1345 0
-1123 -1382 0
-1123 -1419 0
-1160 -1197 0
-1160 -1234 0
-1160 -1271 0
-1160 -1308 0
-1160 -1345 0
-1160 -1382 0
-1160 -1419 0
-1197 -1234 0
-1197 -1271 0
-1197 -1308 0
-1197 -1345 0
-1197 -1382 0
-1197 -1419 0
-1234 -1271 0
-1234 -1308 0
-1234 -1345 0
-1234 -1382 0
-1234 -1419 0
-1271 -1308 0
-1271 -1345 0
-1271 -1382 0
-1271 -1419 0
-1308 -1345 0
-1308 -1382 0
-1308 -1419 0
-1345 -1382 0
-1345 -1419 0
-1382 -1419 0
-532 -569 0
-532 -606 0
-532 -643 0
-532 -680 0
-532 -717 0
-532 -754 0
-532 -791 0
-532 -828 0
-532 -865 0
-532 -902 0
-532 -939 0
-532 -976 0
-532 -1013 0
-532 -1050 0
-532 -1087 0
-532 -1124 0
-532 -1161 0
-532 -1198 0
-532 -1235 0
-532 -1272 0
-532 -1309 0
-532 -1346 0
-532 -1383 0
-532 -1420 0
-569 -606 0
-569 -643 0
-569 -680 0
-569 -717 0
-569 -754 0
-569 -791 0
-569 -828 0
-569 -865 0
-569 -902 0
-569 -939 0
-569 -976 0
-569 -1013 0
-569 -1050 0
-569 -1087 0
-569 -1124 0
-569 -1161 0
-569 -1198 0
-569 -1235 0
-569 -1272 0
-569 -1309 0
-569 -1346 0
-569 -1383 0
-569 -1420 0
-606 -643 0
-606 -680 0
-606 -717 0
-606 -754 0
-606 -791 0
-606 -828 0
-606 -865 0
-606 -902 0
-606 -939 0
-606 -976 0
-606 -1013 0
-606 -1050 0
-606 -1087 0
-606 -1124 0
-606 -1161 0
-606 -1198 0
-606 -1235 0
-606 -1272 0
-606 -1309 0
-606 -1346 0
-606 -1383 0
-606 -1420 0
-643 -680 0
-643 -717 0
-643 -754 0
-643 -791 0
-643 -828 0
-643 -865 0
-643 -902 0
-643 -939 0
-643 -976 0
-643 -1013 0
-643 -1050 0
-643 -1087 0
-643 -1124 0
-643 -1161 0
-643 -1198 0
-643 -1235 0
-643 -1272 0
-643 -1309 0
-643 -1346 0
-643 -1383 0
-643 -1420 0
-680 -717 0
-680 -754 0
-680 -791 0
-680 -828 0
-680 -865 0
-680 -902 0
-680 -939 0
-680 -976 0
-680 -1013 0
-680 -1050 0
-680 -1087 0
-680 -1124 0
-680 -1161 0
-680 -1198 0
-680 -1235 0
-680 -1272 0
-680 -1309 0
-680 -1346 0
-680 -1383 0
-680 -1420 0
-717 -754 0
-717 -791 0
-717 -828 0
-717 -865 0
-717 -902 0
-717 -939 0
-717 -976 0
-717 -1013 0
-717 -1050 0
-717 -1087 0
-717 -1124 0
-717 -1161 0
-717 -1198 0
-717 -1235 0
-717 -1272 0
-717 -1309 0
-717 -1346 0
-717 -1383 0
-717 -1420 0
-754 -791 0
-754 -828 0
-754 -865 0
-754 -902 0
-754 -939 0
-754 -976 0
-754 -1013 0
-754 -1050 0
-754 -1087 0
-754 -1124 0
-754 -1161 0
-754 -1198 0
-754 -1235 0
-754 -1272 0
-754 -1309 0
-754 -1346 0
-754 -1383 0
-754 -1420 0
-791 -828 0
-791 -865 0
-791 -902 0
-791 -939 0
-791 -976 0
-791 -1013 0
-791 -1050 0
-791 -1087 0
-791 -1124 0
-791 -1161 0
-791 -1198 0
-791 -1235 0
-791 -1272 0
-791 -1309 0
-791 -1346 0
-791 -1383 0
-791 -1420 0
-828 -865 0
-828 -902 0
-828 -939 0
-828 -976 0
-828 -1013 0
-828 -1050 0
-828 -1087 0
-828 -1124 0
-828 -1161 0
-828 -1198 0
-828 -1235 0
-828 -1272 0
-828 -1309 0
-828 -1346 0
-828 -1383 0
-828 -1420 0
-865 -902 0
-865 -939 0
-865 -976 0
-865 -1013 0
-865 -1050 0
-865 -1087 0
-865 -1124 0
-865 -1161 0
-865 -1198 0
-865 -1235 0
-865 -1272 0
-865 -1309 0
-865 -1346 0
-865 -1383 0
-865 -1420 0
-902 -939 0
-902 -976 0
-902 -1013 0
-902 -1050 0
-902 -1087 0
-902 -1124 0
-902 -1161 0
-902 -1198 0
-902 -1235 0
-902 -1272 0
-902 -1309 0
-902 -1346 0
-902 -1383 0
-902 -1420 0
-939 -976 0
-939 -1013 0
-939 -1050 0
-939 -1087 0
-939 -1124 0
-939 -1161 0
-939 -1198 0
-939 -1235 0
-939 -1272 0
-939 -1309 0
-939 -1346 0
-939 -1383 0
-939 -1420 0
-976 -1013 0
-976 -1050 0
-976 -1087 0
-976 -1124 0
-976 -1161 0
-976 -1198 0
-976 -1235 0
-976 -1272 0
-976 -1309 0
-976 -1346 0
-976 -1383 0
-976 -1420 0
-1013 -1050 0
-1013 -1087 0
-1013 -1124 0
-1013 -1161 0
-1013 -1198 0
-1013 -1235 0
-1013 -1272 0
-1013 -1309 0
-1013 -1346 0
-1013 -1383 0
-1013 -1420 0
-1050 -1087 0
-1050 -1124 0
-1050 -1161 0
-1050 -1198 0
-1050 -1235 0
-1050 -1272 0
-1050 -1309 0
-1050 -1346 0
-1050 -1383 0
-1050 -1420 0
-1087 -1124 0
-1087 -1161 0
-1087 -1198 0
-1087 -1235 0
-1087 -1272 0
-1087 -1309 0
-1087 -1346 0
-1087 -1383 0
-1087 -1420 0
-1124 -1161 0
-1124 -1198 0
-1124 -1235 0
-1124 -1272 0
-1124 -1309 0
-1124 -1346 0
-1124 -1383 0
-1124 -1420 0
-1161 -1198 0
-1161 -1235 0
-1161 -1272 0
-1161 -1309 0
-1161 -1346 0
-1161 -1383 0
-1161 -1420 0
-1198 -1235 0
-1198 -1272 0
-1198 -1309 0
-1198 -1346 0
-1198 -1383 0
-1198 -1420 0
-1235 -1272 0
-1235 -1309 0
-1235 -1346 0
-1235 -1383 0
-1235 -1420 0
-1272 -1309 0
-1272 -1346 0
-1272 -1383 0
-1272 -1420 0
-1309 -1346 0
-1309 -1383 0
-1309 -1420 0
-1346 -1383 0
-1346 -1420 0
-1383 -1420 0
-570 -607 0
-570 -644 0
-570 -681 0
-570 -718 0
-570 -755 0
-570 -792 0
-570 -829 0
-570 -866 0
-570 -903 0
-570 -940 0
-570 -977 0
-570 -1014 0
-570 -1051 0
-570 -1088 0
-570 -1125 0
-570 -1162 0
-570 -1199 0
-570 -1236 0
-570 -1273 0
-570 -1310 0
-570 -1347 0
-570 -1384 0
-570 -1421 0
-607 -644 0
-607 -681 0
-607 -718 0
-607 -755 0
-607 -792 0
-607 -829 0
-607 -866 0
-607 -903 0
-607 -940 0
-607 -977 0
-607 -1014 0
-607 -1051 0
-607 -1088 0
-607 -1125 0
-607 -1162 0
-607 -1199 0
-607 -1236 0
-607 -1273 0
-607 -1310 0
-607 -1347 0
-607 -1384 0
-607 -1421 0
-644 -681 0
-644 -718 0
-644 -755 0
-644 -792 0
-644 -829 0
-644 -866 0
-644 -903 0
-644 -940 0
-644 -977 0
-644 -1014 0
-644 -1051 0
-644 -1088 0
-644 -1125 0
-644 -1162 0
-644 -1199 0
-644 -1236 0
-644 -1273 0
-644 -1310 0
-644 -1347 0
-644 -1384 0
-644 -1421 0
-681 -718 0
-681 -755 0
-681 -792 0
-681 -829 0
-681 -866 0
-681 -903 0
-681 -940 0
-681 -977 0
-681 -1014 0
-681 -1051 0
-681 -1088 0
-681 -1125 0
-681 -1162 0
-681 -1199 0
-681 -1236 0
-681 -1273 0
-681 -1310 0
-681 -1347 0
-681 -1384 0
-681 -1421 0
-718 -755 0
-718 -792 0
-718 -829 0
-718 -866 0
-718 -903 0
-718 -940 0
-718 -977 0
-718 -1014 0
-718 -1051 0
-718 -1088 0
-718 -1125 0
-718 -1162 0
-718 -1199 0
-718 -1236 0
-718 -1273 0
-718 -1310 0
-718 -1347 0
-718 -1384 0
-718 -1421 0
-755 -792 0
-755 -829 0
-755 -866 0
-755 -903 0
-755 -940 0
-755 -977 0
-755 -1014 0
-755 -1051 0
-755 -1088 0
-755 -1125 0
-755 -1162 0
-755 -1199 0
-755 -1236 0
-755 -1273 0
-755 -1310 0
-755 -1347 0
-755 -1384 0
-755 -1421 0
-792 -829 0
-792 -866 0
-792 -903 0
-792 -940 0
-792 -977 0
-792 -1014 0
-792 -1051 0
-792 -1088 0
-792 -1125 0
-792 -1162 0
-792 -1199 0
-792 -1236 0
-792 -1273 0
-792 -1310 0
-792 -1347 0
-792 -1384 0
-792 -1421 0
-829 -866 0
-829 -903 0
-829 -940 0
-829 -977 0
-829 -1014 0
-829 -1051 0
-829 -1088 0
-829 -1125 0
-829 -1162 0
-829 -1199 0
-829 -1236 0
-829 -1273 0
-829 -1310 0
-829 -1347 0
-829 -1384 0
-829 -1421 0
-866 -903 0
-866 -940 0
-866 -977 0
-866 -1014 0
-866 -1051 0
-866 -1088 0
-866 -1125 0
-866 -1162 0
-866 -1199 0
-866 -1236 0
-866 -1273 0
-866 -1310 0
-866 -1347 0
-866 -1384 0
-866 -1421 0
-903 -940 0
-903 -977 0
-903 -1014 0
-903 -1051 0
-903 -1088 0
-903 -1125 0
-903 -1162 0
-903 -1199 0
-903 -1236 0
-903 -1273 0
-903 -1310 0
-903 -1347 0
-903 -1384 0
-903 -1421 0
-940 -977 0
-940 -1014 0
-940 -1051 0
-940 -1088 0
-940 -1125 0
-940 -1162 0
-940 -1199 0
-940 -1236 0
-940 -1273 0
-940 -1310 0
-940 -1347 0
-940 -1384 0
-940 -1421 0
-977 -1014 0
-977 -1051 0
-977 -1088 0
-977 -1125 0
-977 -1162 0
-977 -1199 0
-977 -1236 0
-977 -1273 0
-977 -1310 0
-977 -1347 0
-977 -1384 0
-977 -1421 0
-1014 -1051 0
-1014 -1088 0
-1014 -1125 0
-1014 -1162 0
-1014 -1199 0
-1014 -1236 0
-1014 -1273 0
-1014 -1310 0
-1014 -1347 0
-1014 -1384 0
-1014 -1421 0
-1051 -1088 0
-1051 -1125 0
-1051 -1162 0
-1051 -1199 0
-1051 -1236 0
-1051 -1273 0
-1051 -1310 0
-1051 -1347 0
-1051 -1384 0
-1051 -1421 0
-1088 -1125 0
-1088 -1162 0
-1088 -1199 0
-1088 -1236 0
-1088 -1273 0
-1088 -1310 0
-1088 -1347 0
-1088 -1384 0
-1088 -1421 0
-1125 -1162 0
-1125 -1199 0
-1125 -1236 0
-1125 -1273 0
-1125 -1310 0
-1125 -1347 0
-1125 -1384 0
-1125 -1421 0
-1162 -1199 0
-1162 -1236 0
-1162 -1273 0
-1162 -1310 0
-1162 -1347 0
-1162 -1384 0
-1162 -1421 0
-1199 -1236 0
-1199 -1273 0
-1199 -1310 0
-1199 -1347 0
-1199 -1384 0
-1199 -1421 0
-1236 -1273 0
-1236 -1310 0
-1236 -1347 0
-1236 -1384 0
-1236 -1421 0
-1273 -1310 0
-1273 -1347 0
-1273 -1384 0
-1273 -1421 0
-1310 -1347 0
-1310 -1384 0
-1310 -1421 0
-1347 -1384 0
-1347 -1421 0
-1384 -1421 0
-608 -645 0
-608 -682 0
-608 -719 0
-608 -756 0
-608 -793 0
-608 -830 0
-608 -867 0
-608 -904 0
-608 -941 0
-608 -978 0
-608 -1015 0
-608 -1052 0
-608 -1089 0
-608 -1126 0
-608 -1163 0
-608 -1200 0
-608 -1237 0
-608 -1274 0
-608 -1311 0
-608 -1348 0
-608 -1385 0
-608 -1422 0
-645 -682 0
-645 -719 0
-645 -756 0
-645 -793 0
-645 -830 0
-645 -867 0
-645 -904 0
-645 -941 0
-645 -978 0
-645 -1015 0
-645 -1052 0
-645 -1089 0
-645 -1126 0
-645 -1163 0
-645 -1200 0
-645 -1237 0
-645 -1274 0
-645 -1311 0
-645 -1348 0
-645 -1385 0
-645 -1422 0
-682 -719 0
-682 -756 0
-682 -793 0
-682 -830 0
-682 -867 0
-682 -904 0
-682 -941 0
-682 -978 0
-682 -1015 0
-682 -1052 0
-682 -1089 0
-682 -1126 0
-682 -1163 0
-682 -1200 0
-682 -1237 0
-682 -1274 0
-682 -1311 0
-682 -1348 0
-682 -1385 0
-682 -1422 0
-719 -756 0
-719 -793 0
-719 -830 0
-719 -867 0
-719 -904 0
-719 -941 0
-719 -978 0
-719 -1015 0
-719 -1052 0
-719 -1089 0
-719 -1126 0
-719 -1163 0
-719 -1200 0
-719 -1237 0
-719 -1274 0
-719 -1311 0
-719 -1348 0
-719 -1385 0
-719 -1422 0
-756 -793 0
-756 -830 0
-756 -867 0
-756 -904 0
-756 -941 0
-756 -978 0
-756 -1015 0
-756 -1052 0
-756 -1089 0
-756 -1126 0
-756 -1163 0
-756 -1200 0
-756 -1237 0
-756 -1274 0
-756 -1311 0
-756 -1348 0
-756 -1385 0
-756 -1422 0
-793 -830 0
-793 -867 0
-793 -904 0
-793 -941 0
-793 -978 0
-793 -1015 0
-793 -1052 0
-793 -1089 0
-793 -1126 0
-793 -1163 0
-793 -1200 0
-793 -1237 0
-793 -1274 0
-793 -1311 0
-793 -1348 0
-793 -1385 0
-793 -1422 0
-830 -867 0
-830 -904 0
-830 -941 0
-830 -978 0
-830 -1015 0
-830 -1052 0
-830 -1089 0
-830 -1126 0
-830 -1163 0
-830 -1200 0
-830 -1237 0
-830 -1274 0
-830 -1311 0
-830 -1348 0
-830 -1385 0
-830 -1422 0
-867 -904 0
-867 -941 0
-867 -978 0
-867 -1015 0
-867 -1052 0
-867 -1089 0
-867 -1126 0
-867 -1163 0
-867 -1200 0
-867 -1237 0
-867 -1274 0
-867 -1311 0
-867 -1348 0
-867 -1385 0
-867 -1422 0
-904 -941 0
-904 -978 0
-904 -1015 0
-904 -1052 0
-904 -1089 0
-904 -1126 0
-904 -1163 0
-904 -1200 0
-904 -1237 0
-904 -1274 0
-904 -1311 0
-904 -1348 0
-904 -1385 0
-904 -1422 0
-941 -978 0
-941 -1015 0
-941 -1052 0
-941 -1089 0
-941 -1126 0
-941 -1163 0
-941 -1200 0
-941 -1237 0
-941 -1274 0
-941 -1311 0
-941 -1348 0
-941 -1385 0
-941 -1422 0
-978 -1015 0
-978 -1052 0
-978 -1089 0
-978 -1126 0
-978 -1163 0
-978 -1200 0
-978 -1237 0
-978 -1274 0
-978 -1311 0
-978 -1348 0
-978 -1385 0
-978 -1422 0
-1015 -1052 0
-1015 -1089 0
-1015 -1126 0
-1015 -1163 0
-1015 -1200 0
-1015 -1237 0
-1015 -1274 0
-1015 -1311 0
-1015 -1348 0
-1015 -1385 0
-1015 -1422 0
-1052 -1089 0
-1052 -1126 0
-1052 -1163 0
-1052 -1200 0
-1052 -1237 0
-1052 -1274 0
-1052 -1311 0
-1052 -1348 0
-1052 -1385 0
-1052 -1422 0
-1089 -1126 0
-1089 -1163 0
-1089 -1200 0
-1089 -1237 0
-1089 -1274 0
-1089 -1311 0
-1089 -1348 0
-1089 -1385 0
-1089 -1422 0
-1126 -1163 0
-1126 -1200 0
-1126 -1237 0
-1126 -1274 0
-1126 -1311 0
-1126 -1348 0
-1126 -1385 0
-1126 -1422 0
-1163 -1200 0
-1163 -1237 0
-1163 -1274 0
-1163 -1311 0
-1163 -1348 0
-1163 -1385 0
-1163 -1422 0
-1200 -1237 0
-1200 -1274 0
-1200 -1311 0
-1200 -1348 0
-1200 -1385 0
-1200 -1422 0
-1237 -1274 0
-1237 -1311 0
-1237 -1348 0
-1237 -1385 0
-1237 -1422 0
-1274 -1311 0
-1274 -1348 0
-1274 -1385 0
-1274 -1422 0
-1311 -1348 0
-1311 -1385 0
-1311 -1422 0
-1348 -1385 0
-1348 -1422 0
-1385 -1422 0
-646 -683 0
-646 -720 0
-646 -757 0
-646 -794 0
-646 -831 0
-646 -868 0
-646 -905 0
-646 -942 0
-646 -979 0
-646 -1016 0
-646 -1053 0
-646 -1090 0
-646 -1127 0
-646 -1164 0
-646 -1201 0
-646 -1238 0
-646 -1275 0
-646 -1312 0
-646 -1349 0
-646 -1386 0
-646 -1423 0
-683 -720 0
-683 -757 0
-683 -794 0
-683 -831 0
-683 -868 0
-683 -905 0
-683 -942 0
-683 -979 0
-683 -1016 0
-683 -1053 0
-683 -1090 0
-683 -1127 0
-683 -1164 0
-683 -1201 0
-683 -1238 0
-683 -1275 0
-683 -1312 0
-683 -1349 0
-683 -1386 0
-683 -1423 0
-720 -757 0
-720 -794 0
-720 -831 0
-720 -868 0
-720 -905 0
-720 -942 0
-720 -979 0
-720 -1016 0
-720 -1053 0
-720 -1090 0
-720 -1127 0
-720 -1164 0
-720 -1201 0
-720 -1238 0
-720 -1275 0
-720 -1312 0
-720 -1349 0
-720 -1386 0
-720 -1423 0
-757 -794 0
-757 -831 0
-757 -868 0
-757 -905 0
-757 -942 0
-757 -979 0
-757 -1016 0
-757 -1053 0
-757 -1090 0
-757 -1127 0
-757 -1164 0
-757 -1201 0
-757 -1238 0
-757 -1275 0
-757 -1312 0
-757 -1349 0
-757 -1386 0
-757 -1423 0
-794 -831 0
-794 -868 0
-794 -905 0
-794 -942 0
-794 -979 0
-794 -1016 0
-794 -1053 0
-794 -1090 0
-794 -1127 0
-794 -1164 0
-794 -1201 0
-794 -1238 0
-794 -1275 0
-794 -1312 0
-794 -1349 0
-794 -1386 0
-794 -1423 0
-831 -868 0
-831 -905 0
-831 -942 0
-831 -979 0
-831 -1016 0
-831 -1053 0
-831 -1090 0
-831 -1127 0
-831 -1164 0
-831 -1201 0
-831 -1238 0
-831 -1275 0
-831 -1312 0
-831 -1349 0
-831 -1386 0
-831 -1423 0
-868 -905 0
-868 -942 0
-868 -979 0
-868 -1016 0
-868 -1053 0
-868 -1090 0
-868 -1127 0
-868 -1164 0
-868 -1201 0
-868 -1238 0
-868 -1275 0
-868 -1312 0
-868 -1349 0
-868 -1386 0
-868 -1423 0
-905 -942 0
-905 -979 0
-905 -1016 0
-905 -1053 0
-905 -1090 0
-905 -1127 0
-905 -1164 0
-905 -1201 0
-905 -1238 0
-905 -1275 0
-905 -1312 0
-905 -1349 0
-905 -1386 0
-905 -1423 0
-942 -979 0
-942 -1016 0
-942 -1053 0
-942 -1090 0
-942 -1127 0
-942 -1164 0
-942 -1201 0
-942 -1238 0
-942 -1275 0
-942 -1312 0
-942 -1349 0
-942 -1386 0
-942 -1423 0
-979 -1016 0
-979 -1053 0
-979 -1090 0
-979 -1127 0
-979 -1164 0
-979 -1201 0
-979 -1238 0
-979 -1275 0
-979 -1312 0
-979 -1349 0
-979 -1386 0
-979 -1423 0
-1016 -1053 0
-1016 -1090 0
-1016 -1127 0
-1016 -1164 0
-1016 -1201 0
-1016 -1238 0
-1016 -1275 0
-1016 -1312 0
-1016 -1349 0
-1016 -1386 0
-1016 -1423 0
-1053 -1090 0
-1053 -1127 0
-1053 -1164 0
-1053 -1201 0
-1053 -1238 0
-1053 -1275 0
-1053 -1312 0
-1053 -1349 0
-1053 -1386 0
-1053 -1423 0
-1090 -1127 0
-1090 -1164 0
-1090 -1201 0
-1090 -1238 0
-1090 -1275 0
-1090 -1312 0
-1090 -1349 0
-1090 -1386 0
-1090 -1423 0
-1127 -1164 0
-1127 -1201 0
-1127 -1238 0
-1127 -1275 0
-1127 -1312 0
-1127 -1349 0
-1127 -1386 0
-1127 -1423 0
-1164 -1201 0
-1164 -1238 0
-1164 -1275 0
-1164 -1312 0
-1164 -1349 0
-1164 -1386 0
-1164 -1423 0
-1201 -1238 0
-1201 -1275 0
-1201 -1312 0
-1201 -1349 0
-1201 -1386 0
-1201 -1423 0
-1238 -1275 0
-1238 -1312 0
-1238 -1349 0
-1238 -1386 0
-1238 -1423 0
-1275 -1312 0
-1275 -1349 0
-1275 -1386 0
-1275 -1423 0
-1312 -1349 0
-1312 -1386 0
-1312 -1423 0
-1349 -1386 0
-1349 -1423 0
-1386 -1423 0
-684 -721 0
-684 -758 0
-684 -795 0
-684 -832 0
-684 -869 0
-684 -906 0
-684 -943 0
-684 -980 0
-684 -1017 0
-684 -1054 0
-684 -1091 0
-684 -1128 0
-684 -1165 0
-684 -1202 0
-684 -1239 0
-684 -1276 0
-684 -1313 0
-684 -1350 0
-684 -1387 0
-684 -1424 0
-721 -758 0
-721 -795 0
-721 -832 0
-721 -869 0
-721 -906 0
-721 -943 0
-721 -980 0
-721 -1017 0
-721 -1054 0
-721 -1091 0
-721 -1128 0
-721 -1165 0
-721 -1202 0
-721 -1239 0
-721 -1276 0
-721 -1313 0
-721 -1350 0
-721 -1387 0
-721 -1424 0
-758 -795 0
-758 -832 0
-758 -869 0
-758 -906 0
-758 -943 0
-758 -980 0
-758 -1017 0
-758 -1054 0
-758 -1091 0
-758 -1128 0
-758 -1165 0
-758 -1202 0
-758 -1239 0
-758 -1276 0
-758 -1313 0
-758 -1350 0
-758 -1387 0
-758 -1424 0
-795 -832 0
-795 -869 0
-795 -906 0
-795 -943 0
-795 -980 0
-795 -1017 0
-795 -1054 0
-795 -1091 0
-795 -1128 0
-795 -1165 0
-795 -1202 0
-795 -1239 0
-795 -1276 0
-795 -1313 0
-795 -1350 0
-795 -1387 0
-795 -1424 0
-832 -869 0
-832 -906 0
-832 -943 0
-832 -980 0
-832 -1017 0
-832 -1054 0
-832 -1091 0
-832 -1128 0
-832 -1165 0
-832 -1202 0
-832 -1239 0
-832 -1276 0
-832 -1313 0
-832 -1350 0
-832 -1387 0
-832 -1424 0
-869 -906 0
-869 -943 0
-869 -980 0
-869 -1017 0
-869 -1054 0
-869 -1091 0
-869 -1128 0
-869 -1165 0
-869 -1202 0
-869 -1239 0
-869 -1276 0
-869 -1313 0
-869 -1350 0
-869 -1387 0
-869 -1424 0
-906 -943 0
-906 -980 0
-906 -1017 0
-906 -1054 0
-906 -1091 0
-906 -1128 0
-906 -1165 0
-906 -1202 0
-906 -1239 0
-906 -1276 0
-906 -1313 0
-906 -1350 0
-906 -1387 0
-906 -1424 0
-943 -980 0
-943 -1017 0
-943 -1054 0
-943 -1091 0
-943 -1128 0
-943 -1165 0
-943 -1202 0
-943 -1239 0
-943 -1276 0
-943 -1313 0
-943 -1350 0
-943 -1387 0
-943 -1424 0
-980 -1017 0
-980 -1054 0
-980 -1091 0
-980 -1128 0
-980 -1165 0
-980 -1202 0
-980 -1239 0
-980 -1276 0
-980 -1313 0
-980 -1350 0
-980 -1387 0
-980 -1424 0
-1017 -1054 0
-1017 -1091 0
-1017 -1128 0
-1017 -1165 0
-1017 -1202 0
-1017 -1239 0
-1017 -1276 0
-1017 -1313 0
-1017 -1350 0
-1017 -1387 0
-1017 -1424 0
-1054 -1091 0
-1054 -1128 0
-1054 -1165 0
-1054 -1202 0
-1054 -1239 0
-1054 -1276 0
-1054 -1313 0
-1054 -1350 0
-1054 -1387 0
-1054 -1424 0
-1091 -1128 0
-1091 -1165 0
-1091 -1202 0
-1091 -1239 0
-1091 -1276 0
-1091 -1313 0
-1091 -1350 0
-1091 -1387 0
-1091 -1424 0
-1128 -1165 0
-1128 -1202 0
-1128 -1239 0
-1128 -1276 0
-1128 -1313 0
-1128 -1350 0
-1128 -1387 0
-1128 -1424 0
-1165 -1202 0
-1165 -1239 0
-1165 -1276 0
-1165 -1313 0
-1165 -1350 0
-1165 -1387 0
-1165 -1424 0
-1202 -1239 0
-1202 -1276 0
-1202 -1313 0
-1202 -1350 0
-1202 -1387 0
-1202 -1424 0
-1239 -1276 0
-1239 -1313 0
-1239 -1350 0
-1239 -1387 0
-1239 -1424 0
-1276 -1313 0
-1276 -1350 0
-1276 -1387 0
-1276 -1424 0
-1313 -1350 0
-1313 -1387 0
-1313 -1424 0
-1350 -1387 0
-1350 -1424 0
-1387 -1424 0
-722 -759 0
-722 -796 0
-722 -833 0
-722 -870 0
-722 -907 0
-722 -944 0
-722 -981 0
-722 -1018 0
-722 -1055 0
-722 -1092 0
-722 -1129 0
-722 -1166 0
-722 -1203 0
-722 -1240 0
-722 -1277 0
-722 -1314 0
-722 -1351 0
-722 -1388 0
-722 -1425 0
-759 -796 0
-759 -833 0
-759 -870 0
-759 -907 0
-759 -944 0
-759 -981 0
-759 -1018 0
-759 -1055 0
-759 -1092 0
-759 -1129 0
-759 -1166 0
-759 -1203 0
-759 -1240 0
-759 -1277 0
-759 -1314 0
-759 -1351 0
-759 -1388 0
-759 -1425 0
-796 -833 0
-796 -870 0
-796 -907 0
-796 -944 0
-796 -981 0
-796 -1018 0
-796 -1055 0
-796 -1092 0
-796 -1129 0
-796 -1166 0
-796 -1203 0
-796 -1240 0
-796 -1277 0
-796 -1314 0
-796 -1351 0
-796 -1388 0
-796 -1425 0
-833 -870 0
-833 -907 0
-833 -944 0
-833 -981 0
-833 -1018 0
-833 -1055 0
-833 -1092 0
-833 -1129 0
-833 -1166 0
-833 -1203 0
-833 -1240 0
-833 -1277 0
-833 -1314 0
-833 -1351 0
-833 -1388 0
-833 -1425 0
-870 -907 0
-870 -944 0
-870 -981 0
-870 -1018 0
-870 -1055 0
-870 -1092 0
-870 -1129 0
-870 -1166 0
-870 -1203 0
-870 -1240 0
-870 -1277 0
-870 -1314 0
-870 -1351 0
-870 -1388 0
-870 -1425 0
-907 -944 0
-907 -981 0
-907 -1018 0
-907 -1055 0
-907 -1092 0
-907 -1129 0
-907 -1166 0
-907 -1203 0
-907 -1240 0
-907 -1277 0
-907 -1314 0
-907 -1351 0
-907 -1388 0
-907 -1425 0
-944 -981 0
-944 -1018 0
-944 -1055 0
-944 -1092 0
-944 -1129 0
-944 -1166 0
-944 -1203 0
-944 -1240 0
-944 -1277 0
-944 -1314 0
-944 -1351 0
-944 -1388 0
-944 -1425 0
-981 -1018 0
-981 -1055 0
-981 -1092 0
-981 -1129 0
-981 -1166 0
-981 -1203 0
-981 -1240 0
-981 -1277 0
-981 -1314 0
-981 -1351 0
-981 -1388 0
-981 -1425 0
-1018 -1055 0
-1018 -1092 0
-1018 -1129 0
-1018 -1166 0
-1018 -1203 0
-1018 -1240 0
-1018 -1277 0
-1018 -1314 0
-1018 -1351 0
-1018 -1388 0
-1018 -1425 0
-1055 -1092 0
-1055 -1129 0
-1055 -1166 0
-1055 -1203 0
-1055 -1240 0
-1055 -1277 0
-1055 -1314 0
-1055 -1351 0
-1055 -1388 0
-1055 -1425 0
-1092 -1129 0
-1092 -1166 0
-1092 -1203 0
-1092 -1240 0
-1092 -1277 0
-1092 -1314 0
-1092 -1351 0
-1092 -1388 0
-1092 -1425 0
-1129 -1166 0
-1129 -1203 0
-1129 -1240 0
-1129 -1277 0
-1129 -1314 0
-1129 -1351 0
-1129 -1388 0
-1129 -1425 0
-1166 -1203 0
-1166 -1240 0
-1166 -1277 0
-1166 -1314 0
-1166 -1351 0
-1166 -1388 0
-1166 -1425 0
-1203 -1240 0
-1203 -1277 0
-1203 -1314 0
-1203 -1351 0
-1203 -1388 0
-1203 -1425 0
-1240 -1277 0
-1240 -1314 0
-1240 -1351 0
-1240 -1388 0
-1240 -1425 0
-1277 -1314 0
-1277 -1351 0
-1277 -1388 0
-1277 -1425 0
-1314 -1351 0
-1314 -1388 0
-1314 -1425 0
-1351 -1388 0
-1351 -1425 0
-1388 -1425 0
-760 -797 0
-760 -834 0
-760 -871 0
-760 -908 0
-760 -945 0
-760 -982 0
-760 -1019 0
-760 -1056 0
-760 -1093 0
-760 -1130 0
-760 -1167 0
-760 -1204 0
-760 -1241 0
-760 -1278 0
-760 -1315 0
-760 -1352 0
-760 -1389 0
-760 -1426 0
-797 -834 0
-797 -871 0
-797 -908 0
-797 -945 0
-797 -982 0
-797 -1019 0
-797 -1056 0
-797 -1093 0
-797 -1130 0
-797 -1167 0
-797 -1204 0
-797 -1241 0
-797 -1278 0
-797 -1315 0
-797 -1352 0
-797 -1389 0
-797 -1426 0
-834 -871 0
-834 -908 0
-834 -945 0
-834 -982 0
-834 -1019 0
-834 -1056 0
-834 -1093 0
-834 -1130 0
-834 -1167 0
-834 -1204 0
-834 -1241 0
-834 -1278 0
-834 -1315 0
-834 -1352 0
-834 -1389 0
-834 -1426 0
-871 -908 0
-871 -945 0
-871 -982 0
-871 -1019 0
-871 -1056 0
-871 -1093 0
-871 -1130 0
-871 -1167 0
-871 -1204 0
-871 -1241 0
-871 -1278 0
-871 -1315 0
-871 -1352 0
-871 -1389 0
-871 -1426 0
-908 -945 0
-908 -982 0
-908 -1019 0
-908 -1056 0
-908 -1093 0
-908 -1130 0
-908 -1167 0
-908 -1204 0
-908 -1241 0
-908 -1278 0
-908 -1315 0
-908 -1352 0
-908 -1389 0
-908 -1426 0
-945 -982 0
-945 -1019 0
-945 -1056 0
-945 -1093 0
-945 -1130 0
-945 -1167 0
-945 -1204 0
-945 -1241 0
-945 -1278 0
-945 -1315 0
-945 -1352 0
-945 -1389 0
-945 -1426 0
-982 -1019 0
-982 -1056 0
-982 -1093 0
-982 -1130 0
-982 -1167 0
-982 -1204 0
-982 -1241 0
-982 -1278 0
-982 -1315 0
-982 -1352 0
-982 -1389 0
-982 -1426 0
-1019 -1056 0
-1019 -1093 0
-1019 -1130 0
-1019 -1167 0
-1019 -1204 0
-1019 -1241 0
-1019 -1278 0
-1019 -1315 0
-1019 -1352 0
-1019 -1389 0
-1019 -1426 0
-1056 -1093 0
-1056 -1130 0
-1056 -1167 0
-1056 -1204 0
-1056 -1241 0
-1056 -1278 0
-1056 -1315 0
-1056 -1352 0
-1056 -1389 0
-1056 -1426 0
-1093 -1130 0
-1093 -1167 0
-1093 -1204 0
-1093 -1241 0
-1093 -1278 0
-1093 -1315 0
-1093 -1352 0
-1093 -1389 0
-1093 -1426 0
-1130 -1167 0
-1130 -1204 0
-1130 -1241 0
-1130 -1278 0
-1130 -1315 0
-1130 -1352 0
-1130 -1389 0
-1130 -1426 0
-1167 -1204 0
-1167 -1241 0
-1167 -1278 0
-1167 -1315 0
-1167 -1352 0
-1167 -1389 0
-1167 -1426 0
-1204 -1241 0
-1204 -1278 0
-1204 -1315 0
-1204 -1352 0
-1204 -1389 0
-1204 -1426 0
-1241 -1278 0
-1241 -1315 0
-1241 -1352 0
-1241 -1389 0
-1241 -1426 0
-1278 -1315 0
-1278 -1352 0
-1278 -1389 0
-1278 -1426 0
-1315 -1352 0
-1315 -1389 0
-1315 -1426 0
-1352 -1389 0
-1352 -1426 0
-1389 -1426 0
-798 -835 0
-798 -872 0
-798 -909 0
-798 -946 0
-798 -983 0
-798 -1020 0
-798 -1057 0
-798 -1094 0
-798 -1131 0
-798 -1168 0
-798 -1205 0
-798 -1242 0
-798 -1279 0
-798 -1316 0
-798 -1353 0
-798 -1390 0
-798 -1427 0
-835 -872 0
-835 -909 0
-835 -946 0
-835 -983 0
-835 -1020 0
-835 -1057 0
-835 -1094 0
-835 -1131 0
-835 -1168 0
-835 -1205 0
-835 -1242 0
-835 -1279 0
-835 -1316 0
-835 -1353 0
-835 -1390 0
-835 -1427 0
-872 -909 0
-872 -946 0
-872 -983 0
-872 -1020 0
-872 -1057 0
-872 -1094 0
-872 -1131 0
-872 -1168 0
-872 -1205 0
-872 -1242 0
-872 -1279 0
-872 -1316 0
-872 -1353 0
-872 -1390 0
-872 -1427 0
-909 -946 0
-909 -983 0
-909 -1020 0
-909 -1057 0
-909 -1094 0
-909 -1131 0
-909 -1168 0
-909 -1205 0
-909 -1242 0
-909 -1279 0
-909 -1316 0
-909 -1353 0
-909 -1390 0
-909 -1427 0
-946 -983 0
-946 -1020 0
-946 -1057 0
-946 -1094 0
-946 -1131 0
-946 -1168 0
-946 -1205 0
-946 -1242 0
-946 -1279 0
-946 -1316 0
-946 -1353 0
-946 -1390 0
-946 -1427 0
-983 -1020 0
-983 -1057 0
-983 -1094 0
-983 -1131 0
-983 -1168 0
-983 -1205 0
-983 -1242 0
-983 -1279 0
-983 -1316 0
-983 -1353 0
-983 -1390 0
-983 -1427 0
-1020 -1057 0
-1020 -1094 0
-1020 -1131 0
-1020 -1168 0
-1020 -1205 0
-1020 -1242 0
-1020 -1279 0
-1020 -1316 0
-1020 -1353 0
-1020 -1390 0
-1020 -1427 0
-1057 -1094 0
-1057 -1131 0
-1057 -1168 0
-1057 -1205 0
-1057 -1242 0
-1057 -1279 0
-1057 -1316 0
-1057 -1353 0
-1057 -1390 0
-1057 -1427 0
-1094 -1131 0
-1094 -1168 0
-1094 -1205 0
-1094 -1242 0
-1094 -1279 0
-1094 -1316 0
-1094 -1353 0
-1094 -1390 0
-1094 -1427 0
-1131 -1168 0
-1131 -1205 0
-1131 -1242 0
-1131 -1279 0
-1131 -1316 0
-1131 -1353 0
-1131 -1390 0
-1131 -1427 0
-1168 -1205 0
-1168 -1242 0
-1168 -1279 0
-1168 -1316 0
-1168 -1353 0
-1168 -1390 0
-1168 -1427 0
-1205 -1242 0
-1205 -1279 0
-1205 -1316 0
-1205 -1353 0
-1205 -1390 0
-1205 -1427 0
-1242 -1279 0
-1242 -1316 0
-1242 -1353 0
-1242 -1390 0
-1242 -1427 0
-1279 -1316 0
-1279 -1353 0
-1279 -1390 0
-1279 -1427 0
-1316 -1353 0
-1316 -1390 0
-1316 -1427 0
-1353 -1390 0
-1353 -1427 0
-1390 -1427 0
-836 -873 0
-836 -910 0
-836 -947 0
-836 -984 0
-836 -1021 0
-836 -1058 0
-836 -1095 0
-836 -1132 0
-836 -1169 0
-836 -1206 0
-836 -1243 0
-836 -1280 0
-836 -1317 0
-836 -1354 0
-836 -1391 0
-836 -1428 0
-873 -910 0
-873 -947 0
-873 -984 0
-873 -1021 0
-873 -1058 0
-873 -1095 0
-873 -1132 0
-873 -1169 0
-873 -1206 0
-873 -1243 0
-873 -1280 0
-873 -1317 0
-873 -1354 0
-873 -1391 0
-873 -1428 0
-910 -947 0
-910 -984 0
-910 -1021 0
-910 -1058 0
-910 -1095 0
-910 -1132 0
-910 -1169 0
-910 -1206 0
-910 -1243 0
-910 -1280 0
-910 -1317 0
-910 -1354 0
-910 -1391 0
-910 -1428 0
-947 -984 0
-947 -1021 0
-947 -1058 0
-947 -1095 0
-947 -1132 0
-947 -1169 0
-947 -1206 0
-947 -1243 0
-947 -1280 0
-947 -1317 0
-947 -1354 0
-947 -1391 0
-947 -1428 0
-984 -1021 0
-984 -1058 0
-984 -1095 0
-984 -1132 0
-984 -1169 0
-984 -1206 0
-984 -1243 0
-984 -1280 0
-984 -1317 0
-984 -1354 0
-984 -1391 0
-984 -1428 0
-1021 -1058 0
-1021 -1095 0
-1021 -1132 0
-1021 -1169 0
-1021 -1206 0
-1021 -1243 0
-1021 -1280 0
-1021 -1317 0
-1021 -1354 0
-1021 -1391 0
-1021 -1428 0
-1058 -1095 0
-1058 -1132 0
-1058 -1169 0
-1058 -1206 0
-1058 -1243 0
-1058 -1280 0
-1058 -1317 0
-1058 -1354 0
-1058 -1391 0
-1058 -1428 0
-1095 -1132 0
-1095 -1169 0
-1095 -1206 0
-1095 -1243 0
-1095 -1280 0
-1095 -1317 0
-1095 -1354 0
-1095 -1391 0
-1095 -1428 0
-1132 -1169 0
-1132 -1206 0
-1132 -1243 0
-1132 -1280 0
-1132 -1317 0
-1132 -1354 0
-1132 -1391 0
-1132 -1428 0
-1169 -1206 0
-1169 -1243 0
-1169 -1280 0
-1169 -1317 0
-1169 -1354 0
-1169 -1391 0
-1169 -1428 0
-1206 -1243 0
-1206 -1280 0
-1206 -1317 0
-1206 -1354 0
-1206 -1391 0
-1206 -1428 0
-1243 -1280 0
-1243 -1317 0
-1243 -1354 0
-1243 -1391 0
-1243 -1428 0
-1280 -1317 0
-1280 -1354 0
-1280 -1391 0
-1280 -1428 0
-1317 -1354 0
-1317 -1391 0
-1317 -1428 0
-1354 -1391 0
-1354 -1428 0
-1391 -1428 0
-874 -911 0
-874 -948 0
-874 -985 0
-874 -1022 0
-874 -1059 0
-874 -1096 0
-874 -1133 0
-874 -1170 0
-874 -1207 0
-874 -1244 0
-874 -1281 0
-874 -1318 0
-874 -1355 0
-874 -1392 0
-874 -1429 0
-911 -948 0
-911 -985 0
-911 -1022 0
-911 -1059 0
-911 -1096 0
-911 -1133 0
-911 -1170 0
-911 -1207 0
-911 -1244 0
-911 -1281 0
-911 -1318 0
-911 -1355 0
-911 -1392 0
-911 -1429 0
-948 -985 0
-948 -1022 0
-948 -1059 0
-948 -1096 0
-948 -1133 0
-948 -1170 0
-948 -1207 0
-948 -1244 0
-948 -1281 0
-948 -1318 0
-948 -1355 0
-948 -1392 0
-948 -1429 0
-985 -1022 0
-985 -1059 0
-985 -1096 0
-985 -1133 0
-985 -1170 0
-985 -1207 0
-985 -1244 0
-985 -1281 0
-985 -1318 0
-985 -1355 0
-985 -1392 0
-985 -1429 0
-1022 -1059 0
-1022 -1096 0
-1022 -1133 0
-1022 -1170 0
-1022 -1207 0
-1022 -1244 0
-1022 -1281 0
-1022 -1318 0
-1022 -1355 0
-1022 -1392 0
-1022 -1429 0
-1059 -1096 0
-1059 -1133 0
-1059 -1170 0
-1059 -1207 0
-1059 -1244 0
-1059 -1281 0
-1059 -1318 0
-1059 -1355 0
-1059 -1392 0
-1059 -1429 0
-1096 -1133 0
-1096 -1170 0
-1096 -1207 0
-1096 -1244 0
-1096 -1281 0
-1096 -1318 0
-1096 -1355 0
-1096 -1392 0
-1096 -1429 0
-1133 -1170 0
-1133 -1207 0
-1133 -1244 0
-1133 -1281 0
-1133 -1318 0
-1133 -1355 0
-1133 -1392 0
-1133 -1429 0
-1170 -1207 0
-1170 -1244 0
-1170 -1281 0
-1170 -1318 0
-1170 -1355 0
-1170 -1392 0
-1170 -1429 0
-1207 -1244 0
-1207 -1281 0
-1207 -1318 0
-1207 -1355 0
-1207 -1392 0
-1207 -1429 0
-1244 -1281 0
-1244 -1318 0
-1244 -1355 0
-1244 -1392 0
-1244 -1429 0
-1281 -1318 0
-1281 -1355 0
-1281 -1392 0
-1281 -1429 0
-1318 -1355 0
-1318 -1392 0
-1318 -1429 0
-1355 -1392 0
-1355 -1429 0
-1392 -1429 0
-912 -949 0
-912 -986 0
-912 -1023 0
-912 -1060 0
-912 -1097 0
-912 -1134 0
-912 -1171 0
-912 -1208 0
-912 -1245 0
-912 -1282 0
-912 -1319 0
-912 -1356 0
-912 -1393 0
-912 -1430 0
-949 -986 0
-949 -1023 0
-949 -1060 0
-949 -1097 0
-949 -1134 0
-949 -1171 0
-949 -1208 0
-949 -1245 0
-949 -1282 0
-949 -1319 0
-949 -1356 0
-949 -1393 0
-949 -1430 0
-986 -1023 0
-986 -1060 0
-986 -1097 0
-986 -1134 0
-986 -1171 0
-986 -1208 0
-986 -1245 0
-986 -1282 0
-986 -1319 0
-986 -1356 0
-986 -1393 0
-986 -1430 0
-1023 -1060 0
-1023 -1097 0
-1023 -1134 0
-1023 -1171 0
-1023 -1208 0
-1023 -1245 0
-1023 -1282 0
-1023 -1319 0
-1023 -1356 0
-1023 -1393 0
-1023 -1430 0
-1060 -1097 0
-1060 -1134 0
-1060 -1171 0
-1060 -1208 0
-1060 -1245 0
-1060 -1282 0
-1060 -1319 0
-1060 -1356 0
-1060 -1393 0
-1060 -1430 0
-1097 -1134 0
-1097 -1171 0
-1097 -1208 0
-1097 -1245 0
-1097 -1282 0
-1097 -1319 0
-1097 -1356 0
-1097 -1393 0
-1097 -1430 0
-1134 -1171 0
-1134 -1208 0
-1134 -1245 0
-1134 -1282 0
-1134 -1319 0
-1134 -1356 0
-1134 -1393 0
-1134 -1430 0
-1171 -1208 0
-1171 -1245 0
-1171 -1282 0
-1171 -1319 0
-1171 -1356 0
-1171 -1393 0
-1171 -1430 0
-1208 -1245 0
-1208 -1282 0
-1208 -1319 0
-1208 -1356 0
-1208 -1393 0
-1208 -1430 0
-1245 -1282 0
-1245 -1319 0
-1245 -1356 0
-1245 -1393 0
-1245 -1430 0
-1282 -1319 0
-1282 -1356 0
-1282 -1393 0
-1282 -1430 0
-1319 -1356 0
-1319 -1393 0
-1319 -1430 0
-1356 -1393 0
-1356 -1430 0
-1393 -1430 0
-950 -987 0
-950 -1024 0
-950 -1061 0
-950 -1098 0
-950 -1135 0
-950 -1172 0
-950 -1209 0
-950 -1246 0
-950 -1283 0
-950 -1320 0
-950 -1357 0
-950 -1394 0
-950 -1431 0
-987 -1024 0
-987 -1061 0
-987 -1098 0
-987 -1135 0
-987 -1172 0
-987 -1209 0
-987 -1246 0
-987 -1283 0
-987 -1320 0
-987 -1357 0
-987 -1394 0
-987 -1431 0
-1024 -1061 0
-1024 -1098 0
-1024 -1135 0
-1024 -1172 0
-1024 -1209 0
-1024 -1246 0
-1024 -1283 0
-1024 -1320 0
-1024 -1357 0
-1024 -1394 0
-1024 -1431 0
-1061 -1098 0
-1061 -1135 0
-1061 -1172 0
-1061 -1209 0
-1061 -1246 0
-1061 -1283 0
-1061 -1320 0
-1061 -1357 0
-1061 -1394 0
-1061 -1431 0
-1098 -1135 0
-1098 -1172 0
-1098 -1209 0
-1098 -1246 0
-1098 -1283 0
-1098 -1320 0
-1098 -1357 0
-1098 -1394 0
-1098 -1431 0
-1135 -1172 0
-1135 -1209 0
-1135 -1246 0
-1135 -1283 0
-1135 -1320 0
-1135 -1357 0
-1135 -1394 0
-1135 -1431 0
-1172 -1209 0
-1172 -1246 0
-1172 -1283 0
-1172 -1320 0
-1172 -1357 0
-1172 -1394 0
-1172 -1431 0
-1209 -1246 0
-1209 -1283 0
-1209 -1320 0
-1209 -1357 0
-1209 -1394 0
-1209 -1431 0
-1246 -1283 0
-1246 -1320 0
-1246 -1357 0
-1246 -1394 0
-1246 -1431 0
-1283 -1320 0
-1283 -1357 0
-1283 -1394 0
-1283 -1431 0
-1320 -1357 0
-1320 -1394 0
-1320 -1431 0
-1357 -1394 0
-1357 -1431 0
-1394 -1431 0
-988 -1025 0
-988 -1062 0
-988 -1099 0
-988 -1136 0
-988 -1173 0
-988 -1210 0
-988 -1247 0
-988 -1284 0
-988 -1321 0
-988 -1358 0
-988 -1395 0
-988 -1432 0
-1025 -1062 0
-1025 -1099 0
-1025 -1136 0
-1025 -1173 0
-1025 -1210 0
-1025 -1247 0
-1025 -1284 0
-1025 -1321 0
-1025 -1358 0
-1025 -1395 0
-1025 -1432 0
-1062 -1099 0
-1062 -1136 0
-1062 -1173 0
-1062 -1210 0
-1062 -1247 0
-1062 -1284 0
-1062 -1321 0
-1062 -1358 0
-1062 -1395 0
-1062 -1432 0
-1099 -1136 0
-1099 -1173 0
-1099 -1210 0
-1099 -1247 0
-1099 -1284 0
-1099 -1321 0
-1099 -1358 0
-1099 -1395 0
-1099 -1432 0
-1136 -1173 0
-1136 -1210 0
-1136 -1247 0
-1136 -1284 0
-1136 -1321 0
-1136 -1358 0
-1136 -1395 0
-1136 -1432 0
-1173 -1210 0
-1173 -1247 0
-1173 -1284 0
-1173 -1321 0
-1173 -1358 0
-1173 -1395 0
-1173 -1432 0
-1210 -1247 0
-1210 -1284 0
-1210 -1321 0
-1210 -1358 0
-1210 -1395 0
-1210 -1432 0
-1247 -1284 0
-1247 -1321 0
-1247 -1358 0
-1247 -1395 0
-1247 -1432 0
-1284 -1321 0
-1284 -1358 0
-1284 -1395 0
-1284 -1432 0
-1321 -1358 0
-1321 -1395 0
-1321 -1432 0
-1358 -1395 0
-1358 -1432 0
-1395 -1432 0
-1026 -1063 0
-1026 -1100 0
-1026 -1137 0
-1026 -1174 0
-1026 -1211 0
-1026 -1248 0
-1026 -1285 0
-1026 -1322 0
-1026 -1359 0
-1026 -1396 0
-1026 -1433 0
-1063 -1100 0
-1063 -1137 0
-1063 -1174 0
-1063 -1211 0
-1063 -1248 0
-1063 -1285 0
-1063 -1322 0
-1063 -1359 0
-1063 -1396 0
-1063 -1433 0
-1100 -1137 0
-1100 -1174 0
-1100 -1211 0
-1100 -1248 0
-1100 -1285 0
-1100 -1322 0
-1100 -1359 0
-1100 -1396 0
-1100 -1433 0
-1137 -1174 0
-1137 -1211 0
-1137 -1248 0
-1137 -1285 0
-1137 -1322 0
-1137 -1359 0
-1137 -1396 0
-1137 -1433 0
-1174 -1211 0
-1174 -1248 0
-1174 -1285 0
-1174 -1322 0
-1174 -1359 0
-1174 -1396 0
-1174 -1433 0
-1211 -1248 0
-1211 -1285 0
-1211 -1322 0
-1211 -1359 0
-1211 -1396 0
-1211 -1433 0
-1248 -1285 0
-1248 -1322 0
-1248 -1359 0
-1248 -1396 0
-1248 -1433 0
-1285 -1322 0
-1285 -1359 0
-1285 -1396 0
-1285 -1433 0
-1322 -1359 0
-1322 -1396 0
-1322 -1433 0
-1359 -1396 0
-1359 -1433 0
-1396 -1433 0
-1064 -1101 0
-1064 -1138 0
-1064 -1175 0
-1064 -1212 0
-1064 -1249 0
-1064 -1286 0
-1064 -1323 0
-1064 -1360 0
-1064 -1397 0
-1064 -1434 0
-1101 -1138 0
-1101 -1175 0
-1101 -1212 0
-1101 -1249 0
-1101 -1286 0
-1101 -1323 0
-1101 -1360 0
-1101 -1397 0
-1101 -1434 0
-1138 -1175 0
-1138 -1212 0
-1138 -1249 0
-1138 -1286 0
-1138 -1323 0
-1138 -1360 0
-1138 -1397 0
-1138 -1434 0
-1175 -1212 0
-1175 -1249 0
-1175 -1286 0
-1175 -1323 0
-1175 -1360 0
-1175 -1397 0
-1175 -1434 0
-1212 -1249 0
-1212 -1286 0
-1212 -1323 0
-1212 -1360 0
-1212 -1397 0
-1212 -1434 0
-1249 -1286 0
-1249 -1323 0
-1249 -1360 0
-1249 -1397 0
-1249 -1434 0
-1286 -1323 0
-1286 -1360 0
-1286 -1397 0
-1286 -1434 0
-1323 -1360 0
-1323 -1397 0
-1323 -1434 0
-1360 -1397 0
-1360 -1434 0
-1397 -1434 0
-1102 -1139 0
-1102 -1176 0
-1102 -1213 0
-1102 -1250 0
-1102 -1287 0
-1102 -1324 0
-1102 -1361 0
-1102 -1398 0
-1102 -1435 0
-1139 -1176 0
-1139 -1213 0
-1139 -1250 0
-1139 -1287 0
-1139 -1324 0
-1139 -1361 0
-1139 -1398 0
-1139 -1435 0
-1176 -1213 0
-1176 -1250 0
-1176 -1287 0
-1176 -1324 0
-1176 -1361 0
-1176 -1398 0
-1176 -1435 0
-1213 -1250 0
-1213 -1287 0
-1213 -1324 0
-1213 -1361 0
-1213 -1398 0
-1213 -1435 0
-1250 -1287 0
-1250 -1324 0
-1250 -1361 0
-1250 -1398 0
-1250 -1435 0
-1287 -1324 0
-1287 -1361 0
-1287 -1398 0
-1287 -1435 0
-1324 -1361 0
-1324 -1398 0
-1324 -1435 0
-1361 -1398 0
-1361 -1435 0
-1398 -1435 0
-1140 -1177 0
-1140 -1214 0
-1140 -1251 0
-1140 -1288 0
-1140 -1325 0
-1140 -1362 0
-1140 -1399 0
-1140 -1436 0
-1177 -1214 0
-1177 -1251 0
-1177 -1288 0
-1177 -1325 0
-1177 -1362 0
-1177 -1399 0
-1177 -1436 0
-1214 -1251 0
-1214 -1288 0
-1214 -1325 0
-1214 -1362 0
-1214 -1399 0
-1214 -1436 0
-1251 -1288 0
-1251 -1325 0
-1251 -1362 0
-1251 -1399 0
-1251 -1436 0
-1288 -1325 0
-1288 -1362 0
-1288 -1399 0
-1288 -1436 0
-1325 -1362 0
-1325 -1399 0
-1325 -1436 0
-1362 -1399 0
-1362 -1436 0
-1399 -1436 0
-1178 -1215 0
-1178 -1252 0
-1178 -1289 0
-1178 -1326 0
-1178 -1363 0
-1178 -1400 0
-1178 -1437 0
-1215 -1252 0
-1215 -1289 0
-1215 -1326 0
-1215 -1363 0
-1215 -1400 0
-1215 -1437 0
-1252 -1289 0
-1252 -1326 0
-1252 -1363 0
-1252 -1400 0
-1252 -1437 0
-1289 -1326 0
-1289 -1363 0
-1289 -1400 0
-1289 -1437 0
-1326 -1363 0
-1326 -1400 0
-1326 -1437 0
-1363 -1400 0
-1363 -1437 0
-1400 -1437 0
-1216 -1253 0
-1216 -1290 0
-1216 -1327 0
-1216 -1364 0
-1216 -1401 0
-1216 -1438 0
-1253 -1290 0
-1253 -1327 0
-1253 -1364 0
-1253 -1401 0
-1253 -1438 0
-1290 -1327 0
-1290 -1364 0
-1290 -1401 0
-1290 -1438 0
-1327 -1364 0
-1327 -1401 0
-1327 -1438 0
-1364 -1401 0
-1364 -1438 0
-1401 -1438 0
-1254 -1291 0
-1254 -1328 0
-1254 -1365 0
-1254 -1402 0
-1254 -1439 0
-1291 -1328 0
-1291 -1365 0
-1291 -1402 0
-1291 -1439 0
-1328 -1365 0
-1328 -1402 0
-1328 -1439 0
-1365 -1402 0
-1365 -1439 0
-1402 -1439 0
-1292 -1329 0
-1292 -1366 0
-1292 -1403 0
-1292 -1440 0
-1329 -1366 0
-1329 -1403 0
-1329 -1440 0
-1366 -1403 0
-1366 -1440 0
-1403 -1440 0
-1330 -1367 0
-1330 -1404 0
-1330 -1441 0
-1367 -1404 0
-1367 -1441 0
-1404 -1441 0
-1368 -1405 0
-1368 -1442 0
-1405 -1442 0
-1406 -1443 0
