p cnf 1521 67015
1 2 3 4 5 6 7 8 9 10 11 12 13 14 15 16 17 18 19 20 21 22 23 24 25 26 27 28 29 30 31 32 33 34 35 36 37 38 39 0
40 41 42 43 44 45 46 47 48 49 50 51 52 53 54 55 56 57 58 59 60 61 62 63 64 65 66 67 68 69 70 71 72 73 74 75 76 77 78 0
79 80 81 82 83 84 85 86 87 88 89 90 91 92 93 94 95 96 97 98 99 100 101 102 103 104 105 106 107 108 109 110 111 112 113 114 115 116 117 0
118 119 120 121 122 123 124 125 126 127 128 129 130 131 132 133 134 135 136 137 138 139 140 141 142 143 144 145 146 147 148 149 150 151 152 153 154 155 156 0
157 158 159 160 161 162 163 164 165 166 167 168 169 170 171 172 173 174 175 176 177 178 179 180 181 182 183 184 185 186 187 188 189 190 191 192 193 194 195 0
196 197 198 199 200 201 202 203 204 205 206 207 208 209 210 211 212 213 214 215 216 217 218 219 220 221 222 223 224 225 226 227 228 229 230 231 232 233 234 0
235 236 237 238 239 240 241 242 243 244 245 246 247 248 249 250 251 252 253 254 255 256 257 258 259 260 261 262 263 264 265 266 267 268 269 270 271 272 273 0
274 275 276 277 278 279 280 281 282 283 284 285 286 287 288 289 290 291 292 293 294 295 296 297 298 299 300 301 302 303 304 305 306 307 308 309 310 311 312 0
313 314 315 316 317 318 319 320 321 322 323 324 325 326 327 328 329 330 331 332 333 334 335 336 337 338 339 340 341 342 343 344 345 346 347 348 349 350 351 0
352 353 354 355 356 357 358 359 360 361 362 363 364 365 366 367 368 369 370 371 372 373 374 375 376 377 378 379 380 381 382 383 384 385 386 387 388 389 390 0
391 392 393 394 395 396 397 398 399 400 401 402 403 404 405 406 407 408 409 410 411 412 413 414 415 416 417 418 419 420 421 422 423 424 425 426 427 428 429 0
430 431 432 433 434 435 436 437 438 439 440 441 442 443 444 445 446 447 448 449 450 451 452 453 454 455 456 457 458 459 460 461 462 463 464 465 466 467 468 0
469 470 471 472 473 474 475 476 477 478 479 480 481 482 483 484 485 486 487 488 489 490 491 492 493 494 495 496 497 498 499 500 501 502 503 504 505 506 507 0
508 509 510 511 512 513 514 515 516 517 518 519 520 521 522 523 524 525 526 527 528 529 530 531 532 533 534 535 536 537 538 539 540 541 542 543 544 545 546 0
547 548 549 550 551 552 553 554 555 556 557 558 559 560 561 562 563 564 565 566 567 568 569 570 571 572 573 574 575 576 577 578 579 580 581 582 583 584 585 0
586 587 588 589 590 591 592 593 594 595 596 597 598 599 600 601 602 603 604 605 606 607 608 609 610 611 612 613 614 615 616 617 618 619 620 621 622 623 624 0
625 626 627 628 629 630 631 632 633 634 635 636 637 638 639 640 641 642 643 644 645 646 647 648 649 650 651 652 653 654 655 656 657 658 659 660 661 662 663 0
664 665 666 667 668 669 670 671 672 673 674 675 676 677 678 679 680 681 682 683 684 685 686 687 688 689 690 691 692 693 694 695 696 697 698 699 700 701 702 0
703 704 705 706 707 708 709 710 711 712 713 714 715 716 717 718 719 720 721 722 723 724 725 726 727 728 729 730 731 732 733 734 735 736 737 738 739 740 741 0
742 743 744 745 746 747 748 749 750 751 752 753 754 755 756 757 758 759 760 761 762 763 764 765 766 767 768 769 770 771 772 773 774 775 776 777 778 779 780 0
781 782 783 784 785 786 787 788 789 790 791 792 793 794 795 796 797 798 799 800 801 802 803 804 805 806 807 808 809 810 811 812 813 814 815 816 817 818 819 0
820 821 822 823 824 825 826 827 828 829 830 831 832 833 834 835 836 837 838 839 840 841 842 843 844 845 846 847 848 849 850 851 852 853 854 855 856 857 858 0
859 860 861 862 863 864 865 866 867 868 869 870 871 872 873 874 875 876 877 878 879 880 881 882 883 884 885 886 887 888 889 890 891 892 893 894 895 896 897 0
898 899 900 901 902 903 904 905 906 907 908 909 910 911 912 913 914 915 916 917 918 919 920 921 922 923 924 925 926 927 928 929 930 931 932 933 934 935 936 0
937 938 939 940 941 942 943 944 945 946 947 948 949 950 951 952 953 954 955 956 957 958 959 960 961 962 963 964 965 966 967 968 969 970 971 972 973 974 975 0
976 977 978 979 980 981 982 983 984 985 986 987 988 989 990 991 992 993 994 995 996 997 998 999 1000 1001 1002 1003 1004 1005 1006 1007 1008 1009 1010 1011 1012 1013 1014 0
1015 1016 1017 1018 1019 1020 1021 1022 1023 1024 1025 1026 1027 1028 1029 1030 1031 1032 1033 1034 1035 1036 1037 1038 1039 1040 1041 1042 1043 1044 1045 1046 1047 1048 1049 1050 1051 1052 1053 0
1054 1055 1056 1057 1058 1059 1060 1061 1062 1063 1064 1065 1066 1067 1068 1069 1070 1071 1072 1073 1074 1075 1076 1077 1078 1079 1080 1081 1082 1083 1084 1085 1086 1087 1088 1089 1090 1091 1092 0
1093 1094 1095 1096 1097 1098 1099 1100 1101 1102 1103 1104 1105 1106 1107 1108 1109 1110 1111 1112 1113 1114 1115 1116 1117 1118 1119 1120 1121 1122 1123 1124 1125 1126 1127 1128 1129 1130 1131 0
1132 1133 1134 1135 1136 1137 1138 1139 1140 1141 1142 1143 1144 1145 1146 1147 1148 1149 1150 1151 1152 1153 1154 1155 1156 1157 1158 1159 1160 1161 1162 1163 1164 1165 1166 1167 1168 1169 1170 0
1171 1172 1173 1174 1175 1176 1177 1178 1179 1180 1181 1182 1183 1184 1185 1186 1187 1188 1189 1190 1191 1192 1193 1194 1195 1196 1197 1198 1199 1200 1201 1202 1203 1204 1205 1206 1207 1208 1209 0
1210 1211 1212 1213 1214 1215 1216 1217 1218 1219 1220 1221 1222 1223 1224 1225 1226 1227 1228 1229 1230 1231 1232 1233 1234 1235 1236 1237 1238 1239 1240 1241 1242 1243 1244 1245 1246 1247 1248 0
1249 1250 1251 1252 1253 1254 1255 1256 1257 1258 1259 1260 1261 1262 1263 1264 1265 1266 1267 1268 1269 1270 1271 1272 1273 1274 1275 1276 1277 1278 1279 1280 1281 1282 1283 1284 1285 1286 1287 0
1288 1289 1290 1291 1292 1293 1294 1295 1296 1297 1298 1299 1300 1301 1302 1303 1304 1305 1306 1307 1308 1309 1310 1311 1312 1313 1314 1315 1316 1317 1318 1319 1320 1321 1322 1323 1324 1325 1326 0
1327 1328 1329 1330 1331 1332 1333 1334 1335 1336 1337 1338 1339 1340 1341 1342 1343 1344 1345 1346 1347 1348 1349 1350 1351 1352 1353 1354 1355 1356 1357 1358 1359 1360 1361 1362 1363 1364 1365 0
1366 1367 1368 1369 1370 1371 1372 1373 1374 1375 1376 1377 1378 1379 1380 1381 1382 1383 1384 1385 1386 1387 1388 1389 1390 1391 1392 1393 1394 1395 1396 1397 1398 1399 1400 1401 1402 1403 1404 0
1405 1406 1407 1408 1409 1410 1411 1412 1413 1414 1415 1416 1417 1418 1419 1420 1421 1422 1423 1424 1425 1426 1427 1428 1429 1430 1431 1432 1433 1434 1435 1436 1437 1438 1439 1440 1441 1442 1443 0
1444 1445 1446 1447 1448 1449 1450 1451 1452 1453 1454 1455 1456 1457 1458 1459 1460 1461 1462 1463 1464 1465 1466 1467 1468 1469 1470 1471 1472 1473 1474 1475 1476 1477 1478 1479 1480 1481 1482 0
1483 1484 1485 1486 1487 1488 1489 1490 1491 1492 1493 1494 1495 1496 1497 1498 1499 1500 1501 1502 1503 1504 1505 1506 1507 1508 1509 1510 1511 1512 1513 1514 1515 1516 1517 1518 1519 1520 1521 0
-1 -2 0
-1 -3 0
-1 -4 0
-1 -5 0
-1 -6 0
-1 -7 0
-1 -8 0
-1 -9 0
-1 -10 0
-1 -11 0
-1 -12 0
-1 -13 0
-1 -14 0
-1 -15 0
-1 -16 0
-1 -17 0
-1 -18 0
-1 -19 0
-1 -20 0
-1 -21 0
-1 -22 0
-1 -23 0
-1 -24 0
-1 -25 0
-1 -26 0
-1 -27 0
-1 -28 0
-1 -29 0
-1 -30 0
-1 -31 0
-1 -32 0
-1 -33 0
-1 -34 0
-1 -35 0
-1 -36 0
-1 -37 0
-1 -38 0
-1 -39 0
-2 -3 0
-2 -4 0
-2 -5 0
-2 -6 0
-2 -7 0
-2 -8 0
-2 -9 0
-2 -10 0
-2 -11 0
-2 -12 0
-2 -13 0
-2 -14 0
-2 -15 0
-2 -16 0
-2 -17 0
-2 -18 0
-2 -19 0
-2 -20 0
-2 -21 0
-2 -22 0
-2 -23 0
-2 -24 0
-2 -25 0
-2 -26 0
-2 -27 0
-2 -28 0
-2 -29 0
-2 -30 0
-2 -31 0
-2 -32 0
-2 -33 0
-2 -34 0
-2 -35 0
-2 -36 0
-2 -37 0
-2 -38 0
-2 -39 0
-3 -4 0
-3 -5 0
-3 -6 0
-3 -7 0
-3 -8 0
-3 -9 0
-3 -10 0
-3 -11 0
-3 -12 0
-3 -13 0
-3 -14 0
-3 -15 0
-3 -16 0
-3 -17 0
-3 -18 0
-3 -19 0
-3 -20 0
-3 -21 0
-3 -22 0
-3 -23 0
-3 -24 0
-3 -25 0
-3 -26 0
-3 -27 0
-3 -28 0
-3 -29 0
-3 -30 0
-3 -31 0
-3 -32 0
-3 -33 0
-3 -34 0
-3 -35 0
-3 -36 0
-3 -37 0
-3 -38 0
-3 -39 0
-4 -5 0
-4 -6 0
-4 -7 0
-4 -8 0
-4 -9 0
-4 -10 0
-4 -11 0
-4 -12 0
-4 -13 0
-4 -14 0
-4 -15 0
-4 -16 0
-4 -17 0
-4 -18 0
-4 -19 0
-4 -20 0
-4 -21 0
-4 -22 0
-4 -23 0
-4 -24 0
-4 -25 0
-4 -26 0
-4 -27 0
-4 -28 0
-4 -29 0
-4 -30 0
-4 -31 0
-4 -32 0
-4 -33 0
-4 -34 0
-4 -35 0
-4 -36 0
-4 -37 0
-4 -38 0
-4 -39 0
-5 -6 0
-5 -7 0
-5 -8 0
-5 -9 0
-5 -10 0
-5 -11 0
-5 -12 0
-5 -13 0
-5 -14 0
-5 -15 0
-5 -16 0
-5 -17 0
-5 -18 0
-5 -19 0
-5 -20 0
-5 -21 0
-5 -22 0
-5 -23 0
-5 -24 0
-5 -25 0
-5 -26 0
-5 -27 0
-5 -28 0
-5 -29 0
-5 -30 0
-5 -31 0
-5 -32 0
-5 -33 0
-5 -34 0
-5 -35 0
-5 -36 0
-5 -37 0
-5 -38 0
-5 -39 0
-6 -7 0
-6 -8 0
-6 -9 0
-6 -10 0
-6 -11 0
-6 -12 0
-6 -13 0
-6 -14 0
-6 -15 0
-6 -16 0
-6 -17 0
-6 -18 0
-6 -19 0
-6 -20 0
-6 -21 0
-6 -22 0
-6 -23 0
-6 -24 0
-6 -25 0
-6 -26 0
-6 -27 0
-6 -28 0
-6 -29 0
-6 -30 0
-6 -31 0
-6 -32 0
-6 -33 0
-6 -34 0
-6 -35 0
-6 -36 0
-6 -37 0
-6 -38 0
-6 -39 0
-7 -8 0
-7 -9 0
-7 -10 0
-7 -11 0
-7 -12 0
-7 -13 0
-7 -14 0
-7 -15 0
-7 -16 0
-7 -17 0
-7 -18 0
-7 -19 0
-7 -20 0
-7 -21 0
-7 -22 0
-7 -23 0
-7 -24 0
-7 -25 0
-7 -26 0
-7 -27 0
-7 -28 0
-7 -29 0
-7 -30 0
-7 -31 0
-7 -32 0
-7 -33 0
-7 -34 0
-7 -35 0
-7 -36 0
-7 -37 0
-7 -38 0
-7 -39 0
-8 -9 0
-8 -10 0
-8 -11 0
-8 -12 0
-8 -13 0
-8 -14 0
-8 -15 0
-8 -16 0
-8 -17 0
-8 -18 0
-8 -19 0
-8 -20 0
-8 -21 0
-8 -22 0
-8 -23 0
-8 -24 0
-8 -25 0
-8 -26 0
-8 -27 0
-8 -28 0
-8 -29 0
-8 -30 0
-8 -31 0
-8 -32 0
-8 -33 0
-8 -34 0
-8 -35 0
-8 -36 0
-8 -37 0
-8 -38 0
-8 -39 0
-9 -10 0
-9 -11 0
-9 -12 0
-9 -13 0
-9 -14 0
-9 -15 0
-9 -16 0
-9 -17 0
-9 -18 0
-9 -19 0
-9 -20 0
-9 -21 0
-9 -22 0
-9 -23 0
-9 -24 0
-9 -25 0
-9 -26 0
-9 -27 0
-9 -28 0
-9 -29 0
-9 -30 0
-9 -31 0
-9 -32 0
-9 -33 0
-9 -34 0
-9 -35 0
-9 -36 0
-9 -37 0
-9 -38 0
-9 -39 0
-10 -11 0
-10 -12 0
-10 -13 0
-10 -14 0
-10 -15 0
-10 -16 0
-10 -17 0
-10 -18 0
-10 -19 0
-10 -20 0
-10 -21 0
-10 -22 0
-10 -23 0
-10 -24 0
-10 -25 0
-10 -26 0
-10 -27 0
-10 -28 0
-10 -29 0
-10 -30 0
-10 -31 0
-10 -32 0
-10 -33 0
-10 -34 0
-10 -35 0
-10 -36 0
-10 -37 0
-10 -38 0
-10 -39 0
-11 -12 0
-11 -13 0
-11 -14 0
-11 -15 0
-11 -16 0
-11 -17 0
-11 -18 0
-11 -19 0
-11 -20 0
-11 -21 0
-11 -22 0
-11 -23 0
-11 -24 0
-11 -25 0
-11 -26 0
-11 -27 0
-11 -28 0
-11 -29 0
-11 -30 0
-11 -31 0
-11 -32 0
-11 -33 0
-11 -34 0
-11 -35 0
-11 -36 0
-11 -37 0
-11 -38 0
-11 -39 0
-12 -13 0
-12 -14 0
-12 -15 0
-12 -16 0
-12 -17 0
-12 -18 0
-12 -19 0
-12 -20 0
-12 -21 0
-12 -22 0
-12 -23 0
-12 -24 0
-12 -25 0
-12 -26 0
-12 -27 0
-12 -28 0
-12 -29 0
-12 -30 0
-12 -31 0
-12 -32 0
-12 -33 0
-12 -34 0
-12 -35 0
-12 -36 0
-12 -37 0
-12 -38 0
-12 -39 0
-13 -14 0
-13 -15 0
-13 -16 0
-13 -17 0
-13 -18 0
-13 -19 0
-13 -20 0
-13 -21 0
-13 -22 0
-13 -23 0
-13 -24 0
-13 -25 0
-13 -26 0
-13 -27 0
-13 -28 0
-13 -29 0
-13 -30 0
-13 -31 0
-13 -32 0
-13 -33 0
-13 -34 0
-13 -35 0
-13 -36 0
-13 -37 0
-13 -38 0
-13 -39 0
-14 -15 0
-14 -16 0
-14 -17 0
-14 -18 0
-14 -19 0
-14 -20 0
-14 -21 0
-14 -22 0
-14 -23 0
-14 -24 0
-14 -25 0
-14 -26 0
-14 -27 0
-14 -28 0
-14 -29 0
-14 -30 0
-14 -31 0
-14 -32 0
-14 -33 0
-14 -34 0
-14 -35 0
-14 -36 0
-14 -37 0
-14 -38 0
-14 -39 0
-15 -16 0
-15 -17 0
-15 -18 0
-15 -19 0
-15 -20 0
-15 -21 0
-15 -22 0
-15 -23 0
-15 -24 0
-15 -25 0
-15 -26 0
-15 -27 0
-15 -28 0
-15 -29 0
-15 -30 0
-15 -31 0
-15 -32 0
-15 -33 0
-15 -34 0
-15 -35 0
-15 -36 0
-15 -37 0
-15 -38 0
-15 -39 0
-16 -17 0
-16 -18 0
-16 -19 0
-16 -20 0
-16 -21 0
-16 -22 0
-16 -23 0
-16 -24 0
-16 -25 0
-16 -26 0
-16 -27 0
-16 -28 0
-16 -29 0
-16 -30 0
-16 -31 0
-16 -32 0
-16 -33 0
-16 -34 0
-16 -35 0
-16 -36 0
-16 -37 0
-16 -38 0
-16 -39 0
-17 -18 0
-17 -19 0
-17 -20 0
-17 -21 0
-17 -22 0
-17 -23 0
-17 -24 0
-17 -25 0
-17 -26 0
-17 -27 0
-17 -28 0
-17 -29 0
-17 -30 0
-17 -31 0
-17 -32 0
-17 -33 0
-17 -34 0
-17 -35 0
-17 -36 0
-17 -37 0
-17 -38 0
-17 -39 0
-18 -19 0
-18 -20 0
-18 -21 0
-18 -22 0
-18 -23 0
-18 -24 0
-18 -25 0
-18 -26 0
-18 -27 0
-18 -28 0
-18 -29 0
-18 -30 0
-18 -31 0
-18 -32 0
-18 -33 0
-18 -34 0
-18 -35 0
-18 -36 0
-18 -37 0
-18 -38 0
-18 -39 0
-19 -20 0
-19 -21 0
-19 -22 0
-19 -23 0
-19 -24 0
-19 -25 0
-19 -26 0
-19 -27 0
-19 -28 0
-19 -29 0
-19 -30 0
-19 -31 0
-19 -32 0
-19 -33 0
-19 -34 0
-19 -35 0
-19 -36 0
-19 -37 0
-19 -38 0
-19 -39 0
-20 -21 0
-20 -22 0
-20 -23 0
-20 -24 0
-20 -25 0
-20 -26 0
-20 -27 0
-20 -28 0
-20 -29 0
-20 -30 0
-20 -31 0
-20 -32 0
-20 -33 0
-20 -34 0
-20 -35 0
-20 -36 0
-20 -37 0
-20 -38 0
-20 -39 0
-21 -22 0
-21 -23 0
-21 -24 0
-21 -25 0
-21 -26 0
-21 -27 0
-21 -28 0
-21 -29 0
-21 -30 0
-21 -31 0
-21 -32 0
-21 -33 0
-21 -34 0
-21 -35 0
-21 -36 0
-21 -37 0
-21 -38 0
-21 -39 0
-22 -23 0
-22 -24 0
-22 -25 0
-22 -26 0
-22 -27 0
-22 -28 0
-22 -29 0
-22 -30 0
-22 -31 0
-22 -32 0
-22 -33 0
-22 -34 0
-22 -35 0
-22 -36 0
-22 -37 0
-22 -38 0
-22 -39 0
-23 -24 0
-23 -25 0
-23 -26 0
-23 -27 0
-23 -28 0
-23 -29 0
-23 -30 0
-23 -31 0
-23 -32 0
-23 -33 0
-23 -34 0
-23 -35 0
-23 -36 0
-23 -37 0
-23 -38 0
-23 -39 0
-24 -25 0
-24 -26 0
-24 -27 0
-24 -28 0
-24 -29 0
-24 -30 0
-24 -31 0
-24 -32 0
-24 -33 0
-24 -34 0
-24 -35 0
-24 -36 0
-24 -37 0
-24 -38 0
-24 -39 0
-25 -26 0
-25 -27 0
-25 -28 0
-25 -29 0
-25 -30 0
-25 -31 0
-25 -32 0
-25 -33 0
-25 -34 0
-25 -35 0
-25 -36 0
-25 -37 0
-25 -38 0
-25 -39 0
-26 -27 0
-26 -28 0
-26 -29 0
-26 -30 0
-26 -31 0
-26 -32 0
-26 -33 0
-26 -34 0
-26 -35 0
-26 -36 0
-26 -37 0
-26 -38 0
-26 -39 0
-27 -28 0
-27 -29 0
-27 -30 0
-27 -31 0
-27 -32 0
-27 -33 0
-27 -34 0
-27 -35 0
-27 -36 0
-27 -37 0
-27 -38 0
-27 -39 0
-28 -29 0
-28 -30 0
-28 -31 0
-28 -32 0
-28 -33 0
-28 -34 0
-28 -35 0
-28 -36 0
-28 -37 0
-28 -38 0
-28 -39 0
-29 -30 0
-29 -31 0
-29 -32 0
-29 -33 0
-29 -34 0
-29 -35 0
-29 -36 0
-29 -37 0
-29 -38 0
-29 -39 0
-30 -31 0
-30 -32 0
-30 -33 0
-30 -34 0
-30 -35 0
-30 -36 0
-30 -37 0
-30 -38 0
-30 -39 0
-31 -32 0
-31 -33 0
-31 -34 0
-31 -35 0
-31 -36 0
-31 -37 0
-31 -38 0
-31 -39 0
-32 -33 0
-32 -34 0
-32 -35 0
-32 -36 0
-32 -37 0
-32 -38 0
-32 -39 0
-33 -34 0
-33 -35 0
-33 -36 0
-33 -37 0
-33 -38 0
-33 -39 0
-34 -35 0
-34 -36 0
-34 -37 0
-34 -38 0
-34 -39 0
-35 -36 0
-35 -37 0
-35 -38 0
-35 -39 0
-36 -37 0
-36 -38 0
-36 -39 0
-37 -38 0
-37 -39 0
-38 -39 0
-40 -41 0
-40 -42 0
-40 -43 0
-40 -44 0
-40 -45 0
-40 -46 0
-40 -47 0
-40 -48 0
-40 -49 0
-40 -50 0
-40 -51 0
-40 -52 0
-40 -53 0
-40 -54 0
-40 -55 0
-40 -56 0
-40 -57 0
-40 -58 0
-40 -59 0
-40 -60 0
-40 -61 0
-40 -62 0
-40 -63 0
-40 -64 0
-40 -65 0
-40 -66 0
-40 -67 0
-40 -68 0
-40 -69 0
-40 -70 0
-40 -71 0
-40 -72 0
-40 -73 0
-40 -74 0
-40 -75 0
-40 -76 0
-40 -77 0
-40 -78 0
-41 -42 0
-41 -43 0
-41 -44 0
-41 -45 0
-41 -46 0
-41 -47 0
-41 -48 0
-41 -49 0
-41 -50 0
-41 -51 0
-41 -52 0
-41 -53 0
-41 -54 0
-41 -55 0
-41 -56 0
-41 -57 0
-41 -58 0
-41 -59 0
-41 -60 0
-41 -61 0
-41 -62 0
-41 -63 0
-41 -64 0
-41 -65 0
-41 -66 0
-41 -67 0
-41 -68 0
-41 -69 0
-41 -70 0
-41 -71 0
-41 -72 0
-41 -73 0
-41 -74 0
-41 -75 0
-41 -76 0
-41 -77 0
-41 -78 0
-42 -43 0
-42 -44 0
-42 -45 0
-42 -46 0
-42 -47 0
-42 -48 0
-42 -49 0
-42 -50 0
-42 -51 0
-42 -52 0
-42 -53 0
-42 -54 0
-42 -55 0
-42 -56 0
-42 -57 0
-42 -58 0
-42 -59 0
-42 -60 0
-42 -61 0
-42 -62 0
-42 -63 0
-42 -64 0
-42 -65 0
-42 -66 0
-42 -67 0
-42 -68 0
-42 -69 0
-42 -70 0
-42 -71 0
-42 -72 0
-42 -73 0
-42 -74 0
-42 -75 0
-42 -76 0
-42 -77 0
-42 -78 0
-43 -44 0
-43 -45 0
-43 -46 0
-43 -47 0
-43 -48 0
-43 -49 0
-43 -50 0
-43 -51 0
-43 -52 0
-43 -53 0
-43 -54 0
-43 -55 0
-43 -56 0
-43 -57 0
-43 -58 0
-43 -59 0
-43 -60 0
-43 -61 0
-43 -62 0
-43 -63 0
-43 -64 0
-43 -65 0
-43 -66 0
-43 -67 0
-43 -68 0
-43 -69 0
-43 -70 0
-43 -71 0
-43 -72 0
-43 -73 0
-43 -74 0
-43 -75 0
-43 -76 0
-43 -77 0
-43 -78 0
-44 -45 0
-44 -46 0
-44 -47 0
-44 -48 0
-44 -49 0
-44 -50 0
-44 -51 0
-44 -52 0
-44 -53 0
-44 -54 0
-44 -55 0
-44 -56 0
-44 -57 0
-44 -58 0
-44 -59 0
-44 -60 0
-44 -61 0
-44 -62 0
-44 -63 0
-44 -64 0
-44 -65 0
-44 -66 0
-44 -67 0
-44 -68 0
-44 -69 0
-44 -70 0
-44 -71 0
-44 -72 0
-44 -73 0
-44 -74 0
-44 -75 0
-44 -76 0
-44 -77 0
-44 -78 0
-45 -46 0
-45 -47 0
-45 -48 0
-45 -49 0
-45 -50 0
-45 -51 0
-45 -52 0
-45 -53 0
-45 -54 0
-45 -55 0
-45 -56 0
-45 -57 0
-45 -58 0
-45 -59 0
-45 -60 0
-45 -61 0
-45 -62 0
-45 -63 0
-45 -64 0
-45 -65 0
-45 -66 0
-45 -67 0
-45 -68 0
-45 -69 0
-45 -70 0
-45 -71 0
-45 -72 0
-45 -73 0
-45 -74 0
-45 -75 0
-45 -76 0
-45 -77 0
-45 -78 0
-46 -47 0
-46 -48 0
-46 -49 0
-46 -50 0
-46 -51 0
-46 -52 0
-46 -53 0
-46 -54 0
-46 -55 0
-46 -56 0
-46 -57 0
-46 -58 0
-46 -59 0
-46 -60 0
-46 -61 0
-46 -62 0
-46 -63 0
-46 -64 0
-46 -65 0
-46 -66 0
-46 -67 0
-46 -68 0
-46 -69 0
-46 -70 0
-46 -71 0
-46 -72 0
-46 -73 0
-46 -74 0
-46 -75 0
-46 -76 0
-46 -77 0
-46 -78 0
-47 -48 0
-47 -49 0
-47 -50 0
-47 -51 0
-47 -52 0
-47 -53 0
-47 -54 0
-47 -55 0
-47 -56 0
-47 -57 0
-47 -58 0
-47 -59 0
-47 -60 0
-47 -61 0
-47 -62 0
-47 -63 0
-47 -64 0
-47 -65 0
-47 -66 0
-47 -67 0
-47 -68 0
-47 -69 0
-47 -70 0
-47 -71 0
-47 -72 0
-47 -73 0
-47 -74 0
-47 -75 0
-47 -76 0
-47 -77 0
-47 -78 0
-48 -49 0
-48 -50 0
-48 -51 0
-48 -52 0
-48 -53 0
-48 -54 0
-48 -55 0
-48 -56 0
-48 -57 0
-48 -58 0
-48 -59 0
-48 -60 0
-48 -61 0
-48 -62 0
-48 -63 0
-48 -64 0
-48 -65 0
-48 -66 0
-48 -67 0
-48 -68 0
-48 -69 0
-48 -70 0
-48 -71 0
-48 -72 0
-48 -73 0
-48 -74 0
-48 -75 0
-48 -76 0
-48 -77 0
-48 -78 0
-49 -50 0
-49 -51 0
-49 -52 0
-49 -53 0
-49 -54 0
-49 -55 0
-49 -56 0
-49 -57 0
-49 -58 0
-49 -59 0
-49 -60 0
-49 -61 0
-49 -62 0
-49 -63 0
-49 -64 0
-49 -65 0
-49 -66 0
-49 -67 0
-49 -68 0
-49 -69 0
-49 -70 0
-49 -71 0
-49 -72 0
-49 -73 0
-49 -74 0
-49 -75 0
-49 -76 0
-49 -77 0
-49 -78 0
-50 -51 0
-50 -52 0
-50 -53 0
-50 -54 0
-50 -55 0
-50 -56 0
-50 -57 0
-50 -58 0
-50 -59 0
-50 -60 0
-50 -61 0
-50 -62 0
-50 -63 0
-50 -64 0
-50 -65 0
-50 -66 0
-50 -67 0
-50 -68 0
-50 -69 0
-50 -70 0
-50 -71 0
-50 -72 0
-50 -73 0
-50 -74 0
-50 -75 0
-50 -76 0
-50 -77 0
-50 -78 0
-51 -52 0
-51 -53 0
-51 -54 0
-51 -55 0
-51 -56 0
-51 -57 0
-51 -58 0
-51 -59 0
-51 -60 0
-51 -61 0
-51 -62 0
-51 -63 0
-51 -64 0
-51 -65 0
-51 -66 0
-51 -67 0
-51 -68 0
-51 -69 0
-51 -70 0
-51 -71 0
-51 -72 0
-51 -73 0
-51 -74 0
-51 -75 0
-51 -76 0
-51 -77 0
-51 -78 0
-52 -53 0
-52 -54 0
-52 -55 0
-52 -56 0
-52 -57 0
-52 -58 0
-52 -59 0
-52 -60 0
-52 -61 0
-52 -62 0
-52 -63 0
-52 -64 0
-52 -65 0
-52 -66 0
-52 -67 0
-52 -68 0
-52 -69 0
-52 -70 0
-52 -71 0
-52 -72 0
-52 -73 0
-52 -74 0
-52 -75 0
-52 -76 0
-52 -77 0
-52 -78 0
-53 -54 0
-53 -55 0
-53 -56 0
-53 -57 0
-53 -58 0
-53 -59 0
-53 -60 0
-53 -61 0
-53 -62 0
-53 -63 0
-53 -64 0
-53 -65 0
-53 -66 0
-53 -67 0
-53 -68 0
-53 -69 0
-53 -70 0
-53 -71 0
-53 -72 0
-53 -73 0
-53 -74 0
-53 -75 0
-53 -76 0
-53 -77 0
-53 -78 0
-54 -55 0
-54 -56 0
-54 -57 0
-54 -58 0
-54 -59 0
-54 -60 0
-54 -61 0
-54 -62 0
-54 -63 0
-54 -64 0
-54 -65 0
-54 -66 0
-54 -67 0
-54 -68 0
-54 -69 0
-54 -70 0
-54 -71 0
-54 -72 0
-54 -73 0
-54 -74 0
-54 -75 0
-54 -76 0
-54 -77 0
-54 -78 0
-55 -56 0
-55 -57 0
-55 -58 0
-55 -59 0
-55 -60 0
-55 -61 0
-55 -62 0
-55 -63 0
-55 -64 0
-55 -65 0
-55 -66 0
-55 -67 0
-55 -68 0
-55 -69 0
-55 -70 0
-55 -71 0
-55 -72 0
-55 -73 0
-55 -74 0
-55 -75 0
-55 -76 0
-55 -77 0
-55 -78 0
-56 -57 0
-56 -58 0
-56 -59 0
-56 -60 0
-56 -61 0
-56 -62 0
-56 -63 0
-56 -64 0
-56 -65 0
-56 -66 0
-56 -67 0
-56 -68 0
-56 -69 0
-56 -70 0
-56 -71 0
-56 -72 0
-56 -73 0
-56 -74 0
-56 -75 0
-56 -76 0
-56 -77 0
-56 -78 0
-57 -58 0
-57 -59 0
-57 -60 0
-57 -61 0
-57 -62 0
-57 -63 0
-57 -64 0
-57 -65 0
-57 -66 0
-57 -67 0
-57 -68 0
-57 -69 0
-57 -70 0
-57 -71 0
-57 -72 0
-57 -73 0
-57 -74 0
-57 -75 0
-57 -76 0
-57 -77 0
-57 -78 0
-58 -59 0
-58 -60 0
-58 -61 0
-58 -62 0
-58 -63 0
-58 -64 0
-58 -65 0
-58 -66 0
-58 -67 0
-58 -68 0
-58 -69 0
-58 -70 0
-58 -71 0
-58 -72 0
-58 -73 0
-58 -74 0
-58 -75 0
-58 -76 0
-58 -77 0
-58 -78 0
-59 -60 0
-59 -61 0
-59 -62 0
-59 -63 0
-59 -64 0
-59 -65 0
-59 -66 0
-59 -67 0
-59 -68 0
-59 -69 0
-59 -70 0
-59 -71 0
-59 -72 0
-59 -73 0
-59 -74 0
-59 -75 0
-59 -76 0
-59 -77 0
-59 -78 0
-60 -61 0
-60 -62 0
-60 -63 0
-60 -64 0
-60 -65 0
-60 -66 0
-60 -67 0
-60 -68 0
-60 -69 0
-60 -70 0
-60 -71 0
-60 -72 0
-60 -73 0
-60 -74 0
-60 -75 0
-60 -76 0
-60 -77 0
-60 -78 0
-61 -62 0
-61 -63 0
-61 -64 0
-61 -65 0
-61 -66 0
-61 -67 0
-61 -68 0
-61 -69 0
-61 -70 0
-61 -71 0
-61 -72 0
-61 -73 0
-61 -74 0
-61 -75 0
-61 -76 0
-61 -77 0
-61 -78 0
-62 -63 0
-62 -64 0
-62 -65 0
-62 -66 0
-62 -67 0
-62 -68 0
-62 -69 0
-62 -70 0
-62 -71 0
-62 -72 0
-62 -73 0
-62 -74 0
-62 -75 0
-62 -76 0
-62 -77 0
-62 -78 0
-63 -64 0
-63 -65 0
-63 -66 0
-63 -67 0
-63 -68 0
-63 -69 0
-63 -70 0
-63 -71 0
-63 -72 0
-63 -73 0
-63 -74 0
-63 -75 0
-63 -76 0
-63 -77 0
-63 -78 0
-64 -65 0
-64 -66 0
-64 -67 0
-64 -68 0
-64 -69 0
-64 -70 0
-64 -71 0
-64 -72 0
-64 -73 0
-64 -74 0
-64 -75 0
-64 -76 0
-64 -77 0
-64 -78 0
-65 -66 0
-65 -67 0
-65 -68 0
-65 -69 0
-65 -70 0
-65 -71 0
-65 -72 0
-65 -73 0
-65 -74 0
-65 -75 0
-65 -76 0
-65 -77 0
-65 -78 0
-66 -67 0
-66 -68 0
-66 -69 0
-66 -70 0
-66 -71 0
-66 -72 0
-66 -73 0
-66 -74 0
-66 -75 0
-66 -76 0
-66 -77 0
-66 -78 0
-67 -68 0
-67 -69 0
-67 -70 0
-67 -71 0
-67 -72 0
-67 -73 0
-67 -74 0
-67 -75 0
-67 -76 0
-67 -77 0
-67 -78 0
-68 -69 0
-68 -70 0
-68 -71 0
-68 -72 0
-68 -73 0
-68 -74 0
-68 -75 0
-68 -76 0
-68 -77 0
-68 -78 0
-69 -70 0
-69 -71 0
-69 -72 0
-69 -73 0
-69 -74 0
-69 -75 0
-69 -76 0
-69 -77 0
-69 -78 0
-70 -71 0
-70 -72 0
-70 -73 0
-70 -74 0
-70 -75 0
-70 -76 0
-70 -77 0
-70 -78 0
-71 -72 0
-71 -73 0
-71 -74 0
-71 -75 0
-71 -76 0
-71 -77 0
-71 -78 0
-72 -73 0
-72 -74 0
-72 -75 0
-72 -76 0
-72 -77 0
-72 -78 0
-73 -74 0
-73 -75 0
-73 -76 0
-73 -77 0
-73 -78 0
-74 -75 0
-74 -76 0
-74 -77 0
-74 -78 0
-75 -76 0
-75 -77 0
-75 -78 0
-76 -77 0
-76 -78 0
-77 -78 0
-79 -80 0
-79 -81 0
-79 -82 0
-79 -83 0
-79 -84 0
-79 -85 0
-79 -86 0
-79 -87 0
-79 -88 0
-79 -89 0
-79 -90 0
-79 -91 0
-79 -92 0
-79 -93 0
-79 -94 0
-79 -95 0
-79 -96 0
-79 -97 0
-79 -98 0
-79 -99 0
-79 -100 0
-79 -101 0
-79 -102 0
-79 -103 0
-79 -104 0
-79 -105 0
-79 -106 0
-79 -107 0
-79 -108 0
-79 -109 0
-79 -110 0
-79 -111 0
-79 -112 0
-79 -113 0
-79 -114 0
-79 -115 0
-79 -116 0
-79 -117 0
-80 -81 0
-80 -82 0
-80 -83 0
-80 -84 0
-80 -85 0
-80 -86 0
-80 -87 0
-80 -88 0
-80 -89 0
-80 -90 0
-80 -91 0
-80 -92 0
-80 -93 0
-80 -94 0
-80 -95 0
-80 -96 0
-80 -97 0
-80 -98 0
-80 -99 0
-80 -100 0
-80 -101 0
-80 -102 0
-80 -103 0
-80 -104 0
-80 -105 0
-80 -106 0
-80 -107 0
-80 -108 0
-80 -109 0
-80 -110 0
-80 -111 0
-80 -112 0
-80 -113 0
-80 -114 0
-80 -115 0
-80 -116 0
-80 -117 0
-81 -82 0
-81 -83 0
-81 -84 0
-81 -85 0
-81 -86 0
-81 -87 0
-81 -88 0
-81 -89 0
-81 -90 0
-81 -91 0
-81 -92 0
-81 -93 0
-81 -94 0
-81 -95 0
-81 -96 0
-81 -97 0
-81 -98 0
-81 -99 0
-81 -100 0
-81 -101 0
-81 -102 0
-81 -103 0
-81 -104 0
-81 -105 0
-81 -106 0
-81 -107 0
-81 -108 0
-81 -109 0
-81 -110 0
-81 -111 0
-81 -112 0
-81 -113 0
-81 -114 0
-81 -115 0
-81 -116 0
-81 -117 0
-82 -83 0
-82 -84 0
-82 -85 0
-82 -86 0
-82 -87 0
-82 -88 0
-82 -89 0
-82 -90 0
-82 -91 0
-82 -92 0
-82 -93 0
-82 -94 0
-82 -95 0
-82 -96 0
-82 -97 0
-82 -98 0
-82 -99 0
-82 -100 0
-82 -101 0
-82 -102 0
-82 -103 0
-82 -104 0
-82 -105 0
-82 -106 0
-82 -107 0
-82 -108 0
-82 -109 0
-82 -110 0
-82 -111 0
-82 -112 0
-82 -113 0
-82 -114 0
-82 -115 0
-82 -116 0
-82 -117 0
-83 -84 0
-83 -85 0
-83 -86 0
-83 -87 0
-83 -88 0
-83 -89 0
-83 -90 0
-83 -91 0
-83 -92 0
-83 -93 0
-83 -94 0
-83 -95 0
-83 -96 0
-83 -97 0
-83 -98 0
-83 -99 0
-83 -100 0
-83 -101 0
-83 -102 0
-83 -103 0
-83 -104 0
-83 -105 0
-83 -106 0
-83 -107 0
-83 -108 0
-83 -109 0
-83 -110 0
-83 -111 0
-83 -112 0
-83 -113 0
-83 -114 0
-83 -115 0
-83 -116 0
-83 -117 0
-84 -85 0
-84 -86 0
-84 -87 0
-84 -88 0
-84 -89 0
-84 -90 0
-84 -91 0
-84 -92 0
-84 -93 0
-84 -94 0
-84 -95 0
-84 -96 0
-84 -97 0
-84 -98 0
-84 -99 0
-84 -100 0
-84 -101 0
-84 -102 0
-84 -103 0
-84 -104 0
-84 -105 0
-84 -106 0
-84 -107 0
-84 -108 0
-84 -109 0
-84 -110 0
-84 -111 0
-84 -112 0
-84 -113 0
-84 -114 0
-84 -115 0
-84 -116 0
-84 -117 0
-85 -86 0
-85 -87 0
-85 -88 0
-85 -89 0
-85 -90 0
-85 -91 0
-85 -92 0
-85 -93 0
-85 -94 0
-85 -95 0
-85 -96 0
-85 -97 0
-85 -98 0
-85 -99 0
-85 -100 0
-85 -101 0
-85 -102 0
-85 -103 0
-85 -104 0
-85 -105 0
-85 -106 0
-85 -107 0
-85 -108 0
-85 -109 0
-85 -110 0
-85 -111 0
-85 -112 0
-85 -113 0
-85 -114 0
-85 -115 0
-85 -116 0
-85 -117 0
-86 -87 0
-86 -88 0
-86 -89 0
-86 -90 0
-86 -91 0
-86 -92 0
-86 -93 0
-86 -94 0
-86 -95 0
-86 -96 0
-86 -97 0
-86 -98 0
-86 -99 0
-86 -100 0
-86 -101 0
-86 -102 0
-86 -103 0
-86 -104 0
-86 -105 0
-86 -106 0
-86 -107 0
-86 -108 0
-86 -109 0
-86 -110 0
-86 -111 0
-86 -112 0
-86 -113 0
-86 -114 0
-86 -115 0
-86 -116 0
-86 -117 0
-87 -88 0
-87 -89 0
-87 -90 0
-87 -91 0
-87 -92 0
-87 -93 0
-87 -94 0
-87 -95 0
-87 -96 0
-87 -97 0
-87 -98 0
-87 -99 0
-87 -100 0
-87 -101 0
-87 -102 0
-87 -103 0
-87 -104 0
-87 -105 0
-87 -106 0
-87 -107 0
-87 -108 0
-87 -109 0
-87 -110 0
-87 -111 0
-87 -112 0
-87 -113 0
-87 -114 0
-87 -115 0
-87 -116 0
-87 -117 0
-88 -89 0
-88 -90 0
-88 -91 0
-88 -92 0
-88 -93 0
-88 -94 0
-88 -95 0
-88 -96 0
-88 -97 0
-88 -98 0
-88 -99 0
-88 -100 0
-88 -101 0
-88 -102 0
-88 -103 0
-88 -104 0
-88 -105 0
-88 -106 0
-88 -107 0
-88 -108 0
-88 -109 0
-88 -110 0
-88 -111 0
-88 -112 0
-88 -113 0
-88 -114 0
-88 -115 0
-88 -116 0
-88 -117 0
-89 -90 0
-89 -91 0
-89 -92 0
-89 -93 0
-89 -94 0
-89 -95 0
-89 -96 0
-89 -97 0
-89 -98 0
-89 -99 0
-89 -100 0
-89 -101 0
-89 -102 0
-89 -103 0
-89 -104 0
-89 -105 0
-89 -106 0
-89 -107 0
-89 -108 0
-89 -109 0
-89 -110 0
-89 -111 0
-89 -112 0
-89 -113 0
-89 -114 0
-89 -115 0
-89 -116 0
-89 -117 0
-90 -91 0
-90 -92 0
-90 -93 0
-90 -94 0
-90 -95 0
-90 -96 0
-90 -97 0
-90 -98 0
-90 -99 0
-90 -100 0
-90 -101 0
-90 -102 0
-90 -103 0
-90 -104 0
-90 -105 0
-90 -106 0
-90 -107 0
-90 -108 0
-90 -109 0
-90 -110 0
-90 -111 0
-90 -112 0
-90 -113 0
-90 -114 0
-90 -115 0
-90 -116 0
-90 -117 0
-91 -92 0
-91 -93 0
-91 -94 0
-91 -95 0
-91 -96 0
-91 -97 0
-91 -98 0
-91 -99 0
-91 -100 0
-91 -101 0
-91 -102 0
-91 -103 0
-91 -104 0
-91 -105 0
-91 -106 0
-91 -107 0
-91 -108 0
-91 -109 0
-91 -110 0
-91 -111 0
-91 -112 0
-91 -113 0
-91 -114 0
-91 -115 0
-91 -116 0
-91 -117 0
-92 -93 0
-92 -94 0
-92 -95 0
-92 -96 0
-92 -97 0
-92 -98 0
-92 -99 0
-92 -100 0
-92 -101 0
-92 -102 0
-92 -103 0
-92 -104 0
-92 -105 0
-92 -106 0
-92 -107 0
-92 -108 0
-92 -109 0
-92 -110 0
-92 -111 0
-92 -112 0
-92 -113 0
-92 -114 0
-92 -115 0
-92 -116 0
-92 -117 0
-93 -94 0
-93 -95 0
-93 -96 0
-93 -97 0
-93 -98 0
-93 -99 0
-93 -100 0
-93 -101 0
-93 -102 0
-93 -103 0
-93 -104 0
-93 -105 0
-93 -106 0
-93 -107 0
-93 -108 0
-93 -109 0
-93 -110 0
-93 -111 0
-93 -112 0
-93 -113 0
-93 -114 0
-93 -115 0
-93 -116 0
-93 -117 0
-94 -95 0
-94 -96 0
-94 -97 0
-94 -98 0
-94 -99 0
-94 -100 0
-94 -101 0
-94 -102 0
-94 -103 0
-94 -104 0
-94 -105 0
-94 -106 0
-94 -107 0
-94 -108 0
-94 -109 0
-94 -110 0
-94 -111 0
-94 -112 0
-94 -113 0
-94 -114 0
-94 -115 0
-94 -116 0
-94 -117 0
-95 -96 0
-95 -97 0
-95 -98 0
-95 -99 0
-95 -100 0
-95 -101 0
-95 -102 0
-95 -103 0
-95 -104 0
-95 -105 0
-95 -106 0
-95 -107 0
-95 -108 0
-95 -109 0
-95 -110 0
-95 -111 0
-95 -112 0
-95 -113 0
-95 -114 0
-95 -115 0
-95 -116 0
-95 -117 0
-96 -97 0
-96 -98 0
-96 -99 0
-96 -100 0
-96 -101 0
-96 -102 0
-96 -103 0
-96 -104 0
-96 -105 0
-96 -106 0
-96 -107 0
-96 -108 0
-96 -109 0
-96 -110 0
-96 -111 0
-96 -112 0
-96 -113 0
-96 -114 0
-96 -115 0
-96 -116 0
-96 -117 0
-97 -98 0
-97 -99 0
-97 -100 0
-97 -101 0
-97 -102 0
-97 -103 0
-97 -104 0
-97 -105 0
-97 -106 0
-97 -107 0
-97 -108 0
-97 -109 0
-97 -110 0
-97 -111 0
-97 -112 0
-97 -113 0
-97 -114 0
-97 -115 0
-97 -116 0
-97 -117 0
-98 -99 0
-98 -100 0
-98 -101 0
-98 -102 0
-98 -103 0
-98 -104 0
-98 -105 0
-98 -106 0
-98 -107 0
-98 -108 0
-98 -109 0
-98 -110 0
-98 -111 0
-98 -112 0
-98 -113 0
-98 -114 0
-98 -115 0
-98 -116 0
-98 -117 0
-99 -100 0
-99 -101 0
-99 -102 0
-99 -103 0
-99 -104 0
-99 -105 0
-99 -106 0
-99 -107 0
-99 -108 0
-99 -109 0
-99 -110 0
-99 -111 0
-99 -112 0
-99 -113 0
-99 -114 0
-99 -115 0
-99 -116 0
-99 -117 0
-100 -101 0
-100 -102 0
-100 -103 0
-100 -104 0
-100 -105 0
-100 -106 0
-100 -107 0
-100 -108 0
-100 -109 0
-100 -110 0
-100 -111 0
-100 -112 0
-100 -113 0
-100 -114 0
-100 -115 0
-100 -116 0
-100 -117 0
-101 -102 0
-101 -103 0
-101 -104 0
-101 -105 0
-101 -106 0
-101 -107 0
-101 -108 0
-101 -109 0
-101 -110 0
-101 -111 0
-101 -112 0
-101 -113 0
-101 -114 0
-101 -115 0
-101 -116 0
-101 -117 0
-102 -103 0
-102 -104 0
-102 -105 0
-102 -106 0
-102 -107 0
-102 -108 0
-102 -109 0
-102 -110 0
-102 -111 0
-102 -112 0
-102 -113 0
-102 -114 0
-102 -115 0
-102 -116 0
-102 -117 0
-103 -104 0
-103 -105 0
-103 -106 0
-103 -107 0
-103 -108 0
-103 -109 0
-103 -110 0
-103 -111 0
-103 -112 0
-103 -113 0
-103 -114 0
-103 -115 0
-103 -116 0
-103 -117 0
-104 -105 0
-104 -106 0
-104 -107 0
-104 -108 0
-104 -109 0
-104 -110 0
-104 -111 0
-104 -112 0
-104 -113 0
-104 -114 0
-104 -115 0
-104 -116 0
-104 -117 0
-105 -106 0
-105 -107 0
-105 -108 0
-105 -109 0
-105 -110 0
-105 -111 0
-105 -112 0
-105 -113 0
-105 -114 0
-105 -115 0
-105 -116 0
-105 -117 0
-106 -107 0
-106 -108 0
-106 -109 0
-106 -110 0
-106 -111 0
-106 -112 0
-106 -113 0
-106 -114 0
-106 -115 0
-106 -116 0
-106 -117 0
-107 -108 0
-107 -109 0
-107 -110 0
-107 -111 0
-107 -112 0
-107 -113 0
-107 -114 0
-107 -115 0
-107 -116 0
-107 -117 0
-108 -109 0
-108 -110 0
-108 -111 0
-108 -112 0
-108 -113 0
-108 -114 0
-108 -115 0
-108 -116 0
-108 -117 0
-109 -110 0
-109 -111 0
-109 -112 0
-109 -113 0
-109 -114 0
-109 -115 0
-109 -116 0
-109 -117 0
-110 -111 0
-110 -112 0
-110 -113 0
-110 -114 0
-110 -115 0
-110 -116 0
-110 -117 0
-111 -112 0
-111 -113 0
-111 -114 0
-111 -115 0
-111 -116 0
-111 -117 0
-112 -113 0
-112 -114 0
-112 -115 0
-112 -116 0
-112 -117 0
-113 -114 0
-113 -115 0
-113 -116 0
-113 -117 0
-114 -115 0
-114 -116 0
-114 -117 0
-115 -116 0
-115 -117 0
-116 -117 0
-118 -119 0
-118 -120 0
-118 -121 0
-118 -122 0
-118 -123 0
-118 -124 0
-118 -125 0
-118 -126 0
-118 -127 0
-118 -128 0
-118 -129 0
-118 -130 0
-118 -131 0
-118 -132 0
-118 -133 0
-118 -134 0
-118 -135 0
-118 -136 0
-118 -137 0
-118 -138 0
-118 -139 0
-118 -140 0
-118 -141 0
-118 -142 0
-118 -143 0
-118 -144 0
-118 -145 0
-118 -146 0
-118 -147 0
-118 -148 0
-118 -149 0
-118 -150 0
-118 -151 0
-118 -152 0
-118 -153 0
-118 -154 0
-118 -155 0
-118 -156 0
-119 -120 0
-119 -121 0
-119 -122 0
-119 -123 0
-119 -124 0
-119 -125 0
-119 -126 0
-119 -127 0
-119 -128 0
-119 -129 0
-119 -130 0
-119 -131 0
-119 -132 0
-119 -133 0
-119 -134 0
-119 -135 0
-119 -136 0
-119 -137 0
-119 -138 0
-119 -139 0
-119 -140 0
-119 -141 0
-119 -142 0
-119 -143 0
-119 -144 0
-119 -145 0
-119 -146 0
-119 -147 0
-119 -148 0
-119 -149 0
-119 -150 0
-119 -151 0
-119 -152 0
-119 -153 0
-119 -154 0
-119 -155 0
-119 -156 0
-120 -121 0
-120 -122 0
-120 -123 0
-120 -124 0
-120 -125 0
-120 -126 0
-120 -127 0
-120 -128 0
-120 -129 0
-120 -130 0
-120 -131 0
-120 -132 0
-120 -133 0
-120 -134 0
-120 -135 0
-120 -136 0
-120 -137 0
-120 -138 0
-120 -139 0
-120 -140 0
-120 -141 0
-120 -142 0
-120 -143 0
-120 -144 0
-120 -145 0
-120 -146 0
-120 -147 0
-120 -148 0
-120 -149 0
-120 -150 0
-120 -151 0
-120 -152 0
-120 -153 0
-120 -154 0
-120 -155 0
-120 -156 0
-121 -122 0
-121 -123 0
-121 -124 0
-121 -125 0
-121 -126 0
-121 -127 0
-121 -128 0
-121 -129 0
-121 -130 0
-121 -131 0
-121 -132 0
-121 -133 0
-121 -134 0
-121 -135 0
-121 -136 0
-121 -137 0
-121 -138 0
-121 -139 0
-121 -140 0
-121 -141 0
-121 -142 0
-121 -143 0
-121 -144 0
-121 -145 0
-121 -146 0
-121 -147 0
-121 -148 0
-121 -149 0
-121 -150 0
-121 -151 0
-121 -152 0
-121 -153 0
-121 -154 0
-121 -155 0
-121 -156 0
-122 -123 0
-122 -124 0
-122 -125 0
-122 -126 0
-122 -127 0
-122 -128 0
-122 -129 0
-122 -130 0
-122 -131 0
-122 -132 0
-122 -133 0
-122 -134 0
-122 -135 0
-122 -136 0
-122 -137 0
-122 -138 0
-122 -139 0
-122 -140 0
-122 -141 0
-122 -142 0
-122 -143 0
-122 -144 0
-122 -145 0
-122 -146 0
-122 -147 0
-122 -148 0
-122 -149 0
-122 -150 0
-122 -151 0
-122 -152 0
-122 -153 0
-122 -154 0
-122 -155 0
-122 -156 0
-123 -124 0
-123 -125 0
-123 -126 0
-123 -127 0
-123 -128 0
-123 -129 0
-123 -130 0
-123 -131 0
-123 -132 0
-123 -133 0
-123 -134 0
-123 -135 0
-123 -136 0
-123 -137 0
-123 -138 0
-123 -139 0
-123 -140 0
-123 -141 0
-123 -142 0
-123 -143 0
-123 -144 0
-123 -145 0
-123 -146 0
-123 -147 0
-123 -148 0
-123 -149 0
-123 -150 0
-123 -151 0
-123 -152 0
-123 -153 0
-123 -154 0
-123 -155 0
-123 -156 0
-124 -125 0
-124 -126 0
-124 -127 0
-124 -128 0
-124 -129 0
-124 -130 0
-124 -131 0
-124 -132 0
-124 -133 0
-124 -134 0
-124 -135 0
-124 -136 0
-124 -137 0
-124 -138 0
-124 -139 0
-124 -140 0
-124 -141 0
-124 -142 0
-124 -143 0
-124 -144 0
-124 -145 0
-124 -146 0
-124 -147 0
-124 -148 0
-124 -149 0
-124 -150 0
-124 -151 0
-124 -152 0
-124 -153 0
-124 -154 0
-124 -155 0
-124 -156 0
-125 -126 0
-125 -127 0
-125 -128 0
-125 -129 0
-125 -130 0
-125 -131 0
-125 -132 0
-125 -133 0
-125 -134 0
-125 -135 0
-125 -136 0
-125 -137 0
-125 -138 0
-125 -139 0
-125 -140 0
-125 -141 0
-125 -142 0
-125 -143 0
-125 -144 0
-125 -145 0
-125 -146 0
-125 -147 0
-125 -148 0
-125 -149 0
-125 -150 0
-125 -151 0
-125 -152 0
-125 -153 0
-125 -154 0
-125 -155 0
-125 -156 0
-126 -127 0
-126 -128 0
-126 -129 0
-126 -130 0
-126 -131 0
-126 -132 0
-126 -133 0
-126 -134 0
-126 -135 0
-126 -136 0
-126 -137 0
-126 -138 0
-126 -139 0
-126 -140 0
-126 -141 0
-126 -142 0
-126 -143 0
-126 -144 0
-126 -145 0
-126 -146 0
-126 -147 0
-126 -148 0
-126 -149 0
-126 -150 0
-126 -151 0
-126 -152 0
-126 -153 0
-126 -154 0
-126 -155 0
-126 -156 0
-127 -128 0
-127 -129 0
-127 -130 0
-127 -131 0
-127 -132 0
-127 -133 0
-127 -134 0
-127 -135 0
-127 -136 0
-127 -137 0
-127 -138 0
-127 -139 0
-127 -140 0
-127 -141 0
-127 -142 0
-127 -143 0
-127 -144 0
-127 -145 0
-127 -146 0
-127 -147 0
-127 -148 0
-127 -149 0
-127 -150 0
-127 -151 0
-127 -152 0
-127 -153 0
-127 -154 0
-127 -155 0
-127 -156 0
-128 -129 0
-128 -130 0
-128 -131 0
-128 -132 0
-128 -133 0
-128 -134 0
-128 -135 0
-128 -136 0
-128 -137 0
-128 -138 0
-128 -139 0
-128 -140 0
-128 -141 0
-128 -142 0
-128 -143 0
-128 -144 0
-128 -145 0
-128 -146 0
-128 -147 0
-128 -148 0
-128 -149 0
-128 -150 0
-128 -151 0
-128 -152 0
-128 -153 0
-128 -154 0
-128 -155 0
-128 -156 0
-129 -130 0
-129 -131 0
-129 -132 0
-129 -133 0
-129 -134 0
-129 -135 0
-129 -136 0
-129 -137 0
-129 -138 0
-129 -139 0
-129 -140 0
-129 -141 0
-129 -142 0
-129 -143 0
-129 -144 0
-129 -145 0
-129 -146 0
-129 -147 0
-129 -148 0
-129 -149 0
-129 -150 0
-129 -151 0
-129 -152 0
-129 -153 0
-129 -154 0
-129 -155 0
-129 -156 0
-130 -131 0
-130 -132 0
-130 -133 0
-130 -134 0
-130 -135 0
-130 -136 0
-130 -137 0
-130 -138 0
-130 -139 0
-130 -140 0
-130 -141 0
-130 -142 0
-130 -143 0
-130 -144 0
-130 -145 0
-130 -146 0
-130 -147 0
-130 -148 0
-130 -149 0
-130 -150 0
-130 -151 0
-130 -152 0
-130 -153 0
-130 -154 0
-130 -155 0
-130 -156 0
-131 -132 0
-131 -133 0
-131 -134 0
-131 -135 0
-131 -136 0
-131 -137 0
-131 -138 0
-131 -139 0
-131 -140 0
-131 -141 0
-131 -142 0
-131 -143 0
-131 -144 0
-131 -145 0
-131 -146 0
-131 -147 0
-131 -148 0
-131 -149 0
-131 -150 0
-131 -151 0
-131 -152 0
-131 -153 0
-131 -154 0
-131 -155 0
-131 -156 0
-132 -133 0
-132 -134 0
-132 -135 0
-132 -136 0
-132 -137 0
-132 -138 0
-132 -139 0
-132 -140 0
-132 -141 0
-132 -142 0
-132 -143 0
-132 -144 0
-132 -145 0
-132 -146 0
-132 -147 0
-132 -148 0
-132 -149 0
-132 -150 0
-132 -151 0
-132 -152 0
-132 -153 0
-132 -154 0
-132 -155 0
-132 -156 0
-133 -134 0
-133 -135 0
-133 -136 0
-133 -137 0
-133 -138 0
-133 -139 0
-133 -140 0
-133 -141 0
-133 -142 0
-133 -143 0
-133 -144 0
-133 -145 0
-133 -146 0
-133 -147 0
-133 -148 0
-133 -149 0
-133 -150 0
-133 -151 0
-133 -152 0
-133 -153 0
-133 -154 0
-133 -155 0
-133 -156 0
-134 -135 0
-134 -136 0
-134 -137 0
-134 -138 0
-134 -139 0
-134 -140 0
-134 -141 0
-134 -142 0
-134 -143 0
-134 -144 0
-134 -145 0
-134 -146 0
-134 -147 0
-134 -148 0
-134 -149 0
-134 -150 0
-134 -151 0
-134 -152 0
-134 -153 0
-134 -154 0
-134 -155 0
-134 -156 0
-135 -136 0
-135 -137 0
-135 -138 0
-135 -139 0
-135 -140 0
-135 -141 0
-135 -142 0
-135 -143 0
-135 -144 0
-135 -145 0
-135 -146 0
-135 -147 0
-135 -148 0
-135 -149 0
-135 -150 0
-135 -151 0
-135 -152 0
-135 -153 0
-135 -154 0
-135 -155 0
-135 -156 0
-136 -137 0
-136 -138 0
-136 -139 0
-136 -140 0
-136 -141 0
-136 -142 0
-136 -143 0
-136 -144 0
-136 -145 0
-136 -146 0
-136 -147 0
-136 -148 0
-136 -149 0
-136 -150 0
-136 -151 0
-136 -152 0
-136 -153 0
-136 -154 0
-136 -155 0
-136 -156 0
-137 -138 0
-137 -139 0
-137 -140 0
-137 -141 0
-137 -142 0
-137 -143 0
-137 -144 0
-137 -145 0
-137 -146 0
-137 -147 0
-137 -148 0
-137 -149 0
-137 -150 0
-137 -151 0
-137 -152 0
-137 -153 0
-137 -154 0
-137 -155 0
-137 -156 0
-138 -139 0
-138 -140 0
-138 -141 0
-138 -142 0
-138 -143 0
-138 -144 0
-138 -145 0
-138 -146 0
-138 -147 0
-138 -148 0
-138 -149 0
-138 -150 0
-138 -151 0
-138 -152 0
-138 -153 0
-138 -154 0
-138 -155 0
-138 -156 0
-139 -140 0
-139 -141 0
-139 -142 0
-139 -143 0
-139 -144 0
-139 -145 0
-139 -146 0
-139 -147 0
-139 -148 0
-139 -149 0
-139 -150 0
-139 -151 0
-139 -152 0
-139 -153 0
-139 -154 0
-139 -155 0
-139 -156 0
-140 -141 0
-140 -142 0
-140 -143 0
-140 -144 0
-140 -145 0
-140 -146 0
-140 -147 0
-140 -148 0
-140 -149 0
-140 -150 0
-140 -151 0
-140 -152 0
-140 -153 0
-140 -154 0
-140 -155 0
-140 -156 0
-141 -142 0
-141 -143 0
-141 -144 0
-141 -145 0
-141 -146 0
-141 -147 0
-141 -148 0
-141 -149 0
-141 -150 0
-141 -151 0
-141 -152 0
-141 -153 0
-141 -154 0
-141 -155 0
-141 -156 0
-142 -143 0
-142 -144 0
-142 -145 0
-142 -146 0
-142 -147 0
-142 -148 0
-142 -149 0
-142 -150 0
-142 -151 0
-142 -152 0
-142 -153 0
-142 -154 0
-142 -155 0
-142 -156 0
-143 -144 0
-143 -145 0
-143 -146 0
-143 -147 0
-143 -148 0
-143 -149 0
-143 -150 0
-143 -151 0
-143 -152 0
-143 -153 0
-143 -154 0
-143 -155 0
-143 -156 0
-144 -145 0
-144 -146 0
-144 -147 0
-144 -148 0
-144 -149 0
-144 -150 0
-144 -151 0
-144 -152 0
-144 -153 0
-144 -154 0
-144 -155 0
-144 -156 0
-145 -146 0
-145 -147 0
-145 -148 0
-145 -149 0
-145 -150 0
-145 -151 0
-145 -152 0
-145 -153 0
-145 -154 0
-145 -155 0
-145 -156 0
-146 -147 0
-146 -148 0
-146 -149 0
-146 -150 0
-146 -151 0
-146 -152 0
-146 -153 0
-146 -154 0
-146 -155 0
-146 -156 0
-147 -148 0
-147 -149 0
-147 -150 0
-147 -151 0
-147 -152 0
-147 -153 0
-147 -154 0
-147 -155 0
-147 -156 0
-148 -149 0
-148 -150 0
-148 -151 0
-148 -152 0
-148 -153 0
-148 -154 0
-148 -155 0
-148 -156 0
-149 -150 0
-149 -151 0
-149 -152 0
-149 -153 0
-149 -154 0
-149 -155 0
-149 -156 0
-150 -151 0
-150 -152 0
-150 -153 0
-150 -154 0
-150 -155 0
-150 -156 0
-151 -152 0
-151 -153 0
-151 -154 0
-151 -155 0
-151 -156 0
-152 -153 0
-152 -154 0
-152 -155 0
-152 -156 0
-153 -154 0
-153 -155 0
-153 -156 0
-154 -155 0
-154 -156 0
-155 -156 0
-157 -158 0
-157 -159 0
-157 -160 0
-157 -161 0
-157 -162 0
-157 -163 0
-157 -164 0
-157 -165 0
-157 -166 0
-157 -167 0
-157 -168 0
-157 -169 0
-157 -170 0
-157 -171 0
-157 -172 0
-157 -173 0
-157 -174 0
-157 -175 0
-157 -176 0
-157 -177 0
-157 -178 0
-157 -179 0
-157 -180 0
-157 -181 0
-157 -182 0
-157 -183 0
-157 -184 0
-157 -185 0
-157 -186 0
-157 -187 0
-157 -188 0
-157 -189 0
-157 -190 0
-157 -191 0
-157 -192 0
-157 -193 0
-157 -194 0
-157 -195 0
-158 -159 0
-158 -160 0
-158 -161 0
-158 -162 0
-158 -163 0
-158 -164 0
-158 -165 0
-158 -166 0
-158 -167 0
-158 -168 0
-158 -169 0
-158 -170 0
-158 -171 0
-158 -172 0
-158 -173 0
-158 -174 0
-158 -175 0
-158 -176 0
-158 -177 0
-158 -178 0
-158 -179 0
-158 -180 0
-158 -181 0
-158 -182 0
-158 -183 0
-158 -184 0
-158 -185 0
-158 -186 0
-158 -187 0
-158 -188 0
-158 -189 0
-158 -190 0
-158 -191 0
-158 -192 0
-158 -193 0
-158 -194 0
-158 -195 0
-159 -160 0
-159 -161 0
-159 -162 0
-159 -163 0
-159 -164 0
-159 -165 0
-159 -166 0
-159 -167 0
-159 -168 0
-159 -169 0
-159 -170 0
-159 -171 0
-159 -172 0
-159 -173 0
-159 -174 0
-159 -175 0
-159 -176 0
-159 -177 0
-159 -178 0
-159 -179 0
-159 -180 0
-159 -181 0
-159 -182 0
-159 -183 0
-159 -184 0
-159 -185 0
-159 -186 0
-159 -187 0
-159 -188 0
-159 -189 0
-159 -190 0
-159 -191 0
-159 -192 0
-159 -193 0
-159 -194 0
-159 -195 0
-160 -161 0
-160 -162 0
-160 -163 0
-160 -164 0
-160 -165 0
-160 -166 0
-160 -167 0
-160 -168 0
-160 -169 0
-160 -170 0
-160 -171 0
-160 -172 0
-160 -173 0
-160 -174 0
-160 -175 0
-160 -176 0
-160 -177 0
-160 -178 0
-160 -179 0
-160 -180 0
-160 -181 0
-160 -182 0
-160 -183 0
-160 -184 0
-160 -185 0
-160 -186 0
-160 -187 0
-160 -188 0
-160 -189 0
-160 -190 0
-160 -191 0
-160 -192 0
-160 -193 0
-160 -194 0
-160 -195 0
-161 -162 0
-161 -163 0
-161 -164 0
-161 -165 0
-161 -166 0
-161 -167 0
-161 -168 0
-161 -169 0
-161 -170 0
-161 -171 0
-161 -172 0
-161 -173 0
-161 -174 0
-161 -175 0
-161 -176 0
-161 -177 0
-161 -178 0
-161 -179 0
-161 -180 0
-161 -181 0
-161 -182 0
-161 -183 0
-161 -184 0
-161 -185 0
-161 -186 0
-161 -187 0
-161 -188 0
-161 -189 0
-161 -190 0
-161 -191 0
-161 -192 0
-161 -193 0
-161 -194 0
-161 -195 0
-162 -163 0
-162 -164 0
-162 -165 0
-162 -166 0
-162 -167 0
-162 -168 0
-162 -169 0
-162 -170 0
-162 -171 0
-162 -172 0
-162 -173 0
-162 -174 0
-162 -175 0
-162 -176 0
-162 -177 0
-162 -178 0
-162 -179 0
-162 -180 0
-162 -181 0
-162 -182 0
-162 -183 0
-162 -184 0
-162 -185 0
-162 -186 0
-162 -187 0
-162 -188 0
-162 -189 0
-162 -190 0
-162 -191 0
-162 -192 0
-162 -193 0
-162 -194 0
-162 -195 0
-163 -164 0
-163 -165 0
-163 -166 0
-163 -167 0
-163 -168 0
-163 -169 0
-163 -170 0
-163 -171 0
-163 -172 0
-163 -173 0
-163 -174 0
-163 -175 0
-163 -176 0
-163 -177 0
-163 -178 0
-163 -179 0
-163 -180 0
-163 -181 0
-163 -182 0
-163 -183 0
-163 -184 0
-163 -185 0
-163 -186 0
-163 -187 0
-163 -188 0
-163 -189 0
-163 -190 0
-163 -191 0
-163 -192 0
-163 -193 0
-163 -194 0
-163 -195 0
-164 -165 0
-164 -166 0
-164 -167 0
-164 -168 0
-164 -169 0
-164 -170 0
-164 -171 0
-164 -172 0
-164 -173 0
-164 -174 0
-164 -175 0
-164 -176 0
-164 -177 0
-164 -178 0
-164 -179 0
-164 -180 0
-164 -181 0
-164 -182 0
-164 -183 0
-164 -184 0
-164 -185 0
-164 -186 0
-164 -187 0
-164 -188 0
-164 -189 0
-164 -190 0
-164 -191 0
-164 -192 0
-164 -193 0
-164 -194 0
-164 -195 0
-165 -166 0
-165 -167 0
-165 -168 0
-165 -169 0
-165 -170 0
-165 -171 0
-165 -172 0
-165 -173 0
-165 -174 0
-165 -175 0
-165 -176 0
-165 -177 0
-165 -178 0
-165 -179 0
-165 -180 0
-165 -181 0
-165 -182 0
-165 -183 0
-165 -184 0
-165 -185 0
-165 -186 0
-165 -187 0
-165 -188 0
-165 -189 0
-165 -190 0
-165 -191 0
-165 -192 0
-165 -193 0
-165 -194 0
-165 -195 0
-166 -167 0
-166 -168 0
-166 -169 0
-166 -170 0
-166 -171 0
-166 -172 0
-166 -173 0
-166 -174 0
-166 -175 0
-166 -176 0
-166 -177 0
-166 -178 0
-166 -179 0
-166 -180 0
-166 -181 0
-166 -182 0
-166 -183 0
-166 -184 0
-166 -185 0
-166 -186 0
-166 -187 0
-166 -188 0
-166 -189 0
-166 -190 0
-166 -191 0
-166 -192 0
-166 -193 0
-166 -194 0
-166 -195 0
-167 -168 0
-167 -169 0
-167 -170 0
-167 -171 0
-167 -172 0
-167 -173 0
-167 -174 0
-167 -175 0
-167 -176 0
-167 -177 0
-167 -178 0
-167 -179 0
-167 -180 0
-167 -181 0
-167 -182 0
-167 -183 0
-167 -184 0
-167 -185 0
-167 -186 0
-167 -187 0
-167 -188 0
-167 -189 0
-167 -190 0
-167 -191 0
-167 -192 0
-167 -193 0
-167 -194 0
-167 -195 0
-168 -169 0
-168 -170 0
-168 -171 0
-168 -172 0
-168 -173 0
-168 -174 0
-168 -175 0
-168 -176 0
-168 -177 0
-168 -178 0
-168 -179 0
-168 -180 0
-168 -181 0
-168 -182 0
-168 -183 0
-168 -184 0
-168 -185 0
-168 -186 0
-168 -187 0
-168 -188 0
-168 -189 0
-168 -190 0
-168 -191 0
-168 -192 0
-168 -193 0
-168 -194 0
-168 -195 0
-169 -170 0
-169 -171 0
-169 -172 0
-169 -173 0
-169 -174 0
-169 -175 0
-169 -176 0
-169 -177 0
-169 -178 0
-169 -179 0
-169 -180 0
-169 -181 0
-169 -182 0
-169 -183 0
-169 -184 0
-169 -185 0
-169 -186 0
-169 -187 0
-169 -188 0
-169 -189 0
-169 -190 0
-169 -191 0
-169 -192 0
-169 -193 0
-169 -194 0
-169 -195 0
-170 -171 0
-170 -172 0
-170 -173 0
-170 -174 0
-170 -175 0
-170 -176 0
-170 -177 0
-170 -178 0
-170 -179 0
-170 -180 0
-170 -181 0
-170 -182 0
-170 -183 0
-170 -184 0
-170 -185 0
-170 -186 0
-170 -187 0
-170 -188 0
-170 -189 0
-170 -190 0
-170 -191 0
-170 -192 0
-170 -193 0
-170 -194 0
-170 -195 0
-171 -172 0
-171 -173 0
-171 -174 0
-171 -175 0
-171 -176 0
-171 -177 0
-171 -178 0
-171 -179 0
-171 -180 0
-171 -181 0
-171 -182 0
-171 -183 0
-171 -184 0
-171 -185 0
-171 -186 0
-171 -187 0
-171 -188 0
-171 -189 0
-171 -190 0
-171 -191 0
-171 -192 0
-171 -193 0
-171 -194 0
-171 -195 0
-172 -173 0
-172 -174 0
-172 -175 0
-172 -176 0
-172 -177 0
-172 -178 0
-172 -179 0
-172 -180 0
-172 -181 0
-172 -182 0
-172 -183 0
-172 -184 0
-172 -185 0
-172 -186 0
-172 -187 0
-172 -188 0
-172 -189 0
-172 -190 0
-172 -191 0
-172 -192 0
-172 -193 0
-172 -194 0
-172 -195 0
-173 -174 0
-173 -175 0
-173 -176 0
-173 -177 0
-173 -178 0
-173 -179 0
-173 -180 0
-173 -181 0
-173 -182 0
-173 -183 0
-173 -184 0
-173 -185 0
-173 -186 0
-173 -187 0
-173 -188 0
-173 -189 0
-173 -190 0
-173 -191 0
-173 -192 0
-173 -193 0
-173 -194 0
-173 -195 0
-174 -175 0
-174 -176 0
-174 -177 0
-174 -178 0
-174 -179 0
-174 -180 0
-174 -181 0
-174 -182 0
-174 -183 0
-174 -184 0
-174 -185 0
-174 -186 0
-174 -187 0
-174 -188 0
-174 -189 0
-174 -190 0
-174 -191 0
-174 -192 0
-174 -193 0
-174 -194 0
-174 -195 0
-175 -176 0
-175 -177 0
-175 -178 0
-175 -179 0
-175 -180 0
-175 -181 0
-175 -182 0
-175 -183 0
-175 -184 0
-175 -185 0
-175 -186 0
-175 -187 0
-175 -188 0
-175 -189 0
-175 -190 0
-175 -191 0
-175 -192 0
-175 -193 0
-175 -194 0
-175 -195 0
-176 -177 0
-176 -178 0
-176 -179 0
-176 -180 0
-176 -181 0
-176 -182 0
-176 -183 0
-176 -184 0
-176 -185 0
-176 -186 0
-176 -187 0
-176 -188 0
-176 -189 0
-176 -190 0
-176 -191 0
-176 -192 0
-176 -193 0
-176 -194 0
-176 -195 0
-177 -178 0
-177 -179 0
-177 -180 0
-177 -181 0
-177 -182 0
-177 -183 0
-177 -184 0
-177 -185 0
-177 -186 0
-177 -187 0
-177 -188 0
-177 -189 0
-177 -190 0
-177 -191 0
-177 -192 0
-177 -193 0
-177 -194 0
-177 -195 0
-178 -179 0
-178 -180 0
-178 -181 0
-178 -182 0
-178 -183 0
-178 -184 0
-178 -185 0
-178 -186 0
-178 -187 0
-178 -188 0
-178 -189 0
-178 -190 0
-178 -191 0
-178 -192 0
-178 -193 0
-178 -194 0
-178 -195 0
-179 -180 0
-179 -181 0
-179 -182 0
-179 -183 0
-179 -184 0
-179 -185 0
-179 -186 0
-179 -187 0
-179 -188 0
-179 -189 0
-179 -190 0
-179 -191 0
-179 -192 0
-179 -193 0
-179 -194 0
-179 -195 0
-180 -181 0
-180 -182 0
-180 -183 0
-180 -184 0
-180 -185 0
-180 -186 0
-180 -187 0
-180 -188 0
-180 -189 0
-180 -190 0
-180 -191 0
-180 -192 0
-180 -193 0
-180 -194 0
-180 -195 0
-181 -182 0
-181 -183 0
-181 -184 0
-181 -185 0
-181 -186 0
-181 -187 0
-181 -188 0
-181 -189 0
-181 -190 0
-181 -191 0
-181 -192 0
-181 -193 0
-181 -194 0
-181 -195 0
-182 -183 0
-182 -184 0
-182 -185 0
-182 -186 0
-182 -187 0
-182 -188 0
-182 -189 0
-182 -190 0
-182 -191 0
-182 -192 0
-182 -193 0
-182 -194 0
-182 -195 0
-183 -184 0
-183 -185 0
-183 -186 0
-183 -187 0
-183 -188 0
-183 -189 0
-183 -190 0
-183 -191 0
-183 -192 0
-183 -193 0
-183 -194 0
-183 -195 0
-184 -185 0
-184 -186 0
-184 -187 0
-184 -188 0
-184 -189 0
-184 -190 0
-184 -191 0
-184 -192 0
-184 -193 0
-184 -194 0
-184 -195 0
-185 -186 0
-185 -187 0
-185 -188 0
-185 -189 0
-185 -190 0
-185 -191 0
-185 -192 0
-185 -193 0
-185 -194 0
-185 -195 0
-186 -187 0
-186 -188 0
-186 -189 0
-186 -190 0
-186 -191 0
-186 -192 0
-186 -193 0
-186 -194 0
-186 -195 0
-187 -188 0
-187 -189 0
-187 -190 0
-187 -191 0
-187 -192 0
-187 -193 0
-187 -194 0
-187 -195 0
-188 -189 0
-188 -190 0
-188 -191 0
-188 -192 0
-188 -193 0
-188 -194 0
-188 -195 0
-189 -190 0
-189 -191 0
-189 -192 0
-189 -193 0
-189 -194 0
-189 -195 0
-190 -191 0
-190 -192 0
-190 -193 0
-190 -194 0
-190 -195 0
-191 -192 0
-191 -193 0
-191 -194 0
-191 -195 0
-192 -193 0
-192 -194 0
-192 -195 0
-193 -194 0
-193 -195 0
-194 -195 0
-196 -197 0
-196 -198 0
-196 -199 0
-196 -200 0
-196 -201 0
-196 -202 0
-196 -203 0
-196 -204 0
-196 -205 0
-196 -206 0
-196 -207 0
-196 -208 0
-196 -209 0
-196 -210 0
-196 -211 0
-196 -212 0
-196 -213 0
-196 -214 0
-196 -215 0
-196 -216 0
-196 -217 0
-196 -218 0
-196 -219 0
-196 -220 0
-196 -221 0
-196 -222 0
-196 -223 0
-196 -224 0
-196 -225 0
-196 -226 0
-196 -227 0
-196 -228 0
-196 -229 0
-196 -230 0
-196 -231 0
-196 -232 0
-196 -233 0
-196 -234 0
-197 -198 0
-197 -199 0
-197 -200 0
-197 -201 0
-197 -202 0
-197 -203 0
-197 -204 0
-197 -205 0
-197 -206 0
-197 -207 0
-197 -208 0
-197 -209 0
-197 -210 0
-197 -211 0
-197 -212 0
-197 -213 0
-197 -214 0
-197 -215 0
-197 -216 0
-197 -217 0
-197 -218 0
-197 -219 0
-197 -220 0
-197 -221 0
-197 -222 0
-197 -223 0
-197 -224 0
-197 -225 0
-197 -226 0
-197 -227 0
-197 -228 0
-197 -229 0
-197 -230 0
-197 -231 0
-197 -232 0
-197 -233 0
-197 -234 0
-198 -199 0
-198 -200 0
-198 -201 0
-198 -202 0
-198 -203 0
-198 -204 0
-198 -205 0
-198 -206 0
-198 -207 0
-198 -208 0
-198 -209 0
-198 -210 0
-198 -211 0
-198 -212 0
-198 -213 0
-198 -214 0
-198 -215 0
-198 -216 0
-198 -217 0
-198 -218 0
-198 -219 0
-198 -220 0
-198 -221 0
-198 -222 0
-198 -223 0
-198 -224 0
-198 -225 0
-198 -226 0
-198 -227 0
-198 -228 0
-198 -229 0
-198 -230 0
-198 -231 0
-198 -232 0
-198 -233 0
-198 -234 0
-199 -200 0
-199 -201 0
-199 -202 0
-199 -203 0
-199 -204 0
-199 -205 0
-199 -206 0
-199 -207 0
-199 -208 0
-199 -209 0
-199 -210 0
-199 -211 0
-199 -212 0
-199 -213 0
-199 -214 0
-199 -215 0
-199 -216 0
-199 -217 0
-199 -218 0
-199 -219 0
-199 -220 0
-199 -221 0
-199 -222 0
-199 -223 0
-199 -224 0
-199 -225 0
-199 -226 0
-199 -227 0
-199 -228 0
-199 -229 0
-199 -230 0
-199 -231 0
-199 -232 0
-199 -233 0
-199 -234 0
-200 -201 0
-200 -202 0
-200 -203 0
-200 -204 0
-200 -205 0
-200 -206 0
-200 -207 0
-200 -208 0
-200 -209 0
-200 -210 0
-200 -211 0
-200 -212 0
-200 -213 0
-200 -214 0
-200 -215 0
-200 -216 0
-200 -217 0
-200 -218 0
-200 -219 0
-200 -220 0
-200 -221 0
-200 -222 0
-200 -223 0
-200 -224 0
-200 -225 0
-200 -226 0
-200 -227 0
-200 -228 0
-200 -229 0
-200 -230 0
-200 -231 0
-200 -232 0
-200 -233 0
-200 -234 0
-201 -202 0
-201 -203 0
-201 -204 0
-201 -205 0
-201 -206 0
-201 -207 0
-201 -208 0
-201 -209 0
-201 -210 0
-201 -211 0
-201 -212 0
-201 -213 0
-201 -214 0
-201 -215 0
-201 -216 0
-201 -217 0
-201 -218 0
-201 -219 0
-201 -220 0
-201 -221 0
-201 -222 0
-201 -223 0
-201 -224 0
-201 -225 0
-201 -226 0
-201 -227 0
-201 -228 0
-201 -229 0
-201 -230 0
-201 -231 0
-201 -232 0
-201 -233 0
-201 -234 0
-202 -203 0
-202 -204 0
-202 -205 0
-202 -206 0
-202 -207 0
-202 -208 0
-202 -209 0
-202 -210 0
-202 -211 0
-202 -212 0
-202 -213 0
-202 -214 0
-202 -215 0
-202 -216 0
-202 -217 0
-202 -218 0
-202 -219 0
-202 -220 0
-202 -221 0
-202 -222 0
-202 -223 0
-202 -224 0
-202 -225 0
-202 -226 0
-202 -227 0
-202 -228 0
-202 -229 0
-202 -230 0
-202 -231 0
-202 -232 0
-202 -233 0
-202 -234 0
-203 -204 0
-203 -205 0
-203 -206 0
-203 -207 0
-203 -208 0
-203 -209 0
-203 -210 0
-203 -211 0
-203 -212 0
-203 -213 0
-203 -214 0
-203 -215 0
-203 -216 0
-203 -217 0
-203 -218 0
-203 -219 0
-203 -220 0
-203 -221 0
-203 -222 0
-203 -223 0
-203 -224 0
-203 -225 0
-203 -226 0
-203 -227 0
-203 -228 0
-203 -229 0
-203 -230 0
-203 -231 0
-203 -232 0
-203 -233 0
-203 -234 0
-204 -205 0
-204 -206 0
-204 -207 0
-204 -208 0
-204 -209 0
-204 -210 0
-204 -211 0
-204 -212 0
-204 -213 0
-204 -214 0
-204 -215 0
-204 -216 0
-204 -217 0
-204 -218 0
-204 -219 0
-204 -220 0
-204 -221 0
-204 -222 0
-204 -223 0
-204 -224 0
-204 -225 0
-204 -226 0
-204 -227 0
-204 -228 0
-204 -229 0
-204 -230 0
-204 -231 0
-204 -232 0
-204 -233 0
-204 -234 0
-205 -206 0
-205 -207 0
-205 -208 0
-205 -209 0
-205 -210 0
-205 -211 0
-205 -212 0
-205 -213 0
-205 -214 0
-205 -215 0
-205 -216 0
-205 -217 0
-205 -218 0
-205 -219 0
-205 -220 0
-205 -221 0
-205 -222 0
-205 -223 0
-205 -224 0
-205 -225 0
-205 -226 0
-205 -227 0
-205 -228 0
-205 -229 0
-205 -230 0
-205 -231 0
-205 -232 0
-205 -233 0
-205 -234 0
-206 -207 0
-206 -208 0
-206 -209 0
-206 -210 0
-206 -211 0
-206 -212 0
-206 -213 0
-206 -214 0
-206 -215 0
-206 -216 0
-206 -217 0
-206 -218 0
-206 -219 0
-206 -220 0
-206 -221 0
-206 -222 0
-206 -223 0
-206 -224 0
-206 -225 0
-206 -226 0
-206 -227 0
-206 -228 0
-206 -229 0
-206 -230 0
-206 -231 0
-206 -232 0
-206 -233 0
-206 -234 0
-207 -208 0
-207 -209 0
-207 -210 0
-207 -211 0
-207 -212 0
-207 -213 0
-207 -214 0
-207 -215 0
-207 -216 0
-207 -217 0
-207 -218 0
-207 -219 0
-207 -220 0
-207 -221 0
-207 -222 0
-207 -223 0
-207 -224 0
-207 -225 0
-207 -226 0
-207 -227 0
-207 -228 0
-207 -229 0
-207 -230 0
-207 -231 0
-207 -232 0
-207 -233 0
-207 -234 0
-208 -209 0
-208 -210 0
-208 -211 0
-208 -212 0
-208 -213 0
-208 -214 0
-208 -215 0
-208 -216 0
-208 -217 0
-208 -218 0
-208 -219 0
-208 -220 0
-208 -221 0
-208 -222 0
-208 -223 0
-208 -224 0
-208 -225 0
-208 -226 0
-208 -227 0
-208 -228 0
-208 -229 0
-208 -230 0
-208 -231 0
-208 -232 0
-208 -233 0
-208 -234 0
-209 -210 0
-209 -211 0
-209 -212 0
-209 -213 0
-209 -214 0
-209 -215 0
-209 -216 0
-209 -217 0
-209 -218 0
-209 -219 0
-209 -220 0
-209 -221 0
-209 -222 0
-209 -223 0
-209 -224 0
-209 -225 0
-209 -226 0
-209 -227 0
-209 -228 0
-209 -229 0
-209 -230 0
-209 -231 0
-209 -232 0
-209 -233 0
-209 -234 0
-210 -211 0
-210 -212 0
-210 -213 0
-210 -214 0
-210 -215 0
-210 -216 0
-210 -217 0
-210 -218 0
-210 -219 0
-210 -220 0
-210 -221 0
-210 -222 0
-210 -223 0
-210 -224 0
-210 -225 0
-210 -226 0
-210 -227 0
-210 -228 0
-210 -229 0
-210 -230 0
-210 -231 0
-210 -232 0
-210 -233 0
-210 -234 0
-211 -212 0
-211 -213 0
-211 -214 0
-211 -215 0
-211 -216 0
-211 -217 0
-211 -218 0
-211 -219 0
-211 -220 0
-211 -221 0
-211 -222 0
-211 -223 0
-211 -224 0
-211 -225 0
-211 -226 0
-211 -227 0
-211 -228 0
-211 -229 0
-211 -230 0
-211 -231 0
-211 -232 0
-211 -233 0
-211 -234 0
-212 -213 0
-212 -214 0
-212 -215 0
-212 -216 0
-212 -217 0
-212 -218 0
-212 -219 0
-212 -220 0
-212 -221 0
-212 -222 0
-212 -223 0
-212 -224 0
-212 -225 0
-212 -226 0
-212 -227 0
-212 -228 0
-212 -229 0
-212 -230 0
-212 -231 0
-212 -232 0
-212 -233 0
-212 -234 0
-213 -214 0
-213 -215 0
-213 -216 0
-213 -217 0
-213 -218 0
-213 -219 0
-213 -220 0
-213 -221 0
-213 -222 0
-213 -223 0
-213 -224 0
-213 -225 0
-213 -226 0
-213 -227 0
-213 -228 0
-213 -229 0
-213 -230 0
-213 -231 0
-213 -232 0
-213 -233 0
-213 -234 0
-214 -215 0
-214 -216 0
-214 -217 0
-214 -218 0
-214 -219 0
-214 -220 0
-214 -221 0
-214 -222 0
-214 -223 0
-214 -224 0
-214 -225 0
-214 -226 0
-214 -227 0
-214 -228 0
-214 -229 0
-214 -230 0
-214 -231 0
-214 -232 0
-214 -233 0
-214 -234 0
-215 -216 0
-215 -217 0
-215 -218 0
-215 -219 0
-215 -220 0
-215 -221 0
-215 -222 0
-215 -223 0
-215 -224 0
-215 -225 0
-215 -226 0
-215 -227 0
-215 -228 0
-215 -229 0
-215 -230 0
-215 -231 0
-215 -232 0
-215 -233 0
-215 -234 0
-216 -217 0
-216 -218 0
-216 -219 0
-216 -220 0
-216 -221 0
-216 -222 0
-216 -223 0
-216 -224 0
-216 -225 0
-216 -226 0
-216 -227 0
-216 -228 0
-216 -229 0
-216 -230 0
-216 -231 0
-216 -232 0
-216 -233 0
-216 -234 0
-217 -218 0
-217 -219 0
-217 -220 0
-217 -221 0
-217 -222 0
-217 -223 0
-217 -224 0
-217 -225 0
-217 -226 0
-217 -227 0
-217 -228 0
-217 -229 0
-217 -230 0
-217 -231 0
-217 -232 0
-217 -233 0
-217 -234 0
-218 -219 0
-218 -220 0
-218 -221 0
-218 -222 0
-218 -223 0
-218 -224 0
-218 -225 0
-218 -226 0
-218 -227 0
-218 -228 0
-218 -229 0
-218 -230 0
-218 -231 0
-218 -232 0
-218 -233 0
-218 -234 0
-219 -220 0
-219 -221 0
-219 -222 0
-219 -223 0
-219 -224 0
-219 -225 0
-219 -226 0
-219 -227 0
-219 -228 0
-219 -229 0
-219 -230 0
-219 -231 0
-219 -232 0
-219 -233 0
-219 -234 0
-220 -221 0
-220 -222 0
-220 -223 0
-220 -224 0
-220 -225 0
-220 -226 0
-220 -227 0
-220 -228 0
-220 -229 0
-220 -230 0
-220 -231 0
-220 -232 0
-220 -233 0
-220 -234 0
-221 -222 0
-221 -223 0
-221 -224 0
-221 -225 0
-221 -226 0
-221 -227 0
-221 -228 0
-221 -229 0
-221 -230 0
-221 -231 0
-221 -232 0
-221 -233 0
-221 -234 0
-222 -223 0
-222 -224 0
-222 -225 0
-222 -226 0
-222 -227 0
-222 -228 0
-222 -229 0
-222 -230 0
-222 -231 0
-222 -232 0
-222 -233 0
-222 -234 0
-223 -224 0
-223 -225 0
-223 -226 0
-223 -227 0
-223 -228 0
-223 -229 0
-223 -230 0
-223 -231 0
-223 -232 0
-223 -233 0
-223 -234 0
-224 -225 0
-224 -226 0
-224 -227 0
-224 -228 0
-224 -229 0
-224 -230 0
-224 -231 0
-224 -232 0
-224 -233 0
-224 -234 0
-225 -226 0
-225 -227 0
-225 -228 0
-225 -229 0
-225 -230 0
-225 -231 0
-225 -232 0
-225 -233 0
-225 -234 0
-226 -227 0
-226 -228 0
-226 -229 0
-226 -230 0
-226 -231 0
-226 -232 0
-226 -233 0
-226 -234 0
-227 -228 0
-227 -229 0
-227 -230 0
-227 -231 0
-227 -232 0
-227 -233 0
-227 -234 0
-228 -229 0
-228 -230 0
-228 -231 0
-228 -232 0
-228 -233 0
-228 -234 0
-229 -230 0
-229 -231 0
-229 -232 0
-229 -233 0
-229 -234 0
-230 -231 0
-230 -232 0
-230 -233 0
-230 -234 0
-231 -232 0
-231 -233 0
-231 -234 0
-232 -233 0
-232 -234 0
-233 -234 0
-235 -236 0
-235 -237 0
-235 -238 0
-235 -239 0
-235 -240 0
-235 -241 0
-235 -242 0
-235 -243 0
-235 -244 0
-235 -245 0
-235 -246 0
-235 -247 0
-235 -248 0
-235 -249 0
-235 -250 0
-235 -251 0
-235 -252 0
-235 -253 0
-235 -254 0
-235 -255 0
-235 -256 0
-235 -257 0
-235 -258 0
-235 -259 0
-235 -260 0
-235 -261 0
-235 -262 0
-235 -263 0
-235 -264 0
-235 -265 0
-235 -266 0
-235 -267 0
-235 -268 0
-235 -269 0
-235 -270 0
-235 -271 0
-235 -272 0
-235 -273 0
-236 -237 0
-236 -238 0
-236 -239 0
-236 -240 0
-236 -241 0
-236 -242 0
-236 -243 0
-236 -244 0
-236 -245 0
-236 -246 0
-236 -247 0
-236 -248 0
-236 -249 0
-236 -250 0
-236 -251 0
-236 -252 0
-236 -253 0
-236 -254 0
-236 -255 0
-236 -256 0
-236 -257 0
-236 -258 0
-236 -259 0
-236 -260 0
-236 -261 0
-236 -262 0
-236 -263 0
-236 -264 0
-236 -265 0
-236 -266 0
-236 -267 0
-236 -268 0
-236 -269 0
-236 -270 0
-236 -271 0
-236 -272 0
-236 -273 0
-237 -238 0
-237 -239 0
-237 -240 0
-237 -241 0
-237 -242 0
-237 -243 0
-237 -244 0
-237 -245 0
-237 -246 0
-237 -247 0
-237 -248 0
-237 -249 0
-237 -250 0
-237 -251 0
-237 -252 0
-237 -253 0
-237 -254 0
-237 -255 0
-237 -256 0
-237 -257 0
-237 -258 0
-237 -259 0
-237 -260 0
-237 -261 0
-237 -262 0
-237 -263 0
-237 -264 0
-237 -265 0
-237 -266 0
-237 -267 0
-237 -268 0
-237 -269 0
-237 -270 0
-237 -271 0
-237 -272 0
-237 -273 0
-238 -239 0
-238 -240 0
-238 -241 0
-238 -242 0
-238 -243 0
-238 -244 0
-238 -245 0
-238 -246 0
-238 -247 0
-238 -248 0
-238 -249 0
-238 -250 0
-238 -251 0
-238 -252 0
-238 -253 0
-238 -254 0
-238 -255 0
-238 -256 0
-238 -257 0
-238 -258 0
-238 -259 0
-238 -260 0
-238 -261 0
-238 -262 0
-238 -263 0
-238 -264 0
-238 -265 0
-238 -266 0
-238 -267 0
-238 -268 0
-238 -269 0
-238 -270 0
-238 -271 0
-238 -272 0
-238 -273 0
-239 -240 0
-239 -241 0
-239 -242 0
-239 -243 0
-239 -244 0
-239 -245 0
-239 -246 0
-239 -247 0
-239 -248 0
-239 -249 0
-239 -250 0
-239 -251 0
-239 -252 0
-239 -253 0
-239 -254 0
-239 -255 0
-239 -256 0
-239 -257 0
-239 -258 0
-239 -259 0
-239 -260 0
-239 -261 0
-239 -262 0
-239 -263 0
-239 -264 0
-239 -265 0
-239 -266 0
-239 -267 0
-239 -268 0
-239 -269 0
-239 -270 0
-239 -271 0
-239 -272 0
-239 -273 0
-240 -241 0
-240 -242 0
-240 -243 0
-240 -244 0
-240 -245 0
-240 -246 0
-240 -247 0
-240 -248 0
-240 -249 0
-240 -250 0
-240 -251 0
-240 -252 0
-240 -253 0
-240 -254 0
-240 -255 0
-240 -256 0
-240 -257 0
-240 -258 0
-240 -259 0
-240 -260 0
-240 -261 0
-240 -262 0
-240 -263 0
-240 -264 0
-240 -265 0
-240 -266 0
-240 -267 0
-240 -268 0
-240 -269 0
-240 -270 0
-240 -271 0
-240 -272 0
-240 -273 0
-241 -242 0
-241 -243 0
-241 -244 0
-241 -245 0
-241 -246 0
-241 -247 0
-241 -248 0
-241 -249 0
-241 -250 0
-241 -251 0
-241 -252 0
-241 -253 0
-241 -254 0
-241 -255 0
-241 -256 0
-241 -257 0
-241 -258 0
-241 -259 0
-241 -260 0
-241 -261 0
-241 -262 0
-241 -263 0
-241 -264 0
-241 -265 0
-241 -266 0
-241 -267 0
-241 -268 0
-241 -269 0
-241 -270 0
-241 -271 0
-241 -272 0
-241 -273 0
-242 -243 0
-242 -244 0
-242 -245 0
-242 -246 0
-242 -247 0
-242 -248 0
-242 -249 0
-242 -250 0
-242 -251 0
-242 -252 0
-242 -253 0
-242 -254 0
-242 -255 0
-242 -256 0
-242 -257 0
-242 -258 0
-242 -259 0
-242 -260 0
-242 -261 0
-242 -262 0
-242 -263 0
-242 -264 0
-242 -265 0
-242 -266 0
-242 -267 0
-242 -268 0
-242 -269 0
-242 -270 0
-242 -271 0
-242 -272 0
-242 -273 0
-243 -244 0
-243 -245 0
-243 -246 0
-243 -247 0
-243 -248 0
-243 -249 0
-243 -250 0
-243 -251 0
-243 -252 0
-243 -253 0
-243 -254 0
-243 -255 0
-243 -256 0
-243 -257 0
-243 -258 0
-243 -259 0
-243 -260 0
-243 -261 0
-243 -262 0
-243 -263 0
-243 -264 0
-243 -265 0
-243 -266 0
-243 -267 0
-243 -268 0
-243 -269 0
-243 -270 0
-243 -271 0
-243 -272 0
-243 -273 0
-244 -245 0
-244 -246 0
-244 -247 0
-244 -248 0
-244 -249 0
-244 -250 0
-244 -251 0
-244 -252 0
-244 -253 0
-244 -254 0
-244 -255 0
-244 -256 0
-244 -257 0
-244 -258 0
-244 -259 0
-244 -260 0
-244 -261 0
-244 -262 0
-244 -263 0
-244 -264 0
-244 -265 0
-244 -266 0
-244 -267 0
-244 -268 0
-244 -269 0
-244 -270 0
-244 -271 0
-244 -272 0
-244 -273 0
-245 -246 0
-245 -247 0
-245 -248 0
-245 -249 0
-245 -250 0
-245 -251 0
-245 -252 0
-245 -253 0
-245 -254 0
-245 -255 0
-245 -256 0
-245 -257 0
-245 -258 0
-245 -259 0
-245 -260 0
-245 -261 0
-245 -262 0
-245 -263 0
-245 -264 0
-245 -265 0
-245 -266 0
-245 -267 0
-245 -268 0
-245 -269 0
-245 -270 0
-245 -271 0
-245 -272 0
-245 -273 0
-246 -247 0
-246 -248 0
-246 -249 0
-246 -250 0
-246 -251 0
-246 -252 0
-246 -253 0
-246 -254 0
-246 -255 0
-246 -256 0
-246 -257 0
-246 -258 0
-246 -259 0
-246 -260 0
-246 -261 0
-246 -262 0
-246 -263 0
-246 -264 0
-246 -265 0
-246 -266 0
-246 -267 0
-246 -268 0
-246 -269 0
-246 -270 0
-246 -271 0
-246 -272 0
-246 -273 0
-247 -248 0
-247 -249 0
-247 -250 0
-247 -251 0
-247 -252 0
-247 -253 0
-247 -254 0
-247 -255 0
-247 -256 0
-247 -257 0
-247 -258 0
-247 -259 0
-247 -260 0
-247 -261 0
-247 -262 0
-247 -263 0
-247 -264 0
-247 -265 0
-247 -266 0
-247 -267 0
-247 -268 0
-247 -269 0
-247 -270 0
-247 -271 0
-247 -272 0
-247 -273 0
-248 -249 0
-248 -250 0
-248 -251 0
-248 -252 0
-248 -253 0
-248 -254 0
-248 -255 0
-248 -256 0
-248 -257 0
-248 -258 0
-248 -259 0
-248 -260 0
-248 -261 0
-248 -262 0
-248 -263 0
-248 -264 0
-248 -265 0
-248 -266 0
-248 -267 0
-248 -268 0
-248 -269 0
-248 -270 0
-248 -271 0
-248 -272 0
-248 -273 0
-249 -250 0
-249 -251 0
-249 -252 0
-249 -253 0
-249 -254 0
-249 -255 0
-249 -256 0
-249 -257 0
-249 -258 0
-249 -259 0
-249 -260 0
-249 -261 0
-249 -262 0
-249 -263 0
-249 -264 0
-249 -265 0
-249 -266 0
-249 -267 0
-249 -268 0
-249 -269 0
-249 -270 0
-249 -271 0
-249 -272 0
-249 -273 0
-250 -251 0
-250 -252 0
-250 -253 0
-250 -254 0
-250 -255 0
-250 -256 0
-250 -257 0
-250 -258 0
-250 -259 0
-250 -260 0
-250 -261 0
-250 -262 0
-250 -263 0
-250 -264 0
-250 -265 0
-250 -266 0
-250 -267 0
-250 -268 0
-250 -269 0
-250 -270 0
-250 -271 0
-250 -272 0
-250 -273 0
-251 -252 0
-251 -253 0
-251 -254 0
-251 -255 0
-251 -256 0
-251 -257 0
-251 -258 0
-251 -259 0
-251 -260 0
-251 -261 0
-251 -262 0
-251 -263 0
-251 -264 0
-251 -265 0
-251 -266 0
-251 -267 0
-251 -268 0
-251 -269 0
-251 -270 0
-251 -271 0
-251 -272 0
-251 -273 0
-252 -253 0
-252 -254 0
-252 -255 0
-252 -256 0
-252 -257 0
-252 -258 0
-252 -259 0
-252 -260 0
-252 -261 0
-252 -262 0
-252 -263 0
-252 -264 0
-252 -265 0
-252 -266 0
-252 -267 0
-252 -268 0
-252 -269 0
-252 -270 0
-252 -271 0
-252 -272 0
-252 -273 0
-253 -254 0
-253 -255 0
-253 -256 0
-253 -257 0
-253 -258 0
-253 -259 0
-253 -260 0
-253 -261 0
-253 -262 0
-253 -263 0
-253 -264 0
-253 -265 0
-253 -266 0
-253 -267 0
-253 -268 0
-253 -269 0
-253 -270 0
-253 -271 0
-253 -272 0
-253 -273 0
-254 -255 0
-254 -256 0
-254 -257 0
-254 -258 0
-254 -259 0
-254 -260 0
-254 -261 0
-254 -262 0
-254 -263 0
-254 -264 0
-254 -265 0
-254 -266 0
-254 -267 0
-254 -268 0
-254 -269 0
-254 -270 0
-254 -271 0
-254 -272 0
-254 -273 0
-255 -256 0
-255 -257 0
-255 -258 0
-255 -259 0
-255 -260 0
-255 -261 0
-255 -262 0
-255 -263 0
-255 -264 0
-255 -265 0
-255 -266 0
-255 -267 0
-255 -268 0
-255 -269 0
-255 -270 0
-255 -271 0
-255 -272 0
-255 -273 0
-256 -257 0
-256 -258 0
-256 -259 0
-256 -260 0
-256 -261 0
-256 -262 0
-256 -263 0
-256 -264 0
-256 -265 0
-256 -266 0
-256 -267 0
-256 -268 0
-256 -269 0
-256 -270 0
-256 -271 0
-256 -272 0
-256 -273 0
-257 -258 0
-257 -259 0
-257 -260 0
-257 -261 0
-257 -262 0
-257 -263 0
-257 -264 0
-257 -265 0
-257 -266 0
-257 -267 0
-257 -268 0
-257 -269 0
-257 -270 0
-257 -271 0
-257 -272 0
-257 -273 0
-258 -259 0
-258 -260 0
-258 -261 0
-258 -262 0
-258 -263 0
-258 -264 0
-258 -265 0
-258 -266 0
-258 -267 0
-258 -268 0
-258 -269 0
-258 -270 0
-258 -271 0
-258 -272 0
-258 -273 0
-259 -260 0
-259 -261 0
-259 -262 0
-259 -263 0
-259 -264 0
-259 -265 0
-259 -266 0
-259 -267 0
-259 -268 0
-259 -269 0
-259 -270 0
-259 -271 0
-259 -272 0
-259 -273 0
-260 -261 0
-260 -262 0
-260 -263 0
-260 -264 0
-260 -265 0
-260 -266 0
-260 -267 0
-260 -268 0
-260 -269 0
-260 -270 0
-260 -271 0
-260 -272 0
-260 -273 0
-261 -262 0
-261 -263 0
-261 -264 0
-261 -265 0
-261 -266 0
-261 -267 0
-261 -268 0
-261 -269 0
-261 -270 0
-261 -271 0
-261 -272 0
-261 -273 0
-262 -263 0
-262 -264 0
-262 -265 0
-262 -266 0
-262 -267 0
-262 -268 0
-262 -269 0
-262 -270 0
-262 -271 0
-262 -272 0
-262 -273 0
-263 -264 0
-263 -265 0
-263 -266 0
-263 -267 0
-263 -268 0
-263 -269 0
-263 -270 0
-263 -271 0
-263 -272 0
-263 -273 0
-264 -265 0
-264 -266 0
-264 -267 0
-264 -268 0
-264 -269 0
-264 -270 0
-264 -271 0
-264 -272 0
-264 -273 0
-265 -266 0
-265 -267 0
-265 -268 0
-265 -269 0
-265 -270 0
-265 -271 0
-265 -272 0
-265 -273 0
-266 -267 0
-266 -268 0
-266 -269 0
-266 -270 0
-266 -271 0
-266 -272 0
-266 -273 0
-267 -268 0
-267 -269 0
-267 -270 0
-267 -271 0
-267 -272 0
-267 -273 0
-268 -269 0
-268 -270 0
-268 -271 0
-268 -272 0
-268 -273 0
-269 -270 0
-269 -271 0
-269 -272 0
-269 -273 0
-270 -271 0
-270 -272 0
-270 -273 0
-271 -272 0
-271 -273 0
-272 -273 0
-274 -275 0
-274 -276 0
-274 -277 0
-274 -278 0
-274 -279 0
-274 -280 0
-274 -281 0
-274 -282 0
-274 -283 0
-274 -284 0
-274 -285 0
-274 -286 0
-274 -287 0
-274 -288 0
-274 -289 0
-274 -290 0
-274 -291 0
-274 -292 0
-274 -293 0
-274 -294 0
-274 -295 0
-274 -296 0
-274 -297 0
-274 -298 0
-274 -299 0
-274 -300 0
-274 -301 0
-274 -302 0
-274 -303 0
-274 -304 0
-274 -305 0
-274 -306 0
-274 -307 0
-274 -308 0
-274 -309 0
-274 -310 0
-274 -311 0
-274 -312 0
-275 -276 0
-275 -277 0
-275 -278 0
-275 -279 0
-275 -280 0
-275 -281 0
-275 -282 0
-275 -283 0
-275 -284 0
-275 -285 0
-275 -286 0
-275 -287 0
-275 -288 0
-275 -289 0
-275 -290 0
-275 -291 0
-275 -292 0
-275 -293 0
-275 -294 0
-275 -295 0
-275 -296 0
-275 -297 0
-275 -298 0
-275 -299 0
-275 -300 0
-275 -301 0
-275 -302 0
-275 -303 0
-275 -304 0
-275 -305 0
-275 -306 0
-275 -307 0
-275 -308 0
-275 -309 0
-275 -310 0
-275 -311 0
-275 -312 0
-276 -277 0
-276 -278 0
-276 -279 0
-276 -280 0
-276 -281 0
-276 -282 0
-276 -283 0
-276 -284 0
-276 -285 0
-276 -286 0
-276 -287 0
-276 -288 0
-276 -289 0
-276 -290 0
-276 -291 0
-276 -292 0
-276 -293 0
-276 -294 0
-276 -295 0
-276 -296 0
-276 -297 0
-276 -298 0
-276 -299 0
-276 -300 0
-276 -301 0
-276 -302 0
-276 -303 0
-276 -304 0
-276 -305 0
-276 -306 0
-276 -307 0
-276 -308 0
-276 -309 0
-276 -310 0
-276 -311 0
-276 -312 0
-277 -278 0
-277 -279 0
-277 -280 0
-277 -281 0
-277 -282 0
-277 -283 0
-277 -284 0
-277 -285 0
-277 -286 0
-277 -287 0
-277 -288 0
-277 -289 0
-277 -290 0
-277 -291 0
-277 -292 0
-277 -293 0
-277 -294 0
-277 -295 0
-277 -296 0
-277 -297 0
-277 -298 0
-277 -299 0
-277 -300 0
-277 -301 0
-277 -302 0
-277 -303 0
-277 -304 0
-277 -305 0
-277 -306 0
-277 -307 0
-277 -308 0
-277 -309 0
-277 -310 0
-277 -311 0
-277 -312 0
-278 -279 0
-278 -280 0
-278 -281 0
-278 -282 0
-278 -283 0
-278 -284 0
-278 -285 0
-278 -286 0
-278 -287 0
-278 -288 0
-278 -289 0
-278 -290 0
-278 -291 0
-278 -292 0
-278 -293 0
-278 -294 0
-278 -295 0
-278 -296 0
-278 -297 0
-278 -298 0
-278 -299 0
-278 -300 0
-278 -301 0
-278 -302 0
-278 -303 0
-278 -304 0
-278 -305 0
-278 -306 0
-278 -307 0
-278 -308 0
-278 -309 0
-278 -310 0
-278 -311 0
-278 -312 0
-279 -280 0
-279 -281 0
-279 -282 0
-279 -283 0
-279 -284 0
-279 -285 0
-279 -286 0
-279 -287 0
-279 -288 0
-279 -289 0
-279 -290 0
-279 -291 0
-279 -292 0
-279 -293 0
-279 -294 0
-279 -295 0
-279 -296 0
-279 -297 0
-279 -298 0
-279 -299 0
-279 -300 0
-279 -301 0
-279 -302 0
-279 -303 0
-279 -304 0
-279 -305 0
-279 -306 0
-279 -307 0
-279 -308 0
-279 -309 0
-279 -310 0
-279 -311 0
-279 -312 0
-280 -281 0
-280 -282 0
-280 -283 0
-280 -284 0
-280 -285 0
-280 -286 0
-280 -287 0
-280 -288 0
-280 -289 0
-280 -290 0
-280 -291 0
-280 -292 0
-280 -293 0
-280 -294 0
-280 -295 0
-280 -296 0
-280 -297 0
-280 -298 0
-280 -299 0
-280 -300 0
-280 -301 0
-280 -302 0
-280 -303 0
-280 -304 0
-280 -305 0
-280 -306 0
-280 -307 0
-280 -308 0
-280 -309 0
-280 -310 0
-280 -311 0
-280 -312 0
-281 -282 0
-281 -283 0
-281 -284 0
-281 -285 0
-281 -286 0
-281 -287 0
-281 -288 0
-281 -289 0
-281 -290 0
-281 -291 0
-281 -292 0
-281 -293 0
-281 -294 0
-281 -295 0
-281 -296 0
-281 -297 0
-281 -298 0
-281 -299 0
-281 -300 0
-281 -301 0
-281 -302 0
-281 -303 0
-281 -304 0
-281 -305 0
-281 -306 0
-281 -307 0
-281 -308 0
-281 -309 0
-281 -310 0
-281 -311 0
-281 -312 0
-282 -283 0
-282 -284 0
-282 -285 0
-282 -286 0
-282 -287 0
-282 -288 0
-282 -289 0
-282 -290 0
-282 -291 0
-282 -292 0
-282 -293 0
-282 -294 0
-282 -295 0
-282 -296 0
-282 -297 0
-282 -298 0
-282 -299 0
-282 -300 0
-282 -301 0
-282 -302 0
-282 -303 0
-282 -304 0
-282 -305 0
-282 -306 0
-282 -307 0
-282 -308 0
-282 -309 0
-282 -310 0
-282 -311 0
-282 -312 0
-283 -284 0
-283 -285 0
-283 -286 0
-283 -287 0
-283 -288 0
-283 -289 0
-283 -290 0
-283 -291 0
-283 -292 0
-283 -293 0
-283 -294 0
-283 -295 0
-283 -296 0
-283 -297 0
-283 -298 0
-283 -299 0
-283 -300 0
-283 -301 0
-283 -302 0
-283 -303 0
-283 -304 0
-283 -305 0
-283 -306 0
-283 -307 0
-283 -308 0
-283 -309 0
-283 -310 0
-283 -311 0
-283 -312 0
-284 -285 0
-284 -286 0
-284 -287 0
-284 -288 0
-284 -289 0
-284 -290 0
-284 -291 0
-284 -292 0
-284 -293 0
-284 -294 0
-284 -295 0
-284 -296 0
-284 -297 0
-284 -298 0
-284 -299 0
-284 -300 0
-284 -301 0
-284 -302 0
-284 -303 0
-284 -304 0
-284 -305 0
-284 -306 0
-284 -307 0
-284 -308 0
-284 -309 0
-284 -310 0
-284 -311 0
-284 -312 0
-285 -286 0
-285 -287 0
-285 -288 0
-285 -289 0
-285 -290 0
-285 -291 0
-285 -292 0
-285 -293 0
-285 -294 0
-285 -295 0
-285 -296 0
-285 -297 0
-285 -298 0
-285 -299 0
-285 -300 0
-285 -301 0
-285 -302 0
-285 -303 0
-285 -304 0
-285 -305 0
-285 -306 0
-285 -307 0
-285 -308 0
-285 -309 0
-285 -310 0
-285 -311 0
-285 -312 0
-286 -287 0
-286 -288 0
-286 -289 0
-286 -290 0
-286 -291 0
-286 -292 0
-286 -293 0
-286 -294 0
-286 -295 0
-286 -296 0
-286 -297 0
-286 -298 0
-286 -299 0
-286 -300 0
-286 -301 0
-286 -302 0
-286 -303 0
-286 -304 0
-286 -305 0
-286 -306 0
-286 -307 0
-286 -308 0
-286 -309 0
-286 -310 0
-286 -311 0
-286 -312 0
-287 -288 0
-287 -289 0
-287 -290 0
-287 -291 0
-287 -292 0
-287 -293 0
-287 -294 0
-287 -295 0
-287 -296 0
-287 -297 0
-287 -298 0
-287 -299 0
-287 -300 0
-287 -301 0
-287 -302 0
-287 -303 0
-287 -304 0
-287 -305 0
-287 -306 0
-287 -307 0
-287 -308 0
-287 -309 0
-287 -310 0
-287 -311 0
-287 -312 0
-288 -289 0
-288 -290 0
-288 -291 0
-288 -292 0
-288 -293 0
-288 -294 0
-288 -295 0
-288 -296 0
-288 -297 0
-288 -298 0
-288 -299 0
-288 -300 0
-288 -301 0
-288 -302 0
-288 -303 0
-288 -304 0
-288 -305 0
-288 -306 0
-288 -307 0
-288 -308 0
-288 -309 0
-288 -310 0
-288 -311 0
-288 -312 0
-289 -290 0
-289 -291 0
-289 -292 0
-289 -293 0
-289 -294 0
-289 -295 0
-289 -296 0
-289 -297 0
-289 -298 0
-289 -299 0
-289 -300 0
-289 -301 0
-289 -302 0
-289 -303 0
-289 -304 0
-289 -305 0
-289 -306 0
-289 -307 0
-289 -308 0
-289 -309 0
-289 -310 0
-289 -311 0
-289 -312 0
-290 -291 0
-290 -292 0
-290 -293 0
-290 -294 0
-290 -295 0
-290 -296 0
-290 -297 0
-290 -298 0
-290 -299 0
-290 -300 0
-290 -301 0
-290 -302 0
-290 -303 0
-290 -304 0
-290 -305 0
-290 -306 0
-290 -307 0
-290 -308 0
-290 -309 0
-290 -310 0
-290 -311 0
-290 -312 0
-291 -292 0
-291 -293 0
-291 -294 0
-291 -295 0
-291 -296 0
-291 -297 0
-291 -298 0
-291 -299 0
-291 -300 0
-291 -301 0
-291 -302 0
-291 -303 0
-291 -304 0
-291 -305 0
-291 -306 0
-291 -307 0
-291 -308 0
-291 -309 0
-291 -310 0
-291 -311 0
-291 -312 0
-292 -293 0
-292 -294 0
-292 -295 0
-292 -296 0
-292 -297 0
-292 -298 0
-292 -299 0
-292 -300 0
-292 -301 0
-292 -302 0
-292 -303 0
-292 -304 0
-292 -305 0
-292 -306 0
-292 -307 0
-292 -308 0
-292 -309 0
-292 -310 0
-292 -311 0
-292 -312 0
-293 -294 0
-293 -295 0
-293 -296 0
-293 -297 0
-293 -298 0
-293 -299 0
-293 -300 0
-293 -301 0
-293 -302 0
-293 -303 0
-293 -304 0
-293 -305 0
-293 -306 0
-293 -307 0
-293 -308 0
-293 -309 0
-293 -310 0
-293 -311 0
-293 -312 0
-294 -295 0
-294 -296 0
-294 -297 0
-294 -298 0
-294 -299 0
-294 -300 0
-294 -301 0
-294 -302 0
-294 -303 0
-294 -304 0
-294 -305 0
-294 -306 0
-294 -307 0
-294 -308 0
-294 -309 0
-294 -310 0
-294 -311 0
-294 -312 0
-295 -296 0
-295 -297 0
-295 -298 0
-295 -299 0
-295 -300 0
-295 -301 0
-295 -302 0
-295 -303 0
-295 -304 0
-295 -305 0
-295 -306 0
-295 -307 0
-295 -308 0
-295 -309 0
-295 -310 0
-295 -311 0
-295 -312 0
-296 -297 0
-296 -298 0
-296 -299 0
-296 -300 0
-296 -301 0
-296 -302 0
-296 -303 0
-296 -304 0
-296 -305 0
-296 -306 0
-296 -307 0
-296 -308 0
-296 -309 0
-296 -310 0
-296 -311 0
-296 -312 0
-297 -298 0
-297 -299 0
-297 -300 0
-297 -301 0
-297 -302 0
-297 -303 0
-297 -304 0
-297 -305 0
-297 -306 0
-297 -307 0
-297 -308 0
-297 -309 0
-297 -310 0
-297 -311 0
-297 -312 0
-298 -299 0
-298 -300 0
-298 -301 0
-298 -302 0
-298 -303 0
-298 -304 0
-298 -305 0
-298 -306 0
-298 -307 0
-298 -308 0
-298 -309 0
-298 -310 0
-298 -311 0
-298 -312 0
-299 -300 0
-299 -301 0
-299 -302 0
-299 -303 0
-299 -304 0
-299 -305 0
-299 -306 0
-299 -307 0
-299 -308 0
-299 -309 0
-299 -310 0
-299 -311 0
-299 -312 0
-300 -301 0
-300 -302 0
-300 -303 0
-300 -304 0
-300 -305 0
-300 -306 0
-300 -307 0
-300 -308 0
-300 -309 0
-300 -310 0
-300 -311 0
-300 -312 0
-301 -302 0
-301 -303 0
-301 -304 0
-301 -305 0
-301 -306 0
-301 -307 0
-301 -308 0
-301 -309 0
-301 -310 0
-301 -311 0
-301 -312 0
-302 -303 0
-302 -304 0
-302 -305 0
-302 -306 0
-302 -307 0
-302 -308 0
-302 -309 0
-302 -310 0
-302 -311 0
-302 -312 0
-303 -304 0
-303 -305 0
-303 -306 0
-303 -307 0
-303 -308 0
-303 -309 0
-303 -310 0
-303 -311 0
-303 -312 0
-304 -305 0
-304 -306 0
-304 -307 0
-304 -308 0
-304 -309 0
-304 -310 0
-304 -311 0
-304 -312 0
-305 -306 0
-305 -307 0
-305 -308 0
-305 -309 0
-305 -310 0
-305 -311 0
-305 -312 0
-306 -307 0
-306 -308 0
-306 -309 0
-306 -310 0
-306 -311 0
-306 -312 0
-307 -308 0
-307 -309 0
-307 -310 0
-307 -311 0
-307 -312 0
-308 -309 0
-308 -310 0
-308 -311 0
-308 -312 0
-309 -310 0
-309 -311 0
-309 -312 0
-310 -311 0
-310 -312 0
-311 -312 0
-313 -314 0
-313 -315 0
-313 -316 0
-313 -317 0
-313 -318 0
-313 -319 0
-313 -320 0
-313 -321 0
-313 -322 0
-313 -323 0
-313 -324 0
-313 -325 0
-313 -326 0
-313 -327 0
-313 -328 0
-313 -329 0
-313 -330 0
-313 -331 0
-313 -332 0
-313 -333 0
-313 -334 0
-313 -335 0
-313 -336 0
-313 -337 0
-313 -338 0
-313 -339 0
-313 -340 0
-313 -341 0
-313 -342 0
-313 -343 0
-313 -344 0
-313 -345 0
-313 -346 0
-313 -347 0
-313 -348 0
-313 -349 0
-313 -350 0
-313 -351 0
-314 -315 0
-314 -316 0
-314 -317 0
-314 -318 0
-314 -319 0
-314 -320 0
-314 -321 0
-314 -322 0
-314 -323 0
-314 -324 0
-314 -325 0
-314 -326 0
-314 -327 0
-314 -328 0
-314 -329 0
-314 -330 0
-314 -331 0
-314 -332 0
-314 -333 0
-314 -334 0
-314 -335 0
-314 -336 0
-314 -337 0
-314 -338 0
-314 -339 0
-314 -340 0
-314 -341 0
-314 -342 0
-314 -343 0
-314 -344 0
-314 -345 0
-314 -346 0
-314 -347 0
-314 -348 0
-314 -349 0
-314 -350 0
-314 -351 0
-315 -316 0
-315 -317 0
-315 -318 0
-315 -319 0
-315 -320 0
-315 -321 0
-315 -322 0
-315 -323 0
-315 -324 0
-315 -325 0
-315 -326 0
-315 -327 0
-315 -328 0
-315 -329 0
-315 -330 0
-315 -331 0
-315 -332 0
-315 -333 0
-315 -334 0
-315 -335 0
-315 -336 0
-315 -337 0
-315 -338 0
-315 -339 0
-315 -340 0
-315 -341 0
-315 -342 0
-315 -343 0
-315 -344 0
-315 -345 0
-315 -346 0
-315 -347 0
-315 -348 0
-315 -349 0
-315 -350 0
-315 -351 0
-316 -317 0
-316 -318 0
-316 -319 0
-316 -320 0
-316 -321 0
-316 -322 0
-316 -323 0
-316 -324 0
-316 -325 0
-316 -326 0
-316 -327 0
-316 -328 0
-316 -329 0
-316 -330 0
-316 -331 0
-316 -332 0
-316 -333 0
-316 -334 0
-316 -335 0
-316 -336 0
-316 -337 0
-316 -338 0
-316 -339 0
-316 -340 0
-316 -341 0
-316 -342 0
-316 -343 0
-316 -344 0
-316 -345 0
-316 -346 0
-316 -347 0
-316 -348 0
-316 -349 0
-316 -350 0
-316 -351 0
-317 -318 0
-317 -319 0
-317 -320 0
-317 -321 0
-317 -322 0
-317 -323 0
-317 -324 0
-317 -325 0
-317 -326 0
-317 -327 0
-317 -328 0
-317 -329 0
-317 -330 0
-317 -331 0
-317 -332 0
-317 -333 0
-317 -334 0
-317 -335 0
-317 -336 0
-317 -337 0
-317 -338 0
-317 -339 0
-317 -340 0
-317 -341 0
-317 -342 0
-317 -343 0
-317 -344 0
-317 -345 0
-317 -346 0
-317 -347 0
-317 -348 0
-317 -349 0
-317 -350 0
-317 -351 0
-318 -319 0
-318 -320 0
-318 -321 0
-318 -322 0
-318 -323 0
-318 -324 0
-318 -325 0
-318 -326 0
-318 -327 0
-318 -328 0
-318 -329 0
-318 -330 0
-318 -331 0
-318 -332 0
-318 -333 0
-318 -334 0
-318 -335 0
-318 -336 0
-318 -337 0
-318 -338 0
-318 -339 0
-318 -340 0
-318 -341 0
-318 -342 0
-318 -343 0
-318 -344 0
-318 -345 0
-318 -346 0
-318 -347 0
-318 -348 0
-318 -349 0
-318 -350 0
-318 -351 0
-319 -320 0
-319 -321 0
-319 -322 0
-319 -323 0
-319 -324 0
-319 -325 0
-319 -326 0
-319 -327 0
-319 -328 0
-319 -329 0
-319 -330 0
-319 -331 0
-319 -332 0
-319 -333 0
-319 -334 0
-319 -335 0
-319 -336 0
-319 -337 0
-319 -338 0
-319 -339 0
-319 -340 0
-319 -341 0
-319 -342 0
-319 -343 0
-319 -344 0
-319 -345 0
-319 -346 0
-319 -347 0
-319 -348 0
-319 -349 0
-319 -350 0
-319 -351 0
-320 -321 0
-320 -322 0
-320 -323 0
-320 -324 0
-320 -325 0
-320 -326 0
-320 -327 0
-320 -328 0
-320 -329 0
-320 -330 0
-320 -331 0
-320 -332 0
-320 -333 0
-320 -334 0
-320 -335 0
-320 -336 0
-320 -337 0
-320 -338 0
-320 -339 0
-320 -340 0
-320 -341 0
-320 -342 0
-320 -343 0
-320 -344 0
-320 -345 0
-320 -346 0
-320 -347 0
-320 -348 0
-320 -349 0
-320 -350 0
-320 -351 0
-321 -322 0
-321 -323 0
-321 -324 0
-321 -325 0
-321 -326 0
-321 -327 0
-321 -328 0
-321 -329 0
-321 -330 0
-321 -331 0
-321 -332 0
-321 -333 0
-321 -334 0
-321 -335 0
-321 -336 0
-321 -337 0
-321 -338 0
-321 -339 0
-321 -340 0
-321 -341 0
-321 -342 0
-321 -343 0
-321 -344 0
-321 -345 0
-321 -346 0
-321 -347 0
-321 -348 0
-321 -349 0
-321 -350 0
-321 -351 0
-322 -323 0
-322 -324 0
-322 -325 0
-322 -326 0
-322 -327 0
-322 -328 0
-322 -329 0
-322 -330 0
-322 -331 0
-322 -332 0
-322 -333 0
-322 -334 0
-322 -335 0
-322 -336 0
-322 -337 0
-322 -338 0
-322 -339 0
-322 -340 0
-322 -341 0
-322 -342 0
-322 -343 0
-322 -344 0
-322 -345 0
-322 -346 0
-322 -347 0
-322 -348 0
-322 -349 0
-322 -350 0
-322 -351 0
-323 -324 0
-323 -325 0
-323 -326 0
-323 -327 0
-323 -328 0
-323 -329 0
-323 -330 0
-323 -331 0
-323 -332 0
-323 -333 0
-323 -334 0
-323 -335 0
-323 -336 0
-323 -337 0
-323 -338 0
-323 -339 0
-323 -340 0
-323 -341 0
-323 -342 0
-323 -343 0
-323 -344 0
-323 -345 0
-323 -346 0
-323 -347 0
-323 -348 0
-323 -349 0
-323 -350 0
-323 -351 0
-324 -325 0
-324 -326 0
-324 -327 0
-324 -328 0
-324 -329 0
-324 -330 0
-324 -331 0
-324 -332 0
-324 -333 0
-324 -334 0
-324 -335 0
-324 -336 0
-324 -337 0
-324 -338 0
-324 -339 0
-324 -340 0
-324 -341 0
-324 -342 0
-324 -343 0
-324 -344 0
-324 -345 0
-324 -346 0
-324 -347 0
-324 -348 0
-324 -349 0
-324 -350 0
-324 -351 0
-325 -326 0
-325 -327 0
-325 -328 0
-325 -329 0
-325 -330 0
-325 -331 0
-325 -332 0
-325 -333 0
-325 -334 0
-325 -335 0
-325 -336 0
-325 -337 0
-325 -338 0
-325 -339 0
-325 -340 0
-325 -341 0
-325 -342 0
-325 -343 0
-325 -344 0
-325 -345 0
-325 -346 0
-325 -347 0
-325 -348 0
-325 -349 0
-325 -350 0
-325 -351 0
-326 -327 0
-326 -328 0
-326 -329 0
-326 -330 0
-326 -331 0
-326 -332 0
-326 -333 0
-326 -334 0
-326 -335 0
-326 -336 0
-326 -337 0
-326 -338 0
-326 -339 0
-326 -340 0
-326 -341 0
-326 -342 0
-326 -343 0
-326 -344 0
-326 -345 0
-326 -346 0
-326 -347 0
-326 -348 0
-326 -349 0
-326 -350 0
-326 -351 0
-327 -328 0
-327 -329 0
-327 -330 0
-327 -331 0
-327 -332 0
-327 -333 0
-327 -334 0
-327 -335 0
-327 -336 0
-327 -337 0
-327 -338 0
-327 -339 0
-327 -340 0
-327 -341 0
-327 -342 0
-327 -343 0
-327 -344 0
-327 -345 0
-327 -346 0
-327 -347 0
-327 -348 0
-327 -349 0
-327 -350 0
-327 -351 0
-328 -329 0
-328 -330 0
-328 -331 0
-328 -332 0
-328 -333 0
-328 -334 0
-328 -335 0
-328 -336 0
-328 -337 0
-328 -338 0
-328 -339 0
-328 -340 0
-328 -341 0
-328 -342 0
-328 -343 0
-328 -344 0
-328 -345 0
-328 -346 0
-328 -347 0
-328 -348 0
-328 -349 0
-328 -350 0
-328 -351 0
-329 -330 0
-329 -331 0
-329 -332 0
-329 -333 0
-329 -334 0
-329 -335 0
-329 -336 0
-329 -337 0
-329 -338 0
-329 -339 0
-329 -340 0
-329 -341 0
-329 -342 0
-329 -343 0
-329 -344 0
-329 -345 0
-329 -346 0
-329 -347 0
-329 -348 0
-329 -349 0
-329 -350 0
-329 -351 0
-330 -331 0
-330 -332 0
-330 -333 0
-330 -334 0
-330 -335 0
-330 -336 0
-330 -337 0
-330 -338 0
-330 -339 0
-330 -340 0
-330 -341 0
-330 -342 0
-330 -343 0
-330 -344 0
-330 -345 0
-330 -346 0
-330 -347 0
-330 -348 0
-330 -349 0
-330 -350 0
-330 -351 0
-331 -332 0
-331 -333 0
-331 -334 0
-331 -335 0
-331 -336 0
-331 -337 0
-331 -338 0
-331 -339 0
-331 -340 0
-331 -341 0
-331 -342 0
-331 -343 0
-331 -344 0
-331 -345 0
-331 -346 0
-331 -347 0
-331 -348 0
-331 -349 0
-331 -350 0
-331 -351 0
-332 -333 0
-332 -334 0
-332 -335 0
-332 -336 0
-332 -337 0
-332 -338 0
-332 -339 0
-332 -340 0
-332 -341 0
-332 -342 0
-332 -343 0
-332 -344 0
-332 -345 0
-332 -346 0
-332 -347 0
-332 -348 0
-332 -349 0
-332 -350 0
-332 -351 0
-333 -334 0
-333 -335 0
-333 -336 0
-333 -337 0
-333 -338 0
-333 -339 0
-333 -340 0
-333 -341 0
-333 -342 0
-333 -343 0
-333 -344 0
-333 -345 0
-333 -346 0
-333 -347 0
-333 -348 0
-333 -349 0
-333 -350 0
-333 -351 0
-334 -335 0
-334 -336 0
-334 -337 0
-334 -338 0
-334 -339 0
-334 -340 0
-334 -341 0
-334 -342 0
-334 -343 0
-334 -344 0
-334 -345 0
-334 -346 0
-334 -347 0
-334 -348 0
-334 -349 0
-334 -350 0
-334 -351 0
-335 -336 0
-335 -337 0
-335 -338 0
-335 -339 0
-335 -340 0
-335 -341 0
-335 -342 0
-335 -343 0
-335 -344 0
-335 -345 0
-335 -346 0
-335 -347 0
-335 -348 0
-335 -349 0
-335 -350 0
-335 -351 0
-336 -337 0
-336 -338 0
-336 -339 0
-336 -340 0
-336 -341 0
-336 -342 0
-336 -343 0
-336 -344 0
-336 -345 0
-336 -346 0
-336 -347 0
-336 -348 0
-336 -349 0
-336 -350 0
-336 -351 0
-337 -338 0
-337 -339 0
-337 -340 0
-337 -341 0
-337 -342 0
-337 -343 0
-337 -344 0
-337 -345 0
-337 -346 0
-337 -347 0
-337 -348 0
-337 -349 0
-337 -350 0
-337 -351 0
-338 -339 0
-338 -340 0
-338 -341 0
-338 -342 0
-338 -343 0
-338 -344 0
-338 -345 0
-338 -346 0
-338 -347 0
-338 -348 0
-338 -349 0
-338 -350 0
-338 -351 0
-339 -340 0
-339 -341 0
-339 -342 0
-339 -343 0
-339 -344 0
-339 -345 0
-339 -346 0
-339 -347 0
-339 -348 0
-339 -349 0
-339 -350 0
-339 -351 0
-340 -341 0
-340 -342 0
-340 -343 0
-340 -344 0
-340 -345 0
-340 -346 0
-340 -347 0
-340 -348 0
-340 -349 0
-340 -350 0
-340 -351 0
-341 -342 0
-341 -343 0
-341 -344 0
-341 -345 0
-341 -346 0
-341 -347 0
-341 -348 0
-341 -349 0
-341 -350 0
-341 -351 0
-342 -343 0
-342 -344 0
-342 -345 0
-342 -346 0
-342 -347 0
-342 -348 0
-342 -349 0
-342 -350 0
-342 -351 0
-343 -344 0
-343 -345 0
-343 -346 0
-343 -347 0
-343 -348 0
-343 -349 0
-343 -350 0
-343 -351 0
-344 -345 0
-344 -346 0
-344 -347 0
-344 -348 0
-344 -349 0
-344 -350 0
-344 -351 0
-345 -346 0
-345 -347 0
-345 -348 0
-345 -349 0
-345 -350 0
-345 -351 0
-346 -347 0
-346 -348 0
-346 -349 0
-346 -350 0
-346 -351 0
-347 -348 0
-347 -349 0
-347 -350 0
-347 -351 0
-348 -349 0
-348 -350 0
-348 -351 0
-349 -350 0
-349 -351 0
-350 -351 0
-352 -353 0
-352 -354 0
-352 -355 0
-352 -356 0
-352 -357 0
-352 -358 0
-352 -359 0
-352 -360 0
-352 -361 0
-352 -362 0
-352 -363 0
-352 -364 0
-352 -365 0
-352 -366 0
-352 -367 0
-352 -368 0
-352 -369 0
-352 -370 0
-352 -371 0
-352 -372 0
-352 -373 0
-352 -374 0
-352 -375 0
-352 -376 0
-352 -377 0
-352 -378 0
-352 -379 0
-352 -380 0
-352 -381 0
-352 -382 0
-352 -383 0
-352 -384 0
-352 -385 0
-352 -386 0
-352 -387 0
-352 -388 0
-352 -389 0
-352 -390 0
-353 -354 0
-353 -355 0
-353 -356 0
-353 -357 0
-353 -358 0
-353 -359 0
-353 -360 0
-353 -361 0
-353 -362 0
-353 -363 0
-353 -364 0
-353 -365 0
-353 -366 0
-353 -367 0
-353 -368 0
-353 -369 0
-353 -370 0
-353 -371 0
-353 -372 0
-353 -373 0
-353 -374 0
-353 -375 0
-353 -376 0
-353 -377 0
-353 -378 0
-353 -379 0
-353 -380 0
-353 -381 0
-353 -382 0
-353 -383 0
-353 -384 0
-353 -385 0
-353 -386 0
-353 -387 0
-353 -388 0
-353 -389 0
-353 -390 0
-354 -355 0
-354 -356 0
-354 -357 0
-354 -358 0
-354 -359 0
-354 -360 0
-354 -361 0
-354 -362 0
-354 -363 0
-354 -364 0
-354 -365 0
-354 -366 0
-354 -367 0
-354 -368 0
-354 -369 0
-354 -370 0
-354 -371 0
-354 -372 0
-354 -373 0
-354 -374 0
-354 -375 0
-354 -376 0
-354 -377 0
-354 -378 0
-354 -379 0
-354 -380 0
-354 -381 0
-354 -382 0
-354 -383 0
-354 -384 0
-354 -385 0
-354 -386 0
-354 -387 0
-354 -388 0
-354 -389 0
-354 -390 0
-355 -356 0
-355 -357 0
-355 -358 0
-355 -359 0
-355 -360 0
-355 -361 0
-355 -362 0
-355 -363 0
-355 -364 0
-355 -365 0
-355 -366 0
-355 -367 0
-355 -368 0
-355 -369 0
-355 -370 0
-355 -371 0
-355 -372 0
-355 -373 0
-355 -374 0
-355 -375 0
-355 -376 0
-355 -377 0
-355 -378 0
-355 -379 0
-355 -380 0
-355 -381 0
-355 -382 0
-355 -383 0
-355 -384 0
-355 -385 0
-355 -386 0
-355 -387 0
-355 -388 0
-355 -389 0
-355 -390 0
-356 -357 0
-356 -358 0
-356 -359 0
-356 -360 0
-356 -361 0
-356 -362 0
-356 -363 0
-356 -364 0
-356 -365 0
-356 -366 0
-356 -367 0
-356 -368 0
-356 -369 0
-356 -370 0
-356 -371 0
-356 -372 0
-356 -373 0
-356 -374 0
-356 -375 0
-356 -376 0
-356 -377 0
-356 -378 0
-356 -379 0
-356 -380 0
-356 -381 0
-356 -382 0
-356 -383 0
-356 -384 0
-356 -385 0
-356 -386 0
-356 -387 0
-356 -388 0
-356 -389 0
-356 -390 0
-357 -358 0
-357 -359 0
-357 -360 0
-357 -361 0
-357 -362 0
-357 -363 0
-357 -364 0
-357 -365 0
-357 -366 0
-357 -367 0
-357 -368 0
-357 -369 0
-357 -370 0
-357 -371 0
-357 -372 0
-357 -373 0
-357 -374 0
-357 -375 0
-357 -376 0
-357 -377 0
-357 -378 0
-357 -379 0
-357 -380 0
-357 -381 0
-357 -382 0
-357 -383 0
-357 -384 0
-357 -385 0
-357 -386 0
-357 -387 0
-357 -388 0
-357 -389 0
-357 -390 0
-358 -359 0
-358 -360 0
-358 -361 0
-358 -362 0
-358 -363 0
-358 -364 0
-358 -365 0
-358 -366 0
-358 -367 0
-358 -368 0
-358 -369 0
-358 -370 0
-358 -371 0
-358 -372 0
-358 -373 0
-358 -374 0
-358 -375 0
-358 -376 0
-358 -377 0
-358 -378 0
-358 -379 0
-358 -380 0
-358 -381 0
-358 -382 0
-358 -383 0
-358 -384 0
-358 -385 0
-358 -386 0
-358 -387 0
-358 -388 0
-358 -389 0
-358 -390 0
-359 -360 0
-359 -361 0
-359 -362 0
-359 -363 0
-359 -364 0
-359 -365 0
-359 -366 0
-359 -367 0
-359 -368 0
-359 -369 0
-359 -370 0
-359 -371 0
-359 -372 0
-359 -373 0
-359 -374 0
-359 -375 0
-359 -376 0
-359 -377 0
-359 -378 0
-359 -379 0
-359 -380 0
-359 -381 0
-359 -382 0
-359 -383 0
-359 -384 0
-359 -385 0
-359 -386 0
-359 -387 0
-359 -388 0
-359 -389 0
-359 -390 0
-360 -361 0
-360 -362 0
-360 -363 0
-360 -364 0
-360 -365 0
-360 -366 0
-360 -367 0
-360 -368 0
-360 -369 0
-360 -370 0
-360 -371 0
-360 -372 0
-360 -373 0
-360 -374 0
-360 -375 0
-360 -376 0
-360 -377 0
-360 -378 0
-360 -379 0
-360 -380 0
-360 -381 0
-360 -382 0
-360 -383 0
-360 -384 0
-360 -385 0
-360 -386 0
-360 -387 0
-360 -388 0
-360 -389 0
-360 -390 0
-361 -362 0
-361 -363 0
-361 -364 0
-361 -365 0
-361 -366 0
-361 -367 0
-361 -368 0
-361 -369 0
-361 -370 0
-361 -371 0
-361 -372 0
-361 -373 0
-361 -374 0
-361 -375 0
-361 -376 0
-361 -377 0
-361 -378 0
-361 -379 0
-361 -380 0
-361 -381 0
-361 -382 0
-361 -383 0
-361 -384 0
-361 -385 0
-361 -386 0
-361 -387 0
-361 -388 0
-361 -389 0
-361 -390 0
-362 -363 0
-362 -364 0
-362 -365 0
-362 -366 0
-362 -367 0
-362 -368 0
-362 -369 0
-362 -370 0
-362 -371 0
-362 -372 0
-362 -373 0
-362 -374 0
-362 -375 0
-362 -376 0
-362 -377 0
-362 -378 0
-362 -379 0
-362 -380 0
-362 -381 0
-362 -382 0
-362 -383 0
-362 -384 0
-362 -385 0
-362 -386 0
-362 -387 0
-362 -388 0
-362 -389 0
-362 -390 0
-363 -364 0
-363 -365 0
-363 -366 0
-363 -367 0
-363 -368 0
-363 -369 0
-363 -370 0
-363 -371 0
-363 -372 0
-363 -373 0
-363 -374 0
-363 -375 0
-363 -376 0
-363 -377 0
-363 -378 0
-363 -379 0
-363 -380 0
-363 -381 0
-363 -382 0
-363 -383 0
-363 -384 0
-363 -385 0
-363 -386 0
-363 -387 0
-363 -388 0
-363 -389 0
-363 -390 0
-364 -365 0
-364 -366 0
-364 -367 0
-364 -368 0
-364 -369 0
-364 -370 0
-364 -371 0
-364 -372 0
-364 -373 0
-364 -374 0
-364 -375 0
-364 -376 0
-364 -377 0
-364 -378 0
-364 -379 0
-364 -380 0
-364 -381 0
-364 -382 0
-364 -383 0
-364 -384 0
-364 -385 0
-364 -386 0
-364 -387 0
-364 -388 0
-364 -389 0
-364 -390 0
-365 -366 0
-365 -367 0
-365 -368 0
-365 -369 0
-365 -370 0
-365 -371 0
-365 -372 0
-365 -373 0
-365 -374 0
-365 -375 0
-365 -376 0
-365 -377 0
-365 -378 0
-365 -379 0
-365 -380 0
-365 -381 0
-365 -382 0
-365 -383 0
-365 -384 0
-365 -385 0
-365 -386 0
-365 -387 0
-365 -388 0
-365 -389 0
-365 -390 0
-366 -367 0
-366 -368 0
-366 -369 0
-366 -370 0
-366 -371 0
-366 -372 0
-366 -373 0
-366 -374 0
-366 -375 0
-366 -376 0
-366 -377 0
-366 -378 0
-366 -379 0
-366 -380 0
-366 -381 0
-366 -382 0
-366 -383 0
-366 -384 0
-366 -385 0
-366 -386 0
-366 -387 0
-366 -388 0
-366 -389 0
-366 -390 0
-367 -368 0
-367 -369 0
-367 -370 0
-367 -371 0
-367 -372 0
-367 -373 0
-367 -374 0
-367 -375 0
-367 -376 0
-367 -377 0
-367 -378 0
-367 -379 0
-367 -380 0
-367 -381 0
-367 -382 0
-367 -383 0
-367 -384 0
-367 -385 0
-367 -386 0
-367 -387 0
-367 -388 0
-367 -389 0
-367 -390 0
-368 -369 0
-368 -370 0
-368 -371 0
-368 -372 0
-368 -373 0
-368 -374 0
-368 -375 0
-368 -376 0
-368 -377 0
-368 -378 0
-368 -379 0
-368 -380 0
-368 -381 0
-368 -382 0
-368 -383 0
-368 -384 0
-368 -385 0
-368 -386 0
-368 -387 0
-368 -388 0
-368 -389 0
-368 -390 0
-369 -370 0
-369 -371 0
-369 -372 0
-369 -373 0
-369 -374 0
-369 -375 0
-369 -376 0
-369 -377 0
-369 -378 0
-369 -379 0
-369 -380 0
-369 -381 0
-369 -382 0
-369 -383 0
-369 -384 0
-369 -385 0
-369 -386 0
-369 -387 0
-369 -388 0
-369 -389 0
-369 -390 0
-370 -371 0
-370 -372 0
-370 -373 0
-370 -374 0
-370 -375 0
-370 -376 0
-370 -377 0
-370 -378 0
-370 -379 0
-370 -380 0
-370 -381 0
-370 -382 0
-370 -383 0
-370 -384 0
-370 -385 0
-370 -386 0
-370 -387 0
-370 -388 0
-370 -389 0
-370 -390 0
-371 -372 0
-371 -373 0
-371 -374 0
-371 -375 0
-371 -376 0
-371 -377 0
-371 -378 0
-371 -379 0
-371 -380 0
-371 -381 0
-371 -382 0
-371 -383 0
-371 -384 0
-371 -385 0
-371 -386 0
-371 -387 0
-371 -388 0
-371 -389 0
-371 -390 0
-372 -373 0
-372 -374 0
-372 -375 0
-372 -376 0
-372 -377 0
-372 -378 0
-372 -379 0
-372 -380 0
-372 -381 0
-372 -382 0
-372 -383 0
-372 -384 0
-372 -385 0
-372 -386 0
-372 -387 0
-372 -388 0
-372 -389 0
-372 -390 0
-373 -374 0
-373 -375 0
-373 -376 0
-373 -377 0
-373 -378 0
-373 -379 0
-373 -380 0
-373 -381 0
-373 -382 0
-373 -383 0
-373 -384 0
-373 -385 0
-373 -386 0
-373 -387 0
-373 -388 0
-373 -389 0
-373 -390 0
-374 -375 0
-374 -376 0
-374 -377 0
-374 -378 0
-374 -379 0
-374 -380 0
-374 -381 0
-374 -382 0
-374 -383 0
-374 -384 0
-374 -385 0
-374 -386 0
-374 -387 0
-374 -388 0
-374 -389 0
-374 -390 0
-375 -376 0
-375 -377 0
-375 -378 0
-375 -379 0
-375 -380 0
-375 -381 0
-375 -382 0
-375 -383 0
-375 -384 0
-375 -385 0
-375 -386 0
-375 -387 0
-375 -388 0
-375 -389 0
-375 -390 0
-376 -377 0
-376 -378 0
-376 -379 0
-376 -380 0
-376 -381 0
-376 -382 0
-376 -383 0
-376 -384 0
-376 -385 0
-376 -386 0
-376 -387 0
-376 -388 0
-376 -389 0
-376 -390 0
-377 -378 0
-377 -379 0
-377 -380 0
-377 -381 0
-377 -382 0
-377 -383 0
-377 -384 0
-377 -385 0
-377 -386 0
-377 -387 0
-377 -388 0
-377 -389 0
-377 -390 0
-378 -379 0
-378 -380 0
-378 -381 0
-378 -382 0
-378 -383 0
-378 -384 0
-378 -385 0
-378 -386 0
-378 -387 0
-378 -388 0
-378 -389 0
-378 -390 0
-379 -380 0
-379 -381 0
-379 -382 0
-379 -383 0
-379 -384 0
-379 -385 0
-379 -386 0
-379 -387 0
-379 -388 0
-379 -389 0
-379 -390 0
-380 -381 0
-380 -382 0
-380 -383 0
-380 -384 0
-380 -385 0
-380 -386 0
-380 -387 0
-380 -388 0
-380 -389 0
-380 -390 0
-381 -382 0
-381 -383 0
-381 -384 0
-381 -385 0
-381 -386 0
-381 -387 0
-381 -388 0
-381 -389 0
-381 -390 0
-382 -383 0
-382 -384 0
-382 -385 0
-382 -386 0
-382 -387 0
-382 -388 0
-382 -389 0
-382 -390 0
-383 -384 0
-383 -385 0
-383 -386 0
-383 -387 0
-383 -388 0
-383 -389 0
-383 -390 0
-384 -385 0
-384 -386 0
-384 -387 0
-384 -388 0
-384 -389 0
-384 -390 0
-385 -386 0
-385 -387 0
-385 -388 0
-385 -389 0
-385 -390 0
-386 -387 0
-386 -388 0
-386 -389 0
-386 -390 0
-387 -388 0
-387 -389 0
-387 -390 0
-388 -389 0
-388 -390 0
-389 -390 0
-391 -392 0
-391 -393 0
-391 -394 0
-391 -395 0
-391 -396 0
-391 -397 0
-391 -398 0
-391 -399 0
-391 -400 0
-391 -401 0
-391 -402 0
-391 -403 0
-391 -404 0
-391 -405 0
-391 -406 0
-391 -407 0
-391 -408 0
-391 -409 0
-391 -410 0
-391 -411 0
-391 -412 0
-391 -413 0
-391 -414 0
-391 -415 0
-391 -416 0
-391 -417 0
-391 -418 0
-391 -419 0
-391 -420 0
-391 -421 0
-391 -422 0
-391 -423 0
-391 -424 0
-391 -425 0
-391 -426 0
-391 -427 0
-391 -428 0
-391 -429 0
-392 -393 0
-392 -394 0
-392 -395 0
-392 -396 0
-392 -397 0
-392 -398 0
-392 -399 0
-392 -400 0
-392 -401 0
-392 -402 0
-392 -403 0
-392 -404 0
-392 -405 0
-392 -406 0
-392 -407 0
-392 -408 0
-392 -409 0
-392 -410 0
-392 -411 0
-392 -412 0
-392 -413 0
-392 -414 0
-392 -415 0
-392 -416 0
-392 -417 0
-392 -418 0
-392 -419 0
-392 -420 0
-392 -421 0
-392 -422 0
-392 -423 0
-392 -424 0
-392 -425 0
-392 -426 0
-392 -427 0
-392 -428 0
-392 -429 0
-393 -394 0
-393 -395 0
-393 -396 0
-393 -397 0
-393 -398 0
-393 -399 0
-393 -400 0
-393 -401 0
-393 -402 0
-393 -403 0
-393 -404 0
-393 -405 0
-393 -406 0
-393 -407 0
-393 -408 0
-393 -409 0
-393 -410 0
-393 -411 0
-393 -412 0
-393 -413 0
-393 -414 0
-393 -415 0
-393 -416 0
-393 -417 0
-393 -418 0
-393 -419 0
-393 -420 0
-393 -421 0
-393 -422 0
-393 -423 0
-393 -424 0
-393 -425 0
-393 -426 0
-393 -427 0
-393 -428 0
-393 -429 0
-394 -395 0
-394 -396 0
-394 -397 0
-394 -398 0
-394 -399 0
-394 -400 0
-394 -401 0
-394 -402 0
-394 -403 0
-394 -404 0
-394 -405 0
-394 -406 0
-394 -407 0
-394 -408 0
-394 -409 0
-394 -410 0
-394 -411 0
-394 -412 0
-394 -413 0
-394 -414 0
-394 -415 0
-394 -416 0
-394 -417 0
-394 -418 0
-394 -419 0
-394 -420 0
-394 -421 0
-394 -422 0
-394 -423 0
-394 -424 0
-394 -425 0
-394 -426 0
-394 -427 0
-394 -428 0
-394 -429 0
-395 -396 0
-395 -397 0
-395 -398 0
-395 -399 0
-395 -400 0
-395 -401 0
-395 -402 0
-395 -403 0
-395 -404 0
-395 -405 0
-395 -406 0
-395 -407 0
-395 -408 0
-395 -409 0
-395 -410 0
-395 -411 0
-395 -412 0
-395 -413 0
-395 -414 0
-395 -415 0
-395 -416 0
-395 -417 0
-395 -418 0
-395 -419 0
-395 -420 0
-395 -421 0
-395 -422 0
-395 -423 0
-395 -424 0
-395 -425 0
-395 -426 0
-395 -427 0
-395 -428 0
-395 -429 0
-396 -397 0
-396 -398 0
-396 -399 0
-396 -400 0
-396 -401 0
-396 -402 0
-396 -403 0
-396 -404 0
-396 -405 0
-396 -406 0
-396 -407 0
-396 -408 0
-396 -409 0
-396 -410 0
-396 -411 0
-396 -412 0
-396 -413 0
-396 -414 0
-396 -415 0
-396 -416 0
-396 -417 0
-396 -418 0
-396 -419 0
-396 -420 0
-396 -421 0
-396 -422 0
-396 -423 0
-396 -424 0
-396 -425 0
-396 -426 0
-396 -427 0
-396 -428 0
-396 -429 0
-397 -398 0
-397 -399 0
-397 -400 0
-397 -401 0
-397 -402 0
-397 -403 0
-397 -404 0
-397 -405 0
-397 -406 0
-397 -407 0
-397 -408 0
-397 -409 0
-397 -410 0
-397 -411 0
-397 -412 0
-397 -413 0
-397 -414 0
-397 -415 0
-397 -416 0
-397 -417 0
-397 -418 0
-397 -419 0
-397 -420 0
-397 -421 0
-397 -422 0
-397 -423 0
-397 -424 0
-397 -425 0
-397 -426 0
-397 -427 0
-397 -428 0
-397 -429 0
-398 -399 0
-398 -400 0
-398 -401 0
-398 -402 0
-398 -403 0
-398 -404 0
-398 -405 0
-398 -406 0
-398 -407 0
-398 -408 0
-398 -409 0
-398 -410 0
-398 -411 0
-398 -412 0
-398 -413 0
-398 -414 0
-398 -415 0
-398 -416 0
-398 -417 0
-398 -418 0
-398 -419 0
-398 -420 0
-398 -421 0
-398 -422 0
-398 -423 0
-398 -424 0
-398 -425 0
-398 -426 0
-398 -427 0
-398 -428 0
-398 -429 0
-399 -400 0
-399 -401 0
-399 -402 0
-399 -403 0
-399 -404 0
-399 -405 0
-399 -406 0
-399 -407 0
-399 -408 0
-399 -409 0
-399 -410 0
-399 -411 0
-399 -412 0
-399 -413 0
-399 -414 0
-399 -415 0
-399 -416 0
-399 -417 0
-399 -418 0
-399 -419 0
-399 -420 0
-399 -421 0
-399 -422 0
-399 -423 0
-399 -424 0
-399 -425 0
-399 -426 0
-399 -427 0
-399 -428 0
-399 -429 0
-400 -401 0
-400 -402 0
-400 -403 0
-400 -404 0
-400 -405 0
-400 -406 0
-400 -407 0
-400 -408 0
-400 -409 0
-400 -410 0
-400 -411 0
-400 -412 0
-400 -413 0
-400 -414 0
-400 -415 0
-400 -416 0
-400 -417 0
-400 -418 0
-400 -419 0
-400 -420 0
-400 -421 0
-400 -422 0
-400 -423 0
-400 -424 0
-400 -425 0
-400 -426 0
-400 -427 0
-400 -428 0
-400 -429 0
-401 -402 0
-401 -403 0
-401 -404 0
-401 -405 0
-401 -406 0
-401 -407 0
-401 -408 0
-401 -409 0
-401 -410 0
-401 -411 0
-401 -412 0
-401 -413 0
-401 -414 0
-401 -415 0
-401 -416 0
-401 -417 0
-401 -418 0
-401 -419 0
-401 -420 0
-401 -421 0
-401 -422 0
-401 -423 0
-401 -424 0
-401 -425 0
-401 -426 0
-401 -427 0
-401 -428 0
-401 -429 0
-402 -403 0
-402 -404 0
-402 -405 0
-402 -406 0
-402 -407 0
-402 -408 0
-402 -409 0
-402 -410 0
-402 -411 0
-402 -412 0
-402 -413 0
-402 -414 0
-402 -415 0
-402 -416 0
-402 -417 0
-402 -418 0
-402 -419 0
-402 -420 0
-402 -421 0
-402 -422 0
-402 -423 0
-402 -424 0
-402 -425 0
-402 -426 0
-402 -427 0
-402 -428 0
-402 -429 0
-403 -404 0
-403 -405 0
-403 -406 0
-403 -407 0
-403 -408 0
-403 -409 0
-403 -410 0
-403 -411 0
-403 -412 0
-403 -413 0
-403 -414 0
-403 -415 0
-403 -416 0
-403 -417 0
-403 -418 0
-403 -419 0
-403 -420 0
-403 -421 0
-403 -422 0
-403 -423 0
-403 -424 0
-403 -425 0
-403 -426 0
-403 -427 0
-403 -428 0
-403 -429 0
-404 -405 0
-404 -406 0
-404 -407 0
-404 -408 0
-404 -409 0
-404 -410 0
-404 -411 0
-404 -412 0
-404 -413 0
-404 -414 0
-404 -415 0
-404 -416 0
-404 -417 0
-404 -418 0
-404 -419 0
-404 -420 0
-404 -421 0
-404 -422 0
-404 -423 0
-404 -424 0
-404 -425 0
-404 -426 0
-404 -427 0
-404 -428 0
-404 -429 0
-405 -406 0
-405 -407 0
-405 -408 0
-405 -409 0
-405 -410 0
-405 -411 0
-405 -412 0
-405 -413 0
-405 -414 0
-405 -415 0
-405 -416 0
-405 -417 0
-405 -418 0
-405 -419 0
-405 -420 0
-405 -421 0
-405 -422 0
-405 -423 0
-405 -424 0
-405 -425 0
-405 -426 0
-405 -427 0
-405 -428 0
-405 -429 0
-406 -407 0
-406 -408 0
-406 -409 0
-406 -410 0
-406 -411 0
-406 -412 0
-406 -413 0
-406 -414 0
-406 -415 0
-406 -416 0
-406 -417 0
-406 -418 0
-406 -419 0
-406 -420 0
-406 -421 0
-406 -422 0
-406 -423 0
-406 -424 0
-406 -425 0
-406 -426 0
-406 -427 0
-406 -428 0
-406 -429 0
-407 -408 0
-407 -409 0
-407 -410 0
-407 -411 0
-407 -412 0
-407 -413 0
-407 -414 0
-407 -415 0
-407 -416 0
-407 -417 0
-407 -418 0
-407 -419 0
-407 -420 0
-407 -421 0
-407 -422 0
-407 -423 0
-407 -424 0
-407 -425 0
-407 -426 0
-407 -427 0
-407 -428 0
-407 -429 0
-408 -409 0
-408 -410 0
-408 -411 0
-408 -412 0
-408 -413 0
-408 -414 0
-408 -415 0
-408 -416 0
-408 -417 0
-408 -418 0
-408 -419 0
-408 -420 0
-408 -421 0
-408 -422 0
-408 -423 0
-408 -424 0
-408 -425 0
-408 -426 0
-408 -427 0
-408 -428 0
-408 -429 0
-409 -410 0
-409 -411 0
-409 -412 0
-409 -413 0
-409 -414 0
-409 -415 0
-409 -416 0
-409 -417 0
-409 -418 0
-409 -419 0
-409 -420 0
-409 -421 0
-409 -422 0
-409 -423 0
-409 -424 0
-409 -425 0
-409 -426 0
-409 -427 0
-409 -428 0
-409 -429 0
-410 -411 0
-410 -412 0
-410 -413 0
-410 -414 0
-410 -415 0
-410 -416 0
-410 -417 0
-410 -418 0
-410 -419 0
-410 -420 0
-410 -421 0
-410 -422 0
-410 -423 0
-410 -424 0
-410 -425 0
-410 -426 0
-410 -427 0
-410 -428 0
-410 -429 0
-411 -412 0
-411 -413 0
-411 -414 0
-411 -415 0
-411 -416 0
-411 -417 0
-411 -418 0
-411 -419 0
-411 -420 0
-411 -421 0
-411 -422 0
-411 -423 0
-411 -424 0
-411 -425 0
-411 -426 0
-411 -427 0
-411 -428 0
-411 -429 0
-412 -413 0
-412 -414 0
-412 -415 0
-412 -416 0
-412 -417 0
-412 -418 0
-412 -419 0
-412 -420 0
-412 -421 0
-412 -422 0
-412 -423 0
-412 -424 0
-412 -425 0
-412 -426 0
-412 -427 0
-412 -428 0
-412 -429 0
-413 -414 0
-413 -415 0
-413 -416 0
-413 -417 0
-413 -418 0
-413 -419 0
-413 -420 0
-413 -421 0
-413 -422 0
-413 -423 0
-413 -424 0
-413 -425 0
-413 -426 0
-413 -427 0
-413 -428 0
-413 -429 0
-414 -415 0
-414 -416 0
-414 -417 0
-414 -418 0
-414 -419 0
-414 -420 0
-414 -421 0
-414 -422 0
-414 -423 0
-414 -424 0
-414 -425 0
-414 -426 0
-414 -427 0
-414 -428 0
-414 -429 0
-415 -416 0
-415 -417 0
-415 -418 0
-415 -419 0
-415 -420 0
-415 -421 0
-415 -422 0
-415 -423 0
-415 -424 0
-415 -425 0
-415 -426 0
-415 -427 0
-415 -428 0
-415 -429 0
-416 -417 0
-416 -418 0
-416 -419 0
-416 -420 0
-416 -421 0
-416 -422 0
-416 -423 0
-416 -424 0
-416 -425 0
-416 -426 0
-416 -427 0
-416 -428 0
-416 -429 0
-417 -418 0
-417 -419 0
-417 -420 0
-417 -421 0
-417 -422 0
-417 -423 0
-417 -424 0
-417 -425 0
-417 -426 0
-417 -427 0
-417 -428 0
-417 -429 0
-418 -419 0
-418 -420 0
-418 -421 0
-418 -422 0
-418 -423 0
-418 -424 0
-418 -425 0
-418 -426 0
-418 -427 0
-418 -428 0
-418 -429 0
-419 -420 0
-419 -421 0
-419 -422 0
-419 -423 0
-419 -424 0
-419 -425 0
-419 -426 0
-419 -427 0
-419 -428 0
-419 -429 0
-420 -421 0
-420 -422 0
-420 -423 0
-420 -424 0
-420 -425 0
-420 -426 0
-420 -427 0
-420 -428 0
-420 -429 0
-421 -422 0
-421 -423 0
-421 -424 0
-421 -425 0
-421 -426 0
-421 -427 0
-421 -428 0
-421 -429 0
-422 -423 0
-422 -424 0
-422 -425 0
-422 -426 0
-422 -427 0
-422 -428 0
-422 -429 0
-423 -424 0
-423 -425 0
-423 -426 0
-423 -427 0
-423 -428 0
-423 -429 0
-424 -425 0
-424 -426 0
-424 -427 0
-424 -428 0
-424 -429 0
-425 -426 0
-425 -427 0
-425 -428 0
-425 -429 0
-426 -427 0
-426 -428 0
-426 -429 0
-427 -428 0
-427 -429 0
-428 -429 0
-430 -431 0
-430 -432 0
-430 -433 0
-430 -434 0
-430 -435 0
-430 -436 0
-430 -437 0
-430 -438 0
-430 -439 0
-430 -440 0
-430 -441 0
-430 -442 0
-430 -443 0
-430 -444 0
-430 -445 0
-430 -446 0
-430 -447 0
-430 -448 0
-430 -449 0
-430 -450 0
-430 -451 0
-430 -452 0
-430 -453 0
-430 -454 0
-430 -455 0
-430 -456 0
-430 -457 0
-430 -458 0
-430 -459 0
-430 -460 0
-430 -461 0
-430 -462 0
-430 -463 0
-430 -464 0
-430 -465 0
-430 -466 0
-430 -467 0
-430 -468 0
-431 -432 0
-431 -433 0
-431 -434 0
-431 -435 0
-431 -436 0
-431 -437 0
-431 -438 0
-431 -439 0
-431 -440 0
-431 -441 0
-431 -442 0
-431 -443 0
-431 -444 0
-431 -445 0
-431 -446 0
-431 -447 0
-431 -448 0
-431 -449 0
-431 -450 0
-431 -451 0
-431 -452 0
-431 -453 0
-431 -454 0
-431 -455 0
-431 -456 0
-431 -457 0
-431 -458 0
-431 -459 0
-431 -460 0
-431 -461 0
-431 -462 0
-431 -463 0
-431 -464 0
-431 -465 0
-431 -466 0
-431 -467 0
-431 -468 0
-432 -433 0
-432 -434 0
-432 -435 0
-432 -436 0
-432 -437 0
-432 -438 0
-432 -439 0
-432 -440 0
-432 -441 0
-432 -442 0
-432 -443 0
-432 -444 0
-432 -445 0
-432 -446 0
-432 -447 0
-432 -448 0
-432 -449 0
-432 -450 0
-432 -451 0
-432 -452 0
-432 -453 0
-432 -454 0
-432 -455 0
-432 -456 0
-432 -457 0
-432 -458 0
-432 -459 0
-432 -460 0
-432 -461 0
-432 -462 0
-432 -463 0
-432 -464 0
-432 -465 0
-432 -466 0
-432 -467 0
-432 -468 0
-433 -434 0
-433 -435 0
-433 -436 0
-433 -437 0
-433 -438 0
-433 -439 0
-433 -440 0
-433 -441 0
-433 -442 0
-433 -443 0
-433 -444 0
-433 -445 0
-433 -446 0
-433 -447 0
-433 -448 0
-433 -449 0
-433 -450 0
-433 -451 0
-433 -452 0
-433 -453 0
-433 -454 0
-433 -455 0
-433 -456 0
-433 -457 0
-433 -458 0
-433 -459 0
-433 -460 0
-433 -461 0
-433 -462 0
-433 -463 0
-433 -464 0
-433 -465 0
-433 -466 0
-433 -467 0
-433 -468 0
-434 -435 0
-434 -436 0
-434 -437 0
-434 -438 0
-434 -439 0
-434 -440 0
-434 -441 0
-434 -442 0
-434 -443 0
-434 -444 0
-434 -445 0
-434 -446 0
-434 -447 0
-434 -448 0
-434 -449 0
-434 -450 0
-434 -451 0
-434 -452 0
-434 -453 0
-434 -454 0
-434 -455 0
-434 -456 0
-434 -457 0
-434 -458 0
-434 -459 0
-434 -460 0
-434 -461 0
-434 -462 0
-434 -463 0
-434 -464 0
-434 -465 0
-434 -466 0
-434 -467 0
-434 -468 0
-435 -436 0
-435 -437 0
-435 -438 0
-435 -439 0
-435 -440 0
-435 -441 0
-435 -442 0
-435 -443 0
-435 -444 0
-435 -445 0
-435 -446 0
-435 -447 0
-435 -448 0
-435 -449 0
-435 -450 0
-435 -451 0
-435 -452 0
-435 -453 0
-435 -454 0
-435 -455 0
-435 -456 0
-435 -457 0
-435 -458 0
-435 -459 0
-435 -460 0
-435 -461 0
-435 -462 0
-435 -463 0
-435 -464 0
-435 -465 0
-435 -466 0
-435 -467 0
-435 -468 0
-436 -437 0
-436 -438 0
-436 -439 0
-436 -440 0
-436 -441 0
-436 -442 0
-436 -443 0
-436 -444 0
-436 -445 0
-436 -446 0
-436 -447 0
-436 -448 0
-436 -449 0
-436 -450 0
-436 -451 0
-436 -452 0
-436 -453 0
-436 -454 0
-436 -455 0
-436 -456 0
-436 -457 0
-436 -458 0
-436 -459 0
-436 -460 0
-436 -461 0
-436 -462 0
-436 -463 0
-436 -464 0
-436 -465 0
-436 -466 0
-436 -467 0
-436 -468 0
-437 -438 0
-437 -439 0
-437 -440 0
-437 -441 0
-437 -442 0
-437 -443 0
-437 -444 0
-437 -445 0
-437 -446 0
-437 -447 0
-437 -448 0
-437 -449 0
-437 -450 0
-437 -451 0
-437 -452 0
-437 -453 0
-437 -454 0
-437 -455 0
-437 -456 0
-437 -457 0
-437 -458 0
-437 -459 0
-437 -460 0
-437 -461 0
-437 -462 0
-437 -463 0
-437 -464 0
-437 -465 0
-437 -466 0
-437 -467 0
-437 -468 0
-438 -439 0
-438 -440 0
-438 -441 0
-438 -442 0
-438 -443 0
-438 -444 0
-438 -445 0
-438 -446 0
-438 -447 0
-438 -448 0
-438 -449 0
-438 -450 0
-438 -451 0
-438 -452 0
-438 -453 0
-438 -454 0
-438 -455 0
-438 -456 0
-438 -457 0
-438 -458 0
-438 -459 0
-438 -460 0
-438 -461 0
-438 -462 0
-438 -463 0
-438 -464 0
-438 -465 0
-438 -466 0
-438 -467 0
-438 -468 0
-439 -440 0
-439 -441 0
-439 -442 0
-439 -443 0
-439 -444 0
-439 -445 0
-439 -446 0
-439 -447 0
-439 -448 0
-439 -449 0
-439 -450 0
-439 -451 0
-439 -452 0
-439 -453 0
-439 -454 0
-439 -455 0
-439 -456 0
-439 -457 0
-439 -458 0
-439 -459 0
-439 -460 0
-439 -461 0
-439 -462 0
-439 -463 0
-439 -464 0
-439 -465 0
-439 -466 0
-439 -467 0
-439 -468 0
-440 -441 0
-440 -442 0
-440 -443 0
-440 -444 0
-440 -445 0
-440 -446 0
-440 -447 0
-440 -448 0
-440 -449 0
-440 -450 0
-440 -451 0
-440 -452 0
-440 -453 0
-440 -454 0
-440 -455 0
-440 -456 0
-440 -457 0
-440 -458 0
-440 -459 0
-440 -460 0
-440 -461 0
-440 -462 0
-440 -463 0
-440 -464 0
-440 -465 0
-440 -466 0
-440 -467 0
-440 -468 0
-441 -442 0
-441 -443 0
-441 -444 0
-441 -445 0
-441 -446 0
-441 -447 0
-441 -448 0
-441 -449 0
-441 -450 0
-441 -451 0
-441 -452 0
-441 -453 0
-441 -454 0
-441 -455 0
-441 -456 0
-441 -457 0
-441 -458 0
-441 -459 0
-441 -460 0
-441 -461 0
-441 -462 0
-441 -463 0
-441 -464 0
-441 -465 0
-441 -466 0
-441 -467 0
-441 -468 0
-442 -443 0
-442 -444 0
-442 -445 0
-442 -446 0
-442 -447 0
-442 -448 0
-442 -449 0
-442 -450 0
-442 -451 0
-442 -452 0
-442 -453 0
-442 -454 0
-442 -455 0
-442 -456 0
-442 -457 0
-442 -458 0
-442 -459 0
-442 -460 0
-442 -461 0
-442 -462 0
-442 -463 0
-442 -464 0
-442 -465 0
-442 -466 0
-442 -467 0
-442 -468 0
-443 -444 0
-443 -445 0
-443 -446 0
-443 -447 0
-443 -448 0
-443 -449 0
-443 -450 0
-443 -451 0
-443 -452 0
-443 -453 0
-443 -454 0
-443 -455 0
-443 -456 0
-443 -457 0
-443 -458 0
-443 -459 0
-443 -460 0
-443 -461 0
-443 -462 0
-443 -463 0
-443 -464 0
-443 -465 0
-443 -466 0
-443 -467 0
-443 -468 0
-444 -445 0
-444 -446 0
-444 -447 0
-444 -448 0
-444 -449 0
-444 -450 0
-444 -451 0
-444 -452 0
-444 -453 0
-444 -454 0
-444 -455 0
-444 -456 0
-444 -457 0
-444 -458 0
-444 -459 0
-444 -460 0
-444 -461 0
-444 -462 0
-444 -463 0
-444 -464 0
-444 -465 0
-444 -466 0
-444 -467 0
-444 -468 0
-445 -446 0
-445 -447 0
-445 -448 0
-445 -449 0
-445 -450 0
-445 -451 0
-445 -452 0
-445 -453 0
-445 -454 0
-445 -455 0
-445 -456 0
-445 -457 0
-445 -458 0
-445 -459 0
-445 -460 0
-445 -461 0
-445 -462 0
-445 -463 0
-445 -464 0
-445 -465 0
-445 -466 0
-445 -467 0
-445 -468 0
-446 -447 0
-446 -448 0
-446 -449 0
-446 -450 0
-446 -451 0
-446 -452 0
-446 -453 0
-446 -454 0
-446 -455 0
-446 -456 0
-446 -457 0
-446 -458 0
-446 -459 0
-446 -460 0
-446 -461 0
-446 -462 0
-446 -463 0
-446 -464 0
-446 -465 0
-446 -466 0
-446 -467 0
-446 -468 0
-447 -448 0
-447 -449 0
-447 -450 0
-447 -451 0
-447 -452 0
-447 -453 0
-447 -454 0
-447 -455 0
-447 -456 0
-447 -457 0
-447 -458 0
-447 -459 0
-447 -460 0
-447 -461 0
-447 -462 0
-447 -463 0
-447 -464 0
-447 -465 0
-447 -466 0
-447 -467 0
-447 -468 0
-448 -449 0
-448 -450 0
-448 -451 0
-448 -452 0
-448 -453 0
-448 -454 0
-448 -455 0
-448 -456 0
-448 -457 0
-448 -458 0
-448 -459 0
-448 -460 0
-448 -461 0
-448 -462 0
-448 -463 0
-448 -464 0
-448 -465 0
-448 -466 0
-448 -467 0
-448 -468 0
-449 -450 0
-449 -451 0
-449 -452 0
-449 -453 0
-449 -454 0
-449 -455 0
-449 -456 0
-449 -457 0
-449 -458 0
-449 -459 0
-449 -460 0
-449 -461 0
-449 -462 0
-449 -463 0
-449 -464 0
-449 -465 0
-449 -466 0
-449 -467 0
-449 -468 0
-450 -451 0
-450 -452 0
-450 -453 0
-450 -454 0
-450 -455 0
-450 -456 0
-450 -457 0
-450 -458 0
-450 -459 0
-450 -460 0
-450 -461 0
-450 -462 0
-450 -463 0
-450 -464 0
-450 -465 0
-450 -466 0
-450 -467 0
-450 -468 0
-451 -452 0
-451 -453 0
-451 -454 0
-451 -455 0
-451 -456 0
-451 -457 0
-451 -458 0
-451 -459 0
-451 -460 0
-451 -461 0
-451 -462 0
-451 -463 0
-451 -464 0
-451 -465 0
-451 -466 0
-451 -467 0
-451 -468 0
-452 -453 0
-452 -454 0
-452 -455 0
-452 -456 0
-452 -457 0
-452 -458 0
-452 -459 0
-452 -460 0
-452 -461 0
-452 -462 0
-452 -463 0
-452 -464 0
-452 -465 0
-452 -466 0
-452 -467 0
-452 -468 0
-453 -454 0
-453 -455 0
-453 -456 0
-453 -457 0
-453 -458 0
-453 -459 0
-453 -460 0
-453 -461 0
-453 -462 0
-453 -463 0
-453 -464 0
-453 -465 0
-453 -466 0
-453 -467 0
-453 -468 0
-454 -455 0
-454 -456 0
-454 -457 0
-454 -458 0
-454 -459 0
-454 -460 0
-454 -461 0
-454 -462 0
-454 -463 0
-454 -464 0
-454 -465 0
-454 -466 0
-454 -467 0
-454 -468 0
-455 -456 0
-455 -457 0
-455 -458 0
-455 -459 0
-455 -460 0
-455 -461 0
-455 -462 0
-455 -463 0
-455 -464 0
-455 -465 0
-455 -466 0
-455 -467 0
-455 -468 0
-456 -457 0
-456 -458 0
-456 -459 0
-456 -460 0
-456 -461 0
-456 -462 0
-456 -463 0
-456 -464 0
-456 -465 0
-456 -466 0
-456 -467 0
-456 -468 0
-457 -458 0
-457 -459 0
-457 -460 0
-457 -461 0
-457 -462 0
-457 -463 0
-457 -464 0
-457 -465 0
-457 -466 0
-457 -467 0
-457 -468 0
-458 -459 0
-458 -460 0
-458 -461 0
-458 -462 0
-458 -463 0
-458 -464 0
-458 -465 0
-458 -466 0
-458 -467 0
-458 -468 0
-459 -460 0
-459 -461 0
-459 -462 0
-459 -463 0
-459 -464 0
-459 -465 0
-459 -466 0
-459 -467 0
-459 -468 0
-460 -461 0
-460 -462 0
-460 -463 0
-460 -464 0
-460 -465 0
-460 -466 0
-460 -467 0
-460 -468 0
-461 -462 0
-461 -463 0
-461 -464 0
-461 -465 0
-461 -466 0
-461 -467 0
-461 -468 0
-462 -463 0
-462 -464 0
-462 -465 0
-462 -466 0
-462 -467 0
-462 -468 0
-463 -464 0
-463 -465 0
-463 -466 0
-463 -467 0
-463 -468 0
-464 -465 0
-464 -466 0
-464 -467 0
-464 -468 0
-465 -466 0
-465 -467 0
-465 -468 0
-466 -467 0
-466 -468 0
-467 -468 0
-469 -470 0
-469 -471 0
-469 -472 0
-469 -473 0
-469 -474 0
-469 -475 0
-469 -476 0
-469 -477 0
-469 -478 0
-469 -479 0
-469 -480 0
-469 -481 0
-469 -482 0
-469 -483 0
-469 -484 0
-469 -485 0
-469 -486 0
-469 -487 0
-469 -488 0
-469 -489 0
-469 -490 0
-469 -491 0
-469 -492 0
-469 -493 0
-469 -494 0
-469 -495 0
-469 -496 0
-469 -497 0
-469 -498 0
-469 -499 0
-469 -500 0
-469 -501 0
-469 -502 0
-469 -503 0
-469 -504 0
-469 -505 0
-469 -506 0
-469 -507 0
-470 -471 0
-470 -472 0
-470 -473 0
-470 -474 0
-470 -475 0
-470 -476 0
-470 -477 0
-470 -478 0
-470 -479 0
-470 -480 0
-470 -481 0
-470 -482 0
-470 -483 0
-470 -484 0
-470 -485 0
-470 -486 0
-470 -487 0
-470 -488 0
-470 -489 0
-470 -490 0
-470 -491 0
-470 -492 0
-470 -493 0
-470 -494 0
-470 -495 0
-470 -496 0
-470 -497 0
-470 -498 0
-470 -499 0
-470 -500 0
-470 -501 0
-470 -502 0
-470 -503 0
-470 -504 0
-470 -505 0
-470 -506 0
-470 -507 0
-471 -472 0
-471 -473 0
-471 -474 0
-471 -475 0
-471 -476 0
-471 -477 0
-471 -478 0
-471 -479 0
-471 -480 0
-471 -481 0
-471 -482 0
-471 -483 0
-471 -484 0
-471 -485 0
-471 -486 0
-471 -487 0
-471 -488 0
-471 -489 0
-471 -490 0
-471 -491 0
-471 -492 0
-471 -493 0
-471 -494 0
-471 -495 0
-471 -496 0
-471 -497 0
-471 -498 0
-471 -499 0
-471 -500 0
-471 -501 0
-471 -502 0
-471 -503 0
-471 -504 0
-471 -505 0
-471 -506 0
-471 -507 0
-472 -473 0
-472 -474 0
-472 -475 0
-472 -476 0
-472 -477 0
-472 -478 0
-472 -479 0
-472 -480 0
-472 -481 0
-472 -482 0
-472 -483 0
-472 -484 0
-472 -485 0
-472 -486 0
-472 -487 0
-472 -488 0
-472 -489 0
-472 -490 0
-472 -491 0
-472 -492 0
-472 -493 0
-472 -494 0
-472 -495 0
-472 -496 0
-472 -497 0
-472 -498 0
-472 -499 0
-472 -500 0
-472 -501 0
-472 -502 0
-472 -503 0
-472 -504 0
-472 -505 0
-472 -506 0
-472 -507 0
-473 -474 0
-473 -475 0
-473 -476 0
-473 -477 0
-473 -478 0
-473 -479 0
-473 -480 0
-473 -481 0
-473 -482 0
-473 -483 0
-473 -484 0
-473 -485 0
-473 -486 0
-473 -487 0
-473 -488 0
-473 -489 0
-473 -490 0
-473 -491 0
-473 -492 0
-473 -493 0
-473 -494 0
-473 -495 0
-473 -496 0
-473 -497 0
-473 -498 0
-473 -499 0
-473 -500 0
-473 -501 0
-473 -502 0
-473 -503 0
-473 -504 0
-473 -505 0
-473 -506 0
-473 -507 0
-474 -475 0
-474 -476 0
-474 -477 0
-474 -478 0
-474 -479 0
-474 -480 0
-474 -481 0
-474 -482 0
-474 -483 0
-474 -484 0
-474 -485 0
-474 -486 0
-474 -487 0
-474 -488 0
-474 -489 0
-474 -490 0
-474 -491 0
-474 -492 0
-474 -493 0
-474 -494 0
-474 -495 0
-474 -496 0
-474 -497 0
-474 -498 0
-474 -499 0
-474 -500 0
-474 -501 0
-474 -502 0
-474 -503 0
-474 -504 0
-474 -505 0
-474 -506 0
-474 -507 0
-475 -476 0
-475 -477 0
-475 -478 0
-475 -479 0
-475 -480 0
-475 -481 0
-475 -482 0
-475 -483 0
-475 -484 0
-475 -485 0
-475 -486 0
-475 -487 0
-475 -488 0
-475 -489 0
-475 -490 0
-475 -491 0
-475 -492 0
-475 -493 0
-475 -494 0
-475 -495 0
-475 -496 0
-475 -497 0
-475 -498 0
-475 -499 0
-475 -500 0
-475 -501 0
-475 -502 0
-475 -503 0
-475 -504 0
-475 -505 0
-475 -506 0
-475 -507 0
-476 -477 0
-476 -478 0
-476 -479 0
-476 -480 0
-476 -481 0
-476 -482 0
-476 -483 0
-476 -484 0
-476 -485 0
-476 -486 0
-476 -487 0
-476 -488 0
-476 -489 0
-476 -490 0
-476 -491 0
-476 -492 0
-476 -493 0
-476 -494 0
-476 -495 0
-476 -496 0
-476 -497 0
-476 -498 0
-476 -499 0
-476 -500 0
-476 -501 0
-476 -502 0
-476 -503 0
-476 -504 0
-476 -505 0
-476 -506 0
-476 -507 0
-477 -478 0
-477 -479 0
-477 -480 0
-477 -481 0
-477 -482 0
-477 -483 0
-477 -484 0
-477 -485 0
-477 -486 0
-477 -487 0
-477 -488 0
-477 -489 0
-477 -490 0
-477 -491 0
-477 -492 0
-477 -493 0
-477 -494 0
-477 -495 0
-477 -496 0
-477 -497 0
-477 -498 0
-477 -499 0
-477 -500 0
-477 -501 0
-477 -502 0
-477 -503 0
-477 -504 0
-477 -505 0
-477 -506 0
-477 -507 0
-478 -479 0
-478 -480 0
-478 -481 0
-478 -482 0
-478 -483 0
-478 -484 0
-478 -485 0
-478 -486 0
-478 -487 0
-478 -488 0
-478 -489 0
-478 -490 0
-478 -491 0
-478 -492 0
-478 -493 0
-478 -494 0
-478 -495 0
-478 -496 0
-478 -497 0
-478 -498 0
-478 -499 0
-478 -500 0
-478 -501 0
-478 -502 0
-478 -503 0
-478 -504 0
-478 -505 0
-478 -506 0
-478 -507 0
-479 -480 0
-479 -481 0
-479 -482 0
-479 -483 0
-479 -484 0
-479 -485 0
-479 -486 0
-479 -487 0
-479 -488 0
-479 -489 0
-479 -490 0
-479 -491 0
-479 -492 0
-479 -493 0
-479 -494 0
-479 -495 0
-479 -496 0
-479 -497 0
-479 -498 0
-479 -499 0
-479 -500 0
-479 -501 0
-479 -502 0
-479 -503 0
-479 -504 0
-479 -505 0
-479 -506 0
-479 -507 0
-480 -481 0
-480 -482 0
-480 -483 0
-480 -484 0
-480 -485 0
-480 -486 0
-480 -487 0
-480 -488 0
-480 -489 0
-480 -490 0
-480 -491 0
-480 -492 0
-480 -493 0
-480 -494 0
-480 -495 0
-480 -496 0
-480 -497 0
-480 -498 0
-480 -499 0
-480 -500 0
-480 -501 0
-480 -502 0
-480 -503 0
-480 -504 0
-480 -505 0
-480 -506 0
-480 -507 0
-481 -482 0
-481 -483 0
-481 -484 0
-481 -485 0
-481 -486 0
-481 -487 0
-481 -488 0
-481 -489 0
-481 -490 0
-481 -491 0
-481 -492 0
-481 -493 0
-481 -494 0
-481 -495 0
-481 -496 0
-481 -497 0
-481 -498 0
-481 -499 0
-481 -500 0
-481 -501 0
-481 -502 0
-481 -503 0
-481 -504 0
-481 -505 0
-481 -506 0
-481 -507 0
-482 -483 0
-482 -484 0
-482 -485 0
-482 -486 0
-482 -487 0
-482 -488 0
-482 -489 0
-482 -490 0
-482 -491 0
-482 -492 0
-482 -493 0
-482 -494 0
-482 -495 0
-482 -496 0
-482 -497 0
-482 -498 0
-482 -499 0
-482 -500 0
-482 -501 0
-482 -502 0
-482 -503 0
-482 -504 0
-482 -505 0
-482 -506 0
-482 -507 0
-483 -484 0
-483 -485 0
-483 -486 0
-483 -487 0
-483 -488 0
-483 -489 0
-483 -490 0
-483 -491 0
-483 -492 0
-483 -493 0
-483 -494 0
-483 -495 0
-483 -496 0
-483 -497 0
-483 -498 0
-483 -499 0
-483 -500 0
-483 -501 0
-483 -502 0
-483 -503 0
-483 -504 0
-483 -505 0
-483 -506 0
-483 -507 0
-484 -485 0
-484 -486 0
-484 -487 0
-484 -488 0
-484 -489 0
-484 -490 0
-484 -491 0
-484 -492 0
-484 -493 0
-484 -494 0
-484 -495 0
-484 -496 0
-484 -497 0
-484 -498 0
-484 -499 0
-484 -500 0
-484 -501 0
-484 -502 0
-484 -503 0
-484 -504 0
-484 -505 0
-484 -506 0
-484 -507 0
-485 -486 0
-485 -487 0
-485 -488 0
-485 -489 0
-485 -490 0
-485 -491 0
-485 -492 0
-485 -493 0
-485 -494 0
-485 -495 0
-485 -496 0
-485 -497 0
-485 -498 0
-485 -499 0
-485 -500 0
-485 -501 0
-485 -502 0
-485 -503 0
-485 -504 0
-485 -505 0
-485 -506 0
-485 -507 0
-486 -487 0
-486 -488 0
-486 -489 0
-486 -490 0
-486 -491 0
-486 -492 0
-486 -493 0
-486 -494 0
-486 -495 0
-486 -496 0
-486 -497 0
-486 -498 0
-486 -499 0
-486 -500 0
-486 -501 0
-486 -502 0
-486 -503 0
-486 -504 0
-486 -505 0
-486 -506 0
-486 -507 0
-487 -488 0
-487 -489 0
-487 -490 0
-487 -491 0
-487 -492 0
-487 -493 0
-487 -494 0
-487 -495 0
-487 -496 0
-487 -497 0
-487 -498 0
-487 -499 0
-487 -500 0
-487 -501 0
-487 -502 0
-487 -503 0
-487 -504 0
-487 -505 0
-487 -506 0
-487 -507 0
-488 -489 0
-488 -490 0
-488 -491 0
-488 -492 0
-488 -493 0
-488 -494 0
-488 -495 0
-488 -496 0
-488 -497 0
-488 -498 0
-488 -499 0
-488 -500 0
-488 -501 0
-488 -502 0
-488 -503 0
-488 -504 0
-488 -505 0
-488 -506 0
-488 -507 0
-489 -490 0
-489 -491 0
-489 -492 0
-489 -493 0
-489 -494 0
-489 -495 0
-489 -496 0
-489 -497 0
-489 -498 0
-489 -499 0
-489 -500 0
-489 -501 0
-489 -502 0
-489 -503 0
-489 -504 0
-489 -505 0
-489 -506 0
-489 -507 0
-490 -491 0
-490 -492 0
-490 -493 0
-490 -494 0
-490 -495 0
-490 -496 0
-490 -497 0
-490 -498 0
-490 -499 0
-490 -500 0
-490 -501 0
-490 -502 0
-490 -503 0
-490 -504 0
-490 -505 0
-490 -506 0
-490 -507 0
-491 -492 0
-491 -493 0
-491 -494 0
-491 -495 0
-491 -496 0
-491 -497 0
-491 -498 0
-491 -499 0
-491 -500 0
-491 -501 0
-491 -502 0
-491 -503 0
-491 -504 0
-491 -505 0
-491 -506 0
-491 -507 0
-492 -493 0
-492 -494 0
-492 -495 0
-492 -496 0
-492 -497 0
-492 -498 0
-492 -499 0
-492 -500 0
-492 -501 0
-492 -502 0
-492 -503 0
-492 -504 0
-492 -505 0
-492 -506 0
-492 -507 0
-493 -494 0
-493 -495 0
-493 -496 0
-493 -497 0
-493 -498 0
-493 -499 0
-493 -500 0
-493 -501 0
-493 -502 0
-493 -503 0
-493 -504 0
-493 -505 0
-493 -506 0
-493 -507 0
-494 -495 0
-494 -496 0
-494 -497 0
-494 -498 0
-494 -499 0
-494 -500 0
-494 -501 0
-494 -502 0
-494 -503 0
-494 -504 0
-494 -505 0
-494 -506 0
-494 -507 0
-495 -496 0
-495 -497 0
-495 -498 0
-495 -499 0
-495 -500 0
-495 -501 0
-495 -502 0
-495 -503 0
-495 -504 0
-495 -505 0
-495 -506 0
-495 -507 0
-496 -497 0
-496 -498 0
-496 -499 0
-496 -500 0
-496 -501 0
-496 -502 0
-496 -503 0
-496 -504 0
-496 -505 0
-496 -506 0
-496 -507 0
-497 -498 0
-497 -499 0
-497 -500 0
-497 -501 0
-497 -502 0
-497 -503 0
-497 -504 0
-497 -505 0
-497 -506 0
-497 -507 0
-498 -499 0
-498 -500 0
-498 -501 0
-498 -502 0
-498 -503 0
-498 -504 0
-498 -505 0
-498 -506 0
-498 -507 0
-499 -500 0
-499 -501 0
-499 -502 0
-499 -503 0
-499 -504 0
-499 -505 0
-499 -506 0
-499 -507 0
-500 -501 0
-500 -502 0
-500 -503 0
-500 -504 0
-500 -505 0
-500 -506 0
-500 -507 0
-501 -502 0
-501 -503 0
-501 -504 0
-501 -505 0
-501 -506 0
-501 -507 0
-502 -503 0
-502 -504 0
-502 -505 0
-502 -506 0
-502 -507 0
-503 -504 0
-503 -505 0
-503 -506 0
-503 -507 0
-504 -505 0
-504 -506 0
-504 -507 0
-505 -506 0
-505 -507 0
-506 -507 0
-508 -509 0
-508 -510 0
-508 -511 0
-508 -512 0
-508 -513 0
-508 -514 0
-508 -515 0
-508 -516 0
-508 -517 0
-508 -518 0
-508 -519 0
-508 -520 0
-508 -521 0
-508 -522 0
-508 -523 0
-508 -524 0
-508 -525 0
-508 -526 0
-508 -527 0
-508 -528 0
-508 -529 0
-508 -530 0
-508 -531 0
-508 -532 0
-508 -533 0
-508 -534 0
-508 -535 0
-508 -536 0
-508 -537 0
-508 -538 0
-508 -539 0
-508 -540 0
-508 -541 0
-508 -542 0
-508 -543 0
-508 -544 0
-508 -545 0
-508 -546 0
-509 -510 0
-509 -511 0
-509 -512 0
-509 -513 0
-509 -514 0
-509 -515 0
-509 -516 0
-509 -517 0
-509 -518 0
-509 -519 0
-509 -520 0
-509 -521 0
-509 -522 0
-509 -523 0
-509 -524 0
-509 -525 0
-509 -526 0
-509 -527 0
-509 -528 0
-509 -529 0
-509 -530 0
-509 -531 0
-509 -532 0
-509 -533 0
-509 -534 0
-509 -535 0
-509 -536 0
-509 -537 0
-509 -538 0
-509 -539 0
-509 -540 0
-509 -541 0
-509 -542 0
-509 -543 0
-509 -544 0
-509 -545 0
-509 -546 0
-510 -511 0
-510 -512 0
-510 -513 0
-510 -514 0
-510 -515 0
-510 -516 0
-510 -517 0
-510 -518 0
-510 -519 0
-510 -520 0
-510 -521 0
-510 -522 0
-510 -523 0
-510 -524 0
-510 -525 0
-510 -526 0
-510 -527 0
-510 -528 0
-510 -529 0
-510 -530 0
-510 -531 0
-510 -532 0
-510 -533 0
-510 -534 0
-510 -535 0
-510 -536 0
-510 -537 0
-510 -538 0
-510 -539 0
-510 -540 0
-510 -541 0
-510 -542 0
-510 -543 0
-510 -544 0
-510 -545 0
-510 -546 0
-511 -512 0
-511 -513 0
-511 -514 0
-511 -515 0
-511 -516 0
-511 -517 0
-511 -518 0
-511 -519 0
-511 -520 0
-511 -521 0
-511 -522 0
-511 -523 0
-511 -524 0
-511 -525 0
-511 -526 0
-511 -527 0
-511 -528 0
-511 -529 0
-511 -530 0
-511 -531 0
-511 -532 0
-511 -533 0
-511 -534 0
-511 -535 0
-511 -536 0
-511 -537 0
-511 -538 0
-511 -539 0
-511 -540 0
-511 -541 0
-511 -542 0
-511 -543 0
-511 -544 0
-511 -545 0
-511 -546 0
-512 -513 0
-512 -514 0
-512 -515 0
-512 -516 0
-512 -517 0
-512 -518 0
-512 -519 0
-512 -520 0
-512 -521 0
-512 -522 0
-512 -523 0
-512 -524 0
-512 -525 0
-512 -526 0
-512 -527 0
-512 -528 0
-512 -529 0
-512 -530 0
-512 -531 0
-512 -532 0
-512 -533 0
-512 -534 0
-512 -535 0
-512 -536 0
-512 -537 0
-512 -538 0
-512 -539 0
-512 -540 0
-512 -541 0
-512 -542 0
-512 -543 0
-512 -544 0
-512 -545 0
-512 -546 0
-513 -514 0
-513 -515 0
-513 -516 0
-513 -517 0
-513 -518 0
-513 -519 0
-513 -520 0
-513 -521 0
-513 -522 0
-513 -523 0
-513 -524 0
-513 -525 0
-513 -526 0
-513 -527 0
-513 -528 0
-513 -529 0
-513 -530 0
-513 -531 0
-513 -532 0
-513 -533 0
-513 -534 0
-513 -535 0
-513 -536 0
-513 -537 0
-513 -538 0
-513 -539 0
-513 -540 0
-513 -541 0
-513 -542 0
-513 -543 0
-513 -544 0
-513 -545 0
-513 -546 0
-514 -515 0
-514 -516 0
-514 -517 0
-514 -518 0
-514 -519 0
-514 -520 0
-514 -521 0
-514 -522 0
-514 -523 0
-514 -524 0
-514 -525 0
-514 -526 0
-514 -527 0
-514 -528 0
-514 -529 0
-514 -530 0
-514 -531 0
-514 -532 0
-514 -533 0
-514 -534 0
-514 -535 0
-514 -536 0
-514 -537 0
-514 -538 0
-514 -539 0
-514 -540 0
-514 -541 0
-514 -542 0
-514 -543 0
-514 -544 0
-514 -545 0
-514 -546 0
-515 -516 0
-515 -517 0
-515 -518 0
-515 -519 0
-515 -520 0
-515 -521 0
-515 -522 0
-515 -523 0
-515 -524 0
-515 -525 0
-515 -526 0
-515 -527 0
-515 -528 0
-515 -529 0
-515 -530 0
-515 -531 0
-515 -532 0
-515 -533 0
-515 -534 0
-515 -535 0
-515 -536 0
-515 -537 0
-515 -538 0
-515 -539 0
-515 -540 0
-515 -541 0
-515 -542 0
-515 -543 0
-515 -544 0
-515 -545 0
-515 -546 0
-516 -517 0
-516 -518 0
-516 -519 0
-516 -520 0
-516 -521 0
-516 -522 0
-516 -523 0
-516 -524 0
-516 -525 0
-516 -526 0
-516 -527 0
-516 -528 0
-516 -529 0
-516 -530 0
-516 -531 0
-516 -532 0
-516 -533 0
-516 -534 0
-516 -535 0
-516 -536 0
-516 -537 0
-516 -538 0
-516 -539 0
-516 -540 0
-516 -541 0
-516 -542 0
-516 -543 0
-516 -544 0
-516 -545 0
-516 -546 0
-517 -518 0
-517 -519 0
-517 -520 0
-517 -521 0
-517 -522 0
-517 -523 0
-517 -524 0
-517 -525 0
-517 -526 0
-517 -527 0
-517 -528 0
-517 -529 0
-517 -530 0
-517 -531 0
-517 -532 0
-517 -533 0
-517 -534 0
-517 -535 0
-517 -536 0
-517 -537 0
-517 -538 0
-517 -539 0
-517 -540 0
-517 -541 0
-517 -542 0
-517 -543 0
-517 -544 0
-517 -545 0
-517 -546 0
-518 -519 0
-518 -520 0
-518 -521 0
-518 -522 0
-518 -523 0
-518 -524 0
-518 -525 0
-518 -526 0
-518 -527 0
-518 -528 0
-518 -529 0
-518 -530 0
-518 -531 0
-518 -532 0
-518 -533 0
-518 -534 0
-518 -535 0
-518 -536 0
-518 -537 0
-518 -538 0
-518 -539 0
-518 -540 0
-518 -541 0
-518 -542 0
-518 -543 0
-518 -544 0
-518 -545 0
-518 -546 0
-519 -520 0
-519 -521 0
-519 -522 0
-519 -523 0
-519 -524 0
-519 -525 0
-519 -526 0
-519 -527 0
-519 -528 0
-519 -529 0
-519 -530 0
-519 -531 0
-519 -532 0
-519 -533 0
-519 -534 0
-519 -535 0
-519 -536 0
-519 -537 0
-519 -538 0
-519 -539 0
-519 -540 0
-519 -541 0
-519 -542 0
-519 -543 0
-519 -544 0
-519 -545 0
-519 -546 0
-520 -521 0
-520 -522 0
-520 -523 0
-520 -524 0
-520 -525 0
-520 -526 0
-520 -527 0
-520 -528 0
-520 -529 0
-520 -530 0
-520 -531 0
-520 -532 0
-520 -533 0
-520 -534 0
-520 -535 0
-520 -536 0
-520 -537 0
-520 -538 0
-520 -539 0
-520 -540 0
-520 -541 0
-520 -542 0
-520 -543 0
-520 -544 0
-520 -545 0
-520 -546 0
-521 -522 0
-521 -523 0
-521 -524 0
-521 -525 0
-521 -526 0
-521 -527 0
-521 -528 0
-521 -529 0
-521 -530 0
-521 -531 0
-521 -532 0
-521 -533 0
-521 -534 0
-521 -535 0
-521 -536 0
-521 -537 0
-521 -538 0
-521 -539 0
-521 -540 0
-521 -541 0
-521 -542 0
-521 -543 0
-521 -544 0
-521 -545 0
-521 -546 0
-522 -523 0
-522 -524 0
-522 -525 0
-522 -526 0
-522 -527 0
-522 -528 0
-522 -529 0
-522 -530 0
-522 -531 0
-522 -532 0
-522 -533 0
-522 -534 0
-522 -535 0
-522 -536 0
-522 -537 0
-522 -538 0
-522 -539 0
-522 -540 0
-522 -541 0
-522 -542 0
-522 -543 0
-522 -544 0
-522 -545 0
-522 -546 0
-523 -524 0
-523 -525 0
-523 -526 0
-523 -527 0
-523 -528 0
-523 -529 0
-523 -530 0
-523 -531 0
-523 -532 0
-523 -533 0
-523 -534 0
-523 -535 0
-523 -536 0
-523 -537 0
-523 -538 0
-523 -539 0
-523 -540 0
-523 -541 0
-523 -542 0
-523 -543 0
-523 -544 0
-523 -545 0
-523 -546 0
-524 -525 0
-524 -526 0
-524 -527 0
-524 -528 0
-524 -529 0
-524 -530 0
-524 -531 0
-524 -532 0
-524 -533 0
-524 -534 0
-524 -535 0
-524 -536 0
-524 -537 0
-524 -538 0
-524 -539 0
-524 -540 0
-524 -541 0
-524 -542 0
-524 -543 0
-524 -544 0
-524 -545 0
-524 -546 0
-525 -526 0
-525 -527 0
-525 -528 0
-525 -529 0
-525 -530 0
-525 -531 0
-525 -532 0
-525 -533 0
-525 -534 0
-525 -535 0
-525 -536 0
-525 -537 0
-525 -538 0
-525 -539 0
-525 -540 0
-525 -541 0
-525 -542 0
-525 -543 0
-525 -544 0
-525 -545 0
-525 -546 0
-526 -527 0
-526 -528 0
-526 -529 0
-526 -530 0
-526 -531 0
-526 -532 0
-526 -533 0
-526 -534 0
-526 -535 0
-526 -536 0
-526 -537 0
-526 -538 0
-526 -539 0
-526 -540 0
-526 -541 0
-526 -542 0
-526 -543 0
-526 -544 0
-526 -545 0
-526 -546 0
-527 -528 0
-527 -529 0
-527 -530 0
-527 -531 0
-527 -532 0
-527 -533 0
-527 -534 0
-527 -535 0
-527 -536 0
-527 -537 0
-527 -538 0
-527 -539 0
-527 -540 0
-527 -541 0
-527 -542 0
-527 -543 0
-527 -544 0
-527 -545 0
-527 -546 0
-528 -529 0
-528 -530 0
-528 -531 0
-528 -532 0
-528 -533 0
-528 -534 0
-528 -535 0
-528 -536 0
-528 -537 0
-528 -538 0
-528 -539 0
-528 -540 0
-528 -541 0
-528 -542 0
-528 -543 0
-528 -544 0
-528 -545 0
-528 -546 0
-529 -530 0
-529 -531 0
-529 -532 0
-529 -533 0
-529 -534 0
-529 -535 0
-529 -536 0
-529 -537 0
-529 -538 0
-529 -539 0
-529 -540 0
-529 -541 0
-529 -542 0
-529 -543 0
-529 -544 0
-529 -545 0
-529 -546 0
-530 -531 0
-530 -532 0
-530 -533 0
-530 -534 0
-530 -535 0
-530 -536 0
-530 -537 0
-530 -538 0
-530 -539 0
-530 -540 0
-530 -541 0
-530 -542 0
-530 -543 0
-530 -544 0
-530 -545 0
-530 -546 0
-531 -532 0
-531 -533 0
-531 -534 0
-531 -535 0
-531 -536 0
-531 -537 0
-531 -538 0
-531 -539 0
-531 -540 0
-531 -541 0
-531 -542 0
-531 -543 0
-531 -544 0
-531 -545 0
-531 -546 0
-532 -533 0
-532 -534 0
-532 -535 0
-532 -536 0
-532 -537 0
-532 -538 0
-532 -539 0
-532 -540 0
-532 -541 0
-532 -542 0
-532 -543 0
-532 -544 0
-532 -545 0
-532 -546 0
-533 -534 0
-533 -535 0
-533 -536 0
-533 -537 0
-533 -538 0
-533 -539 0
-533 -540 0
-533 -541 0
-533 -542 0
-533 -543 0
-533 -544 0
-533 -545 0
-533 -546 0
-534 -535 0
-534 -536 0
-534 -537 0
-534 -538 0
-534 -539 0
-534 -540 0
-534 -541 0
-534 -542 0
-534 -543 0
-534 -544 0
-534 -545 0
-534 -546 0
-535 -536 0
-535 -537 0
-535 -538 0
-535 -539 0
-535 -540 0
-535 -541 0
-535 -542 0
-535 -543 0
-535 -544 0
-535 -545 0
-535 -546 0
-536 -537 0
-536 -538 0
-536 -539 0
-536 -540 0
-536 -541 0
-536 -542 0
-536 -543 0
-536 -544 0
-536 -545 0
-536 -546 0
-537 -538 0
-537 -539 0
-537 -540 0
-537 -541 0
-537 -542 0
-537 -543 0
-537 -544 0
-537 -545 0
-537 -546 0
-538 -539 0
-538 -540 0
-538 -541 0
-538 -542 0
-538 -543 0
-538 -544 0
-538 -545 0
-538 -546 0
-539 -540 0
-539 -541 0
-539 -542 0
-539 -543 0
-539 -544 0
-539 -545 0
-539 -546 0
-540 -541 0
-540 -542 0
-540 -543 0
-540 -544 0
-540 -545 0
-540 -546 0
-541 -542 0
-541 -543 0
-541 -544 0
-541 -545 0
-541 -546 0
-542 -543 0
-542 -544 0
-542 -545 0
-542 -546 0
-543 -544 0
-543 -545 0
-543 -546 0
-544 -545 0
-544 -546 0
-545 -546 0
-547 -548 0
-547 -549 0
-547 -550 0
-547 -551 0
-547 -552 0
-547 -553 0
-547 -554 0
-547 -555 0
-547 -556 0
-547 -557 0
-547 -558 0
-547 -559 0
-547 -560 0
-547 -561 0
-547 -562 0
-547 -563 0
-547 -564 0
-547 -565 0
-547 -566 0
-547 -567 0
-547 -568 0
-547 -569 0
-547 -570 0
-547 -571 0
-547 -572 0
-547 -573 0
-547 -574 0
-547 -575 0
-547 -576 0
-547 -577 0
-547 -578 0
-547 -579 0
-547 -580 0
-547 -581 0
-547 -582 0
-547 -583 0
-547 -584 0
-547 -585 0
-548 -549 0
-548 -550 0
-548 -551 0
-548 -552 0
-548 -553 0
-548 -554 0
-548 -555 0
-548 -556 0
-548 -557 0
-548 -558 0
-548 -559 0
-548 -560 0
-548 -561 0
-548 -562 0
-548 -563 0
-548 -564 0
-548 -565 0
-548 -566 0
-548 -567 0
-548 -568 0
-548 -569 0
-548 -570 0
-548 -571 0
-548 -572 0
-548 -573 0
-548 -574 0
-548 -575 0
-548 -576 0
-548 -577 0
-548 -578 0
-548 -579 0
-548 -580 0
-548 -581 0
-548 -582 0
-548 -583 0
-548 -584 0
-548 -585 0
-549 -550 0
-549 -551 0
-549 -552 0
-549 -553 0
-549 -554 0
-549 -555 0
-549 -556 0
-549 -557 0
-549 -558 0
-549 -559 0
-549 -560 0
-549 -561 0
-549 -562 0
-549 -563 0
-549 -564 0
-549 -565 0
-549 -566 0
-549 -567 0
-549 -568 0
-549 -569 0
-549 -570 0
-549 -571 0
-549 -572 0
-549 -573 0
-549 -574 0
-549 -575 0
-549 -576 0
-549 -577 0
-549 -578 0
-549 -579 0
-549 -580 0
-549 -581 0
-549 -582 0
-549 -583 0
-549 -584 0
-549 -585 0
-550 -551 0
-550 -552 0
-550 -553 0
-550 -554 0
-550 -555 0
-550 -556 0
-550 -557 0
-550 -558 0
-550 -559 0
-550 -560 0
-550 -561 0
-550 -562 0
-550 -563 0
-550 -564 0
-550 -565 0
-550 -566 0
-550 -567 0
-550 -568 0
-550 -569 0
-550 -570 0
-550 -571 0
-550 -572 0
-550 -573 0
-550 -574 0
-550 -575 0
-550 -576 0
-550 -577 0
-550 -578 0
-550 -579 0
-550 -580 0
-550 -581 0
-550 -582 0
-550 -583 0
-550 -584 0
-550 -585 0
-551 -552 0
-551 -553 0
-551 -554 0
-551 -555 0
-551 -556 0
-551 -557 0
-551 -558 0
-551 -559 0
-551 -560 0
-551 -561 0
-551 -562 0
-551 -563 0
-551 -564 0
-551 -565 0
-551 -566 0
-551 -567 0
-551 -568 0
-551 -569 0
-551 -570 0
-551 -571 0
-551 -572 0
-551 -573 0
-551 -574 0
-551 -575 0
-551 -576 0
-551 -577 0
-551 -578 0
-551 -579 0
-551 -580 0
-551 -581 0
-551 -582 0
-551 -583 0
-551 -584 0
-551 -585 0
-552 -553 0
-552 -554 0
-552 -555 0
-552 -556 0
-552 -557 0
-552 -558 0
-552 -559 0
-552 -560 0
-552 -561 0
-552 -562 0
-552 -563 0
-552 -564 0
-552 -565 0
-552 -566 0
-552 -567 0
-552 -568 0
-552 -569 0
-552 -570 0
-552 -571 0
-552 -572 0
-552 -573 0
-552 -574 0
-552 -575 0
-552 -576 0
-552 -577 0
-552 -578 0
-552 -579 0
-552 -580 0
-552 -581 0
-552 -582 0
-552 -583 0
-552 -584 0
-552 -585 0
-553 -554 0
-553 -555 0
-553 -556 0
-553 -557 0
-553 -558 0
-553 -559 0
-553 -560 0
-553 -561 0
-553 -562 0
-553 -563 0
-553 -564 0
-553 -565 0
-553 -566 0
-553 -567 0
-553 -568 0
-553 -569 0
-553 -570 0
-553 -571 0
-553 -572 0
-553 -573 0
-553 -574 0
-553 -575 0
-553 -576 0
-553 -577 0
-553 -578 0
-553 -579 0
-553 -580 0
-553 -581 0
-553 -582 0
-553 -583 0
-553 -584 0
-553 -585 0
-554 -555 0
-554 -556 0
-554 -557 0
-554 -558 0
-554 -559 0
-554 -560 0
-554 -561 0
-554 -562 0
-554 -563 0
-554 -564 0
-554 -565 0
-554 -566 0
-554 -567 0
-554 -568 0
-554 -569 0
-554 -570 0
-554 -571 0
-554 -572 0
-554 -573 0
-554 -574 0
-554 -575 0
-554 -576 0
-554 -577 0
-554 -578 0
-554 -579 0
-554 -580 0
-554 -581 0
-554 -582 0
-554 -583 0
-554 -584 0
-554 -585 0
-555 -556 0
-555 -557 0
-555 -558 0
-555 -559 0
-555 -560 0
-555 -561 0
-555 -562 0
-555 -563 0
-555 -564 0
-555 -565 0
-555 -566 0
-555 -567 0
-555 -568 0
-555 -569 0
-555 -570 0
-555 -571 0
-555 -572 0
-555 -573 0
-555 -574 0
-555 -575 0
-555 -576 0
-555 -577 0
-555 -578 0
-555 -579 0
-555 -580 0
-555 -581 0
-555 -582 0
-555 -583 0
-555 -584 0
-555 -585 0
-556 -557 0
-556 -558 0
-556 -559 0
-556 -560 0
-556 -561 0
-556 -562 0
-556 -563 0
-556 -564 0
-556 -565 0
-556 -566 0
-556 -567 0
-556 -568 0
-556 -569 0
-556 -570 0
-556 -571 0
-556 -572 0
-556 -573 0
-556 -574 0
-556 -575 0
-556 -576 0
-556 -577 0
-556 -578 0
-556 -579 0
-556 -580 0
-556 -581 0
-556 -582 0
-556 -583 0
-556 -584 0
-556 -585 0
-557 -558 0
-557 -559 0
-557 -560 0
-557 -561 0
-557 -562 0
-557 -563 0
-557 -564 0
-557 -565 0
-557 -566 0
-557 -567 0
-557 -568 0
-557 -569 0
-557 -570 0
-557 -571 0
-557 -572 0
-557 -573 0
-557 -574 0
-557 -575 0
-557 -576 0
-557 -577 0
-557 -578 0
-557 -579 0
-557 -580 0
-557 -581 0
-557 -582 0
-557 -583 0
-557 -584 0
-557 -585 0
-558 -559 0
-558 -560 0
-558 -561 0
-558 -562 0
-558 -563 0
-558 -564 0
-558 -565 0
-558 -566 0
-558 -567 0
-558 -568 0
-558 -569 0
-558 -570 0
-558 -571 0
-558 -572 0
-558 -573 0
-558 -574 0
-558 -575 0
-558 -576 0
-558 -577 0
-558 -578 0
-558 -579 0
-558 -580 0
-558 -581 0
-558 -582 0
-558 -583 0
-558 -584 0
-558 -585 0
-559 -560 0
-559 -561 0
-559 -562 0
-559 -563 0
-559 -564 0
-559 -565 0
-559 -566 0
-559 -567 0
-559 -568 0
-559 -569 0
-559 -570 0
-559 -571 0
-559 -572 0
-559 -573 0
-559 -574 0
-559 -575 0
-559 -576 0
-559 -577 0
-559 -578 0
-559 -579 0
-559 -580 0
-559 -581 0
-559 -582 0
-559 -583 0
-559 -584 0
-559 -585 0
-560 -561 0
-560 -562 0
-560 -563 0
-560 -564 0
-560 -565 0
-560 -566 0
-560 -567 0
-560 -568 0
-560 -569 0
-560 -570 0
-560 -571 0
-560 -572 0
-560 -573 0
-560 -574 0
-560 -575 0
-560 -576 0
-560 -577 0
-560 -578 0
-560 -579 0
-560 -580 0
-560 -581 0
-560 -582 0
-560 -583 0
-560 -584 0
-560 -585 0
-561 -562 0
-561 -563 0
-561 -564 0
-561 -565 0
-561 -566 0
-561 -567 0
-561 -568 0
-561 -569 0
-561 -570 0
-561 -571 0
-561 -572 0
-561 -573 0
-561 -574 0
-561 -575 0
-561 -576 0
-561 -577 0
-561 -578 0
-561 -579 0
-561 -580 0
-561 -581 0
-561 -582 0
-561 -583 0
-561 -584 0
-561 -585 0
-562 -563 0
-562 -564 0
-562 -565 0
-562 -566 0
-562 -567 0
-562 -568 0
-562 -569 0
-562 -570 0
-562 -571 0
-562 -572 0
-562 -573 0
-562 -574 0
-562 -575 0
-562 -576 0
-562 -577 0
-562 -578 0
-562 -579 0
-562 -580 0
-562 -581 0
-562 -582 0
-562 -583 0
-562 -584 0
-562 -585 0
-563 -564 0
-563 -565 0
-563 -566 0
-563 -567 0
-563 -568 0
-563 -569 0
-563 -570 0
-563 -571 0
-563 -572 0
-563 -573 0
-563 -574 0
-563 -575 0
-563 -576 0
-563 -577 0
-563 -578 0
-563 -579 0
-563 -580 0
-563 -581 0
-563 -582 0
-563 -583 0
-563 -584 0
-563 -585 0
-564 -565 0
-564 -566 0
-564 -567 0
-564 -568 0
-564 -569 0
-564 -570 0
-564 -571 0
-564 -572 0
-564 -573 0
-564 -574 0
-564 -575 0
-564 -576 0
-564 -577 0
-564 -578 0
-564 -579 0
-564 -580 0
-564 -581 0
-564 -582 0
-564 -583 0
-564 -584 0
-564 -585 0
-565 -566 0
-565 -567 0
-565 -568 0
-565 -569 0
-565 -570 0
-565 -571 0
-565 -572 0
-565 -573 0
-565 -574 0
-565 -575 0
-565 -576 0
-565 -577 0
-565 -578 0
-565 -579 0
-565 -580 0
-565 -581 0
-565 -582 0
-565 -583 0
-565 -584 0
-565 -585 0
-566 -567 0
-566 -568 0
-566 -569 0
-566 -570 0
-566 -571 0
-566 -572 0
-566 -573 0
-566 -574 0
-566 -575 0
-566 -576 0
-566 -577 0
-566 -578 0
-566 -579 0
-566 -580 0
-566 -581 0
-566 -582 0
-566 -583 0
-566 -584 0
-566 -585 0
-567 -568 0
-567 -569 0
-567 -570 0
-567 -571 0
-567 -572 0
-567 -573 0
-567 -574 0
-567 -575 0
-567 -576 0
-567 -577 0
-567 -578 0
-567 -579 0
-567 -580 0
-567 -581 0
-567 -582 0
-567 -583 0
-567 -584 0
-567 -585 0
-568 -569 0
-568 -570 0
-568 -571 0
-568 -572 0
-568 -573 0
-568 -574 0
-568 -575 0
-568 -576 0
-568 -577 0
-568 -578 0
-568 -579 0
-568 -580 0
-568 -581 0
-568 -582 0
-568 -583 0
-568 -584 0
-568 -585 0
-569 -570 0
-569 -571 0
-569 -572 0
-569 -573 0
-569 -574 0
-569 -575 0
-569 -576 0
-569 -577 0
-569 -578 0
-569 -579 0
-569 -580 0
-569 -581 0
-569 -582 0
-569 -583 0
-569 -584 0
-569 -585 0
-570 -571 0
-570 -572 0
-570 -573 0
-570 -574 0
-570 -575 0
-570 -576 0
-570 -577 0
-570 -578 0
-570 -579 0
-570 -580 0
-570 -581 0
-570 -582 0
-570 -583 0
-570 -584 0
-570 -585 0
-571 -572 0
-571 -573 0
-571 -574 0
-571 -575 0
-571 -576 0
-571 -577 0
-571 -578 0
-571 -579 0
-571 -580 0
-571 -581 0
-571 -582 0
-571 -583 0
-571 -584 0
-571 -585 0
-572 -573 0
-572 -574 0
-572 -575 0
-572 -576 0
-572 -577 0
-572 -578 0
-572 -579 0
-572 -580 0
-572 -581 0
-572 -582 0
-572 -583 0
-572 -584 0
-572 -585 0
-573 -574 0
-573 -575 0
-573 -576 0
-573 -577 0
-573 -578 0
-573 -579 0
-573 -580 0
-573 -581 0
-573 -582 0
-573 -583 0
-573 -584 0
-573 -585 0
-574 -575 0
-574 -576 0
-574 -577 0
-574 -578 0
-574 -579 0
-574 -580 0
-574 -581 0
-574 -582 0
-574 -583 0
-574 -584 0
-574 -585 0
-575 -576 0
-575 -577 0
-575 -578 0
-575 -579 0
-575 -580 0
-575 -581 0
-575 -582 0
-575 -583 0
-575 -584 0
-575 -585 0
-576 -577 0
-576 -578 0
-576 -579 0
-576 -580 0
-576 -581 0
-576 -582 0
-576 -583 0
-576 -584 0
-576 -585 0
-577 -578 0
-577 -579 0
-577 -580 0
-577 -581 0
-577 -582 0
-577 -583 0
-577 -584 0
-577 -585 0
-578 -579 0
-578 -580 0
-578 -581 0
-578 -582 0
-578 -583 0
-578 -584 0
-578 -585 0
-579 -580 0
-579 -581 0
-579 -582 0
-579 -583 0
-579 -584 0
-579 -585 0
-580 -581 0
-580 -582 0
-580 -583 0
-580 -584 0
-580 -585 0
-581 -582 0
-581 -583 0
-581 -584 0
-581 -585 0
-582 -583 0
-582 -584 0
-582 -585 0
-583 -584 0
-583 -585 0
-584 -585 0
-586 -587 0
-586 -588 0
-586 -589 0
-586 -590 0
-586 -591 0
-586 -592 0
-586 -593 0
-586 -594 0
-586 -595 0
-586 -596 0
-586 -597 0
-586 -598 0
-586 -599 0
-586 -600 0
-586 -601 0
-586 -602 0
-586 -603 0
-586 -604 0
-586 -605 0
-586 -606 0
-586 -607 0
-586 -608 0
-586 -609 0
-586 -610 0
-586 -611 0
-586 -612 0
-586 -613 0
-586 -614 0
-586 -615 0
-586 -616 0
-586 -617 0
-586 -618 0
-586 -619 0
-586 -620 0
-586 -621 0
-586 -622 0
-586 -623 0
-586 -624 0
-587 -588 0
-587 -589 0
-587 -590 0
-587 -591 0
-587 -592 0
-587 -593 0
-587 -594 0
-587 -595 0
-587 -596 0
-587 -597 0
-587 -598 0
-587 -599 0
-587 -600 0
-587 -601 0
-587 -602 0
-587 -603 0
-587 -604 0
-587 -605 0
-587 -606 0
-587 -607 0
-587 -608 0
-587 -609 0
-587 -610 0
-587 -611 0
-587 -612 0
-587 -613 0
-587 -614 0
-587 -615 0
-587 -616 0
-587 -617 0
-587 -618 0
-587 -619 0
-587 -620 0
-587 -621 0
-587 -622 0
-587 -623 0
-587 -624 0
-588 -589 0
-588 -590 0
-588 -591 0
-588 -592 0
-588 -593 0
-588 -594 0
-588 -595 0
-588 -596 0
-588 -597 0
-588 -598 0
-588 -599 0
-588 -600 0
-588 -601 0
-588 -602 0
-588 -603 0
-588 -604 0
-588 -605 0
-588 -606 0
-588 -607 0
-588 -608 0
-588 -609 0
-588 -610 0
-588 -611 0
-588 -612 0
-588 -613 0
-588 -614 0
-588 -615 0
-588 -616 0
-588 -617 0
-588 -618 0
-588 -619 0
-588 -620 0
-588 -621 0
-588 -622 0
-588 -623 0
-588 -624 0
-589 -590 0
-589 -591 0
-589 -592 0
-589 -593 0
-589 -594 0
-589 -595 0
-589 -596 0
-589 -597 0
-589 -598 0
-589 -599 0
-589 -600 0
-589 -601 0
-589 -602 0
-589 -603 0
-589 -604 0
-589 -605 0
-589 -606 0
-589 -607 0
-589 -608 0
-589 -609 0
-589 -610 0
-589 -611 0
-589 -612 0
-589 -613 0
-589 -614 0
-589 -615 0
-589 -616 0
-589 -617 0
-589 -618 0
-589 -619 0
-589 -620 0
-589 -621 0
-589 -622 0
-589 -623 0
-589 -624 0
-590 -591 0
-590 -592 0
-590 -593 0
-590 -594 0
-590 -595 0
-590 -596 0
-590 -597 0
-590 -598 0
-590 -599 0
-590 -600 0
-590 -601 0
-590 -602 0
-590 -603 0
-590 -604 0
-590 -605 0
-590 -606 0
-590 -607 0
-590 -608 0
-590 -609 0
-590 -610 0
-590 -611 0
-590 -612 0
-590 -613 0
-590 -614 0
-590 -615 0
-590 -616 0
-590 -617 0
-590 -618 0
-590 -619 0
-590 -620 0
-590 -621 0
-590 -622 0
-590 -623 0
-590 -624 0
-591 -592 0
-591 -593 0
-591 -594 0
-591 -595 0
-591 -596 0
-591 -597 0
-591 -598 0
-591 -599 0
-591 -600 0
-591 -601 0
-591 -602 0
-591 -603 0
-591 -604 0
-591 -605 0
-591 -606 0
-591 -607 0
-591 -608 0
-591 -609 0
-591 -610 0
-591 -611 0
-591 -612 0
-591 -613 0
-591 -614 0
-591 -615 0
-591 -616 0
-591 -617 0
-591 -618 0
-591 -619 0
-591 -620 0
-591 -621 0
-591 -622 0
-591 -623 0
-591 -624 0
-592 -593 0
-592 -594 0
-592 -595 0
-592 -596 0
-592 -597 0
-592 -598 0
-592 -599 0
-592 -600 0
-592 -601 0
-592 -602 0
-592 -603 0
-592 -604 0
-592 -605 0
-592 -606 0
-592 -607 0
-592 -608 0
-592 -609 0
-592 -610 0
-592 -611 0
-592 -612 0
-592 -613 0
-592 -614 0
-592 -615 0
-592 -616 0
-592 -617 0
-592 -618 0
-592 -619 0
-592 -620 0
-592 -621 0
-592 -622 0
-592 -623 0
-592 -624 0
-593 -594 0
-593 -595 0
-593 -596 0
-593 -597 0
-593 -598 0
-593 -599 0
-593 -600 0
-593 -601 0
-593 -602 0
-593 -603 0
-593 -604 0
-593 -605 0
-593 -606 0
-593 -607 0
-593 -608 0
-593 -609 0
-593 -610 0
-593 -611 0
-593 -612 0
-593 -613 0
-593 -614 0
-593 -615 0
-593 -616 0
-593 -617 0
-593 -618 0
-593 -619 0
-593 -620 0
-593 -621 0
-593 -622 0
-593 -623 0
-593 -624 0
-594 -595 0
-594 -596 0
-594 -597 0
-594 -598 0
-594 -599 0
-594 -600 0
-594 -601 0
-594 -602 0
-594 -603 0
-594 -604 0
-594 -605 0
-594 -606 0
-594 -607 0
-594 -608 0
-594 -609 0
-594 -610 0
-594 -611 0
-594 -612 0
-594 -613 0
-594 -614 0
-594 -615 0
-594 -616 0
-594 -617 0
-594 -618 0
-594 -619 0
-594 -620 0
-594 -621 0
-594 -622 0
-594 -623 0
-594 -624 0
-595 -596 0
-595 -597 0
-595 -598 0
-595 -599 0
-595 -600 0
-595 -601 0
-595 -602 0
-595 -603 0
-595 -604 0
-595 -605 0
-595 -606 0
-595 -607 0
-595 -608 0
-595 -609 0
-595 -610 0
-595 -611 0
-595 -612 0
-595 -613 0
-595 -614 0
-595 -615 0
-595 -616 0
-595 -617 0
-595 -618 0
-595 -619 0
-595 -620 0
-595 -621 0
-595 -622 0
-595 -623 0
-595 -624 0
-596 -597 0
-596 -598 0
-596 -599 0
-596 -600 0
-596 -601 0
-596 -602 0
-596 -603 0
-596 -604 0
-596 -605 0
-596 -606 0
-596 -607 0
-596 -608 0
-596 -609 0
-596 -610 0
-596 -611 0
-596 -612 0
-596 -613 0
-596 -614 0
-596 -615 0
-596 -616 0
-596 -617 0
-596 -618 0
-596 -619 0
-596 -620 0
-596 -621 0
-596 -622 0
-596 -623 0
-596 -624 0
-597 -598 0
-597 -599 0
-597 -600 0
-597 -601 0
-597 -602 0
-597 -603 0
-597 -604 0
-597 -605 0
-597 -606 0
-597 -607 0
-597 -608 0
-597 -609 0
-597 -610 0
-597 -611 0
-597 -612 0
-597 -613 0
-597 -614 0
-597 -615 0
-597 -616 0
-597 -617 0
-597 -618 0
-597 -619 0
-597 -620 0
-597 -621 0
-597 -622 0
-597 -623 0
-597 -624 0
-598 -599 0
-598 -600 0
-598 -601 0
-598 -602 0
-598 -603 0
-598 -604 0
-598 -605 0
-598 -606 0
-598 -607 0
-598 -608 0
-598 -609 0
-598 -610 0
-598 -611 0
-598 -612 0
-598 -613 0
-598 -614 0
-598 -615 0
-598 -616 0
-598 -617 0
-598 -618 0
-598 -619 0
-598 -620 0
-598 -621 0
-598 -622 0
-598 -623 0
-598 -624 0
-599 -600 0
-599 -601 0
-599 -602 0
-599 -603 0
-599 -604 0
-599 -605 0
-599 -606 0
-599 -607 0
-599 -608 0
-599 -609 0
-599 -610 0
-599 -611 0
-599 -612 0
-599 -613 0
-599 -614 0
-599 -615 0
-599 -616 0
-599 -617 0
-599 -618 0
-599 -619 0
-599 -620 0
-599 -621 0
-599 -622 0
-599 -623 0
-599 -624 0
-600 -601 0
-600 -602 0
-600 -603 0
-600 -604 0
-600 -605 0
-600 -606 0
-600 -607 0
-600 -608 0
-600 -609 0
-600 -610 0
-600 -611 0
-600 -612 0
-600 -613 0
-600 -614 0
-600 -615 0
-600 -616 0
-600 -617 0
-600 -618 0
-600 -619 0
-600 -620 0
-600 -621 0
-600 -622 0
-600 -623 0
-600 -624 0
-601 -602 0
-601 -603 0
-601 -604 0
-601 -605 0
-601 -606 0
-601 -607 0
-601 -608 0
-601 -609 0
-601 -610 0
-601 -611 0
-601 -612 0
-601 -613 0
-601 -614 0
-601 -615 0
-601 -616 0
-601 -617 0
-601 -618 0
-601 -619 0
-601 -620 0
-601 -621 0
-601 -622 0
-601 -623 0
-601 -624 0
-602 -603 0
-602 -604 0
-602 -605 0
-602 -606 0
-602 -607 0
-602 -608 0
-602 -609 0
-602 -610 0
-602 -611 0
-602 -612 0
-602 -613 0
-602 -614 0
-602 -615 0
-602 -616 0
-602 -617 0
-602 -618 0
-602 -619 0
-602 -620 0
-602 -621 0
-602 -622 0
-602 -623 0
-602 -624 0
-603 -604 0
-603 -605 0
-603 -606 0
-603 -607 0
-603 -608 0
-603 -609 0
-603 -610 0
-603 -611 0
-603 -612 0
-603 -613 0
-603 -614 0
-603 -615 0
-603 -616 0
-603 -617 0
-603 -618 0
-603 -619 0
-603 -620 0
-603 -621 0
-603 -622 0
-603 -623 0
-603 -624 0
-604 -605 0
-604 -606 0
-604 -607 0
-604 -608 0
-604 -609 0
-604 -610 0
-604 -611 0
-604 -612 0
-604 -613 0
-604 -614 0
-604 -615 0
-604 -616 0
-604 -617 0
-604 -618 0
-604 -619 0
-604 -620 0
-604 -621 0
-604 -622 0
-604 -623 0
-604 -624 0
-605 -606 0
-605 -607 0
-605 -608 0
-605 -609 0
-605 -610 0
-605 -611 0
-605 -612 0
-605 -613 0
-605 -614 0
-605 -615 0
-605 -616 0
-605 -617 0
-605 -618 0
-605 -619 0
-605 -620 0
-605 -621 0
-605 -622 0
-605 -623 0
-605 -624 0
-606 -607 0
-606 -608 0
-606 -609 0
-606 -610 0
-606 -611 0
-606 -612 0
-606 -613 0
-606 -614 0
-606 -615 0
-606 -616 0
-606 -617 0
-606 -618 0
-606 -619 0
-606 -620 0
-606 -621 0
-606 -622 0
-606 -623 0
-606 -624 0
-607 -608 0
-607 -609 0
-607 -610 0
-607 -611 0
-607 -612 0
-607 -613 0
-607 -614 0
-607 -615 0
-607 -616 0
-607 -617 0
-607 -618 0
-607 -619 0
-607 -620 0
-607 -621 0
-607 -622 0
-607 -623 0
-607 -624 0
-608 -609 0
-608 -610 0
-608 -611 0
-608 -612 0
-608 -613 0
-608 -614 0
-608 -615 0
-608 -616 0
-608 -617 0
-608 -618 0
-608 -619 0
-608 -620 0
-608 -621 0
-608 -622 0
-608 -623 0
-608 -624 0
-609 -610 0
-609 -611 0
-609 -612 0
-609 -613 0
-609 -614 0
-609 -615 0
-609 -616 0
-609 -617 0
-609 -618 0
-609 -619 0
-609 -620 0
-609 -621 0
-609 -622 0
-609 -623 0
-609 -624 0
-610 -611 0
-610 -612 0
-610 -613 0
-610 -614 0
-610 -615 0
-610 -616 0
-610 -617 0
-610 -618 0
-610 -619 0
-610 -620 0
-610 -621 0
-610 -622 0
-610 -623 0
-610 -624 0
-611 -612 0
-611 -613 0
-611 -614 0
-611 -615 0
-611 -616 0
-611 -617 0
-611 -618 0
-611 -619 0
-611 -620 0
-611 -621 0
-611 -622 0
-611 -623 0
-611 -624 0
-612 -613 0
-612 -614 0
-612 -615 0
-612 -616 0
-612 -617 0
-612 -618 0
-612 -619 0
-612 -620 0
-612 -621 0
-612 -622 0
-612 -623 0
-612 -624 0
-613 -614 0
-613 -615 0
-613 -616 0
-613 -617 0
-613 -618 0
-613 -619 0
-613 -620 0
-613 -621 0
-613 -622 0
-613 -623 0
-613 -624 0
-614 -615 0
-614 -616 0
-614 -617 0
-614 -618 0
-614 -619 0
-614 -620 0
-614 -621 0
-614 -622 0
-614 -623 0
-614 -624 0
-615 -616 0
-615 -617 0
-615 -618 0
-615 -619 0
-615 -620 0
-615 -621 0
-615 -622 0
-615 -623 0
-615 -624 0
-616 -617 0
-616 -618 0
-616 -619 0
-616 -620 0
-616 -621 0
-616 -622 0
-616 -623 0
-616 -624 0
-617 -618 0
-617 -619 0
-617 -620 0
-617 -621 0
-617 -622 0
-617 -623 0
-617 -624 0
-618 -619 0
-618 -620 0
-618 -621 0
-618 -622 0
-618 -623 0
-618 -624 0
-619 -620 0
-619 -621 0
-619 -622 0
-619 -623 0
-619 -624 0
-620 -621 0
-620 -622 0
-620 -623 0
-620 -624 0
-621 -622 0
-621 -623 0
-621 -624 0
-622 -623 0
-622 -624 0
-623 -624 0
-625 -626 0
-625 -627 0
-625 -628 0
-625 -629 0
-625 -630 0
-625 -631 0
-625 -632 0
-625 -633 0
-625 -634 0
-625 -635 0
-625 -636 0
-625 -637 0
-625 -638 0
-625 -639 0
-625 -640 0
-625 -641 0
-625 -642 0
-625 -643 0
-625 -644 0
-625 -645 0
-625 -646 0
-625 -647 0
-625 -648 0
-625 -649 0
-625 -650 0
-625 -651 0
-625 -652 0
-625 -653 0
-625 -654 0
-625 -655 0
-625 -656 0
-625 -657 0
-625 -658 0
-625 -659 0
-625 -660 0
-625 -661 0
-625 -662 0
-625 -663 0
-626 -627 0
-626 -628 0
-626 -629 0
-626 -630 0
-626 -631 0
-626 -632 0
-626 -633 0
-626 -634 0
-626 -635 0
-626 -636 0
-626 -637 0
-626 -638 0
-626 -639 0
-626 -640 0
-626 -641 0
-626 -642 0
-626 -643 0
-626 -644 0
-626 -645 0
-626 -646 0
-626 -647 0
-626 -648 0
-626 -649 0
-626 -650 0
-626 -651 0
-626 -652 0
-626 -653 0
-626 -654 0
-626 -655 0
-626 -656 0
-626 -657 0
-626 -658 0
-626 -659 0
-626 -660 0
-626 -661 0
-626 -662 0
-626 -663 0
-627 -628 0
-627 -629 0
-627 -630 0
-627 -631 0
-627 -632 0
-627 -633 0
-627 -634 0
-627 -635 0
-627 -636 0
-627 -637 0
-627 -638 0
-627 -639 0
-627 -640 0
-627 -641 0
-627 -642 0
-627 -643 0
-627 -644 0
-627 -645 0
-627 -646 0
-627 -647 0
-627 -648 0
-627 -649 0
-627 -650 0
-627 -651 0
-627 -652 0
-627 -653 0
-627 -654 0
-627 -655 0
-627 -656 0
-627 -657 0
-627 -658 0
-627 -659 0
-627 -660 0
-627 -661 0
-627 -662 0
-627 -663 0
-628 -629 0
-628 -630 0
-628 -631 0
-628 -632 0
-628 -633 0
-628 -634 0
-628 -635 0
-628 -636 0
-628 -637 0
-628 -638 0
-628 -639 0
-628 -640 0
-628 -641 0
-628 -642 0
-628 -643 0
-628 -644 0
-628 -645 0
-628 -646 0
-628 -647 0
-628 -648 0
-628 -649 0
-628 -650 0
-628 -651 0
-628 -652 0
-628 -653 0
-628 -654 0
-628 -655 0
-628 -656 0
-628 -657 0
-628 -658 0
-628 -659 0
-628 -660 0
-628 -661 0
-628 -662 0
-628 -663 0
-629 -630 0
-629 -631 0
-629 -632 0
-629 -633 0
-629 -634 0
-629 -635 0
-629 -636 0
-629 -637 0
-629 -638 0
-629 -639 0
-629 -640 0
-629 -641 0
-629 -642 0
-629 -643 0
-629 -644 0
-629 -645 0
-629 -646 0
-629 -647 0
-629 -648 0
-629 -649 0
-629 -650 0
-629 -651 0
-629 -652 0
-629 -653 0
-629 -654 0
-629 -655 0
-629 -656 0
-629 -657 0
-629 -658 0
-629 -659 0
-629 -660 0
-629 -661 0
-629 -662 0
-629 -663 0
-630 -631 0
-630 -632 0
-630 -633 0
-630 -634 0
-630 -635 0
-630 -636 0
-630 -637 0
-630 -638 0
-630 -639 0
-630 -640 0
-630 -641 0
-630 -642 0
-630 -643 0
-630 -644 0
-630 -645 0
-630 -646 0
-630 -647 0
-630 -648 0
-630 -649 0
-630 -650 0
-630 -651 0
-630 -652 0
-630 -653 0
-630 -654 0
-630 -655 0
-630 -656 0
-630 -657 0
-630 -658 0
-630 -659 0
-630 -660 0
-630 -661 0
-630 -662 0
-630 -663 0
-631 -632 0
-631 -633 0
-631 -634 0
-631 -635 0
-631 -636 0
-631 -637 0
-631 -638 0
-631 -639 0
-631 -640 0
-631 -641 0
-631 -642 0
-631 -643 0
-631 -644 0
-631 -645 0
-631 -646 0
-631 -647 0
-631 -648 0
-631 -649 0
-631 -650 0
-631 -651 0
-631 -652 0
-631 -653 0
-631 -654 0
-631 -655 0
-631 -656 0
-631 -657 0
-631 -658 0
-631 -659 0
-631 -660 0
-631 -661 0
-631 -662 0
-631 -663 0
-632 -633 0
-632 -634 0
-632 -635 0
-632 -636 0
-632 -637 0
-632 -638 0
-632 -639 0
-632 -640 0
-632 -641 0
-632 -642 0
-632 -643 0
-632 -644 0
-632 -645 0
-632 -646 0
-632 -647 0
-632 -648 0
-632 -649 0
-632 -650 0
-632 -651 0
-632 -652 0
-632 -653 0
-632 -654 0
-632 -655 0
-632 -656 0
-632 -657 0
-632 -658 0
-632 -659 0
-632 -660 0
-632 -661 0
-632 -662 0
-632 -663 0
-633 -634 0
-633 -635 0
-633 -636 0
-633 -637 0
-633 -638 0
-633 -639 0
-633 -640 0
-633 -641 0
-633 -642 0
-633 -643 0
-633 -644 0
-633 -645 0
-633 -646 0
-633 -647 0
-633 -648 0
-633 -649 0
-633 -650 0
-633 -651 0
-633 -652 0
-633 -653 0
-633 -654 0
-633 -655 0
-633 -656 0
-633 -657 0
-633 -658 0
-633 -659 0
-633 -660 0
-633 -661 0
-633 -662 0
-633 -663 0
-634 -635 0
-634 -636 0
-634 -637 0
-634 -638 0
-634 -639 0
-634 -640 0
-634 -641 0
-634 -642 0
-634 -643 0
-634 -644 0
-634 -645 0
-634 -646 0
-634 -647 0
-634 -648 0
-634 -649 0
-634 -650 0
-634 -651 0
-634 -652 0
-634 -653 0
-634 -654 0
-634 -655 0
-634 -656 0
-634 -657 0
-634 -658 0
-634 -659 0
-634 -660 0
-634 -661 0
-634 -662 0
-634 -663 0
-635 -636 0
-635 -637 0
-635 -638 0
-635 -639 0
-635 -640 0
-635 -641 0
-635 -642 0
-635 -643 0
-635 -644 0
-635 -645 0
-635 -646 0
-635 -647 0
-635 -648 0
-635 -649 0
-635 -650 0
-635 -651 0
-635 -652 0
-635 -653 0
-635 -654 0
-635 -655 0
-635 -656 0
-635 -657 0
-635 -658 0
-635 -659 0
-635 -660 0
-635 -661 0
-635 -662 0
-635 -663 0
-636 -637 0
-636 -638 0
-636 -639 0
-636 -640 0
-636 -641 0
-636 -642 0
-636 -643 0
-636 -644 0
-636 -645 0
-636 -646 0
-636 -647 0
-636 -648 0
-636 -649 0
-636 -650 0
-636 -651 0
-636 -652 0
-636 -653 0
-636 -654 0
-636 -655 0
-636 -656 0
-636 -657 0
-636 -658 0
-636 -659 0
-636 -660 0
-636 -661 0
-636 -662 0
-636 -663 0
-637 -638 0
-637 -639 0
-637 -640 0
-637 -641 0
-637 -642 0
-637 -643 0
-637 -644 0
-637 -645 0
-637 -646 0
-637 -647 0
-637 -648 0
-637 -649 0
-637 -650 0
-637 -651 0
-637 -652 0
-637 -653 0
-637 -654 0
-637 -655 0
-637 -656 0
-637 -657 0
-637 -658 0
-637 -659 0
-637 -660 0
-637 -661 0
-637 -662 0
-637 -663 0
-638 -639 0
-638 -640 0
-638 -641 0
-638 -642 0
-638 -643 0
-638 -644 0
-638 -645 0
-638 -646 0
-638 -647 0
-638 -648 0
-638 -649 0
-638 -650 0
-638 -651 0
-638 -652 0
-638 -653 0
-638 -654 0
-638 -655 0
-638 -656 0
-638 -657 0
-638 -658 0
-638 -659 0
-638 -660 0
-638 -661 0
-638 -662 0
-638 -663 0
-639 -640 0
-639 -641 0
-639 -642 0
-639 -643 0
-639 -644 0
-639 -645 0
-639 -646 0
-639 -647 0
-639 -648 0
-639 -649 0
-639 -650 0
-639 -651 0
-639 -652 0
-639 -653 0
-639 -654 0
-639 -655 0
-639 -656 0
-639 -657 0
-639 -658 0
-639 -659 0
-639 -660 0
-639 -661 0
-639 -662 0
-639 -663 0
-640 -641 0
-640 -642 0
-640 -643 0
-640 -644 0
-640 -645 0
-640 -646 0
-640 -647 0
-640 -648 0
-640 -649 0
-640 -650 0
-640 -651 0
-640 -652 0
-640 -653 0
-640 -654 0
-640 -655 0
-640 -656 0
-640 -657 0
-640 -658 0
-640 -659 0
-640 -660 0
-640 -661 0
-640 -662 0
-640 -663 0
-641 -642 0
-641 -643 0
-641 -644 0
-641 -645 0
-641 -646 0
-641 -647 0
-641 -648 0
-641 -649 0
-641 -650 0
-641 -651 0
-641 -652 0
-641 -653 0
-641 -654 0
-641 -655 0
-641 -656 0
-641 -657 0
-641 -658 0
-641 -659 0
-641 -660 0
-641 -661 0
-641 -662 0
-641 -663 0
-642 -643 0
-642 -644 0
-642 -645 0
-642 -646 0
-642 -647 0
-642 -648 0
-642 -649 0
-642 -650 0
-642 -651 0
-642 -652 0
-642 -653 0
-642 -654 0
-642 -655 0
-642 -656 0
-642 -657 0
-642 -658 0
-642 -659 0
-642 -660 0
-642 -661 0
-642 -662 0
-642 -663 0
-643 -644 0
-643 -645 0
-643 -646 0
-643 -647 0
-643 -648 0
-643 -649 0
-643 -650 0
-643 -651 0
-643 -652 0
-643 -653 0
-643 -654 0
-643 -655 0
-643 -656 0
-643 -657 0
-643 -658 0
-643 -659 0
-643 -660 0
-643 -661 0
-643 -662 0
-643 -663 0
-644 -645 0
-644 -646 0
-644 -647 0
-644 -648 0
-644 -649 0
-644 -650 0
-644 -651 0
-644 -652 0
-644 -653 0
-644 -654 0
-644 -655 0
-644 -656 0
-644 -657 0
-644 -658 0
-644 -659 0
-644 -660 0
-644 -661 0
-644 -662 0
-644 -663 0
-645 -646 0
-645 -647 0
-645 -648 0
-645 -649 0
-645 -650 0
-645 -651 0
-645 -652 0
-645 -653 0
-645 -654 0
-645 -655 0
-645 -656 0
-645 -657 0
-645 -658 0
-645 -659 0
-645 -660 0
-645 -661 0
-645 -662 0
-645 -663 0
-646 -647 0
-646 -648 0
-646 -649 0
-646 -650 0
-646 -651 0
-646 -652 0
-646 -653 0
-646 -654 0
-646 -655 0
-646 -656 0
-646 -657 0
-646 -658 0
-646 -659 0
-646 -660 0
-646 -661 0
-646 -662 0
-646 -663 0
-647 -648 0
-647 -649 0
-647 -650 0
-647 -651 0
-647 -652 0
-647 -653 0
-647 -654 0
-647 -655 0
-647 -656 0
-647 -657 0
-647 -658 0
-647 -659 0
-647 -660 0
-647 -661 0
-647 -662 0
-647 -663 0
-648 -649 0
-648 -650 0
-648 -651 0
-648 -652 0
-648 -653 0
-648 -654 0
-648 -655 0
-648 -656 0
-648 -657 0
-648 -658 0
-648 -659 0
-648 -660 0
-648 -661 0
-648 -662 0
-648 -663 0
-649 -650 0
-649 -651 0
-649 -652 0
-649 -653 0
-649 -654 0
-649 -655 0
-649 -656 0
-649 -657 0
-649 -658 0
-649 -659 0
-649 -660 0
-649 -661 0
-649 -662 0
-649 -663 0
-650 -651 0
-650 -652 0
-650 -653 0
-650 -654 0
-650 -655 0
-650 -656 0
-650 -657 0
-650 -658 0
-650 -659 0
-650 -660 0
-650 -661 0
-650 -662 0
-650 -663 0
-651 -652 0
-651 -653 0
-651 -654 0
-651 -655 0
-651 -656 0
-651 -657 0
-651 -658 0
-651 -659 0
-651 -660 0
-651 -661 0
-651 -662 0
-651 -663 0
-652 -653 0
-652 -654 0
-652 -655 0
-652 -656 0
-652 -657 0
-652 -658 0
-652 -659 0
-652 -660 0
-652 -661 0
-652 -662 0
-652 -663 0
-653 -654 0
-653 -655 0
-653 -656 0
-653 -657 0
-653 -658 0
-653 -659 0
-653 -660 0
-653 -661 0
-653 -662 0
-653 -663 0
-654 -655 0
-654 -656 0
-654 -657 0
-654 -658 0
-654 -659 0
-654 -660 0
-654 -661 0
-654 -662 0
-654 -663 0
-655 -656 0
-655 -657 0
-655 -658 0
-655 -659 0
-655 -660 0
-655 -661 0
-655 -662 0
-655 -663 0
-656 -657 0
-656 -658 0
-656 -659 0
-656 -660 0
-656 -661 0
-656 -662 0
-656 -663 0
-657 -658 0
-657 -659 0
-657 -660 0
-657 -661 0
-657 -662 0
-657 -663 0
-658 -659 0
-658 -660 0
-658 -661 0
-658 -662 0
-658 -663 0
-659 -660 0
-659 -661 0
-659 -662 0
-659 -663 0
-660 -661 0
-660 -662 0
-660 -663 0
-661 -662 0
-661 -663 0
-662 -663 0
-664 -665 0
-664 -666 0
-664 -667 0
-664 -668 0
-664 -669 0
-664 -670 0
-664 -671 0
-664 -672 0
-664 -673 0
-664 -674 0
-664 -675 0
-664 -676 0
-664 -677 0
-664 -678 0
-664 -679 0
-664 -680 0
-664 -681 0
-664 -682 0
-664 -683 0
-664 -684 0
-664 -685 0
-664 -686 0
-664 -687 0
-664 -688 0
-664 -689 0
-664 -690 0
-664 -691 0
-664 -692 0
-664 -693 0
-664 -694 0
-664 -695 0
-664 -696 0
-664 -697 0
-664 -698 0
-664 -699 0
-664 -700 0
-664 -701 0
-664 -702 0
-665 -666 0
-665 -667 0
-665 -668 0
-665 -669 0
-665 -670 0
-665 -671 0
-665 -672 0
-665 -673 0
-665 -674 0
-665 -675 0
-665 -676 0
-665 -677 0
-665 -678 0
-665 -679 0
-665 -680 0
-665 -681 0
-665 -682 0
-665 -683 0
-665 -684 0
-665 -685 0
-665 -686 0
-665 -687 0
-665 -688 0
-665 -689 0
-665 -690 0
-665 -691 0
-665 -692 0
-665 -693 0
-665 -694 0
-665 -695 0
-665 -696 0
-665 -697 0
-665 -698 0
-665 -699 0
-665 -700 0
-665 -701 0
-665 -702 0
-666 -667 0
-666 -668 0
-666 -669 0
-666 -670 0
-666 -671 0
-666 -672 0
-666 -673 0
-666 -674 0
-666 -675 0
-666 -676 0
-666 -677 0
-666 -678 0
-666 -679 0
-666 -680 0
-666 -681 0
-666 -682 0
-666 -683 0
-666 -684 0
-666 -685 0
-666 -686 0
-666 -687 0
-666 -688 0
-666 -689 0
-666 -690 0
-666 -691 0
-666 -692 0
-666 -693 0
-666 -694 0
-666 -695 0
-666 -696 0
-666 -697 0
-666 -698 0
-666 -699 0
-666 -700 0
-666 -701 0
-666 -702 0
-667 -668 0
-667 -669 0
-667 -670 0
-667 -671 0
-667 -672 0
-667 -673 0
-667 -674 0
-667 -675 0
-667 -676 0
-667 -677 0
-667 -678 0
-667 -679 0
-667 -680 0
-667 -681 0
-667 -682 0
-667 -683 0
-667 -684 0
-667 -685 0
-667 -686 0
-667 -687 0
-667 -688 0
-667 -689 0
-667 -690 0
-667 -691 0
-667 -692 0
-667 -693 0
-667 -694 0
-667 -695 0
-667 -696 0
-667 -697 0
-667 -698 0
-667 -699 0
-667 -700 0
-667 -701 0
-667 -702 0
-668 -669 0
-668 -670 0
-668 -671 0
-668 -672 0
-668 -673 0
-668 -674 0
-668 -675 0
-668 -676 0
-668 -677 0
-668 -678 0
-668 -679 0
-668 -680 0
-668 -681 0
-668 -682 0
-668 -683 0
-668 -684 0
-668 -685 0
-668 -686 0
-668 -687 0
-668 -688 0
-668 -689 0
-668 -690 0
-668 -691 0
-668 -692 0
-668 -693 0
-668 -694 0
-668 -695 0
-668 -696 0
-668 -697 0
-668 -698 0
-668 -699 0
-668 -700 0
-668 -701 0
-668 -702 0
-669 -670 0
-669 -671 0
-669 -672 0
-669 -673 0
-669 -674 0
-669 -675 0
-669 -676 0
-669 -677 0
-669 -678 0
-669 -679 0
-669 -680 0
-669 -681 0
-669 -682 0
-669 -683 0
-669 -684 0
-669 -685 0
-669 -686 0
-669 -687 0
-669 -688 0
-669 -689 0
-669 -690 0
-669 -691 0
-669 -692 0
-669 -693 0
-669 -694 0
-669 -695 0
-669 -696 0
-669 -697 0
-669 -698 0
-669 -699 0
-669 -700 0
-669 -701 0
-669 -702 0
-670 -671 0
-670 -672 0
-670 -673 0
-670 -674 0
-670 -675 0
-670 -676 0
-670 -677 0
-670 -678 0
-670 -679 0
-670 -680 0
-670 -681 0
-670 -682 0
-670 -683 0
-670 -684 0
-670 -685 0
-670 -686 0
-670 -687 0
-670 -688 0
-670 -689 0
-670 -690 0
-670 -691 0
-670 -692 0
-670 -693 0
-670 -694 0
-670 -695 0
-670 -696 0
-670 -697 0
-670 -698 0
-670 -699 0
-670 -700 0
-670 -701 0
-670 -702 0
-671 -672 0
-671 -673 0
-671 -674 0
-671 -675 0
-671 -676 0
-671 -677 0
-671 -678 0
-671 -679 0
-671 -680 0
-671 -681 0
-671 -682 0
-671 -683 0
-671 -684 0
-671 -685 0
-671 -686 0
-671 -687 0
-671 -688 0
-671 -689 0
-671 -690 0
-671 -691 0
-671 -692 0
-671 -693 0
-671 -694 0
-671 -695 0
-671 -696 0
-671 -697 0
-671 -698 0
-671 -699 0
-671 -700 0
-671 -701 0
-671 -702 0
-672 -673 0
-672 -674 0
-672 -675 0
-672 -676 0
-672 -677 0
-672 -678 0
-672 -679 0
-672 -680 0
-672 -681 0
-672 -682 0
-672 -683 0
-672 -684 0
-672 -685 0
-672 -686 0
-672 -687 0
-672 -688 0
-672 -689 0
-672 -690 0
-672 -691 0
-672 -692 0
-672 -693 0
-672 -694 0
-672 -695 0
-672 -696 0
-672 -697 0
-672 -698 0
-672 -699 0
-672 -700 0
-672 -701 0
-672 -702 0
-673 -674 0
-673 -675 0
-673 -676 0
-673 -677 0
-673 -678 0
-673 -679 0
-673 -680 0
-673 -681 0
-673 -682 0
-673 -683 0
-673 -684 0
-673 -685 0
-673 -686 0
-673 -687 0
-673 -688 0
-673 -689 0
-673 -690 0
-673 -691 0
-673 -692 0
-673 -693 0
-673 -694 0
-673 -695 0
-673 -696 0
-673 -697 0
-673 -698 0
-673 -699 0
-673 -700 0
-673 -701 0
-673 -702 0
-674 -675 0
-674 -676 0
-674 -677 0
-674 -678 0
-674 -679 0
-674 -680 0
-674 -681 0
-674 -682 0
-674 -683 0
-674 -684 0
-674 -685 0
-674 -686 0
-674 -687 0
-674 -688 0
-674 -689 0
-674 -690 0
-674 -691 0
-674 -692 0
-674 -693 0
-674 -694 0
-674 -695 0
-674 -696 0
-674 -697 0
-674 -698 0
-674 -699 0
-674 -700 0
-674 -701 0
-674 -702 0
-675 -676 0
-675 -677 0
-675 -678 0
-675 -679 0
-675 -680 0
-675 -681 0
-675 -682 0
-675 -683 0
-675 -684 0
-675 -685 0
-675 -686 0
-675 -687 0
-675 -688 0
-675 -689 0
-675 -690 0
-675 -691 0
-675 -692 0
-675 -693 0
-675 -694 0
-675 -695 0
-675 -696 0
-675 -697 0
-675 -698 0
-675 -699 0
-675 -700 0
-675 -701 0
-675 -702 0
-676 -677 0
-676 -678 0
-676 -679 0
-676 -680 0
-676 -681 0
-676 -682 0
-676 -683 0
-676 -684 0
-676 -685 0
-676 -686 0
-676 -687 0
-676 -688 0
-676 -689 0
-676 -690 0
-676 -691 0
-676 -692 0
-676 -693 0
-676 -694 0
-676 -695 0
-676 -696 0
-676 -697 0
-676 -698 0
-676 -699 0
-676 -700 0
-676 -701 0
-676 -702 0
-677 -678 0
-677 -679 0
-677 -680 0
-677 -681 0
-677 -682 0
-677 -683 0
-677 -684 0
-677 -685 0
-677 -686 0
-677 -687 0
-677 -688 0
-677 -689 0
-677 -690 0
-677 -691 0
-677 -692 0
-677 -693 0
-677 -694 0
-677 -695 0
-677 -696 0
-677 -697 0
-677 -698 0
-677 -699 0
-677 -700 0
-677 -701 0
-677 -702 0
-678 -679 0
-678 -680 0
-678 -681 0
-678 -682 0
-678 -683 0
-678 -684 0
-678 -685 0
-678 -686 0
-678 -687 0
-678 -688 0
-678 -689 0
-678 -690 0
-678 -691 0
-678 -692 0
-678 -693 0
-678 -694 0
-678 -695 0
-678 -696 0
-678 -697 0
-678 -698 0
-678 -699 0
-678 -700 0
-678 -701 0
-678 -702 0
-679 -680 0
-679 -681 0
-679 -682 0
-679 -683 0
-679 -684 0
-679 -685 0
-679 -686 0
-679 -687 0
-679 -688 0
-679 -689 0
-679 -690 0
-679 -691 0
-679 -692 0
-679 -693 0
-679 -694 0
-679 -695 0
-679 -696 0
-679 -697 0
-679 -698 0
-679 -699 0
-679 -700 0
-679 -701 0
-679 -702 0
-680 -681 0
-680 -682 0
-680 -683 0
-680 -684 0
-680 -685 0
-680 -686 0
-680 -687 0
-680 -688 0
-680 -689 0
-680 -690 0
-680 -691 0
-680 -692 0
-680 -693 0
-680 -694 0
-680 -695 0
-680 -696 0
-680 -697 0
-680 -698 0
-680 -699 0
-680 -700 0
-680 -701 0
-680 -702 0
-681 -682 0
-681 -683 0
-681 -684 0
-681 -685 0
-681 -686 0
-681 -687 0
-681 -688 0
-681 -689 0
-681 -690 0
-681 -691 0
-681 -692 0
-681 -693 0
-681 -694 0
-681 -695 0
-681 -696 0
-681 -697 0
-681 -698 0
-681 -699 0
-681 -700 0
-681 -701 0
-681 -702 0
-682 -683 0
-682 -684 0
-682 -685 0
-682 -686 0
-682 -687 0
-682 -688 0
-682 -689 0
-682 -690 0
-682 -691 0
-682 -692 0
-682 -693 0
-682 -694 0
-682 -695 0
-682 -696 0
-682 -697 0
-682 -698 0
-682 -699 0
-682 -700 0
-682 -701 0
-682 -702 0
-683 -684 0
-683 -685 0
-683 -686 0
-683 -687 0
-683 -688 0
-683 -689 0
-683 -690 0
-683 -691 0
-683 -692 0
-683 -693 0
-683 -694 0
-683 -695 0
-683 -696 0
-683 -697 0
-683 -698 0
-683 -699 0
-683 -700 0
-683 -701 0
-683 -702 0
-684 -685 0
-684 -686 0
-684 -687 0
-684 -688 0
-684 -689 0
-684 -690 0
-684 -691 0
-684 -692 0
-684 -693 0
-684 -694 0
-684 -695 0
-684 -696 0
-684 -697 0
-684 -698 0
-684 -699 0
-684 -700 0
-684 -701 0
-684 -702 0
-685 -686 0
-685 -687 0
-685 -688 0
-685 -689 0
-685 -690 0
-685 -691 0
-685 -692 0
-685 -693 0
-685 -694 0
-685 -695 0
-685 -696 0
-685 -697 0
-685 -698 0
-685 -699 0
-685 -700 0
-685 -701 0
-685 -702 0
-686 -687 0
-686 -688 0
-686 -689 0
-686 -690 0
-686 -691 0
-686 -692 0
-686 -693 0
-686 -694 0
-686 -695 0
-686 -696 0
-686 -697 0
-686 -698 0
-686 -699 0
-686 -700 0
-686 -701 0
-686 -702 0
-687 -688 0
-687 -689 0
-687 -690 0
-687 -691 0
-687 -692 0
-687 -693 0
-687 -694 0
-687 -695 0
-687 -696 0
-687 -697 0
-687 -698 0
-687 -699 0
-687 -700 0
-687 -701 0
-687 -702 0
-688 -689 0
-688 -690 0
-688 -691 0
-688 -692 0
-688 -693 0
-688 -694 0
-688 -695 0
-688 -696 0
-688 -697 0
-688 -698 0
-688 -699 0
-688 -700 0
-688 -701 0
-688 -702 0
-689 -690 0
-689 -691 0
-689 -692 0
-689 -693 0
-689 -694 0
-689 -695 0
-689 -696 0
-689 -697 0
-689 -698 0
-689 -699 0
-689 -700 0
-689 -701 0
-689 -702 0
-690 -691 0
-690 -692 0
-690 -693 0
-690 -694 0
-690 -695 0
-690 -696 0
-690 -697 0
-690 -698 0
-690 -699 0
-690 -700 0
-690 -701 0
-690 -702 0
-691 -692 0
-691 -693 0
-691 -694 0
-691 -695 0
-691 -696 0
-691 -697 0
-691 -698 0
-691 -699 0
-691 -700 0
-691 -701 0
-691 -702 0
-692 -693 0
-692 -694 0
-692 -695 0
-692 -696 0
-692 -697 0
-692 -698 0
-692 -699 0
-692 -700 0
-692 -701 0
-692 -702 0
-693 -694 0
-693 -695 0
-693 -696 0
-693 -697 0
-693 -698 0
-693 -699 0
-693 -700 0
-693 -701 0
-693 -702 0
-694 -695 0
-694 -696 0
-694 -697 0
-694 -698 0
-694 -699 0
-694 -700 0
-694 -701 0
-694 -702 0
-695 -696 0
-695 -697 0
-695 -698 0
-695 -699 0
-695 -700 0
-695 -701 0
-695 -702 0
-696 -697 0
-696 -698 0
-696 -699 0
-696 -700 0
-696 -701 0
-696 -702 0
-697 -698 0
-697 -699 0
-697 -700 0
-697 -701 0
-697 -702 0
-698 -699 0
-698 -700 0
-698 -701 0
-698 -702 0
-699 -700 0
-699 -701 0
-699 -702 0
-700 -701 0
-700 -702 0
-701 -702 0
-703 -704 0
-703 -705 0
-703 -706 0
-703 -707 0
-703 -708 0
-703 -709 0
-703 -710 0
-703 -711 0
-703 -712 0
-703 -713 0
-703 -714 0
-703 -715 0
-703 -716 0
-703 -717 0
-703 -718 0
-703 -719 0
-703 -720 0
-703 -721 0
-703 -722 0
-703 -723 0
-703 -724 0
-703 -725 0
-703 -726 0
-703 -727 0
-703 -728 0
-703 -729 0
-703 -730 0
-703 -731 0
-703 -732 0
-703 -733 0
-703 -734 0
-703 -735 0
-703 -736 0
-703 -737 0
-703 -738 0
-703 -739 0
-703 -740 0
-703 -741 0
-704 -705 0
-704 -706 0
-704 -707 0
-704 -708 0
-704 -709 0
-704 -710 0
-704 -711 0
-704 -712 0
-704 -713 0
-704 -714 0
-704 -715 0
-704 -716 0
-704 -717 0
-704 -718 0
-704 -719 0
-704 -720 0
-704 -721 0
-704 -722 0
-704 -723 0
-704 -724 0
-704 -725 0
-704 -726 0
-704 -727 0
-704 -728 0
-704 -729 0
-704 -730 0
-704 -731 0
-704 -732 0
-704 -733 0
-704 -734 0
-704 -735 0
-704 -736 0
-704 -737 0
-704 -738 0
-704 -739 0
-704 -740 0
-704 -741 0
-705 -706 0
-705 -707 0
-705 -708 0
-705 -709 0
-705 -710 0
-705 -711 0
-705 -712 0
-705 -713 0
-705 -714 0
-705 -715 0
-705 -716 0
-705 -717 0
-705 -718 0
-705 -719 0
-705 -720 0
-705 -721 0
-705 -722 0
-705 -723 0
-705 -724 0
-705 -725 0
-705 -726 0
-705 -727 0
-705 -728 0
-705 -729 0
-705 -730 0
-705 -731 0
-705 -732 0
-705 -733 0
-705 -734 0
-705 -735 0
-705 -736 0
-705 -737 0
-705 -738 0
-705 -739 0
-705 -740 0
-705 -741 0
-706 -707 0
-706 -708 0
-706 -709 0
-706 -710 0
-706 -711 0
-706 -712 0
-706 -713 0
-706 -714 0
-706 -715 0
-706 -716 0
-706 -717 0
-706 -718 0
-706 -719 0
-706 -720 0
-706 -721 0
-706 -722 0
-706 -723 0
-706 -724 0
-706 -725 0
-706 -726 0
-706 -727 0
-706 -728 0
-706 -729 0
-706 -730 0
-706 -731 0
-706 -732 0
-706 -733 0
-706 -734 0
-706 -735 0
-706 -736 0
-706 -737 0
-706 -738 0
-706 -739 0
-706 -740 0
-706 -741 0
-707 -708 0
-707 -709 0
-707 -710 0
-707 -711 0
-707 -712 0
-707 -713 0
-707 -714 0
-707 -715 0
-707 -716 0
-707 -717 0
-707 -718 0
-707 -719 0
-707 -720 0
-707 -721 0
-707 -722 0
-707 -723 0
-707 -724 0
-707 -725 0
-707 -726 0
-707 -727 0
-707 -728 0
-707 -729 0
-707 -730 0
-707 -731 0
-707 -732 0
-707 -733 0
-707 -734 0
-707 -735 0
-707 -736 0
-707 -737 0
-707 -738 0
-707 -739 0
-707 -740 0
-707 -741 0
-708 -709 0
-708 -710 0
-708 -711 0
-708 -712 0
-708 -713 0
-708 -714 0
-708 -715 0
-708 -716 0
-708 -717 0
-708 -718 0
-708 -719 0
-708 -720 0
-708 -721 0
-708 -722 0
-708 -723 0
-708 -724 0
-708 -725 0
-708 -726 0
-708 -727 0
-708 -728 0
-708 -729 0
-708 -730 0
-708 -731 0
-708 -732 0
-708 -733 0
-708 -734 0
-708 -735 0
-708 -736 0
-708 -737 0
-708 -738 0
-708 -739 0
-708 -740 0
-708 -741 0
-709 -710 0
-709 -711 0
-709 -712 0
-709 -713 0
-709 -714 0
-709 -715 0
-709 -716 0
-709 -717 0
-709 -718 0
-709 -719 0
-709 -720 0
-709 -721 0
-709 -722 0
-709 -723 0
-709 -724 0
-709 -725 0
-709 -726 0
-709 -727 0
-709 -728 0
-709 -729 0
-709 -730 0
-709 -731 0
-709 -732 0
-709 -733 0
-709 -734 0
-709 -735 0
-709 -736 0
-709 -737 0
-709 -738 0
-709 -739 0
-709 -740 0
-709 -741 0
-710 -711 0
-710 -712 0
-710 -713 0
-710 -714 0
-710 -715 0
-710 -716 0
-710 -717 0
-710 -718 0
-710 -719 0
-710 -720 0
-710 -721 0
-710 -722 0
-710 -723 0
-710 -724 0
-710 -725 0
-710 -726 0
-710 -727 0
-710 -728 0
-710 -729 0
-710 -730 0
-710 -731 0
-710 -732 0
-710 -733 0
-710 -734 0
-710 -735 0
-710 -736 0
-710 -737 0
-710 -738 0
-710 -739 0
-710 -740 0
-710 -741 0
-711 -712 0
-711 -713 0
-711 -714 0
-711 -715 0
-711 -716 0
-711 -717 0
-711 -718 0
-711 -719 0
-711 -720 0
-711 -721 0
-711 -722 0
-711 -723 0
-711 -724 0
-711 -725 0
-711 -726 0
-711 -727 0
-711 -728 0
-711 -729 0
-711 -730 0
-711 -731 0
-711 -732 0
-711 -733 0
-711 -734 0
-711 -735 0
-711 -736 0
-711 -737 0
-711 -738 0
-711 -739 0
-711 -740 0
-711 -741 0
-712 -713 0
-712 -714 0
-712 -715 0
-712 -716 0
-712 -717 0
-712 -718 0
-712 -719 0
-712 -720 0
-712 -721 0
-712 -722 0
-712 -723 0
-712 -724 0
-712 -725 0
-712 -726 0
-712 -727 0
-712 -728 0
-712 -729 0
-712 -730 0
-712 -731 0
-712 -732 0
-712 -733 0
-712 -734 0
-712 -735 0
-712 -736 0
-712 -737 0
-712 -738 0
-712 -739 0
-712 -740 0
-712 -741 0
-713 -714 0
-713 -715 0
-713 -716 0
-713 -717 0
-713 -718 0
-713 -719 0
-713 -720 0
-713 -721 0
-713 -722 0
-713 -723 0
-713 -724 0
-713 -725 0
-713 -726 0
-713 -727 0
-713 -728 0
-713 -729 0
-713 -730 0
-713 -731 0
-713 -732 0
-713 -733 0
-713 -734 0
-713 -735 0
-713 -736 0
-713 -737 0
-713 -738 0
-713 -739 0
-713 -740 0
-713 -741 0
-714 -715 0
-714 -716 0
-714 -717 0
-714 -718 0
-714 -719 0
-714 -720 0
-714 -721 0
-714 -722 0
-714 -723 0
-714 -724 0
-714 -725 0
-714 -726 0
-714 -727 0
-714 -728 0
-714 -729 0
-714 -730 0
-714 -731 0
-714 -732 0
-714 -733 0
-714 -734 0
-714 -735 0
-714 -736 0
-714 -737 0
-714 -738 0
-714 -739 0
-714 -740 0
-714 -741 0
-715 -716 0
-715 -717 0
-715 -718 0
-715 -719 0
-715 -720 0
-715 -721 0
-715 -722 0
-715 -723 0
-715 -724 0
-715 -725 0
-715 -726 0
-715 -727 0
-715 -728 0
-715 -729 0
-715 -730 0
-715 -731 0
-715 -732 0
-715 -733 0
-715 -734 0
-715 -735 0
-715 -736 0
-715 -737 0
-715 -738 0
-715 -739 0
-715 -740 0
-715 -741 0
-716 -717 0
-716 -718 0
-716 -719 0
-716 -720 0
-716 -721 0
-716 -722 0
-716 -723 0
-716 -724 0
-716 -725 0
-716 -726 0
-716 -727 0
-716 -728 0
-716 -729 0
-716 -730 0
-716 -731 0
-716 -732 0
-716 -733 0
-716 -734 0
-716 -735 0
-716 -736 0
-716 -737 0
-716 -738 0
-716 -739 0
-716 -740 0
-716 -741 0
-717 -718 0
-717 -719 0
-717 -720 0
-717 -721 0
-717 -722 0
-717 -723 0
-717 -724 0
-717 -725 0
-717 -726 0
-717 -727 0
-717 -728 0
-717 -729 0
-717 -730 0
-717 -731 0
-717 -732 0
-717 -733 0
-717 -734 0
-717 -735 0
-717 -736 0
-717 -737 0
-717 -738 0
-717 -739 0
-717 -740 0
-717 -741 0
-718 -719 0
-718 -720 0
-718 -721 0
-718 -722 0
-718 -723 0
-718 -724 0
-718 -725 0
-718 -726 0
-718 -727 0
-718 -728 0
-718 -729 0
-718 -730 0
-718 -731 0
-718 -732 0
-718 -733 0
-718 -734 0
-718 -735 0
-718 -736 0
-718 -737 0
-718 -738 0
-718 -739 0
-718 -740 0
-718 -741 0
-719 -720 0
-719 -721 0
-719 -722 0
-719 -723 0
-719 -724 0
-719 -725 0
-719 -726 0
-719 -727 0
-719 -728 0
-719 -729 0
-719 -730 0
-719 -731 0
-719 -732 0
-719 -733 0
-719 -734 0
-719 -735 0
-719 -736 0
-719 -737 0
-719 -738 0
-719 -739 0
-719 -740 0
-719 -741 0
-720 -721 0
-720 -722 0
-720 -723 0
-720 -724 0
-720 -725 0
-720 -726 0
-720 -727 0
-720 -728 0
-720 -729 0
-720 -730 0
-720 -731 0
-720 -732 0
-720 -733 0
-720 -734 0
-720 -735 0
-720 -736 0
-720 -737 0
-720 -738 0
-720 -739 0
-720 -740 0
-720 -741 0
-721 -722 0
-721 -723 0
-721 -724 0
-721 -725 0
-721 -726 0
-721 -727 0
-721 -728 0
-721 -729 0
-721 -730 0
-721 -731 0
-721 -732 0
-721 -733 0
-721 -734 0
-721 -735 0
-721 -736 0
-721 -737 0
-721 -738 0
-721 -739 0
-721 -740 0
-721 -741 0
-722 -723 0
-722 -724 0
-722 -725 0
-722 -726 0
-722 -727 0
-722 -728 0
-722 -729 0
-722 -730 0
-722 -731 0
-722 -732 0
-722 -733 0
-722 -734 0
-722 -735 0
-722 -736 0
-722 -737 0
-722 -738 0
-722 -739 0
-722 -740 0
-722 -741 0
-723 -724 0
-723 -725 0
-723 -726 0
-723 -727 0
-723 -728 0
-723 -729 0
-723 -730 0
-723 -731 0
-723 -732 0
-723 -733 0
-723 -734 0
-723 -735 0
-723 -736 0
-723 -737 0
-723 -738 0
-723 -739 0
-723 -740 0
-723 -741 0
-724 -725 0
-724 -726 0
-724 -727 0
-724 -728 0
-724 -729 0
-724 -730 0
-724 -731 0
-724 -732 0
-724 -733 0
-724 -734 0
-724 -735 0
-724 -736 0
-724 -737 0
-724 -738 0
-724 -739 0
-724 -740 0
-724 -741 0
-725 -726 0
-725 -727 0
-725 -728 0
-725 -729 0
-725 -730 0
-725 -731 0
-725 -732 0
-725 -733 0
-725 -734 0
-725 -735 0
-725 -736 0
-725 -737 0
-725 -738 0
-725 -739 0
-725 -740 0
-725 -741 0
-726 -727 0
-726 -728 0
-726 -729 0
-726 -730 0
-726 -731 0
-726 -732 0
-726 -733 0
-726 -734 0
-726 -735 0
-726 -736 0
-726 -737 0
-726 -738 0
-726 -739 0
-726 -740 0
-726 -741 0
-727 -728 0
-727 -729 0
-727 -730 0
-727 -731 0
-727 -732 0
-727 -733 0
-727 -734 0
-727 -735 0
-727 -736 0
-727 -737 0
-727 -738 0
-727 -739 0
-727 -740 0
-727 -741 0
-728 -729 0
-728 -730 0
-728 -731 0
-728 -732 0
-728 -733 0
-728 -734 0
-728 -735 0
-728 -736 0
-728 -737 0
-728 -738 0
-728 -739 0
-728 -740 0
-728 -741 0
-729 -730 0
-729 -731 0
-729 -732 0
-729 -733 0
-729 -734 0
-729 -735 0
-729 -736 0
-729 -737 0
-729 -738 0
-729 -739 0
-729 -740 0
-729 -741 0
-730 -731 0
-730 -732 0
-730 -733 0
-730 -734 0
-730 -735 0
-730 -736 0
-730 -737 0
-730 -738 0
-730 -739 0
-730 -740 0
-730 -741 0
-731 -732 0
-731 -733 0
-731 -734 0
-731 -735 0
-731 -736 0
-731 -737 0
-731 -738 0
-731 -739 0
-731 -740 0
-731 -741 0
-732 -733 0
-732 -734 0
-732 -735 0
-732 -736 0
-732 -737 0
-732 -738 0
-732 -739 0
-732 -740 0
-732 -741 0
-733 -734 0
-733 -735 0
-733 -736 0
-733 -737 0
-733 -738 0
-733 -739 0
-733 -740 0
-733 -741 0
-734 -735 0
-734 -736 0
-734 -737 0
-734 -738 0
-734 -739 0
-734 -740 0
-734 -741 0
-735 -736 0
-735 -737 0
-735 -738 0
-735 -739 0
-735 -740 0
-735 -741 0
-736 -737 0
-736 -738 0
-736 -739 0
-736 -740 0
-736 -741 0
-737 -738 0
-737 -739 0
-737 -740 0
-737 -741 0
-738 -739 0
-738 -740 0
-738 -741 0
-739 -740 0
-739 -741 0
-740 -741 0
-742 -743 0
-742 -744 0
-742 -745 0
-742 -746 0
-742 -747 0
-742 -748 0
-742 -749 0
-742 -750 0
-742 -751 0
-742 -752 0
-742 -753 0
-742 -754 0
-742 -755 0
-742 -756 0
-742 -757 0
-742 -758 0
-742 -759 0
-742 -760 0
-742 -761 0
-742 -762 0
-742 -763 0
-742 -764 0
-742 -765 0
-742 -766 0
-742 -767 0
-742 -768 0
-742 -769 0
-742 -770 0
-742 -771 0
-742 -772 0
-742 -773 0
-742 -774 0
-742 -775 0
-742 -776 0
-742 -777 0
-742 -778 0
-742 -779 0
-742 -780 0
-743 -744 0
-743 -745 0
-743 -746 0
-743 -747 0
-743 -748 0
-743 -749 0
-743 -750 0
-743 -751 0
-743 -752 0
-743 -753 0
-743 -754 0
-743 -755 0
-743 -756 0
-743 -757 0
-743 -758 0
-743 -759 0
-743 -760 0
-743 -761 0
-743 -762 0
-743 -763 0
-743 -764 0
-743 -765 0
-743 -766 0
-743 -767 0
-743 -768 0
-743 -769 0
-743 -770 0
-743 -771 0
-743 -772 0
-743 -773 0
-743 -774 0
-743 -775 0
-743 -776 0
-743 -777 0
-743 -778 0
-743 -779 0
-743 -780 0
-744 -745 0
-744 -746 0
-744 -747 0
-744 -748 0
-744 -749 0
-744 -750 0
-744 -751 0
-744 -752 0
-744 -753 0
-744 -754 0
-744 -755 0
-744 -756 0
-744 -757 0
-744 -758 0
-744 -759 0
-744 -760 0
-744 -761 0
-744 -762 0
-744 -763 0
-744 -764 0
-744 -765 0
-744 -766 0
-744 -767 0
-744 -768 0
-744 -769 0
-744 -770 0
-744 -771 0
-744 -772 0
-744 -773 0
-744 -774 0
-744 -775 0
-744 -776 0
-744 -777 0
-744 -778 0
-744 -779 0
-744 -780 0
-745 -746 0
-745 -747 0
-745 -748 0
-745 -749 0
-745 -750 0
-745 -751 0
-745 -752 0
-745 -753 0
-745 -754 0
-745 -755 0
-745 -756 0
-745 -757 0
-745 -758 0
-745 -759 0
-745 -760 0
-745 -761 0
-745 -762 0
-745 -763 0
-745 -764 0
-745 -765 0
-745 -766 0
-745 -767 0
-745 -768 0
-745 -769 0
-745 -770 0
-745 -771 0
-745 -772 0
-745 -773 0
-745 -774 0
-745 -775 0
-745 -776 0
-745 -777 0
-745 -778 0
-745 -779 0
-745 -780 0
-746 -747 0
-746 -748 0
-746 -749 0
-746 -750 0
-746 -751 0
-746 -752 0
-746 -753 0
-746 -754 0
-746 -755 0
-746 -756 0
-746 -757 0
-746 -758 0
-746 -759 0
-746 -760 0
-746 -761 0
-746 -762 0
-746 -763 0
-746 -764 0
-746 -765 0
-746 -766 0
-746 -767 0
-746 -768 0
-746 -769 0
-746 -770 0
-746 -771 0
-746 -772 0
-746 -773 0
-746 -774 0
-746 -775 0
-746 -776 0
-746 -777 0
-746 -778 0
-746 -779 0
-746 -780 0
-747 -748 0
-747 -749 0
-747 -750 0
-747 -751 0
-747 -752 0
-747 -753 0
-747 -754 0
-747 -755 0
-747 -756 0
-747 -757 0
-747 -758 0
-747 -759 0
-747 -760 0
-747 -761 0
-747 -762 0
-747 -763 0
-747 -764 0
-747 -765 0
-747 -766 0
-747 -767 0
-747 -768 0
-747 -769 0
-747 -770 0
-747 -771 0
-747 -772 0
-747 -773 0
-747 -774 0
-747 -775 0
-747 -776 0
-747 -777 0
-747 -778 0
-747 -779 0
-747 -780 0
-748 -749 0
-748 -750 0
-748 -751 0
-748 -752 0
-748 -753 0
-748 -754 0
-748 -755 0
-748 -756 0
-748 -757 0
-748 -758 0
-748 -759 0
-748 -760 0
-748 -761 0
-748 -762 0
-748 -763 0
-748 -764 0
-748 -765 0
-748 -766 0
-748 -767 0
-748 -768 0
-748 -769 0
-748 -770 0
-748 -771 0
-748 -772 0
-748 -773 0
-748 -774 0
-748 -775 0
-748 -776 0
-748 -777 0
-748 -778 0
-748 -779 0
-748 -780 0
-749 -750 0
-749 -751 0
-749 -752 0
-749 -753 0
-749 -754 0
-749 -755 0
-749 -756 0
-749 -757 0
-749 -758 0
-749 -759 0
-749 -760 0
-749 -761 0
-749 -762 0
-749 -763 0
-749 -764 0
-749 -765 0
-749 -766 0
-749 -767 0
-749 -768 0
-749 -769 0
-749 -770 0
-749 -771 0
-749 -772 0
-749 -773 0
-749 -774 0
-749 -775 0
-749 -776 0
-749 -777 0
-749 -778 0
-749 -779 0
-749 -780 0
-750 -751 0
-750 -752 0
-750 -753 0
-750 -754 0
-750 -755 0
-750 -756 0
-750 -757 0
-750 -758 0
-750 -759 0
-750 -760 0
-750 -761 0
-750 -762 0
-750 -763 0
-750 -764 0
-750 -765 0
-750 -766 0
-750 -767 0
-750 -768 0
-750 -769 0
-750 -770 0
-750 -771 0
-750 -772 0
-750 -773 0
-750 -774 0
-750 -775 0
-750 -776 0
-750 -777 0
-750 -778 0
-750 -779 0
-750 -780 0
-751 -752 0
-751 -753 0
-751 -754 0
-751 -755 0
-751 -756 0
-751 -757 0
-751 -758 0
-751 -759 0
-751 -760 0
-751 -761 0
-751 -762 0
-751 -763 0
-751 -764 0
-751 -765 0
-751 -766 0
-751 -767 0
-751 -768 0
-751 -769 0
-751 -770 0
-751 -771 0
-751 -772 0
-751 -773 0
-751 -774 0
-751 -775 0
-751 -776 0
-751 -777 0
-751 -778 0
-751 -779 0
-751 -780 0
-752 -753 0
-752 -754 0
-752 -755 0
-752 -756 0
-752 -757 0
-752 -758 0
-752 -759 0
-752 -760 0
-752 -761 0
-752 -762 0
-752 -763 0
-752 -764 0
-752 -765 0
-752 -766 0
-752 -767 0
-752 -768 0
-752 -769 0
-752 -770 0
-752 -771 0
-752 -772 0
-752 -773 0
-752 -774 0
-752 -775 0
-752 -776 0
-752 -777 0
-752 -778 0
-752 -779 0
-752 -780 0
-753 -754 0
-753 -755 0
-753 -756 0
-753 -757 0
-753 -758 0
-753 -759 0
-753 -760 0
-753 -761 0
-753 -762 0
-753 -763 0
-753 -764 0
-753 -765 0
-753 -766 0
-753 -767 0
-753 -768 0
-753 -769 0
-753 -770 0
-753 -771 0
-753 -772 0
-753 -773 0
-753 -774 0
-753 -775 0
-753 -776 0
-753 -777 0
-753 -778 0
-753 -779 0
-753 -780 0
-754 -755 0
-754 -756 0
-754 -757 0
-754 -758 0
-754 -759 0
-754 -760 0
-754 -761 0
-754 -762 0
-754 -763 0
-754 -764 0
-754 -765 0
-754 -766 0
-754 -767 0
-754 -768 0
-754 -769 0
-754 -770 0
-754 -771 0
-754 -772 0
-754 -773 0
-754 -774 0
-754 -775 0
-754 -776 0
-754 -777 0
-754 -778 0
-754 -779 0
-754 -780 0
-755 -756 0
-755 -757 0
-755 -758 0
-755 -759 0
-755 -760 0
-755 -761 0
-755 -762 0
-755 -763 0
-755 -764 0
-755 -765 0
-755 -766 0
-755 -767 0
-755 -768 0
-755 -769 0
-755 -770 0
-755 -771 0
-755 -772 0
-755 -773 0
-755 -774 0
-755 -775 0
-755 -776 0
-755 -777 0
-755 -778 0
-755 -779 0
-755 -780 0
-756 -757 0
-756 -758 0
-756 -759 0
-756 -760 0
-756 -761 0
-756 -762 0
-756 -763 0
-756 -764 0
-756 -765 0
-756 -766 0
-756 -767 0
-756 -768 0
-756 -769 0
-756 -770 0
-756 -771 0
-756 -772 0
-756 -773 0
-756 -774 0
-756 -775 0
-756 -776 0
-756 -777 0
-756 -778 0
-756 -779 0
-756 -780 0
-757 -758 0
-757 -759 0
-757 -760 0
-757 -761 0
-757 -762 0
-757 -763 0
-757 -764 0
-757 -765 0
-757 -766 0
-757 -767 0
-757 -768 0
-757 -769 0
-757 -770 0
-757 -771 0
-757 -772 0
-757 -773 0
-757 -774 0
-757 -775 0
-757 -776 0
-757 -777 0
-757 -778 0
-757 -779 0
-757 -780 0
-758 -759 0
-758 -760 0
-758 -761 0
-758 -762 0
-758 -763 0
-758 -764 0
-758 -765 0
-758 -766 0
-758 -767 0
-758 -768 0
-758 -769 0
-758 -770 0
-758 -771 0
-758 -772 0
-758 -773 0
-758 -774 0
-758 -775 0
-758 -776 0
-758 -777 0
-758 -778 0
-758 -779 0
-758 -780 0
-759 -760 0
-759 -761 0
-759 -762 0
-759 -763 0
-759 -764 0
-759 -765 0
-759 -766 0
-759 -767 0
-759 -768 0
-759 -769 0
-759 -770 0
-759 -771 0
-759 -772 0
-759 -773 0
-759 -774 0
-759 -775 0
-759 -776 0
-759 -777 0
-759 -778 0
-759 -779 0
-759 -780 0
-760 -761 0
-760 -762 0
-760 -763 0
-760 -764 0
-760 -765 0
-760 -766 0
-760 -767 0
-760 -768 0
-760 -769 0
-760 -770 0
-760 -771 0
-760 -772 0
-760 -773 0
-760 -774 0
-760 -775 0
-760 -776 0
-760 -777 0
-760 -778 0
-760 -779 0
-760 -780 0
-761 -762 0
-761 -763 0
-761 -764 0
-761 -765 0
-761 -766 0
-761 -767 0
-761 -768 0
-761 -769 0
-761 -770 0
-761 -771 0
-761 -772 0
-761 -773 0
-761 -774 0
-761 -775 0
-761 -776 0
-761 -777 0
-761 -778 0
-761 -779 0
-761 -780 0
-762 -763 0
-762 -764 0
-762 -765 0
-762 -766 0
-762 -767 0
-762 -768 0
-762 -769 0
-762 -770 0
-762 -771 0
-762 -772 0
-762 -773 0
-762 -774 0
-762 -775 0
-762 -776 0
-762 -777 0
-762 -778 0
-762 -779 0
-762 -780 0
-763 -764 0
-763 -765 0
-763 -766 0
-763 -767 0
-763 -768 0
-763 -769 0
-763 -770 0
-763 -771 0
-763 -772 0
-763 -773 0
-763 -774 0
-763 -775 0
-763 -776 0
-763 -777 0
-763 -778 0
-763 -779 0
-763 -780 0
-764 -765 0
-764 -766 0
-764 -767 0
-764 -768 0
-764 -769 0
-764 -770 0
-764 -771 0
-764 -772 0
-764 -773 0
-764 -774 0
-764 -775 0
-764 -776 0
-764 -777 0
-764 -778 0
-764 -779 0
-764 -780 0
-765 -766 0
-765 -767 0
-765 -768 0
-765 -769 0
-765 -770 0
-765 -771 0
-765 -772 0
-765 -773 0
-765 -774 0
-765 -775 0
-765 -776 0
-765 -777 0
-765 -778 0
-765 -779 0
-765 -780 0
-766 -767 0
-766 -768 0
-766 -769 0
-766 -770 0
-766 -771 0
-766 -772 0
-766 -773 0
-766 -774 0
-766 -775 0
-766 -776 0
-766 -777 0
-766 -778 0
-766 -779 0
-766 -780 0
-767 -768 0
-767 -769 0
-767 -770 0
-767 -771 0
-767 -772 0
-767 -773 0
-767 -774 0
-767 -775 0
-767 -776 0
-767 -777 0
-767 -778 0
-767 -779 0
-767 -780 0
-768 -769 0
-768 -770 0
-768 -771 0
-768 -772 0
-768 -773 0
-768 -774 0
-768 -775 0
-768 -776 0
-768 -777 0
-768 -778 0
-768 -779 0
-768 -780 0
-769 -770 0
-769 -771 0
-769 -772 0
-769 -773 0
-769 -774 0
-769 -775 0
-769 -776 0
-769 -777 0
-769 -778 0
-769 -779 0
-769 -780 0
-770 -771 0
-770 -772 0
-770 -773 0
-770 -774 0
-770 -775 0
-770 -776 0
-770 -777 0
-770 -778 0
-770 -779 0
-770 -780 0
-771 -772 0
-771 -773 0
-771 -774 0
-771 -775 0
-771 -776 0
-771 -777 0
-771 -778 0
-771 -779 0
-771 -780 0
-772 -773 0
-772 -774 0
-772 -775 0
-772 -776 0
-772 -777 0
-772 -778 0
-772 -779 0
-772 -780 0
-773 -774 0
-773 -775 0
-773 -776 0
-773 -777 0
-773 -778 0
-773 -779 0
-773 -780 0
-774 -775 0
-774 -776 0
-774 -777 0
-774 -778 0
-774 -779 0
-774 -780 0
-775 -776 0
-775 -777 0
-775 -778 0
-775 -779 0
-775 -780 0
-776 -777 0
-776 -778 0
-776 -779 0
-776 -780 0
-777 -778 0
-777 -779 0
-777 -780 0
-778 -779 0
-778 -780 0
-779 -780 0
-781 -782 0
-781 -783 0
-781 -784 0
-781 -785 0
-781 -786 0
-781 -787 0
-781 -788 0
-781 -789 0
-781 -790 0
-781 -791 0
-781 -792 0
-781 -793 0
-781 -794 0
-781 -795 0
-781 -796 0
-781 -797 0
-781 -798 0
-781 -799 0
-781 -800 0
-781 -801 0
-781 -802 0
-781 -803 0
-781 -804 0
-781 -805 0
-781 -806 0
-781 -807 0
-781 -808 0
-781 -809 0
-781 -810 0
-781 -811 0
-781 -812 0
-781 -813 0
-781 -814 0
-781 -815 0
-781 -816 0
-781 -817 0
-781 -818 0
-781 -819 0
-782 -783 0
-782 -784 0
-782 -785 0
-782 -786 0
-782 -787 0
-782 -788 0
-782 -789 0
-782 -790 0
-782 -791 0
-782 -792 0
-782 -793 0
-782 -794 0
-782 -795 0
-782 -796 0
-782 -797 0
-782 -798 0
-782 -799 0
-782 -800 0
-782 -801 0
-782 -802 0
-782 -803 0
-782 -804 0
-782 -805 0
-782 -806 0
-782 -807 0
-782 -808 0
-782 -809 0
-782 -810 0
-782 -811 0
-782 -812 0
-782 -813 0
-782 -814 0
-782 -815 0
-782 -816 0
-782 -817 0
-782 -818 0
-782 -819 0
-783 -784 0
-783 -785 0
-783 -786 0
-783 -787 0
-783 -788 0
-783 -789 0
-783 -790 0
-783 -791 0
-783 -792 0
-783 -793 0
-783 -794 0
-783 -795 0
-783 -796 0
-783 -797 0
-783 -798 0
-783 -799 0
-783 -800 0
-783 -801 0
-783 -802 0
-783 -803 0
-783 -804 0
-783 -805 0
-783 -806 0
-783 -807 0
-783 -808 0
-783 -809 0
-783 -810 0
-783 -811 0
-783 -812 0
-783 -813 0
-783 -814 0
-783 -815 0
-783 -816 0
-783 -817 0
-783 -818 0
-783 -819 0
-784 -785 0
-784 -786 0
-784 -787 0
-784 -788 0
-784 -789 0
-784 -790 0
-784 -791 0
-784 -792 0
-784 -793 0
-784 -794 0
-784 -795 0
-784 -796 0
-784 -797 0
-784 -798 0
-784 -799 0
-784 -800 0
-784 -801 0
-784 -802 0
-784 -803 0
-784 -804 0
-784 -805 0
-784 -806 0
-784 -807 0
-784 -808 0
-784 -809 0
-784 -810 0
-784 -811 0
-784 -812 0
-784 -813 0
-784 -814 0
-784 -815 0
-784 -816 0
-784 -817 0
-784 -818 0
-784 -819 0
-785 -786 0
-785 -787 0
-785 -788 0
-785 -789 0
-785 -790 0
-785 -791 0
-785 -792 0
-785 -793 0
-785 -794 0
-785 -795 0
-785 -796 0
-785 -797 0
-785 -798 0
-785 -799 0
-785 -800 0
-785 -801 0
-785 -802 0
-785 -803 0
-785 -804 0
-785 -805 0
-785 -806 0
-785 -807 0
-785 -808 0
-785 -809 0
-785 -810 0
-785 -811 0
-785 -812 0
-785 -813 0
-785 -814 0
-785 -815 0
-785 -816 0
-785 -817 0
-785 -818 0
-785 -819 0
-786 -787 0
-786 -788 0
-786 -789 0
-786 -790 0
-786 -791 0
-786 -792 0
-786 -793 0
-786 -794 0
-786 -795 0
-786 -796 0
-786 -797 0
-786 -798 0
-786 -799 0
-786 -800 0
-786 -801 0
-786 -802 0
-786 -803 0
-786 -804 0
-786 -805 0
-786 -806 0
-786 -807 0
-786 -808 0
-786 -809 0
-786 -810 0
-786 -811 0
-786 -812 0
-786 -813 0
-786 -814 0
-786 -815 0
-786 -816 0
-786 -817 0
-786 -818 0
-786 -819 0
-787 -788 0
-787 -789 0
-787 -790 0
-787 -791 0
-787 -792 0
-787 -793 0
-787 -794 0
-787 -795 0
-787 -796 0
-787 -797 0
-787 -798 0
-787 -799 0
-787 -800 0
-787 -801 0
-787 -802 0
-787 -803 0
-787 -804 0
-787 -805 0
-787 -806 0
-787 -807 0
-787 -808 0
-787 -809 0
-787 -810 0
-787 -811 0
-787 -812 0
-787 -813 0
-787 -814 0
-787 -815 0
-787 -816 0
-787 -817 0
-787 -818 0
-787 -819 0
-788 -789 0
-788 -790 0
-788 -791 0
-788 -792 0
-788 -793 0
-788 -794 0
-788 -795 0
-788 -796 0
-788 -797 0
-788 -798 0
-788 -799 0
-788 -800 0
-788 -801 0
-788 -802 0
-788 -803 0
-788 -804 0
-788 -805 0
-788 -806 0
-788 -807 0
-788 -808 0
-788 -809 0
-788 -810 0
-788 -811 0
-788 -812 0
-788 -813 0
-788 -814 0
-788 -815 0
-788 -816 0
-788 -817 0
-788 -818 0
-788 -819 0
-789 -790 0
-789 -791 0
-789 -792 0
-789 -793 0
-789 -794 0
-789 -795 0
-789 -796 0
-789 -797 0
-789 -798 0
-789 -799 0
-789 -800 0
-789 -801 0
-789 -802 0
-789 -803 0
-789 -804 0
-789 -805 0
-789 -806 0
-789 -807 0
-789 -808 0
-789 -809 0
-789 -810 0
-789 -811 0
-789 -812 0
-789 -813 0
-789 -814 0
-789 -815 0
-789 -816 0
-789 -817 0
-789 -818 0
-789 -819 0
-790 -791 0
-790 -792 0
-790 -793 0
-790 -794 0
-790 -795 0
-790 -796 0
-790 -797 0
-790 -798 0
-790 -799 0
-790 -800 0
-790 -801 0
-790 -802 0
-790 -803 0
-790 -804 0
-790 -805 0
-790 -806 0
-790 -807 0
-790 -808 0
-790 -809 0
-790 -810 0
-790 -811 0
-790 -812 0
-790 -813 0
-790 -814 0
-790 -815 0
-790 -816 0
-790 -817 0
-790 -818 0
-790 -819 0
-791 -792 0
-791 -793 0
-791 -794 0
-791 -795 0
-791 -796 0
-791 -797 0
-791 -798 0
-791 -799 0
-791 -800 0
-791 -801 0
-791 -802 0
-791 -803 0
-791 -804 0
-791 -805 0
-791 -806 0
-791 -807 0
-791 -808 0
-791 -809 0
-791 -810 0
-791 -811 0
-791 -812 0
-791 -813 0
-791 -814 0
-791 -815 0
-791 -816 0
-791 -817 0
-791 -818 0
-791 -819 0
-792 -793 0
-792 -794 0
-792 -795 0
-792 -796 0
-792 -797 0
-792 -798 0
-792 -799 0
-792 -800 0
-792 -801 0
-792 -802 0
-792 -803 0
-792 -804 0
-792 -805 0
-792 -806 0
-792 -807 0
-792 -808 0
-792 -809 0
-792 -810 0
-792 -811 0
-792 -812 0
-792 -813 0
-792 -814 0
-792 -815 0
-792 -816 0
-792 -817 0
-792 -818 0
-792 -819 0
-793 -794 0
-793 -795 0
-793 -796 0
-793 -797 0
-793 -798 0
-793 -799 0
-793 -800 0
-793 -801 0
-793 -802 0
-793 -803 0
-793 -804 0
-793 -805 0
-793 -806 0
-793 -807 0
-793 -808 0
-793 -809 0
-793 -810 0
-793 -811 0
-793 -812 0
-793 -813 0
-793 -814 0
-793 -815 0
-793 -816 0
-793 -817 0
-793 -818 0
-793 -819 0
-794 -795 0
-794 -796 0
-794 -797 0
-794 -798 0
-794 -799 0
-794 -800 0
-794 -801 0
-794 -802 0
-794 -803 0
-794 -804 0
-794 -805 0
-794 -806 0
-794 -807 0
-794 -808 0
-794 -809 0
-794 -810 0
-794 -811 0
-794 -812 0
-794 -813 0
-794 -814 0
-794 -815 0
-794 -816 0
-794 -817 0
-794 -818 0
-794 -819 0
-795 -796 0
-795 -797 0
-795 -798 0
-795 -799 0
-795 -800 0
-795 -801 0
-795 -802 0
-795 -803 0
-795 -804 0
-795 -805 0
-795 -806 0
-795 -807 0
-795 -808 0
-795 -809 0
-795 -810 0
-795 -811 0
-795 -812 0
-795 -813 0
-795 -814 0
-795 -815 0
-795 -816 0
-795 -817 0
-795 -818 0
-795 -819 0
-796 -797 0
-796 -798 0
-796 -799 0
-796 -800 0
-796 -801 0
-796 -802 0
-796 -803 0
-796 -804 0
-796 -805 0
-796 -806 0
-796 -807 0
-796 -808 0
-796 -809 0
-796 -810 0
-796 -811 0
-796 -812 0
-796 -813 0
-796 -814 0
-796 -815 0
-796 -816 0
-796 -817 0
-796 -818 0
-796 -819 0
-797 -798 0
-797 -799 0
-797 -800 0
-797 -801 0
-797 -802 0
-797 -803 0
-797 -804 0
-797 -805 0
-797 -806 0
-797 -807 0
-797 -808 0
-797 -809 0
-797 -810 0
-797 -811 0
-797 -812 0
-797 -813 0
-797 -814 0
-797 -815 0
-797 -816 0
-797 -817 0
-797 -818 0
-797 -819 0
-798 -799 0
-798 -800 0
-798 -801 0
-798 -802 0
-798 -803 0
-798 -804 0
-798 -805 0
-798 -806 0
-798 -807 0
-798 -808 0
-798 -809 0
-798 -810 0
-798 -811 0
-798 -812 0
-798 -813 0
-798 -814 0
-798 -815 0
-798 -816 0
-798 -817 0
-798 -818 0
-798 -819 0
-799 -800 0
-799 -801 0
-799 -802 0
-799 -803 0
-799 -804 0
-799 -805 0
-799 -806 0
-799 -807 0
-799 -808 0
-799 -809 0
-799 -810 0
-799 -811 0
-799 -812 0
-799 -813 0
-799 -814 0
-799 -815 0
-799 -816 0
-799 -817 0
-799 -818 0
-799 -819 0
-800 -801 0
-800 -802 0
-800 -803 0
-800 -804 0
-800 -805 0
-800 -806 0
-800 -807 0
-800 -808 0
-800 -809 0
-800 -810 0
-800 -811 0
-800 -812 0
-800 -813 0
-800 -814 0
-800 -815 0
-800 -816 0
-800 -817 0
-800 -818 0
-800 -819 0
-801 -802 0
-801 -803 0
-801 -804 0
-801 -805 0
-801 -806 0
-801 -807 0
-801 -808 0
-801 -809 0
-801 -810 0
-801 -811 0
-801 -812 0
-801 -813 0
-801 -814 0
-801 -815 0
-801 -816 0
-801 -817 0
-801 -818 0
-801 -819 0
-802 -803 0
-802 -804 0
-802 -805 0
-802 -806 0
-802 -807 0
-802 -808 0
-802 -809 0
-802 -810 0
-802 -811 0
-802 -812 0
-802 -813 0
-802 -814 0
-802 -815 0
-802 -816 0
-802 -817 0
-802 -818 0
-802 -819 0
-803 -804 0
-803 -805 0
-803 -806 0
-803 -807 0
-803 -808 0
-803 -809 0
-803 -810 0
-803 -811 0
-803 -812 0
-803 -813 0
-803 -814 0
-803 -815 0
-803 -816 0
-803 -817 0
-803 -818 0
-803 -819 0
-804 -805 0
-804 -806 0
-804 -807 0
-804 -808 0
-804 -809 0
-804 -810 0
-804 -811 0
-804 -812 0
-804 -813 0
-804 -814 0
-804 -815 0
-804 -816 0
-804 -817 0
-804 -818 0
-804 -819 0
-805 -806 0
-805 -807 0
-805 -808 0
-805 -809 0
-805 -810 0
-805 -811 0
-805 -812 0
-805 -813 0
-805 -814 0
-805 -815 0
-805 -816 0
-805 -817 0
-805 -818 0
-805 -819 0
-806 -807 0
-806 -808 0
-806 -809 0
-806 -810 0
-806 -811 0
-806 -812 0
-806 -813 0
-806 -814 0
-806 -815 0
-806 -816 0
-806 -817 0
-806 -818 0
-806 -819 0
-807 -808 0
-807 -809 0
-807 -810 0
-807 -811 0
-807 -812 0
-807 -813 0
-807 -814 0
-807 -815 0
-807 -816 0
-807 -817 0
-807 -818 0
-807 -819 0
-808 -809 0
-808 -810 0
-808 -811 0
-808 -812 0
-808 -813 0
-808 -814 0
-808 -815 0
-808 -816 0
-808 -817 0
-808 -818 0
-808 -819 0
-809 -810 0
-809 -811 0
-809 -812 0
-809 -813 0
-809 -814 0
-809 -815 0
-809 -816 0
-809 -817 0
-809 -818 0
-809 -819 0
-810 -811 0
-810 -812 0
-810 -813 0
-810 -814 0
-810 -815 0
-810 -816 0
-810 -817 0
-810 -818 0
-810 -819 0
-811 -812 0
-811 -813 0
-811 -814 0
-811 -815 0
-811 -816 0
-811 -817 0
-811 -818 0
-811 -819 0
-812 -813 0
-812 -814 0
-812 -815 0
-812 -816 0
-812 -817 0
-812 -818 0
-812 -819 0
-813 -814 0
-813 -815 0
-813 -816 0
-813 -817 0
-813 -818 0
-813 -819 0
-814 -815 0
-814 -816 0
-814 -817 0
-814 -818 0
-814 -819 0
-815 -816 0
-815 -817 0
-815 -818 0
-815 -819 0
-816 -817 0
-816 -818 0
-816 -819 0
-817 -818 0
-817 -819 0
-818 -819 0
-820 -821 0
-820 -822 0
-820 -823 0
-820 -824 0
-820 -825 0
-820 -826 0
-820 -827 0
-820 -828 0
-820 -829 0
-820 -830 0
-820 -831 0
-820 -832 0
-820 -833 0
-820 -834 0
-820 -835 0
-820 -836 0
-820 -837 0
-820 -838 0
-820 -839 0
-820 -840 0
-820 -841 0
-820 -842 0
-820 -843 0
-820 -844 0
-820 -845 0
-820 -846 0
-820 -847 0
-820 -848 0
-820 -849 0
-820 -850 0
-820 -851 0
-820 -852 0
-820 -853 0
-820 -854 0
-820 -855 0
-820 -856 0
-820 -857 0
-820 -858 0
-821 -822 0
-821 -823 0
-821 -824 0
-821 -825 0
-821 -826 0
-821 -827 0
-821 -828 0
-821 -829 0
-821 -830 0
-821 -831 0
-821 -832 0
-821 -833 0
-821 -834 0
-821 -835 0
-821 -836 0
-821 -837 0
-821 -838 0
-821 -839 0
-821 -840 0
-821 -841 0
-821 -842 0
-821 -843 0
-821 -844 0
-821 -845 0
-821 -846 0
-821 -847 0
-821 -848 0
-821 -849 0
-821 -850 0
-821 -851 0
-821 -852 0
-821 -853 0
-821 -854 0
-821 -855 0
-821 -856 0
-821 -857 0
-821 -858 0
-822 -823 0
-822 -824 0
-822 -825 0
-822 -826 0
-822 -827 0
-822 -828 0
-822 -829 0
-822 -830 0
-822 -831 0
-822 -832 0
-822 -833 0
-822 -834 0
-822 -835 0
-822 -836 0
-822 -837 0
-822 -838 0
-822 -839 0
-822 -840 0
-822 -841 0
-822 -842 0
-822 -843 0
-822 -844 0
-822 -845 0
-822 -846 0
-822 -847 0
-822 -848 0
-822 -849 0
-822 -850 0
-822 -851 0
-822 -852 0
-822 -853 0
-822 -854 0
-822 -855 0
-822 -856 0
-822 -857 0
-822 -858 0
-823 -824 0
-823 -825 0
-823 -826 0
-823 -827 0
-823 -828 0
-823 -829 0
-823 -830 0
-823 -831 0
-823 -832 0
-823 -833 0
-823 -834 0
-823 -835 0
-823 -836 0
-823 -837 0
-823 -838 0
-823 -839 0
-823 -840 0
-823 -841 0
-823 -842 0
-823 -843 0
-823 -844 0
-823 -845 0
-823 -846 0
-823 -847 0
-823 -848 0
-823 -849 0
-823 -850 0
-823 -851 0
-823 -852 0
-823 -853 0
-823 -854 0
-823 -855 0
-823 -856 0
-823 -857 0
-823 -858 0
-824 -825 0
-824 -826 0
-824 -827 0
-824 -828 0
-824 -829 0
-824 -830 0
-824 -831 0
-824 -832 0
-824 -833 0
-824 -834 0
-824 -835 0
-824 -836 0
-824 -837 0
-824 -838 0
-824 -839 0
-824 -840 0
-824 -841 0
-824 -842 0
-824 -843 0
-824 -844 0
-824 -845 0
-824 -846 0
-824 -847 0
-824 -848 0
-824 -849 0
-824 -850 0
-824 -851 0
-824 -852 0
-824 -853 0
-824 -854 0
-824 -855 0
-824 -856 0
-824 -857 0
-824 -858 0
-825 -826 0
-825 -827 0
-825 -828 0
-825 -829 0
-825 -830 0
-825 -831 0
-825 -832 0
-825 -833 0
-825 -834 0
-825 -835 0
-825 -836 0
-825 -837 0
-825 -838 0
-825 -839 0
-825 -840 0
-825 -841 0
-825 -842 0
-825 -843 0
-825 -844 0
-825 -845 0
-825 -846 0
-825 -847 0
-825 -848 0
-825 -849 0
-825 -850 0
-825 -851 0
-825 -852 0
-825 -853 0
-825 -854 0
-825 -855 0
-825 -856 0
-825 -857 0
-825 -858 0
-826 -827 0
-826 -828 0
-826 -829 0
-826 -830 0
-826 -831 0
-826 -832 0
-826 -833 0
-826 -834 0
-826 -835 0
-826 -836 0
-826 -837 0
-826 -838 0
-826 -839 0
-826 -840 0
-826 -841 0
-826 -842 0
-826 -843 0
-826 -844 0
-826 -845 0
-826 -846 0
-826 -847 0
-826 -848 0
-826 -849 0
-826 -850 0
-826 -851 0
-826 -852 0
-826 -853 0
-826 -854 0
-826 -855 0
-826 -856 0
-826 -857 0
-826 -858 0
-827 -828 0
-827 -829 0
-827 -830 0
-827 -831 0
-827 -832 0
-827 -833 0
-827 -834 0
-827 -835 0
-827 -836 0
-827 -837 0
-827 -838 0
-827 -839 0
-827 -840 0
-827 -841 0
-827 -842 0
-827 -843 0
-827 -844 0
-827 -845 0
-827 -846 0
-827 -847 0
-827 -848 0
-827 -849 0
-827 -850 0
-827 -851 0
-827 -852 0
-827 -853 0
-827 -854 0
-827 -855 0
-827 -856 0
-827 -857 0
-827 -858 0
-828 -829 0
-828 -830 0
-828 -831 0
-828 -832 0
-828 -833 0
-828 -834 0
-828 -835 0
-828 -836 0
-828 -837 0
-828 -838 0
-828 -839 0
-828 -840 0
-828 -841 0
-828 -842 0
-828 -843 0
-828 -844 0
-828 -845 0
-828 -846 0
-828 -847 0
-828 -848 0
-828 -849 0
-828 -850 0
-828 -851 0
-828 -852 0
-828 -853 0
-828 -854 0
-828 -855 0
-828 -856 0
-828 -857 0
-828 -858 0
-829 -830 0
-829 -831 0
-829 -832 0
-829 -833 0
-829 -834 0
-829 -835 0
-829 -836 0
-829 -837 0
-829 -838 0
-829 -839 0
-829 -840 0
-829 -841 0
-829 -842 0
-829 -843 0
-829 -844 0
-829 -845 0
-829 -846 0
-829 -847 0
-829 -848 0
-829 -849 0
-829 -850 0
-829 -851 0
-829 -852 0
-829 -853 0
-829 -854 0
-829 -855 0
-829 -856 0
-829 -857 0
-829 -858 0
-830 -831 0
-830 -832 0
-830 -833 0
-830 -834 0
-830 -835 0
-830 -836 0
-830 -837 0
-830 -838 0
-830 -839 0
-830 -840 0
-830 -841 0
-830 -842 0
-830 -843 0
-830 -844 0
-830 -845 0
-830 -846 0
-830 -847 0
-830 -848 0
-830 -849 0
-830 -850 0
-830 -851 0
-830 -852 0
-830 -853 0
-830 -854 0
-830 -855 0
-830 -856 0
-830 -857 0
-830 -858 0
-831 -832 0
-831 -833 0
-831 -834 0
-831 -835 0
-831 -836 0
-831 -837 0
-831 -838 0
-831 -839 0
-831 -840 0
-831 -841 0
-831 -842 0
-831 -843 0
-831 -844 0
-831 -845 0
-831 -846 0
-831 -847 0
-831 -848 0
-831 -849 0
-831 -850 0
-831 -851 0
-831 -852 0
-831 -853 0
-831 -854 0
-831 -855 0
-831 -856 0
-831 -857 0
-831 -858 0
-832 -833 0
-832 -834 0
-832 -835 0
-832 -836 0
-832 -837 0
-832 -838 0
-832 -839 0
-832 -840 0
-832 -841 0
-832 -842 0
-832 -843 0
-832 -844 0
-832 -845 0
-832 -846 0
-832 -847 0
-832 -848 0
-832 -849 0
-832 -850 0
-832 -851 0
-832 -852 0
-832 -853 0
-832 -854 0
-832 -855 0
-832 -856 0
-832 -857 0
-832 -858 0
-833 -834 0
-833 -835 0
-833 -836 0
-833 -837 0
-833 -838 0
-833 -839 0
-833 -840 0
-833 -841 0
-833 -842 0
-833 -843 0
-833 -844 0
-833 -845 0
-833 -846 0
-833 -847 0
-833 -848 0
-833 -849 0
-833 -850 0
-833 -851 0
-833 -852 0
-833 -853 0
-833 -854 0
-833 -855 0
-833 -856 0
-833 -857 0
-833 -858 0
-834 -835 0
-834 -836 0
-834 -837 0
-834 -838 0
-834 -839 0
-834 -840 0
-834 -841 0
-834 -842 0
-834 -843 0
-834 -844 0
-834 -845 0
-834 -846 0
-834 -847 0
-834 -848 0
-834 -849 0
-834 -850 0
-834 -851 0
-834 -852 0
-834 -853 0
-834 -854 0
-834 -855 0
-834 -856 0
-834 -857 0
-834 -858 0
-835 -836 0
-835 -837 0
-835 -838 0
-835 -839 0
-835 -840 0
-835 -841 0
-835 -842 0
-835 -843 0
-835 -844 0
-835 -845 0
-835 -846 0
-835 -847 0
-835 -848 0
-835 -849 0
-835 -850 0
-835 -851 0
-835 -852 0
-835 -853 0
-835 -854 0
-835 -855 0
-835 -856 0
-835 -857 0
-835 -858 0
-836 -837 0
-836 -838 0
-836 -839 0
-836 -840 0
-836 -841 0
-836 -842 0
-836 -843 0
-836 -844 0
-836 -845 0
-836 -846 0
-836 -847 0
-836 -848 0
-836 -849 0
-836 -850 0
-836 -851 0
-836 -852 0
-836 -853 0
-836 -854 0
-836 -855 0
-836 -856 0
-836 -857 0
-836 -858 0
-837 -838 0
-837 -839 0
-837 -840 0
-837 -841 0
-837 -842 0
-837 -843 0
-837 -844 0
-837 -845 0
-837 -846 0
-837 -847 0
-837 -848 0
-837 -849 0
-837 -850 0
-837 -851 0
-837 -852 0
-837 -853 0
-837 -854 0
-837 -855 0
-837 -856 0
-837 -857 0
-837 -858 0
-838 -839 0
-838 -840 0
-838 -841 0
-838 -842 0
-838 -843 0
-838 -844 0
-838 -845 0
-838 -846 0
-838 -847 0
-838 -848 0
-838 -849 0
-838 -850 0
-838 -851 0
-838 -852 0
-838 -853 0
-838 -854 0
-838 -855 0
-838 -856 0
-838 -857 0
-838 -858 0
-839 -840 0
-839 -841 0
-839 -842 0
-839 -843 0
-839 -844 0
-839 -845 0
-839 -846 0
-839 -847 0
-839 -848 0
-839 -849 0
-839 -850 0
-839 -851 0
-839 -852 0
-839 -853 0
-839 -854 0
-839 -855 0
-839 -856 0
-839 -857 0
-839 -858 0
-840 -841 0
-840 -842 0
-840 -843 0
-840 -844 0
-840 -845 0
-840 -846 0
-840 -847 0
-840 -848 0
-840 -849 0
-840 -850 0
-840 -851 0
-840 -852 0
-840 -853 0
-840 -854 0
-840 -855 0
-840 -856 0
-840 -857 0
-840 -858 0
-841 -842 0
-841 -843 0
-841 -844 0
-841 -845 0
-841 -846 0
-841 -847 0
-841 -848 0
-841 -849 0
-841 -850 0
-841 -851 0
-841 -852 0
-841 -853 0
-841 -854 0
-841 -855 0
-841 -856 0
-841 -857 0
-841 -858 0
-842 -843 0
-842 -844 0
-842 -845 0
-842 -846 0
-842 -847 0
-842 -848 0
-842 -849 0
-842 -850 0
-842 -851 0
-842 -852 0
-842 -853 0
-842 -854 0
-842 -855 0
-842 -856 0
-842 -857 0
-842 -858 0
-843 -844 0
-843 -845 0
-843 -846 0
-843 -847 0
-843 -848 0
-843 -849 0
-843 -850 0
-843 -851 0
-843 -852 0
-843 -853 0
-843 -854 0
-843 -855 0
-843 -856 0
-843 -857 0
-843 -858 0
-844 -845 0
-844 -846 0
-844 -847 0
-844 -848 0
-844 -849 0
-844 -850 0
-844 -851 0
-844 -852 0
-844 -853 0
-844 -854 0
-844 -855 0
-844 -856 0
-844 -857 0
-844 -858 0
-845 -846 0
-845 -847 0
-845 -848 0
-845 -849 0
-845 -850 0
-845 -851 0
-845 -852 0
-845 -853 0
-845 -854 0
-845 -855 0
-845 -856 0
-845 -857 0
-845 -858 0
-846 -847 0
-846 -848 0
-846 -849 0
-846 -850 0
-846 -851 0
-846 -852 0
-846 -853 0
-846 -854 0
-846 -855 0
-846 -856 0
-846 -857 0
-846 -858 0
-847 -848 0
-847 -849 0
-847 -850 0
-847 -851 0
-847 -852 0
-847 -853 0
-847 -854 0
-847 -855 0
-847 -856 0
-847 -857 0
-847 -858 0
-848 -849 0
-848 -850 0
-848 -851 0
-848 -852 0
-848 -853 0
-848 -854 0
-848 -855 0
-848 -856 0
-848 -857 0
-848 -858 0
-849 -850 0
-849 -851 0
-849 -852 0
-849 -853 0
-849 -854 0
-849 -855 0
-849 -856 0
-849 -857 0
-849 -858 0
-850 -851 0
-850 -852 0
-850 -853 0
-850 -854 0
-850 -855 0
-850 -856 0
-850 -857 0
-850 -858 0
-851 -852 0
-851 -853 0
-851 -854 0
-851 -855 0
-851 -856 0
-851 -857 0
-851 -858 0
-852 -853 0
-852 -854 0
-852 -855 0
-852 -856 0
-852 -857 0
-852 -858 0
-853 -854 0
-853 -855 0
-853 -856 0
-853 -857 0
-853 -858 0
-854 -855 0
-854 -856 0
-854 -857 0
-854 -858 0
-855 -856 0
-855 -857 0
-855 -858 0
-856 -857 0
-856 -858 0
-857 -858 0
-859 -860 0
-859 -861 0
-859 -862 0
-859 -863 0
-859 -864 0
-859 -865 0
-859 -866 0
-859 -867 0
-859 -868 0
-859 -869 0
-859 -870 0
-859 -871 0
-859 -872 0
-859 -873 0
-859 -874 0
-859 -875 0
-859 -876 0
-859 -877 0
-859 -878 0
-859 -879 0
-859 -880 0
-859 -881 0
-859 -882 0
-859 -883 0
-859 -884 0
-859 -885 0
-859 -886 0
-859 -887 0
-859 -888 0
-859 -889 0
-859 -890 0
-859 -891 0
-859 -892 0
-859 -893 0
-859 -894 0
-859 -895 0
-859 -896 0
-859 -897 0
-860 -861 0
-860 -862 0
-860 -863 0
-860 -864 0
-860 -865 0
-860 -866 0
-860 -867 0
-860 -868 0
-860 -869 0
-860 -870 0
-860 -871 0
-860 -872 0
-860 -873 0
-860 -874 0
-860 -875 0
-860 -876 0
-860 -877 0
-860 -878 0
-860 -879 0
-860 -880 0
-860 -881 0
-860 -882 0
-860 -883 0
-860 -884 0
-860 -885 0
-860 -886 0
-860 -887 0
-860 -888 0
-860 -889 0
-860 -890 0
-860 -891 0
-860 -892 0
-860 -893 0
-860 -894 0
-860 -895 0
-860 -896 0
-860 -897 0
-861 -862 0
-861 -863 0
-861 -864 0
-861 -865 0
-861 -866 0
-861 -867 0
-861 -868 0
-861 -869 0
-861 -870 0
-861 -871 0
-861 -872 0
-861 -873 0
-861 -874 0
-861 -875 0
-861 -876 0
-861 -877 0
-861 -878 0
-861 -879 0
-861 -880 0
-861 -881 0
-861 -882 0
-861 -883 0
-861 -884 0
-861 -885 0
-861 -886 0
-861 -887 0
-861 -888 0
-861 -889 0
-861 -890 0
-861 -891 0
-861 -892 0
-861 -893 0
-861 -894 0
-861 -895 0
-861 -896 0
-861 -897 0
-862 -863 0
-862 -864 0
-862 -865 0
-862 -866 0
-862 -867 0
-862 -868 0
-862 -869 0
-862 -870 0
-862 -871 0
-862 -872 0
-862 -873 0
-862 -874 0
-862 -875 0
-862 -876 0
-862 -877 0
-862 -878 0
-862 -879 0
-862 -880 0
-862 -881 0
-862 -882 0
-862 -883 0
-862 -884 0
-862 -885 0
-862 -886 0
-862 -887 0
-862 -888 0
-862 -889 0
-862 -890 0
-862 -891 0
-862 -892 0
-862 -893 0
-862 -894 0
-862 -895 0
-862 -896 0
-862 -897 0
-863 -864 0
-863 -865 0
-863 -866 0
-863 -867 0
-863 -868 0
-863 -869 0
-863 -870 0
-863 -871 0
-863 -872 0
-863 -873 0
-863 -874 0
-863 -875 0
-863 -876 0
-863 -877 0
-863 -878 0
-863 -879 0
-863 -880 0
-863 -881 0
-863 -882 0
-863 -883 0
-863 -884 0
-863 -885 0
-863 -886 0
-863 -887 0
-863 -888 0
-863 -889 0
-863 -890 0
-863 -891 0
-863 -892 0
-863 -893 0
-863 -894 0
-863 -895 0
-863 -896 0
-863 -897 0
-864 -865 0
-864 -866 0
-864 -867 0
-864 -868 0
-864 -869 0
-864 -870 0
-864 -871 0
-864 -872 0
-864 -873 0
-864 -874 0
-864 -875 0
-864 -876 0
-864 -877 0
-864 -878 0
-864 -879 0
-864 -880 0
-864 -881 0
-864 -882 0
-864 -883 0
-864 -884 0
-864 -885 0
-864 -886 0
-864 -887 0
-864 -888 0
-864 -889 0
-864 -890 0
-864 -891 0
-864 -892 0
-864 -893 0
-864 -894 0
-864 -895 0
-864 -896 0
-864 -897 0
-865 -866 0
-865 -867 0
-865 -868 0
-865 -869 0
-865 -870 0
-865 -871 0
-865 -872 0
-865 -873 0
-865 -874 0
-865 -875 0
-865 -876 0
-865 -877 0
-865 -878 0
-865 -879 0
-865 -880 0
-865 -881 0
-865 -882 0
-865 -883 0
-865 -884 0
-865 -885 0
-865 -886 0
-865 -887 0
-865 -888 0
-865 -889 0
-865 -890 0
-865 -891 0
-865 -892 0
-865 -893 0
-865 -894 0
-865 -895 0
-865 -896 0
-865 -897 0
-866 -867 0
-866 -868 0
-866 -869 0
-866 -870 0
-866 -871 0
-866 -872 0
-866 -873 0
-866 -874 0
-866 -875 0
-866 -876 0
-866 -877 0
-866 -878 0
-866 -879 0
-866 -880 0
-866 -881 0
-866 -882 0
-866 -883 0
-866 -884 0
-866 -885 0
-866 -886 0
-866 -887 0
-866 -888 0
-866 -889 0
-866 -890 0
-866 -891 0
-866 -892 0
-866 -893 0
-866 -894 0
-866 -895 0
-866 -896 0
-866 -897 0
-867 -868 0
-867 -869 0
-867 -870 0
-867 -871 0
-867 -872 0
-867 -873 0
-867 -874 0
-867 -875 0
-867 -876 0
-867 -877 0
-867 -878 0
-867 -879 0
-867 -880 0
-867 -881 0
-867 -882 0
-867 -883 0
-867 -884 0
-867 -885 0
-867 -886 0
-867 -887 0
-867 -888 0
-867 -889 0
-867 -890 0
-867 -891 0
-867 -892 0
-867 -893 0
-867 -894 0
-867 -895 0
-867 -896 0
-867 -897 0
-868 -869 0
-868 -870 0
-868 -871 0
-868 -872 0
-868 -873 0
-868 -874 0
-868 -875 0
-868 -876 0
-868 -877 0
-868 -878 0
-868 -879 0
-868 -880 0
-868 -881 0
-868 -882 0
-868 -883 0
-868 -884 0
-868 -885 0
-868 -886 0
-868 -887 0
-868 -888 0
-868 -889 0
-868 -890 0
-868 -891 0
-868 -892 0
-868 -893 0
-868 -894 0
-868 -895 0
-868 -896 0
-868 -897 0
-869 -870 0
-869 -871 0
-869 -872 0
-869 -873 0
-869 -874 0
-869 -875 0
-869 -876 0
-869 -877 0
-869 -878 0
-869 -879 0
-869 -880 0
-869 -881 0
-869 -882 0
-869 -883 0
-869 -884 0
-869 -885 0
-869 -886 0
-869 -887 0
-869 -888 0
-869 -889 0
-869 -890 0
-869 -891 0
-869 -892 0
-869 -893 0
-869 -894 0
-869 -895 0
-869 -896 0
-869 -897 0
-870 -871 0
-870 -872 0
-870 -873 0
-870 -874 0
-870 -875 0
-870 -876 0
-870 -877 0
-870 -878 0
-870 -879 0
-870 -880 0
-870 -881 0
-870 -882 0
-870 -883 0
-870 -884 0
-870 -885 0
-870 -886 0
-870 -887 0
-870 -888 0
-870 -889 0
-870 -890 0
-870 -891 0
-870 -892 0
-870 -893 0
-870 -894 0
-870 -895 0
-870 -896 0
-870 -897 0
-871 -872 0
-871 -873 0
-871 -874 0
-871 -875 0
-871 -876 0
-871 -877 0
-871 -878 0
-871 -879 0
-871 -880 0
-871 -881 0
-871 -882 0
-871 -883 0
-871 -884 0
-871 -885 0
-871 -886 0
-871 -887 0
-871 -888 0
-871 -889 0
-871 -890 0
-871 -891 0
-871 -892 0
-871 -893 0
-871 -894 0
-871 -895 0
-871 -896 0
-871 -897 0
-872 -873 0
-872 -874 0
-872 -875 0
-872 -876 0
-872 -877 0
-872 -878 0
-872 -879 0
-872 -880 0
-872 -881 0
-872 -882 0
-872 -883 0
-872 -884 0
-872 -885 0
-872 -886 0
-872 -887 0
-872 -888 0
-872 -889 0
-872 -890 0
-872 -891 0
-872 -892 0
-872 -893 0
-872 -894 0
-872 -895 0
-872 -896 0
-872 -897 0
-873 -874 0
-873 -875 0
-873 -876 0
-873 -877 0
-873 -878 0
-873 -879 0
-873 -880 0
-873 -881 0
-873 -882 0
-873 -883 0
-873 -884 0
-873 -885 0
-873 -886 0
-873 -887 0
-873 -888 0
-873 -889 0
-873 -890 0
-873 -891 0
-873 -892 0
-873 -893 0
-873 -894 0
-873 -895 0
-873 -896 0
-873 -897 0
-874 -875 0
-874 -876 0
-874 -877 0
-874 -878 0
-874 -879 0
-874 -880 0
-874 -881 0
-874 -882 0
-874 -883 0
-874 -884 0
-874 -885 0
-874 -886 0
-874 -887 0
-874 -888 0
-874 -889 0
-874 -890 0
-874 -891 0
-874 -892 0
-874 -893 0
-874 -894 0
-874 -895 0
-874 -896 0
-874 -897 0
-875 -876 0
-875 -877 0
-875 -878 0
-875 -879 0
-875 -880 0
-875 -881 0
-875 -882 0
-875 -883 0
-875 -884 0
-875 -885 0
-875 -886 0
-875 -887 0
-875 -888 0
-875 -889 0
-875 -890 0
-875 -891 0
-875 -892 0
-875 -893 0
-875 -894 0
-875 -895 0
-875 -896 0
-875 -897 0
-876 -877 0
-876 -878 0
-876 -879 0
-876 -880 0
-876 -881 0
-876 -882 0
-876 -883 0
-876 -884 0
-876 -885 0
-876 -886 0
-876 -887 0
-876 -888 0
-876 -889 0
-876 -890 0
-876 -891 0
-876 -892 0
-876 -893 0
-876 -894 0
-876 -895 0
-876 -896 0
-876 -897 0
-877 -878 0
-877 -879 0
-877 -880 0
-877 -881 0
-877 -882 0
-877 -883 0
-877 -884 0
-877 -885 0
-877 -886 0
-877 -887 0
-877 -888 0
-877 -889 0
-877 -890 0
-877 -891 0
-877 -892 0
-877 -893 0
-877 -894 0
-877 -895 0
-877 -896 0
-877 -897 0
-878 -879 0
-878 -880 0
-878 -881 0
-878 -882 0
-878 -883 0
-878 -884 0
-878 -885 0
-878 -886 0
-878 -887 0
-878 -888 0
-878 -889 0
-878 -890 0
-878 -891 0
-878 -892 0
-878 -893 0
-878 -894 0
-878 -895 0
-878 -896 0
-878 -897 0
-879 -880 0
-879 -881 0
-879 -882 0
-879 -883 0
-879 -884 0
-879 -885 0
-879 -886 0
-879 -887 0
-879 -888 0
-879 -889 0
-879 -890 0
-879 -891 0
-879 -892 0
-879 -893 0
-879 -894 0
-879 -895 0
-879 -896 0
-879 -897 0
-880 -881 0
-880 -882 0
-880 -883 0
-880 -884 0
-880 -885 0
-880 -886 0
-880 -887 0
-880 -888 0
-880 -889 0
-880 -890 0
-880 -891 0
-880 -892 0
-880 -893 0
-880 -894 0
-880 -895 0
-880 -896 0
-880 -897 0
-881 -882 0
-881 -883 0
-881 -884 0
-881 -885 0
-881 -886 0
-881 -887 0
-881 -888 0
-881 -889 0
-881 -890 0
-881 -891 0
-881 -892 0
-881 -893 0
-881 -894 0
-881 -895 0
-881 -896 0
-881 -897 0
-882 -883 0
-882 -884 0
-882 -885 0
-882 -886 0
-882 -887 0
-882 -888 0
-882 -889 0
-882 -890 0
-882 -891 0
-882 -892 0
-882 -893 0
-882 -894 0
-882 -895 0
-882 -896 0
-882 -897 0
-883 -884 0
-883 -885 0
-883 -886 0
-883 -887 0
-883 -888 0
-883 -889 0
-883 -890 0
-883 -891 0
-883 -892 0
-883 -893 0
-883 -894 0
-883 -895 0
-883 -896 0
-883 -897 0
-884 -885 0
-884 -886 0
-884 -887 0
-884 -888 0
-884 -889 0
-884 -890 0
-884 -891 0
-884 -892 0
-884 -893 0
-884 -894 0
-884 -895 0
-884 -896 0
-884 -897 0
-885 -886 0
-885 -887 0
-885 -888 0
-885 -889 0
-885 -890 0
-885 -891 0
-885 -892 0
-885 -893 0
-885 -894 0
-885 -895 0
-885 -896 0
-885 -897 0
-886 -887 0
-886 -888 0
-886 -889 0
-886 -890 0
-886 -891 0
-886 -892 0
-886 -893 0
-886 -894 0
-886 -895 0
-886 -896 0
-886 -897 0
-887 -888 0
-887 -889 0
-887 -890 0
-887 -891 0
-887 -892 0
-887 -893 0
-887 -894 0
-887 -895 0
-887 -896 0
-887 -897 0
-888 -889 0
-888 -890 0
-888 -891 0
-888 -892 0
-888 -893 0
-888 -894 0
-888 -895 0
-888 -896 0
-888 -897 0
-889 -890 0
-889 -891 0
-889 -892 0
-889 -893 0
-889 -894 0
-889 -895 0
-889 -896 0
-889 -897 0
-890 -891 0
-890 -892 0
-890 -893 0
-890 -894 0
-890 -895 0
-890 -896 0
-890 -897 0
-891 -892 0
-891 -893 0
-891 -894 0
-891 -895 0
-891 -896 0
-891 -897 0
-892 -893 0
-892 -894 0
-892 -895 0
-892 -896 0
-892 -897 0
-893 -894 0
-893 -895 0
-893 -896 0
-893 -897 0
-894 -895 0
-894 -896 0
-894 -897 0
-895 -896 0
-895 -897 0
-896 -897 0
-898 -899 0
-898 -900 0
-898 -901 0
-898 -902 0
-898 -903 0
-898 -904 0
-898 -905 0
-898 -906 0
-898 -907 0
-898 -908 0
-898 -909 0
-898 -910 0
-898 -911 0
-898 -912 0
-898 -913 0
-898 -914 0
-898 -915 0
-898 -916 0
-898 -917 0
-898 -918 0
-898 -919 0
-898 -920 0
-898 -921 0
-898 -922 0
-898 -923 0
-898 -924 0
-898 -925 0
-898 -926 0
-898 -927 0
-898 -928 0
-898 -929 0
-898 -930 0
-898 -931 0
-898 -932 0
-898 -933 0
-898 -934 0
-898 -935 0
-898 -936 0
-899 -900 0
-899 -901 0
-899 -902 0
-899 -903 0
-899 -904 0
-899 -905 0
-899 -906 0
-899 -907 0
-899 -908 0
-899 -909 0
-899 -910 0
-899 -911 0
-899 -912 0
-899 -913 0
-899 -914 0
-899 -915 0
-899 -916 0
-899 -917 0
-899 -918 0
-899 -919 0
-899 -920 0
-899 -921 0
-899 -922 0
-899 -923 0
-899 -924 0
-899 -925 0
-899 -926 0
-899 -927 0
-899 -928 0
-899 -929 0
-899 -930 0
-899 -931 0
-899 -932 0
-899 -933 0
-899 -934 0
-899 -935 0
-899 -936 0
-900 -901 0
-900 -902 0
-900 -903 0
-900 -904 0
-900 -905 0
-900 -906 0
-900 -907 0
-900 -908 0
-900 -909 0
-900 -910 0
-900 -911 0
-900 -912 0
-900 -913 0
-900 -914 0
-900 -915 0
-900 -916 0
-900 -917 0
-900 -918 0
-900 -919 0
-900 -920 0
-900 -921 0
-900 -922 0
-900 -923 0
-900 -924 0
-900 -925 0
-900 -926 0
-900 -927 0
-900 -928 0
-900 -929 0
-900 -930 0
-900 -931 0
-900 -932 0
-900 -933 0
-900 -934 0
-900 -935 0
-900 -936 0
-901 -902 0
-901 -903 0
-901 -904 0
-901 -905 0
-901 -906 0
-901 -907 0
-901 -908 0
-901 -909 0
-901 -910 0
-901 -911 0
-901 -912 0
-901 -913 0
-901 -914 0
-901 -915 0
-901 -916 0
-901 -917 0
-901 -918 0
-901 -919 0
-901 -920 0
-901 -921 0
-901 -922 0
-901 -923 0
-901 -924 0
-901 -925 0
-901 -926 0
-901 -927 0
-901 -928 0
-901 -929 0
-901 -930 0
-901 -931 0
-901 -932 0
-901 -933 0
-901 -934 0
-901 -935 0
-901 -936 0
-902 -903 0
-902 -904 0
-902 -905 0
-902 -906 0
-902 -907 0
-902 -908 0
-902 -909 0
-902 -910 0
-902 -911 0
-902 -912 0
-902 -913 0
-902 -914 0
-902 -915 0
-902 -916 0
-902 -917 0
-902 -918 0
-902 -919 0
-902 -920 0
-902 -921 0
-902 -922 0
-902 -923 0
-902 -924 0
-902 -925 0
-902 -926 0
-902 -927 0
-902 -928 0
-902 -929 0
-902 -930 0
-902 -931 0
-902 -932 0
-902 -933 0
-902 -934 0
-902 -935 0
-902 -936 0
-903 -904 0
-903 -905 0
-903 -906 0
-903 -907 0
-903 -908 0
-903 -909 0
-903 -910 0
-903 -911 0
-903 -912 0
-903 -913 0
-903 -914 0
-903 -915 0
-903 -916 0
-903 -917 0
-903 -918 0
-903 -919 0
-903 -920 0
-903 -921 0
-903 -922 0
-903 -923 0
-903 -924 0
-903 -925 0
-903 -926 0
-903 -927 0
-903 -928 0
-903 -929 0
-903 -930 0
-903 -931 0
-903 -932 0
-903 -933 0
-903 -934 0
-903 -935 0
-903 -936 0
-904 -905 0
-904 -906 0
-904 -907 0
-904 -908 0
-904 -909 0
-904 -910 0
-904 -911 0
-904 -912 0
-904 -913 0
-904 -914 0
-904 -915 0
-904 -916 0
-904 -917 0
-904 -918 0
-904 -919 0
-904 -920 0
-904 -921 0
-904 -922 0
-904 -923 0
-904 -924 0
-904 -925 0
-904 -926 0
-904 -927 0
-904 -928 0
-904 -929 0
-904 -930 0
-904 -931 0
-904 -932 0
-904 -933 0
-904 -934 0
-904 -935 0
-904 -936 0
-905 -906 0
-905 -907 0
-905 -908 0
-905 -909 0
-905 -910 0
-905 -911 0
-905 -912 0
-905 -913 0
-905 -914 0
-905 -915 0
-905 -916 0
-905 -917 0
-905 -918 0
-905 -919 0
-905 -920 0
-905 -921 0
-905 -922 0
-905 -923 0
-905 -924 0
-905 -925 0
-905 -926 0
-905 -927 0
-905 -928 0
-905 -929 0
-905 -930 0
-905 -931 0
-905 -932 0
-905 -933 0
-905 -934 0
-905 -935 0
-905 -936 0
-906 -907 0
-906 -908 0
-906 -909 0
-906 -910 0
-906 -911 0
-906 -912 0
-906 -913 0
-906 -914 0
-906 -915 0
-906 -916 0
-906 -917 0
-906 -918 0
-906 -919 0
-906 -920 0
-906 -921 0
-906 -922 0
-906 -923 0
-906 -924 0
-906 -925 0
-906 -926 0
-906 -927 0
-906 -928 0
-906 -929 0
-906 -930 0
-906 -931 0
-906 -932 0
-906 -933 0
-906 -934 0
-906 -935 0
-906 -936 0
-907 -908 0
-907 -909 0
-907 -910 0
-907 -911 0
-907 -912 0
-907 -913 0
-907 -914 0
-907 -915 0
-907 -916 0
-907 -917 0
-907 -918 0
-907 -919 0
-907 -920 0
-907 -921 0
-907 -922 0
-907 -923 0
-907 -924 0
-907 -925 0
-907 -926 0
-907 -927 0
-907 -928 0
-907 -929 0
-907 -930 0
-907 -931 0
-907 -932 0
-907 -933 0
-907 -934 0
-907 -935 0
-907 -936 0
-908 -909 0
-908 -910 0
-908 -911 0
-908 -912 0
-908 -913 0
-908 -914 0
-908 -915 0
-908 -916 0
-908 -917 0
-908 -918 0
-908 -919 0
-908 -920 0
-908 -921 0
-908 -922 0
-908 -923 0
-908 -924 0
-908 -925 0
-908 -926 0
-908 -927 0
-908 -928 0
-908 -929 0
-908 -930 0
-908 -931 0
-908 -932 0
-908 -933 0
-908 -934 0
-908 -935 0
-908 -936 0
-909 -910 0
-909 -911 0
-909 -912 0
-909 -913 0
-909 -914 0
-909 -915 0
-909 -916 0
-909 -917 0
-909 -918 0
-909 -919 0
-909 -920 0
-909 -921 0
-909 -922 0
-909 -923 0
-909 -924 0
-909 -925 0
-909 -926 0
-909 -927 0
-909 -928 0
-909 -929 0
-909 -930 0
-909 -931 0
-909 -932 0
-909 -933 0
-909 -934 0
-909 -935 0
-909 -936 0
-910 -911 0
-910 -912 0
-910 -913 0
-910 -914 0
-910 -915 0
-910 -916 0
-910 -917 0
-910 -918 0
-910 -919 0
-910 -920 0
-910 -921 0
-910 -922 0
-910 -923 0
-910 -924 0
-910 -925 0
-910 -926 0
-910 -927 0
-910 -928 0
-910 -929 0
-910 -930 0
-910 -931 0
-910 -932 0
-910 -933 0
-910 -934 0
-910 -935 0
-910 -936 0
-911 -912 0
-911 -913 0
-911 -914 0
-911 -915 0
-911 -916 0
-911 -917 0
-911 -918 0
-911 -919 0
-911 -920 0
-911 -921 0
-911 -922 0
-911 -923 0
-911 -924 0
-911 -925 0
-911 -926 0
-911 -927 0
-911 -928 0
-911 -929 0
-911 -930 0
-911 -931 0
-911 -932 0
-911 -933 0
-911 -934 0
-911 -935 0
-911 -936 0
-912 -913 0
-912 -914 0
-912 -915 0
-912 -916 0
-912 -917 0
-912 -918 0
-912 -919 0
-912 -920 0
-912 -921 0
-912 -922 0
-912 -923 0
-912 -924 0
-912 -925 0
-912 -926 0
-912 -927 0
-912 -928 0
-912 -929 0
-912 -930 0
-912 -931 0
-912 -932 0
-912 -933 0
-912 -934 0
-912 -935 0
-912 -936 0
-913 -914 0
-913 -915 0
-913 -916 0
-913 -917 0
-913 -918 0
-913 -919 0
-913 -920 0
-913 -921 0
-913 -922 0
-913 -923 0
-913 -924 0
-913 -925 0
-913 -926 0
-913 -927 0
-913 -928 0
-913 -929 0
-913 -930 0
-913 -931 0
-913 -932 0
-913 -933 0
-913 -934 0
-913 -935 0
-913 -936 0
-914 -915 0
-914 -916 0
-914 -917 0
-914 -918 0
-914 -919 0
-914 -920 0
-914 -921 0
-914 -922 0
-914 -923 0
-914 -924 0
-914 -925 0
-914 -926 0
-914 -927 0
-914 -928 0
-914 -929 0
-914 -930 0
-914 -931 0
-914 -932 0
-914 -933 0
-914 -934 0
-914 -935 0
-914 -936 0
-915 -916 0
-915 -917 0
-915 -918 0
-915 -919 0
-915 -920 0
-915 -921 0
-915 -922 0
-915 -923 0
-915 -924 0
-915 -925 0
-915 -926 0
-915 -927 0
-915 -928 0
-915 -929 0
-915 -930 0
-915 -931 0
-915 -932 0
-915 -933 0
-915 -934 0
-915 -935 0
-915 -936 0
-916 -917 0
-916 -918 0
-916 -919 0
-916 -920 0
-916 -921 0
-916 -922 0
-916 -923 0
-916 -924 0
-916 -925 0
-916 -926 0
-916 -927 0
-916 -928 0
-916 -929 0
-916 -930 0
-916 -931 0
-916 -932 0
-916 -933 0
-916 -934 0
-916 -935 0
-916 -936 0
-917 -918 0
-917 -919 0
-917 -920 0
-917 -921 0
-917 -922 0
-917 -923 0
-917 -924 0
-917 -925 0
-917 -926 0
-917 -927 0
-917 -928 0
-917 -929 0
-917 -930 0
-917 -931 0
-917 -932 0
-917 -933 0
-917 -934 0
-917 -935 0
-917 -936 0
-918 -919 0
-918 -920 0
-918 -921 0
-918 -922 0
-918 -923 0
-918 -924 0
-918 -925 0
-918 -926 0
-918 -927 0
-918 -928 0
-918 -929 0
-918 -930 0
-918 -931 0
-918 -932 0
-918 -933 0
-918 -934 0
-918 -935 0
-918 -936 0
-919 -920 0
-919 -921 0
-919 -922 0
-919 -923 0
-919 -924 0
-919 -925 0
-919 -926 0
-919 -927 0
-919 -928 0
-919 -929 0
-919 -930 0
-919 -931 0
-919 -932 0
-919 -933 0
-919 -934 0
-919 -935 0
-919 -936 0
-920 -921 0
-920 -922 0
-920 -923 0
-920 -924 0
-920 -925 0
-920 -926 0
-920 -927 0
-920 -928 0
-920 -929 0
-920 -930 0
-920 -931 0
-920 -932 0
-920 -933 0
-920 -934 0
-920 -935 0
-920 -936 0
-921 -922 0
-921 -923 0
-921 -924 0
-921 -925 0
-921 -926 0
-921 -927 0
-921 -928 0
-921 -929 0
-921 -930 0
-921 -931 0
-921 -932 0
-921 -933 0
-921 -934 0
-921 -935 0
-921 -936 0
-922 -923 0
-922 -924 0
-922 -925 0
-922 -926 0
-922 -927 0
-922 -928 0
-922 -929 0
-922 -930 0
-922 -931 0
-922 -932 0
-922 -933 0
-922 -934 0
-922 -935 0
-922 -936 0
-923 -924 0
-923 -925 0
-923 -926 0
-923 -927 0
-923 -928 0
-923 -929 0
-923 -930 0
-923 -931 0
-923 -932 0
-923 -933 0
-923 -934 0
-923 -935 0
-923 -936 0
-924 -925 0
-924 -926 0
-924 -927 0
-924 -928 0
-924 -929 0
-924 -930 0
-924 -931 0
-924 -932 0
-924 -933 0
-924 -934 0
-924 -935 0
-924 -936 0
-925 -926 0
-925 -927 0
-925 -928 0
-925 -929 0
-925 -930 0
-925 -931 0
-925 -932 0
-925 -933 0
-925 -934 0
-925 -935 0
-925 -936 0
-926 -927 0
-926 -928 0
-926 -929 0
-926 -930 0
-926 -931 0
-926 -932 0
-926 -933 0
-926 -934 0
-926 -935 0
-926 -936 0
-927 -928 0
-927 -929 0
-927 -930 0
-927 -931 0
-927 -932 0
-927 -933 0
-927 -934 0
-927 -935 0
-927 -936 0
-928 -929 0
-928 -930 0
-928 -931 0
-928 -932 0
-928 -933 0
-928 -934 0
-928 -935 0
-928 -936 0
-929 -930 0
-929 -931 0
-929 -932 0
-929 -933 0
-929 -934 0
-929 -935 0
-929 -936 0
-930 -931 0
-930 -932 0
-930 -933 0
-930 -934 0
-930 -935 0
-930 -936 0
-931 -932 0
-931 -933 0
-931 -934 0
-931 -935 0
-931 -936 0
-932 -933 0
-932 -934 0
-932 -935 0
-932 -936 0
-933 -934 0
-933 -935 0
-933 -936 0
-934 -935 0
-934 -936 0
-935 -936 0
-937 -938 0
-937 -939 0
-937 -940 0
-937 -941 0
-937 -942 0
-937 -943 0
-937 -944 0
-937 -945 0
-937 -946 0
-937 -947 0
-937 -948 0
-937 -949 0
-937 -950 0
-937 -951 0
-937 -952 0
-937 -953 0
-937 -954 0
-937 -955 0
-937 -956 0
-937 -957 0
-937 -958 0
-937 -959 0
-937 -960 0
-937 -961 0
-937 -962 0
-937 -963 0
-937 -964 0
-937 -965 0
-937 -966 0
-937 -967 0
-937 -968 0
-937 -969 0
-937 -970 0
-937 -971 0
-937 -972 0
-937 -973 0
-937 -974 0
-937 -975 0
-938 -939 0
-938 -940 0
-938 -941 0
-938 -942 0
-938 -943 0
-938 -944 0
-938 -945 0
-938 -946 0
-938 -947 0
-938 -948 0
-938 -949 0
-938 -950 0
-938 -951 0
-938 -952 0
-938 -953 0
-938 -954 0
-938 -955 0
-938 -956 0
-938 -957 0
-938 -958 0
-938 -959 0
-938 -960 0
-938 -961 0
-938 -962 0
-938 -963 0
-938 -964 0
-938 -965 0
-938 -966 0
-938 -967 0
-938 -968 0
-938 -969 0
-938 -970 0
-938 -971 0
-938 -972 0
-938 -973 0
-938 -974 0
-938 -975 0
-939 -940 0
-939 -941 0
-939 -942 0
-939 -943 0
-939 -944 0
-939 -945 0
-939 -946 0
-939 -947 0
-939 -948 0
-939 -949 0
-939 -950 0
-939 -951 0
-939 -952 0
-939 -953 0
-939 -954 0
-939 -955 0
-939 -956 0
-939 -957 0
-939 -958 0
-939 -959 0
-939 -960 0
-939 -961 0
-939 -962 0
-939 -963 0
-939 -964 0
-939 -965 0
-939 -966 0
-939 -967 0
-939 -968 0
-939 -969 0
-939 -970 0
-939 -971 0
-939 -972 0
-939 -973 0
-939 -974 0
-939 -975 0
-940 -941 0
-940 -942 0
-940 -943 0
-940 -944 0
-940 -945 0
-940 -946 0
-940 -947 0
-940 -948 0
-940 -949 0
-940 -950 0
-940 -951 0
-940 -952 0
-940 -953 0
-940 -954 0
-940 -955 0
-940 -956 0
-940 -957 0
-940 -958 0
-940 -959 0
-940 -960 0
-940 -961 0
-940 -962 0
-940 -963 0
-940 -964 0
-940 -965 0
-940 -966 0
-940 -967 0
-940 -968 0
-940 -969 0
-940 -970 0
-940 -971 0
-940 -972 0
-940 -973 0
-940 -974 0
-940 -975 0
-941 -942 0
-941 -943 0
-941 -944 0
-941 -945 0
-941 -946 0
-941 -947 0
-941 -948 0
-941 -949 0
-941 -950 0
-941 -951 0
-941 -952 0
-941 -953 0
-941 -954 0
-941 -955 0
-941 -956 0
-941 -957 0
-941 -958 0
-941 -959 0
-941 -960 0
-941 -961 0
-941 -962 0
-941 -963 0
-941 -964 0
-941 -965 0
-941 -966 0
-941 -967 0
-941 -968 0
-941 -969 0
-941 -970 0
-941 -971 0
-941 -972 0
-941 -973 0
-941 -974 0
-941 -975 0
-942 -943 0
-942 -944 0
-942 -945 0
-942 -946 0
-942 -947 0
-942 -948 0
-942 -949 0
-942 -950 0
-942 -951 0
-942 -952 0
-942 -953 0
-942 -954 0
-942 -955 0
-942 -956 0
-942 -957 0
-942 -958 0
-942 -959 0
-942 -960 0
-942 -961 0
-942 -962 0
-942 -963 0
-942 -964 0
-942 -965 0
-942 -966 0
-942 -967 0
-942 -968 0
-942 -969 0
-942 -970 0
-942 -971 0
-942 -972 0
-942 -973 0
-942 -974 0
-942 -975 0
-943 -944 0
-943 -945 0
-943 -946 0
-943 -947 0
-943 -948 0
-943 -949 0
-943 -950 0
-943 -951 0
-943 -952 0
-943 -953 0
-943 -954 0
-943 -955 0
-943 -956 0
-943 -957 0
-943 -958 0
-943 -959 0
-943 -960 0
-943 -961 0
-943 -962 0
-943 -963 0
-943 -964 0
-943 -965 0
-943 -966 0
-943 -967 0
-943 -968 0
-943 -969 0
-943 -970 0
-943 -971 0
-943 -972 0
-943 -973 0
-943 -974 0
-943 -975 0
-944 -945 0
-944 -946 0
-944 -947 0
-944 -948 0
-944 -949 0
-944 -950 0
-944 -951 0
-944 -952 0
-944 -953 0
-944 -954 0
-944 -955 0
-944 -956 0
-944 -957 0
-944 -958 0
-944 -959 0
-944 -960 0
-944 -961 0
-944 -962 0
-944 -963 0
-944 -964 0
-944 -965 0
-944 -966 0
-944 -967 0
-944 -968 0
-944 -969 0
-944 -970 0
-944 -971 0
-944 -972 0
-944 -973 0
-944 -974 0
-944 -975 0
-945 -946 0
-945 -947 0
-945 -948 0
-945 -949 0
-945 -950 0
-945 -951 0
-945 -952 0
-945 -953 0
-945 -954 0
-945 -955 0
-945 -956 0
-945 -957 0
-945 -958 0
-945 -959 0
-945 -960 0
-945 -961 0
-945 -962 0
-945 -963 0
-945 -964 0
-945 -965 0
-945 -966 0
-945 -967 0
-945 -968 0
-945 -969 0
-945 -970 0
-945 -971 0
-945 -972 0
-945 -973 0
-945 -974 0
-945 -975 0
-946 -947 0
-946 -948 0
-946 -949 0
-946 -950 0
-946 -951 0
-946 -952 0
-946 -953 0
-946 -954 0
-946 -955 0
-946 -956 0
-946 -957 0
-946 -958 0
-946 -959 0
-946 -960 0
-946 -961 0
-946 -962 0
-946 -963 0
-946 -964 0
-946 -965 0
-946 -966 0
-946 -967 0
-946 -968 0
-946 -969 0
-946 -970 0
-946 -971 0
-946 -972 0
-946 -973 0
-946 -974 0
-946 -975 0
-947 -948 0
-947 -949 0
-947 -950 0
-947 -951 0
-947 -952 0
-947 -953 0
-947 -954 0
-947 -955 0
-947 -956 0
-947 -957 0
-947 -958 0
-947 -959 0
-947 -960 0
-947 -961 0
-947 -962 0
-947 -963 0
-947 -964 0
-947 -965 0
-947 -966 0
-947 -967 0
-947 -968 0
-947 -969 0
-947 -970 0
-947 -971 0
-947 -972 0
-947 -973 0
-947 -974 0
-947 -975 0
-948 -949 0
-948 -950 0
-948 -951 0
-948 -952 0
-948 -953 0
-948 -954 0
-948 -955 0
-948 -956 0
-948 -957 0
-948 -958 0
-948 -959 0
-948 -960 0
-948 -961 0
-948 -962 0
-948 -963 0
-948 -964 0
-948 -965 0
-948 -966 0
-948 -967 0
-948 -968 0
-948 -969 0
-948 -970 0
-948 -971 0
-948 -972 0
-948 -973 0
-948 -974 0
-948 -975 0
-949 -950 0
-949 -951 0
-949 -952 0
-949 -953 0
-949 -954 0
-949 -955 0
-949 -956 0
-949 -957 0
-949 -958 0
-949 -959 0
-949 -960 0
-949 -961 0
-949 -962 0
-949 -963 0
-949 -964 0
-949 -965 0
-949 -966 0
-949 -967 0
-949 -968 0
-949 -969 0
-949 -970 0
-949 -971 0
-949 -972 0
-949 -973 0
-949 -974 0
-949 -975 0
-950 -951 0
-950 -952 0
-950 -953 0
-950 -954 0
-950 -955 0
-950 -956 0
-950 -957 0
-950 -958 0
-950 -959 0
-950 -960 0
-950 -961 0
-950 -962 0
-950 -963 0
-950 -964 0
-950 -965 0
-950 -966 0
-950 -967 0
-950 -968 0
-950 -969 0
-950 -970 0
-950 -971 0
-950 -972 0
-950 -973 0
-950 -974 0
-950 -975 0
-951 -952 0
-951 -953 0
-951 -954 0
-951 -955 0
-951 -956 0
-951 -957 0
-951 -958 0
-951 -959 0
-951 -960 0
-951 -961 0
-951 -962 0
-951 -963 0
-951 -964 0
-951 -965 0
-951 -966 0
-951 -967 0
-951 -968 0
-951 -969 0
-951 -970 0
-951 -971 0
-951 -972 0
-951 -973 0
-951 -974 0
-951 -975 0
-952 -953 0
-952 -954 0
-952 -955 0
-952 -956 0
-952 -957 0
-952 -958 0
-952 -959 0
-952 -960 0
-952 -961 0
-952 -962 0
-952 -963 0
-952 -964 0
-952 -965 0
-952 -966 0
-952 -967 0
-952 -968 0
-952 -969 0
-952 -970 0
-952 -971 0
-952 -972 0
-952 -973 0
-952 -974 0
-952 -975 0
-953 -954 0
-953 -955 0
-953 -956 0
-953 -957 0
-953 -958 0
-953 -959 0
-953 -960 0
-953 -961 0
-953 -962 0
-953 -963 0
-953 -964 0
-953 -965 0
-953 -966 0
-953 -967 0
-953 -968 0
-953 -969 0
-953 -970 0
-953 -971 0
-953 -972 0
-953 -973 0
-953 -974 0
-953 -975 0
-954 -955 0
-954 -956 0
-954 -957 0
-954 -958 0
-954 -959 0
-954 -960 0
-954 -961 0
-954 -962 0
-954 -963 0
-954 -964 0
-954 -965 0
-954 -966 0
-954 -967 0
-954 -968 0
-954 -969 0
-954 -970 0
-954 -971 0
-954 -972 0
-954 -973 0
-954 -974 0
-954 -975 0
-955 -956 0
-955 -957 0
-955 -958 0
-955 -959 0
-955 -960 0
-955 -961 0
-955 -962 0
-955 -963 0
-955 -964 0
-955 -965 0
-955 -966 0
-955 -967 0
-955 -968 0
-955 -969 0
-955 -970 0
-955 -971 0
-955 -972 0
-955 -973 0
-955 -974 0
-955 -975 0
-956 -957 0
-956 -958 0
-956 -959 0
-956 -960 0
-956 -961 0
-956 -962 0
-956 -963 0
-956 -964 0
-956 -965 0
-956 -966 0
-956 -967 0
-956 -968 0
-956 -969 0
-956 -970 0
-956 -971 0
-956 -972 0
-956 -973 0
-956 -974 0
-956 -975 0
-957 -958 0
-957 -959 0
-957 -960 0
-957 -961 0
-957 -962 0
-957 -963 0
-957 -964 0
-957 -965 0
-957 -966 0
-957 -967 0
-957 -968 0
-957 -969 0
-957 -970 0
-957 -971 0
-957 -972 0
-957 -973 0
-957 -974 0
-957 -975 0
-958 -959 0
-958 -960 0
-958 -961 0
-958 -962 0
-958 -963 0
-958 -964 0
-958 -965 0
-958 -966 0
-958 -967 0
-958 -968 0
-958 -969 0
-958 -970 0
-958 -971 0
-958 -972 0
-958 -973 0
-958 -974 0
-958 -975 0
-959 -960 0
-959 -961 0
-959 -962 0
-959 -963 0
-959 -964 0
-959 -965 0
-959 -966 0
-959 -967 0
-959 -968 0
-959 -969 0
-959 -970 0
-959 -971 0
-959 -972 0
-959 -973 0
-959 -974 0
-959 -975 0
-960 -961 0
-960 -962 0
-960 -963 0
-960 -964 0
-960 -965 0
-960 -966 0
-960 -967 0
-960 -968 0
-960 -969 0
-960 -970 0
-960 -971 0
-960 -972 0
-960 -973 0
-960 -974 0
-960 -975 0
-961 -962 0
-961 -963 0
-961 -964 0
-961 -965 0
-961 -966 0
-961 -967 0
-961 -968 0
-961 -969 0
-961 -970 0
-961 -971 0
-961 -972 0
-961 -973 0
-961 -974 0
-961 -975 0
-962 -963 0
-962 -964 0
-962 -965 0
-962 -966 0
-962 -967 0
-962 -968 0
-962 -969 0
-962 -970 0
-962 -971 0
-962 -972 0
-962 -973 0
-962 -974 0
-962 -975 0
-963 -964 0
-963 -965 0
-963 -966 0
-963 -967 0
-963 -968 0
-963 -969 0
-963 -970 0
-963 -971 0
-963 -972 0
-963 -973 0
-963 -974 0
-963 -975 0
-964 -965 0
-964 -966 0
-964 -967 0
-964 -968 0
-964 -969 0
-964 -970 0
-964 -971 0
-964 -972 0
-964 -973 0
-964 -974 0
-964 -975 0
-965 -966 0
-965 -967 0
-965 -968 0
-965 -969 0
-965 -970 0
-965 -971 0
-965 -972 0
-965 -973 0
-965 -974 0
-965 -975 0
-966 -967 0
-966 -968 0
-966 -969 0
-966 -970 0
-966 -971 0
-966 -972 0
-966 -973 0
-966 -974 0
-966 -975 0
-967 -968 0
-967 -969 0
-967 -970 0
-967 -971 0
-967 -972 0
-967 -973 0
-967 -974 0
-967 -975 0
-968 -969 0
-968 -970 0
-968 -971 0
-968 -972 0
-968 -973 0
-968 -974 0
-968 -975 0
-969 -970 0
-969 -971 0
-969 -972 0
-969 -973 0
-969 -974 0
-969 -975 0
-970 -971 0
-970 -972 0
-970 -973 0
-970 -974 0
-970 -975 0
-971 -972 0
-971 -973 0
-971 -974 0
-971 -975 0
-972 -973 0
-972 -974 0
-972 -975 0
-973 -974 0
-973 -975 0
-974 -975 0
-976 -977 0
-976 -978 0
-976 -979 0
-976 -980 0
-976 -981 0
-976 -982 0
-976 -983 0
-976 -984 0
-976 -985 0
-976 -986 0
-976 -987 0
-976 -988 0
-976 -989 0
-976 -990 0
-976 -991 0
-976 -992 0
-976 -993 0
-976 -994 0
-976 -995 0
-976 -996 0
-976 -997 0
-976 -998 0
-976 -999 0
-976 -1000 0
-976 -1001 0
-976 -1002 0
-976 -1003 0
-976 -1004 0
-976 -1005 0
-976 -1006 0
-976 -1007 0
-976 -1008 0
-976 -1009 0
-976 -1010 0
-976 -1011 0
-976 -1012 0
-976 -1013 0
-976 -1014 0
-977 -978 0
-977 -979 0
-977 -980 0
-977 -981 0
-977 -982 0
-977 -983 0
-977 -984 0
-977 -985 0
-977 -986 0
-977 -987 0
-977 -988 0
-977 -989 0
-977 -990 0
-977 -991 0
-977 -992 0
-977 -993 0
-977 -994 0
-977 -995 0
-977 -996 0
-977 -997 0
-977 -998 0
-977 -999 0
-977 -1000 0
-977 -1001 0
-977 -1002 0
-977 -1003 0
-977 -1004 0
-977 -1005 0
-977 -1006 0
-977 -1007 0
-977 -1008 0
-977 -1009 0
-977 -1010 0
-977 -1011 0
-977 -1012 0
-977 -1013 0
-977 -1014 0
-978 -979 0
-978 -980 0
-978 -981 0
-978 -982 0
-978 -983 0
-978 -984 0
-978 -985 0
-978 -986 0
-978 -987 0
-978 -988 0
-978 -989 0
-978 -990 0
-978 -991 0
-978 -992 0
-978 -993 0
-978 -994 0
-978 -995 0
-978 -996 0
-978 -997 0
-978 -998 0
-978 -999 0
-978 -1000 0
-978 -1001 0
-978 -1002 0
-978 -1003 0
-978 -1004 0
-978 -1005 0
-978 -1006 0
-978 -1007 0
-978 -1008 0
-978 -1009 0
-978 -1010 0
-978 -1011 0
-978 -1012 0
-978 -1013 0
-978 -1014 0
-979 -980 0
-979 -981 0
-979 -982 0
-979 -983 0
-979 -984 0
-979 -985 0
-979 -986 0
-979 -987 0
-979 -988 0
-979 -989 0
-979 -990 0
-979 -991 0
-979 -992 0
-979 -993 0
-979 -994 0
-979 -995 0
-979 -996 0
-979 -997 0
-979 -998 0
-979 -999 0
-979 -1000 0
-979 -1001 0
-979 -1002 0
-979 -1003 0
-979 -1004 0
-979 -1005 0
-979 -1006 0
-979 -1007 0
-979 -1008 0
-979 -1009 0
-979 -1010 0
-979 -1011 0
-979 -1012 0
-979 -1013 0
-979 -1014 0
-980 -981 0
-980 -982 0
-980 -983 0
-980 -984 0
-980 -985 0
-980 -986 0
-980 -987 0
-980 -988 0
-980 -989 0
-980 -990 0
-980 -991 0
-980 -992 0
-980 -993 0
-980 -994 0
-980 -995 0
-980 -996 0
-980 -997 0
-980 -998 0
-980 -999 0
-980 -1000 0
-980 -1001 0
-980 -1002 0
-980 -1003 0
-980 -1004 0
-980 -1005 0
-980 -1006 0
-980 -1007 0
-980 -1008 0
-980 -1009 0
-980 -1010 0
-980 -1011 0
-980 -1012 0
-980 -1013 0
-980 -1014 0
-981 -982 0
-981 -983 0
-981 -984 0
-981 -985 0
-981 -986 0
-981 -987 0
-981 -988 0
-981 -989 0
-981 -990 0
-981 -991 0
-981 -992 0
-981 -993 0
-981 -994 0
-981 -995 0
-981 -996 0
-981 -997 0
-981 -998 0
-981 -999 0
-981 -1000 0
-981 -1001 0
-981 -1002 0
-981 -1003 0
-981 -1004 0
-981 -1005 0
-981 -1006 0
-981 -1007 0
-981 -1008 0
-981 -1009 0
-981 -1010 0
-981 -1011 0
-981 -1012 0
-981 -1013 0
-981 -1014 0
-982 -983 0
-982 -984 0
-982 -985 0
-982 -986 0
-982 -987 0
-982 -988 0
-982 -989 0
-982 -990 0
-982 -991 0
-982 -992 0
-982 -993 0
-982 -994 0
-982 -995 0
-982 -996 0
-982 -997 0
-982 -998 0
-982 -999 0
-982 -1000 0
-982 -1001 0
-982 -1002 0
-982 -1003 0
-982 -1004 0
-982 -1005 0
-982 -1006 0
-982 -1007 0
-982 -1008 0
-982 -1009 0
-982 -1010 0
-982 -1011 0
-982 -1012 0
-982 -1013 0
-982 -1014 0
-983 -984 0
-983 -985 0
-983 -986 0
-983 -987 0
-983 -988 0
-983 -989 0
-983 -990 0
-983 -991 0
-983 -992 0
-983 -993 0
-983 -994 0
-983 -995 0
-983 -996 0
-983 -997 0
-983 -998 0
-983 -999 0
-983 -1000 0
-983 -1001 0
-983 -1002 0
-983 -1003 0
-983 -1004 0
-983 -1005 0
-983 -1006 0
-983 -1007 0
-983 -1008 0
-983 -1009 0
-983 -1010 0
-983 -1011 0
-983 -1012 0
-983 -1013 0
-983 -1014 0
-984 -985 0
-984 -986 0
-984 -987 0
-984 -988 0
-984 -989 0
-984 -990 0
-984 -991 0
-984 -992 0
-984 -993 0
-984 -994 0
-984 -995 0
-984 -996 0
-984 -997 0
-984 -998 0
-984 -999 0
-984 -1000 0
-984 -1001 0
-984 -1002 0
-984 -1003 0
-984 -1004 0
-984 -1005 0
-984 -1006 0
-984 -1007 0
-984 -1008 0
-984 -1009 0
-984 -1010 0
-984 -1011 0
-984 -1012 0
-984 -1013 0
-984 -1014 0
-985 -986 0
-985 -987 0
-985 -988 0
-985 -989 0
-985 -990 0
-985 -991 0
-985 -992 0
-985 -993 0
-985 -994 0
-985 -995 0
-985 -996 0
-985 -997 0
-985 -998 0
-985 -999 0
-985 -1000 0
-985 -1001 0
-985 -1002 0
-985 -1003 0
-985 -1004 0
-985 -1005 0
-985 -1006 0
-985 -1007 0
-985 -1008 0
-985 -1009 0
-985 -1010 0
-985 -1011 0
-985 -1012 0
-985 -1013 0
-985 -1014 0
-986 -987 0
-986 -988 0
-986 -989 0
-986 -990 0
-986 -991 0
-986 -992 0
-986 -993 0
-986 -994 0
-986 -995 0
-986 -996 0
-986 -997 0
-986 -998 0
-986 -999 0
-986 -1000 0
-986 -1001 0
-986 -1002 0
-986 -1003 0
-986 -1004 0
-986 -1005 0
-986 -1006 0
-986 -1007 0
-986 -1008 0
-986 -1009 0
-986 -1010 0
-986 -1011 0
-986 -1012 0
-986 -1013 0
-986 -1014 0
-987 -988 0
-987 -989 0
-987 -990 0
-987 -991 0
-987 -992 0
-987 -993 0
-987 -994 0
-987 -995 0
-987 -996 0
-987 -997 0
-987 -998 0
-987 -999 0
-987 -1000 0
-987 -1001 0
-987 -1002 0
-987 -1003 0
-987 -1004 0
-987 -1005 0
-987 -1006 0
-987 -1007 0
-987 -1008 0
-987 -1009 0
-987 -1010 0
-987 -1011 0
-987 -1012 0
-987 -1013 0
-987 -1014 0
-988 -989 0
-988 -990 0
-988 -991 0
-988 -992 0
-988 -993 0
-988 -994 0
-988 -995 0
-988 -996 0
-988 -997 0
-988 -998 0
-988 -999 0
-988 -1000 0
-988 -1001 0
-988 -1002 0
-988 -1003 0
-988 -1004 0
-988 -1005 0
-988 -1006 0
-988 -1007 0
-988 -1008 0
-988 -1009 0
-988 -1010 0
-988 -1011 0
-988 -1012 0
-988 -1013 0
-988 -1014 0
-989 -990 0
-989 -991 0
-989 -992 0
-989 -993 0
-989 -994 0
-989 -995 0
-989 -996 0
-989 -997 0
-989 -998 0
-989 -999 0
-989 -1000 0
-989 -1001 0
-989 -1002 0
-989 -1003 0
-989 -1004 0
-989 -1005 0
-989 -1006 0
-989 -1007 0
-989 -1008 0
-989 -1009 0
-989 -1010 0
-989 -1011 0
-989 -1012 0
-989 -1013 0
-989 -1014 0
-990 -991 0
-990 -992 0
-990 -993 0
-990 -994 0
-990 -995 0
-990 -996 0
-990 -997 0
-990 -998 0
-990 -999 0
-990 -1000 0
-990 -1001 0
-990 -1002 0
-990 -1003 0
-990 -1004 0
-990 -1005 0
-990 -1006 0
-990 -1007 0
-990 -1008 0
-990 -1009 0
-990 -1010 0
-990 -1011 0
-990 -1012 0
-990 -1013 0
-990 -1014 0
-991 -992 0
-991 -993 0
-991 -994 0
-991 -995 0
-991 -996 0
-991 -997 0
-991 -998 0
-991 -999 0
-991 -1000 0
-991 -1001 0
-991 -1002 0
-991 -1003 0
-991 -1004 0
-991 -1005 0
-991 -1006 0
-991 -1007 0
-991 -1008 0
-991 -1009 0
-991 -1010 0
-991 -1011 0
-991 -1012 0
-991 -1013 0
-991 -1014 0
-992 -993 0
-992 -994 0
-992 -995 0
-992 -996 0
-992 -997 0
-992 -998 0
-992 -999 0
-992 -1000 0
-992 -1001 0
-992 -1002 0
-992 -1003 0
-992 -1004 0
-992 -1005 0
-992 -1006 0
-992 -1007 0
-992 -1008 0
-992 -1009 0
-992 -1010 0
-992 -1011 0
-992 -1012 0
-992 -1013 0
-992 -1014 0
-993 -994 0
-993 -995 0
-993 -996 0
-993 -997 0
-993 -998 0
-993 -999 0
-993 -1000 0
-993 -1001 0
-993 -1002 0
-993 -1003 0
-993 -1004 0
-993 -1005 0
-993 -1006 0
-993 -1007 0
-993 -1008 0
-993 -1009 0
-993 -1010 0
-993 -1011 0
-993 -1012 0
-993 -1013 0
-993 -1014 0
-994 -995 0
-994 -996 0
-994 -997 0
-994 -998 0
-994 -999 0
-994 -1000 0
-994 -1001 0
-994 -1002 0
-994 -1003 0
-994 -1004 0
-994 -1005 0
-994 -1006 0
-994 -1007 0
-994 -1008 0
-994 -1009 0
-994 -1010 0
-994 -1011 0
-994 -1012 0
-994 -1013 0
-994 -1014 0
-995 -996 0
-995 -997 0
-995 -998 0
-995 -999 0
-995 -1000 0
-995 -1001 0
-995 -1002 0
-995 -1003 0
-995 -1004 0
-995 -1005 0
-995 -1006 0
-995 -1007 0
-995 -1008 0
-995 -1009 0
-995 -1010 0
-995 -1011 0
-995 -1012 0
-995 -1013 0
-995 -1014 0
-996 -997 0
-996 -998 0
-996 -999 0
-996 -1000 0
-996 -1001 0
-996 -1002 0
-996 -1003 0
-996 -1004 0
-996 -1005 0
-996 -1006 0
-996 -1007 0
-996 -1008 0
-996 -1009 0
-996 -1010 0
-996 -1011 0
-996 -1012 0
-996 -1013 0
-996 -1014 0
-997 -998 0
-997 -999 0
-997 -1000 0
-997 -1001 0
-997 -1002 0
-997 -1003 0
-997 -1004 0
-997 -1005 0
-997 -1006 0
-997 -1007 0
-997 -1008 0
-997 -1009 0
-997 -1010 0
-997 -1011 0
-997 -1012 0
-997 -1013 0
-997 -1014 0
-998 -999 0
-998 -1000 0
-998 -1001 0
-998 -1002 0
-998 -1003 0
-998 -1004 0
-998 -1005 0
-998 -1006 0
-998 -1007 0
-998 -1008 0
-998 -1009 0
-998 -1010 0
-998 -1011 0
-998 -1012 0
-998 -1013 0
-998 -1014 0
-999 -1000 0
-999 -1001 0
-999 -1002 0
-999 -1003 0
-999 -1004 0
-999 -1005 0
-999 -1006 0
-999 -1007 0
-999 -1008 0
-999 -1009 0
-999 -1010 0
-999 -1011 0
-999 -1012 0
-999 -1013 0
-999 -1014 0
-1000 -1001 0
-1000 -1002 0
-1000 -1003 0
-1000 -1004 0
-1000 -1005 0
-1000 -1006 0
-1000 -1007 0
-1000 -1008 0
-1000 -1009 0
-1000 -1010 0
-1000 -1011 0
-1000 -1012 0
-1000 -1013 0
-1000 -1014 0
-1001 -1002 0
-1001 -1003 0
-1001 -1004 0
-1001 -1005 0
-1001 -1006 0
-1001 -1007 0
-1001 -1008 0
-1001 -1009 0
-1001 -1010 0
-1001 -1011 0
-1001 -1012 0
-1001 -1013 0
-1001 -1014 0
-1002 -1003 0
-1002 -1004 0
-1002 -1005 0
-1002 -1006 0
-1002 -1007 0
-1002 -1008 0
-1002 -1009 0
-1002 -1010 0
-1002 -1011 0
-1002 -1012 0
-1002 -1013 0
-1002 -1014 0
-1003 -1004 0
-1003 -1005 0
-1003 -1006 0
-1003 -1007 0
-1003 -1008 0
-1003 -1009 0
-1003 -1010 0
-1003 -1011 0
-1003 -1012 0
-1003 -1013 0
-1003 -1014 0
-1004 -1005 0
-1004 -1006 0
-1004 -1007 0
-1004 -1008 0
-1004 -1009 0
-1004 -1010 0
-1004 -1011 0
-1004 -1012 0
-1004 -1013 0
-1004 -1014 0
-1005 -1006 0
-1005 -1007 0
-1005 -1008 0
-1005 -1009 0
-1005 -1010 0
-1005 -1011 0
-1005 -1012 0
-1005 -1013 0
-1005 -1014 0
-1006 -1007 0
-1006 -1008 0
-1006 -1009 0
-1006 -1010 0
-1006 -1011 0
-1006 -1012 0
-1006 -1013 0
-1006 -1014 0
-1007 -1008 0
-1007 -1009 0
-1007 -1010 0
-1007 -1011 0
-1007 -1012 0
-1007 -1013 0
-1007 -1014 0
-1008 -1009 0
-1008 -1010 0
-1008 -1011 0
-1008 -1012 0
-1008 -1013 0
-1008 -1014 0
-1009 -1010 0
-1009 -1011 0
-1009 -1012 0
-1009 -1013 0
-1009 -1014 0
-1010 -1011 0
-1010 -1012 0
-1010 -1013 0
-1010 -1014 0
-1011 -1012 0
-1011 -1013 0
-1011 -1014 0
-1012 -1013 0
-1012 -1014 0
-1013 -1014 0
-1015 -1016 0
-1015 -1017 0
-1015 -1018 0
-1015 -1019 0
-1015 -1020 0
-1015 -1021 0
-1015 -1022 0
-1015 -1023 0
-1015 -1024 0
-1015 -1025 0
-1015 -1026 0
-1015 -1027 0
-1015 -1028 0
-1015 -1029 0
-1015 -1030 0
-1015 -1031 0
-1015 -1032 0
-1015 -1033 0
-1015 -1034 0
-1015 -1035 0
-1015 -1036 0
-1015 -1037 0
-1015 -1038 0
-1015 -1039 0
-1015 -1040 0
-1015 -1041 0
-1015 -1042 0
-1015 -1043 0
-1015 -1044 0
-1015 -1045 0
-1015 -1046 0
-1015 -1047 0
-1015 -1048 0
-1015 -1049 0
-1015 -1050 0
-1015 -1051 0
-1015 -1052 0
-1015 -1053 0
-1016 -1017 0
-1016 -1018 0
-1016 -1019 0
-1016 -1020 0
-1016 -1021 0
-1016 -1022 0
-1016 -1023 0
-1016 -1024 0
-1016 -1025 0
-1016 -1026 0
-1016 -1027 0
-1016 -1028 0
-1016 -1029 0
-1016 -1030 0
-1016 -1031 0
-1016 -1032 0
-1016 -1033 0
-1016 -1034 0
-1016 -1035 0
-1016 -1036 0
-1016 -1037 0
-1016 -1038 0
-1016 -1039 0
-1016 -1040 0
-1016 -1041 0
-1016 -1042 0
-1016 -1043 0
-1016 -1044 0
-1016 -1045 0
-1016 -1046 0
-1016 -1047 0
-1016 -1048 0
-1016 -1049 0
-1016 -1050 0
-1016 -1051 0
-1016 -1052 0
-1016 -1053 0
-1017 -1018 0
-1017 -1019 0
-1017 -1020 0
-1017 -1021 0
-1017 -1022 0
-1017 -1023 0
-1017 -1024 0
-1017 -1025 0
-1017 -1026 0
-1017 -1027 0
-1017 -1028 0
-1017 -1029 0
-1017 -1030 0
-1017 -1031 0
-1017 -1032 0
-1017 -1033 0
-1017 -1034 0
-1017 -1035 0
-1017 -1036 0
-1017 -1037 0
-1017 -1038 0
-1017 -1039 0
-1017 -1040 0
-1017 -1041 0
-1017 -1042 0
-1017 -1043 0
-1017 -1044 0
-1017 -1045 0
-1017 -1046 0
-1017 -1047 0
-1017 -1048 0
-1017 -1049 0
-1017 -1050 0
-1017 -1051 0
-1017 -1052 0
-1017 -1053 0
-1018 -1019 0
-1018 -1020 0
-1018 -1021 0
-1018 -1022 0
-1018 -1023 0
-1018 -1024 0
-1018 -1025 0
-1018 -1026 0
-1018 -1027 0
-1018 -1028 0
-1018 -1029 0
-1018 -1030 0
-1018 -1031 0
-1018 -1032 0
-1018 -1033 0
-1018 -1034 0
-1018 -1035 0
-1018 -1036 0
-1018 -1037 0
-1018 -1038 0
-1018 -1039 0
-1018 -1040 0
-1018 -1041 0
-1018 -1042 0
-1018 -1043 0
-1018 -1044 0
-1018 -1045 0
-1018 -1046 0
-1018 -1047 0
-1018 -1048 0
-1018 -1049 0
-1018 -1050 0
-1018 -1051 0
-1018 -1052 0
-1018 -1053 0
-1019 -1020 0
-1019 -1021 0
-1019 -1022 0
-1019 -1023 0
-1019 -1024 0
-1019 -1025 0
-1019 -1026 0
-1019 -1027 0
-1019 -1028 0
-1019 -1029 0
-1019 -1030 0
-1019 -1031 0
-1019 -1032 0
-1019 -1033 0
-1019 -1034 0
-1019 -1035 0
-1019 -1036 0
-1019 -1037 0
-1019 -1038 0
-1019 -1039 0
-1019 -1040 0
-1019 -1041 0
-1019 -1042 0
-1019 -1043 0
-1019 -1044 0
-1019 -1045 0
-1019 -1046 0
-1019 -1047 0
-1019 -1048 0
-1019 -1049 0
-1019 -1050 0
-1019 -1051 0
-1019 -1052 0
-1019 -1053 0
-1020 -1021 0
-1020 -1022 0
-1020 -1023 0
-1020 -1024 0
-1020 -1025 0
-1020 -1026 0
-1020 -1027 0
-1020 -1028 0
-1020 -1029 0
-1020 -1030 0
-1020 -1031 0
-1020 -1032 0
-1020 -1033 0
-1020 -1034 0
-1020 -1035 0
-1020 -1036 0
-1020 -1037 0
-1020 -1038 0
-1020 -1039 0
-1020 -1040 0
-1020 -1041 0
-1020 -1042 0
-1020 -1043 0
-1020 -1044 0
-1020 -1045 0
-1020 -1046 0
-1020 -1047 0
-1020 -1048 0
-1020 -1049 0
-1020 -1050 0
-1020 -1051 0
-1020 -1052 0
-1020 -1053 0
-1021 -1022 0
-1021 -1023 0
-1021 -1024 0
-1021 -1025 0
-1021 -1026 0
-1021 -1027 0
-1021 -1028 0
-1021 -1029 0
-1021 -1030 0
-1021 -1031 0
-1021 -1032 0
-1021 -1033 0
-1021 -1034 0
-1021 -1035 0
-1021 -1036 0
-1021 -1037 0
-1021 -1038 0
-1021 -1039 0
-1021 -1040 0
-1021 -1041 0
-1021 -1042 0
-1021 -1043 0
-1021 -1044 0
-1021 -1045 0
-1021 -1046 0
-1021 -1047 0
-1021 -1048 0
-1021 -1049 0
-1021 -1050 0
-1021 -1051 0
-1021 -1052 0
-1021 -1053 0
-1022 -1023 0
-1022 -1024 0
-1022 -1025 0
-1022 -1026 0
-1022 -1027 0
-1022 -1028 0
-1022 -1029 0
-1022 -1030 0
-1022 -1031 0
-1022 -1032 0
-1022 -1033 0
-1022 -1034 0
-1022 -1035 0
-1022 -1036 0
-1022 -1037 0
-1022 -1038 0
-1022 -1039 0
-1022 -1040 0
-1022 -1041 0
-1022 -1042 0
-1022 -1043 0
-1022 -1044 0
-1022 -1045 0
-1022 -1046 0
-1022 -1047 0
-1022 -1048 0
-1022 -1049 0
-1022 -1050 0
-1022 -1051 0
-1022 -1052 0
-1022 -1053 0
-1023 -1024 0
-1023 -1025 0
-1023 -1026 0
-1023 -1027 0
-1023 -1028 0
-1023 -1029 0
-1023 -1030 0
-1023 -1031 0
-1023 -1032 0
-1023 -1033 0
-1023 -1034 0
-1023 -1035 0
-1023 -1036 0
-1023 -1037 0
-1023 -1038 0
-1023 -1039 0
-1023 -1040 0
-1023 -1041 0
-1023 -1042 0
-1023 -1043 0
-1023 -1044 0
-1023 -1045 0
-1023 -1046 0
-1023 -1047 0
-1023 -1048 0
-1023 -1049 0
-1023 -1050 0
-1023 -1051 0
-1023 -1052 0
-1023 -1053 0
-1024 -1025 0
-1024 -1026 0
-1024 -1027 0
-1024 -1028 0
-1024 -1029 0
-1024 -1030 0
-1024 -1031 0
-1024 -1032 0
-1024 -1033 0
-1024 -1034 0
-1024 -1035 0
-1024 -1036 0
-1024 -1037 0
-1024 -1038 0
-1024 -1039 0
-1024 -1040 0
-1024 -1041 0
-1024 -1042 0
-1024 -1043 0
-1024 -1044 0
-1024 -1045 0
-1024 -1046 0
-1024 -1047 0
-1024 -1048 0
-1024 -1049 0
-1024 -1050 0
-1024 -1051 0
-1024 -1052 0
-1024 -1053 0
-1025 -1026 0
-1025 -1027 0
-1025 -1028 0
-1025 -1029 0
-1025 -1030 0
-1025 -1031 0
-1025 -1032 0
-1025 -1033 0
-1025 -1034 0
-1025 -1035 0
-1025 -1036 0
-1025 -1037 0
-1025 -1038 0
-1025 -1039 0
-1025 -1040 0
-1025 -1041 0
-1025 -1042 0
-1025 -1043 0
-1025 -1044 0
-1025 -1045 0
-1025 -1046 0
-1025 -1047 0
-1025 -1048 0
-1025 -1049 0
-1025 -1050 0
-1025 -1051 0
-1025 -1052 0
-1025 -1053 0
-1026 -1027 0
-1026 -1028 0
-1026 -1029 0
-1026 -1030 0
-1026 -1031 0
-1026 -1032 0
-1026 -1033 0
-1026 -1034 0
-1026 -1035 0
-1026 -1036 0
-1026 -1037 0
-1026 -1038 0
-1026 -1039 0
-1026 -1040 0
-1026 -1041 0
-1026 -1042 0
-1026 -1043 0
-1026 -1044 0
-1026 -1045 0
-1026 -1046 0
-1026 -1047 0
-1026 -1048 0
-1026 -1049 0
-1026 -1050 0
-1026 -1051 0
-1026 -1052 0
-1026 -1053 0
-1027 -1028 0
-1027 -1029 0
-1027 -1030 0
-1027 -1031 0
-1027 -1032 0
-1027 -1033 0
-1027 -1034 0
-1027 -1035 0
-1027 -1036 0
-1027 -1037 0
-1027 -1038 0
-1027 -1039 0
-1027 -1040 0
-1027 -1041 0
-1027 -1042 0
-1027 -1043 0
-1027 -1044 0
-1027 -1045 0
-1027 -1046 0
-1027 -1047 0
-1027 -1048 0
-1027 -1049 0
-1027 -1050 0
-1027 -1051 0
-1027 -1052 0
-1027 -1053 0
-1028 -1029 0
-1028 -1030 0
-1028 -1031 0
-1028 -1032 0
-1028 -1033 0
-1028 -1034 0
-1028 -1035 0
-1028 -1036 0
-1028 -1037 0
-1028 -1038 0
-1028 -1039 0
-1028 -1040 0
-1028 -1041 0
-1028 -1042 0
-1028 -1043 0
-1028 -1044 0
-1028 -1045 0
-1028 -1046 0
-1028 -1047 0
-1028 -1048 0
-1028 -1049 0
-1028 -1050 0
-1028 -1051 0
-1028 -1052 0
-1028 -1053 0
-1029 -1030 0
-1029 -1031 0
-1029 -1032 0
-1029 -1033 0
-1029 -1034 0
-1029 -1035 0
-1029 -1036 0
-1029 -1037 0
-1029 -1038 0
-1029 -1039 0
-1029 -1040 0
-1029 -1041 0
-1029 -1042 0
-1029 -1043 0
-1029 -1044 0
-1029 -1045 0
-1029 -1046 0
-1029 -1047 0
-1029 -1048 0
-1029 -1049 0
-1029 -1050 0
-1029 -1051 0
-1029 -1052 0
-1029 -1053 0
-1030 -1031 0
-1030 -1032 0
-1030 -1033 0
-1030 -1034 0
-1030 -1035 0
-1030 -1036 0
-1030 -1037 0
-1030 -1038 0
-1030 -1039 0
-1030 -1040 0
-1030 -1041 0
-1030 -1042 0
-1030 -1043 0
-1030 -1044 0
-1030 -1045 0
-1030 -1046 0
-1030 -1047 0
-1030 -1048 0
-1030 -1049 0
-1030 -1050 0
-1030 -1051 0
-1030 -1052 0
-1030 -1053 0
-1031 -1032 0
-1031 -1033 0
-1031 -1034 0
-1031 -1035 0
-1031 -1036 0
-1031 -1037 0
-1031 -1038 0
-1031 -1039 0
-1031 -1040 0
-1031 -1041 0
-1031 -1042 0
-1031 -1043 0
-1031 -1044 0
-1031 -1045 0
-1031 -1046 0
-1031 -1047 0
-1031 -1048 0
-1031 -1049 0
-1031 -1050 0
-1031 -1051 0
-1031 -1052 0
-1031 -1053 0
-1032 -1033 0
-1032 -1034 0
-1032 -1035 0
-1032 -1036 0
-1032 -1037 0
-1032 -1038 0
-1032 -1039 0
-1032 -1040 0
-1032 -1041 0
-1032 -1042 0
-1032 -1043 0
-1032 -1044 0
-1032 -1045 0
-1032 -1046 0
-1032 -1047 0
-1032 -1048 0
-1032 -1049 0
-1032 -1050 0
-1032 -1051 0
-1032 -1052 0
-1032 -1053 0
-1033 -1034 0
-1033 -1035 0
-1033 -1036 0
-1033 -1037 0
-1033 -1038 0
-1033 -1039 0
-1033 -1040 0
-1033 -1041 0
-1033 -1042 0
-1033 -1043 0
-1033 -1044 0
-1033 -1045 0
-1033 -1046 0
-1033 -1047 0
-1033 -1048 0
-1033 -1049 0
-1033 -1050 0
-1033 -1051 0
-1033 -1052 0
-1033 -1053 0
-1034 -1035 0
-1034 -1036 0
-1034 -1037 0
-1034 -1038 0
-1034 -1039 0
-1034 -1040 0
-1034 -1041 0
-1034 -1042 0
-1034 -1043 0
-1034 -1044 0
-1034 -1045 0
-1034 -1046 0
-1034 -1047 0
-1034 -1048 0
-1034 -1049 0
-1034 -1050 0
-1034 -1051 0
-1034 -1052 0
-1034 -1053 0
-1035 -1036 0
-1035 -1037 0
-1035 -1038 0
-1035 -1039 0
-1035 -1040 0
-1035 -1041 0
-1035 -1042 0
-1035 -1043 0
-1035 -1044 0
-1035 -1045 0
-1035 -1046 0
-1035 -1047 0
-1035 -1048 0
-1035 -1049 0
-1035 -1050 0
-1035 -1051 0
-1035 -1052 0
-1035 -1053 0
-1036 -1037 0
-1036 -1038 0
-1036 -1039 0
-1036 -1040 0
-1036 -1041 0
-1036 -1042 0
-1036 -1043 0
-1036 -1044 0
-1036 -1045 0
-1036 -1046 0
-1036 -1047 0
-1036 -1048 0
-1036 -1049 0
-1036 -1050 0
-1036 -1051 0
-1036 -1052 0
-1036 -1053 0
-1037 -1038 0
-1037 -1039 0
-1037 -1040 0
-1037 -1041 0
-1037 -1042 0
-1037 -1043 0
-1037 -1044 0
-1037 -1045 0
-1037 -1046 0
-1037 -1047 0
-1037 -1048 0
-1037 -1049 0
-1037 -1050 0
-1037 -1051 0
-1037 -1052 0
-1037 -1053 0
-1038 -1039 0
-1038 -1040 0
-1038 -1041 0
-1038 -1042 0
-1038 -1043 0
-1038 -1044 0
-1038 -1045 0
-1038 -1046 0
-1038 -1047 0
-1038 -1048 0
-1038 -1049 0
-1038 -1050 0
-1038 -1051 0
-1038 -1052 0
-1038 -1053 0
-1039 -1040 0
-1039 -1041 0
-1039 -1042 0
-1039 -1043 0
-1039 -1044 0
-1039 -1045 0
-1039 -1046 0
-1039 -1047 0
-1039 -1048 0
-1039 -1049 0
-1039 -1050 0
-1039 -1051 0
-1039 -1052 0
-1039 -1053 0
-1040 -1041 0
-1040 -1042 0
-1040 -1043 0
-1040 -1044 0
-1040 -1045 0
-1040 -1046 0
-1040 -1047 0
-1040 -1048 0
-1040 -1049 0
-1040 -1050 0
-1040 -1051 0
-1040 -1052 0
-1040 -1053 0
-1041 -1042 0
-1041 -1043 0
-1041 -1044 0
-1041 -1045 0
-1041 -1046 0
-1041 -1047 0
-1041 -1048 0
-1041 -1049 0
-1041 -1050 0
-1041 -1051 0
-1041 -1052 0
-1041 -1053 0
-1042 -1043 0
-1042 -1044 0
-1042 -1045 0
-1042 -1046 0
-1042 -1047 0
-1042 -1048 0
-1042 -1049 0
-1042 -1050 0
-1042 -1051 0
-1042 -1052 0
-1042 -1053 0
-1043 -1044 0
-1043 -1045 0
-1043 -1046 0
-1043 -1047 0
-1043 -1048 0
-1043 -1049 0
-1043 -1050 0
-1043 -1051 0
-1043 -1052 0
-1043 -1053 0
-1044 -1045 0
-1044 -1046 0
-1044 -1047 0
-1044 -1048 0
-1044 -1049 0
-1044 -1050 0
-1044 -1051 0
-1044 -1052 0
-1044 -1053 0
-1045 -1046 0
-1045 -1047 0
-1045 -1048 0
-1045 -1049 0
-1045 -1050 0
-1045 -1051 0
-1045 -1052 0
-1045 -1053 0
-1046 -1047 0
-1046 -1048 0
-1046 -1049 0
-1046 -1050 0
-1046 -1051 0
-1046 -1052 0
-1046 -1053 0
-1047 -1048 0
-1047 -1049 0
-1047 -1050 0
-1047 -1051 0
-1047 -1052 0
-1047 -1053 0
-1048 -1049 0
-1048 -1050 0
-1048 -1051 0
-1048 -1052 0
-1048 -1053 0
-1049 -1050 0
-1049 -1051 0
-1049 -1052 0
-1049 -1053 0
-1050 -1051 0
-1050 -1052 0
-1050 -1053 0
-1051 -1052 0
-1051 -1053 0
-1052 -1053 0
-1054 -1055 0
-1054 -1056 0
-1054 -1057 0
-1054 -1058 0
-1054 -1059 0
-1054 -1060 0
-1054 -1061 0
-1054 -1062 0
-1054 -1063 0
-1054 -1064 0
-1054 -1065 0
-1054 -1066 0
-1054 -1067 0
-1054 -1068 0
-1054 -1069 0
-1054 -1070 0
-1054 -1071 0
-1054 -1072 0
-1054 -1073 0
-1054 -1074 0
-1054 -1075 0
-1054 -1076 0
-1054 -1077 0
-1054 -1078 0
-1054 -1079 0
-1054 -1080 0
-1054 -1081 0
-1054 -1082 0
-1054 -1083 0
-1054 -1084 0
-1054 -1085 0
-1054 -1086 0
-1054 -1087 0
-1054 -1088 0
-1054 -1089 0
-1054 -1090 0
-1054 -1091 0
-1054 -1092 0
-1055 -1056 0
-1055 -1057 0
-1055 -1058 0
-1055 -1059 0
-1055 -1060 0
-1055 -1061 0
-1055 -1062 0
-1055 -1063 0
-1055 -1064 0
-1055 -1065 0
-1055 -1066 0
-1055 -1067 0
-1055 -1068 0
-1055 -1069 0
-1055 -1070 0
-1055 -1071 0
-1055 -1072 0
-1055 -1073 0
-1055 -1074 0
-1055 -1075 0
-1055 -1076 0
-1055 -1077 0
-1055 -1078 0
-1055 -1079 0
-1055 -1080 0
-1055 -1081 0
-1055 -1082 0
-1055 -1083 0
-1055 -1084 0
-1055 -1085 0
-1055 -1086 0
-1055 -1087 0
-1055 -1088 0
-1055 -1089 0
-1055 -1090 0
-1055 -1091 0
-1055 -1092 0
-1056 -1057 0
-1056 -1058 0
-1056 -1059 0
-1056 -1060 0
-1056 -1061 0
-1056 -1062 0
-1056 -1063 0
-1056 -1064 0
-1056 -1065 0
-1056 -1066 0
-1056 -1067 0
-1056 -1068 0
-1056 -1069 0
-1056 -1070 0
-1056 -1071 0
-1056 -1072 0
-1056 -1073 0
-1056 -1074 0
-1056 -1075 0
-1056 -1076 0
-1056 -1077 0
-1056 -1078 0
-1056 -1079 0
-1056 -1080 0
-1056 -1081 0
-1056 -1082 0
-1056 -1083 0
-1056 -1084 0
-1056 -1085 0
-1056 -1086 0
-1056 -1087 0
-1056 -1088 0
-1056 -1089 0
-1056 -1090 0
-1056 -1091 0
-1056 -1092 0
-1057 -1058 0
-1057 -1059 0
-1057 -1060 0
-1057 -1061 0
-1057 -1062 0
-1057 -1063 0
-1057 -1064 0
-1057 -1065 0
-1057 -1066 0
-1057 -1067 0
-1057 -1068 0
-1057 -1069 0
-1057 -1070 0
-1057 -1071 0
-1057 -1072 0
-1057 -1073 0
-1057 -1074 0
-1057 -1075 0
-1057 -1076 0
-1057 -1077 0
-1057 -1078 0
-1057 -1079 0
-1057 -1080 0
-1057 -1081 0
-1057 -1082 0
-1057 -1083 0
-1057 -1084 0
-1057 -1085 0
-1057 -1086 0
-1057 -1087 0
-1057 -1088 0
-1057 -1089 0
-1057 -1090 0
-1057 -1091 0
-1057 -1092 0
-1058 -1059 0
-1058 -1060 0
-1058 -1061 0
-1058 -1062 0
-1058 -1063 0
-1058 -1064 0
-1058 -1065 0
-1058 -1066 0
-1058 -1067 0
-1058 -1068 0
-1058 -1069 0
-1058 -1070 0
-1058 -1071 0
-1058 -1072 0
-1058 -1073 0
-1058 -1074 0
-1058 -1075 0
-1058 -1076 0
-1058 -1077 0
-1058 -1078 0
-1058 -1079 0
-1058 -1080 0
-1058 -1081 0
-1058 -1082 0
-1058 -1083 0
-1058 -1084 0
-1058 -1085 0
-1058 -1086 0
-1058 -1087 0
-1058 -1088 0
-1058 -1089 0
-1058 -1090 0
-1058 -1091 0
-1058 -1092 0
-1059 -1060 0
-1059 -1061 0
-1059 -1062 0
-1059 -1063 0
-1059 -1064 0
-1059 -1065 0
-1059 -1066 0
-1059 -1067 0
-1059 -1068 0
-1059 -1069 0
-1059 -1070 0
-1059 -1071 0
-1059 -1072 0
-1059 -1073 0
-1059 -1074 0
-1059 -1075 0
-1059 -1076 0
-1059 -1077 0
-1059 -1078 0
-1059 -1079 0
-1059 -1080 0
-1059 -1081 0
-1059 -1082 0
-1059 -1083 0
-1059 -1084 0
-1059 -1085 0
-1059 -1086 0
-1059 -1087 0
-1059 -1088 0
-1059 -1089 0
-1059 -1090 0
-1059 -1091 0
-1059 -1092 0
-1060 -1061 0
-1060 -1062 0
-1060 -1063 0
-1060 -1064 0
-1060 -1065 0
-1060 -1066 0
-1060 -1067 0
-1060 -1068 0
-1060 -1069 0
-1060 -1070 0
-1060 -1071 0
-1060 -1072 0
-1060 -1073 0
-1060 -1074 0
-1060 -1075 0
-1060 -1076 0
-1060 -1077 0
-1060 -1078 0
-1060 -1079 0
-1060 -1080 0
-1060 -1081 0
-1060 -1082 0
-1060 -1083 0
-1060 -1084 0
-1060 -1085 0
-1060 -1086 0
-1060 -1087 0
-1060 -1088 0
-1060 -1089 0
-1060 -1090 0
-1060 -1091 0
-1060 -1092 0
-1061 -1062 0
-1061 -1063 0
-1061 -1064 0
-1061 -1065 0
-1061 -1066 0
-1061 -1067 0
-1061 -1068 0
-1061 -1069 0
-1061 -1070 0
-1061 -1071 0
-1061 -1072 0
-1061 -1073 0
-1061 -1074 0
-1061 -1075 0
-1061 -1076 0
-1061 -1077 0
-1061 -1078 0
-1061 -1079 0
-1061 -1080 0
-1061 -1081 0
-1061 -1082 0
-1061 -1083 0
-1061 -1084 0
-1061 -1085 0
-1061 -1086 0
-1061 -1087 0
-1061 -1088 0
-1061 -1089 0
-1061 -1090 0
-1061 -1091 0
-1061 -1092 0
-1062 -1063 0
-1062 -1064 0
-1062 -1065 0
-1062 -1066 0
-1062 -1067 0
-1062 -1068 0
-1062 -1069 0
-1062 -1070 0
-1062 -1071 0
-1062 -1072 0
-1062 -1073 0
-1062 -1074 0
-1062 -1075 0
-1062 -1076 0
-1062 -1077 0
-1062 -1078 0
-1062 -1079 0
-1062 -1080 0
-1062 -1081 0
-1062 -1082 0
-1062 -1083 0
-1062 -1084 0
-1062 -1085 0
-1062 -1086 0
-1062 -1087 0
-1062 -1088 0
-1062 -1089 0
-1062 -1090 0
-1062 -1091 0
-1062 -1092 0
-1063 -1064 0
-1063 -1065 0
-1063 -1066 0
-1063 -1067 0
-1063 -1068 0
-1063 -1069 0
-1063 -1070 0
-1063 -1071 0
-1063 -1072 0
-1063 -1073 0
-1063 -1074 0
-1063 -1075 0
-1063 -1076 0
-1063 -1077 0
-1063 -1078 0
-1063 -1079 0
-1063 -1080 0
-1063 -1081 0
-1063 -1082 0
-1063 -1083 0
-1063 -1084 0
-1063 -1085 0
-1063 -1086 0
-1063 -1087 0
-1063 -1088 0
-1063 -1089 0
-1063 -1090 0
-1063 -1091 0
-1063 -1092 0
-1064 -1065 0
-1064 -1066 0
-1064 -1067 0
-1064 -1068 0
-1064 -1069 0
-1064 -1070 0
-1064 -1071 0
-1064 -1072 0
-1064 -1073 0
-1064 -1074 0
-1064 -1075 0
-1064 -1076 0
-1064 -1077 0
-1064 -1078 0
-1064 -1079 0
-1064 -1080 0
-1064 -1081 0
-1064 -1082 0
-1064 -1083 0
-1064 -1084 0
-1064 -1085 0
-1064 -1086 0
-1064 -1087 0
-1064 -1088 0
-1064 -1089 0
-1064 -1090 0
-1064 -1091 0
-1064 -1092 0
-1065 -1066 0
-1065 -1067 0
-1065 -1068 0
-1065 -1069 0
-1065 -1070 0
-1065 -1071 0
-1065 -1072 0
-1065 -1073 0
-1065 -1074 0
-1065 -1075 0
-1065 -1076 0
-1065 -1077 0
-1065 -1078 0
-1065 -1079 0
-1065 -1080 0
-1065 -1081 0
-1065 -1082 0
-1065 -1083 0
-1065 -1084 0
-1065 -1085 0
-1065 -1086 0
-1065 -1087 0
-1065 -1088 0
-1065 -1089 0
-1065 -1090 0
-1065 -1091 0
-1065 -1092 0
-1066 -1067 0
-1066 -1068 0
-1066 -1069 0
-1066 -1070 0
-1066 -1071 0
-1066 -1072 0
-1066 -1073 0
-1066 -1074 0
-1066 -1075 0
-1066 -1076 0
-1066 -1077 0
-1066 -1078 0
-1066 -1079 0
-1066 -1080 0
-1066 -1081 0
-1066 -1082 0
-1066 -1083 0
-1066 -1084 0
-1066 -1085 0
-1066 -1086 0
-1066 -1087 0
-1066 -1088 0
-1066 -1089 0
-1066 -1090 0
-1066 -1091 0
-1066 -1092 0
-1067 -1068 0
-1067 -1069 0
-1067 -1070 0
-1067 -1071 0
-1067 -1072 0
-1067 -1073 0
-1067 -1074 0
-1067 -1075 0
-1067 -1076 0
-1067 -1077 0
-1067 -1078 0
-1067 -1079 0
-1067 -1080 0
-1067 -1081 0
-1067 -1082 0
-1067 -1083 0
-1067 -1084 0
-1067 -1085 0
-1067 -1086 0
-1067 -1087 0
-1067 -1088 0
-1067 -1089 0
-1067 -1090 0
-1067 -1091 0
-1067 -1092 0
-1068 -1069 0
-1068 -1070 0
-1068 -1071 0
-1068 -1072 0
-1068 -1073 0
-1068 -1074 0
-1068 -1075 0
-1068 -1076 0
-1068 -1077 0
-1068 -1078 0
-1068 -1079 0
-1068 -1080 0
-1068 -1081 0
-1068 -1082 0
-1068 -1083 0
-1068 -1084 0
-1068 -1085 0
-1068 -1086 0
-1068 -1087 0
-1068 -1088 0
-1068 -1089 0
-1068 -1090 0
-1068 -1091 0
-1068 -1092 0
-1069 -1070 0
-1069 -1071 0
-1069 -1072 0
-1069 -1073 0
-1069 -1074 0
-1069 -1075 0
-1069 -1076 0
-1069 -1077 0
-1069 -1078 0
-1069 -1079 0
-1069 -1080 0
-1069 -1081 0
-1069 -1082 0
-1069 -1083 0
-1069 -1084 0
-1069 -1085 0
-1069 -1086 0
-1069 -1087 0
-1069 -1088 0
-1069 -1089 0
-1069 -1090 0
-1069 -1091 0
-1069 -1092 0
-1070 -1071 0
-1070 -1072 0
-1070 -1073 0
-1070 -1074 0
-1070 -1075 0
-1070 -1076 0
-1070 -1077 0
-1070 -1078 0
-1070 -1079 0
-1070 -1080 0
-1070 -1081 0
-1070 -1082 0
-1070 -1083 0
-1070 -1084 0
-1070 -1085 0
-1070 -1086 0
-1070 -1087 0
-1070 -1088 0
-1070 -1089 0
-1070 -1090 0
-1070 -1091 0
-1070 -1092 0
-1071 -1072 0
-1071 -1073 0
-1071 -1074 0
-1071 -1075 0
-1071 -1076 0
-1071 -1077 0
-1071 -1078 0
-1071 -1079 0
-1071 -1080 0
-1071 -1081 0
-1071 -1082 0
-1071 -1083 0
-1071 -1084 0
-1071 -1085 0
-1071 -1086 0
-1071 -1087 0
-1071 -1088 0
-1071 -1089 0
-1071 -1090 0
-1071 -1091 0
-1071 -1092 0
-1072 -1073 0
-1072 -1074 0
-1072 -1075 0
-1072 -1076 0
-1072 -1077 0
-1072 -1078 0
-1072 -1079 0
-1072 -1080 0
-1072 -1081 0
-1072 -1082 0
-1072 -1083 0
-1072 -1084 0
-1072 -1085 0
-1072 -1086 0
-1072 -1087 0
-1072 -1088 0
-1072 -1089 0
-1072 -1090 0
-1072 -1091 0
-1072 -1092 0
-1073 -1074 0
-1073 -1075 0
-1073 -1076 0
-1073 -1077 0
-1073 -1078 0
-1073 -1079 0
-1073 -1080 0
-1073 -1081 0
-1073 -1082 0
-1073 -1083 0
-1073 -1084 0
-1073 -1085 0
-1073 -1086 0
-1073 -1087 0
-1073 -1088 0
-1073 -1089 0
-1073 -1090 0
-1073 -1091 0
-1073 -1092 0
-1074 -1075 0
-1074 -1076 0
-1074 -1077 0
-1074 -1078 0
-1074 -1079 0
-1074 -1080 0
-1074 -1081 0
-1074 -1082 0
-1074 -1083 0
-1074 -1084 0
-1074 -1085 0
-1074 -1086 0
-1074 -1087 0
-1074 -1088 0
-1074 -1089 0
-1074 -1090 0
-1074 -1091 0
-1074 -1092 0
-1075 -1076 0
-1075 -1077 0
-1075 -1078 0
-1075 -1079 0
-1075 -1080 0
-1075 -1081 0
-1075 -1082 0
-1075 -1083 0
-1075 -1084 0
-1075 -1085 0
-1075 -1086 0
-1075 -1087 0
-1075 -1088 0
-1075 -1089 0
-1075 -1090 0
-1075 -1091 0
-1075 -1092 0
-1076 -1077 0
-1076 -1078 0
-1076 -1079 0
-1076 -1080 0
-1076 -1081 0
-1076 -1082 0
-1076 -1083 0
-1076 -1084 0
-1076 -1085 0
-1076 -1086 0
-1076 -1087 0
-1076 -1088 0
-1076 -1089 0
-1076 -1090 0
-1076 -1091 0
-1076 -1092 0
-1077 -1078 0
-1077 -1079 0
-1077 -1080 0
-1077 -1081 0
-1077 -1082 0
-1077 -1083 0
-1077 -1084 0
-1077 -1085 0
-1077 -1086 0
-1077 -1087 0
-1077 -1088 0
-1077 -1089 0
-1077 -1090 0
-1077 -1091 0
-1077 -1092 0
-1078 -1079 0
-1078 -1080 0
-1078 -1081 0
-1078 -1082 0
-1078 -1083 0
-1078 -1084 0
-1078 -1085 0
-1078 -1086 0
-1078 -1087 0
-1078 -1088 0
-1078 -1089 0
-1078 -1090 0
-1078 -1091 0
-1078 -1092 0
-1079 -1080 0
-1079 -1081 0
-1079 -1082 0
-1079 -1083 0
-1079 -1084 0
-1079 -1085 0
-1079 -1086 0
-1079 -1087 0
-1079 -1088 0
-1079 -1089 0
-1079 -1090 0
-1079 -1091 0
-1079 -1092 0
-1080 -1081 0
-1080 -1082 0
-1080 -1083 0
-1080 -1084 0
-1080 -1085 0
-1080 -1086 0
-1080 -1087 0
-1080 -1088 0
-1080 -1089 0
-1080 -1090 0
-1080 -1091 0
-1080 -1092 0
-1081 -1082 0
-1081 -1083 0
-1081 -1084 0
-1081 -1085 0
-1081 -1086 0
-1081 -1087 0
-1081 -1088 0
-1081 -1089 0
-1081 -1090 0
-1081 -1091 0
-1081 -1092 0
-1082 -1083 0
-1082 -1084 0
-1082 -1085 0
-1082 -1086 0
-1082 -1087 0
-1082 -1088 0
-1082 -1089 0
-1082 -1090 0
-1082 -1091 0
-1082 -1092 0
-1083 -1084 0
-1083 -1085 0
-1083 -1086 0
-1083 -1087 0
-1083 -1088 0
-1083 -1089 0
-1083 -1090 0
-1083 -1091 0
-1083 -1092 0
-1084 -1085 0
-1084 -1086 0
-1084 -1087 0
-1084 -1088 0
-1084 -1089 0
-1084 -1090 0
-1084 -1091 0
-1084 -1092 0
-1085 -1086 0
-1085 -1087 0
-1085 -1088 0
-1085 -1089 0
-1085 -1090 0
-1085 -1091 0
-1085 -1092 0
-1086 -1087 0
-1086 -1088 0
-1086 -1089 0
-1086 -1090 0
-1086 -1091 0
-1086 -1092 0
-1087 -1088 0
-1087 -1089 0
-1087 -1090 0
-1087 -1091 0
-1087 -1092 0
-1088 -1089 0
-1088 -1090 0
-1088 -1091 0
-1088 -1092 0
-1089 -1090 0
-1089 -1091 0
-1089 -1092 0
-1090 -1091 0
-1090 -1092 0
-1091 -1092 0
-1093 -1094 0
-1093 -1095 0
-1093 -1096 0
-1093 -1097 0
-1093 -1098 0
-1093 -1099 0
-1093 -1100 0
-1093 -1101 0
-1093 -1102 0
-1093 -1103 0
-1093 -1104 0
-1093 -1105 0
-1093 -1106 0
-1093 -1107 0
-1093 -1108 0
-1093 -1109 0
-1093 -1110 0
-1093 -1111 0
-1093 -1112 0
-1093 -1113 0
-1093 -1114 0
-1093 -1115 0
-1093 -1116 0
-1093 -1117 0
-1093 -1118 0
-1093 -1119 0
-1093 -1120 0
-1093 -1121 0
-1093 -1122 0
-1093 -1123 0
-1093 -1124 0
-1093 -1125 0
-1093 -1126 0
-1093 -1127 0
-1093 -1128 0
-1093 -1129 0
-1093 -1130 0
-1093 -1131 0
-1094 -1095 0
-1094 -1096 0
-1094 -1097 0
-1094 -1098 0
-1094 -1099 0
-1094 -1100 0
-1094 -1101 0
-1094 -1102 0
-1094 -1103 0
-1094 -1104 0
-1094 -1105 0
-1094 -1106 0
-1094 -1107 0
-1094 -1108 0
-1094 -1109 0
-1094 -1110 0
-1094 -1111 0
-1094 -1112 0
-1094 -1113 0
-1094 -1114 0
-1094 -1115 0
-1094 -1116 0
-1094 -1117 0
-1094 -1118 0
-1094 -1119 0
-1094 -1120 0
-1094 -1121 0
-1094 -1122 0
-1094 -1123 0
-1094 -1124 0
-1094 -1125 0
-1094 -1126 0
-1094 -1127 0
-1094 -1128 0
-1094 -1129 0
-1094 -1130 0
-1094 -1131 0
-1095 -1096 0
-1095 -1097 0
-1095 -1098 0
-1095 -1099 0
-1095 -1100 0
-1095 -1101 0
-1095 -1102 0
-1095 -1103 0
-1095 -1104 0
-1095 -1105 0
-1095 -1106 0
-1095 -1107 0
-1095 -1108 0
-1095 -1109 0
-1095 -1110 0
-1095 -1111 0
-1095 -1112 0
-1095 -1113 0
-1095 -1114 0
-1095 -1115 0
-1095 -1116 0
-1095 -1117 0
-1095 -1118 0
-1095 -1119 0
-1095 -1120 0
-1095 -1121 0
-1095 -1122 0
-1095 -1123 0
-1095 -1124 0
-1095 -1125 0
-1095 -1126 0
-1095 -1127 0
-1095 -1128 0
-1095 -1129 0
-1095 -1130 0
-1095 -1131 0
-1096 -1097 0
-1096 -1098 0
-1096 -1099 0
-1096 -1100 0
-1096 -1101 0
-1096 -1102 0
-1096 -1103 0
-1096 -1104 0
-1096 -1105 0
-1096 -1106 0
-1096 -1107 0
-1096 -1108 0
-1096 -1109 0
-1096 -1110 0
-1096 -1111 0
-1096 -1112 0
-1096 -1113 0
-1096 -1114 0
-1096 -1115 0
-1096 -1116 0
-1096 -1117 0
-1096 -1118 0
-1096 -1119 0
-1096 -1120 0
-1096 -1121 0
-1096 -1122 0
-1096 -1123 0
-1096 -1124 0
-1096 -1125 0
-1096 -1126 0
-1096 -1127 0
-1096 -1128 0
-1096 -1129 0
-1096 -1130 0
-1096 -1131 0
-1097 -1098 0
-1097 -1099 0
-1097 -1100 0
-1097 -1101 0
-1097 -1102 0
-1097 -1103 0
-1097 -1104 0
-1097 -1105 0
-1097 -1106 0
-1097 -1107 0
-1097 -1108 0
-1097 -1109 0
-1097 -1110 0
-1097 -1111 0
-1097 -1112 0
-1097 -1113 0
-1097 -1114 0
-1097 -1115 0
-1097 -1116 0
-1097 -1117 0
-1097 -1118 0
-1097 -1119 0
-1097 -1120 0
-1097 -1121 0
-1097 -1122 0
-1097 -1123 0
-1097 -1124 0
-1097 -1125 0
-1097 -1126 0
-1097 -1127 0
-1097 -1128 0
-1097 -1129 0
-1097 -1130 0
-1097 -1131 0
-1098 -1099 0
-1098 -1100 0
-1098 -1101 0
-1098 -1102 0
-1098 -1103 0
-1098 -1104 0
-1098 -1105 0
-1098 -1106 0
-1098 -1107 0
-1098 -1108 0
-1098 -1109 0
-1098 -1110 0
-1098 -1111 0
-1098 -1112 0
-1098 -1113 0
-1098 -1114 0
-1098 -1115 0
-1098 -1116 0
-1098 -1117 0
-1098 -1118 0
-1098 -1119 0
-1098 -1120 0
-1098 -1121 0
-1098 -1122 0
-1098 -1123 0
-1098 -1124 0
-1098 -1125 0
-1098 -1126 0
-1098 -1127 0
-1098 -1128 0
-1098 -1129 0
-1098 -1130 0
-1098 -1131 0
-1099 -1100 0
-1099 -1101 0
-1099 -1102 0
-1099 -1103 0
-1099 -1104 0
-1099 -1105 0
-1099 -1106 0
-1099 -1107 0
-1099 -1108 0
-1099 -1109 0
-1099 -1110 0
-1099 -1111 0
-1099 -1112 0
-1099 -1113 0
-1099 -1114 0
-1099 -1115 0
-1099 -1116 0
-1099 -1117 0
-1099 -1118 0
-1099 -1119 0
-1099 -1120 0
-1099 -1121 0
-1099 -1122 0
-1099 -1123 0
-1099 -1124 0
-1099 -1125 0
-1099 -1126 0
-1099 -1127 0
-1099 -1128 0
-1099 -1129 0
-1099 -1130 0
-1099 -1131 0
-1100 -1101 0
-1100 -1102 0
-1100 -1103 0
-1100 -1104 0
-1100 -1105 0
-1100 -1106 0
-1100 -1107 0
-1100 -1108 0
-1100 -1109 0
-1100 -1110 0
-1100 -1111 0
-1100 -1112 0
-1100 -1113 0
-1100 -1114 0
-1100 -1115 0
-1100 -1116 0
-1100 -1117 0
-1100 -1118 0
-1100 -1119 0
-1100 -1120 0
-1100 -1121 0
-1100 -1122 0
-1100 -1123 0
-1100 -1124 0
-1100 -1125 0
-1100 -1126 0
-1100 -1127 0
-1100 -1128 0
-1100 -1129 0
-1100 -1130 0
-1100 -1131 0
-1101 -1102 0
-1101 -1103 0
-1101 -1104 0
-1101 -1105 0
-1101 -1106 0
-1101 -1107 0
-1101 -1108 0
-1101 -1109 0
-1101 -1110 0
-1101 -1111 0
-1101 -1112 0
-1101 -1113 0
-1101 -1114 0
-1101 -1115 0
-1101 -1116 0
-1101 -1117 0
-1101 -1118 0
-1101 -1119 0
-1101 -1120 0
-1101 -1121 0
-1101 -1122 0
-1101 -1123 0
-1101 -1124 0
-1101 -1125 0
-1101 -1126 0
-1101 -1127 0
-1101 -1128 0
-1101 -1129 0
-1101 -1130 0
-1101 -1131 0
-1102 -1103 0
-1102 -1104 0
-1102 -1105 0
-1102 -1106 0
-1102 -1107 0
-1102 -1108 0
-1102 -1109 0
-1102 -1110 0
-1102 -1111 0
-1102 -1112 0
-1102 -1113 0
-1102 -1114 0
-1102 -1115 0
-1102 -1116 0
-1102 -1117 0
-1102 -1118 0
-1102 -1119 0
-1102 -1120 0
-1102 -1121 0
-1102 -1122 0
-1102 -1123 0
-1102 -1124 0
-1102 -1125 0
-1102 -1126 0
-1102 -1127 0
-1102 -1128 0
-1102 -1129 0
-1102 -1130 0
-1102 -1131 0
-1103 -1104 0
-1103 -1105 0
-1103 -1106 0
-1103 -1107 0
-1103 -1108 0
-1103 -1109 0
-1103 -1110 0
-1103 -1111 0
-1103 -1112 0
-1103 -1113 0
-1103 -1114 0
-1103 -1115 0
-1103 -1116 0
-1103 -1117 0
-1103 -1118 0
-1103 -1119 0
-1103 -1120 0
-1103 -1121 0
-1103 -1122 0
-1103 -1123 0
-1103 -1124 0
-1103 -1125 0
-1103 -1126 0
-1103 -1127 0
-1103 -1128 0
-1103 -1129 0
-1103 -1130 0
-1103 -1131 0
-1104 -1105 0
-1104 -1106 0
-1104 -1107 0
-1104 -1108 0
-1104 -1109 0
-1104 -1110 0
-1104 -1111 0
-1104 -1112 0
-1104 -1113 0
-1104 -1114 0
-1104 -1115 0
-1104 -1116 0
-1104 -1117 0
-1104 -1118 0
-1104 -1119 0
-1104 -1120 0
-1104 -1121 0
-1104 -1122 0
-1104 -1123 0
-1104 -1124 0
-1104 -1125 0
-1104 -1126 0
-1104 -1127 0
-1104 -1128 0
-1104 -1129 0
-1104 -1130 0
-1104 -1131 0
-1105 -1106 0
-1105 -1107 0
-1105 -1108 0
-1105 -1109 0
-1105 -1110 0
-1105 -1111 0
-1105 -1112 0
-1105 -1113 0
-1105 -1114 0
-1105 -1115 0
-1105 -1116 0
-1105 -1117 0
-1105 -1118 0
-1105 -1119 0
-1105 -1120 0
-1105 -1121 0
-1105 -1122 0
-1105 -1123 0
-1105 -1124 0
-1105 -1125 0
-1105 -1126 0
-1105 -1127 0
-1105 -1128 0
-1105 -1129 0
-1105 -1130 0
-1105 -1131 0
-1106 -1107 0
-1106 -1108 0
-1106 -1109 0
-1106 -1110 0
-1106 -1111 0
-1106 -1112 0
-1106 -1113 0
-1106 -1114 0
-1106 -1115 0
-1106 -1116 0
-1106 -1117 0
-1106 -1118 0
-1106 -1119 0
-1106 -1120 0
-1106 -1121 0
-1106 -1122 0
-1106 -1123 0
-1106 -1124 0
-1106 -1125 0
-1106 -1126 0
-1106 -1127 0
-1106 -1128 0
-1106 -1129 0
-1106 -1130 0
-1106 -1131 0
-1107 -1108 0
-1107 -1109 0
-1107 -1110 0
-1107 -1111 0
-1107 -1112 0
-1107 -1113 0
-1107 -1114 0
-1107 -1115 0
-1107 -1116 0
-1107 -1117 0
-1107 -1118 0
-1107 -1119 0
-1107 -1120 0
-1107 -1121 0
-1107 -1122 0
-1107 -1123 0
-1107 -1124 0
-1107 -1125 0
-1107 -1126 0
-1107 -1127 0
-1107 -1128 0
-1107 -1129 0
-1107 -1130 0
-1107 -1131 0
-1108 -1109 0
-1108 -1110 0
-1108 -1111 0
-1108 -1112 0
-1108 -1113 0
-1108 -1114 0
-1108 -1115 0
-1108 -1116 0
-1108 -1117 0
-1108 -1118 0
-1108 -1119 0
-1108 -1120 0
-1108 -1121 0
-1108 -1122 0
-1108 -1123 0
-1108 -1124 0
-1108 -1125 0
-1108 -1126 0
-1108 -1127 0
-1108 -1128 0
-1108 -1129 0
-1108 -1130 0
-1108 -1131 0
-1109 -1110 0
-1109 -1111 0
-1109 -1112 0
-1109 -1113 0
-1109 -1114 0
-1109 -1115 0
-1109 -1116 0
-1109 -1117 0
-1109 -1118 0
-1109 -1119 0
-1109 -1120 0
-1109 -1121 0
-1109 -1122 0
-1109 -1123 0
-1109 -1124 0
-1109 -1125 0
-1109 -1126 0
-1109 -1127 0
-1109 -1128 0
-1109 -1129 0
-1109 -1130 0
-1109 -1131 0
-1110 -1111 0
-1110 -1112 0
-1110 -1113 0
-1110 -1114 0
-1110 -1115 0
-1110 -1116 0
-1110 -1117 0
-1110 -1118 0
-1110 -1119 0
-1110 -1120 0
-1110 -1121 0
-1110 -1122 0
-1110 -1123 0
-1110 -1124 0
-1110 -1125 0
-1110 -1126 0
-1110 -1127 0
-1110 -1128 0
-1110 -1129 0
-1110 -1130 0
-1110 -1131 0
-1111 -1112 0
-1111 -1113 0
-1111 -1114 0
-1111 -1115 0
-1111 -1116 0
-1111 -1117 0
-1111 -1118 0
-1111 -1119 0
-1111 -1120 0
-1111 -1121 0
-1111 -1122 0
-1111 -1123 0
-1111 -1124 0
-1111 -1125 0
-1111 -1126 0
-1111 -1127 0
-1111 -1128 0
-1111 -1129 0
-1111 -1130 0
-1111 -1131 0
-1112 -1113 0
-1112 -1114 0
-1112 -1115 0
-1112 -1116 0
-1112 -1117 0
-1112 -1118 0
-1112 -1119 0
-1112 -1120 0
-1112 -1121 0
-1112 -1122 0
-1112 -1123 0
-1112 -1124 0
-1112 -1125 0
-1112 -1126 0
-1112 -1127 0
-1112 -1128 0
-1112 -1129 0
-1112 -1130 0
-1112 -1131 0
-1113 -1114 0
-1113 -1115 0
-1113 -1116 0
-1113 -1117 0
-1113 -1118 0
-1113 -1119 0
-1113 -1120 0
-1113 -1121 0
-1113 -1122 0
-1113 -1123 0
-1113 -1124 0
-1113 -1125 0
-1113 -1126 0
-1113 -1127 0
-1113 -1128 0
-1113 -1129 0
-1113 -1130 0
-1113 -1131 0
-1114 -1115 0
-1114 -1116 0
-1114 -1117 0
-1114 -1118 0
-1114 -1119 0
-1114 -1120 0
-1114 -1121 0
-1114 -1122 0
-1114 -1123 0
-1114 -1124 0
-1114 -1125 0
-1114 -1126 0
-1114 -1127 0
-1114 -1128 0
-1114 -1129 0
-1114 -1130 0
-1114 -1131 0
-1115 -1116 0
-1115 -1117 0
-1115 -1118 0
-1115 -1119 0
-1115 -1120 0
-1115 -1121 0
-1115 -1122 0
-1115 -1123 0
-1115 -1124 0
-1115 -1125 0
-1115 -1126 0
-1115 -1127 0
-1115 -1128 0
-1115 -1129 0
-1115 -1130 0
-1115 -1131 0
-1116 -1117 0
-1116 -1118 0
-1116 -1119 0
-1116 -1120 0
-1116 -1121 0
-1116 -1122 0
-1116 -1123 0
-1116 -1124 0
-1116 -1125 0
-1116 -1126 0
-1116 -1127 0
-1116 -1128 0
-1116 -1129 0
-1116 -1130 0
-1116 -1131 0
-1117 -1118 0
-1117 -1119 0
-1117 -1120 0
-1117 -1121 0
-1117 -1122 0
-1117 -1123 0
-1117 -1124 0
-1117 -1125 0
-1117 -1126 0
-1117 -1127 0
-1117 -1128 0
-1117 -1129 0
-1117 -1130 0
-1117 -1131 0
-1118 -1119 0
-1118 -1120 0
-1118 -1121 0
-1118 -1122 0
-1118 -1123 0
-1118 -1124 0
-1118 -1125 0
-1118 -1126 0
-1118 -1127 0
-1118 -1128 0
-1118 -1129 0
-1118 -1130 0
-1118 -1131 0
-1119 -1120 0
-1119 -1121 0
-1119 -1122 0
-1119 -1123 0
-1119 -1124 0
-1119 -1125 0
-1119 -1126 0
-1119 -1127 0
-1119 -1128 0
-1119 -1129 0
-1119 -1130 0
-1119 -1131 0
-1120 -1121 0
-1120 -1122 0
-1120 -1123 0
-1120 -1124 0
-1120 -1125 0
-1120 -1126 0
-1120 -1127 0
-1120 -1128 0
-1120 -1129 0
-1120 -1130 0
-1120 -1131 0
-1121 -1122 0
-1121 -1123 0
-1121 -1124 0
-1121 -1125 0
-1121 -1126 0
-1121 -1127 0
-1121 -1128 0
-1121 -1129 0
-1121 -1130 0
-1121 -1131 0
-1122 -1123 0
-1122 -1124 0
-1122 -1125 0
-1122 -1126 0
-1122 -1127 0
-1122 -1128 0
-1122 -1129 0
-1122 -1130 0
-1122 -1131 0
-1123 -1124 0
-1123 -1125 0
-1123 -1126 0
-1123 -1127 0
-1123 -1128 0
-1123 -1129 0
-1123 -1130 0
-1123 -1131 0
-1124 -1125 0
-1124 -1126 0
-1124 -1127 0
-1124 -1128 0
-1124 -1129 0
-1124 -1130 0
-1124 -1131 0
-1125 -1126 0
-1125 -1127 0
-1125 -1128 0
-1125 -1129 0
-1125 -1130 0
-1125 -1131 0
-1126 -1127 0
-1126 -1128 0
-1126 -1129 0
-1126 -1130 0
-1126 -1131 0
-1127 -1128 0
-1127 -1129 0
-1127 -1130 0
-1127 -1131 0
-1128 -1129 0
-1128 -1130 0
-1128 -1131 0
-1129 -1130 0
-1129 -1131 0
-1130 -1131 0
-1132 -1133 0
-1132 -1134 0
-1132 -1135 0
-1132 -1136 0
-1132 -1137 0
-1132 -1138 0
-1132 -1139 0
-1132 -1140 0
-1132 -1141 0
-1132 -1142 0
-1132 -1143 0
-1132 -1144 0
-1132 -1145 0
-1132 -1146 0
-1132 -1147 0
-1132 -1148 0
-1132 -1149 0
-1132 -1150 0
-1132 -1151 0
-1132 -1152 0
-1132 -1153 0
-1132 -1154 0
-1132 -1155 0
-1132 -1156 0
-1132 -1157 0
-1132 -1158 0
-1132 -1159 0
-1132 -1160 0
-1132 -1161 0
-1132 -1162 0
-1132 -1163 0
-1132 -1164 0
-1132 -1165 0
-1132 -1166 0
-1132 -1167 0
-1132 -1168 0
-1132 -1169 0
-1132 -1170 0
-1133 -1134 0
-1133 -1135 0
-1133 -1136 0
-1133 -1137 0
-1133 -1138 0
-1133 -1139 0
-1133 -1140 0
-1133 -1141 0
-1133 -1142 0
-1133 -1143 0
-1133 -1144 0
-1133 -1145 0
-1133 -1146 0
-1133 -1147 0
-1133 -1148 0
-1133 -1149 0
-1133 -1150 0
-1133 -1151 0
-1133 -1152 0
-1133 -1153 0
-1133 -1154 0
-1133 -1155 0
-1133 -1156 0
-1133 -1157 0
-1133 -1158 0
-1133 -1159 0
-1133 -1160 0
-1133 -1161 0
-1133 -1162 0
-1133 -1163 0
-1133 -1164 0
-1133 -1165 0
-1133 -1166 0
-1133 -1167 0
-1133 -1168 0
-1133 -1169 0
-1133 -1170 0
-1134 -1135 0
-1134 -1136 0
-1134 -1137 0
-1134 -1138 0
-1134 -1139 0
-1134 -1140 0
-1134 -1141 0
-1134 -1142 0
-1134 -1143 0
-1134 -1144 0
-1134 -1145 0
-1134 -1146 0
-1134 -1147 0
-1134 -1148 0
-1134 -1149 0
-1134 -1150 0
-1134 -1151 0
-1134 -1152 0
-1134 -1153 0
-1134 -1154 0
-1134 -1155 0
-1134 -1156 0
-1134 -1157 0
-1134 -1158 0
-1134 -1159 0
-1134 -1160 0
-1134 -1161 0
-1134 -1162 0
-1134 -1163 0
-1134 -1164 0
-1134 -1165 0
-1134 -1166 0
-1134 -1167 0
-1134 -1168 0
-1134 -1169 0
-1134 -1170 0
-1135 -1136 0
-1135 -1137 0
-1135 -1138 0
-1135 -1139 0
-1135 -1140 0
-1135 -1141 0
-1135 -1142 0
-1135 -1143 0
-1135 -1144 0
-1135 -1145 0
-1135 -1146 0
-1135 -1147 0
-1135 -1148 0
-1135 -1149 0
-1135 -1150 0
-1135 -1151 0
-1135 -1152 0
-1135 -1153 0
-1135 -1154 0
-1135 -1155 0
-1135 -1156 0
-1135 -1157 0
-1135 -1158 0
-1135 -1159 0
-1135 -1160 0
-1135 -1161 0
-1135 -1162 0
-1135 -1163 0
-1135 -1164 0
-1135 -1165 0
-1135 -1166 0
-1135 -1167 0
-1135 -1168 0
-1135 -1169 0
-1135 -1170 0
-1136 -1137 0
-1136 -1138 0
-1136 -1139 0
-1136 -1140 0
-1136 -1141 0
-1136 -1142 0
-1136 -1143 0
-1136 -1144 0
-1136 -1145 0
-1136 -1146 0
-1136 -1147 0
-1136 -1148 0
-1136 -1149 0
-1136 -1150 0
-1136 -1151 0
-1136 -1152 0
-1136 -1153 0
-1136 -1154 0
-1136 -1155 0
-1136 -1156 0
-1136 -1157 0
-1136 -1158 0
-1136 -1159 0
-1136 -1160 0
-1136 -1161 0
-1136 -1162 0
-1136 -1163 0
-1136 -1164 0
-1136 -1165 0
-1136 -1166 0
-1136 -1167 0
-1136 -1168 0
-1136 -1169 0
-1136 -1170 0
-1137 -1138 0
-1137 -1139 0
-1137 -1140 0
-1137 -1141 0
-1137 -1142 0
-1137 -1143 0
-1137 -1144 0
-1137 -1145 0
-1137 -1146 0
-1137 -1147 0
-1137 -1148 0
-1137 -1149 0
-1137 -1150 0
-1137 -1151 0
-1137 -1152 0
-1137 -1153 0
-1137 -1154 0
-1137 -1155 0
-1137 -1156 0
-1137 -1157 0
-1137 -1158 0
-1137 -1159 0
-1137 -1160 0
-1137 -1161 0
-1137 -1162 0
-1137 -1163 0
-1137 -1164 0
-1137 -1165 0
-1137 -1166 0
-1137 -1167 0
-1137 -1168 0
-1137 -1169 0
-1137 -1170 0
-1138 -1139 0
-1138 -1140 0
-1138 -1141 0
-1138 -1142 0
-1138 -1143 0
-1138 -1144 0
-1138 -1145 0
-1138 -1146 0
-1138 -1147 0
-1138 -1148 0
-1138 -1149 0
-1138 -1150 0
-1138 -1151 0
-1138 -1152 0
-1138 -1153 0
-1138 -1154 0
-1138 -1155 0
-1138 -1156 0
-1138 -1157 0
-1138 -1158 0
-1138 -1159 0
-1138 -1160 0
-1138 -1161 0
-1138 -1162 0
-1138 -1163 0
-1138 -1164 0
-1138 -1165 0
-1138 -1166 0
-1138 -1167 0
-1138 -1168 0
-1138 -1169 0
-1138 -1170 0
-1139 -1140 0
-1139 -1141 0
-1139 -1142 0
-1139 -1143 0
-1139 -1144 0
-1139 -1145 0
-1139 -1146 0
-1139 -1147 0
-1139 -1148 0
-1139 -1149 0
-1139 -1150 0
-1139 -1151 0
-1139 -1152 0
-1139 -1153 0
-1139 -1154 0
-1139 -1155 0
-1139 -1156 0
-1139 -1157 0
-1139 -1158 0
-1139 -1159 0
-1139 -1160 0
-1139 -1161 0
-1139 -1162 0
-1139 -1163 0
-1139 -1164 0
-1139 -1165 0
-1139 -1166 0
-1139 -1167 0
-1139 -1168 0
-1139 -1169 0
-1139 -1170 0
-1140 -1141 0
-1140 -1142 0
-1140 -1143 0
-1140 -1144 0
-1140 -1145 0
-1140 -1146 0
-1140 -1147 0
-1140 -1148 0
-1140 -1149 0
-1140 -1150 0
-1140 -1151 0
-1140 -1152 0
-1140 -1153 0
-1140 -1154 0
-1140 -1155 0
-1140 -1156 0
-1140 -1157 0
-1140 -1158 0
-1140 -1159 0
-1140 -1160 0
-1140 -1161 0
-1140 -1162 0
-1140 -1163 0
-1140 -1164 0
-1140 -1165 0
-1140 -1166 0
-1140 -1167 0
-1140 -1168 0
-1140 -1169 0
-1140 -1170 0
-1141 -1142 0
-1141 -1143 0
-1141 -1144 0
-1141 -1145 0
-1141 -1146 0
-1141 -1147 0
-1141 -1148 0
-1141 -1149 0
-1141 -1150 0
-1141 -1151 0
-1141 -1152 0
-1141 -1153 0
-1141 -1154 0
-1141 -1155 0
-1141 -1156 0
-1141 -1157 0
-1141 -1158 0
-1141 -1159 0
-1141 -1160 0
-1141 -1161 0
-1141 -1162 0
-1141 -1163 0
-1141 -1164 0
-1141 -1165 0
-1141 -1166 0
-1141 -1167 0
-1141 -1168 0
-1141 -1169 0
-1141 -1170 0
-1142 -1143 0
-1142 -1144 0
-1142 -1145 0
-1142 -1146 0
-1142 -1147 0
-1142 -1148 0
-1142 -1149 0
-1142 -1150 0
-1142 -1151 0
-1142 -1152 0
-1142 -1153 0
-1142 -1154 0
-1142 -1155 0
-1142 -1156 0
-1142 -1157 0
-1142 -1158 0
-1142 -1159 0
-1142 -1160 0
-1142 -1161 0
-1142 -1162 0
-1142 -1163 0
-1142 -1164 0
-1142 -1165 0
-1142 -1166 0
-1142 -1167 0
-1142 -1168 0
-1142 -1169 0
-1142 -1170 0
-1143 -1144 0
-1143 -1145 0
-1143 -1146 0
-1143 -1147 0
-1143 -1148 0
-1143 -1149 0
-1143 -1150 0
-1143 -1151 0
-1143 -1152 0
-1143 -1153 0
-1143 -1154 0
-1143 -1155 0
-1143 -1156 0
-1143 -1157 0
-1143 -1158 0
-1143 -1159 0
-1143 -1160 0
-1143 -1161 0
-1143 -1162 0
-1143 -1163 0
-1143 -1164 0
-1143 -1165 0
-1143 -1166 0
-1143 -1167 0
-1143 -1168 0
-1143 -1169 0
-1143 -1170 0
-1144 -1145 0
-1144 -1146 0
-1144 -1147 0
-1144 -1148 0
-1144 -1149 0
-1144 -1150 0
-1144 -1151 0
-1144 -1152 0
-1144 -1153 0
-1144 -1154 0
-1144 -1155 0
-1144 -1156 0
-1144 -1157 0
-1144 -1158 0
-1144 -1159 0
-1144 -1160 0
-1144 -1161 0
-1144 -1162 0
-1144 -1163 0
-1144 -1164 0
-1144 -1165 0
-1144 -1166 0
-1144 -1167 0
-1144 -1168 0
-1144 -1169 0
-1144 -1170 0
-1145 -1146 0
-1145 -1147 0
-1145 -1148 0
-1145 -1149 0
-1145 -1150 0
-1145 -1151 0
-1145 -1152 0
-1145 -1153 0
-1145 -1154 0
-1145 -1155 0
-1145 -1156 0
-1145 -1157 0
-1145 -1158 0
-1145 -1159 0
-1145 -1160 0
-1145 -1161 0
-1145 -1162 0
-1145 -1163 0
-1145 -1164 0
-1145 -1165 0
-1145 -1166 0
-1145 -1167 0
-1145 -1168 0
-1145 -1169 0
-1145 -1170 0
-1146 -1147 0
-1146 -1148 0
-1146 -1149 0
-1146 -1150 0
-1146 -1151 0
-1146 -1152 0
-1146 -1153 0
-1146 -1154 0
-1146 -1155 0
-1146 -1156 0
-1146 -1157 0
-1146 -1158 0
-1146 -1159 0
-1146 -1160 0
-1146 -1161 0
-1146 -1162 0
-1146 -1163 0
-1146 -1164 0
-1146 -1165 0
-1146 -1166 0
-1146 -1167 0
-1146 -1168 0
-1146 -1169 0
-1146 -1170 0
-1147 -1148 0
-1147 -1149 0
-1147 -1150 0
-1147 -1151 0
-1147 -1152 0
-1147 -1153 0
-1147 -1154 0
-1147 -1155 0
-1147 -1156 0
-1147 -1157 0
-1147 -1158 0
-1147 -1159 0
-1147 -1160 0
-1147 -1161 0
-1147 -1162 0
-1147 -1163 0
-1147 -1164 0
-1147 -1165 0
-1147 -1166 0
-1147 -1167 0
-1147 -1168 0
-1147 -1169 0
-1147 -1170 0
-1148 -1149 0
-1148 -1150 0
-1148 -1151 0
-1148 -1152 0
-1148 -1153 0
-1148 -1154 0
-1148 -1155 0
-1148 -1156 0
-1148 -1157 0
-1148 -1158 0
-1148 -1159 0
-1148 -1160 0
-1148 -1161 0
-1148 -1162 0
-1148 -1163 0
-1148 -1164 0
-1148 -1165 0
-1148 -1166 0
-1148 -1167 0
-1148 -1168 0
-1148 -1169 0
-1148 -1170 0
-1149 -1150 0
-1149 -1151 0
-1149 -1152 0
-1149 -1153 0
-1149 -1154 0
-1149 -1155 0
-1149 -1156 0
-1149 -1157 0
-1149 -1158 0
-1149 -1159 0
-1149 -1160 0
-1149 -1161 0
-1149 -1162 0
-1149 -1163 0
-1149 -1164 0
-1149 -1165 0
-1149 -1166 0
-1149 -1167 0
-1149 -1168 0
-1149 -1169 0
-1149 -1170 0
-1150 -1151 0
-1150 -1152 0
-1150 -1153 0
-1150 -1154 0
-1150 -1155 0
-1150 -1156 0
-1150 -1157 0
-1150 -1158 0
-1150 -1159 0
-1150 -1160 0
-1150 -1161 0
-1150 -1162 0
-1150 -1163 0
-1150 -1164 0
-1150 -1165 0
-1150 -1166 0
-1150 -1167 0
-1150 -1168 0
-1150 -1169 0
-1150 -1170 0
-1151 -1152 0
-1151 -1153 0
-1151 -1154 0
-1151 -1155 0
-1151 -1156 0
-1151 -1157 0
-1151 -1158 0
-1151 -1159 0
-1151 -1160 0
-1151 -1161 0
-1151 -1162 0
-1151 -1163 0
-1151 -1164 0
-1151 -1165 0
-1151 -1166 0
-1151 -1167 0
-1151 -1168 0
-1151 -1169 0
-1151 -1170 0
-1152 -1153 0
-1152 -1154 0
-1152 -1155 0
-1152 -1156 0
-1152 -1157 0
-1152 -1158 0
-1152 -1159 0
-1152 -1160 0
-1152 -1161 0
-1152 -1162 0
-1152 -1163 0
-1152 -1164 0
-1152 -1165 0
-1152 -1166 0
-1152 -1167 0
-1152 -1168 0
-1152 -1169 0
-1152 -1170 0
-1153 -1154 0
-1153 -1155 0
-1153 -1156 0
-1153 -1157 0
-1153 -1158 0
-1153 -1159 0
-1153 -1160 0
-1153 -1161 0
-1153 -1162 0
-1153 -1163 0
-1153 -1164 0
-1153 -1165 0
-1153 -1166 0
-1153 -1167 0
-1153 -1168 0
-1153 -1169 0
-1153 -1170 0
-1154 -1155 0
-1154 -1156 0
-1154 -1157 0
-1154 -1158 0
-1154 -1159 0
-1154 -1160 0
-1154 -1161 0
-1154 -1162 0
-1154 -1163 0
-1154 -1164 0
-1154 -1165 0
-1154 -1166 0
-1154 -1167 0
-1154 -1168 0
-1154 -1169 0
-1154 -1170 0
-1155 -1156 0
-1155 -1157 0
-1155 -1158 0
-1155 -1159 0
-1155 -1160 0
-1155 -1161 0
-1155 -1162 0
-1155 -1163 0
-1155 -1164 0
-1155 -1165 0
-1155 -1166 0
-1155 -1167 0
-1155 -1168 0
-1155 -1169 0
-1155 -1170 0
-1156 -1157 0
-1156 -1158 0
-1156 -1159 0
-1156 -1160 0
-1156 -1161 0
-1156 -1162 0
-1156 -1163 0
-1156 -1164 0
-1156 -1165 0
-1156 -1166 0
-1156 -1167 0
-1156 -1168 0
-1156 -1169 0
-1156 -1170 0
-1157 -1158 0
-1157 -1159 0
-1157 -1160 0
-1157 -1161 0
-1157 -1162 0
-1157 -1163 0
-1157 -1164 0
-1157 -1165 0
-1157 -1166 0
-1157 -1167 0
-1157 -1168 0
-1157 -1169 0
-1157 -1170 0
-1158 -1159 0
-1158 -1160 0
-1158 -1161 0
-1158 -1162 0
-1158 -1163 0
-1158 -1164 0
-1158 -1165 0
-1158 -1166 0
-1158 -1167 0
-1158 -1168 0
-1158 -1169 0
-1158 -1170 0
-1159 -1160 0
-1159 -1161 0
-1159 -1162 0
-1159 -1163 0
-1159 -1164 0
-1159 -1165 0
-1159 -1166 0
-1159 -1167 0
-1159 -1168 0
-1159 -1169 0
-1159 -1170 0
-1160 -1161 0
-1160 -1162 0
-1160 -1163 0
-1160 -1164 0
-1160 -1165 0
-1160 -1166 0
-1160 -1167 0
-1160 -1168 0
-1160 -1169 0
-1160 -1170 0
-1161 -1162 0
-1161 -1163 0
-1161 -1164 0
-1161 -1165 0
-1161 -1166 0
-1161 -1167 0
-1161 -1168 0
-1161 -1169 0
-1161 -1170 0
-1162 -1163 0
-1162 -1164 0
-1162 -1165 0
-1162 -1166 0
-1162 -1167 0
-1162 -1168 0
-1162 -1169 0
-1162 -1170 0
-1163 -1164 0
-1163 -1165 0
-1163 -1166 0
-1163 -1167 0
-1163 -1168 0
-1163 -1169 0
-1163 -1170 0
-1164 -1165 0
-1164 -1166 0
-1164 -1167 0
-1164 -1168 0
-1164 -1169 0
-1164 -1170 0
-1165 -1166 0
-1165 -1167 0
-1165 -1168 0
-1165 -1169 0
-1165 -1170 0
-1166 -1167 0
-1166 -1168 0
-1166 -1169 0
-1166 -1170 0
-1167 -1168 0
-1167 -1169 0
-1167 -1170 0
-1168 -1169 0
-1168 -1170 0
-1169 -1170 0
-1171 -1172 0
-1171 -1173 0
-1171 -1174 0
-1171 -1175 0
-1171 -1176 0
-1171 -1177 0
-1171 -1178 0
-1171 -1179 0
-1171 -1180 0
-1171 -1181 0
-1171 -1182 0
-1171 -1183 0
-1171 -1184 0
-1171 -1185 0
-1171 -1186 0
-1171 -1187 0
-1171 -1188 0
-1171 -1189 0
-1171 -1190 0
-1171 -1191 0
-1171 -1192 0
-1171 -1193 0
-1171 -1194 0
-1171 -1195 0
-1171 -1196 0
-1171 -1197 0
-1171 -1198 0
-1171 -1199 0
-1171 -1200 0
-1171 -1201 0
-1171 -1202 0
-1171 -1203 0
-1171 -1204 0
-1171 -1205 0
-1171 -1206 0
-1171 -1207 0
-1171 -1208 0
-1171 -1209 0
-1172 -1173 0
-1172 -1174 0
-1172 -1175 0
-1172 -1176 0
-1172 -1177 0
-1172 -1178 0
-1172 -1179 0
-1172 -1180 0
-1172 -1181 0
-1172 -1182 0
-1172 -1183 0
-1172 -1184 0
-1172 -1185 0
-1172 -1186 0
-1172 -1187 0
-1172 -1188 0
-1172 -1189 0
-1172 -1190 0
-1172 -1191 0
-1172 -1192 0
-1172 -1193 0
-1172 -1194 0
-1172 -1195 0
-1172 -1196 0
-1172 -1197 0
-1172 -1198 0
-1172 -1199 0
-1172 -1200 0
-1172 -1201 0
-1172 -1202 0
-1172 -1203 0
-1172 -1204 0
-1172 -1205 0
-1172 -1206 0
-1172 -1207 0
-1172 -1208 0
-1172 -1209 0
-1173 -1174 0
-1173 -1175 0
-1173 -1176 0
-1173 -1177 0
-1173 -1178 0
-1173 -1179 0
-1173 -1180 0
-1173 -1181 0
-1173 -1182 0
-1173 -1183 0
-1173 -1184 0
-1173 -1185 0
-1173 -1186 0
-1173 -1187 0
-1173 -1188 0
-1173 -1189 0
-1173 -1190 0
-1173 -1191 0
-1173 -1192 0
-1173 -1193 0
-1173 -1194 0
-1173 -1195 0
-1173 -1196 0
-1173 -1197 0
-1173 -1198 0
-1173 -1199 0
-1173 -1200 0
-1173 -1201 0
-1173 -1202 0
-1173 -1203 0
-1173 -1204 0
-1173 -1205 0
-1173 -1206 0
-1173 -1207 0
-1173 -1208 0
-1173 -1209 0
-1174 -1175 0
-1174 -1176 0
-1174 -1177 0
-1174 -1178 0
-1174 -1179 0
-1174 -1180 0
-1174 -1181 0
-1174 -1182 0
-1174 -1183 0
-1174 -1184 0
-1174 -1185 0
-1174 -1186 0
-1174 -1187 0
-1174 -1188 0
-1174 -1189 0
-1174 -1190 0
-1174 -1191 0
-1174 -1192 0
-1174 -1193 0
-1174 -1194 0
-1174 -1195 0
-1174 -1196 0
-1174 -1197 0
-1174 -1198 0
-1174 -1199 0
-1174 -1200 0
-1174 -1201 0
-1174 -1202 0
-1174 -1203 0
-1174 -1204 0
-1174 -1205 0
-1174 -1206 0
-1174 -1207 0
-1174 -1208 0
-1174 -1209 0
-1175 -1176 0
-1175 -1177 0
-1175 -1178 0
-1175 -1179 0
-1175 -1180 0
-1175 -1181 0
-1175 -1182 0
-1175 -1183 0
-1175 -1184 0
-1175 -1185 0
-1175 -1186 0
-1175 -1187 0
-1175 -1188 0
-1175 -1189 0
-1175 -1190 0
-1175 -1191 0
-1175 -1192 0
-1175 -1193 0
-1175 -1194 0
-1175 -1195 0
-1175 -1196 0
-1175 -1197 0
-1175 -1198 0
-1175 -1199 0
-1175 -1200 0
-1175 -1201 0
-1175 -1202 0
-1175 -1203 0
-1175 -1204 0
-1175 -1205 0
-1175 -1206 0
-1175 -1207 0
-1175 -1208 0
-1175 -1209 0
-1176 -1177 0
-1176 -1178 0
-1176 -1179 0
-1176 -1180 0
-1176 -1181 0
-1176 -1182 0
-1176 -1183 0
-1176 -1184 0
-1176 -1185 0
-1176 -1186 0
-1176 -1187 0
-1176 -1188 0
-1176 -1189 0
-1176 -1190 0
-1176 -1191 0
-1176 -1192 0
-1176 -1193 0
-1176 -1194 0
-1176 -1195 0
-1176 -1196 0
-1176 -1197 0
-1176 -1198 0
-1176 -1199 0
-1176 -1200 0
-1176 -1201 0
-1176 -1202 0
-1176 -1203 0
-1176 -1204 0
-1176 -1205 0
-1176 -1206 0
-1176 -1207 0
-1176 -1208 0
-1176 -1209 0
-1177 -1178 0
-1177 -1179 0
-1177 -1180 0
-1177 -1181 0
-1177 -1182 0
-1177 -1183 0
-1177 -1184 0
-1177 -1185 0
-1177 -1186 0
-1177 -1187 0
-1177 -1188 0
-1177 -1189 0
-1177 -1190 0
-1177 -1191 0
-1177 -1192 0
-1177 -1193 0
-1177 -1194 0
-1177 -1195 0
-1177 -1196 0
-1177 -1197 0
-1177 -1198 0
-1177 -1199 0
-1177 -1200 0
-1177 -1201 0
-1177 -1202 0
-1177 -1203 0
-1177 -1204 0
-1177 -1205 0
-1177 -1206 0
-1177 -1207 0
-1177 -1208 0
-1177 -1209 0
-1178 -1179 0
-1178 -1180 0
-1178 -1181 0
-1178 -1182 0
-1178 -1183 0
-1178 -1184 0
-1178 -1185 0
-1178 -1186 0
-1178 -1187 0
-1178 -1188 0
-1178 -1189 0
-1178 -1190 0
-1178 -1191 0
-1178 -1192 0
-1178 -1193 0
-1178 -1194 0
-1178 -1195 0
-1178 -1196 0
-1178 -1197 0
-1178 -1198 0
-1178 -1199 0
-1178 -1200 0
-1178 -1201 0
-1178 -1202 0
-1178 -1203 0
-1178 -1204 0
-1178 -1205 0
-1178 -1206 0
-1178 -1207 0
-1178 -1208 0
-1178 -1209 0
-1179 -1180 0
-1179 -1181 0
-1179 -1182 0
-1179 -1183 0
-1179 -1184 0
-1179 -1185 0
-1179 -1186 0
-1179 -1187 0
-1179 -1188 0
-1179 -1189 0
-1179 -1190 0
-1179 -1191 0
-1179 -1192 0
-1179 -1193 0
-1179 -1194 0
-1179 -1195 0
-1179 -1196 0
-1179 -1197 0
-1179 -1198 0
-1179 -1199 0
-1179 -1200 0
-1179 -1201 0
-1179 -1202 0
-1179 -1203 0
-1179 -1204 0
-1179 -1205 0
-1179 -1206 0
-1179 -1207 0
-1179 -1208 0
-1179 -1209 0
-1180 -1181 0
-1180 -1182 0
-1180 -1183 0
-1180 -1184 0
-1180 -1185 0
-1180 -1186 0
-1180 -1187 0
-1180 -1188 0
-1180 -1189 0
-1180 -1190 0
-1180 -1191 0
-1180 -1192 0
-1180 -1193 0
-1180 -1194 0
-1180 -1195 0
-1180 -1196 0
-1180 -1197 0
-1180 -1198 0
-1180 -1199 0
-1180 -1200 0
-1180 -1201 0
-1180 -1202 0
-1180 -1203 0
-1180 -1204 0
-1180 -1205 0
-1180 -1206 0
-1180 -1207 0
-1180 -1208 0
-1180 -1209 0
-1181 -1182 0
-1181 -1183 0
-1181 -1184 0
-1181 -1185 0
-1181 -1186 0
-1181 -1187 0
-1181 -1188 0
-1181 -1189 0
-1181 -1190 0
-1181 -1191 0
-1181 -1192 0
-1181 -1193 0
-1181 -1194 0
-1181 -1195 0
-1181 -1196 0
-1181 -1197 0
-1181 -1198 0
-1181 -1199 0
-1181 -1200 0
-1181 -1201 0
-1181 -1202 0
-1181 -1203 0
-1181 -1204 0
-1181 -1205 0
-1181 -1206 0
-1181 -1207 0
-1181 -1208 0
-1181 -1209 0
-1182 -1183 0
-1182 -1184 0
-1182 -1185 0
-1182 -1186 0
-1182 -1187 0
-1182 -1188 0
-1182 -1189 0
-1182 -1190 0
-1182 -1191 0
-1182 -1192 0
-1182 -1193 0
-1182 -1194 0
-1182 -1195 0
-1182 -1196 0
-1182 -1197 0
-1182 -1198 0
-1182 -1199 0
-1182 -1200 0
-1182 -1201 0
-1182 -1202 0
-1182 -1203 0
-1182 -1204 0
-1182 -1205 0
-1182 -1206 0
-1182 -1207 0
-1182 -1208 0
-1182 -1209 0
-1183 -1184 0
-1183 -1185 0
-1183 -1186 0
-1183 -1187 0
-1183 -1188 0
-1183 -1189 0
-1183 -1190 0
-1183 -1191 0
-1183 -1192 0
-1183 -1193 0
-1183 -1194 0
-1183 -1195 0
-1183 -1196 0
-1183 -1197 0
-1183 -1198 0
-1183 -1199 0
-1183 -1200 0
-1183 -1201 0
-1183 -1202 0
-1183 -1203 0
-1183 -1204 0
-1183 -1205 0
-1183 -1206 0
-1183 -1207 0
-1183 -1208 0
-1183 -1209 0
-1184 -1185 0
-1184 -1186 0
-1184 -1187 0
-1184 -1188 0
-1184 -1189 0
-1184 -1190 0
-1184 -1191 0
-1184 -1192 0
-1184 -1193 0
-1184 -1194 0
-1184 -1195 0
-1184 -1196 0
-1184 -1197 0
-1184 -1198 0
-1184 -1199 0
-1184 -1200 0
-1184 -1201 0
-1184 -1202 0
-1184 -1203 0
-1184 -1204 0
-1184 -1205 0
-1184 -1206 0
-1184 -1207 0
-1184 -1208 0
-1184 -1209 0
-1185 -1186 0
-1185 -1187 0
-1185 -1188 0
-1185 -1189 0
-1185 -1190 0
-1185 -1191 0
-1185 -1192 0
-1185 -1193 0
-1185 -1194 0
-1185 -1195 0
-1185 -1196 0
-1185 -1197 0
-1185 -1198 0
-1185 -1199 0
-1185 -1200 0
-1185 -1201 0
-1185 -1202 0
-1185 -1203 0
-1185 -1204 0
-1185 -1205 0
-1185 -1206 0
-1185 -1207 0
-1185 -1208 0
-1185 -1209 0
-1186 -1187 0
-1186 -1188 0
-1186 -1189 0
-1186 -1190 0
-1186 -1191 0
-1186 -1192 0
-1186 -1193 0
-1186 -1194 0
-1186 -1195 0
-1186 -1196 0
-1186 -1197 0
-1186 -1198 0
-1186 -1199 0
-1186 -1200 0
-1186 -1201 0
-1186 -1202 0
-1186 -1203 0
-1186 -1204 0
-1186 -1205 0
-1186 -1206 0
-1186 -1207 0
-1186 -1208 0
-1186 -1209 0
-1187 -1188 0
-1187 -1189 0
-1187 -1190 0
-1187 -1191 0
-1187 -1192 0
-1187 -1193 0
-1187 -1194 0
-1187 -1195 0
-1187 -1196 0
-1187 -1197 0
-1187 -1198 0
-1187 -1199 0
-1187 -1200 0
-1187 -1201 0
-1187 -1202 0
-1187 -1203 0
-1187 -1204 0
-1187 -1205 0
-1187 -1206 0
-1187 -1207 0
-1187 -1208 0
-1187 -1209 0
-1188 -1189 0
-1188 -1190 0
-1188 -1191 0
-1188 -1192 0
-1188 -1193 0
-1188 -1194 0
-1188 -1195 0
-1188 -1196 0
-1188 -1197 0
-1188 -1198 0
-1188 -1199 0
-1188 -1200 0
-1188 -1201 0
-1188 -1202 0
-1188 -1203 0
-1188 -1204 0
-1188 -1205 0
-1188 -1206 0
-1188 -1207 0
-1188 -1208 0
-1188 -1209 0
-1189 -1190 0
-1189 -1191 0
-1189 -1192 0
-1189 -1193 0
-1189 -1194 0
-1189 -1195 0
-1189 -1196 0
-1189 -1197 0
-1189 -1198 0
-1189 -1199 0
-1189 -1200 0
-1189 -1201 0
-1189 -1202 0
-1189 -1203 0
-1189 -1204 0
-1189 -1205 0
-1189 -1206 0
-1189 -1207 0
-1189 -1208 0
-1189 -1209 0
-1190 -1191 0
-1190 -1192 0
-1190 -1193 0
-1190 -1194 0
-1190 -1195 0
-1190 -1196 0
-1190 -1197 0
-1190 -1198 0
-1190 -1199 0
-1190 -1200 0
-1190 -1201 0
-1190 -1202 0
-1190 -1203 0
-1190 -1204 0
-1190 -1205 0
-1190 -1206 0
-1190 -1207 0
-1190 -1208 0
-1190 -1209 0
-1191 -1192 0
-1191 -1193 0
-1191 -1194 0
-1191 -1195 0
-1191 -1196 0
-1191 -1197 0
-1191 -1198 0
-1191 -1199 0
-1191 -1200 0
-1191 -1201 0
-1191 -1202 0
-1191 -1203 0
-1191 -1204 0
-1191 -1205 0
-1191 -1206 0
-1191 -1207 0
-1191 -1208 0
-1191 -1209 0
-1192 -1193 0
-1192 -1194 0
-1192 -1195 0
-1192 -1196 0
-1192 -1197 0
-1192 -1198 0
-1192 -1199 0
-1192 -1200 0
-1192 -1201 0
-1192 -1202 0
-1192 -1203 0
-1192 -1204 0
-1192 -1205 0
-1192 -1206 0
-1192 -1207 0
-1192 -1208 0
-1192 -1209 0
-1193 -1194 0
-1193 -1195 0
-1193 -1196 0
-1193 -1197 0
-1193 -1198 0
-1193 -1199 0
-1193 -1200 0
-1193 -1201 0
-1193 -1202 0
-1193 -1203 0
-1193 -1204 0
-1193 -1205 0
-1193 -1206 0
-1193 -1207 0
-1193 -1208 0
-1193 -1209 0
-1194 -1195 0
-1194 -1196 0
-1194 -1197 0
-1194 -1198 0
-1194 -1199 0
-1194 -1200 0
-1194 -1201 0
-1194 -1202 0
-1194 -1203 0
-1194 -1204 0
-1194 -1205 0
-1194 -1206 0
-1194 -1207 0
-1194 -1208 0
-1194 -1209 0
-1195 -1196 0
-1195 -1197 0
-1195 -1198 0
-1195 -1199 0
-1195 -1200 0
-1195 -1201 0
-1195 -1202 0
-1195 -1203 0
-1195 -1204 0
-1195 -1205 0
-1195 -1206 0
-1195 -1207 0
-1195 -1208 0
-1195 -1209 0
-1196 -1197 0
-1196 -1198 0
-1196 -1199 0
-1196 -1200 0
-1196 -1201 0
-1196 -1202 0
-1196 -1203 0
-1196 -1204 0
-1196 -1205 0
-1196 -1206 0
-1196 -1207 0
-1196 -1208 0
-1196 -1209 0
-1197 -1198 0
-1197 -1199 0
-1197 -1200 0
-1197 -1201 0
-1197 -1202 0
-1197 -1203 0
-1197 -1204 0
-1197 -1205 0
-1197 -1206 0
-1197 -1207 0
-1197 -1208 0
-1197 -1209 0
-1198 -1199 0
-1198 -1200 0
-1198 -1201 0
-1198 -1202 0
-1198 -1203 0
-1198 -1204 0
-1198 -1205 0
-1198 -1206 0
-1198 -1207 0
-1198 -1208 0
-1198 -1209 0
-1199 -1200 0
-1199 -1201 0
-1199 -1202 0
-1199 -1203 0
-1199 -1204 0
-1199 -1205 0
-1199 -1206 0
-1199 -1207 0
-1199 -1208 0
-1199 -1209 0
-1200 -1201 0
-1200 -1202 0
-1200 -1203 0
-1200 -1204 0
-1200 -1205 0
-1200 -1206 0
-1200 -1207 0
-1200 -1208 0
-1200 -1209 0
-1201 -1202 0
-1201 -1203 0
-1201 -1204 0
-1201 -1205 0
-1201 -1206 0
-1201 -1207 0
-1201 -1208 0
-1201 -1209 0
-1202 -1203 0
-1202 -1204 0
-1202 -1205 0
-1202 -1206 0
-1202 -1207 0
-1202 -1208 0
-1202 -1209 0
-1203 -1204 0
-1203 -1205 0
-1203 -1206 0
-1203 -1207 0
-1203 -1208 0
-1203 -1209 0
-1204 -1205 0
-1204 -1206 0
-1204 -1207 0
-1204 -1208 0
-1204 -1209 0
-1205 -1206 0
-1205 -1207 0
-1205 -1208 0
-1205 -1209 0
-1206 -1207 0
-1206 -1208 0
-1206 -1209 0
-1207 -1208 0
-1207 -1209 0
-1208 -1209 0
-1210 -1211 0
-1210 -1212 0
-1210 -1213 0
-1210 -1214 0
-1210 -1215 0
-1210 -1216 0
-1210 -1217 0
-1210 -1218 0
-1210 -1219 0
-1210 -1220 0
-1210 -1221 0
-1210 -1222 0
-1210 -1223 0
-1210 -1224 0
-1210 -1225 0
-1210 -1226 0
-1210 -1227 0
-1210 -1228 0
-1210 -1229 0
-1210 -1230 0
-1210 -1231 0
-1210 -1232 0
-1210 -1233 0
-1210 -1234 0
-1210 -1235 0
-1210 -1236 0
-1210 -1237 0
-1210 -1238 0
-1210 -1239 0
-1210 -1240 0
-1210 -1241 0
-1210 -1242 0
-1210 -1243 0
-1210 -1244 0
-1210 -1245 0
-1210 -1246 0
-1210 -1247 0
-1210 -1248 0
-1211 -1212 0
-1211 -1213 0
-1211 -1214 0
-1211 -1215 0
-1211 -1216 0
-1211 -1217 0
-1211 -1218 0
-1211 -1219 0
-1211 -1220 0
-1211 -1221 0
-1211 -1222 0
-1211 -1223 0
-1211 -1224 0
-1211 -1225 0
-1211 -1226 0
-1211 -1227 0
-1211 -1228 0
-1211 -1229 0
-1211 -1230 0
-1211 -1231 0
-1211 -1232 0
-1211 -1233 0
-1211 -1234 0
-1211 -1235 0
-1211 -1236 0
-1211 -1237 0
-1211 -1238 0
-1211 -1239 0
-1211 -1240 0
-1211 -1241 0
-1211 -1242 0
-1211 -1243 0
-1211 -1244 0
-1211 -1245 0
-1211 -1246 0
-1211 -1247 0
-1211 -1248 0
-1212 -1213 0
-1212 -1214 0
-1212 -1215 0
-1212 -1216 0
-1212 -1217 0
-1212 -1218 0
-1212 -1219 0
-1212 -1220 0
-1212 -1221 0
-1212 -1222 0
-1212 -1223 0
-1212 -1224 0
-1212 -1225 0
-1212 -1226 0
-1212 -1227 0
-1212 -1228 0
-1212 -1229 0
-1212 -1230 0
-1212 -1231 0
-1212 -1232 0
-1212 -1233 0
-1212 -1234 0
-1212 -1235 0
-1212 -1236 0
-1212 -1237 0
-1212 -1238 0
-1212 -1239 0
-1212 -1240 0
-1212 -1241 0
-1212 -1242 0
-1212 -1243 0
-1212 -1244 0
-1212 -1245 0
-1212 -1246 0
-1212 -1247 0
-1212 -1248 0
-1213 -1214 0
-1213 -1215 0
-1213 -1216 0
-1213 -1217 0
-1213 -1218 0
-1213 -1219 0
-1213 -1220 0
-1213 -1221 0
-1213 -1222 0
-1213 -1223 0
-1213 -1224 0
-1213 -1225 0
-1213 -1226 0
-1213 -1227 0
-1213 -1228 0
-1213 -1229 0
-1213 -1230 0
-1213 -1231 0
-1213 -1232 0
-1213 -1233 0
-1213 -1234 0
-1213 -1235 0
-1213 -1236 0
-1213 -1237 0
-1213 -1238 0
-1213 -1239 0
-1213 -1240 0
-1213 -1241 0
-1213 -1242 0
-1213 -1243 0
-1213 -1244 0
-1213 -1245 0
-1213 -1246 0
-1213 -1247 0
-1213 -1248 0
-1214 -1215 0
-1214 -1216 0
-1214 -1217 0
-1214 -1218 0
-1214 -1219 0
-1214 -1220 0
-1214 -1221 0
-1214 -1222 0
-1214 -1223 0
-1214 -1224 0
-1214 -1225 0
-1214 -1226 0
-1214 -1227 0
-1214 -1228 0
-1214 -1229 0
-1214 -1230 0
-1214 -1231 0
-1214 -1232 0
-1214 -1233 0
-1214 -1234 0
-1214 -1235 0
-1214 -1236 0
-1214 -1237 0
-1214 -1238 0
-1214 -1239 0
-1214 -1240 0
-1214 -1241 0
-1214 -1242 0
-1214 -1243 0
-1214 -1244 0
-1214 -1245 0
-1214 -1246 0
-1214 -1247 0
-1214 -1248 0
-1215 -1216 0
-1215 -1217 0
-1215 -1218 0
-1215 -1219 0
-1215 -1220 0
-1215 -1221 0
-1215 -1222 0
-1215 -1223 0
-1215 -1224 0
-1215 -1225 0
-1215 -1226 0
-1215 -1227 0
-1215 -1228 0
-1215 -1229 0
-1215 -1230 0
-1215 -1231 0
-1215 -1232 0
-1215 -1233 0
-1215 -1234 0
-1215 -1235 0
-1215 -1236 0
-1215 -1237 0
-1215 -1238 0
-1215 -1239 0
-1215 -1240 0
-1215 -1241 0
-1215 -1242 0
-1215 -1243 0
-1215 -1244 0
-1215 -1245 0
-1215 -1246 0
-1215 -1247 0
-1215 -1248 0
-1216 -1217 0
-1216 -1218 0
-1216 -1219 0
-1216 -1220 0
-1216 -1221 0
-1216 -1222 0
-1216 -1223 0
-1216 -1224 0
-1216 -1225 0
-1216 -1226 0
-1216 -1227 0
-1216 -1228 0
-1216 -1229 0
-1216 -1230 0
-1216 -1231 0
-1216 -1232 0
-1216 -1233 0
-1216 -1234 0
-1216 -1235 0
-1216 -1236 0
-1216 -1237 0
-1216 -1238 0
-1216 -1239 0
-1216 -1240 0
-1216 -1241 0
-1216 -1242 0
-1216 -1243 0
-1216 -1244 0
-1216 -1245 0
-1216 -1246 0
-1216 -1247 0
-1216 -1248 0
-1217 -1218 0
-1217 -1219 0
-1217 -1220 0
-1217 -1221 0
-1217 -1222 0
-1217 -1223 0
-1217 -1224 0
-1217 -1225 0
-1217 -1226 0
-1217 -1227 0
-1217 -1228 0
-1217 -1229 0
-1217 -1230 0
-1217 -1231 0
-1217 -1232 0
-1217 -1233 0
-1217 -1234 0
-1217 -1235 0
-1217 -1236 0
-1217 -1237 0
-1217 -1238 0
-1217 -1239 0
-1217 -1240 0
-1217 -1241 0
-1217 -1242 0
-1217 -1243 0
-1217 -1244 0
-1217 -1245 0
-1217 -1246 0
-1217 -1247 0
-1217 -1248 0
-1218 -1219 0
-1218 -1220 0
-1218 -1221 0
-1218 -1222 0
-1218 -1223 0
-1218 -1224 0
-1218 -1225 0
-1218 -1226 0
-1218 -1227 0
-1218 -1228 0
-1218 -1229 0
-1218 -1230 0
-1218 -1231 0
-1218 -1232 0
-1218 -1233 0
-1218 -1234 0
-1218 -1235 0
-1218 -1236 0
-1218 -1237 0
-1218 -1238 0
-1218 -1239 0
-1218 -1240 0
-1218 -1241 0
-1218 -1242 0
-1218 -1243 0
-1218 -1244 0
-1218 -1245 0
-1218 -1246 0
-1218 -1247 0
-1218 -1248 0
-1219 -1220 0
-1219 -1221 0
-1219 -1222 0
-1219 -1223 0
-1219 -1224 0
-1219 -1225 0
-1219 -1226 0
-1219 -1227 0
-1219 -1228 0
-1219 -1229 0
-1219 -1230 0
-1219 -1231 0
-1219 -1232 0
-1219 -1233 0
-1219 -1234 0
-1219 -1235 0
-1219 -1236 0
-1219 -1237 0
-1219 -1238 0
-1219 -1239 0
-1219 -1240 0
-1219 -1241 0
-1219 -1242 0
-1219 -1243 0
-1219 -1244 0
-1219 -1245 0
-1219 -1246 0
-1219 -1247 0
-1219 -1248 0
-1220 -1221 0
-1220 -1222 0
-1220 -1223 0
-1220 -1224 0
-1220 -1225 0
-1220 -1226 0
-1220 -1227 0
-1220 -1228 0
-1220 -1229 0
-1220 -1230 0
-1220 -1231 0
-1220 -1232 0
-1220 -1233 0
-1220 -1234 0
-1220 -1235 0
-1220 -1236 0
-1220 -1237 0
-1220 -1238 0
-1220 -1239 0
-1220 -1240 0
-1220 -1241 0
-1220 -1242 0
-1220 -1243 0
-1220 -1244 0
-1220 -1245 0
-1220 -1246 0
-1220 -1247 0
-1220 -1248 0
-1221 -1222 0
-1221 -1223 0
-1221 -1224 0
-1221 -1225 0
-1221 -1226 0
-1221 -1227 0
-1221 -1228 0
-1221 -1229 0
-1221 -1230 0
-1221 -1231 0
-1221 -1232 0
-1221 -1233 0
-1221 -1234 0
-1221 -1235 0
-1221 -1236 0
-1221 -1237 0
-1221 -1238 0
-1221 -1239 0
-1221 -1240 0
-1221 -1241 0
-1221 -1242 0
-1221 -1243 0
-1221 -1244 0
-1221 -1245 0
-1221 -1246 0
-1221 -1247 0
-1221 -1248 0
-1222 -1223 0
-1222 -1224 0
-1222 -1225 0
-1222 -1226 0
-1222 -1227 0
-1222 -1228 0
-1222 -1229 0
-1222 -1230 0
-1222 -1231 0
-1222 -1232 0
-1222 -1233 0
-1222 -1234 0
-1222 -1235 0
-1222 -1236 0
-1222 -1237 0
-1222 -1238 0
-1222 -1239 0
-1222 -1240 0
-1222 -1241 0
-1222 -1242 0
-1222 -1243 0
-1222 -1244 0
-1222 -1245 0
-1222 -1246 0
-1222 -1247 0
-1222 -1248 0
-1223 -1224 0
-1223 -1225 0
-1223 -1226 0
-1223 -1227 0
-1223 -1228 0
-1223 -1229 0
-1223 -1230 0
-1223 -1231 0
-1223 -1232 0
-1223 -1233 0
-1223 -1234 0
-1223 -1235 0
-1223 -1236 0
-1223 -1237 0
-1223 -1238 0
-1223 -1239 0
-1223 -1240 0
-1223 -1241 0
-1223 -1242 0
-1223 -1243 0
-1223 -1244 0
-1223 -1245 0
-1223 -1246 0
-1223 -1247 0
-1223 -1248 0
-1224 -1225 0
-1224 -1226 0
-1224 -1227 0
-1224 -1228 0
-1224 -1229 0
-1224 -1230 0
-1224 -1231 0
-1224 -1232 0
-1224 -1233 0
-1224 -1234 0
-1224 -1235 0
-1224 -1236 0
-1224 -1237 0
-1224 -1238 0
-1224 -1239 0
-1224 -1240 0
-1224 -1241 0
-1224 -1242 0
-1224 -1243 0
-1224 -1244 0
-1224 -1245 0
-1224 -1246 0
-1224 -1247 0
-1224 -1248 0
-1225 -1226 0
-1225 -1227 0
-1225 -1228 0
-1225 -1229 0
-1225 -1230 0
-1225 -1231 0
-1225 -1232 0
-1225 -1233 0
-1225 -1234 0
-1225 -1235 0
-1225 -1236 0
-1225 -1237 0
-1225 -1238 0
-1225 -1239 0
-1225 -1240 0
-1225 -1241 0
-1225 -1242 0
-1225 -1243 0
-1225 -1244 0
-1225 -1245 0
-1225 -1246 0
-1225 -1247 0
-1225 -1248 0
-1226 -1227 0
-1226 -1228 0
-1226 -1229 0
-1226 -1230 0
-1226 -1231 0
-1226 -1232 0
-1226 -1233 0
-1226 -1234 0
-1226 -1235 0
-1226 -1236 0
-1226 -1237 0
-1226 -1238 0
-1226 -1239 0
-1226 -1240 0
-1226 -1241 0
-1226 -1242 0
-1226 -1243 0
-1226 -1244 0
-1226 -1245 0
-1226 -1246 0
-1226 -1247 0
-1226 -1248 0
-1227 -1228 0
-1227 -1229 0
-1227 -1230 0
-1227 -1231 0
-1227 -1232 0
-1227 -1233 0
-1227 -1234 0
-1227 -1235 0
-1227 -1236 0
-1227 -1237 0
-1227 -1238 0
-1227 -1239 0
-1227 -1240 0
-1227 -1241 0
-1227 -1242 0
-1227 -1243 0
-1227 -1244 0
-1227 -1245 0
-1227 -1246 0
-1227 -1247 0
-1227 -1248 0
-1228 -1229 0
-1228 -1230 0
-1228 -1231 0
-1228 -1232 0
-1228 -1233 0
-1228 -1234 0
-1228 -1235 0
-1228 -1236 0
-1228 -1237 0
-1228 -1238 0
-1228 -1239 0
-1228 -1240 0
-1228 -1241 0
-1228 -1242 0
-1228 -1243 0
-1228 -1244 0
-1228 -1245 0
-1228 -1246 0
-1228 -1247 0
-1228 -1248 0
-1229 -1230 0
-1229 -1231 0
-1229 -1232 0
-1229 -1233 0
-1229 -1234 0
-1229 -1235 0
-1229 -1236 0
-1229 -1237 0
-1229 -1238 0
-1229 -1239 0
-1229 -1240 0
-1229 -1241 0
-1229 -1242 0
-1229 -1243 0
-1229 -1244 0
-1229 -1245 0
-1229 -1246 0
-1229 -1247 0
-1229 -1248 0
-1230 -1231 0
-1230 -1232 0
-1230 -1233 0
-1230 -1234 0
-1230 -1235 0
-1230 -1236 0
-1230 -1237 0
-1230 -1238 0
-1230 -1239 0
-1230 -1240 0
-1230 -1241 0
-1230 -1242 0
-1230 -1243 0
-1230 -1244 0
-1230 -1245 0
-1230 -1246 0
-1230 -1247 0
-1230 -1248 0
-1231 -1232 0
-1231 -1233 0
-1231 -1234 0
-1231 -1235 0
-1231 -1236 0
-1231 -1237 0
-1231 -1238 0
-1231 -1239 0
-1231 -1240 0
-1231 -1241 0
-1231 -1242 0
-1231 -1243 0
-1231 -1244 0
-1231 -1245 0
-1231 -1246 0
-1231 -1247 0
-1231 -1248 0
-1232 -1233 0
-1232 -1234 0
-1232 -1235 0
-1232 -1236 0
-1232 -1237 0
-1232 -1238 0
-1232 -1239 0
-1232 -1240 0
-1232 -1241 0
-1232 -1242 0
-1232 -1243 0
-1232 -1244 0
-1232 -1245 0
-1232 -1246 0
-1232 -1247 0
-1232 -1248 0
-1233 -1234 0
-1233 -1235 0
-1233 -1236 0
-1233 -1237 0
-1233 -1238 0
-1233 -1239 0
-1233 -1240 0
-1233 -1241 0
-1233 -1242 0
-1233 -1243 0
-1233 -1244 0
-1233 -1245 0
-1233 -1246 0
-1233 -1247 0
-1233 -1248 0
-1234 -1235 0
-1234 -1236 0
-1234 -1237 0
-1234 -1238 0
-1234 -1239 0
-1234 -1240 0
-1234 -1241 0
-1234 -1242 0
-1234 -1243 0
-1234 -1244 0
-1234 -1245 0
-1234 -1246 0
-1234 -1247 0
-1234 -1248 0
-1235 -1236 0
-1235 -1237 0
-1235 -1238 0
-1235 -1239 0
-1235 -1240 0
-1235 -1241 0
-1235 -1242 0
-1235 -1243 0
-1235 -1244 0
-1235 -1245 0
-1235 -1246 0
-1235 -1247 0
-1235 -1248 0
-1236 -1237 0
-1236 -1238 0
-1236 -1239 0
-1236 -1240 0
-1236 -1241 0
-1236 -1242 0
-1236 -1243 0
-1236 -1244 0
-1236 -1245 0
-1236 -1246 0
-1236 -1247 0
-1236 -1248 0
-1237 -1238 0
-1237 -1239 0
-1237 -1240 0
-1237 -1241 0
-1237 -1242 0
-1237 -1243 0
-1237 -1244 0
-1237 -1245 0
-1237 -1246 0
-1237 -1247 0
-1237 -1248 0
-1238 -1239 0
-1238 -1240 0
-1238 -1241 0
-1238 -1242 0
-1238 -1243 0
-1238 -1244 0
-1238 -1245 0
-1238 -1246 0
-1238 -1247 0
-1238 -1248 0
-1239 -1240 0
-1239 -1241 0
-1239 -1242 0
-1239 -1243 0
-1239 -1244 0
-1239 -1245 0
-1239 -1246 0
-1239 -1247 0
-1239 -1248 0
-1240 -1241 0
-1240 -1242 0
-1240 -1243 0
-1240 -1244 0
-1240 -1245 0
-1240 -1246 0
-1240 -1247 0
-1240 -1248 0
-1241 -1242 0
-1241 -1243 0
-1241 -1244 0
-1241 -1245 0
-1241 -1246 0
-1241 -1247 0
-1241 -1248 0
-1242 -1243 0
-1242 -1244 0
-1242 -1245 0
-1242 -1246 0
-1242 -1247 0
-1242 -1248 0
-1243 -1244 0
-1243 -1245 0
-1243 -1246 0
-1243 -1247 0
-1243 -1248 0
-1244 -1245 0
-1244 -1246 0
-1244 -1247 0
-1244 -1248 0
-1245 -1246 0
-1245 -1247 0
-1245 -1248 0
-1246 -1247 0
-1246 -1248 0
-1247 -1248 0
-1249 -1250 0
-1249 -1251 0
-1249 -1252 0
-1249 -1253 0
-1249 -1254 0
-1249 -1255 0
-1249 -1256 0
-1249 -1257 0
-1249 -1258 0
-1249 -1259 0
-1249 -1260 0
-1249 -1261 0
-1249 -1262 0
-1249 -1263 0
-1249 -1264 0
-1249 -1265 0
-1249 -1266 0
-1249 -1267 0
-1249 -1268 0
-1249 -1269 0
-1249 -1270 0
-1249 -1271 0
-1249 -1272 0
-1249 -1273 0
-1249 -1274 0
-1249 -1275 0
-1249 -1276 0
-1249 -1277 0
-1249 -1278 0
-1249 -1279 0
-1249 -1280 0
-1249 -1281 0
-1249 -1282 0
-1249 -1283 0
-1249 -1284 0
-1249 -1285 0
-1249 -1286 0
-1249 -1287 0
-1250 -1251 0
-1250 -1252 0
-1250 -1253 0
-1250 -1254 0
-1250 -1255 0
-1250 -1256 0
-1250 -1257 0
-1250 -1258 0
-1250 -1259 0
-1250 -1260 0
-1250 -1261 0
-1250 -1262 0
-1250 -1263 0
-1250 -1264 0
-1250 -1265 0
-1250 -1266 0
-1250 -1267 0
-1250 -1268 0
-1250 -1269 0
-1250 -1270 0
-1250 -1271 0
-1250 -1272 0
-1250 -1273 0
-1250 -1274 0
-1250 -1275 0
-1250 -1276 0
-1250 -1277 0
-1250 -1278 0
-1250 -1279 0
-1250 -1280 0
-1250 -1281 0
-1250 -1282 0
-1250 -1283 0
-1250 -1284 0
-1250 -1285 0
-1250 -1286 0
-1250 -1287 0
-1251 -1252 0
-1251 -1253 0
-1251 -1254 0
-1251 -1255 0
-1251 -1256 0
-1251 -1257 0
-1251 -1258 0
-1251 -1259 0
-1251 -1260 0
-1251 -1261 0
-1251 -1262 0
-1251 -1263 0
-1251 -1264 0
-1251 -1265 0
-1251 -1266 0
-1251 -1267 0
-1251 -1268 0
-1251 -1269 0
-1251 -1270 0
-1251 -1271 0
-1251 -1272 0
-1251 -1273 0
-1251 -1274 0
-1251 -1275 0
-1251 -1276 0
-1251 -1277 0
-1251 -1278 0
-1251 -1279 0
-1251 -1280 0
-1251 -1281 0
-1251 -1282 0
-1251 -1283 0
-1251 -1284 0
-1251 -1285 0
-1251 -1286 0
-1251 -1287 0
-1252 -1253 0
-1252 -1254 0
-1252 -1255 0
-1252 -1256 0
-1252 -1257 0
-1252 -1258 0
-1252 -1259 0
-1252 -1260 0
-1252 -1261 0
-1252 -1262 0
-1252 -1263 0
-1252 -1264 0
-1252 -1265 0
-1252 -1266 0
-1252 -1267 0
-1252 -1268 0
-1252 -1269 0
-1252 -1270 0
-1252 -1271 0
-1252 -1272 0
-1252 -1273 0
-1252 -1274 0
-1252 -1275 0
-1252 -1276 0
-1252 -1277 0
-1252 -1278 0
-1252 -1279 0
-1252 -1280 0
-1252 -1281 0
-1252 -1282 0
-1252 -1283 0
-1252 -1284 0
-1252 -1285 0
-1252 -1286 0
-1252 -1287 0
-1253 -1254 0
-1253 -1255 0
-1253 -1256 0
-1253 -1257 0
-1253 -1258 0
-1253 -1259 0
-1253 -1260 0
-1253 -1261 0
-1253 -1262 0
-1253 -1263 0
-1253 -1264 0
-1253 -1265 0
-1253 -1266 0
-1253 -1267 0
-1253 -1268 0
-1253 -1269 0
-1253 -1270 0
-1253 -1271 0
-1253 -1272 0
-1253 -1273 0
-1253 -1274 0
-1253 -1275 0
-1253 -1276 0
-1253 -1277 0
-1253 -1278 0
-1253 -1279 0
-1253 -1280 0
-1253 -1281 0
-1253 -1282 0
-1253 -1283 0
-1253 -1284 0
-1253 -1285 0
-1253 -1286 0
-1253 -1287 0
-1254 -1255 0
-1254 -1256 0
-1254 -1257 0
-1254 -1258 0
-1254 -1259 0
-1254 -1260 0
-1254 -1261 0
-1254 -1262 0
-1254 -1263 0
-1254 -1264 0
-1254 -1265 0
-1254 -1266 0
-1254 -1267 0
-1254 -1268 0
-1254 -1269 0
-1254 -1270 0
-1254 -1271 0
-1254 -1272 0
-1254 -1273 0
-1254 -1274 0
-1254 -1275 0
-1254 -1276 0
-1254 -1277 0
-1254 -1278 0
-1254 -1279 0
-1254 -1280 0
-1254 -1281 0
-1254 -1282 0
-1254 -1283 0
-1254 -1284 0
-1254 -1285 0
-1254 -1286 0
-1254 -1287 0
-1255 -1256 0
-1255 -1257 0
-1255 -1258 0
-1255 -1259 0
-1255 -1260 0
-1255 -1261 0
-1255 -1262 0
-1255 -1263 0
-1255 -1264 0
-1255 -1265 0
-1255 -1266 0
-1255 -1267 0
-1255 -1268 0
-1255 -1269 0
-1255 -1270 0
-1255 -1271 0
-1255 -1272 0
-1255 -1273 0
-1255 -1274 0
-1255 -1275 0
-1255 -1276 0
-1255 -1277 0
-1255 -1278 0
-1255 -1279 0
-1255 -1280 0
-1255 -1281 0
-1255 -1282 0
-1255 -1283 0
-1255 -1284 0
-1255 -1285 0
-1255 -1286 0
-1255 -1287 0
-1256 -1257 0
-1256 -1258 0
-1256 -1259 0
-1256 -1260 0
-1256 -1261 0
-1256 -1262 0
-1256 -1263 0
-1256 -1264 0
-1256 -1265 0
-1256 -1266 0
-1256 -1267 0
-1256 -1268 0
-1256 -1269 0
-1256 -1270 0
-1256 -1271 0
-1256 -1272 0
-1256 -1273 0
-1256 -1274 0
-1256 -1275 0
-1256 -1276 0
-1256 -1277 0
-1256 -1278 0
-1256 -1279 0
-1256 -1280 0
-1256 -1281 0
-1256 -1282 0
-1256 -1283 0
-1256 -1284 0
-1256 -1285 0
-1256 -1286 0
-1256 -1287 0
-1257 -1258 0
-1257 -1259 0
-1257 -1260 0
-1257 -1261 0
-1257 -1262 0
-1257 -1263 0
-1257 -1264 0
-1257 -1265 0
-1257 -1266 0
-1257 -1267 0
-1257 -1268 0
-1257 -1269 0
-1257 -1270 0
-1257 -1271 0
-1257 -1272 0
-1257 -1273 0
-1257 -1274 0
-1257 -1275 0
-1257 -1276 0
-1257 -1277 0
-1257 -1278 0
-1257 -1279 0
-1257 -1280 0
-1257 -1281 0
-1257 -1282 0
-1257 -1283 0
-1257 -1284 0
-1257 -1285 0
-1257 -1286 0
-1257 -1287 0
-1258 -1259 0
-1258 -1260 0
-1258 -1261 0
-1258 -1262 0
-1258 -1263 0
-1258 -1264 0
-1258 -1265 0
-1258 -1266 0
-1258 -1267 0
-1258 -1268 0
-1258 -1269 0
-1258 -1270 0
-1258 -1271 0
-1258 -1272 0
-1258 -1273 0
-1258 -1274 0
-1258 -1275 0
-1258 -1276 0
-1258 -1277 0
-1258 -1278 0
-1258 -1279 0
-1258 -1280 0
-1258 -1281 0
-1258 -1282 0
-1258 -1283 0
-1258 -1284 0
-1258 -1285 0
-1258 -1286 0
-1258 -1287 0
-1259 -1260 0
-1259 -1261 0
-1259 -1262 0
-1259 -1263 0
-1259 -1264 0
-1259 -1265 0
-1259 -1266 0
-1259 -1267 0
-1259 -1268 0
-1259 -1269 0
-1259 -1270 0
-1259 -1271 0
-1259 -1272 0
-1259 -1273 0
-1259 -1274 0
-1259 -1275 0
-1259 -1276 0
-1259 -1277 0
-1259 -1278 0
-1259 -1279 0
-1259 -1280 0
-1259 -1281 0
-1259 -1282 0
-1259 -1283 0
-1259 -1284 0
-1259 -1285 0
-1259 -1286 0
-1259 -1287 0
-1260 -1261 0
-1260 -1262 0
-1260 -1263 0
-1260 -1264 0
-1260 -1265 0
-1260 -1266 0
-1260 -1267 0
-1260 -1268 0
-1260 -1269 0
-1260 -1270 0
-1260 -1271 0
-1260 -1272 0
-1260 -1273 0
-1260 -1274 0
-1260 -1275 0
-1260 -1276 0
-1260 -1277 0
-1260 -1278 0
-1260 -1279 0
-1260 -1280 0
-1260 -1281 0
-1260 -1282 0
-1260 -1283 0
-1260 -1284 0
-1260 -1285 0
-1260 -1286 0
-1260 -1287 0
-1261 -1262 0
-1261 -1263 0
-1261 -1264 0
-1261 -1265 0
-1261 -1266 0
-1261 -1267 0
-1261 -1268 0
-1261 -1269 0
-1261 -1270 0
-1261 -1271 0
-1261 -1272 0
-1261 -1273 0
-1261 -1274 0
-1261 -1275 0
-1261 -1276 0
-1261 -1277 0
-1261 -1278 0
-1261 -1279 0
-1261 -1280 0
-1261 -1281 0
-1261 -1282 0
-1261 -1283 0
-1261 -1284 0
-1261 -1285 0
-1261 -1286 0
-1261 -1287 0
-1262 -1263 0
-1262 -1264 0
-1262 -1265 0
-1262 -1266 0
-1262 -1267 0
-1262 -1268 0
-1262 -1269 0
-1262 -1270 0
-1262 -1271 0
-1262 -1272 0
-1262 -1273 0
-1262 -1274 0
-1262 -1275 0
-1262 -1276 0
-1262 -1277 0
-1262 -1278 0
-1262 -1279 0
-1262 -1280 0
-1262 -1281 0
-1262 -1282 0
-1262 -1283 0
-1262 -1284 0
-1262 -1285 0
-1262 -1286 0
-1262 -1287 0
-1263 -1264 0
-1263 -1265 0
-1263 -1266 0
-1263 -1267 0
-1263 -1268 0
-1263 -1269 0
-1263 -1270 0
-1263 -1271 0
-1263 -1272 0
-1263 -1273 0
-1263 -1274 0
-1263 -1275 0
-1263 -1276 0
-1263 -1277 0
-1263 -1278 0
-1263 -1279 0
-1263 -1280 0
-1263 -1281 0
-1263 -1282 0
-1263 -1283 0
-1263 -1284 0
-1263 -1285 0
-1263 -1286 0
-1263 -1287 0
-1264 -1265 0
-1264 -1266 0
-1264 -1267 0
-1264 -1268 0
-1264 -1269 0
-1264 -1270 0
-1264 -1271 0
-1264 -1272 0
-1264 -1273 0
-1264 -1274 0
-1264 -1275 0
-1264 -1276 0
-1264 -1277 0
-1264 -1278 0
-1264 -1279 0
-1264 -1280 0
-1264 -1281 0
-1264 -1282 0
-1264 -1283 0
-1264 -1284 0
-1264 -1285 0
-1264 -1286 0
-1264 -1287 0
-1265 -1266 0
-1265 -1267 0
-1265 -1268 0
-1265 -1269 0
-1265 -1270 0
-1265 -1271 0
-1265 -1272 0
-1265 -1273 0
-1265 -1274 0
-1265 -1275 0
-1265 -1276 0
-1265 -1277 0
-1265 -1278 0
-1265 -1279 0
-1265 -1280 0
-1265 -1281 0
-1265 -1282 0
-1265 -1283 0
-1265 -1284 0
-1265 -1285 0
-1265 -1286 0
-1265 -1287 0
-1266 -1267 0
-1266 -1268 0
-1266 -1269 0
-1266 -1270 0
-1266 -1271 0
-1266 -1272 0
-1266 -1273 0
-1266 -1274 0
-1266 -1275 0
-1266 -1276 0
-1266 -1277 0
-1266 -1278 0
-1266 -1279 0
-1266 -1280 0
-1266 -1281 0
-1266 -1282 0
-1266 -1283 0
-1266 -1284 0
-1266 -1285 0
-1266 -1286 0
-1266 -1287 0
-1267 -1268 0
-1267 -1269 0
-1267 -1270 0
-1267 -1271 0
-1267 -1272 0
-1267 -1273 0
-1267 -1274 0
-1267 -1275 0
-1267 -1276 0
-1267 -1277 0
-1267 -1278 0
-1267 -1279 0
-1267 -1280 0
-1267 -1281 0
-1267 -1282 0
-1267 -1283 0
-1267 -1284 0
-1267 -1285 0
-1267 -1286 0
-1267 -1287 0
-1268 -1269 0
-1268 -1270 0
-1268 -1271 0
-1268 -1272 0
-1268 -1273 0
-1268 -1274 0
-1268 -1275 0
-1268 -1276 0
-1268 -1277 0
-1268 -1278 0
-1268 -1279 0
-1268 -1280 0
-1268 -1281 0
-1268 -1282 0
-1268 -1283 0
-1268 -1284 0
-1268 -1285 0
-1268 -1286 0
-1268 -1287 0
-1269 -1270 0
-1269 -1271 0
-1269 -1272 0
-1269 -1273 0
-1269 -1274 0
-1269 -1275 0
-1269 -1276 0
-1269 -1277 0
-1269 -1278 0
-1269 -1279 0
-1269 -1280 0
-1269 -1281 0
-1269 -1282 0
-1269 -1283 0
-1269 -1284 0
-1269 -1285 0
-1269 -1286 0
-1269 -1287 0
-1270 -1271 0
-1270 -1272 0
-1270 -1273 0
-1270 -1274 0
-1270 -1275 0
-1270 -1276 0
-1270 -1277 0
-1270 -1278 0
-1270 -1279 0
-1270 -1280 0
-1270 -1281 0
-1270 -1282 0
-1270 -1283 0
-1270 -1284 0
-1270 -1285 0
-1270 -1286 0
-1270 -1287 0
-1271 -1272 0
-1271 -1273 0
-1271 -1274 0
-1271 -1275 0
-1271 -1276 0
-1271 -1277 0
-1271 -1278 0
-1271 -1279 0
-1271 -1280 0
-1271 -1281 0
-1271 -1282 0
-1271 -1283 0
-1271 -1284 0
-1271 -1285 0
-1271 -1286 0
-1271 -1287 0
-1272 -1273 0
-1272 -1274 0
-1272 -1275 0
-1272 -1276 0
-1272 -1277 0
-1272 -1278 0
-1272 -1279 0
-1272 -1280 0
-1272 -1281 0
-1272 -1282 0
-1272 -1283 0
-1272 -1284 0
-1272 -1285 0
-1272 -1286 0
-1272 -1287 0
-1273 -1274 0
-1273 -1275 0
-1273 -1276 0
-1273 -1277 0
-1273 -1278 0
-1273 -1279 0
-1273 -1280 0
-1273 -1281 0
-1273 -1282 0
-1273 -1283 0
-1273 -1284 0
-1273 -1285 0
-1273 -1286 0
-1273 -1287 0
-1274 -1275 0
-1274 -1276 0
-1274 -1277 0
-1274 -1278 0
-1274 -1279 0
-1274 -1280 0
-1274 -1281 0
-1274 -1282 0
-1274 -1283 0
-1274 -1284 0
-1274 -1285 0
-1274 -1286 0
-1274 -1287 0
-1275 -1276 0
-1275 -1277 0
-1275 -1278 0
-1275 -1279 0
-1275 -1280 0
-1275 -1281 0
-1275 -1282 0
-1275 -1283 0
-1275 -1284 0
-1275 -1285 0
-1275 -1286 0
-1275 -1287 0
-1276 -1277 0
-1276 -1278 0
-1276 -1279 0
-1276 -1280 0
-1276 -1281 0
-1276 -1282 0
-1276 -1283 0
-1276 -1284 0
-1276 -1285 0
-1276 -1286 0
-1276 -1287 0
-1277 -1278 0
-1277 -1279 0
-1277 -1280 0
-1277 -1281 0
-1277 -1282 0
-1277 -1283 0
-1277 -1284 0
-1277 -1285 0
-1277 -1286 0
-1277 -1287 0
-1278 -1279 0
-1278 -1280 0
-1278 -1281 0
-1278 -1282 0
-1278 -1283 0
-1278 -1284 0
-1278 -1285 0
-1278 -1286 0
-1278 -1287 0
-1279 -1280 0
-1279 -1281 0
-1279 -1282 0
-1279 -1283 0
-1279 -1284 0
-1279 -1285 0
-1279 -1286 0
-1279 -1287 0
-1280 -1281 0
-1280 -1282 0
-1280 -1283 0
-1280 -1284 0
-1280 -1285 0
-1280 -1286 0
-1280 -1287 0
-1281 -1282 0
-1281 -1283 0
-1281 -1284 0
-1281 -1285 0
-1281 -1286 0
-1281 -1287 0
-1282 -1283 0
-1282 -1284 0
-1282 -1285 0
-1282 -1286 0
-1282 -1287 0
-1283 -1284 0
-1283 -1285 0
-1283 -1286 0
-1283 -1287 0
-1284 -1285 0
-1284 -1286 0
-1284 -1287 0
-1285 -1286 0
-1285 -1287 0
-1286 -1287 0
-1288 -1289 0
-1288 -1290 0
-1288 -1291 0
-1288 -1292 0
-1288 -1293 0
-1288 -1294 0
-1288 -1295 0
-1288 -1296 0
-1288 -1297 0
-1288 -1298 0
-1288 -1299 0
-1288 -1300 0
-1288 -1301 0
-1288 -1302 0
-1288 -1303 0
-1288 -1304 0
-1288 -1305 0
-1288 -1306 0
-1288 -1307 0
-1288 -1308 0
-1288 -1309 0
-1288 -1310 0
-1288 -1311 0
-1288 -1312 0
-1288 -1313 0
-1288 -1314 0
-1288 -1315 0
-1288 -1316 0
-1288 -1317 0
-1288 -1318 0
-1288 -1319 0
-1288 -1320 0
-1288 -1321 0
-1288 -1322 0
-1288 -1323 0
-1288 -1324 0
-1288 -1325 0
-1288 -1326 0
-1289 -1290 0
-1289 -1291 0
-1289 -1292 0
-1289 -1293 0
-1289 -1294 0
-1289 -1295 0
-1289 -1296 0
-1289 -1297 0
-1289 -1298 0
-1289 -1299 0
-1289 -1300 0
-1289 -1301 0
-1289 -1302 0
-1289 -1303 0
-1289 -1304 0
-1289 -1305 0
-1289 -1306 0
-1289 -1307 0
-1289 -1308 0
-1289 -1309 0
-1289 -1310 0
-1289 -1311 0
-1289 -1312 0
-1289 -1313 0
-1289 -1314 0
-1289 -1315 0
-1289 -1316 0
-1289 -1317 0
-1289 -1318 0
-1289 -1319 0
-1289 -1320 0
-1289 -1321 0
-1289 -1322 0
-1289 -1323 0
-1289 -1324 0
-1289 -1325 0
-1289 -1326 0
-1290 -1291 0
-1290 -1292 0
-1290 -1293 0
-1290 -1294 0
-1290 -1295 0
-1290 -1296 0
-1290 -1297 0
-1290 -1298 0
-1290 -1299 0
-1290 -1300 0
-1290 -1301 0
-1290 -1302 0
-1290 -1303 0
-1290 -1304 0
-1290 -1305 0
-1290 -1306 0
-1290 -1307 0
-1290 -1308 0
-1290 -1309 0
-1290 -1310 0
-1290 -1311 0
-1290 -1312 0
-1290 -1313 0
-1290 -1314 0
-1290 -1315 0
-1290 -1316 0
-1290 -1317 0
-1290 -1318 0
-1290 -1319 0
-1290 -1320 0
-1290 -1321 0
-1290 -1322 0
-1290 -1323 0
-1290 -1324 0
-1290 -1325 0
-1290 -1326 0
-1291 -1292 0
-1291 -1293 0
-1291 -1294 0
-1291 -1295 0
-1291 -1296 0
-1291 -1297 0
-1291 -1298 0
-1291 -1299 0
-1291 -1300 0
-1291 -1301 0
-1291 -1302 0
-1291 -1303 0
-1291 -1304 0
-1291 -1305 0
-1291 -1306 0
-1291 -1307 0
-1291 -1308 0
-1291 -1309 0
-1291 -1310 0
-1291 -1311 0
-1291 -1312 0
-1291 -1313 0
-1291 -1314 0
-1291 -1315 0
-1291 -1316 0
-1291 -1317 0
-1291 -1318 0
-1291 -1319 0
-1291 -1320 0
-1291 -1321 0
-1291 -1322 0
-1291 -1323 0
-1291 -1324 0
-1291 -1325 0
-1291 -1326 0
-1292 -1293 0
-1292 -1294 0
-1292 -1295 0
-1292 -1296 0
-1292 -1297 0
-1292 -1298 0
-1292 -1299 0
-1292 -1300 0
-1292 -1301 0
-1292 -1302 0
-1292 -1303 0
-1292 -1304 0
-1292 -1305 0
-1292 -1306 0
-1292 -1307 0
-1292 -1308 0
-1292 -1309 0
-1292 -1310 0
-1292 -1311 0
-1292 -1312 0
-1292 -1313 0
-1292 -1314 0
-1292 -1315 0
-1292 -1316 0
-1292 -1317 0
-1292 -1318 0
-1292 -1319 0
-1292 -1320 0
-1292 -1321 0
-1292 -1322 0
-1292 -1323 0
-1292 -1324 0
-1292 -1325 0
-1292 -1326 0
-1293 -1294 0
-1293 -1295 0
-1293 -1296 0
-1293 -1297 0
-1293 -1298 0
-1293 -1299 0
-1293 -1300 0
-1293 -1301 0
-1293 -1302 0
-1293 -1303 0
-1293 -1304 0
-1293 -1305 0
-1293 -1306 0
-1293 -1307 0
-1293 -1308 0
-1293 -1309 0
-1293 -1310 0
-1293 -1311 0
-1293 -1312 0
-1293 -1313 0
-1293 -1314 0
-1293 -1315 0
-1293 -1316 0
-1293 -1317 0
-1293 -1318 0
-1293 -1319 0
-1293 -1320 0
-1293 -1321 0
-1293 -1322 0
-1293 -1323 0
-1293 -1324 0
-1293 -1325 0
-1293 -1326 0
-1294 -1295 0
-1294 -1296 0
-1294 -1297 0
-1294 -1298 0
-1294 -1299 0
-1294 -1300 0
-1294 -1301 0
-1294 -1302 0
-1294 -1303 0
-1294 -1304 0
-1294 -1305 0
-1294 -1306 0
-1294 -1307 0
-1294 -1308 0
-1294 -1309 0
-1294 -1310 0
-1294 -1311 0
-1294 -1312 0
-1294 -1313 0
-1294 -1314 0
-1294 -1315 0
-1294 -1316 0
-1294 -1317 0
-1294 -1318 0
-1294 -1319 0
-1294 -1320 0
-1294 -1321 0
-1294 -1322 0
-1294 -1323 0
-1294 -1324 0
-1294 -1325 0
-1294 -1326 0
-1295 -1296 0
-1295 -1297 0
-1295 -1298 0
-1295 -1299 0
-1295 -1300 0
-1295 -1301 0
-1295 -1302 0
-1295 -1303 0
-1295 -1304 0
-1295 -1305 0
-1295 -1306 0
-1295 -1307 0
-1295 -1308 0
-1295 -1309 0
-1295 -1310 0
-1295 -1311 0
-1295 -1312 0
-1295 -1313 0
-1295 -1314 0
-1295 -1315 0
-1295 -1316 0
-1295 -1317 0
-1295 -1318 0
-1295 -1319 0
-1295 -1320 0
-1295 -1321 0
-1295 -1322 0
-1295 -1323 0
-1295 -1324 0
-1295 -1325 0
-1295 -1326 0
-1296 -1297 0
-1296 -1298 0
-1296 -1299 0
-1296 -1300 0
-1296 -1301 0
-1296 -1302 0
-1296 -1303 0
-1296 -1304 0
-1296 -1305 0
-1296 -1306 0
-1296 -1307 0
-1296 -1308 0
-1296 -1309 0
-1296 -1310 0
-1296 -1311 0
-1296 -1312 0
-1296 -1313 0
-1296 -1314 0
-1296 -1315 0
-1296 -1316 0
-1296 -1317 0
-1296 -1318 0
-1296 -1319 0
-1296 -1320 0
-1296 -1321 0
-1296 -1322 0
-1296 -1323 0
-1296 -1324 0
-1296 -1325 0
-1296 -1326 0
-1297 -1298 0
-1297 -1299 0
-1297 -1300 0
-1297 -1301 0
-1297 -1302 0
-1297 -1303 0
-1297 -1304 0
-1297 -1305 0
-1297 -1306 0
-1297 -1307 0
-1297 -1308 0
-1297 -1309 0
-1297 -1310 0
-1297 -1311 0
-1297 -1312 0
-1297 -1313 0
-1297 -1314 0
-1297 -1315 0
-1297 -1316 0
-1297 -1317 0
-1297 -1318 0
-1297 -1319 0
-1297 -1320 0
-1297 -1321 0
-1297 -1322 0
-1297 -1323 0
-1297 -1324 0
-1297 -1325 0
-1297 -1326 0
-1298 -1299 0
-1298 -1300 0
-1298 -1301 0
-1298 -1302 0
-1298 -1303 0
-1298 -1304 0
-1298 -1305 0
-1298 -1306 0
-1298 -1307 0
-1298 -1308 0
-1298 -1309 0
-1298 -1310 0
-1298 -1311 0
-1298 -1312 0
-1298 -1313 0
-1298 -1314 0
-1298 -1315 0
-1298 -1316 0
-1298 -1317 0
-1298 -1318 0
-1298 -1319 0
-1298 -1320 0
-1298 -1321 0
-1298 -1322 0
-1298 -1323 0
-1298 -1324 0
-1298 -1325 0
-1298 -1326 0
-1299 -1300 0
-1299 -1301 0
-1299 -1302 0
-1299 -1303 0
-1299 -1304 0
-1299 -1305 0
-1299 -1306 0
-1299 -1307 0
-1299 -1308 0
-1299 -1309 0
-1299 -1310 0
-1299 -1311 0
-1299 -1312 0
-1299 -1313 0
-1299 -1314 0
-1299 -1315 0
-1299 -1316 0
-1299 -1317 0
-1299 -1318 0
-1299 -1319 0
-1299 -1320 0
-1299 -1321 0
-1299 -1322 0
-1299 -1323 0
-1299 -1324 0
-1299 -1325 0
-1299 -1326 0
-1300 -1301 0
-1300 -1302 0
-1300 -1303 0
-1300 -1304 0
-1300 -1305 0
-1300 -1306 0
-1300 -1307 0
-1300 -1308 0
-1300 -1309 0
-1300 -1310 0
-1300 -1311 0
-1300 -1312 0
-1300 -1313 0
-1300 -1314 0
-1300 -1315 0
-1300 -1316 0
-1300 -1317 0
-1300 -1318 0
-1300 -1319 0
-1300 -1320 0
-1300 -1321 0
-1300 -1322 0
-1300 -1323 0
-1300 -1324 0
-1300 -1325 0
-1300 -1326 0
-1301 -1302 0
-1301 -1303 0
-1301 -1304 0
-1301 -1305 0
-1301 -1306 0
-1301 -1307 0
-1301 -1308 0
-1301 -1309 0
-1301 -1310 0
-1301 -1311 0
-1301 -1312 0
-1301 -1313 0
-1301 -1314 0
-1301 -1315 0
-1301 -1316 0
-1301 -1317 0
-1301 -1318 0
-1301 -1319 0
-1301 -1320 0
-1301 -1321 0
-1301 -1322 0
-1301 -1323 0
-1301 -1324 0
-1301 -1325 0
-1301 -1326 0
-1302 -1303 0
-1302 -1304 0
-1302 -1305 0
-1302 -1306 0
-1302 -1307 0
-1302 -1308 0
-1302 -1309 0
-1302 -1310 0
-1302 -1311 0
-1302 -1312 0
-1302 -1313 0
-1302 -1314 0
-1302 -1315 0
-1302 -1316 0
-1302 -1317 0
-1302 -1318 0
-1302 -1319 0
-1302 -1320 0
-1302 -1321 0
-1302 -1322 0
-1302 -1323 0
-1302 -1324 0
-1302 -1325 0
-1302 -1326 0
-1303 -1304 0
-1303 -1305 0
-1303 -1306 0
-1303 -1307 0
-1303 -1308 0
-1303 -1309 0
-1303 -1310 0
-1303 -1311 0
-1303 -1312 0
-1303 -1313 0
-1303 -1314 0
-1303 -1315 0
-1303 -1316 0
-1303 -1317 0
-1303 -1318 0
-1303 -1319 0
-1303 -1320 0
-1303 -1321 0
-1303 -1322 0
-1303 -1323 0
-1303 -1324 0
-1303 -1325 0
-1303 -1326 0
-1304 -1305 0
-1304 -1306 0
-1304 -1307 0
-1304 -1308 0
-1304 -1309 0
-1304 -1310 0
-1304 -1311 0
-1304 -1312 0
-1304 -1313 0
-1304 -1314 0
-1304 -1315 0
-1304 -1316 0
-1304 -1317 0
-1304 -1318 0
-1304 -1319 0
-1304 -1320 0
-1304 -1321 0
-1304 -1322 0
-1304 -1323 0
-1304 -1324 0
-1304 -1325 0
-1304 -1326 0
-1305 -1306 0
-1305 -1307 0
-1305 -1308 0
-1305 -1309 0
-1305 -1310 0
-1305 -1311 0
-1305 -1312 0
-1305 -1313 0
-1305 -1314 0
-1305 -1315 0
-1305 -1316 0
-1305 -1317 0
-1305 -1318 0
-1305 -1319 0
-1305 -1320 0
-1305 -1321 0
-1305 -1322 0
-1305 -1323 0
-1305 -1324 0
-1305 -1325 0
-1305 -1326 0
-1306 -1307 0
-1306 -1308 0
-1306 -1309 0
-1306 -1310 0
-1306 -1311 0
-1306 -1312 0
-1306 -1313 0
-1306 -1314 0
-1306 -1315 0
-1306 -1316 0
-1306 -1317 0
-1306 -1318 0
-1306 -1319 0
-1306 -1320 0
-1306 -1321 0
-1306 -1322 0
-1306 -1323 0
-1306 -1324 0
-1306 -1325 0
-1306 -1326 0
-1307 -1308 0
-1307 -1309 0
-1307 -1310 0
-1307 -1311 0
-1307 -1312 0
-1307 -1313 0
-1307 -1314 0
-1307 -1315 0
-1307 -1316 0
-1307 -1317 0
-1307 -1318 0
-1307 -1319 0
-1307 -1320 0
-1307 -1321 0
-1307 -1322 0
-1307 -1323 0
-1307 -1324 0
-1307 -1325 0
-1307 -1326 0
-1308 -1309 0
-1308 -1310 0
-1308 -1311 0
-1308 -1312 0
-1308 -1313 0
-1308 -1314 0
-1308 -1315 0
-1308 -1316 0
-1308 -1317 0
-1308 -1318 0
-1308 -1319 0
-1308 -1320 0
-1308 -1321 0
-1308 -1322 0
-1308 -1323 0
-1308 -1324 0
-1308 -1325 0
-1308 -1326 0
-1309 -1310 0
-1309 -1311 0
-1309 -1312 0
-1309 -1313 0
-1309 -1314 0
-1309 -1315 0
-1309 -1316 0
-1309 -1317 0
-1309 -1318 0
-1309 -1319 0
-1309 -1320 0
-1309 -1321 0
-1309 -1322 0
-1309 -1323 0
-1309 -1324 0
-1309 -1325 0
-1309 -1326 0
-1310 -1311 0
-1310 -1312 0
-1310 -1313 0
-1310 -1314 0
-1310 -1315 0
-1310 -1316 0
-1310 -1317 0
-1310 -1318 0
-1310 -1319 0
-1310 -1320 0
-1310 -1321 0
-1310 -1322 0
-1310 -1323 0
-1310 -1324 0
-1310 -1325 0
-1310 -1326 0
-1311 -1312 0
-1311 -1313 0
-1311 -1314 0
-1311 -1315 0
-1311 -1316 0
-1311 -1317 0
-1311 -1318 0
-1311 -1319 0
-1311 -1320 0
-1311 -1321 0
-1311 -1322 0
-1311 -1323 0
-1311 -1324 0
-1311 -1325 0
-1311 -1326 0
-1312 -1313 0
-1312 -1314 0
-1312 -1315 0
-1312 -1316 0
-1312 -1317 0
-1312 -1318 0
-1312 -1319 0
-1312 -1320 0
-1312 -1321 0
-1312 -1322 0
-1312 -1323 0
-1312 -1324 0
-1312 -1325 0
-1312 -1326 0
-1313 -1314 0
-1313 -1315 0
-1313 -1316 0
-1313 -1317 0
-1313 -1318 0
-1313 -1319 0
-1313 -1320 0
-1313 -1321 0
-1313 -1322 0
-1313 -1323 0
-1313 -1324 0
-1313 -1325 0
-1313 -1326 0
-1314 -1315 0
-1314 -1316 0
-1314 -1317 0
-1314 -1318 0
-1314 -1319 0
-1314 -1320 0
-1314 -1321 0
-1314 -1322 0
-1314 -1323 0
-1314 -1324 0
-1314 -1325 0
-1314 -1326 0
-1315 -1316 0
-1315 -1317 0
-1315 -1318 0
-1315 -1319 0
-1315 -1320 0
-1315 -1321 0
-1315 -1322 0
-1315 -1323 0
-1315 -1324 0
-1315 -1325 0
-1315 -1326 0
-1316 -1317 0
-1316 -1318 0
-1316 -1319 0
-1316 -1320 0
-1316 -1321 0
-1316 -1322 0
-1316 -1323 0
-1316 -1324 0
-1316 -1325 0
-1316 -1326 0
-1317 -1318 0
-1317 -1319 0
-1317 -1320 0
-1317 -1321 0
-1317 -1322 0
-1317 -1323 0
-1317 -1324 0
-1317 -1325 0
-1317 -1326 0
-1318 -1319 0
-1318 -1320 0
-1318 -1321 0
-1318 -1322 0
-1318 -1323 0
-1318 -1324 0
-1318 -1325 0
-1318 -1326 0
-1319 -1320 0
-1319 -1321 0
-1319 -1322 0
-1319 -1323 0
-1319 -1324 0
-1319 -1325 0
-1319 -1326 0
-1320 -1321 0
-1320 -1322 0
-1320 -1323 0
-1320 -1324 0
-1320 -1325 0
-1320 -1326 0
-1321 -1322 0
-1321 -1323 0
-1321 -1324 0
-1321 -1325 0
-1321 -1326 0
-1322 -1323 0
-1322 -1324 0
-1322 -1325 0
-1322 -1326 0
-1323 -1324 0
-1323 -1325 0
-1323 -1326 0
-1324 -1325 0
-1324 -1326 0
-1325 -1326 0
-1327 -1328 0
-1327 -1329 0
-1327 -1330 0
-1327 -1331 0
-1327 -1332 0
-1327 -1333 0
-1327 -1334 0
-1327 -1335 0
-1327 -1336 0
-1327 -1337 0
-1327 -1338 0
-1327 -1339 0
-1327 -1340 0
-1327 -1341 0
-1327 -1342 0
-1327 -1343 0
-1327 -1344 0
-1327 -1345 0
-1327 -1346 0
-1327 -1347 0
-1327 -1348 0
-1327 -1349 0
-1327 -1350 0
-1327 -1351 0
-1327 -1352 0
-1327 -1353 0
-1327 -1354 0
-1327 -1355 0
-1327 -1356 0
-1327 -1357 0
-1327 -1358 0
-1327 -1359 0
-1327 -1360 0
-1327 -1361 0
-1327 -1362 0
-1327 -1363 0
-1327 -1364 0
-1327 -1365 0
-1328 -1329 0
-1328 -1330 0
-1328 -1331 0
-1328 -1332 0
-1328 -1333 0
-1328 -1334 0
-1328 -1335 0
-1328 -1336 0
-1328 -1337 0
-1328 -1338 0
-1328 -1339 0
-1328 -1340 0
-1328 -1341 0
-1328 -1342 0
-1328 -1343 0
-1328 -1344 0
-1328 -1345 0
-1328 -1346 0
-1328 -1347 0
-1328 -1348 0
-1328 -1349 0
-1328 -1350 0
-1328 -1351 0
-1328 -1352 0
-1328 -1353 0
-1328 -1354 0
-1328 -1355 0
-1328 -1356 0
-1328 -1357 0
-1328 -1358 0
-1328 -1359 0
-1328 -1360 0
-1328 -1361 0
-1328 -1362 0
-1328 -1363 0
-1328 -1364 0
-1328 -1365 0
-1329 -1330 0
-1329 -1331 0
-1329 -1332 0
-1329 -1333 0
-1329 -1334 0
-1329 -1335 0
-1329 -1336 0
-1329 -1337 0
-1329 -1338 0
-1329 -1339 0
-1329 -1340 0
-1329 -1341 0
-1329 -1342 0
-1329 -1343 0
-1329 -1344 0
-1329 -1345 0
-1329 -1346 0
-1329 -1347 0
-1329 -1348 0
-1329 -1349 0
-1329 -1350 0
-1329 -1351 0
-1329 -1352 0
-1329 -1353 0
-1329 -1354 0
-1329 -1355 0
-1329 -1356 0
-1329 -1357 0
-1329 -1358 0
-1329 -1359 0
-1329 -1360 0
-1329 -1361 0
-1329 -1362 0
-1329 -1363 0
-1329 -1364 0
-1329 -1365 0
-1330 -1331 0
-1330 -1332 0
-1330 -1333 0
-1330 -1334 0
-1330 -1335 0
-1330 -1336 0
-1330 -1337 0
-1330 -1338 0
-1330 -1339 0
-1330 -1340 0
-1330 -1341 0
-1330 -1342 0
-1330 -1343 0
-1330 -1344 0
-1330 -1345 0
-1330 -1346 0
-1330 -1347 0
-1330 -1348 0
-1330 -1349 0
-1330 -1350 0
-1330 -1351 0
-1330 -1352 0
-1330 -1353 0
-1330 -1354 0
-1330 -1355 0
-1330 -1356 0
-1330 -1357 0
-1330 -1358 0
-1330 -1359 0
-1330 -1360 0
-1330 -1361 0
-1330 -1362 0
-1330 -1363 0
-1330 -1364 0
-1330 -1365 0
-1331 -1332 0
-1331 -1333 0
-1331 -1334 0
-1331 -1335 0
-1331 -1336 0
-1331 -1337 0
-1331 -1338 0
-1331 -1339 0
-1331 -1340 0
-1331 -1341 0
-1331 -1342 0
-1331 -1343 0
-1331 -1344 0
-1331 -1345 0
-1331 -1346 0
-1331 -1347 0
-1331 -1348 0
-1331 -1349 0
-1331 -1350 0
-1331 -1351 0
-1331 -1352 0
-1331 -1353 0
-1331 -1354 0
-1331 -1355 0
-1331 -1356 0
-1331 -1357 0
-1331 -1358 0
-1331 -1359 0
-1331 -1360 0
-1331 -1361 0
-1331 -1362 0
-1331 -1363 0
-1331 -1364 0
-1331 -1365 0
-1332 -1333 0
-1332 -1334 0
-1332 -1335 0
-1332 -1336 0
-1332 -1337 0
-1332 -1338 0
-1332 -1339 0
-1332 -1340 0
-1332 -1341 0
-1332 -1342 0
-1332 -1343 0
-1332 -1344 0
-1332 -1345 0
-1332 -1346 0
-1332 -1347 0
-1332 -1348 0
-1332 -1349 0
-1332 -1350 0
-1332 -1351 0
-1332 -1352 0
-1332 -1353 0
-1332 -1354 0
-1332 -1355 0
-1332 -1356 0
-1332 -1357 0
-1332 -1358 0
-1332 -1359 0
-1332 -1360 0
-1332 -1361 0
-1332 -1362 0
-1332 -1363 0
-1332 -1364 0
-1332 -1365 0
-1333 -1334 0
-1333 -1335 0
-1333 -1336 0
-1333 -1337 0
-1333 -1338 0
-1333 -1339 0
-1333 -1340 0
-1333 -1341 0
-1333 -1342 0
-1333 -1343 0
-1333 -1344 0
-1333 -1345 0
-1333 -1346 0
-1333 -1347 0
-1333 -1348 0
-1333 -1349 0
-1333 -1350 0
-1333 -1351 0
-1333 -1352 0
-1333 -1353 0
-1333 -1354 0
-1333 -1355 0
-1333 -1356 0
-1333 -1357 0
-1333 -1358 0
-1333 -1359 0
-1333 -1360 0
-1333 -1361 0
-1333 -1362 0
-1333 -1363 0
-1333 -1364 0
-1333 -1365 0
-1334 -1335 0
-1334 -1336 0
-1334 -1337 0
-1334 -1338 0
-1334 -1339 0
-1334 -1340 0
-1334 -1341 0
-1334 -1342 0
-1334 -1343 0
-1334 -1344 0
-1334 -1345 0
-1334 -1346 0
-1334 -1347 0
-1334 -1348 0
-1334 -1349 0
-1334 -1350 0
-1334 -1351 0
-1334 -1352 0
-1334 -1353 0
-1334 -1354 0
-1334 -1355 0
-1334 -1356 0
-1334 -1357 0
-1334 -1358 0
-1334 -1359 0
-1334 -1360 0
-1334 -1361 0
-1334 -1362 0
-1334 -1363 0
-1334 -1364 0
-1334 -1365 0
-1335 -1336 0
-1335 -1337 0
-1335 -1338 0
-1335 -1339 0
-1335 -1340 0
-1335 -1341 0
-1335 -1342 0
-1335 -1343 0
-1335 -1344 0
-1335 -1345 0
-1335 -1346 0
-1335 -1347 0
-1335 -1348 0
-1335 -1349 0
-1335 -1350 0
-1335 -1351 0
-1335 -1352 0
-1335 -1353 0
-1335 -1354 0
-1335 -1355 0
-1335 -1356 0
-1335 -1357 0
-1335 -1358 0
-1335 -1359 0
-1335 -1360 0
-1335 -1361 0
-1335 -1362 0
-1335 -1363 0
-1335 -1364 0
-1335 -1365 0
-1336 -1337 0
-1336 -1338 0
-1336 -1339 0
-1336 -1340 0
-1336 -1341 0
-1336 -1342 0
-1336 -1343 0
-1336 -1344 0
-1336 -1345 0
-1336 -1346 0
-1336 -1347 0
-1336 -1348 0
-1336 -1349 0
-1336 -1350 0
-1336 -1351 0
-1336 -1352 0
-1336 -1353 0
-1336 -1354 0
-1336 -1355 0
-1336 -1356 0
-1336 -1357 0
-1336 -1358 0
-1336 -1359 0
-1336 -1360 0
-1336 -1361 0
-1336 -1362 0
-1336 -1363 0
-1336 -1364 0
-1336 -1365 0
-1337 -1338 0
-1337 -1339 0
-1337 -1340 0
-1337 -1341 0
-1337 -1342 0
-1337 -1343 0
-1337 -1344 0
-1337 -1345 0
-1337 -1346 0
-1337 -1347 0
-1337 -1348 0
-1337 -1349 0
-1337 -1350 0
-1337 -1351 0
-1337 -1352 0
-1337 -1353 0
-1337 -1354 0
-1337 -1355 0
-1337 -1356 0
-1337 -1357 0
-1337 -1358 0
-1337 -1359 0
-1337 -1360 0
-1337 -1361 0
-1337 -1362 0
-1337 -1363 0
-1337 -1364 0
-1337 -1365 0
-1338 -1339 0
-1338 -1340 0
-1338 -1341 0
-1338 -1342 0
-1338 -1343 0
-1338 -1344 0
-1338 -1345 0
-1338 -1346 0
-1338 -1347 0
-1338 -1348 0
-1338 -1349 0
-1338 -1350 0
-1338 -1351 0
-1338 -1352 0
-1338 -1353 0
-1338 -1354 0
-1338 -1355 0
-1338 -1356 0
-1338 -1357 0
-1338 -1358 0
-1338 -1359 0
-1338 -1360 0
-1338 -1361 0
-1338 -1362 0
-1338 -1363 0
-1338 -1364 0
-1338 -1365 0
-1339 -1340 0
-1339 -1341 0
-1339 -1342 0
-1339 -1343 0
-1339 -1344 0
-1339 -1345 0
-1339 -1346 0
-1339 -1347 0
-1339 -1348 0
-1339 -1349 0
-1339 -1350 0
-1339 -1351 0
-1339 -1352 0
-1339 -1353 0
-1339 -1354 0
-1339 -1355 0
-1339 -1356 0
-1339 -1357 0
-1339 -1358 0
-1339 -1359 0
-1339 -1360 0
-1339 -1361 0
-1339 -1362 0
-1339 -1363 0
-1339 -1364 0
-1339 -1365 0
-1340 -1341 0
-1340 -1342 0
-1340 -1343 0
-1340 -1344 0
-1340 -1345 0
-1340 -1346 0
-1340 -1347 0
-1340 -1348 0
-1340 -1349 0
-1340 -1350 0
-1340 -1351 0
-1340 -1352 0
-1340 -1353 0
-1340 -1354 0
-1340 -1355 0
-1340 -1356 0
-1340 -1357 0
-1340 -1358 0
-1340 -1359 0
-1340 -1360 0
-1340 -1361 0
-1340 -1362 0
-1340 -1363 0
-1340 -1364 0
-1340 -1365 0
-1341 -1342 0
-1341 -1343 0
-1341 -1344 0
-1341 -1345 0
-1341 -1346 0
-1341 -1347 0
-1341 -1348 0
-1341 -1349 0
-1341 -1350 0
-1341 -1351 0
-1341 -1352 0
-1341 -1353 0
-1341 -1354 0
-1341 -1355 0
-1341 -1356 0
-1341 -1357 0
-1341 -1358 0
-1341 -1359 0
-1341 -1360 0
-1341 -1361 0
-1341 -1362 0
-1341 -1363 0
-1341 -1364 0
-1341 -1365 0
-1342 -1343 0
-1342 -1344 0
-1342 -1345 0
-1342 -1346 0
-1342 -1347 0
-1342 -1348 0
-1342 -1349 0
-1342 -1350 0
-1342 -1351 0
-1342 -1352 0
-1342 -1353 0
-1342 -1354 0
-1342 -1355 0
-1342 -1356 0
-1342 -1357 0
-1342 -1358 0
-1342 -1359 0
-1342 -1360 0
-1342 -1361 0
-1342 -1362 0
-1342 -1363 0
-1342 -1364 0
-1342 -1365 0
-1343 -1344 0
-1343 -1345 0
-1343 -1346 0
-1343 -1347 0
-1343 -1348 0
-1343 -1349 0
-1343 -1350 0
-1343 -1351 0
-1343 -1352 0
-1343 -1353 0
-1343 -1354 0
-1343 -1355 0
-1343 -1356 0
-1343 -1357 0
-1343 -1358 0
-1343 -1359 0
-1343 -1360 0
-1343 -1361 0
-1343 -1362 0
-1343 -1363 0
-1343 -1364 0
-1343 -1365 0
-1344 -1345 0
-1344 -1346 0
-1344 -1347 0
-1344 -1348 0
-1344 -1349 0
-1344 -1350 0
-1344 -1351 0
-1344 -1352 0
-1344 -1353 0
-1344 -1354 0
-1344 -1355 0
-1344 -1356 0
-1344 -1357 0
-1344 -1358 0
-1344 -1359 0
-1344 -1360 0
-1344 -1361 0
-1344 -1362 0
-1344 -1363 0
-1344 -1364 0
-1344 -1365 0
-1345 -1346 0
-1345 -1347 0
-1345 -1348 0
-1345 -1349 0
-1345 -1350 0
-1345 -1351 0
-1345 -1352 0
-1345 -1353 0
-1345 -1354 0
-1345 -1355 0
-1345 -1356 0
-1345 -1357 0
-1345 -1358 0
-1345 -1359 0
-1345 -1360 0
-1345 -1361 0
-1345 -1362 0
-1345 -1363 0
-1345 -1364 0
-1345 -1365 0
-1346 -1347 0
-1346 -1348 0
-1346 -1349 0
-1346 -1350 0
-1346 -1351 0
-1346 -1352 0
-1346 -1353 0
-1346 -1354 0
-1346 -1355 0
-1346 -1356 0
-1346 -1357 0
-1346 -1358 0
-1346 -1359 0
-1346 -1360 0
-1346 -1361 0
-1346 -1362 0
-1346 -1363 0
-1346 -1364 0
-1346 -1365 0
-1347 -1348 0
-1347 -1349 0
-1347 -1350 0
-1347 -1351 0
-1347 -1352 0
-1347 -1353 0
-1347 -1354 0
-1347 -1355 0
-1347 -1356 0
-1347 -1357 0
-1347 -1358 0
-1347 -1359 0
-1347 -1360 0
-1347 -1361 0
-1347 -1362 0
-1347 -1363 0
-1347 -1364 0
-1347 -1365 0
-1348 -1349 0
-1348 -1350 0
-1348 -1351 0
-1348 -1352 0
-1348 -1353 0
-1348 -1354 0
-1348 -1355 0
-1348 -1356 0
-1348 -1357 0
-1348 -1358 0
-1348 -1359 0
-1348 -1360 0
-1348 -1361 0
-1348 -1362 0
-1348 -1363 0
-1348 -1364 0
-1348 -1365 0
-1349 -1350 0
-1349 -1351 0
-1349 -1352 0
-1349 -1353 0
-1349 -1354 0
-1349 -1355 0
-1349 -1356 0
-1349 -1357 0
-1349 -1358 0
-1349 -1359 0
-1349 -1360 0
-1349 -1361 0
-1349 -1362 0
-1349 -1363 0
-1349 -1364 0
-1349 -1365 0
-1350 -1351 0
-1350 -1352 0
-1350 -1353 0
-1350 -1354 0
-1350 -1355 0
-1350 -1356 0
-1350 -1357 0
-1350 -1358 0
-1350 -1359 0
-1350 -1360 0
-1350 -1361 0
-1350 -1362 0
-1350 -1363 0
-1350 -1364 0
-1350 -1365 0
-1351 -1352 0
-1351 -1353 0
-1351 -1354 0
-1351 -1355 0
-1351 -1356 0
-1351 -1357 0
-1351 -1358 0
-1351 -1359 0
-1351 -1360 0
-1351 -1361 0
-1351 -1362 0
-1351 -1363 0
-1351 -1364 0
-1351 -1365 0
-1352 -1353 0
-1352 -1354 0
-1352 -1355 0
-1352 -1356 0
-1352 -1357 0
-1352 -1358 0
-1352 -1359 0
-1352 -1360 0
-1352 -1361 0
-1352 -1362 0
-1352 -1363 0
-1352 -1364 0
-1352 -1365 0
-1353 -1354 0
-1353 -1355 0
-1353 -1356 0
-1353 -1357 0
-1353 -1358 0
-1353 -1359 0
-1353 -1360 0
-1353 -1361 0
-1353 -1362 0
-1353 -1363 0
-1353 -1364 0
-1353 -1365 0
-1354 -1355 0
-1354 -1356 0
-1354 -1357 0
-1354 -1358 0
-1354 -1359 0
-1354 -1360 0
-1354 -1361 0
-1354 -1362 0
-1354 -1363 0
-1354 -1364 0
-1354 -1365 0
-1355 -1356 0
-1355 -1357 0
-1355 -1358 0
-1355 -1359 0
-1355 -1360 0
-1355 -1361 0
-1355 -1362 0
-1355 -1363 0
-1355 -1364 0
-1355 -1365 0
-1356 -1357 0
-1356 -1358 0
-1356 -1359 0
-1356 -1360 0
-1356 -1361 0
-1356 -1362 0
-1356 -1363 0
-1356 -1364 0
-1356 -1365 0
-1357 -1358 0
-1357 -1359 0
-1357 -1360 0
-1357 -1361 0
-1357 -1362 0
-1357 -1363 0
-1357 -1364 0
-1357 -1365 0
-1358 -1359 0
-1358 -1360 0
-1358 -1361 0
-1358 -1362 0
-1358 -1363 0
-1358 -1364 0
-1358 -1365 0
-1359 -1360 0
-1359 -1361 0
-1359 -1362 0
-1359 -1363 0
-1359 -1364 0
-1359 -1365 0
-1360 -1361 0
-1360 -1362 0
-1360 -1363 0
-1360 -1364 0
-1360 -1365 0
-1361 -1362 0
-1361 -1363 0
-1361 -1364 0
-1361 -1365 0
-1362 -1363 0
-1362 -1364 0
-1362 -1365 0
-1363 -1364 0
-1363 -1365 0
-1364 -1365 0
-1366 -1367 0
-1366 -1368 0
-1366 -1369 0
-1366 -1370 0
-1366 -1371 0
-1366 -1372 0
-1366 -1373 0
-1366 -1374 0
-1366 -1375 0
-1366 -1376 0
-1366 -1377 0
-1366 -1378 0
-1366 -1379 0
-1366 -1380 0
-1366 -1381 0
-1366 -1382 0
-1366 -1383 0
-1366 -1384 0
-1366 -1385 0
-1366 -1386 0
-1366 -1387 0
-1366 -1388 0
-1366 -1389 0
-1366 -1390 0
-1366 -1391 0
-1366 -1392 0
-1366 -1393 0
-1366 -1394 0
-1366 -1395 0
-1366 -1396 0
-1366 -1397 0
-1366 -1398 0
-1366 -1399 0
-1366 -1400 0
-1366 -1401 0
-1366 -1402 0
-1366 -1403 0
-1366 -1404 0
-1367 -1368 0
-1367 -1369 0
-1367 -1370 0
-1367 -1371 0
-1367 -1372 0
-1367 -1373 0
-1367 -1374 0
-1367 -1375 0
-1367 -1376 0
-1367 -1377 0
-1367 -1378 0
-1367 -1379 0
-1367 -1380 0
-1367 -1381 0
-1367 -1382 0
-1367 -1383 0
-1367 -1384 0
-1367 -1385 0
-1367 -1386 0
-1367 -1387 0
-1367 -1388 0
-1367 -1389 0
-1367 -1390 0
-1367 -1391 0
-1367 -1392 0
-1367 -1393 0
-1367 -1394 0
-1367 -1395 0
-1367 -1396 0
-1367 -1397 0
-1367 -1398 0
-1367 -1399 0
-1367 -1400 0
-1367 -1401 0
-1367 -1402 0
-1367 -1403 0
-1367 -1404 0
-1368 -1369 0
-1368 -1370 0
-1368 -1371 0
-1368 -1372 0
-1368 -1373 0
-1368 -1374 0
-1368 -1375 0
-1368 -1376 0
-1368 -1377 0
-1368 -1378 0
-1368 -1379 0
-1368 -1380 0
-1368 -1381 0
-1368 -1382 0
-1368 -1383 0
-1368 -1384 0
-1368 -1385 0
-1368 -1386 0
-1368 -1387 0
-1368 -1388 0
-1368 -1389 0
-1368 -1390 0
-1368 -1391 0
-1368 -1392 0
-1368 -1393 0
-1368 -1394 0
-1368 -1395 0
-1368 -1396 0
-1368 -1397 0
-1368 -1398 0
-1368 -1399 0
-1368 -1400 0
-1368 -1401 0
-1368 -1402 0
-1368 -1403 0
-1368 -1404 0
-1369 -1370 0
-1369 -1371 0
-1369 -1372 0
-1369 -1373 0
-1369 -1374 0
-1369 -1375 0
-1369 -1376 0
-1369 -1377 0
-1369 -1378 0
-1369 -1379 0
-1369 -1380 0
-1369 -1381 0
-1369 -1382 0
-1369 -1383 0
-1369 -1384 0
-1369 -1385 0
-1369 -1386 0
-1369 -1387 0
-1369 -1388 0
-1369 -1389 0
-1369 -1390 0
-1369 -1391 0
-1369 -1392 0
-1369 -1393 0
-1369 -1394 0
-1369 -1395 0
-1369 -1396 0
-1369 -1397 0
-1369 -1398 0
-1369 -1399 0
-1369 -1400 0
-1369 -1401 0
-1369 -1402 0
-1369 -1403 0
-1369 -1404 0
-1370 -1371 0
-1370 -1372 0
-1370 -1373 0
-1370 -1374 0
-1370 -1375 0
-1370 -1376 0
-1370 -1377 0
-1370 -1378 0
-1370 -1379 0
-1370 -1380 0
-1370 -1381 0
-1370 -1382 0
-1370 -1383 0
-1370 -1384 0
-1370 -1385 0
-1370 -1386 0
-1370 -1387 0
-1370 -1388 0
-1370 -1389 0
-1370 -1390 0
-1370 -1391 0
-1370 -1392 0
-1370 -1393 0
-1370 -1394 0
-1370 -1395 0
-1370 -1396 0
-1370 -1397 0
-1370 -1398 0
-1370 -1399 0
-1370 -1400 0
-1370 -1401 0
-1370 -1402 0
-1370 -1403 0
-1370 -1404 0
-1371 -1372 0
-1371 -1373 0
-1371 -1374 0
-1371 -1375 0
-1371 -1376 0
-1371 -1377 0
-1371 -1378 0
-1371 -1379 0
-1371 -1380 0
-1371 -1381 0
-1371 -1382 0
-1371 -1383 0
-1371 -1384 0
-1371 -1385 0
-1371 -1386 0
-1371 -1387 0
-1371 -1388 0
-1371 -1389 0
-1371 -1390 0
-1371 -1391 0
-1371 -1392 0
-1371 -1393 0
-1371 -1394 0
-1371 -1395 0
-1371 -1396 0
-1371 -1397 0
-1371 -1398 0
-1371 -1399 0
-1371 -1400 0
-1371 -1401 0
-1371 -1402 0
-1371 -1403 0
-1371 -1404 0
-1372 -1373 0
-1372 -1374 0
-1372 -1375 0
-1372 -1376 0
-1372 -1377 0
-1372 -1378 0
-1372 -1379 0
-1372 -1380 0
-1372 -1381 0
-1372 -1382 0
-1372 -1383 0
-1372 -1384 0
-1372 -1385 0
-1372 -1386 0
-1372 -1387 0
-1372 -1388 0
-1372 -1389 0
-1372 -1390 0
-1372 -1391 0
-1372 -1392 0
-1372 -1393 0
-1372 -1394 0
-1372 -1395 0
-1372 -1396 0
-1372 -1397 0
-1372 -1398 0
-1372 -1399 0
-1372 -1400 0
-1372 -1401 0
-1372 -1402 0
-1372 -1403 0
-1372 -1404 0
-1373 -1374 0
-1373 -1375 0
-1373 -1376 0
-1373 -1377 0
-1373 -1378 0
-1373 -1379 0
-1373 -1380 0
-1373 -1381 0
-1373 -1382 0
-1373 -1383 0
-1373 -1384 0
-1373 -1385 0
-1373 -1386 0
-1373 -1387 0
-1373 -1388 0
-1373 -1389 0
-1373 -1390 0
-1373 -1391 0
-1373 -1392 0
-1373 -1393 0
-1373 -1394 0
-1373 -1395 0
-1373 -1396 0
-1373 -1397 0
-1373 -1398 0
-1373 -1399 0
-1373 -1400 0
-1373 -1401 0
-1373 -1402 0
-1373 -1403 0
-1373 -1404 0
-1374 -1375 0
-1374 -1376 0
-1374 -1377 0
-1374 -1378 0
-1374 -1379 0
-1374 -1380 0
-1374 -1381 0
-1374 -1382 0
-1374 -1383 0
-1374 -1384 0
-1374 -1385 0
-1374 -1386 0
-1374 -1387 0
-1374 -1388 0
-1374 -1389 0
-1374 -1390 0
-1374 -1391 0
-1374 -1392 0
-1374 -1393 0
-1374 -1394 0
-1374 -1395 0
-1374 -1396 0
-1374 -1397 0
-1374 -1398 0
-1374 -1399 0
-1374 -1400 0
-1374 -1401 0
-1374 -1402 0
-1374 -1403 0
-1374 -1404 0
-1375 -1376 0
-1375 -1377 0
-1375 -1378 0
-1375 -1379 0
-1375 -1380 0
-1375 -1381 0
-1375 -1382 0
-1375 -1383 0
-1375 -1384 0
-1375 -1385 0
-1375 -1386 0
-1375 -1387 0
-1375 -1388 0
-1375 -1389 0
-1375 -1390 0
-1375 -1391 0
-1375 -1392 0
-1375 -1393 0
-1375 -1394 0
-1375 -1395 0
-1375 -1396 0
-1375 -1397 0
-1375 -1398 0
-1375 -1399 0
-1375 -1400 0
-1375 -1401 0
-1375 -1402 0
-1375 -1403 0
-1375 -1404 0
-1376 -1377 0
-1376 -1378 0
-1376 -1379 0
-1376 -1380 0
-1376 -1381 0
-1376 -1382 0
-1376 -1383 0
-1376 -1384 0
-1376 -1385 0
-1376 -1386 0
-1376 -1387 0
-1376 -1388 0
-1376 -1389 0
-1376 -1390 0
-1376 -1391 0
-1376 -1392 0
-1376 -1393 0
-1376 -1394 0
-1376 -1395 0
-1376 -1396 0
-1376 -1397 0
-1376 -1398 0
-1376 -1399 0
-1376 -1400 0
-1376 -1401 0
-1376 -1402 0
-1376 -1403 0
-1376 -1404 0
-1377 -1378 0
-1377 -1379 0
-1377 -1380 0
-1377 -1381 0
-1377 -1382 0
-1377 -1383 0
-1377 -1384 0
-1377 -1385 0
-1377 -1386 0
-1377 -1387 0
-1377 -1388 0
-1377 -1389 0
-1377 -1390 0
-1377 -1391 0
-1377 -1392 0
-1377 -1393 0
-1377 -1394 0
-1377 -1395 0
-1377 -1396 0
-1377 -1397 0
-1377 -1398 0
-1377 -1399 0
-1377 -1400 0
-1377 -1401 0
-1377 -1402 0
-1377 -1403 0
-1377 -1404 0
-1378 -1379 0
-1378 -1380 0
-1378 -1381 0
-1378 -1382 0
-1378 -1383 0
-1378 -1384 0
-1378 -1385 0
-1378 -1386 0
-1378 -1387 0
-1378 -1388 0
-1378 -1389 0
-1378 -1390 0
-1378 -1391 0
-1378 -1392 0
-1378 -1393 0
-1378 -1394 0
-1378 -1395 0
-1378 -1396 0
-1378 -1397 0
-1378 -1398 0
-1378 -1399 0
-1378 -1400 0
-1378 -1401 0
-1378 -1402 0
-1378 -1403 0
-1378 -1404 0
-1379 -1380 0
-1379 -1381 0
-1379 -1382 0
-1379 -1383 0
-1379 -1384 0
-1379 -1385 0
-1379 -1386 0
-1379 -1387 0
-1379 -1388 0
-1379 -1389 0
-1379 -1390 0
-1379 -1391 0
-1379 -1392 0
-1379 -1393 0
-1379 -1394 0
-1379 -1395 0
-1379 -1396 0
-1379 -1397 0
-1379 -1398 0
-1379 -1399 0
-1379 -1400 0
-1379 -1401 0
-1379 -1402 0
-1379 -1403 0
-1379 -1404 0
-1380 -1381 0
-1380 -1382 0
-1380 -1383 0
-1380 -1384 0
-1380 -1385 0
-1380 -1386 0
-1380 -1387 0
-1380 -1388 0
-1380 -1389 0
-1380 -1390 0
-1380 -1391 0
-1380 -1392 0
-1380 -1393 0
-1380 -1394 0
-1380 -1395 0
-1380 -1396 0
-1380 -1397 0
-1380 -1398 0
-1380 -1399 0
-1380 -1400 0
-1380 -1401 0
-1380 -1402 0
-1380 -1403 0
-1380 -1404 0
-1381 -1382 0
-1381 -1383 0
-1381 -1384 0
-1381 -1385 0
-1381 -1386 0
-1381 -1387 0
-1381 -1388 0
-1381 -1389 0
-1381 -1390 0
-1381 -1391 0
-1381 -1392 0
-1381 -1393 0
-1381 -1394 0
-1381 -1395 0
-1381 -1396 0
-1381 -1397 0
-1381 -1398 0
-1381 -1399 0
-1381 -1400 0
-1381 -1401 0
-1381 -1402 0
-1381 -1403 0
-1381 -1404 0
-1382 -1383 0
-1382 -1384 0
-1382 -1385 0
-1382 -1386 0
-1382 -1387 0
-1382 -1388 0
-1382 -1389 0
-1382 -1390 0
-1382 -1391 0
-1382 -1392 0
-1382 -1393 0
-1382 -1394 0
-1382 -1395 0
-1382 -1396 0
-1382 -1397 0
-1382 -1398 0
-1382 -1399 0
-1382 -1400 0
-1382 -1401 0
-1382 -1402 0
-1382 -1403 0
-1382 -1404 0
-1383 -1384 0
-1383 -1385 0
-1383 -1386 0
-1383 -1387 0
-1383 -1388 0
-1383 -1389 0
-1383 -1390 0
-1383 -1391 0
-1383 -1392 0
-1383 -1393 0
-1383 -1394 0
-1383 -1395 0
-1383 -1396 0
-1383 -1397 0
-1383 -1398 0
-1383 -1399 0
-1383 -1400 0
-1383 -1401 0
-1383 -1402 0
-1383 -1403 0
-1383 -1404 0
-1384 -1385 0
-1384 -1386 0
-1384 -1387 0
-1384 -1388 0
-1384 -1389 0
-1384 -1390 0
-1384 -1391 0
-1384 -1392 0
-1384 -1393 0
-1384 -1394 0
-1384 -1395 0
-1384 -1396 0
-1384 -1397 0
-1384 -1398 0
-1384 -1399 0
-1384 -1400 0
-1384 -1401 0
-1384 -1402 0
-1384 -1403 0
-1384 -1404 0
-1385 -1386 0
-1385 -1387 0
-1385 -1388 0
-1385 -1389 0
-1385 -1390 0
-1385 -1391 0
-1385 -1392 0
-1385 -1393 0
-1385 -1394 0
-1385 -1395 0
-1385 -1396 0
-1385 -1397 0
-1385 -1398 0
-1385 -1399 0
-1385 -1400 0
-1385 -1401 0
-1385 -1402 0
-1385 -1403 0
-1385 -1404 0
-1386 -1387 0
-1386 -1388 0
-1386 -1389 0
-1386 -1390 0
-1386 -1391 0
-1386 -1392 0
-1386 -1393 0
-1386 -1394 0
-1386 -1395 0
-1386 -1396 0
-1386 -1397 0
-1386 -1398 0
-1386 -1399 0
-1386 -1400 0
-1386 -1401 0
-1386 -1402 0
-1386 -1403 0
-1386 -1404 0
-1387 -1388 0
-1387 -1389 0
-1387 -1390 0
-1387 -1391 0
-1387 -1392 0
-1387 -1393 0
-1387 -1394 0
-1387 -1395 0
-1387 -1396 0
-1387 -1397 0
-1387 -1398 0
-1387 -1399 0
-1387 -1400 0
-1387 -1401 0
-1387 -1402 0
-1387 -1403 0
-1387 -1404 0
-1388 -1389 0
-1388 -1390 0
-1388 -1391 0
-1388 -1392 0
-1388 -1393 0
-1388 -1394 0
-1388 -1395 0
-1388 -1396 0
-1388 -1397 0
-1388 -1398 0
-1388 -1399 0
-1388 -1400 0
-1388 -1401 0
-1388 -1402 0
-1388 -1403 0
-1388 -1404 0
-1389 -1390 0
-1389 -1391 0
-1389 -1392 0
-1389 -1393 0
-1389 -1394 0
-1389 -1395 0
-1389 -1396 0
-1389 -1397 0
-1389 -1398 0
-1389 -1399 0
-1389 -1400 0
-1389 -1401 0
-1389 -1402 0
-1389 -1403 0
-1389 -1404 0
-1390 -1391 0
-1390 -1392 0
-1390 -1393 0
-1390 -1394 0
-1390 -1395 0
-1390 -1396 0
-1390 -1397 0
-1390 -1398 0
-1390 -1399 0
-1390 -1400 0
-1390 -1401 0
-1390 -1402 0
-1390 -1403 0
-1390 -1404 0
-1391 -1392 0
-1391 -1393 0
-1391 -1394 0
-1391 -1395 0
-1391 -1396 0
-1391 -1397 0
-1391 -1398 0
-1391 -1399 0
-1391 -1400 0
-1391 -1401 0
-1391 -1402 0
-1391 -1403 0
-1391 -1404 0
-1392 -1393 0
-1392 -1394 0
-1392 -1395 0
-1392 -1396 0
-1392 -1397 0
-1392 -1398 0
-1392 -1399 0
-1392 -1400 0
-1392 -1401 0
-1392 -1402 0
-1392 -1403 0
-1392 -1404 0
-1393 -1394 0
-1393 -1395 0
-1393 -1396 0
-1393 -1397 0
-1393 -1398 0
-1393 -1399 0
-1393 -1400 0
-1393 -1401 0
-1393 -1402 0
-1393 -1403 0
-1393 -1404 0
-1394 -1395 0
-1394 -1396 0
-1394 -1397 0
-1394 -1398 0
-1394 -1399 0
-1394 -1400 0
-1394 -1401 0
-1394 -1402 0
-1394 -1403 0
-1394 -1404 0
-1395 -1396 0
-1395 -1397 0
-1395 -1398 0
-1395 -1399 0
-1395 -1400 0
-1395 -1401 0
-1395 -1402 0
-1395 -1403 0
-1395 -1404 0
-1396 -1397 0
-1396 -1398 0
-1396 -1399 0
-1396 -1400 0
-1396 -1401 0
-1396 -1402 0
-1396 -1403 0
-1396 -1404 0
-1397 -1398 0
-1397 -1399 0
-1397 -1400 0
-1397 -1401 0
-1397 -1402 0
-1397 -1403 0
-1397 -1404 0
-1398 -1399 0
-1398 -1400 0
-1398 -1401 0
-1398 -1402 0
-1398 -1403 0
-1398 -1404 0
-1399 -1400 0
-1399 -1401 0
-1399 -1402 0
-1399 -1403 0
-1399 -1404 0
-1400 -1401 0
-1400 -1402 0
-1400 -1403 0
-1400 -1404 0
-1401 -1402 0
-1401 -1403 0
-1401 -1404 0
-1402 -1403 0
-1402 -1404 0
-1403 -1404 0
-1405 -1406 0
-1405 -1407 0
-1405 -1408 0
-1405 -1409 0
-1405 -1410 0
-1405 -1411 0
-1405 -1412 0
-1405 -1413 0
-1405 -1414 0
-1405 -1415 0
-1405 -1416 0
-1405 -1417 0
-1405 -1418 0
-1405 -1419 0
-1405 -1420 0
-1405 -1421 0
-1405 -1422 0
-1405 -1423 0
-1405 -1424 0
-1405 -1425 0
-1405 -1426 0
-1405 -1427 0
-1405 -1428 0
-1405 -1429 0
-1405 -1430 0
-1405 -1431 0
-1405 -1432 0
-1405 -1433 0
-1405 -1434 0
-1405 -1435 0
-1405 -1436 0
-1405 -1437 0
-1405 -1438 0
-1405 -1439 0
-1405 -1440 0
-1405 -1441 0
-1405 -1442 0
-1405 -1443 0
-1406 -1407 0
-1406 -1408 0
-1406 -1409 0
-1406 -1410 0
-1406 -1411 0
-1406 -1412 0
-1406 -1413 0
-1406 -1414 0
-1406 -1415 0
-1406 -1416 0
-1406 -1417 0
-1406 -1418 0
-1406 -1419 0
-1406 -1420 0
-1406 -1421 0
-1406 -1422 0
-1406 -1423 0
-1406 -1424 0
-1406 -1425 0
-1406 -1426 0
-1406 -1427 0
-1406 -1428 0
-1406 -1429 0
-1406 -1430 0
-1406 -1431 0
-1406 -1432 0
-1406 -1433 0
-1406 -1434 0
-1406 -1435 0
-1406 -1436 0
-1406 -1437 0
-1406 -1438 0
-1406 -1439 0
-1406 -1440 0
-1406 -1441 0
-1406 -1442 0
-1406 -1443 0
-1407 -1408 0
-1407 -1409 0
-1407 -1410 0
-1407 -1411 0
-1407 -1412 0
-1407 -1413 0
-1407 -1414 0
-1407 -1415 0
-1407 -1416 0
-1407 -1417 0
-1407 -1418 0
-1407 -1419 0
-1407 -1420 0
-1407 -1421 0
-1407 -1422 0
-1407 -1423 0
-1407 -1424 0
-1407 -1425 0
-1407 -1426 0
-1407 -1427 0
-1407 -1428 0
-1407 -1429 0
-1407 -1430 0
-1407 -1431 0
-1407 -1432 0
-1407 -1433 0
-1407 -1434 0
-1407 -1435 0
-1407 -1436 0
-1407 -1437 0
-1407 -1438 0
-1407 -1439 0
-1407 -1440 0
-1407 -1441 0
-1407 -1442 0
-1407 -1443 0
-1408 -1409 0
-1408 -1410 0
-1408 -1411 0
-1408 -1412 0
-1408 -1413 0
-1408 -1414 0
-1408 -1415 0
-1408 -1416 0
-1408 -1417 0
-1408 -1418 0
-1408 -1419 0
-1408 -1420 0
-1408 -1421 0
-1408 -1422 0
-1408 -1423 0
-1408 -1424 0
-1408 -1425 0
-1408 -1426 0
-1408 -1427 0
-1408 -1428 0
-1408 -1429 0
-1408 -1430 0
-1408 -1431 0
-1408 -1432 0
-1408 -1433 0
-1408 -1434 0
-1408 -1435 0
-1408 -1436 0
-1408 -1437 0
-1408 -1438 0
-1408 -1439 0
-1408 -1440 0
-1408 -1441 0
-1408 -1442 0
-1408 -1443 0
-1409 -1410 0
-1409 -1411 0
-1409 -1412 0
-1409 -1413 0
-1409 -1414 0
-1409 -1415 0
-1409 -1416 0
-1409 -1417 0
-1409 -1418 0
-1409 -1419 0
-1409 -1420 0
-1409 -1421 0
-1409 -1422 0
-1409 -1423 0
-1409 -1424 0
-1409 -1425 0
-1409 -1426 0
-1409 -1427 0
-1409 -1428 0
-1409 -1429 0
-1409 -1430 0
-1409 -1431 0
-1409 -1432 0
-1409 -1433 0
-1409 -1434 0
-1409 -1435 0
-1409 -1436 0
-1409 -1437 0
-1409 -1438 0
-1409 -1439 0
-1409 -1440 0
-1409 -1441 0
-1409 -1442 0
-1409 -1443 0
-1410 -1411 0
-1410 -1412 0
-1410 -1413 0
-1410 -1414 0
-1410 -1415 0
-1410 -1416 0
-1410 -1417 0
-1410 -1418 0
-1410 -1419 0
-1410 -1420 0
-1410 -1421 0
-1410 -1422 0
-1410 -1423 0
-1410 -1424 0
-1410 -1425 0
-1410 -1426 0
-1410 -1427 0
-1410 -1428 0
-1410 -1429 0
-1410 -1430 0
-1410 -1431 0
-1410 -1432 0
-1410 -1433 0
-1410 -1434 0
-1410 -1435 0
-1410 -1436 0
-1410 -1437 0
-1410 -1438 0
-1410 -1439 0
-1410 -1440 0
-1410 -1441 0
-1410 -1442 0
-1410 -1443 0
-1411 -1412 0
-1411 -1413 0
-1411 -1414 0
-1411 -1415 0
-1411 -1416 0
-1411 -1417 0
-1411 -1418 0
-1411 -1419 0
-1411 -1420 0
-1411 -1421 0
-1411 -1422 0
-1411 -1423 0
-1411 -1424 0
-1411 -1425 0
-1411 -1426 0
-1411 -1427 0
-1411 -1428 0
-1411 -1429 0
-1411 -1430 0
-1411 -1431 0
-1411 -1432 0
-1411 -1433 0
-1411 -1434 0
-1411 -1435 0
-1411 -1436 0
-1411 -1437 0
-1411 -1438 0
-1411 -1439 0
-1411 -1440 0
-1411 -1441 0
-1411 -1442 0
-1411 -1443 0
-1412 -1413 0
-1412 -1414 0
-1412 -1415 0
-1412 -1416 0
-1412 -1417 0
-1412 -1418 0
-1412 -1419 0
-1412 -1420 0
-1412 -1421 0
-1412 -1422 0
-1412 -1423 0
-1412 -1424 0
-1412 -1425 0
-1412 -1426 0
-1412 -1427 0
-1412 -1428 0
-1412 -1429 0
-1412 -1430 0
-1412 -1431 0
-1412 -1432 0
-1412 -1433 0
-1412 -1434 0
-1412 -1435 0
-1412 -1436 0
-1412 -1437 0
-1412 -1438 0
-1412 -1439 0
-1412 -1440 0
-1412 -1441 0
-1412 -1442 0
-1412 -1443 0
-1413 -1414 0
-1413 -1415 0
-1413 -1416 0
-1413 -1417 0
-1413 -1418 0
-1413 -1419 0
-1413 -1420 0
-1413 -1421 0
-1413 -1422 0
-1413 -1423 0
-1413 -1424 0
-1413 -1425 0
-1413 -1426 0
-1413 -1427 0
-1413 -1428 0
-1413 -1429 0
-1413 -1430 0
-1413 -1431 0
-1413 -1432 0
-1413 -1433 0
-1413 -1434 0
-1413 -1435 0
-1413 -1436 0
-1413 -1437 0
-1413 -1438 0
-1413 -1439 0
-1413 -1440 0
-1413 -1441 0
-1413 -1442 0
-1413 -1443 0
-1414 -1415 0
-1414 -1416 0
-1414 -1417 0
-1414 -1418 0
-1414 -1419 0
-1414 -1420 0
-1414 -1421 0
-1414 -1422 0
-1414 -1423 0
-1414 -1424 0
-1414 -1425 0
-1414 -1426 0
-1414 -1427 0
-1414 -1428 0
-1414 -1429 0
-1414 -1430 0
-1414 -1431 0
-1414 -1432 0
-1414 -1433 0
-1414 -1434 0
-1414 -1435 0
-1414 -1436 0
-1414 -1437 0
-1414 -1438 0
-1414 -1439 0
-1414 -1440 0
-1414 -1441 0
-1414 -1442 0
-1414 -1443 0
-1415 -1416 0
-1415 -1417 0
-1415 -1418 0
-1415 -1419 0
-1415 -1420 0
-1415 -1421 0
-1415 -1422 0
-1415 -1423 0
-1415 -1424 0
-1415 -1425 0
-1415 -1426 0
-1415 -1427 0
-1415 -1428 0
-1415 -1429 0
-1415 -1430 0
-1415 -1431 0
-1415 -1432 0
-1415 -1433 0
-1415 -1434 0
-1415 -1435 0
-1415 -1436 0
-1415 -1437 0
-1415 -1438 0
-1415 -1439 0
-1415 -1440 0
-1415 -1441 0
-1415 -1442 0
-1415 -1443 0
-1416 -1417 0
-1416 -1418 0
-1416 -1419 0
-1416 -1420 0
-1416 -1421 0
-1416 -1422 0
-1416 -1423 0
-1416 -1424 0
-1416 -1425 0
-1416 -1426 0
-1416 -1427 0
-1416 -1428 0
-1416 -1429 0
-1416 -1430 0
-1416 -1431 0
-1416 -1432 0
-1416 -1433 0
-1416 -1434 0
-1416 -1435 0
-1416 -1436 0
-1416 -1437 0
-1416 -1438 0
-1416 -1439 0
-1416 -1440 0
-1416 -1441 0
-1416 -1442 0
-1416 -1443 0
-1417 -1418 0
-1417 -1419 0
-1417 -1420 0
-1417 -1421 0
-1417 -1422 0
-1417 -1423 0
-1417 -1424 0
-1417 -1425 0
-1417 -1426 0
-1417 -1427 0
-1417 -1428 0
-1417 -1429 0
-1417 -1430 0
-1417 -1431 0
-1417 -1432 0
-1417 -1433 0
-1417 -1434 0
-1417 -1435 0
-1417 -1436 0
-1417 -1437 0
-1417 -1438 0
-1417 -1439 0
-1417 -1440 0
-1417 -1441 0
-1417 -1442 0
-1417 -1443 0
-1418 -1419 0
-1418 -1420 0
-1418 -1421 0
-1418 -1422 0
-1418 -1423 0
-1418 -1424 0
-1418 -1425 0
-1418 -1426 0
-1418 -1427 0
-1418 -1428 0
-1418 -1429 0
-1418 -1430 0
-1418 -1431 0
-1418 -1432 0
-1418 -1433 0
-1418 -1434 0
-1418 -1435 0
-1418 -1436 0
-1418 -1437 0
-1418 -1438 0
-1418 -1439 0
-1418 -1440 0
-1418 -1441 0
-1418 -1442 0
-1418 -1443 0
-1419 -1420 0
-1419 -1421 0
-1419 -1422 0
-1419 -1423 0
-1419 -1424 0
-1419 -1425 0
-1419 -1426 0
-1419 -1427 0
-1419 -1428 0
-1419 -1429 0
-1419 -1430 0
-1419 -1431 0
-1419 -1432 0
-1419 -1433 0
-1419 -1434 0
-1419 -1435 0
-1419 -1436 0
-1419 -1437 0
-1419 -1438 0
-1419 -1439 0
-1419 -1440 0
-1419 -1441 0
-1419 -1442 0
-1419 -1443 0
-1420 -1421 0
-1420 -1422 0
-1420 -1423 0
-1420 -1424 0
-1420 -1425 0
-1420 -1426 0
-1420 -1427 0
-1420 -1428 0
-1420 -1429 0
-1420 -1430 0
-1420 -1431 0
-1420 -1432 0
-1420 -1433 0
-1420 -1434 0
-1420 -1435 0
-1420 -1436 0
-1420 -1437 0
-1420 -1438 0
-1420 -1439 0
-1420 -1440 0
-1420 -1441 0
-1420 -1442 0
-1420 -1443 0
-1421 -1422 0
-1421 -1423 0
-1421 -1424 0
-1421 -1425 0
-1421 -1426 0
-1421 -1427 0
-1421 -1428 0
-1421 -1429 0
-1421 -1430 0
-1421 -1431 0
-1421 -1432 0
-1421 -1433 0
-1421 -1434 0
-1421 -1435 0
-1421 -1436 0
-1421 -1437 0
-1421 -1438 0
-1421 -1439 0
-1421 -1440 0
-1421 -1441 0
-1421 -1442 0
-1421 -1443 0
-1422 -1423 0
-1422 -1424 0
-1422 -1425 0
-1422 -1426 0
-1422 -1427 0
-1422 -1428 0
-1422 -1429 0
-1422 -1430 0
-1422 -1431 0
-1422 -1432 0
-1422 -1433 0
-1422 -1434 0
-1422 -1435 0
-1422 -1436 0
-1422 -1437 0
-1422 -1438 0
-1422 -1439 0
-1422 -1440 0
-1422 -1441 0
-1422 -1442 0
-1422 -1443 0
-1423 -1424 0
-1423 -1425 0
-1423 -1426 0
-1423 -1427 0
-1423 -1428 0
-1423 -1429 0
-1423 -1430 0
-1423 -1431 0
-1423 -1432 0
-1423 -1433 0
-1423 -1434 0
-1423 -1435 0
-1423 -1436 0
-1423 -1437 0
-1423 -1438 0
-1423 -1439 0
-1423 -1440 0
-1423 -1441 0
-1423 -1442 0
-1423 -1443 0
-1424 -1425 0
-1424 -1426 0
-1424 -1427 0
-1424 -1428 0
-1424 -1429 0
-1424 -1430 0
-1424 -1431 0
-1424 -1432 0
-1424 -1433 0
-1424 -1434 0
-1424 -1435 0
-1424 -1436 0
-1424 -1437 0
-1424 -1438 0
-1424 -1439 0
-1424 -1440 0
-1424 -1441 0
-1424 -1442 0
-1424 -1443 0
-1425 -1426 0
-1425 -1427 0
-1425 -1428 0
-1425 -1429 0
-1425 -1430 0
-1425 -1431 0
-1425 -1432 0
-1425 -1433 0
-1425 -1434 0
-1425 -1435 0
-1425 -1436 0
-1425 -1437 0
-1425 -1438 0
-1425 -1439 0
-1425 -1440 0
-1425 -1441 0
-1425 -1442 0
-1425 -1443 0
-1426 -1427 0
-1426 -1428 0
-1426 -1429 0
-1426 -1430 0
-1426 -1431 0
-1426 -1432 0
-1426 -1433 0
-1426 -1434 0
-1426 -1435 0
-1426 -1436 0
-1426 -1437 0
-1426 -1438 0
-1426 -1439 0
-1426 -1440 0
-1426 -1441 0
-1426 -1442 0
-1426 -1443 0
-1427 -1428 0
-1427 -1429 0
-1427 -1430 0
-1427 -1431 0
-1427 -1432 0
-1427 -1433 0
-1427 -1434 0
-1427 -1435 0
-1427 -1436 0
-1427 -1437 0
-1427 -1438 0
-1427 -1439 0
-1427 -1440 0
-1427 -1441 0
-1427 -1442 0
-1427 -1443 0
-1428 -1429 0
-1428 -1430 0
-1428 -1431 0
-1428 -1432 0
-1428 -1433 0
-1428 -1434 0
-1428 -1435 0
-1428 -1436 0
-1428 -1437 0
-1428 -1438 0
-1428 -1439 0
-1428 -1440 0
-1428 -1441 0
-1428 -1442 0
-1428 -1443 0
-1429 -1430 0
-1429 -1431 0
-1429 -1432 0
-1429 -1433 0
-1429 -1434 0
-1429 -1435 0
-1429 -1436 0
-1429 -1437 0
-1429 -1438 0
-1429 -1439 0
-1429 -1440 0
-1429 -1441 0
-1429 -1442 0
-1429 -1443 0
-1430 -1431 0
-1430 -1432 0
-1430 -1433 0
-1430 -1434 0
-1430 -1435 0
-1430 -1436 0
-1430 -1437 0
-1430 -1438 0
-1430 -1439 0
-1430 -1440 0
-1430 -1441 0
-1430 -1442 0
-1430 -1443 0
-1431 -1432 0
-1431 -1433 0
-1431 -1434 0
-1431 -1435 0
-1431 -1436 0
-1431 -1437 0
-1431 -1438 0
-1431 -1439 0
-1431 -1440 0
-1431 -1441 0
-1431 -1442 0
-1431 -1443 0
-1432 -1433 0
-1432 -1434 0
-1432 -1435 0
-1432 -1436 0
-1432 -1437 0
-1432 -1438 0
-1432 -1439 0
-1432 -1440 0
-1432 -1441 0
-1432 -1442 0
-1432 -1443 0
-1433 -1434 0
-1433 -1435 0
-1433 -1436 0
-1433 -1437 0
-1433 -1438 0
-1433 -1439 0
-1433 -1440 0
-1433 -1441 0
-1433 -1442 0
-1433 -1443 0
-1434 -1435 0
-1434 -1436 0
-1434 -1437 0
-1434 -1438 0
-1434 -1439 0
-1434 -1440 0
-1434 -1441 0
-1434 -1442 0
-1434 -1443 0
-1435 -1436 0
-1435 -1437 0
-1435 -1438 0
-1435 -1439 0
-1435 -1440 0
-1435 -1441 0
-1435 -1442 0
-1435 -1443 0
-1436 -1437 0
-1436 -1438 0
-1436 -1439 0
-1436 -1440 0
-1436 -1441 0
-1436 -1442 0
-1436 -1443 0
-1437 -1438 0
-1437 -1439 0
-1437 -1440 0
-1437 -1441 0
-1437 -1442 0
-1437 -1443 0
-1438 -1439 0
-1438 -1440 0
-1438 -1441 0
-1438 -1442 0
-1438 -1443 0
-1439 -1440 0
-1439 -1441 0
-1439 -1442 0
-1439 -1443 0
-1440 -1441 0
-1440 -1442 0
-1440 -1443 0
-1441 -1442 0
-1441 -1443 0
-1442 -1443 0
-1444 -1445 0
-1444 -1446 0
-1444 -1447 0
-1444 -1448 0
-1444 -1449 0
-1444 -1450 0
-1444 -1451 0
-1444 -1452 0
-1444 -1453 0
-1444 -1454 0
-1444 -1455 0
-1444 -1456 0
-1444 -1457 0
-1444 -1458 0
-1444 -1459 0
-1444 -1460 0
-1444 -1461 0
-1444 -1462 0
-1444 -1463 0
-1444 -1464 0
-1444 -1465 0
-1444 -1466 0
-1444 -1467 0
-1444 -1468 0
-1444 -1469 0
-1444 -1470 0
-1444 -1471 0
-1444 -1472 0
-1444 -1473 0
-1444 -1474 0
-1444 -1475 0
-1444 -1476 0
-1444 -1477 0
-1444 -1478 0
-1444 -1479 0
-1444 -1480 0
-1444 -1481 0
-1444 -1482 0
-1445 -1446 0
-1445 -1447 0
-1445 -1448 0
-1445 -1449 0
-1445 -1450 0
-1445 -1451 0
-1445 -1452 0
-1445 -1453 0
-1445 -1454 0
-1445 -1455 0
-1445 -1456 0
-1445 -1457 0
-1445 -1458 0
-1445 -1459 0
-1445 -1460 0
-1445 -1461 0
-1445 -1462 0
-1445 -1463 0
-1445 -1464 0
-1445 -1465 0
-1445 -1466 0
-1445 -1467 0
-1445 -1468 0
-1445 -1469 0
-1445 -1470 0
-1445 -1471 0
-1445 -1472 0
-1445 -1473 0
-1445 -1474 0
-1445 -1475 0
-1445 -1476 0
-1445 -1477 0
-1445 -1478 0
-1445 -1479 0
-1445 -1480 0
-1445 -1481 0
-1445 -1482 0
-1446 -1447 0
-1446 -1448 0
-1446 -1449 0
-1446 -1450 0
-1446 -1451 0
-1446 -1452 0
-1446 -1453 0
-1446 -1454 0
-1446 -1455 0
-1446 -1456 0
-1446 -1457 0
-1446 -1458 0
-1446 -1459 0
-1446 -1460 0
-1446 -1461 0
-1446 -1462 0
-1446 -1463 0
-1446 -1464 0
-1446 -1465 0
-1446 -1466 0
-1446 -1467 0
-1446 -1468 0
-1446 -1469 0
-1446 -1470 0
-1446 -1471 0
-1446 -1472 0
-1446 -1473 0
-1446 -1474 0
-1446 -1475 0
-1446 -1476 0
-1446 -1477 0
-1446 -1478 0
-1446 -1479 0
-1446 -1480 0
-1446 -1481 0
-1446 -1482 0
-1447 -1448 0
-1447 -1449 0
-1447 -1450 0
-1447 -1451 0
-1447 -1452 0
-1447 -1453 0
-1447 -1454 0
-1447 -1455 0
-1447 -1456 0
-1447 -1457 0
-1447 -1458 0
-1447 -1459 0
-1447 -1460 0
-1447 -1461 0
-1447 -1462 0
-1447 -1463 0
-1447 -1464 0
-1447 -1465 0
-1447 -1466 0
-1447 -1467 0
-1447 -1468 0
-1447 -1469 0
-1447 -1470 0
-1447 -1471 0
-1447 -1472 0
-1447 -1473 0
-1447 -1474 0
-1447 -1475 0
-1447 -1476 0
-1447 -1477 0
-1447 -1478 0
-1447 -1479 0
-1447 -1480 0
-1447 -1481 0
-1447 -1482 0
-1448 -1449 0
-1448 -1450 0
-1448 -1451 0
-1448 -1452 0
-1448 -1453 0
-1448 -1454 0
-1448 -1455 0
-1448 -1456 0
-1448 -1457 0
-1448 -1458 0
-1448 -1459 0
-1448 -1460 0
-1448 -1461 0
-1448 -1462 0
-1448 -1463 0
-1448 -1464 0
-1448 -1465 0
-1448 -1466 0
-1448 -1467 0
-1448 -1468 0
-1448 -1469 0
-1448 -1470 0
-1448 -1471 0
-1448 -1472 0
-1448 -1473 0
-1448 -1474 0
-1448 -1475 0
-1448 -1476 0
-1448 -1477 0
-1448 -1478 0
-1448 -1479 0
-1448 -1480 0
-1448 -1481 0
-1448 -1482 0
-1449 -1450 0
-1449 -1451 0
-1449 -1452 0
-1449 -1453 0
-1449 -1454 0
-1449 -1455 0
-1449 -1456 0
-1449 -1457 0
-1449 -1458 0
-1449 -1459 0
-1449 -1460 0
-1449 -1461 0
-1449 -1462 0
-1449 -1463 0
-1449 -1464 0
-1449 -1465 0
-1449 -1466 0
-1449 -1467 0
-1449 -1468 0
-1449 -1469 0
-1449 -1470 0
-1449 -1471 0
-1449 -1472 0
-1449 -1473 0
-1449 -1474 0
-1449 -1475 0
-1449 -1476 0
-1449 -1477 0
-1449 -1478 0
-1449 -1479 0
-1449 -1480 0
-1449 -1481 0
-1449 -1482 0
-1450 -1451 0
-1450 -1452 0
-1450 -1453 0
-1450 -1454 0
-1450 -1455 0
-1450 -1456 0
-1450 -1457 0
-1450 -1458 0
-1450 -1459 0
-1450 -1460 0
-1450 -1461 0
-1450 -1462 0
-1450 -1463 0
-1450 -1464 0
-1450 -1465 0
-1450 -1466 0
-1450 -1467 0
-1450 -1468 0
-1450 -1469 0
-1450 -1470 0
-1450 -1471 0
-1450 -1472 0
-1450 -1473 0
-1450 -1474 0
-1450 -1475 0
-1450 -1476 0
-1450 -1477 0
-1450 -1478 0
-1450 -1479 0
-1450 -1480 0
-1450 -1481 0
-1450 -1482 0
-1451 -1452 0
-1451 -1453 0
-1451 -1454 0
-1451 -1455 0
-1451 -1456 0
-1451 -1457 0
-1451 -1458 0
-1451 -1459 0
-1451 -1460 0
-1451 -1461 0
-1451 -1462 0
-1451 -1463 0
-1451 -1464 0
-1451 -1465 0
-1451 -1466 0
-1451 -1467 0
-1451 -1468 0
-1451 -1469 0
-1451 -1470 0
-1451 -1471 0
-1451 -1472 0
-1451 -1473 0
-1451 -1474 0
-1451 -1475 0
-1451 -1476 0
-1451 -1477 0
-1451 -1478 0
-1451 -1479 0
-1451 -1480 0
-1451 -1481 0
-1451 -1482 0
-1452 -1453 0
-1452 -1454 0
-1452 -1455 0
-1452 -1456 0
-1452 -1457 0
-1452 -1458 0
-1452 -1459 0
-1452 -1460 0
-1452 -1461 0
-1452 -1462 0
-1452 -1463 0
-1452 -1464 0
-1452 -1465 0
-1452 -1466 0
-1452 -1467 0
-1452 -1468 0
-1452 -1469 0
-1452 -1470 0
-1452 -1471 0
-1452 -1472 0
-1452 -1473 0
-1452 -1474 0
-1452 -1475 0
-1452 -1476 0
-1452 -1477 0
-1452 -1478 0
-1452 -1479 0
-1452 -1480 0
-1452 -1481 0
-1452 -1482 0
-1453 -1454 0
-1453 -1455 0
-1453 -1456 0
-1453 -1457 0
-1453 -1458 0
-1453 -1459 0
-1453 -1460 0
-1453 -1461 0
-1453 -1462 0
-1453 -1463 0
-1453 -1464 0
-1453 -1465 0
-1453 -1466 0
-1453 -1467 0
-1453 -1468 0
-1453 -1469 0
-1453 -1470 0
-1453 -1471 0
-1453 -1472 0
-1453 -1473 0
-1453 -1474 0
-1453 -1475 0
-1453 -1476 0
-1453 -1477 0
-1453 -1478 0
-1453 -1479 0
-1453 -1480 0
-1453 -1481 0
-1453 -1482 0
-1454 -1455 0
-1454 -1456 0
-1454 -1457 0
-1454 -1458 0
-1454 -1459 0
-1454 -1460 0
-1454 -1461 0
-1454 -1462 0
-1454 -1463 0
-1454 -1464 0
-1454 -1465 0
-1454 -1466 0
-1454 -1467 0
-1454 -1468 0
-1454 -1469 0
-1454 -1470 0
-1454 -1471 0
-1454 -1472 0
-1454 -1473 0
-1454 -1474 0
-1454 -1475 0
-1454 -1476 0
-1454 -1477 0
-1454 -1478 0
-1454 -1479 0
-1454 -1480 0
-1454 -1481 0
-1454 -1482 0
-1455 -1456 0
-1455 -1457 0
-1455 -1458 0
-1455 -1459 0
-1455 -1460 0
-1455 -1461 0
-1455 -1462 0
-1455 -1463 0
-1455 -1464 0
-1455 -1465 0
-1455 -1466 0
-1455 -1467 0
-1455 -1468 0
-1455 -1469 0
-1455 -1470 0
-1455 -1471 0
-1455 -1472 0
-1455 -1473 0
-1455 -1474 0
-1455 -1475 0
-1455 -1476 0
-1455 -1477 0
-1455 -1478 0
-1455 -1479 0
-1455 -1480 0
-1455 -1481 0
-1455 -1482 0
-1456 -1457 0
-1456 -1458 0
-1456 -1459 0
-1456 -1460 0
-1456 -1461 0
-1456 -1462 0
-1456 -1463 0
-1456 -1464 0
-1456 -1465 0
-1456 -1466 0
-1456 -1467 0
-1456 -1468 0
-1456 -1469 0
-1456 -1470 0
-1456 -1471 0
-1456 -1472 0
-1456 -1473 0
-1456 -1474 0
-1456 -1475 0
-1456 -1476 0
-1456 -1477 0
-1456 -1478 0
-1456 -1479 0
-1456 -1480 0
-1456 -1481 0
-1456 -1482 0
-1457 -1458 0
-1457 -1459 0
-1457 -1460 0
-1457 -1461 0
-1457 -1462 0
-1457 -1463 0
-1457 -1464 0
-1457 -1465 0
-1457 -1466 0
-1457 -1467 0
-1457 -1468 0
-1457 -1469 0
-1457 -1470 0
-1457 -1471 0
-1457 -1472 0
-1457 -1473 0
-1457 -1474 0
-1457 -1475 0
-1457 -1476 0
-1457 -1477 0
-1457 -1478 0
-1457 -1479 0
-1457 -1480 0
-1457 -1481 0
-1457 -1482 0
-1458 -1459 0
-1458 -1460 0
-1458 -1461 0
-1458 -1462 0
-1458 -1463 0
-1458 -1464 0
-1458 -1465 0
-1458 -1466 0
-1458 -1467 0
-1458 -1468 0
-1458 -1469 0
-1458 -1470 0
-1458 -1471 0
-1458 -1472 0
-1458 -1473 0
-1458 -1474 0
-1458 -1475 0
-1458 -1476 0
-1458 -1477 0
-1458 -1478 0
-1458 -1479 0
-1458 -1480 0
-1458 -1481 0
-1458 -1482 0
-1459 -1460 0
-1459 -1461 0
-1459 -1462 0
-1459 -1463 0
-1459 -1464 0
-1459 -1465 0
-1459 -1466 0
-1459 -1467 0
-1459 -1468 0
-1459 -1469 0
-1459 -1470 0
-1459 -1471 0
-1459 -1472 0
-1459 -1473 0
-1459 -1474 0
-1459 -1475 0
-1459 -1476 0
-1459 -1477 0
-1459 -1478 0
-1459 -1479 0
-1459 -1480 0
-1459 -1481 0
-1459 -1482 0
-1460 -1461 0
-1460 -1462 0
-1460 -1463 0
-1460 -1464 0
-1460 -1465 0
-1460 -1466 0
-1460 -1467 0
-1460 -1468 0
-1460 -1469 0
-1460 -1470 0
-1460 -1471 0
-1460 -1472 0
-1460 -1473 0
-1460 -1474 0
-1460 -1475 0
-1460 -1476 0
-1460 -1477 0
-1460 -1478 0
-1460 -1479 0
-1460 -1480 0
-1460 -1481 0
-1460 -1482 0
-1461 -1462 0
-1461 -1463 0
-1461 -1464 0
-1461 -1465 0
-1461 -1466 0
-1461 -1467 0
-1461 -1468 0
-1461 -1469 0
-1461 -1470 0
-1461 -1471 0
-1461 -1472 0
-1461 -1473 0
-1461 -1474 0
-1461 -1475 0
-1461 -1476 0
-1461 -1477 0
-1461 -1478 0
-1461 -1479 0
-1461 -1480 0
-1461 -1481 0
-1461 -1482 0
-1462 -1463 0
-1462 -1464 0
-1462 -1465 0
-1462 -1466 0
-1462 -1467 0
-1462 -1468 0
-1462 -1469 0
-1462 -1470 0
-1462 -1471 0
-1462 -1472 0
-1462 -1473 0
-1462 -1474 0
-1462 -1475 0
-1462 -1476 0
-1462 -1477 0
-1462 -1478 0
-1462 -1479 0
-1462 -1480 0
-1462 -1481 0
-1462 -1482 0
-1463 -1464 0
-1463 -1465 0
-1463 -1466 0
-1463 -1467 0
-1463 -1468 0
-1463 -1469 0
-1463 -1470 0
-1463 -1471 0
-1463 -1472 0
-1463 -1473 0
-1463 -1474 0
-1463 -1475 0
-1463 -1476 0
-1463 -1477 0
-1463 -1478 0
-1463 -1479 0
-1463 -1480 0
-1463 -1481 0
-1463 -1482 0
-1464 -1465 0
-1464 -1466 0
-1464 -1467 0
-1464 -1468 0
-1464 -1469 0
-1464 -1470 0
-1464 -1471 0
-1464 -1472 0
-1464 -1473 0
-1464 -1474 0
-1464 -1475 0
-1464 -1476 0
-1464 -1477 0
-1464 -1478 0
-1464 -1479 0
-1464 -1480 0
-1464 -1481 0
-1464 -1482 0
-1465 -1466 0
-1465 -1467 0
-1465 -1468 0
-1465 -1469 0
-1465 -1470 0
-1465 -1471 0
-1465 -1472 0
-1465 -1473 0
-1465 -1474 0
-1465 -1475 0
-1465 -1476 0
-1465 -1477 0
-1465 -1478 0
-1465 -1479 0
-1465 -1480 0
-1465 -1481 0
-1465 -1482 0
-1466 -1467 0
-1466 -1468 0
-1466 -1469 0
-1466 -1470 0
-1466 -1471 0
-1466 -1472 0
-1466 -1473 0
-1466 -1474 0
-1466 -1475 0
-1466 -1476 0
-1466 -1477 0
-1466 -1478 0
-1466 -1479 0
-1466 -1480 0
-1466 -1481 0
-1466 -1482 0
-1467 -1468 0
-1467 -1469 0
-1467 -1470 0
-1467 -1471 0
-1467 -1472 0
-1467 -1473 0
-1467 -1474 0
-1467 -1475 0
-1467 -1476 0
-1467 -1477 0
-1467 -1478 0
-1467 -1479 0
-1467 -1480 0
-1467 -1481 0
-1467 -1482 0
-1468 -1469 0
-1468 -1470 0
-1468 -1471 0
-1468 -1472 0
-1468 -1473 0
-1468 -1474 0
-1468 -1475 0
-1468 -1476 0
-1468 -1477 0
-1468 -1478 0
-1468 -1479 0
-1468 -1480 0
-1468 -1481 0
-1468 -1482 0
-1469 -1470 0
-1469 -1471 0
-1469 -1472 0
-1469 -1473 0
-1469 -1474 0
-1469 -1475 0
-1469 -1476 0
-1469 -1477 0
-1469 -1478 0
-1469 -1479 0
-1469 -1480 0
-1469 -1481 0
-1469 -1482 0
-1470 -1471 0
-1470 -1472 0
-1470 -1473 0
-1470 -1474 0
-1470 -1475 0
-1470 -1476 0
-1470 -1477 0
-1470 -1478 0
-1470 -1479 0
-1470 -1480 0
-1470 -1481 0
-1470 -1482 0
-1471 -1472 0
-1471 -1473 0
-1471 -1474 0
-1471 -1475 0
-1471 -1476 0
-1471 -1477 0
-1471 -1478 0
-1471 -1479 0
-1471 -1480 0
-1471 -1481 0
-1471 -1482 0
-1472 -1473 0
-1472 -1474 0
-1472 -1475 0
-1472 -1476 0
-1472 -1477 0
-1472 -1478 0
-1472 -1479 0
-1472 -1480 0
-1472 -1481 0
-1472 -1482 0
-1473 -1474 0
-1473 -1475 0
-1473 -1476 0
-1473 -1477 0
-1473 -1478 0
-1473 -1479 0
-1473 -1480 0
-1473 -1481 0
-1473 -1482 0
-1474 -1475 0
-1474 -1476 0
-1474 -1477 0
-1474 -1478 0
-1474 -1479 0
-1474 -1480 0
-1474 -1481 0
-1474 -1482 0
-1475 -1476 0
-1475 -1477 0
-1475 -1478 0
-1475 -1479 0
-1475 -1480 0
-1475 -1481 0
-1475 -1482 0
-1476 -1477 0
-1476 -1478 0
-1476 -1479 0
-1476 -1480 0
-1476 -1481 0
-1476 -1482 0
-1477 -1478 0
-1477 -1479 0
-1477 -1480 0
-1477 -1481 0
-1477 -1482 0
-1478 -1479 0
-1478 -1480 0
-1478 -1481 0
-1478 -1482 0
-1479 -1480 0
-1479 -1481 0
-1479 -1482 0
-1480 -1481 0
-1480 -1482 0
-1481 -1482 0
-1483 -1484 0
-1483 -1485 0
-1483 -1486 0
-1483 -1487 0
-1483 -1488 0
-1483 -1489 0
-1483 -1490 0
-1483 -1491 0
-1483 -1492 0
-1483 -1493 0
-1483 -1494 0
-1483 -1495 0
-1483 -1496 0
-1483 -1497 0
-1483 -1498 0
-1483 -1499 0
-1483 -1500 0
-1483 -1501 0
-1483 -1502 0
-1483 -1503 0
-1483 -1504 0
-1483 -1505 0
-1483 -1506 0
-1483 -1507 0
-1483 -1508 0
-1483 -1509 0
-1483 -1510 0
-1483 -1511 0
-1483 -1512 0
-1483 -1513 0
-1483 -1514 0
-1483 -1515 0
-1483 -1516 0
-1483 -1517 0
-1483 -1518 0
-1483 -1519 0
-1483 -1520 0
-1483 -1521 0
-1484 -1485 0
-1484 -1486 0
-1484 -1487 0
-1484 -1488 0
-1484 -1489 0
-1484 -1490 0
-1484 -1491 0
-1484 -1492 0
-1484 -1493 0
-1484 -1494 0
-1484 -1495 0
-1484 -1496 0
-1484 -1497 0
-1484 -1498 0
-1484 -1499 0
-1484 -1500 0
-1484 -1501 0
-1484 -1502 0
-1484 -1503 0
-1484 -1504 0
-1484 -1505 0
-1484 -1506 0
-1484 -1507 0
-1484 -1508 0
-1484 -1509 0
-1484 -1510 0
-1484 -1511 0
-1484 -1512 0
-1484 -1513 0
-1484 -1514 0
-1484 -1515 0
-1484 -1516 0
-1484 -1517 0
-1484 -1518 0
-1484 -1519 0
-1484 -1520 0
-1484 -1521 0
-1485 -1486 0
-1485 -1487 0
-1485 -1488 0
-1485 -1489 0
-1485 -1490 0
-1485 -1491 0
-1485 -1492 0
-1485 -1493 0
-1485 -1494 0
-1485 -1495 0
-1485 -1496 0
-1485 -1497 0
-1485 -1498 0
-1485 -1499 0
-1485 -1500 0
-1485 -1501 0
-1485 -1502 0
-1485 -1503 0
-1485 -1504 0
-1485 -1505 0
-1485 -1506 0
-1485 -1507 0
-1485 -1508 0
-1485 -1509 0
-1485 -1510 0
-1485 -1511 0
-1485 -1512 0
-1485 -1513 0
-1485 -1514 0
-1485 -1515 0
-1485 -1516 0
-1485 -1517 0
-1485 -1518 0
-1485 -1519 0
-1485 -1520 0
-1485 -1521 0
-1486 -1487 0
-1486 -1488 0
-1486 -1489 0
-1486 -1490 0
-1486 -1491 0
-1486 -1492 0
-1486 -1493 0
-1486 -1494 0
-1486 -1495 0
-1486 -1496 0
-1486 -1497 0
-1486 -1498 0
-1486 -1499 0
-1486 -1500 0
-1486 -1501 0
-1486 -1502 0
-1486 -1503 0
-1486 -1504 0
-1486 -1505 0
-1486 -1506 0
-1486 -1507 0
-1486 -1508 0
-1486 -1509 0
-1486 -1510 0
-1486 -1511 0
-1486 -1512 0
-1486 -1513 0
-1486 -1514 0
-1486 -1515 0
-1486 -1516 0
-1486 -1517 0
-1486 -1518 0
-1486 -1519 0
-1486 -1520 0
-1486 -1521 0
-1487 -1488 0
-1487 -1489 0
-1487 -1490 0
-1487 -1491 0
-1487 -1492 0
-1487 -1493 0
-1487 -1494 0
-1487 -1495 0
-1487 -1496 0
-1487 -1497 0
-1487 -1498 0
-1487 -1499 0
-1487 -1500 0
-1487 -1501 0
-1487 -1502 0
-1487 -1503 0
-1487 -1504 0
-1487 -1505 0
-1487 -1506 0
-1487 -1507 0
-1487 -1508 0
-1487 -1509 0
-1487 -1510 0
-1487 -1511 0
-1487 -1512 0
-1487 -1513 0
-1487 -1514 0
-1487 -1515 0
-1487 -1516 0
-1487 -1517 0
-1487 -1518 0
-1487 -1519 0
-1487 -1520 0
-1487 -1521 0
-1488 -1489 0
-1488 -1490 0
-1488 -1491 0
-1488 -1492 0
-1488 -1493 0
-1488 -1494 0
-1488 -1495 0
-1488 -1496 0
-1488 -1497 0
-1488 -1498 0
-1488 -1499 0
-1488 -1500 0
-1488 -1501 0
-1488 -1502 0
-1488 -1503 0
-1488 -1504 0
-1488 -1505 0
-1488 -1506 0
-1488 -1507 0
-1488 -1508 0
-1488 -1509 0
-1488 -1510 0
-1488 -1511 0
-1488 -1512 0
-1488 -1513 0
-1488 -1514 0
-1488 -1515 0
-1488 -1516 0
-1488 -1517 0
-1488 -1518 0
-1488 -1519 0
-1488 -1520 0
-1488 -1521 0
-1489 -1490 0
-1489 -1491 0
-1489 -1492 0
-1489 -1493 0
-1489 -1494 0
-1489 -1495 0
-1489 -1496 0
-1489 -1497 0
-1489 -1498 0
-1489 -1499 0
-1489 -1500 0
-1489 -1501 0
-1489 -1502 0
-1489 -1503 0
-1489 -1504 0
-1489 -1505 0
-1489 -1506 0
-1489 -1507 0
-1489 -1508 0
-1489 -1509 0
-1489 -1510 0
-1489 -1511 0
-1489 -1512 0
-1489 -1513 0
-1489 -1514 0
-1489 -1515 0
-1489 -1516 0
-1489 -1517 0
-1489 -1518 0
-1489 -1519 0
-1489 -1520 0
-1489 -1521 0
-1490 -1491 0
-1490 -1492 0
-1490 -1493 0
-1490 -1494 0
-1490 -1495 0
-1490 -1496 0
-1490 -1497 0
-1490 -1498 0
-1490 -1499 0
-1490 -1500 0
-1490 -1501 0
-1490 -1502 0
-1490 -1503 0
-1490 -1504 0
-1490 -1505 0
-1490 -1506 0
-1490 -1507 0
-1490 -1508 0
-1490 -1509 0
-1490 -1510 0
-1490 -1511 0
-1490 -1512 0
-1490 -1513 0
-1490 -1514 0
-1490 -1515 0
-1490 -1516 0
-1490 -1517 0
-1490 -1518 0
-1490 -1519 0
-1490 -1520 0
-1490 -1521 0
-1491 -1492 0
-1491 -1493 0
-1491 -1494 0
-1491 -1495 0
-1491 -1496 0
-1491 -1497 0
-1491 -1498 0
-1491 -1499 0
-1491 -1500 0
-1491 -1501 0
-1491 -1502 0
-1491 -1503 0
-1491 -1504 0
-1491 -1505 0
-1491 -1506 0
-1491 -1507 0
-1491 -1508 0
-1491 -1509 0
-1491 -1510 0
-1491 -1511 0
-1491 -1512 0
-1491 -1513 0
-1491 -1514 0
-1491 -1515 0
-1491 -1516 0
-1491 -1517 0
-1491 -1518 0
-1491 -1519 0
-1491 -1520 0
-1491 -1521 0
-1492 -1493 0
-1492 -1494 0
-1492 -1495 0
-1492 -1496 0
-1492 -1497 0
-1492 -1498 0
-1492 -1499 0
-1492 -1500 0
-1492 -1501 0
-1492 -1502 0
-1492 -1503 0
-1492 -1504 0
-1492 -1505 0
-1492 -1506 0
-1492 -1507 0
-1492 -1508 0
-1492 -1509 0
-1492 -1510 0
-1492 -1511 0
-1492 -1512 0
-1492 -1513 0
-1492 -1514 0
-1492 -1515 0
-1492 -1516 0
-1492 -1517 0
-1492 -1518 0
-1492 -1519 0
-1492 -1520 0
-1492 -1521 0
-1493 -1494 0
-1493 -1495 0
-1493 -1496 0
-1493 -1497 0
-1493 -1498 0
-1493 -1499 0
-1493 -1500 0
-1493 -1501 0
-1493 -1502 0
-1493 -1503 0
-1493 -1504 0
-1493 -1505 0
-1493 -1506 0
-1493 -1507 0
-1493 -1508 0
-1493 -1509 0
-1493 -1510 0
-1493 -1511 0
-1493 -1512 0
-1493 -1513 0
-1493 -1514 0
-1493 -1515 0
-1493 -1516 0
-1493 -1517 0
-1493 -1518 0
-1493 -1519 0
-1493 -1520 0
-1493 -1521 0
-1494 -1495 0
-1494 -1496 0
-1494 -1497 0
-1494 -1498 0
-1494 -1499 0
-1494 -1500 0
-1494 -1501 0
-1494 -1502 0
-1494 -1503 0
-1494 -1504 0
-1494 -1505 0
-1494 -1506 0
-1494 -1507 0
-1494 -1508 0
-1494 -1509 0
-1494 -1510 0
-1494 -1511 0
-1494 -1512 0
-1494 -1513 0
-1494 -1514 0
-1494 -1515 0
-1494 -1516 0
-1494 -1517 0
-1494 -1518 0
-1494 -1519 0
-1494 -1520 0
-1494 -1521 0
-1495 -1496 0
-1495 -1497 0
-1495 -1498 0
-1495 -1499 0
-1495 -1500 0
-1495 -1501 0
-1495 -1502 0
-1495 -1503 0
-1495 -1504 0
-1495 -1505 0
-1495 -1506 0
-1495 -1507 0
-1495 -1508 0
-1495 -1509 0
-1495 -1510 0
-1495 -1511 0
-1495 -1512 0
-1495 -1513 0
-1495 -1514 0
-1495 -1515 0
-1495 -1516 0
-1495 -1517 0
-1495 -1518 0
-1495 -1519 0
-1495 -1520 0
-1495 -1521 0
-1496 -1497 0
-1496 -1498 0
-1496 -1499 0
-1496 -1500 0
-1496 -1501 0
-1496 -1502 0
-1496 -1503 0
-1496 -1504 0
-1496 -1505 0
-1496 -1506 0
-1496 -1507 0
-1496 -1508 0
-1496 -1509 0
-1496 -1510 0
-1496 -1511 0
-1496 -1512 0
-1496 -1513 0
-1496 -1514 0
-1496 -1515 0
-1496 -1516 0
-1496 -1517 0
-1496 -1518 0
-1496 -1519 0
-1496 -1520 0
-1496 -1521 0
-1497 -1498 0
-1497 -1499 0
-1497 -1500 0
-1497 -1501 0
-1497 -1502 0
-1497 -1503 0
-1497 -1504 0
-1497 -1505 0
-1497 -1506 0
-1497 -1507 0
-1497 -1508 0
-1497 -1509 0
-1497 -1510 0
-1497 -1511 0
-1497 -1512 0
-1497 -1513 0
-1497 -1514 0
-1497 -1515 0
-1497 -1516 0
-1497 -1517 0
-1497 -1518 0
-1497 -1519 0
-1497 -1520 0
-1497 -1521 0
-1498 -1499 0
-1498 -1500 0
-1498 -1501 0
-1498 -1502 0
-1498 -1503 0
-1498 -1504 0
-1498 -1505 0
-1498 -1506 0
-1498 -1507 0
-1498 -1508 0
-1498 -1509 0
-1498 -1510 0
-1498 -1511 0
-1498 -1512 0
-1498 -1513 0
-1498 -1514 0
-1498 -1515 0
-1498 -1516 0
-1498 -1517 0
-1498 -1518 0
-1498 -1519 0
-1498 -1520 0
-1498 -1521 0
-1499 -1500 0
-1499 -1501 0
-1499 -1502 0
-1499 -1503 0
-1499 -1504 0
-1499 -1505 0
-1499 -1506 0
-1499 -1507 0
-1499 -1508 0
-1499 -1509 0
-1499 -1510 0
-1499 -1511 0
-1499 -1512 0
-1499 -1513 0
-1499 -1514 0
-1499 -1515 0
-1499 -1516 0
-1499 -1517 0
-1499 -1518 0
-1499 -1519 0
-1499 -1520 0
-1499 -1521 0
-1500 -1501 0
-1500 -1502 0
-1500 -1503 0
-1500 -1504 0
-1500 -1505 0
-1500 -1506 0
-1500 -1507 0
-1500 -1508 0
-1500 -1509 0
-1500 -1510 0
-1500 -1511 0
-1500 -1512 0
-1500 -1513 0
-1500 -1514 0
-1500 -1515 0
-1500 -1516 0
-1500 -1517 0
-1500 -1518 0
-1500 -1519 0
-1500 -1520 0
-1500 -1521 0
-1501 -1502 0
-1501 -1503 0
-1501 -1504 0
-1501 -1505 0
-1501 -1506 0
-1501 -1507 0
-1501 -1508 0
-1501 -1509 0
-1501 -1510 0
-1501 -1511 0
-1501 -1512 0
-1501 -1513 0
-1501 -1514 0
-1501 -1515 0
-1501 -1516 0
-1501 -1517 0
-1501 -1518 0
-1501 -1519 0
-1501 -1520 0
-1501 -1521 0
-1502 -1503 0
-1502 -1504 0
-1502 -1505 0
-1502 -1506 0
-1502 -1507 0
-1502 -1508 0
-1502 -1509 0
-1502 -1510 0
-1502 -1511 0
-1502 -1512 0
-1502 -1513 0
-1502 -1514 0
-1502 -1515 0
-1502 -1516 0
-1502 -1517 0
-1502 -1518 0
-1502 -1519 0
-1502 -1520 0
-1502 -1521 0
-1503 -1504 0
-1503 -1505 0
-1503 -1506 0
-1503 -1507 0
-1503 -1508 0
-1503 -1509 0
-1503 -1510 0
-1503 -1511 0
-1503 -1512 0
-1503 -1513 0
-1503 -1514 0
-1503 -1515 0
-1503 -1516 0
-1503 -1517 0
-1503 -1518 0
-1503 -1519 0
-1503 -1520 0
-1503 -1521 0
-1504 -1505 0
-1504 -1506 0
-1504 -1507 0
-1504 -1508 0
-1504 -1509 0
-1504 -1510 0
-1504 -1511 0
-1504 -1512 0
-1504 -1513 0
-1504 -1514 0
-1504 -1515 0
-1504 -1516 0
-1504 -1517 0
-1504 -1518 0
-1504 -1519 0
-1504 -1520 0
-1504 -1521 0
-1505 -1506 0
-1505 -1507 0
-1505 -1508 0
-1505 -1509 0
-1505 -1510 0
-1505 -1511 0
-1505 -1512 0
-1505 -1513 0
-1505 -1514 0
-1505 -1515 0
-1505 -1516 0
-1505 -1517 0
-1505 -1518 0
-1505 -1519 0
-1505 -1520 0
-1505 -1521 0
-1506 -1507 0
-1506 -1508 0
-1506 -1509 0
-1506 -1510 0
-1506 -1511 0
-1506 -1512 0
-1506 -1513 0
-1506 -1514 0
-1506 -1515 0
-1506 -1516 0
-1506 -1517 0
-1506 -1518 0
-1506 -1519 0
-1506 -1520 0
-1506 -1521 0
-1507 -1508 0
-1507 -1509 0
-1507 -1510 0
-1507 -1511 0
-1507 -1512 0
-1507 -1513 0
-1507 -1514 0
-1507 -1515 0
-1507 -1516 0
-1507 -1517 0
-1507 -1518 0
-1507 -1519 0
-1507 -1520 0
-1507 -1521 0
-1508 -1509 0
-1508 -1510 0
-1508 -1511 0
-1508 -1512 0
-1508 -1513 0
-1508 -1514 0
-1508 -1515 0
-1508 -1516 0
-1508 -1517 0
-1508 -1518 0
-1508 -1519 0
-1508 -1520 0
-1508 -1521 0
-1509 -1510 0
-1509 -1511 0
-1509 -1512 0
-1509 -1513 0
-1509 -1514 0
-1509 -1515 0
-1509 -1516 0
-1509 -1517 0
-1509 -1518 0
-1509 -1519 0
-1509 -1520 0
-1509 -1521 0
-1510 -1511 0
-1510 -1512 0
-1510 -1513 0
-1510 -1514 0
-1510 -1515 0
-1510 -1516 0
-1510 -1517 0
-1510 -1518 0
-1510 -1519 0
-1510 -1520 0
-1510 -1521 0
-1511 -1512 0
-1511 -1513 0
-1511 -1514 0
-1511 -1515 0
-1511 -1516 0
-1511 -1517 0
-1511 -1518 0
-1511 -1519 0
-1511 -1520 0
-1511 -1521 0
-1512 -1513 0
-1512 -1514 0
-1512 -1515 0
-1512 -1516 0
-1512 -1517 0
-1512 -1518 0
-1512 -1519 0
-1512 -1520 0
-1512 -1521 0
-1513 -1514 0
-1513 -1515 0
-1513 -1516 0
-1513 -1517 0
-1513 -1518 0
-1513 -1519 0
-1513 -1520 0
-1513 -1521 0
-1514 -1515 0
-1514 -1516 0
-1514 -1517 0
-1514 -1518 0
-1514 -1519 0
-1514 -1520 0
-1514 -1521 0
-1515 -1516 0
-1515 -1517 0
-1515 -1518 0
-1515 -1519 0
-1515 -1520 0
-1515 -1521 0
-1516 -1517 0
-1516 -1518 0
-1516 -1519 0
-1516 -1520 0
-1516 -1521 0
-1517 -1518 0
-1517 -1519 0
-1517 -1520 0
-1517 -1521 0
-1518 -1519 0
-1518 -1520 0
-1518 -1521 0
-1519 -1520 0
-1519 -1521 0
-1520 -1521 0
1 40 79 118 157 196 235 274 313 352 391 430 469 508 547 586 625 664 703 742 781 820 859 898 937 976 1015 1054 1093 1132 1171 1210 1249 1288 1327 1366 1405 1444 1483 0
2 41 80 119 158 197 236 275 314 353 392 431 470 509 548 587 626 665 704 743 782 821 860 899 938 977 1016 1055 1094 1133 1172 1211 1250 1289 1328 1367 1406 1445 1484 0
3 42 81 120 159 198 237 276 315 354 393 432 471 510 549 588 627 666 705 744 783 822 861 900 939 978 1017 1056 1095 1134 1173 1212 1251 1290 1329 1368 1407 1446 1485 0
4 43 82 121 160 199 238 277 316 355 394 433 472 511 550 589 628 667 706 745 784 823 862 901 940 979 1018 1057 1096 1135 1174 1213 1252 1291 1330 1369 1408 1447 1486 0
5 44 83 122 161 200 239 278 317 356 395 434 473 512 551 590 629 668 707 746 785 824 863 902 941 980 1019 1058 1097 1136 1175 1214 1253 1292 1331 1370 1409 1448 1487 0
6 45 84 123 162 201 240 279 318 357 396 435 474 513 552 591 630 669 708 747 786 825 864 903 942 981 1020 1059 1098 1137 1176 1215 1254 1293 1332 1371 1410 1449 1488 0
7 46 85 124 163 202 241 280 319 358 397 436 475 514 553 592 631 670 709 748 787 826 865 904 943 982 1021 1060 1099 1138 1177 1216 1255 1294 1333 1372 1411 1450 1489 0
8 47 86 125 164 203 242 281 320 359 398 437 476 515 554 593 632 671 710 749 788 827 866 905 944 983 1022 1061 1100 1139 1178 1217 1256 1295 1334 1373 1412 1451 1490 0
9 48 87 126 165 204 243 282 321 360 399 438 477 516 555 594 633 672 711 750 789 828 867 906 945 984 1023 1062 1101 1140 1179 1218 1257 1296 1335 1374 1413 1452 1491 0
10 49 88 127 166 205 244 283 322 361 400 439 478 517 556 595 634 673 712 751 790 829 868 907 946 985 1024 1063 1102 1141 1180 1219 1258 1297 1336 1375 1414 1453 1492 0
11 50 89 128 167 206 245 284 323 362 401 440 479 518 557 596 635 674 713 752 791 830 869 908 947 986 1025 1064 1103 1142 1181 1220 1259 1298 1337 1376 1415 1454 1493 0
12 51 90 129 168 207 246 285 324 363 402 441 480 519 558 597 636 675 714 753 792 831 870 909 948 987 1026 1065 1104 1143 1182 1221 1260 1299 1338 1377 1416 1455 1494 0
13 52 91 130 169 208 247 286 325 364 403 442 481 520 559 598 637 676 715 754 793 832 871 910 949 988 1027 1066 1105 1144 1183 1222 1261 1300 1339 1378 1417 1456 1495 0
14 53 92 131 170 209 248 287 326 365 404 443 482 521 560 599 638 677 716 755 794 833 872 911 950 989 1028 1067 1106 1145 1184 1223 1262 1301 1340 1379 1418 1457 1496 0
15 54 93 132 171 210 249 288 327 366 405 444 483 522 561 600 639 678 717 756 795 834 873 912 951 990 1029 1068 1107 1146 1185 1224 1263 1302 1341 1380 1419 1458 1497 0
16 55 94 133 172 211 250 289 328 367 406 445 484 523 562 601 640 679 718 757 796 835 874 913 952 991 1030 1069 1108 1147 1186 1225 1264 1303 1342 1381 1420 1459 1498 0
17 56 95 134 173 212 251 290 329 368 407 446 485 524 563 602 641 680 719 758 797 836 875 914 953 992 1031 1070 1109 1148 1187 1226 1265 1304 1343 1382 1421 1460 1499 0
18 57 96 135 174 213 252 291 330 369 408 447 486 525 564 603 642 681 720 759 798 837 876 915 954 993 1032 1071 1110 1149 1188 1227 1266 1305 1344 1383 1422 1461 1500 0
19 58 97 136 175 214 253 292 331 370 409 448 487 526 565 604 643 682 721 760 799 838 877 916 955 994 1033 1072 1111 1150 1189 1228 1267 1306 1345 1384 1423 1462 1501 0
20 59 98 137 176 215 254 293 332 371 410 449 488 527 566 605 644 683 722 761 800 839 878 917 956 995 1034 1073 1112 1151 1190 1229 1268 1307 1346 1385 1424 1463 1502 0
21 60 99 138 177 216 255 294 333 372 411 450 489 528 567 606 645 684 723 762 801 840 879 918 957 996 1035 1074 1113 1152 1191 1230 1269 1308 1347 1386 1425 1464 1503 0
22 61 100 139 178 217 256 295 334 373 412 451 490 529 568 607 646 685 724 763 802 841 880 919 958 997 1036 1075 1114 1153 1192 1231 1270 1309 1348 1387 1426 1465 1504 0
23 62 101 140 179 218 257 296 335 374 413 452 491 530 569 608 647 686 725 764 803 842 881 920 959 998 1037 1076 1115 1154 1193 1232 1271 1310 1349 1388 1427 1466 1505 0
24 63 102 141 180 219 258 297 336 375 414 453 492 531 570 609 648 687 726 765 804 843 882 921 960 999 1038 1077 1116 1155 1194 1233 1272 1311 1350 1389 1428 1467 1506 0
25 64 103 142 181 220 259 298 337 376 415 454 493 532 571 610 649 688 727 766 805 844 883 922 961 1000 1039 1078 1117 1156 1195 1234 1273 1312 1351 1390 1429 1468 1507 0
26 65 104 143 182 221 260 299 338 377 416 455 494 533 572 611 650 689 728 767 806 845 884 923 962 1001 1040 1079 1118 1157 1196 1235 1274 1313 1352 1391 1430 1469 1508 0
27 66 105 144 183 222 261 300 339 378 417 456 495 534 573 612 651 690 729 768 807 846 885 924 963 1002 1041 1080 1119 1158 1197 1236 1275 1314 1353 1392 1431 1470 1509 0
28 67 106 145 184 223 262 301 340 379 418 457 496 535 574 613 652 691 730 769 808 847 886 925 964 1003 1042 1081 1120 1159 1198 1237 1276 1315 1354 1393 1432 1471 1510 0
29 68 107 146 185 224 263 302 341 380 419 458 497 536 575 614 653 692 731 770 809 848 887 926 965 1004 1043 1082 1121 1160 1199 1238 1277 1316 1355 1394 1433 1472 1511 0
30 69 108 147 186 225 264 303 342 381 420 459 498 537 576 615 654 693 732 771 810 849 888 927 966 1005 1044 1083 1122 1161 1200 1239 1278 1317 1356 1395 1434 1473 1512 0
31 70 109 148 187 226 265 304 343 382 421 460 499 538 577 616 655 694 733 772 811 850 889 928 967 1006 1045 1084 1123 1162 1201 1240 1279 1318 1357 1396 1435 1474 1513 0
32 71 110 149 188 227 266 305 344 383 422 461 500 539 578 617 656 695 734 773 812 851 890 929 968 1007 1046 1085 1124 1163 1202 1241 1280 1319 1358 1397 1436 1475 1514 0
33 72 111 150 189 228 267 306 345 384 423 462 501 540 579 618 657 696 735 774 813 852 891 930 969 1008 1047 1086 1125 1164 1203 1242 1281 1320 1359 1398 1437 1476 1515 0
34 73 112 151 190 229 268 307 346 385 424 463 502 541 580 619 658 697 736 775 814 853 892 931 970 1009 1048 1087 1126 1165 1204 1243 1282 1321 1360 1399 1438 1477 1516 0
35 74 113 152 191 230 269 308 347 386 425 464 503 542 581 620 659 698 737 776 815 854 893 932 971 1010 1049 1088 1127 1166 1205 1244 1283 1322 1361 1400 1439 1478 1517 0
36 75 114 153 192 231 270 309 348 387 426 465 504 543 582 621 660 699 738 777 816 855 894 933 972 1011 1050 1089 1128 1167 1206 1245 1284 1323 1362 1401 1440 1479 1518 0
37 76 115 154 193 232 271 310 349 388 427 466 505 544 583 622 661 700 739 778 817 856 895 934 973 1012 1051 1090 1129 1168 1207 1246 1285 1324 1363 1402 1441 1480 1519 0
38 77 116 155 194 233 272 311 350 389 428 467 506 545 584 623 662 701 740 779 818 857 896 935 974 1013 1052 1091 1130 1169 1208 1247 1286 1325 1364 1403 1442 1481 1520 0
39 78 117 156 195 234 273 312 351 390 429 468 507 546 585 624 663 702 741 780 819 858 897 936 975 1014 1053 1092 1131 1170 1209 1248 1287 1326 1365 1404 1443 1482 1521 0
-1 -41 0
-1 -81 0
-1 -121 0
-1 -161 0
-1 -201 0
-1 -241 0
-1 -281 0
-1 -321 0
-1 -361 0
-1 -401 0
-1 -441 0
-1 -481 0
-1 -521 0
-1 -561 0
-1 -601 0
-1 -641 0
-1 -681 0
-1 -721 0
-1 -761 0
-1 -801 0
-1 -841 0
-1 -881 0
-1 -921 0
-1 -961 0
-1 -1001 0
-1 -1041 0
-1 -1081 0
-1 -1121 0
-1 -1161 0
-1 -1201 0
-1 -1241 0
-1 -1281 0
-1 -1321 0
-1 -1361 0
-1 -1401 0
-1 -1441 0
-1 -1481 0
-1 -1521 0
-41 -81 0
-41 -121 0
-41 -161 0
-41 -201 0
-41 -241 0
-41 -281 0
-41 -321 0
-41 -361 0
-41 -401 0
-41 -441 0
-41 -481 0
-41 -521 0
-41 -561 0
-41 -601 0
-41 -641 0
-41 -681 0
-41 -721 0
-41 -761 0
-41 -801 0
-41 -841 0
-41 -881 0
-41 -921 0
-41 -961 0
-41 -1001 0
-41 -1041 0
-41 -1081 0
-41 -1121 0
-41 -1161 0
-41 -1201 0
-41 -1241 0
-41 -1281 0
-41 -1321 0
-41 -1361 0
-41 -1401 0
-41 -1441 0
-41 -1481 0
-41 -1521 0
-81 -121 0
-81 -161 0
-81 -201 0
-81 -241 0
-81 -281 0
-81 -321 0
-81 -361 0
-81 -401 0
-81 -441 0
-81 -481 0
-81 -521 0
-81 -561 0
-81 -601 0
-81 -641 0
-81 -681 0
-81 -721 0
-81 -761 0
-81 -801 0
-81 -841 0
-81 -881 0
-81 -921 0
-81 -961 0
-81 -1001 0
-81 -1041 0
-81 -1081 0
-81 -1121 0
-81 -1161 0
-81 -1201 0
-81 -1241 0
-81 -1281 0
-81 -1321 0
-81 -1361 0
-81 -1401 0
-81 -1441 0
-81 -1481 0
-81 -1521 0
-121 -161 0
-121 -201 0
-121 -241 0
-121 -281 0
-121 -321 0
-121 -361 0
-121 -401 0
-121 -441 0
-121 -481 0
-121 -521 0
-121 -561 0
-121 -601 0
-121 -641 0
-121 -681 0
-121 -721 0
-121 -761 0
-121 -801 0
-121 -841 0
-121 -881 0
-121 -921 0
-121 -961 0
-121 -1001 0
-121 -1041 0
-121 -1081 0
-121 -1121 0
-121 -1161 0
-121 -1201 0
-121 -1241 0
-121 -1281 0
-121 -1321 0
-121 -1361 0
-121 -1401 0
-121 -1441 0
-121 -1481 0
-121 -1521 0
-161 -201 0
-161 -241 0
-161 -281 0
-161 -321 0
-161 -361 0
-161 -401 0
-161 -441 0
-161 -481 0
-161 -521 0
-161 -561 0
-161 -601 0
-161 -641 0
-161 -681 0
-161 -721 0
-161 -761 0
-161 -801 0
-161 -841 0
-161 -881 0
-161 -921 0
-161 -961 0
-161 -1001 0
-161 -1041 0
-161 -1081 0
-161 -1121 0
-161 -1161 0
-161 -1201 0
-161 -1241 0
-161 -1281 0
-161 -1321 0
-161 -1361 0
-161 -1401 0
-161 -1441 0
-161 -1481 0
-161 -1521 0
-201 -241 0
-201 -281 0
-201 -321 0
-201 -361 0
-201 -401 0
-201 -441 0
-201 -481 0
-201 -521 0
-201 -561 0
-201 -601 0
-201 -641 0
-201 -681 0
-201 -721 0
-201 -761 0
-201 -801 0
-201 -841 0
-201 -881 0
-201 -921 0
-201 -961 0
-201 -1001 0
-201 -1041 0
-201 -1081 0
-201 -1121 0
-201 -1161 0
-201 -1201 0
-201 -1241 0
-201 -1281 0
-201 -1321 0
-201 -1361 0
-201 -1401 0
-201 -1441 0
-201 -1481 0
-201 -1521 0
-241 -281 0
-241 -321 0
-241 -361 0
-241 -401 0
-241 -441 0
-241 -481 0
-241 -521 0
-241 -561 0
-241 -601 0
-241 -641 0
-241 -681 0
-241 -721 0
-241 -761 0
-241 -801 0
-241 -841 0
-241 -881 0
-241 -921 0
-241 -961 0
-241 -1001 0
-241 -1041 0
-241 -1081 0
-241 -1121 0
-241 -1161 0
-241 -1201 0
-241 -1241 0
-241 -1281 0
-241 -1321 0
-241 -1361 0
-241 -1401 0
-241 -1441 0
-241 -1481 0
-241 -1521 0
-281 -321 0
-281 -361 0
-281 -401 0
-281 -441 0
-281 -481 0
-281 -521 0
-281 -561 0
-281 -601 0
-281 -641 0
-281 -681 0
-281 -721 0
-281 -761 0
-281 -801 0
-281 -841 0
-281 -881 0
-281 -921 0
-281 -961 0
-281 -1001 0
-281 -1041 0
-281 -1081 0
-281 -1121 0
-281 -1161 0
-281 -1201 0
-281 -1241 0
-281 -1281 0
-281 -1321 0
-281 -1361 0
-281 -1401 0
-281 -1441 0
-281 -1481 0
-281 -1521 0
-321 -361 0
-321 -401 0
-321 -441 0
-321 -481 0
-321 -521 0
-321 -561 0
-321 -601 0
-321 -641 0
-321 -681 0
-321 -721 0
-321 -761 0
-321 -801 0
-321 -841 0
-321 -881 0
-321 -921 0
-321 -961 0
-321 -1001 0
-321 -1041 0
-321 -1081 0
-321 -1121 0
-321 -1161 0
-321 -1201 0
-321 -1241 0
-321 -1281 0
-321 -1321 0
-321 -1361 0
-321 -1401 0
-321 -1441 0
-321 -1481 0
-321 -1521 0
-361 -401 0
-361 -441 0
-361 -481 0
-361 -521 0
-361 -561 0
-361 -601 0
-361 -641 0
-361 -681 0
-361 -721 0
-361 -761 0
-361 -801 0
-361 -841 0
-361 -881 0
-361 -921 0
-361 -961 0
-361 -1001 0
-361 -1041 0
-361 -1081 0
-361 -1121 0
-361 -1161 0
-361 -1201 0
-361 -1241 0
-361 -1281 0
-361 -1321 0
-361 -1361 0
-361 -1401 0
-361 -1441 0
-361 -1481 0
-361 -1521 0
-401 -441 0
-401 -481 0
-401 -521 0
-401 -561 0
-401 -601 0
-401 -641 0
-401 -681 0
-401 -721 0
-401 -761 0
-401 -801 0
-401 -841 0
-401 -881 0
-401 -921 0
-401 -961 0
-401 -1001 0
-401 -1041 0
-401 -1081 0
-401 -1121 0
-401 -1161 0
-401 -1201 0
-401 -1241 0
-401 -1281 0
-401 -1321 0
-401 -1361 0
-401 -1401 0
-401 -1441 0
-401 -1481 0
-401 -1521 0
-441 -481 0
-441 -521 0
-441 -561 0
-441 -601 0
-441 -641 0
-441 -681 0
-441 -721 0
-441 -761 0
-441 -801 0
-441 -841 0
-441 -881 0
-441 -921 0
-441 -961 0
-441 -1001 0
-441 -1041 0
-441 -1081 0
-441 -1121 0
-441 -1161 0
-441 -1201 0
-441 -1241 0
-441 -1281 0
-441 -1321 0
-441 -1361 0
-441 -1401 0
-441 -1441 0
-441 -1481 0
-441 -1521 0
-481 -521 0
-481 -561 0
-481 -601 0
-481 -641 0
-481 -681 0
-481 -721 0
-481 -761 0
-481 -801 0
-481 -841 0
-481 -881 0
-481 -921 0
-481 -961 0
-481 -1001 0
-481 -1041 0
-481 -1081 0
-481 -1121 0
-481 -1161 0
-481 -1201 0
-481 -1241 0
-481 -1281 0
-481 -1321 0
-481 -1361 0
-481 -1401 0
-481 -1441 0
-481 -1481 0
-481 -1521 0
-521 -561 0
-521 -601 0
-521 -641 0
-521 -681 0
-521 -721 0
-521 -761 0
-521 -801 0
-521 -841 0
-521 -881 0
-521 -921 0
-521 -961 0
-521 -1001 0
-521 -1041 0
-521 -1081 0
-521 -1121 0
-521 -1161 0
-521 -1201 0
-521 -1241 0
-521 -1281 0
-521 -1321 0
-521 -1361 0
-521 -1401 0
-521 -1441 0
-521 -1481 0
-521 -1521 0
-561 -601 0
-561 -641 0
-561 -681 0
-561 -721 0
-561 -761 0
-561 -801 0
-561 -841 0
-561 -881 0
-561 -921 0
-561 -961 0
-561 -1001 0
-561 -1041 0
-561 -1081 0
-561 -1121 0
-561 -1161 0
-561 -1201 0
-561 -1241 0
-561 -1281 0
-561 -1321 0
-561 -1361 0
-561 -1401 0
-561 -1441 0
-561 -1481 0
-561 -1521 0
-601 -641 0
-601 -681 0
-601 -721 0
-601 -761 0
-601 -801 0
-601 -841 0
-601 -881 0
-601 -921 0
-601 -961 0
-601 -1001 0
-601 -1041 0
-601 -1081 0
-601 -1121 0
-601 -1161 0
-601 -1201 0
-601 -1241 0
-601 -1281 0
-601 -1321 0
-601 -1361 0
-601 -1401 0
-601 -1441 0
-601 -1481 0
-601 -1521 0
-641 -681 0
-641 -721 0
-641 -761 0
-641 -801 0
-641 -841 0
-641 -881 0
-641 -921 0
-641 -961 0
-641 -1001 0
-641 -1041 0
-641 -1081 0
-641 -1121 0
-641 -1161 0
-641 -1201 0
-641 -1241 0
-641 -1281 0
-641 -1321 0
-641 -1361 0
-641 -1401 0
-641 -1441 0
-641 -1481 0
-641 -1521 0
-681 -721 0
-681 -761 0
-681 -801 0
-681 -841 0
-681 -881 0
-681 -921 0
-681 -961 0
-681 -1001 0
-681 -1041 0
-681 -1081 0
-681 -1121 0
-681 -1161 0
-681 -1201 0
-681 -1241 0
-681 -1281 0
-681 -1321 0
-681 -1361 0
-681 -1401 0
-681 -1441 0
-681 -1481 0
-681 -1521 0
-721 -761 0
-721 -801 0
-721 -841 0
-721 -881 0
-721 -921 0
-721 -961 0
-721 -1001 0
-721 -1041 0
-721 -1081 0
-721 -1121 0
-721 -1161 0
-721 -1201 0
-721 -1241 0
-721 -1281 0
-721 -1321 0
-721 -1361 0
-721 -1401 0
-721 -1441 0
-721 -1481 0
-721 -1521 0
-761 -801 0
-761 -841 0
-761 -881 0
-761 -921 0
-761 -961 0
-761 -1001 0
-761 -1041 0
-761 -1081 0
-761 -1121 0
-761 -1161 0
-761 -1201 0
-761 -1241 0
-761 -1281 0
-761 -1321 0
-761 -1361 0
-761 -1401 0
-761 -1441 0
-761 -1481 0
-761 -1521 0
-801 -841 0
-801 -881 0
-801 -921 0
-801 -961 0
-801 -1001 0
-801 -1041 0
-801 -1081 0
-801 -1121 0
-801 -1161 0
-801 -1201 0
-801 -1241 0
-801 -1281 0
-801 -1321 0
-801 -1361 0
-801 -1401 0
-801 -1441 0
-801 -1481 0
-801 -1521 0
-841 -881 0
-841 -921 0
-841 -961 0
-841 -1001 0
-841 -1041 0
-841 -1081 0
-841 -1121 0
-841 -1161 0
-841 -1201 0
-841 -1241 0
-841 -1281 0
-841 -1321 0
-841 -1361 0
-841 -1401 0
-841 -1441 0
-841 -1481 0
-841 -1521 0
-881 -921 0
-881 -961 0
-881 -1001 0
-881 -1041 0
-881 -1081 0
-881 -1121 0
-881 -1161 0
-881 -1201 0
-881 -1241 0
-881 -1281 0
-881 -1321 0
-881 -1361 0
-881 -1401 0
-881 -1441 0
-881 -1481 0
-881 -1521 0
-921 -961 0
-921 -1001 0
-921 -1041 0
-921 -1081 0
-921 -1121 0
-921 -1161 0
-921 -1201 0
-921 -1241 0
-921 -1281 0
-921 -1321 0
-921 -1361 0
-921 -1401 0
-921 -1441 0
-921 -1481 0
-921 -1521 0
-961 -1001 0
-961 -1041 0
-961 -1081 0
-961 -1121 0
-961 -1161 0
-961 -1201 0
-961 -1241 0
-961 -1281 0
-961 -1321 0
-961 -1361 0
-961 -1401 0
-961 -1441 0
-961 -1481 0
-961 -1521 0
-1001 -1041 0
-1001 -1081 0
-1001 -1121 0
-1001 -1161 0
-1001 -1201 0
-1001 -1241 0
-1001 -1281 0
-1001 -1321 0
-1001 -1361 0
-1001 -1401 0
-1001 -1441 0
-1001 -1481 0
-1001 -1521 0
-1041 -1081 0
-1041 -1121 0
-1041 -1161 0
-1041 -1201 0
-1041 -1241 0
-1041 -1281 0
-1041 -1321 0
-1041 -1361 0
-1041 -1401 0
-1041 -1441 0
-1041 -1481 0
-1041 -1521 0
-1081 -1121 0
-1081 -1161 0
-1081 -1201 0
-1081 -1241 0
-1081 -1281 0
-1081 -1321 0
-1081 -1361 0
-1081 -1401 0
-1081 -1441 0
-1081 -1481 0
-1081 -1521 0
-1121 -1161 0
-1121 -1201 0
-1121 -1241 0
-1121 -1281 0
-1121 -1321 0
-1121 -1361 0
-1121 -1401 0
-1121 -1441 0
-1121 -1481 0
-1121 -1521 0
-1161 -1201 0
-1161 -1241 0
-1161 -1281 0
-1161 -1321 0
-1161 -1361 0
-1161 -1401 0
-1161 -1441 0
-1161 -1481 0
-1161 -1521 0
-1201 -1241 0
-1201 -1281 0
-1201 -1321 0
-1201 -1361 0
-1201 -1401 0
-1201 -1441 0
-1201 -1481 0
-1201 -1521 0
-1241 -1281 0
-1241 -1321 0
-1241 -1361 0
-1241 -1401 0
-1241 -1441 0
-1241 -1481 0
-1241 -1521 0
-1281 -1321 0
-1281 -1361 0
-1281 -1401 0
-1281 -1441 0
-1281 -1481 0
-1281 -1521 0
-1321 -1361 0
-1321 -1401 0
-1321 -1441 0
-1321 -1481 0
-1321 -1521 0
-1361 -1401 0
-1361 -1441 0
-1361 -1481 0
-1361 -1521 0
-1401 -1441 0
-1401 -1481 0
-1401 -1521 0
-1441 -1481 0
-1441 -1521 0
-1481 -1521 0
-2 -42 0
-2 -82 0
-2 -122 0
-2 -162 0
-2 -202 0
-2 -242 0
-2 -282 0
-2 -322 0
-2 -362 0
-2 -402 0
-2 -442 0
-2 -482 0
-2 -522 0
-2 -562 0
-2 -602 0
-2 -642 0
-2 -682 0
-2 -722 0
-2 -762 0
-2 -802 0
-2 -842 0
-2 -882 0
-2 -922 0
-2 -962 0
-2 -1002 0
-2 -1042 0
-2 -1082 0
-2 -1122 0
-2 -1162 0
-2 -1202 0
-2 -1242 0
-2 -1282 0
-2 -1322 0
-2 -1362 0
-2 -1402 0
-2 -1442 0
-2 -1482 0
-42 -82 0
-42 -122 0
-42 -162 0
-42 -202 0
-42 -242 0
-42 -282 0
-42 -322 0
-42 -362 0
-42 -402 0
-42 -442 0
-42 -482 0
-42 -522 0
-42 -562 0
-42 -602 0
-42 -642 0
-42 -682 0
-42 -722 0
-42 -762 0
-42 -802 0
-42 -842 0
-42 -882 0
-42 -922 0
-42 -962 0
-42 -1002 0
-42 -1042 0
-42 -1082 0
-42 -1122 0
-42 -1162 0
-42 -1202 0
-42 -1242 0
-42 -1282 0
-42 -1322 0
-42 -1362 0
-42 -1402 0
-42 -1442 0
-42 -1482 0
-82 -122 0
-82 -162 0
-82 -202 0
-82 -242 0
-82 -282 0
-82 -322 0
-82 -362 0
-82 -402 0
-82 -442 0
-82 -482 0
-82 -522 0
-82 -562 0
-82 -602 0
-82 -642 0
-82 -682 0
-82 -722 0
-82 -762 0
-82 -802 0
-82 -842 0
-82 -882 0
-82 -922 0
-82 -962 0
-82 -1002 0
-82 -1042 0
-82 -1082 0
-82 -1122 0
-82 -1162 0
-82 -1202 0
-82 -1242 0
-82 -1282 0
-82 -1322 0
-82 -1362 0
-82 -1402 0
-82 -1442 0
-82 -1482 0
-122 -162 0
-122 -202 0
-122 -242 0
-122 -282 0
-122 -322 0
-122 -362 0
-122 -402 0
-122 -442 0
-122 -482 0
-122 -522 0
-122 -562 0
-122 -602 0
-122 -642 0
-122 -682 0
-122 -722 0
-122 -762 0
-122 -802 0
-122 -842 0
-122 -882 0
-122 -922 0
-122 -962 0
-122 -1002 0
-122 -1042 0
-122 -1082 0
-122 -1122 0
-122 -1162 0
-122 -1202 0
-122 -1242 0
-122 -1282 0
-122 -1322 0
-122 -1362 0
-122 -1402 0
-122 -1442 0
-122 -1482 0
-162 -202 0
-162 -242 0
-162 -282 0
-162 -322 0
-162 -362 0
-162 -402 0
-162 -442 0
-162 -482 0
-162 -522 0
-162 -562 0
-162 -602 0
-162 -642 0
-162 -682 0
-162 -722 0
-162 -762 0
-162 -802 0
-162 -842 0
-162 -882 0
-162 -922 0
-162 -962 0
-162 -1002 0
-162 -1042 0
-162 -1082 0
-162 -1122 0
-162 -1162 0
-162 -1202 0
-162 -1242 0
-162 -1282 0
-162 -1322 0
-162 -1362 0
-162 -1402 0
-162 -1442 0
-162 -1482 0
-202 -242 0
-202 -282 0
-202 -322 0
-202 -362 0
-202 -402 0
-202 -442 0
-202 -482 0
-202 -522 0
-202 -562 0
-202 -602 0
-202 -642 0
-202 -682 0
-202 -722 0
-202 -762 0
-202 -802 0
-202 -842 0
-202 -882 0
-202 -922 0
-202 -962 0
-202 -1002 0
-202 -1042 0
-202 -1082 0
-202 -1122 0
-202 -1162 0
-202 -1202 0
-202 -1242 0
-202 -1282 0
-202 -1322 0
-202 -1362 0
-202 -1402 0
-202 -1442 0
-202 -1482 0
-242 -282 0
-242 -322 0
-242 -362 0
-242 -402 0
-242 -442 0
-242 -482 0
-242 -522 0
-242 -562 0
-242 -602 0
-242 -642 0
-242 -682 0
-242 -722 0
-242 -762 0
-242 -802 0
-242 -842 0
-242 -882 0
-242 -922 0
-242 -962 0
-242 -1002 0
-242 -1042 0
-242 -1082 0
-242 -1122 0
-242 -1162 0
-242 -1202 0
-242 -1242 0
-242 -1282 0
-242 -1322 0
-242 -1362 0
-242 -1402 0
-242 -1442 0
-242 -1482 0
-282 -322 0
-282 -362 0
-282 -402 0
-282 -442 0
-282 -482 0
-282 -522 0
-282 -562 0
-282 -602 0
-282 -642 0
-282 -682 0
-282 -722 0
-282 -762 0
-282 -802 0
-282 -842 0
-282 -882 0
-282 -922 0
-282 -962 0
-282 -1002 0
-282 -1042 0
-282 -1082 0
-282 -1122 0
-282 -1162 0
-282 -1202 0
-282 -1242 0
-282 -1282 0
-282 -1322 0
-282 -1362 0
-282 -1402 0
-282 -1442 0
-282 -1482 0
-322 -362 0
-322 -402 0
-322 -442 0
-322 -482 0
-322 -522 0
-322 -562 0
-322 -602 0
-322 -642 0
-322 -682 0
-322 -722 0
-322 -762 0
-322 -802 0
-322 -842 0
-322 -882 0
-322 -922 0
-322 -962 0
-322 -1002 0
-322 -1042 0
-322 -1082 0
-322 -1122 0
-322 -1162 0
-322 -1202 0
-322 -1242 0
-322 -1282 0
-322 -1322 0
-322 -1362 0
-322 -1402 0
-322 -1442 0
-322 -1482 0
-362 -402 0
-362 -442 0
-362 -482 0
-362 -522 0
-362 -562 0
-362 -602 0
-362 -642 0
-362 -682 0
-362 -722 0
-362 -762 0
-362 -802 0
-362 -842 0
-362 -882 0
-362 -922 0
-362 -962 0
-362 -1002 0
-362 -1042 0
-362 -1082 0
-362 -1122 0
-362 -1162 0
-362 -1202 0
-362 -1242 0
-362 -1282 0
-362 -1322 0
-362 -1362 0
-362 -1402 0
-362 -1442 0
-362 -1482 0
-402 -442 0
-402 -482 0
-402 -522 0
-402 -562 0
-402 -602 0
-402 -642 0
-402 -682 0
-402 -722 0
-402 -762 0
-402 -802 0
-402 -842 0
-402 -882 0
-402 -922 0
-402 -962 0
-402 -1002 0
-402 -1042 0
-402 -1082 0
-402 -1122 0
-402 -1162 0
-402 -1202 0
-402 -1242 0
-402 -1282 0
-402 -1322 0
-402 -1362 0
-402 -1402 0
-402 -1442 0
-402 -1482 0
-442 -482 0
-442 -522 0
-442 -562 0
-442 -602 0
-442 -642 0
-442 -682 0
-442 -722 0
-442 -762 0
-442 -802 0
-442 -842 0
-442 -882 0
-442 -922 0
-442 -962 0
-442 -1002 0
-442 -1042 0
-442 -1082 0
-442 -1122 0
-442 -1162 0
-442 -1202 0
-442 -1242 0
-442 -1282 0
-442 -1322 0
-442 -1362 0
-442 -1402 0
-442 -1442 0
-442 -1482 0
-482 -522 0
-482 -562 0
-482 -602 0
-482 -642 0
-482 -682 0
-482 -722 0
-482 -762 0
-482 -802 0
-482 -842 0
-482 -882 0
-482 -922 0
-482 -962 0
-482 -1002 0
-482 -1042 0
-482 -1082 0
-482 -1122 0
-482 -1162 0
-482 -1202 0
-482 -1242 0
-482 -1282 0
-482 -1322 0
-482 -1362 0
-482 -1402 0
-482 -1442 0
-482 -1482 0
-522 -562 0
-522 -602 0
-522 -642 0
-522 -682 0
-522 -722 0
-522 -762 0
-522 -802 0
-522 -842 0
-522 -882 0
-522 -922 0
-522 -962 0
-522 -1002 0
-522 -1042 0
-522 -1082 0
-522 -1122 0
-522 -1162 0
-522 -1202 0
-522 -1242 0
-522 -1282 0
-522 -1322 0
-522 -1362 0
-522 -1402 0
-522 -1442 0
-522 -1482 0
-562 -602 0
-562 -642 0
-562 -682 0
-562 -722 0
-562 -762 0
-562 -802 0
-562 -842 0
-562 -882 0
-562 -922 0
-562 -962 0
-562 -1002 0
-562 -1042 0
-562 -1082 0
-562 -1122 0
-562 -1162 0
-562 -1202 0
-562 -1242 0
-562 -1282 0
-562 -1322 0
-562 -1362 0
-562 -1402 0
-562 -1442 0
-562 -1482 0
-602 -642 0
-602 -682 0
-602 -722 0
-602 -762 0
-602 -802 0
-602 -842 0
-602 -882 0
-602 -922 0
-602 -962 0
-602 -1002 0
-602 -1042 0
-602 -1082 0
-602 -1122 0
-602 -1162 0
-602 -1202 0
-602 -1242 0
-602 -1282 0
-602 -1322 0
-602 -1362 0
-602 -1402 0
-602 -1442 0
-602 -1482 0
-642 -682 0
-642 -722 0
-642 -762 0
-642 -802 0
-642 -842 0
-642 -882 0
-642 -922 0
-642 -962 0
-642 -1002 0
-642 -1042 0
-642 -1082 0
-642 -1122 0
-642 -1162 0
-642 -1202 0
-642 -1242 0
-642 -1282 0
-642 -1322 0
-642 -1362 0
-642 -1402 0
-642 -1442 0
-642 -1482 0
-682 -722 0
-682 -762 0
-682 -802 0
-682 -842 0
-682 -882 0
-682 -922 0
-682 -962 0
-682 -1002 0
-682 -1042 0
-682 -1082 0
-682 -1122 0
-682 -1162 0
-682 -1202 0
-682 -1242 0
-682 -1282 0
-682 -1322 0
-682 -1362 0
-682 -1402 0
-682 -1442 0
-682 -1482 0
-722 -762 0
-722 -802 0
-722 -842 0
-722 -882 0
-722 -922 0
-722 -962 0
-722 -1002 0
-722 -1042 0
-722 -1082 0
-722 -1122 0
-722 -1162 0
-722 -1202 0
-722 -1242 0
-722 -1282 0
-722 -1322 0
-722 -1362 0
-722 -1402 0
-722 -1442 0
-722 -1482 0
-762 -802 0
-762 -842 0
-762 -882 0
-762 -922 0
-762 -962 0
-762 -1002 0
-762 -1042 0
-762 -1082 0
-762 -1122 0
-762 -1162 0
-762 -1202 0
-762 -1242 0
-762 -1282 0
-762 -1322 0
-762 -1362 0
-762 -1402 0
-762 -1442 0
-762 -1482 0
-802 -842 0
-802 -882 0
-802 -922 0
-802 -962 0
-802 -1002 0
-802 -1042 0
-802 -1082 0
-802 -1122 0
-802 -1162 0
-802 -1202 0
-802 -1242 0
-802 -1282 0
-802 -1322 0
-802 -1362 0
-802 -1402 0
-802 -1442 0
-802 -1482 0
-842 -882 0
-842 -922 0
-842 -962 0
-842 -1002 0
-842 -1042 0
-842 -1082 0
-842 -1122 0
-842 -1162 0
-842 -1202 0
-842 -1242 0
-842 -1282 0
-842 -1322 0
-842 -1362 0
-842 -1402 0
-842 -1442 0
-842 -1482 0
-882 -922 0
-882 -962 0
-882 -1002 0
-882 -1042 0
-882 -1082 0
-882 -1122 0
-882 -1162 0
-882 -1202 0
-882 -1242 0
-882 -1282 0
-882 -1322 0
-882 -1362 0
-882 -1402 0
-882 -1442 0
-882 -1482 0
-922 -962 0
-922 -1002 0
-922 -1042 0
-922 -1082 0
-922 -1122 0
-922 -1162 0
-922 -1202 0
-922 -1242 0
-922 -1282 0
-922 -1322 0
-922 -1362 0
-922 -1402 0
-922 -1442 0
-922 -1482 0
-962 -1002 0
-962 -1042 0
-962 -1082 0
-962 -1122 0
-962 -1162 0
-962 -1202 0
-962 -1242 0
-962 -1282 0
-962 -1322 0
-962 -1362 0
-962 -1402 0
-962 -1442 0
-962 -1482 0
-1002 -1042 0
-1002 -1082 0
-1002 -1122 0
-1002 -1162 0
-1002 -1202 0
-1002 -1242 0
-1002 -1282 0
-1002 -1322 0
-1002 -1362 0
-1002 -1402 0
-1002 -1442 0
-1002 -1482 0
-1042 -1082 0
-1042 -1122 0
-1042 -1162 0
-1042 -1202 0
-1042 -1242 0
-1042 -1282 0
-1042 -1322 0
-1042 -1362 0
-1042 -1402 0
-1042 -1442 0
-1042 -1482 0
-1082 -1122 0
-1082 -1162 0
-1082 -1202 0
-1082 -1242 0
-1082 -1282 0
-1082 -1322 0
-1082 -1362 0
-1082 -1402 0
-1082 -1442 0
-1082 -1482 0
-1122 -1162 0
-1122 -1202 0
-1122 -1242 0
-1122 -1282 0
-1122 -1322 0
-1122 -1362 0
-1122 -1402 0
-1122 -1442 0
-1122 -1482 0
-1162 -1202 0
-1162 -1242 0
-1162 -1282 0
-1162 -1322 0
-1162 -1362 0
-1162 -1402 0
-1162 -1442 0
-1162 -1482 0
-1202 -1242 0
-1202 -1282 0
-1202 -1322 0
-1202 -1362 0
-1202 -1402 0
-1202 -1442 0
-1202 -1482 0
-1242 -1282 0
-1242 -1322 0
-1242 -1362 0
-1242 -1402 0
-1242 -1442 0
-1242 -1482 0
-1282 -1322 0
-1282 -1362 0
-1282 -1402 0
-1282 -1442 0
-1282 -1482 0
-1322 -1362 0
-1322 -1402 0
-1322 -1442 0
-1322 -1482 0
-1362 -1402 0
-1362 -1442 0
-1362 -1482 0
-1402 -1442 0
-1402 -1482 0
-1442 -1482 0
-3 -43 0
-3 -83 0
-3 -123 0
-3 -163 0
-3 -203 0
-3 -243 0
-3 -283 0
-3 -323 0
-3 -363 0
-3 -403 0
-3 -443 0
-3 -483 0
-3 -523 0
-3 -563 0
-3 -603 0
-3 -643 0
-3 -683 0
-3 -723 0
-3 -763 0
-3 -803 0
-3 -843 0
-3 -883 0
-3 -923 0
-3 -963 0
-3 -1003 0
-3 -1043 0
-3 -1083 0
-3 -1123 0
-3 -1163 0
-3 -1203 0
-3 -1243 0
-3 -1283 0
-3 -1323 0
-3 -1363 0
-3 -1403 0
-3 -1443 0
-43 -83 0
-43 -123 0
-43 -163 0
-43 -203 0
-43 -243 0
-43 -283 0
-43 -323 0
-43 -363 0
-43 -403 0
-43 -443 0
-43 -483 0
-43 -523 0
-43 -563 0
-43 -603 0
-43 -643 0
-43 -683 0
-43 -723 0
-43 -763 0
-43 -803 0
-43 -843 0
-43 -883 0
-43 -923 0
-43 -963 0
-43 -1003 0
-43 -1043 0
-43 -1083 0
-43 -1123 0
-43 -1163 0
-43 -1203 0
-43 -1243 0
-43 -1283 0
-43 -1323 0
-43 -1363 0
-43 -1403 0
-43 -1443 0
-83 -123 0
-83 -163 0
-83 -203 0
-83 -243 0
-83 -283 0
-83 -323 0
-83 -363 0
-83 -403 0
-83 -443 0
-83 -483 0
-83 -523 0
-83 -563 0
-83 -603 0
-83 -643 0
-83 -683 0
-83 -723 0
-83 -763 0
-83 -803 0
-83 -843 0
-83 -883 0
-83 -923 0
-83 -963 0
-83 -1003 0
-83 -1043 0
-83 -1083 0
-83 -1123 0
-83 -1163 0
-83 -1203 0
-83 -1243 0
-83 -1283 0
-83 -1323 0
-83 -1363 0
-83 -1403 0
-83 -1443 0
-123 -163 0
-123 -203 0
-123 -243 0
-123 -283 0
-123 -323 0
-123 -363 0
-123 -403 0
-123 -443 0
-123 -483 0
-123 -523 0
-123 -563 0
-123 -603 0
-123 -643 0
-123 -683 0
-123 -723 0
-123 -763 0
-123 -803 0
-123 -843 0
-123 -883 0
-123 -923 0
-123 -963 0
-123 -1003 0
-123 -1043 0
-123 -1083 0
-123 -1123 0
-123 -1163 0
-123 -1203 0
-123 -1243 0
-123 -1283 0
-123 -1323 0
-123 -1363 0
-123 -1403 0
-123 -1443 0
-163 -203 0
-163 -243 0
-163 -283 0
-163 -323 0
-163 -363 0
-163 -403 0
-163 -443 0
-163 -483 0
-163 -523 0
-163 -563 0
-163 -603 0
-163 -643 0
-163 -683 0
-163 -723 0
-163 -763 0
-163 -803 0
-163 -843 0
-163 -883 0
-163 -923 0
-163 -963 0
-163 -1003 0
-163 -1043 0
-163 -1083 0
-163 -1123 0
-163 -1163 0
-163 -1203 0
-163 -1243 0
-163 -1283 0
-163 -1323 0
-163 -1363 0
-163 -1403 0
-163 -1443 0
-203 -243 0
-203 -283 0
-203 -323 0
-203 -363 0
-203 -403 0
-203 -443 0
-203 -483 0
-203 -523 0
-203 -563 0
-203 -603 0
-203 -643 0
-203 -683 0
-203 -723 0
-203 -763 0
-203 -803 0
-203 -843 0
-203 -883 0
-203 -923 0
-203 -963 0
-203 -1003 0
-203 -1043 0
-203 -1083 0
-203 -1123 0
-203 -1163 0
-203 -1203 0
-203 -1243 0
-203 -1283 0
-203 -1323 0
-203 -1363 0
-203 -1403 0
-203 -1443 0
-243 -283 0
-243 -323 0
-243 -363 0
-243 -403 0
-243 -443 0
-243 -483 0
-243 -523 0
-243 -563 0
-243 -603 0
-243 -643 0
-243 -683 0
-243 -723 0
-243 -763 0
-243 -803 0
-243 -843 0
-243 -883 0
-243 -923 0
-243 -963 0
-243 -1003 0
-243 -1043 0
-243 -1083 0
-243 -1123 0
-243 -1163 0
-243 -1203 0
-243 -1243 0
-243 -1283 0
-243 -1323 0
-243 -1363 0
-243 -1403 0
-243 -1443 0
-283 -323 0
-283 -363 0
-283 -403 0
-283 -443 0
-283 -483 0
-283 -523 0
-283 -563 0
-283 -603 0
-283 -643 0
-283 -683 0
-283 -723 0
-283 -763 0
-283 -803 0
-283 -843 0
-283 -883 0
-283 -923 0
-283 -963 0
-283 -1003 0
-283 -1043 0
-283 -1083 0
-283 -1123 0
-283 -1163 0
-283 -1203 0
-283 -1243 0
-283 -1283 0
-283 -1323 0
-283 -1363 0
-283 -1403 0
-283 -1443 0
-323 -363 0
-323 -403 0
-323 -443 0
-323 -483 0
-323 -523 0
-323 -563 0
-323 -603 0
-323 -643 0
-323 -683 0
-323 -723 0
-323 -763 0
-323 -803 0
-323 -843 0
-323 -883 0
-323 -923 0
-323 -963 0
-323 -1003 0
-323 -1043 0
-323 -1083 0
-323 -1123 0
-323 -1163 0
-323 -1203 0
-323 -1243 0
-323 -1283 0
-323 -1323 0
-323 -1363 0
-323 -1403 0
-323 -1443 0
-363 -403 0
-363 -443 0
-363 -483 0
-363 -523 0
-363 -563 0
-363 -603 0
-363 -643 0
-363 -683 0
-363 -723 0
-363 -763 0
-363 -803 0
-363 -843 0
-363 -883 0
-363 -923 0
-363 -963 0
-363 -1003 0
-363 -1043 0
-363 -1083 0
-363 -1123 0
-363 -1163 0
-363 -1203 0
-363 -1243 0
-363 -1283 0
-363 -1323 0
-363 -1363 0
-363 -1403 0
-363 -1443 0
-403 -443 0
-403 -483 0
-403 -523 0
-403 -563 0
-403 -603 0
-403 -643 0
-403 -683 0
-403 -723 0
-403 -763 0
-403 -803 0
-403 -843 0
-403 -883 0
-403 -923 0
-403 -963 0
-403 -1003 0
-403 -1043 0
-403 -1083 0
-403 -1123 0
-403 -1163 0
-403 -1203 0
-403 -1243 0
-403 -1283 0
-403 -1323 0
-403 -1363 0
-403 -1403 0
-403 -1443 0
-443 -483 0
-443 -523 0
-443 -563 0
-443 -603 0
-443 -643 0
-443 -683 0
-443 -723 0
-443 -763 0
-443 -803 0
-443 -843 0
-443 -883 0
-443 -923 0
-443 -963 0
-443 -1003 0
-443 -1043 0
-443 -1083 0
-443 -1123 0
-443 -1163 0
-443 -1203 0
-443 -1243 0
-443 -1283 0
-443 -1323 0
-443 -1363 0
-443 -1403 0
-443 -1443 0
-483 -523 0
-483 -563 0
-483 -603 0
-483 -643 0
-483 -683 0
-483 -723 0
-483 -763 0
-483 -803 0
-483 -843 0
-483 -883 0
-483 -923 0
-483 -963 0
-483 -1003 0
-483 -1043 0
-483 -1083 0
-483 -1123 0
-483 -1163 0
-483 -1203 0
-483 -1243 0
-483 -1283 0
-483 -1323 0
-483 -1363 0
-483 -1403 0
-483 -1443 0
-523 -563 0
-523 -603 0
-523 -643 0
-523 -683 0
-523 -723 0
-523 -763 0
-523 -803 0
-523 -843 0
-523 -883 0
-523 -923 0
-523 -963 0
-523 -1003 0
-523 -1043 0
-523 -1083 0
-523 -1123 0
-523 -1163 0
-523 -1203 0
-523 -1243 0
-523 -1283 0
-523 -1323 0
-523 -1363 0
-523 -1403 0
-523 -1443 0
-563 -603 0
-563 -643 0
-563 -683 0
-563 -723 0
-563 -763 0
-563 -803 0
-563 -843 0
-563 -883 0
-563 -923 0
-563 -963 0
-563 -1003 0
-563 -1043 0
-563 -1083 0
-563 -1123 0
-563 -1163 0
-563 -1203 0
-563 -1243 0
-563 -1283 0
-563 -1323 0
-563 -1363 0
-563 -1403 0
-563 -1443 0
-603 -643 0
-603 -683 0
-603 -723 0
-603 -763 0
-603 -803 0
-603 -843 0
-603 -883 0
-603 -923 0
-603 -963 0
-603 -1003 0
-603 -1043 0
-603 -1083 0
-603 -1123 0
-603 -1163 0
-603 -1203 0
-603 -1243 0
-603 -1283 0
-603 -1323 0
-603 -1363 0
-603 -1403 0
-603 -1443 0
-643 -683 0
-643 -723 0
-643 -763 0
-643 -803 0
-643 -843 0
-643 -883 0
-643 -923 0
-643 -963 0
-643 -1003 0
-643 -1043 0
-643 -1083 0
-643 -1123 0
-643 -1163 0
-643 -1203 0
-643 -1243 0
-643 -1283 0
-643 -1323 0
-643 -1363 0
-643 -1403 0
-643 -1443 0
-683 -723 0
-683 -763 0
-683 -803 0
-683 -843 0
-683 -883 0
-683 -923 0
-683 -963 0
-683 -1003 0
-683 -1043 0
-683 -1083 0
-683 -1123 0
-683 -1163 0
-683 -1203 0
-683 -1243 0
-683 -1283 0
-683 -1323 0
-683 -1363 0
-683 -1403 0
-683 -1443 0
-723 -763 0
-723 -803 0
-723 -843 0
-723 -883 0
-723 -923 0
-723 -963 0
-723 -1003 0
-723 -1043 0
-723 -1083 0
-723 -1123 0
-723 -1163 0
-723 -1203 0
-723 -1243 0
-723 -1283 0
-723 -1323 0
-723 -1363 0
-723 -1403 0
-723 -1443 0
-763 -803 0
-763 -843 0
-763 -883 0
-763 -923 0
-763 -963 0
-763 -1003 0
-763 -1043 0
-763 -1083 0
-763 -1123 0
-763 -1163 0
-763 -1203 0
-763 -1243 0
-763 -1283 0
-763 -1323 0
-763 -1363 0
-763 -1403 0
-763 -1443 0
-803 -843 0
-803 -883 0
-803 -923 0
-803 -963 0
-803 -1003 0
-803 -1043 0
-803 -1083 0
-803 -1123 0
-803 -1163 0
-803 -1203 0
-803 -1243 0
-803 -1283 0
-803 -1323 0
-803 -1363 0
-803 -1403 0
-803 -1443 0
-843 -883 0
-843 -923 0
-843 -963 0
-843 -1003 0
-843 -1043 0
-843 -1083 0
-843 -1123 0
-843 -1163 0
-843 -1203 0
-843 -1243 0
-843 -1283 0
-843 -1323 0
-843 -1363 0
-843 -1403 0
-843 -1443 0
-883 -923 0
-883 -963 0
-883 -1003 0
-883 -1043 0
-883 -1083 0
-883 -1123 0
-883 -1163 0
-883 -1203 0
-883 -1243 0
-883 -1283 0
-883 -1323 0
-883 -1363 0
-883 -1403 0
-883 -1443 0
-923 -963 0
-923 -1003 0
-923 -1043 0
-923 -1083 0
-923 -1123 0
-923 -1163 0
-923 -1203 0
-923 -1243 0
-923 -1283 0
-923 -1323 0
-923 -1363 0
-923 -1403 0
-923 -1443 0
-963 -1003 0
-963 -1043 0
-963 -1083 0
-963 -1123 0
-963 -1163 0
-963 -1203 0
-963 -1243 0
-963 -1283 0
-963 -1323 0
-963 -1363 0
-963 -1403 0
-963 -1443 0
-1003 -1043 0
-1003 -1083 0
-1003 -1123 0
-1003 -1163 0
-1003 -1203 0
-1003 -1243 0
-1003 -1283 0
-1003 -1323 0
-1003 -1363 0
-1003 -1403 0
-1003 -1443 0
-1043 -1083 0
-1043 -1123 0
-1043 -1163 0
-1043 -1203 0
-1043 -1243 0
-1043 -1283 0
-1043 -1323 0
-1043 -1363 0
-1043 -1403 0
-1043 -1443 0
-1083 -1123 0
-1083 -1163 0
-1083 -1203 0
-1083 -1243 0
-1083 -1283 0
-1083 -1323 0
-1083 -1363 0
-1083 -1403 0
-1083 -1443 0
-1123 -1163 0
-1123 -1203 0
-1123 -1243 0
-1123 -1283 0
-1123 -1323 0
-1123 -1363 0
-1123 -1403 0
-1123 -1443 0
-1163 -1203 0
-1163 -1243 0
-1163 -1283 0
-1163 -1323 0
-1163 -1363 0
-1163 -1403 0
-1163 -1443 0
-1203 -1243 0
-1203 -1283 0
-1203 -1323 0
-1203 -1363 0
-1203 -1403 0
-1203 -1443 0
-1243 -1283 0
-1243 -1323 0
-1243 -1363 0
-1243 -1403 0
-1243 -1443 0
-1283 -1323 0
-1283 -1363 0
-1283 -1403 0
-1283 -1443 0
-1323 -1363 0
-1323 -1403 0
-1323 -1443 0
-1363 -1403 0
-1363 -1443 0
-1403 -1443 0
-4 -44 0
-4 -84 0
-4 -124 0
-4 -164 0
-4 -204 0
-4 -244 0
-4 -284 0
-4 -324 0
-4 -364 0
-4 -404 0
-4 -444 0
-4 -484 0
-4 -524 0
-4 -564 0
-4 -604 0
-4 -644 0
-4 -684 0
-4 -724 0
-4 -764 0
-4 -804 0
-4 -844 0
-4 -884 0
-4 -924 0
-4 -964 0
-4 -1004 0
-4 -1044 0
-4 -1084 0
-4 -1124 0
-4 -1164 0
-4 -1204 0
-4 -1244 0
-4 -1284 0
-4 -1324 0
-4 -1364 0
-4 -1404 0
-44 -84 0
-44 -124 0
-44 -164 0
-44 -204 0
-44 -244 0
-44 -284 0
-44 -324 0
-44 -364 0
-44 -404 0
-44 -444 0
-44 -484 0
-44 -524 0
-44 -564 0
-44 -604 0
-44 -644 0
-44 -684 0
-44 -724 0
-44 -764 0
-44 -804 0
-44 -844 0
-44 -884 0
-44 -924 0
-44 -964 0
-44 -1004 0
-44 -1044 0
-44 -1084 0
-44 -1124 0
-44 -1164 0
-44 -1204 0
-44 -1244 0
-44 -1284 0
-44 -1324 0
-44 -1364 0
-44 -1404 0
-84 -124 0
-84 -164 0
-84 -204 0
-84 -244 0
-84 -284 0
-84 -324 0
-84 -364 0
-84 -404 0
-84 -444 0
-84 -484 0
-84 -524 0
-84 -564 0
-84 -604 0
-84 -644 0
-84 -684 0
-84 -724 0
-84 -764 0
-84 -804 0
-84 -844 0
-84 -884 0
-84 -924 0
-84 -964 0
-84 -1004 0
-84 -1044 0
-84 -1084 0
-84 -1124 0
-84 -1164 0
-84 -1204 0
-84 -1244 0
-84 -1284 0
-84 -1324 0
-84 -1364 0
-84 -1404 0
-124 -164 0
-124 -204 0
-124 -244 0
-124 -284 0
-124 -324 0
-124 -364 0
-124 -404 0
-124 -444 0
-124 -484 0
-124 -524 0
-124 -564 0
-124 -604 0
-124 -644 0
-124 -684 0
-124 -724 0
-124 -764 0
-124 -804 0
-124 -844 0
-124 -884 0
-124 -924 0
-124 -964 0
-124 -1004 0
-124 -1044 0
-124 -1084 0
-124 -1124 0
-124 -1164 0
-124 -1204 0
-124 -1244 0
-124 -1284 0
-124 -1324 0
-124 -1364 0
-124 -1404 0
-164 -204 0
-164 -244 0
-164 -284 0
-164 -324 0
-164 -364 0
-164 -404 0
-164 -444 0
-164 -484 0
-164 -524 0
-164 -564 0
-164 -604 0
-164 -644 0
-164 -684 0
-164 -724 0
-164 -764 0
-164 -804 0
-164 -844 0
-164 -884 0
-164 -924 0
-164 -964 0
-164 -1004 0
-164 -1044 0
-164 -1084 0
-164 -1124 0
-164 -1164 0
-164 -1204 0
-164 -1244 0
-164 -1284 0
-164 -1324 0
-164 -1364 0
-164 -1404 0
-204 -244 0
-204 -284 0
-204 -324 0
-204 -364 0
-204 -404 0
-204 -444 0
-204 -484 0
-204 -524 0
-204 -564 0
-204 -604 0
-204 -644 0
-204 -684 0
-204 -724 0
-204 -764 0
-204 -804 0
-204 -844 0
-204 -884 0
-204 -924 0
-204 -964 0
-204 -1004 0
-204 -1044 0
-204 -1084 0
-204 -1124 0
-204 -1164 0
-204 -1204 0
-204 -1244 0
-204 -1284 0
-204 -1324 0
-204 -1364 0
-204 -1404 0
-244 -284 0
-244 -324 0
-244 -364 0
-244 -404 0
-244 -444 0
-244 -484 0
-244 -524 0
-244 -564 0
-244 -604 0
-244 -644 0
-244 -684 0
-244 -724 0
-244 -764 0
-244 -804 0
-244 -844 0
-244 -884 0
-244 -924 0
-244 -964 0
-244 -1004 0
-244 -1044 0
-244 -1084 0
-244 -1124 0
-244 -1164 0
-244 -1204 0
-244 -1244 0
-244 -1284 0
-244 -1324 0
-244 -1364 0
-244 -1404 0
-284 -324 0
-284 -364 0
-284 -404 0
-284 -444 0
-284 -484 0
-284 -524 0
-284 -564 0
-284 -604 0
-284 -644 0
-284 -684 0
-284 -724 0
-284 -764 0
-284 -804 0
-284 -844 0
-284 -884 0
-284 -924 0
-284 -964 0
-284 -1004 0
-284 -1044 0
-284 -1084 0
-284 -1124 0
-284 -1164 0
-284 -1204 0
-284 -1244 0
-284 -1284 0
-284 -1324 0
-284 -1364 0
-284 -1404 0
-324 -364 0
-324 -404 0
-324 -444 0
-324 -484 0
-324 -524 0
-324 -564 0
-324 -604 0
-324 -644 0
-324 -684 0
-324 -724 0
-324 -764 0
-324 -804 0
-324 -844 0
-324 -884 0
-324 -924 0
-324 -964 0
-324 -1004 0
-324 -1044 0
-324 -1084 0
-324 -1124 0
-324 -1164 0
-324 -1204 0
-324 -1244 0
-324 -1284 0
-324 -1324 0
-324 -1364 0
-324 -1404 0
-364 -404 0
-364 -444 0
-364 -484 0
-364 -524 0
-364 -564 0
-364 -604 0
-364 -644 0
-364 -684 0
-364 -724 0
-364 -764 0
-364 -804 0
-364 -844 0
-364 -884 0
-364 -924 0
-364 -964 0
-364 -1004 0
-364 -1044 0
-364 -1084 0
-364 -1124 0
-364 -1164 0
-364 -1204 0
-364 -1244 0
-364 -1284 0
-364 -1324 0
-364 -1364 0
-364 -1404 0
-404 -444 0
-404 -484 0
-404 -524 0
-404 -564 0
-404 -604 0
-404 -644 0
-404 -684 0
-404 -724 0
-404 -764 0
-404 -804 0
-404 -844 0
-404 -884 0
-404 -924 0
-404 -964 0
-404 -1004 0
-404 -1044 0
-404 -1084 0
-404 -1124 0
-404 -1164 0
-404 -1204 0
-404 -1244 0
-404 -1284 0
-404 -1324 0
-404 -1364 0
-404 -1404 0
-444 -484 0
-444 -524 0
-444 -564 0
-444 -604 0
-444 -644 0
-444 -684 0
-444 -724 0
-444 -764 0
-444 -804 0
-444 -844 0
-444 -884 0
-444 -924 0
-444 -964 0
-444 -1004 0
-444 -1044 0
-444 -1084 0
-444 -1124 0
-444 -1164 0
-444 -1204 0
-444 -1244 0
-444 -1284 0
-444 -1324 0
-444 -1364 0
-444 -1404 0
-484 -524 0
-484 -564 0
-484 -604 0
-484 -644 0
-484 -684 0
-484 -724 0
-484 -764 0
-484 -804 0
-484 -844 0
-484 -884 0
-484 -924 0
-484 -964 0
-484 -1004 0
-484 -1044 0
-484 -1084 0
-484 -1124 0
-484 -1164 0
-484 -1204 0
-484 -1244 0
-484 -1284 0
-484 -1324 0
-484 -1364 0
-484 -1404 0
-524 -564 0
-524 -604 0
-524 -644 0
-524 -684 0
-524 -724 0
-524 -764 0
-524 -804 0
-524 -844 0
-524 -884 0
-524 -924 0
-524 -964 0
-524 -1004 0
-524 -1044 0
-524 -1084 0
-524 -1124 0
-524 -1164 0
-524 -1204 0
-524 -1244 0
-524 -1284 0
-524 -1324 0
-524 -1364 0
-524 -1404 0
-564 -604 0
-564 -644 0
-564 -684 0
-564 -724 0
-564 -764 0
-564 -804 0
-564 -844 0
-564 -884 0
-564 -924 0
-564 -964 0
-564 -1004 0
-564 -1044 0
-564 -1084 0
-564 -1124 0
-564 -1164 0
-564 -1204 0
-564 -1244 0
-564 -1284 0
-564 -1324 0
-564 -1364 0
-564 -1404 0
-604 -644 0
-604 -684 0
-604 -724 0
-604 -764 0
-604 -804 0
-604 -844 0
-604 -884 0
-604 -924 0
-604 -964 0
-604 -1004 0
-604 -1044 0
-604 -1084 0
-604 -1124 0
-604 -1164 0
-604 -1204 0
-604 -1244 0
-604 -1284 0
-604 -1324 0
-604 -1364 0
-604 -1404 0
-644 -684 0
-644 -724 0
-644 -764 0
-644 -804 0
-644 -844 0
-644 -884 0
-644 -924 0
-644 -964 0
-644 -1004 0
-644 -1044 0
-644 -1084 0
-644 -1124 0
-644 -1164 0
-644 -1204 0
-644 -1244 0
-644 -1284 0
-644 -1324 0
-644 -1364 0
-644 -1404 0
-684 -724 0
-684 -764 0
-684 -804 0
-684 -844 0
-684 -884 0
-684 -924 0
-684 -964 0
-684 -1004 0
-684 -1044 0
-684 -1084 0
-684 -1124 0
-684 -1164 0
-684 -1204 0
-684 -1244 0
-684 -1284 0
-684 -1324 0
-684 -1364 0
-684 -1404 0
-724 -764 0
-724 -804 0
-724 -844 0
-724 -884 0
-724 -924 0
-724 -964 0
-724 -1004 0
-724 -1044 0
-724 -1084 0
-724 -1124 0
-724 -1164 0
-724 -1204 0
-724 -1244 0
-724 -1284 0
-724 -1324 0
-724 -1364 0
-724 -1404 0
-764 -804 0
-764 -844 0
-764 -884 0
-764 -924 0
-764 -964 0
-764 -1004 0
-764 -1044 0
-764 -1084 0
-764 -1124 0
-764 -1164 0
-764 -1204 0
-764 -1244 0
-764 -1284 0
-764 -1324 0
-764 -1364 0
-764 -1404 0
-804 -844 0
-804 -884 0
-804 -924 0
-804 -964 0
-804 -1004 0
-804 -1044 0
-804 -1084 0
-804 -1124 0
-804 -1164 0
-804 -1204 0
-804 -1244 0
-804 -1284 0
-804 -1324 0
-804 -1364 0
-804 -1404 0
-844 -884 0
-844 -924 0
-844 -964 0
-844 -1004 0
-844 -1044 0
-844 -1084 0
-844 -1124 0
-844 -1164 0
-844 -1204 0
-844 -1244 0
-844 -1284 0
-844 -1324 0
-844 -1364 0
-844 -1404 0
-884 -924 0
-884 -964 0
-884 -1004 0
-884 -1044 0
-884 -1084 0
-884 -1124 0
-884 -1164 0
-884 -1204 0
-884 -1244 0
-884 -1284 0
-884 -1324 0
-884 -1364 0
-884 -1404 0
-924 -964 0
-924 -1004 0
-924 -1044 0
-924 -1084 0
-924 -1124 0
-924 -1164 0
-924 -1204 0
-924 -1244 0
-924 -1284 0
-924 -1324 0
-924 -1364 0
-924 -1404 0
-964 -1004 0
-964 -1044 0
-964 -1084 0
-964 -1124 0
-964 -1164 0
-964 -1204 0
-964 -1244 0
-964 -1284 0
-964 -1324 0
-964 -1364 0
-964 -1404 0
-1004 -1044 0
-1004 -1084 0
-1004 -1124 0
-1004 -1164 0
-1004 -1204 0
-1004 -1244 0
-1004 -1284 0
-1004 -1324 0
-1004 -1364 0
-1004 -1404 0
-1044 -1084 0
-1044 -1124 0
-1044 -1164 0
-1044 -1204 0
-1044 -1244 0
-1044 -1284 0
-1044 -1324 0
-1044 -1364 0
-1044 -1404 0
-1084 -1124 0
-1084 -1164 0
-1084 -1204 0
-1084 -1244 0
-1084 -1284 0
-1084 -1324 0
-1084 -1364 0
-1084 -1404 0
-1124 -1164 0
-1124 -1204 0
-1124 -1244 0
-1124 -1284 0
-1124 -1324 0
-1124 -1364 0
-1124 -1404 0
-1164 -1204 0
-1164 -1244 0
-1164 -1284 0
-1164 -1324 0
-1164 -1364 0
-1164 -1404 0
-1204 -1244 0
-1204 -1284 0
-1204 -1324 0
-1204 -1364 0
-1204 -1404 0
-1244 -1284 0
-1244 -1324 0
-1244 -1364 0
-1244 -1404 0
-1284 -1324 0
-1284 -1364 0
-1284 -1404 0
-1324 -1364 0
-1324 -1404 0
-1364 -1404 0
-5 -45 0
-5 -85 0
-5 -125 0
-5 -165 0
-5 -205 0
-5 -245 0
-5 -285 0
-5 -325 0
-5 -365 0
-5 -405 0
-5 -445 0
-5 -485 0
-5 -525 0
-5 -565 0
-5 -605 0
-5 -645 0
-5 -685 0
-5 -725 0
-5 -765 0
-5 -805 0
-5 -845 0
-5 -885 0
-5 -925 0
-5 -965 0
-5 -1005 0
-5 -1045 0
-5 -1085 0
-5 -1125 0
-5 -1165 0
-5 -1205 0
-5 -1245 0
-5 -1285 0
-5 -1325 0
-5 -1365 0
-45 -85 0
-45 -125 0
-45 -165 0
-45 -205 0
-45 -245 0
-45 -285 0
-45 -325 0
-45 -365 0
-45 -405 0
-45 -445 0
-45 -485 0
-45 -525 0
-45 -565 0
-45 -605 0
-45 -645 0
-45 -685 0
-45 -725 0
-45 -765 0
-45 -805 0
-45 -845 0
-45 -885 0
-45 -925 0
-45 -965 0
-45 -1005 0
-45 -1045 0
-45 -1085 0
-45 -1125 0
-45 -1165 0
-45 -1205 0
-45 -1245 0
-45 -1285 0
-45 -1325 0
-45 -1365 0
-85 -125 0
-85 -165 0
-85 -205 0
-85 -245 0
-85 -285 0
-85 -325 0
-85 -365 0
-85 -405 0
-85 -445 0
-85 -485 0
-85 -525 0
-85 -565 0
-85 -605 0
-85 -645 0
-85 -685 0
-85 -725 0
-85 -765 0
-85 -805 0
-85 -845 0
-85 -885 0
-85 -925 0
-85 -965 0
-85 -1005 0
-85 -1045 0
-85 -1085 0
-85 -1125 0
-85 -1165 0
-85 -1205 0
-85 -1245 0
-85 -1285 0
-85 -1325 0
-85 -1365 0
-125 -165 0
-125 -205 0
-125 -245 0
-125 -285 0
-125 -325 0
-125 -365 0
-125 -405 0
-125 -445 0
-125 -485 0
-125 -525 0
-125 -565 0
-125 -605 0
-125 -645 0
-125 -685 0
-125 -725 0
-125 -765 0
-125 -805 0
-125 -845 0
-125 -885 0
-125 -925 0
-125 -965 0
-125 -1005 0
-125 -1045 0
-125 -1085 0
-125 -1125 0
-125 -1165 0
-125 -1205 0
-125 -1245 0
-125 -1285 0
-125 -1325 0
-125 -1365 0
-165 -205 0
-165 -245 0
-165 -285 0
-165 -325 0
-165 -365 0
-165 -405 0
-165 -445 0
-165 -485 0
-165 -525 0
-165 -565 0
-165 -605 0
-165 -645 0
-165 -685 0
-165 -725 0
-165 -765 0
-165 -805 0
-165 -845 0
-165 -885 0
-165 -925 0
-165 -965 0
-165 -1005 0
-165 -1045 0
-165 -1085 0
-165 -1125 0
-165 -1165 0
-165 -1205 0
-165 -1245 0
-165 -1285 0
-165 -1325 0
-165 -1365 0
-205 -245 0
-205 -285 0
-205 -325 0
-205 -365 0
-205 -405 0
-205 -445 0
-205 -485 0
-205 -525 0
-205 -565 0
-205 -605 0
-205 -645 0
-205 -685 0
-205 -725 0
-205 -765 0
-205 -805 0
-205 -845 0
-205 -885 0
-205 -925 0
-205 -965 0
-205 -1005 0
-205 -1045 0
-205 -1085 0
-205 -1125 0
-205 -1165 0
-205 -1205 0
-205 -1245 0
-205 -1285 0
-205 -1325 0
-205 -1365 0
-245 -285 0
-245 -325 0
-245 -365 0
-245 -405 0
-245 -445 0
-245 -485 0
-245 -525 0
-245 -565 0
-245 -605 0
-245 -645 0
-245 -685 0
-245 -725 0
-245 -765 0
-245 -805 0
-245 -845 0
-245 -885 0
-245 -925 0
-245 -965 0
-245 -1005 0
-245 -1045 0
-245 -1085 0
-245 -1125 0
-245 -1165 0
-245 -1205 0
-245 -1245 0
-245 -1285 0
-245 -1325 0
-245 -1365 0
-285 -325 0
-285 -365 0
-285 -405 0
-285 -445 0
-285 -485 0
-285 -525 0
-285 -565 0
-285 -605 0
-285 -645 0
-285 -685 0
-285 -725 0
-285 -765 0
-285 -805 0
-285 -845 0
-285 -885 0
-285 -925 0
-285 -965 0
-285 -1005 0
-285 -1045 0
-285 -1085 0
-285 -1125 0
-285 -1165 0
-285 -1205 0
-285 -1245 0
-285 -1285 0
-285 -1325 0
-285 -1365 0
-325 -365 0
-325 -405 0
-325 -445 0
-325 -485 0
-325 -525 0
-325 -565 0
-325 -605 0
-325 -645 0
-325 -685 0
-325 -725 0
-325 -765 0
-325 -805 0
-325 -845 0
-325 -885 0
-325 -925 0
-325 -965 0
-325 -1005 0
-325 -1045 0
-325 -1085 0
-325 -1125 0
-325 -1165 0
-325 -1205 0
-325 -1245 0
-325 -1285 0
-325 -1325 0
-325 -1365 0
-365 -405 0
-365 -445 0
-365 -485 0
-365 -525 0
-365 -565 0
-365 -605 0
-365 -645 0
-365 -685 0
-365 -725 0
-365 -765 0
-365 -805 0
-365 -845 0
-365 -885 0
-365 -925 0
-365 -965 0
-365 -1005 0
-365 -1045 0
-365 -1085 0
-365 -1125 0
-365 -1165 0
-365 -1205 0
-365 -1245 0
-365 -1285 0
-365 -1325 0
-365 -1365 0
-405 -445 0
-405 -485 0
-405 -525 0
-405 -565 0
-405 -605 0
-405 -645 0
-405 -685 0
-405 -725 0
-405 -765 0
-405 -805 0
-405 -845 0
-405 -885 0
-405 -925 0
-405 -965 0
-405 -1005 0
-405 -1045 0
-405 -1085 0
-405 -1125 0
-405 -1165 0
-405 -1205 0
-405 -1245 0
-405 -1285 0
-405 -1325 0
-405 -1365 0
-445 -485 0
-445 -525 0
-445 -565 0
-445 -605 0
-445 -645 0
-445 -685 0
-445 -725 0
-445 -765 0
-445 -805 0
-445 -845 0
-445 -885 0
-445 -925 0
-445 -965 0
-445 -1005 0
-445 -1045 0
-445 -1085 0
-445 -1125 0
-445 -1165 0
-445 -1205 0
-445 -1245 0
-445 -1285 0
-445 -1325 0
-445 -1365 0
-485 -525 0
-485 -565 0
-485 -605 0
-485 -645 0
-485 -685 0
-485 -725 0
-485 -765 0
-485 -805 0
-485 -845 0
-485 -885 0
-485 -925 0
-485 -965 0
-485 -1005 0
-485 -1045 0
-485 -1085 0
-485 -1125 0
-485 -1165 0
-485 -1205 0
-485 -1245 0
-485 -1285 0
-485 -1325 0
-485 -1365 0
-525 -565 0
-525 -605 0
-525 -645 0
-525 -685 0
-525 -725 0
-525 -765 0
-525 -805 0
-525 -845 0
-525 -885 0
-525 -925 0
-525 -965 0
-525 -1005 0
-525 -1045 0
-525 -1085 0
-525 -1125 0
-525 -1165 0
-525 -1205 0
-525 -1245 0
-525 -1285 0
-525 -1325 0
-525 -1365 0
-565 -605 0
-565 -645 0
-565 -685 0
-565 -725 0
-565 -765 0
-565 -805 0
-565 -845 0
-565 -885 0
-565 -925 0
-565 -965 0
-565 -1005 0
-565 -1045 0
-565 -1085 0
-565 -1125 0
-565 -1165 0
-565 -1205 0
-565 -1245 0
-565 -1285 0
-565 -1325 0
-565 -1365 0
-605 -645 0
-605 -685 0
-605 -725 0
-605 -765 0
-605 -805 0
-605 -845 0
-605 -885 0
-605 -925 0
-605 -965 0
-605 -1005 0
-605 -1045 0
-605 -1085 0
-605 -1125 0
-605 -1165 0
-605 -1205 0
-605 -1245 0
-605 -1285 0
-605 -1325 0
-605 -1365 0
-645 -685 0
-645 -725 0
-645 -765 0
-645 -805 0
-645 -845 0
-645 -885 0
-645 -925 0
-645 -965 0
-645 -1005 0
-645 -1045 0
-645 -1085 0
-645 -1125 0
-645 -1165 0
-645 -1205 0
-645 -1245 0
-645 -1285 0
-645 -1325 0
-645 -1365 0
-685 -725 0
-685 -765 0
-685 -805 0
-685 -845 0
-685 -885 0
-685 -925 0
-685 -965 0
-685 -1005 0
-685 -1045 0
-685 -1085 0
-685 -1125 0
-685 -1165 0
-685 -1205 0
-685 -1245 0
-685 -1285 0
-685 -1325 0
-685 -1365 0
-725 -765 0
-725 -805 0
-725 -845 0
-725 -885 0
-725 -925 0
-725 -965 0
-725 -1005 0
-725 -1045 0
-725 -1085 0
-725 -1125 0
-725 -1165 0
-725 -1205 0
-725 -1245 0
-725 -1285 0
-725 -1325 0
-725 -1365 0
-765 -805 0
-765 -845 0
-765 -885 0
-765 -925 0
-765 -965 0
-765 -1005 0
-765 -1045 0
-765 -1085 0
-765 -1125 0
-765 -1165 0
-765 -1205 0
-765 -1245 0
-765 -1285 0
-765 -1325 0
-765 -1365 0
-805 -845 0
-805 -885 0
-805 -925 0
-805 -965 0
-805 -1005 0
-805 -1045 0
-805 -1085 0
-805 -1125 0
-805 -1165 0
-805 -1205 0
-805 -1245 0
-805 -1285 0
-805 -1325 0
-805 -1365 0
-845 -885 0
-845 -925 0
-845 -965 0
-845 -1005 0
-845 -1045 0
-845 -1085 0
-845 -1125 0
-845 -1165 0
-845 -1205 0
-845 -1245 0
-845 -1285 0
-845 -1325 0
-845 -1365 0
-885 -925 0
-885 -965 0
-885 -1005 0
-885 -1045 0
-885 -1085 0
-885 -1125 0
-885 -1165 0
-885 -1205 0
-885 -1245 0
-885 -1285 0
-885 -1325 0
-885 -1365 0
-925 -965 0
-925 -1005 0
-925 -1045 0
-925 -1085 0
-925 -1125 0
-925 -1165 0
-925 -1205 0
-925 -1245 0
-925 -1285 0
-925 -1325 0
-925 -1365 0
-965 -1005 0
-965 -1045 0
-965 -1085 0
-965 -1125 0
-965 -1165 0
-965 -1205 0
-965 -1245 0
-965 -1285 0
-965 -1325 0
-965 -1365 0
-1005 -1045 0
-1005 -1085 0
-1005 -1125 0
-1005 -1165 0
-1005 -1205 0
-1005 -1245 0
-1005 -1285 0
-1005 -1325 0
-1005 -1365 0
-1045 -1085 0
-1045 -1125 0
-1045 -1165 0
-1045 -1205 0
-1045 -1245 0
-1045 -1285 0
-1045 -1325 0
-1045 -1365 0
-1085 -1125 0
-1085 -1165 0
-1085 -1205 0
-1085 -1245 0
-1085 -1285 0
-1085 -1325 0
-1085 -1365 0
-1125 -1165 0
-1125 -1205 0
-1125 -1245 0
-1125 -1285 0
-1125 -1325 0
-1125 -1365 0
-1165 -1205 0
-1165 -1245 0
-1165 -1285 0
-1165 -1325 0
-1165 -1365 0
-1205 -1245 0
-1205 -1285 0
-1205 -1325 0
-1205 -1365 0
-1245 -1285 0
-1245 -1325 0
-1245 -1365 0
-1285 -1325 0
-1285 -1365 0
-1325 -1365 0
-6 -46 0
-6 -86 0
-6 -126 0
-6 -166 0
-6 -206 0
-6 -246 0
-6 -286 0
-6 -326 0
-6 -366 0
-6 -406 0
-6 -446 0
-6 -486 0
-6 -526 0
-6 -566 0
-6 -606 0
-6 -646 0
-6 -686 0
-6 -726 0
-6 -766 0
-6 -806 0
-6 -846 0
-6 -886 0
-6 -926 0
-6 -966 0
-6 -1006 0
-6 -1046 0
-6 -1086 0
-6 -1126 0
-6 -1166 0
-6 -1206 0
-6 -1246 0
-6 -1286 0
-6 -1326 0
-46 -86 0
-46 -126 0
-46 -166 0
-46 -206 0
-46 -246 0
-46 -286 0
-46 -326 0
-46 -366 0
-46 -406 0
-46 -446 0
-46 -486 0
-46 -526 0
-46 -566 0
-46 -606 0
-46 -646 0
-46 -686 0
-46 -726 0
-46 -766 0
-46 -806 0
-46 -846 0
-46 -886 0
-46 -926 0
-46 -966 0
-46 -1006 0
-46 -1046 0
-46 -1086 0
-46 -1126 0
-46 -1166 0
-46 -1206 0
-46 -1246 0
-46 -1286 0
-46 -1326 0
-86 -126 0
-86 -166 0
-86 -206 0
-86 -246 0
-86 -286 0
-86 -326 0
-86 -366 0
-86 -406 0
-86 -446 0
-86 -486 0
-86 -526 0
-86 -566 0
-86 -606 0
-86 -646 0
-86 -686 0
-86 -726 0
-86 -766 0
-86 -806 0
-86 -846 0
-86 -886 0
-86 -926 0
-86 -966 0
-86 -1006 0
-86 -1046 0
-86 -1086 0
-86 -1126 0
-86 -1166 0
-86 -1206 0
-86 -1246 0
-86 -1286 0
-86 -1326 0
-126 -166 0
-126 -206 0
-126 -246 0
-126 -286 0
-126 -326 0
-126 -366 0
-126 -406 0
-126 -446 0
-126 -486 0
-126 -526 0
-126 -566 0
-126 -606 0
-126 -646 0
-126 -686 0
-126 -726 0
-126 -766 0
-126 -806 0
-126 -846 0
-126 -886 0
-126 -926 0
-126 -966 0
-126 -1006 0
-126 -1046 0
-126 -1086 0
-126 -1126 0
-126 -1166 0
-126 -1206 0
-126 -1246 0
-126 -1286 0
-126 -1326 0
-166 -206 0
-166 -246 0
-166 -286 0
-166 -326 0
-166 -366 0
-166 -406 0
-166 -446 0
-166 -486 0
-166 -526 0
-166 -566 0
-166 -606 0
-166 -646 0
-166 -686 0
-166 -726 0
-166 -766 0
-166 -806 0
-166 -846 0
-166 -886 0
-166 -926 0
-166 -966 0
-166 -1006 0
-166 -1046 0
-166 -1086 0
-166 -1126 0
-166 -1166 0
-166 -1206 0
-166 -1246 0
-166 -1286 0
-166 -1326 0
-206 -246 0
-206 -286 0
-206 -326 0
-206 -366 0
-206 -406 0
-206 -446 0
-206 -486 0
-206 -526 0
-206 -566 0
-206 -606 0
-206 -646 0
-206 -686 0
-206 -726 0
-206 -766 0
-206 -806 0
-206 -846 0
-206 -886 0
-206 -926 0
-206 -966 0
-206 -1006 0
-206 -1046 0
-206 -1086 0
-206 -1126 0
-206 -1166 0
-206 -1206 0
-206 -1246 0
-206 -1286 0
-206 -1326 0
-246 -286 0
-246 -326 0
-246 -366 0
-246 -406 0
-246 -446 0
-246 -486 0
-246 -526 0
-246 -566 0
-246 -606 0
-246 -646 0
-246 -686 0
-246 -726 0
-246 -766 0
-246 -806 0
-246 -846 0
-246 -886 0
-246 -926 0
-246 -966 0
-246 -1006 0
-246 -1046 0
-246 -1086 0
-246 -1126 0
-246 -1166 0
-246 -1206 0
-246 -1246 0
-246 -1286 0
-246 -1326 0
-286 -326 0
-286 -366 0
-286 -406 0
-286 -446 0
-286 -486 0
-286 -526 0
-286 -566 0
-286 -606 0
-286 -646 0
-286 -686 0
-286 -726 0
-286 -766 0
-286 -806 0
-286 -846 0
-286 -886 0
-286 -926 0
-286 -966 0
-286 -1006 0
-286 -1046 0
-286 -1086 0
-286 -1126 0
-286 -1166 0
-286 -1206 0
-286 -1246 0
-286 -1286 0
-286 -1326 0
-326 -366 0
-326 -406 0
-326 -446 0
-326 -486 0
-326 -526 0
-326 -566 0
-326 -606 0
-326 -646 0
-326 -686 0
-326 -726 0
-326 -766 0
-326 -806 0
-326 -846 0
-326 -886 0
-326 -926 0
-326 -966 0
-326 -1006 0
-326 -1046 0
-326 -1086 0
-326 -1126 0
-326 -1166 0
-326 -1206 0
-326 -1246 0
-326 -1286 0
-326 -1326 0
-366 -406 0
-366 -446 0
-366 -486 0
-366 -526 0
-366 -566 0
-366 -606 0
-366 -646 0
-366 -686 0
-366 -726 0
-366 -766 0
-366 -806 0
-366 -846 0
-366 -886 0
-366 -926 0
-366 -966 0
-366 -1006 0
-366 -1046 0
-366 -1086 0
-366 -1126 0
-366 -1166 0
-366 -1206 0
-366 -1246 0
-366 -1286 0
-366 -1326 0
-406 -446 0
-406 -486 0
-406 -526 0
-406 -566 0
-406 -606 0
-406 -646 0
-406 -686 0
-406 -726 0
-406 -766 0
-406 -806 0
-406 -846 0
-406 -886 0
-406 -926 0
-406 -966 0
-406 -1006 0
-406 -1046 0
-406 -1086 0
-406 -1126 0
-406 -1166 0
-406 -1206 0
-406 -1246 0
-406 -1286 0
-406 -1326 0
-446 -486 0
-446 -526 0
-446 -566 0
-446 -606 0
-446 -646 0
-446 -686 0
-446 -726 0
-446 -766 0
-446 -806 0
-446 -846 0
-446 -886 0
-446 -926 0
-446 -966 0
-446 -1006 0
-446 -1046 0
-446 -1086 0
-446 -1126 0
-446 -1166 0
-446 -1206 0
-446 -1246 0
-446 -1286 0
-446 -1326 0
-486 -526 0
-486 -566 0
-486 -606 0
-486 -646 0
-486 -686 0
-486 -726 0
-486 -766 0
-486 -806 0
-486 -846 0
-486 -886 0
-486 -926 0
-486 -966 0
-486 -1006 0
-486 -1046 0
-486 -1086 0
-486 -1126 0
-486 -1166 0
-486 -1206 0
-486 -1246 0
-486 -1286 0
-486 -1326 0
-526 -566 0
-526 -606 0
-526 -646 0
-526 -686 0
-526 -726 0
-526 -766 0
-526 -806 0
-526 -846 0
-526 -886 0
-526 -926 0
-526 -966 0
-526 -1006 0
-526 -1046 0
-526 -1086 0
-526 -1126 0
-526 -1166 0
-526 -1206 0
-526 -1246 0
-526 -1286 0
-526 -1326 0
-566 -606 0
-566 -646 0
-566 -686 0
-566 -726 0
-566 -766 0
-566 -806 0
-566 -846 0
-566 -886 0
-566 -926 0
-566 -966 0
-566 -1006 0
-566 -1046 0
-566 -1086 0
-566 -1126 0
-566 -1166 0
-566 -1206 0
-566 -1246 0
-566 -1286 0
-566 -1326 0
-606 -646 0
-606 -686 0
-606 -726 0
-606 -766 0
-606 -806 0
-606 -846 0
-606 -886 0
-606 -926 0
-606 -966 0
-606 -1006 0
-606 -1046 0
-606 -1086 0
-606 -1126 0
-606 -1166 0
-606 -1206 0
-606 -1246 0
-606 -1286 0
-606 -1326 0
-646 -686 0
-646 -726 0
-646 -766 0
-646 -806 0
-646 -846 0
-646 -886 0
-646 -926 0
-646 -966 0
-646 -1006 0
-646 -1046 0
-646 -1086 0
-646 -1126 0
-646 -1166 0
-646 -1206 0
-646 -1246 0
-646 -1286 0
-646 -1326 0
-686 -726 0
-686 -766 0
-686 -806 0
-686 -846 0
-686 -886 0
-686 -926 0
-686 -966 0
-686 -1006 0
-686 -1046 0
-686 -1086 0
-686 -1126 0
-686 -1166 0
-686 -1206 0
-686 -1246 0
-686 -1286 0
-686 -1326 0
-726 -766 0
-726 -806 0
-726 -846 0
-726 -886 0
-726 -926 0
-726 -966 0
-726 -1006 0
-726 -1046 0
-726 -1086 0
-726 -1126 0
-726 -1166 0
-726 -1206 0
-726 -1246 0
-726 -1286 0
-726 -1326 0
-766 -806 0
-766 -846 0
-766 -886 0
-766 -926 0
-766 -966 0
-766 -1006 0
-766 -1046 0
-766 -1086 0
-766 -1126 0
-766 -1166 0
-766 -1206 0
-766 -1246 0
-766 -1286 0
-766 -1326 0
-806 -846 0
-806 -886 0
-806 -926 0
-806 -966 0
-806 -1006 0
-806 -1046 0
-806 -1086 0
-806 -1126 0
-806 -1166 0
-806 -1206 0
-806 -1246 0
-806 -1286 0
-806 -1326 0
-846 -886 0
-846 -926 0
-846 -966 0
-846 -1006 0
-846 -1046 0
-846 -1086 0
-846 -1126 0
-846 -1166 0
-846 -1206 0
-846 -1246 0
-846 -1286 0
-846 -1326 0
-886 -926 0
-886 -966 0
-886 -1006 0
-886 -1046 0
-886 -1086 0
-886 -1126 0
-886 -1166 0
-886 -1206 0
-886 -1246 0
-886 -1286 0
-886 -1326 0
-926 -966 0
-926 -1006 0
-926 -1046 0
-926 -1086 0
-926 -1126 0
-926 -1166 0
-926 -1206 0
-926 -1246 0
-926 -1286 0
-926 -1326 0
-966 -1006 0
-966 -1046 0
-966 -1086 0
-966 -1126 0
-966 -1166 0
-966 -1206 0
-966 -1246 0
-966 -1286 0
-966 -1326 0
-1006 -1046 0
-1006 -1086 0
-1006 -1126 0
-1006 -1166 0
-1006 -1206 0
-1006 -1246 0
-1006 -1286 0
-1006 -1326 0
-1046 -1086 0
-1046 -1126 0
-1046 -1166 0
-1046 -1206 0
-1046 -1246 0
-1046 -1286 0
-1046 -1326 0
-1086 -1126 0
-1086 -1166 0
-1086 -1206 0
-1086 -1246 0
-1086 -1286 0
-1086 -1326 0
-1126 -1166 0
-1126 -1206 0
-1126 -1246 0
-1126 -1286 0
-1126 -1326 0
-1166 -1206 0
-1166 -1246 0
-1166 -1286 0
-1166 -1326 0
-1206 -1246 0
-1206 -1286 0
-1206 -1326 0
-1246 -1286 0
-1246 -1326 0
-1286 -1326 0
-7 -47 0
-7 -87 0
-7 -127 0
-7 -167 0
-7 -207 0
-7 -247 0
-7 -287 0
-7 -327 0
-7 -367 0
-7 -407 0
-7 -447 0
-7 -487 0
-7 -527 0
-7 -567 0
-7 -607 0
-7 -647 0
-7 -687 0
-7 -727 0
-7 -767 0
-7 -807 0
-7 -847 0
-7 -887 0
-7 -927 0
-7 -967 0
-7 -1007 0
-7 -1047 0
-7 -1087 0
-7 -1127 0
-7 -1167 0
-7 -1207 0
-7 -1247 0
-7 -1287 0
-47 -87 0
-47 -127 0
-47 -167 0
-47 -207 0
-47 -247 0
-47 -287 0
-47 -327 0
-47 -367 0
-47 -407 0
-47 -447 0
-47 -487 0
-47 -527 0
-47 -567 0
-47 -607 0
-47 -647 0
-47 -687 0
-47 -727 0
-47 -767 0
-47 -807 0
-47 -847 0
-47 -887 0
-47 -927 0
-47 -967 0
-47 -1007 0
-47 -1047 0
-47 -1087 0
-47 -1127 0
-47 -1167 0
-47 -1207 0
-47 -1247 0
-47 -1287 0
-87 -127 0
-87 -167 0
-87 -207 0
-87 -247 0
-87 -287 0
-87 -327 0
-87 -367 0
-87 -407 0
-87 -447 0
-87 -487 0
-87 -527 0
-87 -567 0
-87 -607 0
-87 -647 0
-87 -687 0
-87 -727 0
-87 -767 0
-87 -807 0
-87 -847 0
-87 -887 0
-87 -927 0
-87 -967 0
-87 -1007 0
-87 -1047 0
-87 -1087 0
-87 -1127 0
-87 -1167 0
-87 -1207 0
-87 -1247 0
-87 -1287 0
-127 -167 0
-127 -207 0
-127 -247 0
-127 -287 0
-127 -327 0
-127 -367 0
-127 -407 0
-127 -447 0
-127 -487 0
-127 -527 0
-127 -567 0
-127 -607 0
-127 -647 0
-127 -687 0
-127 -727 0
-127 -767 0
-127 -807 0
-127 -847 0
-127 -887 0
-127 -927 0
-127 -967 0
-127 -1007 0
-127 -1047 0
-127 -1087 0
-127 -1127 0
-127 -1167 0
-127 -1207 0
-127 -1247 0
-127 -1287 0
-167 -207 0
-167 -247 0
-167 -287 0
-167 -327 0
-167 -367 0
-167 -407 0
-167 -447 0
-167 -487 0
-167 -527 0
-167 -567 0
-167 -607 0
-167 -647 0
-167 -687 0
-167 -727 0
-167 -767 0
-167 -807 0
-167 -847 0
-167 -887 0
-167 -927 0
-167 -967 0
-167 -1007 0
-167 -1047 0
-167 -1087 0
-167 -1127 0
-167 -1167 0
-167 -1207 0
-167 -1247 0
-167 -1287 0
-207 -247 0
-207 -287 0
-207 -327 0
-207 -367 0
-207 -407 0
-207 -447 0
-207 -487 0
-207 -527 0
-207 -567 0
-207 -607 0
-207 -647 0
-207 -687 0
-207 -727 0
-207 -767 0
-207 -807 0
-207 -847 0
-207 -887 0
-207 -927 0
-207 -967 0
-207 -1007 0
-207 -1047 0
-207 -1087 0
-207 -1127 0
-207 -1167 0
-207 -1207 0
-207 -1247 0
-207 -1287 0
-247 -287 0
-247 -327 0
-247 -367 0
-247 -407 0
-247 -447 0
-247 -487 0
-247 -527 0
-247 -567 0
-247 -607 0
-247 -647 0
-247 -687 0
-247 -727 0
-247 -767 0
-247 -807 0
-247 -847 0
-247 -887 0
-247 -927 0
-247 -967 0
-247 -1007 0
-247 -1047 0
-247 -1087 0
-247 -1127 0
-247 -1167 0
-247 -1207 0
-247 -1247 0
-247 -1287 0
-287 -327 0
-287 -367 0
-287 -407 0
-287 -447 0
-287 -487 0
-287 -527 0
-287 -567 0
-287 -607 0
-287 -647 0
-287 -687 0
-287 -727 0
-287 -767 0
-287 -807 0
-287 -847 0
-287 -887 0
-287 -927 0
-287 -967 0
-287 -1007 0
-287 -1047 0
-287 -1087 0
-287 -1127 0
-287 -1167 0
-287 -1207 0
-287 -1247 0
-287 -1287 0
-327 -367 0
-327 -407 0
-327 -447 0
-327 -487 0
-327 -527 0
-327 -567 0
-327 -607 0
-327 -647 0
-327 -687 0
-327 -727 0
-327 -767 0
-327 -807 0
-327 -847 0
-327 -887 0
-327 -927 0
-327 -967 0
-327 -1007 0
-327 -1047 0
-327 -1087 0
-327 -1127 0
-327 -1167 0
-327 -1207 0
-327 -1247 0
-327 -1287 0
-367 -407 0
-367 -447 0
-367 -487 0
-367 -527 0
-367 -567 0
-367 -607 0
-367 -647 0
-367 -687 0
-367 -727 0
-367 -767 0
-367 -807 0
-367 -847 0
-367 -887 0
-367 -927 0
-367 -967 0
-367 -1007 0
-367 -1047 0
-367 -1087 0
-367 -1127 0
-367 -1167 0
-367 -1207 0
-367 -1247 0
-367 -1287 0
-407 -447 0
-407 -487 0
-407 -527 0
-407 -567 0
-407 -607 0
-407 -647 0
-407 -687 0
-407 -727 0
-407 -767 0
-407 -807 0
-407 -847 0
-407 -887 0
-407 -927 0
-407 -967 0
-407 -1007 0
-407 -1047 0
-407 -1087 0
-407 -1127 0
-407 -1167 0
-407 -1207 0
-407 -1247 0
-407 -1287 0
-447 -487 0
-447 -527 0
-447 -567 0
-447 -607 0
-447 -647 0
-447 -687 0
-447 -727 0
-447 -767 0
-447 -807 0
-447 -847 0
-447 -887 0
-447 -927 0
-447 -967 0
-447 -1007 0
-447 -1047 0
-447 -1087 0
-447 -1127 0
-447 -1167 0
-447 -1207 0
-447 -1247 0
-447 -1287 0
-487 -527 0
-487 -567 0
-487 -607 0
-487 -647 0
-487 -687 0
-487 -727 0
-487 -767 0
-487 -807 0
-487 -847 0
-487 -887 0
-487 -927 0
-487 -967 0
-487 -1007 0
-487 -1047 0
-487 -1087 0
-487 -1127 0
-487 -1167 0
-487 -1207 0
-487 -1247 0
-487 -1287 0
-527 -567 0
-527 -607 0
-527 -647 0
-527 -687 0
-527 -727 0
-527 -767 0
-527 -807 0
-527 -847 0
-527 -887 0
-527 -927 0
-527 -967 0
-527 -1007 0
-527 -1047 0
-527 -1087 0
-527 -1127 0
-527 -1167 0
-527 -1207 0
-527 -1247 0
-527 -1287 0
-567 -607 0
-567 -647 0
-567 -687 0
-567 -727 0
-567 -767 0
-567 -807 0
-567 -847 0
-567 -887 0
-567 -927 0
-567 -967 0
-567 -1007 0
-567 -1047 0
-567 -1087 0
-567 -1127 0
-567 -1167 0
-567 -1207 0
-567 -1247 0
-567 -1287 0
-607 -647 0
-607 -687 0
-607 -727 0
-607 -767 0
-607 -807 0
-607 -847 0
-607 -887 0
-607 -927 0
-607 -967 0
-607 -1007 0
-607 -1047 0
-607 -1087 0
-607 -1127 0
-607 -1167 0
-607 -1207 0
-607 -1247 0
-607 -1287 0
-647 -687 0
-647 -727 0
-647 -767 0
-647 -807 0
-647 -847 0
-647 -887 0
-647 -927 0
-647 -967 0
-647 -1007 0
-647 -1047 0
-647 -1087 0
-647 -1127 0
-647 -1167 0
-647 -1207 0
-647 -1247 0
-647 -1287 0
-687 -727 0
-687 -767 0
-687 -807 0
-687 -847 0
-687 -887 0
-687 -927 0
-687 -967 0
-687 -1007 0
-687 -1047 0
-687 -1087 0
-687 -1127 0
-687 -1167 0
-687 -1207 0
-687 -1247 0
-687 -1287 0
-727 -767 0
-727 -807 0
-727 -847 0
-727 -887 0
-727 -927 0
-727 -967 0
-727 -1007 0
-727 -1047 0
-727 -1087 0
-727 -1127 0
-727 -1167 0
-727 -1207 0
-727 -1247 0
-727 -1287 0
-767 -807 0
-767 -847 0
-767 -887 0
-767 -927 0
-767 -967 0
-767 -1007 0
-767 -1047 0
-767 -1087 0
-767 -1127 0
-767 -1167 0
-767 -1207 0
-767 -1247 0
-767 -1287 0
-807 -847 0
-807 -887 0
-807 -927 0
-807 -967 0
-807 -1007 0
-807 -1047 0
-807 -1087 0
-807 -1127 0
-807 -1167 0
-807 -1207 0
-807 -1247 0
-807 -1287 0
-847 -887 0
-847 -927 0
-847 -967 0
-847 -1007 0
-847 -1047 0
-847 -1087 0
-847 -1127 0
-847 -1167 0
-847 -1207 0
-847 -1247 0
-847 -1287 0
-887 -927 0
-887 -967 0
-887 -1007 0
-887 -1047 0
-887 -1087 0
-887 -1127 0
-887 -1167 0
-887 -1207 0
-887 -1247 0
-887 -1287 0
-927 -967 0
-927 -1007 0
-927 -1047 0
-927 -1087 0
-927 -1127 0
-927 -1167 0
-927 -1207 0
-927 -1247 0
-927 -1287 0
-967 -1007 0
-967 -1047 0
-967 -1087 0
-967 -1127 0
-967 -1167 0
-967 -1207 0
-967 -1247 0
-967 -1287 0
-1007 -1047 0
-1007 -1087 0
-1007 -1127 0
-1007 -1167 0
-1007 -1207 0
-1007 -1247 0
-1007 -1287 0
-1047 -1087 0
-1047 -1127 0
-1047 -1167 0
-1047 -1207 0
-1047 -1247 0
-1047 -1287 0
-1087 -1127 0
-1087 -1167 0
-1087 -1207 0
-1087 -1247 0
-1087 -1287 0
-1127 -1167 0
-1127 -1207 0
-1127 -1247 0
-1127 -1287 0
-1167 -1207 0
-1167 -1247 0
-1167 -1287 0
-1207 -1247 0
-1207 -1287 0
-1247 -1287 0
-8 -48 0
-8 -88 0
-8 -128 0
-8 -168 0
-8 -208 0
-8 -248 0
-8 -288 0
-8 -328 0
-8 -368 0
-8 -408 0
-8 -448 0
-8 -488 0
-8 -528 0
-8 -568 0
-8 -608 0
-8 -648 0
-8 -688 0
-8 -728 0
-8 -768 0
-8 -808 0
-8 -848 0
-8 -888 0
-8 -928 0
-8 -968 0
-8 -1008 0
-8 -1048 0
-8 -1088 0
-8 -1128 0
-8 -1168 0
-8 -1208 0
-8 -1248 0
-48 -88 0
-48 -128 0
-48 -168 0
-48 -208 0
-48 -248 0
-48 -288 0
-48 -328 0
-48 -368 0
-48 -408 0
-48 -448 0
-48 -488 0
-48 -528 0
-48 -568 0
-48 -608 0
-48 -648 0
-48 -688 0
-48 -728 0
-48 -768 0
-48 -808 0
-48 -848 0
-48 -888 0
-48 -928 0
-48 -968 0
-48 -1008 0
-48 -1048 0
-48 -1088 0
-48 -1128 0
-48 -1168 0
-48 -1208 0
-48 -1248 0
-88 -128 0
-88 -168 0
-88 -208 0
-88 -248 0
-88 -288 0
-88 -328 0
-88 -368 0
-88 -408 0
-88 -448 0
-88 -488 0
-88 -528 0
-88 -568 0
-88 -608 0
-88 -648 0
-88 -688 0
-88 -728 0
-88 -768 0
-88 -808 0
-88 -848 0
-88 -888 0
-88 -928 0
-88 -968 0
-88 -1008 0
-88 -1048 0
-88 -1088 0
-88 -1128 0
-88 -1168 0
-88 -1208 0
-88 -1248 0
-128 -168 0
-128 -208 0
-128 -248 0
-128 -288 0
-128 -328 0
-128 -368 0
-128 -408 0
-128 -448 0
-128 -488 0
-128 -528 0
-128 -568 0
-128 -608 0
-128 -648 0
-128 -688 0
-128 -728 0
-128 -768 0
-128 -808 0
-128 -848 0
-128 -888 0
-128 -928 0
-128 -968 0
-128 -1008 0
-128 -1048 0
-128 -1088 0
-128 -1128 0
-128 -1168 0
-128 -1208 0
-128 -1248 0
-168 -208 0
-168 -248 0
-168 -288 0
-168 -328 0
-168 -368 0
-168 -408 0
-168 -448 0
-168 -488 0
-168 -528 0
-168 -568 0
-168 -608 0
-168 -648 0
-168 -688 0
-168 -728 0
-168 -768 0
-168 -808 0
-168 -848 0
-168 -888 0
-168 -928 0
-168 -968 0
-168 -1008 0
-168 -1048 0
-168 -1088 0
-168 -1128 0
-168 -1168 0
-168 -1208 0
-168 -1248 0
-208 -248 0
-208 -288 0
-208 -328 0
-208 -368 0
-208 -408 0
-208 -448 0
-208 -488 0
-208 -528 0
-208 -568 0
-208 -608 0
-208 -648 0
-208 -688 0
-208 -728 0
-208 -768 0
-208 -808 0
-208 -848 0
-208 -888 0
-208 -928 0
-208 -968 0
-208 -1008 0
-208 -1048 0
-208 -1088 0
-208 -1128 0
-208 -1168 0
-208 -1208 0
-208 -1248 0
-248 -288 0
-248 -328 0
-248 -368 0
-248 -408 0
-248 -448 0
-248 -488 0
-248 -528 0
-248 -568 0
-248 -608 0
-248 -648 0
-248 -688 0
-248 -728 0
-248 -768 0
-248 -808 0
-248 -848 0
-248 -888 0
-248 -928 0
-248 -968 0
-248 -1008 0
-248 -1048 0
-248 -1088 0
-248 -1128 0
-248 -1168 0
-248 -1208 0
-248 -1248 0
-288 -328 0
-288 -368 0
-288 -408 0
-288 -448 0
-288 -488 0
-288 -528 0
-288 -568 0
-288 -608 0
-288 -648 0
-288 -688 0
-288 -728 0
-288 -768 0
-288 -808 0
-288 -848 0
-288 -888 0
-288 -928 0
-288 -968 0
-288 -1008 0
-288 -1048 0
-288 -1088 0
-288 -1128 0
-288 -1168 0
-288 -1208 0
-288 -1248 0
-328 -368 0
-328 -408 0
-328 -448 0
-328 -488 0
-328 -528 0
-328 -568 0
-328 -608 0
-328 -648 0
-328 -688 0
-328 -728 0
-328 -768 0
-328 -808 0
-328 -848 0
-328 -888 0
-328 -928 0
-328 -968 0
-328 -1008 0
-328 -1048 0
-328 -1088 0
-328 -1128 0
-328 -1168 0
-328 -1208 0
-328 -1248 0
-368 -408 0
-368 -448 0
-368 -488 0
-368 -528 0
-368 -568 0
-368 -608 0
-368 -648 0
-368 -688 0
-368 -728 0
-368 -768 0
-368 -808 0
-368 -848 0
-368 -888 0
-368 -928 0
-368 -968 0
-368 -1008 0
-368 -1048 0
-368 -1088 0
-368 -1128 0
-368 -1168 0
-368 -1208 0
-368 -1248 0
-408 -448 0
-408 -488 0
-408 -528 0
-408 -568 0
-408 -608 0
-408 -648 0
-408 -688 0
-408 -728 0
-408 -768 0
-408 -808 0
-408 -848 0
-408 -888 0
-408 -928 0
-408 -968 0
-408 -1008 0
-408 -1048 0
-408 -1088 0
-408 -1128 0
-408 -1168 0
-408 -1208 0
-408 -1248 0
-448 -488 0
-448 -528 0
-448 -568 0
-448 -608 0
-448 -648 0
-448 -688 0
-448 -728 0
-448 -768 0
-448 -808 0
-448 -848 0
-448 -888 0
-448 -928 0
-448 -968 0
-448 -1008 0
-448 -1048 0
-448 -1088 0
-448 -1128 0
-448 -1168 0
-448 -1208 0
-448 -1248 0
-488 -528 0
-488 -568 0
-488 -608 0
-488 -648 0
-488 -688 0
-488 -728 0
-488 -768 0
-488 -808 0
-488 -848 0
-488 -888 0
-488 -928 0
-488 -968 0
-488 -1008 0
-488 -1048 0
-488 -1088 0
-488 -1128 0
-488 -1168 0
-488 -1208 0
-488 -1248 0
-528 -568 0
-528 -608 0
-528 -648 0
-528 -688 0
-528 -728 0
-528 -768 0
-528 -808 0
-528 -848 0
-528 -888 0
-528 -928 0
-528 -968 0
-528 -1008 0
-528 -1048 0
-528 -1088 0
-528 -1128 0
-528 -1168 0
-528 -1208 0
-528 -1248 0
-568 -608 0
-568 -648 0
-568 -688 0
-568 -728 0
-568 -768 0
-568 -808 0
-568 -848 0
-568 -888 0
-568 -928 0
-568 -968 0
-568 -1008 0
-568 -1048 0
-568 -1088 0
-568 -1128 0
-568 -1168 0
-568 -1208 0
-568 -1248 0
-608 -648 0
-608 -688 0
-608 -728 0
-608 -768 0
-608 -808 0
-608 -848 0
-608 -888 0
-608 -928 0
-608 -968 0
-608 -1008 0
-608 -1048 0
-608 -1088 0
-608 -1128 0
-608 -1168 0
-608 -1208 0
-608 -1248 0
-648 -688 0
-648 -728 0
-648 -768 0
-648 -808 0
-648 -848 0
-648 -888 0
-648 -928 0
-648 -968 0
-648 -1008 0
-648 -1048 0
-648 -1088 0
-648 -1128 0
-648 -1168 0
-648 -1208 0
-648 -1248 0
-688 -728 0
-688 -768 0
-688 -808 0
-688 -848 0
-688 -888 0
-688 -928 0
-688 -968 0
-688 -1008 0
-688 -1048 0
-688 -1088 0
-688 -1128 0
-688 -1168 0
-688 -1208 0
-688 -1248 0
-728 -768 0
-728 -808 0
-728 -848 0
-728 -888 0
-728 -928 0
-728 -968 0
-728 -1008 0
-728 -1048 0
-728 -1088 0
-728 -1128 0
-728 -1168 0
-728 -1208 0
-728 -1248 0
-768 -808 0
-768 -848 0
-768 -888 0
-768 -928 0
-768 -968 0
-768 -1008 0
-768 -1048 0
-768 -1088 0
-768 -1128 0
-768 -1168 0
-768 -1208 0
-768 -1248 0
-808 -848 0
-808 -888 0
-808 -928 0
-808 -968 0
-808 -1008 0
-808 -1048 0
-808 -1088 0
-808 -1128 0
-808 -1168 0
-808 -1208 0
-808 -1248 0
-848 -888 0
-848 -928 0
-848 -968 0
-848 -1008 0
-848 -1048 0
-848 -1088 0
-848 -1128 0
-848 -1168 0
-848 -1208 0
-848 -1248 0
-888 -928 0
-888 -968 0
-888 -1008 0
-888 -1048 0
-888 -1088 0
-888 -1128 0
-888 -1168 0
-888 -1208 0
-888 -1248 0
-928 -968 0
-928 -1008 0
-928 -1048 0
-928 -1088 0
-928 -1128 0
-928 -1168 0
-928 -1208 0
-928 -1248 0
-968 -1008 0
-968 -1048 0
-968 -1088 0
-968 -1128 0
-968 -1168 0
-968 -1208 0
-968 -1248 0
-1008 -1048 0
-1008 -1088 0
-1008 -1128 0
-1008 -1168 0
-1008 -1208 0
-1008 -1248 0
-1048 -1088 0
-1048 -1128 0
-1048 -1168 0
-1048 -1208 0
-1048 -1248 0
-1088 -1128 0
-1088 -1168 0
-1088 -1208 0
-1088 -1248 0
-1128 -1168 0
-1128 -1208 0
-1128 -1248 0
-1168 -1208 0
-1168 -1248 0
-1208 -1248 0
-9 -49 0
-9 -89 0
-9 -129 0
-9 -169 0
-9 -209 0
-9 -249 0
-9 -289 0
-9 -329 0
-9 -369 0
-9 -409 0
-9 -449 0
-9 -489 0
-9 -529 0
-9 -569 0
-9 -609 0
-9 -649 0
-9 -689 0
-9 -729 0
-9 -769 0
-9 -809 0
-9 -849 0
-9 -889 0
-9 -929 0
-9 -969 0
-9 -1009 0
-9 -1049 0
-9 -1089 0
-9 -1129 0
-9 -1169 0
-9 -1209 0
-49 -89 0
-49 -129 0
-49 -169 0
-49 -209 0
-49 -249 0
-49 -289 0
-49 -329 0
-49 -369 0
-49 -409 0
-49 -449 0
-49 -489 0
-49 -529 0
-49 -569 0
-49 -609 0
-49 -649 0
-49 -689 0
-49 -729 0
-49 -769 0
-49 -809 0
-49 -849 0
-49 -889 0
-49 -929 0
-49 -969 0
-49 -1009 0
-49 -1049 0
-49 -1089 0
-49 -1129 0
-49 -1169 0
-49 -1209 0
-89 -129 0
-89 -169 0
-89 -209 0
-89 -249 0
-89 -289 0
-89 -329 0
-89 -369 0
-89 -409 0
-89 -449 0
-89 -489 0
-89 -529 0
-89 -569 0
-89 -609 0
-89 -649 0
-89 -689 0
-89 -729 0
-89 -769 0
-89 -809 0
-89 -849 0
-89 -889 0
-89 -929 0
-89 -969 0
-89 -1009 0
-89 -1049 0
-89 -1089 0
-89 -1129 0
-89 -1169 0
-89 -1209 0
-129 -169 0
-129 -209 0
-129 -249 0
-129 -289 0
-129 -329 0
-129 -369 0
-129 -409 0
-129 -449 0
-129 -489 0
-129 -529 0
-129 -569 0
-129 -609 0
-129 -649 0
-129 -689 0
-129 -729 0
-129 -769 0
-129 -809 0
-129 -849 0
-129 -889 0
-129 -929 0
-129 -969 0
-129 -1009 0
-129 -1049 0
-129 -1089 0
-129 -1129 0
-129 -1169 0
-129 -1209 0
-169 -209 0
-169 -249 0
-169 -289 0
-169 -329 0
-169 -369 0
-169 -409 0
-169 -449 0
-169 -489 0
-169 -529 0
-169 -569 0
-169 -609 0
-169 -649 0
-169 -689 0
-169 -729 0
-169 -769 0
-169 -809 0
-169 -849 0
-169 -889 0
-169 -929 0
-169 -969 0
-169 -1009 0
-169 -1049 0
-169 -1089 0
-169 -1129 0
-169 -1169 0
-169 -1209 0
-209 -249 0
-209 -289 0
-209 -329 0
-209 -369 0
-209 -409 0
-209 -449 0
-209 -489 0
-209 -529 0
-209 -569 0
-209 -609 0
-209 -649 0
-209 -689 0
-209 -729 0
-209 -769 0
-209 -809 0
-209 -849 0
-209 -889 0
-209 -929 0
-209 -969 0
-209 -1009 0
-209 -1049 0
-209 -1089 0
-209 -1129 0
-209 -1169 0
-209 -1209 0
-249 -289 0
-249 -329 0
-249 -369 0
-249 -409 0
-249 -449 0
-249 -489 0
-249 -529 0
-249 -569 0
-249 -609 0
-249 -649 0
-249 -689 0
-249 -729 0
-249 -769 0
-249 -809 0
-249 -849 0
-249 -889 0
-249 -929 0
-249 -969 0
-249 -1009 0
-249 -1049 0
-249 -1089 0
-249 -1129 0
-249 -1169 0
-249 -1209 0
-289 -329 0
-289 -369 0
-289 -409 0
-289 -449 0
-289 -489 0
-289 -529 0
-289 -569 0
-289 -609 0
-289 -649 0
-289 -689 0
-289 -729 0
-289 -769 0
-289 -809 0
-289 -849 0
-289 -889 0
-289 -929 0
-289 -969 0
-289 -1009 0
-289 -1049 0
-289 -1089 0
-289 -1129 0
-289 -1169 0
-289 -1209 0
-329 -369 0
-329 -409 0
-329 -449 0
-329 -489 0
-329 -529 0
-329 -569 0
-329 -609 0
-329 -649 0
-329 -689 0
-329 -729 0
-329 -769 0
-329 -809 0
-329 -849 0
-329 -889 0
-329 -929 0
-329 -969 0
-329 -1009 0
-329 -1049 0
-329 -1089 0
-329 -1129 0
-329 -1169 0
-329 -1209 0
-369 -409 0
-369 -449 0
-369 -489 0
-369 -529 0
-369 -569 0
-369 -609 0
-369 -649 0
-369 -689 0
-369 -729 0
-369 -769 0
-369 -809 0
-369 -849 0
-369 -889 0
-369 -929 0
-369 -969 0
-369 -1009 0
-369 -1049 0
-369 -1089 0
-369 -1129 0
-369 -1169 0
-369 -1209 0
-409 -449 0
-409 -489 0
-409 -529 0
-409 -569 0
-409 -609 0
-409 -649 0
-409 -689 0
-409 -729 0
-409 -769 0
-409 -809 0
-409 -849 0
-409 -889 0
-409 -929 0
-409 -969 0
-409 -1009 0
-409 -1049 0
-409 -1089 0
-409 -1129 0
-409 -1169 0
-409 -1209 0
-449 -489 0
-449 -529 0
-449 -569 0
-449 -609 0
-449 -649 0
-449 -689 0
-449 -729 0
-449 -769 0
-449 -809 0
-449 -849 0
-449 -889 0
-449 -929 0
-449 -969 0
-449 -1009 0
-449 -1049 0
-449 -1089 0
-449 -1129 0
-449 -1169 0
-449 -1209 0
-489 -529 0
-489 -569 0
-489 -609 0
-489 -649 0
-489 -689 0
-489 -729 0
-489 -769 0
-489 -809 0
-489 -849 0
-489 -889 0
-489 -929 0
-489 -969 0
-489 -1009 0
-489 -1049 0
-489 -1089 0
-489 -1129 0
-489 -1169 0
-489 -1209 0
-529 -569 0
-529 -609 0
-529 -649 0
-529 -689 0
-529 -729 0
-529 -769 0
-529 -809 0
-529 -849 0
-529 -889 0
-529 -929 0
-529 -969 0
-529 -1009 0
-529 -1049 0
-529 -1089 0
-529 -1129 0
-529 -1169 0
-529 -1209 0
-569 -609 0
-569 -649 0
-569 -689 0
-569 -729 0
-569 -769 0
-569 -809 0
-569 -849 0
-569 -889 0
-569 -929 0
-569 -969 0
-569 -1009 0
-569 -1049 0
-569 -1089 0
-569 -1129 0
-569 -1169 0
-569 -1209 0
-609 -649 0
-609 -689 0
-609 -729 0
-609 -769 0
-609 -809 0
-609 -849 0
-609 -889 0
-609 -929 0
-609 -969 0
-609 -1009 0
-609 -1049 0
-609 -1089 0
-609 -1129 0
-609 -1169 0
-609 -1209 0
-649 -689 0
-649 -729 0
-649 -769 0
-649 -809 0
-649 -849 0
-649 -889 0
-649 -929 0
-649 -969 0
-649 -1009 0
-649 -1049 0
-649 -1089 0
-649 -1129 0
-649 -1169 0
-649 -1209 0
-689 -729 0
-689 -769 0
-689 -809 0
-689 -849 0
-689 -889 0
-689 -929 0
-689 -969 0
-689 -1009 0
-689 -1049 0
-689 -1089 0
-689 -1129 0
-689 -1169 0
-689 -1209 0
-729 -769 0
-729 -809 0
-729 -849 0
-729 -889 0
-729 -929 0
-729 -969 0
-729 -1009 0
-729 -1049 0
-729 -1089 0
-729 -1129 0
-729 -1169 0
-729 -1209 0
-769 -809 0
-769 -849 0
-769 -889 0
-769 -929 0
-769 -969 0
-769 -1009 0
-769 -1049 0
-769 -1089 0
-769 -1129 0
-769 -1169 0
-769 -1209 0
-809 -849 0
-809 -889 0
-809 -929 0
-809 -969 0
-809 -1009 0
-809 -1049 0
-809 -1089 0
-809 -1129 0
-809 -1169 0
-809 -1209 0
-849 -889 0
-849 -929 0
-849 -969 0
-849 -1009 0
-849 -1049 0
-849 -1089 0
-849 -1129 0
-849 -1169 0
-849 -1209 0
-889 -929 0
-889 -969 0
-889 -1009 0
-889 -1049 0
-889 -1089 0
-889 -1129 0
-889 -1169 0
-889 -1209 0
-929 -969 0
-929 -1009 0
-929 -1049 0
-929 -1089 0
-929 -1129 0
-929 -1169 0
-929 -1209 0
-969 -1009 0
-969 -1049 0
-969 -1089 0
-969 -1129 0
-969 -1169 0
-969 -1209 0
-1009 -1049 0
-1009 -1089 0
-1009 -1129 0
-1009 -1169 0
-1009 -1209 0
-1049 -1089 0
-1049 -1129 0
-1049 -1169 0
-1049 -1209 0
-1089 -1129 0
-1089 -1169 0
-1089 -1209 0
-1129 -1169 0
-1129 -1209 0
-1169 -1209 0
-10 -50 0
-10 -90 0
-10 -130 0
-10 -170 0
-10 -210 0
-10 -250 0
-10 -290 0
-10 -330 0
-10 -370 0
-10 -410 0
-10 -450 0
-10 -490 0
-10 -530 0
-10 -570 0
-10 -610 0
-10 -650 0
-10 -690 0
-10 -730 0
-10 -770 0
-10 -810 0
-10 -850 0
-10 -890 0
-10 -930 0
-10 -970 0
-10 -1010 0
-10 -1050 0
-10 -1090 0
-10 -1130 0
-10 -1170 0
-50 -90 0
-50 -130 0
-50 -170 0
-50 -210 0
-50 -250 0
-50 -290 0
-50 -330 0
-50 -370 0
-50 -410 0
-50 -450 0
-50 -490 0
-50 -530 0
-50 -570 0
-50 -610 0
-50 -650 0
-50 -690 0
-50 -730 0
-50 -770 0
-50 -810 0
-50 -850 0
-50 -890 0
-50 -930 0
-50 -970 0
-50 -1010 0
-50 -1050 0
-50 -1090 0
-50 -1130 0
-50 -1170 0
-90 -130 0
-90 -170 0
-90 -210 0
-90 -250 0
-90 -290 0
-90 -330 0
-90 -370 0
-90 -410 0
-90 -450 0
-90 -490 0
-90 -530 0
-90 -570 0
-90 -610 0
-90 -650 0
-90 -690 0
-90 -730 0
-90 -770 0
-90 -810 0
-90 -850 0
-90 -890 0
-90 -930 0
-90 -970 0
-90 -1010 0
-90 -1050 0
-90 -1090 0
-90 -1130 0
-90 -1170 0
-130 -170 0
-130 -210 0
-130 -250 0
-130 -290 0
-130 -330 0
-130 -370 0
-130 -410 0
-130 -450 0
-130 -490 0
-130 -530 0
-130 -570 0
-130 -610 0
-130 -650 0
-130 -690 0
-130 -730 0
-130 -770 0
-130 -810 0
-130 -850 0
-130 -890 0
-130 -930 0
-130 -970 0
-130 -1010 0
-130 -1050 0
-130 -1090 0
-130 -1130 0
-130 -1170 0
-170 -210 0
-170 -250 0
-170 -290 0
-170 -330 0
-170 -370 0
-170 -410 0
-170 -450 0
-170 -490 0
-170 -530 0
-170 -570 0
-170 -610 0
-170 -650 0
-170 -690 0
-170 -730 0
-170 -770 0
-170 -810 0
-170 -850 0
-170 -890 0
-170 -930 0
-170 -970 0
-170 -1010 0
-170 -1050 0
-170 -1090 0
-170 -1130 0
-170 -1170 0
-210 -250 0
-210 -290 0
-210 -330 0
-210 -370 0
-210 -410 0
-210 -450 0
-210 -490 0
-210 -530 0
-210 -570 0
-210 -610 0
-210 -650 0
-210 -690 0
-210 -730 0
-210 -770 0
-210 -810 0
-210 -850 0
-210 -890 0
-210 -930 0
-210 -970 0
-210 -1010 0
-210 -1050 0
-210 -1090 0
-210 -1130 0
-210 -1170 0
-250 -290 0
-250 -330 0
-250 -370 0
-250 -410 0
-250 -450 0
-250 -490 0
-250 -530 0
-250 -570 0
-250 -610 0
-250 -650 0
-250 -690 0
-250 -730 0
-250 -770 0
-250 -810 0
-250 -850 0
-250 -890 0
-250 -930 0
-250 -970 0
-250 -1010 0
-250 -1050 0
-250 -1090 0
-250 -1130 0
-250 -1170 0
-290 -330 0
-290 -370 0
-290 -410 0
-290 -450 0
-290 -490 0
-290 -530 0
-290 -570 0
-290 -610 0
-290 -650 0
-290 -690 0
-290 -730 0
-290 -770 0
-290 -810 0
-290 -850 0
-290 -890 0
-290 -930 0
-290 -970 0
-290 -1010 0
-290 -1050 0
-290 -1090 0
-290 -1130 0
-290 -1170 0
-330 -370 0
-330 -410 0
-330 -450 0
-330 -490 0
-330 -530 0
-330 -570 0
-330 -610 0
-330 -650 0
-330 -690 0
-330 -730 0
-330 -770 0
-330 -810 0
-330 -850 0
-330 -890 0
-330 -930 0
-330 -970 0
-330 -1010 0
-330 -1050 0
-330 -1090 0
-330 -1130 0
-330 -1170 0
-370 -410 0
-370 -450 0
-370 -490 0
-370 -530 0
-370 -570 0
-370 -610 0
-370 -650 0
-370 -690 0
-370 -730 0
-370 -770 0
-370 -810 0
-370 -850 0
-370 -890 0
-370 -930 0
-370 -970 0
-370 -1010 0
-370 -1050 0
-370 -1090 0
-370 -1130 0
-370 -1170 0
-410 -450 0
-410 -490 0
-410 -530 0
-410 -570 0
-410 -610 0
-410 -650 0
-410 -690 0
-410 -730 0
-410 -770 0
-410 -810 0
-410 -850 0
-410 -890 0
-410 -930 0
-410 -970 0
-410 -1010 0
-410 -1050 0
-410 -1090 0
-410 -1130 0
-410 -1170 0
-450 -490 0
-450 -530 0
-450 -570 0
-450 -610 0
-450 -650 0
-450 -690 0
-450 -730 0
-450 -770 0
-450 -810 0
-450 -850 0
-450 -890 0
-450 -930 0
-450 -970 0
-450 -1010 0
-450 -1050 0
-450 -1090 0
-450 -1130 0
-450 -1170 0
-490 -530 0
-490 -570 0
-490 -610 0
-490 -650 0
-490 -690 0
-490 -730 0
-490 -770 0
-490 -810 0
-490 -850 0
-490 -890 0
-490 -930 0
-490 -970 0
-490 -1010 0
-490 -1050 0
-490 -1090 0
-490 -1130 0
-490 -1170 0
-530 -570 0
-530 -610 0
-530 -650 0
-530 -690 0
-530 -730 0
-530 -770 0
-530 -810 0
-530 -850 0
-530 -890 0
-530 -930 0
-530 -970 0
-530 -1010 0
-530 -1050 0
-530 -1090 0
-530 -1130 0
-530 -1170 0
-570 -610 0
-570 -650 0
-570 -690 0
-570 -730 0
-570 -770 0
-570 -810 0
-570 -850 0
-570 -890 0
-570 -930 0
-570 -970 0
-570 -1010 0
-570 -1050 0
-570 -1090 0
-570 -1130 0
-570 -1170 0
-610 -650 0
-610 -690 0
-610 -730 0
-610 -770 0
-610 -810 0
-610 -850 0
-610 -890 0
-610 -930 0
-610 -970 0
-610 -1010 0
-610 -1050 0
-610 -1090 0
-610 -1130 0
-610 -1170 0
-650 -690 0
-650 -730 0
-650 -770 0
-650 -810 0
-650 -850 0
-650 -890 0
-650 -930 0
-650 -970 0
-650 -1010 0
-650 -1050 0
-650 -1090 0
-650 -1130 0
-650 -1170 0
-690 -730 0
-690 -770 0
-690 -810 0
-690 -850 0
-690 -890 0
-690 -930 0
-690 -970 0
-690 -1010 0
-690 -1050 0
-690 -1090 0
-690 -1130 0
-690 -1170 0
-730 -770 0
-730 -810 0
-730 -850 0
-730 -890 0
-730 -930 0
-730 -970 0
-730 -1010 0
-730 -1050 0
-730 -1090 0
-730 -1130 0
-730 -1170 0
-770 -810 0
-770 -850 0
-770 -890 0
-770 -930 0
-770 -970 0
-770 -1010 0
-770 -1050 0
-770 -1090 0
-770 -1130 0
-770 -1170 0
-810 -850 0
-810 -890 0
-810 -930 0
-810 -970 0
-810 -1010 0
-810 -1050 0
-810 -1090 0
-810 -1130 0
-810 -1170 0
-850 -890 0
-850 -930 0
-850 -970 0
-850 -1010 0
-850 -1050 0
-850 -1090 0
-850 -1130 0
-850 -1170 0
-890 -930 0
-890 -970 0
-890 -1010 0
-890 -1050 0
-890 -1090 0
-890 -1130 0
-890 -1170 0
-930 -970 0
-930 -1010 0
-930 -1050 0
-930 -1090 0
-930 -1130 0
-930 -1170 0
-970 -1010 0
-970 -1050 0
-970 -1090 0
-970 -1130 0
-970 -1170 0
-1010 -1050 0
-1010 -1090 0
-1010 -1130 0
-1010 -1170 0
-1050 -1090 0
-1050 -1130 0
-1050 -1170 0
-1090 -1130 0
-1090 -1170 0
-1130 -1170 0
-11 -51 0
-11 -91 0
-11 -131 0
-11 -171 0
-11 -211 0
-11 -251 0
-11 -291 0
-11 -331 0
-11 -371 0
-11 -411 0
-11 -451 0
-11 -491 0
-11 -531 0
-11 -571 0
-11 -611 0
-11 -651 0
-11 -691 0
-11 -731 0
-11 -771 0
-11 -811 0
-11 -851 0
-11 -891 0
-11 -931 0
-11 -971 0
-11 -1011 0
-11 -1051 0
-11 -1091 0
-11 -1131 0
-51 -91 0
-51 -131 0
-51 -171 0
-51 -211 0
-51 -251 0
-51 -291 0
-51 -331 0
-51 -371 0
-51 -411 0
-51 -451 0
-51 -491 0
-51 -531 0
-51 -571 0
-51 -611 0
-51 -651 0
-51 -691 0
-51 -731 0
-51 -771 0
-51 -811 0
-51 -851 0
-51 -891 0
-51 -931 0
-51 -971 0
-51 -1011 0
-51 -1051 0
-51 -1091 0
-51 -1131 0
-91 -131 0
-91 -171 0
-91 -211 0
-91 -251 0
-91 -291 0
-91 -331 0
-91 -371 0
-91 -411 0
-91 -451 0
-91 -491 0
-91 -531 0
-91 -571 0
-91 -611 0
-91 -651 0
-91 -691 0
-91 -731 0
-91 -771 0
-91 -811 0
-91 -851 0
-91 -891 0
-91 -931 0
-91 -971 0
-91 -1011 0
-91 -1051 0
-91 -1091 0
-91 -1131 0
-131 -171 0
-131 -211 0
-131 -251 0
-131 -291 0
-131 -331 0
-131 -371 0
-131 -411 0
-131 -451 0
-131 -491 0
-131 -531 0
-131 -571 0
-131 -611 0
-131 -651 0
-131 -691 0
-131 -731 0
-131 -771 0
-131 -811 0
-131 -851 0
-131 -891 0
-131 -931 0
-131 -971 0
-131 -1011 0
-131 -1051 0
-131 -1091 0
-131 -1131 0
-171 -211 0
-171 -251 0
-171 -291 0
-171 -331 0
-171 -371 0
-171 -411 0
-171 -451 0
-171 -491 0
-171 -531 0
-171 -571 0
-171 -611 0
-171 -651 0
-171 -691 0
-171 -731 0
-171 -771 0
-171 -811 0
-171 -851 0
-171 -891 0
-171 -931 0
-171 -971 0
-171 -1011 0
-171 -1051 0
-171 -1091 0
-171 -1131 0
-211 -251 0
-211 -291 0
-211 -331 0
-211 -371 0
-211 -411 0
-211 -451 0
-211 -491 0
-211 -531 0
-211 -571 0
-211 -611 0
-211 -651 0
-211 -691 0
-211 -731 0
-211 -771 0
-211 -811 0
-211 -851 0
-211 -891 0
-211 -931 0
-211 -971 0
-211 -1011 0
-211 -1051 0
-211 -1091 0
-211 -1131 0
-251 -291 0
-251 -331 0
-251 -371 0
-251 -411 0
-251 -451 0
-251 -491 0
-251 -531 0
-251 -571 0
-251 -611 0
-251 -651 0
-251 -691 0
-251 -731 0
-251 -771 0
-251 -811 0
-251 -851 0
-251 -891 0
-251 -931 0
-251 -971 0
-251 -1011 0
-251 -1051 0
-251 -1091 0
-251 -1131 0
-291 -331 0
-291 -371 0
-291 -411 0
-291 -451 0
-291 -491 0
-291 -531 0
-291 -571 0
-291 -611 0
-291 -651 0
-291 -691 0
-291 -731 0
-291 -771 0
-291 -811 0
-291 -851 0
-291 -891 0
-291 -931 0
-291 -971 0
-291 -1011 0
-291 -1051 0
-291 -1091 0
-291 -1131 0
-331 -371 0
-331 -411 0
-331 -451 0
-331 -491 0
-331 -531 0
-331 -571 0
-331 -611 0
-331 -651 0
-331 -691 0
-331 -731 0
-331 -771 0
-331 -811 0
-331 -851 0
-331 -891 0
-331 -931 0
-331 -971 0
-331 -1011 0
-331 -1051 0
-331 -1091 0
-331 -1131 0
-371 -411 0
-371 -451 0
-371 -491 0
-371 -531 0
-371 -571 0
-371 -611 0
-371 -651 0
-371 -691 0
-371 -731 0
-371 -771 0
-371 -811 0
-371 -851 0
-371 -891 0
-371 -931 0
-371 -971 0
-371 -1011 0
-371 -1051 0
-371 -1091 0
-371 -1131 0
-411 -451 0
-411 -491 0
-411 -531 0
-411 -571 0
-411 -611 0
-411 -651 0
-411 -691 0
-411 -731 0
-411 -771 0
-411 -811 0
-411 -851 0
-411 -891 0
-411 -931 0
-411 -971 0
-411 -1011 0
-411 -1051 0
-411 -1091 0
-411 -1131 0
-451 -491 0
-451 -531 0
-451 -571 0
-451 -611 0
-451 -651 0
-451 -691 0
-451 -731 0
-451 -771 0
-451 -811 0
-451 -851 0
-451 -891 0
-451 -931 0
-451 -971 0
-451 -1011 0
-451 -1051 0
-451 -1091 0
-451 -1131 0
-491 -531 0
-491 -571 0
-491 -611 0
-491 -651 0
-491 -691 0
-491 -731 0
-491 -771 0
-491 -811 0
-491 -851 0
-491 -891 0
-491 -931 0
-491 -971 0
-491 -1011 0
-491 -1051 0
-491 -1091 0
-491 -1131 0
-531 -571 0
-531 -611 0
-531 -651 0
-531 -691 0
-531 -731 0
-531 -771 0
-531 -811 0
-531 -851 0
-531 -891 0
-531 -931 0
-531 -971 0
-531 -1011 0
-531 -1051 0
-531 -1091 0
-531 -1131 0
-571 -611 0
-571 -651 0
-571 -691 0
-571 -731 0
-571 -771 0
-571 -811 0
-571 -851 0
-571 -891 0
-571 -931 0
-571 -971 0
-571 -1011 0
-571 -1051 0
-571 -1091 0
-571 -1131 0
-611 -651 0
-611 -691 0
-611 -731 0
-611 -771 0
-611 -811 0
-611 -851 0
-611 -891 0
-611 -931 0
-611 -971 0
-611 -1011 0
-611 -1051 0
-611 -1091 0
-611 -1131 0
-651 -691 0
-651 -731 0
-651 -771 0
-651 -811 0
-651 -851 0
-651 -891 0
-651 -931 0
-651 -971 0
-651 -1011 0
-651 -1051 0
-651 -1091 0
-651 -1131 0
-691 -731 0
-691 -771 0
-691 -811 0
-691 -851 0
-691 -891 0
-691 -931 0
-691 -971 0
-691 -1011 0
-691 -1051 0
-691 -1091 0
-691 -1131 0
-731 -771 0
-731 -811 0
-731 -851 0
-731 -891 0
-731 -931 0
-731 -971 0
-731 -1011 0
-731 -1051 0
-731 -1091 0
-731 -1131 0
-771 -811 0
-771 -851 0
-771 -891 0
-771 -931 0
-771 -971 0
-771 -1011 0
-771 -1051 0
-771 -1091 0
-771 -1131 0
-811 -851 0
-811 -891 0
-811 -931 0
-811 -971 0
-811 -1011 0
-811 -1051 0
-811 -1091 0
-811 -1131 0
-851 -891 0
-851 -931 0
-851 -971 0
-851 -1011 0
-851 -1051 0
-851 -1091 0
-851 -1131 0
-891 -931 0
-891 -971 0
-891 -1011 0
-891 -1051 0
-891 -1091 0
-891 -1131 0
-931 -971 0
-931 -1011 0
-931 -1051 0
-931 -1091 0
-931 -1131 0
-971 -1011 0
-971 -1051 0
-971 -1091 0
-971 -1131 0
-1011 -1051 0
-1011 -1091 0
-1011 -1131 0
-1051 -1091 0
-1051 -1131 0
-1091 -1131 0
-12 -52 0
-12 -92 0
-12 -132 0
-12 -172 0
-12 -212 0
-12 -252 0
-12 -292 0
-12 -332 0
-12 -372 0
-12 -412 0
-12 -452 0
-12 -492 0
-12 -532 0
-12 -572 0
-12 -612 0
-12 -652 0
-12 -692 0
-12 -732 0
-12 -772 0
-12 -812 0
-12 -852 0
-12 -892 0
-12 -932 0
-12 -972 0
-12 -1012 0
-12 -1052 0
-12 -1092 0
-52 -92 0
-52 -132 0
-52 -172 0
-52 -212 0
-52 -252 0
-52 -292 0
-52 -332 0
-52 -372 0
-52 -412 0
-52 -452 0
-52 -492 0
-52 -532 0
-52 -572 0
-52 -612 0
-52 -652 0
-52 -692 0
-52 -732 0
-52 -772 0
-52 -812 0
-52 -852 0
-52 -892 0
-52 -932 0
-52 -972 0
-52 -1012 0
-52 -1052 0
-52 -1092 0
-92 -132 0
-92 -172 0
-92 -212 0
-92 -252 0
-92 -292 0
-92 -332 0
-92 -372 0
-92 -412 0
-92 -452 0
-92 -492 0
-92 -532 0
-92 -572 0
-92 -612 0
-92 -652 0
-92 -692 0
-92 -732 0
-92 -772 0
-92 -812 0
-92 -852 0
-92 -892 0
-92 -932 0
-92 -972 0
-92 -1012 0
-92 -1052 0
-92 -1092 0
-132 -172 0
-132 -212 0
-132 -252 0
-132 -292 0
-132 -332 0
-132 -372 0
-132 -412 0
-132 -452 0
-132 -492 0
-132 -532 0
-132 -572 0
-132 -612 0
-132 -652 0
-132 -692 0
-132 -732 0
-132 -772 0
-132 -812 0
-132 -852 0
-132 -892 0
-132 -932 0
-132 -972 0
-132 -1012 0
-132 -1052 0
-132 -1092 0
-172 -212 0
-172 -252 0
-172 -292 0
-172 -332 0
-172 -372 0
-172 -412 0
-172 -452 0
-172 -492 0
-172 -532 0
-172 -572 0
-172 -612 0
-172 -652 0
-172 -692 0
-172 -732 0
-172 -772 0
-172 -812 0
-172 -852 0
-172 -892 0
-172 -932 0
-172 -972 0
-172 -1012 0
-172 -1052 0
-172 -1092 0
-212 -252 0
-212 -292 0
-212 -332 0
-212 -372 0
-212 -412 0
-212 -452 0
-212 -492 0
-212 -532 0
-212 -572 0
-212 -612 0
-212 -652 0
-212 -692 0
-212 -732 0
-212 -772 0
-212 -812 0
-212 -852 0
-212 -892 0
-212 -932 0
-212 -972 0
-212 -1012 0
-212 -1052 0
-212 -1092 0
-252 -292 0
-252 -332 0
-252 -372 0
-252 -412 0
-252 -452 0
-252 -492 0
-252 -532 0
-252 -572 0
-252 -612 0
-252 -652 0
-252 -692 0
-252 -732 0
-252 -772 0
-252 -812 0
-252 -852 0
-252 -892 0
-252 -932 0
-252 -972 0
-252 -1012 0
-252 -1052 0
-252 -1092 0
-292 -332 0
-292 -372 0
-292 -412 0
-292 -452 0
-292 -492 0
-292 -532 0
-292 -572 0
-292 -612 0
-292 -652 0
-292 -692 0
-292 -732 0
-292 -772 0
-292 -812 0
-292 -852 0
-292 -892 0
-292 -932 0
-292 -972 0
-292 -1012 0
-292 -1052 0
-292 -1092 0
-332 -372 0
-332 -412 0
-332 -452 0
-332 -492 0
-332 -532 0
-332 -572 0
-332 -612 0
-332 -652 0
-332 -692 0
-332 -732 0
-332 -772 0
-332 -812 0
-332 -852 0
-332 -892 0
-332 -932 0
-332 -972 0
-332 -1012 0
-332 -1052 0
-332 -1092 0
-372 -412 0
-372 -452 0
-372 -492 0
-372 -532 0
-372 -572 0
-372 -612 0
-372 -652 0
-372 -692 0
-372 -732 0
-372 -772 0
-372 -812 0
-372 -852 0
-372 -892 0
-372 -932 0
-372 -972 0
-372 -1012 0
-372 -1052 0
-372 -1092 0
-412 -452 0
-412 -492 0
-412 -532 0
-412 -572 0
-412 -612 0
-412 -652 0
-412 -692 0
-412 -732 0
-412 -772 0
-412 -812 0
-412 -852 0
-412 -892 0
-412 -932 0
-412 -972 0
-412 -1012 0
-412 -1052 0
-412 -1092 0
-452 -492 0
-452 -532 0
-452 -572 0
-452 -612 0
-452 -652 0
-452 -692 0
-452 -732 0
-452 -772 0
-452 -812 0
-452 -852 0
-452 -892 0
-452 -932 0
-452 -972 0
-452 -1012 0
-452 -1052 0
-452 -1092 0
-492 -532 0
-492 -572 0
-492 -612 0
-492 -652 0
-492 -692 0
-492 -732 0
-492 -772 0
-492 -812 0
-492 -852 0
-492 -892 0
-492 -932 0
-492 -972 0
-492 -1012 0
-492 -1052 0
-492 -1092 0
-532 -572 0
-532 -612 0
-532 -652 0
-532 -692 0
-532 -732 0
-532 -772 0
-532 -812 0
-532 -852 0
-532 -892 0
-532 -932 0
-532 -972 0
-532 -1012 0
-532 -1052 0
-532 -1092 0
-572 -612 0
-572 -652 0
-572 -692 0
-572 -732 0
-572 -772 0
-572 -812 0
-572 -852 0
-572 -892 0
-572 -932 0
-572 -972 0
-572 -1012 0
-572 -1052 0
-572 -1092 0
-612 -652 0
-612 -692 0
-612 -732 0
-612 -772 0
-612 -812 0
-612 -852 0
-612 -892 0
-612 -932 0
-612 -972 0
-612 -1012 0
-612 -1052 0
-612 -1092 0
-652 -692 0
-652 -732 0
-652 -772 0
-652 -812 0
-652 -852 0
-652 -892 0
-652 -932 0
-652 -972 0
-652 -1012 0
-652 -1052 0
-652 -1092 0
-692 -732 0
-692 -772 0
-692 -812 0
-692 -852 0
-692 -892 0
-692 -932 0
-692 -972 0
-692 -1012 0
-692 -1052 0
-692 -1092 0
-732 -772 0
-732 -812 0
-732 -852 0
-732 -892 0
-732 -932 0
-732 -972 0
-732 -1012 0
-732 -1052 0
-732 -1092 0
-772 -812 0
-772 -852 0
-772 -892 0
-772 -932 0
-772 -972 0
-772 -1012 0
-772 -1052 0
-772 -1092 0
-812 -852 0
-812 -892 0
-812 -932 0
-812 -972 0
-812 -1012 0
-812 -1052 0
-812 -1092 0
-852 -892 0
-852 -932 0
-852 -972 0
-852 -1012 0
-852 -1052 0
-852 -1092 0
-892 -932 0
-892 -972 0
-892 -1012 0
-892 -1052 0
-892 -1092 0
-932 -972 0
-932 -1012 0
-932 -1052 0
-932 -1092 0
-972 -1012 0
-972 -1052 0
-972 -1092 0
-1012 -1052 0
-1012 -1092 0
-1052 -1092 0
-13 -53 0
-13 -93 0
-13 -133 0
-13 -173 0
-13 -213 0
-13 -253 0
-13 -293 0
-13 -333 0
-13 -373 0
-13 -413 0
-13 -453 0
-13 -493 0
-13 -533 0
-13 -573 0
-13 -613 0
-13 -653 0
-13 -693 0
-13 -733 0
-13 -773 0
-13 -813 0
-13 -853 0
-13 -893 0
-13 -933 0
-13 -973 0
-13 -1013 0
-13 -1053 0
-53 -93 0
-53 -133 0
-53 -173 0
-53 -213 0
-53 -253 0
-53 -293 0
-53 -333 0
-53 -373 0
-53 -413 0
-53 -453 0
-53 -493 0
-53 -533 0
-53 -573 0
-53 -613 0
-53 -653 0
-53 -693 0
-53 -733 0
-53 -773 0
-53 -813 0
-53 -853 0
-53 -893 0
-53 -933 0
-53 -973 0
-53 -1013 0
-53 -1053 0
-93 -133 0
-93 -173 0
-93 -213 0
-93 -253 0
-93 -293 0
-93 -333 0
-93 -373 0
-93 -413 0
-93 -453 0
-93 -493 0
-93 -533 0
-93 -573 0
-93 -613 0
-93 -653 0
-93 -693 0
-93 -733 0
-93 -773 0
-93 -813 0
-93 -853 0
-93 -893 0
-93 -933 0
-93 -973 0
-93 -1013 0
-93 -1053 0
-133 -173 0
-133 -213 0
-133 -253 0
-133 -293 0
-133 -333 0
-133 -373 0
-133 -413 0
-133 -453 0
-133 -493 0
-133 -533 0
-133 -573 0
-133 -613 0
-133 -653 0
-133 -693 0
-133 -733 0
-133 -773 0
-133 -813 0
-133 -853 0
-133 -893 0
-133 -933 0
-133 -973 0
-133 -1013 0
-133 -1053 0
-173 -213 0
-173 -253 0
-173 -293 0
-173 -333 0
-173 -373 0
-173 -413 0
-173 -453 0
-173 -493 0
-173 -533 0
-173 -573 0
-173 -613 0
-173 -653 0
-173 -693 0
-173 -733 0
-173 -773 0
-173 -813 0
-173 -853 0
-173 -893 0
-173 -933 0
-173 -973 0
-173 -1013 0
-173 -1053 0
-213 -253 0
-213 -293 0
-213 -333 0
-213 -373 0
-213 -413 0
-213 -453 0
-213 -493 0
-213 -533 0
-213 -573 0
-213 -613 0
-213 -653 0
-213 -693 0
-213 -733 0
-213 -773 0
-213 -813 0
-213 -853 0
-213 -893 0
-213 -933 0
-213 -973 0
-213 -1013 0
-213 -1053 0
-253 -293 0
-253 -333 0
-253 -373 0
-253 -413 0
-253 -453 0
-253 -493 0
-253 -533 0
-253 -573 0
-253 -613 0
-253 -653 0
-253 -693 0
-253 -733 0
-253 -773 0
-253 -813 0
-253 -853 0
-253 -893 0
-253 -933 0
-253 -973 0
-253 -1013 0
-253 -1053 0
-293 -333 0
-293 -373 0
-293 -413 0
-293 -453 0
-293 -493 0
-293 -533 0
-293 -573 0
-293 -613 0
-293 -653 0
-293 -693 0
-293 -733 0
-293 -773 0
-293 -813 0
-293 -853 0
-293 -893 0
-293 -933 0
-293 -973 0
-293 -1013 0
-293 -1053 0
-333 -373 0
-333 -413 0
-333 -453 0
-333 -493 0
-333 -533 0
-333 -573 0
-333 -613 0
-333 -653 0
-333 -693 0
-333 -733 0
-333 -773 0
-333 -813 0
-333 -853 0
-333 -893 0
-333 -933 0
-333 -973 0
-333 -1013 0
-333 -1053 0
-373 -413 0
-373 -453 0
-373 -493 0
-373 -533 0
-373 -573 0
-373 -613 0
-373 -653 0
-373 -693 0
-373 -733 0
-373 -773 0
-373 -813 0
-373 -853 0
-373 -893 0
-373 -933 0
-373 -973 0
-373 -1013 0
-373 -1053 0
-413 -453 0
-413 -493 0
-413 -533 0
-413 -573 0
-413 -613 0
-413 -653 0
-413 -693 0
-413 -733 0
-413 -773 0
-413 -813 0
-413 -853 0
-413 -893 0
-413 -933 0
-413 -973 0
-413 -1013 0
-413 -1053 0
-453 -493 0
-453 -533 0
-453 -573 0
-453 -613 0
-453 -653 0
-453 -693 0
-453 -733 0
-453 -773 0
-453 -813 0
-453 -853 0
-453 -893 0
-453 -933 0
-453 -973 0
-453 -1013 0
-453 -1053 0
-493 -533 0
-493 -573 0
-493 -613 0
-493 -653 0
-493 -693 0
-493 -733 0
-493 -773 0
-493 -813 0
-493 -853 0
-493 -893 0
-493 -933 0
-493 -973 0
-493 -1013 0
-493 -1053 0
-533 -573 0
-533 -613 0
-533 -653 0
-533 -693 0
-533 -733 0
-533 -773 0
-533 -813 0
-533 -853 0
-533 -893 0
-533 -933 0
-533 -973 0
-533 -1013 0
-533 -1053 0
-573 -613 0
-573 -653 0
-573 -693 0
-573 -733 0
-573 -773 0
-573 -813 0
-573 -853 0
-573 -893 0
-573 -933 0
-573 -973 0
-573 -1013 0
-573 -1053 0
-613 -653 0
-613 -693 0
-613 -733 0
-613 -773 0
-613 -813 0
-613 -853 0
-613 -893 0
-613 -933 0
-613 -973 0
-613 -1013 0
-613 -1053 0
-653 -693 0
-653 -733 0
-653 -773 0
-653 -813 0
-653 -853 0
-653 -893 0
-653 -933 0
-653 -973 0
-653 -1013 0
-653 -1053 0
-693 -733 0
-693 -773 0
-693 -813 0
-693 -853 0
-693 -893 0
-693 -933 0
-693 -973 0
-693 -1013 0
-693 -1053 0
-733 -773 0
-733 -813 0
-733 -853 0
-733 -893 0
-733 -933 0
-733 -973 0
-733 -1013 0
-733 -1053 0
-773 -813 0
-773 -853 0
-773 -893 0
-773 -933 0
-773 -973 0
-773 -1013 0
-773 -1053 0
-813 -853 0
-813 -893 0
-813 -933 0
-813 -973 0
-813 -1013 0
-813 -1053 0
-853 -893 0
-853 -933 0
-853 -973 0
-853 -1013 0
-853 -1053 0
-893 -933 0
-893 -973 0
-893 -1013 0
-893 -1053 0
-933 -973 0
-933 -1013 0
-933 -1053 0
-973 -1013 0
-973 -1053 0
-1013 -1053 0
-14 -54 0
-14 -94 0
-14 -134 0
-14 -174 0
-14 -214 0
-14 -254 0
-14 -294 0
-14 -334 0
-14 -374 0
-14 -414 0
-14 -454 0
-14 -494 0
-14 -534 0
-14 -574 0
-14 -614 0
-14 -654 0
-14 -694 0
-14 -734 0
-14 -774 0
-14 -814 0
-14 -854 0
-14 -894 0
-14 -934 0
-14 -974 0
-14 -1014 0
-54 -94 0
-54 -134 0
-54 -174 0
-54 -214 0
-54 -254 0
-54 -294 0
-54 -334 0
-54 -374 0
-54 -414 0
-54 -454 0
-54 -494 0
-54 -534 0
-54 -574 0
-54 -614 0
-54 -654 0
-54 -694 0
-54 -734 0
-54 -774 0
-54 -814 0
-54 -854 0
-54 -894 0
-54 -934 0
-54 -974 0
-54 -1014 0
-94 -134 0
-94 -174 0
-94 -214 0
-94 -254 0
-94 -294 0
-94 -334 0
-94 -374 0
-94 -414 0
-94 -454 0
-94 -494 0
-94 -534 0
-94 -574 0
-94 -614 0
-94 -654 0
-94 -694 0
-94 -734 0
-94 -774 0
-94 -814 0
-94 -854 0
-94 -894 0
-94 -934 0
-94 -974 0
-94 -1014 0
-134 -174 0
-134 -214 0
-134 -254 0
-134 -294 0
-134 -334 0
-134 -374 0
-134 -414 0
-134 -454 0
-134 -494 0
-134 -534 0
-134 -574 0
-134 -614 0
-134 -654 0
-134 -694 0
-134 -734 0
-134 -774 0
-134 -814 0
-134 -854 0
-134 -894 0
-134 -934 0
-134 -974 0
-134 -1014 0
-174 -214 0
-174 -254 0
-174 -294 0
-174 -334 0
-174 -374 0
-174 -414 0
-174 -454 0
-174 -494 0
-174 -534 0
-174 -574 0
-174 -614 0
-174 -654 0
-174 -694 0
-174 -734 0
-174 -774 0
-174 -814 0
-174 -854 0
-174 -894 0
-174 -934 0
-174 -974 0
-174 -1014 0
-214 -254 0
-214 -294 0
-214 -334 0
-214 -374 0
-214 -414 0
-214 -454 0
-214 -494 0
-214 -534 0
-214 -574 0
-214 -614 0
-214 -654 0
-214 -694 0
-214 -734 0
-214 -774 0
-214 -814 0
-214 -854 0
-214 -894 0
-214 -934 0
-214 -974 0
-214 -1014 0
-254 -294 0
-254 -334 0
-254 -374 0
-254 -414 0
-254 -454 0
-254 -494 0
-254 -534 0
-254 -574 0
-254 -614 0
-254 -654 0
-254 -694 0
-254 -734 0
-254 -774 0
-254 -814 0
-254 -854 0
-254 -894 0
-254 -934 0
-254 -974 0
-254 -1014 0
-294 -334 0
-294 -374 0
-294 -414 0
-294 -454 0
-294 -494 0
-294 -534 0
-294 -574 0
-294 -614 0
-294 -654 0
-294 -694 0
-294 -734 0
-294 -774 0
-294 -814 0
-294 -854 0
-294 -894 0
-294 -934 0
-294 -974 0
-294 -1014 0
-334 -374 0
-334 -414 0
-334 -454 0
-334 -494 0
-334 -534 0
-334 -574 0
-334 -614 0
-334 -654 0
-334 -694 0
-334 -734 0
-334 -774 0
-334 -814 0
-334 -854 0
-334 -894 0
-334 -934 0
-334 -974 0
-334 -1014 0
-374 -414 0
-374 -454 0
-374 -494 0
-374 -534 0
-374 -574 0
-374 -614 0
-374 -654 0
-374 -694 0
-374 -734 0
-374 -774 0
-374 -814 0
-374 -854 0
-374 -894 0
-374 -934 0
-374 -974 0
-374 -1014 0
-414 -454 0
-414 -494 0
-414 -534 0
-414 -574 0
-414 -614 0
-414 -654 0
-414 -694 0
-414 -734 0
-414 -774 0
-414 -814 0
-414 -854 0
-414 -894 0
-414 -934 0
-414 -974 0
-414 -1014 0
-454 -494 0
-454 -534 0
-454 -574 0
-454 -614 0
-454 -654 0
-454 -694 0
-454 -734 0
-454 -774 0
-454 -814 0
-454 -854 0
-454 -894 0
-454 -934 0
-454 -974 0
-454 -1014 0
-494 -534 0
-494 -574 0
-494 -614 0
-494 -654 0
-494 -694 0
-494 -734 0
-494 -774 0
-494 -814 0
-494 -854 0
-494 -894 0
-494 -934 0
-494 -974 0
-494 -1014 0
-534 -574 0
-534 -614 0
-534 -654 0
-534 -694 0
-534 -734 0
-534 -774 0
-534 -814 0
-534 -854 0
-534 -894 0
-534 -934 0
-534 -974 0
-534 -1014 0
-574 -614 0
-574 -654 0
-574 -694 0
-574 -734 0
-574 -774 0
-574 -814 0
-574 -854 0
-574 -894 0
-574 -934 0
-574 -974 0
-574 -1014 0
-614 -654 0
-614 -694 0
-614 -734 0
-614 -774 0
-614 -814 0
-614 -854 0
-614 -894 0
-614 -934 0
-614 -974 0
-614 -1014 0
-654 -694 0
-654 -734 0
-654 -774 0
-654 -814 0
-654 -854 0
-654 -894 0
-654 -934 0
-654 -974 0
-654 -1014 0
-694 -734 0
-694 -774 0
-694 -814 0
-694 -854 0
-694 -894 0
-694 -934 0
-694 -974 0
-694 -1014 0
-734 -774 0
-734 -814 0
-734 -854 0
-734 -894 0
-734 -934 0
-734 -974 0
-734 -1014 0
-774 -814 0
-774 -854 0
-774 -894 0
-774 -934 0
-774 -974 0
-774 -1014 0
-814 -854 0
-814 -894 0
-814 -934 0
-814 -974 0
-814 -1014 0
-854 -894 0
-854 -934 0
-854 -974 0
-854 -1014 0
-894 -934 0
-894 -974 0
-894 -1014 0
-934 -974 0
-934 -1014 0
-974 -1014 0
-15 -55 0
-15 -95 0
-15 -135 0
-15 -175 0
-15 -215 0
-15 -255 0
-15 -295 0
-15 -335 0
-15 -375 0
-15 -415 0
-15 -455 0
-15 -495 0
-15 -535 0
-15 -575 0
-15 -615 0
-15 -655 0
-15 -695 0
-15 -735 0
-15 -775 0
-15 -815 0
-15 -855 0
-15 -895 0
-15 -935 0
-15 -975 0
-55 -95 0
-55 -135 0
-55 -175 0
-55 -215 0
-55 -255 0
-55 -295 0
-55 -335 0
-55 -375 0
-55 -415 0
-55 -455 0
-55 -495 0
-55 -535 0
-55 -575 0
-55 -615 0
-55 -655 0
-55 -695 0
-55 -735 0
-55 -775 0
-55 -815 0
-55 -855 0
-55 -895 0
-55 -935 0
-55 -975 0
-95 -135 0
-95 -175 0
-95 -215 0
-95 -255 0
-95 -295 0
-95 -335 0
-95 -375 0
-95 -415 0
-95 -455 0
-95 -495 0
-95 -535 0
-95 -575 0
-95 -615 0
-95 -655 0
-95 -695 0
-95 -735 0
-95 -775 0
-95 -815 0
-95 -855 0
-95 -895 0
-95 -935 0
-95 -975 0
-135 -175 0
-135 -215 0
-135 -255 0
-135 -295 0
-135 -335 0
-135 -375 0
-135 -415 0
-135 -455 0
-135 -495 0
-135 -535 0
-135 -575 0
-135 -615 0
-135 -655 0
-135 -695 0
-135 -735 0
-135 -775 0
-135 -815 0
-135 -855 0
-135 -895 0
-135 -935 0
-135 -975 0
-175 -215 0
-175 -255 0
-175 -295 0
-175 -335 0
-175 -375 0
-175 -415 0
-175 -455 0
-175 -495 0
-175 -535 0
-175 -575 0
-175 -615 0
-175 -655 0
-175 -695 0
-175 -735 0
-175 -775 0
-175 -815 0
-175 -855 0
-175 -895 0
-175 -935 0
-175 -975 0
-215 -255 0
-215 -295 0
-215 -335 0
-215 -375 0
-215 -415 0
-215 -455 0
-215 -495 0
-215 -535 0
-215 -575 0
-215 -615 0
-215 -655 0
-215 -695 0
-215 -735 0
-215 -775 0
-215 -815 0
-215 -855 0
-215 -895 0
-215 -935 0
-215 -975 0
-255 -295 0
-255 -335 0
-255 -375 0
-255 -415 0
-255 -455 0
-255 -495 0
-255 -535 0
-255 -575 0
-255 -615 0
-255 -655 0
-255 -695 0
-255 -735 0
-255 -775 0
-255 -815 0
-255 -855 0
-255 -895 0
-255 -935 0
-255 -975 0
-295 -335 0
-295 -375 0
-295 -415 0
-295 -455 0
-295 -495 0
-295 -535 0
-295 -575 0
-295 -615 0
-295 -655 0
-295 -695 0
-295 -735 0
-295 -775 0
-295 -815 0
-295 -855 0
-295 -895 0
-295 -935 0
-295 -975 0
-335 -375 0
-335 -415 0
-335 -455 0
-335 -495 0
-335 -535 0
-335 -575 0
-335 -615 0
-335 -655 0
-335 -695 0
-335 -735 0
-335 -775 0
-335 -815 0
-335 -855 0
-335 -895 0
-335 -935 0
-335 -975 0
-375 -415 0
-375 -455 0
-375 -495 0
-375 -535 0
-375 -575 0
-375 -615 0
-375 -655 0
-375 -695 0
-375 -735 0
-375 -775 0
-375 -815 0
-375 -855 0
-375 -895 0
-375 -935 0
-375 -975 0
-415 -455 0
-415 -495 0
-415 -535 0
-415 -575 0
-415 -615 0
-415 -655 0
-415 -695 0
-415 -735 0
-415 -775 0
-415 -815 0
-415 -855 0
-415 -895 0
-415 -935 0
-415 -975 0
-455 -495 0
-455 -535 0
-455 -575 0
-455 -615 0
-455 -655 0
-455 -695 0
-455 -735 0
-455 -775 0
-455 -815 0
-455 -855 0
-455 -895 0
-455 -935 0
-455 -975 0
-495 -535 0
-495 -575 0
-495 -615 0
-495 -655 0
-495 -695 0
-495 -735 0
-495 -775 0
-495 -815 0
-495 -855 0
-495 -895 0
-495 -935 0
-495 -975 0
-535 -575 0
-535 -615 0
-535 -655 0
-535 -695 0
-535 -735 0
-535 -775 0
-535 -815 0
-535 -855 0
-535 -895 0
-535 -935 0
-535 -975 0
-575 -615 0
-575 -655 0
-575 -695 0
-575 -735 0
-575 -775 0
-575 -815 0
-575 -855 0
-575 -895 0
-575 -935 0
-575 -975 0
-615 -655 0
-615 -695 0
-615 -735 0
-615 -775 0
-615 -815 0
-615 -855 0
-615 -895 0
-615 -935 0
-615 -975 0
-655 -695 0
-655 -735 0
-655 -775 0
-655 -815 0
-655 -855 0
-655 -895 0
-655 -935 0
-655 -975 0
-695 -735 0
-695 -775 0
-695 -815 0
-695 -855 0
-695 -895 0
-695 -935 0
-695 -975 0
-735 -775 0
-735 -815 0
-735 -855 0
-735 -895 0
-735 -935 0
-735 -975 0
-775 -815 0
-775 -855 0
-775 -895 0
-775 -935 0
-775 -975 0
-815 -855 0
-815 -895 0
-815 -935 0
-815 -975 0
-855 -895 0
-855 -935 0
-855 -975 0
-895 -935 0
-895 -975 0
-935 -975 0
-16 -56 0
-16 -96 0
-16 -136 0
-16 -176 0
-16 -216 0
-16 -256 0
-16 -296 0
-16 -336 0
-16 -376 0
-16 -416 0
-16 -456 0
-16 -496 0
-16 -536 0
-16 -576 0
-16 -616 0
-16 -656 0
-16 -696 0
-16 -736 0
-16 -776 0
-16 -816 0
-16 -856 0
-16 -896 0
-16 -936 0
-56 -96 0
-56 -136 0
-56 -176 0
-56 -216 0
-56 -256 0
-56 -296 0
-56 -336 0
-56 -376 0
-56 -416 0
-56 -456 0
-56 -496 0
-56 -536 0
-56 -576 0
-56 -616 0
-56 -656 0
-56 -696 0
-56 -736 0
-56 -776 0
-56 -816 0
-56 -856 0
-56 -896 0
-56 -936 0
-96 -136 0
-96 -176 0
-96 -216 0
-96 -256 0
-96 -296 0
-96 -336 0
-96 -376 0
-96 -416 0
-96 -456 0
-96 -496 0
-96 -536 0
-96 -576 0
-96 -616 0
-96 -656 0
-96 -696 0
-96 -736 0
-96 -776 0
-96 -816 0
-96 -856 0
-96 -896 0
-96 -936 0
-136 -176 0
-136 -216 0
-136 -256 0
-136 -296 0
-136 -336 0
-136 -376 0
-136 -416 0
-136 -456 0
-136 -496 0
-136 -536 0
-136 -576 0
-136 -616 0
-136 -656 0
-136 -696 0
-136 -736 0
-136 -776 0
-136 -816 0
-136 -856 0
-136 -896 0
-136 -936 0
-176 -216 0
-176 -256 0
-176 -296 0
-176 -336 0
-176 -376 0
-176 -416 0
-176 -456 0
-176 -496 0
-176 -536 0
-176 -576 0
-176 -616 0
-176 -656 0
-176 -696 0
-176 -736 0
-176 -776 0
-176 -816 0
-176 -856 0
-176 -896 0
-176 -936 0
-216 -256 0
-216 -296 0
-216 -336 0
-216 -376 0
-216 -416 0
-216 -456 0
-216 -496 0
-216 -536 0
-216 -576 0
-216 -616 0
-216 -656 0
-216 -696 0
-216 -736 0
-216 -776 0
-216 -816 0
-216 -856 0
-216 -896 0
-216 -936 0
-256 -296 0
-256 -336 0
-256 -376 0
-256 -416 0
-256 -456 0
-256 -496 0
-256 -536 0
-256 -576 0
-256 -616 0
-256 -656 0
-256 -696 0
-256 -736 0
-256 -776 0
-256 -816 0
-256 -856 0
-256 -896 0
-256 -936 0
-296 -336 0
-296 -376 0
-296 -416 0
-296 -456 0
-296 -496 0
-296 -536 0
-296 -576 0
-296 -616 0
-296 -656 0
-296 -696 0
-296 -736 0
-296 -776 0
-296 -816 0
-296 -856 0
-296 -896 0
-296 -936 0
-336 -376 0
-336 -416 0
-336 -456 0
-336 -496 0
-336 -536 0
-336 -576 0
-336 -616 0
-336 -656 0
-336 -696 0
-336 -736 0
-336 -776 0
-336 -816 0
-336 -856 0
-336 -896 0
-336 -936 0
-376 -416 0
-376 -456 0
-376 -496 0
-376 -536 0
-376 -576 0
-376 -616 0
-376 -656 0
-376 -696 0
-376 -736 0
-376 -776 0
-376 -816 0
-376 -856 0
-376 -896 0
-376 -936 0
-416 -456 0
-416 -496 0
-416 -536 0
-416 -576 0
-416 -616 0
-416 -656 0
-416 -696 0
-416 -736 0
-416 -776 0
-416 -816 0
-416 -856 0
-416 -896 0
-416 -936 0
-456 -496 0
-456 -536 0
-456 -576 0
-456 -616 0
-456 -656 0
-456 -696 0
-456 -736 0
-456 -776 0
-456 -816 0
-456 -856 0
-456 -896 0
-456 -936 0
-496 -536 0
-496 -576 0
-496 -616 0
-496 -656 0
-496 -696 0
-496 -736 0
-496 -776 0
-496 -816 0
-496 -856 0
-496 -896 0
-496 -936 0
-536 -576 0
-536 -616 0
-536 -656 0
-536 -696 0
-536 -736 0
-536 -776 0
-536 -816 0
-536 -856 0
-536 -896 0
-536 -936 0
-576 -616 0
-576 -656 0
-576 -696 0
-576 -736 0
-576 -776 0
-576 -816 0
-576 -856 0
-576 -896 0
-576 -936 0
-616 -656 0
-616 -696 0
-616 -736 0
-616 -776 0
-616 -816 0
-616 -856 0
-616 -896 0
-616 -936 0
-656 -696 0
-656 -736 0
-656 -776 0
-656 -816 0
-656 -856 0
-656 -896 0
-656 -936 0
-696 -736 0
-696 -776 0
-696 -816 0
-696 -856 0
-696 -896 0
-696 -936 0
-736 -776 0
-736 -816 0
-736 -856 0
-736 -896 0
-736 -936 0
-776 -816 0
-776 -856 0
-776 -896 0
-776 -936 0
-816 -856 0
-816 -896 0
-816 -936 0
-856 -896 0
-856 -936 0
-896 -936 0
-17 -57 0
-17 -97 0
-17 -137 0
-17 -177 0
-17 -217 0
-17 -257 0
-17 -297 0
-17 -337 0
-17 -377 0
-17 -417 0
-17 -457 0
-17 -497 0
-17 -537 0
-17 -577 0
-17 -617 0
-17 -657 0
-17 -697 0
-17 -737 0
-17 -777 0
-17 -817 0
-17 -857 0
-17 -897 0
-57 -97 0
-57 -137 0
-57 -177 0
-57 -217 0
-57 -257 0
-57 -297 0
-57 -337 0
-57 -377 0
-57 -417 0
-57 -457 0
-57 -497 0
-57 -537 0
-57 -577 0
-57 -617 0
-57 -657 0
-57 -697 0
-57 -737 0
-57 -777 0
-57 -817 0
-57 -857 0
-57 -897 0
-97 -137 0
-97 -177 0
-97 -217 0
-97 -257 0
-97 -297 0
-97 -337 0
-97 -377 0
-97 -417 0
-97 -457 0
-97 -497 0
-97 -537 0
-97 -577 0
-97 -617 0
-97 -657 0
-97 -697 0
-97 -737 0
-97 -777 0
-97 -817 0
-97 -857 0
-97 -897 0
-137 -177 0
-137 -217 0
-137 -257 0
-137 -297 0
-137 -337 0
-137 -377 0
-137 -417 0
-137 -457 0
-137 -497 0
-137 -537 0
-137 -577 0
-137 -617 0
-137 -657 0
-137 -697 0
-137 -737 0
-137 -777 0
-137 -817 0
-137 -857 0
-137 -897 0
-177 -217 0
-177 -257 0
-177 -297 0
-177 -337 0
-177 -377 0
-177 -417 0
-177 -457 0
-177 -497 0
-177 -537 0
-177 -577 0
-177 -617 0
-177 -657 0
-177 -697 0
-177 -737 0
-177 -777 0
-177 -817 0
-177 -857 0
-177 -897 0
-217 -257 0
-217 -297 0
-217 -337 0
-217 -377 0
-217 -417 0
-217 -457 0
-217 -497 0
-217 -537 0
-217 -577 0
-217 -617 0
-217 -657 0
-217 -697 0
-217 -737 0
-217 -777 0
-217 -817 0
-217 -857 0
-217 -897 0
-257 -297 0
-257 -337 0
-257 -377 0
-257 -417 0
-257 -457 0
-257 -497 0
-257 -537 0
-257 -577 0
-257 -617 0
-257 -657 0
-257 -697 0
-257 -737 0
-257 -777 0
-257 -817 0
-257 -857 0
-257 -897 0
-297 -337 0
-297 -377 0
-297 -417 0
-297 -457 0
-297 -497 0
-297 -537 0
-297 -577 0
-297 -617 0
-297 -657 0
-297 -697 0
-297 -737 0
-297 -777 0
-297 -817 0
-297 -857 0
-297 -897 0
-337 -377 0
-337 -417 0
-337 -457 0
-337 -497 0
-337 -537 0
-337 -577 0
-337 -617 0
-337 -657 0
-337 -697 0
-337 -737 0
-337 -777 0
-337 -817 0
-337 -857 0
-337 -897 0
-377 -417 0
-377 -457 0
-377 -497 0
-377 -537 0
-377 -577 0
-377 -617 0
-377 -657 0
-377 -697 0
-377 -737 0
-377 -777 0
-377 -817 0
-377 -857 0
-377 -897 0
-417 -457 0
-417 -497 0
-417 -537 0
-417 -577 0
-417 -617 0
-417 -657 0
-417 -697 0
-417 -737 0
-417 -777 0
-417 -817 0
-417 -857 0
-417 -897 0
-457 -497 0
-457 -537 0
-457 -577 0
-457 -617 0
-457 -657 0
-457 -697 0
-457 -737 0
-457 -777 0
-457 -817 0
-457 -857 0
-457 -897 0
-497 -537 0
-497 -577 0
-497 -617 0
-497 -657 0
-497 -697 0
-497 -737 0
-497 -777 0
-497 -817 0
-497 -857 0
-497 -897 0
-537 -577 0
-537 -617 0
-537 -657 0
-537 -697 0
-537 -737 0
-537 -777 0
-537 -817 0
-537 -857 0
-537 -897 0
-577 -617 0
-577 -657 0
-577 -697 0
-577 -737 0
-577 -777 0
-577 -817 0
-577 -857 0
-577 -897 0
-617 -657 0
-617 -697 0
-617 -737 0
-617 -777 0
-617 -817 0
-617 -857 0
-617 -897 0
-657 -697 0
-657 -737 0
-657 -777 0
-657 -817 0
-657 -857 0
-657 -897 0
-697 -737 0
-697 -777 0
-697 -817 0
-697 -857 0
-697 -897 0
-737 -777 0
-737 -817 0
-737 -857 0
-737 -897 0
-777 -817 0
-777 -857 0
-777 -897 0
-817 -857 0
-817 -897 0
-857 -897 0
-18 -58 0
-18 -98 0
-18 -138 0
-18 -178 0
-18 -218 0
-18 -258 0
-18 -298 0
-18 -338 0
-18 -378 0
-18 -418 0
-18 -458 0
-18 -498 0
-18 -538 0
-18 -578 0
-18 -618 0
-18 -658 0
-18 -698 0
-18 -738 0
-18 -778 0
-18 -818 0
-18 -858 0
-58 -98 0
-58 -138 0
-58 -178 0
-58 -218 0
-58 -258 0
-58 -298 0
-58 -338 0
-58 -378 0
-58 -418 0
-58 -458 0
-58 -498 0
-58 -538 0
-58 -578 0
-58 -618 0
-58 -658 0
-58 -698 0
-58 -738 0
-58 -778 0
-58 -818 0
-58 -858 0
-98 -138 0
-98 -178 0
-98 -218 0
-98 -258 0
-98 -298 0
-98 -338 0
-98 -378 0
-98 -418 0
-98 -458 0
-98 -498 0
-98 -538 0
-98 -578 0
-98 -618 0
-98 -658 0
-98 -698 0
-98 -738 0
-98 -778 0
-98 -818 0
-98 -858 0
-138 -178 0
-138 -218 0
-138 -258 0
-138 -298 0
-138 -338 0
-138 -378 0
-138 -418 0
-138 -458 0
-138 -498 0
-138 -538 0
-138 -578 0
-138 -618 0
-138 -658 0
-138 -698 0
-138 -738 0
-138 -778 0
-138 -818 0
-138 -858 0
-178 -218 0
-178 -258 0
-178 -298 0
-178 -338 0
-178 -378 0
-178 -418 0
-178 -458 0
-178 -498 0
-178 -538 0
-178 -578 0
-178 -618 0
-178 -658 0
-178 -698 0
-178 -738 0
-178 -778 0
-178 -818 0
-178 -858 0
-218 -258 0
-218 -298 0
-218 -338 0
-218 -378 0
-218 -418 0
-218 -458 0
-218 -498 0
-218 -538 0
-218 -578 0
-218 -618 0
-218 -658 0
-218 -698 0
-218 -738 0
-218 -778 0
-218 -818 0
-218 -858 0
-258 -298 0
-258 -338 0
-258 -378 0
-258 -418 0
-258 -458 0
-258 -498 0
-258 -538 0
-258 -578 0
-258 -618 0
-258 -658 0
-258 -698 0
-258 -738 0
-258 -778 0
-258 -818 0
-258 -858 0
-298 -338 0
-298 -378 0
-298 -418 0
-298 -458 0
-298 -498 0
-298 -538 0
-298 -578 0
-298 -618 0
-298 -658 0
-298 -698 0
-298 -738 0
-298 -778 0
-298 -818 0
-298 -858 0
-338 -378 0
-338 -418 0
-338 -458 0
-338 -498 0
-338 -538 0
-338 -578 0
-338 -618 0
-338 -658 0
-338 -698 0
-338 -738 0
-338 -778 0
-338 -818 0
-338 -858 0
-378 -418 0
-378 -458 0
-378 -498 0
-378 -538 0
-378 -578 0
-378 -618 0
-378 -658 0
-378 -698 0
-378 -738 0
-378 -778 0
-378 -818 0
-378 -858 0
-418 -458 0
-418 -498 0
-418 -538 0
-418 -578 0
-418 -618 0
-418 -658 0
-418 -698 0
-418 -738 0
-418 -778 0
-418 -818 0
-418 -858 0
-458 -498 0
-458 -538 0
-458 -578 0
-458 -618 0
-458 -658 0
-458 -698 0
-458 -738 0
-458 -778 0
-458 -818 0
-458 -858 0
-498 -538 0
-498 -578 0
-498 -618 0
-498 -658 0
-498 -698 0
-498 -738 0
-498 -778 0
-498 -818 0
-498 -858 0
-538 -578 0
-538 -618 0
-538 -658 0
-538 -698 0
-538 -738 0
-538 -778 0
-538 -818 0
-538 -858 0
-578 -618 0
-578 -658 0
-578 -698 0
-578 -738 0
-578 -778 0
-578 -818 0
-578 -858 0
-618 -658 0
-618 -698 0
-618 -738 0
-618 -778 0
-618 -818 0
-618 -858 0
-658 -698 0
-658 -738 0
-658 -778 0
-658 -818 0
-658 -858 0
-698 -738 0
-698 -778 0
-698 -818 0
-698 -858 0
-738 -778 0
-738 -818 0
-738 -858 0
-778 -818 0
-778 -858 0
-818 -858 0
-19 -59 0
-19 -99 0
-19 -139 0
-19 -179 0
-19 -219 0
-19 -259 0
-19 -299 0
-19 -339 0
-19 -379 0
-19 -419 0
-19 -459 0
-19 -499 0
-19 -539 0
-19 -579 0
-19 -619 0
-19 -659 0
-19 -699 0
-19 -739 0
-19 -779 0
-19 -819 0
-59 -99 0
-59 -139 0
-59 -179 0
-59 -219 0
-59 -259 0
-59 -299 0
-59 -339 0
-59 -379 0
-59 -419 0
-59 -459 0
-59 -499 0
-59 -539 0
-59 -579 0
-59 -619 0
-59 -659 0
-59 -699 0
-59 -739 0
-59 -779 0
-59 -819 0
-99 -139 0
-99 -179 0
-99 -219 0
-99 -259 0
-99 -299 0
-99 -339 0
-99 -379 0
-99 -419 0
-99 -459 0
-99 -499 0
-99 -539 0
-99 -579 0
-99 -619 0
-99 -659 0
-99 -699 0
-99 -739 0
-99 -779 0
-99 -819 0
-139 -179 0
-139 -219 0
-139 -259 0
-139 -299 0
-139 -339 0
-139 -379 0
-139 -419 0
-139 -459 0
-139 -499 0
-139 -539 0
-139 -579 0
-139 -619 0
-139 -659 0
-139 -699 0
-139 -739 0
-139 -779 0
-139 -819 0
-179 -219 0
-179 -259 0
-179 -299 0
-179 -339 0
-179 -379 0
-179 -419 0
-179 -459 0
-179 -499 0
-179 -539 0
-179 -579 0
-179 -619 0
-179 -659 0
-179 -699 0
-179 -739 0
-179 -779 0
-179 -819 0
-219 -259 0
-219 -299 0
-219 -339 0
-219 -379 0
-219 -419 0
-219 -459 0
-219 -499 0
-219 -539 0
-219 -579 0
-219 -619 0
-219 -659 0
-219 -699 0
-219 -739 0
-219 -779 0
-219 -819 0
-259 -299 0
-259 -339 0
-259 -379 0
-259 -419 0
-259 -459 0
-259 -499 0
-259 -539 0
-259 -579 0
-259 -619 0
-259 -659 0
-259 -699 0
-259 -739 0
-259 -779 0
-259 -819 0
-299 -339 0
-299 -379 0
-299 -419 0
-299 -459 0
-299 -499 0
-299 -539 0
-299 -579 0
-299 -619 0
-299 -659 0
-299 -699 0
-299 -739 0
-299 -779 0
-299 -819 0
-339 -379 0
-339 -419 0
-339 -459 0
-339 -499 0
-339 -539 0
-339 -579 0
-339 -619 0
-339 -659 0
-339 -699 0
-339 -739 0
-339 -779 0
-339 -819 0
-379 -419 0
-379 -459 0
-379 -499 0
-379 -539 0
-379 -579 0
-379 -619 0
-379 -659 0
-379 -699 0
-379 -739 0
-379 -779 0
-379 -819 0
-419 -459 0
-419 -499 0
-419 -539 0
-419 -579 0
-419 -619 0
-419 -659 0
-419 -699 0
-419 -739 0
-419 -779 0
-419 -819 0
-459 -499 0
-459 -539 0
-459 -579 0
-459 -619 0
-459 -659 0
-459 -699 0
-459 -739 0
-459 -779 0
-459 -819 0
-499 -539 0
-499 -579 0
-499 -619 0
-499 -659 0
-499 -699 0
-499 -739 0
-499 -779 0
-499 -819 0
-539 -579 0
-539 -619 0
-539 -659 0
-539 -699 0
-539 -739 0
-539 -779 0
-539 -819 0
-579 -619 0
-579 -659 0
-579 -699 0
-579 -739 0
-579 -779 0
-579 -819 0
-619 -659 0
-619 -699 0
-619 -739 0
-619 -779 0
-619 -819 0
-659 -699 0
-659 -739 0
-659 -779 0
-659 -819 0
-699 -739 0
-699 -779 0
-699 -819 0
-739 -779 0
-739 -819 0
-779 -819 0
-20 -60 0
-20 -100 0
-20 -140 0
-20 -180 0
-20 -220 0
-20 -260 0
-20 -300 0
-20 -340 0
-20 -380 0
-20 -420 0
-20 -460 0
-20 -500 0
-20 -540 0
-20 -580 0
-20 -620 0
-20 -660 0
-20 -700 0
-20 -740 0
-20 -780 0
-60 -100 0
-60 -140 0
-60 -180 0
-60 -220 0
-60 -260 0
-60 -300 0
-60 -340 0
-60 -380 0
-60 -420 0
-60 -460 0
-60 -500 0
-60 -540 0
-60 -580 0
-60 -620 0
-60 -660 0
-60 -700 0
-60 -740 0
-60 -780 0
-100 -140 0
-100 -180 0
-100 -220 0
-100 -260 0
-100 -300 0
-100 -340 0
-100 -380 0
-100 -420 0
-100 -460 0
-100 -500 0
-100 -540 0
-100 -580 0
-100 -620 0
-100 -660 0
-100 -700 0
-100 -740 0
-100 -780 0
-140 -180 0
-140 -220 0
-140 -260 0
-140 -300 0
-140 -340 0
-140 -380 0
-140 -420 0
-140 -460 0
-140 -500 0
-140 -540 0
-140 -580 0
-140 -620 0
-140 -660 0
-140 -700 0
-140 -740 0
-140 -780 0
-180 -220 0
-180 -260 0
-180 -300 0
-180 -340 0
-180 -380 0
-180 -420 0
-180 -460 0
-180 -500 0
-180 -540 0
-180 -580 0
-180 -620 0
-180 -660 0
-180 -700 0
-180 -740 0
-180 -780 0
-220 -260 0
-220 -300 0
-220 -340 0
-220 -380 0
-220 -420 0
-220 -460 0
-220 -500 0
-220 -540 0
-220 -580 0
-220 -620 0
-220 -660 0
-220 -700 0
-220 -740 0
-220 -780 0
-260 -300 0
-260 -340 0
-260 -380 0
-260 -420 0
-260 -460 0
-260 -500 0
-260 -540 0
-260 -580 0
-260 -620 0
-260 -660 0
-260 -700 0
-260 -740 0
-260 -780 0
-300 -340 0
-300 -380 0
-300 -420 0
-300 -460 0
-300 -500 0
-300 -540 0
-300 -580 0
-300 -620 0
-300 -660 0
-300 -700 0
-300 -740 0
-300 -780 0
-340 -380 0
-340 -420 0
-340 -460 0
-340 -500 0
-340 -540 0
-340 -580 0
-340 -620 0
-340 -660 0
-340 -700 0
-340 -740 0
-340 -780 0
-380 -420 0
-380 -460 0
-380 -500 0
-380 -540 0
-380 -580 0
-380 -620 0
-380 -660 0
-380 -700 0
-380 -740 0
-380 -780 0
-420 -460 0
-420 -500 0
-420 -540 0
-420 -580 0
-420 -620 0
-420 -660 0
-420 -700 0
-420 -740 0
-420 -780 0
-460 -500 0
-460 -540 0
-460 -580 0
-460 -620 0
-460 -660 0
-460 -700 0
-460 -740 0
-460 -780 0
-500 -540 0
-500 -580 0
-500 -620 0
-500 -660 0
-500 -700 0
-500 -740 0
-500 -780 0
-540 -580 0
-540 -620 0
-540 -660 0
-540 -700 0
-540 -740 0
-540 -780 0
-580 -620 0
-580 -660 0
-580 -700 0
-580 -740 0
-580 -780 0
-620 -660 0
-620 -700 0
-620 -740 0
-620 -780 0
-660 -700 0
-660 -740 0
-660 -780 0
-700 -740 0
-700 -780 0
-740 -780 0
-21 -61 0
-21 -101 0
-21 -141 0
-21 -181 0
-21 -221 0
-21 -261 0
-21 -301 0
-21 -341 0
-21 -381 0
-21 -421 0
-21 -461 0
-21 -501 0
-21 -541 0
-21 -581 0
-21 -621 0
-21 -661 0
-21 -701 0
-21 -741 0
-61 -101 0
-61 -141 0
-61 -181 0
-61 -221 0
-61 -261 0
-61 -301 0
-61 -341 0
-61 -381 0
-61 -421 0
-61 -461 0
-61 -501 0
-61 -541 0
-61 -581 0
-61 -621 0
-61 -661 0
-61 -701 0
-61 -741 0
-101 -141 0
-101 -181 0
-101 -221 0
-101 -261 0
-101 -301 0
-101 -341 0
-101 -381 0
-101 -421 0
-101 -461 0
-101 -501 0
-101 -541 0
-101 -581 0
-101 -621 0
-101 -661 0
-101 -701 0
-101 -741 0
-141 -181 0
-141 -221 0
-141 -261 0
-141 -301 0
-141 -341 0
-141 -381 0
-141 -421 0
-141 -461 0
-141 -501 0
-141 -541 0
-141 -581 0
-141 -621 0
-141 -661 0
-141 -701 0
-141 -741 0
-181 -221 0
-181 -261 0
-181 -301 0
-181 -341 0
-181 -381 0
-181 -421 0
-181 -461 0
-181 -501 0
-181 -541 0
-181 -581 0
-181 -621 0
-181 -661 0
-181 -701 0
-181 -741 0
-221 -261 0
-221 -301 0
-221 -341 0
-221 -381 0
-221 -421 0
-221 -461 0
-221 -501 0
-221 -541 0
-221 -581 0
-221 -621 0
-221 -661 0
-221 -701 0
-221 -741 0
-261 -301 0
-261 -341 0
-261 -381 0
-261 -421 0
-261 -461 0
-261 -501 0
-261 -541 0
-261 -581 0
-261 -621 0
-261 -661 0
-261 -701 0
-261 -741 0
-301 -341 0
-301 -381 0
-301 -421 0
-301 -461 0
-301 -501 0
-301 -541 0
-301 -581 0
-301 -621 0
-301 -661 0
-301 -701 0
-301 -741 0
-341 -381 0
-341 -421 0
-341 -461 0
-341 -501 0
-341 -541 0
-341 -581 0
-341 -621 0
-341 -661 0
-341 -701 0
-341 -741 0
-381 -421 0
-381 -461 0
-381 -501 0
-381 -541 0
-381 -581 0
-381 -621 0
-381 -661 0
-381 -701 0
-381 -741 0
-421 -461 0
-421 -501 0
-421 -541 0
-421 -581 0
-421 -621 0
-421 -661 0
-421 -701 0
-421 -741 0
-461 -501 0
-461 -541 0
-461 -581 0
-461 -621 0
-461 -661 0
-461 -701 0
-461 -741 0
-501 -541 0
-501 -581 0
-501 -621 0
-501 -661 0
-501 -701 0
-501 -741 0
-541 -581 0
-541 -621 0
-541 -661 0
-541 -701 0
-541 -741 0
-581 -621 0
-581 -661 0
-581 -701 0
-581 -741 0
-621 -661 0
-621 -701 0
-621 -741 0
-661 -701 0
-661 -741 0
-701 -741 0
-22 -62 0
-22 -102 0
-22 -142 0
-22 -182 0
-22 -222 0
-22 -262 0
-22 -302 0
-22 -342 0
-22 -382 0
-22 -422 0
-22 -462 0
-22 -502 0
-22 -542 0
-22 -582 0
-22 -622 0
-22 -662 0
-22 -702 0
-62 -102 0
-62 -142 0
-62 -182 0
-62 -222 0
-62 -262 0
-62 -302 0
-62 -342 0
-62 -382 0
-62 -422 0
-62 -462 0
-62 -502 0
-62 -542 0
-62 -582 0
-62 -622 0
-62 -662 0
-62 -702 0
-102 -142 0
-102 -182 0
-102 -222 0
-102 -262 0
-102 -302 0
-102 -342 0
-102 -382 0
-102 -422 0
-102 -462 0
-102 -502 0
-102 -542 0
-102 -582 0
-102 -622 0
-102 -662 0
-102 -702 0
-142 -182 0
-142 -222 0
-142 -262 0
-142 -302 0
-142 -342 0
-142 -382 0
-142 -422 0
-142 -462 0
-142 -502 0
-142 -542 0
-142 -582 0
-142 -622 0
-142 -662 0
-142 -702 0
-182 -222 0
-182 -262 0
-182 -302 0
-182 -342 0
-182 -382 0
-182 -422 0
-182 -462 0
-182 -502 0
-182 -542 0
-182 -582 0
-182 -622 0
-182 -662 0
-182 -702 0
-222 -262 0
-222 -302 0
-222 -342 0
-222 -382 0
-222 -422 0
-222 -462 0
-222 -502 0
-222 -542 0
-222 -582 0
-222 -622 0
-222 -662 0
-222 -702 0
-262 -302 0
-262 -342 0
-262 -382 0
-262 -422 0
-262 -462 0
-262 -502 0
-262 -542 0
-262 -582 0
-262 -622 0
-262 -662 0
-262 -702 0
-302 -342 0
-302 -382 0
-302 -422 0
-302 -462 0
-302 -502 0
-302 -542 0
-302 -582 0
-302 -622 0
-302 -662 0
-302 -702 0
-342 -382 0
-342 -422 0
-342 -462 0
-342 -502 0
-342 -542 0
-342 -582 0
-342 -622 0
-342 -662 0
-342 -702 0
-382 -422 0
-382 -462 0
-382 -502 0
-382 -542 0
-382 -582 0
-382 -622 0
-382 -662 0
-382 -702 0
-422 -462 0
-422 -502 0
-422 -542 0
-422 -582 0
-422 -622 0
-422 -662 0
-422 -702 0
-462 -502 0
-462 -542 0
-462 -582 0
-462 -622 0
-462 -662 0
-462 -702 0
-502 -542 0
-502 -582 0
-502 -622 0
-502 -662 0
-502 -702 0
-542 -582 0
-542 -622 0
-542 -662 0
-542 -702 0
-582 -622 0
-582 -662 0
-582 -702 0
-622 -662 0
-622 -702 0
-662 -702 0
-23 -63 0
-23 -103 0
-23 -143 0
-23 -183 0
-23 -223 0
-23 -263 0
-23 -303 0
-23 -343 0
-23 -383 0
-23 -423 0
-23 -463 0
-23 -503 0
-23 -543 0
-23 -583 0
-23 -623 0
-23 -663 0
-63 -103 0
-63 -143 0
-63 -183 0
-63 -223 0
-63 -263 0
-63 -303 0
-63 -343 0
-63 -383 0
-63 -423 0
-63 -463 0
-63 -503 0
-63 -543 0
-63 -583 0
-63 -623 0
-63 -663 0
-103 -143 0
-103 -183 0
-103 -223 0
-103 -263 0
-103 -303 0
-103 -343 0
-103 -383 0
-103 -423 0
-103 -463 0
-103 -503 0
-103 -543 0
-103 -583 0
-103 -623 0
-103 -663 0
-143 -183 0
-143 -223 0
-143 -263 0
-143 -303 0
-143 -343 0
-143 -383 0
-143 -423 0
-143 -463 0
-143 -503 0
-143 -543 0
-143 -583 0
-143 -623 0
-143 -663 0
-183 -223 0
-183 -263 0
-183 -303 0
-183 -343 0
-183 -383 0
-183 -423 0
-183 -463 0
-183 -503 0
-183 -543 0
-183 -583 0
-183 -623 0
-183 -663 0
-223 -263 0
-223 -303 0
-223 -343 0
-223 -383 0
-223 -423 0
-223 -463 0
-223 -503 0
-223 -543 0
-223 -583 0
-223 -623 0
-223 -663 0
-263 -303 0
-263 -343 0
-263 -383 0
-263 -423 0
-263 -463 0
-263 -503 0
-263 -543 0
-263 -583 0
-263 -623 0
-263 -663 0
-303 -343 0
-303 -383 0
-303 -423 0
-303 -463 0
-303 -503 0
-303 -543 0
-303 -583 0
-303 -623 0
-303 -663 0
-343 -383 0
-343 -423 0
-343 -463 0
-343 -503 0
-343 -543 0
-343 -583 0
-343 -623 0
-343 -663 0
-383 -423 0
-383 -463 0
-383 -503 0
-383 -543 0
-383 -583 0
-383 -623 0
-383 -663 0
-423 -463 0
-423 -503 0
-423 -543 0
-423 -583 0
-423 -623 0
-423 -663 0
-463 -503 0
-463 -543 0
-463 -583 0
-463 -623 0
-463 -663 0
-503 -543 0
-503 -583 0
-503 -623 0
-503 -663 0
-543 -583 0
-543 -623 0
-543 -663 0
-583 -623 0
-583 -663 0
-623 -663 0
-24 -64 0
-24 -104 0
-24 -144 0
-24 -184 0
-24 -224 0
-24 -264 0
-24 -304 0
-24 -344 0
-24 -384 0
-24 -424 0
-24 -464 0
-24 -504 0
-24 -544 0
-24 -584 0
-24 -624 0
-64 -104 0
-64 -144 0
-64 -184 0
-64 -224 0
-64 -264 0
-64 -304 0
-64 -344 0
-64 -384 0
-64 -424 0
-64 -464 0
-64 -504 0
-64 -544 0
-64 -584 0
-64 -624 0
-104 -144 0
-104 -184 0
-104 -224 0
-104 -264 0
-104 -304 0
-104 -344 0
-104 -384 0
-104 -424 0
-104 -464 0
-104 -504 0
-104 -544 0
-104 -584 0
-104 -624 0
-144 -184 0
-144 -224 0
-144 -264 0
-144 -304 0
-144 -344 0
-144 -384 0
-144 -424 0
-144 -464 0
-144 -504 0
-144 -544 0
-144 -584 0
-144 -624 0
-184 -224 0
-184 -264 0
-184 -304 0
-184 -344 0
-184 -384 0
-184 -424 0
-184 -464 0
-184 -504 0
-184 -544 0
-184 -584 0
-184 -624 0
-224 -264 0
-224 -304 0
-224 -344 0
-224 -384 0
-224 -424 0
-224 -464 0
-224 -504 0
-224 -544 0
-224 -584 0
-224 -624 0
-264 -304 0
-264 -344 0
-264 -384 0
-264 -424 0
-264 -464 0
-264 -504 0
-264 -544 0
-264 -584 0
-264 -624 0
-304 -344 0
-304 -384 0
-304 -424 0
-304 -464 0
-304 -504 0
-304 -544 0
-304 -584 0
-304 -624 0
-344 -384 0
-344 -424 0
-344 -464 0
-344 -504 0
-344 -544 0
-344 -584 0
-344 -624 0
-384 -424 0
-384 -464 0
-384 -504 0
-384 -544 0
-384 -584 0
-384 -624 0
-424 -464 0
-424 -504 0
-424 -544 0
-424 -584 0
-424 -624 0
-464 -504 0
-464 -544 0
-464 -584 0
-464 -624 0
-504 -544 0
-504 -584 0
-504 -624 0
-544 -584 0
-544 -624 0
-584 -624 0
-25 -65 0
-25 -105 0
-25 -145 0
-25 -185 0
-25 -225 0
-25 -265 0
-25 -305 0
-25 -345 0
-25 -385 0
-25 -425 0
-25 -465 0
-25 -505 0
-25 -545 0
-25 -585 0
-65 -105 0
-65 -145 0
-65 -185 0
-65 -225 0
-65 -265 0
-65 -305 0
-65 -345 0
-65 -385 0
-65 -425 0
-65 -465 0
-65 -505 0
-65 -545 0
-65 -585 0
-105 -145 0
-105 -185 0
-105 -225 0
-105 -265 0
-105 -305 0
-105 -345 0
-105 -385 0
-105 -425 0
-105 -465 0
-105 -505 0
-105 -545 0
-105 -585 0
-145 -185 0
-145 -225 0
-145 -265 0
-145 -305 0
-145 -345 0
-145 -385 0
-145 -425 0
-145 -465 0
-145 -505 0
-145 -545 0
-145 -585 0
-185 -225 0
-185 -265 0
-185 -305 0
-185 -345 0
-185 -385 0
-185 -425 0
-185 -465 0
-185 -505 0
-185 -545 0
-185 -585 0
-225 -265 0
-225 -305 0
-225 -345 0
-225 -385 0
-225 -425 0
-225 -465 0
-225 -505 0
-225 -545 0
-225 -585 0
-265 -305 0
-265 -345 0
-265 -385 0
-265 -425 0
-265 -465 0
-265 -505 0
-265 -545 0
-265 -585 0
-305 -345 0
-305 -385 0
-305 -425 0
-305 -465 0
-305 -505 0
-305 -545 0
-305 -585 0
-345 -385 0
-345 -425 0
-345 -465 0
-345 -505 0
-345 -545 0
-345 -585 0
-385 -425 0
-385 -465 0
-385 -505 0
-385 -545 0
-385 -585 0
-425 -465 0
-425 -505 0
-425 -545 0
-425 -585 0
-465 -505 0
-465 -545 0
-465 -585 0
-505 -545 0
-505 -585 0
-545 -585 0
-26 -66 0
-26 -106 0
-26 -146 0
-26 -186 0
-26 -226 0
-26 -266 0
-26 -306 0
-26 -346 0
-26 -386 0
-26 -426 0
-26 -466 0
-26 -506 0
-26 -546 0
-66 -106 0
-66 -146 0
-66 -186 0
-66 -226 0
-66 -266 0
-66 -306 0
-66 -346 0
-66 -386 0
-66 -426 0
-66 -466 0
-66 -506 0
-66 -546 0
-106 -146 0
-106 -186 0
-106 -226 0
-106 -266 0
-106 -306 0
-106 -346 0
-106 -386 0
-106 -426 0
-106 -466 0
-106 -506 0
-106 -546 0
-146 -186 0
-146 -226 0
-146 -266 0
-146 -306 0
-146 -346 0
-146 -386 0
-146 -426 0
-146 -466 0
-146 -506 0
-146 -546 0
-186 -226 0
-186 -266 0
-186 -306 0
-186 -346 0
-186 -386 0
-186 -426 0
-186 -466 0
-186 -506 0
-186 -546 0
-226 -266 0
-226 -306 0
-226 -346 0
-226 -386 0
-226 -426 0
-226 -466 0
-226 -506 0
-226 -546 0
-266 -306 0
-266 -346 0
-266 -386 0
-266 -426 0
-266 -466 0
-266 -506 0
-266 -546 0
-306 -346 0
-306 -386 0
-306 -426 0
-306 -466 0
-306 -506 0
-306 -546 0
-346 -386 0
-346 -426 0
-346 -466 0
-346 -506 0
-346 -546 0
-386 -426 0
-386 -466 0
-386 -506 0
-386 -546 0
-426 -466 0
-426 -506 0
-426 -546 0
-466 -506 0
-466 -546 0
-506 -546 0
-27 -67 0
-27 -107 0
-27 -147 0
-27 -187 0
-27 -227 0
-27 -267 0
-27 -307 0
-27 -347 0
-27 -387 0
-27 -427 0
-27 -467 0
-27 -507 0
-67 -107 0
-67 -147 0
-67 -187 0
-67 -227 0
-67 -267 0
-67 -307 0
-67 -347 0
-67 -387 0
-67 -427 0
-67 -467 0
-67 -507 0
-107 -147 0
-107 -187 0
-107 -227 0
-107 -267 0
-107 -307 0
-107 -347 0
-107 -387 0
-107 -427 0
-107 -467 0
-107 -507 0
-147 -187 0
-147 -227 0
-147 -267 0
-147 -307 0
-147 -347 0
-147 -387 0
-147 -427 0
-147 -467 0
-147 -507 0
-187 -227 0
-187 -267 0
-187 -307 0
-187 -347 0
-187 -387 0
-187 -427 0
-187 -467 0
-187 -507 0
-227 -267 0
-227 -307 0
-227 -347 0
-227 -387 0
-227 -427 0
-227 -467 0
-227 -507 0
-267 -307 0
-267 -347 0
-267 -387 0
-267 -427 0
-267 -467 0
-267 -507 0
-307 -347 0
-307 -387 0
-307 -427 0
-307 -467 0
-307 -507 0
-347 -387 0
-347 -427 0
-347 -467 0
-347 -507 0
-387 -427 0
-387 -467 0
-387 -507 0
-427 -467 0
-427 -507 0
-467 -507 0
-28 -68 0
-28 -108 0
-28 -148 0
-28 -188 0
-28 -228 0
-28 -268 0
-28 -308 0
-28 -348 0
-28 -388 0
-28 -428 0
-28 -468 0
-68 -108 0
-68 -148 0
-68 -188 0
-68 -228 0
-68 -268 0
-68 -308 0
-68 -348 0
-68 -388 0
-68 -428 0
-68 -468 0
-108 -148 0
-108 -188 0
-108 -228 0
-108 -268 0
-108 -308 0
-108 -348 0
-108 -388 0
-108 -428 0
-108 -468 0
-148 -188 0
-148 -228 0
-148 -268 0
-148 -308 0
-148 -348 0
-148 -388 0
-148 -428 0
-148 -468 0
-188 -228 0
-188 -268 0
-188 -308 0
-188 -348 0
-188 -388 0
-188 -428 0
-188 -468 0
-228 -268 0
-228 -308 0
-228 -348 0
-228 -388 0
-228 -428 0
-228 -468 0
-268 -308 0
-268 -348 0
-268 -388 0
-268 -428 0
-268 -468 0
-308 -348 0
-308 -388 0
-308 -428 0
-308 -468 0
-348 -388 0
-348 -428 0
-348 -468 0
-388 -428 0
-388 -468 0
-428 -468 0
-29 -69 0
-29 -109 0
-29 -149 0
-29 -189 0
-29 -229 0
-29 -269 0
-29 -309 0
-29 -349 0
-29 -389 0
-29 -429 0
-69 -109 0
-69 -149 0
-69 -189 0
-69 -229 0
-69 -269 0
-69 -309 0
-69 -349 0
-69 -389 0
-69 -429 0
-109 -149 0
-109 -189 0
-109 -229 0
-109 -269 0
-109 -309 0
-109 -349 0
-109 -389 0
-109 -429 0
-149 -189 0
-149 -229 0
-149 -269 0
-149 -309 0
-149 -349 0
-149 -389 0
-149 -429 0
-189 -229 0
-189 -269 0
-189 -309 0
-189 -349 0
-189 -389 0
-189 -429 0
-229 -269 0
-229 -309 0
-229 -349 0
-229 -389 0
-229 -429 0
-269 -309 0
-269 -349 0
-269 -389 0
-269 -429 0
-309 -349 0
-309 -389 0
-309 -429 0
-349 -389 0
-349 -429 0
-389 -429 0
-30 -70 0
-30 -110 0
-30 -150 0
-30 -190 0
-30 -230 0
-30 -270 0
-30 -310 0
-30 -350 0
-30 -390 0
-70 -110 0
-70 -150 0
-70 -190 0
-70 -230 0
-70 -270 0
-70 -310 0
-70 -350 0
-70 -390 0
-110 -150 0
-110 -190 0
-110 -230 0
-110 -270 0
-110 -310 0
-110 -350 0
-110 -390 0
-150 -190 0
-150 -230 0
-150 -270 0
-150 -310 0
-150 -350 0
-150 -390 0
-190 -230 0
-190 -270 0
-190 -310 0
-190 -350 0
-190 -390 0
-230 -270 0
-230 -310 0
-230 -350 0
-230 -390 0
-270 -310 0
-270 -350 0
-270 -390 0
-310 -350 0
-310 -390 0
-350 -390 0
-31 -71 0
-31 -111 0
-31 -151 0
-31 -191 0
-31 -231 0
-31 -271 0
-31 -311 0
-31 -351 0
-71 -111 0
-71 -151 0
-71 -191 0
-71 -231 0
-71 -271 0
-71 -311 0
-71 -351 0
-111 -151 0
-111 -191 0
-111 -231 0
-111 -271 0
-111 -311 0
-111 -351 0
-151 -191 0
-151 -231 0
-151 -271 0
-151 -311 0
-151 -351 0
-191 -231 0
-191 -271 0
-191 -311 0
-191 -351 0
-231 -271 0
-231 -311 0
-231 -351 0
-271 -311 0
-271 -351 0
-311 -351 0
-32 -72 0
-32 -112 0
-32 -152 0
-32 -192 0
-32 -232 0
-32 -272 0
-32 -312 0
-72 -112 0
-72 -152 0
-72 -192 0
-72 -232 0
-72 -272 0
-72 -312 0
-112 -152 0
-112 -192 0
-112 -232 0
-112 -272 0
-112 -312 0
-152 -192 0
-152 -232 0
-152 -272 0
-152 -312 0
-192 -232 0
-192 -272 0
-192 -312 0
-232 -272 0
-232 -312 0
-272 -312 0
-33 -73 0
-33 -113 0
-33 -153 0
-33 -193 0
-33 -233 0
-33 -273 0
-73 -113 0
-73 -153 0
-73 -193 0
-73 -233 0
-73 -273 0
-113 -153 0
-113 -193 0
-113 -233 0
-113 -273 0
-153 -193 0
-153 -233 0
-153 -273 0
-193 -233 0
-193 -273 0
-233 -273 0
-34 -74 0
-34 -114 0
-34 -154 0
-34 -194 0
-34 -234 0
-74 -114 0
-74 -154 0
-74 -194 0
-74 -234 0
-114 -154 0
-114 -194 0
-114 -234 0
-154 -194 0
-154 -234 0
-194 -234 0
-35 -75 0
-35 -115 0
-35 -155 0
-35 -195 0
-75 -115 0
-75 -155 0
-75 -195 0
-115 -155 0
-115 -195 0
-155 -195 0
-36 -76 0
-36 -116 0
-36 -156 0
-76 -116 0
-76 -156 0
-116 -156 0
-37 -77 0
-37 -117 0
-77 -117 0
-38 -78 0
-40 -80 0
-40 -120 0
-40 -160 0
-40 -200 0
-40 -240 0
-40 -280 0
-40 -320 0
-40 -360 0
-40 -400 0
-40 -440 0
-40 -480 0
-40 -520 0
-40 -560 0
-40 -600 0
-40 -640 0
-40 -680 0
-40 -720 0
-40 -760 0
-40 -800 0
-40 -840 0
-40 -880 0
-40 -920 0
-40 -960 0
-40 -1000 0
-40 -1040 0
-40 -1080 0
-40 -1120 0
-40 -1160 0
-40 -1200 0
-40 -1240 0
-40 -1280 0
-40 -1320 0
-40 -1360 0
-40 -1400 0
-40 -1440 0
-40 -1480 0
-40 -1520 0
-80 -120 0
-80 -160 0
-80 -200 0
-80 -240 0
-80 -280 0
-80 -320 0
-80 -360 0
-80 -400 0
-80 -440 0
-80 -480 0
-80 -520 0
-80 -560 0
-80 -600 0
-80 -640 0
-80 -680 0
-80 -720 0
-80 -760 0
-80 -800 0
-80 -840 0
-80 -880 0
-80 -920 0
-80 -960 0
-80 -1000 0
-80 -1040 0
-80 -1080 0
-80 -1120 0
-80 -1160 0
-80 -1200 0
-80 -1240 0
-80 -1280 0
-80 -1320 0
-80 -1360 0
-80 -1400 0
-80 -1440 0
-80 -1480 0
-80 -1520 0
-120 -160 0
-120 -200 0
-120 -240 0
-120 -280 0
-120 -320 0
-120 -360 0
-120 -400 0
-120 -440 0
-120 -480 0
-120 -520 0
-120 -560 0
-120 -600 0
-120 -640 0
-120 -680 0
-120 -720 0
-120 -760 0
-120 -800 0
-120 -840 0
-120 -880 0
-120 -920 0
-120 -960 0
-120 -1000 0
-120 -1040 0
-120 -1080 0
-120 -1120 0
-120 -1160 0
-120 -1200 0
-120 -1240 0
-120 -1280 0
-120 -1320 0
-120 -1360 0
-120 -1400 0
-120 -1440 0
-120 -1480 0
-120 -1520 0
-160 -200 0
-160 -240 0
-160 -280 0
-160 -320 0
-160 -360 0
-160 -400 0
-160 -440 0
-160 -480 0
-160 -520 0
-160 -560 0
-160 -600 0
-160 -640 0
-160 -680 0
-160 -720 0
-160 -760 0
-160 -800 0
-160 -840 0
-160 -880 0
-160 -920 0
-160 -960 0
-160 -1000 0
-160 -1040 0
-160 -1080 0
-160 -1120 0
-160 -1160 0
-160 -1200 0
-160 -1240 0
-160 -1280 0
-160 -1320 0
-160 -1360 0
-160 -1400 0
-160 -1440 0
-160 -1480 0
-160 -1520 0
-200 -240 0
-200 -280 0
-200 -320 0
-200 -360 0
-200 -400 0
-200 -440 0
-200 -480 0
-200 -520 0
-200 -560 0
-200 -600 0
-200 -640 0
-200 -680 0
-200 -720 0
-200 -760 0
-200 -800 0
-200 -840 0
-200 -880 0
-200 -920 0
-200 -960 0
-200 -1000 0
-200 -1040 0
-200 -1080 0
-200 -1120 0
-200 -1160 0
-200 -1200 0
-200 -1240 0
-200 -1280 0
-200 -1320 0
-200 -1360 0
-200 -1400 0
-200 -1440 0
-200 -1480 0
-200 -1520 0
-240 -280 0
-240 -320 0
-240 -360 0
-240 -400 0
-240 -440 0
-240 -480 0
-240 -520 0
-240 -560 0
-240 -600 0
-240 -640 0
-240 -680 0
-240 -720 0
-240 -760 0
-240 -800 0
-240 -840 0
-240 -880 0
-240 -920 0
-240 -960 0
-240 -1000 0
-240 -1040 0
-240 -1080 0
-240 -1120 0
-240 -1160 0
-240 -1200 0
-240 -1240 0
-240 -1280 0
-240 -1320 0
-240 -1360 0
-240 -1400 0
-240 -1440 0
-240 -1480 0
-240 -1520 0
-280 -320 0
-280 -360 0
-280 -400 0
-280 -440 0
-280 -480 0
-280 -520 0
-280 -560 0
-280 -600 0
-280 -640 0
-280 -680 0
-280 -720 0
-280 -760 0
-280 -800 0
-280 -840 0
-280 -880 0
-280 -920 0
-280 -960 0
-280 -1000 0
-280 -1040 0
-280 -1080 0
-280 -1120 0
-280 -1160 0
-280 -1200 0
-280 -1240 0
-280 -1280 0
-280 -1320 0
-280 -1360 0
-280 -1400 0
-280 -1440 0
-280 -1480 0
-280 -1520 0
-320 -360 0
-320 -400 0
-320 -440 0
-320 -480 0
-320 -520 0
-320 -560 0
-320 -600 0
-320 -640 0
-320 -680 0
-320 -720 0
-320 -760 0
-320 -800 0
-320 -840 0
-320 -880 0
-320 -920 0
-320 -960 0
-320 -1000 0
-320 -1040 0
-320 -1080 0
-320 -1120 0
-320 -1160 0
-320 -1200 0
-320 -1240 0
-320 -1280 0
-320 -1320 0
-320 -1360 0
-320 -1400 0
-320 -1440 0
-320 -1480 0
-320 -1520 0
-360 -400 0
-360 -440 0
-360 -480 0
-360 -520 0
-360 -560 0
-360 -600 0
-360 -640 0
-360 -680 0
-360 -720 0
-360 -760 0
-360 -800 0
-360 -840 0
-360 -880 0
-360 -920 0
-360 -960 0
-360 -1000 0
-360 -1040 0
-360 -1080 0
-360 -1120 0
-360 -1160 0
-360 -1200 0
-360 -1240 0
-360 -1280 0
-360 -1320 0
-360 -1360 0
-360 -1400 0
-360 -1440 0
-360 -1480 0
-360 -1520 0
-400 -440 0
-400 -480 0
-400 -520 0
-400 -560 0
-400 -600 0
-400 -640 0
-400 -680 0
-400 -720 0
-400 -760 0
-400 -800 0
-400 -840 0
-400 -880 0
-400 -920 0
-400 -960 0
-400 -1000 0
-400 -1040 0
-400 -1080 0
-400 -1120 0
-400 -1160 0
-400 -1200 0
-400 -1240 0
-400 -1280 0
-400 -1320 0
-400 -1360 0
-400 -1400 0
-400 -1440 0
-400 -1480 0
-400 -1520 0
-440 -480 0
-440 -520 0
-440 -560 0
-440 -600 0
-440 -640 0
-440 -680 0
-440 -720 0
-440 -760 0
-440 -800 0
-440 -840 0
-440 -880 0
-440 -920 0
-440 -960 0
-440 -1000 0
-440 -1040 0
-440 -1080 0
-440 -1120 0
-440 -1160 0
-440 -1200 0
-440 -1240 0
-440 -1280 0
-440 -1320 0
-440 -1360 0
-440 -1400 0
-440 -1440 0
-440 -1480 0
-440 -1520 0
-480 -520 0
-480 -560 0
-480 -600 0
-480 -640 0
-480 -680 0
-480 -720 0
-480 -760 0
-480 -800 0
-480 -840 0
-480 -880 0
-480 -920 0
-480 -960 0
-480 -1000 0
-480 -1040 0
-480 -1080 0
-480 -1120 0
-480 -1160 0
-480 -1200 0
-480 -1240 0
-480 -1280 0
-480 -1320 0
-480 -1360 0
-480 -1400 0
-480 -1440 0
-480 -1480 0
-480 -1520 0
-520 -560 0
-520 -600 0
-520 -640 0
-520 -680 0
-520 -720 0
-520 -760 0
-520 -800 0
-520 -840 0
-520 -880 0
-520 -920 0
-520 -960 0
-520 -1000 0
-520 -1040 0
-520 -1080 0
-520 -1120 0
-520 -1160 0
-520 -1200 0
-520 -1240 0
-520 -1280 0
-520 -1320 0
-520 -1360 0
-520 -1400 0
-520 -1440 0
-520 -1480 0
-520 -1520 0
-560 -600 0
-560 -640 0
-560 -680 0
-560 -720 0
-560 -760 0
-560 -800 0
-560 -840 0
-560 -880 0
-560 -920 0
-560 -960 0
-560 -1000 0
-560 -1040 0
-560 -1080 0
-560 -1120 0
-560 -1160 0
-560 -1200 0
-560 -1240 0
-560 -1280 0
-560 -1320 0
-560 -1360 0
-560 -1400 0
-560 -1440 0
-560 -1480 0
-560 -1520 0
-600 -640 0
-600 -680 0
-600 -720 0
-600 -760 0
-600 -800 0
-600 -840 0
-600 -880 0
-600 -920 0
-600 -960 0
-600 -1000 0
-600 -1040 0
-600 -1080 0
-600 -1120 0
-600 -1160 0
-600 -1200 0
-600 -1240 0
-600 -1280 0
-600 -1320 0
-600 -1360 0
-600 -1400 0
-600 -1440 0
-600 -1480 0
-600 -1520 0
-640 -680 0
-640 -720 0
-640 -760 0
-640 -800 0
-640 -840 0
-640 -880 0
-640 -920 0
-640 -960 0
-640 -1000 0
-640 -1040 0
-640 -1080 0
-640 -1120 0
-640 -1160 0
-640 -1200 0
-640 -1240 0
-640 -1280 0
-640 -1320 0
-640 -1360 0
-640 -1400 0
-640 -1440 0
-640 -1480 0
-640 -1520 0
-680 -720 0
-680 -760 0
-680 -800 0
-680 -840 0
-680 -880 0
-680 -920 0
-680 -960 0
-680 -1000 0
-680 -1040 0
-680 -1080 0
-680 -1120 0
-680 -1160 0
-680 -1200 0
-680 -1240 0
-680 -1280 0
-680 -1320 0
-680 -1360 0
-680 -1400 0
-680 -1440 0
-680 -1480 0
-680 -1520 0
-720 -760 0
-720 -800 0
-720 -840 0
-720 -880 0
-720 -920 0
-720 -960 0
-720 -1000 0
-720 -1040 0
-720 -1080 0
-720 -1120 0
-720 -1160 0
-720 -1200 0
-720 -1240 0
-720 -1280 0
-720 -1320 0
-720 -1360 0
-720 -1400 0
-720 -1440 0
-720 -1480 0
-720 -1520 0
-760 -800 0
-760 -840 0
-760 -880 0
-760 -920 0
-760 -960 0
-760 -1000 0
-760 -1040 0
-760 -1080 0
-760 -1120 0
-760 -1160 0
-760 -1200 0
-760 -1240 0
-760 -1280 0
-760 -1320 0
-760 -1360 0
-760 -1400 0
-760 -1440 0
-760 -1480 0
-760 -1520 0
-800 -840 0
-800 -880 0
-800 -920 0
-800 -960 0
-800 -1000 0
-800 -1040 0
-800 -1080 0
-800 -1120 0
-800 -1160 0
-800 -1200 0
-800 -1240 0
-800 -1280 0
-800 -1320 0
-800 -1360 0
-800 -1400 0
-800 -1440 0
-800 -1480 0
-800 -1520 0
-840 -880 0
-840 -920 0
-840 -960 0
-840 -1000 0
-840 -1040 0
-840 -1080 0
-840 -1120 0
-840 -1160 0
-840 -1200 0
-840 -1240 0
-840 -1280 0
-840 -1320 0
-840 -1360 0
-840 -1400 0
-840 -1440 0
-840 -1480 0
-840 -1520 0
-880 -920 0
-880 -960 0
-880 -1000 0
-880 -1040 0
-880 -1080 0
-880 -1120 0
-880 -1160 0
-880 -1200 0
-880 -1240 0
-880 -1280 0
-880 -1320 0
-880 -1360 0
-880 -1400 0
-880 -1440 0
-880 -1480 0
-880 -1520 0
-920 -960 0
-920 -1000 0
-920 -1040 0
-920 -1080 0
-920 -1120 0
-920 -1160 0
-920 -1200 0
-920 -1240 0
-920 -1280 0
-920 -1320 0
-920 -1360 0
-920 -1400 0
-920 -1440 0
-920 -1480 0
-920 -1520 0
-960 -1000 0
-960 -1040 0
-960 -1080 0
-960 -1120 0
-960 -1160 0
-960 -1200 0
-960 -1240 0
-960 -1280 0
-960 -1320 0
-960 -1360 0
-960 -1400 0
-960 -1440 0
-960 -1480 0
-960 -1520 0
-1000 -1040 0
-1000 -1080 0
-1000 -1120 0
-1000 -1160 0
-1000 -1200 0
-1000 -1240 0
-1000 -1280 0
-1000 -1320 0
-1000 -1360 0
-1000 -1400 0
-1000 -1440 0
-1000 -1480 0
-1000 -1520 0
-1040 -1080 0
-1040 -1120 0
-1040 -1160 0
-1040 -1200 0
-1040 -1240 0
-1040 -1280 0
-1040 -1320 0
-1040 -1360 0
-1040 -1400 0
-1040 -1440 0
-1040 -1480 0
-1040 -1520 0
-1080 -1120 0
-1080 -1160 0
-1080 -1200 0
-1080 -1240 0
-1080 -1280 0
-1080 -1320 0
-1080 -1360 0
-1080 -1400 0
-1080 -1440 0
-1080 -1480 0
-1080 -1520 0
-1120 -1160 0
-1120 -1200 0
-1120 -1240 0
-1120 -1280 0
-1120 -1320 0
-1120 -1360 0
-1120 -1400 0
-1120 -1440 0
-1120 -1480 0
-1120 -1520 0
-1160 -1200 0
-1160 -1240 0
-1160 -1280 0
-1160 -1320 0
-1160 -1360 0
-1160 -1400 0
-1160 -1440 0
-1160 -1480 0
-1160 -1520 0
-1200 -1240 0
-1200 -1280 0
-1200 -1320 0
-1200 -1360 0
-1200 -1400 0
-1200 -1440 0
-1200 -1480 0
-1200 -1520 0
-1240 -1280 0
-1240 -1320 0
-1240 -1360 0
-1240 -1400 0
-1240 -1440 0
-1240 -1480 0
-1240 -1520 0
-1280 -1320 0
-1280 -1360 0
-1280 -1400 0
-1280 -1440 0
-1280 -1480 0
-1280 -1520 0
-1320 -1360 0
-1320 -1400 0
-1320 -1440 0
-1320 -1480 0
-1320 -1520 0
-1360 -1400 0
-1360 -1440 0
-1360 -1480 0
-1360 -1520 0
-1400 -1440 0
-1400 -1480 0
-1400 -1520 0
-1440 -1480 0
-1440 -1520 0
-1480 -1520 0
-79 -119 0
-79 -159 0
-79 -199 0
-79 -239 0
-79 -279 0
-79 -319 0
-79 -359 0
-79 -399 0
-79 -439 0
-79 -479 0
-79 -519 0
-79 -559 0
-79 -599 0
-79 -639 0
-79 -679 0
-79 -719 0
-79 -759 0
-79 -799 0
-79 -839 0
-79 -879 0
-79 -919 0
-79 -959 0
-79 -999 0
-79 -1039 0
-79 -1079 0
-79 -1119 0
-79 -1159 0
-79 -1199 0
-79 -1239 0
-79 -1279 0
-79 -1319 0
-79 -1359 0
-79 -1399 0
-79 -1439 0
-79 -1479 0
-79 -1519 0
-119 -159 0
-119 -199 0
-119 -239 0
-119 -279 0
-119 -319 0
-119 -359 0
-119 -399 0
-119 -439 0
-119 -479 0
-119 -519 0
-119 -559 0
-119 -599 0
-119 -639 0
-119 -679 0
-119 -719 0
-119 -759 0
-119 -799 0
-119 -839 0
-119 -879 0
-119 -919 0
-119 -959 0
-119 -999 0
-119 -1039 0
-119 -1079 0
-119 -1119 0
-119 -1159 0
-119 -1199 0
-119 -1239 0
-119 -1279 0
-119 -1319 0
-119 -1359 0
-119 -1399 0
-119 -1439 0
-119 -1479 0
-119 -1519 0
-159 -199 0
-159 -239 0
-159 -279 0
-159 -319 0
-159 -359 0
-159 -399 0
-159 -439 0
-159 -479 0
-159 -519 0
-159 -559 0
-159 -599 0
-159 -639 0
-159 -679 0
-159 -719 0
-159 -759 0
-159 -799 0
-159 -839 0
-159 -879 0
-159 -919 0
-159 -959 0
-159 -999 0
-159 -1039 0
-159 -1079 0
-159 -1119 0
-159 -1159 0
-159 -1199 0
-159 -1239 0
-159 -1279 0
-159 -1319 0
-159 -1359 0
-159 -1399 0
-159 -1439 0
-159 -1479 0
-159 -1519 0
-199 -239 0
-199 -279 0
-199 -319 0
-199 -359 0
-199 -399 0
-199 -439 0
-199 -479 0
-199 -519 0
-199 -559 0
-199 -599 0
-199 -639 0
-199 -679 0
-199 -719 0
-199 -759 0
-199 -799 0
-199 -839 0
-199 -879 0
-199 -919 0
-199 -959 0
-199 -999 0
-199 -1039 0
-199 -1079 0
-199 -1119 0
-199 -1159 0
-199 -1199 0
-199 -1239 0
-199 -1279 0
-199 -1319 0
-199 -1359 0
-199 -1399 0
-199 -1439 0
-199 -1479 0
-199 -1519 0
-239 -279 0
-239 -319 0
-239 -359 0
-239 -399 0
-239 -439 0
-239 -479 0
-239 -519 0
-239 -559 0
-239 -599 0
-239 -639 0
-239 -679 0
-239 -719 0
-239 -759 0
-239 -799 0
-239 -839 0
-239 -879 0
-239 -919 0
-239 -959 0
-239 -999 0
-239 -1039 0
-239 -1079 0
-239 -1119 0
-239 -1159 0
-239 -1199 0
-239 -1239 0
-239 -1279 0
-239 -1319 0
-239 -1359 0
-239 -1399 0
-239 -1439 0
-239 -1479 0
-239 -1519 0
-279 -319 0
-279 -359 0
-279 -399 0
-279 -439 0
-279 -479 0
-279 -519 0
-279 -559 0
-279 -599 0
-279 -639 0
-279 -679 0
-279 -719 0
-279 -759 0
-279 -799 0
-279 -839 0
-279 -879 0
-279 -919 0
-279 -959 0
-279 -999 0
-279 -1039 0
-279 -1079 0
-279 -1119 0
-279 -1159 0
-279 -1199 0
-279 -1239 0
-279 -1279 0
-279 -1319 0
-279 -1359 0
-279 -1399 0
-279 -1439 0
-279 -1479 0
-279 -1519 0
-319 -359 0
-319 -399 0
-319 -439 0
-319 -479 0
-319 -519 0
-319 -559 0
-319 -599 0
-319 -639 0
-319 -679 0
-319 -719 0
-319 -759 0
-319 -799 0
-319 -839 0
-319 -879 0
-319 -919 0
-319 -959 0
-319 -999 0
-319 -1039 0
-319 -1079 0
-319 -1119 0
-319 -1159 0
-319 -1199 0
-319 -1239 0
-319 -1279 0
-319 -1319 0
-319 -1359 0
-319 -1399 0
-319 -1439 0
-319 -1479 0
-319 -1519 0
-359 -399 0
-359 -439 0
-359 -479 0
-359 -519 0
-359 -559 0
-359 -599 0
-359 -639 0
-359 -679 0
-359 -719 0
-359 -759 0
-359 -799 0
-359 -839 0
-359 -879 0
-359 -919 0
-359 -959 0
-359 -999 0
-359 -1039 0
-359 -1079 0
-359 -1119 0
-359 -1159 0
-359 -1199 0
-359 -1239 0
-359 -1279 0
-359 -1319 0
-359 -1359 0
-359 -1399 0
-359 -1439 0
-359 -1479 0
-359 -1519 0
-399 -439 0
-399 -479 0
-399 -519 0
-399 -559 0
-399 -599 0
-399 -639 0
-399 -679 0
-399 -719 0
-399 -759 0
-399 -799 0
-399 -839 0
-399 -879 0
-399 -919 0
-399 -959 0
-399 -999 0
-399 -1039 0
-399 -1079 0
-399 -1119 0
-399 -1159 0
-399 -1199 0
-399 -1239 0
-399 -1279 0
-399 -1319 0
-399 -1359 0
-399 -1399 0
-399 -1439 0
-399 -1479 0
-399 -1519 0
-439 -479 0
-439 -519 0
-439 -559 0
-439 -599 0
-439 -639 0
-439 -679 0
-439 -719 0
-439 -759 0
-439 -799 0
-439 -839 0
-439 -879 0
-439 -919 0
-439 -959 0
-439 -999 0
-439 -1039 0
-439 -1079 0
-439 -1119 0
-439 -1159 0
-439 -1199 0
-439 -1239 0
-439 -1279 0
-439 -1319 0
-439 -1359 0
-439 -1399 0
-439 -1439 0
-439 -1479 0
-439 -1519 0
-479 -519 0
-479 -559 0
-479 -599 0
-479 -639 0
-479 -679 0
-479 -719 0
-479 -759 0
-479 -799 0
-479 -839 0
-479 -879 0
-479 -919 0
-479 -959 0
-479 -999 0
-479 -1039 0
-479 -1079 0
-479 -1119 0
-479 -1159 0
-479 -1199 0
-479 -1239 0
-479 -1279 0
-479 -1319 0
-479 -1359 0
-479 -1399 0
-479 -1439 0
-479 -1479 0
-479 -1519 0
-519 -559 0
-519 -599 0
-519 -639 0
-519 -679 0
-519 -719 0
-519 -759 0
-519 -799 0
-519 -839 0
-519 -879 0
-519 -919 0
-519 -959 0
-519 -999 0
-519 -1039 0
-519 -1079 0
-519 -1119 0
-519 -1159 0
-519 -1199 0
-519 -1239 0
-519 -1279 0
-519 -1319 0
-519 -1359 0
-519 -1399 0
-519 -1439 0
-519 -1479 0
-519 -1519 0
-559 -599 0
-559 -639 0
-559 -679 0
-559 -719 0
-559 -759 0
-559 -799 0
-559 -839 0
-559 -879 0
-559 -919 0
-559 -959 0
-559 -999 0
-559 -1039 0
-559 -1079 0
-559 -1119 0
-559 -1159 0
-559 -1199 0
-559 -1239 0
-559 -1279 0
-559 -1319 0
-559 -1359 0
-559 -1399 0
-559 -1439 0
-559 -1479 0
-559 -1519 0
-599 -639 0
-599 -679 0
-599 -719 0
-599 -759 0
-599 -799 0
-599 -839 0
-599 -879 0
-599 -919 0
-599 -959 0
-599 -999 0
-599 -1039 0
-599 -1079 0
-599 -1119 0
-599 -1159 0
-599 -1199 0
-599 -1239 0
-599 -1279 0
-599 -1319 0
-599 -1359 0
-599 -1399 0
-599 -1439 0
-599 -1479 0
-599 -1519 0
-639 -679 0
-639 -719 0
-639 -759 0
-639 -799 0
-639 -839 0
-639 -879 0
-639 -919 0
-639 -959 0
-639 -999 0
-639 -1039 0
-639 -1079 0
-639 -1119 0
-639 -1159 0
-639 -1199 0
-639 -1239 0
-639 -1279 0
-639 -1319 0
-639 -1359 0
-639 -1399 0
-639 -1439 0
-639 -1479 0
-639 -1519 0
-679 -719 0
-679 -759 0
-679 -799 0
-679 -839 0
-679 -879 0
-679 -919 0
-679 -959 0
-679 -999 0
-679 -1039 0
-679 -1079 0
-679 -1119 0
-679 -1159 0
-679 -1199 0
-679 -1239 0
-679 -1279 0
-679 -1319 0
-679 -1359 0
-679 -1399 0
-679 -1439 0
-679 -1479 0
-679 -1519 0
-719 -759 0
-719 -799 0
-719 -839 0
-719 -879 0
-719 -919 0
-719 -959 0
-719 -999 0
-719 -1039 0
-719 -1079 0
-719 -1119 0
-719 -1159 0
-719 -1199 0
-719 -1239 0
-719 -1279 0
-719 -1319 0
-719 -1359 0
-719 -1399 0
-719 -1439 0
-719 -1479 0
-719 -1519 0
-759 -799 0
-759 -839 0
-759 -879 0
-759 -919 0
-759 -959 0
-759 -999 0
-759 -1039 0
-759 -1079 0
-759 -1119 0
-759 -1159 0
-759 -1199 0
-759 -1239 0
-759 -1279 0
-759 -1319 0
-759 -1359 0
-759 -1399 0
-759 -1439 0
-759 -1479 0
-759 -1519 0
-799 -839 0
-799 -879 0
-799 -919 0
-799 -959 0
-799 -999 0
-799 -1039 0
-799 -1079 0
-799 -1119 0
-799 -1159 0
-799 -1199 0
-799 -1239 0
-799 -1279 0
-799 -1319 0
-799 -1359 0
-799 -1399 0
-799 -1439 0
-799 -1479 0
-799 -1519 0
-839 -879 0
-839 -919 0
-839 -959 0
-839 -999 0
-839 -1039 0
-839 -1079 0
-839 -1119 0
-839 -1159 0
-839 -1199 0
-839 -1239 0
-839 -1279 0
-839 -1319 0
-839 -1359 0
-839 -1399 0
-839 -1439 0
-839 -1479 0
-839 -1519 0
-879 -919 0
-879 -959 0
-879 -999 0
-879 -1039 0
-879 -1079 0
-879 -1119 0
-879 -1159 0
-879 -1199 0
-879 -1239 0
-879 -1279 0
-879 -1319 0
-879 -1359 0
-879 -1399 0
-879 -1439 0
-879 -1479 0
-879 -1519 0
-919 -959 0
-919 -999 0
-919 -1039 0
-919 -1079 0
-919 -1119 0
-919 -1159 0
-919 -1199 0
-919 -1239 0
-919 -1279 0
-919 -1319 0
-919 -1359 0
-919 -1399 0
-919 -1439 0
-919 -1479 0
-919 -1519 0
-959 -999 0
-959 -1039 0
-959 -1079 0
-959 -1119 0
-959 -1159 0
-959 -1199 0
-959 -1239 0
-959 -1279 0
-959 -1319 0
-959 -1359 0
-959 -1399 0
-959 -1439 0
-959 -1479 0
-959 -1519 0
-999 -1039 0
-999 -1079 0
-999 -1119 0
-999 -1159 0
-999 -1199 0
-999 -1239 0
-999 -1279 0
-999 -1319 0
-999 -1359 0
-999 -1399 0
-999 -1439 0
-999 -1479 0
-999 -1519 0
-1039 -1079 0
-1039 -1119 0
-1039 -1159 0
-1039 -1199 0
-1039 -1239 0
-1039 -1279 0
-1039 -1319 0
-1039 -1359 0
-1039 -1399 0
-1039 -1439 0
-1039 -1479 0
-1039 -1519 0
-1079 -1119 0
-1079 -1159 0
-1079 -1199 0
-1079 -1239 0
-1079 -1279 0
-1079 -1319 0
-1079 -1359 0
-1079 -1399 0
-1079 -1439 0
-1079 -1479 0
-1079 -1519 0
-1119 -1159 0
-1119 -1199 0
-1119 -1239 0
-1119 -1279 0
-1119 -1319 0
-1119 -1359 0
-1119 -1399 0
-1119 -1439 0
-1119 -1479 0
-1119 -1519 0
-1159 -1199 0
-1159 -1239 0
-1159 -1279 0
-1159 -1319 0
-1159 -1359 0
-1159 -1399 0
-1159 -1439 0
-1159 -1479 0
-1159 -1519 0
-1199 -1239 0
-1199 -1279 0
-1199 -1319 0
-1199 -1359 0
-1199 -1399 0
-1199 -1439 0
-1199 -1479 0
-1199 -1519 0
-1239 -1279 0
-1239 -1319 0
-1239 -1359 0
-1239 -1399 0
-1239 -1439 0
-1239 -1479 0
-1239 -1519 0
-1279 -1319 0
-1279 -1359 0
-1279 -1399 0
-1279 -1439 0
-1279 -1479 0
-1279 -1519 0
-1319 -1359 0
-1319 -1399 0
-1319 -1439 0
-1319 -1479 0
-1319 -1519 0
-1359 -1399 0
-1359 -1439 0
-1359 -1479 0
-1359 -1519 0
-1399 -1439 0
-1399 -1479 0
-1399 -1519 0
-1439 -1479 0
-1439 -1519 0
-1479 -1519 0
-118 -158 0
-118 -198 0
-118 -238 0
-118 -278 0
-118 -318 0
-118 -358 0
-118 -398 0
-118 -438 0
-118 -478 0
-118 -518 0
-118 -558 0
-118 -598 0
-118 -638 0
-118 -678 0
-118 -718 0
-118 -758 0
-118 -798 0
-118 -838 0
-118 -878 0
-118 -918 0
-118 -958 0
-118 -998 0
-118 -1038 0
-118 -1078 0
-118 -1118 0
-118 -1158 0
-118 -1198 0
-118 -1238 0
-118 -1278 0
-118 -1318 0
-118 -1358 0
-118 -1398 0
-118 -1438 0
-118 -1478 0
-118 -1518 0
-158 -198 0
-158 -238 0
-158 -278 0
-158 -318 0
-158 -358 0
-158 -398 0
-158 -438 0
-158 -478 0
-158 -518 0
-158 -558 0
-158 -598 0
-158 -638 0
-158 -678 0
-158 -718 0
-158 -758 0
-158 -798 0
-158 -838 0
-158 -878 0
-158 -918 0
-158 -958 0
-158 -998 0
-158 -1038 0
-158 -1078 0
-158 -1118 0
-158 -1158 0
-158 -1198 0
-158 -1238 0
-158 -1278 0
-158 -1318 0
-158 -1358 0
-158 -1398 0
-158 -1438 0
-158 -1478 0
-158 -1518 0
-198 -238 0
-198 -278 0
-198 -318 0
-198 -358 0
-198 -398 0
-198 -438 0
-198 -478 0
-198 -518 0
-198 -558 0
-198 -598 0
-198 -638 0
-198 -678 0
-198 -718 0
-198 -758 0
-198 -798 0
-198 -838 0
-198 -878 0
-198 -918 0
-198 -958 0
-198 -998 0
-198 -1038 0
-198 -1078 0
-198 -1118 0
-198 -1158 0
-198 -1198 0
-198 -1238 0
-198 -1278 0
-198 -1318 0
-198 -1358 0
-198 -1398 0
-198 -1438 0
-198 -1478 0
-198 -1518 0
-238 -278 0
-238 -318 0
-238 -358 0
-238 -398 0
-238 -438 0
-238 -478 0
-238 -518 0
-238 -558 0
-238 -598 0
-238 -638 0
-238 -678 0
-238 -718 0
-238 -758 0
-238 -798 0
-238 -838 0
-238 -878 0
-238 -918 0
-238 -958 0
-238 -998 0
-238 -1038 0
-238 -1078 0
-238 -1118 0
-238 -1158 0
-238 -1198 0
-238 -1238 0
-238 -1278 0
-238 -1318 0
-238 -1358 0
-238 -1398 0
-238 -1438 0
-238 -1478 0
-238 -1518 0
-278 -318 0
-278 -358 0
-278 -398 0
-278 -438 0
-278 -478 0
-278 -518 0
-278 -558 0
-278 -598 0
-278 -638 0
-278 -678 0
-278 -718 0
-278 -758 0
-278 -798 0
-278 -838 0
-278 -878 0
-278 -918 0
-278 -958 0
-278 -998 0
-278 -1038 0
-278 -1078 0
-278 -1118 0
-278 -1158 0
-278 -1198 0
-278 -1238 0
-278 -1278 0
-278 -1318 0
-278 -1358 0
-278 -1398 0
-278 -1438 0
-278 -1478 0
-278 -1518 0
-318 -358 0
-318 -398 0
-318 -438 0
-318 -478 0
-318 -518 0
-318 -558 0
-318 -598 0
-318 -638 0
-318 -678 0
-318 -718 0
-318 -758 0
-318 -798 0
-318 -838 0
-318 -878 0
-318 -918 0
-318 -958 0
-318 -998 0
-318 -1038 0
-318 -1078 0
-318 -1118 0
-318 -1158 0
-318 -1198 0
-318 -1238 0
-318 -1278 0
-318 -1318 0
-318 -1358 0
-318 -1398 0
-318 -1438 0
-318 -1478 0
-318 -1518 0
-358 -398 0
-358 -438 0
-358 -478 0
-358 -518 0
-358 -558 0
-358 -598 0
-358 -638 0
-358 -678 0
-358 -718 0
-358 -758 0
-358 -798 0
-358 -838 0
-358 -878 0
-358 -918 0
-358 -958 0
-358 -998 0
-358 -1038 0
-358 -1078 0
-358 -1118 0
-358 -1158 0
-358 -1198 0
-358 -1238 0
-358 -1278 0
-358 -1318 0
-358 -1358 0
-358 -1398 0
-358 -1438 0
-358 -1478 0
-358 -1518 0
-398 -438 0
-398 -478 0
-398 -518 0
-398 -558 0
-398 -598 0
-398 -638 0
-398 -678 0
-398 -718 0
-398 -758 0
-398 -798 0
-398 -838 0
-398 -878 0
-398 -918 0
-398 -958 0
-398 -998 0
-398 -1038 0
-398 -1078 0
-398 -1118 0
-398 -1158 0
-398 -1198 0
-398 -1238 0
-398 -1278 0
-398 -1318 0
-398 -1358 0
-398 -1398 0
-398 -1438 0
-398 -1478 0
-398 -1518 0
-438 -478 0
-438 -518 0
-438 -558 0
-438 -598 0
-438 -638 0
-438 -678 0
-438 -718 0
-438 -758 0
-438 -798 0
-438 -838 0
-438 -878 0
-438 -918 0
-438 -958 0
-438 -998 0
-438 -1038 0
-438 -1078 0
-438 -1118 0
-438 -1158 0
-438 -1198 0
-438 -1238 0
-438 -1278 0
-438 -1318 0
-438 -1358 0
-438 -1398 0
-438 -1438 0
-438 -1478 0
-438 -1518 0
-478 -518 0
-478 -558 0
-478 -598 0
-478 -638 0
-478 -678 0
-478 -718 0
-478 -758 0
-478 -798 0
-478 -838 0
-478 -878 0
-478 -918 0
-478 -958 0
-478 -998 0
-478 -1038 0
-478 -1078 0
-478 -1118 0
-478 -1158 0
-478 -1198 0
-478 -1238 0
-478 -1278 0
-478 -1318 0
-478 -1358 0
-478 -1398 0
-478 -1438 0
-478 -1478 0
-478 -1518 0
-518 -558 0
-518 -598 0
-518 -638 0
-518 -678 0
-518 -718 0
-518 -758 0
-518 -798 0
-518 -838 0
-518 -878 0
-518 -918 0
-518 -958 0
-518 -998 0
-518 -1038 0
-518 -1078 0
-518 -1118 0
-518 -1158 0
-518 -1198 0
-518 -1238 0
-518 -1278 0
-518 -1318 0
-518 -1358 0
-518 -1398 0
-518 -1438 0
-518 -1478 0
-518 -1518 0
-558 -598 0
-558 -638 0
-558 -678 0
-558 -718 0
-558 -758 0
-558 -798 0
-558 -838 0
-558 -878 0
-558 -918 0
-558 -958 0
-558 -998 0
-558 -1038 0
-558 -1078 0
-558 -1118 0
-558 -1158 0
-558 -1198 0
-558 -1238 0
-558 -1278 0
-558 -1318 0
-558 -1358 0
-558 -1398 0
-558 -1438 0
-558 -1478 0
-558 -1518 0
-598 -638 0
-598 -678 0
-598 -718 0
-598 -758 0
-598 -798 0
-598 -838 0
-598 -878 0
-598 -918 0
-598 -958 0
-598 -998 0
-598 -1038 0
-598 -1078 0
-598 -1118 0
-598 -1158 0
-598 -1198 0
-598 -1238 0
-598 -1278 0
-598 -1318 0
-598 -1358 0
-598 -1398 0
-598 -1438 0
-598 -1478 0
-598 -1518 0
-638 -678 0
-638 -718 0
-638 -758 0
-638 -798 0
-638 -838 0
-638 -878 0
-638 -918 0
-638 -958 0
-638 -998 0
-638 -1038 0
-638 -1078 0
-638 -1118 0
-638 -1158 0
-638 -1198 0
-638 -1238 0
-638 -1278 0
-638 -1318 0
-638 -1358 0
-638 -1398 0
-638 -1438 0
-638 -1478 0
-638 -1518 0
-678 -718 0
-678 -758 0
-678 -798 0
-678 -838 0
-678 -878 0
-678 -918 0
-678 -958 0
-678 -998 0
-678 -1038 0
-678 -1078 0
-678 -1118 0
-678 -1158 0
-678 -1198 0
-678 -1238 0
-678 -1278 0
-678 -1318 0
-678 -1358 0
-678 -1398 0
-678 -1438 0
-678 -1478 0
-678 -1518 0
-718 -758 0
-718 -798 0
-718 -838 0
-718 -878 0
-718 -918 0
-718 -958 0
-718 -998 0
-718 -1038 0
-718 -1078 0
-718 -1118 0
-718 -1158 0
-718 -1198 0
-718 -1238 0
-718 -1278 0
-718 -1318 0
-718 -1358 0
-718 -1398 0
-718 -1438 0
-718 -1478 0
-718 -1518 0
-758 -798 0
-758 -838 0
-758 -878 0
-758 -918 0
-758 -958 0
-758 -998 0
-758 -1038 0
-758 -1078 0
-758 -1118 0
-758 -1158 0
-758 -1198 0
-758 -1238 0
-758 -1278 0
-758 -1318 0
-758 -1358 0
-758 -1398 0
-758 -1438 0
-758 -1478 0
-758 -1518 0
-798 -838 0
-798 -878 0
-798 -918 0
-798 -958 0
-798 -998 0
-798 -1038 0
-798 -1078 0
-798 -1118 0
-798 -1158 0
-798 -1198 0
-798 -1238 0
-798 -1278 0
-798 -1318 0
-798 -1358 0
-798 -1398 0
-798 -1438 0
-798 -1478 0
-798 -1518 0
-838 -878 0
-838 -918 0
-838 -958 0
-838 -998 0
-838 -1038 0
-838 -1078 0
-838 -1118 0
-838 -1158 0
-838 -1198 0
-838 -1238 0
-838 -1278 0
-838 -1318 0
-838 -1358 0
-838 -1398 0
-838 -1438 0
-838 -1478 0
-838 -1518 0
-878 -918 0
-878 -958 0
-878 -998 0
-878 -1038 0
-878 -1078 0
-878 -1118 0
-878 -1158 0
-878 -1198 0
-878 -1238 0
-878 -1278 0
-878 -1318 0
-878 -1358 0
-878 -1398 0
-878 -1438 0
-878 -1478 0
-878 -1518 0
-918 -958 0
-918 -998 0
-918 -1038 0
-918 -1078 0
-918 -1118 0
-918 -1158 0
-918 -1198 0
-918 -1238 0
-918 -1278 0
-918 -1318 0
-918 -1358 0
-918 -1398 0
-918 -1438 0
-918 -1478 0
-918 -1518 0
-958 -998 0
-958 -1038 0
-958 -1078 0
-958 -1118 0
-958 -1158 0
-958 -1198 0
-958 -1238 0
-958 -1278 0
-958 -1318 0
-958 -1358 0
-958 -1398 0
-958 -1438 0
-958 -1478 0
-958 -1518 0
-998 -1038 0
-998 -1078 0
-998 -1118 0
-998 -1158 0
-998 -1198 0
-998 -1238 0
-998 -1278 0
-998 -1318 0
-998 -1358 0
-998 -1398 0
-998 -1438 0
-998 -1478 0
-998 -1518 0
-1038 -1078 0
-1038 -1118 0
-1038 -1158 0
-1038 -1198 0
-1038 -1238 0
-1038 -1278 0
-1038 -1318 0
-1038 -1358 0
-1038 -1398 0
-1038 -1438 0
-1038 -1478 0
-1038 -1518 0
-1078 -1118 0
-1078 -1158 0
-1078 -1198 0
-1078 -1238 0
-1078 -1278 0
-1078 -1318 0
-1078 -1358 0
-1078 -1398 0
-1078 -1438 0
-1078 -1478 0
-1078 -1518 0
-1118 -1158 0
-1118 -1198 0
-1118 -1238 0
-1118 -1278 0
-1118 -1318 0
-1118 -1358 0
-1118 -1398 0
-1118 -1438 0
-1118 -1478 0
-1118 -1518 0
-1158 -1198 0
-1158 -1238 0
-1158 -1278 0
-1158 -1318 0
-1158 -1358 0
-1158 -1398 0
-1158 -1438 0
-1158 -1478 0
-1158 -1518 0
-1198 -1238 0
-1198 -1278 0
-1198 -1318 0
-1198 -1358 0
-1198 -1398 0
-1198 -1438 0
-1198 -1478 0
-1198 -1518 0
-1238 -1278 0
-1238 -1318 0
-1238 -1358 0
-1238 -1398 0
-1238 -1438 0
-1238 -1478 0
-1238 -1518 0
-1278 -1318 0
-1278 -1358 0
-1278 -1398 0
-1278 -1438 0
-1278 -1478 0
-1278 -1518 0
-1318 -1358 0
-1318 -1398 0
-1318 -1438 0
-1318 -1478 0
-1318 -1518 0
-1358 -1398 0
-1358 -1438 0
-1358 -1478 0
-1358 -1518 0
-1398 -1438 0
-1398 -1478 0
-1398 -1518 0
-1438 -1478 0
-1438 -1518 0
-1478 -1518 0
-157 -197 0
-157 -237 0
-157 -277 0
-157 -317 0
-157 -357 0
-157 -397 0
-157 -437 0
-157 -477 0
-157 -517 0
-157 -557 0
-157 -597 0
-157 -637 0
-157 -677 0
-157 -717 0
-157 -757 0
-157 -797 0
-157 -837 0
-157 -877 0
-157 -917 0
-157 -957 0
-157 -997 0
-157 -1037 0
-157 -1077 0
-157 -1117 0
-157 -1157 0
-157 -1197 0
-157 -1237 0
-157 -1277 0
-157 -1317 0
-157 -1357 0
-157 -1397 0
-157 -1437 0
-157 -1477 0
-157 -1517 0
-197 -237 0
-197 -277 0
-197 -317 0
-197 -357 0
-197 -397 0
-197 -437 0
-197 -477 0
-197 -517 0
-197 -557 0
-197 -597 0
-197 -637 0
-197 -677 0
-197 -717 0
-197 -757 0
-197 -797 0
-197 -837 0
-197 -877 0
-197 -917 0
-197 -957 0
-197 -997 0
-197 -1037 0
-197 -1077 0
-197 -1117 0
-197 -1157 0
-197 -1197 0
-197 -1237 0
-197 -1277 0
-197 -1317 0
-197 -1357 0
-197 -1397 0
-197 -1437 0
-197 -1477 0
-197 -1517 0
-237 -277 0
-237 -317 0
-237 -357 0
-237 -397 0
-237 -437 0
-237 -477 0
-237 -517 0
-237 -557 0
-237 -597 0
-237 -637 0
-237 -677 0
-237 -717 0
-237 -757 0
-237 -797 0
-237 -837 0
-237 -877 0
-237 -917 0
-237 -957 0
-237 -997 0
-237 -1037 0
-237 -1077 0
-237 -1117 0
-237 -1157 0
-237 -1197 0
-237 -1237 0
-237 -1277 0
-237 -1317 0
-237 -1357 0
-237 -1397 0
-237 -1437 0
-237 -1477 0
-237 -1517 0
-277 -317 0
-277 -357 0
-277 -397 0
-277 -437 0
-277 -477 0
-277 -517 0
-277 -557 0
-277 -597 0
-277 -637 0
-277 -677 0
-277 -717 0
-277 -757 0
-277 -797 0
-277 -837 0
-277 -877 0
-277 -917 0
-277 -957 0
-277 -997 0
-277 -1037 0
-277 -1077 0
-277 -1117 0
-277 -1157 0
-277 -1197 0
-277 -1237 0
-277 -1277 0
-277 -1317 0
-277 -1357 0
-277 -1397 0
-277 -1437 0
-277 -1477 0
-277 -1517 0
-317 -357 0
-317 -397 0
-317 -437 0
-317 -477 0
-317 -517 0
-317 -557 0
-317 -597 0
-317 -637 0
-317 -677 0
-317 -717 0
-317 -757 0
-317 -797 0
-317 -837 0
-317 -877 0
-317 -917 0
-317 -957 0
-317 -997 0
-317 -1037 0
-317 -1077 0
-317 -1117 0
-317 -1157 0
-317 -1197 0
-317 -1237 0
-317 -1277 0
-317 -1317 0
-317 -1357 0
-317 -1397 0
-317 -1437 0
-317 -1477 0
-317 -1517 0
-357 -397 0
-357 -437 0
-357 -477 0
-357 -517 0
-357 -557 0
-357 -597 0
-357 -637 0
-357 -677 0
-357 -717 0
-357 -757 0
-357 -797 0
-357 -837 0
-357 -877 0
-357 -917 0
-357 -957 0
-357 -997 0
-357 -1037 0
-357 -1077 0
-357 -1117 0
-357 -1157 0
-357 -1197 0
-357 -1237 0
-357 -1277 0
-357 -1317 0
-357 -1357 0
-357 -1397 0
-357 -1437 0
-357 -1477 0
-357 -1517 0
-397 -437 0
-397 -477 0
-397 -517 0
-397 -557 0
-397 -597 0
-397 -637 0
-397 -677 0
-397 -717 0
-397 -757 0
-397 -797 0
-397 -837 0
-397 -877 0
-397 -917 0
-397 -957 0
-397 -997 0
-397 -1037 0
-397 -1077 0
-397 -1117 0
-397 -1157 0
-397 -1197 0
-397 -1237 0
-397 -1277 0
-397 -1317 0
-397 -1357 0
-397 -1397 0
-397 -1437 0
-397 -1477 0
-397 -1517 0
-437 -477 0
-437 -517 0
-437 -557 0
-437 -597 0
-437 -637 0
-437 -677 0
-437 -717 0
-437 -757 0
-437 -797 0
-437 -837 0
-437 -877 0
-437 -917 0
-437 -957 0
-437 -997 0
-437 -1037 0
-437 -1077 0
-437 -1117 0
-437 -1157 0
-437 -1197 0
-437 -1237 0
-437 -1277 0
-437 -1317 0
-437 -1357 0
-437 -1397 0
-437 -1437 0
-437 -1477 0
-437 -1517 0
-477 -517 0
-477 -557 0
-477 -597 0
-477 -637 0
-477 -677 0
-477 -717 0
-477 -757 0
-477 -797 0
-477 -837 0
-477 -877 0
-477 -917 0
-477 -957 0
-477 -997 0
-477 -1037 0
-477 -1077 0
-477 -1117 0
-477 -1157 0
-477 -1197 0
-477 -1237 0
-477 -1277 0
-477 -1317 0
-477 -1357 0
-477 -1397 0
-477 -1437 0
-477 -1477 0
-477 -1517 0
-517 -557 0
-517 -597 0
-517 -637 0
-517 -677 0
-517 -717 0
-517 -757 0
-517 -797 0
-517 -837 0
-517 -877 0
-517 -917 0
-517 -957 0
-517 -997 0
-517 -1037 0
-517 -1077 0
-517 -1117 0
-517 -1157 0
-517 -1197 0
-517 -1237 0
-517 -1277 0
-517 -1317 0
-517 -1357 0
-517 -1397 0
-517 -1437 0
-517 -1477 0
-517 -1517 0
-557 -597 0
-557 -637 0
-557 -677 0
-557 -717 0
-557 -757 0
-557 -797 0
-557 -837 0
-557 -877 0
-557 -917 0
-557 -957 0
-557 -997 0
-557 -1037 0
-557 -1077 0
-557 -1117 0
-557 -1157 0
-557 -1197 0
-557 -1237 0
-557 -1277 0
-557 -1317 0
-557 -1357 0
-557 -1397 0
-557 -1437 0
-557 -1477 0
-557 -1517 0
-597 -637 0
-597 -677 0
-597 -717 0
-597 -757 0
-597 -797 0
-597 -837 0
-597 -877 0
-597 -917 0
-597 -957 0
-597 -997 0
-597 -1037 0
-597 -1077 0
-597 -1117 0
-597 -1157 0
-597 -1197 0
-597 -1237 0
-597 -1277 0
-597 -1317 0
-597 -1357 0
-597 -1397 0
-597 -1437 0
-597 -1477 0
-597 -1517 0
-637 -677 0
-637 -717 0
-637 -757 0
-637 -797 0
-637 -837 0
-637 -877 0
-637 -917 0
-637 -957 0
-637 -997 0
-637 -1037 0
-637 -1077 0
-637 -1117 0
-637 -1157 0
-637 -1197 0
-637 -1237 0
-637 -1277 0
-637 -1317 0
-637 -1357 0
-637 -1397 0
-637 -1437 0
-637 -1477 0
-637 -1517 0
-677 -717 0
-677 -757 0
-677 -797 0
-677 -837 0
-677 -877 0
-677 -917 0
-677 -957 0
-677 -997 0
-677 -1037 0
-677 -1077 0
-677 -1117 0
-677 -1157 0
-677 -1197 0
-677 -1237 0
-677 -1277 0
-677 -1317 0
-677 -1357 0
-677 -1397 0
-677 -1437 0
-677 -1477 0
-677 -1517 0
-717 -757 0
-717 -797 0
-717 -837 0
-717 -877 0
-717 -917 0
-717 -957 0
-717 -997 0
-717 -1037 0
-717 -1077 0
-717 -1117 0
-717 -1157 0
-717 -1197 0
-717 -1237 0
-717 -1277 0
-717 -1317 0
-717 -1357 0
-717 -1397 0
-717 -1437 0
-717 -1477 0
-717 -1517 0
-757 -797 0
-757 -837 0
-757 -877 0
-757 -917 0
-757 -957 0
-757 -997 0
-757 -1037 0
-757 -1077 0
-757 -1117 0
-757 -1157 0
-757 -1197 0
-757 -1237 0
-757 -1277 0
-757 -1317 0
-757 -1357 0
-757 -1397 0
-757 -1437 0
-757 -1477 0
-757 -1517 0
-797 -837 0
-797 -877 0
-797 -917 0
-797 -957 0
-797 -997 0
-797 -1037 0
-797 -1077 0
-797 -1117 0
-797 -1157 0
-797 -1197 0
-797 -1237 0
-797 -1277 0
-797 -1317 0
-797 -1357 0
-797 -1397 0
-797 -1437 0
-797 -1477 0
-797 -1517 0
-837 -877 0
-837 -917 0
-837 -957 0
-837 -997 0
-837 -1037 0
-837 -1077 0
-837 -1117 0
-837 -1157 0
-837 -1197 0
-837 -1237 0
-837 -1277 0
-837 -1317 0
-837 -1357 0
-837 -1397 0
-837 -1437 0
-837 -1477 0
-837 -1517 0
-877 -917 0
-877 -957 0
-877 -997 0
-877 -1037 0
-877 -1077 0
-877 -1117 0
-877 -1157 0
-877 -1197 0
-877 -1237 0
-877 -1277 0
-877 -1317 0
-877 -1357 0
-877 -1397 0
-877 -1437 0
-877 -1477 0
-877 -1517 0
-917 -957 0
-917 -997 0
-917 -1037 0
-917 -1077 0
-917 -1117 0
-917 -1157 0
-917 -1197 0
-917 -1237 0
-917 -1277 0
-917 -1317 0
-917 -1357 0
-917 -1397 0
-917 -1437 0
-917 -1477 0
-917 -1517 0
-957 -997 0
-957 -1037 0
-957 -1077 0
-957 -1117 0
-957 -1157 0
-957 -1197 0
-957 -1237 0
-957 -1277 0
-957 -1317 0
-957 -1357 0
-957 -1397 0
-957 -1437 0
-957 -1477 0
-957 -1517 0
-997 -1037 0
-997 -1077 0
-997 -1117 0
-997 -1157 0
-997 -1197 0
-997 -1237 0
-997 -1277 0
-997 -1317 0
-997 -1357 0
-997 -1397 0
-997 -1437 0
-997 -1477 0
-997 -1517 0
-1037 -1077 0
-1037 -1117 0
-1037 -1157 0
-1037 -1197 0
-1037 -1237 0
-1037 -1277 0
-1037 -1317 0
-1037 -1357 0
-1037 -1397 0
-1037 -1437 0
-1037 -1477 0
-1037 -1517 0
-1077 -1117 0
-1077 -1157 0
-1077 -1197 0
-1077 -1237 0
-1077 -1277 0
-1077 -1317 0
-1077 -1357 0
-1077 -1397 0
-1077 -1437 0
-1077 -1477 0
-1077 -1517 0
-1117 -1157 0
-1117 -1197 0
-1117 -1237 0
-1117 -1277 0
-1117 -1317 0
-1117 -1357 0
-1117 -1397 0
-1117 -1437 0
-1117 -1477 0
-1117 -1517 0
-1157 -1197 0
-1157 -1237 0
-1157 -1277 0
-1157 -1317 0
-1157 -1357 0
-1157 -1397 0
-1157 -1437 0
-1157 -1477 0
-1157 -1517 0
-1197 -1237 0
-1197 -1277 0
-1197 -1317 0
-1197 -1357 0
-1197 -1397 0
-1197 -1437 0
-1197 -1477 0
-1197 -1517 0
-1237 -1277 0
-1237 -1317 0
-1237 -1357 0
-1237 -1397 0
-1237 -1437 0
-1237 -1477 0
-1237 -1517 0
-1277 -1317 0
-1277 -1357 0
-1277 -1397 0
-1277 -1437 0
-1277 -1477 0
-1277 -1517 0
-1317 -1357 0
-1317 -1397 0
-1317 -1437 0
-1317 -1477 0
-1317 -1517 0
-1357 -1397 0
-1357 -1437 0
-1357 -1477 0
-1357 -1517 0
-1397 -1437 0
-1397 -1477 0
-1397 -1517 0
-1437 -1477 0
-1437 -1517 0
-1477 -1517 0
-196 -236 0
-196 -276 0
-196 -316 0
-196 -356 0
-196 -396 0
-196 -436 0
-196 -476 0
-196 -516 0
-196 -556 0
-196 -596 0
-196 -636 0
-196 -676 0
-196 -716 0
-196 -756 0
-196 -796 0
-196 -836 0
-196 -876 0
-196 -916 0
-196 -956 0
-196 -996 0
-196 -1036 0
-196 -1076 0
-196 -1116 0
-196 -1156 0
-196 -1196 0
-196 -1236 0
-196 -1276 0
-196 -1316 0
-196 -1356 0
-196 -1396 0
-196 -1436 0
-196 -1476 0
-196 -1516 0
-236 -276 0
-236 -316 0
-236 -356 0
-236 -396 0
-236 -436 0
-236 -476 0
-236 -516 0
-236 -556 0
-236 -596 0
-236 -636 0
-236 -676 0
-236 -716 0
-236 -756 0
-236 -796 0
-236 -836 0
-236 -876 0
-236 -916 0
-236 -956 0
-236 -996 0
-236 -1036 0
-236 -1076 0
-236 -1116 0
-236 -1156 0
-236 -1196 0
-236 -1236 0
-236 -1276 0
-236 -1316 0
-236 -1356 0
-236 -1396 0
-236 -1436 0
-236 -1476 0
-236 -1516 0
-276 -316 0
-276 -356 0
-276 -396 0
-276 -436 0
-276 -476 0
-276 -516 0
-276 -556 0
-276 -596 0
-276 -636 0
-276 -676 0
-276 -716 0
-276 -756 0
-276 -796 0
-276 -836 0
-276 -876 0
-276 -916 0
-276 -956 0
-276 -996 0
-276 -1036 0
-276 -1076 0
-276 -1116 0
-276 -1156 0
-276 -1196 0
-276 -1236 0
-276 -1276 0
-276 -1316 0
-276 -1356 0
-276 -1396 0
-276 -1436 0
-276 -1476 0
-276 -1516 0
-316 -356 0
-316 -396 0
-316 -436 0
-316 -476 0
-316 -516 0
-316 -556 0
-316 -596 0
-316 -636 0
-316 -676 0
-316 -716 0
-316 -756 0
-316 -796 0
-316 -836 0
-316 -876 0
-316 -916 0
-316 -956 0
-316 -996 0
-316 -1036 0
-316 -1076 0
-316 -1116 0
-316 -1156 0
-316 -1196 0
-316 -1236 0
-316 -1276 0
-316 -1316 0
-316 -1356 0
-316 -1396 0
-316 -1436 0
-316 -1476 0
-316 -1516 0
-356 -396 0
-356 -436 0
-356 -476 0
-356 -516 0
-356 -556 0
-356 -596 0
-356 -636 0
-356 -676 0
-356 -716 0
-356 -756 0
-356 -796 0
-356 -836 0
-356 -876 0
-356 -916 0
-356 -956 0
-356 -996 0
-356 -1036 0
-356 -1076 0
-356 -1116 0
-356 -1156 0
-356 -1196 0
-356 -1236 0
-356 -1276 0
-356 -1316 0
-356 -1356 0
-356 -1396 0
-356 -1436 0
-356 -1476 0
-356 -1516 0
-396 -436 0
-396 -476 0
-396 -516 0
-396 -556 0
-396 -596 0
-396 -636 0
-396 -676 0
-396 -716 0
-396 -756 0
-396 -796 0
-396 -836 0
-396 -876 0
-396 -916 0
-396 -956 0
-396 -996 0
-396 -1036 0
-396 -1076 0
-396 -1116 0
-396 -1156 0
-396 -1196 0
-396 -1236 0
-396 -1276 0
-396 -1316 0
-396 -1356 0
-396 -1396 0
-396 -1436 0
-396 -1476 0
-396 -1516 0
-436 -476 0
-436 -516 0
-436 -556 0
-436 -596 0
-436 -636 0
-436 -676 0
-436 -716 0
-436 -756 0
-436 -796 0
-436 -836 0
-436 -876 0
-436 -916 0
-436 -956 0
-436 -996 0
-436 -1036 0
-436 -1076 0
-436 -1116 0
-436 -1156 0
-436 -1196 0
-436 -1236 0
-436 -1276 0
-436 -1316 0
-436 -1356 0
-436 -1396 0
-436 -1436 0
-436 -1476 0
-436 -1516 0
-476 -516 0
-476 -556 0
-476 -596 0
-476 -636 0
-476 -676 0
-476 -716 0
-476 -756 0
-476 -796 0
-476 -836 0
-476 -876 0
-476 -916 0
-476 -956 0
-476 -996 0
-476 -1036 0
-476 -1076 0
-476 -1116 0
-476 -1156 0
-476 -1196 0
-476 -1236 0
-476 -1276 0
-476 -1316 0
-476 -1356 0
-476 -1396 0
-476 -1436 0
-476 -1476 0
-476 -1516 0
-516 -556 0
-516 -596 0
-516 -636 0
-516 -676 0
-516 -716 0
-516 -756 0
-516 -796 0
-516 -836 0
-516 -876 0
-516 -916 0
-516 -956 0
-516 -996 0
-516 -1036 0
-516 -1076 0
-516 -1116 0
-516 -1156 0
-516 -1196 0
-516 -1236 0
-516 -1276 0
-516 -1316 0
-516 -1356 0
-516 -1396 0
-516 -1436 0
-516 -1476 0
-516 -1516 0
-556 -596 0
-556 -636 0
-556 -676 0
-556 -716 0
-556 -756 0
-556 -796 0
-556 -836 0
-556 -876 0
-556 -916 0
-556 -956 0
-556 -996 0
-556 -1036 0
-556 -1076 0
-556 -1116 0
-556 -1156 0
-556 -1196 0
-556 -1236 0
-556 -1276 0
-556 -1316 0
-556 -1356 0
-556 -1396 0
-556 -1436 0
-556 -1476 0
-556 -1516 0
-596 -636 0
-596 -676 0
-596 -716 0
-596 -756 0
-596 -796 0
-596 -836 0
-596 -876 0
-596 -916 0
-596 -956 0
-596 -996 0
-596 -1036 0
-596 -1076 0
-596 -1116 0
-596 -1156 0
-596 -1196 0
-596 -1236 0
-596 -1276 0
-596 -1316 0
-596 -1356 0
-596 -1396 0
-596 -1436 0
-596 -1476 0
-596 -1516 0
-636 -676 0
-636 -716 0
-636 -756 0
-636 -796 0
-636 -836 0
-636 -876 0
-636 -916 0
-636 -956 0
-636 -996 0
-636 -1036 0
-636 -1076 0
-636 -1116 0
-636 -1156 0
-636 -1196 0
-636 -1236 0
-636 -1276 0
-636 -1316 0
-636 -1356 0
-636 -1396 0
-636 -1436 0
-636 -1476 0
-636 -1516 0
-676 -716 0
-676 -756 0
-676 -796 0
-676 -836 0
-676 -876 0
-676 -916 0
-676 -956 0
-676 -996 0
-676 -1036 0
-676 -1076 0
-676 -1116 0
-676 -1156 0
-676 -1196 0
-676 -1236 0
-676 -1276 0
-676 -1316 0
-676 -1356 0
-676 -1396 0
-676 -1436 0
-676 -1476 0
-676 -1516 0
-716 -756 0
-716 -796 0
-716 -836 0
-716 -876 0
-716 -916 0
-716 -956 0
-716 -996 0
-716 -1036 0
-716 -1076 0
-716 -1116 0
-716 -1156 0
-716 -1196 0
-716 -1236 0
-716 -1276 0
-716 -1316 0
-716 -1356 0
-716 -1396 0
-716 -1436 0
-716 -1476 0
-716 -1516 0
-756 -796 0
-756 -836 0
-756 -876 0
-756 -916 0
-756 -956 0
-756 -996 0
-756 -1036 0
-756 -1076 0
-756 -1116 0
-756 -1156 0
-756 -1196 0
-756 -1236 0
-756 -1276 0
-756 -1316 0
-756 -1356 0
-756 -1396 0
-756 -1436 0
-756 -1476 0
-756 -1516 0
-796 -836 0
-796 -876 0
-796 -916 0
-796 -956 0
-796 -996 0
-796 -1036 0
-796 -1076 0
-796 -1116 0
-796 -1156 0
-796 -1196 0
-796 -1236 0
-796 -1276 0
-796 -1316 0
-796 -1356 0
-796 -1396 0
-796 -1436 0
-796 -1476 0
-796 -1516 0
-836 -876 0
-836 -916 0
-836 -956 0
-836 -996 0
-836 -1036 0
-836 -1076 0
-836 -1116 0
-836 -1156 0
-836 -1196 0
-836 -1236 0
-836 -1276 0
-836 -1316 0
-836 -1356 0
-836 -1396 0
-836 -1436 0
-836 -1476 0
-836 -1516 0
-876 -916 0
-876 -956 0
-876 -996 0
-876 -1036 0
-876 -1076 0
-876 -1116 0
-876 -1156 0
-876 -1196 0
-876 -1236 0
-876 -1276 0
-876 -1316 0
-876 -1356 0
-876 -1396 0
-876 -1436 0
-876 -1476 0
-876 -1516 0
-916 -956 0
-916 -996 0
-916 -1036 0
-916 -1076 0
-916 -1116 0
-916 -1156 0
-916 -1196 0
-916 -1236 0
-916 -1276 0
-916 -1316 0
-916 -1356 0
-916 -1396 0
-916 -1436 0
-916 -1476 0
-916 -1516 0
-956 -996 0
-956 -1036 0
-956 -1076 0
-956 -1116 0
-956 -1156 0
-956 -1196 0
-956 -1236 0
-956 -1276 0
-956 -1316 0
-956 -1356 0
-956 -1396 0
-956 -1436 0
-956 -1476 0
-956 -1516 0
-996 -1036 0
-996 -1076 0
-996 -1116 0
-996 -1156 0
-996 -1196 0
-996 -1236 0
-996 -1276 0
-996 -1316 0
-996 -1356 0
-996 -1396 0
-996 -1436 0
-996 -1476 0
-996 -1516 0
-1036 -1076 0
-1036 -1116 0
-1036 -1156 0
-1036 -1196 0
-1036 -1236 0
-1036 -1276 0
-1036 -1316 0
-1036 -1356 0
-1036 -1396 0
-1036 -1436 0
-1036 -1476 0
-1036 -1516 0
-1076 -1116 0
-1076 -1156 0
-1076 -1196 0
-1076 -1236 0
-1076 -1276 0
-1076 -1316 0
-1076 -1356 0
-1076 -1396 0
-1076 -1436 0
-1076 -1476 0
-1076 -1516 0
-1116 -1156 0
-1116 -1196 0
-1116 -1236 0
-1116 -1276 0
-1116 -1316 0
-1116 -1356 0
-1116 -1396 0
-1116 -1436 0
-1116 -1476 0
-1116 -1516 0
-1156 -1196 0
-1156 -1236 0
-1156 -1276 0
-1156 -1316 0
-1156 -1356 0
-1156 -1396 0
-1156 -1436 0
-1156 -1476 0
-1156 -1516 0
-1196 -1236 0
-1196 -1276 0
-1196 -1316 0
-1196 -1356 0
-1196 -1396 0
-1196 -1436 0
-1196 -1476 0
-1196 -1516 0
-1236 -1276 0
-1236 -1316 0
-1236 -1356 0
-1236 -1396 0
-1236 -1436 0
-1236 -1476 0
-1236 -1516 0
-1276 -1316 0
-1276 -1356 0
-1276 -1396 0
-1276 -1436 0
-1276 -1476 0
-1276 -1516 0
-1316 -1356 0
-1316 -1396 0
-1316 -1436 0
-1316 -1476 0
-1316 -1516 0
-1356 -1396 0
-1356 -1436 0
-1356 -1476 0
-1356 -1516 0
-1396 -1436 0
-1396 -1476 0
-1396 -1516 0
-1436 -1476 0
-1436 -1516 0
-1476 -1516 0
-235 -275 0
-235 -315 0
-235 -355 0
-235 -395 0
-235 -435 0
-235 -475 0
-235 -515 0
-235 -555 0
-235 -595 0
-235 -635 0
-235 -675 0
-235 -715 0
-235 -755 0
-235 -795 0
-235 -835 0
-235 -875 0
-235 -915 0
-235 -955 0
-235 -995 0
-235 -1035 0
-235 -1075 0
-235 -1115 0
-235 -1155 0
-235 -1195 0
-235 -1235 0
-235 -1275 0
-235 -1315 0
-235 -1355 0
-235 -1395 0
-235 -1435 0
-235 -1475 0
-235 -1515 0
-275 -315 0
-275 -355 0
-275 -395 0
-275 -435 0
-275 -475 0
-275 -515 0
-275 -555 0
-275 -595 0
-275 -635 0
-275 -675 0
-275 -715 0
-275 -755 0
-275 -795 0
-275 -835 0
-275 -875 0
-275 -915 0
-275 -955 0
-275 -995 0
-275 -1035 0
-275 -1075 0
-275 -1115 0
-275 -1155 0
-275 -1195 0
-275 -1235 0
-275 -1275 0
-275 -1315 0
-275 -1355 0
-275 -1395 0
-275 -1435 0
-275 -1475 0
-275 -1515 0
-315 -355 0
-315 -395 0
-315 -435 0
-315 -475 0
-315 -515 0
-315 -555 0
-315 -595 0
-315 -635 0
-315 -675 0
-315 -715 0
-315 -755 0
-315 -795 0
-315 -835 0
-315 -875 0
-315 -915 0
-315 -955 0
-315 -995 0
-315 -1035 0
-315 -1075 0
-315 -1115 0
-315 -1155 0
-315 -1195 0
-315 -1235 0
-315 -1275 0
-315 -1315 0
-315 -1355 0
-315 -1395 0
-315 -1435 0
-315 -1475 0
-315 -1515 0
-355 -395 0
-355 -435 0
-355 -475 0
-355 -515 0
-355 -555 0
-355 -595 0
-355 -635 0
-355 -675 0
-355 -715 0
-355 -755 0
-355 -795 0
-355 -835 0
-355 -875 0
-355 -915 0
-355 -955 0
-355 -995 0
-355 -1035 0
-355 -1075 0
-355 -1115 0
-355 -1155 0
-355 -1195 0
-355 -1235 0
-355 -1275 0
-355 -1315 0
-355 -1355 0
-355 -1395 0
-355 -1435 0
-355 -1475 0
-355 -1515 0
-395 -435 0
-395 -475 0
-395 -515 0
-395 -555 0
-395 -595 0
-395 -635 0
-395 -675 0
-395 -715 0
-395 -755 0
-395 -795 0
-395 -835 0
-395 -875 0
-395 -915 0
-395 -955 0
-395 -995 0
-395 -1035 0
-395 -1075 0
-395 -1115 0
-395 -1155 0
-395 -1195 0
-395 -1235 0
-395 -1275 0
-395 -1315 0
-395 -1355 0
-395 -1395 0
-395 -1435 0
-395 -1475 0
-395 -1515 0
-435 -475 0
-435 -515 0
-435 -555 0
-435 -595 0
-435 -635 0
-435 -675 0
-435 -715 0
-435 -755 0
-435 -795 0
-435 -835 0
-435 -875 0
-435 -915 0
-435 -955 0
-435 -995 0
-435 -1035 0
-435 -1075 0
-435 -1115 0
-435 -1155 0
-435 -1195 0
-435 -1235 0
-435 -1275 0
-435 -1315 0
-435 -1355 0
-435 -1395 0
-435 -1435 0
-435 -1475 0
-435 -1515 0
-475 -515 0
-475 -555 0
-475 -595 0
-475 -635 0
-475 -675 0
-475 -715 0
-475 -755 0
-475 -795 0
-475 -835 0
-475 -875 0
-475 -915 0
-475 -955 0
-475 -995 0
-475 -1035 0
-475 -1075 0
-475 -1115 0
-475 -1155 0
-475 -1195 0
-475 -1235 0
-475 -1275 0
-475 -1315 0
-475 -1355 0
-475 -1395 0
-475 -1435 0
-475 -1475 0
-475 -1515 0
-515 -555 0
-515 -595 0
-515 -635 0
-515 -675 0
-515 -715 0
-515 -755 0
-515 -795 0
-515 -835 0
-515 -875 0
-515 -915 0
-515 -955 0
-515 -995 0
-515 -1035 0
-515 -1075 0
-515 -1115 0
-515 -1155 0
-515 -1195 0
-515 -1235 0
-515 -1275 0
-515 -1315 0
-515 -1355 0
-515 -1395 0
-515 -1435 0
-515 -1475 0
-515 -1515 0
-555 -595 0
-555 -635 0
-555 -675 0
-555 -715 0
-555 -755 0
-555 -795 0
-555 -835 0
-555 -875 0
-555 -915 0
-555 -955 0
-555 -995 0
-555 -1035 0
-555 -1075 0
-555 -1115 0
-555 -1155 0
-555 -1195 0
-555 -1235 0
-555 -1275 0
-555 -1315 0
-555 -1355 0
-555 -1395 0
-555 -1435 0
-555 -1475 0
-555 -1515 0
-595 -635 0
-595 -675 0
-595 -715 0
-595 -755 0
-595 -795 0
-595 -835 0
-595 -875 0
-595 -915 0
-595 -955 0
-595 -995 0
-595 -1035 0
-595 -1075 0
-595 -1115 0
-595 -1155 0
-595 -1195 0
-595 -1235 0
-595 -1275 0
-595 -1315 0
-595 -1355 0
-595 -1395 0
-595 -1435 0
-595 -1475 0
-595 -1515 0
-635 -675 0
-635 -715 0
-635 -755 0
-635 -795 0
-635 -835 0
-635 -875 0
-635 -915 0
-635 -955 0
-635 -995 0
-635 -1035 0
-635 -1075 0
-635 -1115 0
-635 -1155 0
-635 -1195 0
-635 -1235 0
-635 -1275 0
-635 -1315 0
-635 -1355 0
-635 -1395 0
-635 -1435 0
-635 -1475 0
-635 -1515 0
-675 -715 0
-675 -755 0
-675 -795 0
-675 -835 0
-675 -875 0
-675 -915 0
-675 -955 0
-675 -995 0
-675 -1035 0
-675 -1075 0
-675 -1115 0
-675 -1155 0
-675 -1195 0
-675 -1235 0
-675 -1275 0
-675 -1315 0
-675 -1355 0
-675 -1395 0
-675 -1435 0
-675 -1475 0
-675 -1515 0
-715 -755 0
-715 -795 0
-715 -835 0
-715 -875 0
-715 -915 0
-715 -955 0
-715 -995 0
-715 -1035 0
-715 -1075 0
-715 -1115 0
-715 -1155 0
-715 -1195 0
-715 -1235 0
-715 -1275 0
-715 -1315 0
-715 -1355 0
-715 -1395 0
-715 -1435 0
-715 -1475 0
-715 -1515 0
-755 -795 0
-755 -835 0
-755 -875 0
-755 -915 0
-755 -955 0
-755 -995 0
-755 -1035 0
-755 -1075 0
-755 -1115 0
-755 -1155 0
-755 -1195 0
-755 -1235 0
-755 -1275 0
-755 -1315 0
-755 -1355 0
-755 -1395 0
-755 -1435 0
-755 -1475 0
-755 -1515 0
-795 -835 0
-795 -875 0
-795 -915 0
-795 -955 0
-795 -995 0
-795 -1035 0
-795 -1075 0
-795 -1115 0
-795 -1155 0
-795 -1195 0
-795 -1235 0
-795 -1275 0
-795 -1315 0
-795 -1355 0
-795 -1395 0
-795 -1435 0
-795 -1475 0
-795 -1515 0
-835 -875 0
-835 -915 0
-835 -955 0
-835 -995 0
-835 -1035 0
-835 -1075 0
-835 -1115 0
-835 -1155 0
-835 -1195 0
-835 -1235 0
-835 -1275 0
-835 -1315 0
-835 -1355 0
-835 -1395 0
-835 -1435 0
-835 -1475 0
-835 -1515 0
-875 -915 0
-875 -955 0
-875 -995 0
-875 -1035 0
-875 -1075 0
-875 -1115 0
-875 -1155 0
-875 -1195 0
-875 -1235 0
-875 -1275 0
-875 -1315 0
-875 -1355 0
-875 -1395 0
-875 -1435 0
-875 -1475 0
-875 -1515 0
-915 -955 0
-915 -995 0
-915 -1035 0
-915 -1075 0
-915 -1115 0
-915 -1155 0
-915 -1195 0
-915 -1235 0
-915 -1275 0
-915 -1315 0
-915 -1355 0
-915 -1395 0
-915 -1435 0
-915 -1475 0
-915 -1515 0
-955 -995 0
-955 -1035 0
-955 -1075 0
-955 -1115 0
-955 -1155 0
-955 -1195 0
-955 -1235 0
-955 -1275 0
-955 -1315 0
-955 -1355 0
-955 -1395 0
-955 -1435 0
-955 -1475 0
-955 -1515 0
-995 -1035 0
-995 -1075 0
-995 -1115 0
-995 -1155 0
-995 -1195 0
-995 -1235 0
-995 -1275 0
-995 -1315 0
-995 -1355 0
-995 -1395 0
-995 -1435 0
-995 -1475 0
-995 -1515 0
-1035 -1075 0
-1035 -1115 0
-1035 -1155 0
-1035 -1195 0
-1035 -1235 0
-1035 -1275 0
-1035 -1315 0
-1035 -1355 0
-1035 -1395 0
-1035 -1435 0
-1035 -1475 0
-1035 -1515 0
-1075 -1115 0
-1075 -1155 0
-1075 -1195 0
-1075 -1235 0
-1075 -1275 0
-1075 -1315 0
-1075 -1355 0
-1075 -1395 0
-1075 -1435 0
-1075 -1475 0
-1075 -1515 0
-1115 -1155 0
-1115 -1195 0
-1115 -1235 0
-1115 -1275 0
-1115 -1315 0
-1115 -1355 0
-1115 -1395 0
-1115 -1435 0
-1115 -1475 0
-1115 -1515 0
-1155 -1195 0
-1155 -1235 0
-1155 -1275 0
-1155 -1315 0
-1155 -1355 0
-1155 -1395 0
-1155 -1435 0
-1155 -1475 0
-1155 -1515 0
-1195 -1235 0
-1195 -1275 0
-1195 -1315 0
-1195 -1355 0
-1195 -1395 0
-1195 -1435 0
-1195 -1475 0
-1195 -1515 0
-1235 -1275 0
-1235 -1315 0
-1235 -1355 0
-1235 -1395 0
-1235 -1435 0
-1235 -1475 0
-1235 -1515 0
-1275 -1315 0
-1275 -1355 0
-1275 -1395 0
-1275 -1435 0
-1275 -1475 0
-1275 -1515 0
-1315 -1355 0
-1315 -1395 0
-1315 -1435 0
-1315 -1475 0
-1315 -1515 0
-1355 -1395 0
-1355 -1435 0
-1355 -1475 0
-1355 -1515 0
-1395 -1435 0
-1395 -1475 0
-1395 -1515 0
-1435 -1475 0
-1435 -1515 0
-1475 -1515 0
-274 -314 0
-274 -354 0
-274 -394 0
-274 -434 0
-274 -474 0
-274 -514 0
-274 -554 0
-274 -594 0
-274 -634 0
-274 -674 0
-274 -714 0
-274 -754 0
-274 -794 0
-274 -834 0
-274 -874 0
-274 -914 0
-274 -954 0
-274 -994 0
-274 -1034 0
-274 -1074 0
-274 -1114 0
-274 -1154 0
-274 -1194 0
-274 -1234 0
-274 -1274 0
-274 -1314 0
-274 -1354 0
-274 -1394 0
-274 -1434 0
-274 -1474 0
-274 -1514 0
-314 -354 0
-314 -394 0
-314 -434 0
-314 -474 0
-314 -514 0
-314 -554 0
-314 -594 0
-314 -634 0
-314 -674 0
-314 -714 0
-314 -754 0
-314 -794 0
-314 -834 0
-314 -874 0
-314 -914 0
-314 -954 0
-314 -994 0
-314 -1034 0
-314 -1074 0
-314 -1114 0
-314 -1154 0
-314 -1194 0
-314 -1234 0
-314 -1274 0
-314 -1314 0
-314 -1354 0
-314 -1394 0
-314 -1434 0
-314 -1474 0
-314 -1514 0
-354 -394 0
-354 -434 0
-354 -474 0
-354 -514 0
-354 -554 0
-354 -594 0
-354 -634 0
-354 -674 0
-354 -714 0
-354 -754 0
-354 -794 0
-354 -834 0
-354 -874 0
-354 -914 0
-354 -954 0
-354 -994 0
-354 -1034 0
-354 -1074 0
-354 -1114 0
-354 -1154 0
-354 -1194 0
-354 -1234 0
-354 -1274 0
-354 -1314 0
-354 -1354 0
-354 -1394 0
-354 -1434 0
-354 -1474 0
-354 -1514 0
-394 -434 0
-394 -474 0
-394 -514 0
-394 -554 0
-394 -594 0
-394 -634 0
-394 -674 0
-394 -714 0
-394 -754 0
-394 -794 0
-394 -834 0
-394 -874 0
-394 -914 0
-394 -954 0
-394 -994 0
-394 -1034 0
-394 -1074 0
-394 -1114 0
-394 -1154 0
-394 -1194 0
-394 -1234 0
-394 -1274 0
-394 -1314 0
-394 -1354 0
-394 -1394 0
-394 -1434 0
-394 -1474 0
-394 -1514 0
-434 -474 0
-434 -514 0
-434 -554 0
-434 -594 0
-434 -634 0
-434 -674 0
-434 -714 0
-434 -754 0
-434 -794 0
-434 -834 0
-434 -874 0
-434 -914 0
-434 -954 0
-434 -994 0
-434 -1034 0
-434 -1074 0
-434 -1114 0
-434 -1154 0
-434 -1194 0
-434 -1234 0
-434 -1274 0
-434 -1314 0
-434 -1354 0
-434 -1394 0
-434 -1434 0
-434 -1474 0
-434 -1514 0
-474 -514 0
-474 -554 0
-474 -594 0
-474 -634 0
-474 -674 0
-474 -714 0
-474 -754 0
-474 -794 0
-474 -834 0
-474 -874 0
-474 -914 0
-474 -954 0
-474 -994 0
-474 -1034 0
-474 -1074 0
-474 -1114 0
-474 -1154 0
-474 -1194 0
-474 -1234 0
-474 -1274 0
-474 -1314 0
-474 -1354 0
-474 -1394 0
-474 -1434 0
-474 -1474 0
-474 -1514 0
-514 -554 0
-514 -594 0
-514 -634 0
-514 -674 0
-514 -714 0
-514 -754 0
-514 -794 0
-514 -834 0
-514 -874 0
-514 -914 0
-514 -954 0
-514 -994 0
-514 -1034 0
-514 -1074 0
-514 -1114 0
-514 -1154 0
-514 -1194 0
-514 -1234 0
-514 -1274 0
-514 -1314 0
-514 -1354 0
-514 -1394 0
-514 -1434 0
-514 -1474 0
-514 -1514 0
-554 -594 0
-554 -634 0
-554 -674 0
-554 -714 0
-554 -754 0
-554 -794 0
-554 -834 0
-554 -874 0
-554 -914 0
-554 -954 0
-554 -994 0
-554 -1034 0
-554 -1074 0
-554 -1114 0
-554 -1154 0
-554 -1194 0
-554 -1234 0
-554 -1274 0
-554 -1314 0
-554 -1354 0
-554 -1394 0
-554 -1434 0
-554 -1474 0
-554 -1514 0
-594 -634 0
-594 -674 0
-594 -714 0
-594 -754 0
-594 -794 0
-594 -834 0
-594 -874 0
-594 -914 0
-594 -954 0
-594 -994 0
-594 -1034 0
-594 -1074 0
-594 -1114 0
-594 -1154 0
-594 -1194 0
-594 -1234 0
-594 -1274 0
-594 -1314 0
-594 -1354 0
-594 -1394 0
-594 -1434 0
-594 -1474 0
-594 -1514 0
-634 -674 0
-634 -714 0
-634 -754 0
-634 -794 0
-634 -834 0
-634 -874 0
-634 -914 0
-634 -954 0
-634 -994 0
-634 -1034 0
-634 -1074 0
-634 -1114 0
-634 -1154 0
-634 -1194 0
-634 -1234 0
-634 -1274 0
-634 -1314 0
-634 -1354 0
-634 -1394 0
-634 -1434 0
-634 -1474 0
-634 -1514 0
-674 -714 0
-674 -754 0
-674 -794 0
-674 -834 0
-674 -874 0
-674 -914 0
-674 -954 0
-674 -994 0
-674 -1034 0
-674 -1074 0
-674 -1114 0
-674 -1154 0
-674 -1194 0
-674 -1234 0
-674 -1274 0
-674 -1314 0
-674 -1354 0
-674 -1394 0
-674 -1434 0
-674 -1474 0
-674 -1514 0
-714 -754 0
-714 -794 0
-714 -834 0
-714 -874 0
-714 -914 0
-714 -954 0
-714 -994 0
-714 -1034 0
-714 -1074 0
-714 -1114 0
-714 -1154 0
-714 -1194 0
-714 -1234 0
-714 -1274 0
-714 -1314 0
-714 -1354 0
-714 -1394 0
-714 -1434 0
-714 -1474 0
-714 -1514 0
-754 -794 0
-754 -834 0
-754 -874 0
-754 -914 0
-754 -954 0
-754 -994 0
-754 -1034 0
-754 -1074 0
-754 -1114 0
-754 -1154 0
-754 -1194 0
-754 -1234 0
-754 -1274 0
-754 -1314 0
-754 -1354 0
-754 -1394 0
-754 -1434 0
-754 -1474 0
-754 -1514 0
-794 -834 0
-794 -874 0
-794 -914 0
-794 -954 0
-794 -994 0
-794 -1034 0
-794 -1074 0
-794 -1114 0
-794 -1154 0
-794 -1194 0
-794 -1234 0
-794 -1274 0
-794 -1314 0
-794 -1354 0
-794 -1394 0
-794 -1434 0
-794 -1474 0
-794 -1514 0
-834 -874 0
-834 -914 0
-834 -954 0
-834 -994 0
-834 -1034 0
-834 -1074 0
-834 -1114 0
-834 -1154 0
-834 -1194 0
-834 -1234 0
-834 -1274 0
-834 -1314 0
-834 -1354 0
-834 -1394 0
-834 -1434 0
-834 -1474 0
-834 -1514 0
-874 -914 0
-874 -954 0
-874 -994 0
-874 -1034 0
-874 -1074 0
-874 -1114 0
-874 -1154 0
-874 -1194 0
-874 -1234 0
-874 -1274 0
-874 -1314 0
-874 -1354 0
-874 -1394 0
-874 -1434 0
-874 -1474 0
-874 -1514 0
-914 -954 0
-914 -994 0
-914 -1034 0
-914 -1074 0
-914 -1114 0
-914 -1154 0
-914 -1194 0
-914 -1234 0
-914 -1274 0
-914 -1314 0
-914 -1354 0
-914 -1394 0
-914 -1434 0
-914 -1474 0
-914 -1514 0
-954 -994 0
-954 -1034 0
-954 -1074 0
-954 -1114 0
-954 -1154 0
-954 -1194 0
-954 -1234 0
-954 -1274 0
-954 -1314 0
-954 -1354 0
-954 -1394 0
-954 -1434 0
-954 -1474 0
-954 -1514 0
-994 -1034 0
-994 -1074 0
-994 -1114 0
-994 -1154 0
-994 -1194 0
-994 -1234 0
-994 -1274 0
-994 -1314 0
-994 -1354 0
-994 -1394 0
-994 -1434 0
-994 -1474 0
-994 -1514 0
-1034 -1074 0
-1034 -1114 0
-1034 -1154 0
-1034 -1194 0
-1034 -1234 0
-1034 -1274 0
-1034 -1314 0
-1034 -1354 0
-1034 -1394 0
-1034 -1434 0
-1034 -1474 0
-1034 -1514 0
-1074 -1114 0
-1074 -1154 0
-1074 -1194 0
-1074 -1234 0
-1074 -1274 0
-1074 -1314 0
-1074 -1354 0
-1074 -1394 0
-1074 -1434 0
-1074 -1474 0
-1074 -1514 0
-1114 -1154 0
-1114 -1194 0
-1114 -1234 0
-1114 -1274 0
-1114 -1314 0
-1114 -1354 0
-1114 -1394 0
-1114 -1434 0
-1114 -1474 0
-1114 -1514 0
-1154 -1194 0
-1154 -1234 0
-1154 -1274 0
-1154 -1314 0
-1154 -1354 0
-1154 -1394 0
-1154 -1434 0
-1154 -1474 0
-1154 -1514 0
-1194 -1234 0
-1194 -1274 0
-1194 -1314 0
-1194 -1354 0
-1194 -1394 0
-1194 -1434 0
-1194 -1474 0
-1194 -1514 0
-1234 -1274 0
-1234 -1314 0
-1234 -1354 0
-1234 -1394 0
-1234 -1434 0
-1234 -1474 0
-1234 -1514 0
-1274 -1314 0
-1274 -1354 0
-1274 -1394 0
-1274 -1434 0
-1274 -1474 0
-1274 -1514 0
-1314 -1354 0
-1314 -1394 0
-1314 -1434 0
-1314 -1474 0
-1314 -1514 0
-1354 -1394 0
-1354 -1434 0
-1354 -1474 0
-1354 -1514 0
-1394 -1434 0
-1394 -1474 0
-1394 -1514 0
-1434 -1474 0
-1434 -1514 0
-1474 -1514 0
-313 -353 0
-313 -393 0
-313 -433 0
-313 -473 0
-313 -513 0
-313 -553 0
-313 -593 0
-313 -633 0
-313 -673 0
-313 -713 0
-313 -753 0
-313 -793 0
-313 -833 0
-313 -873 0
-313 -913 0
-313 -953 0
-313 -993 0
-313 -1033 0
-313 -1073 0
-313 -1113 0
-313 -1153 0
-313 -1193 0
-313 -1233 0
-313 -1273 0
-313 -1313 0
-313 -1353 0
-313 -1393 0
-313 -1433 0
-313 -1473 0
-313 -1513 0
-353 -393 0
-353 -433 0
-353 -473 0
-353 -513 0
-353 -553 0
-353 -593 0
-353 -633 0
-353 -673 0
-353 -713 0
-353 -753 0
-353 -793 0
-353 -833 0
-353 -873 0
-353 -913 0
-353 -953 0
-353 -993 0
-353 -1033 0
-353 -1073 0
-353 -1113 0
-353 -1153 0
-353 -1193 0
-353 -1233 0
-353 -1273 0
-353 -1313 0
-353 -1353 0
-353 -1393 0
-353 -1433 0
-353 -1473 0
-353 -1513 0
-393 -433 0
-393 -473 0
-393 -513 0
-393 -553 0
-393 -593 0
-393 -633 0
-393 -673 0
-393 -713 0
-393 -753 0
-393 -793 0
-393 -833 0
-393 -873 0
-393 -913 0
-393 -953 0
-393 -993 0
-393 -1033 0
-393 -1073 0
-393 -1113 0
-393 -1153 0
-393 -1193 0
-393 -1233 0
-393 -1273 0
-393 -1313 0
-393 -1353 0
-393 -1393 0
-393 -1433 0
-393 -1473 0
-393 -1513 0
-433 -473 0
-433 -513 0
-433 -553 0
-433 -593 0
-433 -633 0
-433 -673 0
-433 -713 0
-433 -753 0
-433 -793 0
-433 -833 0
-433 -873 0
-433 -913 0
-433 -953 0
-433 -993 0
-433 -1033 0
-433 -1073 0
-433 -1113 0
-433 -1153 0
-433 -1193 0
-433 -1233 0
-433 -1273 0
-433 -1313 0
-433 -1353 0
-433 -1393 0
-433 -1433 0
-433 -1473 0
-433 -1513 0
-473 -513 0
-473 -553 0
-473 -593 0
-473 -633 0
-473 -673 0
-473 -713 0
-473 -753 0
-473 -793 0
-473 -833 0
-473 -873 0
-473 -913 0
-473 -953 0
-473 -993 0
-473 -1033 0
-473 -1073 0
-473 -1113 0
-473 -1153 0
-473 -1193 0
-473 -1233 0
-473 -1273 0
-473 -1313 0
-473 -1353 0
-473 -1393 0
-473 -1433 0
-473 -1473 0
-473 -1513 0
-513 -553 0
-513 -593 0
-513 -633 0
-513 -673 0
-513 -713 0
-513 -753 0
-513 -793 0
-513 -833 0
-513 -873 0
-513 -913 0
-513 -953 0
-513 -993 0
-513 -1033 0
-513 -1073 0
-513 -1113 0
-513 -1153 0
-513 -1193 0
-513 -1233 0
-513 -1273 0
-513 -1313 0
-513 -1353 0
-513 -1393 0
-513 -1433 0
-513 -1473 0
-513 -1513 0
-553 -593 0
-553 -633 0
-553 -673 0
-553 -713 0
-553 -753 0
-553 -793 0
-553 -833 0
-553 -873 0
-553 -913 0
-553 -953 0
-553 -993 0
-553 -1033 0
-553 -1073 0
-553 -1113 0
-553 -1153 0
-553 -1193 0
-553 -1233 0
-553 -1273 0
-553 -1313 0
-553 -1353 0
-553 -1393 0
-553 -1433 0
-553 -1473 0
-553 -1513 0
-593 -633 0
-593 -673 0
-593 -713 0
-593 -753 0
-593 -793 0
-593 -833 0
-593 -873 0
-593 -913 0
-593 -953 0
-593 -993 0
-593 -1033 0
-593 -1073 0
-593 -1113 0
-593 -1153 0
-593 -1193 0
-593 -1233 0
-593 -1273 0
-593 -1313 0
-593 -1353 0
-593 -1393 0
-593 -1433 0
-593 -1473 0
-593 -1513 0
-633 -673 0
-633 -713 0
-633 -753 0
-633 -793 0
-633 -833 0
-633 -873 0
-633 -913 0
-633 -953 0
-633 -993 0
-633 -1033 0
-633 -1073 0
-633 -1113 0
-633 -1153 0
-633 -1193 0
-633 -1233 0
-633 -1273 0
-633 -1313 0
-633 -1353 0
-633 -1393 0
-633 -1433 0
-633 -1473 0
-633 -1513 0
-673 -713 0
-673 -753 0
-673 -793 0
-673 -833 0
-673 -873 0
-673 -913 0
-673 -953 0
-673 -993 0
-673 -1033 0
-673 -1073 0
-673 -1113 0
-673 -1153 0
-673 -1193 0
-673 -1233 0
-673 -1273 0
-673 -1313 0
-673 -1353 0
-673 -1393 0
-673 -1433 0
-673 -1473 0
-673 -1513 0
-713 -753 0
-713 -793 0
-713 -833 0
-713 -873 0
-713 -913 0
-713 -953 0
-713 -993 0
-713 -1033 0
-713 -1073 0
-713 -1113 0
-713 -1153 0
-713 -1193 0
-713 -1233 0
-713 -1273 0
-713 -1313 0
-713 -1353 0
-713 -1393 0
-713 -1433 0
-713 -1473 0
-713 -1513 0
-753 -793 0
-753 -833 0
-753 -873 0
-753 -913 0
-753 -953 0
-753 -993 0
-753 -1033 0
-753 -1073 0
-753 -1113 0
-753 -1153 0
-753 -1193 0
-753 -1233 0
-753 -1273 0
-753 -1313 0
-753 -1353 0
-753 -1393 0
-753 -1433 0
-753 -1473 0
-753 -1513 0
-793 -833 0
-793 -873 0
-793 -913 0
-793 -953 0
-793 -993 0
-793 -1033 0
-793 -1073 0
-793 -1113 0
-793 -1153 0
-793 -1193 0
-793 -1233 0
-793 -1273 0
-793 -1313 0
-793 -1353 0
-793 -1393 0
-793 -1433 0
-793 -1473 0
-793 -1513 0
-833 -873 0
-833 -913 0
-833 -953 0
-833 -993 0
-833 -1033 0
-833 -1073 0
-833 -1113 0
-833 -1153 0
-833 -1193 0
-833 -1233 0
-833 -1273 0
-833 -1313 0
-833 -1353 0
-833 -1393 0
-833 -1433 0
-833 -1473 0
-833 -1513 0
-873 -913 0
-873 -953 0
-873 -993 0
-873 -1033 0
-873 -1073 0
-873 -1113 0
-873 -1153 0
-873 -1193 0
-873 -1233 0
-873 -1273 0
-873 -1313 0
-873 -1353 0
-873 -1393 0
-873 -1433 0
-873 -1473 0
-873 -1513 0
-913 -953 0
-913 -993 0
-913 -1033 0
-913 -1073 0
-913 -1113 0
-913 -1153 0
-913 -1193 0
-913 -1233 0
-913 -1273 0
-913 -1313 0
-913 -1353 0
-913 -1393 0
-913 -1433 0
-913 -1473 0
-913 -1513 0
-953 -993 0
-953 -1033 0
-953 -1073 0
-953 -1113 0
-953 -1153 0
-953 -1193 0
-953 -1233 0
-953 -1273 0
-953 -1313 0
-953 -1353 0
-953 -1393 0
-953 -1433 0
-953 -1473 0
-953 -1513 0
-993 -1033 0
-993 -1073 0
-993 -1113 0
-993 -1153 0
-993 -1193 0
-993 -1233 0
-993 -1273 0
-993 -1313 0
-993 -1353 0
-993 -1393 0
-993 -1433 0
-993 -1473 0
-993 -1513 0
-1033 -1073 0
-1033 -1113 0
-1033 -1153 0
-1033 -1193 0
-1033 -1233 0
-1033 -1273 0
-1033 -1313 0
-1033 -1353 0
-1033 -1393 0
-1033 -1433 0
-1033 -1473 0
-1033 -1513 0
-1073 -1113 0
-1073 -1153 0
-1073 -1193 0
-1073 -1233 0
-1073 -1273 0
-1073 -1313 0
-1073 -1353 0
-1073 -1393 0
-1073 -1433 0
-1073 -1473 0
-1073 -1513 0
-1113 -1153 0
-1113 -1193 0
-1113 -1233 0
-1113 -1273 0
-1113 -1313 0
-1113 -1353 0
-1113 -1393 0
-1113 -1433 0
-1113 -1473 0
-1113 -1513 0
-1153 -1193 0
-1153 -1233 0
-1153 -1273 0
-1153 -1313 0
-1153 -1353 0
-1153 -1393 0
-1153 -1433 0
-1153 -1473 0
-1153 -1513 0
-1193 -1233 0
-1193 -1273 0
-1193 -1313 0
-1193 -1353 0
-1193 -1393 0
-1193 -1433 0
-1193 -1473 0
-1193 -1513 0
-1233 -1273 0
-1233 -1313 0
-1233 -1353 0
-1233 -1393 0
-1233 -1433 0
-1233 -1473 0
-1233 -1513 0
-1273 -1313 0
-1273 -1353 0
-1273 -1393 0
-1273 -1433 0
-1273 -1473 0
-1273 -1513 0
-1313 -1353 0
-1313 -1393 0
-1313 -1433 0
-1313 -1473 0
-1313 -1513 0
-1353 -1393 0
-1353 -1433 0
-1353 -1473 0
-1353 -1513 0
-1393 -1433 0
-1393 -1473 0
-1393 -1513 0
-1433 -1473 0
-1433 -1513 0
-1473 -1513 0
-352 -392 0
-352 -432 0
-352 -472 0
-352 -512 0
-352 -552 0
-352 -592 0
-352 -632 0
-352 -672 0
-352 -712 0
-352 -752 0
-352 -792 0
-352 -832 0
-352 -872 0
-352 -912 0
-352 -952 0
-352 -992 0
-352 -1032 0
-352 -1072 0
-352 -1112 0
-352 -1152 0
-352 -1192 0
-352 -1232 0
-352 -1272 0
-352 -1312 0
-352 -1352 0
-352 -1392 0
-352 -1432 0
-352 -1472 0
-352 -1512 0
-392 -432 0
-392 -472 0
-392 -512 0
-392 -552 0
-392 -592 0
-392 -632 0
-392 -672 0
-392 -712 0
-392 -752 0
-392 -792 0
-392 -832 0
-392 -872 0
-392 -912 0
-392 -952 0
-392 -992 0
-392 -1032 0
-392 -1072 0
-392 -1112 0
-392 -1152 0
-392 -1192 0
-392 -1232 0
-392 -1272 0
-392 -1312 0
-392 -1352 0
-392 -1392 0
-392 -1432 0
-392 -1472 0
-392 -1512 0
-432 -472 0
-432 -512 0
-432 -552 0
-432 -592 0
-432 -632 0
-432 -672 0
-432 -712 0
-432 -752 0
-432 -792 0
-432 -832 0
-432 -872 0
-432 -912 0
-432 -952 0
-432 -992 0
-432 -1032 0
-432 -1072 0
-432 -1112 0
-432 -1152 0
-432 -1192 0
-432 -1232 0
-432 -1272 0
-432 -1312 0
-432 -1352 0
-432 -1392 0
-432 -1432 0
-432 -1472 0
-432 -1512 0
-472 -512 0
-472 -552 0
-472 -592 0
-472 -632 0
-472 -672 0
-472 -712 0
-472 -752 0
-472 -792 0
-472 -832 0
-472 -872 0
-472 -912 0
-472 -952 0
-472 -992 0
-472 -1032 0
-472 -1072 0
-472 -1112 0
-472 -1152 0
-472 -1192 0
-472 -1232 0
-472 -1272 0
-472 -1312 0
-472 -1352 0
-472 -1392 0
-472 -1432 0
-472 -1472 0
-472 -1512 0
-512 -552 0
-512 -592 0
-512 -632 0
-512 -672 0
-512 -712 0
-512 -752 0
-512 -792 0
-512 -832 0
-512 -872 0
-512 -912 0
-512 -952 0
-512 -992 0
-512 -1032 0
-512 -1072 0
-512 -1112 0
-512 -1152 0
-512 -1192 0
-512 -1232 0
-512 -1272 0
-512 -1312 0
-512 -1352 0
-512 -1392 0
-512 -1432 0
-512 -1472 0
-512 -1512 0
-552 -592 0
-552 -632 0
-552 -672 0
-552 -712 0
-552 -752 0
-552 -792 0
-552 -832 0
-552 -872 0
-552 -912 0
-552 -952 0
-552 -992 0
-552 -1032 0
-552 -1072 0
-552 -1112 0
-552 -1152 0
-552 -1192 0
-552 -1232 0
-552 -1272 0
-552 -1312 0
-552 -1352 0
-552 -1392 0
-552 -1432 0
-552 -1472 0
-552 -1512 0
-592 -632 0
-592 -672 0
-592 -712 0
-592 -752 0
-592 -792 0
-592 -832 0
-592 -872 0
-592 -912 0
-592 -952 0
-592 -992 0
-592 -1032 0
-592 -1072 0
-592 -1112 0
-592 -1152 0
-592 -1192 0
-592 -1232 0
-592 -1272 0
-592 -1312 0
-592 -1352 0
-592 -1392 0
-592 -1432 0
-592 -1472 0
-592 -1512 0
-632 -672 0
-632 -712 0
-632 -752 0
-632 -792 0
-632 -832 0
-632 -872 0
-632 -912 0
-632 -952 0
-632 -992 0
-632 -1032 0
-632 -1072 0
-632 -1112 0
-632 -1152 0
-632 -1192 0
-632 -1232 0
-632 -1272 0
-632 -1312 0
-632 -1352 0
-632 -1392 0
-632 -1432 0
-632 -1472 0
-632 -1512 0
-672 -712 0
-672 -752 0
-672 -792 0
-672 -832 0
-672 -872 0
-672 -912 0
-672 -952 0
-672 -992 0
-672 -1032 0
-672 -1072 0
-672 -1112 0
-672 -1152 0
-672 -1192 0
-672 -1232 0
-672 -1272 0
-672 -1312 0
-672 -1352 0
-672 -1392 0
-672 -1432 0
-672 -1472 0
-672 -1512 0
-712 -752 0
-712 -792 0
-712 -832 0
-712 -872 0
-712 -912 0
-712 -952 0
-712 -992 0
-712 -1032 0
-712 -1072 0
-712 -1112 0
-712 -1152 0
-712 -1192 0
-712 -1232 0
-712 -1272 0
-712 -1312 0
-712 -1352 0
-712 -1392 0
-712 -1432 0
-712 -1472 0
-712 -1512 0
-752 -792 0
-752 -832 0
-752 -872 0
-752 -912 0
-752 -952 0
-752 -992 0
-752 -1032 0
-752 -1072 0
-752 -1112 0
-752 -1152 0
-752 -1192 0
-752 -1232 0
-752 -1272 0
-752 -1312 0
-752 -1352 0
-752 -1392 0
-752 -1432 0
-752 -1472 0
-752 -1512 0
-792 -832 0
-792 -872 0
-792 -912 0
-792 -952 0
-792 -992 0
-792 -1032 0
-792 -1072 0
-792 -1112 0
-792 -1152 0
-792 -1192 0
-792 -1232 0
-792 -1272 0
-792 -1312 0
-792 -1352 0
-792 -1392 0
-792 -1432 0
-792 -1472 0
-792 -1512 0
-832 -872 0
-832 -912 0
-832 -952 0
-832 -992 0
-832 -1032 0
-832 -1072 0
-832 -1112 0
-832 -1152 0
-832 -1192 0
-832 -1232 0
-832 -1272 0
-832 -1312 0
-832 -1352 0
-832 -1392 0
-832 -1432 0
-832 -1472 0
-832 -1512 0
-872 -912 0
-872 -952 0
-872 -992 0
-872 -1032 0
-872 -1072 0
-872 -1112 0
-872 -1152 0
-872 -1192 0
-872 -1232 0
-872 -1272 0
-872 -1312 0
-872 -1352 0
-872 -1392 0
-872 -1432 0
-872 -1472 0
-872 -1512 0
-912 -952 0
-912 -992 0
-912 -1032 0
-912 -1072 0
-912 -1112 0
-912 -1152 0
-912 -1192 0
-912 -1232 0
-912 -1272 0
-912 -1312 0
-912 -1352 0
-912 -1392 0
-912 -1432 0
-912 -1472 0
-912 -1512 0
-952 -992 0
-952 -1032 0
-952 -1072 0
-952 -1112 0
-952 -1152 0
-952 -1192 0
-952 -1232 0
-952 -1272 0
-952 -1312 0
-952 -1352 0
-952 -1392 0
-952 -1432 0
-952 -1472 0
-952 -1512 0
-992 -1032 0
-992 -1072 0
-992 -1112 0
-992 -1152 0
-992 -1192 0
-992 -1232 0
-992 -1272 0
-992 -1312 0
-992 -1352 0
-992 -1392 0
-992 -1432 0
-992 -1472 0
-992 -1512 0
-1032 -1072 0
-1032 -1112 0
-1032 -1152 0
-1032 -1192 0
-1032 -1232 0
-1032 -1272 0
-1032 -1312 0
-1032 -1352 0
-1032 -1392 0
-1032 -1432 0
-1032 -1472 0
-1032 -1512 0
-1072 -1112 0
-1072 -1152 0
-1072 -1192 0
-1072 -1232 0
-1072 -1272 0
-1072 -1312 0
-1072 -1352 0
-1072 -1392 0
-1072 -1432 0
-1072 -1472 0
-1072 -1512 0
-1112 -1152 0
-1112 -1192 0
-1112 -1232 0
-1112 -1272 0
-1112 -1312 0
-1112 -1352 0
-1112 -1392 0
-1112 -1432 0
-1112 -1472 0
-1112 -1512 0
-1152 -1192 0
-1152 -1232 0
-1152 -1272 0
-1152 -1312 0
-1152 -1352 0
-1152 -1392 0
-1152 -1432 0
-1152 -1472 0
-1152 -1512 0
-1192 -1232 0
-1192 -1272 0
-1192 -1312 0
-1192 -1352 0
-1192 -1392 0
-1192 -1432 0
-1192 -1472 0
-1192 -1512 0
-1232 -1272 0
-1232 -1312 0
-1232 -1352 0
-1232 -1392 0
-1232 -1432 0
-1232 -1472 0
-1232 -1512 0
-1272 -1312 0
-1272 -1352 0
-1272 -1392 0
-1272 -1432 0
-1272 -1472 0
-1272 -1512 0
-1312 -1352 0
-1312 -1392 0
-1312 -1432 0
-1312 -1472 0
-1312 -1512 0
-1352 -1392 0
-1352 -1432 0
-1352 -1472 0
-1352 -1512 0
-1392 -1432 0
-1392 -1472 0
-1392 -1512 0
-1432 -1472 0
-1432 -1512 0
-1472 -1512 0
-391 -431 0
-391 -471 0
-391 -511 0
-391 -551 0
-391 -591 0
-391 -631 0
-391 -671 0
-391 -711 0
-391 -751 0
-391 -791 0
-391 -831 0
-391 -871 0
-391 -911 0
-391 -951 0
-391 -991 0
-391 -1031 0
-391 -1071 0
-391 -1111 0
-391 -1151 0
-391 -1191 0
-391 -1231 0
-391 -1271 0
-391 -1311 0
-391 -1351 0
-391 -1391 0
-391 -1431 0
-391 -1471 0
-391 -1511 0
-431 -471 0
-431 -511 0
-431 -551 0
-431 -591 0
-431 -631 0
-431 -671 0
-431 -711 0
-431 -751 0
-431 -791 0
-431 -831 0
-431 -871 0
-431 -911 0
-431 -951 0
-431 -991 0
-431 -1031 0
-431 -1071 0
-431 -1111 0
-431 -1151 0
-431 -1191 0
-431 -1231 0
-431 -1271 0
-431 -1311 0
-431 -1351 0
-431 -1391 0
-431 -1431 0
-431 -1471 0
-431 -1511 0
-471 -511 0
-471 -551 0
-471 -591 0
-471 -631 0
-471 -671 0
-471 -711 0
-471 -751 0
-471 -791 0
-471 -831 0
-471 -871 0
-471 -911 0
-471 -951 0
-471 -991 0
-471 -1031 0
-471 -1071 0
-471 -1111 0
-471 -1151 0
-471 -1191 0
-471 -1231 0
-471 -1271 0
-471 -1311 0
-471 -1351 0
-471 -1391 0
-471 -1431 0
-471 -1471 0
-471 -1511 0
-511 -551 0
-511 -591 0
-511 -631 0
-511 -671 0
-511 -711 0
-511 -751 0
-511 -791 0
-511 -831 0
-511 -871 0
-511 -911 0
-511 -951 0
-511 -991 0
-511 -1031 0
-511 -1071 0
-511 -1111 0
-511 -1151 0
-511 -1191 0
-511 -1231 0
-511 -1271 0
-511 -1311 0
-511 -1351 0
-511 -1391 0
-511 -1431 0
-511 -1471 0
-511 -1511 0
-551 -591 0
-551 -631 0
-551 -671 0
-551 -711 0
-551 -751 0
-551 -791 0
-551 -831 0
-551 -871 0
-551 -911 0
-551 -951 0
-551 -991 0
-551 -1031 0
-551 -1071 0
-551 -1111 0
-551 -1151 0
-551 -1191 0
-551 -1231 0
-551 -1271 0
-551 -1311 0
-551 -1351 0
-551 -1391 0
-551 -1431 0
-551 -1471 0
-551 -1511 0
-591 -631 0
-591 -671 0
-591 -711 0
-591 -751 0
-591 -791 0
-591 -831 0
-591 -871 0
-591 -911 0
-591 -951 0
-591 -991 0
-591 -1031 0
-591 -1071 0
-591 -1111 0
-591 -1151 0
-591 -1191 0
-591 -1231 0
-591 -1271 0
-591 -1311 0
-591 -1351 0
-591 -1391 0
-591 -1431 0
-591 -1471 0
-591 -1511 0
-631 -671 0
-631 -711 0
-631 -751 0
-631 -791 0
-631 -831 0
-631 -871 0
-631 -911 0
-631 -951 0
-631 -991 0
-631 -1031 0
-631 -1071 0
-631 -1111 0
-631 -1151 0
-631 -1191 0
-631 -1231 0
-631 -1271 0
-631 -1311 0
-631 -1351 0
-631 -1391 0
-631 -1431 0
-631 -1471 0
-631 -1511 0
-671 -711 0
-671 -751 0
-671 -791 0
-671 -831 0
-671 -871 0
-671 -911 0
-671 -951 0
-671 -991 0
-671 -1031 0
-671 -1071 0
-671 -1111 0
-671 -1151 0
-671 -1191 0
-671 -1231 0
-671 -1271 0
-671 -1311 0
-671 -1351 0
-671 -1391 0
-671 -1431 0
-671 -1471 0
-671 -1511 0
-711 -751 0
-711 -791 0
-711 -831 0
-711 -871 0
-711 -911 0
-711 -951 0
-711 -991 0
-711 -1031 0
-711 -1071 0
-711 -1111 0
-711 -1151 0
-711 -1191 0
-711 -1231 0
-711 -1271 0
-711 -1311 0
-711 -1351 0
-711 -1391 0
-711 -1431 0
-711 -1471 0
-711 -1511 0
-751 -791 0
-751 -831 0
-751 -871 0
-751 -911 0
-751 -951 0
-751 -991 0
-751 -1031 0
-751 -1071 0
-751 -1111 0
-751 -1151 0
-751 -1191 0
-751 -1231 0
-751 -1271 0
-751 -1311 0
-751 -1351 0
-751 -1391 0
-751 -1431 0
-751 -1471 0
-751 -1511 0
-791 -831 0
-791 -871 0
-791 -911 0
-791 -951 0
-791 -991 0
-791 -1031 0
-791 -1071 0
-791 -1111 0
-791 -1151 0
-791 -1191 0
-791 -1231 0
-791 -1271 0
-791 -1311 0
-791 -1351 0
-791 -1391 0
-791 -1431 0
-791 -1471 0
-791 -1511 0
-831 -871 0
-831 -911 0
-831 -951 0
-831 -991 0
-831 -1031 0
-831 -1071 0
-831 -1111 0
-831 -1151 0
-831 -1191 0
-831 -1231 0
-831 -1271 0
-831 -1311 0
-831 -1351 0
-831 -1391 0
-831 -1431 0
-831 -1471 0
-831 -1511 0
-871 -911 0
-871 -951 0
-871 -991 0
-871 -1031 0
-871 -1071 0
-871 -1111 0
-871 -1151 0
-871 -1191 0
-871 -1231 0
-871 -1271 0
-871 -1311 0
-871 -1351 0
-871 -1391 0
-871 -1431 0
-871 -1471 0
-871 -1511 0
-911 -951 0
-911 -991 0
-911 -1031 0
-911 -1071 0
-911 -1111 0
-911 -1151 0
-911 -1191 0
-911 -1231 0
-911 -1271 0
-911 -1311 0
-911 -1351 0
-911 -1391 0
-911 -1431 0
-911 -1471 0
-911 -1511 0
-951 -991 0
-951 -1031 0
-951 -1071 0
-951 -1111 0
-951 -1151 0
-951 -1191 0
-951 -1231 0
-951 -1271 0
-951 -1311 0
-951 -1351 0
-951 -1391 0
-951 -1431 0
-951 -1471 0
-951 -1511 0
-991 -1031 0
-991 -1071 0
-991 -1111 0
-991 -1151 0
-991 -1191 0
-991 -1231 0
-991 -1271 0
-991 -1311 0
-991 -1351 0
-991 -1391 0
-991 -1431 0
-991 -1471 0
-991 -1511 0
-1031 -1071 0
-1031 -1111 0
-1031 -1151 0
-1031 -1191 0
-1031 -1231 0
-1031 -1271 0
-1031 -1311 0
-1031 -1351 0
-1031 -1391 0
-1031 -1431 0
-1031 -1471 0
-1031 -1511 0
-1071 -1111 0
-1071 -1151 0
-1071 -1191 0
-1071 -1231 0
-1071 -1271 0
-1071 -1311 0
-1071 -1351 0
-1071 -1391 0
-1071 -1431 0
-1071 -1471 0
-1071 -1511 0
-1111 -1151 0
-1111 -1191 0
-1111 -1231 0
-1111 -1271 0
-1111 -1311 0
-1111 -1351 0
-1111 -1391 0
-1111 -1431 0
-1111 -1471 0
-1111 -1511 0
-1151 -1191 0
-1151 -1231 0
-1151 -1271 0
-1151 -1311 0
-1151 -1351 0
-1151 -1391 0
-1151 -1431 0
-1151 -1471 0
-1151 -1511 0
-1191 -1231 0
-1191 -1271 0
-1191 -1311 0
-1191 -1351 0
-1191 -1391 0
-1191 -1431 0
-1191 -1471 0
-1191 -1511 0
-1231 -1271 0
-1231 -1311 0
-1231 -1351 0
-1231 -1391 0
-1231 -1431 0
-1231 -1471 0
-1231 -1511 0
-1271 -1311 0
-1271 -1351 0
-1271 -1391 0
-1271 -1431 0
-1271 -1471 0
-1271 -1511 0
-1311 -1351 0
-1311 -1391 0
-1311 -1431 0
-1311 -1471 0
-1311 -1511 0
-1351 -1391 0
-1351 -1431 0
-1351 -1471 0
-1351 -1511 0
-1391 -1431 0
-1391 -1471 0
-1391 -1511 0
-1431 -1471 0
-1431 -1511 0
-1471 -1511 0
-430 -470 0
-430 -510 0
-430 -550 0
-430 -590 0
-430 -630 0
-430 -670 0
-430 -710 0
-430 -750 0
-430 -790 0
-430 -830 0
-430 -870 0
-430 -910 0
-430 -950 0
-430 -990 0
-430 -1030 0
-430 -1070 0
-430 -1110 0
-430 -1150 0
-430 -1190 0
-430 -1230 0
-430 -1270 0
-430 -1310 0
-430 -1350 0
-430 -1390 0
-430 -1430 0
-430 -1470 0
-430 -1510 0
-470 -510 0
-470 -550 0
-470 -590 0
-470 -630 0
-470 -670 0
-470 -710 0
-470 -750 0
-470 -790 0
-470 -830 0
-470 -870 0
-470 -910 0
-470 -950 0
-470 -990 0
-470 -1030 0
-470 -1070 0
-470 -1110 0
-470 -1150 0
-470 -1190 0
-470 -1230 0
-470 -1270 0
-470 -1310 0
-470 -1350 0
-470 -1390 0
-470 -1430 0
-470 -1470 0
-470 -1510 0
-510 -550 0
-510 -590 0
-510 -630 0
-510 -670 0
-510 -710 0
-510 -750 0
-510 -790 0
-510 -830 0
-510 -870 0
-510 -910 0
-510 -950 0
-510 -990 0
-510 -1030 0
-510 -1070 0
-510 -1110 0
-510 -1150 0
-510 -1190 0
-510 -1230 0
-510 -1270 0
-510 -1310 0
-510 -1350 0
-510 -1390 0
-510 -1430 0
-510 -1470 0
-510 -1510 0
-550 -590 0
-550 -630 0
-550 -670 0
-550 -710 0
-550 -750 0
-550 -790 0
-550 -830 0
-550 -870 0
-550 -910 0
-550 -950 0
-550 -990 0
-550 -1030 0
-550 -1070 0
-550 -1110 0
-550 -1150 0
-550 -1190 0
-550 -1230 0
-550 -1270 0
-550 -1310 0
-550 -1350 0
-550 -1390 0
-550 -1430 0
-550 -1470 0
-550 -1510 0
-590 -630 0
-590 -670 0
-590 -710 0
-590 -750 0
-590 -790 0
-590 -830 0
-590 -870 0
-590 -910 0
-590 -950 0
-590 -990 0
-590 -1030 0
-590 -1070 0
-590 -1110 0
-590 -1150 0
-590 -1190 0
-590 -1230 0
-590 -1270 0
-590 -1310 0
-590 -1350 0
-590 -1390 0
-590 -1430 0
-590 -1470 0
-590 -1510 0
-630 -670 0
-630 -710 0
-630 -750 0
-630 -790 0
-630 -830 0
-630 -870 0
-630 -910 0
-630 -950 0
-630 -990 0
-630 -1030 0
-630 -1070 0
-630 -1110 0
-630 -1150 0
-630 -1190 0
-630 -1230 0
-630 -1270 0
-630 -1310 0
-630 -1350 0
-630 -1390 0
-630 -1430 0
-630 -1470 0
-630 -1510 0
-670 -710 0
-670 -750 0
-670 -790 0
-670 -830 0
-670 -870 0
-670 -910 0
-670 -950 0
-670 -990 0
-670 -1030 0
-670 -1070 0
-670 -1110 0
-670 -1150 0
-670 -1190 0
-670 -1230 0
-670 -1270 0
-670 -1310 0
-670 -1350 0
-670 -1390 0
-670 -1430 0
-670 -1470 0
-670 -1510 0
-710 -750 0
-710 -790 0
-710 -830 0
-710 -870 0
-710 -910 0
-710 -950 0
-710 -990 0
-710 -1030 0
-710 -1070 0
-710 -1110 0
-710 -1150 0
-710 -1190 0
-710 -1230 0
-710 -1270 0
-710 -1310 0
-710 -1350 0
-710 -1390 0
-710 -1430 0
-710 -1470 0
-710 -1510 0
-750 -790 0
-750 -830 0
-750 -870 0
-750 -910 0
-750 -950 0
-750 -990 0
-750 -1030 0
-750 -1070 0
-750 -1110 0
-750 -1150 0
-750 -1190 0
-750 -1230 0
-750 -1270 0
-750 -1310 0
-750 -1350 0
-750 -1390 0
-750 -1430 0
-750 -1470 0
-750 -1510 0
-790 -830 0
-790 -870 0
-790 -910 0
-790 -950 0
-790 -990 0
-790 -1030 0
-790 -1070 0
-790 -1110 0
-790 -1150 0
-790 -1190 0
-790 -1230 0
-790 -1270 0
-790 -1310 0
-790 -1350 0
-790 -1390 0
-790 -1430 0
-790 -1470 0
-790 -1510 0
-830 -870 0
-830 -910 0
-830 -950 0
-830 -990 0
-830 -1030 0
-830 -1070 0
-830 -1110 0
-830 -1150 0
-830 -1190 0
-830 -1230 0
-830 -1270 0
-830 -1310 0
-830 -1350 0
-830 -1390 0
-830 -1430 0
-830 -1470 0
-830 -1510 0
-870 -910 0
-870 -950 0
-870 -990 0
-870 -1030 0
-870 -1070 0
-870 -1110 0
-870 -1150 0
-870 -1190 0
-870 -1230 0
-870 -1270 0
-870 -1310 0
-870 -1350 0
-870 -1390 0
-870 -1430 0
-870 -1470 0
-870 -1510 0
-910 -950 0
-910 -990 0
-910 -1030 0
-910 -1070 0
-910 -1110 0
-910 -1150 0
-910 -1190 0
-910 -1230 0
-910 -1270 0
-910 -1310 0
-910 -1350 0
-910 -1390 0
-910 -1430 0
-910 -1470 0
-910 -1510 0
-950 -990 0
-950 -1030 0
-950 -1070 0
-950 -1110 0
-950 -1150 0
-950 -1190 0
-950 -1230 0
-950 -1270 0
-950 -1310 0
-950 -1350 0
-950 -1390 0
-950 -1430 0
-950 -1470 0
-950 -1510 0
-990 -1030 0
-990 -1070 0
-990 -1110 0
-990 -1150 0
-990 -1190 0
-990 -1230 0
-990 -1270 0
-990 -1310 0
-990 -1350 0
-990 -1390 0
-990 -1430 0
-990 -1470 0
-990 -1510 0
-1030 -1070 0
-1030 -1110 0
-1030 -1150 0
-1030 -1190 0
-1030 -1230 0
-1030 -1270 0
-1030 -1310 0
-1030 -1350 0
-1030 -1390 0
-1030 -1430 0
-1030 -1470 0
-1030 -1510 0
-1070 -1110 0
-1070 -1150 0
-1070 -1190 0
-1070 -1230 0
-1070 -1270 0
-1070 -1310 0
-1070 -1350 0
-1070 -1390 0
-1070 -1430 0
-1070 -1470 0
-1070 -1510 0
-1110 -1150 0
-1110 -1190 0
-1110 -1230 0
-1110 -1270 0
-1110 -1310 0
-1110 -1350 0
-1110 -1390 0
-1110 -1430 0
-1110 -1470 0
-1110 -1510 0
-1150 -1190 0
-1150 -1230 0
-1150 -1270 0
-1150 -1310 0
-1150 -1350 0
-1150 -1390 0
-1150 -1430 0
-1150 -1470 0
-1150 -1510 0
-1190 -1230 0
-1190 -1270 0
-1190 -1310 0
-1190 -1350 0
-1190 -1390 0
-1190 -1430 0
-1190 -1470 0
-1190 -1510 0
-1230 -1270 0
-1230 -1310 0
-1230 -1350 0
-1230 -1390 0
-1230 -1430 0
-1230 -1470 0
-1230 -1510 0
-1270 -1310 0
-1270 -1350 0
-1270 -1390 0
-1270 -1430 0
-1270 -1470 0
-1270 -1510 0
-1310 -1350 0
-1310 -1390 0
-1310 -1430 0
-1310 -1470 0
-1310 -1510 0
-1350 -1390 0
-1350 -1430 0
-1350 -1470 0
-1350 -1510 0
-1390 -1430 0
-1390 -1470 0
-1390 -1510 0
-1430 -1470 0
-1430 -1510 0
-1470 -1510 0
-469 -509 0
-469 -549 0
-469 -589 0
-469 -629 0
-469 -669 0
-469 -709 0
-469 -749 0
-469 -789 0
-469 -829 0
-469 -869 0
-469 -909 0
-469 -949 0
-469 -989 0
-469 -1029 0
-469 -1069 0
-469 -1109 0
-469 -1149 0
-469 -1189 0
-469 -1229 0
-469 -1269 0
-469 -1309 0
-469 -1349 0
-469 -1389 0
-469 -1429 0
-469 -1469 0
-469 -1509 0
-509 -549 0
-509 -589 0
-509 -629 0
-509 -669 0
-509 -709 0
-509 -749 0
-509 -789 0
-509 -829 0
-509 -869 0
-509 -909 0
-509 -949 0
-509 -989 0
-509 -1029 0
-509 -1069 0
-509 -1109 0
-509 -1149 0
-509 -1189 0
-509 -1229 0
-509 -1269 0
-509 -1309 0
-509 -1349 0
-509 -1389 0
-509 -1429 0
-509 -1469 0
-509 -1509 0
-549 -589 0
-549 -629 0
-549 -669 0
-549 -709 0
-549 -749 0
-549 -789 0
-549 -829 0
-549 -869 0
-549 -909 0
-549 -949 0
-549 -989 0
-549 -1029 0
-549 -1069 0
-549 -1109 0
-549 -1149 0
-549 -1189 0
-549 -1229 0
-549 -1269 0
-549 -1309 0
-549 -1349 0
-549 -1389 0
-549 -1429 0
-549 -1469 0
-549 -1509 0
-589 -629 0
-589 -669 0
-589 -709 0
-589 -749 0
-589 -789 0
-589 -829 0
-589 -869 0
-589 -909 0
-589 -949 0
-589 -989 0
-589 -1029 0
-589 -1069 0
-589 -1109 0
-589 -1149 0
-589 -1189 0
-589 -1229 0
-589 -1269 0
-589 -1309 0
-589 -1349 0
-589 -1389 0
-589 -1429 0
-589 -1469 0
-589 -1509 0
-629 -669 0
-629 -709 0
-629 -749 0
-629 -789 0
-629 -829 0
-629 -869 0
-629 -909 0
-629 -949 0
-629 -989 0
-629 -1029 0
-629 -1069 0
-629 -1109 0
-629 -1149 0
-629 -1189 0
-629 -1229 0
-629 -1269 0
-629 -1309 0
-629 -1349 0
-629 -1389 0
-629 -1429 0
-629 -1469 0
-629 -1509 0
-669 -709 0
-669 -749 0
-669 -789 0
-669 -829 0
-669 -869 0
-669 -909 0
-669 -949 0
-669 -989 0
-669 -1029 0
-669 -1069 0
-669 -1109 0
-669 -1149 0
-669 -1189 0
-669 -1229 0
-669 -1269 0
-669 -1309 0
-669 -1349 0
-669 -1389 0
-669 -1429 0
-669 -1469 0
-669 -1509 0
-709 -749 0
-709 -789 0
-709 -829 0
-709 -869 0
-709 -909 0
-709 -949 0
-709 -989 0
-709 -1029 0
-709 -1069 0
-709 -1109 0
-709 -1149 0
-709 -1189 0
-709 -1229 0
-709 -1269 0
-709 -1309 0
-709 -1349 0
-709 -1389 0
-709 -1429 0
-709 -1469 0
-709 -1509 0
-749 -789 0
-749 -829 0
-749 -869 0
-749 -909 0
-749 -949 0
-749 -989 0
-749 -1029 0
-749 -1069 0
-749 -1109 0
-749 -1149 0
-749 -1189 0
-749 -1229 0
-749 -1269 0
-749 -1309 0
-749 -1349 0
-749 -1389 0
-749 -1429 0
-749 -1469 0
-749 -1509 0
-789 -829 0
-789 -869 0
-789 -909 0
-789 -949 0
-789 -989 0
-789 -1029 0
-789 -1069 0
-789 -1109 0
-789 -1149 0
-789 -1189 0
-789 -1229 0
-789 -1269 0
-789 -1309 0
-789 -1349 0
-789 -1389 0
-789 -1429 0
-789 -1469 0
-789 -1509 0
-829 -869 0
-829 -909 0
-829 -949 0
-829 -989 0
-829 -1029 0
-829 -1069 0
-829 -1109 0
-829 -1149 0
-829 -1189 0
-829 -1229 0
-829 -1269 0
-829 -1309 0
-829 -1349 0
-829 -1389 0
-829 -1429 0
-829 -1469 0
-829 -1509 0
-869 -909 0
-869 -949 0
-869 -989 0
-869 -1029 0
-869 -1069 0
-869 -1109 0
-869 -1149 0
-869 -1189 0
-869 -1229 0
-869 -1269 0
-869 -1309 0
-869 -1349 0
-869 -1389 0
-869 -1429 0
-869 -1469 0
-869 -1509 0
-909 -949 0
-909 -989 0
-909 -1029 0
-909 -1069 0
-909 -1109 0
-909 -1149 0
-909 -1189 0
-909 -1229 0
-909 -1269 0
-909 -1309 0
-909 -1349 0
-909 -1389 0
-909 -1429 0
-909 -1469 0
-909 -1509 0
-949 -989 0
-949 -1029 0
-949 -1069 0
-949 -1109 0
-949 -1149 0
-949 -1189 0
-949 -1229 0
-949 -1269 0
-949 -1309 0
-949 -1349 0
-949 -1389 0
-949 -1429 0
-949 -1469 0
-949 -1509 0
-989 -1029 0
-989 -1069 0
-989 -1109 0
-989 -1149 0
-989 -1189 0
-989 -1229 0
-989 -1269 0
-989 -1309 0
-989 -1349 0
-989 -1389 0
-989 -1429 0
-989 -1469 0
-989 -1509 0
-1029 -1069 0
-1029 -1109 0
-1029 -1149 0
-1029 -1189 0
-1029 -1229 0
-1029 -1269 0
-1029 -1309 0
-1029 -1349 0
-1029 -1389 0
-1029 -1429 0
-1029 -1469 0
-1029 -1509 0
-1069 -1109 0
-1069 -1149 0
-1069 -1189 0
-1069 -1229 0
-1069 -1269 0
-1069 -1309 0
-1069 -1349 0
-1069 -1389 0
-1069 -1429 0
-1069 -1469 0
-1069 -1509 0
-1109 -1149 0
-1109 -1189 0
-1109 -1229 0
-1109 -1269 0
-1109 -1309 0
-1109 -1349 0
-1109 -1389 0
-1109 -1429 0
-1109 -1469 0
-1109 -1509 0
-1149 -1189 0
-1149 -1229 0
-1149 -1269 0
-1149 -1309 0
-1149 -1349 0
-1149 -1389 0
-1149 -1429 0
-1149 -1469 0
-1149 -1509 0
-1189 -1229 0
-1189 -1269 0
-1189 -1309 0
-1189 -1349 0
-1189 -1389 0
-1189 -1429 0
-1189 -1469 0
-1189 -1509 0
-1229 -1269 0
-1229 -1309 0
-1229 -1349 0
-1229 -1389 0
-1229 -1429 0
-1229 -1469 0
-1229 -1509 0
-1269 -1309 0
-1269 -1349 0
-1269 -1389 0
-1269 -1429 0
-1269 -1469 0
-1269 -1509 0
-1309 -1349 0
-1309 -1389 0
-1309 -1429 0
-1309 -1469 0
-1309 -1509 0
-1349 -1389 0
-1349 -1429 0
-1349 -1469 0
-1349 -1509 0
-1389 -1429 0
-1389 -1469 0
-1389 -1509 0
-1429 -1469 0
-1429 -1509 0
-1469 -1509 0
-508 -548 0
-508 -588 0
-508 -628 0
-508 -668 0
-508 -708 0
-508 -748 0
-508 -788 0
-508 -828 0
-508 -868 0
-508 -908 0
-508 -948 0
-508 -988 0
-508 -1028 0
-508 -1068 0
-508 -1108 0
-508 -1148 0
-508 -1188 0
-508 -1228 0
-508 -1268 0
-508 -1308 0
-508 -1348 0
-508 -1388 0
-508 -1428 0
-508 -1468 0
-508 -1508 0
-548 -588 0
-548 -628 0
-548 -668 0
-548 -708 0
-548 -748 0
-548 -788 0
-548 -828 0
-548 -868 0
-548 -908 0
-548 -948 0
-548 -988 0
-548 -1028 0
-548 -1068 0
-548 -1108 0
-548 -1148 0
-548 -1188 0
-548 -1228 0
-548 -1268 0
-548 -1308 0
-548 -1348 0
-548 -1388 0
-548 -1428 0
-548 -1468 0
-548 -1508 0
-588 -628 0
-588 -668 0
-588 -708 0
-588 -748 0
-588 -788 0
-588 -828 0
-588 -868 0
-588 -908 0
-588 -948 0
-588 -988 0
-588 -1028 0
-588 -1068 0
-588 -1108 0
-588 -1148 0
-588 -1188 0
-588 -1228 0
-588 -1268 0
-588 -1308 0
-588 -1348 0
-588 -1388 0
-588 -1428 0
-588 -1468 0
-588 -1508 0
-628 -668 0
-628 -708 0
-628 -748 0
-628 -788 0
-628 -828 0
-628 -868 0
-628 -908 0
-628 -948 0
-628 -988 0
-628 -1028 0
-628 -1068 0
-628 -1108 0
-628 -1148 0
-628 -1188 0
-628 -1228 0
-628 -1268 0
-628 -1308 0
-628 -1348 0
-628 -1388 0
-628 -1428 0
-628 -1468 0
-628 -1508 0
-668 -708 0
-668 -748 0
-668 -788 0
-668 -828 0
-668 -868 0
-668 -908 0
-668 -948 0
-668 -988 0
-668 -1028 0
-668 -1068 0
-668 -1108 0
-668 -1148 0
-668 -1188 0
-668 -1228 0
-668 -1268 0
-668 -1308 0
-668 -1348 0
-668 -1388 0
-668 -1428 0
-668 -1468 0
-668 -1508 0
-708 -748 0
-708 -788 0
-708 -828 0
-708 -868 0
-708 -908 0
-708 -948 0
-708 -988 0
-708 -1028 0
-708 -1068 0
-708 -1108 0
-708 -1148 0
-708 -1188 0
-708 -1228 0
-708 -1268 0
-708 -1308 0
-708 -1348 0
-708 -1388 0
-708 -1428 0
-708 -1468 0
-708 -1508 0
-748 -788 0
-748 -828 0
-748 -868 0
-748 -908 0
-748 -948 0
-748 -988 0
-748 -1028 0
-748 -1068 0
-748 -1108 0
-748 -1148 0
-748 -1188 0
-748 -1228 0
-748 -1268 0
-748 -1308 0
-748 -1348 0
-748 -1388 0
-748 -1428 0
-748 -1468 0
-748 -1508 0
-788 -828 0
-788 -868 0
-788 -908 0
-788 -948 0
-788 -988 0
-788 -1028 0
-788 -1068 0
-788 -1108 0
-788 -1148 0
-788 -1188 0
-788 -1228 0
-788 -1268 0
-788 -1308 0
-788 -1348 0
-788 -1388 0
-788 -1428 0
-788 -1468 0
-788 -1508 0
-828 -868 0
-828 -908 0
-828 -948 0
-828 -988 0
-828 -1028 0
-828 -1068 0
-828 -1108 0
-828 -1148 0
-828 -1188 0
-828 -1228 0
-828 -1268 0
-828 -1308 0
-828 -1348 0
-828 -1388 0
-828 -1428 0
-828 -1468 0
-828 -1508 0
-868 -908 0
-868 -948 0
-868 -988 0
-868 -1028 0
-868 -1068 0
-868 -1108 0
-868 -1148 0
-868 -1188 0
-868 -1228 0
-868 -1268 0
-868 -1308 0
-868 -1348 0
-868 -1388 0
-868 -1428 0
-868 -1468 0
-868 -1508 0
-908 -948 0
-908 -988 0
-908 -1028 0
-908 -1068 0
-908 -1108 0
-908 -1148 0
-908 -1188 0
-908 -1228 0
-908 -1268 0
-908 -1308 0
-908 -1348 0
-908 -1388 0
-908 -1428 0
-908 -1468 0
-908 -1508 0
-948 -988 0
-948 -1028 0
-948 -1068 0
-948 -1108 0
-948 -1148 0
-948 -1188 0
-948 -1228 0
-948 -1268 0
-948 -1308 0
-948 -1348 0
-948 -1388 0
-948 -1428 0
-948 -1468 0
-948 -1508 0
-988 -1028 0
-988 -1068 0
-988 -1108 0
-988 -1148 0
-988 -1188 0
-988 -1228 0
-988 -1268 0
-988 -1308 0
-988 -1348 0
-988 -1388 0
-988 -1428 0
-988 -1468 0
-988 -1508 0
-1028 -1068 0
-1028 -1108 0
-1028 -1148 0
-1028 -1188 0
-1028 -1228 0
-1028 -1268 0
-1028 -1308 0
-1028 -1348 0
-1028 -1388 0
-1028 -1428 0
-1028 -1468 0
-1028 -1508 0
-1068 -1108 0
-1068 -1148 0
-1068 -1188 0
-1068 -1228 0
-1068 -1268 0
-1068 -1308 0
-1068 -1348 0
-1068 -1388 0
-1068 -1428 0
-1068 -1468 0
-1068 -1508 0
-1108 -1148 0
-1108 -1188 0
-1108 -1228 0
-1108 -1268 0
-1108 -1308 0
-1108 -1348 0
-1108 -1388 0
-1108 -1428 0
-1108 -1468 0
-1108 -1508 0
-1148 -1188 0
-1148 -1228 0
-1148 -1268 0
-1148 -1308 0
-1148 -1348 0
-1148 -1388 0
-1148 -1428 0
-1148 -1468 0
-1148 -1508 0
-1188 -1228 0
-1188 -1268 0
-1188 -1308 0
-1188 -1348 0
-1188 -1388 0
-1188 -1428 0
-1188 -1468 0
-1188 -1508 0
-1228 -1268 0
-1228 -1308 0
-1228 -1348 0
-1228 -1388 0
-1228 -1428 0
-1228 -1468 0
-1228 -1508 0
-1268 -1308 0
-1268 -1348 0
-1268 -1388 0
-1268 -1428 0
-1268 -1468 0
-1268 -1508 0
-1308 -1348 0
-1308 -1388 0
-1308 -1428 0
-1308 -1468 0
-1308 -1508 0
-1348 -1388 0
-1348 -1428 0
-1348 -1468 0
-1348 -1508 0
-1388 -1428 0
-1388 -1468 0
-1388 -1508 0
-1428 -1468 0
-1428 -1508 0
-1468 -1508 0
-547 -587 0
-547 -627 0
-547 -667 0
-547 -707 0
-547 -747 0
-547 -787 0
-547 -827 0
-547 -867 0
-547 -907 0
-547 -947 0
-547 -987 0
-547 -1027 0
-547 -1067 0
-547 -1107 0
-547 -1147 0
-547 -1187 0
-547 -1227 0
-547 -1267 0
-547 -1307 0
-547 -1347 0
-547 -1387 0
-547 -1427 0
-547 -1467 0
-547 -1507 0
-587 -627 0
-587 -667 0
-587 -707 0
-587 -747 0
-587 -787 0
-587 -827 0
-587 -867 0
-587 -907 0
-587 -947 0
-587 -987 0
-587 -1027 0
-587 -1067 0
-587 -1107 0
-587 -1147 0
-587 -1187 0
-587 -1227 0
-587 -1267 0
-587 -1307 0
-587 -1347 0
-587 -1387 0
-587 -1427 0
-587 -1467 0
-587 -1507 0
-627 -667 0
-627 -707 0
-627 -747 0
-627 -787 0
-627 -827 0
-627 -867 0
-627 -907 0
-627 -947 0
-627 -987 0
-627 -1027 0
-627 -1067 0
-627 -1107 0
-627 -1147 0
-627 -1187 0
-627 -1227 0
-627 -1267 0
-627 -1307 0
-627 -1347 0
-627 -1387 0
-627 -1427 0
-627 -1467 0
-627 -1507 0
-667 -707 0
-667 -747 0
-667 -787 0
-667 -827 0
-667 -867 0
-667 -907 0
-667 -947 0
-667 -987 0
-667 -1027 0
-667 -1067 0
-667 -1107 0
-667 -1147 0
-667 -1187 0
-667 -1227 0
-667 -1267 0
-667 -1307 0
-667 -1347 0
-667 -1387 0
-667 -1427 0
-667 -1467 0
-667 -1507 0
-707 -747 0
-707 -787 0
-707 -827 0
-707 -867 0
-707 -907 0
-707 -947 0
-707 -987 0
-707 -1027 0
-707 -1067 0
-707 -1107 0
-707 -1147 0
-707 -1187 0
-707 -1227 0
-707 -1267 0
-707 -1307 0
-707 -1347 0
-707 -1387 0
-707 -1427 0
-707 -1467 0
-707 -1507 0
-747 -787 0
-747 -827 0
-747 -867 0
-747 -907 0
-747 -947 0
-747 -987 0
-747 -1027 0
-747 -1067 0
-747 -1107 0
-747 -1147 0
-747 -1187 0
-747 -1227 0
-747 -1267 0
-747 -1307 0
-747 -1347 0
-747 -1387 0
-747 -1427 0
-747 -1467 0
-747 -1507 0
-787 -827 0
-787 -867 0
-787 -907 0
-787 -947 0
-787 -987 0
-787 -1027 0
-787 -1067 0
-787 -1107 0
-787 -1147 0
-787 -1187 0
-787 -1227 0
-787 -1267 0
-787 -1307 0
-787 -1347 0
-787 -1387 0
-787 -1427 0
-787 -1467 0
-787 -1507 0
-827 -867 0
-827 -907 0
-827 -947 0
-827 -987 0
-827 -1027 0
-827 -1067 0
-827 -1107 0
-827 -1147 0
-827 -1187 0
-827 -1227 0
-827 -1267 0
-827 -1307 0
-827 -1347 0
-827 -1387 0
-827 -1427 0
-827 -1467 0
-827 -1507 0
-867 -907 0
-867 -947 0
-867 -987 0
-867 -1027 0
-867 -1067 0
-867 -1107 0
-867 -1147 0
-867 -1187 0
-867 -1227 0
-867 -1267 0
-867 -1307 0
-867 -1347 0
-867 -1387 0
-867 -1427 0
-867 -1467 0
-867 -1507 0
-907 -947 0
-907 -987 0
-907 -1027 0
-907 -1067 0
-907 -1107 0
-907 -1147 0
-907 -1187 0
-907 -1227 0
-907 -1267 0
-907 -1307 0
-907 -1347 0
-907 -1387 0
-907 -1427 0
-907 -1467 0
-907 -1507 0
-947 -987 0
-947 -1027 0
-947 -1067 0
-947 -1107 0
-947 -1147 0
-947 -1187 0
-947 -1227 0
-947 -1267 0
-947 -1307 0
-947 -1347 0
-947 -1387 0
-947 -1427 0
-947 -1467 0
-947 -1507 0
-987 -1027 0
-987 -1067 0
-987 -1107 0
-987 -1147 0
-987 -1187 0
-987 -1227 0
-987 -1267 0
-987 -1307 0
-987 -1347 0
-987 -1387 0
-987 -1427 0
-987 -1467 0
-987 -1507 0
-1027 -1067 0
-1027 -1107 0
-1027 -1147 0
-1027 -1187 0
-1027 -1227 0
-1027 -1267 0
-1027 -1307 0
-1027 -1347 0
-1027 -1387 0
-1027 -1427 0
-1027 -1467 0
-1027 -1507 0
-1067 -1107 0
-1067 -1147 0
-1067 -1187 0
-1067 -1227 0
-1067 -1267 0
-1067 -1307 0
-1067 -1347 0
-1067 -1387 0
-1067 -1427 0
-1067 -1467 0
-1067 -1507 0
-1107 -1147 0
-1107 -1187 0
-1107 -1227 0
-1107 -1267 0
-1107 -1307 0
-1107 -1347 0
-1107 -1387 0
-1107 -1427 0
-1107 -1467 0
-1107 -1507 0
-1147 -1187 0
-1147 -1227 0
-1147 -1267 0
-1147 -1307 0
-1147 -1347 0
-1147 -1387 0
-1147 -1427 0
-1147 -1467 0
-1147 -1507 0
-1187 -1227 0
-1187 -1267 0
-1187 -1307 0
-1187 -1347 0
-1187 -1387 0
-1187 -1427 0
-1187 -1467 0
-1187 -1507 0
-1227 -1267 0
-1227 -1307 0
-1227 -1347 0
-1227 -1387 0
-1227 -1427 0
-1227 -1467 0
-1227 -1507 0
-1267 -1307 0
-1267 -1347 0
-1267 -1387 0
-1267 -1427 0
-1267 -1467 0
-1267 -1507 0
-1307 -1347 0
-1307 -1387 0
-1307 -1427 0
-1307 -1467 0
-1307 -1507 0
-1347 -1387 0
-1347 -1427 0
-1347 -1467 0
-1347 -1507 0
-1387 -1427 0
-1387 -1467 0
-1387 -1507 0
-1427 -1467 0
-1427 -1507 0
-1467 -1507 0
-586 -626 0
-586 -666 0
-586 -706 0
-586 -746 0
-586 -786 0
-586 -826 0
-586 -866 0
-586 -906 0
-586 -946 0
-586 -986 0
-586 -1026 0
-586 -1066 0
-586 -1106 0
-586 -1146 0
-586 -1186 0
-586 -1226 0
-586 -1266 0
-586 -1306 0
-586 -1346 0
-586 -1386 0
-586 -1426 0
-586 -1466 0
-586 -1506 0
-626 -666 0
-626 -706 0
-626 -746 0
-626 -786 0
-626 -826 0
-626 -866 0
-626 -906 0
-626 -946 0
-626 -986 0
-626 -1026 0
-626 -1066 0
-626 -1106 0
-626 -1146 0
-626 -1186 0
-626 -1226 0
-626 -1266 0
-626 -1306 0
-626 -1346 0
-626 -1386 0
-626 -1426 0
-626 -1466 0
-626 -1506 0
-666 -706 0
-666 -746 0
-666 -786 0
-666 -826 0
-666 -866 0
-666 -906 0
-666 -946 0
-666 -986 0
-666 -1026 0
-666 -1066 0
-666 -1106 0
-666 -1146 0
-666 -1186 0
-666 -1226 0
-666 -1266 0
-666 -1306 0
-666 -1346 0
-666 -1386 0
-666 -1426 0
-666 -1466 0
-666 -1506 0
-706 -746 0
-706 -786 0
-706 -826 0
-706 -866 0
-706 -906 0
-706 -946 0
-706 -986 0
-706 -1026 0
-706 -1066 0
-706 -1106 0
-706 -1146 0
-706 -1186 0
-706 -1226 0
-706 -1266 0
-706 -1306 0
-706 -1346 0
-706 -1386 0
-706 -1426 0
-706 -1466 0
-706 -1506 0
-746 -786 0
-746 -826 0
-746 -866 0
-746 -906 0
-746 -946 0
-746 -986 0
-746 -1026 0
-746 -1066 0
-746 -1106 0
-746 -1146 0
-746 -1186 0
-746 -1226 0
-746 -1266 0
-746 -1306 0
-746 -1346 0
-746 -1386 0
-746 -1426 0
-746 -1466 0
-746 -1506 0
-786 -826 0
-786 -866 0
-786 -906 0
-786 -946 0
-786 -986 0
-786 -1026 0
-786 -1066 0
-786 -1106 0
-786 -1146 0
-786 -1186 0
-786 -1226 0
-786 -1266 0
-786 -1306 0
-786 -1346 0
-786 -1386 0
-786 -1426 0
-786 -1466 0
-786 -1506 0
-826 -866 0
-826 -906 0
-826 -946 0
-826 -986 0
-826 -1026 0
-826 -1066 0
-826 -1106 0
-826 -1146 0
-826 -1186 0
-826 -1226 0
-826 -1266 0
-826 -1306 0
-826 -1346 0
-826 -1386 0
-826 -1426 0
-826 -1466 0
-826 -1506 0
-866 -906 0
-866 -946 0
-866 -986 0
-866 -1026 0
-866 -1066 0
-866 -1106 0
-866 -1146 0
-866 -1186 0
-866 -1226 0
-866 -1266 0
-866 -1306 0
-866 -1346 0
-866 -1386 0
-866 -1426 0
-866 -1466 0
-866 -1506 0
-906 -946 0
-906 -986 0
-906 -1026 0
-906 -1066 0
-906 -1106 0
-906 -1146 0
-906 -1186 0
-906 -1226 0
-906 -1266 0
-906 -1306 0
-906 -1346 0
-906 -1386 0
-906 -1426 0
-906 -1466 0
-906 -1506 0
-946 -986 0
-946 -1026 0
-946 -1066 0
-946 -1106 0
-946 -1146 0
-946 -1186 0
-946 -1226 0
-946 -1266 0
-946 -1306 0
-946 -1346 0
-946 -1386 0
-946 -1426 0
-946 -1466 0
-946 -1506 0
-986 -1026 0
-986 -1066 0
-986 -1106 0
-986 -1146 0
-986 -1186 0
-986 -1226 0
-986 -1266 0
-986 -1306 0
-986 -1346 0
-986 -1386 0
-986 -1426 0
-986 -1466 0
-986 -1506 0
-1026 -1066 0
-1026 -1106 0
-1026 -1146 0
-1026 -1186 0
-1026 -1226 0
-1026 -1266 0
-1026 -1306 0
-1026 -1346 0
-1026 -1386 0
-1026 -1426 0
-1026 -1466 0
-1026 -1506 0
-1066 -1106 0
-1066 -1146 0
-1066 -1186 0
-1066 -1226 0
-1066 -1266 0
-1066 -1306 0
-1066 -1346 0
-1066 -1386 0
-1066 -1426 0
-1066 -1466 0
-1066 -1506 0
-1106 -1146 0
-1106 -1186 0
-1106 -1226 0
-1106 -1266 0
-1106 -1306 0
-1106 -1346 0
-1106 -1386 0
-1106 -1426 0
-1106 -1466 0
-1106 -1506 0
-1146 -1186 0
-1146 -1226 0
-1146 -1266 0
-1146 -1306 0
-1146 -1346 0
-1146 -1386 0
-1146 -1426 0
-1146 -1466 0
-1146 -1506 0
-1186 -1226 0
-1186 -1266 0
-1186 -1306 0
-1186 -1346 0
-1186 -1386 0
-1186 -1426 0
-1186 -1466 0
-1186 -1506 0
-1226 -1266 0
-1226 -1306 0
-1226 -1346 0
-1226 -1386 0
-1226 -1426 0
-1226 -1466 0
-1226 -1506 0
-1266 -1306 0
-1266 -1346 0
-1266 -1386 0
-1266 -1426 0
-1266 -1466 0
-1266 -1506 0
-1306 -1346 0
-1306 -1386 0
-1306 -1426 0
-1306 -1466 0
-1306 -1506 0
-1346 -1386 0
-1346 -1426 0
-1346 -1466 0
-1346 -1506 0
-1386 -1426 0
-1386 -1466 0
-1386 -1506 0
-1426 -1466 0
-1426 -1506 0
-1466 -1506 0
-625 -665 0
-625 -705 0
-625 -745 0
-625 -785 0
-625 -825 0
-625 -865 0
-625 -905 0
-625 -945 0
-625 -985 0
-625 -1025 0
-625 -1065 0
-625 -1105 0
-625 -1145 0
-625 -1185 0
-625 -1225 0
-625 -1265 0
-625 -1305 0
-625 -1345 0
-625 -1385 0
-625 -1425 0
-625 -1465 0
-625 -1505 0
-665 -705 0
-665 -745 0
-665 -785 0
-665 -825 0
-665 -865 0
-665 -905 0
-665 -945 0
-665 -985 0
-665 -1025 0
-665 -1065 0
-665 -1105 0
-665 -1145 0
-665 -1185 0
-665 -1225 0
-665 -1265 0
-665 -1305 0
-665 -1345 0
-665 -1385 0
-665 -1425 0
-665 -1465 0
-665 -1505 0
-705 -745 0
-705 -785 0
-705 -825 0
-705 -865 0
-705 -905 0
-705 -945 0
-705 -985 0
-705 -1025 0
-705 -1065 0
-705 -1105 0
-705 -1145 0
-705 -1185 0
-705 -1225 0
-705 -1265 0
-705 -1305 0
-705 -1345 0
-705 -1385 0
-705 -1425 0
-705 -1465 0
-705 -1505 0
-745 -785 0
-745 -825 0
-745 -865 0
-745 -905 0
-745 -945 0
-745 -985 0
-745 -1025 0
-745 -1065 0
-745 -1105 0
-745 -1145 0
-745 -1185 0
-745 -1225 0
-745 -1265 0
-745 -1305 0
-745 -1345 0
-745 -1385 0
-745 -1425 0
-745 -1465 0
-745 -1505 0
-785 -825 0
-785 -865 0
-785 -905 0
-785 -945 0
-785 -985 0
-785 -1025 0
-785 -1065 0
-785 -1105 0
-785 -1145 0
-785 -1185 0
-785 -1225 0
-785 -1265 0
-785 -1305 0
-785 -1345 0
-785 -1385 0
-785 -1425 0
-785 -1465 0
-785 -1505 0
-825 -865 0
-825 -905 0
-825 -945 0
-825 -985 0
-825 -1025 0
-825 -1065 0
-825 -1105 0
-825 -1145 0
-825 -1185 0
-825 -1225 0
-825 -1265 0
-825 -1305 0
-825 -1345 0
-825 -1385 0
-825 -1425 0
-825 -1465 0
-825 -1505 0
-865 -905 0
-865 -945 0
-865 -985 0
-865 -1025 0
-865 -1065 0
-865 -1105 0
-865 -1145 0
-865 -1185 0
-865 -1225 0
-865 -1265 0
-865 -1305 0
-865 -1345 0
-865 -1385 0
-865 -1425 0
-865 -1465 0
-865 -1505 0
-905 -945 0
-905 -985 0
-905 -1025 0
-905 -1065 0
-905 -1105 0
-905 -1145 0
-905 -1185 0
-905 -1225 0
-905 -1265 0
-905 -1305 0
-905 -1345 0
-905 -1385 0
-905 -1425 0
-905 -1465 0
-905 -1505 0
-945 -985 0
-945 -1025 0
-945 -1065 0
-945 -1105 0
-945 -1145 0
-945 -1185 0
-945 -1225 0
-945 -1265 0
-945 -1305 0
-945 -1345 0
-945 -1385 0
-945 -1425 0
-945 -1465 0
-945 -1505 0
-985 -1025 0
-985 -1065 0
-985 -1105 0
-985 -1145 0
-985 -1185 0
-985 -1225 0
-985 -1265 0
-985 -1305 0
-985 -1345 0
-985 -1385 0
-985 -1425 0
-985 -1465 0
-985 -1505 0
-1025 -1065 0
-1025 -1105 0
-1025 -1145 0
-1025 -1185 0
-1025 -1225 0
-1025 -1265 0
-1025 -1305 0
-1025 -1345 0
-1025 -1385 0
-1025 -1425 0
-1025 -1465 0
-1025 -1505 0
-1065 -1105 0
-1065 -1145 0
-1065 -1185 0
-1065 -1225 0
-1065 -1265 0
-1065 -1305 0
-1065 -1345 0
-1065 -1385 0
-1065 -1425 0
-1065 -1465 0
-1065 -1505 0
-1105 -1145 0
-1105 -1185 0
-1105 -1225 0
-1105 -1265 0
-1105 -1305 0
-1105 -1345 0
-1105 -1385 0
-1105 -1425 0
-1105 -1465 0
-1105 -1505 0
-1145 -1185 0
-1145 -1225 0
-1145 -1265 0
-1145 -1305 0
-1145 -1345 0
-1145 -1385 0
-1145 -1425 0
-1145 -1465 0
-1145 -1505 0
-1185 -1225 0
-1185 -1265 0
-1185 -1305 0
-1185 -1345 0
-1185 -1385 0
-1185 -1425 0
-1185 -1465 0
-1185 -1505 0
-1225 -1265 0
-1225 -1305 0
-1225 -1345 0
-1225 -1385 0
-1225 -1425 0
-1225 -1465 0
-1225 -1505 0
-1265 -1305 0
-1265 -1345 0
-1265 -1385 0
-1265 -1425 0
-1265 -1465 0
-1265 -1505 0
-1305 -1345 0
-1305 -1385 0
-1305 -1425 0
-1305 -1465 0
-1305 -1505 0
-1345 -1385 0
-1345 -1425 0
-1345 -1465 0
-1345 -1505 0
-1385 -1425 0
-1385 -1465 0
-1385 -1505 0
-1425 -1465 0
-1425 -1505 0
-1465 -1505 0
-664 -704 0
-664 -744 0
-664 -784 0
-664 -824 0
-664 -864 0
-664 -904 0
-664 -944 0
-664 -984 0
-664 -1024 0
-664 -1064 0
-664 -1104 0
-664 -1144 0
-664 -1184 0
-664 -1224 0
-664 -1264 0
-664 -1304 0
-664 -1344 0
-664 -1384 0
-664 -1424 0
-664 -1464 0
-664 -1504 0
-704 -744 0
-704 -784 0
-704 -824 0
-704 -864 0
-704 -904 0
-704 -944 0
-704 -984 0
-704 -1024 0
-704 -1064 0
-704 -1104 0
-704 -1144 0
-704 -1184 0
-704 -1224 0
-704 -1264 0
-704 -1304 0
-704 -1344 0
-704 -1384 0
-704 -1424 0
-704 -1464 0
-704 -1504 0
-744 -784 0
-744 -824 0
-744 -864 0
-744 -904 0
-744 -944 0
-744 -984 0
-744 -1024 0
-744 -1064 0
-744 -1104 0
-744 -1144 0
-744 -1184 0
-744 -1224 0
-744 -1264 0
-744 -1304 0
-744 -1344 0
-744 -1384 0
-744 -1424 0
-744 -1464 0
-744 -1504 0
-784 -824 0
-784 -864 0
-784 -904 0
-784 -944 0
-784 -984 0
-784 -1024 0
-784 -1064 0
-784 -1104 0
-784 -1144 0
-784 -1184 0
-784 -1224 0
-784 -1264 0
-784 -1304 0
-784 -1344 0
-784 -1384 0
-784 -1424 0
-784 -1464 0
-784 -1504 0
-824 -864 0
-824 -904 0
-824 -944 0
-824 -984 0
-824 -1024 0
-824 -1064 0
-824 -1104 0
-824 -1144 0
-824 -1184 0
-824 -1224 0
-824 -1264 0
-824 -1304 0
-824 -1344 0
-824 -1384 0
-824 -1424 0
-824 -1464 0
-824 -1504 0
-864 -904 0
-864 -944 0
-864 -984 0
-864 -1024 0
-864 -1064 0
-864 -1104 0
-864 -1144 0
-864 -1184 0
-864 -1224 0
-864 -1264 0
-864 -1304 0
-864 -1344 0
-864 -1384 0
-864 -1424 0
-864 -1464 0
-864 -1504 0
-904 -944 0
-904 -984 0
-904 -1024 0
-904 -1064 0
-904 -1104 0
-904 -1144 0
-904 -1184 0
-904 -1224 0
-904 -1264 0
-904 -1304 0
-904 -1344 0
-904 -1384 0
-904 -1424 0
-904 -1464 0
-904 -1504 0
-944 -984 0
-944 -1024 0
-944 -1064 0
-944 -1104 0
-944 -1144 0
-944 -1184 0
-944 -1224 0
-944 -1264 0
-944 -1304 0
-944 -1344 0
-944 -1384 0
-944 -1424 0
-944 -1464 0
-944 -1504 0
-984 -1024 0
-984 -1064 0
-984 -1104 0
-984 -1144 0
-984 -1184 0
-984 -1224 0
-984 -1264 0
-984 -1304 0
-984 -1344 0
-984 -1384 0
-984 -1424 0
-984 -1464 0
-984 -1504 0
-1024 -1064 0
-1024 -1104 0
-1024 -1144 0
-1024 -1184 0
-1024 -1224 0
-1024 -1264 0
-1024 -1304 0
-1024 -1344 0
-1024 -1384 0
-1024 -1424 0
-1024 -1464 0
-1024 -1504 0
-1064 -1104 0
-1064 -1144 0
-1064 -1184 0
-1064 -1224 0
-1064 -1264 0
-1064 -1304 0
-1064 -1344 0
-1064 -1384 0
-1064 -1424 0
-1064 -1464 0
-1064 -1504 0
-1104 -1144 0
-1104 -1184 0
-1104 -1224 0
-1104 -1264 0
-1104 -1304 0
-1104 -1344 0
-1104 -1384 0
-1104 -1424 0
-1104 -1464 0
-1104 -1504 0
-1144 -1184 0
-1144 -1224 0
-1144 -1264 0
-1144 -1304 0
-1144 -1344 0
-1144 -1384 0
-1144 -1424 0
-1144 -1464 0
-1144 -1504 0
-1184 -1224 0
-1184 -1264 0
-1184 -1304 0
-1184 -1344 0
-1184 -1384 0
-1184 -1424 0
-1184 -1464 0
-1184 -1504 0
-1224 -1264 0
-1224 -1304 0
-1224 -1344 0
-1224 -1384 0
-1224 -1424 0
-1224 -1464 0
-1224 -1504 0
-1264 -1304 0
-1264 -1344 0
-1264 -1384 0
-1264 -1424 0
-1264 -1464 0
-1264 -1504 0
-1304 -1344 0
-1304 -1384 0
-1304 -1424 0
-1304 -1464 0
-1304 -1504 0
-1344 -1384 0
-1344 -1424 0
-1344 -1464 0
-1344 -1504 0
-1384 -1424 0
-1384 -1464 0
-1384 -1504 0
-1424 -1464 0
-1424 -1504 0
-1464 -1504 0
-703 -743 0
-703 -783 0
-703 -823 0
-703 -863 0
-703 -903 0
-703 -943 0
-703 -983 0
-703 -1023 0
-703 -1063 0
-703 -1103 0
-703 -1143 0
-703 -1183 0
-703 -1223 0
-703 -1263 0
-703 -1303 0
-703 -1343 0
-703 -1383 0
-703 -1423 0
-703 -1463 0
-703 -1503 0
-743 -783 0
-743 -823 0
-743 -863 0
-743 -903 0
-743 -943 0
-743 -983 0
-743 -1023 0
-743 -1063 0
-743 -1103 0
-743 -1143 0
-743 -1183 0
-743 -1223 0
-743 -1263 0
-743 -1303 0
-743 -1343 0
-743 -1383 0
-743 -1423 0
-743 -1463 0
-743 -1503 0
-783 -823 0
-783 -863 0
-783 -903 0
-783 -943 0
-783 -983 0
-783 -1023 0
-783 -1063 0
-783 -1103 0
-783 -1143 0
-783 -1183 0
-783 -1223 0
-783 -1263 0
-783 -1303 0
-783 -1343 0
-783 -1383 0
-783 -1423 0
-783 -1463 0
-783 -1503 0
-823 -863 0
-823 -903 0
-823 -943 0
-823 -983 0
-823 -1023 0
-823 -1063 0
-823 -1103 0
-823 -1143 0
-823 -1183 0
-823 -1223 0
-823 -1263 0
-823 -1303 0
-823 -1343 0
-823 -1383 0
-823 -1423 0
-823 -1463 0
-823 -1503 0
-863 -903 0
-863 -943 0
-863 -983 0
-863 -1023 0
-863 -1063 0
-863 -1103 0
-863 -1143 0
-863 -1183 0
-863 -1223 0
-863 -1263 0
-863 -1303 0
-863 -1343 0
-863 -1383 0
-863 -1423 0
-863 -1463 0
-863 -1503 0
-903 -943 0
-903 -983 0
-903 -1023 0
-903 -1063 0
-903 -1103 0
-903 -1143 0
-903 -1183 0
-903 -1223 0
-903 -1263 0
-903 -1303 0
-903 -1343 0
-903 -1383 0
-903 -1423 0
-903 -1463 0
-903 -1503 0
-943 -983 0
-943 -1023 0
-943 -1063 0
-943 -1103 0
-943 -1143 0
-943 -1183 0
-943 -1223 0
-943 -1263 0
-943 -1303 0
-943 -1343 0
-943 -1383 0
-943 -1423 0
-943 -1463 0
-943 -1503 0
-983 -1023 0
-983 -1063 0
-983 -1103 0
-983 -1143 0
-983 -1183 0
-983 -1223 0
-983 -1263 0
-983 -1303 0
-983 -1343 0
-983 -1383 0
-983 -1423 0
-983 -1463 0
-983 -1503 0
-1023 -1063 0
-1023 -1103 0
-1023 -1143 0
-1023 -1183 0
-1023 -1223 0
-1023 -1263 0
-1023 -1303 0
-1023 -1343 0
-1023 -1383 0
-1023 -1423 0
-1023 -1463 0
-1023 -1503 0
-1063 -1103 0
-1063 -1143 0
-1063 -1183 0
-1063 -1223 0
-1063 -1263 0
-1063 -1303 0
-1063 -1343 0
-1063 -1383 0
-1063 -1423 0
-1063 -1463 0
-1063 -1503 0
-1103 -1143 0
-1103 -1183 0
-1103 -1223 0
-1103 -1263 0
-1103 -1303 0
-1103 -1343 0
-1103 -1383 0
-1103 -1423 0
-1103 -1463 0
-1103 -1503 0
-1143 -1183 0
-1143 -1223 0
-1143 -1263 0
-1143 -1303 0
-1143 -1343 0
-1143 -1383 0
-1143 -1423 0
-1143 -1463 0
-1143 -1503 0
-1183 -1223 0
-1183 -1263 0
-1183 -1303 0
-1183 -1343 0
-1183 -1383 0
-1183 -1423 0
-1183 -1463 0
-1183 -1503 0
-1223 -1263 0
-1223 -1303 0
-1223 -1343 0
-1223 -1383 0
-1223 -1423 0
-1223 -1463 0
-1223 -1503 0
-1263 -1303 0
-1263 -1343 0
-1263 -1383 0
-1263 -1423 0
-1263 -1463 0
-1263 -1503 0
-1303 -1343 0
-1303 -1383 0
-1303 -1423 0
-1303 -1463 0
-1303 -1503 0
-1343 -1383 0
-1343 -1423 0
-1343 -1463 0
-1343 -1503 0
-1383 -1423 0
-1383 -1463 0
-1383 -1503 0
-1423 -1463 0
-1423 -1503 0
-1463 -1503 0
-742 -782 0
-742 -822 0
-742 -862 0
-742 -902 0
-742 -942 0
-742 -982 0
-742 -1022 0
-742 -1062 0
-742 -1102 0
-742 -1142 0
-742 -1182 0
-742 -1222 0
-742 -1262 0
-742 -1302 0
-742 -1342 0
-742 -1382 0
-742 -1422 0
-742 -1462 0
-742 -1502 0
-782 -822 0
-782 -862 0
-782 -902 0
-782 -942 0
-782 -982 0
-782 -1022 0
-782 -1062 0
-782 -1102 0
-782 -1142 0
-782 -1182 0
-782 -1222 0
-782 -1262 0
-782 -1302 0
-782 -1342 0
-782 -1382 0
-782 -1422 0
-782 -1462 0
-782 -1502 0
-822 -862 0
-822 -902 0
-822 -942 0
-822 -982 0
-822 -1022 0
-822 -1062 0
-822 -1102 0
-822 -1142 0
-822 -1182 0
-822 -1222 0
-822 -1262 0
-822 -1302 0
-822 -1342 0
-822 -1382 0
-822 -1422 0
-822 -1462 0
-822 -1502 0
-862 -902 0
-862 -942 0
-862 -982 0
-862 -1022 0
-862 -1062 0
-862 -1102 0
-862 -1142 0
-862 -1182 0
-862 -1222 0
-862 -1262 0
-862 -1302 0
-862 -1342 0
-862 -1382 0
-862 -1422 0
-862 -1462 0
-862 -1502 0
-902 -942 0
-902 -982 0
-902 -1022 0
-902 -1062 0
-902 -1102 0
-902 -1142 0
-902 -1182 0
-902 -1222 0
-902 -1262 0
-902 -1302 0
-902 -1342 0
-902 -1382 0
-902 -1422 0
-902 -1462 0
-902 -1502 0
-942 -982 0
-942 -1022 0
-942 -1062 0
-942 -1102 0
-942 -1142 0
-942 -1182 0
-942 -1222 0
-942 -1262 0
-942 -1302 0
-942 -1342 0
-942 -1382 0
-942 -1422 0
-942 -1462 0
-942 -1502 0
-982 -1022 0
-982 -1062 0
-982 -1102 0
-982 -1142 0
-982 -1182 0
-982 -1222 0
-982 -1262 0
-982 -1302 0
-982 -1342 0
-982 -1382 0
-982 -1422 0
-982 -1462 0
-982 -1502 0
-1022 -1062 0
-1022 -1102 0
-1022 -1142 0
-1022 -1182 0
-1022 -1222 0
-1022 -1262 0
-1022 -1302 0
-1022 -1342 0
-1022 -1382 0
-1022 -1422 0
-1022 -1462 0
-1022 -1502 0
-1062 -1102 0
-1062 -1142 0
-1062 -1182 0
-1062 -1222 0
-1062 -1262 0
-1062 -1302 0
-1062 -1342 0
-1062 -1382 0
-1062 -1422 0
-1062 -1462 0
-1062 -1502 0
-1102 -1142 0
-1102 -1182 0
-1102 -1222 0
-1102 -1262 0
-1102 -1302 0
-1102 -1342 0
-1102 -1382 0
-1102 -1422 0
-1102 -1462 0
-1102 -1502 0
-1142 -1182 0
-1142 -1222 0
-1142 -1262 0
-1142 -1302 0
-1142 -1342 0
-1142 -1382 0
-1142 -1422 0
-1142 -1462 0
-1142 -1502 0
-1182 -1222 0
-1182 -1262 0
-1182 -1302 0
-1182 -1342 0
-1182 -1382 0
-1182 -1422 0
-1182 -1462 0
-1182 -1502 0
-1222 -1262 0
-1222 -1302 0
-1222 -1342 0
-1222 -1382 0
-1222 -1422 0
-1222 -1462 0
-1222 -1502 0
-1262 -1302 0
-1262 -1342 0
-1262 -1382 0
-1262 -1422 0
-1262 -1462 0
-1262 -1502 0
-1302 -1342 0
-1302 -1382 0
-1302 -1422 0
-1302 -1462 0
-1302 -1502 0
-1342 -1382 0
-1342 -1422 0
-1342 -1462 0
-1342 -1502 0
-1382 -1422 0
-1382 -1462 0
-1382 -1502 0
-1422 -1462 0
-1422 -1502 0
-1462 -1502 0
-781 -821 0
-781 -861 0
-781 -901 0
-781 -941 0
-781 -981 0
-781 -1021 0
-781 -1061 0
-781 -1101 0
-781 -1141 0
-781 -1181 0
-781 -1221 0
-781 -1261 0
-781 -1301 0
-781 -1341 0
-781 -1381 0
-781 -1421 0
-781 -1461 0
-781 -1501 0
-821 -861 0
-821 -901 0
-821 -941 0
-821 -981 0
-821 -1021 0
-821 -1061 0
-821 -1101 0
-821 -1141 0
-821 -1181 0
-821 -1221 0
-821 -1261 0
-821 -1301 0
-821 -1341 0
-821 -1381 0
-821 -1421 0
-821 -1461 0
-821 -1501 0
-861 -901 0
-861 -941 0
-861 -981 0
-861 -1021 0
-861 -1061 0
-861 -1101 0
-861 -1141 0
-861 -1181 0
-861 -1221 0
-861 -1261 0
-861 -1301 0
-861 -1341 0
-861 -1381 0
-861 -1421 0
-861 -1461 0
-861 -1501 0
-901 -941 0
-901 -981 0
-901 -1021 0
-901 -1061 0
-901 -1101 0
-901 -1141 0
-901 -1181 0
-901 -1221 0
-901 -1261 0
-901 -1301 0
-901 -1341 0
-901 -1381 0
-901 -1421 0
-901 -1461 0
-901 -1501 0
-941 -981 0
-941 -1021 0
-941 -1061 0
-941 -1101 0
-941 -1141 0
-941 -1181 0
-941 -1221 0
-941 -1261 0
-941 -1301 0
-941 -1341 0
-941 -1381 0
-941 -1421 0
-941 -1461 0
-941 -1501 0
-981 -1021 0
-981 -1061 0
-981 -1101 0
-981 -1141 0
-981 -1181 0
-981 -1221 0
-981 -1261 0
-981 -1301 0
-981 -1341 0
-981 -1381 0
-981 -1421 0
-981 -1461 0
-981 -1501 0
-1021 -1061 0
-1021 -1101 0
-1021 -1141 0
-1021 -1181 0
-1021 -1221 0
-1021 -1261 0
-1021 -1301 0
-1021 -1341 0
-1021 -1381 0
-1021 -1421 0
-1021 -1461 0
-1021 -1501 0
-1061 -1101 0
-1061 -1141 0
-1061 -1181 0
-1061 -1221 0
-1061 -1261 0
-1061 -1301 0
-1061 -1341 0
-1061 -1381 0
-1061 -1421 0
-1061 -1461 0
-1061 -1501 0
-1101 -1141 0
-1101 -1181 0
-1101 -1221 0
-1101 -1261 0
-1101 -1301 0
-1101 -1341 0
-1101 -1381 0
-1101 -1421 0
-1101 -1461 0
-1101 -1501 0
-1141 -1181 0
-1141 -1221 0
-1141 -1261 0
-1141 -1301 0
-1141 -1341 0
-1141 -1381 0
-1141 -1421 0
-1141 -1461 0
-1141 -1501 0
-1181 -1221 0
-1181 -1261 0
-1181 -1301 0
-1181 -1341 0
-1181 -1381 0
-1181 -1421 0
-1181 -1461 0
-1181 -1501 0
-1221 -1261 0
-1221 -1301 0
-1221 -1341 0
-1221 -1381 0
-1221 -1421 0
-1221 -1461 0
-1221 -1501 0
-1261 -1301 0
-1261 -1341 0
-1261 -1381 0
-1261 -1421 0
-1261 -1461 0
-1261 -1501 0
-1301 -1341 0
-1301 -1381 0
-1301 -1421 0
-1301 -1461 0
-1301 -1501 0
-1341 -1381 0
-1341 -1421 0
-1341 -1461 0
-1341 -1501 0
-1381 -1421 0
-1381 -1461 0
-1381 -1501 0
-1421 -1461 0
-1421 -1501 0
-1461 -1501 0
-820 -860 0
-820 -900 0
-820 -940 0
-820 -980 0
-820 -1020 0
-820 -1060 0
-820 -1100 0
-820 -1140 0
-820 -1180 0
-820 -1220 0
-820 -1260 0
-820 -1300 0
-820 -1340 0
-820 -1380 0
-820 -1420 0
-820 -1460 0
-820 -1500 0
-860 -900 0
-860 -940 0
-860 -980 0
-860 -1020 0
-860 -1060 0
-860 -1100 0
-860 -1140 0
-860 -1180 0
-860 -1220 0
-860 -1260 0
-860 -1300 0
-860 -1340 0
-860 -1380 0
-860 -1420 0
-860 -1460 0
-860 -1500 0
-900 -940 0
-900 -980 0
-900 -1020 0
-900 -1060 0
-900 -1100 0
-900 -1140 0
-900 -1180 0
-900 -1220 0
-900 -1260 0
-900 -1300 0
-900 -1340 0
-900 -1380 0
-900 -1420 0
-900 -1460 0
-900 -1500 0
-940 -980 0
-940 -1020 0
-940 -1060 0
-940 -1100 0
-940 -1140 0
-940 -1180 0
-940 -1220 0
-940 -1260 0
-940 -1300 0
-940 -1340 0
-940 -1380 0
-940 -1420 0
-940 -1460 0
-940 -1500 0
-980 -1020 0
-980 -1060 0
-980 -1100 0
-980 -1140 0
-980 -1180 0
-980 -1220 0
-980 -1260 0
-980 -1300 0
-980 -1340 0
-980 -1380 0
-980 -1420 0
-980 -1460 0
-980 -1500 0
-1020 -1060 0
-1020 -1100 0
-1020 -1140 0
-1020 -1180 0
-1020 -1220 0
-1020 -1260 0
-1020 -1300 0
-1020 -1340 0
-1020 -1380 0
-1020 -1420 0
-1020 -1460 0
-1020 -1500 0
-1060 -1100 0
-1060 -1140 0
-1060 -1180 0
-1060 -1220 0
-1060 -1260 0
-1060 -1300 0
-1060 -1340 0
-1060 -1380 0
-1060 -1420 0
-1060 -1460 0
-1060 -1500 0
-1100 -1140 0
-1100 -1180 0
-1100 -1220 0
-1100 -1260 0
-1100 -1300 0
-1100 -1340 0
-1100 -1380 0
-1100 -1420 0
-1100 -1460 0
-1100 -1500 0
-1140 -1180 0
-1140 -1220 0
-1140 -1260 0
-1140 -1300 0
-1140 -1340 0
-1140 -1380 0
-1140 -1420 0
-1140 -1460 0
-1140 -1500 0
-1180 -1220 0
-1180 -1260 0
-1180 -1300 0
-1180 -1340 0
-1180 -1380 0
-1180 -1420 0
-1180 -1460 0
-1180 -1500 0
-1220 -1260 0
-1220 -1300 0
-1220 -1340 0
-1220 -1380 0
-1220 -1420 0
-1220 -1460 0
-1220 -1500 0
-1260 -1300 0
-1260 -1340 0
-1260 -1380 0
-1260 -1420 0
-1260 -1460 0
-1260 -1500 0
-1300 -1340 0
-1300 -1380 0
-1300 -1420 0
-1300 -1460 0
-1300 -1500 0
-1340 -1380 0
-1340 -1420 0
-1340 -1460 0
-1340 -1500 0
-1380 -1420 0
-1380 -1460 0
-1380 -1500 0
-1420 -1460 0
-1420 -1500 0
-1460 -1500 0
-859 -899 0
-859 -939 0
-859 -979 0
-859 -1019 0
-859 -1059 0
-859 -1099 0
-859 -1139 0
-859 -1179 0
-859 -1219 0
-859 -1259 0
-859 -1299 0
-859 -1339 0
-859 -1379 0
-859 -1419 0
-859 -1459 0
-859 -1499 0
-899 -939 0
-899 -979 0
-899 -1019 0
-899 -1059 0
-899 -1099 0
-899 -1139 0
-899 -1179 0
-899 -1219 0
-899 -1259 0
-899 -1299 0
-899 -1339 0
-899 -1379 0
-899 -1419 0
-899 -1459 0
-899 -1499 0
-939 -979 0
-939 -1019 0
-939 -1059 0
-939 -1099 0
-939 -1139 0
-939 -1179 0
-939 -1219 0
-939 -1259 0
-939 -1299 0
-939 -1339 0
-939 -1379 0
-939 -1419 0
-939 -1459 0
-939 -1499 0
-979 -1019 0
-979 -1059 0
-979 -1099 0
-979 -1139 0
-979 -1179 0
-979 -1219 0
-979 -1259 0
-979 -1299 0
-979 -1339 0
-979 -1379 0
-979 -1419 0
-979 -1459 0
-979 -1499 0
-1019 -1059 0
-1019 -1099 0
-1019 -1139 0
-1019 -1179 0
-1019 -1219 0
-1019 -1259 0
-1019 -1299 0
-1019 -1339 0
-1019 -1379 0
-1019 -1419 0
-1019 -1459 0
-1019 -1499 0
-1059 -1099 0
-1059 -1139 0
-1059 -1179 0
-1059 -1219 0
-1059 -1259 0
-1059 -1299 0
-1059 -1339 0
-1059 -1379 0
-1059 -1419 0
-1059 -1459 0
-1059 -1499 0
-1099 -1139 0
-1099 -1179 0
-1099 -1219 0
-1099 -1259 0
-1099 -1299 0
-1099 -1339 0
-1099 -1379 0
-1099 -1419 0
-1099 -1459 0
-1099 -1499 0
-1139 -1179 0
-1139 -1219 0
-1139 -1259 0
-1139 -1299 0
-1139 -1339 0
-1139 -1379 0
-1139 -1419 0
-1139 -1459 0
-1139 -1499 0
-1179 -1219 0
-1179 -1259 0
-1179 -1299 0
-1179 -1339 0
-1179 -1379 0
-1179 -1419 0
-1179 -1459 0
-1179 -1499 0
-1219 -1259 0
-1219 -1299 0
-1219 -1339 0
-1219 -1379 0
-1219 -1419 0
-1219 -1459 0
-1219 -1499 0
-1259 -1299 0
-1259 -1339 0
-1259 -1379 0
-1259 -1419 0
-1259 -1459 0
-1259 -1499 0
-1299 -1339 0
-1299 -1379 0
-1299 -1419 0
-1299 -1459 0
-1299 -1499 0
-1339 -1379 0
-1339 -1419 0
-1339 -1459 0
-1339 -1499 0
-1379 -1419 0
-1379 -1459 0
-1379 -1499 0
-1419 -1459 0
-1419 -1499 0
-1459 -1499 0
-898 -938 0
-898 -978 0
-898 -1018 0
-898 -1058 0
-898 -1098 0
-898 -1138 0
-898 -1178 0
-898 -1218 0
-898 -1258 0
-898 -1298 0
-898 -1338 0
-898 -1378 0
-898 -1418 0
-898 -1458 0
-898 -1498 0
-938 -978 0
-938 -1018 0
-938 -1058 0
-938 -1098 0
-938 -1138 0
-938 -1178 0
-938 -1218 0
-938 -1258 0
-938 -1298 0
-938 -1338 0
-938 -1378 0
-938 -1418 0
-938 -1458 0
-938 -1498 0
-978 -1018 0
-978 -1058 0
-978 -1098 0
-978 -1138 0
-978 -1178 0
-978 -1218 0
-978 -1258 0
-978 -1298 0
-978 -1338 0
-978 -1378 0
-978 -1418 0
-978 -1458 0
-978 -1498 0
-1018 -1058 0
-1018 -1098 0
-1018 -1138 0
-1018 -1178 0
-1018 -1218 0
-1018 -1258 0
-1018 -1298 0
-1018 -1338 0
-1018 -1378 0
-1018 -1418 0
-1018 -1458 0
-1018 -1498 0
-1058 -1098 0
-1058 -1138 0
-1058 -1178 0
-1058 -1218 0
-1058 -1258 0
-1058 -1298 0
-1058 -1338 0
-1058 -1378 0
-1058 -1418 0
-1058 -1458 0
-1058 -1498 0
-1098 -1138 0
-1098 -1178 0
-1098 -1218 0
-1098 -1258 0
-1098 -1298 0
-1098 -1338 0
-1098 -1378 0
-1098 -1418 0
-1098 -1458 0
-1098 -1498 0
-1138 -1178 0
-1138 -1218 0
-1138 -1258 0
-1138 -1298 0
-1138 -1338 0
-1138 -1378 0
-1138 -1418 0
-1138 -1458 0
-1138 -1498 0
-1178 -1218 0
-1178 -1258 0
-1178 -1298 0
-1178 -1338 0
-1178 -1378 0
-1178 -1418 0
-1178 -1458 0
-1178 -1498 0
-1218 -1258 0
-1218 -1298 0
-1218 -1338 0
-1218 -1378 0
-1218 -1418 0
-1218 -1458 0
-1218 -1498 0
-1258 -1298 0
-1258 -1338 0
-1258 -1378 0
-1258 -1418 0
-1258 -1458 0
-1258 -1498 0
-1298 -1338 0
-1298 -1378 0
-1298 -1418 0
-1298 -1458 0
-1298 -1498 0
-1338 -1378 0
-1338 -1418 0
-1338 -1458 0
-1338 -1498 0
-1378 -1418 0
-1378 -1458 0
-1378 -1498 0
-1418 -1458 0
-1418 -1498 0
-1458 -1498 0
-937 -977 0
-937 -1017 0
-937 -1057 0
-937 -1097 0
-937 -1137 0
-937 -1177 0
-937 -1217 0
-937 -1257 0
-937 -1297 0
-937 -1337 0
-937 -1377 0
-937 -1417 0
-937 -1457 0
-937 -1497 0
-977 -1017 0
-977 -1057 0
-977 -1097 0
-977 -1137 0
-977 -1177 0
-977 -1217 0
-977 -1257 0
-977 -1297 0
-977 -1337 0
-977 -1377 0
-977 -1417 0
-977 -1457 0
-977 -1497 0
-1017 -1057 0
-1017 -1097 0
-1017 -1137 0
-1017 -1177 0
-1017 -1217 0
-1017 -1257 0
-1017 -1297 0
-1017 -1337 0
-1017 -1377 0
-1017 -1417 0
-1017 -1457 0
-1017 -1497 0
-1057 -1097 0
-1057 -1137 0
-1057 -1177 0
-1057 -1217 0
-1057 -1257 0
-1057 -1297 0
-1057 -1337 0
-1057 -1377 0
-1057 -1417 0
-1057 -1457 0
-1057 -1497 0
-1097 -1137 0
-1097 -1177 0
-1097 -1217 0
-1097 -1257 0
-1097 -1297 0
-1097 -1337 0
-1097 -1377 0
-1097 -1417 0
-1097 -1457 0
-1097 -1497 0
-1137 -1177 0
-1137 -1217 0
-1137 -1257 0
-1137 -1297 0
-1137 -1337 0
-1137 -1377 0
-1137 -1417 0
-1137 -1457 0
-1137 -1497 0
-1177 -1217 0
-1177 -1257 0
-1177 -1297 0
-1177 -1337 0
-1177 -1377 0
-1177 -1417 0
-1177 -1457 0
-1177 -1497 0
-1217 -1257 0
-1217 -1297 0
-1217 -1337 0
-1217 -1377 0
-1217 -1417 0
-1217 -1457 0
-1217 -1497 0
-1257 -1297 0
-1257 -1337 0
-1257 -1377 0
-1257 -1417 0
-1257 -1457 0
-1257 -1497 0
-1297 -1337 0
-1297 -1377 0
-1297 -1417 0
-1297 -1457 0
-1297 -1497 0
-1337 -1377 0
-1337 -1417 0
-1337 -1457 0
-1337 -1497 0
-1377 -1417 0
-1377 -1457 0
-1377 -1497 0
-1417 -1457 0
-1417 -1497 0
-1457 -1497 0
-976 -1016 0
-976 -1056 0
-976 -1096 0
-976 -1136 0
-976 -1176 0
-976 -1216 0
-976 -1256 0
-976 -1296 0
-976 -1336 0
-976 -1376 0
-976 -1416 0
-976 -1456 0
-976 -1496 0
-1016 -1056 0
-1016 -1096 0
-1016 -1136 0
-1016 -1176 0
-1016 -1216 0
-1016 -1256 0
-1016 -1296 0
-1016 -1336 0
-1016 -1376 0
-1016 -1416 0
-1016 -1456 0
-1016 -1496 0
-1056 -1096 0
-1056 -1136 0
-1056 -1176 0
-1056 -1216 0
-1056 -1256 0
-1056 -1296 0
-1056 -1336 0
-1056 -1376 0
-1056 -1416 0
-1056 -1456 0
-1056 -1496 0
-1096 -1136 0
-1096 -1176 0
-1096 -1216 0
-1096 -1256 0
-1096 -1296 0
-1096 -1336 0
-1096 -1376 0
-1096 -1416 0
-1096 -1456 0
-1096 -1496 0
-1136 -1176 0
-1136 -1216 0
-1136 -1256 0
-1136 -1296 0
-1136 -1336 0
-1136 -1376 0
-1136 -1416 0
-1136 -1456 0
-1136 -1496 0
-1176 -1216 0
-1176 -1256 0
-1176 -1296 0
-1176 -1336 0
-1176 -1376 0
-1176 -1416 0
-1176 -1456 0
-1176 -1496 0
-1216 -1256 0
-1216 -1296 0
-1216 -1336 0
-1216 -1376 0
-1216 -1416 0
-1216 -1456 0
-1216 -1496 0
-1256 -1296 0
-1256 -1336 0
-1256 -1376 0
-1256 -1416 0
-1256 -1456 0
-1256 -1496 0
-1296 -1336 0
-1296 -1376 0
-1296 -1416 0
-1296 -1456 0
-1296 -1496 0
-1336 -1376 0
-1336 -1416 0
-1336 -1456 0
-1336 -1496 0
-1376 -1416 0
-1376 -1456 0
-1376 -1496 0
-1416 -1456 0
-1416 -1496 0
-1456 -1496 0
-1015 -1055 0
-1015 -1095 0
-1015 -1135 0
-1015 -1175 0
-1015 -1215 0
-1015 -1255 0
-1015 -1295 0
-1015 -1335 0
-1015 -1375 0
-1015 -1415 0
-1015 -1455 0
-1015 -1495 0
-1055 -1095 0
-1055 -1135 0
-1055 -1175 0
-1055 -1215 0
-1055 -1255 0
-1055 -1295 0
-1055 -1335 0
-1055 -1375 0
-1055 -1415 0
-1055 -1455 0
-1055 -1495 0
-1095 -1135 0
-1095 -1175 0
-1095 -1215 0
-1095 -1255 0
-1095 -1295 0
-1095 -1335 0
-1095 -1375 0
-1095 -1415 0
-1095 -1455 0
-1095 -1495 0
-1135 -1175 0
-1135 -1215 0
-1135 -1255 0
-1135 -1295 0
-1135 -1335 0
-1135 -1375 0
-1135 -1415 0
-1135 -1455 0
-1135 -1495 0
-1175 -1215 0
-1175 -1255 0
-1175 -1295 0
-1175 -1335 0
-1175 -1375 0
-1175 -1415 0
-1175 -1455 0
-1175 -1495 0
-1215 -1255 0
-1215 -1295 0
-1215 -1335 0
-1215 -1375 0
-1215 -1415 0
-1215 -1455 0
-1215 -1495 0
-1255 -1295 0
-1255 -1335 0
-1255 -1375 0
-1255 -1415 0
-1255 -1455 0
-1255 -1495 0
-1295 -1335 0
-1295 -1375 0
-1295 -1415 0
-1295 -1455 0
-1295 -1495 0
-1335 -1375 0
-1335 -1415 0
-1335 -1455 0
-1335 -1495 0
-1375 -1415 0
-1375 -1455 0
-1375 -1495 0
-1415 -1455 0
-1415 -1495 0
-1455 -1495 0
-1054 -1094 0
-1054 -1134 0
-1054 -1174 0
-1054 -1214 0
-1054 -1254 0
-1054 -1294 0
-1054 -1334 0
-1054 -1374 0
-1054 -1414 0
-1054 -1454 0
-1054 -1494 0
-1094 -1134 0
-1094 -1174 0
-1094 -1214 0
-1094 -1254 0
-1094 -1294 0
-1094 -1334 0
-1094 -1374 0
-1094 -1414 0
-1094 -1454 0
-1094 -1494 0
-1134 -1174 0
-1134 -1214 0
-1134 -1254 0
-1134 -1294 0
-1134 -1334 0
-1134 -1374 0
-1134 -1414 0
-1134 -1454 0
-1134 -1494 0
-1174 -1214 0
-1174 -1254 0
-1174 -1294 0
-1174 -1334 0
-1174 -1374 0
-1174 -1414 0
-1174 -1454 0
-1174 -1494 0
-1214 -1254 0
-1214 -1294 0
-1214 -1334 0
-1214 -1374 0
-1214 -1414 0
-1214 -1454 0
-1214 -1494 0
-1254 -1294 0
-1254 -1334 0
-1254 -1374 0
-1254 -1414 0
-1254 -1454 0
-1254 -1494 0
-1294 -1334 0
-1294 -1374 0
-1294 -1414 0
-1294 -1454 0
-1294 -1494 0
-1334 -1374 0
-1334 -1414 0
-1334 -1454 0
-1334 -1494 0
-1374 -1414 0
-1374 -1454 0
-1374 -1494 0
-1414 -1454 0
-1414 -1494 0
-1454 -1494 0
-1093 -1133 0
-1093 -1173 0
-1093 -1213 0
-1093 -1253 0
-1093 -1293 0
-1093 -1333 0
-1093 -1373 0
-1093 -1413 0
-1093 -1453 0
-1093 -1493 0
-1133 -1173 0
-1133 -1213 0
-1133 -1253 0
-1133 -1293 0
-1133 -1333 0
-1133 -1373 0
-1133 -1413 0
-1133 -1453 0
-1133 -1493 0
-1173 -1213 0
-1173 -1253 0
-1173 -1293 0
-1173 -1333 0
-1173 -1373 0
-1173 -1413 0
-1173 -1453 0
-1173 -1493 0
-1213 -1253 0
-1213 -1293 0
-1213 -1333 0
-1213 -1373 0
-1213 -1413 0
-1213 -1453 0
-1213 -1493 0
-1253 -1293 0
-1253 -1333 0
-1253 -1373 0
-1253 -1413 0
-1253 -1453 0
-1253 -1493 0
-1293 -1333 0
-1293 -1373 0
-1293 -1413 0
-1293 -1453 0
-1293 -1493 0
-1333 -1373 0
-1333 -1413 0
-1333 -1453 0
-1333 -1493 0
-1373 -1413 0
-1373 -1453 0
-1373 -1493 0
-1413 -1453 0
-1413 -1493 0
-1453 -1493 0
-1132 -1172 0
-1132 -1212 0
-1132 -1252 0
-1132 -1292 0
-1132 -1332 0
-1132 -1372 0
-1132 -1412 0
-1132 -1452 0
-1132 -1492 0
-1172 -1212 0
-1172 -1252 0
-1172 -1292 0
-1172 -1332 0
-1172 -1372 0
-1172 -1412 0
-1172 -1452 0
-1172 -1492 0
-1212 -1252 0
-1212 -1292 0
-1212 -1332 0
-1212 -1372 0
-1212 -1412 0
-1212 -1452 0
-1212 -1492 0
-1252 -1292 0
-1252 -1332 0
-1252 -1372 0
-1252 -1412 0
-1252 -1452 0
-1252 -1492 0
-1292 -1332 0
-1292 -1372 0
-1292 -1412 0
-1292 -1452 0
-1292 -1492 0
-1332 -1372 0
-1332 -1412 0
-1332 -1452 0
-1332 -1492 0
-1372 -1412 0
-1372 -1452 0
-1372 -1492 0
-1412 -1452 0
-1412 -1492 0
-1452 -1492 0
-1171 -1211 0
-1171 -1251 0
-1171 -1291 0
-1171 -1331 0
-1171 -1371 0
-1171 -1411 0
-1171 -1451 0
-1171 -1491 0
-1211 -1251 0
-1211 -1291 0
-1211 -1331 0
-1211 -1371 0
-1211 -1411 0
-1211 -1451 0
-1211 -1491 0
-1251 -1291 0
-1251 -1331 0
-1251 -1371 0
-1251 -1411 0
-1251 -1451 0
-1251 -1491 0
-1291 -1331 0
-1291 -1371 0
-1291 -1411 0
-1291 -1451 0
-1291 -1491 0
-1331 -1371 0
-1331 -1411 0
-1331 -1451 0
-1331 -1491 0
-1371 -1411 0
-1371 -1451 0
-1371 -1491 0
-1411 -1451 0
-1411 -1491 0
-1451 -1491 0
-1210 -1250 0
-1210 -1290 0
-1210 -1330 0
-1210 -1370 0
-1210 -1410 0
-1210 -1450 0
-1210 -1490 0
-1250 -1290 0
-1250 -1330 0
-1250 -1370 0
-1250 -1410 0
-1250 -1450 0
-1250 -1490 0
-1290 -1330 0
-1290 -1370 0
-1290 -1410 0
-1290 -1450 0
-1290 -1490 0
-1330 -1370 0
-1330 -1410 0
-1330 -1450 0
-1330 -1490 0
-1370 -1410 0
-1370 -1450 0
-1370 -1490 0
-1410 -1450 0
-1410 -1490 0
-1450 -1490 0
-1249 -1289 0
-1249 -1329 0
-1249 -1369 0
-1249 -1409 0
-1249 -1449 0
-1249 -1489 0
-1289 -1329 0
-1289 -1369 0
-1289 -1409 0
-1289 -1449 0
-1289 -1489 0
-1329 -1369 0
-1329 -1409 0
-1329 -1449 0
-1329 -1489 0
-1369 -1409 0
-1369 -1449 0
-1369 -1489 0
-1409 -1449 0
-1409 -1489 0
-1449 -1489 0
-1288 -1328 0
-1288 -1368 0
-1288 -1408 0
-1288 -1448 0
-1288 -1488 0
-1328 -1368 0
-1328 -1408 0
-1328 -1448 0
-1328 -1488 0
-1368 -1408 0
-1368 -1448 0
-1368 -1488 0
-1408 -1448 0
-1408 -1488 0
-1448 -1488 0
-1327 -1367 0
-1327 -1407 0
-1327 -1447 0
-1327 -1487 0
-1367 -1407 0
-1367 -1447 0
-1367 -1487 0
-1407 -1447 0
-1407 -1487 0
-1447 -1487 0
-1366 -1406 0
-1366 -1446 0
-1366 -1486 0
-1406 -1446 0
-1406 -1486 0
-1446 -1486 0
-1405 -1445 0
-1405 -1485 0
-1445 -1485 0
-1444 -1484 0
-2 -40 0
-3 -41 0
-3 -79 0
-41 -79 0
-4 -42 0
-4 -80 0
-4 -118 0
-42 -80 0
-42 -118 0
-80 -118 0
-5 -43 0
-5 -81 0
-5 -119 0
-5 -157 0
-43 -81 0
-43 -119 0
-43 -157 0
-81 -119 0
-81 -157 0
-119 -157 0
-6 -44 0
-6 -82 0
-6 -120 0
-6 -158 0
-6 -196 0
-44 -82 0
-44 -120 0
-44 -158 0
-44 -196 0
-82 -120 0
-82 -158 0
-82 -196 0
-120 -158 0
-120 -196 0
-158 -196 0
-7 -45 0
-7 -83 0
-7 -121 0
-7 -159 0
-7 -197 0
-7 -235 0
-45 -83 0
-45 -121 0
-45 -159 0
-45 -197 0
-45 -235 0
-83 -121 0
-83 -159 0
-83 -197 0
-83 -235 0
-121 -159 0
-121 -197 0
-121 -235 0
-159 -197 0
-159 -235 0
-197 -235 0
-8 -46 0
-8 -84 0
-8 -122 0
-8 -160 0
-8 -198 0
-8 -236 0
-8 -274 0
-46 -84 0
-46 -122 0
-46 -160 0
-46 -198 0
-46 -236 0
-46 -274 0
-84 -122 0
-84 -160 0
-84 -198 0
-84 -236 0
-84 -274 0
-122 -160 0
-122 -198 0
-122 -236 0
-122 -274 0
-160 -198 0
-160 -236 0
-160 -274 0
-198 -236 0
-198 -274 0
-236 -274 0
-9 -47 0
-9 -85 0
-9 -123 0
-9 -161 0
-9 -199 0
-9 -237 0
-9 -275 0
-9 -313 0
-47 -85 0
-47 -123 0
-47 -161 0
-47 -199 0
-47 -237 0
-47 -275 0
-47 -313 0
-85 -123 0
-85 -161 0
-85 -199 0
-85 -237 0
-85 -275 0
-85 -313 0
-123 -161 0
-123 -199 0
-123 -237 0
-123 -275 0
-123 -313 0
-161 -199 0
-161 -237 0
-161 -275 0
-161 -313 0
-199 -237 0
-199 -275 0
-199 -313 0
-237 -275 0
-237 -313 0
-275 -313 0
-10 -48 0
-10 -86 0
-10 -124 0
-10 -162 0
-10 -200 0
-10 -238 0
-10 -276 0
-10 -314 0
-10 -352 0
-48 -86 0
-48 -124 0
-48 -162 0
-48 -200 0
-48 -238 0
-48 -276 0
-48 -314 0
-48 -352 0
-86 -124 0
-86 -162 0
-86 -200 0
-86 -238 0
-86 -276 0
-86 -314 0
-86 -352 0
-124 -162 0
-124 -200 0
-124 -238 0
-124 -276 0
-124 -314 0
-124 -352 0
-162 -200 0
-162 -238 0
-162 -276 0
-162 -314 0
-162 -352 0
-200 -238 0
-200 -276 0
-200 -314 0
-200 -352 0
-238 -276 0
-238 -314 0
-238 -352 0
-276 -314 0
-276 -352 0
-314 -352 0
-11 -49 0
-11 -87 0
-11 -125 0
-11 -163 0
-11 -201 0
-11 -239 0
-11 -277 0
-11 -315 0
-11 -353 0
-11 -391 0
-49 -87 0
-49 -125 0
-49 -163 0
-49 -201 0
-49 -239 0
-49 -277 0
-49 -315 0
-49 -353 0
-49 -391 0
-87 -125 0
-87 -163 0
-87 -201 0
-87 -239 0
-87 -277 0
-87 -315 0
-87 -353 0
-87 -391 0
-125 -163 0
-125 -201 0
-125 -239 0
-125 -277 0
-125 -315 0
-125 -353 0
-125 -391 0
-163 -201 0
-163 -239 0
-163 -277 0
-163 -315 0
-163 -353 0
-163 -391 0
-201 -239 0
-201 -277 0
-201 -315 0
-201 -353 0
-201 -391 0
-239 -277 0
-239 -315 0
-239 -353 0
-239 -391 0
-277 -315 0
-277 -353 0
-277 -391 0
-315 -353 0
-315 -391 0
-353 -391 0
-12 -50 0
-12 -88 0
-12 -126 0
-12 -164 0
-12 -202 0
-12 -240 0
-12 -278 0
-12 -316 0
-12 -354 0
-12 -392 0
-12 -430 0
-50 -88 0
-50 -126 0
-50 -164 0
-50 -202 0
-50 -240 0
-50 -278 0
-50 -316 0
-50 -354 0
-50 -392 0
-50 -430 0
-88 -126 0
-88 -164 0
-88 -202 0
-88 -240 0
-88 -278 0
-88 -316 0
-88 -354 0
-88 -392 0
-88 -430 0
-126 -164 0
-126 -202 0
-126 -240 0
-126 -278 0
-126 -316 0
-126 -354 0
-126 -392 0
-126 -430 0
-164 -202 0
-164 -240 0
-164 -278 0
-164 -316 0
-164 -354 0
-164 -392 0
-164 -430 0
-202 -240 0
-202 -278 0
-202 -316 0
-202 -354 0
-202 -392 0
-202 -430 0
-240 -278 0
-240 -316 0
-240 -354 0
-240 -392 0
-240 -430 0
-278 -316 0
-278 -354 0
-278 -392 0
-278 -430 0
-316 -354 0
-316 -392 0
-316 -430 0
-354 -392 0
-354 -430 0
-392 -430 0
-13 -51 0
-13 -89 0
-13 -127 0
-13 -165 0
-13 -203 0
-13 -241 0
-13 -279 0
-13 -317 0
-13 -355 0
-13 -393 0
-13 -431 0
-13 -469 0
-51 -89 0
-51 -127 0
-51 -165 0
-51 -203 0
-51 -241 0
-51 -279 0
-51 -317 0
-51 -355 0
-51 -393 0
-51 -431 0
-51 -469 0
-89 -127 0
-89 -165 0
-89 -203 0
-89 -241 0
-89 -279 0
-89 -317 0
-89 -355 0
-89 -393 0
-89 -431 0
-89 -469 0
-127 -165 0
-127 -203 0
-127 -241 0
-127 -279 0
-127 -317 0
-127 -355 0
-127 -393 0
-127 -431 0
-127 -469 0
-165 -203 0
-165 -241 0
-165 -279 0
-165 -317 0
-165 -355 0
-165 -393 0
-165 -431 0
-165 -469 0
-203 -241 0
-203 -279 0
-203 -317 0
-203 -355 0
-203 -393 0
-203 -431 0
-203 -469 0
-241 -279 0
-241 -317 0
-241 -355 0
-241 -393 0
-241 -431 0
-241 -469 0
-279 -317 0
-279 -355 0
-279 -393 0
-279 -431 0
-279 -469 0
-317 -355 0
-317 -393 0
-317 -431 0
-317 -469 0
-355 -393 0
-355 -431 0
-355 -469 0
-393 -431 0
-393 -469 0
-431 -469 0
-14 -52 0
-14 -90 0
-14 -128 0
-14 -166 0
-14 -204 0
-14 -242 0
-14 -280 0
-14 -318 0
-14 -356 0
-14 -394 0
-14 -432 0
-14 -470 0
-14 -508 0
-52 -90 0
-52 -128 0
-52 -166 0
-52 -204 0
-52 -242 0
-52 -280 0
-52 -318 0
-52 -356 0
-52 -394 0
-52 -432 0
-52 -470 0
-52 -508 0
-90 -128 0
-90 -166 0
-90 -204 0
-90 -242 0
-90 -280 0
-90 -318 0
-90 -356 0
-90 -394 0
-90 -432 0
-90 -470 0
-90 -508 0
-128 -166 0
-128 -204 0
-128 -242 0
-128 -280 0
-128 -318 0
-128 -356 0
-128 -394 0
-128 -432 0
-128 -470 0
-128 -508 0
-166 -204 0
-166 -242 0
-166 -280 0
-166 -318 0
-166 -356 0
-166 -394 0
-166 -432 0
-166 -470 0
-166 -508 0
-204 -242 0
-204 -280 0
-204 -318 0
-204 -356 0
-204 -394 0
-204 -432 0
-204 -470 0
-204 -508 0
-242 -280 0
-242 -318 0
-242 -356 0
-242 -394 0
-242 -432 0
-242 -470 0
-242 -508 0
-280 -318 0
-280 -356 0
-280 -394 0
-280 -432 0
-280 -470 0
-280 -508 0
-318 -356 0
-318 -394 0
-318 -432 0
-318 -470 0
-318 -508 0
-356 -394 0
-356 -432 0
-356 -470 0
-356 -508 0
-394 -432 0
-394 -470 0
-394 -508 0
-432 -470 0
-432 -508 0
-470 -508 0
-15 -53 0
-15 -91 0
-15 -129 0
-15 -167 0
-15 -205 0
-15 -243 0
-15 -281 0
-15 -319 0
-15 -357 0
-15 -395 0
-15 -433 0
-15 -471 0
-15 -509 0
-15 -547 0
-53 -91 0
-53 -129 0
-53 -167 0
-53 -205 0
-53 -243 0
-53 -281 0
-53 -319 0
-53 -357 0
-53 -395 0
-53 -433 0
-53 -471 0
-53 -509 0
-53 -547 0
-91 -129 0
-91 -167 0
-91 -205 0
-91 -243 0
-91 -281 0
-91 -319 0
-91 -357 0
-91 -395 0
-91 -433 0
-91 -471 0
-91 -509 0
-91 -547 0
-129 -167 0
-129 -205 0
-129 -243 0
-129 -281 0
-129 -319 0
-129 -357 0
-129 -395 0
-129 -433 0
-129 -471 0
-129 -509 0
-129 -547 0
-167 -205 0
-167 -243 0
-167 -281 0
-167 -319 0
-167 -357 0
-167 -395 0
-167 -433 0
-167 -471 0
-167 -509 0
-167 -547 0
-205 -243 0
-205 -281 0
-205 -319 0
-205 -357 0
-205 -395 0
-205 -433 0
-205 -471 0
-205 -509 0
-205 -547 0
-243 -281 0
-243 -319 0
-243 -357 0
-243 -395 0
-243 -433 0
-243 -471 0
-243 -509 0
-243 -547 0
-281 -319 0
-281 -357 0
-281 -395 0
-281 -433 0
-281 -471 0
-281 -509 0
-281 -547 0
-319 -357 0
-319 -395 0
-319 -433 0
-319 -471 0
-319 -509 0
-319 -547 0
-357 -395 0
-357 -433 0
-357 -471 0
-357 -509 0
-357 -547 0
-395 -433 0
-395 -471 0
-395 -509 0
-395 -547 0
-433 -471 0
-433 -509 0
-433 -547 0
-471 -509 0
-471 -547 0
-509 -547 0
-16 -54 0
-16 -92 0
-16 -130 0
-16 -168 0
-16 -206 0
-16 -244 0
-16 -282 0
-16 -320 0
-16 -358 0
-16 -396 0
-16 -434 0
-16 -472 0
-16 -510 0
-16 -548 0
-16 -586 0
-54 -92 0
-54 -130 0
-54 -168 0
-54 -206 0
-54 -244 0
-54 -282 0
-54 -320 0
-54 -358 0
-54 -396 0
-54 -434 0
-54 -472 0
-54 -510 0
-54 -548 0
-54 -586 0
-92 -130 0
-92 -168 0
-92 -206 0
-92 -244 0
-92 -282 0
-92 -320 0
-92 -358 0
-92 -396 0
-92 -434 0
-92 -472 0
-92 -510 0
-92 -548 0
-92 -586 0
-130 -168 0
-130 -206 0
-130 -244 0
-130 -282 0
-130 -320 0
-130 -358 0
-130 -396 0
-130 -434 0
-130 -472 0
-130 -510 0
-130 -548 0
-130 -586 0
-168 -206 0
-168 -244 0
-168 -282 0
-168 -320 0
-168 -358 0
-168 -396 0
-168 -434 0
-168 -472 0
-168 -510 0
-168 -548 0
-168 -586 0
-206 -244 0
-206 -282 0
-206 -320 0
-206 -358 0
-206 -396 0
-206 -434 0
-206 -472 0
-206 -510 0
-206 -548 0
-206 -586 0
-244 -282 0
-244 -320 0
-244 -358 0
-244 -396 0
-244 -434 0
-244 -472 0
-244 -510 0
-244 -548 0
-244 -586 0
-282 -320 0
-282 -358 0
-282 -396 0
-282 -434 0
-282 -472 0
-282 -510 0
-282 -548 0
-282 -586 0
-320 -358 0
-320 -396 0
-320 -434 0
-320 -472 0
-320 -510 0
-320 -548 0
-320 -586 0
-358 -396 0
-358 -434 0
-358 -472 0
-358 -510 0
-358 -548 0
-358 -586 0
-396 -434 0
-396 -472 0
-396 -510 0
-396 -548 0
-396 -586 0
-434 -472 0
-434 -510 0
-434 -548 0
-434 -586 0
-472 -510 0
-472 -548 0
-472 -586 0
-510 -548 0
-510 -586 0
-548 -586 0
-17 -55 0
-17 -93 0
-17 -131 0
-17 -169 0
-17 -207 0
-17 -245 0
-17 -283 0
-17 -321 0
-17 -359 0
-17 -397 0
-17 -435 0
-17 -473 0
-17 -511 0
-17 -549 0
-17 -587 0
-17 -625 0
-55 -93 0
-55 -131 0
-55 -169 0
-55 -207 0
-55 -245 0
-55 -283 0
-55 -321 0
-55 -359 0
-55 -397 0
-55 -435 0
-55 -473 0
-55 -511 0
-55 -549 0
-55 -587 0
-55 -625 0
-93 -131 0
-93 -169 0
-93 -207 0
-93 -245 0
-93 -283 0
-93 -321 0
-93 -359 0
-93 -397 0
-93 -435 0
-93 -473 0
-93 -511 0
-93 -549 0
-93 -587 0
-93 -625 0
-131 -169 0
-131 -207 0
-131 -245 0
-131 -283 0
-131 -321 0
-131 -359 0
-131 -397 0
-131 -435 0
-131 -473 0
-131 -511 0
-131 -549 0
-131 -587 0
-131 -625 0
-169 -207 0
-169 -245 0
-169 -283 0
-169 -321 0
-169 -359 0
-169 -397 0
-169 -435 0
-169 -473 0
-169 -511 0
-169 -549 0
-169 -587 0
-169 -625 0
-207 -245 0
-207 -283 0
-207 -321 0
-207 -359 0
-207 -397 0
-207 -435 0
-207 -473 0
-207 -511 0
-207 -549 0
-207 -587 0
-207 -625 0
-245 -283 0
-245 -321 0
-245 -359 0
-245 -397 0
-245 -435 0
-245 -473 0
-245 -511 0
-245 -549 0
-245 -587 0
-245 -625 0
-283 -321 0
-283 -359 0
-283 -397 0
-283 -435 0
-283 -473 0
-283 -511 0
-283 -549 0
-283 -587 0
-283 -625 0
-321 -359 0
-321 -397 0
-321 -435 0
-321 -473 0
-321 -511 0
-321 -549 0
-321 -587 0
-321 -625 0
-359 -397 0
-359 -435 0
-359 -473 0
-359 -511 0
-359 -549 0
-359 -587 0
-359 -625 0
-397 -435 0
-397 -473 0
-397 -511 0
-397 -549 0
-397 -587 0
-397 -625 0
-435 -473 0
-435 -511 0
-435 -549 0
-435 -587 0
-435 -625 0
-473 -511 0
-473 -549 0
-473 -587 0
-473 -625 0
-511 -549 0
-511 -587 0
-511 -625 0
-549 -587 0
-549 -625 0
-587 -625 0
-18 -56 0
-18 -94 0
-18 -132 0
-18 -170 0
-18 -208 0
-18 -246 0
-18 -284 0
-18 -322 0
-18 -360 0
-18 -398 0
-18 -436 0
-18 -474 0
-18 -512 0
-18 -550 0
-18 -588 0
-18 -626 0
-18 -664 0
-56 -94 0
-56 -132 0
-56 -170 0
-56 -208 0
-56 -246 0
-56 -284 0
-56 -322 0
-56 -360 0
-56 -398 0
-56 -436 0
-56 -474 0
-56 -512 0
-56 -550 0
-56 -588 0
-56 -626 0
-56 -664 0
-94 -132 0
-94 -170 0
-94 -208 0
-94 -246 0
-94 -284 0
-94 -322 0
-94 -360 0
-94 -398 0
-94 -436 0
-94 -474 0
-94 -512 0
-94 -550 0
-94 -588 0
-94 -626 0
-94 -664 0
-132 -170 0
-132 -208 0
-132 -246 0
-132 -284 0
-132 -322 0
-132 -360 0
-132 -398 0
-132 -436 0
-132 -474 0
-132 -512 0
-132 -550 0
-132 -588 0
-132 -626 0
-132 -664 0
-170 -208 0
-170 -246 0
-170 -284 0
-170 -322 0
-170 -360 0
-170 -398 0
-170 -436 0
-170 -474 0
-170 -512 0
-170 -550 0
-170 -588 0
-170 -626 0
-170 -664 0
-208 -246 0
-208 -284 0
-208 -322 0
-208 -360 0
-208 -398 0
-208 -436 0
-208 -474 0
-208 -512 0
-208 -550 0
-208 -588 0
-208 -626 0
-208 -664 0
-246 -284 0
-246 -322 0
-246 -360 0
-246 -398 0
-246 -436 0
-246 -474 0
-246 -512 0
-246 -550 0
-246 -588 0
-246 -626 0
-246 -664 0
-284 -322 0
-284 -360 0
-284 -398 0
-284 -436 0
-284 -474 0
-284 -512 0
-284 -550 0
-284 -588 0
-284 -626 0
-284 -664 0
-322 -360 0
-322 -398 0
-322 -436 0
-322 -474 0
-322 -512 0
-322 -550 0
-322 -588 0
-322 -626 0
-322 -664 0
-360 -398 0
-360 -436 0
-360 -474 0
-360 -512 0
-360 -550 0
-360 -588 0
-360 -626 0
-360 -664 0
-398 -436 0
-398 -474 0
-398 -512 0
-398 -550 0
-398 -588 0
-398 -626 0
-398 -664 0
-436 -474 0
-436 -512 0
-436 -550 0
-436 -588 0
-436 -626 0
-436 -664 0
-474 -512 0
-474 -550 0
-474 -588 0
-474 -626 0
-474 -664 0
-512 -550 0
-512 -588 0
-512 -626 0
-512 -664 0
-550 -588 0
-550 -626 0
-550 -664 0
-588 -626 0
-588 -664 0
-626 -664 0
-19 -57 0
-19 -95 0
-19 -133 0
-19 -171 0
-19 -209 0
-19 -247 0
-19 -285 0
-19 -323 0
-19 -361 0
-19 -399 0
-19 -437 0
-19 -475 0
-19 -513 0
-19 -551 0
-19 -589 0
-19 -627 0
-19 -665 0
-19 -703 0
-57 -95 0
-57 -133 0
-57 -171 0
-57 -209 0
-57 -247 0
-57 -285 0
-57 -323 0
-57 -361 0
-57 -399 0
-57 -437 0
-57 -475 0
-57 -513 0
-57 -551 0
-57 -589 0
-57 -627 0
-57 -665 0
-57 -703 0
-95 -133 0
-95 -171 0
-95 -209 0
-95 -247 0
-95 -285 0
-95 -323 0
-95 -361 0
-95 -399 0
-95 -437 0
-95 -475 0
-95 -513 0
-95 -551 0
-95 -589 0
-95 -627 0
-95 -665 0
-95 -703 0
-133 -171 0
-133 -209 0
-133 -247 0
-133 -285 0
-133 -323 0
-133 -361 0
-133 -399 0
-133 -437 0
-133 -475 0
-133 -513 0
-133 -551 0
-133 -589 0
-133 -627 0
-133 -665 0
-133 -703 0
-171 -209 0
-171 -247 0
-171 -285 0
-171 -323 0
-171 -361 0
-171 -399 0
-171 -437 0
-171 -475 0
-171 -513 0
-171 -551 0
-171 -589 0
-171 -627 0
-171 -665 0
-171 -703 0
-209 -247 0
-209 -285 0
-209 -323 0
-209 -361 0
-209 -399 0
-209 -437 0
-209 -475 0
-209 -513 0
-209 -551 0
-209 -589 0
-209 -627 0
-209 -665 0
-209 -703 0
-247 -285 0
-247 -323 0
-247 -361 0
-247 -399 0
-247 -437 0
-247 -475 0
-247 -513 0
-247 -551 0
-247 -589 0
-247 -627 0
-247 -665 0
-247 -703 0
-285 -323 0
-285 -361 0
-285 -399 0
-285 -437 0
-285 -475 0
-285 -513 0
-285 -551 0
-285 -589 0
-285 -627 0
-285 -665 0
-285 -703 0
-323 -361 0
-323 -399 0
-323 -437 0
-323 -475 0
-323 -513 0
-323 -551 0
-323 -589 0
-323 -627 0
-323 -665 0
-323 -703 0
-361 -399 0
-361 -437 0
-361 -475 0
-361 -513 0
-361 -551 0
-361 -589 0
-361 -627 0
-361 -665 0
-361 -703 0
-399 -437 0
-399 -475 0
-399 -513 0
-399 -551 0
-399 -589 0
-399 -627 0
-399 -665 0
-399 -703 0
-437 -475 0
-437 -513 0
-437 -551 0
-437 -589 0
-437 -627 0
-437 -665 0
-437 -703 0
-475 -513 0
-475 -551 0
-475 -589 0
-475 -627 0
-475 -665 0
-475 -703 0
-513 -551 0
-513 -589 0
-513 -627 0
-513 -665 0
-513 -703 0
-551 -589 0
-551 -627 0
-551 -665 0
-551 -703 0
-589 -627 0
-589 -665 0
-589 -703 0
-627 -665 0
-627 -703 0
-665 -703 0
-20 -58 0
-20 -96 0
-20 -134 0
-20 -172 0
-20 -210 0
-20 -248 0
-20 -286 0
-20 -324 0
-20 -362 0
-20 -400 0
-20 -438 0
-20 -476 0
-20 -514 0
-20 -552 0
-20 -590 0
-20 -628 0
-20 -666 0
-20 -704 0
-20 -742 0
-58 -96 0
-58 -134 0
-58 -172 0
-58 -210 0
-58 -248 0
-58 -286 0
-58 -324 0
-58 -362 0
-58 -400 0
-58 -438 0
-58 -476 0
-58 -514 0
-58 -552 0
-58 -590 0
-58 -628 0
-58 -666 0
-58 -704 0
-58 -742 0
-96 -134 0
-96 -172 0
-96 -210 0
-96 -248 0
-96 -286 0
-96 -324 0
-96 -362 0
-96 -400 0
-96 -438 0
-96 -476 0
-96 -514 0
-96 -552 0
-96 -590 0
-96 -628 0
-96 -666 0
-96 -704 0
-96 -742 0
-134 -172 0
-134 -210 0
-134 -248 0
-134 -286 0
-134 -324 0
-134 -362 0
-134 -400 0
-134 -438 0
-134 -476 0
-134 -514 0
-134 -552 0
-134 -590 0
-134 -628 0
-134 -666 0
-134 -704 0
-134 -742 0
-172 -210 0
-172 -248 0
-172 -286 0
-172 -324 0
-172 -362 0
-172 -400 0
-172 -438 0
-172 -476 0
-172 -514 0
-172 -552 0
-172 -590 0
-172 -628 0
-172 -666 0
-172 -704 0
-172 -742 0
-210 -248 0
-210 -286 0
-210 -324 0
-210 -362 0
-210 -400 0
-210 -438 0
-210 -476 0
-210 -514 0
-210 -552 0
-210 -590 0
-210 -628 0
-210 -666 0
-210 -704 0
-210 -742 0
-248 -286 0
-248 -324 0
-248 -362 0
-248 -400 0
-248 -438 0
-248 -476 0
-248 -514 0
-248 -552 0
-248 -590 0
-248 -628 0
-248 -666 0
-248 -704 0
-248 -742 0
-286 -324 0
-286 -362 0
-286 -400 0
-286 -438 0
-286 -476 0
-286 -514 0
-286 -552 0
-286 -590 0
-286 -628 0
-286 -666 0
-286 -704 0
-286 -742 0
-324 -362 0
-324 -400 0
-324 -438 0
-324 -476 0
-324 -514 0
-324 -552 0
-324 -590 0
-324 -628 0
-324 -666 0
-324 -704 0
-324 -742 0
-362 -400 0
-362 -438 0
-362 -476 0
-362 -514 0
-362 -552 0
-362 -590 0
-362 -628 0
-362 -666 0
-362 -704 0
-362 -742 0
-400 -438 0
-400 -476 0
-400 -514 0
-400 -552 0
-400 -590 0
-400 -628 0
-400 -666 0
-400 -704 0
-400 -742 0
-438 -476 0
-438 -514 0
-438 -552 0
-438 -590 0
-438 -628 0
-438 -666 0
-438 -704 0
-438 -742 0
-476 -514 0
-476 -552 0
-476 -590 0
-476 -628 0
-476 -666 0
-476 -704 0
-476 -742 0
-514 -552 0
-514 -590 0
-514 -628 0
-514 -666 0
-514 -704 0
-514 -742 0
-552 -590 0
-552 -628 0
-552 -666 0
-552 -704 0
-552 -742 0
-590 -628 0
-590 -666 0
-590 -704 0
-590 -742 0
-628 -666 0
-628 -704 0
-628 -742 0
-666 -704 0
-666 -742 0
-704 -742 0
-21 -59 0
-21 -97 0
-21 -135 0
-21 -173 0
-21 -211 0
-21 -249 0
-21 -287 0
-21 -325 0
-21 -363 0
-21 -401 0
-21 -439 0
-21 -477 0
-21 -515 0
-21 -553 0
-21 -591 0
-21 -629 0
-21 -667 0
-21 -705 0
-21 -743 0
-21 -781 0
-59 -97 0
-59 -135 0
-59 -173 0
-59 -211 0
-59 -249 0
-59 -287 0
-59 -325 0
-59 -363 0
-59 -401 0
-59 -439 0
-59 -477 0
-59 -515 0
-59 -553 0
-59 -591 0
-59 -629 0
-59 -667 0
-59 -705 0
-59 -743 0
-59 -781 0
-97 -135 0
-97 -173 0
-97 -211 0
-97 -249 0
-97 -287 0
-97 -325 0
-97 -363 0
-97 -401 0
-97 -439 0
-97 -477 0
-97 -515 0
-97 -553 0
-97 -591 0
-97 -629 0
-97 -667 0
-97 -705 0
-97 -743 0
-97 -781 0
-135 -173 0
-135 -211 0
-135 -249 0
-135 -287 0
-135 -325 0
-135 -363 0
-135 -401 0
-135 -439 0
-135 -477 0
-135 -515 0
-135 -553 0
-135 -591 0
-135 -629 0
-135 -667 0
-135 -705 0
-135 -743 0
-135 -781 0
-173 -211 0
-173 -249 0
-173 -287 0
-173 -325 0
-173 -363 0
-173 -401 0
-173 -439 0
-173 -477 0
-173 -515 0
-173 -553 0
-173 -591 0
-173 -629 0
-173 -667 0
-173 -705 0
-173 -743 0
-173 -781 0
-211 -249 0
-211 -287 0
-211 -325 0
-211 -363 0
-211 -401 0
-211 -439 0
-211 -477 0
-211 -515 0
-211 -553 0
-211 -591 0
-211 -629 0
-211 -667 0
-211 -705 0
-211 -743 0
-211 -781 0
-249 -287 0
-249 -325 0
-249 -363 0
-249 -401 0
-249 -439 0
-249 -477 0
-249 -515 0
-249 -553 0
-249 -591 0
-249 -629 0
-249 -667 0
-249 -705 0
-249 -743 0
-249 -781 0
-287 -325 0
-287 -363 0
-287 -401 0
-287 -439 0
-287 -477 0
-287 -515 0
-287 -553 0
-287 -591 0
-287 -629 0
-287 -667 0
-287 -705 0
-287 -743 0
-287 -781 0
-325 -363 0
-325 -401 0
-325 -439 0
-325 -477 0
-325 -515 0
-325 -553 0
-325 -591 0
-325 -629 0
-325 -667 0
-325 -705 0
-325 -743 0
-325 -781 0
-363 -401 0
-363 -439 0
-363 -477 0
-363 -515 0
-363 -553 0
-363 -591 0
-363 -629 0
-363 -667 0
-363 -705 0
-363 -743 0
-363 -781 0
-401 -439 0
-401 -477 0
-401 -515 0
-401 -553 0
-401 -591 0
-401 -629 0
-401 -667 0
-401 -705 0
-401 -743 0
-401 -781 0
-439 -477 0
-439 -515 0
-439 -553 0
-439 -591 0
-439 -629 0
-439 -667 0
-439 -705 0
-439 -743 0
-439 -781 0
-477 -515 0
-477 -553 0
-477 -591 0
-477 -629 0
-477 -667 0
-477 -705 0
-477 -743 0
-477 -781 0
-515 -553 0
-515 -591 0
-515 -629 0
-515 -667 0
-515 -705 0
-515 -743 0
-515 -781 0
-553 -591 0
-553 -629 0
-553 -667 0
-553 -705 0
-553 -743 0
-553 -781 0
-591 -629 0
-591 -667 0
-591 -705 0
-591 -743 0
-591 -781 0
-629 -667 0
-629 -705 0
-629 -743 0
-629 -781 0
-667 -705 0
-667 -743 0
-667 -781 0
-705 -743 0
-705 -781 0
-743 -781 0
-22 -60 0
-22 -98 0
-22 -136 0
-22 -174 0
-22 -212 0
-22 -250 0
-22 -288 0
-22 -326 0
-22 -364 0
-22 -402 0
-22 -440 0
-22 -478 0
-22 -516 0
-22 -554 0
-22 -592 0
-22 -630 0
-22 -668 0
-22 -706 0
-22 -744 0
-22 -782 0
-22 -820 0
-60 -98 0
-60 -136 0
-60 -174 0
-60 -212 0
-60 -250 0
-60 -288 0
-60 -326 0
-60 -364 0
-60 -402 0
-60 -440 0
-60 -478 0
-60 -516 0
-60 -554 0
-60 -592 0
-60 -630 0
-60 -668 0
-60 -706 0
-60 -744 0
-60 -782 0
-60 -820 0
-98 -136 0
-98 -174 0
-98 -212 0
-98 -250 0
-98 -288 0
-98 -326 0
-98 -364 0
-98 -402 0
-98 -440 0
-98 -478 0
-98 -516 0
-98 -554 0
-98 -592 0
-98 -630 0
-98 -668 0
-98 -706 0
-98 -744 0
-98 -782 0
-98 -820 0
-136 -174 0
-136 -212 0
-136 -250 0
-136 -288 0
-136 -326 0
-136 -364 0
-136 -402 0
-136 -440 0
-136 -478 0
-136 -516 0
-136 -554 0
-136 -592 0
-136 -630 0
-136 -668 0
-136 -706 0
-136 -744 0
-136 -782 0
-136 -820 0
-174 -212 0
-174 -250 0
-174 -288 0
-174 -326 0
-174 -364 0
-174 -402 0
-174 -440 0
-174 -478 0
-174 -516 0
-174 -554 0
-174 -592 0
-174 -630 0
-174 -668 0
-174 -706 0
-174 -744 0
-174 -782 0
-174 -820 0
-212 -250 0
-212 -288 0
-212 -326 0
-212 -364 0
-212 -402 0
-212 -440 0
-212 -478 0
-212 -516 0
-212 -554 0
-212 -592 0
-212 -630 0
-212 -668 0
-212 -706 0
-212 -744 0
-212 -782 0
-212 -820 0
-250 -288 0
-250 -326 0
-250 -364 0
-250 -402 0
-250 -440 0
-250 -478 0
-250 -516 0
-250 -554 0
-250 -592 0
-250 -630 0
-250 -668 0
-250 -706 0
-250 -744 0
-250 -782 0
-250 -820 0
-288 -326 0
-288 -364 0
-288 -402 0
-288 -440 0
-288 -478 0
-288 -516 0
-288 -554 0
-288 -592 0
-288 -630 0
-288 -668 0
-288 -706 0
-288 -744 0
-288 -782 0
-288 -820 0
-326 -364 0
-326 -402 0
-326 -440 0
-326 -478 0
-326 -516 0
-326 -554 0
-326 -592 0
-326 -630 0
-326 -668 0
-326 -706 0
-326 -744 0
-326 -782 0
-326 -820 0
-364 -402 0
-364 -440 0
-364 -478 0
-364 -516 0
-364 -554 0
-364 -592 0
-364 -630 0
-364 -668 0
-364 -706 0
-364 -744 0
-364 -782 0
-364 -820 0
-402 -440 0
-402 -478 0
-402 -516 0
-402 -554 0
-402 -592 0
-402 -630 0
-402 -668 0
-402 -706 0
-402 -744 0
-402 -782 0
-402 -820 0
-440 -478 0
-440 -516 0
-440 -554 0
-440 -592 0
-440 -630 0
-440 -668 0
-440 -706 0
-440 -744 0
-440 -782 0
-440 -820 0
-478 -516 0
-478 -554 0
-478 -592 0
-478 -630 0
-478 -668 0
-478 -706 0
-478 -744 0
-478 -782 0
-478 -820 0
-516 -554 0
-516 -592 0
-516 -630 0
-516 -668 0
-516 -706 0
-516 -744 0
-516 -782 0
-516 -820 0
-554 -592 0
-554 -630 0
-554 -668 0
-554 -706 0
-554 -744 0
-554 -782 0
-554 -820 0
-592 -630 0
-592 -668 0
-592 -706 0
-592 -744 0
-592 -782 0
-592 -820 0
-630 -668 0
-630 -706 0
-630 -744 0
-630 -782 0
-630 -820 0
-668 -706 0
-668 -744 0
-668 -782 0
-668 -820 0
-706 -744 0
-706 -782 0
-706 -820 0
-744 -782 0
-744 -820 0
-782 -820 0
-23 -61 0
-23 -99 0
-23 -137 0
-23 -175 0
-23 -213 0
-23 -251 0
-23 -289 0
-23 -327 0
-23 -365 0
-23 -403 0
-23 -441 0
-23 -479 0
-23 -517 0
-23 -555 0
-23 -593 0
-23 -631 0
-23 -669 0
-23 -707 0
-23 -745 0
-23 -783 0
-23 -821 0
-23 -859 0
-61 -99 0
-61 -137 0
-61 -175 0
-61 -213 0
-61 -251 0
-61 -289 0
-61 -327 0
-61 -365 0
-61 -403 0
-61 -441 0
-61 -479 0
-61 -517 0
-61 -555 0
-61 -593 0
-61 -631 0
-61 -669 0
-61 -707 0
-61 -745 0
-61 -783 0
-61 -821 0
-61 -859 0
-99 -137 0
-99 -175 0
-99 -213 0
-99 -251 0
-99 -289 0
-99 -327 0
-99 -365 0
-99 -403 0
-99 -441 0
-99 -479 0
-99 -517 0
-99 -555 0
-99 -593 0
-99 -631 0
-99 -669 0
-99 -707 0
-99 -745 0
-99 -783 0
-99 -821 0
-99 -859 0
-137 -175 0
-137 -213 0
-137 -251 0
-137 -289 0
-137 -327 0
-137 -365 0
-137 -403 0
-137 -441 0
-137 -479 0
-137 -517 0
-137 -555 0
-137 -593 0
-137 -631 0
-137 -669 0
-137 -707 0
-137 -745 0
-137 -783 0
-137 -821 0
-137 -859 0
-175 -213 0
-175 -251 0
-175 -289 0
-175 -327 0
-175 -365 0
-175 -403 0
-175 -441 0
-175 -479 0
-175 -517 0
-175 -555 0
-175 -593 0
-175 -631 0
-175 -669 0
-175 -707 0
-175 -745 0
-175 -783 0
-175 -821 0
-175 -859 0
-213 -251 0
-213 -289 0
-213 -327 0
-213 -365 0
-213 -403 0
-213 -441 0
-213 -479 0
-213 -517 0
-213 -555 0
-213 -593 0
-213 -631 0
-213 -669 0
-213 -707 0
-213 -745 0
-213 -783 0
-213 -821 0
-213 -859 0
-251 -289 0
-251 -327 0
-251 -365 0
-251 -403 0
-251 -441 0
-251 -479 0
-251 -517 0
-251 -555 0
-251 -593 0
-251 -631 0
-251 -669 0
-251 -707 0
-251 -745 0
-251 -783 0
-251 -821 0
-251 -859 0
-289 -327 0
-289 -365 0
-289 -403 0
-289 -441 0
-289 -479 0
-289 -517 0
-289 -555 0
-289 -593 0
-289 -631 0
-289 -669 0
-289 -707 0
-289 -745 0
-289 -783 0
-289 -821 0
-289 -859 0
-327 -365 0
-327 -403 0
-327 -441 0
-327 -479 0
-327 -517 0
-327 -555 0
-327 -593 0
-327 -631 0
-327 -669 0
-327 -707 0
-327 -745 0
-327 -783 0
-327 -821 0
-327 -859 0
-365 -403 0
-365 -441 0
-365 -479 0
-365 -517 0
-365 -555 0
-365 -593 0
-365 -631 0
-365 -669 0
-365 -707 0
-365 -745 0
-365 -783 0
-365 -821 0
-365 -859 0
-403 -441 0
-403 -479 0
-403 -517 0
-403 -555 0
-403 -593 0
-403 -631 0
-403 -669 0
-403 -707 0
-403 -745 0
-403 -783 0
-403 -821 0
-403 -859 0
-441 -479 0
-441 -517 0
-441 -555 0
-441 -593 0
-441 -631 0
-441 -669 0
-441 -707 0
-441 -745 0
-441 -783 0
-441 -821 0
-441 -859 0
-479 -517 0
-479 -555 0
-479 -593 0
-479 -631 0
-479 -669 0
-479 -707 0
-479 -745 0
-479 -783 0
-479 -821 0
-479 -859 0
-517 -555 0
-517 -593 0
-517 -631 0
-517 -669 0
-517 -707 0
-517 -745 0
-517 -783 0
-517 -821 0
-517 -859 0
-555 -593 0
-555 -631 0
-555 -669 0
-555 -707 0
-555 -745 0
-555 -783 0
-555 -821 0
-555 -859 0
-593 -631 0
-593 -669 0
-593 -707 0
-593 -745 0
-593 -783 0
-593 -821 0
-593 -859 0
-631 -669 0
-631 -707 0
-631 -745 0
-631 -783 0
-631 -821 0
-631 -859 0
-669 -707 0
-669 -745 0
-669 -783 0
-669 -821 0
-669 -859 0
-707 -745 0
-707 -783 0
-707 -821 0
-707 -859 0
-745 -783 0
-745 -821 0
-745 -859 0
-783 -821 0
-783 -859 0
-821 -859 0
-24 -62 0
-24 -100 0
-24 -138 0
-24 -176 0
-24 -214 0
-24 -252 0
-24 -290 0
-24 -328 0
-24 -366 0
-24 -404 0
-24 -442 0
-24 -480 0
-24 -518 0
-24 -556 0
-24 -594 0
-24 -632 0
-24 -670 0
-24 -708 0
-24 -746 0
-24 -784 0
-24 -822 0
-24 -860 0
-24 -898 0
-62 -100 0
-62 -138 0
-62 -176 0
-62 -214 0
-62 -252 0
-62 -290 0
-62 -328 0
-62 -366 0
-62 -404 0
-62 -442 0
-62 -480 0
-62 -518 0
-62 -556 0
-62 -594 0
-62 -632 0
-62 -670 0
-62 -708 0
-62 -746 0
-62 -784 0
-62 -822 0
-62 -860 0
-62 -898 0
-100 -138 0
-100 -176 0
-100 -214 0
-100 -252 0
-100 -290 0
-100 -328 0
-100 -366 0
-100 -404 0
-100 -442 0
-100 -480 0
-100 -518 0
-100 -556 0
-100 -594 0
-100 -632 0
-100 -670 0
-100 -708 0
-100 -746 0
-100 -784 0
-100 -822 0
-100 -860 0
-100 -898 0
-138 -176 0
-138 -214 0
-138 -252 0
-138 -290 0
-138 -328 0
-138 -366 0
-138 -404 0
-138 -442 0
-138 -480 0
-138 -518 0
-138 -556 0
-138 -594 0
-138 -632 0
-138 -670 0
-138 -708 0
-138 -746 0
-138 -784 0
-138 -822 0
-138 -860 0
-138 -898 0
-176 -214 0
-176 -252 0
-176 -290 0
-176 -328 0
-176 -366 0
-176 -404 0
-176 -442 0
-176 -480 0
-176 -518 0
-176 -556 0
-176 -594 0
-176 -632 0
-176 -670 0
-176 -708 0
-176 -746 0
-176 -784 0
-176 -822 0
-176 -860 0
-176 -898 0
-214 -252 0
-214 -290 0
-214 -328 0
-214 -366 0
-214 -404 0
-214 -442 0
-214 -480 0
-214 -518 0
-214 -556 0
-214 -594 0
-214 -632 0
-214 -670 0
-214 -708 0
-214 -746 0
-214 -784 0
-214 -822 0
-214 -860 0
-214 -898 0
-252 -290 0
-252 -328 0
-252 -366 0
-252 -404 0
-252 -442 0
-252 -480 0
-252 -518 0
-252 -556 0
-252 -594 0
-252 -632 0
-252 -670 0
-252 -708 0
-252 -746 0
-252 -784 0
-252 -822 0
-252 -860 0
-252 -898 0
-290 -328 0
-290 -366 0
-290 -404 0
-290 -442 0
-290 -480 0
-290 -518 0
-290 -556 0
-290 -594 0
-290 -632 0
-290 -670 0
-290 -708 0
-290 -746 0
-290 -784 0
-290 -822 0
-290 -860 0
-290 -898 0
-328 -366 0
-328 -404 0
-328 -442 0
-328 -480 0
-328 -518 0
-328 -556 0
-328 -594 0
-328 -632 0
-328 -670 0
-328 -708 0
-328 -746 0
-328 -784 0
-328 -822 0
-328 -860 0
-328 -898 0
-366 -404 0
-366 -442 0
-366 -480 0
-366 -518 0
-366 -556 0
-366 -594 0
-366 -632 0
-366 -670 0
-366 -708 0
-366 -746 0
-366 -784 0
-366 -822 0
-366 -860 0
-366 -898 0
-404 -442 0
-404 -480 0
-404 -518 0
-404 -556 0
-404 -594 0
-404 -632 0
-404 -670 0
-404 -708 0
-404 -746 0
-404 -784 0
-404 -822 0
-404 -860 0
-404 -898 0
-442 -480 0
-442 -518 0
-442 -556 0
-442 -594 0
-442 -632 0
-442 -670 0
-442 -708 0
-442 -746 0
-442 -784 0
-442 -822 0
-442 -860 0
-442 -898 0
-480 -518 0
-480 -556 0
-480 -594 0
-480 -632 0
-480 -670 0
-480 -708 0
-480 -746 0
-480 -784 0
-480 -822 0
-480 -860 0
-480 -898 0
-518 -556 0
-518 -594 0
-518 -632 0
-518 -670 0
-518 -708 0
-518 -746 0
-518 -784 0
-518 -822 0
-518 -860 0
-518 -898 0
-556 -594 0
-556 -632 0
-556 -670 0
-556 -708 0
-556 -746 0
-556 -784 0
-556 -822 0
-556 -860 0
-556 -898 0
-594 -632 0
-594 -670 0
-594 -708 0
-594 -746 0
-594 -784 0
-594 -822 0
-594 -860 0
-594 -898 0
-632 -670 0
-632 -708 0
-632 -746 0
-632 -784 0
-632 -822 0
-632 -860 0
-632 -898 0
-670 -708 0
-670 -746 0
-670 -784 0
-670 -822 0
-670 -860 0
-670 -898 0
-708 -746 0
-708 -784 0
-708 -822 0
-708 -860 0
-708 -898 0
-746 -784 0
-746 -822 0
-746 -860 0
-746 -898 0
-784 -822 0
-784 -860 0
-784 -898 0
-822 -860 0
-822 -898 0
-860 -898 0
-25 -63 0
-25 -101 0
-25 -139 0
-25 -177 0
-25 -215 0
-25 -253 0
-25 -291 0
-25 -329 0
-25 -367 0
-25 -405 0
-25 -443 0
-25 -481 0
-25 -519 0
-25 -557 0
-25 -595 0
-25 -633 0
-25 -671 0
-25 -709 0
-25 -747 0
-25 -785 0
-25 -823 0
-25 -861 0
-25 -899 0
-25 -937 0
-63 -101 0
-63 -139 0
-63 -177 0
-63 -215 0
-63 -253 0
-63 -291 0
-63 -329 0
-63 -367 0
-63 -405 0
-63 -443 0
-63 -481 0
-63 -519 0
-63 -557 0
-63 -595 0
-63 -633 0
-63 -671 0
-63 -709 0
-63 -747 0
-63 -785 0
-63 -823 0
-63 -861 0
-63 -899 0
-63 -937 0
-101 -139 0
-101 -177 0
-101 -215 0
-101 -253 0
-101 -291 0
-101 -329 0
-101 -367 0
-101 -405 0
-101 -443 0
-101 -481 0
-101 -519 0
-101 -557 0
-101 -595 0
-101 -633 0
-101 -671 0
-101 -709 0
-101 -747 0
-101 -785 0
-101 -823 0
-101 -861 0
-101 -899 0
-101 -937 0
-139 -177 0
-139 -215 0
-139 -253 0
-139 -291 0
-139 -329 0
-139 -367 0
-139 -405 0
-139 -443 0
-139 -481 0
-139 -519 0
-139 -557 0
-139 -595 0
-139 -633 0
-139 -671 0
-139 -709 0
-139 -747 0
-139 -785 0
-139 -823 0
-139 -861 0
-139 -899 0
-139 -937 0
-177 -215 0
-177 -253 0
-177 -291 0
-177 -329 0
-177 -367 0
-177 -405 0
-177 -443 0
-177 -481 0
-177 -519 0
-177 -557 0
-177 -595 0
-177 -633 0
-177 -671 0
-177 -709 0
-177 -747 0
-177 -785 0
-177 -823 0
-177 -861 0
-177 -899 0
-177 -937 0
-215 -253 0
-215 -291 0
-215 -329 0
-215 -367 0
-215 -405 0
-215 -443 0
-215 -481 0
-215 -519 0
-215 -557 0
-215 -595 0
-215 -633 0
-215 -671 0
-215 -709 0
-215 -747 0
-215 -785 0
-215 -823 0
-215 -861 0
-215 -899 0
-215 -937 0
-253 -291 0
-253 -329 0
-253 -367 0
-253 -405 0
-253 -443 0
-253 -481 0
-253 -519 0
-253 -557 0
-253 -595 0
-253 -633 0
-253 -671 0
-253 -709 0
-253 -747 0
-253 -785 0
-253 -823 0
-253 -861 0
-253 -899 0
-253 -937 0
-291 -329 0
-291 -367 0
-291 -405 0
-291 -443 0
-291 -481 0
-291 -519 0
-291 -557 0
-291 -595 0
-291 -633 0
-291 -671 0
-291 -709 0
-291 -747 0
-291 -785 0
-291 -823 0
-291 -861 0
-291 -899 0
-291 -937 0
-329 -367 0
-329 -405 0
-329 -443 0
-329 -481 0
-329 -519 0
-329 -557 0
-329 -595 0
-329 -633 0
-329 -671 0
-329 -709 0
-329 -747 0
-329 -785 0
-329 -823 0
-329 -861 0
-329 -899 0
-329 -937 0
-367 -405 0
-367 -443 0
-367 -481 0
-367 -519 0
-367 -557 0
-367 -595 0
-367 -633 0
-367 -671 0
-367 -709 0
-367 -747 0
-367 -785 0
-367 -823 0
-367 -861 0
-367 -899 0
-367 -937 0
-405 -443 0
-405 -481 0
-405 -519 0
-405 -557 0
-405 -595 0
-405 -633 0
-405 -671 0
-405 -709 0
-405 -747 0
-405 -785 0
-405 -823 0
-405 -861 0
-405 -899 0
-405 -937 0
-443 -481 0
-443 -519 0
-443 -557 0
-443 -595 0
-443 -633 0
-443 -671 0
-443 -709 0
-443 -747 0
-443 -785 0
-443 -823 0
-443 -861 0
-443 -899 0
-443 -937 0
-481 -519 0
-481 -557 0
-481 -595 0
-481 -633 0
-481 -671 0
-481 -709 0
-481 -747 0
-481 -785 0
-481 -823 0
-481 -861 0
-481 -899 0
-481 -937 0
-519 -557 0
-519 -595 0
-519 -633 0
-519 -671 0
-519 -709 0
-519 -747 0
-519 -785 0
-519 -823 0
-519 -861 0
-519 -899 0
-519 -937 0
-557 -595 0
-557 -633 0
-557 -671 0
-557 -709 0
-557 -747 0
-557 -785 0
-557 -823 0
-557 -861 0
-557 -899 0
-557 -937 0
-595 -633 0
-595 -671 0
-595 -709 0
-595 -747 0
-595 -785 0
-595 -823 0
-595 -861 0
-595 -899 0
-595 -937 0
-633 -671 0
-633 -709 0
-633 -747 0
-633 -785 0
-633 -823 0
-633 -861 0
-633 -899 0
-633 -937 0
-671 -709 0
-671 -747 0
-671 -785 0
-671 -823 0
-671 -861 0
-671 -899 0
-671 -937 0
-709 -747 0
-709 -785 0
-709 -823 0
-709 -861 0
-709 -899 0
-709 -937 0
-747 -785 0
-747 -823 0
-747 -861 0
-747 -899 0
-747 -937 0
-785 -823 0
-785 -861 0
-785 -899 0
-785 -937 0
-823 -861 0
-823 -899 0
-823 -937 0
-861 -899 0
-861 -937 0
-899 -937 0
-26 -64 0
-26 -102 0
-26 -140 0
-26 -178 0
-26 -216 0
-26 -254 0
-26 -292 0
-26 -330 0
-26 -368 0
-26 -406 0
-26 -444 0
-26 -482 0
-26 -520 0
-26 -558 0
-26 -596 0
-26 -634 0
-26 -672 0
-26 -710 0
-26 -748 0
-26 -786 0
-26 -824 0
-26 -862 0
-26 -900 0
-26 -938 0
-26 -976 0
-64 -102 0
-64 -140 0
-64 -178 0
-64 -216 0
-64 -254 0
-64 -292 0
-64 -330 0
-64 -368 0
-64 -406 0
-64 -444 0
-64 -482 0
-64 -520 0
-64 -558 0
-64 -596 0
-64 -634 0
-64 -672 0
-64 -710 0
-64 -748 0
-64 -786 0
-64 -824 0
-64 -862 0
-64 -900 0
-64 -938 0
-64 -976 0
-102 -140 0
-102 -178 0
-102 -216 0
-102 -254 0
-102 -292 0
-102 -330 0
-102 -368 0
-102 -406 0
-102 -444 0
-102 -482 0
-102 -520 0
-102 -558 0
-102 -596 0
-102 -634 0
-102 -672 0
-102 -710 0
-102 -748 0
-102 -786 0
-102 -824 0
-102 -862 0
-102 -900 0
-102 -938 0
-102 -976 0
-140 -178 0
-140 -216 0
-140 -254 0
-140 -292 0
-140 -330 0
-140 -368 0
-140 -406 0
-140 -444 0
-140 -482 0
-140 -520 0
-140 -558 0
-140 -596 0
-140 -634 0
-140 -672 0
-140 -710 0
-140 -748 0
-140 -786 0
-140 -824 0
-140 -862 0
-140 -900 0
-140 -938 0
-140 -976 0
-178 -216 0
-178 -254 0
-178 -292 0
-178 -330 0
-178 -368 0
-178 -406 0
-178 -444 0
-178 -482 0
-178 -520 0
-178 -558 0
-178 -596 0
-178 -634 0
-178 -672 0
-178 -710 0
-178 -748 0
-178 -786 0
-178 -824 0
-178 -862 0
-178 -900 0
-178 -938 0
-178 -976 0
-216 -254 0
-216 -292 0
-216 -330 0
-216 -368 0
-216 -406 0
-216 -444 0
-216 -482 0
-216 -520 0
-216 -558 0
-216 -596 0
-216 -634 0
-216 -672 0
-216 -710 0
-216 -748 0
-216 -786 0
-216 -824 0
-216 -862 0
-216 -900 0
-216 -938 0
-216 -976 0
-254 -292 0
-254 -330 0
-254 -368 0
-254 -406 0
-254 -444 0
-254 -482 0
-254 -520 0
-254 -558 0
-254 -596 0
-254 -634 0
-254 -672 0
-254 -710 0
-254 -748 0
-254 -786 0
-254 -824 0
-254 -862 0
-254 -900 0
-254 -938 0
-254 -976 0
-292 -330 0
-292 -368 0
-292 -406 0
-292 -444 0
-292 -482 0
-292 -520 0
-292 -558 0
-292 -596 0
-292 -634 0
-292 -672 0
-292 -710 0
-292 -748 0
-292 -786 0
-292 -824 0
-292 -862 0
-292 -900 0
-292 -938 0
-292 -976 0
-330 -368 0
-330 -406 0
-330 -444 0
-330 -482 0
-330 -520 0
-330 -558 0
-330 -596 0
-330 -634 0
-330 -672 0
-330 -710 0
-330 -748 0
-330 -786 0
-330 -824 0
-330 -862 0
-330 -900 0
-330 -938 0
-330 -976 0
-368 -406 0
-368 -444 0
-368 -482 0
-368 -520 0
-368 -558 0
-368 -596 0
-368 -634 0
-368 -672 0
-368 -710 0
-368 -748 0
-368 -786 0
-368 -824 0
-368 -862 0
-368 -900 0
-368 -938 0
-368 -976 0
-406 -444 0
-406 -482 0
-406 -520 0
-406 -558 0
-406 -596 0
-406 -634 0
-406 -672 0
-406 -710 0
-406 -748 0
-406 -786 0
-406 -824 0
-406 -862 0
-406 -900 0
-406 -938 0
-406 -976 0
-444 -482 0
-444 -520 0
-444 -558 0
-444 -596 0
-444 -634 0
-444 -672 0
-444 -710 0
-444 -748 0
-444 -786 0
-444 -824 0
-444 -862 0
-444 -900 0
-444 -938 0
-444 -976 0
-482 -520 0
-482 -558 0
-482 -596 0
-482 -634 0
-482 -672 0
-482 -710 0
-482 -748 0
-482 -786 0
-482 -824 0
-482 -862 0
-482 -900 0
-482 -938 0
-482 -976 0
-520 -558 0
-520 -596 0
-520 -634 0
-520 -672 0
-520 -710 0
-520 -748 0
-520 -786 0
-520 -824 0
-520 -862 0
-520 -900 0
-520 -938 0
-520 -976 0
-558 -596 0
-558 -634 0
-558 -672 0
-558 -710 0
-558 -748 0
-558 -786 0
-558 -824 0
-558 -862 0
-558 -900 0
-558 -938 0
-558 -976 0
-596 -634 0
-596 -672 0
-596 -710 0
-596 -748 0
-596 -786 0
-596 -824 0
-596 -862 0
-596 -900 0
-596 -938 0
-596 -976 0
-634 -672 0
-634 -710 0
-634 -748 0
-634 -786 0
-634 -824 0
-634 -862 0
-634 -900 0
-634 -938 0
-634 -976 0
-672 -710 0
-672 -748 0
-672 -786 0
-672 -824 0
-672 -862 0
-672 -900 0
-672 -938 0
-672 -976 0
-710 -748 0
-710 -786 0
-710 -824 0
-710 -862 0
-710 -900 0
-710 -938 0
-710 -976 0
-748 -786 0
-748 -824 0
-748 -862 0
-748 -900 0
-748 -938 0
-748 -976 0
-786 -824 0
-786 -862 0
-786 -900 0
-786 -938 0
-786 -976 0
-824 -862 0
-824 -900 0
-824 -938 0
-824 -976 0
-862 -900 0
-862 -938 0
-862 -976 0
-900 -938 0
-900 -976 0
-938 -976 0
-27 -65 0
-27 -103 0
-27 -141 0
-27 -179 0
-27 -217 0
-27 -255 0
-27 -293 0
-27 -331 0
-27 -369 0
-27 -407 0
-27 -445 0
-27 -483 0
-27 -521 0
-27 -559 0
-27 -597 0
-27 -635 0
-27 -673 0
-27 -711 0
-27 -749 0
-27 -787 0
-27 -825 0
-27 -863 0
-27 -901 0
-27 -939 0
-27 -977 0
-27 -1015 0
-65 -103 0
-65 -141 0
-65 -179 0
-65 -217 0
-65 -255 0
-65 -293 0
-65 -331 0
-65 -369 0
-65 -407 0
-65 -445 0
-65 -483 0
-65 -521 0
-65 -559 0
-65 -597 0
-65 -635 0
-65 -673 0
-65 -711 0
-65 -749 0
-65 -787 0
-65 -825 0
-65 -863 0
-65 -901 0
-65 -939 0
-65 -977 0
-65 -1015 0
-103 -141 0
-103 -179 0
-103 -217 0
-103 -255 0
-103 -293 0
-103 -331 0
-103 -369 0
-103 -407 0
-103 -445 0
-103 -483 0
-103 -521 0
-103 -559 0
-103 -597 0
-103 -635 0
-103 -673 0
-103 -711 0
-103 -749 0
-103 -787 0
-103 -825 0
-103 -863 0
-103 -901 0
-103 -939 0
-103 -977 0
-103 -1015 0
-141 -179 0
-141 -217 0
-141 -255 0
-141 -293 0
-141 -331 0
-141 -369 0
-141 -407 0
-141 -445 0
-141 -483 0
-141 -521 0
-141 -559 0
-141 -597 0
-141 -635 0
-141 -673 0
-141 -711 0
-141 -749 0
-141 -787 0
-141 -825 0
-141 -863 0
-141 -901 0
-141 -939 0
-141 -977 0
-141 -1015 0
-179 -217 0
-179 -255 0
-179 -293 0
-179 -331 0
-179 -369 0
-179 -407 0
-179 -445 0
-179 -483 0
-179 -521 0
-179 -559 0
-179 -597 0
-179 -635 0
-179 -673 0
-179 -711 0
-179 -749 0
-179 -787 0
-179 -825 0
-179 -863 0
-179 -901 0
-179 -939 0
-179 -977 0
-179 -1015 0
-217 -255 0
-217 -293 0
-217 -331 0
-217 -369 0
-217 -407 0
-217 -445 0
-217 -483 0
-217 -521 0
-217 -559 0
-217 -597 0
-217 -635 0
-217 -673 0
-217 -711 0
-217 -749 0
-217 -787 0
-217 -825 0
-217 -863 0
-217 -901 0
-217 -939 0
-217 -977 0
-217 -1015 0
-255 -293 0
-255 -331 0
-255 -369 0
-255 -407 0
-255 -445 0
-255 -483 0
-255 -521 0
-255 -559 0
-255 -597 0
-255 -635 0
-255 -673 0
-255 -711 0
-255 -749 0
-255 -787 0
-255 -825 0
-255 -863 0
-255 -901 0
-255 -939 0
-255 -977 0
-255 -1015 0
-293 -331 0
-293 -369 0
-293 -407 0
-293 -445 0
-293 -483 0
-293 -521 0
-293 -559 0
-293 -597 0
-293 -635 0
-293 -673 0
-293 -711 0
-293 -749 0
-293 -787 0
-293 -825 0
-293 -863 0
-293 -901 0
-293 -939 0
-293 -977 0
-293 -1015 0
-331 -369 0
-331 -407 0
-331 -445 0
-331 -483 0
-331 -521 0
-331 -559 0
-331 -597 0
-331 -635 0
-331 -673 0
-331 -711 0
-331 -749 0
-331 -787 0
-331 -825 0
-331 -863 0
-331 -901 0
-331 -939 0
-331 -977 0
-331 -1015 0
-369 -407 0
-369 -445 0
-369 -483 0
-369 -521 0
-369 -559 0
-369 -597 0
-369 -635 0
-369 -673 0
-369 -711 0
-369 -749 0
-369 -787 0
-369 -825 0
-369 -863 0
-369 -901 0
-369 -939 0
-369 -977 0
-369 -1015 0
-407 -445 0
-407 -483 0
-407 -521 0
-407 -559 0
-407 -597 0
-407 -635 0
-407 -673 0
-407 -711 0
-407 -749 0
-407 -787 0
-407 -825 0
-407 -863 0
-407 -901 0
-407 -939 0
-407 -977 0
-407 -1015 0
-445 -483 0
-445 -521 0
-445 -559 0
-445 -597 0
-445 -635 0
-445 -673 0
-445 -711 0
-445 -749 0
-445 -787 0
-445 -825 0
-445 -863 0
-445 -901 0
-445 -939 0
-445 -977 0
-445 -1015 0
-483 -521 0
-483 -559 0
-483 -597 0
-483 -635 0
-483 -673 0
-483 -711 0
-483 -749 0
-483 -787 0
-483 -825 0
-483 -863 0
-483 -901 0
-483 -939 0
-483 -977 0
-483 -1015 0
-521 -559 0
-521 -597 0
-521 -635 0
-521 -673 0
-521 -711 0
-521 -749 0
-521 -787 0
-521 -825 0
-521 -863 0
-521 -901 0
-521 -939 0
-521 -977 0
-521 -1015 0
-559 -597 0
-559 -635 0
-559 -673 0
-559 -711 0
-559 -749 0
-559 -787 0
-559 -825 0
-559 -863 0
-559 -901 0
-559 -939 0
-559 -977 0
-559 -1015 0
-597 -635 0
-597 -673 0
-597 -711 0
-597 -749 0
-597 -787 0
-597 -825 0
-597 -863 0
-597 -901 0
-597 -939 0
-597 -977 0
-597 -1015 0
-635 -673 0
-635 -711 0
-635 -749 0
-635 -787 0
-635 -825 0
-635 -863 0
-635 -901 0
-635 -939 0
-635 -977 0
-635 -1015 0
-673 -711 0
-673 -749 0
-673 -787 0
-673 -825 0
-673 -863 0
-673 -901 0
-673 -939 0
-673 -977 0
-673 -1015 0
-711 -749 0
-711 -787 0
-711 -825 0
-711 -863 0
-711 -901 0
-711 -939 0
-711 -977 0
-711 -1015 0
-749 -787 0
-749 -825 0
-749 -863 0
-749 -901 0
-749 -939 0
-749 -977 0
-749 -1015 0
-787 -825 0
-787 -863 0
-787 -901 0
-787 -939 0
-787 -977 0
-787 -1015 0
-825 -863 0
-825 -901 0
-825 -939 0
-825 -977 0
-825 -1015 0
-863 -901 0
-863 -939 0
-863 -977 0
-863 -1015 0
-901 -939 0
-901 -977 0
-901 -1015 0
-939 -977 0
-939 -1015 0
-977 -1015 0
-28 -66 0
-28 -104 0
-28 -142 0
-28 -180 0
-28 -218 0
-28 -256 0
-28 -294 0
-28 -332 0
-28 -370 0
-28 -408 0
-28 -446 0
-28 -484 0
-28 -522 0
-28 -560 0
-28 -598 0
-28 -636 0
-28 -674 0
-28 -712 0
-28 -750 0
-28 -788 0
-28 -826 0
-28 -864 0
-28 -902 0
-28 -940 0
-28 -978 0
-28 -1016 0
-28 -1054 0
-66 -104 0
-66 -142 0
-66 -180 0
-66 -218 0
-66 -256 0
-66 -294 0
-66 -332 0
-66 -370 0
-66 -408 0
-66 -446 0
-66 -484 0
-66 -522 0
-66 -560 0
-66 -598 0
-66 -636 0
-66 -674 0
-66 -712 0
-66 -750 0
-66 -788 0
-66 -826 0
-66 -864 0
-66 -902 0
-66 -940 0
-66 -978 0
-66 -1016 0
-66 -1054 0
-104 -142 0
-104 -180 0
-104 -218 0
-104 -256 0
-104 -294 0
-104 -332 0
-104 -370 0
-104 -408 0
-104 -446 0
-104 -484 0
-104 -522 0
-104 -560 0
-104 -598 0
-104 -636 0
-104 -674 0
-104 -712 0
-104 -750 0
-104 -788 0
-104 -826 0
-104 -864 0
-104 -902 0
-104 -940 0
-104 -978 0
-104 -1016 0
-104 -1054 0
-142 -180 0
-142 -218 0
-142 -256 0
-142 -294 0
-142 -332 0
-142 -370 0
-142 -408 0
-142 -446 0
-142 -484 0
-142 -522 0
-142 -560 0
-142 -598 0
-142 -636 0
-142 -674 0
-142 -712 0
-142 -750 0
-142 -788 0
-142 -826 0
-142 -864 0
-142 -902 0
-142 -940 0
-142 -978 0
-142 -1016 0
-142 -1054 0
-180 -218 0
-180 -256 0
-180 -294 0
-180 -332 0
-180 -370 0
-180 -408 0
-180 -446 0
-180 -484 0
-180 -522 0
-180 -560 0
-180 -598 0
-180 -636 0
-180 -674 0
-180 -712 0
-180 -750 0
-180 -788 0
-180 -826 0
-180 -864 0
-180 -902 0
-180 -940 0
-180 -978 0
-180 -1016 0
-180 -1054 0
-218 -256 0
-218 -294 0
-218 -332 0
-218 -370 0
-218 -408 0
-218 -446 0
-218 -484 0
-218 -522 0
-218 -560 0
-218 -598 0
-218 -636 0
-218 -674 0
-218 -712 0
-218 -750 0
-218 -788 0
-218 -826 0
-218 -864 0
-218 -902 0
-218 -940 0
-218 -978 0
-218 -1016 0
-218 -1054 0
-256 -294 0
-256 -332 0
-256 -370 0
-256 -408 0
-256 -446 0
-256 -484 0
-256 -522 0
-256 -560 0
-256 -598 0
-256 -636 0
-256 -674 0
-256 -712 0
-256 -750 0
-256 -788 0
-256 -826 0
-256 -864 0
-256 -902 0
-256 -940 0
-256 -978 0
-256 -1016 0
-256 -1054 0
-294 -332 0
-294 -370 0
-294 -408 0
-294 -446 0
-294 -484 0
-294 -522 0
-294 -560 0
-294 -598 0
-294 -636 0
-294 -674 0
-294 -712 0
-294 -750 0
-294 -788 0
-294 -826 0
-294 -864 0
-294 -902 0
-294 -940 0
-294 -978 0
-294 -1016 0
-294 -1054 0
-332 -370 0
-332 -408 0
-332 -446 0
-332 -484 0
-332 -522 0
-332 -560 0
-332 -598 0
-332 -636 0
-332 -674 0
-332 -712 0
-332 -750 0
-332 -788 0
-332 -826 0
-332 -864 0
-332 -902 0
-332 -940 0
-332 -978 0
-332 -1016 0
-332 -1054 0
-370 -408 0
-370 -446 0
-370 -484 0
-370 -522 0
-370 -560 0
-370 -598 0
-370 -636 0
-370 -674 0
-370 -712 0
-370 -750 0
-370 -788 0
-370 -826 0
-370 -864 0
-370 -902 0
-370 -940 0
-370 -978 0
-370 -1016 0
-370 -1054 0
-408 -446 0
-408 -484 0
-408 -522 0
-408 -560 0
-408 -598 0
-408 -636 0
-408 -674 0
-408 -712 0
-408 -750 0
-408 -788 0
-408 -826 0
-408 -864 0
-408 -902 0
-408 -940 0
-408 -978 0
-408 -1016 0
-408 -1054 0
-446 -484 0
-446 -522 0
-446 -560 0
-446 -598 0
-446 -636 0
-446 -674 0
-446 -712 0
-446 -750 0
-446 -788 0
-446 -826 0
-446 -864 0
-446 -902 0
-446 -940 0
-446 -978 0
-446 -1016 0
-446 -1054 0
-484 -522 0
-484 -560 0
-484 -598 0
-484 -636 0
-484 -674 0
-484 -712 0
-484 -750 0
-484 -788 0
-484 -826 0
-484 -864 0
-484 -902 0
-484 -940 0
-484 -978 0
-484 -1016 0
-484 -1054 0
-522 -560 0
-522 -598 0
-522 -636 0
-522 -674 0
-522 -712 0
-522 -750 0
-522 -788 0
-522 -826 0
-522 -864 0
-522 -902 0
-522 -940 0
-522 -978 0
-522 -1016 0
-522 -1054 0
-560 -598 0
-560 -636 0
-560 -674 0
-560 -712 0
-560 -750 0
-560 -788 0
-560 -826 0
-560 -864 0
-560 -902 0
-560 -940 0
-560 -978 0
-560 -1016 0
-560 -1054 0
-598 -636 0
-598 -674 0
-598 -712 0
-598 -750 0
-598 -788 0
-598 -826 0
-598 -864 0
-598 -902 0
-598 -940 0
-598 -978 0
-598 -1016 0
-598 -1054 0
-636 -674 0
-636 -712 0
-636 -750 0
-636 -788 0
-636 -826 0
-636 -864 0
-636 -902 0
-636 -940 0
-636 -978 0
-636 -1016 0
-636 -1054 0
-674 -712 0
-674 -750 0
-674 -788 0
-674 -826 0
-674 -864 0
-674 -902 0
-674 -940 0
-674 -978 0
-674 -1016 0
-674 -1054 0
-712 -750 0
-712 -788 0
-712 -826 0
-712 -864 0
-712 -902 0
-712 -940 0
-712 -978 0
-712 -1016 0
-712 -1054 0
-750 -788 0
-750 -826 0
-750 -864 0
-750 -902 0
-750 -940 0
-750 -978 0
-750 -1016 0
-750 -1054 0
-788 -826 0
-788 -864 0
-788 -902 0
-788 -940 0
-788 -978 0
-788 -1016 0
-788 -1054 0
-826 -864 0
-826 -902 0
-826 -940 0
-826 -978 0
-826 -1016 0
-826 -1054 0
-864 -902 0
-864 -940 0
-864 -978 0
-864 -1016 0
-864 -1054 0
-902 -940 0
-902 -978 0
-902 -1016 0
-902 -1054 0
-940 -978 0
-940 -1016 0
-940 -1054 0
-978 -1016 0
-978 -1054 0
-1016 -1054 0
-29 -67 0
-29 -105 0
-29 -143 0
-29 -181 0
-29 -219 0
-29 -257 0
-29 -295 0
-29 -333 0
-29 -371 0
-29 -409 0
-29 -447 0
-29 -485 0
-29 -523 0
-29 -561 0
-29 -599 0
-29 -637 0
-29 -675 0
-29 -713 0
-29 -751 0
-29 -789 0
-29 -827 0
-29 -865 0
-29 -903 0
-29 -941 0
-29 -979 0
-29 -1017 0
-29 -1055 0
-29 -1093 0
-67 -105 0
-67 -143 0
-67 -181 0
-67 -219 0
-67 -257 0
-67 -295 0
-67 -333 0
-67 -371 0
-67 -409 0
-67 -447 0
-67 -485 0
-67 -523 0
-67 -561 0
-67 -599 0
-67 -637 0
-67 -675 0
-67 -713 0
-67 -751 0
-67 -789 0
-67 -827 0
-67 -865 0
-67 -903 0
-67 -941 0
-67 -979 0
-67 -1017 0
-67 -1055 0
-67 -1093 0
-105 -143 0
-105 -181 0
-105 -219 0
-105 -257 0
-105 -295 0
-105 -333 0
-105 -371 0
-105 -409 0
-105 -447 0
-105 -485 0
-105 -523 0
-105 -561 0
-105 -599 0
-105 -637 0
-105 -675 0
-105 -713 0
-105 -751 0
-105 -789 0
-105 -827 0
-105 -865 0
-105 -903 0
-105 -941 0
-105 -979 0
-105 -1017 0
-105 -1055 0
-105 -1093 0
-143 -181 0
-143 -219 0
-143 -257 0
-143 -295 0
-143 -333 0
-143 -371 0
-143 -409 0
-143 -447 0
-143 -485 0
-143 -523 0
-143 -561 0
-143 -599 0
-143 -637 0
-143 -675 0
-143 -713 0
-143 -751 0
-143 -789 0
-143 -827 0
-143 -865 0
-143 -903 0
-143 -941 0
-143 -979 0
-143 -1017 0
-143 -1055 0
-143 -1093 0
-181 -219 0
-181 -257 0
-181 -295 0
-181 -333 0
-181 -371 0
-181 -409 0
-181 -447 0
-181 -485 0
-181 -523 0
-181 -561 0
-181 -599 0
-181 -637 0
-181 -675 0
-181 -713 0
-181 -751 0
-181 -789 0
-181 -827 0
-181 -865 0
-181 -903 0
-181 -941 0
-181 -979 0
-181 -1017 0
-181 -1055 0
-181 -1093 0
-219 -257 0
-219 -295 0
-219 -333 0
-219 -371 0
-219 -409 0
-219 -447 0
-219 -485 0
-219 -523 0
-219 -561 0
-219 -599 0
-219 -637 0
-219 -675 0
-219 -713 0
-219 -751 0
-219 -789 0
-219 -827 0
-219 -865 0
-219 -903 0
-219 -941 0
-219 -979 0
-219 -1017 0
-219 -1055 0
-219 -1093 0
-257 -295 0
-257 -333 0
-257 -371 0
-257 -409 0
-257 -447 0
-257 -485 0
-257 -523 0
-257 -561 0
-257 -599 0
-257 -637 0
-257 -675 0
-257 -713 0
-257 -751 0
-257 -789 0
-257 -827 0
-257 -865 0
-257 -903 0
-257 -941 0
-257 -979 0
-257 -1017 0
-257 -1055 0
-257 -1093 0
-295 -333 0
-295 -371 0
-295 -409 0
-295 -447 0
-295 -485 0
-295 -523 0
-295 -561 0
-295 -599 0
-295 -637 0
-295 -675 0
-295 -713 0
-295 -751 0
-295 -789 0
-295 -827 0
-295 -865 0
-295 -903 0
-295 -941 0
-295 -979 0
-295 -1017 0
-295 -1055 0
-295 -1093 0
-333 -371 0
-333 -409 0
-333 -447 0
-333 -485 0
-333 -523 0
-333 -561 0
-333 -599 0
-333 -637 0
-333 -675 0
-333 -713 0
-333 -751 0
-333 -789 0
-333 -827 0
-333 -865 0
-333 -903 0
-333 -941 0
-333 -979 0
-333 -1017 0
-333 -1055 0
-333 -1093 0
-371 -409 0
-371 -447 0
-371 -485 0
-371 -523 0
-371 -561 0
-371 -599 0
-371 -637 0
-371 -675 0
-371 -713 0
-371 -751 0
-371 -789 0
-371 -827 0
-371 -865 0
-371 -903 0
-371 -941 0
-371 -979 0
-371 -1017 0
-371 -1055 0
-371 -1093 0
-409 -447 0
-409 -485 0
-409 -523 0
-409 -561 0
-409 -599 0
-409 -637 0
-409 -675 0
-409 -713 0
-409 -751 0
-409 -789 0
-409 -827 0
-409 -865 0
-409 -903 0
-409 -941 0
-409 -979 0
-409 -1017 0
-409 -1055 0
-409 -1093 0
-447 -485 0
-447 -523 0
-447 -561 0
-447 -599 0
-447 -637 0
-447 -675 0
-447 -713 0
-447 -751 0
-447 -789 0
-447 -827 0
-447 -865 0
-447 -903 0
-447 -941 0
-447 -979 0
-447 -1017 0
-447 -1055 0
-447 -1093 0
-485 -523 0
-485 -561 0
-485 -599 0
-485 -637 0
-485 -675 0
-485 -713 0
-485 -751 0
-485 -789 0
-485 -827 0
-485 -865 0
-485 -903 0
-485 -941 0
-485 -979 0
-485 -1017 0
-485 -1055 0
-485 -1093 0
-523 -561 0
-523 -599 0
-523 -637 0
-523 -675 0
-523 -713 0
-523 -751 0
-523 -789 0
-523 -827 0
-523 -865 0
-523 -903 0
-523 -941 0
-523 -979 0
-523 -1017 0
-523 -1055 0
-523 -1093 0
-561 -599 0
-561 -637 0
-561 -675 0
-561 -713 0
-561 -751 0
-561 -789 0
-561 -827 0
-561 -865 0
-561 -903 0
-561 -941 0
-561 -979 0
-561 -1017 0
-561 -1055 0
-561 -1093 0
-599 -637 0
-599 -675 0
-599 -713 0
-599 -751 0
-599 -789 0
-599 -827 0
-599 -865 0
-599 -903 0
-599 -941 0
-599 -979 0
-599 -1017 0
-599 -1055 0
-599 -1093 0
-637 -675 0
-637 -713 0
-637 -751 0
-637 -789 0
-637 -827 0
-637 -865 0
-637 -903 0
-637 -941 0
-637 -979 0
-637 -1017 0
-637 -1055 0
-637 -1093 0
-675 -713 0
-675 -751 0
-675 -789 0
-675 -827 0
-675 -865 0
-675 -903 0
-675 -941 0
-675 -979 0
-675 -1017 0
-675 -1055 0
-675 -1093 0
-713 -751 0
-713 -789 0
-713 -827 0
-713 -865 0
-713 -903 0
-713 -941 0
-713 -979 0
-713 -1017 0
-713 -1055 0
-713 -1093 0
-751 -789 0
-751 -827 0
-751 -865 0
-751 -903 0
-751 -941 0
-751 -979 0
-751 -1017 0
-751 -1055 0
-751 -1093 0
-789 -827 0
-789 -865 0
-789 -903 0
-789 -941 0
-789 -979 0
-789 -1017 0
-789 -1055 0
-789 -1093 0
-827 -865 0
-827 -903 0
-827 -941 0
-827 -979 0
-827 -1017 0
-827 -1055 0
-827 -1093 0
-865 -903 0
-865 -941 0
-865 -979 0
-865 -1017 0
-865 -1055 0
-865 -1093 0
-903 -941 0
-903 -979 0
-903 -1017 0
-903 -1055 0
-903 -1093 0
-941 -979 0
-941 -1017 0
-941 -1055 0
-941 -1093 0
-979 -1017 0
-979 -1055 0
-979 -1093 0
-1017 -1055 0
-1017 -1093 0
-1055 -1093 0
-30 -68 0
-30 -106 0
-30 -144 0
-30 -182 0
-30 -220 0
-30 -258 0
-30 -296 0
-30 -334 0
-30 -372 0
-30 -410 0
-30 -448 0
-30 -486 0
-30 -524 0
-30 -562 0
-30 -600 0
-30 -638 0
-30 -676 0
-30 -714 0
-30 -752 0
-30 -790 0
-30 -828 0
-30 -866 0
-30 -904 0
-30 -942 0
-30 -980 0
-30 -1018 0
-30 -1056 0
-30 -1094 0
-30 -1132 0
-68 -106 0
-68 -144 0
-68 -182 0
-68 -220 0
-68 -258 0
-68 -296 0
-68 -334 0
-68 -372 0
-68 -410 0
-68 -448 0
-68 -486 0
-68 -524 0
-68 -562 0
-68 -600 0
-68 -638 0
-68 -676 0
-68 -714 0
-68 -752 0
-68 -790 0
-68 -828 0
-68 -866 0
-68 -904 0
-68 -942 0
-68 -980 0
-68 -1018 0
-68 -1056 0
-68 -1094 0
-68 -1132 0
-106 -144 0
-106 -182 0
-106 -220 0
-106 -258 0
-106 -296 0
-106 -334 0
-106 -372 0
-106 -410 0
-106 -448 0
-106 -486 0
-106 -524 0
-106 -562 0
-106 -600 0
-106 -638 0
-106 -676 0
-106 -714 0
-106 -752 0
-106 -790 0
-106 -828 0
-106 -866 0
-106 -904 0
-106 -942 0
-106 -980 0
-106 -1018 0
-106 -1056 0
-106 -1094 0
-106 -1132 0
-144 -182 0
-144 -220 0
-144 -258 0
-144 -296 0
-144 -334 0
-144 -372 0
-144 -410 0
-144 -448 0
-144 -486 0
-144 -524 0
-144 -562 0
-144 -600 0
-144 -638 0
-144 -676 0
-144 -714 0
-144 -752 0
-144 -790 0
-144 -828 0
-144 -866 0
-144 -904 0
-144 -942 0
-144 -980 0
-144 -1018 0
-144 -1056 0
-144 -1094 0
-144 -1132 0
-182 -220 0
-182 -258 0
-182 -296 0
-182 -334 0
-182 -372 0
-182 -410 0
-182 -448 0
-182 -486 0
-182 -524 0
-182 -562 0
-182 -600 0
-182 -638 0
-182 -676 0
-182 -714 0
-182 -752 0
-182 -790 0
-182 -828 0
-182 -866 0
-182 -904 0
-182 -942 0
-182 -980 0
-182 -1018 0
-182 -1056 0
-182 -1094 0
-182 -1132 0
-220 -258 0
-220 -296 0
-220 -334 0
-220 -372 0
-220 -410 0
-220 -448 0
-220 -486 0
-220 -524 0
-220 -562 0
-220 -600 0
-220 -638 0
-220 -676 0
-220 -714 0
-220 -752 0
-220 -790 0
-220 -828 0
-220 -866 0
-220 -904 0
-220 -942 0
-220 -980 0
-220 -1018 0
-220 -1056 0
-220 -1094 0
-220 -1132 0
-258 -296 0
-258 -334 0
-258 -372 0
-258 -410 0
-258 -448 0
-258 -486 0
-258 -524 0
-258 -562 0
-258 -600 0
-258 -638 0
-258 -676 0
-258 -714 0
-258 -752 0
-258 -790 0
-258 -828 0
-258 -866 0
-258 -904 0
-258 -942 0
-258 -980 0
-258 -1018 0
-258 -1056 0
-258 -1094 0
-258 -1132 0
-296 -334 0
-296 -372 0
-296 -410 0
-296 -448 0
-296 -486 0
-296 -524 0
-296 -562 0
-296 -600 0
-296 -638 0
-296 -676 0
-296 -714 0
-296 -752 0
-296 -790 0
-296 -828 0
-296 -866 0
-296 -904 0
-296 -942 0
-296 -980 0
-296 -1018 0
-296 -1056 0
-296 -1094 0
-296 -1132 0
-334 -372 0
-334 -410 0
-334 -448 0
-334 -486 0
-334 -524 0
-334 -562 0
-334 -600 0
-334 -638 0
-334 -676 0
-334 -714 0
-334 -752 0
-334 -790 0
-334 -828 0
-334 -866 0
-334 -904 0
-334 -942 0
-334 -980 0
-334 -1018 0
-334 -1056 0
-334 -1094 0
-334 -1132 0
-372 -410 0
-372 -448 0
-372 -486 0
-372 -524 0
-372 -562 0
-372 -600 0
-372 -638 0
-372 -676 0
-372 -714 0
-372 -752 0
-372 -790 0
-372 -828 0
-372 -866 0
-372 -904 0
-372 -942 0
-372 -980 0
-372 -1018 0
-372 -1056 0
-372 -1094 0
-372 -1132 0
-410 -448 0
-410 -486 0
-410 -524 0
-410 -562 0
-410 -600 0
-410 -638 0
-410 -676 0
-410 -714 0
-410 -752 0
-410 -790 0
-410 -828 0
-410 -866 0
-410 -904 0
-410 -942 0
-410 -980 0
-410 -1018 0
-410 -1056 0
-410 -1094 0
-410 -1132 0
-448 -486 0
-448 -524 0
-448 -562 0
-448 -600 0
-448 -638 0
-448 -676 0
-448 -714 0
-448 -752 0
-448 -790 0
-448 -828 0
-448 -866 0
-448 -904 0
-448 -942 0
-448 -980 0
-448 -1018 0
-448 -1056 0
-448 -1094 0
-448 -1132 0
-486 -524 0
-486 -562 0
-486 -600 0
-486 -638 0
-486 -676 0
-486 -714 0
-486 -752 0
-486 -790 0
-486 -828 0
-486 -866 0
-486 -904 0
-486 -942 0
-486 -980 0
-486 -1018 0
-486 -1056 0
-486 -1094 0
-486 -1132 0
-524 -562 0
-524 -600 0
-524 -638 0
-524 -676 0
-524 -714 0
-524 -752 0
-524 -790 0
-524 -828 0
-524 -866 0
-524 -904 0
-524 -942 0
-524 -980 0
-524 -1018 0
-524 -1056 0
-524 -1094 0
-524 -1132 0
-562 -600 0
-562 -638 0
-562 -676 0
-562 -714 0
-562 -752 0
-562 -790 0
-562 -828 0
-562 -866 0
-562 -904 0
-562 -942 0
-562 -980 0
-562 -1018 0
-562 -1056 0
-562 -1094 0
-562 -1132 0
-600 -638 0
-600 -676 0
-600 -714 0
-600 -752 0
-600 -790 0
-600 -828 0
-600 -866 0
-600 -904 0
-600 -942 0
-600 -980 0
-600 -1018 0
-600 -1056 0
-600 -1094 0
-600 -1132 0
-638 -676 0
-638 -714 0
-638 -752 0
-638 -790 0
-638 -828 0
-638 -866 0
-638 -904 0
-638 -942 0
-638 -980 0
-638 -1018 0
-638 -1056 0
-638 -1094 0
-638 -1132 0
-676 -714 0
-676 -752 0
-676 -790 0
-676 -828 0
-676 -866 0
-676 -904 0
-676 -942 0
-676 -980 0
-676 -1018 0
-676 -1056 0
-676 -1094 0
-676 -1132 0
-714 -752 0
-714 -790 0
-714 -828 0
-714 -866 0
-714 -904 0
-714 -942 0
-714 -980 0
-714 -1018 0
-714 -1056 0
-714 -1094 0
-714 -1132 0
-752 -790 0
-752 -828 0
-752 -866 0
-752 -904 0
-752 -942 0
-752 -980 0
-752 -1018 0
-752 -1056 0
-752 -1094 0
-752 -1132 0
-790 -828 0
-790 -866 0
-790 -904 0
-790 -942 0
-790 -980 0
-790 -1018 0
-790 -1056 0
-790 -1094 0
-790 -1132 0
-828 -866 0
-828 -904 0
-828 -942 0
-828 -980 0
-828 -1018 0
-828 -1056 0
-828 -1094 0
-828 -1132 0
-866 -904 0
-866 -942 0
-866 -980 0
-866 -1018 0
-866 -1056 0
-866 -1094 0
-866 -1132 0
-904 -942 0
-904 -980 0
-904 -1018 0
-904 -1056 0
-904 -1094 0
-904 -1132 0
-942 -980 0
-942 -1018 0
-942 -1056 0
-942 -1094 0
-942 -1132 0
-980 -1018 0
-980 -1056 0
-980 -1094 0
-980 -1132 0
-1018 -1056 0
-1018 -1094 0
-1018 -1132 0
-1056 -1094 0
-1056 -1132 0
-1094 -1132 0
-31 -69 0
-31 -107 0
-31 -145 0
-31 -183 0
-31 -221 0
-31 -259 0
-31 -297 0
-31 -335 0
-31 -373 0
-31 -411 0
-31 -449 0
-31 -487 0
-31 -525 0
-31 -563 0
-31 -601 0
-31 -639 0
-31 -677 0
-31 -715 0
-31 -753 0
-31 -791 0
-31 -829 0
-31 -867 0
-31 -905 0
-31 -943 0
-31 -981 0
-31 -1019 0
-31 -1057 0
-31 -1095 0
-31 -1133 0
-31 -1171 0
-69 -107 0
-69 -145 0
-69 -183 0
-69 -221 0
-69 -259 0
-69 -297 0
-69 -335 0
-69 -373 0
-69 -411 0
-69 -449 0
-69 -487 0
-69 -525 0
-69 -563 0
-69 -601 0
-69 -639 0
-69 -677 0
-69 -715 0
-69 -753 0
-69 -791 0
-69 -829 0
-69 -867 0
-69 -905 0
-69 -943 0
-69 -981 0
-69 -1019 0
-69 -1057 0
-69 -1095 0
-69 -1133 0
-69 -1171 0
-107 -145 0
-107 -183 0
-107 -221 0
-107 -259 0
-107 -297 0
-107 -335 0
-107 -373 0
-107 -411 0
-107 -449 0
-107 -487 0
-107 -525 0
-107 -563 0
-107 -601 0
-107 -639 0
-107 -677 0
-107 -715 0
-107 -753 0
-107 -791 0
-107 -829 0
-107 -867 0
-107 -905 0
-107 -943 0
-107 -981 0
-107 -1019 0
-107 -1057 0
-107 -1095 0
-107 -1133 0
-107 -1171 0
-145 -183 0
-145 -221 0
-145 -259 0
-145 -297 0
-145 -335 0
-145 -373 0
-145 -411 0
-145 -449 0
-145 -487 0
-145 -525 0
-145 -563 0
-145 -601 0
-145 -639 0
-145 -677 0
-145 -715 0
-145 -753 0
-145 -791 0
-145 -829 0
-145 -867 0
-145 -905 0
-145 -943 0
-145 -981 0
-145 -1019 0
-145 -1057 0
-145 -1095 0
-145 -1133 0
-145 -1171 0
-183 -221 0
-183 -259 0
-183 -297 0
-183 -335 0
-183 -373 0
-183 -411 0
-183 -449 0
-183 -487 0
-183 -525 0
-183 -563 0
-183 -601 0
-183 -639 0
-183 -677 0
-183 -715 0
-183 -753 0
-183 -791 0
-183 -829 0
-183 -867 0
-183 -905 0
-183 -943 0
-183 -981 0
-183 -1019 0
-183 -1057 0
-183 -1095 0
-183 -1133 0
-183 -1171 0
-221 -259 0
-221 -297 0
-221 -335 0
-221 -373 0
-221 -411 0
-221 -449 0
-221 -487 0
-221 -525 0
-221 -563 0
-221 -601 0
-221 -639 0
-221 -677 0
-221 -715 0
-221 -753 0
-221 -791 0
-221 -829 0
-221 -867 0
-221 -905 0
-221 -943 0
-221 -981 0
-221 -1019 0
-221 -1057 0
-221 -1095 0
-221 -1133 0
-221 -1171 0
-259 -297 0
-259 -335 0
-259 -373 0
-259 -411 0
-259 -449 0
-259 -487 0
-259 -525 0
-259 -563 0
-259 -601 0
-259 -639 0
-259 -677 0
-259 -715 0
-259 -753 0
-259 -791 0
-259 -829 0
-259 -867 0
-259 -905 0
-259 -943 0
-259 -981 0
-259 -1019 0
-259 -1057 0
-259 -1095 0
-259 -1133 0
-259 -1171 0
-297 -335 0
-297 -373 0
-297 -411 0
-297 -449 0
-297 -487 0
-297 -525 0
-297 -563 0
-297 -601 0
-297 -639 0
-297 -677 0
-297 -715 0
-297 -753 0
-297 -791 0
-297 -829 0
-297 -867 0
-297 -905 0
-297 -943 0
-297 -981 0
-297 -1019 0
-297 -1057 0
-297 -1095 0
-297 -1133 0
-297 -1171 0
-335 -373 0
-335 -411 0
-335 -449 0
-335 -487 0
-335 -525 0
-335 -563 0
-335 -601 0
-335 -639 0
-335 -677 0
-335 -715 0
-335 -753 0
-335 -791 0
-335 -829 0
-335 -867 0
-335 -905 0
-335 -943 0
-335 -981 0
-335 -1019 0
-335 -1057 0
-335 -1095 0
-335 -1133 0
-335 -1171 0
-373 -411 0
-373 -449 0
-373 -487 0
-373 -525 0
-373 -563 0
-373 -601 0
-373 -639 0
-373 -677 0
-373 -715 0
-373 -753 0
-373 -791 0
-373 -829 0
-373 -867 0
-373 -905 0
-373 -943 0
-373 -981 0
-373 -1019 0
-373 -1057 0
-373 -1095 0
-373 -1133 0
-373 -1171 0
-411 -449 0
-411 -487 0
-411 -525 0
-411 -563 0
-411 -601 0
-411 -639 0
-411 -677 0
-411 -715 0
-411 -753 0
-411 -791 0
-411 -829 0
-411 -867 0
-411 -905 0
-411 -943 0
-411 -981 0
-411 -1019 0
-411 -1057 0
-411 -1095 0
-411 -1133 0
-411 -1171 0
-449 -487 0
-449 -525 0
-449 -563 0
-449 -601 0
-449 -639 0
-449 -677 0
-449 -715 0
-449 -753 0
-449 -791 0
-449 -829 0
-449 -867 0
-449 -905 0
-449 -943 0
-449 -981 0
-449 -1019 0
-449 -1057 0
-449 -1095 0
-449 -1133 0
-449 -1171 0
-487 -525 0
-487 -563 0
-487 -601 0
-487 -639 0
-487 -677 0
-487 -715 0
-487 -753 0
-487 -791 0
-487 -829 0
-487 -867 0
-487 -905 0
-487 -943 0
-487 -981 0
-487 -1019 0
-487 -1057 0
-487 -1095 0
-487 -1133 0
-487 -1171 0
-525 -563 0
-525 -601 0
-525 -639 0
-525 -677 0
-525 -715 0
-525 -753 0
-525 -791 0
-525 -829 0
-525 -867 0
-525 -905 0
-525 -943 0
-525 -981 0
-525 -1019 0
-525 -1057 0
-525 -1095 0
-525 -1133 0
-525 -1171 0
-563 -601 0
-563 -639 0
-563 -677 0
-563 -715 0
-563 -753 0
-563 -791 0
-563 -829 0
-563 -867 0
-563 -905 0
-563 -943 0
-563 -981 0
-563 -1019 0
-563 -1057 0
-563 -1095 0
-563 -1133 0
-563 -1171 0
-601 -639 0
-601 -677 0
-601 -715 0
-601 -753 0
-601 -791 0
-601 -829 0
-601 -867 0
-601 -905 0
-601 -943 0
-601 -981 0
-601 -1019 0
-601 -1057 0
-601 -1095 0
-601 -1133 0
-601 -1171 0
-639 -677 0
-639 -715 0
-639 -753 0
-639 -791 0
-639 -829 0
-639 -867 0
-639 -905 0
-639 -943 0
-639 -981 0
-639 -1019 0
-639 -1057 0
-639 -1095 0
-639 -1133 0
-639 -1171 0
-677 -715 0
-677 -753 0
-677 -791 0
-677 -829 0
-677 -867 0
-677 -905 0
-677 -943 0
-677 -981 0
-677 -1019 0
-677 -1057 0
-677 -1095 0
-677 -1133 0
-677 -1171 0
-715 -753 0
-715 -791 0
-715 -829 0
-715 -867 0
-715 -905 0
-715 -943 0
-715 -981 0
-715 -1019 0
-715 -1057 0
-715 -1095 0
-715 -1133 0
-715 -1171 0
-753 -791 0
-753 -829 0
-753 -867 0
-753 -905 0
-753 -943 0
-753 -981 0
-753 -1019 0
-753 -1057 0
-753 -1095 0
-753 -1133 0
-753 -1171 0
-791 -829 0
-791 -867 0
-791 -905 0
-791 -943 0
-791 -981 0
-791 -1019 0
-791 -1057 0
-791 -1095 0
-791 -1133 0
-791 -1171 0
-829 -867 0
-829 -905 0
-829 -943 0
-829 -981 0
-829 -1019 0
-829 -1057 0
-829 -1095 0
-829 -1133 0
-829 -1171 0
-867 -905 0
-867 -943 0
-867 -981 0
-867 -1019 0
-867 -1057 0
-867 -1095 0
-867 -1133 0
-867 -1171 0
-905 -943 0
-905 -981 0
-905 -1019 0
-905 -1057 0
-905 -1095 0
-905 -1133 0
-905 -1171 0
-943 -981 0
-943 -1019 0
-943 -1057 0
-943 -1095 0
-943 -1133 0
-943 -1171 0
-981 -1019 0
-981 -1057 0
-981 -1095 0
-981 -1133 0
-981 -1171 0
-1019 -1057 0
-1019 -1095 0
-1019 -1133 0
-1019 -1171 0
-1057 -1095 0
-1057 -1133 0
-1057 -1171 0
-1095 -1133 0
-1095 -1171 0
-1133 -1171 0
-32 -70 0
-32 -108 0
-32 -146 0
-32 -184 0
-32 -222 0
-32 -260 0
-32 -298 0
-32 -336 0
-32 -374 0
-32 -412 0
-32 -450 0
-32 -488 0
-32 -526 0
-32 -564 0
-32 -602 0
-32 -640 0
-32 -678 0
-32 -716 0
-32 -754 0
-32 -792 0
-32 -830 0
-32 -868 0
-32 -906 0
-32 -944 0
-32 -982 0
-32 -1020 0
-32 -1058 0
-32 -1096 0
-32 -1134 0
-32 -1172 0
-32 -1210 0
-70 -108 0
-70 -146 0
-70 -184 0
-70 -222 0
-70 -260 0
-70 -298 0
-70 -336 0
-70 -374 0
-70 -412 0
-70 -450 0
-70 -488 0
-70 -526 0
-70 -564 0
-70 -602 0
-70 -640 0
-70 -678 0
-70 -716 0
-70 -754 0
-70 -792 0
-70 -830 0
-70 -868 0
-70 -906 0
-70 -944 0
-70 -982 0
-70 -1020 0
-70 -1058 0
-70 -1096 0
-70 -1134 0
-70 -1172 0
-70 -1210 0
-108 -146 0
-108 -184 0
-108 -222 0
-108 -260 0
-108 -298 0
-108 -336 0
-108 -374 0
-108 -412 0
-108 -450 0
-108 -488 0
-108 -526 0
-108 -564 0
-108 -602 0
-108 -640 0
-108 -678 0
-108 -716 0
-108 -754 0
-108 -792 0
-108 -830 0
-108 -868 0
-108 -906 0
-108 -944 0
-108 -982 0
-108 -1020 0
-108 -1058 0
-108 -1096 0
-108 -1134 0
-108 -1172 0
-108 -1210 0
-146 -184 0
-146 -222 0
-146 -260 0
-146 -298 0
-146 -336 0
-146 -374 0
-146 -412 0
-146 -450 0
-146 -488 0
-146 -526 0
-146 -564 0
-146 -602 0
-146 -640 0
-146 -678 0
-146 -716 0
-146 -754 0
-146 -792 0
-146 -830 0
-146 -868 0
-146 -906 0
-146 -944 0
-146 -982 0
-146 -1020 0
-146 -1058 0
-146 -1096 0
-146 -1134 0
-146 -1172 0
-146 -1210 0
-184 -222 0
-184 -260 0
-184 -298 0
-184 -336 0
-184 -374 0
-184 -412 0
-184 -450 0
-184 -488 0
-184 -526 0
-184 -564 0
-184 -602 0
-184 -640 0
-184 -678 0
-184 -716 0
-184 -754 0
-184 -792 0
-184 -830 0
-184 -868 0
-184 -906 0
-184 -944 0
-184 -982 0
-184 -1020 0
-184 -1058 0
-184 -1096 0
-184 -1134 0
-184 -1172 0
-184 -1210 0
-222 -260 0
-222 -298 0
-222 -336 0
-222 -374 0
-222 -412 0
-222 -450 0
-222 -488 0
-222 -526 0
-222 -564 0
-222 -602 0
-222 -640 0
-222 -678 0
-222 -716 0
-222 -754 0
-222 -792 0
-222 -830 0
-222 -868 0
-222 -906 0
-222 -944 0
-222 -982 0
-222 -1020 0
-222 -1058 0
-222 -1096 0
-222 -1134 0
-222 -1172 0
-222 -1210 0
-260 -298 0
-260 -336 0
-260 -374 0
-260 -412 0
-260 -450 0
-260 -488 0
-260 -526 0
-260 -564 0
-260 -602 0
-260 -640 0
-260 -678 0
-260 -716 0
-260 -754 0
-260 -792 0
-260 -830 0
-260 -868 0
-260 -906 0
-260 -944 0
-260 -982 0
-260 -1020 0
-260 -1058 0
-260 -1096 0
-260 -1134 0
-260 -1172 0
-260 -1210 0
-298 -336 0
-298 -374 0
-298 -412 0
-298 -450 0
-298 -488 0
-298 -526 0
-298 -564 0
-298 -602 0
-298 -640 0
-298 -678 0
-298 -716 0
-298 -754 0
-298 -792 0
-298 -830 0
-298 -868 0
-298 -906 0
-298 -944 0
-298 -982 0
-298 -1020 0
-298 -1058 0
-298 -1096 0
-298 -1134 0
-298 -1172 0
-298 -1210 0
-336 -374 0
-336 -412 0
-336 -450 0
-336 -488 0
-336 -526 0
-336 -564 0
-336 -602 0
-336 -640 0
-336 -678 0
-336 -716 0
-336 -754 0
-336 -792 0
-336 -830 0
-336 -868 0
-336 -906 0
-336 -944 0
-336 -982 0
-336 -1020 0
-336 -1058 0
-336 -1096 0
-336 -1134 0
-336 -1172 0
-336 -1210 0
-374 -412 0
-374 -450 0
-374 -488 0
-374 -526 0
-374 -564 0
-374 -602 0
-374 -640 0
-374 -678 0
-374 -716 0
-374 -754 0
-374 -792 0
-374 -830 0
-374 -868 0
-374 -906 0
-374 -944 0
-374 -982 0
-374 -1020 0
-374 -1058 0
-374 -1096 0
-374 -1134 0
-374 -1172 0
-374 -1210 0
-412 -450 0
-412 -488 0
-412 -526 0
-412 -564 0
-412 -602 0
-412 -640 0
-412 -678 0
-412 -716 0
-412 -754 0
-412 -792 0
-412 -830 0
-412 -868 0
-412 -906 0
-412 -944 0
-412 -982 0
-412 -1020 0
-412 -1058 0
-412 -1096 0
-412 -1134 0
-412 -1172 0
-412 -1210 0
-450 -488 0
-450 -526 0
-450 -564 0
-450 -602 0
-450 -640 0
-450 -678 0
-450 -716 0
-450 -754 0
-450 -792 0
-450 -830 0
-450 -868 0
-450 -906 0
-450 -944 0
-450 -982 0
-450 -1020 0
-450 -1058 0
-450 -1096 0
-450 -1134 0
-450 -1172 0
-450 -1210 0
-488 -526 0
-488 -564 0
-488 -602 0
-488 -640 0
-488 -678 0
-488 -716 0
-488 -754 0
-488 -792 0
-488 -830 0
-488 -868 0
-488 -906 0
-488 -944 0
-488 -982 0
-488 -1020 0
-488 -1058 0
-488 -1096 0
-488 -1134 0
-488 -1172 0
-488 -1210 0
-526 -564 0
-526 -602 0
-526 -640 0
-526 -678 0
-526 -716 0
-526 -754 0
-526 -792 0
-526 -830 0
-526 -868 0
-526 -906 0
-526 -944 0
-526 -982 0
-526 -1020 0
-526 -1058 0
-526 -1096 0
-526 -1134 0
-526 -1172 0
-526 -1210 0
-564 -602 0
-564 -640 0
-564 -678 0
-564 -716 0
-564 -754 0
-564 -792 0
-564 -830 0
-564 -868 0
-564 -906 0
-564 -944 0
-564 -982 0
-564 -1020 0
-564 -1058 0
-564 -1096 0
-564 -1134 0
-564 -1172 0
-564 -1210 0
-602 -640 0
-602 -678 0
-602 -716 0
-602 -754 0
-602 -792 0
-602 -830 0
-602 -868 0
-602 -906 0
-602 -944 0
-602 -982 0
-602 -1020 0
-602 -1058 0
-602 -1096 0
-602 -1134 0
-602 -1172 0
-602 -1210 0
-640 -678 0
-640 -716 0
-640 -754 0
-640 -792 0
-640 -830 0
-640 -868 0
-640 -906 0
-640 -944 0
-640 -982 0
-640 -1020 0
-640 -1058 0
-640 -1096 0
-640 -1134 0
-640 -1172 0
-640 -1210 0
-678 -716 0
-678 -754 0
-678 -792 0
-678 -830 0
-678 -868 0
-678 -906 0
-678 -944 0
-678 -982 0
-678 -1020 0
-678 -1058 0
-678 -1096 0
-678 -1134 0
-678 -1172 0
-678 -1210 0
-716 -754 0
-716 -792 0
-716 -830 0
-716 -868 0
-716 -906 0
-716 -944 0
-716 -982 0
-716 -1020 0
-716 -1058 0
-716 -1096 0
-716 -1134 0
-716 -1172 0
-716 -1210 0
-754 -792 0
-754 -830 0
-754 -868 0
-754 -906 0
-754 -944 0
-754 -982 0
-754 -1020 0
-754 -1058 0
-754 -1096 0
-754 -1134 0
-754 -1172 0
-754 -1210 0
-792 -830 0
-792 -868 0
-792 -906 0
-792 -944 0
-792 -982 0
-792 -1020 0
-792 -1058 0
-792 -1096 0
-792 -1134 0
-792 -1172 0
-792 -1210 0
-830 -868 0
-830 -906 0
-830 -944 0
-830 -982 0
-830 -1020 0
-830 -1058 0
-830 -1096 0
-830 -1134 0
-830 -1172 0
-830 -1210 0
-868 -906 0
-868 -944 0
-868 -982 0
-868 -1020 0
-868 -1058 0
-868 -1096 0
-868 -1134 0
-868 -1172 0
-868 -1210 0
-906 -944 0
-906 -982 0
-906 -1020 0
-906 -1058 0
-906 -1096 0
-906 -1134 0
-906 -1172 0
-906 -1210 0
-944 -982 0
-944 -1020 0
-944 -1058 0
-944 -1096 0
-944 -1134 0
-944 -1172 0
-944 -1210 0
-982 -1020 0
-982 -1058 0
-982 -1096 0
-982 -1134 0
-982 -1172 0
-982 -1210 0
-1020 -1058 0
-1020 -1096 0
-1020 -1134 0
-1020 -1172 0
-1020 -1210 0
-1058 -1096 0
-1058 -1134 0
-1058 -1172 0
-1058 -1210 0
-1096 -1134 0
-1096 -1172 0
-1096 -1210 0
-1134 -1172 0
-1134 -1210 0
-1172 -1210 0
-33 -71 0
-33 -109 0
-33 -147 0
-33 -185 0
-33 -223 0
-33 -261 0
-33 -299 0
-33 -337 0
-33 -375 0
-33 -413 0
-33 -451 0
-33 -489 0
-33 -527 0
-33 -565 0
-33 -603 0
-33 -641 0
-33 -679 0
-33 -717 0
-33 -755 0
-33 -793 0
-33 -831 0
-33 -869 0
-33 -907 0
-33 -945 0
-33 -983 0
-33 -1021 0
-33 -1059 0
-33 -1097 0
-33 -1135 0
-33 -1173 0
-33 -1211 0
-33 -1249 0
-71 -109 0
-71 -147 0
-71 -185 0
-71 -223 0
-71 -261 0
-71 -299 0
-71 -337 0
-71 -375 0
-71 -413 0
-71 -451 0
-71 -489 0
-71 -527 0
-71 -565 0
-71 -603 0
-71 -641 0
-71 -679 0
-71 -717 0
-71 -755 0
-71 -793 0
-71 -831 0
-71 -869 0
-71 -907 0
-71 -945 0
-71 -983 0
-71 -1021 0
-71 -1059 0
-71 -1097 0
-71 -1135 0
-71 -1173 0
-71 -1211 0
-71 -1249 0
-109 -147 0
-109 -185 0
-109 -223 0
-109 -261 0
-109 -299 0
-109 -337 0
-109 -375 0
-109 -413 0
-109 -451 0
-109 -489 0
-109 -527 0
-109 -565 0
-109 -603 0
-109 -641 0
-109 -679 0
-109 -717 0
-109 -755 0
-109 -793 0
-109 -831 0
-109 -869 0
-109 -907 0
-109 -945 0
-109 -983 0
-109 -1021 0
-109 -1059 0
-109 -1097 0
-109 -1135 0
-109 -1173 0
-109 -1211 0
-109 -1249 0
-147 -185 0
-147 -223 0
-147 -261 0
-147 -299 0
-147 -337 0
-147 -375 0
-147 -413 0
-147 -451 0
-147 -489 0
-147 -527 0
-147 -565 0
-147 -603 0
-147 -641 0
-147 -679 0
-147 -717 0
-147 -755 0
-147 -793 0
-147 -831 0
-147 -869 0
-147 -907 0
-147 -945 0
-147 -983 0
-147 -1021 0
-147 -1059 0
-147 -1097 0
-147 -1135 0
-147 -1173 0
-147 -1211 0
-147 -1249 0
-185 -223 0
-185 -261 0
-185 -299 0
-185 -337 0
-185 -375 0
-185 -413 0
-185 -451 0
-185 -489 0
-185 -527 0
-185 -565 0
-185 -603 0
-185 -641 0
-185 -679 0
-185 -717 0
-185 -755 0
-185 -793 0
-185 -831 0
-185 -869 0
-185 -907 0
-185 -945 0
-185 -983 0
-185 -1021 0
-185 -1059 0
-185 -1097 0
-185 -1135 0
-185 -1173 0
-185 -1211 0
-185 -1249 0
-223 -261 0
-223 -299 0
-223 -337 0
-223 -375 0
-223 -413 0
-223 -451 0
-223 -489 0
-223 -527 0
-223 -565 0
-223 -603 0
-223 -641 0
-223 -679 0
-223 -717 0
-223 -755 0
-223 -793 0
-223 -831 0
-223 -869 0
-223 -907 0
-223 -945 0
-223 -983 0
-223 -1021 0
-223 -1059 0
-223 -1097 0
-223 -1135 0
-223 -1173 0
-223 -1211 0
-223 -1249 0
-261 -299 0
-261 -337 0
-261 -375 0
-261 -413 0
-261 -451 0
-261 -489 0
-261 -527 0
-261 -565 0
-261 -603 0
-261 -641 0
-261 -679 0
-261 -717 0
-261 -755 0
-261 -793 0
-261 -831 0
-261 -869 0
-261 -907 0
-261 -945 0
-261 -983 0
-261 -1021 0
-261 -1059 0
-261 -1097 0
-261 -1135 0
-261 -1173 0
-261 -1211 0
-261 -1249 0
-299 -337 0
-299 -375 0
-299 -413 0
-299 -451 0
-299 -489 0
-299 -527 0
-299 -565 0
-299 -603 0
-299 -641 0
-299 -679 0
-299 -717 0
-299 -755 0
-299 -793 0
-299 -831 0
-299 -869 0
-299 -907 0
-299 -945 0
-299 -983 0
-299 -1021 0
-299 -1059 0
-299 -1097 0
-299 -1135 0
-299 -1173 0
-299 -1211 0
-299 -1249 0
-337 -375 0
-337 -413 0
-337 -451 0
-337 -489 0
-337 -527 0
-337 -565 0
-337 -603 0
-337 -641 0
-337 -679 0
-337 -717 0
-337 -755 0
-337 -793 0
-337 -831 0
-337 -869 0
-337 -907 0
-337 -945 0
-337 -983 0
-337 -1021 0
-337 -1059 0
-337 -1097 0
-337 -1135 0
-337 -1173 0
-337 -1211 0
-337 -1249 0
-375 -413 0
-375 -451 0
-375 -489 0
-375 -527 0
-375 -565 0
-375 -603 0
-375 -641 0
-375 -679 0
-375 -717 0
-375 -755 0
-375 -793 0
-375 -831 0
-375 -869 0
-375 -907 0
-375 -945 0
-375 -983 0
-375 -1021 0
-375 -1059 0
-375 -1097 0
-375 -1135 0
-375 -1173 0
-375 -1211 0
-375 -1249 0
-413 -451 0
-413 -489 0
-413 -527 0
-413 -565 0
-413 -603 0
-413 -641 0
-413 -679 0
-413 -717 0
-413 -755 0
-413 -793 0
-413 -831 0
-413 -869 0
-413 -907 0
-413 -945 0
-413 -983 0
-413 -1021 0
-413 -1059 0
-413 -1097 0
-413 -1135 0
-413 -1173 0
-413 -1211 0
-413 -1249 0
-451 -489 0
-451 -527 0
-451 -565 0
-451 -603 0
-451 -641 0
-451 -679 0
-451 -717 0
-451 -755 0
-451 -793 0
-451 -831 0
-451 -869 0
-451 -907 0
-451 -945 0
-451 -983 0
-451 -1021 0
-451 -1059 0
-451 -1097 0
-451 -1135 0
-451 -1173 0
-451 -1211 0
-451 -1249 0
-489 -527 0
-489 -565 0
-489 -603 0
-489 -641 0
-489 -679 0
-489 -717 0
-489 -755 0
-489 -793 0
-489 -831 0
-489 -869 0
-489 -907 0
-489 -945 0
-489 -983 0
-489 -1021 0
-489 -1059 0
-489 -1097 0
-489 -1135 0
-489 -1173 0
-489 -1211 0
-489 -1249 0
-527 -565 0
-527 -603 0
-527 -641 0
-527 -679 0
-527 -717 0
-527 -755 0
-527 -793 0
-527 -831 0
-527 -869 0
-527 -907 0
-527 -945 0
-527 -983 0
-527 -1021 0
-527 -1059 0
-527 -1097 0
-527 -1135 0
-527 -1173 0
-527 -1211 0
-527 -1249 0
-565 -603 0
-565 -641 0
-565 -679 0
-565 -717 0
-565 -755 0
-565 -793 0
-565 -831 0
-565 -869 0
-565 -907 0
-565 -945 0
-565 -983 0
-565 -1021 0
-565 -1059 0
-565 -1097 0
-565 -1135 0
-565 -1173 0
-565 -1211 0
-565 -1249 0
-603 -641 0
-603 -679 0
-603 -717 0
-603 -755 0
-603 -793 0
-603 -831 0
-603 -869 0
-603 -907 0
-603 -945 0
-603 -983 0
-603 -1021 0
-603 -1059 0
-603 -1097 0
-603 -1135 0
-603 -1173 0
-603 -1211 0
-603 -1249 0
-641 -679 0
-641 -717 0
-641 -755 0
-641 -793 0
-641 -831 0
-641 -869 0
-641 -907 0
-641 -945 0
-641 -983 0
-641 -1021 0
-641 -1059 0
-641 -1097 0
-641 -1135 0
-641 -1173 0
-641 -1211 0
-641 -1249 0
-679 -717 0
-679 -755 0
-679 -793 0
-679 -831 0
-679 -869 0
-679 -907 0
-679 -945 0
-679 -983 0
-679 -1021 0
-679 -1059 0
-679 -1097 0
-679 -1135 0
-679 -1173 0
-679 -1211 0
-679 -1249 0
-717 -755 0
-717 -793 0
-717 -831 0
-717 -869 0
-717 -907 0
-717 -945 0
-717 -983 0
-717 -1021 0
-717 -1059 0
-717 -1097 0
-717 -1135 0
-717 -1173 0
-717 -1211 0
-717 -1249 0
-755 -793 0
-755 -831 0
-755 -869 0
-755 -907 0
-755 -945 0
-755 -983 0
-755 -1021 0
-755 -1059 0
-755 -1097 0
-755 -1135 0
-755 -1173 0
-755 -1211 0
-755 -1249 0
-793 -831 0
-793 -869 0
-793 -907 0
-793 -945 0
-793 -983 0
-793 -1021 0
-793 -1059 0
-793 -1097 0
-793 -1135 0
-793 -1173 0
-793 -1211 0
-793 -1249 0
-831 -869 0
-831 -907 0
-831 -945 0
-831 -983 0
-831 -1021 0
-831 -1059 0
-831 -1097 0
-831 -1135 0
-831 -1173 0
-831 -1211 0
-831 -1249 0
-869 -907 0
-869 -945 0
-869 -983 0
-869 -1021 0
-869 -1059 0
-869 -1097 0
-869 -1135 0
-869 -1173 0
-869 -1211 0
-869 -1249 0
-907 -945 0
-907 -983 0
-907 -1021 0
-907 -1059 0
-907 -1097 0
-907 -1135 0
-907 -1173 0
-907 -1211 0
-907 -1249 0
-945 -983 0
-945 -1021 0
-945 -1059 0
-945 -1097 0
-945 -1135 0
-945 -1173 0
-945 -1211 0
-945 -1249 0
-983 -1021 0
-983 -1059 0
-983 -1097 0
-983 -1135 0
-983 -1173 0
-983 -1211 0
-983 -1249 0
-1021 -1059 0
-1021 -1097 0
-1021 -1135 0
-1021 -1173 0
-1021 -1211 0
-1021 -1249 0
-1059 -1097 0
-1059 -1135 0
-1059 -1173 0
-1059 -1211 0
-1059 -1249 0
-1097 -1135 0
-1097 -1173 0
-1097 -1211 0
-1097 -1249 0
-1135 -1173 0
-1135 -1211 0
-1135 -1249 0
-1173 -1211 0
-1173 -1249 0
-1211 -1249 0
-34 -72 0
-34 -110 0
-34 -148 0
-34 -186 0
-34 -224 0
-34 -262 0
-34 -300 0
-34 -338 0
-34 -376 0
-34 -414 0
-34 -452 0
-34 -490 0
-34 -528 0
-34 -566 0
-34 -604 0
-34 -642 0
-34 -680 0
-34 -718 0
-34 -756 0
-34 -794 0
-34 -832 0
-34 -870 0
-34 -908 0
-34 -946 0
-34 -984 0
-34 -1022 0
-34 -1060 0
-34 -1098 0
-34 -1136 0
-34 -1174 0
-34 -1212 0
-34 -1250 0
-34 -1288 0
-72 -110 0
-72 -148 0
-72 -186 0
-72 -224 0
-72 -262 0
-72 -300 0
-72 -338 0
-72 -376 0
-72 -414 0
-72 -452 0
-72 -490 0
-72 -528 0
-72 -566 0
-72 -604 0
-72 -642 0
-72 -680 0
-72 -718 0
-72 -756 0
-72 -794 0
-72 -832 0
-72 -870 0
-72 -908 0
-72 -946 0
-72 -984 0
-72 -1022 0
-72 -1060 0
-72 -1098 0
-72 -1136 0
-72 -1174 0
-72 -1212 0
-72 -1250 0
-72 -1288 0
-110 -148 0
-110 -186 0
-110 -224 0
-110 -262 0
-110 -300 0
-110 -338 0
-110 -376 0
-110 -414 0
-110 -452 0
-110 -490 0
-110 -528 0
-110 -566 0
-110 -604 0
-110 -642 0
-110 -680 0
-110 -718 0
-110 -756 0
-110 -794 0
-110 -832 0
-110 -870 0
-110 -908 0
-110 -946 0
-110 -984 0
-110 -1022 0
-110 -1060 0
-110 -1098 0
-110 -1136 0
-110 -1174 0
-110 -1212 0
-110 -1250 0
-110 -1288 0
-148 -186 0
-148 -224 0
-148 -262 0
-148 -300 0
-148 -338 0
-148 -376 0
-148 -414 0
-148 -452 0
-148 -490 0
-148 -528 0
-148 -566 0
-148 -604 0
-148 -642 0
-148 -680 0
-148 -718 0
-148 -756 0
-148 -794 0
-148 -832 0
-148 -870 0
-148 -908 0
-148 -946 0
-148 -984 0
-148 -1022 0
-148 -1060 0
-148 -1098 0
-148 -1136 0
-148 -1174 0
-148 -1212 0
-148 -1250 0
-148 -1288 0
-186 -224 0
-186 -262 0
-186 -300 0
-186 -338 0
-186 -376 0
-186 -414 0
-186 -452 0
-186 -490 0
-186 -528 0
-186 -566 0
-186 -604 0
-186 -642 0
-186 -680 0
-186 -718 0
-186 -756 0
-186 -794 0
-186 -832 0
-186 -870 0
-186 -908 0
-186 -946 0
-186 -984 0
-186 -1022 0
-186 -1060 0
-186 -1098 0
-186 -1136 0
-186 -1174 0
-186 -1212 0
-186 -1250 0
-186 -1288 0
-224 -262 0
-224 -300 0
-224 -338 0
-224 -376 0
-224 -414 0
-224 -452 0
-224 -490 0
-224 -528 0
-224 -566 0
-224 -604 0
-224 -642 0
-224 -680 0
-224 -718 0
-224 -756 0
-224 -794 0
-224 -832 0
-224 -870 0
-224 -908 0
-224 -946 0
-224 -984 0
-224 -1022 0
-224 -1060 0
-224 -1098 0
-224 -1136 0
-224 -1174 0
-224 -1212 0
-224 -1250 0
-224 -1288 0
-262 -300 0
-262 -338 0
-262 -376 0
-262 -414 0
-262 -452 0
-262 -490 0
-262 -528 0
-262 -566 0
-262 -604 0
-262 -642 0
-262 -680 0
-262 -718 0
-262 -756 0
-262 -794 0
-262 -832 0
-262 -870 0
-262 -908 0
-262 -946 0
-262 -984 0
-262 -1022 0
-262 -1060 0
-262 -1098 0
-262 -1136 0
-262 -1174 0
-262 -1212 0
-262 -1250 0
-262 -1288 0
-300 -338 0
-300 -376 0
-300 -414 0
-300 -452 0
-300 -490 0
-300 -528 0
-300 -566 0
-300 -604 0
-300 -642 0
-300 -680 0
-300 -718 0
-300 -756 0
-300 -794 0
-300 -832 0
-300 -870 0
-300 -908 0
-300 -946 0
-300 -984 0
-300 -1022 0
-300 -1060 0
-300 -1098 0
-300 -1136 0
-300 -1174 0
-300 -1212 0
-300 -1250 0
-300 -1288 0
-338 -376 0
-338 -414 0
-338 -452 0
-338 -490 0
-338 -528 0
-338 -566 0
-338 -604 0
-338 -642 0
-338 -680 0
-338 -718 0
-338 -756 0
-338 -794 0
-338 -832 0
-338 -870 0
-338 -908 0
-338 -946 0
-338 -984 0
-338 -1022 0
-338 -1060 0
-338 -1098 0
-338 -1136 0
-338 -1174 0
-338 -1212 0
-338 -1250 0
-338 -1288 0
-376 -414 0
-376 -452 0
-376 -490 0
-376 -528 0
-376 -566 0
-376 -604 0
-376 -642 0
-376 -680 0
-376 -718 0
-376 -756 0
-376 -794 0
-376 -832 0
-376 -870 0
-376 -908 0
-376 -946 0
-376 -984 0
-376 -1022 0
-376 -1060 0
-376 -1098 0
-376 -1136 0
-376 -1174 0
-376 -1212 0
-376 -1250 0
-376 -1288 0
-414 -452 0
-414 -490 0
-414 -528 0
-414 -566 0
-414 -604 0
-414 -642 0
-414 -680 0
-414 -718 0
-414 -756 0
-414 -794 0
-414 -832 0
-414 -870 0
-414 -908 0
-414 -946 0
-414 -984 0
-414 -1022 0
-414 -1060 0
-414 -1098 0
-414 -1136 0
-414 -1174 0
-414 -1212 0
-414 -1250 0
-414 -1288 0
-452 -490 0
-452 -528 0
-452 -566 0
-452 -604 0
-452 -642 0
-452 -680 0
-452 -718 0
-452 -756 0
-452 -794 0
-452 -832 0
-452 -870 0
-452 -908 0
-452 -946 0
-452 -984 0
-452 -1022 0
-452 -1060 0
-452 -1098 0
-452 -1136 0
-452 -1174 0
-452 -1212 0
-452 -1250 0
-452 -1288 0
-490 -528 0
-490 -566 0
-490 -604 0
-490 -642 0
-490 -680 0
-490 -718 0
-490 -756 0
-490 -794 0
-490 -832 0
-490 -870 0
-490 -908 0
-490 -946 0
-490 -984 0
-490 -1022 0
-490 -1060 0
-490 -1098 0
-490 -1136 0
-490 -1174 0
-490 -1212 0
-490 -1250 0
-490 -1288 0
-528 -566 0
-528 -604 0
-528 -642 0
-528 -680 0
-528 -718 0
-528 -756 0
-528 -794 0
-528 -832 0
-528 -870 0
-528 -908 0
-528 -946 0
-528 -984 0
-528 -1022 0
-528 -1060 0
-528 -1098 0
-528 -1136 0
-528 -1174 0
-528 -1212 0
-528 -1250 0
-528 -1288 0
-566 -604 0
-566 -642 0
-566 -680 0
-566 -718 0
-566 -756 0
-566 -794 0
-566 -832 0
-566 -870 0
-566 -908 0
-566 -946 0
-566 -984 0
-566 -1022 0
-566 -1060 0
-566 -1098 0
-566 -1136 0
-566 -1174 0
-566 -1212 0
-566 -1250 0
-566 -1288 0
-604 -642 0
-604 -680 0
-604 -718 0
-604 -756 0
-604 -794 0
-604 -832 0
-604 -870 0
-604 -908 0
-604 -946 0
-604 -984 0
-604 -1022 0
-604 -1060 0
-604 -1098 0
-604 -1136 0
-604 -1174 0
-604 -1212 0
-604 -1250 0
-604 -1288 0
-642 -680 0
-642 -718 0
-642 -756 0
-642 -794 0
-642 -832 0
-642 -870 0
-642 -908 0
-642 -946 0
-642 -984 0
-642 -1022 0
-642 -1060 0
-642 -1098 0
-642 -1136 0
-642 -1174 0
-642 -1212 0
-642 -1250 0
-642 -1288 0
-680 -718 0
-680 -756 0
-680 -794 0
-680 -832 0
-680 -870 0
-680 -908 0
-680 -946 0
-680 -984 0
-680 -1022 0
-680 -1060 0
-680 -1098 0
-680 -1136 0
-680 -1174 0
-680 -1212 0
-680 -1250 0
-680 -1288 0
-718 -756 0
-718 -794 0
-718 -832 0
-718 -870 0
-718 -908 0
-718 -946 0
-718 -984 0
-718 -1022 0
-718 -1060 0
-718 -1098 0
-718 -1136 0
-718 -1174 0
-718 -1212 0
-718 -1250 0
-718 -1288 0
-756 -794 0
-756 -832 0
-756 -870 0
-756 -908 0
-756 -946 0
-756 -984 0
-756 -1022 0
-756 -1060 0
-756 -1098 0
-756 -1136 0
-756 -1174 0
-756 -1212 0
-756 -1250 0
-756 -1288 0
-794 -832 0
-794 -870 0
-794 -908 0
-794 -946 0
-794 -984 0
-794 -1022 0
-794 -1060 0
-794 -1098 0
-794 -1136 0
-794 -1174 0
-794 -1212 0
-794 -1250 0
-794 -1288 0
-832 -870 0
-832 -908 0
-832 -946 0
-832 -984 0
-832 -1022 0
-832 -1060 0
-832 -1098 0
-832 -1136 0
-832 -1174 0
-832 -1212 0
-832 -1250 0
-832 -1288 0
-870 -908 0
-870 -946 0
-870 -984 0
-870 -1022 0
-870 -1060 0
-870 -1098 0
-870 -1136 0
-870 -1174 0
-870 -1212 0
-870 -1250 0
-870 -1288 0
-908 -946 0
-908 -984 0
-908 -1022 0
-908 -1060 0
-908 -1098 0
-908 -1136 0
-908 -1174 0
-908 -1212 0
-908 -1250 0
-908 -1288 0
-946 -984 0
-946 -1022 0
-946 -1060 0
-946 -1098 0
-946 -1136 0
-946 -1174 0
-946 -1212 0
-946 -1250 0
-946 -1288 0
-984 -1022 0
-984 -1060 0
-984 -1098 0
-984 -1136 0
-984 -1174 0
-984 -1212 0
-984 -1250 0
-984 -1288 0
-1022 -1060 0
-1022 -1098 0
-1022 -1136 0
-1022 -1174 0
-1022 -1212 0
-1022 -1250 0
-1022 -1288 0
-1060 -1098 0
-1060 -1136 0
-1060 -1174 0
-1060 -1212 0
-1060 -1250 0
-1060 -1288 0
-1098 -1136 0
-1098 -1174 0
-1098 -1212 0
-1098 -1250 0
-1098 -1288 0
-1136 -1174 0
-1136 -1212 0
-1136 -1250 0
-1136 -1288 0
-1174 -1212 0
-1174 -1250 0
-1174 -1288 0
-1212 -1250 0
-1212 -1288 0
-1250 -1288 0
-35 -73 0
-35 -111 0
-35 -149 0
-35 -187 0
-35 -225 0
-35 -263 0
-35 -301 0
-35 -339 0
-35 -377 0
-35 -415 0
-35 -453 0
-35 -491 0
-35 -529 0
-35 -567 0
-35 -605 0
-35 -643 0
-35 -681 0
-35 -719 0
-35 -757 0
-35 -795 0
-35 -833 0
-35 -871 0
-35 -909 0
-35 -947 0
-35 -985 0
-35 -1023 0
-35 -1061 0
-35 -1099 0
-35 -1137 0
-35 -1175 0
-35 -1213 0
-35 -1251 0
-35 -1289 0
-35 -1327 0
-73 -111 0
-73 -149 0
-73 -187 0
-73 -225 0
-73 -263 0
-73 -301 0
-73 -339 0
-73 -377 0
-73 -415 0
-73 -453 0
-73 -491 0
-73 -529 0
-73 -567 0
-73 -605 0
-73 -643 0
-73 -681 0
-73 -719 0
-73 -757 0
-73 -795 0
-73 -833 0
-73 -871 0
-73 -909 0
-73 -947 0
-73 -985 0
-73 -1023 0
-73 -1061 0
-73 -1099 0
-73 -1137 0
-73 -1175 0
-73 -1213 0
-73 -1251 0
-73 -1289 0
-73 -1327 0
-111 -149 0
-111 -187 0
-111 -225 0
-111 -263 0
-111 -301 0
-111 -339 0
-111 -377 0
-111 -415 0
-111 -453 0
-111 -491 0
-111 -529 0
-111 -567 0
-111 -605 0
-111 -643 0
-111 -681 0
-111 -719 0
-111 -757 0
-111 -795 0
-111 -833 0
-111 -871 0
-111 -909 0
-111 -947 0
-111 -985 0
-111 -1023 0
-111 -1061 0
-111 -1099 0
-111 -1137 0
-111 -1175 0
-111 -1213 0
-111 -1251 0
-111 -1289 0
-111 -1327 0
-149 -187 0
-149 -225 0
-149 -263 0
-149 -301 0
-149 -339 0
-149 -377 0
-149 -415 0
-149 -453 0
-149 -491 0
-149 -529 0
-149 -567 0
-149 -605 0
-149 -643 0
-149 -681 0
-149 -719 0
-149 -757 0
-149 -795 0
-149 -833 0
-149 -871 0
-149 -909 0
-149 -947 0
-149 -985 0
-149 -1023 0
-149 -1061 0
-149 -1099 0
-149 -1137 0
-149 -1175 0
-149 -1213 0
-149 -1251 0
-149 -1289 0
-149 -1327 0
-187 -225 0
-187 -263 0
-187 -301 0
-187 -339 0
-187 -377 0
-187 -415 0
-187 -453 0
-187 -491 0
-187 -529 0
-187 -567 0
-187 -605 0
-187 -643 0
-187 -681 0
-187 -719 0
-187 -757 0
-187 -795 0
-187 -833 0
-187 -871 0
-187 -909 0
-187 -947 0
-187 -985 0
-187 -1023 0
-187 -1061 0
-187 -1099 0
-187 -1137 0
-187 -1175 0
-187 -1213 0
-187 -1251 0
-187 -1289 0
-187 -1327 0
-225 -263 0
-225 -301 0
-225 -339 0
-225 -377 0
-225 -415 0
-225 -453 0
-225 -491 0
-225 -529 0
-225 -567 0
-225 -605 0
-225 -643 0
-225 -681 0
-225 -719 0
-225 -757 0
-225 -795 0
-225 -833 0
-225 -871 0
-225 -909 0
-225 -947 0
-225 -985 0
-225 -1023 0
-225 -1061 0
-225 -1099 0
-225 -1137 0
-225 -1175 0
-225 -1213 0
-225 -1251 0
-225 -1289 0
-225 -1327 0
-263 -301 0
-263 -339 0
-263 -377 0
-263 -415 0
-263 -453 0
-263 -491 0
-263 -529 0
-263 -567 0
-263 -605 0
-263 -643 0
-263 -681 0
-263 -719 0
-263 -757 0
-263 -795 0
-263 -833 0
-263 -871 0
-263 -909 0
-263 -947 0
-263 -985 0
-263 -1023 0
-263 -1061 0
-263 -1099 0
-263 -1137 0
-263 -1175 0
-263 -1213 0
-263 -1251 0
-263 -1289 0
-263 -1327 0
-301 -339 0
-301 -377 0
-301 -415 0
-301 -453 0
-301 -491 0
-301 -529 0
-301 -567 0
-301 -605 0
-301 -643 0
-301 -681 0
-301 -719 0
-301 -757 0
-301 -795 0
-301 -833 0
-301 -871 0
-301 -909 0
-301 -947 0
-301 -985 0
-301 -1023 0
-301 -1061 0
-301 -1099 0
-301 -1137 0
-301 -1175 0
-301 -1213 0
-301 -1251 0
-301 -1289 0
-301 -1327 0
-339 -377 0
-339 -415 0
-339 -453 0
-339 -491 0
-339 -529 0
-339 -567 0
-339 -605 0
-339 -643 0
-339 -681 0
-339 -719 0
-339 -757 0
-339 -795 0
-339 -833 0
-339 -871 0
-339 -909 0
-339 -947 0
-339 -985 0
-339 -1023 0
-339 -1061 0
-339 -1099 0
-339 -1137 0
-339 -1175 0
-339 -1213 0
-339 -1251 0
-339 -1289 0
-339 -1327 0
-377 -415 0
-377 -453 0
-377 -491 0
-377 -529 0
-377 -567 0
-377 -605 0
-377 -643 0
-377 -681 0
-377 -719 0
-377 -757 0
-377 -795 0
-377 -833 0
-377 -871 0
-377 -909 0
-377 -947 0
-377 -985 0
-377 -1023 0
-377 -1061 0
-377 -1099 0
-377 -1137 0
-377 -1175 0
-377 -1213 0
-377 -1251 0
-377 -1289 0
-377 -1327 0
-415 -453 0
-415 -491 0
-415 -529 0
-415 -567 0
-415 -605 0
-415 -643 0
-415 -681 0
-415 -719 0
-415 -757 0
-415 -795 0
-415 -833 0
-415 -871 0
-415 -909 0
-415 -947 0
-415 -985 0
-415 -1023 0
-415 -1061 0
-415 -1099 0
-415 -1137 0
-415 -1175 0
-415 -1213 0
-415 -1251 0
-415 -1289 0
-415 -1327 0
-453 -491 0
-453 -529 0
-453 -567 0
-453 -605 0
-453 -643 0
-453 -681 0
-453 -719 0
-453 -757 0
-453 -795 0
-453 -833 0
-453 -871 0
-453 -909 0
-453 -947 0
-453 -985 0
-453 -1023 0
-453 -1061 0
-453 -1099 0
-453 -1137 0
-453 -1175 0
-453 -1213 0
-453 -1251 0
-453 -1289 0
-453 -1327 0
-491 -529 0
-491 -567 0
-491 -605 0
-491 -643 0
-491 -681 0
-491 -719 0
-491 -757 0
-491 -795 0
-491 -833 0
-491 -871 0
-491 -909 0
-491 -947 0
-491 -985 0
-491 -1023 0
-491 -1061 0
-491 -1099 0
-491 -1137 0
-491 -1175 0
-491 -1213 0
-491 -1251 0
-491 -1289 0
-491 -1327 0
-529 -567 0
-529 -605 0
-529 -643 0
-529 -681 0
-529 -719 0
-529 -757 0
-529 -795 0
-529 -833 0
-529 -871 0
-529 -909 0
-529 -947 0
-529 -985 0
-529 -1023 0
-529 -1061 0
-529 -1099 0
-529 -1137 0
-529 -1175 0
-529 -1213 0
-529 -1251 0
-529 -1289 0
-529 -1327 0
-567 -605 0
-567 -643 0
-567 -681 0
-567 -719 0
-567 -757 0
-567 -795 0
-567 -833 0
-567 -871 0
-567 -909 0
-567 -947 0
-567 -985 0
-567 -1023 0
-567 -1061 0
-567 -1099 0
-567 -1137 0
-567 -1175 0
-567 -1213 0
-567 -1251 0
-567 -1289 0
-567 -1327 0
-605 -643 0
-605 -681 0
-605 -719 0
-605 -757 0
-605 -795 0
-605 -833 0
-605 -871 0
-605 -909 0
-605 -947 0
-605 -985 0
-605 -1023 0
-605 -1061 0
-605 -1099 0
-605 -1137 0
-605 -1175 0
-605 -1213 0
-605 -1251 0
-605 -1289 0
-605 -1327 0
-643 -681 0
-643 -719 0
-643 -757 0
-643 -795 0
-643 -833 0
-643 -871 0
-643 -909 0
-643 -947 0
-643 -985 0
-643 -1023 0
-643 -1061 0
-643 -1099 0
-643 -1137 0
-643 -1175 0
-643 -1213 0
-643 -1251 0
-643 -1289 0
-643 -1327 0
-681 -719 0
-681 -757 0
-681 -795 0
-681 -833 0
-681 -871 0
-681 -909 0
-681 -947 0
-681 -985 0
-681 -1023 0
-681 -1061 0
-681 -1099 0
-681 -1137 0
-681 -1175 0
-681 -1213 0
-681 -1251 0
-681 -1289 0
-681 -1327 0
-719 -757 0
-719 -795 0
-719 -833 0
-719 -871 0
-719 -909 0
-719 -947 0
-719 -985 0
-719 -1023 0
-719 -1061 0
-719 -1099 0
-719 -1137 0
-719 -1175 0
-719 -1213 0
-719 -1251 0
-719 -1289 0
-719 -1327 0
-757 -795 0
-757 -833 0
-757 -871 0
-757 -909 0
-757 -947 0
-757 -985 0
-757 -1023 0
-757 -1061 0
-757 -1099 0
-757 -1137 0
-757 -1175 0
-757 -1213 0
-757 -1251 0
-757 -1289 0
-757 -1327 0
-795 -833 0
-795 -871 0
-795 -909 0
-795 -947 0
-795 -985 0
-795 -1023 0
-795 -1061 0
-795 -1099 0
-795 -1137 0
-795 -1175 0
-795 -1213 0
-795 -1251 0
-795 -1289 0
-795 -1327 0
-833 -871 0
-833 -909 0
-833 -947 0
-833 -985 0
-833 -1023 0
-833 -1061 0
-833 -1099 0
-833 -1137 0
-833 -1175 0
-833 -1213 0
-833 -1251 0
-833 -1289 0
-833 -1327 0
-871 -909 0
-871 -947 0
-871 -985 0
-871 -1023 0
-871 -1061 0
-871 -1099 0
-871 -1137 0
-871 -1175 0
-871 -1213 0
-871 -1251 0
-871 -1289 0
-871 -1327 0
-909 -947 0
-909 -985 0
-909 -1023 0
-909 -1061 0
-909 -1099 0
-909 -1137 0
-909 -1175 0
-909 -1213 0
-909 -1251 0
-909 -1289 0
-909 -1327 0
-947 -985 0
-947 -1023 0
-947 -1061 0
-947 -1099 0
-947 -1137 0
-947 -1175 0
-947 -1213 0
-947 -1251 0
-947 -1289 0
-947 -1327 0
-985 -1023 0
-985 -1061 0
-985 -1099 0
-985 -1137 0
-985 -1175 0
-985 -1213 0
-985 -1251 0
-985 -1289 0
-985 -1327 0
-1023 -1061 0
-1023 -1099 0
-1023 -1137 0
-1023 -1175 0
-1023 -1213 0
-1023 -1251 0
-1023 -1289 0
-1023 -1327 0
-1061 -1099 0
-1061 -1137 0
-1061 -1175 0
-1061 -1213 0
-1061 -1251 0
-1061 -1289 0
-1061 -1327 0
-1099 -1137 0
-1099 -1175 0
-1099 -1213 0
-1099 -1251 0
-1099 -1289 0
-1099 -1327 0
-1137 -1175 0
-1137 -1213 0
-1137 -1251 0
-1137 -1289 0
-1137 -1327 0
-1175 -1213 0
-1175 -1251 0
-1175 -1289 0
-1175 -1327 0
-1213 -1251 0
-1213 -1289 0
-1213 -1327 0
-1251 -1289 0
-1251 -1327 0
-1289 -1327 0
-36 -74 0
-36 -112 0
-36 -150 0
-36 -188 0
-36 -226 0
-36 -264 0
-36 -302 0
-36 -340 0
-36 -378 0
-36 -416 0
-36 -454 0
-36 -492 0
-36 -530 0
-36 -568 0
-36 -606 0
-36 -644 0
-36 -682 0
-36 -720 0
-36 -758 0
-36 -796 0
-36 -834 0
-36 -872 0
-36 -910 0
-36 -948 0
-36 -986 0
-36 -1024 0
-36 -1062 0
-36 -1100 0
-36 -1138 0
-36 -1176 0
-36 -1214 0
-36 -1252 0
-36 -1290 0
-36 -1328 0
-36 -1366 0
-74 -112 0
-74 -150 0
-74 -188 0
-74 -226 0
-74 -264 0
-74 -302 0
-74 -340 0
-74 -378 0
-74 -416 0
-74 -454 0
-74 -492 0
-74 -530 0
-74 -568 0
-74 -606 0
-74 -644 0
-74 -682 0
-74 -720 0
-74 -758 0
-74 -796 0
-74 -834 0
-74 -872 0
-74 -910 0
-74 -948 0
-74 -986 0
-74 -1024 0
-74 -1062 0
-74 -1100 0
-74 -1138 0
-74 -1176 0
-74 -1214 0
-74 -1252 0
-74 -1290 0
-74 -1328 0
-74 -1366 0
-112 -150 0
-112 -188 0
-112 -226 0
-112 -264 0
-112 -302 0
-112 -340 0
-112 -378 0
-112 -416 0
-112 -454 0
-112 -492 0
-112 -530 0
-112 -568 0
-112 -606 0
-112 -644 0
-112 -682 0
-112 -720 0
-112 -758 0
-112 -796 0
-112 -834 0
-112 -872 0
-112 -910 0
-112 -948 0
-112 -986 0
-112 -1024 0
-112 -1062 0
-112 -1100 0
-112 -1138 0
-112 -1176 0
-112 -1214 0
-112 -1252 0
-112 -1290 0
-112 -1328 0
-112 -1366 0
-150 -188 0
-150 -226 0
-150 -264 0
-150 -302 0
-150 -340 0
-150 -378 0
-150 -416 0
-150 -454 0
-150 -492 0
-150 -530 0
-150 -568 0
-150 -606 0
-150 -644 0
-150 -682 0
-150 -720 0
-150 -758 0
-150 -796 0
-150 -834 0
-150 -872 0
-150 -910 0
-150 -948 0
-150 -986 0
-150 -1024 0
-150 -1062 0
-150 -1100 0
-150 -1138 0
-150 -1176 0
-150 -1214 0
-150 -1252 0
-150 -1290 0
-150 -1328 0
-150 -1366 0
-188 -226 0
-188 -264 0
-188 -302 0
-188 -340 0
-188 -378 0
-188 -416 0
-188 -454 0
-188 -492 0
-188 -530 0
-188 -568 0
-188 -606 0
-188 -644 0
-188 -682 0
-188 -720 0
-188 -758 0
-188 -796 0
-188 -834 0
-188 -872 0
-188 -910 0
-188 -948 0
-188 -986 0
-188 -1024 0
-188 -1062 0
-188 -1100 0
-188 -1138 0
-188 -1176 0
-188 -1214 0
-188 -1252 0
-188 -1290 0
-188 -1328 0
-188 -1366 0
-226 -264 0
-226 -302 0
-226 -340 0
-226 -378 0
-226 -416 0
-226 -454 0
-226 -492 0
-226 -530 0
-226 -568 0
-226 -606 0
-226 -644 0
-226 -682 0
-226 -720 0
-226 -758 0
-226 -796 0
-226 -834 0
-226 -872 0
-226 -910 0
-226 -948 0
-226 -986 0
-226 -1024 0
-226 -1062 0
-226 -1100 0
-226 -1138 0
-226 -1176 0
-226 -1214 0
-226 -1252 0
-226 -1290 0
-226 -1328 0
-226 -1366 0
-264 -302 0
-264 -340 0
-264 -378 0
-264 -416 0
-264 -454 0
-264 -492 0
-264 -530 0
-264 -568 0
-264 -606 0
-264 -644 0
-264 -682 0
-264 -720 0
-264 -758 0
-264 -796 0
-264 -834 0
-264 -872 0
-264 -910 0
-264 -948 0
-264 -986 0
-264 -1024 0
-264 -1062 0
-264 -1100 0
-264 -1138 0
-264 -1176 0
-264 -1214 0
-264 -1252 0
-264 -1290 0
-264 -1328 0
-264 -1366 0
-302 -340 0
-302 -378 0
-302 -416 0
-302 -454 0
-302 -492 0
-302 -530 0
-302 -568 0
-302 -606 0
-302 -644 0
-302 -682 0
-302 -720 0
-302 -758 0
-302 -796 0
-302 -834 0
-302 -872 0
-302 -910 0
-302 -948 0
-302 -986 0
-302 -1024 0
-302 -1062 0
-302 -1100 0
-302 -1138 0
-302 -1176 0
-302 -1214 0
-302 -1252 0
-302 -1290 0
-302 -1328 0
-302 -1366 0
-340 -378 0
-340 -416 0
-340 -454 0
-340 -492 0
-340 -530 0
-340 -568 0
-340 -606 0
-340 -644 0
-340 -682 0
-340 -720 0
-340 -758 0
-340 -796 0
-340 -834 0
-340 -872 0
-340 -910 0
-340 -948 0
-340 -986 0
-340 -1024 0
-340 -1062 0
-340 -1100 0
-340 -1138 0
-340 -1176 0
-340 -1214 0
-340 -1252 0
-340 -1290 0
-340 -1328 0
-340 -1366 0
-378 -416 0
-378 -454 0
-378 -492 0
-378 -530 0
-378 -568 0
-378 -606 0
-378 -644 0
-378 -682 0
-378 -720 0
-378 -758 0
-378 -796 0
-378 -834 0
-378 -872 0
-378 -910 0
-378 -948 0
-378 -986 0
-378 -1024 0
-378 -1062 0
-378 -1100 0
-378 -1138 0
-378 -1176 0
-378 -1214 0
-378 -1252 0
-378 -1290 0
-378 -1328 0
-378 -1366 0
-416 -454 0
-416 -492 0
-416 -530 0
-416 -568 0
-416 -606 0
-416 -644 0
-416 -682 0
-416 -720 0
-416 -758 0
-416 -796 0
-416 -834 0
-416 -872 0
-416 -910 0
-416 -948 0
-416 -986 0
-416 -1024 0
-416 -1062 0
-416 -1100 0
-416 -1138 0
-416 -1176 0
-416 -1214 0
-416 -1252 0
-416 -1290 0
-416 -1328 0
-416 -1366 0
-454 -492 0
-454 -530 0
-454 -568 0
-454 -606 0
-454 -644 0
-454 -682 0
-454 -720 0
-454 -758 0
-454 -796 0
-454 -834 0
-454 -872 0
-454 -910 0
-454 -948 0
-454 -986 0
-454 -1024 0
-454 -1062 0
-454 -1100 0
-454 -1138 0
-454 -1176 0
-454 -1214 0
-454 -1252 0
-454 -1290 0
-454 -1328 0
-454 -1366 0
-492 -530 0
-492 -568 0
-492 -606 0
-492 -644 0
-492 -682 0
-492 -720 0
-492 -758 0
-492 -796 0
-492 -834 0
-492 -872 0
-492 -910 0
-492 -948 0
-492 -986 0
-492 -1024 0
-492 -1062 0
-492 -1100 0
-492 -1138 0
-492 -1176 0
-492 -1214 0
-492 -1252 0
-492 -1290 0
-492 -1328 0
-492 -1366 0
-530 -568 0
-530 -606 0
-530 -644 0
-530 -682 0
-530 -720 0
-530 -758 0
-530 -796 0
-530 -834 0
-530 -872 0
-530 -910 0
-530 -948 0
-530 -986 0
-530 -1024 0
-530 -1062 0
-530 -1100 0
-530 -1138 0
-530 -1176 0
-530 -1214 0
-530 -1252 0
-530 -1290 0
-530 -1328 0
-530 -1366 0
-568 -606 0
-568 -644 0
-568 -682 0
-568 -720 0
-568 -758 0
-568 -796 0
-568 -834 0
-568 -872 0
-568 -910 0
-568 -948 0
-568 -986 0
-568 -1024 0
-568 -1062 0
-568 -1100 0
-568 -1138 0
-568 -1176 0
-568 -1214 0
-568 -1252 0
-568 -1290 0
-568 -1328 0
-568 -1366 0
-606 -644 0
-606 -682 0
-606 -720 0
-606 -758 0
-606 -796 0
-606 -834 0
-606 -872 0
-606 -910 0
-606 -948 0
-606 -986 0
-606 -1024 0
-606 -1062 0
-606 -1100 0
-606 -1138 0
-606 -1176 0
-606 -1214 0
-606 -1252 0
-606 -1290 0
-606 -1328 0
-606 -1366 0
-644 -682 0
-644 -720 0
-644 -758 0
-644 -796 0
-644 -834 0
-644 -872 0
-644 -910 0
-644 -948 0
-644 -986 0
-644 -1024 0
-644 -1062 0
-644 -1100 0
-644 -1138 0
-644 -1176 0
-644 -1214 0
-644 -1252 0
-644 -1290 0
-644 -1328 0
-644 -1366 0
-682 -720 0
-682 -758 0
-682 -796 0
-682 -834 0
-682 -872 0
-682 -910 0
-682 -948 0
-682 -986 0
-682 -1024 0
-682 -1062 0
-682 -1100 0
-682 -1138 0
-682 -1176 0
-682 -1214 0
-682 -1252 0
-682 -1290 0
-682 -1328 0
-682 -1366 0
-720 -758 0
-720 -796 0
-720 -834 0
-720 -872 0
-720 -910 0
-720 -948 0
-720 -986 0
-720 -1024 0
-720 -1062 0
-720 -1100 0
-720 -1138 0
-720 -1176 0
-720 -1214 0
-720 -1252 0
-720 -1290 0
-720 -1328 0
-720 -1366 0
-758 -796 0
-758 -834 0
-758 -872 0
-758 -910 0
-758 -948 0
-758 -986 0
-758 -1024 0
-758 -1062 0
-758 -1100 0
-758 -1138 0
-758 -1176 0
-758 -1214 0
-758 -1252 0
-758 -1290 0
-758 -1328 0
-758 -1366 0
-796 -834 0
-796 -872 0
-796 -910 0
-796 -948 0
-796 -986 0
-796 -1024 0
-796 -1062 0
-796 -1100 0
-796 -1138 0
-796 -1176 0
-796 -1214 0
-796 -1252 0
-796 -1290 0
-796 -1328 0
-796 -1366 0
-834 -872 0
-834 -910 0
-834 -948 0
-834 -986 0
-834 -1024 0
-834 -1062 0
-834 -1100 0
-834 -1138 0
-834 -1176 0
-834 -1214 0
-834 -1252 0
-834 -1290 0
-834 -1328 0
-834 -1366 0
-872 -910 0
-872 -948 0
-872 -986 0
-872 -1024 0
-872 -1062 0
-872 -1100 0
-872 -1138 0
-872 -1176 0
-872 -1214 0
-872 -1252 0
-872 -1290 0
-872 -1328 0
-872 -1366 0
-910 -948 0
-910 -986 0
-910 -1024 0
-910 -1062 0
-910 -1100 0
-910 -1138 0
-910 -1176 0
-910 -1214 0
-910 -1252 0
-910 -1290 0
-910 -1328 0
-910 -1366 0
-948 -986 0
-948 -1024 0
-948 -1062 0
-948 -1100 0
-948 -1138 0
-948 -1176 0
-948 -1214 0
-948 -1252 0
-948 -1290 0
-948 -1328 0
-948 -1366 0
-986 -1024 0
-986 -1062 0
-986 -1100 0
-986 -1138 0
-986 -1176 0
-986 -1214 0
-986 -1252 0
-986 -1290 0
-986 -1328 0
-986 -1366 0
-1024 -1062 0
-1024 -1100 0
-1024 -1138 0
-1024 -1176 0
-1024 -1214 0
-1024 -1252 0
-1024 -1290 0
-1024 -1328 0
-1024 -1366 0
-1062 -1100 0
-1062 -1138 0
-1062 -1176 0
-1062 -1214 0
-1062 -1252 0
-1062 -1290 0
-1062 -1328 0
-1062 -1366 0
-1100 -1138 0
-1100 -1176 0
-1100 -1214 0
-1100 -1252 0
-1100 -1290 0
-1100 -1328 0
-1100 -1366 0
-1138 -1176 0
-1138 -1214 0
-1138 -1252 0
-1138 -1290 0
-1138 -1328 0
-1138 -1366 0
-1176 -1214 0
-1176 -1252 0
-1176 -1290 0
-1176 -1328 0
-1176 -1366 0
-1214 -1252 0
-1214 -1290 0
-1214 -1328 0
-1214 -1366 0
-1252 -1290 0
-1252 -1328 0
-1252 -1366 0
-1290 -1328 0
-1290 -1366 0
-1328 -1366 0
-37 -75 0
-37 -113 0
-37 -151 0
-37 -189 0
-37 -227 0
-37 -265 0
-37 -303 0
-37 -341 0
-37 -379 0
-37 -417 0
-37 -455 0
-37 -493 0
-37 -531 0
-37 -569 0
-37 -607 0
-37 -645 0
-37 -683 0
-37 -721 0
-37 -759 0
-37 -797 0
-37 -835 0
-37 -873 0
-37 -911 0
-37 -949 0
-37 -987 0
-37 -1025 0
-37 -1063 0
-37 -1101 0
-37 -1139 0
-37 -1177 0
-37 -1215 0
-37 -1253 0
-37 -1291 0
-37 -1329 0
-37 -1367 0
-37 -1405 0
-75 -113 0
-75 -151 0
-75 -189 0
-75 -227 0
-75 -265 0
-75 -303 0
-75 -341 0
-75 -379 0
-75 -417 0
-75 -455 0
-75 -493 0
-75 -531 0
-75 -569 0
-75 -607 0
-75 -645 0
-75 -683 0
-75 -721 0
-75 -759 0
-75 -797 0
-75 -835 0
-75 -873 0
-75 -911 0
-75 -949 0
-75 -987 0
-75 -1025 0
-75 -1063 0
-75 -1101 0
-75 -1139 0
-75 -1177 0
-75 -1215 0
-75 -1253 0
-75 -1291 0
-75 -1329 0
-75 -1367 0
-75 -1405 0
-113 -151 0
-113 -189 0
-113 -227 0
-113 -265 0
-113 -303 0
-113 -341 0
-113 -379 0
-113 -417 0
-113 -455 0
-113 -493 0
-113 -531 0
-113 -569 0
-113 -607 0
-113 -645 0
-113 -683 0
-113 -721 0
-113 -759 0
-113 -797 0
-113 -835 0
-113 -873 0
-113 -911 0
-113 -949 0
-113 -987 0
-113 -1025 0
-113 -1063 0
-113 -1101 0
-113 -1139 0
-113 -1177 0
-113 -1215 0
-113 -1253 0
-113 -1291 0
-113 -1329 0
-113 -1367 0
-113 -1405 0
-151 -189 0
-151 -227 0
-151 -265 0
-151 -303 0
-151 -341 0
-151 -379 0
-151 -417 0
-151 -455 0
-151 -493 0
-151 -531 0
-151 -569 0
-151 -607 0
-151 -645 0
-151 -683 0
-151 -721 0
-151 -759 0
-151 -797 0
-151 -835 0
-151 -873 0
-151 -911 0
-151 -949 0
-151 -987 0
-151 -1025 0
-151 -1063 0
-151 -1101 0
-151 -1139 0
-151 -1177 0
-151 -1215 0
-151 -1253 0
-151 -1291 0
-151 -1329 0
-151 -1367 0
-151 -1405 0
-189 -227 0
-189 -265 0
-189 -303 0
-189 -341 0
-189 -379 0
-189 -417 0
-189 -455 0
-189 -493 0
-189 -531 0
-189 -569 0
-189 -607 0
-189 -645 0
-189 -683 0
-189 -721 0
-189 -759 0
-189 -797 0
-189 -835 0
-189 -873 0
-189 -911 0
-189 -949 0
-189 -987 0
-189 -1025 0
-189 -1063 0
-189 -1101 0
-189 -1139 0
-189 -1177 0
-189 -1215 0
-189 -1253 0
-189 -1291 0
-189 -1329 0
-189 -1367 0
-189 -1405 0
-227 -265 0
-227 -303 0
-227 -341 0
-227 -379 0
-227 -417 0
-227 -455 0
-227 -493 0
-227 -531 0
-227 -569 0
-227 -607 0
-227 -645 0
-227 -683 0
-227 -721 0
-227 -759 0
-227 -797 0
-227 -835 0
-227 -873 0
-227 -911 0
-227 -949 0
-227 -987 0
-227 -1025 0
-227 -1063 0
-227 -1101 0
-227 -1139 0
-227 -1177 0
-227 -1215 0
-227 -1253 0
-227 -1291 0
-227 -1329 0
-227 -1367 0
-227 -1405 0
-265 -303 0
-265 -341 0
-265 -379 0
-265 -417 0
-265 -455 0
-265 -493 0
-265 -531 0
-265 -569 0
-265 -607 0
-265 -645 0
-265 -683 0
-265 -721 0
-265 -759 0
-265 -797 0
-265 -835 0
-265 -873 0
-265 -911 0
-265 -949 0
-265 -987 0
-265 -1025 0
-265 -1063 0
-265 -1101 0
-265 -1139 0
-265 -1177 0
-265 -1215 0
-265 -1253 0
-265 -1291 0
-265 -1329 0
-265 -1367 0
-265 -1405 0
-303 -341 0
-303 -379 0
-303 -417 0
-303 -455 0
-303 -493 0
-303 -531 0
-303 -569 0
-303 -607 0
-303 -645 0
-303 -683 0
-303 -721 0
-303 -759 0
-303 -797 0
-303 -835 0
-303 -873 0
-303 -911 0
-303 -949 0
-303 -987 0
-303 -1025 0
-303 -1063 0
-303 -1101 0
-303 -1139 0
-303 -1177 0
-303 -1215 0
-303 -1253 0
-303 -1291 0
-303 -1329 0
-303 -1367 0
-303 -1405 0
-341 -379 0
-341 -417 0
-341 -455 0
-341 -493 0
-341 -531 0
-341 -569 0
-341 -607 0
-341 -645 0
-341 -683 0
-341 -721 0
-341 -759 0
-341 -797 0
-341 -835 0
-341 -873 0
-341 -911 0
-341 -949 0
-341 -987 0
-341 -1025 0
-341 -1063 0
-341 -1101 0
-341 -1139 0
-341 -1177 0
-341 -1215 0
-341 -1253 0
-341 -1291 0
-341 -1329 0
-341 -1367 0
-341 -1405 0
-379 -417 0
-379 -455 0
-379 -493 0
-379 -531 0
-379 -569 0
-379 -607 0
-379 -645 0
-379 -683 0
-379 -721 0
-379 -759 0
-379 -797 0
-379 -835 0
-379 -873 0
-379 -911 0
-379 -949 0
-379 -987 0
-379 -1025 0
-379 -1063 0
-379 -1101 0
-379 -1139 0
-379 -1177 0
-379 -1215 0
-379 -1253 0
-379 -1291 0
-379 -1329 0
-379 -1367 0
-379 -1405 0
-417 -455 0
-417 -493 0
-417 -531 0
-417 -569 0
-417 -607 0
-417 -645 0
-417 -683 0
-417 -721 0
-417 -759 0
-417 -797 0
-417 -835 0
-417 -873 0
-417 -911 0
-417 -949 0
-417 -987 0
-417 -1025 0
-417 -1063 0
-417 -1101 0
-417 -1139 0
-417 -1177 0
-417 -1215 0
-417 -1253 0
-417 -1291 0
-417 -1329 0
-417 -1367 0
-417 -1405 0
-455 -493 0
-455 -531 0
-455 -569 0
-455 -607 0
-455 -645 0
-455 -683 0
-455 -721 0
-455 -759 0
-455 -797 0
-455 -835 0
-455 -873 0
-455 -911 0
-455 -949 0
-455 -987 0
-455 -1025 0
-455 -1063 0
-455 -1101 0
-455 -1139 0
-455 -1177 0
-455 -1215 0
-455 -1253 0
-455 -1291 0
-455 -1329 0
-455 -1367 0
-455 -1405 0
-493 -531 0
-493 -569 0
-493 -607 0
-493 -645 0
-493 -683 0
-493 -721 0
-493 -759 0
-493 -797 0
-493 -835 0
-493 -873 0
-493 -911 0
-493 -949 0
-493 -987 0
-493 -1025 0
-493 -1063 0
-493 -1101 0
-493 -1139 0
-493 -1177 0
-493 -1215 0
-493 -1253 0
-493 -1291 0
-493 -1329 0
-493 -1367 0
-493 -1405 0
-531 -569 0
-531 -607 0
-531 -645 0
-531 -683 0
-531 -721 0
-531 -759 0
-531 -797 0
-531 -835 0
-531 -873 0
-531 -911 0
-531 -949 0
-531 -987 0
-531 -1025 0
-531 -1063 0
-531 -1101 0
-531 -1139 0
-531 -1177 0
-531 -1215 0
-531 -1253 0
-531 -1291 0
-531 -1329 0
-531 -1367 0
-531 -1405 0
-569 -607 0
-569 -645 0
-569 -683 0
-569 -721 0
-569 -759 0
-569 -797 0
-569 -835 0
-569 -873 0
-569 -911 0
-569 -949 0
-569 -987 0
-569 -1025 0
-569 -1063 0
-569 -1101 0
-569 -1139 0
-569 -1177 0
-569 -1215 0
-569 -1253 0
-569 -1291 0
-569 -1329 0
-569 -1367 0
-569 -1405 0
-607 -645 0
-607 -683 0
-607 -721 0
-607 -759 0
-607 -797 0
-607 -835 0
-607 -873 0
-607 -911 0
-607 -949 0
-607 -987 0
-607 -1025 0
-607 -1063 0
-607 -1101 0
-607 -1139 0
-607 -1177 0
-607 -1215 0
-607 -1253 0
-607 -1291 0
-607 -1329 0
-607 -1367 0
-607 -1405 0
-645 -683 0
-645 -721 0
-645 -759 0
-645 -797 0
-645 -835 0
-645 -873 0
-645 -911 0
-645 -949 0
-645 -987 0
-645 -1025 0
-645 -1063 0
-645 -1101 0
-645 -1139 0
-645 -1177 0
-645 -1215 0
-645 -1253 0
-645 -1291 0
-645 -1329 0
-645 -1367 0
-645 -1405 0
-683 -721 0
-683 -759 0
-683 -797 0
-683 -835 0
-683 -873 0
-683 -911 0
-683 -949 0
-683 -987 0
-683 -1025 0
-683 -1063 0
-683 -1101 0
-683 -1139 0
-683 -1177 0
-683 -1215 0
-683 -1253 0
-683 -1291 0
-683 -1329 0
-683 -1367 0
-683 -1405 0
-721 -759 0
-721 -797 0
-721 -835 0
-721 -873 0
-721 -911 0
-721 -949 0
-721 -987 0
-721 -1025 0
-721 -1063 0
-721 -1101 0
-721 -1139 0
-721 -1177 0
-721 -1215 0
-721 -1253 0
-721 -1291 0
-721 -1329 0
-721 -1367 0
-721 -1405 0
-759 -797 0
-759 -835 0
-759 -873 0
-759 -911 0
-759 -949 0
-759 -987 0
-759 -1025 0
-759 -1063 0
-759 -1101 0
-759 -1139 0
-759 -1177 0
-759 -1215 0
-759 -1253 0
-759 -1291 0
-759 -1329 0
-759 -1367 0
-759 -1405 0
-797 -835 0
-797 -873 0
-797 -911 0
-797 -949 0
-797 -987 0
-797 -1025 0
-797 -1063 0
-797 -1101 0
-797 -1139 0
-797 -1177 0
-797 -1215 0
-797 -1253 0
-797 -1291 0
-797 -1329 0
-797 -1367 0
-797 -1405 0
-835 -873 0
-835 -911 0
-835 -949 0
-835 -987 0
-835 -1025 0
-835 -1063 0
-835 -1101 0
-835 -1139 0
-835 -1177 0
-835 -1215 0
-835 -1253 0
-835 -1291 0
-835 -1329 0
-835 -1367 0
-835 -1405 0
-873 -911 0
-873 -949 0
-873 -987 0
-873 -1025 0
-873 -1063 0
-873 -1101 0
-873 -1139 0
-873 -1177 0
-873 -1215 0
-873 -1253 0
-873 -1291 0
-873 -1329 0
-873 -1367 0
-873 -1405 0
-911 -949 0
-911 -987 0
-911 -1025 0
-911 -1063 0
-911 -1101 0
-911 -1139 0
-911 -1177 0
-911 -1215 0
-911 -1253 0
-911 -1291 0
-911 -1329 0
-911 -1367 0
-911 -1405 0
-949 -987 0
-949 -1025 0
-949 -1063 0
-949 -1101 0
-949 -1139 0
-949 -1177 0
-949 -1215 0
-949 -1253 0
-949 -1291 0
-949 -1329 0
-949 -1367 0
-949 -1405 0
-987 -1025 0
-987 -1063 0
-987 -1101 0
-987 -1139 0
-987 -1177 0
-987 -1215 0
-987 -1253 0
-987 -1291 0
-987 -1329 0
-987 -1367 0
-987 -1405 0
-1025 -1063 0
-1025 -1101 0
-1025 -1139 0
-1025 -1177 0
-1025 -1215 0
-1025 -1253 0
-1025 -1291 0
-1025 -1329 0
-1025 -1367 0
-1025 -1405 0
-1063 -1101 0
-1063 -1139 0
-1063 -1177 0
-1063 -1215 0
-1063 -1253 0
-1063 -1291 0
-1063 -1329 0
-1063 -1367 0
-1063 -1405 0
-1101 -1139 0
-1101 -1177 0
-1101 -1215 0
-1101 -1253 0
-1101 -1291 0
-1101 -1329 0
-1101 -1367 0
-1101 -1405 0
-1139 -1177 0
-1139 -1215 0
-1139 -1253 0
-1139 -1291 0
-1139 -1329 0
-1139 -1367 0
-1139 -1405 0
-1177 -1215 0
-1177 -1253 0
-1177 -1291 0
-1177 -1329 0
-1177 -1367 0
-1177 -1405 0
-1215 -1253 0
-1215 -1291 0
-1215 -1329 0
-1215 -1367 0
-1215 -1405 0
-1253 -1291 0
-1253 -1329 0
-1253 -1367 0
-1253 -1405 0
-1291 -1329 0
-1291 -1367 0
-1291 -1405 0
-1329 -1367 0
-1329 -1405 0
-1367 -1405 0
-38 -76 0
-38 -114 0
-38 -152 0
-38 -190 0
-38 -228 0
-38 -266 0
-38 -304 0
-38 -342 0
-38 -380 0
-38 -418 0
-38 -456 0
-38 -494 0
-38 -532 0
-38 -570 0
-38 -608 0
-38 -646 0
-38 -684 0
-38 -722 0
-38 -760 0
-38 -798 0
-38 -836 0
-38 -874 0
-38 -912 0
-38 -950 0
-38 -988 0
-38 -1026 0
-38 -1064 0
-38 -1102 0
-38 -1140 0
-38 -1178 0
-38 -1216 0
-38 -1254 0
-38 -1292 0
-38 -1330 0
-38 -1368 0
-38 -1406 0
-38 -1444 0
-76 -114 0
-76 -152 0
-76 -190 0
-76 -228 0
-76 -266 0
-76 -304 0
-76 -342 0
-76 -380 0
-76 -418 0
-76 -456 0
-76 -494 0
-76 -532 0
-76 -570 0
-76 -608 0
-76 -646 0
-76 -684 0
-76 -722 0
-76 -760 0
-76 -798 0
-76 -836 0
-76 -874 0
-76 -912 0
-76 -950 0
-76 -988 0
-76 -1026 0
-76 -1064 0
-76 -1102 0
-76 -1140 0
-76 -1178 0
-76 -1216 0
-76 -1254 0
-76 -1292 0
-76 -1330 0
-76 -1368 0
-76 -1406 0
-76 -1444 0
-114 -152 0
-114 -190 0
-114 -228 0
-114 -266 0
-114 -304 0
-114 -342 0
-114 -380 0
-114 -418 0
-114 -456 0
-114 -494 0
-114 -532 0
-114 -570 0
-114 -608 0
-114 -646 0
-114 -684 0
-114 -722 0
-114 -760 0
-114 -798 0
-114 -836 0
-114 -874 0
-114 -912 0
-114 -950 0
-114 -988 0
-114 -1026 0
-114 -1064 0
-114 -1102 0
-114 -1140 0
-114 -1178 0
-114 -1216 0
-114 -1254 0
-114 -1292 0
-114 -1330 0
-114 -1368 0
-114 -1406 0
-114 -1444 0
-152 -190 0
-152 -228 0
-152 -266 0
-152 -304 0
-152 -342 0
-152 -380 0
-152 -418 0
-152 -456 0
-152 -494 0
-152 -532 0
-152 -570 0
-152 -608 0
-152 -646 0
-152 -684 0
-152 -722 0
-152 -760 0
-152 -798 0
-152 -836 0
-152 -874 0
-152 -912 0
-152 -950 0
-152 -988 0
-152 -1026 0
-152 -1064 0
-152 -1102 0
-152 -1140 0
-152 -1178 0
-152 -1216 0
-152 -1254 0
-152 -1292 0
-152 -1330 0
-152 -1368 0
-152 -1406 0
-152 -1444 0
-190 -228 0
-190 -266 0
-190 -304 0
-190 -342 0
-190 -380 0
-190 -418 0
-190 -456 0
-190 -494 0
-190 -532 0
-190 -570 0
-190 -608 0
-190 -646 0
-190 -684 0
-190 -722 0
-190 -760 0
-190 -798 0
-190 -836 0
-190 -874 0
-190 -912 0
-190 -950 0
-190 -988 0
-190 -1026 0
-190 -1064 0
-190 -1102 0
-190 -1140 0
-190 -1178 0
-190 -1216 0
-190 -1254 0
-190 -1292 0
-190 -1330 0
-190 -1368 0
-190 -1406 0
-190 -1444 0
-228 -266 0
-228 -304 0
-228 -342 0
-228 -380 0
-228 -418 0
-228 -456 0
-228 -494 0
-228 -532 0
-228 -570 0
-228 -608 0
-228 -646 0
-228 -684 0
-228 -722 0
-228 -760 0
-228 -798 0
-228 -836 0
-228 -874 0
-228 -912 0
-228 -950 0
-228 -988 0
-228 -1026 0
-228 -1064 0
-228 -1102 0
-228 -1140 0
-228 -1178 0
-228 -1216 0
-228 -1254 0
-228 -1292 0
-228 -1330 0
-228 -1368 0
-228 -1406 0
-228 -1444 0
-266 -304 0
-266 -342 0
-266 -380 0
-266 -418 0
-266 -456 0
-266 -494 0
-266 -532 0
-266 -570 0
-266 -608 0
-266 -646 0
-266 -684 0
-266 -722 0
-266 -760 0
-266 -798 0
-266 -836 0
-266 -874 0
-266 -912 0
-266 -950 0
-266 -988 0
-266 -1026 0
-266 -1064 0
-266 -1102 0
-266 -1140 0
-266 -1178 0
-266 -1216 0
-266 -1254 0
-266 -1292 0
-266 -1330 0
-266 -1368 0
-266 -1406 0
-266 -1444 0
-304 -342 0
-304 -380 0
-304 -418 0
-304 -456 0
-304 -494 0
-304 -532 0
-304 -570 0
-304 -608 0
-304 -646 0
-304 -684 0
-304 -722 0
-304 -760 0
-304 -798 0
-304 -836 0
-304 -874 0
-304 -912 0
-304 -950 0
-304 -988 0
-304 -1026 0
-304 -1064 0
-304 -1102 0
-304 -1140 0
-304 -1178 0
-304 -1216 0
-304 -1254 0
-304 -1292 0
-304 -1330 0
-304 -1368 0
-304 -1406 0
-304 -1444 0
-342 -380 0
-342 -418 0
-342 -456 0
-342 -494 0
-342 -532 0
-342 -570 0
-342 -608 0
-342 -646 0
-342 -684 0
-342 -722 0
-342 -760 0
-342 -798 0
-342 -836 0
-342 -874 0
-342 -912 0
-342 -950 0
-342 -988 0
-342 -1026 0
-342 -1064 0
-342 -1102 0
-342 -1140 0
-342 -1178 0
-342 -1216 0
-342 -1254 0
-342 -1292 0
-342 -1330 0
-342 -1368 0
-342 -1406 0
-342 -1444 0
-380 -418 0
-380 -456 0
-380 -494 0
-380 -532 0
-380 -570 0
-380 -608 0
-380 -646 0
-380 -684 0
-380 -722 0
-380 -760 0
-380 -798 0
-380 -836 0
-380 -874 0
-380 -912 0
-380 -950 0
-380 -988 0
-380 -1026 0
-380 -1064 0
-380 -1102 0
-380 -1140 0
-380 -1178 0
-380 -1216 0
-380 -1254 0
-380 -1292 0
-380 -1330 0
-380 -1368 0
-380 -1406 0
-380 -1444 0
-418 -456 0
-418 -494 0
-418 -532 0
-418 -570 0
-418 -608 0
-418 -646 0
-418 -684 0
-418 -722 0
-418 -760 0
-418 -798 0
-418 -836 0
-418 -874 0
-418 -912 0
-418 -950 0
-418 -988 0
-418 -1026 0
-418 -1064 0
-418 -1102 0
-418 -1140 0
-418 -1178 0
-418 -1216 0
-418 -1254 0
-418 -1292 0
-418 -1330 0
-418 -1368 0
-418 -1406 0
-418 -1444 0
-456 -494 0
-456 -532 0
-456 -570 0
-456 -608 0
-456 -646 0
-456 -684 0
-456 -722 0
-456 -760 0
-456 -798 0
-456 -836 0
-456 -874 0
-456 -912 0
-456 -950 0
-456 -988 0
-456 -1026 0
-456 -1064 0
-456 -1102 0
-456 -1140 0
-456 -1178 0
-456 -1216 0
-456 -1254 0
-456 -1292 0
-456 -1330 0
-456 -1368 0
-456 -1406 0
-456 -1444 0
-494 -532 0
-494 -570 0
-494 -608 0
-494 -646 0
-494 -684 0
-494 -722 0
-494 -760 0
-494 -798 0
-494 -836 0
-494 -874 0
-494 -912 0
-494 -950 0
-494 -988 0
-494 -1026 0
-494 -1064 0
-494 -1102 0
-494 -1140 0
-494 -1178 0
-494 -1216 0
-494 -1254 0
-494 -1292 0
-494 -1330 0
-494 -1368 0
-494 -1406 0
-494 -1444 0
-532 -570 0
-532 -608 0
-532 -646 0
-532 -684 0
-532 -722 0
-532 -760 0
-532 -798 0
-532 -836 0
-532 -874 0
-532 -912 0
-532 -950 0
-532 -988 0
-532 -1026 0
-532 -1064 0
-532 -1102 0
-532 -1140 0
-532 -1178 0
-532 -1216 0
-532 -1254 0
-532 -1292 0
-532 -1330 0
-532 -1368 0
-532 -1406 0
-532 -1444 0
-570 -608 0
-570 -646 0
-570 -684 0
-570 -722 0
-570 -760 0
-570 -798 0
-570 -836 0
-570 -874 0
-570 -912 0
-570 -950 0
-570 -988 0
-570 -1026 0
-570 -1064 0
-570 -1102 0
-570 -1140 0
-570 -1178 0
-570 -1216 0
-570 -1254 0
-570 -1292 0
-570 -1330 0
-570 -1368 0
-570 -1406 0
-570 -1444 0
-608 -646 0
-608 -684 0
-608 -722 0
-608 -760 0
-608 -798 0
-608 -836 0
-608 -874 0
-608 -912 0
-608 -950 0
-608 -988 0
-608 -1026 0
-608 -1064 0
-608 -1102 0
-608 -1140 0
-608 -1178 0
-608 -1216 0
-608 -1254 0
-608 -1292 0
-608 -1330 0
-608 -1368 0
-608 -1406 0
-608 -1444 0
-646 -684 0
-646 -722 0
-646 -760 0
-646 -798 0
-646 -836 0
-646 -874 0
-646 -912 0
-646 -950 0
-646 -988 0
-646 -1026 0
-646 -1064 0
-646 -1102 0
-646 -1140 0
-646 -1178 0
-646 -1216 0
-646 -1254 0
-646 -1292 0
-646 -1330 0
-646 -1368 0
-646 -1406 0
-646 -1444 0
-684 -722 0
-684 -760 0
-684 -798 0
-684 -836 0
-684 -874 0
-684 -912 0
-684 -950 0
-684 -988 0
-684 -1026 0
-684 -1064 0
-684 -1102 0
-684 -1140 0
-684 -1178 0
-684 -1216 0
-684 -1254 0
-684 -1292 0
-684 -1330 0
-684 -1368 0
-684 -1406 0
-684 -1444 0
-722 -760 0
-722 -798 0
-722 -836 0
-722 -874 0
-722 -912 0
-722 -950 0
-722 -988 0
-722 -1026 0
-722 -1064 0
-722 -1102 0
-722 -1140 0
-722 -1178 0
-722 -1216 0
-722 -1254 0
-722 -1292 0
-722 -1330 0
-722 -1368 0
-722 -1406 0
-722 -1444 0
-760 -798 0
-760 -836 0
-760 -874 0
-760 -912 0
-760 -950 0
-760 -988 0
-760 -1026 0
-760 -1064 0
-760 -1102 0
-760 -1140 0
-760 -1178 0
-760 -1216 0
-760 -1254 0
-760 -1292 0
-760 -1330 0
-760 -1368 0
-760 -1406 0
-760 -1444 0
-798 -836 0
-798 -874 0
-798 -912 0
-798 -950 0
-798 -988 0
-798 -1026 0
-798 -1064 0
-798 -1102 0
-798 -1140 0
-798 -1178 0
-798 -1216 0
-798 -1254 0
-798 -1292 0
-798 -1330 0
-798 -1368 0
-798 -1406 0
-798 -1444 0
-836 -874 0
-836 -912 0
-836 -950 0
-836 -988 0
-836 -1026 0
-836 -1064 0
-836 -1102 0
-836 -1140 0
-836 -1178 0
-836 -1216 0
-836 -1254 0
-836 -1292 0
-836 -1330 0
-836 -1368 0
-836 -1406 0
-836 -1444 0
-874 -912 0
-874 -950 0
-874 -988 0
-874 -1026 0
-874 -1064 0
-874 -1102 0
-874 -1140 0
-874 -1178 0
-874 -1216 0
-874 -1254 0
-874 -1292 0
-874 -1330 0
-874 -1368 0
-874 -1406 0
-874 -1444 0
-912 -950 0
-912 -988 0
-912 -1026 0
-912 -1064 0
-912 -1102 0
-912 -1140 0
-912 -1178 0
-912 -1216 0
-912 -1254 0
-912 -1292 0
-912 -1330 0
-912 -1368 0
-912 -1406 0
-912 -1444 0
-950 -988 0
-950 -1026 0
-950 -1064 0
-950 -1102 0
-950 -1140 0
-950 -1178 0
-950 -1216 0
-950 -1254 0
-950 -1292 0
-950 -1330 0
-950 -1368 0
-950 -1406 0
-950 -1444 0
-988 -1026 0
-988 -1064 0
-988 -1102 0
-988 -1140 0
-988 -1178 0
-988 -1216 0
-988 -1254 0
-988 -1292 0
-988 -1330 0
-988 -1368 0
-988 -1406 0
-988 -1444 0
-1026 -1064 0
-1026 -1102 0
-1026 -1140 0
-1026 -1178 0
-1026 -1216 0
-1026 -1254 0
-1026 -1292 0
-1026 -1330 0
-1026 -1368 0
-1026 -1406 0
-1026 -1444 0
-1064 -1102 0
-1064 -1140 0
-1064 -1178 0
-1064 -1216 0
-1064 -1254 0
-1064 -1292 0
-1064 -1330 0
-1064 -1368 0
-1064 -1406 0
-1064 -1444 0
-1102 -1140 0
-1102 -1178 0
-1102 -1216 0
-1102 -1254 0
-1102 -1292 0
-1102 -1330 0
-1102 -1368 0
-1102 -1406 0
-1102 -1444 0
-1140 -1178 0
-1140 -1216 0
-1140 -1254 0
-1140 -1292 0
-1140 -1330 0
-1140 -1368 0
-1140 -1406 0
-1140 -1444 0
-1178 -1216 0
-1178 -1254 0
-1178 -1292 0
-1178 -1330 0
-1178 -1368 0
-1178 -1406 0
-1178 -1444 0
-1216 -1254 0
-1216 -1292 0
-1216 -1330 0
-1216 -1368 0
-1216 -1406 0
-1216 -1444 0
-1254 -1292 0
-1254 -1330 0
-1254 -1368 0
-1254 -1406 0
-1254 -1444 0
-1292 -1330 0
-1292 -1368 0
-1292 -1406 0
-1292 -1444 0
-1330 -1368 0
-1330 -1406 0
-1330 -1444 0
-1368 -1406 0
-1368 -1444 0
-1406 -1444 0
-39 -77 0
-39 -115 0
-39 -153 0
-39 -191 0
-39 -229 0
-39 -267 0
-39 -305 0
-39 -343 0
-39 -381 0
-39 -419 0
-39 -457 0
-39 -495 0
-39 -533 0
-39 -571 0
-39 -609 0
-39 -647 0
-39 -685 0
-39 -723 0
-39 -761 0
-39 -799 0
-39 -837 0
-39 -875 0
-39 -913 0
-39 -951 0
-39 -989 0
-39 -1027 0
-39 -1065 0
-39 -1103 0
-39 -1141 0
-39 -1179 0
-39 -1217 0
-39 -1255 0
-39 -1293 0
-39 -1331 0
-39 -1369 0
-39 -1407 0
-39 -1445 0
-39 -1483 0
-77 -115 0
-77 -153 0
-77 -191 0
-77 -229 0
-77 -267 0
-77 -305 0
-77 -343 0
-77 -381 0
-77 -419 0
-77 -457 0
-77 -495 0
-77 -533 0
-77 -571 0
-77 -609 0
-77 -647 0
-77 -685 0
-77 -723 0
-77 -761 0
-77 -799 0
-77 -837 0
-77 -875 0
-77 -913 0
-77 -951 0
-77 -989 0
-77 -1027 0
-77 -1065 0
-77 -1103 0
-77 -1141 0
-77 -1179 0
-77 -1217 0
-77 -1255 0
-77 -1293 0
-77 -1331 0
-77 -1369 0
-77 -1407 0
-77 -1445 0
-77 -1483 0
-115 -153 0
-115 -191 0
-115 -229 0
-115 -267 0
-115 -305 0
-115 -343 0
-115 -381 0
-115 -419 0
-115 -457 0
-115 -495 0
-115 -533 0
-115 -571 0
-115 -609 0
-115 -647 0
-115 -685 0
-115 -723 0
-115 -761 0
-115 -799 0
-115 -837 0
-115 -875 0
-115 -913 0
-115 -951 0
-115 -989 0
-115 -1027 0
-115 -1065 0
-115 -1103 0
-115 -1141 0
-115 -1179 0
-115 -1217 0
-115 -1255 0
-115 -1293 0
-115 -1331 0
-115 -1369 0
-115 -1407 0
-115 -1445 0
-115 -1483 0
-153 -191 0
-153 -229 0
-153 -267 0
-153 -305 0
-153 -343 0
-153 -381 0
-153 -419 0
-153 -457 0
-153 -495 0
-153 -533 0
-153 -571 0
-153 -609 0
-153 -647 0
-153 -685 0
-153 -723 0
-153 -761 0
-153 -799 0
-153 -837 0
-153 -875 0
-153 -913 0
-153 -951 0
-153 -989 0
-153 -1027 0
-153 -1065 0
-153 -1103 0
-153 -1141 0
-153 -1179 0
-153 -1217 0
-153 -1255 0
-153 -1293 0
-153 -1331 0
-153 -1369 0
-153 -1407 0
-153 -1445 0
-153 -1483 0
-191 -229 0
-191 -267 0
-191 -305 0
-191 -343 0
-191 -381 0
-191 -419 0
-191 -457 0
-191 -495 0
-191 -533 0
-191 -571 0
-191 -609 0
-191 -647 0
-191 -685 0
-191 -723 0
-191 -761 0
-191 -799 0
-191 -837 0
-191 -875 0
-191 -913 0
-191 -951 0
-191 -989 0
-191 -1027 0
-191 -1065 0
-191 -1103 0
-191 -1141 0
-191 -1179 0
-191 -1217 0
-191 -1255 0
-191 -1293 0
-191 -1331 0
-191 -1369 0
-191 -1407 0
-191 -1445 0
-191 -1483 0
-229 -267 0
-229 -305 0
-229 -343 0
-229 -381 0
-229 -419 0
-229 -457 0
-229 -495 0
-229 -533 0
-229 -571 0
-229 -609 0
-229 -647 0
-229 -685 0
-229 -723 0
-229 -761 0
-229 -799 0
-229 -837 0
-229 -875 0
-229 -913 0
-229 -951 0
-229 -989 0
-229 -1027 0
-229 -1065 0
-229 -1103 0
-229 -1141 0
-229 -1179 0
-229 -1217 0
-229 -1255 0
-229 -1293 0
-229 -1331 0
-229 -1369 0
-229 -1407 0
-229 -1445 0
-229 -1483 0
-267 -305 0
-267 -343 0
-267 -381 0
-267 -419 0
-267 -457 0
-267 -495 0
-267 -533 0
-267 -571 0
-267 -609 0
-267 -647 0
-267 -685 0
-267 -723 0
-267 -761 0
-267 -799 0
-267 -837 0
-267 -875 0
-267 -913 0
-267 -951 0
-267 -989 0
-267 -1027 0
-267 -1065 0
-267 -1103 0
-267 -1141 0
-267 -1179 0
-267 -1217 0
-267 -1255 0
-267 -1293 0
-267 -1331 0
-267 -1369 0
-267 -1407 0
-267 -1445 0
-267 -1483 0
-305 -343 0
-305 -381 0
-305 -419 0
-305 -457 0
-305 -495 0
-305 -533 0
-305 -571 0
-305 -609 0
-305 -647 0
-305 -685 0
-305 -723 0
-305 -761 0
-305 -799 0
-305 -837 0
-305 -875 0
-305 -913 0
-305 -951 0
-305 -989 0
-305 -1027 0
-305 -1065 0
-305 -1103 0
-305 -1141 0
-305 -1179 0
-305 -1217 0
-305 -1255 0
-305 -1293 0
-305 -1331 0
-305 -1369 0
-305 -1407 0
-305 -1445 0
-305 -1483 0
-343 -381 0
-343 -419 0
-343 -457 0
-343 -495 0
-343 -533 0
-343 -571 0
-343 -609 0
-343 -647 0
-343 -685 0
-343 -723 0
-343 -761 0
-343 -799 0
-343 -837 0
-343 -875 0
-343 -913 0
-343 -951 0
-343 -989 0
-343 -1027 0
-343 -1065 0
-343 -1103 0
-343 -1141 0
-343 -1179 0
-343 -1217 0
-343 -1255 0
-343 -1293 0
-343 -1331 0
-343 -1369 0
-343 -1407 0
-343 -1445 0
-343 -1483 0
-381 -419 0
-381 -457 0
-381 -495 0
-381 -533 0
-381 -571 0
-381 -609 0
-381 -647 0
-381 -685 0
-381 -723 0
-381 -761 0
-381 -799 0
-381 -837 0
-381 -875 0
-381 -913 0
-381 -951 0
-381 -989 0
-381 -1027 0
-381 -1065 0
-381 -1103 0
-381 -1141 0
-381 -1179 0
-381 -1217 0
-381 -1255 0
-381 -1293 0
-381 -1331 0
-381 -1369 0
-381 -1407 0
-381 -1445 0
-381 -1483 0
-419 -457 0
-419 -495 0
-419 -533 0
-419 -571 0
-419 -609 0
-419 -647 0
-419 -685 0
-419 -723 0
-419 -761 0
-419 -799 0
-419 -837 0
-419 -875 0
-419 -913 0
-419 -951 0
-419 -989 0
-419 -1027 0
-419 -1065 0
-419 -1103 0
-419 -1141 0
-419 -1179 0
-419 -1217 0
-419 -1255 0
-419 -1293 0
-419 -1331 0
-419 -1369 0
-419 -1407 0
-419 -1445 0
-419 -1483 0
-457 -495 0
-457 -533 0
-457 -571 0
-457 -609 0
-457 -647 0
-457 -685 0
-457 -723 0
-457 -761 0
-457 -799 0
-457 -837 0
-457 -875 0
-457 -913 0
-457 -951 0
-457 -989 0
-457 -1027 0
-457 -1065 0
-457 -1103 0
-457 -1141 0
-457 -1179 0
-457 -1217 0
-457 -1255 0
-457 -1293 0
-457 -1331 0
-457 -1369 0
-457 -1407 0
-457 -1445 0
-457 -1483 0
-495 -533 0
-495 -571 0
-495 -609 0
-495 -647 0
-495 -685 0
-495 -723 0
-495 -761 0
-495 -799 0
-495 -837 0
-495 -875 0
-495 -913 0
-495 -951 0
-495 -989 0
-495 -1027 0
-495 -1065 0
-495 -1103 0
-495 -1141 0
-495 -1179 0
-495 -1217 0
-495 -1255 0
-495 -1293 0
-495 -1331 0
-495 -1369 0
-495 -1407 0
-495 -1445 0
-495 -1483 0
-533 -571 0
-533 -609 0
-533 -647 0
-533 -685 0
-533 -723 0
-533 -761 0
-533 -799 0
-533 -837 0
-533 -875 0
-533 -913 0
-533 -951 0
-533 -989 0
-533 -1027 0
-533 -1065 0
-533 -1103 0
-533 -1141 0
-533 -1179 0
-533 -1217 0
-533 -1255 0
-533 -1293 0
-533 -1331 0
-533 -1369 0
-533 -1407 0
-533 -1445 0
-533 -1483 0
-571 -609 0
-571 -647 0
-571 -685 0
-571 -723 0
-571 -761 0
-571 -799 0
-571 -837 0
-571 -875 0
-571 -913 0
-571 -951 0
-571 -989 0
-571 -1027 0
-571 -1065 0
-571 -1103 0
-571 -1141 0
-571 -1179 0
-571 -1217 0
-571 -1255 0
-571 -1293 0
-571 -1331 0
-571 -1369 0
-571 -1407 0
-571 -1445 0
-571 -1483 0
-609 -647 0
-609 -685 0
-609 -723 0
-609 -761 0
-609 -799 0
-609 -837 0
-609 -875 0
-609 -913 0
-609 -951 0
-609 -989 0
-609 -1027 0
-609 -1065 0
-609 -1103 0
-609 -1141 0
-609 -1179 0
-609 -1217 0
-609 -1255 0
-609 -1293 0
-609 -1331 0
-609 -1369 0
-609 -1407 0
-609 -1445 0
-609 -1483 0
-647 -685 0
-647 -723 0
-647 -761 0
-647 -799 0
-647 -837 0
-647 -875 0
-647 -913 0
-647 -951 0
-647 -989 0
-647 -1027 0
-647 -1065 0
-647 -1103 0
-647 -1141 0
-647 -1179 0
-647 -1217 0
-647 -1255 0
-647 -1293 0
-647 -1331 0
-647 -1369 0
-647 -1407 0
-647 -1445 0
-647 -1483 0
-685 -723 0
-685 -761 0
-685 -799 0
-685 -837 0
-685 -875 0
-685 -913 0
-685 -951 0
-685 -989 0
-685 -1027 0
-685 -1065 0
-685 -1103 0
-685 -1141 0
-685 -1179 0
-685 -1217 0
-685 -1255 0
-685 -1293 0
-685 -1331 0
-685 -1369 0
-685 -1407 0
-685 -1445 0
-685 -1483 0
-723 -761 0
-723 -799 0
-723 -837 0
-723 -875 0
-723 -913 0
-723 -951 0
-723 -989 0
-723 -1027 0
-723 -1065 0
-723 -1103 0
-723 -1141 0
-723 -1179 0
-723 -1217 0
-723 -1255 0
-723 -1293 0
-723 -1331 0
-723 -1369 0
-723 -1407 0
-723 -1445 0
-723 -1483 0
-761 -799 0
-761 -837 0
-761 -875 0
-761 -913 0
-761 -951 0
-761 -989 0
-761 -1027 0
-761 -1065 0
-761 -1103 0
-761 -1141 0
-761 -1179 0
-761 -1217 0
-761 -1255 0
-761 -1293 0
-761 -1331 0
-761 -1369 0
-761 -1407 0
-761 -1445 0
-761 -1483 0
-799 -837 0
-799 -875 0
-799 -913 0
-799 -951 0
-799 -989 0
-799 -1027 0
-799 -1065 0
-799 -1103 0
-799 -1141 0
-799 -1179 0
-799 -1217 0
-799 -1255 0
-799 -1293 0
-799 -1331 0
-799 -1369 0
-799 -1407 0
-799 -1445 0
-799 -1483 0
-837 -875 0
-837 -913 0
-837 -951 0
-837 -989 0
-837 -1027 0
-837 -1065 0
-837 -1103 0
-837 -1141 0
-837 -1179 0
-837 -1217 0
-837 -1255 0
-837 -1293 0
-837 -1331 0
-837 -1369 0
-837 -1407 0
-837 -1445 0
-837 -1483 0
-875 -913 0
-875 -951 0
-875 -989 0
-875 -1027 0
-875 -1065 0
-875 -1103 0
-875 -1141 0
-875 -1179 0
-875 -1217 0
-875 -1255 0
-875 -1293 0
-875 -1331 0
-875 -1369 0
-875 -1407 0
-875 -1445 0
-875 -1483 0
-913 -951 0
-913 -989 0
-913 -1027 0
-913 -1065 0
-913 -1103 0
-913 -1141 0
-913 -1179 0
-913 -1217 0
-913 -1255 0
-913 -1293 0
-913 -1331 0
-913 -1369 0
-913 -1407 0
-913 -1445 0
-913 -1483 0
-951 -989 0
-951 -1027 0
-951 -1065 0
-951 -1103 0
-951 -1141 0
-951 -1179 0
-951 -1217 0
-951 -1255 0
-951 -1293 0
-951 -1331 0
-951 -1369 0
-951 -1407 0
-951 -1445 0
-951 -1483 0
-989 -1027 0
-989 -1065 0
-989 -1103 0
-989 -1141 0
-989 -1179 0
-989 -1217 0
-989 -1255 0
-989 -1293 0
-989 -1331 0
-989 -1369 0
-989 -1407 0
-989 -1445 0
-989 -1483 0
-1027 -1065 0
-1027 -1103 0
-1027 -1141 0
-1027 -1179 0
-1027 -1217 0
-1027 -1255 0
-1027 -1293 0
-1027 -1331 0
-1027 -1369 0
-1027 -1407 0
-1027 -1445 0
-1027 -1483 0
-1065 -1103 0
-1065 -1141 0
-1065 -1179 0
-1065 -1217 0
-1065 -1255 0
-1065 -1293 0
-1065 -1331 0
-1065 -1369 0
-1065 -1407 0
-1065 -1445 0
-1065 -1483 0
-1103 -1141 0
-1103 -1179 0
-1103 -1217 0
-1103 -1255 0
-1103 -1293 0
-1103 -1331 0
-1103 -1369 0
-1103 -1407 0
-1103 -1445 0
-1103 -1483 0
-1141 -1179 0
-1141 -1217 0
-1141 -1255 0
-1141 -1293 0
-1141 -1331 0
-1141 -1369 0
-1141 -1407 0
-1141 -1445 0
-1141 -1483 0
-1179 -1217 0
-1179 -1255 0
-1179 -1293 0
-1179 -1331 0
-1179 -1369 0
-1179 -1407 0
-1179 -1445 0
-1179 -1483 0
-1217 -1255 0
-1217 -1293 0
-1217 -1331 0
-1217 -1369 0
-1217 -1407 0
-1217 -1445 0
-1217 -1483 0
-1255 -1293 0
-1255 -1331 0
-1255 -1369 0
-1255 -1407 0
-1255 -1445 0
-1255 -1483 0
-1293 -1331 0
-1293 -1369 0
-1293 -1407 0
-1293 -1445 0
-1293 -1483 0
-1331 -1369 0
-1331 -1407 0
-1331 -1445 0
-1331 -1483 0
-1369 -1407 0
-1369 -1445 0
-1369 -1483 0
-1407 -1445 0
-1407 -1483 0
-1445 -1483 0
-78 -116 0
-78 -154 0
-78 -192 0
-78 -230 0
-78 -268 0
-78 -306 0
-78 -344 0
-78 -382 0
-78 -420 0
-78 -458 0
-78 -496 0
-78 -534 0
-78 -572 0
-78 -610 0
-78 -648 0
-78 -686 0
-78 -724 0
-78 -762 0
-78 -800 0
-78 -838 0
-78 -876 0
-78 -914 0
-78 -952 0
-78 -990 0
-78 -1028 0
-78 -1066 0
-78 -1104 0
-78 -1142 0
-78 -1180 0
-78 -1218 0
-78 -1256 0
-78 -1294 0
-78 -1332 0
-78 -1370 0
-78 -1408 0
-78 -1446 0
-78 -1484 0
-116 -154 0
-116 -192 0
-116 -230 0
-116 -268 0
-116 -306 0
-116 -344 0
-116 -382 0
-116 -420 0
-116 -458 0
-116 -496 0
-116 -534 0
-116 -572 0
-116 -610 0
-116 -648 0
-116 -686 0
-116 -724 0
-116 -762 0
-116 -800 0
-116 -838 0
-116 -876 0
-116 -914 0
-116 -952 0
-116 -990 0
-116 -1028 0
-116 -1066 0
-116 -1104 0
-116 -1142 0
-116 -1180 0
-116 -1218 0
-116 -1256 0
-116 -1294 0
-116 -1332 0
-116 -1370 0
-116 -1408 0
-116 -1446 0
-116 -1484 0
-154 -192 0
-154 -230 0
-154 -268 0
-154 -306 0
-154 -344 0
-154 -382 0
-154 -420 0
-154 -458 0
-154 -496 0
-154 -534 0
-154 -572 0
-154 -610 0
-154 -648 0
-154 -686 0
-154 -724 0
-154 -762 0
-154 -800 0
-154 -838 0
-154 -876 0
-154 -914 0
-154 -952 0
-154 -990 0
-154 -1028 0
-154 -1066 0
-154 -1104 0
-154 -1142 0
-154 -1180 0
-154 -1218 0
-154 -1256 0
-154 -1294 0
-154 -1332 0
-154 -1370 0
-154 -1408 0
-154 -1446 0
-154 -1484 0
-192 -230 0
-192 -268 0
-192 -306 0
-192 -344 0
-192 -382 0
-192 -420 0
-192 -458 0
-192 -496 0
-192 -534 0
-192 -572 0
-192 -610 0
-192 -648 0
-192 -686 0
-192 -724 0
-192 -762 0
-192 -800 0
-192 -838 0
-192 -876 0
-192 -914 0
-192 -952 0
-192 -990 0
-192 -1028 0
-192 -1066 0
-192 -1104 0
-192 -1142 0
-192 -1180 0
-192 -1218 0
-192 -1256 0
-192 -1294 0
-192 -1332 0
-192 -1370 0
-192 -1408 0
-192 -1446 0
-192 -1484 0
-230 -268 0
-230 -306 0
-230 -344 0
-230 -382 0
-230 -420 0
-230 -458 0
-230 -496 0
-230 -534 0
-230 -572 0
-230 -610 0
-230 -648 0
-230 -686 0
-230 -724 0
-230 -762 0
-230 -800 0
-230 -838 0
-230 -876 0
-230 -914 0
-230 -952 0
-230 -990 0
-230 -1028 0
-230 -1066 0
-230 -1104 0
-230 -1142 0
-230 -1180 0
-230 -1218 0
-230 -1256 0
-230 -1294 0
-230 -1332 0
-230 -1370 0
-230 -1408 0
-230 -1446 0
-230 -1484 0
-268 -306 0
-268 -344 0
-268 -382 0
-268 -420 0
-268 -458 0
-268 -496 0
-268 -534 0
-268 -572 0
-268 -610 0
-268 -648 0
-268 -686 0
-268 -724 0
-268 -762 0
-268 -800 0
-268 -838 0
-268 -876 0
-268 -914 0
-268 -952 0
-268 -990 0
-268 -1028 0
-268 -1066 0
-268 -1104 0
-268 -1142 0
-268 -1180 0
-268 -1218 0
-268 -1256 0
-268 -1294 0
-268 -1332 0
-268 -1370 0
-268 -1408 0
-268 -1446 0
-268 -1484 0
-306 -344 0
-306 -382 0
-306 -420 0
-306 -458 0
-306 -496 0
-306 -534 0
-306 -572 0
-306 -610 0
-306 -648 0
-306 -686 0
-306 -724 0
-306 -762 0
-306 -800 0
-306 -838 0
-306 -876 0
-306 -914 0
-306 -952 0
-306 -990 0
-306 -1028 0
-306 -1066 0
-306 -1104 0
-306 -1142 0
-306 -1180 0
-306 -1218 0
-306 -1256 0
-306 -1294 0
-306 -1332 0
-306 -1370 0
-306 -1408 0
-306 -1446 0
-306 -1484 0
-344 -382 0
-344 -420 0
-344 -458 0
-344 -496 0
-344 -534 0
-344 -572 0
-344 -610 0
-344 -648 0
-344 -686 0
-344 -724 0
-344 -762 0
-344 -800 0
-344 -838 0
-344 -876 0
-344 -914 0
-344 -952 0
-344 -990 0
-344 -1028 0
-344 -1066 0
-344 -1104 0
-344 -1142 0
-344 -1180 0
-344 -1218 0
-344 -1256 0
-344 -1294 0
-344 -1332 0
-344 -1370 0
-344 -1408 0
-344 -1446 0
-344 -1484 0
-382 -420 0
-382 -458 0
-382 -496 0
-382 -534 0
-382 -572 0
-382 -610 0
-382 -648 0
-382 -686 0
-382 -724 0
-382 -762 0
-382 -800 0
-382 -838 0
-382 -876 0
-382 -914 0
-382 -952 0
-382 -990 0
-382 -1028 0
-382 -1066 0
-382 -1104 0
-382 -1142 0
-382 -1180 0
-382 -1218 0
-382 -1256 0
-382 -1294 0
-382 -1332 0
-382 -1370 0
-382 -1408 0
-382 -1446 0
-382 -1484 0
-420 -458 0
-420 -496 0
-420 -534 0
-420 -572 0
-420 -610 0
-420 -648 0
-420 -686 0
-420 -724 0
-420 -762 0
-420 -800 0
-420 -838 0
-420 -876 0
-420 -914 0
-420 -952 0
-420 -990 0
-420 -1028 0
-420 -1066 0
-420 -1104 0
-420 -1142 0
-420 -1180 0
-420 -1218 0
-420 -1256 0
-420 -1294 0
-420 -1332 0
-420 -1370 0
-420 -1408 0
-420 -1446 0
-420 -1484 0
-458 -496 0
-458 -534 0
-458 -572 0
-458 -610 0
-458 -648 0
-458 -686 0
-458 -724 0
-458 -762 0
-458 -800 0
-458 -838 0
-458 -876 0
-458 -914 0
-458 -952 0
-458 -990 0
-458 -1028 0
-458 -1066 0
-458 -1104 0
-458 -1142 0
-458 -1180 0
-458 -1218 0
-458 -1256 0
-458 -1294 0
-458 -1332 0
-458 -1370 0
-458 -1408 0
-458 -1446 0
-458 -1484 0
-496 -534 0
-496 -572 0
-496 -610 0
-496 -648 0
-496 -686 0
-496 -724 0
-496 -762 0
-496 -800 0
-496 -838 0
-496 -876 0
-496 -914 0
-496 -952 0
-496 -990 0
-496 -1028 0
-496 -1066 0
-496 -1104 0
-496 -1142 0
-496 -1180 0
-496 -1218 0
-496 -1256 0
-496 -1294 0
-496 -1332 0
-496 -1370 0
-496 -1408 0
-496 -1446 0
-496 -1484 0
-534 -572 0
-534 -610 0
-534 -648 0
-534 -686 0
-534 -724 0
-534 -762 0
-534 -800 0
-534 -838 0
-534 -876 0
-534 -914 0
-534 -952 0
-534 -990 0
-534 -1028 0
-534 -1066 0
-534 -1104 0
-534 -1142 0
-534 -1180 0
-534 -1218 0
-534 -1256 0
-534 -1294 0
-534 -1332 0
-534 -1370 0
-534 -1408 0
-534 -1446 0
-534 -1484 0
-572 -610 0
-572 -648 0
-572 -686 0
-572 -724 0
-572 -762 0
-572 -800 0
-572 -838 0
-572 -876 0
-572 -914 0
-572 -952 0
-572 -990 0
-572 -1028 0
-572 -1066 0
-572 -1104 0
-572 -1142 0
-572 -1180 0
-572 -1218 0
-572 -1256 0
-572 -1294 0
-572 -1332 0
-572 -1370 0
-572 -1408 0
-572 -1446 0
-572 -1484 0
-610 -648 0
-610 -686 0
-610 -724 0
-610 -762 0
-610 -800 0
-610 -838 0
-610 -876 0
-610 -914 0
-610 -952 0
-610 -990 0
-610 -1028 0
-610 -1066 0
-610 -1104 0
-610 -1142 0
-610 -1180 0
-610 -1218 0
-610 -1256 0
-610 -1294 0
-610 -1332 0
-610 -1370 0
-610 -1408 0
-610 -1446 0
-610 -1484 0
-648 -686 0
-648 -724 0
-648 -762 0
-648 -800 0
-648 -838 0
-648 -876 0
-648 -914 0
-648 -952 0
-648 -990 0
-648 -1028 0
-648 -1066 0
-648 -1104 0
-648 -1142 0
-648 -1180 0
-648 -1218 0
-648 -1256 0
-648 -1294 0
-648 -1332 0
-648 -1370 0
-648 -1408 0
-648 -1446 0
-648 -1484 0
-686 -724 0
-686 -762 0
-686 -800 0
-686 -838 0
-686 -876 0
-686 -914 0
-686 -952 0
-686 -990 0
-686 -1028 0
-686 -1066 0
-686 -1104 0
-686 -1142 0
-686 -1180 0
-686 -1218 0
-686 -1256 0
-686 -1294 0
-686 -1332 0
-686 -1370 0
-686 -1408 0
-686 -1446 0
-686 -1484 0
-724 -762 0
-724 -800 0
-724 -838 0
-724 -876 0
-724 -914 0
-724 -952 0
-724 -990 0
-724 -1028 0
-724 -1066 0
-724 -1104 0
-724 -1142 0
-724 -1180 0
-724 -1218 0
-724 -1256 0
-724 -1294 0
-724 -1332 0
-724 -1370 0
-724 -1408 0
-724 -1446 0
-724 -1484 0
-762 -800 0
-762 -838 0
-762 -876 0
-762 -914 0
-762 -952 0
-762 -990 0
-762 -1028 0
-762 -1066 0
-762 -1104 0
-762 -1142 0
-762 -1180 0
-762 -1218 0
-762 -1256 0
-762 -1294 0
-762 -1332 0
-762 -1370 0
-762 -1408 0
-762 -1446 0
-762 -1484 0
-800 -838 0
-800 -876 0
-800 -914 0
-800 -952 0
-800 -990 0
-800 -1028 0
-800 -1066 0
-800 -1104 0
-800 -1142 0
-800 -1180 0
-800 -1218 0
-800 -1256 0
-800 -1294 0
-800 -1332 0
-800 -1370 0
-800 -1408 0
-800 -1446 0
-800 -1484 0
-838 -876 0
-838 -914 0
-838 -952 0
-838 -990 0
-838 -1028 0
-838 -1066 0
-838 -1104 0
-838 -1142 0
-838 -1180 0
-838 -1218 0
-838 -1256 0
-838 -1294 0
-838 -1332 0
-838 -1370 0
-838 -1408 0
-838 -1446 0
-838 -1484 0
-876 -914 0
-876 -952 0
-876 -990 0
-876 -1028 0
-876 -1066 0
-876 -1104 0
-876 -1142 0
-876 -1180 0
-876 -1218 0
-876 -1256 0
-876 -1294 0
-876 -1332 0
-876 -1370 0
-876 -1408 0
-876 -1446 0
-876 -1484 0
-914 -952 0
-914 -990 0
-914 -1028 0
-914 -1066 0
-914 -1104 0
-914 -1142 0
-914 -1180 0
-914 -1218 0
-914 -1256 0
-914 -1294 0
-914 -1332 0
-914 -1370 0
-914 -1408 0
-914 -1446 0
-914 -1484 0
-952 -990 0
-952 -1028 0
-952 -1066 0
-952 -1104 0
-952 -1142 0
-952 -1180 0
-952 -1218 0
-952 -1256 0
-952 -1294 0
-952 -1332 0
-952 -1370 0
-952 -1408 0
-952 -1446 0
-952 -1484 0
-990 -1028 0
-990 -1066 0
-990 -1104 0
-990 -1142 0
-990 -1180 0
-990 -1218 0
-990 -1256 0
-990 -1294 0
-990 -1332 0
-990 -1370 0
-990 -1408 0
-990 -1446 0
-990 -1484 0
-1028 -1066 0
-1028 -1104 0
-1028 -1142 0
-1028 -1180 0
-1028 -1218 0
-1028 -1256 0
-1028 -1294 0
-1028 -1332 0
-1028 -1370 0
-1028 -1408 0
-1028 -1446 0
-1028 -1484 0
-1066 -1104 0
-1066 -1142 0
-1066 -1180 0
-1066 -1218 0
-1066 -1256 0
-1066 -1294 0
-1066 -1332 0
-1066 -1370 0
-1066 -1408 0
-1066 -1446 0
-1066 -1484 0
-1104 -1142 0
-1104 -1180 0
-1104 -1218 0
-1104 -1256 0
-1104 -1294 0
-1104 -1332 0
-1104 -1370 0
-1104 -1408 0
-1104 -1446 0
-1104 -1484 0
-1142 -1180 0
-1142 -1218 0
-1142 -1256 0
-1142 -1294 0
-1142 -1332 0
-1142 -1370 0
-1142 -1408 0
-1142 -1446 0
-1142 -1484 0
-1180 -1218 0
-1180 -1256 0
-1180 -1294 0
-1180 -1332 0
-1180 -1370 0
-1180 -1408 0
-1180 -1446 0
-1180 -1484 0
-1218 -1256 0
-1218 -1294 0
-1218 -1332 0
-1218 -1370 0
-1218 -1408 0
-1218 -1446 0
-1218 -1484 0
-1256 -1294 0
-1256 -1332 0
-1256 -1370 0
-1256 -1408 0
-1256 -1446 0
-1256 -1484 0
-1294 -1332 0
-1294 -1370 0
-1294 -1408 0
-1294 -1446 0
-1294 -1484 0
-1332 -1370 0
-1332 -1408 0
-1332 -1446 0
-1332 -1484 0
-1370 -1408 0
-1370 -1446 0
-1370 -1484 0
-1408 -1446 0
-1408 -1484 0
-1446 -1484 0
-117 -155 0
-117 -193 0
-117 -231 0
-117 -269 0
-117 -307 0
-117 -345 0
-117 -383 0
-117 -421 0
-117 -459 0
-117 -497 0
-117 -535 0
-117 -573 0
-117 -611 0
-117 -649 0
-117 -687 0
-117 -725 0
-117 -763 0
-117 -801 0
-117 -839 0
-117 -877 0
-117 -915 0
-117 -953 0
-117 -991 0
-117 -1029 0
-117 -1067 0
-117 -1105 0
-117 -1143 0
-117 -1181 0
-117 -1219 0
-117 -1257 0
-117 -1295 0
-117 -1333 0
-117 -1371 0
-117 -1409 0
-117 -1447 0
-117 -1485 0
-155 -193 0
-155 -231 0
-155 -269 0
-155 -307 0
-155 -345 0
-155 -383 0
-155 -421 0
-155 -459 0
-155 -497 0
-155 -535 0
-155 -573 0
-155 -611 0
-155 -649 0
-155 -687 0
-155 -725 0
-155 -763 0
-155 -801 0
-155 -839 0
-155 -877 0
-155 -915 0
-155 -953 0
-155 -991 0
-155 -1029 0
-155 -1067 0
-155 -1105 0
-155 -1143 0
-155 -1181 0
-155 -1219 0
-155 -1257 0
-155 -1295 0
-155 -1333 0
-155 -1371 0
-155 -1409 0
-155 -1447 0
-155 -1485 0
-193 -231 0
-193 -269 0
-193 -307 0
-193 -345 0
-193 -383 0
-193 -421 0
-193 -459 0
-193 -497 0
-193 -535 0
-193 -573 0
-193 -611 0
-193 -649 0
-193 -687 0
-193 -725 0
-193 -763 0
-193 -801 0
-193 -839 0
-193 -877 0
-193 -915 0
-193 -953 0
-193 -991 0
-193 -1029 0
-193 -1067 0
-193 -1105 0
-193 -1143 0
-193 -1181 0
-193 -1219 0
-193 -1257 0
-193 -1295 0
-193 -1333 0
-193 -1371 0
-193 -1409 0
-193 -1447 0
-193 -1485 0
-231 -269 0
-231 -307 0
-231 -345 0
-231 -383 0
-231 -421 0
-231 -459 0
-231 -497 0
-231 -535 0
-231 -573 0
-231 -611 0
-231 -649 0
-231 -687 0
-231 -725 0
-231 -763 0
-231 -801 0
-231 -839 0
-231 -877 0
-231 -915 0
-231 -953 0
-231 -991 0
-231 -1029 0
-231 -1067 0
-231 -1105 0
-231 -1143 0
-231 -1181 0
-231 -1219 0
-231 -1257 0
-231 -1295 0
-231 -1333 0
-231 -1371 0
-231 -1409 0
-231 -1447 0
-231 -1485 0
-269 -307 0
-269 -345 0
-269 -383 0
-269 -421 0
-269 -459 0
-269 -497 0
-269 -535 0
-269 -573 0
-269 -611 0
-269 -649 0
-269 -687 0
-269 -725 0
-269 -763 0
-269 -801 0
-269 -839 0
-269 -877 0
-269 -915 0
-269 -953 0
-269 -991 0
-269 -1029 0
-269 -1067 0
-269 -1105 0
-269 -1143 0
-269 -1181 0
-269 -1219 0
-269 -1257 0
-269 -1295 0
-269 -1333 0
-269 -1371 0
-269 -1409 0
-269 -1447 0
-269 -1485 0
-307 -345 0
-307 -383 0
-307 -421 0
-307 -459 0
-307 -497 0
-307 -535 0
-307 -573 0
-307 -611 0
-307 -649 0
-307 -687 0
-307 -725 0
-307 -763 0
-307 -801 0
-307 -839 0
-307 -877 0
-307 -915 0
-307 -953 0
-307 -991 0
-307 -1029 0
-307 -1067 0
-307 -1105 0
-307 -1143 0
-307 -1181 0
-307 -1219 0
-307 -1257 0
-307 -1295 0
-307 -1333 0
-307 -1371 0
-307 -1409 0
-307 -1447 0
-307 -1485 0
-345 -383 0
-345 -421 0
-345 -459 0
-345 -497 0
-345 -535 0
-345 -573 0
-345 -611 0
-345 -649 0
-345 -687 0
-345 -725 0
-345 -763 0
-345 -801 0
-345 -839 0
-345 -877 0
-345 -915 0
-345 -953 0
-345 -991 0
-345 -1029 0
-345 -1067 0
-345 -1105 0
-345 -1143 0
-345 -1181 0
-345 -1219 0
-345 -1257 0
-345 -1295 0
-345 -1333 0
-345 -1371 0
-345 -1409 0
-345 -1447 0
-345 -1485 0
-383 -421 0
-383 -459 0
-383 -497 0
-383 -535 0
-383 -573 0
-383 -611 0
-383 -649 0
-383 -687 0
-383 -725 0
-383 -763 0
-383 -801 0
-383 -839 0
-383 -877 0
-383 -915 0
-383 -953 0
-383 -991 0
-383 -1029 0
-383 -1067 0
-383 -1105 0
-383 -1143 0
-383 -1181 0
-383 -1219 0
-383 -1257 0
-383 -1295 0
-383 -1333 0
-383 -1371 0
-383 -1409 0
-383 -1447 0
-383 -1485 0
-421 -459 0
-421 -497 0
-421 -535 0
-421 -573 0
-421 -611 0
-421 -649 0
-421 -687 0
-421 -725 0
-421 -763 0
-421 -801 0
-421 -839 0
-421 -877 0
-421 -915 0
-421 -953 0
-421 -991 0
-421 -1029 0
-421 -1067 0
-421 -1105 0
-421 -1143 0
-421 -1181 0
-421 -1219 0
-421 -1257 0
-421 -1295 0
-421 -1333 0
-421 -1371 0
-421 -1409 0
-421 -1447 0
-421 -1485 0
-459 -497 0
-459 -535 0
-459 -573 0
-459 -611 0
-459 -649 0
-459 -687 0
-459 -725 0
-459 -763 0
-459 -801 0
-459 -839 0
-459 -877 0
-459 -915 0
-459 -953 0
-459 -991 0
-459 -1029 0
-459 -1067 0
-459 -1105 0
-459 -1143 0
-459 -1181 0
-459 -1219 0
-459 -1257 0
-459 -1295 0
-459 -1333 0
-459 -1371 0
-459 -1409 0
-459 -1447 0
-459 -1485 0
-497 -535 0
-497 -573 0
-497 -611 0
-497 -649 0
-497 -687 0
-497 -725 0
-497 -763 0
-497 -801 0
-497 -839 0
-497 -877 0
-497 -915 0
-497 -953 0
-497 -991 0
-497 -1029 0
-497 -1067 0
-497 -1105 0
-497 -1143 0
-497 -1181 0
-497 -1219 0
-497 -1257 0
-497 -1295 0
-497 -1333 0
-497 -1371 0
-497 -1409 0
-497 -1447 0
-497 -1485 0
-535 -573 0
-535 -611 0
-535 -649 0
-535 -687 0
-535 -725 0
-535 -763 0
-535 -801 0
-535 -839 0
-535 -877 0
-535 -915 0
-535 -953 0
-535 -991 0
-535 -1029 0
-535 -1067 0
-535 -1105 0
-535 -1143 0
-535 -1181 0
-535 -1219 0
-535 -1257 0
-535 -1295 0
-535 -1333 0
-535 -1371 0
-535 -1409 0
-535 -1447 0
-535 -1485 0
-573 -611 0
-573 -649 0
-573 -687 0
-573 -725 0
-573 -763 0
-573 -801 0
-573 -839 0
-573 -877 0
-573 -915 0
-573 -953 0
-573 -991 0
-573 -1029 0
-573 -1067 0
-573 -1105 0
-573 -1143 0
-573 -1181 0
-573 -1219 0
-573 -1257 0
-573 -1295 0
-573 -1333 0
-573 -1371 0
-573 -1409 0
-573 -1447 0
-573 -1485 0
-611 -649 0
-611 -687 0
-611 -725 0
-611 -763 0
-611 -801 0
-611 -839 0
-611 -877 0
-611 -915 0
-611 -953 0
-611 -991 0
-611 -1029 0
-611 -1067 0
-611 -1105 0
-611 -1143 0
-611 -1181 0
-611 -1219 0
-611 -1257 0
-611 -1295 0
-611 -1333 0
-611 -1371 0
-611 -1409 0
-611 -1447 0
-611 -1485 0
-649 -687 0
-649 -725 0
-649 -763 0
-649 -801 0
-649 -839 0
-649 -877 0
-649 -915 0
-649 -953 0
-649 -991 0
-649 -1029 0
-649 -1067 0
-649 -1105 0
-649 -1143 0
-649 -1181 0
-649 -1219 0
-649 -1257 0
-649 -1295 0
-649 -1333 0
-649 -1371 0
-649 -1409 0
-649 -1447 0
-649 -1485 0
-687 -725 0
-687 -763 0
-687 -801 0
-687 -839 0
-687 -877 0
-687 -915 0
-687 -953 0
-687 -991 0
-687 -1029 0
-687 -1067 0
-687 -1105 0
-687 -1143 0
-687 -1181 0
-687 -1219 0
-687 -1257 0
-687 -1295 0
-687 -1333 0
-687 -1371 0
-687 -1409 0
-687 -1447 0
-687 -1485 0
-725 -763 0
-725 -801 0
-725 -839 0
-725 -877 0
-725 -915 0
-725 -953 0
-725 -991 0
-725 -1029 0
-725 -1067 0
-725 -1105 0
-725 -1143 0
-725 -1181 0
-725 -1219 0
-725 -1257 0
-725 -1295 0
-725 -1333 0
-725 -1371 0
-725 -1409 0
-725 -1447 0
-725 -1485 0
-763 -801 0
-763 -839 0
-763 -877 0
-763 -915 0
-763 -953 0
-763 -991 0
-763 -1029 0
-763 -1067 0
-763 -1105 0
-763 -1143 0
-763 -1181 0
-763 -1219 0
-763 -1257 0
-763 -1295 0
-763 -1333 0
-763 -1371 0
-763 -1409 0
-763 -1447 0
-763 -1485 0
-801 -839 0
-801 -877 0
-801 -915 0
-801 -953 0
-801 -991 0
-801 -1029 0
-801 -1067 0
-801 -1105 0
-801 -1143 0
-801 -1181 0
-801 -1219 0
-801 -1257 0
-801 -1295 0
-801 -1333 0
-801 -1371 0
-801 -1409 0
-801 -1447 0
-801 -1485 0
-839 -877 0
-839 -915 0
-839 -953 0
-839 -991 0
-839 -1029 0
-839 -1067 0
-839 -1105 0
-839 -1143 0
-839 -1181 0
-839 -1219 0
-839 -1257 0
-839 -1295 0
-839 -1333 0
-839 -1371 0
-839 -1409 0
-839 -1447 0
-839 -1485 0
-877 -915 0
-877 -953 0
-877 -991 0
-877 -1029 0
-877 -1067 0
-877 -1105 0
-877 -1143 0
-877 -1181 0
-877 -1219 0
-877 -1257 0
-877 -1295 0
-877 -1333 0
-877 -1371 0
-877 -1409 0
-877 -1447 0
-877 -1485 0
-915 -953 0
-915 -991 0
-915 -1029 0
-915 -1067 0
-915 -1105 0
-915 -1143 0
-915 -1181 0
-915 -1219 0
-915 -1257 0
-915 -1295 0
-915 -1333 0
-915 -1371 0
-915 -1409 0
-915 -1447 0
-915 -1485 0
-953 -991 0
-953 -1029 0
-953 -1067 0
-953 -1105 0
-953 -1143 0
-953 -1181 0
-953 -1219 0
-953 -1257 0
-953 -1295 0
-953 -1333 0
-953 -1371 0
-953 -1409 0
-953 -1447 0
-953 -1485 0
-991 -1029 0
-991 -1067 0
-991 -1105 0
-991 -1143 0
-991 -1181 0
-991 -1219 0
-991 -1257 0
-991 -1295 0
-991 -1333 0
-991 -1371 0
-991 -1409 0
-991 -1447 0
-991 -1485 0
-1029 -1067 0
-1029 -1105 0
-1029 -1143 0
-1029 -1181 0
-1029 -1219 0
-1029 -1257 0
-1029 -1295 0
-1029 -1333 0
-1029 -1371 0
-1029 -1409 0
-1029 -1447 0
-1029 -1485 0
-1067 -1105 0
-1067 -1143 0
-1067 -1181 0
-1067 -1219 0
-1067 -1257 0
-1067 -1295 0
-1067 -1333 0
-1067 -1371 0
-1067 -1409 0
-1067 -1447 0
-1067 -1485 0
-1105 -1143 0
-1105 -1181 0
-1105 -1219 0
-1105 -1257 0
-1105 -1295 0
-1105 -1333 0
-1105 -1371 0
-1105 -1409 0
-1105 -1447 0
-1105 -1485 0
-1143 -1181 0
-1143 -1219 0
-1143 -1257 0
-1143 -1295 0
-1143 -1333 0
-1143 -1371 0
-1143 -1409 0
-1143 -1447 0
-1143 -1485 0
-1181 -1219 0
-1181 -1257 0
-1181 -1295 0
-1181 -1333 0
-1181 -1371 0
-1181 -1409 0
-1181 -1447 0
-1181 -1485 0
-1219 -1257 0
-1219 -1295 0
-1219 -1333 0
-1219 -1371 0
-1219 -1409 0
-1219 -1447 0
-1219 -1485 0
-1257 -1295 0
-1257 -1333 0
-1257 -1371 0
-1257 -1409 0
-1257 -1447 0
-1257 -1485 0
-1295 -1333 0
-1295 -1371 0
-1295 -1409 0
-1295 -1447 0
-1295 -1485 0
-1333 -1371 0
-1333 -1409 0
-1333 -1447 0
-1333 -1485 0
-1371 -1409 0
-1371 -1447 0
-1371 -1485 0
-1409 -1447 0
-1409 -1485 0
-1447 -1485 0
-156 -194 0
-156 -232 0
-156 -270 0
-156 -308 0
-156 -346 0
-156 -384 0
-156 -422 0
-156 -460 0
-156 -498 0
-156 -536 0
-156 -574 0
-156 -612 0
-156 -650 0
-156 -688 0
-156 -726 0
-156 -764 0
-156 -802 0
-156 -840 0
-156 -878 0
-156 -916 0
-156 -954 0
-156 -992 0
-156 -1030 0
-156 -1068 0
-156 -1106 0
-156 -1144 0
-156 -1182 0
-156 -1220 0
-156 -1258 0
-156 -1296 0
-156 -1334 0
-156 -1372 0
-156 -1410 0
-156 -1448 0
-156 -1486 0
-194 -232 0
-194 -270 0
-194 -308 0
-194 -346 0
-194 -384 0
-194 -422 0
-194 -460 0
-194 -498 0
-194 -536 0
-194 -574 0
-194 -612 0
-194 -650 0
-194 -688 0
-194 -726 0
-194 -764 0
-194 -802 0
-194 -840 0
-194 -878 0
-194 -916 0
-194 -954 0
-194 -992 0
-194 -1030 0
-194 -1068 0
-194 -1106 0
-194 -1144 0
-194 -1182 0
-194 -1220 0
-194 -1258 0
-194 -1296 0
-194 -1334 0
-194 -1372 0
-194 -1410 0
-194 -1448 0
-194 -1486 0
-232 -270 0
-232 -308 0
-232 -346 0
-232 -384 0
-232 -422 0
-232 -460 0
-232 -498 0
-232 -536 0
-232 -574 0
-232 -612 0
-232 -650 0
-232 -688 0
-232 -726 0
-232 -764 0
-232 -802 0
-232 -840 0
-232 -878 0
-232 -916 0
-232 -954 0
-232 -992 0
-232 -1030 0
-232 -1068 0
-232 -1106 0
-232 -1144 0
-232 -1182 0
-232 -1220 0
-232 -1258 0
-232 -1296 0
-232 -1334 0
-232 -1372 0
-232 -1410 0
-232 -1448 0
-232 -1486 0
-270 -308 0
-270 -346 0
-270 -384 0
-270 -422 0
-270 -460 0
-270 -498 0
-270 -536 0
-270 -574 0
-270 -612 0
-270 -650 0
-270 -688 0
-270 -726 0
-270 -764 0
-270 -802 0
-270 -840 0
-270 -878 0
-270 -916 0
-270 -954 0
-270 -992 0
-270 -1030 0
-270 -1068 0
-270 -1106 0
-270 -1144 0
-270 -1182 0
-270 -1220 0
-270 -1258 0
-270 -1296 0
-270 -1334 0
-270 -1372 0
-270 -1410 0
-270 -1448 0
-270 -1486 0
-308 -346 0
-308 -384 0
-308 -422 0
-308 -460 0
-308 -498 0
-308 -536 0
-308 -574 0
-308 -612 0
-308 -650 0
-308 -688 0
-308 -726 0
-308 -764 0
-308 -802 0
-308 -840 0
-308 -878 0
-308 -916 0
-308 -954 0
-308 -992 0
-308 -1030 0
-308 -1068 0
-308 -1106 0
-308 -1144 0
-308 -1182 0
-308 -1220 0
-308 -1258 0
-308 -1296 0
-308 -1334 0
-308 -1372 0
-308 -1410 0
-308 -1448 0
-308 -1486 0
-346 -384 0
-346 -422 0
-346 -460 0
-346 -498 0
-346 -536 0
-346 -574 0
-346 -612 0
-346 -650 0
-346 -688 0
-346 -726 0
-346 -764 0
-346 -802 0
-346 -840 0
-346 -878 0
-346 -916 0
-346 -954 0
-346 -992 0
-346 -1030 0
-346 -1068 0
-346 -1106 0
-346 -1144 0
-346 -1182 0
-346 -1220 0
-346 -1258 0
-346 -1296 0
-346 -1334 0
-346 -1372 0
-346 -1410 0
-346 -1448 0
-346 -1486 0
-384 -422 0
-384 -460 0
-384 -498 0
-384 -536 0
-384 -574 0
-384 -612 0
-384 -650 0
-384 -688 0
-384 -726 0
-384 -764 0
-384 -802 0
-384 -840 0
-384 -878 0
-384 -916 0
-384 -954 0
-384 -992 0
-384 -1030 0
-384 -1068 0
-384 -1106 0
-384 -1144 0
-384 -1182 0
-384 -1220 0
-384 -1258 0
-384 -1296 0
-384 -1334 0
-384 -1372 0
-384 -1410 0
-384 -1448 0
-384 -1486 0
-422 -460 0
-422 -498 0
-422 -536 0
-422 -574 0
-422 -612 0
-422 -650 0
-422 -688 0
-422 -726 0
-422 -764 0
-422 -802 0
-422 -840 0
-422 -878 0
-422 -916 0
-422 -954 0
-422 -992 0
-422 -1030 0
-422 -1068 0
-422 -1106 0
-422 -1144 0
-422 -1182 0
-422 -1220 0
-422 -1258 0
-422 -1296 0
-422 -1334 0
-422 -1372 0
-422 -1410 0
-422 -1448 0
-422 -1486 0
-460 -498 0
-460 -536 0
-460 -574 0
-460 -612 0
-460 -650 0
-460 -688 0
-460 -726 0
-460 -764 0
-460 -802 0
-460 -840 0
-460 -878 0
-460 -916 0
-460 -954 0
-460 -992 0
-460 -1030 0
-460 -1068 0
-460 -1106 0
-460 -1144 0
-460 -1182 0
-460 -1220 0
-460 -1258 0
-460 -1296 0
-460 -1334 0
-460 -1372 0
-460 -1410 0
-460 -1448 0
-460 -1486 0
-498 -536 0
-498 -574 0
-498 -612 0
-498 -650 0
-498 -688 0
-498 -726 0
-498 -764 0
-498 -802 0
-498 -840 0
-498 -878 0
-498 -916 0
-498 -954 0
-498 -992 0
-498 -1030 0
-498 -1068 0
-498 -1106 0
-498 -1144 0
-498 -1182 0
-498 -1220 0
-498 -1258 0
-498 -1296 0
-498 -1334 0
-498 -1372 0
-498 -1410 0
-498 -1448 0
-498 -1486 0
-536 -574 0
-536 -612 0
-536 -650 0
-536 -688 0
-536 -726 0
-536 -764 0
-536 -802 0
-536 -840 0
-536 -878 0
-536 -916 0
-536 -954 0
-536 -992 0
-536 -1030 0
-536 -1068 0
-536 -1106 0
-536 -1144 0
-536 -1182 0
-536 -1220 0
-536 -1258 0
-536 -1296 0
-536 -1334 0
-536 -1372 0
-536 -1410 0
-536 -1448 0
-536 -1486 0
-574 -612 0
-574 -650 0
-574 -688 0
-574 -726 0
-574 -764 0
-574 -802 0
-574 -840 0
-574 -878 0
-574 -916 0
-574 -954 0
-574 -992 0
-574 -1030 0
-574 -1068 0
-574 -1106 0
-574 -1144 0
-574 -1182 0
-574 -1220 0
-574 -1258 0
-574 -1296 0
-574 -1334 0
-574 -1372 0
-574 -1410 0
-574 -1448 0
-574 -1486 0
-612 -650 0
-612 -688 0
-612 -726 0
-612 -764 0
-612 -802 0
-612 -840 0
-612 -878 0
-612 -916 0
-612 -954 0
-612 -992 0
-612 -1030 0
-612 -1068 0
-612 -1106 0
-612 -1144 0
-612 -1182 0
-612 -1220 0
-612 -1258 0
-612 -1296 0
-612 -1334 0
-612 -1372 0
-612 -1410 0
-612 -1448 0
-612 -1486 0
-650 -688 0
-650 -726 0
-650 -764 0
-650 -802 0
-650 -840 0
-650 -878 0
-650 -916 0
-650 -954 0
-650 -992 0
-650 -1030 0
-650 -1068 0
-650 -1106 0
-650 -1144 0
-650 -1182 0
-650 -1220 0
-650 -1258 0
-650 -1296 0
-650 -1334 0
-650 -1372 0
-650 -1410 0
-650 -1448 0
-650 -1486 0
-688 -726 0
-688 -764 0
-688 -802 0
-688 -840 0
-688 -878 0
-688 -916 0
-688 -954 0
-688 -992 0
-688 -1030 0
-688 -1068 0
-688 -1106 0
-688 -1144 0
-688 -1182 0
-688 -1220 0
-688 -1258 0
-688 -1296 0
-688 -1334 0
-688 -1372 0
-688 -1410 0
-688 -1448 0
-688 -1486 0
-726 -764 0
-726 -802 0
-726 -840 0
-726 -878 0
-726 -916 0
-726 -954 0
-726 -992 0
-726 -1030 0
-726 -1068 0
-726 -1106 0
-726 -1144 0
-726 -1182 0
-726 -1220 0
-726 -1258 0
-726 -1296 0
-726 -1334 0
-726 -1372 0
-726 -1410 0
-726 -1448 0
-726 -1486 0
-764 -802 0
-764 -840 0
-764 -878 0
-764 -916 0
-764 -954 0
-764 -992 0
-764 -1030 0
-764 -1068 0
-764 -1106 0
-764 -1144 0
-764 -1182 0
-764 -1220 0
-764 -1258 0
-764 -1296 0
-764 -1334 0
-764 -1372 0
-764 -1410 0
-764 -1448 0
-764 -1486 0
-802 -840 0
-802 -878 0
-802 -916 0
-802 -954 0
-802 -992 0
-802 -1030 0
-802 -1068 0
-802 -1106 0
-802 -1144 0
-802 -1182 0
-802 -1220 0
-802 -1258 0
-802 -1296 0
-802 -1334 0
-802 -1372 0
-802 -1410 0
-802 -1448 0
-802 -1486 0
-840 -878 0
-840 -916 0
-840 -954 0
-840 -992 0
-840 -1030 0
-840 -1068 0
-840 -1106 0
-840 -1144 0
-840 -1182 0
-840 -1220 0
-840 -1258 0
-840 -1296 0
-840 -1334 0
-840 -1372 0
-840 -1410 0
-840 -1448 0
-840 -1486 0
-878 -916 0
-878 -954 0
-878 -992 0
-878 -1030 0
-878 -1068 0
-878 -1106 0
-878 -1144 0
-878 -1182 0
-878 -1220 0
-878 -1258 0
-878 -1296 0
-878 -1334 0
-878 -1372 0
-878 -1410 0
-878 -1448 0
-878 -1486 0
-916 -954 0
-916 -992 0
-916 -1030 0
-916 -1068 0
-916 -1106 0
-916 -1144 0
-916 -1182 0
-916 -1220 0
-916 -1258 0
-916 -1296 0
-916 -1334 0
-916 -1372 0
-916 -1410 0
-916 -1448 0
-916 -1486 0
-954 -992 0
-954 -1030 0
-954 -1068 0
-954 -1106 0
-954 -1144 0
-954 -1182 0
-954 -1220 0
-954 -1258 0
-954 -1296 0
-954 -1334 0
-954 -1372 0
-954 -1410 0
-954 -1448 0
-954 -1486 0
-992 -1030 0
-992 -1068 0
-992 -1106 0
-992 -1144 0
-992 -1182 0
-992 -1220 0
-992 -1258 0
-992 -1296 0
-992 -1334 0
-992 -1372 0
-992 -1410 0
-992 -1448 0
-992 -1486 0
-1030 -1068 0
-1030 -1106 0
-1030 -1144 0
-1030 -1182 0
-1030 -1220 0
-1030 -1258 0
-1030 -1296 0
-1030 -1334 0
-1030 -1372 0
-1030 -1410 0
-1030 -1448 0
-1030 -1486 0
-1068 -1106 0
-1068 -1144 0
-1068 -1182 0
-1068 -1220 0
-1068 -1258 0
-1068 -1296 0
-1068 -1334 0
-1068 -1372 0
-1068 -1410 0
-1068 -1448 0
-1068 -1486 0
-1106 -1144 0
-1106 -1182 0
-1106 -1220 0
-1106 -1258 0
-1106 -1296 0
-1106 -1334 0
-1106 -1372 0
-1106 -1410 0
-1106 -1448 0
-1106 -1486 0
-1144 -1182 0
-1144 -1220 0
-1144 -1258 0
-1144 -1296 0
-1144 -1334 0
-1144 -1372 0
-1144 -1410 0
-1144 -1448 0
-1144 -1486 0
-1182 -1220 0
-1182 -1258 0
-1182 -1296 0
-1182 -1334 0
-1182 -1372 0
-1182 -1410 0
-1182 -1448 0
-1182 -1486 0
-1220 -1258 0
-1220 -1296 0
-1220 -1334 0
-1220 -1372 0
-1220 -1410 0
-1220 -1448 0
-1220 -1486 0
-1258 -1296 0
-1258 -1334 0
-1258 -1372 0
-1258 -1410 0
-1258 -1448 0
-1258 -1486 0
-1296 -1334 0
-1296 -1372 0
-1296 -1410 0
-1296 -1448 0
-1296 -1486 0
-1334 -1372 0
-1334 -1410 0
-1334 -1448 0
-1334 -1486 0
-1372 -1410 0
-1372 -1448 0
-1372 -1486 0
-1410 -1448 0
-1410 -1486 0
-1448 -1486 0
-195 -233 0
-195 -271 0
-195 -309 0
-195 -347 0
-195 -385 0
-195 -423 0
-195 -461 0
-195 -499 0
-195 -537 0
-195 -575 0
-195 -613 0
-195 -651 0
-195 -689 0
-195 -727 0
-195 -765 0
-195 -803 0
-195 -841 0
-195 -879 0
-195 -917 0
-195 -955 0
-195 -993 0
-195 -1031 0
-195 -1069 0
-195 -1107 0
-195 -1145 0
-195 -1183 0
-195 -1221 0
-195 -1259 0
-195 -1297 0
-195 -1335 0
-195 -1373 0
-195 -1411 0
-195 -1449 0
-195 -1487 0
-233 -271 0
-233 -309 0
-233 -347 0
-233 -385 0
-233 -423 0
-233 -461 0
-233 -499 0
-233 -537 0
-233 -575 0
-233 -613 0
-233 -651 0
-233 -689 0
-233 -727 0
-233 -765 0
-233 -803 0
-233 -841 0
-233 -879 0
-233 -917 0
-233 -955 0
-233 -993 0
-233 -1031 0
-233 -1069 0
-233 -1107 0
-233 -1145 0
-233 -1183 0
-233 -1221 0
-233 -1259 0
-233 -1297 0
-233 -1335 0
-233 -1373 0
-233 -1411 0
-233 -1449 0
-233 -1487 0
-271 -309 0
-271 -347 0
-271 -385 0
-271 -423 0
-271 -461 0
-271 -499 0
-271 -537 0
-271 -575 0
-271 -613 0
-271 -651 0
-271 -689 0
-271 -727 0
-271 -765 0
-271 -803 0
-271 -841 0
-271 -879 0
-271 -917 0
-271 -955 0
-271 -993 0
-271 -1031 0
-271 -1069 0
-271 -1107 0
-271 -1145 0
-271 -1183 0
-271 -1221 0
-271 -1259 0
-271 -1297 0
-271 -1335 0
-271 -1373 0
-271 -1411 0
-271 -1449 0
-271 -1487 0
-309 -347 0
-309 -385 0
-309 -423 0
-309 -461 0
-309 -499 0
-309 -537 0
-309 -575 0
-309 -613 0
-309 -651 0
-309 -689 0
-309 -727 0
-309 -765 0
-309 -803 0
-309 -841 0
-309 -879 0
-309 -917 0
-309 -955 0
-309 -993 0
-309 -1031 0
-309 -1069 0
-309 -1107 0
-309 -1145 0
-309 -1183 0
-309 -1221 0
-309 -1259 0
-309 -1297 0
-309 -1335 0
-309 -1373 0
-309 -1411 0
-309 -1449 0
-309 -1487 0
-347 -385 0
-347 -423 0
-347 -461 0
-347 -499 0
-347 -537 0
-347 -575 0
-347 -613 0
-347 -651 0
-347 -689 0
-347 -727 0
-347 -765 0
-347 -803 0
-347 -841 0
-347 -879 0
-347 -917 0
-347 -955 0
-347 -993 0
-347 -1031 0
-347 -1069 0
-347 -1107 0
-347 -1145 0
-347 -1183 0
-347 -1221 0
-347 -1259 0
-347 -1297 0
-347 -1335 0
-347 -1373 0
-347 -1411 0
-347 -1449 0
-347 -1487 0
-385 -423 0
-385 -461 0
-385 -499 0
-385 -537 0
-385 -575 0
-385 -613 0
-385 -651 0
-385 -689 0
-385 -727 0
-385 -765 0
-385 -803 0
-385 -841 0
-385 -879 0
-385 -917 0
-385 -955 0
-385 -993 0
-385 -1031 0
-385 -1069 0
-385 -1107 0
-385 -1145 0
-385 -1183 0
-385 -1221 0
-385 -1259 0
-385 -1297 0
-385 -1335 0
-385 -1373 0
-385 -1411 0
-385 -1449 0
-385 -1487 0
-423 -461 0
-423 -499 0
-423 -537 0
-423 -575 0
-423 -613 0
-423 -651 0
-423 -689 0
-423 -727 0
-423 -765 0
-423 -803 0
-423 -841 0
-423 -879 0
-423 -917 0
-423 -955 0
-423 -993 0
-423 -1031 0
-423 -1069 0
-423 -1107 0
-423 -1145 0
-423 -1183 0
-423 -1221 0
-423 -1259 0
-423 -1297 0
-423 -1335 0
-423 -1373 0
-423 -1411 0
-423 -1449 0
-423 -1487 0
-461 -499 0
-461 -537 0
-461 -575 0
-461 -613 0
-461 -651 0
-461 -689 0
-461 -727 0
-461 -765 0
-461 -803 0
-461 -841 0
-461 -879 0
-461 -917 0
-461 -955 0
-461 -993 0
-461 -1031 0
-461 -1069 0
-461 -1107 0
-461 -1145 0
-461 -1183 0
-461 -1221 0
-461 -1259 0
-461 -1297 0
-461 -1335 0
-461 -1373 0
-461 -1411 0
-461 -1449 0
-461 -1487 0
-499 -537 0
-499 -575 0
-499 -613 0
-499 -651 0
-499 -689 0
-499 -727 0
-499 -765 0
-499 -803 0
-499 -841 0
-499 -879 0
-499 -917 0
-499 -955 0
-499 -993 0
-499 -1031 0
-499 -1069 0
-499 -1107 0
-499 -1145 0
-499 -1183 0
-499 -1221 0
-499 -1259 0
-499 -1297 0
-499 -1335 0
-499 -1373 0
-499 -1411 0
-499 -1449 0
-499 -1487 0
-537 -575 0
-537 -613 0
-537 -651 0
-537 -689 0
-537 -727 0
-537 -765 0
-537 -803 0
-537 -841 0
-537 -879 0
-537 -917 0
-537 -955 0
-537 -993 0
-537 -1031 0
-537 -1069 0
-537 -1107 0
-537 -1145 0
-537 -1183 0
-537 -1221 0
-537 -1259 0
-537 -1297 0
-537 -1335 0
-537 -1373 0
-537 -1411 0
-537 -1449 0
-537 -1487 0
-575 -613 0
-575 -651 0
-575 -689 0
-575 -727 0
-575 -765 0
-575 -803 0
-575 -841 0
-575 -879 0
-575 -917 0
-575 -955 0
-575 -993 0
-575 -1031 0
-575 -1069 0
-575 -1107 0
-575 -1145 0
-575 -1183 0
-575 -1221 0
-575 -1259 0
-575 -1297 0
-575 -1335 0
-575 -1373 0
-575 -1411 0
-575 -1449 0
-575 -1487 0
-613 -651 0
-613 -689 0
-613 -727 0
-613 -765 0
-613 -803 0
-613 -841 0
-613 -879 0
-613 -917 0
-613 -955 0
-613 -993 0
-613 -1031 0
-613 -1069 0
-613 -1107 0
-613 -1145 0
-613 -1183 0
-613 -1221 0
-613 -1259 0
-613 -1297 0
-613 -1335 0
-613 -1373 0
-613 -1411 0
-613 -1449 0
-613 -1487 0
-651 -689 0
-651 -727 0
-651 -765 0
-651 -803 0
-651 -841 0
-651 -879 0
-651 -917 0
-651 -955 0
-651 -993 0
-651 -1031 0
-651 -1069 0
-651 -1107 0
-651 -1145 0
-651 -1183 0
-651 -1221 0
-651 -1259 0
-651 -1297 0
-651 -1335 0
-651 -1373 0
-651 -1411 0
-651 -1449 0
-651 -1487 0
-689 -727 0
-689 -765 0
-689 -803 0
-689 -841 0
-689 -879 0
-689 -917 0
-689 -955 0
-689 -993 0
-689 -1031 0
-689 -1069 0
-689 -1107 0
-689 -1145 0
-689 -1183 0
-689 -1221 0
-689 -1259 0
-689 -1297 0
-689 -1335 0
-689 -1373 0
-689 -1411 0
-689 -1449 0
-689 -1487 0
-727 -765 0
-727 -803 0
-727 -841 0
-727 -879 0
-727 -917 0
-727 -955 0
-727 -993 0
-727 -1031 0
-727 -1069 0
-727 -1107 0
-727 -1145 0
-727 -1183 0
-727 -1221 0
-727 -1259 0
-727 -1297 0
-727 -1335 0
-727 -1373 0
-727 -1411 0
-727 -1449 0
-727 -1487 0
-765 -803 0
-765 -841 0
-765 -879 0
-765 -917 0
-765 -955 0
-765 -993 0
-765 -1031 0
-765 -1069 0
-765 -1107 0
-765 -1145 0
-765 -1183 0
-765 -1221 0
-765 -1259 0
-765 -1297 0
-765 -1335 0
-765 -1373 0
-765 -1411 0
-765 -1449 0
-765 -1487 0
-803 -841 0
-803 -879 0
-803 -917 0
-803 -955 0
-803 -993 0
-803 -1031 0
-803 -1069 0
-803 -1107 0
-803 -1145 0
-803 -1183 0
-803 -1221 0
-803 -1259 0
-803 -1297 0
-803 -1335 0
-803 -1373 0
-803 -1411 0
-803 -1449 0
-803 -1487 0
-841 -879 0
-841 -917 0
-841 -955 0
-841 -993 0
-841 -1031 0
-841 -1069 0
-841 -1107 0
-841 -1145 0
-841 -1183 0
-841 -1221 0
-841 -1259 0
-841 -1297 0
-841 -1335 0
-841 -1373 0
-841 -1411 0
-841 -1449 0
-841 -1487 0
-879 -917 0
-879 -955 0
-879 -993 0
-879 -1031 0
-879 -1069 0
-879 -1107 0
-879 -1145 0
-879 -1183 0
-879 -1221 0
-879 -1259 0
-879 -1297 0
-879 -1335 0
-879 -1373 0
-879 -1411 0
-879 -1449 0
-879 -1487 0
-917 -955 0
-917 -993 0
-917 -1031 0
-917 -1069 0
-917 -1107 0
-917 -1145 0
-917 -1183 0
-917 -1221 0
-917 -1259 0
-917 -1297 0
-917 -1335 0
-917 -1373 0
-917 -1411 0
-917 -1449 0
-917 -1487 0
-955 -993 0
-955 -1031 0
-955 -1069 0
-955 -1107 0
-955 -1145 0
-955 -1183 0
-955 -1221 0
-955 -1259 0
-955 -1297 0
-955 -1335 0
-955 -1373 0
-955 -1411 0
-955 -1449 0
-955 -1487 0
-993 -1031 0
-993 -1069 0
-993 -1107 0
-993 -1145 0
-993 -1183 0
-993 -1221 0
-993 -1259 0
-993 -1297 0
-993 -1335 0
-993 -1373 0
-993 -1411 0
-993 -1449 0
-993 -1487 0
-1031 -1069 0
-1031 -1107 0
-1031 -1145 0
-1031 -1183 0
-1031 -1221 0
-1031 -1259 0
-1031 -1297 0
-1031 -1335 0
-1031 -1373 0
-1031 -1411 0
-1031 -1449 0
-1031 -1487 0
-1069 -1107 0
-1069 -1145 0
-1069 -1183 0
-1069 -1221 0
-1069 -1259 0
-1069 -1297 0
-1069 -1335 0
-1069 -1373 0
-1069 -1411 0
-1069 -1449 0
-1069 -1487 0
-1107 -1145 0
-1107 -1183 0
-1107 -1221 0
-1107 -1259 0
-1107 -1297 0
-1107 -1335 0
-1107 -1373 0
-1107 -1411 0
-1107 -1449 0
-1107 -1487 0
-1145 -1183 0
-1145 -1221 0
-1145 -1259 0
-1145 -1297 0
-1145 -1335 0
-1145 -1373 0
-1145 -1411 0
-1145 -1449 0
-1145 -1487 0
-1183 -1221 0
-1183 -1259 0
-1183 -1297 0
-1183 -1335 0
-1183 -1373 0
-1183 -1411 0
-1183 -1449 0
-1183 -1487 0
-1221 -1259 0
-1221 -1297 0
-1221 -1335 0
-1221 -1373 0
-1221 -1411 0
-1221 -1449 0
-1221 -1487 0
-1259 -1297 0
-1259 -1335 0
-1259 -1373 0
-1259 -1411 0
-1259 -1449 0
-1259 -1487 0
-1297 -1335 0
-1297 -1373 0
-1297 -1411 0
-1297 -1449 0
-1297 -1487 0
-1335 -1373 0
-1335 -1411 0
-1335 -1449 0
-1335 -1487 0
-1373 -1411 0
-1373 -1449 0
-1373 -1487 0
-1411 -1449 0
-1411 -1487 0
-1449 -1487 0
-234 -272 0
-234 -310 0
-234 -348 0
-234 -386 0
-234 -424 0
-234 -462 0
-234 -500 0
-234 -538 0
-234 -576 0
-234 -614 0
-234 -652 0
-234 -690 0
-234 -728 0
-234 -766 0
-234 -804 0
-234 -842 0
-234 -880 0
-234 -918 0
-234 -956 0
-234 -994 0
-234 -1032 0
-234 -1070 0
-234 -1108 0
-234 -1146 0
-234 -1184 0
-234 -1222 0
-234 -1260 0
-234 -1298 0
-234 -1336 0
-234 -1374 0
-234 -1412 0
-234 -1450 0
-234 -1488 0
-272 -310 0
-272 -348 0
-272 -386 0
-272 -424 0
-272 -462 0
-272 -500 0
-272 -538 0
-272 -576 0
-272 -614 0
-272 -652 0
-272 -690 0
-272 -728 0
-272 -766 0
-272 -804 0
-272 -842 0
-272 -880 0
-272 -918 0
-272 -956 0
-272 -994 0
-272 -1032 0
-272 -1070 0
-272 -1108 0
-272 -1146 0
-272 -1184 0
-272 -1222 0
-272 -1260 0
-272 -1298 0
-272 -1336 0
-272 -1374 0
-272 -1412 0
-272 -1450 0
-272 -1488 0
-310 -348 0
-310 -386 0
-310 -424 0
-310 -462 0
-310 -500 0
-310 -538 0
-310 -576 0
-310 -614 0
-310 -652 0
-310 -690 0
-310 -728 0
-310 -766 0
-310 -804 0
-310 -842 0
-310 -880 0
-310 -918 0
-310 -956 0
-310 -994 0
-310 -1032 0
-310 -1070 0
-310 -1108 0
-310 -1146 0
-310 -1184 0
-310 -1222 0
-310 -1260 0
-310 -1298 0
-310 -1336 0
-310 -1374 0
-310 -1412 0
-310 -1450 0
-310 -1488 0
-348 -386 0
-348 -424 0
-348 -462 0
-348 -500 0
-348 -538 0
-348 -576 0
-348 -614 0
-348 -652 0
-348 -690 0
-348 -728 0
-348 -766 0
-348 -804 0
-348 -842 0
-348 -880 0
-348 -918 0
-348 -956 0
-348 -994 0
-348 -1032 0
-348 -1070 0
-348 -1108 0
-348 -1146 0
-348 -1184 0
-348 -1222 0
-348 -1260 0
-348 -1298 0
-348 -1336 0
-348 -1374 0
-348 -1412 0
-348 -1450 0
-348 -1488 0
-386 -424 0
-386 -462 0
-386 -500 0
-386 -538 0
-386 -576 0
-386 -614 0
-386 -652 0
-386 -690 0
-386 -728 0
-386 -766 0
-386 -804 0
-386 -842 0
-386 -880 0
-386 -918 0
-386 -956 0
-386 -994 0
-386 -1032 0
-386 -1070 0
-386 -1108 0
-386 -1146 0
-386 -1184 0
-386 -1222 0
-386 -1260 0
-386 -1298 0
-386 -1336 0
-386 -1374 0
-386 -1412 0
-386 -1450 0
-386 -1488 0
-424 -462 0
-424 -500 0
-424 -538 0
-424 -576 0
-424 -614 0
-424 -652 0
-424 -690 0
-424 -728 0
-424 -766 0
-424 -804 0
-424 -842 0
-424 -880 0
-424 -918 0
-424 -956 0
-424 -994 0
-424 -1032 0
-424 -1070 0
-424 -1108 0
-424 -1146 0
-424 -1184 0
-424 -1222 0
-424 -1260 0
-424 -1298 0
-424 -1336 0
-424 -1374 0
-424 -1412 0
-424 -1450 0
-424 -1488 0
-462 -500 0
-462 -538 0
-462 -576 0
-462 -614 0
-462 -652 0
-462 -690 0
-462 -728 0
-462 -766 0
-462 -804 0
-462 -842 0
-462 -880 0
-462 -918 0
-462 -956 0
-462 -994 0
-462 -1032 0
-462 -1070 0
-462 -1108 0
-462 -1146 0
-462 -1184 0
-462 -1222 0
-462 -1260 0
-462 -1298 0
-462 -1336 0
-462 -1374 0
-462 -1412 0
-462 -1450 0
-462 -1488 0
-500 -538 0
-500 -576 0
-500 -614 0
-500 -652 0
-500 -690 0
-500 -728 0
-500 -766 0
-500 -804 0
-500 -842 0
-500 -880 0
-500 -918 0
-500 -956 0
-500 -994 0
-500 -1032 0
-500 -1070 0
-500 -1108 0
-500 -1146 0
-500 -1184 0
-500 -1222 0
-500 -1260 0
-500 -1298 0
-500 -1336 0
-500 -1374 0
-500 -1412 0
-500 -1450 0
-500 -1488 0
-538 -576 0
-538 -614 0
-538 -652 0
-538 -690 0
-538 -728 0
-538 -766 0
-538 -804 0
-538 -842 0
-538 -880 0
-538 -918 0
-538 -956 0
-538 -994 0
-538 -1032 0
-538 -1070 0
-538 -1108 0
-538 -1146 0
-538 -1184 0
-538 -1222 0
-538 -1260 0
-538 -1298 0
-538 -1336 0
-538 -1374 0
-538 -1412 0
-538 -1450 0
-538 -1488 0
-576 -614 0
-576 -652 0
-576 -690 0
-576 -728 0
-576 -766 0
-576 -804 0
-576 -842 0
-576 -880 0
-576 -918 0
-576 -956 0
-576 -994 0
-576 -1032 0
-576 -1070 0
-576 -1108 0
-576 -1146 0
-576 -1184 0
-576 -1222 0
-576 -1260 0
-576 -1298 0
-576 -1336 0
-576 -1374 0
-576 -1412 0
-576 -1450 0
-576 -1488 0
-614 -652 0
-614 -690 0
-614 -728 0
-614 -766 0
-614 -804 0
-614 -842 0
-614 -880 0
-614 -918 0
-614 -956 0
-614 -994 0
-614 -1032 0
-614 -1070 0
-614 -1108 0
-614 -1146 0
-614 -1184 0
-614 -1222 0
-614 -1260 0
-614 -1298 0
-614 -1336 0
-614 -1374 0
-614 -1412 0
-614 -1450 0
-614 -1488 0
-652 -690 0
-652 -728 0
-652 -766 0
-652 -804 0
-652 -842 0
-652 -880 0
-652 -918 0
-652 -956 0
-652 -994 0
-652 -1032 0
-652 -1070 0
-652 -1108 0
-652 -1146 0
-652 -1184 0
-652 -1222 0
-652 -1260 0
-652 -1298 0
-652 -1336 0
-652 -1374 0
-652 -1412 0
-652 -1450 0
-652 -1488 0
-690 -728 0
-690 -766 0
-690 -804 0
-690 -842 0
-690 -880 0
-690 -918 0
-690 -956 0
-690 -994 0
-690 -1032 0
-690 -1070 0
-690 -1108 0
-690 -1146 0
-690 -1184 0
-690 -1222 0
-690 -1260 0
-690 -1298 0
-690 -1336 0
-690 -1374 0
-690 -1412 0
-690 -1450 0
-690 -1488 0
-728 -766 0
-728 -804 0
-728 -842 0
-728 -880 0
-728 -918 0
-728 -956 0
-728 -994 0
-728 -1032 0
-728 -1070 0
-728 -1108 0
-728 -1146 0
-728 -1184 0
-728 -1222 0
-728 -1260 0
-728 -1298 0
-728 -1336 0
-728 -1374 0
-728 -1412 0
-728 -1450 0
-728 -1488 0
-766 -804 0
-766 -842 0
-766 -880 0
-766 -918 0
-766 -956 0
-766 -994 0
-766 -1032 0
-766 -1070 0
-766 -1108 0
-766 -1146 0
-766 -1184 0
-766 -1222 0
-766 -1260 0
-766 -1298 0
-766 -1336 0
-766 -1374 0
-766 -1412 0
-766 -1450 0
-766 -1488 0
-804 -842 0
-804 -880 0
-804 -918 0
-804 -956 0
-804 -994 0
-804 -1032 0
-804 -1070 0
-804 -1108 0
-804 -1146 0
-804 -1184 0
-804 -1222 0
-804 -1260 0
-804 -1298 0
-804 -1336 0
-804 -1374 0
-804 -1412 0
-804 -1450 0
-804 -1488 0
-842 -880 0
-842 -918 0
-842 -956 0
-842 -994 0
-842 -1032 0
-842 -1070 0
-842 -1108 0
-842 -1146 0
-842 -1184 0
-842 -1222 0
-842 -1260 0
-842 -1298 0
-842 -1336 0
-842 -1374 0
-842 -1412 0
-842 -1450 0
-842 -1488 0
-880 -918 0
-880 -956 0
-880 -994 0
-880 -1032 0
-880 -1070 0
-880 -1108 0
-880 -1146 0
-880 -1184 0
-880 -1222 0
-880 -1260 0
-880 -1298 0
-880 -1336 0
-880 -1374 0
-880 -1412 0
-880 -1450 0
-880 -1488 0
-918 -956 0
-918 -994 0
-918 -1032 0
-918 -1070 0
-918 -1108 0
-918 -1146 0
-918 -1184 0
-918 -1222 0
-918 -1260 0
-918 -1298 0
-918 -1336 0
-918 -1374 0
-918 -1412 0
-918 -1450 0
-918 -1488 0
-956 -994 0
-956 -1032 0
-956 -1070 0
-956 -1108 0
-956 -1146 0
-956 -1184 0
-956 -1222 0
-956 -1260 0
-956 -1298 0
-956 -1336 0
-956 -1374 0
-956 -1412 0
-956 -1450 0
-956 -1488 0
-994 -1032 0
-994 -1070 0
-994 -1108 0
-994 -1146 0
-994 -1184 0
-994 -1222 0
-994 -1260 0
-994 -1298 0
-994 -1336 0
-994 -1374 0
-994 -1412 0
-994 -1450 0
-994 -1488 0
-1032 -1070 0
-1032 -1108 0
-1032 -1146 0
-1032 -1184 0
-1032 -1222 0
-1032 -1260 0
-1032 -1298 0
-1032 -1336 0
-1032 -1374 0
-1032 -1412 0
-1032 -1450 0
-1032 -1488 0
-1070 -1108 0
-1070 -1146 0
-1070 -1184 0
-1070 -1222 0
-1070 -1260 0
-1070 -1298 0
-1070 -1336 0
-1070 -1374 0
-1070 -1412 0
-1070 -1450 0
-1070 -1488 0
-1108 -1146 0
-1108 -1184 0
-1108 -1222 0
-1108 -1260 0
-1108 -1298 0
-1108 -1336 0
-1108 -1374 0
-1108 -1412 0
-1108 -1450 0
-1108 -1488 0
-1146 -1184 0
-1146 -1222 0
-1146 -1260 0
-1146 -1298 0
-1146 -1336 0
-1146 -1374 0
-1146 -1412 0
-1146 -1450 0
-1146 -1488 0
-1184 -1222 0
-1184 -1260 0
-1184 -1298 0
-1184 -1336 0
-1184 -1374 0
-1184 -1412 0
-1184 -1450 0
-1184 -1488 0
-1222 -1260 0
-1222 -1298 0
-1222 -1336 0
-1222 -1374 0
-1222 -1412 0
-1222 -1450 0
-1222 -1488 0
-1260 -1298 0
-1260 -1336 0
-1260 -1374 0
-1260 -1412 0
-1260 -1450 0
-1260 -1488 0
-1298 -1336 0
-1298 -1374 0
-1298 -1412 0
-1298 -1450 0
-1298 -1488 0
-1336 -1374 0
-1336 -1412 0
-1336 -1450 0
-1336 -1488 0
-1374 -1412 0
-1374 -1450 0
-1374 -1488 0
-1412 -1450 0
-1412 -1488 0
-1450 -1488 0
-273 -311 0
-273 -349 0
-273 -387 0
-273 -425 0
-273 -463 0
-273 -501 0
-273 -539 0
-273 -577 0
-273 -615 0
-273 -653 0
-273 -691 0
-273 -729 0
-273 -767 0
-273 -805 0
-273 -843 0
-273 -881 0
-273 -919 0
-273 -957 0
-273 -995 0
-273 -1033 0
-273 -1071 0
-273 -1109 0
-273 -1147 0
-273 -1185 0
-273 -1223 0
-273 -1261 0
-273 -1299 0
-273 -1337 0
-273 -1375 0
-273 -1413 0
-273 -1451 0
-273 -1489 0
-311 -349 0
-311 -387 0
-311 -425 0
-311 -463 0
-311 -501 0
-311 -539 0
-311 -577 0
-311 -615 0
-311 -653 0
-311 -691 0
-311 -729 0
-311 -767 0
-311 -805 0
-311 -843 0
-311 -881 0
-311 -919 0
-311 -957 0
-311 -995 0
-311 -1033 0
-311 -1071 0
-311 -1109 0
-311 -1147 0
-311 -1185 0
-311 -1223 0
-311 -1261 0
-311 -1299 0
-311 -1337 0
-311 -1375 0
-311 -1413 0
-311 -1451 0
-311 -1489 0
-349 -387 0
-349 -425 0
-349 -463 0
-349 -501 0
-349 -539 0
-349 -577 0
-349 -615 0
-349 -653 0
-349 -691 0
-349 -729 0
-349 -767 0
-349 -805 0
-349 -843 0
-349 -881 0
-349 -919 0
-349 -957 0
-349 -995 0
-349 -1033 0
-349 -1071 0
-349 -1109 0
-349 -1147 0
-349 -1185 0
-349 -1223 0
-349 -1261 0
-349 -1299 0
-349 -1337 0
-349 -1375 0
-349 -1413 0
-349 -1451 0
-349 -1489 0
-387 -425 0
-387 -463 0
-387 -501 0
-387 -539 0
-387 -577 0
-387 -615 0
-387 -653 0
-387 -691 0
-387 -729 0
-387 -767 0
-387 -805 0
-387 -843 0
-387 -881 0
-387 -919 0
-387 -957 0
-387 -995 0
-387 -1033 0
-387 -1071 0
-387 -1109 0
-387 -1147 0
-387 -1185 0
-387 -1223 0
-387 -1261 0
-387 -1299 0
-387 -1337 0
-387 -1375 0
-387 -1413 0
-387 -1451 0
-387 -1489 0
-425 -463 0
-425 -501 0
-425 -539 0
-425 -577 0
-425 -615 0
-425 -653 0
-425 -691 0
-425 -729 0
-425 -767 0
-425 -805 0
-425 -843 0
-425 -881 0
-425 -919 0
-425 -957 0
-425 -995 0
-425 -1033 0
-425 -1071 0
-425 -1109 0
-425 -1147 0
-425 -1185 0
-425 -1223 0
-425 -1261 0
-425 -1299 0
-425 -1337 0
-425 -1375 0
-425 -1413 0
-425 -1451 0
-425 -1489 0
-463 -501 0
-463 -539 0
-463 -577 0
-463 -615 0
-463 -653 0
-463 -691 0
-463 -729 0
-463 -767 0
-463 -805 0
-463 -843 0
-463 -881 0
-463 -919 0
-463 -957 0
-463 -995 0
-463 -1033 0
-463 -1071 0
-463 -1109 0
-463 -1147 0
-463 -1185 0
-463 -1223 0
-463 -1261 0
-463 -1299 0
-463 -1337 0
-463 -1375 0
-463 -1413 0
-463 -1451 0
-463 -1489 0
-501 -539 0
-501 -577 0
-501 -615 0
-501 -653 0
-501 -691 0
-501 -729 0
-501 -767 0
-501 -805 0
-501 -843 0
-501 -881 0
-501 -919 0
-501 -957 0
-501 -995 0
-501 -1033 0
-501 -1071 0
-501 -1109 0
-501 -1147 0
-501 -1185 0
-501 -1223 0
-501 -1261 0
-501 -1299 0
-501 -1337 0
-501 -1375 0
-501 -1413 0
-501 -1451 0
-501 -1489 0
-539 -577 0
-539 -615 0
-539 -653 0
-539 -691 0
-539 -729 0
-539 -767 0
-539 -805 0
-539 -843 0
-539 -881 0
-539 -919 0
-539 -957 0
-539 -995 0
-539 -1033 0
-539 -1071 0
-539 -1109 0
-539 -1147 0
-539 -1185 0
-539 -1223 0
-539 -1261 0
-539 -1299 0
-539 -1337 0
-539 -1375 0
-539 -1413 0
-539 -1451 0
-539 -1489 0
-577 -615 0
-577 -653 0
-577 -691 0
-577 -729 0
-577 -767 0
-577 -805 0
-577 -843 0
-577 -881 0
-577 -919 0
-577 -957 0
-577 -995 0
-577 -1033 0
-577 -1071 0
-577 -1109 0
-577 -1147 0
-577 -1185 0
-577 -1223 0
-577 -1261 0
-577 -1299 0
-577 -1337 0
-577 -1375 0
-577 -1413 0
-577 -1451 0
-577 -1489 0
-615 -653 0
-615 -691 0
-615 -729 0
-615 -767 0
-615 -805 0
-615 -843 0
-615 -881 0
-615 -919 0
-615 -957 0
-615 -995 0
-615 -1033 0
-615 -1071 0
-615 -1109 0
-615 -1147 0
-615 -1185 0
-615 -1223 0
-615 -1261 0
-615 -1299 0
-615 -1337 0
-615 -1375 0
-615 -1413 0
-615 -1451 0
-615 -1489 0
-653 -691 0
-653 -729 0
-653 -767 0
-653 -805 0
-653 -843 0
-653 -881 0
-653 -919 0
-653 -957 0
-653 -995 0
-653 -1033 0
-653 -1071 0
-653 -1109 0
-653 -1147 0
-653 -1185 0
-653 -1223 0
-653 -1261 0
-653 -1299 0
-653 -1337 0
-653 -1375 0
-653 -1413 0
-653 -1451 0
-653 -1489 0
-691 -729 0
-691 -767 0
-691 -805 0
-691 -843 0
-691 -881 0
-691 -919 0
-691 -957 0
-691 -995 0
-691 -1033 0
-691 -1071 0
-691 -1109 0
-691 -1147 0
-691 -1185 0
-691 -1223 0
-691 -1261 0
-691 -1299 0
-691 -1337 0
-691 -1375 0
-691 -1413 0
-691 -1451 0
-691 -1489 0
-729 -767 0
-729 -805 0
-729 -843 0
-729 -881 0
-729 -919 0
-729 -957 0
-729 -995 0
-729 -1033 0
-729 -1071 0
-729 -1109 0
-729 -1147 0
-729 -1185 0
-729 -1223 0
-729 -1261 0
-729 -1299 0
-729 -1337 0
-729 -1375 0
-729 -1413 0
-729 -1451 0
-729 -1489 0
-767 -805 0
-767 -843 0
-767 -881 0
-767 -919 0
-767 -957 0
-767 -995 0
-767 -1033 0
-767 -1071 0
-767 -1109 0
-767 -1147 0
-767 -1185 0
-767 -1223 0
-767 -1261 0
-767 -1299 0
-767 -1337 0
-767 -1375 0
-767 -1413 0
-767 -1451 0
-767 -1489 0
-805 -843 0
-805 -881 0
-805 -919 0
-805 -957 0
-805 -995 0
-805 -1033 0
-805 -1071 0
-805 -1109 0
-805 -1147 0
-805 -1185 0
-805 -1223 0
-805 -1261 0
-805 -1299 0
-805 -1337 0
-805 -1375 0
-805 -1413 0
-805 -1451 0
-805 -1489 0
-843 -881 0
-843 -919 0
-843 -957 0
-843 -995 0
-843 -1033 0
-843 -1071 0
-843 -1109 0
-843 -1147 0
-843 -1185 0
-843 -1223 0
-843 -1261 0
-843 -1299 0
-843 -1337 0
-843 -1375 0
-843 -1413 0
-843 -1451 0
-843 -1489 0
-881 -919 0
-881 -957 0
-881 -995 0
-881 -1033 0
-881 -1071 0
-881 -1109 0
-881 -1147 0
-881 -1185 0
-881 -1223 0
-881 -1261 0
-881 -1299 0
-881 -1337 0
-881 -1375 0
-881 -1413 0
-881 -1451 0
-881 -1489 0
-919 -957 0
-919 -995 0
-919 -1033 0
-919 -1071 0
-919 -1109 0
-919 -1147 0
-919 -1185 0
-919 -1223 0
-919 -1261 0
-919 -1299 0
-919 -1337 0
-919 -1375 0
-919 -1413 0
-919 -1451 0
-919 -1489 0
-957 -995 0
-957 -1033 0
-957 -1071 0
-957 -1109 0
-957 -1147 0
-957 -1185 0
-957 -1223 0
-957 -1261 0
-957 -1299 0
-957 -1337 0
-957 -1375 0
-957 -1413 0
-957 -1451 0
-957 -1489 0
-995 -1033 0
-995 -1071 0
-995 -1109 0
-995 -1147 0
-995 -1185 0
-995 -1223 0
-995 -1261 0
-995 -1299 0
-995 -1337 0
-995 -1375 0
-995 -1413 0
-995 -1451 0
-995 -1489 0
-1033 -1071 0
-1033 -1109 0
-1033 -1147 0
-1033 -1185 0
-1033 -1223 0
-1033 -1261 0
-1033 -1299 0
-1033 -1337 0
-1033 -1375 0
-1033 -1413 0
-1033 -1451 0
-1033 -1489 0
-1071 -1109 0
-1071 -1147 0
-1071 -1185 0
-1071 -1223 0
-1071 -1261 0
-1071 -1299 0
-1071 -1337 0
-1071 -1375 0
-1071 -1413 0
-1071 -1451 0
-1071 -1489 0
-1109 -1147 0
-1109 -1185 0
-1109 -1223 0
-1109 -1261 0
-1109 -1299 0
-1109 -1337 0
-1109 -1375 0
-1109 -1413 0
-1109 -1451 0
-1109 -1489 0
-1147 -1185 0
-1147 -1223 0
-1147 -1261 0
-1147 -1299 0
-1147 -1337 0
-1147 -1375 0
-1147 -1413 0
-1147 -1451 0
-1147 -1489 0
-1185 -1223 0
-1185 -1261 0
-1185 -1299 0
-1185 -1337 0
-1185 -1375 0
-1185 -1413 0
-1185 -1451 0
-1185 -1489 0
-1223 -1261 0
-1223 -1299 0
-1223 -1337 0
-1223 -1375 0
-1223 -1413 0
-1223 -1451 0
-1223 -1489 0
-1261 -1299 0
-1261 -1337 0
-1261 -1375 0
-1261 -1413 0
-1261 -1451 0
-1261 -1489 0
-1299 -1337 0
-1299 -1375 0
-1299 -1413 0
-1299 -1451 0
-1299 -1489 0
-1337 -1375 0
-1337 -1413 0
-1337 -1451 0
-1337 -1489 0
-1375 -1413 0
-1375 -1451 0
-1375 -1489 0
-1413 -1451 0
-1413 -1489 0
-1451 -1489 0
-312 -350 0
-312 -388 0
-312 -426 0
-312 -464 0
-312 -502 0
-312 -540 0
-312 -578 0
-312 -616 0
-312 -654 0
-312 -692 0
-312 -730 0
-312 -768 0
-312 -806 0
-312 -844 0
-312 -882 0
-312 -920 0
-312 -958 0
-312 -996 0
-312 -1034 0
-312 -1072 0
-312 -1110 0
-312 -1148 0
-312 -1186 0
-312 -1224 0
-312 -1262 0
-312 -1300 0
-312 -1338 0
-312 -1376 0
-312 -1414 0
-312 -1452 0
-312 -1490 0
-350 -388 0
-350 -426 0
-350 -464 0
-350 -502 0
-350 -540 0
-350 -578 0
-350 -616 0
-350 -654 0
-350 -692 0
-350 -730 0
-350 -768 0
-350 -806 0
-350 -844 0
-350 -882 0
-350 -920 0
-350 -958 0
-350 -996 0
-350 -1034 0
-350 -1072 0
-350 -1110 0
-350 -1148 0
-350 -1186 0
-350 -1224 0
-350 -1262 0
-350 -1300 0
-350 -1338 0
-350 -1376 0
-350 -1414 0
-350 -1452 0
-350 -1490 0
-388 -426 0
-388 -464 0
-388 -502 0
-388 -540 0
-388 -578 0
-388 -616 0
-388 -654 0
-388 -692 0
-388 -730 0
-388 -768 0
-388 -806 0
-388 -844 0
-388 -882 0
-388 -920 0
-388 -958 0
-388 -996 0
-388 -1034 0
-388 -1072 0
-388 -1110 0
-388 -1148 0
-388 -1186 0
-388 -1224 0
-388 -1262 0
-388 -1300 0
-388 -1338 0
-388 -1376 0
-388 -1414 0
-388 -1452 0
-388 -1490 0
-426 -464 0
-426 -502 0
-426 -540 0
-426 -578 0
-426 -616 0
-426 -654 0
-426 -692 0
-426 -730 0
-426 -768 0
-426 -806 0
-426 -844 0
-426 -882 0
-426 -920 0
-426 -958 0
-426 -996 0
-426 -1034 0
-426 -1072 0
-426 -1110 0
-426 -1148 0
-426 -1186 0
-426 -1224 0
-426 -1262 0
-426 -1300 0
-426 -1338 0
-426 -1376 0
-426 -1414 0
-426 -1452 0
-426 -1490 0
-464 -502 0
-464 -540 0
-464 -578 0
-464 -616 0
-464 -654 0
-464 -692 0
-464 -730 0
-464 -768 0
-464 -806 0
-464 -844 0
-464 -882 0
-464 -920 0
-464 -958 0
-464 -996 0
-464 -1034 0
-464 -1072 0
-464 -1110 0
-464 -1148 0
-464 -1186 0
-464 -1224 0
-464 -1262 0
-464 -1300 0
-464 -1338 0
-464 -1376 0
-464 -1414 0
-464 -1452 0
-464 -1490 0
-502 -540 0
-502 -578 0
-502 -616 0
-502 -654 0
-502 -692 0
-502 -730 0
-502 -768 0
-502 -806 0
-502 -844 0
-502 -882 0
-502 -920 0
-502 -958 0
-502 -996 0
-502 -1034 0
-502 -1072 0
-502 -1110 0
-502 -1148 0
-502 -1186 0
-502 -1224 0
-502 -1262 0
-502 -1300 0
-502 -1338 0
-502 -1376 0
-502 -1414 0
-502 -1452 0
-502 -1490 0
-540 -578 0
-540 -616 0
-540 -654 0
-540 -692 0
-540 -730 0
-540 -768 0
-540 -806 0
-540 -844 0
-540 -882 0
-540 -920 0
-540 -958 0
-540 -996 0
-540 -1034 0
-540 -1072 0
-540 -1110 0
-540 -1148 0
-540 -1186 0
-540 -1224 0
-540 -1262 0
-540 -1300 0
-540 -1338 0
-540 -1376 0
-540 -1414 0
-540 -1452 0
-540 -1490 0
-578 -616 0
-578 -654 0
-578 -692 0
-578 -730 0
-578 -768 0
-578 -806 0
-578 -844 0
-578 -882 0
-578 -920 0
-578 -958 0
-578 -996 0
-578 -1034 0
-578 -1072 0
-578 -1110 0
-578 -1148 0
-578 -1186 0
-578 -1224 0
-578 -1262 0
-578 -1300 0
-578 -1338 0
-578 -1376 0
-578 -1414 0
-578 -1452 0
-578 -1490 0
-616 -654 0
-616 -692 0
-616 -730 0
-616 -768 0
-616 -806 0
-616 -844 0
-616 -882 0
-616 -920 0
-616 -958 0
-616 -996 0
-616 -1034 0
-616 -1072 0
-616 -1110 0
-616 -1148 0
-616 -1186 0
-616 -1224 0
-616 -1262 0
-616 -1300 0
-616 -1338 0
-616 -1376 0
-616 -1414 0
-616 -1452 0
-616 -1490 0
-654 -692 0
-654 -730 0
-654 -768 0
-654 -806 0
-654 -844 0
-654 -882 0
-654 -920 0
-654 -958 0
-654 -996 0
-654 -1034 0
-654 -1072 0
-654 -1110 0
-654 -1148 0
-654 -1186 0
-654 -1224 0
-654 -1262 0
-654 -1300 0
-654 -1338 0
-654 -1376 0
-654 -1414 0
-654 -1452 0
-654 -1490 0
-692 -730 0
-692 -768 0
-692 -806 0
-692 -844 0
-692 -882 0
-692 -920 0
-692 -958 0
-692 -996 0
-692 -1034 0
-692 -1072 0
-692 -1110 0
-692 -1148 0
-692 -1186 0
-692 -1224 0
-692 -1262 0
-692 -1300 0
-692 -1338 0
-692 -1376 0
-692 -1414 0
-692 -1452 0
-692 -1490 0
-730 -768 0
-730 -806 0
-730 -844 0
-730 -882 0
-730 -920 0
-730 -958 0
-730 -996 0
-730 -1034 0
-730 -1072 0
-730 -1110 0
-730 -1148 0
-730 -1186 0
-730 -1224 0
-730 -1262 0
-730 -1300 0
-730 -1338 0
-730 -1376 0
-730 -1414 0
-730 -1452 0
-730 -1490 0
-768 -806 0
-768 -844 0
-768 -882 0
-768 -920 0
-768 -958 0
-768 -996 0
-768 -1034 0
-768 -1072 0
-768 -1110 0
-768 -1148 0
-768 -1186 0
-768 -1224 0
-768 -1262 0
-768 -1300 0
-768 -1338 0
-768 -1376 0
-768 -1414 0
-768 -1452 0
-768 -1490 0
-806 -844 0
-806 -882 0
-806 -920 0
-806 -958 0
-806 -996 0
-806 -1034 0
-806 -1072 0
-806 -1110 0
-806 -1148 0
-806 -1186 0
-806 -1224 0
-806 -1262 0
-806 -1300 0
-806 -1338 0
-806 -1376 0
-806 -1414 0
-806 -1452 0
-806 -1490 0
-844 -882 0
-844 -920 0
-844 -958 0
-844 -996 0
-844 -1034 0
-844 -1072 0
-844 -1110 0
-844 -1148 0
-844 -1186 0
-844 -1224 0
-844 -1262 0
-844 -1300 0
-844 -1338 0
-844 -1376 0
-844 -1414 0
-844 -1452 0
-844 -1490 0
-882 -920 0
-882 -958 0
-882 -996 0
-882 -1034 0
-882 -1072 0
-882 -1110 0
-882 -1148 0
-882 -1186 0
-882 -1224 0
-882 -1262 0
-882 -1300 0
-882 -1338 0
-882 -1376 0
-882 -1414 0
-882 -1452 0
-882 -1490 0
-920 -958 0
-920 -996 0
-920 -1034 0
-920 -1072 0
-920 -1110 0
-920 -1148 0
-920 -1186 0
-920 -1224 0
-920 -1262 0
-920 -1300 0
-920 -1338 0
-920 -1376 0
-920 -1414 0
-920 -1452 0
-920 -1490 0
-958 -996 0
-958 -1034 0
-958 -1072 0
-958 -1110 0
-958 -1148 0
-958 -1186 0
-958 -1224 0
-958 -1262 0
-958 -1300 0
-958 -1338 0
-958 -1376 0
-958 -1414 0
-958 -1452 0
-958 -1490 0
-996 -1034 0
-996 -1072 0
-996 -1110 0
-996 -1148 0
-996 -1186 0
-996 -1224 0
-996 -1262 0
-996 -1300 0
-996 -1338 0
-996 -1376 0
-996 -1414 0
-996 -1452 0
-996 -1490 0
-1034 -1072 0
-1034 -1110 0
-1034 -1148 0
-1034 -1186 0
-1034 -1224 0
-1034 -1262 0
-1034 -1300 0
-1034 -1338 0
-1034 -1376 0
-1034 -1414 0
-1034 -1452 0
-1034 -1490 0
-1072 -1110 0
-1072 -1148 0
-1072 -1186 0
-1072 -1224 0
-1072 -1262 0
-1072 -1300 0
-1072 -1338 0
-1072 -1376 0
-1072 -1414 0
-1072 -1452 0
-1072 -1490 0
-1110 -1148 0
-1110 -1186 0
-1110 -1224 0
-1110 -1262 0
-1110 -1300 0
-1110 -1338 0
-1110 -1376 0
-1110 -1414 0
-1110 -1452 0
-1110 -1490 0
-1148 -1186 0
-1148 -1224 0
-1148 -1262 0
-1148 -1300 0
-1148 -1338 0
-1148 -1376 0
-1148 -1414 0
-1148 -1452 0
-1148 -1490 0
-1186 -1224 0
-1186 -1262 0
-1186 -1300 0
-1186 -1338 0
-1186 -1376 0
-1186 -1414 0
-1186 -1452 0
-1186 -1490 0
-1224 -1262 0
-1224 -1300 0
-1224 -1338 0
-1224 -1376 0
-1224 -1414 0
-1224 -1452 0
-1224 -1490 0
-1262 -1300 0
-1262 -1338 0
-1262 -1376 0
-1262 -1414 0
-1262 -1452 0
-1262 -1490 0
-1300 -1338 0
-1300 -1376 0
-1300 -1414 0
-1300 -1452 0
-1300 -1490 0
-1338 -1376 0
-1338 -1414 0
-1338 -1452 0
-1338 -1490 0
-1376 -1414 0
-1376 -1452 0
-1376 -1490 0
-1414 -1452 0
-1414 -1490 0
-1452 -1490 0
-351 -389 0
-351 -427 0
-351 -465 0
-351 -503 0
-351 -541 0
-351 -579 0
-351 -617 0
-351 -655 0
-351 -693 0
-351 -731 0
-351 -769 0
-351 -807 0
-351 -845 0
-351 -883 0
-351 -921 0
-351 -959 0
-351 -997 0
-351 -1035 0
-351 -1073 0
-351 -1111 0
-351 -1149 0
-351 -1187 0
-351 -1225 0
-351 -1263 0
-351 -1301 0
-351 -1339 0
-351 -1377 0
-351 -1415 0
-351 -1453 0
-351 -1491 0
-389 -427 0
-389 -465 0
-389 -503 0
-389 -541 0
-389 -579 0
-389 -617 0
-389 -655 0
-389 -693 0
-389 -731 0
-389 -769 0
-389 -807 0
-389 -845 0
-389 -883 0
-389 -921 0
-389 -959 0
-389 -997 0
-389 -1035 0
-389 -1073 0
-389 -1111 0
-389 -1149 0
-389 -1187 0
-389 -1225 0
-389 -1263 0
-389 -1301 0
-389 -1339 0
-389 -1377 0
-389 -1415 0
-389 -1453 0
-389 -1491 0
-427 -465 0
-427 -503 0
-427 -541 0
-427 -579 0
-427 -617 0
-427 -655 0
-427 -693 0
-427 -731 0
-427 -769 0
-427 -807 0
-427 -845 0
-427 -883 0
-427 -921 0
-427 -959 0
-427 -997 0
-427 -1035 0
-427 -1073 0
-427 -1111 0
-427 -1149 0
-427 -1187 0
-427 -1225 0
-427 -1263 0
-427 -1301 0
-427 -1339 0
-427 -1377 0
-427 -1415 0
-427 -1453 0
-427 -1491 0
-465 -503 0
-465 -541 0
-465 -579 0
-465 -617 0
-465 -655 0
-465 -693 0
-465 -731 0
-465 -769 0
-465 -807 0
-465 -845 0
-465 -883 0
-465 -921 0
-465 -959 0
-465 -997 0
-465 -1035 0
-465 -1073 0
-465 -1111 0
-465 -1149 0
-465 -1187 0
-465 -1225 0
-465 -1263 0
-465 -1301 0
-465 -1339 0
-465 -1377 0
-465 -1415 0
-465 -1453 0
-465 -1491 0
-503 -541 0
-503 -579 0
-503 -617 0
-503 -655 0
-503 -693 0
-503 -731 0
-503 -769 0
-503 -807 0
-503 -845 0
-503 -883 0
-503 -921 0
-503 -959 0
-503 -997 0
-503 -1035 0
-503 -1073 0
-503 -1111 0
-503 -1149 0
-503 -1187 0
-503 -1225 0
-503 -1263 0
-503 -1301 0
-503 -1339 0
-503 -1377 0
-503 -1415 0
-503 -1453 0
-503 -1491 0
-541 -579 0
-541 -617 0
-541 -655 0
-541 -693 0
-541 -731 0
-541 -769 0
-541 -807 0
-541 -845 0
-541 -883 0
-541 -921 0
-541 -959 0
-541 -997 0
-541 -1035 0
-541 -1073 0
-541 -1111 0
-541 -1149 0
-541 -1187 0
-541 -1225 0
-541 -1263 0
-541 -1301 0
-541 -1339 0
-541 -1377 0
-541 -1415 0
-541 -1453 0
-541 -1491 0
-579 -617 0
-579 -655 0
-579 -693 0
-579 -731 0
-579 -769 0
-579 -807 0
-579 -845 0
-579 -883 0
-579 -921 0
-579 -959 0
-579 -997 0
-579 -1035 0
-579 -1073 0
-579 -1111 0
-579 -1149 0
-579 -1187 0
-579 -1225 0
-579 -1263 0
-579 -1301 0
-579 -1339 0
-579 -1377 0
-579 -1415 0
-579 -1453 0
-579 -1491 0
-617 -655 0
-617 -693 0
-617 -731 0
-617 -769 0
-617 -807 0
-617 -845 0
-617 -883 0
-617 -921 0
-617 -959 0
-617 -997 0
-617 -1035 0
-617 -1073 0
-617 -1111 0
-617 -1149 0
-617 -1187 0
-617 -1225 0
-617 -1263 0
-617 -1301 0
-617 -1339 0
-617 -1377 0
-617 -1415 0
-617 -1453 0
-617 -1491 0
-655 -693 0
-655 -731 0
-655 -769 0
-655 -807 0
-655 -845 0
-655 -883 0
-655 -921 0
-655 -959 0
-655 -997 0
-655 -1035 0
-655 -1073 0
-655 -1111 0
-655 -1149 0
-655 -1187 0
-655 -1225 0
-655 -1263 0
-655 -1301 0
-655 -1339 0
-655 -1377 0
-655 -1415 0
-655 -1453 0
-655 -1491 0
-693 -731 0
-693 -769 0
-693 -807 0
-693 -845 0
-693 -883 0
-693 -921 0
-693 -959 0
-693 -997 0
-693 -1035 0
-693 -1073 0
-693 -1111 0
-693 -1149 0
-693 -1187 0
-693 -1225 0
-693 -1263 0
-693 -1301 0
-693 -1339 0
-693 -1377 0
-693 -1415 0
-693 -1453 0
-693 -1491 0
-731 -769 0
-731 -807 0
-731 -845 0
-731 -883 0
-731 -921 0
-731 -959 0
-731 -997 0
-731 -1035 0
-731 -1073 0
-731 -1111 0
-731 -1149 0
-731 -1187 0
-731 -1225 0
-731 -1263 0
-731 -1301 0
-731 -1339 0
-731 -1377 0
-731 -1415 0
-731 -1453 0
-731 -1491 0
-769 -807 0
-769 -845 0
-769 -883 0
-769 -921 0
-769 -959 0
-769 -997 0
-769 -1035 0
-769 -1073 0
-769 -1111 0
-769 -1149 0
-769 -1187 0
-769 -1225 0
-769 -1263 0
-769 -1301 0
-769 -1339 0
-769 -1377 0
-769 -1415 0
-769 -1453 0
-769 -1491 0
-807 -845 0
-807 -883 0
-807 -921 0
-807 -959 0
-807 -997 0
-807 -1035 0
-807 -1073 0
-807 -1111 0
-807 -1149 0
-807 -1187 0
-807 -1225 0
-807 -1263 0
-807 -1301 0
-807 -1339 0
-807 -1377 0
-807 -1415 0
-807 -1453 0
-807 -1491 0
-845 -883 0
-845 -921 0
-845 -959 0
-845 -997 0
-845 -1035 0
-845 -1073 0
-845 -1111 0
-845 -1149 0
-845 -1187 0
-845 -1225 0
-845 -1263 0
-845 -1301 0
-845 -1339 0
-845 -1377 0
-845 -1415 0
-845 -1453 0
-845 -1491 0
-883 -921 0
-883 -959 0
-883 -997 0
-883 -1035 0
-883 -1073 0
-883 -1111 0
-883 -1149 0
-883 -1187 0
-883 -1225 0
-883 -1263 0
-883 -1301 0
-883 -1339 0
-883 -1377 0
-883 -1415 0
-883 -1453 0
-883 -1491 0
-921 -959 0
-921 -997 0
-921 -1035 0
-921 -1073 0
-921 -1111 0
-921 -1149 0
-921 -1187 0
-921 -1225 0
-921 -1263 0
-921 -1301 0
-921 -1339 0
-921 -1377 0
-921 -1415 0
-921 -1453 0
-921 -1491 0
-959 -997 0
-959 -1035 0
-959 -1073 0
-959 -1111 0
-959 -1149 0
-959 -1187 0
-959 -1225 0
-959 -1263 0
-959 -1301 0
-959 -1339 0
-959 -1377 0
-959 -1415 0
-959 -1453 0
-959 -1491 0
-997 -1035 0
-997 -1073 0
-997 -1111 0
-997 -1149 0
-997 -1187 0
-997 -1225 0
-997 -1263 0
-997 -1301 0
-997 -1339 0
-997 -1377 0
-997 -1415 0
-997 -1453 0
-997 -1491 0
-1035 -1073 0
-1035 -1111 0
-1035 -1149 0
-1035 -1187 0
-1035 -1225 0
-1035 -1263 0
-1035 -1301 0
-1035 -1339 0
-1035 -1377 0
-1035 -1415 0
-1035 -1453 0
-1035 -1491 0
-1073 -1111 0
-1073 -1149 0
-1073 -1187 0
-1073 -1225 0
-1073 -1263 0
-1073 -1301 0
-1073 -1339 0
-1073 -1377 0
-1073 -1415 0
-1073 -1453 0
-1073 -1491 0
-1111 -1149 0
-1111 -1187 0
-1111 -1225 0
-1111 -1263 0
-1111 -1301 0
-1111 -1339 0
-1111 -1377 0
-1111 -1415 0
-1111 -1453 0
-1111 -1491 0
-1149 -1187 0
-1149 -1225 0
-1149 -1263 0
-1149 -1301 0
-1149 -1339 0
-1149 -1377 0
-1149 -1415 0
-1149 -1453 0
-1149 -1491 0
-1187 -1225 0
-1187 -1263 0
-1187 -1301 0
-1187 -1339 0
-1187 -1377 0
-1187 -1415 0
-1187 -1453 0
-1187 -1491 0
-1225 -1263 0
-1225 -1301 0
-1225 -1339 0
-1225 -1377 0
-1225 -1415 0
-1225 -1453 0
-1225 -1491 0
-1263 -1301 0
-1263 -1339 0
-1263 -1377 0
-1263 -1415 0
-1263 -1453 0
-1263 -1491 0
-1301 -1339 0
-1301 -1377 0
-1301 -1415 0
-1301 -1453 0
-1301 -1491 0
-1339 -1377 0
-1339 -1415 0
-1339 -1453 0
-1339 -1491 0
-1377 -1415 0
-1377 -1453 0
-1377 -1491 0
-1415 -1453 0
-1415 -1491 0
-1453 -1491 0
-390 -428 0
-390 -466 0
-390 -504 0
-390 -542 0
-390 -580 0
-390 -618 0
-390 -656 0
-390 -694 0
-390 -732 0
-390 -770 0
-390 -808 0
-390 -846 0
-390 -884 0
-390 -922 0
-390 -960 0
-390 -998 0
-390 -1036 0
-390 -1074 0
-390 -1112 0
-390 -1150 0
-390 -1188 0
-390 -1226 0
-390 -1264 0
-390 -1302 0
-390 -1340 0
-390 -1378 0
-390 -1416 0
-390 -1454 0
-390 -1492 0
-428 -466 0
-428 -504 0
-428 -542 0
-428 -580 0
-428 -618 0
-428 -656 0
-428 -694 0
-428 -732 0
-428 -770 0
-428 -808 0
-428 -846 0
-428 -884 0
-428 -922 0
-428 -960 0
-428 -998 0
-428 -1036 0
-428 -1074 0
-428 -1112 0
-428 -1150 0
-428 -1188 0
-428 -1226 0
-428 -1264 0
-428 -1302 0
-428 -1340 0
-428 -1378 0
-428 -1416 0
-428 -1454 0
-428 -1492 0
-466 -504 0
-466 -542 0
-466 -580 0
-466 -618 0
-466 -656 0
-466 -694 0
-466 -732 0
-466 -770 0
-466 -808 0
-466 -846 0
-466 -884 0
-466 -922 0
-466 -960 0
-466 -998 0
-466 -1036 0
-466 -1074 0
-466 -1112 0
-466 -1150 0
-466 -1188 0
-466 -1226 0
-466 -1264 0
-466 -1302 0
-466 -1340 0
-466 -1378 0
-466 -1416 0
-466 -1454 0
-466 -1492 0
-504 -542 0
-504 -580 0
-504 -618 0
-504 -656 0
-504 -694 0
-504 -732 0
-504 -770 0
-504 -808 0
-504 -846 0
-504 -884 0
-504 -922 0
-504 -960 0
-504 -998 0
-504 -1036 0
-504 -1074 0
-504 -1112 0
-504 -1150 0
-504 -1188 0
-504 -1226 0
-504 -1264 0
-504 -1302 0
-504 -1340 0
-504 -1378 0
-504 -1416 0
-504 -1454 0
-504 -1492 0
-542 -580 0
-542 -618 0
-542 -656 0
-542 -694 0
-542 -732 0
-542 -770 0
-542 -808 0
-542 -846 0
-542 -884 0
-542 -922 0
-542 -960 0
-542 -998 0
-542 -1036 0
-542 -1074 0
-542 -1112 0
-542 -1150 0
-542 -1188 0
-542 -1226 0
-542 -1264 0
-542 -1302 0
-542 -1340 0
-542 -1378 0
-542 -1416 0
-542 -1454 0
-542 -1492 0
-580 -618 0
-580 -656 0
-580 -694 0
-580 -732 0
-580 -770 0
-580 -808 0
-580 -846 0
-580 -884 0
-580 -922 0
-580 -960 0
-580 -998 0
-580 -1036 0
-580 -1074 0
-580 -1112 0
-580 -1150 0
-580 -1188 0
-580 -1226 0
-580 -1264 0
-580 -1302 0
-580 -1340 0
-580 -1378 0
-580 -1416 0
-580 -1454 0
-580 -1492 0
-618 -656 0
-618 -694 0
-618 -732 0
-618 -770 0
-618 -808 0
-618 -846 0
-618 -884 0
-618 -922 0
-618 -960 0
-618 -998 0
-618 -1036 0
-618 -1074 0
-618 -1112 0
-618 -1150 0
-618 -1188 0
-618 -1226 0
-618 -1264 0
-618 -1302 0
-618 -1340 0
-618 -1378 0
-618 -1416 0
-618 -1454 0
-618 -1492 0
-656 -694 0
-656 -732 0
-656 -770 0
-656 -808 0
-656 -846 0
-656 -884 0
-656 -922 0
-656 -960 0
-656 -998 0
-656 -1036 0
-656 -1074 0
-656 -1112 0
-656 -1150 0
-656 -1188 0
-656 -1226 0
-656 -1264 0
-656 -1302 0
-656 -1340 0
-656 -1378 0
-656 -1416 0
-656 -1454 0
-656 -1492 0
-694 -732 0
-694 -770 0
-694 -808 0
-694 -846 0
-694 -884 0
-694 -922 0
-694 -960 0
-694 -998 0
-694 -1036 0
-694 -1074 0
-694 -1112 0
-694 -1150 0
-694 -1188 0
-694 -1226 0
-694 -1264 0
-694 -1302 0
-694 -1340 0
-694 -1378 0
-694 -1416 0
-694 -1454 0
-694 -1492 0
-732 -770 0
-732 -808 0
-732 -846 0
-732 -884 0
-732 -922 0
-732 -960 0
-732 -998 0
-732 -1036 0
-732 -1074 0
-732 -1112 0
-732 -1150 0
-732 -1188 0
-732 -1226 0
-732 -1264 0
-732 -1302 0
-732 -1340 0
-732 -1378 0
-732 -1416 0
-732 -1454 0
-732 -1492 0
-770 -808 0
-770 -846 0
-770 -884 0
-770 -922 0
-770 -960 0
-770 -998 0
-770 -1036 0
-770 -1074 0
-770 -1112 0
-770 -1150 0
-770 -1188 0
-770 -1226 0
-770 -1264 0
-770 -1302 0
-770 -1340 0
-770 -1378 0
-770 -1416 0
-770 -1454 0
-770 -1492 0
-808 -846 0
-808 -884 0
-808 -922 0
-808 -960 0
-808 -998 0
-808 -1036 0
-808 -1074 0
-808 -1112 0
-808 -1150 0
-808 -1188 0
-808 -1226 0
-808 -1264 0
-808 -1302 0
-808 -1340 0
-808 -1378 0
-808 -1416 0
-808 -1454 0
-808 -1492 0
-846 -884 0
-846 -922 0
-846 -960 0
-846 -998 0
-846 -1036 0
-846 -1074 0
-846 -1112 0
-846 -1150 0
-846 -1188 0
-846 -1226 0
-846 -1264 0
-846 -1302 0
-846 -1340 0
-846 -1378 0
-846 -1416 0
-846 -1454 0
-846 -1492 0
-884 -922 0
-884 -960 0
-884 -998 0
-884 -1036 0
-884 -1074 0
-884 -1112 0
-884 -1150 0
-884 -1188 0
-884 -1226 0
-884 -1264 0
-884 -1302 0
-884 -1340 0
-884 -1378 0
-884 -1416 0
-884 -1454 0
-884 -1492 0
-922 -960 0
-922 -998 0
-922 -1036 0
-922 -1074 0
-922 -1112 0
-922 -1150 0
-922 -1188 0
-922 -1226 0
-922 -1264 0
-922 -1302 0
-922 -1340 0
-922 -1378 0
-922 -1416 0
-922 -1454 0
-922 -1492 0
-960 -998 0
-960 -1036 0
-960 -1074 0
-960 -1112 0
-960 -1150 0
-960 -1188 0
-960 -1226 0
-960 -1264 0
-960 -1302 0
-960 -1340 0
-960 -1378 0
-960 -1416 0
-960 -1454 0
-960 -1492 0
-998 -1036 0
-998 -1074 0
-998 -1112 0
-998 -1150 0
-998 -1188 0
-998 -1226 0
-998 -1264 0
-998 -1302 0
-998 -1340 0
-998 -1378 0
-998 -1416 0
-998 -1454 0
-998 -1492 0
-1036 -1074 0
-1036 -1112 0
-1036 -1150 0
-1036 -1188 0
-1036 -1226 0
-1036 -1264 0
-1036 -1302 0
-1036 -1340 0
-1036 -1378 0
-1036 -1416 0
-1036 -1454 0
-1036 -1492 0
-1074 -1112 0
-1074 -1150 0
-1074 -1188 0
-1074 -1226 0
-1074 -1264 0
-1074 -1302 0
-1074 -1340 0
-1074 -1378 0
-1074 -1416 0
-1074 -1454 0
-1074 -1492 0
-1112 -1150 0
-1112 -1188 0
-1112 -1226 0
-1112 -1264 0
-1112 -1302 0
-1112 -1340 0
-1112 -1378 0
-1112 -1416 0
-1112 -1454 0
-1112 -1492 0
-1150 -1188 0
-1150 -1226 0
-1150 -1264 0
-1150 -1302 0
-1150 -1340 0
-1150 -1378 0
-1150 -1416 0
-1150 -1454 0
-1150 -1492 0
-1188 -1226 0
-1188 -1264 0
-1188 -1302 0
-1188 -1340 0
-1188 -1378 0
-1188 -1416 0
-1188 -1454 0
-1188 -1492 0
-1226 -1264 0
-1226 -1302 0
-1226 -1340 0
-1226 -1378 0
-1226 -1416 0
-1226 -1454 0
-1226 -1492 0
-1264 -1302 0
-1264 -1340 0
-1264 -1378 0
-1264 -1416 0
-1264 -1454 0
-1264 -1492 0
-1302 -1340 0
-1302 -1378 0
-1302 -1416 0
-1302 -1454 0
-1302 -1492 0
-1340 -1378 0
-1340 -1416 0
-1340 -1454 0
-1340 -1492 0
-1378 -1416 0
-1378 -1454 0
-1378 -1492 0
-1416 -1454 0
-1416 -1492 0
-1454 -1492 0
-429 -467 0
-429 -505 0
-429 -543 0
-429 -581 0
-429 -619 0
-429 -657 0
-429 -695 0
-429 -733 0
-429 -771 0
-429 -809 0
-429 -847 0
-429 -885 0
-429 -923 0
-429 -961 0
-429 -999 0
-429 -1037 0
-429 -1075 0
-429 -1113 0
-429 -1151 0
-429 -1189 0
-429 -1227 0
-429 -1265 0
-429 -1303 0
-429 -1341 0
-429 -1379 0
-429 -1417 0
-429 -1455 0
-429 -1493 0
-467 -505 0
-467 -543 0
-467 -581 0
-467 -619 0
-467 -657 0
-467 -695 0
-467 -733 0
-467 -771 0
-467 -809 0
-467 -847 0
-467 -885 0
-467 -923 0
-467 -961 0
-467 -999 0
-467 -1037 0
-467 -1075 0
-467 -1113 0
-467 -1151 0
-467 -1189 0
-467 -1227 0
-467 -1265 0
-467 -1303 0
-467 -1341 0
-467 -1379 0
-467 -1417 0
-467 -1455 0
-467 -1493 0
-505 -543 0
-505 -581 0
-505 -619 0
-505 -657 0
-505 -695 0
-505 -733 0
-505 -771 0
-505 -809 0
-505 -847 0
-505 -885 0
-505 -923 0
-505 -961 0
-505 -999 0
-505 -1037 0
-505 -1075 0
-505 -1113 0
-505 -1151 0
-505 -1189 0
-505 -1227 0
-505 -1265 0
-505 -1303 0
-505 -1341 0
-505 -1379 0
-505 -1417 0
-505 -1455 0
-505 -1493 0
-543 -581 0
-543 -619 0
-543 -657 0
-543 -695 0
-543 -733 0
-543 -771 0
-543 -809 0
-543 -847 0
-543 -885 0
-543 -923 0
-543 -961 0
-543 -999 0
-543 -1037 0
-543 -1075 0
-543 -1113 0
-543 -1151 0
-543 -1189 0
-543 -1227 0
-543 -1265 0
-543 -1303 0
-543 -1341 0
-543 -1379 0
-543 -1417 0
-543 -1455 0
-543 -1493 0
-581 -619 0
-581 -657 0
-581 -695 0
-581 -733 0
-581 -771 0
-581 -809 0
-581 -847 0
-581 -885 0
-581 -923 0
-581 -961 0
-581 -999 0
-581 -1037 0
-581 -1075 0
-581 -1113 0
-581 -1151 0
-581 -1189 0
-581 -1227 0
-581 -1265 0
-581 -1303 0
-581 -1341 0
-581 -1379 0
-581 -1417 0
-581 -1455 0
-581 -1493 0
-619 -657 0
-619 -695 0
-619 -733 0
-619 -771 0
-619 -809 0
-619 -847 0
-619 -885 0
-619 -923 0
-619 -961 0
-619 -999 0
-619 -1037 0
-619 -1075 0
-619 -1113 0
-619 -1151 0
-619 -1189 0
-619 -1227 0
-619 -1265 0
-619 -1303 0
-619 -1341 0
-619 -1379 0
-619 -1417 0
-619 -1455 0
-619 -1493 0
-657 -695 0
-657 -733 0
-657 -771 0
-657 -809 0
-657 -847 0
-657 -885 0
-657 -923 0
-657 -961 0
-657 -999 0
-657 -1037 0
-657 -1075 0
-657 -1113 0
-657 -1151 0
-657 -1189 0
-657 -1227 0
-657 -1265 0
-657 -1303 0
-657 -1341 0
-657 -1379 0
-657 -1417 0
-657 -1455 0
-657 -1493 0
-695 -733 0
-695 -771 0
-695 -809 0
-695 -847 0
-695 -885 0
-695 -923 0
-695 -961 0
-695 -999 0
-695 -1037 0
-695 -1075 0
-695 -1113 0
-695 -1151 0
-695 -1189 0
-695 -1227 0
-695 -1265 0
-695 -1303 0
-695 -1341 0
-695 -1379 0
-695 -1417 0
-695 -1455 0
-695 -1493 0
-733 -771 0
-733 -809 0
-733 -847 0
-733 -885 0
-733 -923 0
-733 -961 0
-733 -999 0
-733 -1037 0
-733 -1075 0
-733 -1113 0
-733 -1151 0
-733 -1189 0
-733 -1227 0
-733 -1265 0
-733 -1303 0
-733 -1341 0
-733 -1379 0
-733 -1417 0
-733 -1455 0
-733 -1493 0
-771 -809 0
-771 -847 0
-771 -885 0
-771 -923 0
-771 -961 0
-771 -999 0
-771 -1037 0
-771 -1075 0
-771 -1113 0
-771 -1151 0
-771 -1189 0
-771 -1227 0
-771 -1265 0
-771 -1303 0
-771 -1341 0
-771 -1379 0
-771 -1417 0
-771 -1455 0
-771 -1493 0
-809 -847 0
-809 -885 0
-809 -923 0
-809 -961 0
-809 -999 0
-809 -1037 0
-809 -1075 0
-809 -1113 0
-809 -1151 0
-809 -1189 0
-809 -1227 0
-809 -1265 0
-809 -1303 0
-809 -1341 0
-809 -1379 0
-809 -1417 0
-809 -1455 0
-809 -1493 0
-847 -885 0
-847 -923 0
-847 -961 0
-847 -999 0
-847 -1037 0
-847 -1075 0
-847 -1113 0
-847 -1151 0
-847 -1189 0
-847 -1227 0
-847 -1265 0
-847 -1303 0
-847 -1341 0
-847 -1379 0
-847 -1417 0
-847 -1455 0
-847 -1493 0
-885 -923 0
-885 -961 0
-885 -999 0
-885 -1037 0
-885 -1075 0
-885 -1113 0
-885 -1151 0
-885 -1189 0
-885 -1227 0
-885 -1265 0
-885 -1303 0
-885 -1341 0
-885 -1379 0
-885 -1417 0
-885 -1455 0
-885 -1493 0
-923 -961 0
-923 -999 0
-923 -1037 0
-923 -1075 0
-923 -1113 0
-923 -1151 0
-923 -1189 0
-923 -1227 0
-923 -1265 0
-923 -1303 0
-923 -1341 0
-923 -1379 0
-923 -1417 0
-923 -1455 0
-923 -1493 0
-961 -999 0
-961 -1037 0
-961 -1075 0
-961 -1113 0
-961 -1151 0
-961 -1189 0
-961 -1227 0
-961 -1265 0
-961 -1303 0
-961 -1341 0
-961 -1379 0
-961 -1417 0
-961 -1455 0
-961 -1493 0
-999 -1037 0
-999 -1075 0
-999 -1113 0
-999 -1151 0
-999 -1189 0
-999 -1227 0
-999 -1265 0
-999 -1303 0
-999 -1341 0
-999 -1379 0
-999 -1417 0
-999 -1455 0
-999 -1493 0
-1037 -1075 0
-1037 -1113 0
-1037 -1151 0
-1037 -1189 0
-1037 -1227 0
-1037 -1265 0
-1037 -1303 0
-1037 -1341 0
-1037 -1379 0
-1037 -1417 0
-1037 -1455 0
-1037 -1493 0
-1075 -1113 0
-1075 -1151 0
-1075 -1189 0
-1075 -1227 0
-1075 -1265 0
-1075 -1303 0
-1075 -1341 0
-1075 -1379 0
-1075 -1417 0
-1075 -1455 0
-1075 -1493 0
-1113 -1151 0
-1113 -1189 0
-1113 -1227 0
-1113 -1265 0
-1113 -1303 0
-1113 -1341 0
-1113 -1379 0
-1113 -1417 0
-1113 -1455 0
-1113 -1493 0
-1151 -1189 0
-1151 -1227 0
-1151 -1265 0
-1151 -1303 0
-1151 -1341 0
-1151 -1379 0
-1151 -1417 0
-1151 -1455 0
-1151 -1493 0
-1189 -1227 0
-1189 -1265 0
-1189 -1303 0
-1189 -1341 0
-1189 -1379 0
-1189 -1417 0
-1189 -1455 0
-1189 -1493 0
-1227 -1265 0
-1227 -1303 0
-1227 -1341 0
-1227 -1379 0
-1227 -1417 0
-1227 -1455 0
-1227 -1493 0
-1265 -1303 0
-1265 -1341 0
-1265 -1379 0
-1265 -1417 0
-1265 -1455 0
-1265 -1493 0
-1303 -1341 0
-1303 -1379 0
-1303 -1417 0
-1303 -1455 0
-1303 -1493 0
-1341 -1379 0
-1341 -1417 0
-1341 -1455 0
-1341 -1493 0
-1379 -1417 0
-1379 -1455 0
-1379 -1493 0
-1417 -1455 0
-1417 -1493 0
-1455 -1493 0
-468 -506 0
-468 -544 0
-468 -582 0
-468 -620 0
-468 -658 0
-468 -696 0
-468 -734 0
-468 -772 0
-468 -810 0
-468 -848 0
-468 -886 0
-468 -924 0
-468 -962 0
-468 -1000 0
-468 -1038 0
-468 -1076 0
-468 -1114 0
-468 -1152 0
-468 -1190 0
-468 -1228 0
-468 -1266 0
-468 -1304 0
-468 -1342 0
-468 -1380 0
-468 -1418 0
-468 -1456 0
-468 -1494 0
-506 -544 0
-506 -582 0
-506 -620 0
-506 -658 0
-506 -696 0
-506 -734 0
-506 -772 0
-506 -810 0
-506 -848 0
-506 -886 0
-506 -924 0
-506 -962 0
-506 -1000 0
-506 -1038 0
-506 -1076 0
-506 -1114 0
-506 -1152 0
-506 -1190 0
-506 -1228 0
-506 -1266 0
-506 -1304 0
-506 -1342 0
-506 -1380 0
-506 -1418 0
-506 -1456 0
-506 -1494 0
-544 -582 0
-544 -620 0
-544 -658 0
-544 -696 0
-544 -734 0
-544 -772 0
-544 -810 0
-544 -848 0
-544 -886 0
-544 -924 0
-544 -962 0
-544 -1000 0
-544 -1038 0
-544 -1076 0
-544 -1114 0
-544 -1152 0
-544 -1190 0
-544 -1228 0
-544 -1266 0
-544 -1304 0
-544 -1342 0
-544 -1380 0
-544 -1418 0
-544 -1456 0
-544 -1494 0
-582 -620 0
-582 -658 0
-582 -696 0
-582 -734 0
-582 -772 0
-582 -810 0
-582 -848 0
-582 -886 0
-582 -924 0
-582 -962 0
-582 -1000 0
-582 -1038 0
-582 -1076 0
-582 -1114 0
-582 -1152 0
-582 -1190 0
-582 -1228 0
-582 -1266 0
-582 -1304 0
-582 -1342 0
-582 -1380 0
-582 -1418 0
-582 -1456 0
-582 -1494 0
-620 -658 0
-620 -696 0
-620 -734 0
-620 -772 0
-620 -810 0
-620 -848 0
-620 -886 0
-620 -924 0
-620 -962 0
-620 -1000 0
-620 -1038 0
-620 -1076 0
-620 -1114 0
-620 -1152 0
-620 -1190 0
-620 -1228 0
-620 -1266 0
-620 -1304 0
-620 -1342 0
-620 -1380 0
-620 -1418 0
-620 -1456 0
-620 -1494 0
-658 -696 0
-658 -734 0
-658 -772 0
-658 -810 0
-658 -848 0
-658 -886 0
-658 -924 0
-658 -962 0
-658 -1000 0
-658 -1038 0
-658 -1076 0
-658 -1114 0
-658 -1152 0
-658 -1190 0
-658 -1228 0
-658 -1266 0
-658 -1304 0
-658 -1342 0
-658 -1380 0
-658 -1418 0
-658 -1456 0
-658 -1494 0
-696 -734 0
-696 -772 0
-696 -810 0
-696 -848 0
-696 -886 0
-696 -924 0
-696 -962 0
-696 -1000 0
-696 -1038 0
-696 -1076 0
-696 -1114 0
-696 -1152 0
-696 -1190 0
-696 -1228 0
-696 -1266 0
-696 -1304 0
-696 -1342 0
-696 -1380 0
-696 -1418 0
-696 -1456 0
-696 -1494 0
-734 -772 0
-734 -810 0
-734 -848 0
-734 -886 0
-734 -924 0
-734 -962 0
-734 -1000 0
-734 -1038 0
-734 -1076 0
-734 -1114 0
-734 -1152 0
-734 -1190 0
-734 -1228 0
-734 -1266 0
-734 -1304 0
-734 -1342 0
-734 -1380 0
-734 -1418 0
-734 -1456 0
-734 -1494 0
-772 -810 0
-772 -848 0
-772 -886 0
-772 -924 0
-772 -962 0
-772 -1000 0
-772 -1038 0
-772 -1076 0
-772 -1114 0
-772 -1152 0
-772 -1190 0
-772 -1228 0
-772 -1266 0
-772 -1304 0
-772 -1342 0
-772 -1380 0
-772 -1418 0
-772 -1456 0
-772 -1494 0
-810 -848 0
-810 -886 0
-810 -924 0
-810 -962 0
-810 -1000 0
-810 -1038 0
-810 -1076 0
-810 -1114 0
-810 -1152 0
-810 -1190 0
-810 -1228 0
-810 -1266 0
-810 -1304 0
-810 -1342 0
-810 -1380 0
-810 -1418 0
-810 -1456 0
-810 -1494 0
-848 -886 0
-848 -924 0
-848 -962 0
-848 -1000 0
-848 -1038 0
-848 -1076 0
-848 -1114 0
-848 -1152 0
-848 -1190 0
-848 -1228 0
-848 -1266 0
-848 -1304 0
-848 -1342 0
-848 -1380 0
-848 -1418 0
-848 -1456 0
-848 -1494 0
-886 -924 0
-886 -962 0
-886 -1000 0
-886 -1038 0
-886 -1076 0
-886 -1114 0
-886 -1152 0
-886 -1190 0
-886 -1228 0
-886 -1266 0
-886 -1304 0
-886 -1342 0
-886 -1380 0
-886 -1418 0
-886 -1456 0
-886 -1494 0
-924 -962 0
-924 -1000 0
-924 -1038 0
-924 -1076 0
-924 -1114 0
-924 -1152 0
-924 -1190 0
-924 -1228 0
-924 -1266 0
-924 -1304 0
-924 -1342 0
-924 -1380 0
-924 -1418 0
-924 -1456 0
-924 -1494 0
-962 -1000 0
-962 -1038 0
-962 -1076 0
-962 -1114 0
-962 -1152 0
-962 -1190 0
-962 -1228 0
-962 -1266 0
-962 -1304 0
-962 -1342 0
-962 -1380 0
-962 -1418 0
-962 -1456 0
-962 -1494 0
-1000 -1038 0
-1000 -1076 0
-1000 -1114 0
-1000 -1152 0
-1000 -1190 0
-1000 -1228 0
-1000 -1266 0
-1000 -1304 0
-1000 -1342 0
-1000 -1380 0
-1000 -1418 0
-1000 -1456 0
-1000 -1494 0
-1038 -1076 0
-1038 -1114 0
-1038 -1152 0
-1038 -1190 0
-1038 -1228 0
-1038 -1266 0
-1038 -1304 0
-1038 -1342 0
-1038 -1380 0
-1038 -1418 0
-1038 -1456 0
-1038 -1494 0
-1076 -1114 0
-1076 -1152 0
-1076 -1190 0
-1076 -1228 0
-1076 -1266 0
-1076 -1304 0
-1076 -1342 0
-1076 -1380 0
-1076 -1418 0
-1076 -1456 0
-1076 -1494 0
-1114 -1152 0
-1114 -1190 0
-1114 -1228 0
-1114 -1266 0
-1114 -1304 0
-1114 -1342 0
-1114 -1380 0
-1114 -1418 0
-1114 -1456 0
-1114 -1494 0
-1152 -1190 0
-1152 -1228 0
-1152 -1266 0
-1152 -1304 0
-1152 -1342 0
-1152 -1380 0
-1152 -1418 0
-1152 -1456 0
-1152 -1494 0
-1190 -1228 0
-1190 -1266 0
-1190 -1304 0
-1190 -1342 0
-1190 -1380 0
-1190 -1418 0
-1190 -1456 0
-1190 -1494 0
-1228 -1266 0
-1228 -1304 0
-1228 -1342 0
-1228 -1380 0
-1228 -1418 0
-1228 -1456 0
-1228 -1494 0
-1266 -1304 0
-1266 -1342 0
-1266 -1380 0
-1266 -1418 0
-1266 -1456 0
-1266 -1494 0
-1304 -1342 0
-1304 -1380 0
-1304 -1418 0
-1304 -1456 0
-1304 -1494 0
-1342 -1380 0
-1342 -1418 0
-1342 -1456 0
-1342 -1494 0
-1380 -1418 0
-1380 -1456 0
-1380 -1494 0
-1418 -1456 0
-1418 -1494 0
-1456 -1494 0
-507 -545 0
-507 -583 0
-507 -621 0
-507 -659 0
-507 -697 0
-507 -735 0
-507 -773 0
-507 -811 0
-507 -849 0
-507 -887 0
-507 -925 0
-507 -963 0
-507 -1001 0
-507 -1039 0
-507 -1077 0
-507 -1115 0
-507 -1153 0
-507 -1191 0
-507 -1229 0
-507 -1267 0
-507 -1305 0
-507 -1343 0
-507 -1381 0
-507 -1419 0
-507 -1457 0
-507 -1495 0
-545 -583 0
-545 -621 0
-545 -659 0
-545 -697 0
-545 -735 0
-545 -773 0
-545 -811 0
-545 -849 0
-545 -887 0
-545 -925 0
-545 -963 0
-545 -1001 0
-545 -1039 0
-545 -1077 0
-545 -1115 0
-545 -1153 0
-545 -1191 0
-545 -1229 0
-545 -1267 0
-545 -1305 0
-545 -1343 0
-545 -1381 0
-545 -1419 0
-545 -1457 0
-545 -1495 0
-583 -621 0
-583 -659 0
-583 -697 0
-583 -735 0
-583 -773 0
-583 -811 0
-583 -849 0
-583 -887 0
-583 -925 0
-583 -963 0
-583 -1001 0
-583 -1039 0
-583 -1077 0
-583 -1115 0
-583 -1153 0
-583 -1191 0
-583 -1229 0
-583 -1267 0
-583 -1305 0
-583 -1343 0
-583 -1381 0
-583 -1419 0
-583 -1457 0
-583 -1495 0
-621 -659 0
-621 -697 0
-621 -735 0
-621 -773 0
-621 -811 0
-621 -849 0
-621 -887 0
-621 -925 0
-621 -963 0
-621 -1001 0
-621 -1039 0
-621 -1077 0
-621 -1115 0
-621 -1153 0
-621 -1191 0
-621 -1229 0
-621 -1267 0
-621 -1305 0
-621 -1343 0
-621 -1381 0
-621 -1419 0
-621 -1457 0
-621 -1495 0
-659 -697 0
-659 -735 0
-659 -773 0
-659 -811 0
-659 -849 0
-659 -887 0
-659 -925 0
-659 -963 0
-659 -1001 0
-659 -1039 0
-659 -1077 0
-659 -1115 0
-659 -1153 0
-659 -1191 0
-659 -1229 0
-659 -1267 0
-659 -1305 0
-659 -1343 0
-659 -1381 0
-659 -1419 0
-659 -1457 0
-659 -1495 0
-697 -735 0
-697 -773 0
-697 -811 0
-697 -849 0
-697 -887 0
-697 -925 0
-697 -963 0
-697 -1001 0
-697 -1039 0
-697 -1077 0
-697 -1115 0
-697 -1153 0
-697 -1191 0
-697 -1229 0
-697 -1267 0
-697 -1305 0
-697 -1343 0
-697 -1381 0
-697 -1419 0
-697 -1457 0
-697 -1495 0
-735 -773 0
-735 -811 0
-735 -849 0
-735 -887 0
-735 -925 0
-735 -963 0
-735 -1001 0
-735 -1039 0
-735 -1077 0
-735 -1115 0
-735 -1153 0
-735 -1191 0
-735 -1229 0
-735 -1267 0
-735 -1305 0
-735 -1343 0
-735 -1381 0
-735 -1419 0
-735 -1457 0
-735 -1495 0
-773 -811 0
-773 -849 0
-773 -887 0
-773 -925 0
-773 -963 0
-773 -1001 0
-773 -1039 0
-773 -1077 0
-773 -1115 0
-773 -1153 0
-773 -1191 0
-773 -1229 0
-773 -1267 0
-773 -1305 0
-773 -1343 0
-773 -1381 0
-773 -1419 0
-773 -1457 0
-773 -1495 0
-811 -849 0
-811 -887 0
-811 -925 0
-811 -963 0
-811 -1001 0
-811 -1039 0
-811 -1077 0
-811 -1115 0
-811 -1153 0
-811 -1191 0
-811 -1229 0
-811 -1267 0
-811 -1305 0
-811 -1343 0
-811 -1381 0
-811 -1419 0
-811 -1457 0
-811 -1495 0
-849 -887 0
-849 -925 0
-849 -963 0
-849 -1001 0
-849 -1039 0
-849 -1077 0
-849 -1115 0
-849 -1153 0
-849 -1191 0
-849 -1229 0
-849 -1267 0
-849 -1305 0
-849 -1343 0
-849 -1381 0
-849 -1419 0
-849 -1457 0
-849 -1495 0
-887 -925 0
-887 -963 0
-887 -1001 0
-887 -1039 0
-887 -1077 0
-887 -1115 0
-887 -1153 0
-887 -1191 0
-887 -1229 0
-887 -1267 0
-887 -1305 0
-887 -1343 0
-887 -1381 0
-887 -1419 0
-887 -1457 0
-887 -1495 0
-925 -963 0
-925 -1001 0
-925 -1039 0
-925 -1077 0
-925 -1115 0
-925 -1153 0
-925 -1191 0
-925 -1229 0
-925 -1267 0
-925 -1305 0
-925 -1343 0
-925 -1381 0
-925 -1419 0
-925 -1457 0
-925 -1495 0
-963 -1001 0
-963 -1039 0
-963 -1077 0
-963 -1115 0
-963 -1153 0
-963 -1191 0
-963 -1229 0
-963 -1267 0
-963 -1305 0
-963 -1343 0
-963 -1381 0
-963 -1419 0
-963 -1457 0
-963 -1495 0
-1001 -1039 0
-1001 -1077 0
-1001 -1115 0
-1001 -1153 0
-1001 -1191 0
-1001 -1229 0
-1001 -1267 0
-1001 -1305 0
-1001 -1343 0
-1001 -1381 0
-1001 -1419 0
-1001 -1457 0
-1001 -1495 0
-1039 -1077 0
-1039 -1115 0
-1039 -1153 0
-1039 -1191 0
-1039 -1229 0
-1039 -1267 0
-1039 -1305 0
-1039 -1343 0
-1039 -1381 0
-1039 -1419 0
-1039 -1457 0
-1039 -1495 0
-1077 -1115 0
-1077 -1153 0
-1077 -1191 0
-1077 -1229 0
-1077 -1267 0
-1077 -1305 0
-1077 -1343 0
-1077 -1381 0
-1077 -1419 0
-1077 -1457 0
-1077 -1495 0
-1115 -1153 0
-1115 -1191 0
-1115 -1229 0
-1115 -1267 0
-1115 -1305 0
-1115 -1343 0
-1115 -1381 0
-1115 -1419 0
-1115 -1457 0
-1115 -1495 0
-1153 -1191 0
-1153 -1229 0
-1153 -1267 0
-1153 -1305 0
-1153 -1343 0
-1153 -1381 0
-1153 -1419 0
-1153 -1457 0
-1153 -1495 0
-1191 -1229 0
-1191 -1267 0
-1191 -1305 0
-1191 -1343 0
-1191 -1381 0
-1191 -1419 0
-1191 -1457 0
-1191 -1495 0
-1229 -1267 0
-1229 -1305 0
-1229 -1343 0
-1229 -1381 0
-1229 -1419 0
-1229 -1457 0
-1229 -1495 0
-1267 -1305 0
-1267 -1343 0
-1267 -1381 0
-1267 -1419 0
-1267 -1457 0
-1267 -1495 0
-1305 -1343 0
-1305 -1381 0
-1305 -1419 0
-1305 -1457 0
-1305 -1495 0
-1343 -1381 0
-1343 -1419 0
-1343 -1457 0
-1343 -1495 0
-1381 -1419 0
-1381 -1457 0
-1381 -1495 0
-1419 -1457 0
-1419 -1495 0
-1457 -1495 0
-546 -584 0
-546 -622 0
-546 -660 0
-546 -698 0
-546 -736 0
-546 -774 0
-546 -812 0
-546 -850 0
-546 -888 0
-546 -926 0
-546 -964 0
-546 -1002 0
-546 -1040 0
-546 -1078 0
-546 -1116 0
-546 -1154 0
-546 -1192 0
-546 -1230 0
-546 -1268 0
-546 -1306 0
-546 -1344 0
-546 -1382 0
-546 -1420 0
-546 -1458 0
-546 -1496 0
-584 -622 0
-584 -660 0
-584 -698 0
-584 -736 0
-584 -774 0
-584 -812 0
-584 -850 0
-584 -888 0
-584 -926 0
-584 -964 0
-584 -1002 0
-584 -1040 0
-584 -1078 0
-584 -1116 0
-584 -1154 0
-584 -1192 0
-584 -1230 0
-584 -1268 0
-584 -1306 0
-584 -1344 0
-584 -1382 0
-584 -1420 0
-584 -1458 0
-584 -1496 0
-622 -660 0
-622 -698 0
-622 -736 0
-622 -774 0
-622 -812 0
-622 -850 0
-622 -888 0
-622 -926 0
-622 -964 0
-622 -1002 0
-622 -1040 0
-622 -1078 0
-622 -1116 0
-622 -1154 0
-622 -1192 0
-622 -1230 0
-622 -1268 0
-622 -1306 0
-622 -1344 0
-622 -1382 0
-622 -1420 0
-622 -1458 0
-622 -1496 0
-660 -698 0
-660 -736 0
-660 -774 0
-660 -812 0
-660 -850 0
-660 -888 0
-660 -926 0
-660 -964 0
-660 -1002 0
-660 -1040 0
-660 -1078 0
-660 -1116 0
-660 -1154 0
-660 -1192 0
-660 -1230 0
-660 -1268 0
-660 -1306 0
-660 -1344 0
-660 -1382 0
-660 -1420 0
-660 -1458 0
-660 -1496 0
-698 -736 0
-698 -774 0
-698 -812 0
-698 -850 0
-698 -888 0
-698 -926 0
-698 -964 0
-698 -1002 0
-698 -1040 0
-698 -1078 0
-698 -1116 0
-698 -1154 0
-698 -1192 0
-698 -1230 0
-698 -1268 0
-698 -1306 0
-698 -1344 0
-698 -1382 0
-698 -1420 0
-698 -1458 0
-698 -1496 0
-736 -774 0
-736 -812 0
-736 -850 0
-736 -888 0
-736 -926 0
-736 -964 0
-736 -1002 0
-736 -1040 0
-736 -1078 0
-736 -1116 0
-736 -1154 0
-736 -1192 0
-736 -1230 0
-736 -1268 0
-736 -1306 0
-736 -1344 0
-736 -1382 0
-736 -1420 0
-736 -1458 0
-736 -1496 0
-774 -812 0
-774 -850 0
-774 -888 0
-774 -926 0
-774 -964 0
-774 -1002 0
-774 -1040 0
-774 -1078 0
-774 -1116 0
-774 -1154 0
-774 -1192 0
-774 -1230 0
-774 -1268 0
-774 -1306 0
-774 -1344 0
-774 -1382 0
-774 -1420 0
-774 -1458 0
-774 -1496 0
-812 -850 0
-812 -888 0
-812 -926 0
-812 -964 0
-812 -1002 0
-812 -1040 0
-812 -1078 0
-812 -1116 0
-812 -1154 0
-812 -1192 0
-812 -1230 0
-812 -1268 0
-812 -1306 0
-812 -1344 0
-812 -1382 0
-812 -1420 0
-812 -1458 0
-812 -1496 0
-850 -888 0
-850 -926 0
-850 -964 0
-850 -1002 0
-850 -1040 0
-850 -1078 0
-850 -1116 0
-850 -1154 0
-850 -1192 0
-850 -1230 0
-850 -1268 0
-850 -1306 0
-850 -1344 0
-850 -1382 0
-850 -1420 0
-850 -1458 0
-850 -1496 0
-888 -926 0
-888 -964 0
-888 -1002 0
-888 -1040 0
-888 -1078 0
-888 -1116 0
-888 -1154 0
-888 -1192 0
-888 -1230 0
-888 -1268 0
-888 -1306 0
-888 -1344 0
-888 -1382 0
-888 -1420 0
-888 -1458 0
-888 -1496 0
-926 -964 0
-926 -1002 0
-926 -1040 0
-926 -1078 0
-926 -1116 0
-926 -1154 0
-926 -1192 0
-926 -1230 0
-926 -1268 0
-926 -1306 0
-926 -1344 0
-926 -1382 0
-926 -1420 0
-926 -1458 0
-926 -1496 0
-964 -1002 0
-964 -1040 0
-964 -1078 0
-964 -1116 0
-964 -1154 0
-964 -1192 0
-964 -1230 0
-964 -1268 0
-964 -1306 0
-964 -1344 0
-964 -1382 0
-964 -1420 0
-964 -1458 0
-964 -1496 0
-1002 -1040 0
-1002 -1078 0
-1002 -1116 0
-1002 -1154 0
-1002 -1192 0
-1002 -1230 0
-1002 -1268 0
-1002 -1306 0
-1002 -1344 0
-1002 -1382 0
-1002 -1420 0
-1002 -1458 0
-1002 -1496 0
-1040 -1078 0
-1040 -1116 0
-1040 -1154 0
-1040 -1192 0
-1040 -1230 0
-1040 -1268 0
-1040 -1306 0
-1040 -1344 0
-1040 -1382 0
-1040 -1420 0
-1040 -1458 0
-1040 -1496 0
-1078 -1116 0
-1078 -1154 0
-1078 -1192 0
-1078 -1230 0
-1078 -1268 0
-1078 -1306 0
-1078 -1344 0
-1078 -1382 0
-1078 -1420 0
-1078 -1458 0
-1078 -1496 0
-1116 -1154 0
-1116 -1192 0
-1116 -1230 0
-1116 -1268 0
-1116 -1306 0
-1116 -1344 0
-1116 -1382 0
-1116 -1420 0
-1116 -1458 0
-1116 -1496 0
-1154 -1192 0
-1154 -1230 0
-1154 -1268 0
-1154 -1306 0
-1154 -1344 0
-1154 -1382 0
-1154 -1420 0
-1154 -1458 0
-1154 -1496 0
-1192 -1230 0
-1192 -1268 0
-1192 -1306 0
-1192 -1344 0
-1192 -1382 0
-1192 -1420 0
-1192 -1458 0
-1192 -1496 0
-1230 -1268 0
-1230 -1306 0
-1230 -1344 0
-1230 -1382 0
-1230 -1420 0
-1230 -1458 0
-1230 -1496 0
-1268 -1306 0
-1268 -1344 0
-1268 -1382 0
-1268 -1420 0
-1268 -1458 0
-1268 -1496 0
-1306 -1344 0
-1306 -1382 0
-1306 -1420 0
-1306 -1458 0
-1306 -1496 0
-1344 -1382 0
-1344 -1420 0
-1344 -1458 0
-1344 -1496 0
-1382 -1420 0
-1382 -1458 0
-1382 -1496 0
-1420 -1458 0
-1420 -1496 0
-1458 -1496 0
-585 -623 0
-585 -661 0
-585 -699 0
-585 -737 0
-585 -775 0
-585 -813 0
-585 -851 0
-585 -889 0
-585 -927 0
-585 -965 0
-585 -1003 0
-585 -1041 0
-585 -1079 0
-585 -1117 0
-585 -1155 0
-585 -1193 0
-585 -1231 0
-585 -1269 0
-585 -1307 0
-585 -1345 0
-585 -1383 0
-585 -1421 0
-585 -1459 0
-585 -1497 0
-623 -661 0
-623 -699 0
-623 -737 0
-623 -775 0
-623 -813 0
-623 -851 0
-623 -889 0
-623 -927 0
-623 -965 0
-623 -1003 0
-623 -1041 0
-623 -1079 0
-623 -1117 0
-623 -1155 0
-623 -1193 0
-623 -1231 0
-623 -1269 0
-623 -1307 0
-623 -1345 0
-623 -1383 0
-623 -1421 0
-623 -1459 0
-623 -1497 0
-661 -699 0
-661 -737 0
-661 -775 0
-661 -813 0
-661 -851 0
-661 -889 0
-661 -927 0
-661 -965 0
-661 -1003 0
-661 -1041 0
-661 -1079 0
-661 -1117 0
-661 -1155 0
-661 -1193 0
-661 -1231 0
-661 -1269 0
-661 -1307 0
-661 -1345 0
-661 -1383 0
-661 -1421 0
-661 -1459 0
-661 -1497 0
-699 -737 0
-699 -775 0
-699 -813 0
-699 -851 0
-699 -889 0
-699 -927 0
-699 -965 0
-699 -1003 0
-699 -1041 0
-699 -1079 0
-699 -1117 0
-699 -1155 0
-699 -1193 0
-699 -1231 0
-699 -1269 0
-699 -1307 0
-699 -1345 0
-699 -1383 0
-699 -1421 0
-699 -1459 0
-699 -1497 0
-737 -775 0
-737 -813 0
-737 -851 0
-737 -889 0
-737 -927 0
-737 -965 0
-737 -1003 0
-737 -1041 0
-737 -1079 0
-737 -1117 0
-737 -1155 0
-737 -1193 0
-737 -1231 0
-737 -1269 0
-737 -1307 0
-737 -1345 0
-737 -1383 0
-737 -1421 0
-737 -1459 0
-737 -1497 0
-775 -813 0
-775 -851 0
-775 -889 0
-775 -927 0
-775 -965 0
-775 -1003 0
-775 -1041 0
-775 -1079 0
-775 -1117 0
-775 -1155 0
-775 -1193 0
-775 -1231 0
-775 -1269 0
-775 -1307 0
-775 -1345 0
-775 -1383 0
-775 -1421 0
-775 -1459 0
-775 -1497 0
-813 -851 0
-813 -889 0
-813 -927 0
-813 -965 0
-813 -1003 0
-813 -1041 0
-813 -1079 0
-813 -1117 0
-813 -1155 0
-813 -1193 0
-813 -1231 0
-813 -1269 0
-813 -1307 0
-813 -1345 0
-813 -1383 0
-813 -1421 0
-813 -1459 0
-813 -1497 0
-851 -889 0
-851 -927 0
-851 -965 0
-851 -1003 0
-851 -1041 0
-851 -1079 0
-851 -1117 0
-851 -1155 0
-851 -1193 0
-851 -1231 0
-851 -1269 0
-851 -1307 0
-851 -1345 0
-851 -1383 0
-851 -1421 0
-851 -1459 0
-851 -1497 0
-889 -927 0
-889 -965 0
-889 -1003 0
-889 -1041 0
-889 -1079 0
-889 -1117 0
-889 -1155 0
-889 -1193 0
-889 -1231 0
-889 -1269 0
-889 -1307 0
-889 -1345 0
-889 -1383 0
-889 -1421 0
-889 -1459 0
-889 -1497 0
-927 -965 0
-927 -1003 0
-927 -1041 0
-927 -1079 0
-927 -1117 0
-927 -1155 0
-927 -1193 0
-927 -1231 0
-927 -1269 0
-927 -1307 0
-927 -1345 0
-927 -1383 0
-927 -1421 0
-927 -1459 0
-927 -1497 0
-965 -1003 0
-965 -1041 0
-965 -1079 0
-965 -1117 0
-965 -1155 0
-965 -1193 0
-965 -1231 0
-965 -1269 0
-965 -1307 0
-965 -1345 0
-965 -1383 0
-965 -1421 0
-965 -1459 0
-965 -1497 0
-1003 -1041 0
-1003 -1079 0
-1003 -1117 0
-1003 -1155 0
-1003 -1193 0
-1003 -1231 0
-1003 -1269 0
-1003 -1307 0
-1003 -1345 0
-1003 -1383 0
-1003 -1421 0
-1003 -1459 0
-1003 -1497 0
-1041 -1079 0
-1041 -1117 0
-1041 -1155 0
-1041 -1193 0
-1041 -1231 0
-1041 -1269 0
-1041 -1307 0
-1041 -1345 0
-1041 -1383 0
-1041 -1421 0
-1041 -1459 0
-1041 -1497 0
-1079 -1117 0
-1079 -1155 0
-1079 -1193 0
-1079 -1231 0
-1079 -1269 0
-1079 -1307 0
-1079 -1345 0
-1079 -1383 0
-1079 -1421 0
-1079 -1459 0
-1079 -1497 0
-1117 -1155 0
-1117 -1193 0
-1117 -1231 0
-1117 -1269 0
-1117 -1307 0
-1117 -1345 0
-1117 -1383 0
-1117 -1421 0
-1117 -1459 0
-1117 -1497 0
-1155 -1193 0
-1155 -1231 0
-1155 -1269 0
-1155 -1307 0
-1155 -1345 0
-1155 -1383 0
-1155 -1421 0
-1155 -1459 0
-1155 -1497 0
-1193 -1231 0
-1193 -1269 0
-1193 -1307 0
-1193 -1345 0
-1193 -1383 0
-1193 -1421 0
-1193 -1459 0
-1193 -1497 0
-1231 -1269 0
-1231 -1307 0
-1231 -1345 0
-1231 -1383 0
-1231 -1421 0
-1231 -1459 0
-1231 -1497 0
-1269 -1307 0
-1269 -1345 0
-1269 -1383 0
-1269 -1421 0
-1269 -1459 0
-1269 -1497 0
-1307 -1345 0
-1307 -1383 0
-1307 -1421 0
-1307 -1459 0
-1307 -1497 0
-1345 -1383 0
-1345 -1421 0
-1345 -1459 0
-1345 -1497 0
-1383 -1421 0
-1383 -1459 0
-1383 -1497 0
-1421 -1459 0
-1421 -1497 0
-1459 -1497 0
-624 -662 0
-624 -700 0
-624 -738 0
-624 -776 0
-624 -814 0
-624 -852 0
-624 -890 0
-624 -928 0
-624 -966 0
-624 -1004 0
-624 -1042 0
-624 -1080 0
-624 -1118 0
-624 -1156 0
-624 -1194 0
-624 -1232 0
-624 -1270 0
-624 -1308 0
-624 -1346 0
-624 -1384 0
-624 -1422 0
-624 -1460 0
-624 -1498 0
-662 -700 0
-662 -738 0
-662 -776 0
-662 -814 0
-662 -852 0
-662 -890 0
-662 -928 0
-662 -966 0
-662 -1004 0
-662 -1042 0
-662 -1080 0
-662 -1118 0
-662 -1156 0
-662 -1194 0
-662 -1232 0
-662 -1270 0
-662 -1308 0
-662 -1346 0
-662 -1384 0
-662 -1422 0
-662 -1460 0
-662 -1498 0
-700 -738 0
-700 -776 0
-700 -814 0
-700 -852 0
-700 -890 0
-700 -928 0
-700 -966 0
-700 -1004 0
-700 -1042 0
-700 -1080 0
-700 -1118 0
-700 -1156 0
-700 -1194 0
-700 -1232 0
-700 -1270 0
-700 -1308 0
-700 -1346 0
-700 -1384 0
-700 -1422 0
-700 -1460 0
-700 -1498 0
-738 -776 0
-738 -814 0
-738 -852 0
-738 -890 0
-738 -928 0
-738 -966 0
-738 -1004 0
-738 -1042 0
-738 -1080 0
-738 -1118 0
-738 -1156 0
-738 -1194 0
-738 -1232 0
-738 -1270 0
-738 -1308 0
-738 -1346 0
-738 -1384 0
-738 -1422 0
-738 -1460 0
-738 -1498 0
-776 -814 0
-776 -852 0
-776 -890 0
-776 -928 0
-776 -966 0
-776 -1004 0
-776 -1042 0
-776 -1080 0
-776 -1118 0
-776 -1156 0
-776 -1194 0
-776 -1232 0
-776 -1270 0
-776 -1308 0
-776 -1346 0
-776 -1384 0
-776 -1422 0
-776 -1460 0
-776 -1498 0
-814 -852 0
-814 -890 0
-814 -928 0
-814 -966 0
-814 -1004 0
-814 -1042 0
-814 -1080 0
-814 -1118 0
-814 -1156 0
-814 -1194 0
-814 -1232 0
-814 -1270 0
-814 -1308 0
-814 -1346 0
-814 -1384 0
-814 -1422 0
-814 -1460 0
-814 -1498 0
-852 -890 0
-852 -928 0
-852 -966 0
-852 -1004 0
-852 -1042 0
-852 -1080 0
-852 -1118 0
-852 -1156 0
-852 -1194 0
-852 -1232 0
-852 -1270 0
-852 -1308 0
-852 -1346 0
-852 -1384 0
-852 -1422 0
-852 -1460 0
-852 -1498 0
-890 -928 0
-890 -966 0
-890 -1004 0
-890 -1042 0
-890 -1080 0
-890 -1118 0
-890 -1156 0
-890 -1194 0
-890 -1232 0
-890 -1270 0
-890 -1308 0
-890 -1346 0
-890 -1384 0
-890 -1422 0
-890 -1460 0
-890 -1498 0
-928 -966 0
-928 -1004 0
-928 -1042 0
-928 -1080 0
-928 -1118 0
-928 -1156 0
-928 -1194 0
-928 -1232 0
-928 -1270 0
-928 -1308 0
-928 -1346 0
-928 -1384 0
-928 -1422 0
-928 -1460 0
-928 -1498 0
-966 -1004 0
-966 -1042 0
-966 -1080 0
-966 -1118 0
-966 -1156 0
-966 -1194 0
-966 -1232 0
-966 -1270 0
-966 -1308 0
-966 -1346 0
-966 -1384 0
-966 -1422 0
-966 -1460 0
-966 -1498 0
-1004 -1042 0
-1004 -1080 0
-1004 -1118 0
-1004 -1156 0
-1004 -1194 0
-1004 -1232 0
-1004 -1270 0
-1004 -1308 0
-1004 -1346 0
-1004 -1384 0
-1004 -1422 0
-1004 -1460 0
-1004 -1498 0
-1042 -1080 0
-1042 -1118 0
-1042 -1156 0
-1042 -1194 0
-1042 -1232 0
-1042 -1270 0
-1042 -1308 0
-1042 -1346 0
-1042 -1384 0
-1042 -1422 0
-1042 -1460 0
-1042 -1498 0
-1080 -1118 0
-1080 -1156 0
-1080 -1194 0
-1080 -1232 0
-1080 -1270 0
-1080 -1308 0
-1080 -1346 0
-1080 -1384 0
-1080 -1422 0
-1080 -1460 0
-1080 -1498 0
-1118 -1156 0
-1118 -1194 0
-1118 -1232 0
-1118 -1270 0
-1118 -1308 0
-1118 -1346 0
-1118 -1384 0
-1118 -1422 0
-1118 -1460 0
-1118 -1498 0
-1156 -1194 0
-1156 -1232 0
-1156 -1270 0
-1156 -1308 0
-1156 -1346 0
-1156 -1384 0
-1156 -1422 0
-1156 -1460 0
-1156 -1498 0
-1194 -1232 0
-1194 -1270 0
-1194 -1308 0
-1194 -1346 0
-1194 -1384 0
-1194 -1422 0
-1194 -1460 0
-1194 -1498 0
-1232 -1270 0
-1232 -1308 0
-1232 -1346 0
-1232 -1384 0
-1232 -1422 0
-1232 -1460 0
-1232 -1498 0
-1270 -1308 0
-1270 -1346 0
-1270 -1384 0
-1270 -1422 0
-1270 -1460 0
-1270 -1498 0
-1308 -1346 0
-1308 -1384 0
-1308 -1422 0
-1308 -1460 0
-1308 -1498 0
-1346 -1384 0
-1346 -1422 0
-1346 -1460 0
-1346 -1498 0
-1384 -1422 0
-1384 -1460 0
-1384 -1498 0
-1422 -1460 0
-1422 -1498 0
-1460 -1498 0
-663 -701 0
-663 -739 0
-663 -777 0
-663 -815 0
-663 -853 0
-663 -891 0
-663 -929 0
-663 -967 0
-663 -1005 0
-663 -1043 0
-663 -1081 0
-663 -1119 0
-663 -1157 0
-663 -1195 0
-663 -1233 0
-663 -1271 0
-663 -1309 0
-663 -1347 0
-663 -1385 0
-663 -1423 0
-663 -1461 0
-663 -1499 0
-701 -739 0
-701 -777 0
-701 -815 0
-701 -853 0
-701 -891 0
-701 -929 0
-701 -967 0
-701 -1005 0
-701 -1043 0
-701 -1081 0
-701 -1119 0
-701 -1157 0
-701 -1195 0
-701 -1233 0
-701 -1271 0
-701 -1309 0
-701 -1347 0
-701 -1385 0
-701 -1423 0
-701 -1461 0
-701 -1499 0
-739 -777 0
-739 -815 0
-739 -853 0
-739 -891 0
-739 -929 0
-739 -967 0
-739 -1005 0
-739 -1043 0
-739 -1081 0
-739 -1119 0
-739 -1157 0
-739 -1195 0
-739 -1233 0
-739 -1271 0
-739 -1309 0
-739 -1347 0
-739 -1385 0
-739 -1423 0
-739 -1461 0
-739 -1499 0
-777 -815 0
-777 -853 0
-777 -891 0
-777 -929 0
-777 -967 0
-777 -1005 0
-777 -1043 0
-777 -1081 0
-777 -1119 0
-777 -1157 0
-777 -1195 0
-777 -1233 0
-777 -1271 0
-777 -1309 0
-777 -1347 0
-777 -1385 0
-777 -1423 0
-777 -1461 0
-777 -1499 0
-815 -853 0
-815 -891 0
-815 -929 0
-815 -967 0
-815 -1005 0
-815 -1043 0
-815 -1081 0
-815 -1119 0
-815 -1157 0
-815 -1195 0
-815 -1233 0
-815 -1271 0
-815 -1309 0
-815 -1347 0
-815 -1385 0
-815 -1423 0
-815 -1461 0
-815 -1499 0
-853 -891 0
-853 -929 0
-853 -967 0
-853 -1005 0
-853 -1043 0
-853 -1081 0
-853 -1119 0
-853 -1157 0
-853 -1195 0
-853 -1233 0
-853 -1271 0
-853 -1309 0
-853 -1347 0
-853 -1385 0
-853 -1423 0
-853 -1461 0
-853 -1499 0
-891 -929 0
-891 -967 0
-891 -1005 0
-891 -1043 0
-891 -1081 0
-891 -1119 0
-891 -1157 0
-891 -1195 0
-891 -1233 0
-891 -1271 0
-891 -1309 0
-891 -1347 0
-891 -1385 0
-891 -1423 0
-891 -1461 0
-891 -1499 0
-929 -967 0
-929 -1005 0
-929 -1043 0
-929 -1081 0
-929 -1119 0
-929 -1157 0
-929 -1195 0
-929 -1233 0
-929 -1271 0
-929 -1309 0
-929 -1347 0
-929 -1385 0
-929 -1423 0
-929 -1461 0
-929 -1499 0
-967 -1005 0
-967 -1043 0
-967 -1081 0
-967 -1119 0
-967 -1157 0
-967 -1195 0
-967 -1233 0
-967 -1271 0
-967 -1309 0
-967 -1347 0
-967 -1385 0
-967 -1423 0
-967 -1461 0
-967 -1499 0
-1005 -1043 0
-1005 -1081 0
-1005 -1119 0
-1005 -1157 0
-1005 -1195 0
-1005 -1233 0
-1005 -1271 0
-1005 -1309 0
-1005 -1347 0
-1005 -1385 0
-1005 -1423 0
-1005 -1461 0
-1005 -1499 0
-1043 -1081 0
-1043 -1119 0
-1043 -1157 0
-1043 -1195 0
-1043 -1233 0
-1043 -1271 0
-1043 -1309 0
-1043 -1347 0
-1043 -1385 0
-1043 -1423 0
-1043 -1461 0
-1043 -1499 0
-1081 -1119 0
-1081 -1157 0
-1081 -1195 0
-1081 -1233 0
-1081 -1271 0
-1081 -1309 0
-1081 -1347 0
-1081 -1385 0
-1081 -1423 0
-1081 -1461 0
-1081 -1499 0
-1119 -1157 0
-1119 -1195 0
-1119 -1233 0
-1119 -1271 0
-1119 -1309 0
-1119 -1347 0
-1119 -1385 0
-1119 -1423 0
-1119 -1461 0
-1119 -1499 0
-1157 -1195 0
-1157 -1233 0
-1157 -1271 0
-1157 -1309 0
-1157 -1347 0
-1157 -1385 0
-1157 -1423 0
-1157 -1461 0
-1157 -1499 0
-1195 -1233 0
-1195 -1271 0
-1195 -1309 0
-1195 -1347 0
-1195 -1385 0
-1195 -1423 0
-1195 -1461 0
-1195 -1499 0
-1233 -1271 0
-1233 -1309 0
-1233 -1347 0
-1233 -1385 0
-1233 -1423 0
-1233 -1461 0
-1233 -1499 0
-1271 -1309 0
-1271 -1347 0
-1271 -1385 0
-1271 -1423 0
-1271 -1461 0
-1271 -1499 0
-1309 -1347 0
-1309 -1385 0
-1309 -1423 0
-1309 -1461 0
-1309 -1499 0
-1347 -1385 0
-1347 -1423 0
-1347 -1461 0
-1347 -1499 0
-1385 -1423 0
-1385 -1461 0
-1385 -1499 0
-1423 -1461 0
-1423 -1499 0
-1461 -1499 0
-702 -740 0
-702 -778 0
-702 -816 0
-702 -854 0
-702 -892 0
-702 -930 0
-702 -968 0
-702 -1006 0
-702 -1044 0
-702 -1082 0
-702 -1120 0
-702 -1158 0
-702 -1196 0
-702 -1234 0
-702 -1272 0
-702 -1310 0
-702 -1348 0
-702 -1386 0
-702 -1424 0
-702 -1462 0
-702 -1500 0
-740 -778 0
-740 -816 0
-740 -854 0
-740 -892 0
-740 -930 0
-740 -968 0
-740 -1006 0
-740 -1044 0
-740 -1082 0
-740 -1120 0
-740 -1158 0
-740 -1196 0
-740 -1234 0
-740 -1272 0
-740 -1310 0
-740 -1348 0
-740 -1386 0
-740 -1424 0
-740 -1462 0
-740 -1500 0
-778 -816 0
-778 -854 0
-778 -892 0
-778 -930 0
-778 -968 0
-778 -1006 0
-778 -1044 0
-778 -1082 0
-778 -1120 0
-778 -1158 0
-778 -1196 0
-778 -1234 0
-778 -1272 0
-778 -1310 0
-778 -1348 0
-778 -1386 0
-778 -1424 0
-778 -1462 0
-778 -1500 0
-816 -854 0
-816 -892 0
-816 -930 0
-816 -968 0
-816 -1006 0
-816 -1044 0
-816 -1082 0
-816 -1120 0
-816 -1158 0
-816 -1196 0
-816 -1234 0
-816 -1272 0
-816 -1310 0
-816 -1348 0
-816 -1386 0
-816 -1424 0
-816 -1462 0
-816 -1500 0
-854 -892 0
-854 -930 0
-854 -968 0
-854 -1006 0
-854 -1044 0
-854 -1082 0
-854 -1120 0
-854 -1158 0
-854 -1196 0
-854 -1234 0
-854 -1272 0
-854 -1310 0
-854 -1348 0
-854 -1386 0
-854 -1424 0
-854 -1462 0
-854 -1500 0
-892 -930 0
-892 -968 0
-892 -1006 0
-892 -1044 0
-892 -1082 0
-892 -1120 0
-892 -1158 0
-892 -1196 0
-892 -1234 0
-892 -1272 0
-892 -1310 0
-892 -1348 0
-892 -1386 0
-892 -1424 0
-892 -1462 0
-892 -1500 0
-930 -968 0
-930 -1006 0
-930 -1044 0
-930 -1082 0
-930 -1120 0
-930 -1158 0
-930 -1196 0
-930 -1234 0
-930 -1272 0
-930 -1310 0
-930 -1348 0
-930 -1386 0
-930 -1424 0
-930 -1462 0
-930 -1500 0
-968 -1006 0
-968 -1044 0
-968 -1082 0
-968 -1120 0
-968 -1158 0
-968 -1196 0
-968 -1234 0
-968 -1272 0
-968 -1310 0
-968 -1348 0
-968 -1386 0
-968 -1424 0
-968 -1462 0
-968 -1500 0
-1006 -1044 0
-1006 -1082 0
-1006 -1120 0
-1006 -1158 0
-1006 -1196 0
-1006 -1234 0
-1006 -1272 0
-1006 -1310 0
-1006 -1348 0
-1006 -1386 0
-1006 -1424 0
-1006 -1462 0
-1006 -1500 0
-1044 -1082 0
-1044 -1120 0
-1044 -1158 0
-1044 -1196 0
-1044 -1234 0
-1044 -1272 0
-1044 -1310 0
-1044 -1348 0
-1044 -1386 0
-1044 -1424 0
-1044 -1462 0
-1044 -1500 0
-1082 -1120 0
-1082 -1158 0
-1082 -1196 0
-1082 -1234 0
-1082 -1272 0
-1082 -1310 0
-1082 -1348 0
-1082 -1386 0
-1082 -1424 0
-1082 -1462 0
-1082 -1500 0
-1120 -1158 0
-1120 -1196 0
-1120 -1234 0
-1120 -1272 0
-1120 -1310 0
-1120 -1348 0
-1120 -1386 0
-1120 -1424 0
-1120 -1462 0
-1120 -1500 0
-1158 -1196 0
-1158 -1234 0
-1158 -1272 0
-1158 -1310 0
-1158 -1348 0
-1158 -1386 0
-1158 -1424 0
-1158 -1462 0
-1158 -1500 0
-1196 -1234 0
-1196 -1272 0
-1196 -1310 0
-1196 -1348 0
-1196 -1386 0
-1196 -1424 0
-1196 -1462 0
-1196 -1500 0
-1234 -1272 0
-1234 -1310 0
-1234 -1348 0
-1234 -1386 0
-1234 -1424 0
-1234 -1462 0
-1234 -1500 0
-1272 -1310 0
-1272 -1348 0
-1272 -1386 0
-1272 -1424 0
-1272 -1462 0
-1272 -1500 0
-1310 -1348 0
-1310 -1386 0
-1310 -1424 0
-1310 -1462 0
-1310 -1500 0
-1348 -1386 0
-1348 -1424 0
-1348 -1462 0
-1348 -1500 0
-1386 -1424 0
-1386 -1462 0
-1386 -1500 0
-1424 -1462 0
-1424 -1500 0
-1462 -1500 0
-741 -779 0
-741 -817 0
-741 -855 0
-741 -893 0
-741 -931 0
-741 -969 0
-741 -1007 0
-741 -1045 0
-741 -1083 0
-741 -1121 0
-741 -1159 0
-741 -1197 0
-741 -1235 0
-741 -1273 0
-741 -1311 0
-741 -1349 0
-741 -1387 0
-741 -1425 0
-741 -1463 0
-741 -1501 0
-779 -817 0
-779 -855 0
-779 -893 0
-779 -931 0
-779 -969 0
-779 -1007 0
-779 -1045 0
-779 -1083 0
-779 -1121 0
-779 -1159 0
-779 -1197 0
-779 -1235 0
-779 -1273 0
-779 -1311 0
-779 -1349 0
-779 -1387 0
-779 -1425 0
-779 -1463 0
-779 -1501 0
-817 -855 0
-817 -893 0
-817 -931 0
-817 -969 0
-817 -1007 0
-817 -1045 0
-817 -1083 0
-817 -1121 0
-817 -1159 0
-817 -1197 0
-817 -1235 0
-817 -1273 0
-817 -1311 0
-817 -1349 0
-817 -1387 0
-817 -1425 0
-817 -1463 0
-817 -1501 0
-855 -893 0
-855 -931 0
-855 -969 0
-855 -1007 0
-855 -1045 0
-855 -1083 0
-855 -1121 0
-855 -1159 0
-855 -1197 0
-855 -1235 0
-855 -1273 0
-855 -1311 0
-855 -1349 0
-855 -1387 0
-855 -1425 0
-855 -1463 0
-855 -1501 0
-893 -931 0
-893 -969 0
-893 -1007 0
-893 -1045 0
-893 -1083 0
-893 -1121 0
-893 -1159 0
-893 -1197 0
-893 -1235 0
-893 -1273 0
-893 -1311 0
-893 -1349 0
-893 -1387 0
-893 -1425 0
-893 -1463 0
-893 -1501 0
-931 -969 0
-931 -1007 0
-931 -1045 0
-931 -1083 0
-931 -1121 0
-931 -1159 0
-931 -1197 0
-931 -1235 0
-931 -1273 0
-931 -1311 0
-931 -1349 0
-931 -1387 0
-931 -1425 0
-931 -1463 0
-931 -1501 0
-969 -1007 0
-969 -1045 0
-969 -1083 0
-969 -1121 0
-969 -1159 0
-969 -1197 0
-969 -1235 0
-969 -1273 0
-969 -1311 0
-969 -1349 0
-969 -1387 0
-969 -1425 0
-969 -1463 0
-969 -1501 0
-1007 -1045 0
-1007 -1083 0
-1007 -1121 0
-1007 -1159 0
-1007 -1197 0
-1007 -1235 0
-1007 -1273 0
-1007 -1311 0
-1007 -1349 0
-1007 -1387 0
-1007 -1425 0
-1007 -1463 0
-1007 -1501 0
-1045 -1083 0
-1045 -1121 0
-1045 -1159 0
-1045 -1197 0
-1045 -1235 0
-1045 -1273 0
-1045 -1311 0
-1045 -1349 0
-1045 -1387 0
-1045 -1425 0
-1045 -1463 0
-1045 -1501 0
-1083 -1121 0
-1083 -1159 0
-1083 -1197 0
-1083 -1235 0
-1083 -1273 0
-1083 -1311 0
-1083 -1349 0
-1083 -1387 0
-1083 -1425 0
-1083 -1463 0
-1083 -1501 0
-1121 -1159 0
-1121 -1197 0
-1121 -1235 0
-1121 -1273 0
-1121 -1311 0
-1121 -1349 0
-1121 -1387 0
-1121 -1425 0
-1121 -1463 0
-1121 -1501 0
-1159 -1197 0
-1159 -1235 0
-1159 -1273 0
-1159 -1311 0
-1159 -1349 0
-1159 -1387 0
-1159 -1425 0
-1159 -1463 0
-1159 -1501 0
-1197 -1235 0
-1197 -1273 0
-1197 -1311 0
-1197 -1349 0
-1197 -1387 0
-1197 -1425 0
-1197 -1463 0
-1197 -1501 0
-1235 -1273 0
-1235 -1311 0
-1235 -1349 0
-1235 -1387 0
-1235 -1425 0
-1235 -1463 0
-1235 -1501 0
-1273 -1311 0
-1273 -1349 0
-1273 -1387 0
-1273 -1425 0
-1273 -1463 0
-1273 -1501 0
-1311 -1349 0
-1311 -1387 0
-1311 -1425 0
-1311 -1463 0
-1311 -1501 0
-1349 -1387 0
-1349 -1425 0
-1349 -1463 0
-1349 -1501 0
-1387 -1425 0
-1387 -1463 0
-1387 -1501 0
-1425 -1463 0
-1425 -1501 0
-1463 -1501 0
-780 -818 0
-780 -856 0
-780 -894 0
-780 -932 0
-780 -970 0
-780 -1008 0
-780 -1046 0
-780 -1084 0
-780 -1122 0
-780 -1160 0
-780 -1198 0
-780 -1236 0
-780 -1274 0
-780 -1312 0
-780 -1350 0
-780 -1388 0
-780 -1426 0
-780 -1464 0
-780 -1502 0
-818 -856 0
-818 -894 0
-818 -932 0
-818 -970 0
-818 -1008 0
-818 -1046 0
-818 -1084 0
-818 -1122 0
-818 -1160 0
-818 -1198 0
-818 -1236 0
-818 -1274 0
-818 -1312 0
-818 -1350 0
-818 -1388 0
-818 -1426 0
-818 -1464 0
-818 -1502 0
-856 -894 0
-856 -932 0
-856 -970 0
-856 -1008 0
-856 -1046 0
-856 -1084 0
-856 -1122 0
-856 -1160 0
-856 -1198 0
-856 -1236 0
-856 -1274 0
-856 -1312 0
-856 -1350 0
-856 -1388 0
-856 -1426 0
-856 -1464 0
-856 -1502 0
-894 -932 0
-894 -970 0
-894 -1008 0
-894 -1046 0
-894 -1084 0
-894 -1122 0
-894 -1160 0
-894 -1198 0
-894 -1236 0
-894 -1274 0
-894 -1312 0
-894 -1350 0
-894 -1388 0
-894 -1426 0
-894 -1464 0
-894 -1502 0
-932 -970 0
-932 -1008 0
-932 -1046 0
-932 -1084 0
-932 -1122 0
-932 -1160 0
-932 -1198 0
-932 -1236 0
-932 -1274 0
-932 -1312 0
-932 -1350 0
-932 -1388 0
-932 -1426 0
-932 -1464 0
-932 -1502 0
-970 -1008 0
-970 -1046 0
-970 -1084 0
-970 -1122 0
-970 -1160 0
-970 -1198 0
-970 -1236 0
-970 -1274 0
-970 -1312 0
-970 -1350 0
-970 -1388 0
-970 -1426 0
-970 -1464 0
-970 -1502 0
-1008 -1046 0
-1008 -1084 0
-1008 -1122 0
-1008 -1160 0
-1008 -1198 0
-1008 -1236 0
-1008 -1274 0
-1008 -1312 0
-1008 -1350 0
-1008 -1388 0
-1008 -1426 0
-1008 -1464 0
-1008 -1502 0
-1046 -1084 0
-1046 -1122 0
-1046 -1160 0
-1046 -1198 0
-1046 -1236 0
-1046 -1274 0
-1046 -1312 0
-1046 -1350 0
-1046 -1388 0
-1046 -1426 0
-1046 -1464 0
-1046 -1502 0
-1084 -1122 0
-1084 -1160 0
-1084 -1198 0
-1084 -1236 0
-1084 -1274 0
-1084 -1312 0
-1084 -1350 0
-1084 -1388 0
-1084 -1426 0
-1084 -1464 0
-1084 -1502 0
-1122 -1160 0
-1122 -1198 0
-1122 -1236 0
-1122 -1274 0
-1122 -1312 0
-1122 -1350 0
-1122 -1388 0
-1122 -1426 0
-1122 -1464 0
-1122 -1502 0
-1160 -1198 0
-1160 -1236 0
-1160 -1274 0
-1160 -1312 0
-1160 -1350 0
-1160 -1388 0
-1160 -1426 0
-1160 -1464 0
-1160 -1502 0
-1198 -1236 0
-1198 -1274 0
-1198 -1312 0
-1198 -1350 0
-1198 -1388 0
-1198 -1426 0
-1198 -1464 0
-1198 -1502 0
-1236 -1274 0
-1236 -1312 0
-1236 -1350 0
-1236 -1388 0
-1236 -1426 0
-1236 -1464 0
-1236 -1502 0
-1274 -1312 0
-1274 -1350 0
-1274 -1388 0
-1274 -1426 0
-1274 -1464 0
-1274 -1502 0
-1312 -1350 0
-1312 -1388 0
-1312 -1426 0
-1312 -1464 0
-1312 -1502 0
-1350 -1388 0
-1350 -1426 0
-1350 -1464 0
-1350 -1502 0
-1388 -1426 0
-1388 -1464 0
-1388 -1502 0
-1426 -1464 0
-1426 -1502 0
-1464 -1502 0
-819 -857 0
-819 -895 0
-819 -933 0
-819 -971 0
-819 -1009 0
-819 -1047 0
-819 -1085 0
-819 -1123 0
-819 -1161 0
-819 -1199 0
-819 -1237 0
-819 -1275 0
-819 -1313 0
-819 -1351 0
-819 -1389 0
-819 -1427 0
-819 -1465 0
-819 -1503 0
-857 -895 0
-857 -933 0
-857 -971 0
-857 -1009 0
-857 -1047 0
-857 -1085 0
-857 -1123 0
-857 -1161 0
-857 -1199 0
-857 -1237 0
-857 -1275 0
-857 -1313 0
-857 -1351 0
-857 -1389 0
-857 -1427 0
-857 -1465 0
-857 -1503 0
-895 -933 0
-895 -971 0
-895 -1009 0
-895 -1047 0
-895 -1085 0
-895 -1123 0
-895 -1161 0
-895 -1199 0
-895 -1237 0
-895 -1275 0
-895 -1313 0
-895 -1351 0
-895 -1389 0
-895 -1427 0
-895 -1465 0
-895 -1503 0
-933 -971 0
-933 -1009 0
-933 -1047 0
-933 -1085 0
-933 -1123 0
-933 -1161 0
-933 -1199 0
-933 -1237 0
-933 -1275 0
-933 -1313 0
-933 -1351 0
-933 -1389 0
-933 -1427 0
-933 -1465 0
-933 -1503 0
-971 -1009 0
-971 -1047 0
-971 -1085 0
-971 -1123 0
-971 -1161 0
-971 -1199 0
-971 -1237 0
-971 -1275 0
-971 -1313 0
-971 -1351 0
-971 -1389 0
-971 -1427 0
-971 -1465 0
-971 -1503 0
-1009 -1047 0
-1009 -1085 0
-1009 -1123 0
-1009 -1161 0
-1009 -1199 0
-1009 -1237 0
-1009 -1275 0
-1009 -1313 0
-1009 -1351 0
-1009 -1389 0
-1009 -1427 0
-1009 -1465 0
-1009 -1503 0
-1047 -1085 0
-1047 -1123 0
-1047 -1161 0
-1047 -1199 0
-1047 -1237 0
-1047 -1275 0
-1047 -1313 0
-1047 -1351 0
-1047 -1389 0
-1047 -1427 0
-1047 -1465 0
-1047 -1503 0
-1085 -1123 0
-1085 -1161 0
-1085 -1199 0
-1085 -1237 0
-1085 -1275 0
-1085 -1313 0
-1085 -1351 0
-1085 -1389 0
-1085 -1427 0
-1085 -1465 0
-1085 -1503 0
-1123 -1161 0
-1123 -1199 0
-1123 -1237 0
-1123 -1275 0
-1123 -1313 0
-1123 -1351 0
-1123 -1389 0
-1123 -1427 0
-1123 -1465 0
-1123 -1503 0
-1161 -1199 0
-1161 -1237 0
-1161 -1275 0
-1161 -1313 0
-1161 -1351 0
-1161 -1389 0
-1161 -1427 0
-1161 -1465 0
-1161 -1503 0
-1199 -1237 0
-1199 -1275 0
-1199 -1313 0
-1199 -1351 0
-1199 -1389 0
-1199 -1427 0
-1199 -1465 0
-1199 -1503 0
-1237 -1275 0
-1237 -1313 0
-1237 -1351 0
-1237 -1389 0
-1237 -1427 0
-1237 -1465 0
-1237 -1503 0
-1275 -1313 0
-1275 -1351 0
-1275 -1389 0
-1275 -1427 0
-1275 -1465 0
-1275 -1503 0
-1313 -1351 0
-1313 -1389 0
-1313 -1427 0
-1313 -1465 0
-1313 -1503 0
-1351 -1389 0
-1351 -1427 0
-1351 -1465 0
-1351 -1503 0
-1389 -1427 0
-1389 -1465 0
-1389 -1503 0
-1427 -1465 0
-1427 -1503 0
-1465 -1503 0
-858 -896 0
-858 -934 0
-858 -972 0
-858 -1010 0
-858 -1048 0
-858 -1086 0
-858 -1124 0
-858 -1162 0
-858 -1200 0
-858 -1238 0
-858 -1276 0
-858 -1314 0
-858 -1352 0
-858 -1390 0
-858 -1428 0
-858 -1466 0
-858 -1504 0
-896 -934 0
-896 -972 0
-896 -1010 0
-896 -1048 0
-896 -1086 0
-896 -1124 0
-896 -1162 0
-896 -1200 0
-896 -1238 0
-896 -1276 0
-896 -1314 0
-896 -1352 0
-896 -1390 0
-896 -1428 0
-896 -1466 0
-896 -1504 0
-934 -972 0
-934 -1010 0
-934 -1048 0
-934 -1086 0
-934 -1124 0
-934 -1162 0
-934 -1200 0
-934 -1238 0
-934 -1276 0
-934 -1314 0
-934 -1352 0
-934 -1390 0
-934 -1428 0
-934 -1466 0
-934 -1504 0
-972 -1010 0
-972 -1048 0
-972 -1086 0
-972 -1124 0
-972 -1162 0
-972 -1200 0
-972 -1238 0
-972 -1276 0
-972 -1314 0
-972 -1352 0
-972 -1390 0
-972 -1428 0
-972 -1466 0
-972 -1504 0
-1010 -1048 0
-1010 -1086 0
-1010 -1124 0
-1010 -1162 0
-1010 -1200 0
-1010 -1238 0
-1010 -1276 0
-1010 -1314 0
-1010 -1352 0
-1010 -1390 0
-1010 -1428 0
-1010 -1466 0
-1010 -1504 0
-1048 -1086 0
-1048 -1124 0
-1048 -1162 0
-1048 -1200 0
-1048 -1238 0
-1048 -1276 0
-1048 -1314 0
-1048 -1352 0
-1048 -1390 0
-1048 -1428 0
-1048 -1466 0
-1048 -1504 0
-1086 -1124 0
-1086 -1162 0
-1086 -1200 0
-1086 -1238 0
-1086 -1276 0
-1086 -1314 0
-1086 -1352 0
-1086 -1390 0
-1086 -1428 0
-1086 -1466 0
-1086 -1504 0
-1124 -1162 0
-1124 -1200 0
-1124 -1238 0
-1124 -1276 0
-1124 -1314 0
-1124 -1352 0
-1124 -1390 0
-1124 -1428 0
-1124 -1466 0
-1124 -1504 0
-1162 -1200 0
-1162 -1238 0
-1162 -1276 0
-1162 -1314 0
-1162 -1352 0
-1162 -1390 0
-1162 -1428 0
-1162 -1466 0
-1162 -1504 0
-1200 -1238 0
-1200 -1276 0
-1200 -1314 0
-1200 -1352 0
-1200 -1390 0
-1200 -1428 0
-1200 -1466 0
-1200 -1504 0
-1238 -1276 0
-1238 -1314 0
-1238 -1352 0
-1238 -1390 0
-1238 -1428 0
-1238 -1466 0
-1238 -1504 0
-1276 -1314 0
-1276 -1352 0
-1276 -1390 0
-1276 -1428 0
-1276 -1466 0
-1276 -1504 0
-1314 -1352 0
-1314 -1390 0
-1314 -1428 0
-1314 -1466 0
-1314 -1504 0
-1352 -1390 0
-1352 -1428 0
-1352 -1466 0
-1352 -1504 0
-1390 -1428 0
-1390 -1466 0
-1390 -1504 0
-1428 -1466 0
-1428 -1504 0
-1466 -1504 0
-897 -935 0
-897 -973 0
-897 -1011 0
-897 -1049 0
-897 -1087 0
-897 -1125 0
-897 -1163 0
-897 -1201 0
-897 -1239 0
-897 -1277 0
-897 -1315 0
-897 -1353 0
-897 -1391 0
-897 -1429 0
-897 -1467 0
-897 -1505 0
-935 -973 0
-935 -1011 0
-935 -1049 0
-935 -1087 0
-935 -1125 0
-935 -1163 0
-935 -1201 0
-935 -1239 0
-935 -1277 0
-935 -1315 0
-935 -1353 0
-935 -1391 0
-935 -1429 0
-935 -1467 0
-935 -1505 0
-973 -1011 0
-973 -1049 0
-973 -1087 0
-973 -1125 0
-973 -1163 0
-973 -1201 0
-973 -1239 0
-973 -1277 0
-973 -1315 0
-973 -1353 0
-973 -1391 0
-973 -1429 0
-973 -1467 0
-973 -1505 0
-1011 -1049 0
-1011 -1087 0
-1011 -1125 0
-1011 -1163 0
-1011 -1201 0
-1011 -1239 0
-1011 -1277 0
-1011 -1315 0
-1011 -1353 0
-1011 -1391 0
-1011 -1429 0
-1011 -1467 0
-1011 -1505 0
-1049 -1087 0
-1049 -1125 0
-1049 -1163 0
-1049 -1201 0
-1049 -1239 0
-1049 -1277 0
-1049 -1315 0
-1049 -1353 0
-1049 -1391 0
-1049 -1429 0
-1049 -1467 0
-1049 -1505 0
-1087 -1125 0
-1087 -1163 0
-1087 -1201 0
-1087 -1239 0
-1087 -1277 0
-1087 -1315 0
-1087 -1353 0
-1087 -1391 0
-1087 -1429 0
-1087 -1467 0
-1087 -1505 0
-1125 -1163 0
-1125 -1201 0
-1125 -1239 0
-1125 -1277 0
-1125 -1315 0
-1125 -1353 0
-1125 -1391 0
-1125 -1429 0
-1125 -1467 0
-1125 -1505 0
-1163 -1201 0
-1163 -1239 0
-1163 -1277 0
-1163 -1315 0
-1163 -1353 0
-1163 -1391 0
-1163 -1429 0
-1163 -1467 0
-1163 -1505 0
-1201 -1239 0
-1201 -1277 0
-1201 -1315 0
-1201 -1353 0
-1201 -1391 0
-1201 -1429 0
-1201 -1467 0
-1201 -1505 0
-1239 -1277 0
-1239 -1315 0
-1239 -1353 0
-1239 -1391 0
-1239 -1429 0
-1239 -1467 0
-1239 -1505 0
-1277 -1315 0
-1277 -1353 0
-1277 -1391 0
-1277 -1429 0
-1277 -1467 0
-1277 -1505 0
-1315 -1353 0
-1315 -1391 0
-1315 -1429 0
-1315 -1467 0
-1315 -1505 0
-1353 -1391 0
-1353 -1429 0
-1353 -1467 0
-1353 -1505 0
-1391 -1429 0
-1391 -1467 0
-1391 -1505 0
-1429 -1467 0
-1429 -1505 0
-1467 -1505 0
-936 -974 0
-936 -1012 0
-936 -1050 0
-936 -1088 0
-936 -1126 0
-936 -1164 0
-936 -1202 0
-936 -1240 0
-936 -1278 0
-936 -1316 0
-936 -1354 0
-936 -1392 0
-936 -1430 0
-936 -1468 0
-936 -1506 0
-974 -1012 0
-974 -1050 0
-974 -1088 0
-974 -1126 0
-974 -1164 0
-974 -1202 0
-974 -1240 0
-974 -1278 0
-974 -1316 0
-974 -1354 0
-974 -1392 0
-974 -1430 0
-974 -1468 0
-974 -1506 0
-1012 -1050 0
-1012 -1088 0
-1012 -1126 0
-1012 -1164 0
-1012 -1202 0
-1012 -1240 0
-1012 -1278 0
-1012 -1316 0
-1012 -1354 0
-1012 -1392 0
-1012 -1430 0
-1012 -1468 0
-1012 -1506 0
-1050 -1088 0
-1050 -1126 0
-1050 -1164 0
-1050 -1202 0
-1050 -1240 0
-1050 -1278 0
-1050 -1316 0
-1050 -1354 0
-1050 -1392 0
-1050 -1430 0
-1050 -1468 0
-1050 -1506 0
-1088 -1126 0
-1088 -1164 0
-1088 -1202 0
-1088 -1240 0
-1088 -1278 0
-1088 -1316 0
-1088 -1354 0
-1088 -1392 0
-1088 -1430 0
-1088 -1468 0
-1088 -1506 0
-1126 -1164 0
-1126 -1202 0
-1126 -1240 0
-1126 -1278 0
-1126 -1316 0
-1126 -1354 0
-1126 -1392 0
-1126 -1430 0
-1126 -1468 0
-1126 -1506 0
-1164 -1202 0
-1164 -1240 0
-1164 -1278 0
-1164 -1316 0
-1164 -1354 0
-1164 -1392 0
-1164 -1430 0
-1164 -1468 0
-1164 -1506 0
-1202 -1240 0
-1202 -1278 0
-1202 -1316 0
-1202 -1354 0
-1202 -1392 0
-1202 -1430 0
-1202 -1468 0
-1202 -1506 0
-1240 -1278 0
-1240 -1316 0
-1240 -1354 0
-1240 -1392 0
-1240 -1430 0
-1240 -1468 0
-1240 -1506 0
-1278 -1316 0
-1278 -1354 0
-1278 -1392 0
-1278 -1430 0
-1278 -1468 0
-1278 -1506 0
-1316 -1354 0
-1316 -1392 0
-1316 -1430 0
-1316 -1468 0
-1316 -1506 0
-1354 -1392 0
-1354 -1430 0
-1354 -1468 0
-1354 -1506 0
-1392 -1430 0
-1392 -1468 0
-1392 -1506 0
-1430 -1468 0
-1430 -1506 0
-1468 -1506 0
-975 -1013 0
-975 -1051 0
-975 -1089 0
-975 -1127 0
-975 -1165 0
-975 -1203 0
-975 -1241 0
-975 -1279 0
-975 -1317 0
-975 -1355 0
-975 -1393 0
-975 -1431 0
-975 -1469 0
-975 -1507 0
-1013 -1051 0
-1013 -1089 0
-1013 -1127 0
-1013 -1165 0
-1013 -1203 0
-1013 -1241 0
-1013 -1279 0
-1013 -1317 0
-1013 -1355 0
-1013 -1393 0
-1013 -1431 0
-1013 -1469 0
-1013 -1507 0
-1051 -1089 0
-1051 -1127 0
-1051 -1165 0
-1051 -1203 0
-1051 -1241 0
-1051 -1279 0
-1051 -1317 0
-1051 -1355 0
-1051 -1393 0
-1051 -1431 0
-1051 -1469 0
-1051 -1507 0
-1089 -1127 0
-1089 -1165 0
-1089 -1203 0
-1089 -1241 0
-1089 -1279 0
-1089 -1317 0
-1089 -1355 0
-1089 -1393 0
-1089 -1431 0
-1089 -1469 0
-1089 -1507 0
-1127 -1165 0
-1127 -1203 0
-1127 -1241 0
-1127 -1279 0
-1127 -1317 0
-1127 -1355 0
-1127 -1393 0
-1127 -1431 0
-1127 -1469 0
-1127 -1507 0
-1165 -1203 0
-1165 -1241 0
-1165 -1279 0
-1165 -1317 0
-1165 -1355 0
-1165 -1393 0
-1165 -1431 0
-1165 -1469 0
-1165 -1507 0
-1203 -1241 0
-1203 -1279 0
-1203 -1317 0
-1203 -1355 0
-1203 -1393 0
-1203 -1431 0
-1203 -1469 0
-1203 -1507 0
-1241 -1279 0
-1241 -1317 0
-1241 -1355 0
-1241 -1393 0
-1241 -1431 0
-1241 -1469 0
-1241 -1507 0
-1279 -1317 0
-1279 -1355 0
-1279 -1393 0
-1279 -1431 0
-1279 -1469 0
-1279 -1507 0
-1317 -1355 0
-1317 -1393 0
-1317 -1431 0
-1317 -1469 0
-1317 -1507 0
-1355 -1393 0
-1355 -1431 0
-1355 -1469 0
-1355 -1507 0
-1393 -1431 0
-1393 -1469 0
-1393 -1507 0
-1431 -1469 0
-1431 -1507 0
-1469 -1507 0
-1014 -1052 0
-1014 -1090 0
-1014 -1128 0
-1014 -1166 0
-1014 -1204 0
-1014 -1242 0
-1014 -1280 0
-1014 -1318 0
-1014 -1356 0
-1014 -1394 0
-1014 -1432 0
-1014 -1470 0
-1014 -1508 0
-1052 -1090 0
-1052 -1128 0
-1052 -1166 0
-1052 -1204 0
-1052 -1242 0
-1052 -1280 0
-1052 -1318 0
-1052 -1356 0
-1052 -1394 0
-1052 -1432 0
-1052 -1470 0
-1052 -1508 0
-1090 -1128 0
-1090 -1166 0
-1090 -1204 0
-1090 -1242 0
-1090 -1280 0
-1090 -1318 0
-1090 -1356 0
-1090 -1394 0
-1090 -1432 0
-1090 -1470 0
-1090 -1508 0
-1128 -1166 0
-1128 -1204 0
-1128 -1242 0
-1128 -1280 0
-1128 -1318 0
-1128 -1356 0
-1128 -1394 0
-1128 -1432 0
-1128 -1470 0
-1128 -1508 0
-1166 -1204 0
-1166 -1242 0
-1166 -1280 0
-1166 -1318 0
-1166 -1356 0
-1166 -1394 0
-1166 -1432 0
-1166 -1470 0
-1166 -1508 0
-1204 -1242 0
-1204 -1280 0
-1204 -1318 0
-1204 -1356 0
-1204 -1394 0
-1204 -1432 0
-1204 -1470 0
-1204 -1508 0
-1242 -1280 0
-1242 -1318 0
-1242 -1356 0
-1242 -1394 0
-1242 -1432 0
-1242 -1470 0
-1242 -1508 0
-1280 -1318 0
-1280 -1356 0
-1280 -1394 0
-1280 -1432 0
-1280 -1470 0
-1280 -1508 0
-1318 -1356 0
-1318 -1394 0
-1318 -1432 0
-1318 -1470 0
-1318 -1508 0
-1356 -1394 0
-1356 -1432 0
-1356 -1470 0
-1356 -1508 0
-1394 -1432 0
-1394 -1470 0
-1394 -1508 0
-1432 -1470 0
-1432 -1508 0
-1470 -1508 0
-1053 -1091 0
-1053 -1129 0
-1053 -1167 0
-1053 -1205 0
-1053 -1243 0
-1053 -1281 0
-1053 -1319 0
-1053 -1357 0
-1053 -1395 0
-1053 -1433 0
-1053 -1471 0
-1053 -1509 0
-1091 -1129 0
-1091 -1167 0
-1091 -1205 0
-1091 -1243 0
-1091 -1281 0
-1091 -1319 0
-1091 -1357 0
-1091 -1395 0
-1091 -1433 0
-1091 -1471 0
-1091 -1509 0
-1129 -1167 0
-1129 -1205 0
-1129 -1243 0
-1129 -1281 0
-1129 -1319 0
-1129 -1357 0
-1129 -1395 0
-1129 -1433 0
-1129 -1471 0
-1129 -1509 0
-1167 -1205 0
-1167 -1243 0
-1167 -1281 0
-1167 -1319 0
-1167 -1357 0
-1167 -1395 0
-1167 -1433 0
-1167 -1471 0
-1167 -1509 0
-1205 -1243 0
-1205 -1281 0
-1205 -1319 0
-1205 -1357 0
-1205 -1395 0
-1205 -1433 0
-1205 -1471 0
-1205 -1509 0
-1243 -1281 0
-1243 -1319 0
-1243 -1357 0
-1243 -1395 0
-1243 -1433 0
-1243 -1471 0
-1243 -1509 0
-1281 -1319 0
-1281 -1357 0
-1281 -1395 0
-1281 -1433 0
-1281 -1471 0
-1281 -1509 0
-1319 -1357 0
-1319 -1395 0
-1319 -1433 0
-1319 -1471 0
-1319 -1509 0
-1357 -1395 0
-1357 -1433 0
-1357 -1471 0
-1357 -1509 0
-1395 -1433 0
-1395 -1471 0
-1395 -1509 0
-1433 -1471 0
-1433 -1509 0
-1471 -1509 0
-1092 -1130 0
-1092 -1168 0
-1092 -1206 0
-1092 -1244 0
-1092 -1282 0
-1092 -1320 0
-1092 -1358 0
-1092 -1396 0
-1092 -1434 0
-1092 -1472 0
-1092 -1510 0
-1130 -1168 0
-1130 -1206 0
-1130 -1244 0
-1130 -1282 0
-1130 -1320 0
-1130 -1358 0
-1130 -1396 0
-1130 -1434 0
-1130 -1472 0
-1130 -1510 0
-1168 -1206 0
-1168 -1244 0
-1168 -1282 0
-1168 -1320 0
-1168 -1358 0
-1168 -1396 0
-1168 -1434 0
-1168 -1472 0
-1168 -1510 0
-1206 -1244 0
-1206 -1282 0
-1206 -1320 0
-1206 -1358 0
-1206 -1396 0
-1206 -1434 0
-1206 -1472 0
-1206 -1510 0
-1244 -1282 0
-1244 -1320 0
-1244 -1358 0
-1244 -1396 0
-1244 -1434 0
-1244 -1472 0
-1244 -1510 0
-1282 -1320 0
-1282 -1358 0
-1282 -1396 0
-1282 -1434 0
-1282 -1472 0
-1282 -1510 0
-1320 -1358 0
-1320 -1396 0
-1320 -1434 0
-1320 -1472 0
-1320 -1510 0
-1358 -1396 0
-1358 -1434 0
-1358 -1472 0
-1358 -1510 0
-1396 -1434 0
-1396 -1472 0
-1396 -1510 0
-1434 -1472 0
-1434 -1510 0
-1472 -1510 0
-1131 -1169 0
-1131 -1207 0
-1131 -1245 0
-1131 -1283 0
-1131 -1321 0
-1131 -1359 0
-1131 -1397 0
-1131 -1435 0
-1131 -1473 0
-1131 -1511 0
-1169 -1207 0
-1169 -1245 0
-1169 -1283 0
-1169 -1321 0
-1169 -1359 0
-1169 -1397 0
-1169 -1435 0
-1169 -1473 0
-1169 -1511 0
-1207 -1245 0
-1207 -1283 0
-1207 -1321 0
-1207 -1359 0
-1207 -1397 0
-1207 -1435 0
-1207 -1473 0
-1207 -1511 0
-1245 -1283 0
-1245 -1321 0
-1245 -1359 0
-1245 -1397 0
-1245 -1435 0
-1245 -1473 0
-1245 -1511 0
-1283 -1321 0
-1283 -1359 0
-1283 -1397 0
-1283 -1435 0
-1283 -1473 0
-1283 -1511 0
-1321 -1359 0
-1321 -1397 0
-1321 -1435 0
-1321 -1473 0
-1321 -1511 0
-1359 -1397 0
-1359 -1435 0
-1359 -1473 0
-1359 -1511 0
-1397 -1435 0
-1397 -1473 0
-1397 -1511 0
-1435 -1473 0
-1435 -1511 0
-1473 -1511 0
-1170 -1208 0
-1170 -1246 0
-1170 -1284 0
-1170 -1322 0
-1170 -1360 0
-1170 -1398 0
-1170 -1436 0
-1170 -1474 0
-1170 -1512 0
-1208 -1246 0
-1208 -1284 0
-1208 -1322 0
-1208 -1360 0
-1208 -1398 0
-1208 -1436 0
-1208 -1474 0
-1208 -1512 0
-1246 -1284 0
-1246 -1322 0
-1246 -1360 0
-1246 -1398 0
-1246 -1436 0
-1246 -1474 0
-1246 -1512 0
-1284 -1322 0
-1284 -1360 0
-1284 -1398 0
-1284 -1436 0
-1284 -1474 0
-1284 -1512 0
-1322 -1360 0
-1322 -1398 0
-1322 -1436 0
-1322 -1474 0
-1322 -1512 0
-1360 -1398 0
-1360 -1436 0
-1360 -1474 0
-1360 -1512 0
-1398 -1436 0
-1398 -1474 0
-1398 -1512 0
-1436 -1474 0
-1436 -1512 0
-1474 -1512 0
-1209 -1247 0
-1209 -1285 0
-1209 -1323 0
-1209 -1361 0
-1209 -1399 0
-1209 -1437 0
-1209 -1475 0
-1209 -1513 0
-1247 -1285 0
-1247 -1323 0
-1247 -1361 0
-1247 -1399 0
-1247 -1437 0
-1247 -1475 0
-1247 -1513 0
-1285 -1323 0
-1285 -1361 0
-1285 -1399 0
-1285 -1437 0
-1285 -1475 0
-1285 -1513 0
-1323 -1361 0
-1323 -1399 0
-1323 -1437 0
-1323 -1475 0
-1323 -1513 0
-1361 -1399 0
-1361 -1437 0
-1361 -1475 0
-1361 -1513 0
-1399 -1437 0
-1399 -1475 0
-1399 -1513 0
-1437 -1475 0
-1437 -1513 0
-1475 -1513 0
-1248 -1286 0
-1248 -1324 0
-1248 -1362 0
-1248 -1400 0
-1248 -1438 0
-1248 -1476 0
-1248 -1514 0
-1286 -1324 0
-1286 -1362 0
-1286 -1400 0
-1286 -1438 0
-1286 -1476 0
-1286 -1514 0
-1324 -1362 0
-1324 -1400 0
-1324 -1438 0
-1324 -1476 0
-1324 -1514 0
-1362 -1400 0
-1362 -1438 0
-1362 -1476 0
-1362 -1514 0
-1400 -1438 0
-1400 -1476 0
-1400 -1514 0
-1438 -1476 0
-1438 -1514 0
-1476 -1514 0
-1287 -1325 0
-1287 -1363 0
-1287 -1401 0
-1287 -1439 0
-1287 -1477 0
-1287 -1515 0
-1325 -1363 0
-1325 -1401 0
-1325 -1439 0
-1325 -1477 0
-1325 -1515 0
-1363 -1401 0
-1363 -1439 0
-1363 -1477 0
-1363 -1515 0
-1401 -1439 0
-1401 -1477 0
-1401 -1515 0
-1439 -1477 0
-1439 -1515 0
-1477 -1515 0
-1326 -1364 0
-1326 -1402 0
-1326 -1440 0
-1326 -1478 0
-1326 -1516 0
-1364 -1402 0
-1364 -1440 0
-1364 -1478 0
-1364 -1516 0
-1402 -1440 0
-1402 -1478 0
-1402 -1516 0
-1440 -1478 0
-1440 -1516 0
-1478 -1516 0
-1365 -1403 0
-1365 -1441 0
-1365 -1479 0
-1365 -1517 0
-1403 -1441 0
-1403 -1479 0
-1403 -1517 0
-1441 -1479 0
-1441 -1517 0
-1479 -1517 0
-1404 -1442 0
-1404 -1480 0
-1404 -1518 0
-1442 -1480 0
-1442 -1518 0
-1480 -1518 0
-1443 -1481 0
-1443 -1519 0
-1481 -1519 0
-1482 -1520 0
